{"vocabulary": {"Adarkar Wastes": 20, "Eiganjo, Seat of the Empire": 834, "Enduring Curiosity": 882, "Get Lost": 1119, "Hallowed Fountain": 1269, "Hengegate Pathway": 1322, "Invasion of Gobakhan": 1438, "Island": 1454, "Mausoleum Wanderer": 1763, "Mutavault": 1859, "No More Lies": 1922, "Otawara, Soaring City": 1999, "Plains": 2100, "Rattlechains": 2202, "Seachrome Coast": 2415, "Sheltered by Ghosts": 2484, "Skyclave Apparition": 2551, "Spell Queller": 2626, "Supreme Phantom": 2729, "The Wandering Emperor": 2863, "Wedding Announcement": 3186, "Disdainful Stroke_SB": 730, "Enduring Innocence_SB": 885, "Get Lost_SB": 1120, "Ghost Vacuum_SB": 1130, "Portable Hole_SB": 2117, "Rest in Peace_SB": 2273, "Skyclave Apparition_SB": 2552, "Split Up_SB": 2650, "Three Steps Ahead_SB": 2899, "Boseiju, Who Endures": 319, "Cavalier of Thorns": 437, "Elvish Mystic": 863, "Forest": 1052, "Invasion of Ixalan": 1440, "Kiora, Behemoth Beckoner": 1552, "Lair of the Hydra": 1607, "Leyline of the Guildpact": 1646, "Llanowar Elves": 1684, "Nykthos, Shrine to Nyx": 1943, "Old-Growth Troll": 1966, "Outcaster Trailblazer": 2005, "Polukranos Reborn": 2109, "Storm the Festival": 2687, "Ulvenwald Oddity": 3016, "Arasta of the Endless Web_SB": 103, "Cityscape Leveler_SB": 500, "Emrakul, the Promised End_SB": 876, "Obstinate Baloth_SB": 1957, "Pick Your Poison_SB": 2089, "Polukranos Reborn_SB": 2110, "Setessan Petitioner_SB": 2458, "Tail Swipe_SB": 2759, "The Stone Brain_SB": 2862, "Ulamog, the Ceaseless Hunger_SB": 3012, "Anointed Peacekeeper": 90, "Archon of Emeria": 120, "Aven Interrupter": 163, "Branchloft Pathway": 328, "Brushland": 359, "Collected Company": 522, "Enduring Innocence": 884, "Kellan, Daring Traveler": 1533, "Razorverge Thicket": 2212, "Shefet Dunes": 2482, "Temple Garden": 2789, "Thalia, Guardian of Thraben": 2819, "Voice of Resurgence": 3125, "Werefox Bodyguard": 3191, "Anointed Peacekeeper_SB": 91, "Brutal Cathar_SB": 361, "Elite Spellbinder_SB": 851, "Gideon, Ally of Zendikar_SB": 1147, "The Wandering Emperor_SB": 2864, "Unlicensed Hearse_SB": 3043, "Werefox Bodyguard_SB": 3192, "Altanak, the Thrice-Called": 64, "Bitter Triumph": 240, "Blooming Marsh": 284, "Cache Grab": 383, "Concealed Courtyard": 548, "Darkbore Pathway": 632, "Esika's Chariot": 904, "Godless Shrine": 1214, "Greasefang, Okiba Boss": 1239, "Overgrown Tomb": 2014, "Overlord of the Balemurk": 2016, "Parhelion II": 2044, "Raffine's Informant": 2174, "Say Its Name": 2386, "Sheoldred, the Apocalypse": 2488, "Skysovereign, Consul Flagship": 2558, "Swamp": 2740, "Thoughtseize": 2888, "Abrupt Decay_SB": 7, "Duress_SB": 808, "Fatal Push_SB": 968, "Haywire Mite_SB": 1299, "Liliana of the Veil_SB": 1669, "Temporary Lockdown_SB": 2802, "Brass Knuckles": 329, "Fabrication Foundry": 944, "Fomori Vault": 1045, "Gilded Pinions": 1151, "Glass Casket": 1162, "Ingenious Smith": 1411, "Inventors' Fair": 1445, "Lavaspur Boots": 1618, "Metallic Rebuke": 1785, "Metalwork Colossus": 1787, "Moonsnare Prototype": 1841, "Mystic Forge": 1861, "Portable Hole": 2116, "Sanctum of Ugin": 2368, "Simulacrum Synthesizer": 2534, "The Irencrag": 2843, "Thousand Moons Smithy": 2890, "Wedding Invitation": 3188, "Damping Sphere_SB": 628, "Dovin's Veto_SB": 761, "Glass Casket_SB": 1163, "Mystic Forge_SB": 1862, "Pithing Needle_SB": 2099, "Reidane, God of the Worthy_SB": 2250, "Shadowspear_SB": 2466, "Torpor Orb_SB": 2948, "Bandit's Talent": 188, "Blackcleave Cliffs": 242, "Blightstep Pathway": 261, "Blood Crypt": 267, "Bloodtithe Harvester": 280, "Case of the Stashed Skeleton": 412, "Fable of the Mirror-Breaker": 941, "Fatal Push": 967, "Fountainport": 1065, "Haunted Ridge": 1295, "Hopeless Nightmare": 1359, "Mirrex": 1808, "Mountain": 1847, "Rottenmouth Viper": 2334, "Sokenzan, Crucible of Defiance": 2590, "Torch the Tower": 2942, "Voldaren Epicure": 3134, "Bitter Triumph_SB": 241, "Come Back Wrong_SB": 540, "Go Blank_SB": 1185, "Heartless Act_SB": 1310, "Jegantha, the Wellspring_SB": 1478, "Sheoldred's Edict_SB": 2487, "Withering Torment_SB": 3224, "Atraxa, Grand Unifier": 151, "Duress": 807, "Hidetsugu Consumes All": 1336, "Ob Nixilis, the Adversary": 1950, "Reckoner Bankbuster": 2229, "Sulfurous Springs": 2709, "Sunken Citadel": 2720, "Transmogrify": 2964, "Urborg, Tomb of Yawgmoth": 3065, "Hidetsugu Consumes All_SB": 1337, "Leyline of the Void_SB": 1648, "Ob Nixilis, the Adversary_SB": 1951, "Reckoner Bankbuster_SB": 2230, "Torch the Tower_SB": 2943, "Urabrask's Forge_SB": 3062, "Clearwater Pathway": 510, "Darkslick Shores": 633, "Drown in the Loch": 800, "Floodpits Drowner": 1035, "Hive of the Eye Tyrant": 1345, "Kaito, Bane of Nightmares": 1495, "Mockingbird": 1821, "Moon-Circuit Hacker": 1839, "Ornithopter": 1992, "Restless Reef": 2279, "Soaring Thought-Thief": 2589, "Takenuma, Abandoned Mire": 2761, "Thieves' Guild Enforcer": 2872, "Underground River": 3029, "Watery Grave": 3178, "Change the Equation_SB": 474, "Nighthawk Scavenger_SB": 1902, "Nowhere to Run_SB": 1934, "Deserted Beach": 702, "Dovin's Veto": 760, "Farewell": 964, "Field of Ruin": 1000, "Floodfarm Verge": 1034, "High Noon": 1340, "Jwari Disruption": 1489, "March of Otherworldly Light": 1742, "Memory Deluge": 1776, "Meticulous Archive": 1790, "Omen of the Sea": 1972, "Restless Anchorage": 2274, "Shark Typhoon": 2476, "Supreme Verdict": 2730, "Teferi, Hero of Dominaria": 2785, "Three Steps Ahead": 2898, "Aether Gust_SB": 29, "Beza, the Bounding Spring_SB": 229, "Chrome Host Seedshark_SB": 491, "High Noon_SB": 1341, "Knockout Blow_SB": 1571, "Mystical Dispute_SB": 1866, "Shark Typhoon_SB": 2477, "Yorion, Sky Nomad_SB": 3256, "Archfiend of the Dross": 116, "Blade of the Oni": 247, "Bloodletter of Aclazotz": 275, "Brightclimb Pathway": 342, "Castle Locthwain": 421, "Graveyard Trespasser": 1236, "March of Wretched Sorrow": 1746, "Sheoldred's Edict": 2486, "Unholy Annex && Ritual Chamber": 3035, "Unstoppable Slasher": 3049, "Winter's Intervention": 3212, "Ashiok, Dream Render_SB": 136, "Invoke Despair_SB": 1448, "Path of Peril_SB": 2051, "The End_SB": 2835, "The Meathook Massacre_SB": 2847, "Blazemire Verge": 253, "Cauldron Familiar": 432, "Claim the Firstborn": 504, "Deadly Dispute": 651, "Den of the Bugbear": 692, "Kroxa, Titan of Death's Hunger": 1596, "Mayhem Devil": 1766, "Scavenger's Talent": 2392, "Unlucky Witness": 3045, "Witch's Oven": 3216, "Ygra, Eater of All": 3253, "Pawpatch Formation_SB": 2057, "Thoughtseize_SB": 2889, "Abhorrent Oculus": 1, "Breeding Pool": 338, "Cavern of Souls": 441, "Elesh Norn, Mother of Machines": 847, "Enigmatic Incarnation": 889, "Glarb, Calamity's Augur": 1160, "Glasspool Mimic": 1164, "Gloomlake Verge": 1174, "Go for the Throat": 1187, "Hushwood Verge": 1377, "Indatha Triome": 1400, "Knight of Autumn": 1562, "Kroxa and Kunoros": 1595, "Leyline Binding": 1637, "Nowhere to Run": 1933, "Noxious Gearhulk": 1935, "Overlord of the Boilerbilges": 2018, "Overlord of the Floodpits": 2020, "Overlord of the Hauntwoods": 2022, "Sanctuary Warden": 2367, "Spara's Headquarters": 2616, "Titan of Industry": 2922, "Up the Beanstalk": 3059, "Zagoth Triome": 3267, "Agent of Treachery_SB": 44, "Archon of Emeria_SB": 121, "Go for the Throat_SB": 1188, "Nezahal, Primal Tide_SB": 1892, "Nimble Larcenist_SB": 1907, "Thought Distortion_SB": 2884, "Beza, the Bounding Spring": 228, "Elder Gargaroth": 836, "Fires of Invention": 1018, "Heliod, the Radiant Dawn": 1317, "Kenrith, the Returned King": 1540, "Marina Vendrell": 1750, "Raffine's Tower": 2175, "Raugrin Triome": 2204, "Roaring Furnace && Steaming Sauna": 2317, "Sacred Foundry": 2358, "Steam Vents": 2672, "Temporary Lockdown": 2801, "Thornspire Verge": 2882, "Tolsimir, Friend to Wolves": 2933, "Touch the Spirit Realm": 2952, "Keruga, the Macrosage_SB": 1543, "Koma, Cosmos Serpent_SB": 1580, "Krenko's Buzzcrusher_SB": 1590, "Abrade_SB": 4, "Extinction Event_SB": 934, "Battlefield Forge": 212, "Elegant Parlor": 844, "Fear of Missing Out": 978, "Elesh Norn, Mother of Machines_SB": 848, "Kutzil's Flanker_SB": 1602, "Loran of the Third Path_SB": 1695, "Vanishing Verse_SB": 3091, "Liliana of the Veil": 1668, "Kolaghan's Command_SB": 1578, "Farewell_SB": 965, "Bishop of Wings": 235, "Giada, Font of Hope": 1133, "Inspiring Overseer": 1424, "Kayla's Reconstruction": 1526, "Resplendent Angel": 2270, "Righteous Valkyrie": 2298, "Containment Priest_SB": 566, "Destroy Evil_SB": 709, "Guardian of Faith_SB": 1257, "Shapers' Sanctuary_SB": 2473, "Arclight Phoenix": 124, "Consider": 557, "Fiery Impulse": 1005, "Hall of Storm Giants": 1268, "Ledger Shredder": 1626, "Lightning Axe": 1660, "Opt": 1985, "Picklock Prankster": 2090, "Prismari Command": 2131, "Proft's Eidetic Memory": 2137, "Riverglide Pathway": 2312, "Sleight of Hand": 2565, "Spell Pierce": 2624, "Spirebluff Canal": 2643, "Stormcarved Coast": 2688, "Treasure Cruise": 2971, "Anger of the Gods_SB": 77, "Crackling Drake_SB": 584, "Negate_SB": 1889, "Third Path Iconoclast_SB": 2878, "Artist's Talent": 130, "Brazen Borrower": 333, "Annul_SB": 87, "Brazen Borrower_SB": 334, "Prismari Command_SB": 2132, "Pyroclasm_SB": 2156, "Cling to Dust": 515, "Extinction Event": 933, "Heartless Act": 1309, "Volcanic Spite": 3132, "Chandra's Defeat_SB": 461, "Underground Mortuary": 3028, "Back to Nature_SB": 176, "Ancestral Anger": 69, "Callous Sell-Sword": 391, "Claim // Fame": 502, "Emberheart Challenger": 870, "Heartfire Hero": 1307, "Kumano Faces Kakkazan": 1598, "Monastery Swiftspear": 1832, "Monstrous Rage": 1834, "Ramunap Ruins": 2198, "Reckless Rage": 2225, "Slickshot Show-Off": 2568, "Turn Inside Out": 2989, "Feed the Swarm_SB": 987, "Reckless Rage_SB": 2226, "Claim // Fame_SB": 503, "The Cruelty of Gix": 2832, "Valgavoth, Terror Eater": 3076, "Sire of Insanity_SB": 2538, "Untimely Malfunction_SB": 3055, "Bloodtithe Harvester_SB": 281, "Bonecrusher Giant": 301, "Castle Embereth": 419, "Kari Zev, Skyship Raider": 1510, "Play with Fire": 2102, "Screaming Nemesis": 2409, "Soul-Scar Mage": 2609, "Hazoret the Fervent_SB": 1301, "Rending Volley_SB": 2258, "Knight of Autumn_SB": 1563, "Bonders' Enclave": 299, "Cityscape Leveler": 499, "Oath of Nissa": 1948, "Voyaging Satyr": 3146, "Nicol Bolas, Dragon-God_SB": 1896, "Tranquil Frillback_SB": 2962, "Dreadhorde Arcanist": 779, "Titan's Strength": 2924, "Horned Loch-Whale": 1360, "Impulse": 1399, "Lotus Field": 1705, "Strict Proctor": 2697, "Tale's End": 2763, "Thespian's Stage": 2869, "Enduring Curiosity_SB": 883, "Hullbreaker Horror_SB": 1373, "Kolaghan's Command": 1577, "Atarka's Command": 149, "Audacity": 156, "Blossoming Defense": 285, "Copperline Gorge": 571, "Cragcrown Pathway": 586, "Karplusan Forest": 1512, "Questing Druid": 2161, "Stomping Ground": 2684, "Destructive Revelry_SB": 710, "Innkeeper's Talent_SB": 1413, "Roiling Vortex_SB": 2328, "Royal Treatment_SB": 2339, "Caustic Bronco": 433, "Sorin the Mirthless_SB": 2600, "Into the Flood Maw": 1432, "Shivan Reef": 2497, "Young Pyromancer_SB": 3262, "Agatha's Soul Cauldron": 41, "Marvin, Murderous Mimic": 1753, "Raucous Theater": 2203, "Tree of Perdition": 2973, "Voldaren Thrillseeker": 3135, "Clever Lumimancer": 512, "Crumb and Get It": 601, "Favored Hoplite": 972, "Gods Willing": 1215, "Homestead Courage": 1351, "Illuminator Virtuoso": 1389, "Inspiring Vantage": 1425, "Leyline of Resonance": 1642, "Needleverge Pathway": 1887, "Spikefield Hazard": 2637, "Dreadmaw's Ire_SB": 784, "Light of Hope_SB": 1658, "Loran's Escape_SB": 1697, "Gifted Aetherborn": 1148, "Misery's Shadow_SB": 1815, "Sheoldred, the Apocalypse_SB": 2489, "Bitter Reunion": 239, "Bonny Pall, Clearcutter": 304, "Chained to the Rocks": 454, "Jetmir's Garden": 1480, "Ketria Triome": 1547, "Kutzil's Flanker": 1601, "Lightning Helix": 1662, "Nylea's Presence": 1945, "Chandra, Awakened Inferno_SB": 465, "Elspeth Conquers Death_SB": 852, "Redcap Melee_SB": 2237, "Tear Asunder_SB": 2781, "Caustic Bronco_SB": 434, "Deduce": 667, "Narset, Parter of Veils": 1878, "Settle the Wreckage_SB": 2461, "Tocasia's Welcome_SB": 2930, "Adeline, Resplendent Cathar": 21, "Brutal Cathar": 360, "Coppercoat Vanguard": 570, "Dauntless Bodyguard": 635, "Hopeful Initiate": 1357, "Recruitment Officer": 2234, "Thalia's Lieutenant": 2818, "Protect the Negotiators_SB": 2148, "Wedding Announcement_SB": 3187, "Fiery Impulse_SB": 1006, "Molten Collapse": 1826, "Valakut Awakening": 3073, "Demonic Counsel": 687, "Dig Through Time": 722, "Doomsday Excruciator": 754, "Drowned Catacomb": 801, "Ipnu Rivulet": 1449, "Jace, Wielder of Mysteries": 1471, "Metamorphic Alteration": 1788, "Undercity Sewers": 3027, "Archfiend of the Dross_SB": 117, "Cavern of Souls_SB": 442, "Graveyard Trespasser_SB": 1237, "March of Wretched Sorrow_SB": 1747, "Metamorphic Alteration_SB": 1789, "Unmoored Ego_SB": 3047, "Dreadmaw's Ire": 783, "Infuriate": 1409, "Manifold Mouse": 1738, "Deep-Cavern Bat_SB": 669, "Callous Bloodmage": 390, "Linvala, the Preserver": 1676, "Ruric Thar, the Unbowed": 2350, "Trial of Ambition": 2976, "Zur, Eternal Schemer": 3282, "Casualties of War_SB": 424, "Entity Tracker_SB": 893, "Brotherhood's End_SB": 358, "Fable of the Mirror-Breaker_SB": 942, "Charming Prince": 478, "Lush Portico": 1716, "Parting Gust": 2045, "Prosperous Innkeeper": 2144, "Reidane, God of the Worthy": 2249, "Restless Prairie": 2278, "Sanguine Evangelist": 2372, "Toby, Beastie Befriender": 2929, "Aven Interrupter_SB": 164, "Yasharn, Implacable Earth_SB": 3251, "Nimble Larcenist": 1906, "Sylvan Caryatid": 2750, "Collision // Colossus": 529, "Ghitu Lavarunner": 1127, "Snakeskin Veil": 2581, "Wizard's Lightning": 3228, "Grafdigger's Cage_SB": 1228, "Magebane Lizard_SB": 1727, "Rampaging Ferocidon_SB": 2196, "Castle Ardenvale": 417, "Aloe Alchemist": 58, "Burning-Tree Emissary": 374, "Cunning Coyote": 616, "Reckless Bushwhacker": 2222, "Zurgo Bellstriker": 3284, "Change the Equation": 473, "Kaheera, the Orphanguard_SB": 1492, "Sunfall": 2717, "Caretaker's Talent": 400, "Carrot Cake": 404, "Chandra, Awakened Inferno": 464, "Sundown Pass": 2716, "Sunfall_SB": 2718, "Wear // Tear_SB": 3181, "Katilda, Dawnhart Martyr": 1514, "Spell Pierce_SB": 2625, "Hostile Hostel": 1364, "Scrapshooter": 2405, "Tyvar, the Pummeler": 3007, "Elder Gargaroth_SB": 837, "Keen-Eyed Curator_SB": 1532, "Scrapshooter_SB": 2406, "Clever Impersonator": 511, "Mystic Monastery": 1863, "Overlord of the Mistmoors": 2023, "Quintorius Kand": 2167, "Spark Double": 2617, "Trumpeting Carnosaur": 2985, "Warrant // Warden": 3170, "Elspeth's Smite_SB": 856, "Reduce // Rubble_SB": 2239, "Light Up the Stage": 1656, "Skewer the Critics": 2542, "End the Festivities_SB": 879, "Goblin Chainwhirler_SB": 1194, "Kari Zev's Expertise_SB": 1509, "Razorkin Needlehead_SB": 2209, "Sunspine Lynx_SB": 2728, "Witchstalker Frenzy_SB": 3219, "Censor": 452, "Caves of Koilos": 443, "Liliana, Death's Majesty": 1670, "Rite of the Moth": 2309, "Shattered Sanctum": 2479, "Dromoka's Command": 796, "Devout Decree_SB": 716, "Vivien, Champion of the Wilds_SB": 3121, "Heliod's Intervention_SB": 1315, "Mana Confluence": 1735, "Sentinel of the Nameless City": 2450, "Traverse the Ulvenwald": 2968, "Witherbloom Command": 3221, "Deafening Silence_SB": 654, "Cave of the Frost Dragon": 439, "Combat Thresher": 538, "Flicker of Fate": 1030, "Phyrexian Fleshgorger": 2082, "Scrollshift": 2411, "Shadowy Backstreet": 2467, "Vanishing Verse": 3090, "Oath of Kaya_SB": 1947, "Ray of Enfeeblement_SB": 2206, "Arboreal Grazer": 104, "Archdruid's Charm": 112, "Bala Ged Recovery": 180, "Chandra, Hope's Beacon": 468, "Dark Petition": 630, "Emergent Ultimatum": 871, "Fae of Wishes": 950, "Hidden Strings": 1335, "Lier, Disciple of the Drowned": 1650, "Omniscience": 1978, "Pore Over the Pages": 2113, "Sylvan Scrying": 2754, "Vizier of Tumbling Sands": 3123, "Approach of the Second Sun_SB": 97, "Dragonlord Dromoka_SB": 768, "Emergent Ultimatum_SB": 872, "Into the Flood Maw_SB": 1433, "Languish_SB": 1611, "Narset's Reversal_SB": 1876, "Ritual of Soot_SB": 2311, "Silence_SB": 2519, "Thespian's Stage_SB": 2870, "Voyaging Satyr_SB": 3147, "Zacama, Primal Calamity_SB": 3265, "The Meathook Massacre": 2846, "Faerie Mastermind": 953, "Kaito Shizuki": 1493, "Kaito Shizuki_SB": 1494, "Geier Reach Sanitarium": 1113, "Waste Not": 3173, "Chord of Calling": 488, "Decimator of the Provinces": 664, "Elite Spellbinder": 850, "Emeria's Call": 873, "Fauna Shaman": 971, "Keen-Eyed Curator": 1531, "Overgrown Farmland": 2013, "Selfless Spirit": 2447, "Serra Paragon": 2454, "Shalai, Voice of Plenty": 2469, "Turntimber Symbiosis": 2992, "Welcoming Vampire": 3189, "Moon-Blessed Cleric": 1837, "Inti, Seneschal of the Sun": 1429, "Ashen Rider": 132, "Borborygmos Enraged": 312, "Dream Trawler": 787, "Fabled Passage": 943, "Virtue of Persistence": 3114, "Abrupt Decay": 6, "Collective Brutality": 524, "Peer into the Abyss": 2062, "Leyline of Sanctity_SB": 1645, "Ascendant Spirit": 131, "Curious Obsession": 621, "Faceless Haven": 945, "Geistlight Snare": 1114, "Icon of Ancestry": 1381, "Shacklegeist": 2462, "Snow-Covered Island": 2585, "Spectral Sailor": 2622, "Fading Hope_SB": 949, "Fountainport_SB": 1067, "Icon of Ancestry_SB": 1382, "Lofty Denial_SB": 1688, "Unable to Scream_SB": 3020, "Dragonlord Silumgar": 769, "Renegade Rallier": 2259, "Declaration in Stone_SB": 666, "Kroxa, Titan of Death's Hunger_SB": 1597, "Molten Collapse_SB": 1827, "Split Up": 2649, "Narset, Parter of Veils_SB": 1879, "Summary Dismissal_SB": 2712, "Rockface Village": 2323, "Rockface Village_SB": 2324, "Invoke Despair": 1447, "Kalitas, Traitor of Ghet_SB": 1500, "The End": 2834, "Cruelclaw's Heist_SB": 600, "Settle the Wreckage": 2460, "Regal Caracal_SB": 2246, "Surge of Salvation_SB": 2735, "Faerie Miscreant": 955, "Cut Down_SB": 625, "Dokuchi Silencer_SB": 746, "Botanical Sanctum": 322, "Wish": 3214, "Aetherflux Reservoir_SB": 32, "Boseiju, Who Endures_SB": 320, "Galvanic Iteration_SB": 1096, "Lier, Disciple of the Drowned_SB": 1651, "Otawara, Soaring City_SB": 2000, "Elspeth Resplendent_SB": 854, "Silverback Elder_SB": 2525, "Soul Partition": 2603, "Nine Lives_SB": 1909, "Sphinx of the Final Word_SB": 2631, "Veteran Survivor": 3105, "Parting Gust_SB": 2046, "Rakdos Joins Up": 2182, "Abuelo's Awakening": 9, "Fallaji Archaeologist": 958, "Radical Idea": 2173, "Sea Gate Restoration": 2413, "Thirst for Meaning": 2880, "Grand Abolisher_SB": 1230, "Supreme Verdict_SB": 2731, "Atraxa, Grand Unifier_SB": 152, "Dragonlord Dromoka": 767, "Duskwatch Recruiter": 814, "Haywire Mite": 1298, "Scavenging Ooze": 2393, "Shifting Ceratops_SB": 2491, "Toski, Bearer of Secrets_SB": 2951, "Cryptic Coat": 609, "Darksteel Citadel": 634, "Ensoul Artifact": 890, "Legion Extruder": 1630, "Shadowspear": 2465, "Shrapnel Blast": 2508, "Smuggler's Copter": 2578, "Spyglass Siren": 2658, "Zoetic Glyph": 3277, "Voltage Surge_SB": 3139, "Grisly Salvage": 1247, "Undead Sprinter": 3026, "Katilda, Dawnhart Martyr_SB": 1515, "Castle Vantress": 423, "Deadly Cover-Up": 649, "Negate": 1888, "Shipwreck Marsh": 2495, "Torrential Gearhulk": 2949, "Can't Stay Away": 395, "Monstrous Emergence_SB": 1833, "Careful Cultivation": 399, "Courier's Briefcase": 579, "Rockfall Vale": 2325, "Nylea's Intervention_SB": 1944, "Shardmage's Rescue": 2474, "All That Glitters": 56, "Alpha Authority": 59, "Cartouche of Solidarity": 405, "Ethereal Armor": 913, "Gladecover Scout": 1158, "Gryff's Boon": 1255, "Hammerhand": 1273, "Kaya's Ghostform": 1518, "Light-Paws, Emperor's Voice": 1659, "Optimistic Scavenger": 1986, "Sentinel's Eyes": 2452, "Skrelv, Defector Mite": 2546, "Sram, Senior Edificer": 2662, "Adanto Vanguard_SB": 19, "Shardmage's Rescue_SB": 2475, "Sheltered by Ghosts_SB": 2485, "Hullbreaker Horror": 1372, "Indomitable Creativity": 1401, "Skrelv's Hive": 2544, "Banefire_SB": 191, "Beanstalk Giant": 214, "Greater Tanuki": 1241, "Spinewoods Armadillo": 2639, "Bedeck // Bedazzle_SB": 217, "Consign // Oblivion_SB": 559, "Gyruda, Doom of Depths_SB": 1264, "Roaring Furnace && Steaming Sauna_SB": 2318, "Doorkeeper Thrull_SB": 757, "Aetherflux Reservoir": 31, "Cathartic Pyre": 430, "Dig Through Time_SB": 723, "Faceless Haven_SB": 946, "Filter Out_SB": 1012, "Finale of Revelation_SB": 1015, "Thassa's Oracle_SB": 2824, "Kytheon, Hero of Akros": 1606, "Chandra, Torch of Defiance_SB": 472, "Lightning Axe_SB": 1661, "Entity Tracker": 892, "Acererak the Archlich": 14, "Gwenna, Eyes of Gaea": 1262, "Honest Rutstein": 1352, "Kinnan, Bonder Prodigy": 1550, "Plaza of Heroes": 2105, "Relic of Legends": 2253, "Rona, Herald of Invasion": 2330, "Tranquil Frillback": 2961, "Assassin's Trophy_SB": 145, "Unholy Annex && Ritual Chamber_SB": 3036, "Sorin the Mirthless": 2599, "Wild Slash": 3201, "Saheeli, Sublime Artificer_SB": 2360, "Aclazotz, Deepest Betrayal": 15, "Demolition Field": 684, "Foulmire Knight": 1061, "Go Blank": 1184, "Hostile Investigator": 1365, "Glissa Sunslayer": 1171, "Tenacious Underdog": 2805, "Cry of the Carnarium_SB": 606, "Deadly Cover-Up_SB": 650, "Gaea's Revenge_SB": 1092, "Ruric Thar, the Unbowed_SB": 2351, "Cacophony Scamp": 385, "Dreadhorde Arcanist_SB": 780, "Case of the Filched Falcon": 409, "Mirrorshell Crab": 1811, "Omen Hawker": 1968, "The Enigma Jewel": 2836, "Unable to Scream": 3019, "Felonious Rage": 993, "Hallowed Moonlight_SB": 1271, "Lukka, Coppercoat Outcast": 1710, "Legion's End_SB": 1633, "Chandra, Dressed to Kill": 466, "Eidolon of the Great Revel": 832, "Goblin Chainwhirler": 1193, "Hired Claw": 1344, "Magebane Lizard": 1726, "Ojer Axonil, Deepest Might": 1963, "Rampaging Ferocidon": 2195, "Razorkin Needlehead": 2208, "Leyline of Combustion_SB": 1640, "Scorching Shot_SB": 2398, "Tinybones, the Pickpocket": 2918, "Weathered Runestone_SB": 3183, "Scourge of the Skyclaves": 2401, "Consuming Fervor": 563, "Thud": 2904, "Blossoming Defense_SB": 286, "Case of the Crimson Pulse_SB": 408, "Alpine Moon_SB": 61, "Beacon Bolt_SB": 213, "Fires of Victory_SB": 1020, "Proft's Eidetic Memory_SB": 2138, "Dromoka's Command_SB": 797, "Rotten Reunion_SB": 2333, "Nine Lives": 1908, "Solemnity_SB": 2594, "Agent of Treachery": 43, "Krenko's Buzzcrusher": 1589, "Xander's Lounge": 3245, "Galvanic Iteration": 1095, "Temporal Trespass": 2799, "Demilich": 682, "Pieces of the Puzzle": 2091, "Blade of the Oni_SB": 248, "Snow-Covered Plains": 2587, "Abrade": 3, "Blast Zone": 251, "Languish": 1610, "Bloodletter of Aclazotz_SB": 276, "Unstoppable Slasher_SB": 3050, "Hedge Maze": 1311, "Path of Peril": 2050, "Temple of Mystery": 2795, "Absorb": 8, "Pest Control": 2071, "Shambling Vent": 2472, "Void Rend": 3128, "Aftermath Analyst": 38, "Bring to Light": 348, "Brokers Hideout": 355, "Cabaretti Courtyard": 382, "Creosote Heath": 595, "Dryad's Revival": 805, "Echoing Deeps": 823, "Lotus Cobra": 1704, "Lumra, Bellow of the Woods": 1713, "Lush Oasis": 1715, "Maestros Theater": 1723, "Mystic Sanctuary": 1865, "Nissa, Resurgent Animist": 1913, "Obscura Storefront": 1956, "Omnath, Locus of Creation": 1975, "Omnath, Locus of the Roil": 1977, "Port of Karfell": 2115, "Risen Reef": 2305, "Riveteers Overlook": 2314, "Scapeshift": 2388, "Spelunking": 2629, "Splendid Reclamation": 2648, "The Hunter Maze": 2841, "Valki, God of Lies": 3079, "Kenrith, the Returned King_SB": 1541, "Nahiri, the Harbinger_SB": 1871, "Adanto Vanguard": 18, "Demonic Ruckus": 689, "Kellan, the Fae-Blooded_SB": 1537, "Agatha of the Vile Cauldron": 40, "Bard Class": 201, "Domri, Anarch of Bolas": 750, "Gallia of the Endless Dance": 1094, "Hajar, Loyal Bodyguard": 1266, "Halana and Alena, Partners": 1267, "Itzquinth, Firstborn of Gishath": 1458, "Klothys, God of Destiny": 1560, "Migloz, Maze Crusher": 1796, "Mox Amber": 1849, "Ruby, Daring Tracker": 2342, "Samut, Vizier of Naktamun": 2365, "Samut, Voice of Dissent": 2366, "Targ Nar, Demon-Fang Gnoll": 2776, "Xenagos, the Reveler": 3248, "Cindervines_SB": 495, "Fog_SB": 1043, "Lithomantic Barrage_SB": 1681, "Tamiyo's Safekeeping_SB": 2769, "Exorcise_SB": 920, "Fateful Absence": 969, "Baneslayer Angel_SB": 193, "Might of the Meek": 1795, "Screaming Nemesis_SB": 2410, "Path to the World Tree": 2052, "Roaring Furnace // Steaming Sauna": 2319, "Lightning Helix_SB": 1663, "Unholy Annex // Ritual Chamber": 3037, "Unholy Annex // Ritual Chamber_SB": 3038, "Get Out_SB": 1122, "Anoint with Affliction_SB": 89, "Ratchet Bomb_SB": 2201, "Ral, Crackling Wit_SB": 2187, "Authority of the Consuls_SB": 161, "Gloomshrieker": 1175, "Siege Rhino": 2512, "Ziatora's Proving Ground": 3275, "Notion Thief_SB": 1931, "Virtue of Loyalty": 3112, "Invasion of Gobakhan_SB": 1439, "Test of Talents_SB": 2815, "Rotten Reunion": 2332, "Noxious Grasp_SB": 1937, "Extraction Specialist_SB": 938, "Isolate_SB": 1456, "Ill-Timed Explosion": 1386, "Shadows' Verdict_SB": 2464, "Deathcap Glade": 656, "Hinterland Harbor": 1343, "Savai Triome": 2379, "Deputy of Detention_SB": 700, "Cryptic Coat_SB": 610, "Shoot the Sheriff": 2500, "The Celestus": 2831, "Aclazotz, Deepest Betrayal_SB": 16, "Illness in the Ranks_SB": 1388, "Virulent Plague_SB": 3117, "Ghost Vacuum": 1129, "Unlicensed Hearse": 3042, "Blot Out_SB": 288, "Withering Torment": 3223, "General Kudro of Drannith": 1116, "Jirina, Dauntless General": 1483, "Jirina, Dauntless General_SB": 1484, "Divine Smite_SB": 743, "Restless Vents": 2282, "Cathar Commando_SB": 428, "Discontinuity": 728, "Sphinx's Revelation": 2632, "Dust Animus_SB": 815, "Anoint with Affliction": 88, "Misery's Shadow": 1814, "Angrath, the Flame-Chained_SB": 79, "Kalitas, Traitor of Ghet": 1499, "Brave the Elements": 331, "Containment Priest": 565, "Balustrade Wurm_SB": 186, "Lair of the Hydra_SB": 1608, "Dark Betrayal_SB": 629, "Phantom Interference": 2073, "Archangel of Wrath": 111, "Beseech the Mirror": 225, "Demonic Pact": 688, "Disturbing Mirth": 738, "Doom Foretold": 752, "Harmless Offering": 1283, "Kaya's Wrath": 1520, "Rite of Oblivion": 2307, "Tinybones Joins Up": 2916, "Treacherous Blessing": 2969, "Pest Control_SB": 2072, "Slaughter Games_SB": 2561, "Castle Garenbrig": 420, "Goldvein Hydra": 1217, "Pick Your Poison": 2088, "Ulamog, the Ceaseless Hunger": 3011, "Vaultborn Tyrant": 3095, "Vorinclex": 3143, "Vorinclex, Monstrous Raider": 3144, "Wolfwillow Haven": 3231, "Kogla, the Titan Ape_SB": 1576, "Nissa, Ascended Animist_SB": 1912, "Nullhide Ferox_SB": 1939, "Turn the Earth_SB": 2991, "Cut Down": 624, "Jace, the Perfected Mind": 1473, "Supreme Will": 2732, "The Filigree Sylex_SB": 2838, "Lantern of the Lost_SB": 1613, "Baleful Mastery": 182, "Confounding Riddle": 554, "Hagra Mauling": 1265, "Overlord of the Floodpits_SB": 2021, "Loran's Escape": 1696, "Blessed Defiance_SB": 260, "Eldritch Evolution": 841, "Surge of Salvation": 2734, "Kaya, Orzhov Usurper_SB": 1524, "Steamcore Scholar": 2673, "Twinferno": 2994, "Collision // Colossus_SB": 530, "Elspeth, Sun's Champion_SB": 858, "March of Otherworldly Light_SB": 1743, "Collective Brutality_SB": 525, "Overlord of the Mistmoors_SB": 2024, "Tishana's Tidebinder_SB": 2921, "Vivien, Arkbow Ranger": 3120, "Leyline of the Void": 1647, "Ancient Cornucopia": 70, "Clifftop Retreat": 514, "Deafening Clarion": 652, "Isolated Chapel": 1457, "Niv-Mizzet Reborn": 1916, "Niv-Mizzet, Supreme": 1919, "Woodland Cemetery": 3234, "Fading Hope": 948, "Icingdeath, Frost Tyrant": 1380, "Malcolm, Alluring Scoundrel": 1733, "Sleep-Cursed Faerie": 2564, "Obliterating Bolt_SB": 1953, "Recommission": 2233, "Unchained Berserker_SB": 3023, "Battle Cry Goblin": 209, "Call of the Death-Dweller": 389, "Conspicuous Snoop": 560, "Fireblade Charger": 1016, "Rundvelt Hordemaster": 2346, "Skirk Prospector": 2543, "Agatha's Soul Cauldron_SB": 42, "Squee, Dubious Monarch_SB": 2660, "Big Score": 230, "Thalia, Guardian of Thraben_SB": 2820, "Pelakka Predation": 2064, "Valgavoth's Faithful": 3074, "Liliana, the Last Hope_SB": 1674, "The World Tree": 2868, "Worldsoul's Rage": 3237, "Zacama, Primal Calamity": 3264, "Radiant Flames_SB": 2172, "The Scarab God_SB": 2857, "Thalia, Heretic Cathar": 2821, "Extraction Specialist": 937, "Reflector Mage": 2240, "Requisition Raid_SB": 2267, "Raze the Effigy_SB": 2207, "Deputy of Detention": 699, "Ghostly Dancers": 1131, "Destiny Spinner_SB": 707, "Blot Out": 287, "Chimil, the Inner Sun": 485, "Bile Blight_SB": 231, "Meathook Massacre II_SB": 1771, "Case of the Crimson Pulse": 407, "Witchstalker Frenzy": 3218, "The Royal Scions": 2855, "Untimely Malfunction": 3054, "Metallic Rebuke_SB": 1786, "Hallowed Moonlight": 1270, "Elspeth's Smite": 855, "Ondu Inversion": 1980, "Pillage the Bog": 2095, "The Scarab God": 2856, "Unmoored Ego": 3046, "Culling Ritual_SB": 614, "Sunpetal Grove": 2723, "Metropolis Reformer_SB": 1792, "Dragonskull Summit": 770, "Emrakul, the Promised End": 875, "Rootbound Crag": 2331, "Yasharn, Implacable Earth": 3250, "Despark_SB": 703, "Kambal, Consul of Allocation_SB": 1502, "Lightning Strike": 1665, "Thing in the Ice_SB": 2875, "Mazemind Tome": 1768, "Glistening Deluge_SB": 1173, "Adeline, Resplendent Cathar_SB": 22, "Voice of Resurgence_SB": 3126, "Vein Ripper": 3096, "Bloodchief's Thirst": 272, "Treasure Cruise_SB": 2972, "Deep-Cavern Bat": 668, "Neoform": 1890, "Oracle of Tragedy": 1988, "Otherworldly Gaze": 2002, "Satyr Wayfinder": 2377, "Soulflayer": 2611, "Striped Riverwinder": 2699, "Stubborn Denial": 2701, "Urborg Scavengers": 3064, "Zetalpa, Primal Dawn": 3273, "Golgari Charm_SB": 1219, "Witherbloom Command_SB": 3222, "Zetalpa, Primal Dawn_SB": 3274, "Sanguine Evangelist_SB": 2373, "Legion Loyalist": 1632, "Goblin Ringleader_SB": 1203, "Reckless Bushwhacker_SB": 2223, "Detention Sphere_SB": 713, "Claim the Firstborn_SB": 505, "Crackling Drake": 583, "Cynical Loner": 627, "Restless Fortress": 2277, "The Restoration of Eiganjo": 2854, "Fracture_SB": 1068, "Case of the Gateway Express": 410, "Gleeful Demolition": 1166, "Imodane's Recruiter": 1391, "Knight-Errant of Eos": 1569, "Novice Inspector": 1932, "Resolute Reinforcements": 2268, "Thraben Inspector": 2893, "Venerated Loxodon": 3100, "Warden of the Inner Sky": 3165, "Pawpatch Recruit": 2058, "Fry_SB": 1082, "Deafening Clarion_SB": 653, "Gifted Aetherborn_SB": 1149, "Imposing Sovereign": 1396, "Behold the Multiverse_SB": 222, "Experimental Augury": 927, "Ral, Crackling Wit": 2186, "Thundering Falls": 2908, "Boon-Bringer Valkyrie_SB": 311, "Inescapable Blaze_SB": 1404, "Hazoret the Fervent": 1300, "Aetherling": 34, "Nahiri, the Harbinger": 1870, "Lost Legacy_SB": 1701, "Necromentia_SB": 1884, "Stern Dismissal": 2677, "Epic Downfall_SB": 895, "Arid Archway": 125, "Barkchannel Pathway": 202, "Blue Sun's Twilight": 289, "Clifftop Lookout": 513, "Conduit Pylons": 553, "Dreamdew Entrancer": 789, "Dreamroot Cascade": 790, "Fecund Greenshell": 982, "Insidious Fungus": 1420, "Outcaster Greenblade": 2004, "Pawpatch Formation": 2056, "Magma Opus": 1728, "Stern Lesson": 2679, "Sublime Epiphany": 2704, "Unauthorized Exit": 3021, "Preacher of the Schism": 2126, "Llanowar Wastes": 1686, "Mosswood Dreadknight": 1845, "Faithful Mending": 956, "Souls of the Lost": 2613, "Stitcher's Supplier": 2680, "Tainted Indulgence": 2760, "Stubborn Denial_SB": 2702, "Urabrask's Forge": 3061, "Tyvar, the Pummeler_SB": 3008, "Cenote Scout": 451, "Deeproot Pilgrimage": 672, "Kumena, Tyrant of Orazca": 1600, "Kumena's Speaker": 1599, "Merfolk Trickster": 1784, "Tishana's Tidebinder": 2920, "Triton Tactics": 2980, "Vodalian Hexcatcher": 3124, "Eaten by Piranhas_SB": 822, "Masked Vandal_SB": 1754, "Furnace Reins_SB": 1088, "Virtue of Persistence_SB": 3115, "Abraded Bluffs": 5, "Furycalm Snarl": 1089, "Magda, the Hoardmaster": 1725, "Skullcrack_SB": 2549, "Smash to Smithereens_SB": 2574, "Soul-Guide Lantern_SB": 2608, "Tormod's Crypt_SB": 2947, "Founding the Third Path": 1062, "Silence": 2518, "Tome Scour": 2935, "Tormod's Crypt": 2946, "Professor Onyx_SB": 2134, "Tome Scour_SB": 2936, "Ashiok, Dream Render": 135, "Glacial Fortress": 1157, "Irrigated Farmland": 1452, "Quick Study": 2163, "Valgavoth, Terror Eater_SB": 3077, "Ashiok, Nightmare Muse": 137, "Cling to Dust_SB": 516, "Day's Undoing_SB": 644, "Long Goodbye_SB": 1690, "Foundry Street Denizen": 1063, "Kari Zev's Expertise": 1508, "Wildfire Wickerfolk": 3203, "Domri's Ambush_SB": 749, "Glorious End_SB": 1176, "Gruul Charm_SB": 1252, "Klothys, God of Destiny_SB": 1561, "Commercial District": 543, "Temur Battle Rage": 2803, "Goblin Instigator": 1196, "Hobgoblin Bandit Lord": 1347, "Questing Druid_SB": 2162, "Linvala, the Preserver_SB": 1677, "Sorin, Vengeful Bloodlord": 2601, "Elvish Archivist": 860, "Garruk, Unleashed": 1103, "Gilded Goose": 1150, "Restless Cottage": 2276, "Trail of Crumbs": 2958, "Vraan, Executioner Thane_SB": 3148, "Vraska, Golgari Queen_SB": 3153, "Selfless Spirit_SB": 2448, "Westvale Abbey": 3194, "Skrelv's Hive_SB": 2545, "Davriel, Rogue Shadowmage_SB": 637, "Saiba Cryptomancer": 2361, "Staggering Insight": 2664, "Toadstool Admirer": 2928, "Slip Out the Back_SB": 2571, "Approach of the Second Sun": 96, "Authority of the Consuls": 160, "Doomskar": 755, "Gideon's Intervention": 1142, "Ixalan's Binding": 1459, "Leyline of Sanctity": 1644, "Rest in Peace": 2272, "Search for Azcanta": 2420, "Solemnity": 2593, "Sorcerous Spyglass": 2597, "Coveted Falcon_SB": 582, "Devastating Mastery_SB": 714, "Gideon's Intervention_SB": 1143, "Key to the City": 1548, "Rush of Dread": 2353, "Fog": 1042, "Toxin Analysis": 2955, "Assassin's Trophy": 144, "Festering Gulch": 997, "Bloodchief's Thirst_SB": 273, "Swan Song_SB": 2742, "Rewind": 2291, "Lava Axe": 1615, "Vivien Reid_SB": 3119, "Kenrith's Transformation_SB": 1539, "Questing Beast_SB": 2160, "Skysovereign, Consul Flagship_SB": 2559, "Wolfwillow Haven_SB": 3232, "Forest_SB": 1053, "Pack Rat": 2031, "Break Out": 335, "Royal Treatment": 2338, "Lightning Strike_SB": 1666, "Twisted Fealty_SB": 2999, "Embereth Shieldbreaker_SB": 869, "Youthful Valkyrie": 3263, "Lion Sash_SB": 1679, "Blast Zone_SB": 252, "Emry, Lurker of the Loch": 877, "Retraction Helix": 2284, "Valley Floodcaller": 3081, "Jace, Wielder of Mysteries_SB": 1472, "Lavinia, Azorius Renegade_SB": 1619, "Mox Amber_SB": 1850, "Retraction Helix_SB": 2285, "Jace, Vryn's Prodigy_SB": 1470, "Soul Transfer": 2606, "Angel of Serenity": 73, "Bandit's Talent_SB": 189, "Sorcerous Spyglass_SB": 2598, "Sweltering Suns_SB": 2744, "Mosswood Dreadknight_SB": 1846, "Murderous Rider_SB": 1858, "Loran of the Third Path": 1694, "Anzrag, the Quake-Mole": 93, "Obliterating Bolt": 1952, "Reckless Stormseeker": 2227, "The Akroan War": 2826, "The Huntsman's Redemption": 2842, "The Akroan War_SB": 2827, "Rakdos, the Muscle": 2184, "Soul Search_SB": 2605, "Feldon, Ronom Excavator": 988, "Sprite Dragon": 2657, "Make Disappear": 1730, "Delney, Streetwise Lookout": 680, "Reflector Mage_SB": 2241, "Stern Dismissal_SB": 2678, "Deathrite Shaman": 660, "Forsaken Miner": 1055, "Insidious Roots": 1421, "Priest of Forgotten Gods": 2129, "Rubblebelt Maverick": 2341, "Scrapheap Scrounger": 2404, "Tyvar, Jubilant Brawler": 3006, "Outland Liberator": 2006, "Outland Liberator_SB": 2007, "Satoru, the Infiltrator": 2376, "Arabella, Abandoned Doll": 99, "Embercleave": 867, "The Wandering Rescuer": 2865, "Niv-Mizzet, Parun": 1917, "Niv-Mizzet, Parun_SB": 1918, "Ertai Resurrected": 900, "Lazav, the Multifarious": 1622, "Nashi, Searcher in the Dark": 1880, "Slogurk, the Overslime": 2573, "Teshar, Ancestor's Apostle": 2813, "Titania, Voice of Gaea": 2925, "Anafenza, the Foremost_SB": 67, "Ertai Resurrected_SB": 901, "Nicol Bolas, the Ravager_SB": 1898, "Talion, the Kindly Lord_SB": 2767, "Titania, Voice of Gaea_SB": 2926, "Feed the Cycle": 984, "Fires of Victory": 1019, "Koma, Cosmos Serpent": 1579, "Pyroclasm": 2155, "Behold the Beyond": 220, "Azor, the Lawbringer_SB": 171, "Karametra's Blessing_SB": 1507, "Kaya's Ghostform_SB": 1519, "Skrelv, Defector Mite_SB": 2547, "Giant Killer": 1136, "Lofty Denial": 1687, "Nebelgast Herald": 1882, "Patrician Geist": 2054, "Blue Sun's Twilight_SB": 290, "Exclusion Mage_SB": 918, "Unsubstantiate_SB": 3052, "Ossification": 1996, "Castle Ardenvale_SB": 418, "Zoraline, Cosmos Caller": 3280, "Fragmentize_SB": 1069, "Void Rend_SB": 3129, "Kaito, Bane of Nightmares_SB": 1496, "Footfall Crater": 1046, "Omnivorous Flytrap": 1979, "Patchwork Beastie": 2049, "Seed of Hope": 2434, "Migloz, Maze Crusher_SB": 1797, "Bolas's Citadel": 291, "Catacomb Sifter": 425, "Woe Strider": 3229, "Status // Statue_SB": 2670, "Snow-Covered Mountain": 2586, "Sawblade Skinripper": 2385, "Kraul Harpooner_SB": 1587, "Test of Talents": 2814, "Glimmerburst": 1167, "Portal to Phyrexia": 2119, "Memory Deluge_SB": 1777, "Mirrex_SB": 1809, "Silver-Fur Master": 2523, "Floodpits Drowner_SB": 1036, "Lay Down Arms": 1620, "Bloodsoaked Champion": 277, "Dire Tactics": 727, "Gleaming Geardrake": 1165, "Lost Jitte": 1700, "Hostage Taker": 1363, "Warbriar Blessing": 3163, "Bonecrusher Giant_SB": 302, "Chandra, Dressed to Kill_SB": 467, "Kaito, Dancing Shadow_SB": 1498, "Ashiok, Nightmare Muse_SB": 138, "Kutzil, Malamet Exemplar_SB": 1604, "Detention Sphere": 712, "Trostani, Three Whispers": 2984, "Hostile Investigator_SB": 1366, "Flip the Switch": 1033, "Lazotep Plating": 1623, "Anger of the Gods": 76, "Dazzling Reflection_SB": 646, "Ahn-Crop Crasher_SB": 46, "Dream Trawler_SB": 788, "Surge of Righteousness_SB": 2733, "Maskwood Nexus": 1755, "Voracious Hydra_SB": 3142, "Highway Robbery": 1342, "Assemble the Players": 147, "Scavenging Ooze_SB": 2394, "Ledger Shredder_SB": 1627, "Kaya the Inexorable": 1516, "Scorching Dragonfire": 2395, "Despise": 704, "Elvish Rejuvenator": 864, "Glimpse the Core": 1169, "Shrine of the Forsaken Gods": 2511, "Ugin, the Spirit Dragon": 3009, "World Breaker": 3236, "Spatial Contortion_SB": 2618, "Jeskai Ascendancy": 1479, "Mishra's Research Desk": 1817, "Restless Spire": 2281, "Sulfur Falls": 2708, "Marina Vendrell_SB": 1751, "Prosperous Thief": 2146, "Biting-Palm Ninja": 236, "Dokuchi Silencer": 745, "Thousand-Faced Shadow": 2891, "Shivan Devastator": 2496, "Avabruck Caretaker": 162, "Starfield of Nyx": 2667, "Angel of Serenity_SB": 74, "Demon of Dark Schemes_SB": 685, "Harvester of Misery_SB": 1288, "Progenitor Mimic_SB": 2140, "Valki, God of Lies_SB": 3080, "Defabricate": 673, "Lion Sash": 1678, "Archon of Absolution_SB": 119, "Garruk's Harbinger_SB": 1100, "Sandstalker Moloch_SB": 2369, "Soul Partition_SB": 2604, "Nahiri, the Unforgiving": 1872, "Extract the Truth_SB": 936, "Diamond Pick-Axe": 719, "Experimental Confectioner": 928, "Elspeth, Sun's Champion": 857, "Consecrate // Consume_SB": 556, "Charge Through": 477, "Fight as One": 1009, "Leonin Lightscribe": 1635, "March of Burgeoning Life": 1741, "Season of Growth": 2425, "Tamiyo's Safekeeping": 2768, "Unwanted Remake": 3056, "Venerated Rotpriest": 3101, "Warriors' Lesson": 3171, "Collected Company_SB": 523, "Moon-Blessed Cleric_SB": 1838, "Silverfur Partisan_SB": 2527, "Thalia, Heretic Cathar_SB": 2822, "Grand Abolisher": 1229, "Portent Tracker": 2121, "Leyline of Hope": 1641, "Metropolis Reformer": 1791, "Dawn's Truce_SB": 638, "Kambal, Profiteering Mayor_SB": 1503, "Scorching Dragonfire_SB": 2396, "Glissa Sunslayer_SB": 1172, "Mogis, God of Slaughter_SB": 1824, "Bedevil": 218, "Gala Greeters": 1093, "Jinnie Fay, Jetmir's Second": 1482, "Act of Treason_SB": 17, "Heroic Intervention_SB": 1330, "Blood Baron of Vizkopa_SB": 266, "Bloody Betrayal_SB": 282, "Knight of Grace_SB": 1567, "Evolved Sleeper": 915, "Tomik, Wielder of Law": 2938, "Sorin, Vengeful Bloodlord_SB": 2602, "Brimaz, King of Oreskos_SB": 345, "Flamecache Gecko": 1025, "Gev, Scaled Scorch": 1123, "Iridescent Vinelasher": 1451, "Okiba Reckoner Raid": 1965, "Silundi Vision": 2521, "Up the Beanstalk_SB": 3060, "Thrun, Breaker of Silence_SB": 2903, "Doppelgang": 758, "Slickshot Show-Off_SB": 2569, "Broken Bond_SB": 354, "Cosmic Rebirth_SB": 576, "Mazemind Tome_SB": 1769, "Combustible Gearhulk": 539, "Bonny Pall, Clearcutter_SB": 305, "Borborygmos Enraged_SB": 313, "Massacre Wurm_SB": 1758, "Rakdos, the Showstopper_SB": 2185, "Day's Undoing": 643, "Ghalta, Stampede Tyrant": 1126, "Smuggler's Surprise": 2579, "Velomachus Lorehold": 3097, "Realm-Cloaked Giant_SB": 2217, "Tyrranax Rex_SB": 3004, "Hooting Mandrills": 1355, "No One Left Behind": 1924, "Tasigur, the Golden Fang": 2779, "Thundertrap Trainer": 2909, "Yavimaya Coast": 3252, "Tolarian Terror_SB": 2932, "Splitskin Doll": 2651, "Luminarch Aspirant": 1712, "Hexgold Halberd_SB": 1332, "Lotus Field_SB": 1706, "Werewolf Pack Leader": 3193, "Vivien, Monsters' Advocate_SB": 3122, "Temporal Trespass_SB": 2800, "Declaration in Stone": 665, "Devouring Light_SB": 715, "Slip Out the Back": 2570, "Yorion, Sky Nomad": 3255, "Access Tunnel": 13, "Shakedown Heavy": 2468, "Vinereap Mentor": 3109, "Mountain_SB": 1848, "Kellan, Inquisitive Prodigy": 1534, "Restless Vinestalk": 2283, "Scavenger Grounds": 2390, "Reclamation Sage_SB": 2232, "Colossal Skyturtle": 532, "Joint Exploration": 1485, "Realm-Cloaked Giant": 2216, "Sweltering Suns": 2743, "Experimental Synthesizer": 930, "Obosh, the Preypiercer_SB": 1955, "Zareth San, the Trickster_SB": 3270, "Annihilating Glare": 85, "Charred Foyer && Warped Space_SB": 480, "Prairie Stream": 2125, "Teferi, Hero of Dominaria_SB": 2786, "Forge Devil_SB": 1054, "Lovestruck Beast": 1707, "Annul": 86, "Ashen Rider_SB": 133, "Carnage Tyrant_SB": 403, "Phyrexian Dragon Engine": 2081, "Innkeeper's Talent": 1412, "Murderous Rider": 1857, "Vraska, Betrayal's Sting": 3150, "Azor, the Lawbringer": 170, "Aven Mindcensor_SB": 165, "Noxious Gearhulk_SB": 1936, "Blind Obedience": 262, "Collector's Vault": 528, "Boros Charm": 314, "Exquisite Firecraft_SB": 932, "Searing Blood_SB": 2422, "Spirit of the Labyrinth_SB": 2644, "Prowling Serpopard_SB": 2149, "Jace, Vryn's Prodigy": 1469, "Abhorrent Oculus_SB": 2, "Torbran, Thane of Red Fell": 2941, "Leyline of Combustion": 1639, "Faerie Mastermind_SB": 954, "Commune with Dinosaurs": 546, "Ghalta, Primal Hunger": 1124, "Hulking Raptor": 1371, "Marauding Raptor": 1740, "Otepec Huntmaster": 2001, "Pugnacious Hammerskull": 2151, "Rampaging Raptor": 2197, "Ripjaw Raptor": 2301, "Infernal Grasp_SB": 1407, "Calamity, Galloping Inferno": 387, "Portal to Phyrexia_SB": 2120, "Defiler of Vigor": 676, "Garruk's Uprising": 1101, "Gemrazer": 1115, "Hardened Scales": 1281, "Ornery Tumblewagg": 1991, "Questing Beast": 2159, "Railway Brawler": 2177, "Ranger Class": 2199, "The Great Henge": 2840, "The Skullspore Nexus": 2859, "Yorvo, Lord of Garenbrig": 3257, "Ram Through_SB": 2192, "Bontu's Last Reckoning_SB": 306, "Chandra, Torch of Defiance": 471, "Heroic Reinforcements": 1331, "Monastery Mentor": 1830, "Stormchaser's Talent": 2689, "Third Path Iconoclast": 2877, "Bushy Bodyguard": 380, "Camellia, the Seedmiser": 393, "Giant Opportunity": 1138, "Hollow Scavenger": 1349, "Honored Dreyleader": 1353, "Ifnir Deadlands": 1385, "Tear Asunder": 2780, "Valley Rotcaller": 3083, "Wicked Wolf": 3199, "Overprotect_SB": 2025, "Calix, Guided by Fate": 388, "Generous Visitor": 1117, "Jukai Naturalist": 1487, "Spirited Companion": 2646, "Unflinching Courage": 3034, "Valgavoth's Lair": 3075, "Weaver of Harmony": 3184, "Bubble Smuggler": 362, "Growing Dread": 1248, "Hauntwoods Shrieker": 1297, "Long Goodbye": 1689, "Paranormal Analyst": 2043, "Vannifar, Evolved Enigma": 3092, "Atsushi, the Blazing Sky": 153, "Bonehoard Dracosaur": 303, "Dragon Tempest": 765, "Grafdigger's Cage": 1227, "Invasion of Tarkir": 1443, "Manaform Hellkite": 1736, "Reckless Impulse": 2224, "Shatterskull Smashing": 2480, "Wrenn's Resolve": 3243, "Tears of Valakut_SB": 2782, "Harness by Force_SB": 1285, "Burning Anger": 370, "Colossification": 534, "Grapple with the Past": 1232, "Storm Herald": 2686, "Commencement of Festivities": 542, "Defend the Hearth": 674, "Growth Spiral": 1249, "Sphinx's Tutelage": 2634, "Sultai Charm": 2710, "Winds of Qal Sisma": 3210, "Folio of Fancies_SB": 1044, "Sultai Charm_SB": 2711, "Armed and Armored": 127, "Consulate Dreadnought": 561, "Giant Ox": 1139, "Hotshot Mechanic": 1367, "Mech Hangar": 1772, "Surgehacker Mech": 2736, "Toolcraft Exemplar": 2939, "Unidentified Hovership": 3039, "Archdruid's Charm_SB": 113, "Cemetery Prowler_SB": 450, "Goldvein Hydra_SB": 1218, "Twinferno_SB": 2995, "Kaya, Spirits' Justice_SB": 1525, "Professor's Warning": 2135, "Enduring Courage": 881, "Commit // Memory_SB": 545, "Murderous Cut_SB": 1856, "Defiant Strike": 675, "Sejiri Shelter": 2441, "Crumb and Get It_SB": 602, "Baral, Chief of Compliance": 199, "Invigorated Rampage": 1446, "Colossus Hammer": 535, "Kellan, the Fae-Blooded": 1536, "Kemba, Kha Enduring": 1538, "Open the Armory": 1981, "Resolute Strike": 2269, "Sigarda's Aid": 2515, "Thud_SB": 2905, "Deification": 679, "Elspeth Resplendent": 853, "Gideon Blackblade": 1140, "Gideon of the Trials": 1141, "Gideon's Triumph": 1144, "Oath of Kaya": 1946, "The Birth of Meletis": 2829, "Urza's Sylex": 3068, "Yahenni's Expertise": 3249, "Sunset Revelry_SB": 2725, "Empyrean Eagle": 874, "Hanged Executioner": 1276, "Rally of Wings": 2189, "Skycat Sovereign": 2550, "Topplegeist": 2940, "Watcher of the Spheres": 3177, "Errant and Giada_SB": 899, "Patch Up_SB": 2047, "Remorseful Cleric_SB": 2256, "Dictate of Kruphix": 720, "Notion Thief": 1930, "Slitherwisp": 2572, "Blacklance Paragon_SB": 244, "Cunning Nightbonder_SB": 618, "Exuberant Fuseling": 939, "Frenzied Goblin": 1076, "Goblin Piledriver": 1200, "Goblin Rabblemaster": 1201, "Dewdrop Cure_SB": 718, "Adult Gold Dragon": 24, "Savage Summoning_SB": 2378, "Jadar, Ghoulcaller of Nephalia_SB": 1474, "Angrath's Rampage_SB": 78, "Selfless Glyphweaver": 2443, "Temple of Epiphany": 2792, "Get Out": 1121, "Secrets of the Key": 2430, "Azure Beastbinder": 174, "Bounding Krasis": 324, "Elder Deep-Fiend": 835, "Fierce Empath": 1003, "Nissa, Vastwood Seer": 1914, "Reclamation Sage": 2231, "Rishkar, Peema Renegade": 2306, "Skylasher_SB": 2556, "Archangel Elspeth_SB": 109, "Chromanticore": 489, "Cragplate Baloth": 587, "Oketra the True": 1964, "Dreams of Steel and Oil_SB": 792, "Tarrian's Journal": 2777, "Rush of Adrenaline": 2352, "Silverquill Silencer": 2529, "Ulcerate_SB": 3013, "Phyrexian Fleshgorger_SB": 2083, "Dreams of Steel and Oil": 791, "March of Swirling Mist_SB": 1745, "Velomachus Lorehold_SB": 3098, "Overlord of the Boilerbilges_SB": 2019, "Kick in the Door": 1549, "Violent Urge": 3110, "Charred Foyer // Warped Space_SB": 481, "Cosmic Rebirth": 575, "Escape to the Wilds": 903, "Doomskar_SB": 756, "Titan of Industry_SB": 2923, "Aqueous Form": 98, "Combat Research": 537, "Break the Spell_SB": 336, "Warbriar Blessing_SB": 3164, "Bond of Insight": 297, "Lyra Dawnbringer_SB": 1717, "Depopulate_SB": 698, "Welcoming Vampire_SB": 3190, "Deflecting Palm_SB": 678, "Akroan Crusader": 53, "Expedite": 922, "Gods Willing_SB": 1216, "Showdown of the Skalds_SB": 2507, "Dreadhorde Invasion": 781, "Realmwalker": 2218, "Obzedat, Ghost Council": 1959, "Silver Raven": 2522, "Eat to Extinction_SB": 820, "Ajani, Sleeper Agent_SB": 49, "Fiery Temper": 1007, "Hollow One": 1348, "Insolent Neonate": 1422, "Ovalchase Daredevil": 2011, "Improbable Alliance_SB": 1398, "Hushbringer_SB": 1376, "Agadeem's Awakening": 39, "Clockwork Percussionist": 517, "Atarka's Command_SB": 150, "Dwarven Mine": 816, "Gideon, Ally of Zendikar": 1146, "Worldspine Wurm_SB": 3239, "Xenagos, God of Revels_SB": 3247, "Natural State_SB": 1881, "Snow-Covered Swamp": 2588, "Perilous Voyage_SB": 2069, "Discontinuity_SB": 729, "Virtue of Loyalty_SB": 3113, "Cruelclaw's Heist": 599, "Escape Tunnel": 902, "Insatiable Avarice_SB": 1416, "Malicious Eclipse_SB": 1734, "Cathar Commando": 427, "Rush of Dread_SB": 2354, "Cemetery Desecrator": 446, "The Kenriths' Royal Funeral_SB": 2845, "Coordinated Assault": 568, "Breaking // Entering": 337, "Fraying Sanity": 1074, "Maddening Cacophony": 1720, "Soul-Guide Lantern": 2607, "Tasha's Hideous Laughter": 2778, "Cleansing Nova": 506, "Coveted Falcon": 581, "Idyllic Tutor": 1384, "Palace Siege_SB": 2035, "Bonebind Orator": 300, "Crashing Drawbridge": 590, "Fiend Artisan": 1002, "Moss-Pit Skeleton": 1843, "Osteomancer Adept": 1998, "Shigeki, Jukai Visionary": 2493, "Snarling Gorehound": 2583, "Squirming Emergence": 2661, "Ygra, Eater of All_SB": 3254, "Assimilation Aegis": 148, "Candy Trail": 396, "Disruption Protocol": 735, "Dusk Rose Reliquary": 811, "Golos, Tireless Pilgrim": 1221, "Lantern of the Lost": 1612, "Prophetic Prism": 2143, "The Book of Exalted Deeds": 2830, "Tyrite Sanctum": 3002, "Whir of Invention": 3196, "Citizen's Crowbar_SB": 498, "Outrageous Robbery_SB": 2010, "Giant Killer_SB": 1137, "Deploy the Gatewatch": 696, "Interplanar Beacon": 1428, "Kaya, Intangible Slayer": 1521, "Narset of the Ancient Way": 1875, "Paradise Druid": 2040, "Tamiyo, Collector of Tales": 2770, "Tamiyo, Compleated Sage": 2772, "The Eternal Wanderer": 2837, "Nissa, Ascended Animist": 1911, "Rankle's Prank": 2200, "Repudiate // Replicate": 2263, "Thrun, Breaker of Silence": 2902, "Wrenn and Realmbreaker": 3242, "Colossal Skyturtle_SB": 533, "Song of Totentanz_SB": 2596, "Lilah, Undefeated Slickshot": 1667, "Horned Loch-Whale_SB": 1361, "Strict Proctor_SB": 2698, "Green Sun's Twilight": 1242, "Tyrranax Rex": 3003, "Invasion of Ixalan_SB": 1441, "Phyrexian Censor_SB": 2080, "Leyline of Resonance_SB": 1643, "Furnace Reins": 1087, "Void Winnower_SB": 3130, "Eidolon of Rhetoric_SB": 831, "Unctus, Grand Metatect": 3025, "Feed the Swarm": 986, "Boros Charm_SB": 315, "Flowstone Infusion_SB": 1041, "Annie Joins Up": 84, "Phylath, World Sculptor": 2076, "Liliana, the Last Hope": 1673, "Regal Caracal": 2245, "Izzet Charm": 1462, "Finale of Devastation": 1014, "Kitsa, Otterball Elite": 1559, "Springleaf Drum": 2656, "Wishclaw Talisman": 3215, "Altar of the Brood_SB": 65, "Attack-in-the-Box": 154, "Balemurk Leech": 183, "Broodspinner": 356, "Cackling Slasher": 384, "Cathartic Parting": 429, "Coordinated Clobbering": 569, "Flesh Burrower": 1029, "Frantic Strength": 1072, "Glimmerlight": 1168, "Grasping Longneck": 1235, "Grievous Wound": 1244, "Innocuous Rat": 1414, "Meathook Massacre II": 1770, "Overgrown Zealot": 2015, "Saw": 2383, "Slavering Branchsnapper": 2562, "Spectral Snatcher": 2623, "Spineseeker Centipede": 2638, "Sporogenic Infection": 2654, "Strangled Cemetery": 2695, "Terramorphic Expanse": 2809, "Twitching Doll": 3000, "Wary Watchdog": 3172, "Winter, Misanthropic Guide": 3213, "Conductive Machete_SB": 552, "Fanatic of the Harrowing_SB": 961, "Final Vengeance_SB": 1013, "Friendly Teddy_SB": 1078, "Give In to Violence_SB": 1154, "Manifest Dread_SB": 1737, "Murder_SB": 1854, "Selfless Glyphweaver_SB": 2444, "Tolsimir, Friend to Wolves_SB": 2934, "Narset, Enlightened Master_SB": 1877, "Dragonhawk, Fate's Tempest": 766, "Unexpected Fangs_SB": 3033, "Starnheim Unleashed_SB": 2668, "Lukka, Coppercoat Outcast_SB": 1711, "Tidebinder Mage_SB": 2913, "Goblin Ringleader": 1202, "Goblin Trashmaster": 1208, "Squee, Dubious Monarch": 2659, "Experimental Frenzy_SB": 929, "Brave the Elements_SB": 332, "Bontu's Monument": 307, "Hashep Oasis": 1289, "Thought-Knot Seer": 2886, "Arlinn, the Pack's Hope_SB": 126, "Eldrazi Obligator_SB": 840, "Thought-Knot Seer_SB": 2887, "Saheeli, Sublime Artificer": 2359, "Dazzling Theater // Prop Room": 647, "Restless Bivouac": 2275, "Siege Veteran": 2513, "Warleader's Call": 3166, "Yotian Frontliner": 3258, "Aurelia, the Law Above_SB": 159, "Helping Hand": 1321, "Hope Tender_SB": 1356, "Dwynen's Elite": 817, "Elvish Clancaller": 862, "Elvish Warmaster": 866, "Jaspera Sentinel": 1476, "Leaf-Crowned Visionary": 1625, "Secluded Courtyard": 2429, "Shaman of the Pack": 2471, "Pause for Reflection_SB": 2055, "Phyrexian Revoker_SB": 2085, "Sentinel of Lost Lore_SB": 2449, "Soulless Jailer_SB": 2612, "Ferocious Werefox_SB": 994, "Deeproot Elite": 671, "Forensic Researcher": 1049, "Kiora's Follower": 1551, "Kitesail Larcenist": 1555, "Three Tree City": 2900, "Forensic Researcher_SB": 1050, "Kopala, Warden of Waves_SB": 1582, "Lost in the Maze_SB": 1702, "Prophet of Kruphix_SB": 2142, "Snow-Covered Forest": 2584, "Consign // Oblivion": 558, "Creative Outburst": 593, "Vanquish the Horde_SB": 3093, "Takenuma, Abandoned Mire_SB": 2762, "Barrier Breach_SB": 204, "Kazuul's Fury": 1529, "Tail Swipe": 2758, "Giant Growth": 1135, "Snakeskin Veil_SB": 2582, "Bedeck // Bedazzle": 216, "Herd Migration": 1327, "Mirrorshell Crab_SB": 1812, "Quakebringer_SB": 2158, "Drannith Ruins": 773, "Faerie Dreamthief": 951, "Spell Stutter": 2627, "Overlord of the Balemurk_SB": 2017, "Plumecreed Escort_SB": 2107, "Wandering Mind": 3161, "Speaker of the Heavens": 2620, "Possibility Storm": 2122, "Sunset Revelry": 2724, "Blind Obedience_SB": 263, "Outlaws' Merriment_SB": 2008, "Rip Apart_SB": 2300, "Archon of Sun's Grace": 122, "Omen of the Sun": 1973, "Seal Away": 2416, "Starfall Invocation_SB": 2666, "Collateral Damage": 520, "Eidolon of the Great Revel_SB": 833, "Chandra, Acolyte of Flame_SB": 463, "The Autonomous Furnace": 2828, "Bushwhack": 379, "Circle of Dreams Druid": 496, "Elvish Visionary": 865, "Deathrite Shaman_SB": 661, "Cavalier of Flame": 436, "Vraska, Betrayal's Sting_SB": 3151, "Urza's Sylex_SB": 3069, "Chandra, Acolyte of Flame": 462, "Exquisite Firecraft": 931, "Gruul Charm": 1251, "Braids, Arisen Nightmare": 326, "Spiteful Hexmage": 2647, "Haunted Ridge_SB": 1296, "Basri Ket_SB": 206, "Unwanted Remake_SB": 3057, "Roaring Furnace // Steaming Sauna_SB": 2320, "Not on My Watch_SB": 1929, "Fanatical Offering": 963, "Doppelgang_SB": 759, "Holy Cow": 1350, "Archangel of Tithes_SB": 110, "Conclave Tribunal_SB": 551, "Shalai, Voice of Plenty_SB": 2470, "Popular Egotist": 2111, "Cemetery Illuminator": 448, "Cemetery Illuminator_SB": 449, "Balmor, Battlemage Captain": 184, "Shore Up_SB": 2503, "Bag of Holding": 178, "Jace, Architect of Thought": 1467, "Teferi, Master of Time": 2787, "Cleansing Nova_SB": 507, "Eerie Ultimatum_SB": 828, "Inspired Ultimatum_SB": 1423, "Sarkhan the Masterless_SB": 2374, "Thief of Sanity_SB": 2871, "Botanical Brawler": 321, "Bristly Bill, Spine Sower": 352, "Conclave Mentor": 550, "Kodama of the West Tree": 1572, "Ozolith, the Shattered Spire": 2029, "Stonecoil Serpent": 2685, "Urgent Necropsy": 3066, "Archangel Avacyn_SB": 108, "Wrenn's Resolve_SB": 3244, "Jace Reawakened": 1464, "Rabid Gnaw": 2170, "Shock": 2498, "Kazandu Mammoth": 1528, "Strangle": 2693, "Vraska, Golgari Queen": 3152, "Azorius Charm": 172, "Scavenger Grounds_SB": 2391, "Fortified Beachhead": 1056, "The Scorpion God_SB": 2858, "Painful Truths_SB": 2034, "Fortified Village": 1057, "Nightveil Predator": 1903, "Rhonas the Indomitable": 2292, "Depopulate": 697, "Consuming Tide_SB": 564, "The Cruelty of Gix_SB": 2833, "Maximize Velocity_SB": 1765, "Field of Ruin_SB": 1001, "Eidolon of Blossoms": 830, "Bond of Revival": 298, "Rhonas the Indomitable_SB": 2293, "Whisperwood Elemental_SB": 3198, "Blazemire Verge_SB": 254, "Citywide Bust_SB": 501, "Hoarding Broodlord_SB": 1346, "Enduring Vitality": 887, "Kona, Rescue Beastie": 1581, "Selfless Savior": 2445, "Seraphic Steed": 2453, "Survivors' Encampment": 2739, "Selfless Savior_SB": 2446, "Elesh Norn_SB": 849, "Zoyowa Lava-Tongue": 3281, "Exuberant Fuseling_SB": 940, "Kaya, Intangible Slayer_SB": 1522, "Renounce the Guilds_SB": 2261, "Duelist of the Mind": 806, "Orazca Puzzle-Door": 1989, "Monastery Mentor_SB": 1831, "Enduring Bondwarden": 880, "Hangarback Walker": 1274, "Quirion Beastcaller": 2168, "Bolas's Citadel_SB": 292, "Catacomb Sifter_SB": 426, "Popular Egotist_SB": 2112, "Prosperous Innkeeper_SB": 2145, "Woe Strider_SB": 3230, "Elvish Archivist_SB": 861, "Ugin, the Spirit Dragon_SB": 3010, "Fblthp, the Lost": 973, "Shoot the Sheriff_SB": 2501, "Armored Scrapgorger": 129, "Eldrazi Displacer": 838, "Viashino Pyromancer": 3106, "Dawnbringer Cleric_SB": 640, "Den of the Bugbear_SB": 693, "Dispel_SB": 734, "Kitesail Larcenist_SB": 1556, "Suncleanser_SB": 2714, "Debt to the Kami": 662, "Debt to the Kami_SB": 663, "Release to the Wind": 2251, "Angelfire Ignition": 75, "Tenth District Legionnaire": 2807, "Steel Seraph_SB": 2676, "Izoni, Center of the Web": 1461, "Lively Dirge": 1682, "Play with Fire_SB": 2103, "Drag to the Roots": 764, "Castle Locthwain_SB": 422, "Edgar, Charmed Groom_SB": 825, "Silent Gravestone_SB": 2520, "Gates of Istfell": 1108, "Fateful Absence_SB": 970, "No More Lies_SB": 1923, "Korvold, Fae-Cursed King": 1583, "Guardian of Faith": 1256, "Phyrexian Vindicator_SB": 2086, "Kozilek's Return_SB": 1586, "Alchemist's Gambit": 54, "Intrepid Adversary": 1436, "Experiment One": 925, "Unclaimed Territory": 3024, "Cyclonic Rift": 626, "Rona's Vortex": 2329, "Curse of Silence_SB": 622, "Nighthawk Scavenger": 1901, "Gyruda, Doom of Depths": 1263, "Cease // Desist_SB": 444, "Case of the Gateway Express_SB": 411, "Hidden Necropolis": 1333, "Temple of Malady": 2793, "Temple of Malice": 2794, "Brimaz, King of Oreskos": 344, "Collector's Cage": 527, "Warping Wail_SB": 3169, "Kitnap": 1557, "Bloodtithe Collector": 279, "Goddric, Cloaked Reveler": 1213, "Nicol Bolas, Dragon-God": 1895, "Vampires' Vengeance_SB": 3088, "Blood Crypt_SB": 268, "Evolving Adaptive": 916, "Pelt Collector": 2066, "Voltaic Brawler": 3140, "Embercleave_SB": 868, "Vengeful Possession_SB": 3103, "Ingenious Prodigy": 1410, "Glarb, Calamity's Augur_SB": 1161, "Tomik, Distinguished Advokist_SB": 2937, "Bamboo Grove Archer_SB": 187, "Sunken Citadel_SB": 2721, "Mastermind's Acquisition_SB": 1761, "Season of the Burrow_SB": 2426, "Spinner of Souls": 2640, "Abyssal Harvester": 10, "Zur, Eternal Schemer_SB": 3283, "Burst Lightning": 377, "Scab-Clan Berserker_SB": 2387, "Knight-Errant of Eos_SB": 1570, "Boltwave": 293, "Elenda, Saint of Dusk": 845, "Elenda, Saint of Dusk_SB": 846, "Waste Not_SB": 3174, "High Fae Trickster_SB": 1339, "Fervent Champion": 996, "Goblin Tomb Raider": 1206, "Leyline Axe": 1636, "Kaito, Cunning Infiltrator": 1497, "Scrawling Crawler": 2408, "Varragoth, Bloodsky Sire": 3094, "Syr Ginger, the Meal Ender": 2755, "Saiba Cryptomancer_SB": 2362, "Nahiri, the Unforgiving_SB": 1873, "Ajani, Sleeper Agent": 48, "Alms of the Vein": 57, "Demand Answers": 681, "Grab the Prize": 1225, "Markov Baron": 1752, "Nullpriest of Oblivion": 1940, "Skullcrack": 2548, "Expedition Map": 923, "Evangel of Synthesis": 914, "Kiora, the Rising Tide": 1553, "Raffine, Scheming Seer": 2176, "Dropkick Bomber": 798, "Searslicer Goblin": 2423, "Creeping Chill": 594, "Driven // Despair": 794, "Haunted Dead": 1294, "Narcomoeba": 1874, "Prized Amalgam": 2133, "Silversmote Ghoul": 2530, "Wail of the Forgotten": 3155, "Huskburster Swarm_SB": 1378, "Zombify": 3278, "Blooming Blast": 283, "Cemetery Gatekeeper_SB": 447, "Mission Briefing": 1818, "Not on My Watch": 1928, "Dawnbringer Cleric": 639, "Camellia, the Seedmiser_SB": 394, "Trail of Crumbs_SB": 2959, "Bulk Up": 366, "Voracious Hydra": 3141, "Hornet Queen_SB": 1362, "Cut // Ribbons": 623, "Blacksmith's Talent": 245, "Herald of Eternal Dawn_SB": 1324, "Temple of Plenty": 2796, "Peer into the Abyss_SB": 2063, "The Witch's Vanity": 2867, "Day of Judgment": 641, "Liliana, Dreadhorde General": 1671, "Hanweir Battlements": 1277, "Response // Resurgence_SB": 2271, "Scorn-Blade Berserker": 2399, "Essence Channeler": 907, "Fountain of Renewal": 1064, "Heliod, Sun-Crowned": 1316, "Hooded Blightfang": 1354, "Indulging Patrician": 1403, "Revival // Revenge": 2290, "Scoured Barrens": 2400, "Vampire of the Dire Moon": 3086, "Vito, Thorn of the Dusk Rose": 3118, "Voice of the Blessed": 3127, "Deathmark_SB": 658, "Tinybones, Bauble Burglar": 2917, "Lava Axe_SB": 1616, "Flicker of Fate_SB": 1031, "Kykar, Zephyr Awakener": 1605, "Infestation Sage": 1408, "Ill-Timed Explosion_SB": 1387, "Omnath, Locus of Creation_SB": 1976, "Scrapwork Mutt": 2407, "Tyvar's Stand": 3005, "Spawn of Mayhem": 2619, "Karn, Scion of Urza_SB": 1511, "Maelstrom Pulse": 1721, "Banner of Kinship": 198, "Elvish Archdruid": 859, "Citanul Stalwart": 497, "Sylvan Messenger_SB": 2751, "Joust Through_SB": 1486, "Genesis Wave": 1118, "Samut, Tyrant Smasher": 2364, "Bouncer's Beatdown_SB": 323, "Soulstone Sanctuary": 2615, "Curator of Destinies_SB": 619, "Torment of Hailfire_SB": 2944, "Drake Hatcher_SB": 771, "Blitz of the Thunder-Raptor": 264, "Long River's Pull": 1691, "Unsubstantiate": 3051, "Sugar Coat_SB": 2707, "Imposing Sovereign_SB": 1397, "Haunted Cloak": 1293, "Swiftfoot Boots": 2745, "Flameblade Adept": 1024, "Ox of Agonas": 2027, "Dread Fugue": 775, "Lunarch Veteran": 1714, "Skyclave Cleric": 2553, "Ajani, Strength of the Pride_SB": 51, "The Raven Man_SB": 2852, "Dusk Legion Duelist": 810, "Make Disappear_SB": 1731, "Toxrill, the Corrosive_SB": 2957, "Expansion // Explosion": 921, "Seasons Past": 2428, "Haughty Djinn_SB": 1292, "Charming Scoundrel": 479, "Deflecting Palm": 677, "Fallaji Vanguard": 959, "Fortune, Loyal Steed": 1058, "Hellspur Posse Boss": 1319, "Panharmonicon": 2038, "Requisition Raid": 2266, "Temple of Triumph": 2798, "Terror of the Peaks": 2812, "Witty Roastmaster": 3227, "Aetherstorm Roc_SB": 36, "Anim Pakal, Thousandth Moon_SB": 83, "Chance for Glory_SB": 460, "Demonic Ruckus_SB": 690, "Impact Tremors_SB": 1394, "Bristlebud Farmer": 349, "Phyrexian Obliterator_SB": 2084, "Brass's Tunnel-Grinder": 330, "Raise the Past": 2178, "Chained to the Rocks_SB": 455, "Plumecreed Escort": 2106, "Kellan, Planar Trailblazer": 1535, "Anguished Unmaking": 80, "Blessed Alliance_SB": 258, "Day of Judgment_SB": 642, "Maelstrom Pulse_SB": 1722, "Thassa's Oracle": 2823, "Niv-Mizzet, Visionary_SB": 1921, "Mystic Repeal_SB": 1864, "Reasonable Doubt_SB": 2220, "Rottenmouth Viper_SB": 2335, "Thing in the Ice": 2874, "Witness Protection_SB": 3226, "Tibalt's Trickery": 2910, "Tibalt's Trickery_SB": 2911, "Heaped Harvest": 1306, "Thassa, God of the Sea": 2825, "Slaughter Games": 2560, "Idol of Endurance": 1383, "Phyrexian Censor": 2079, "Niko Aris": 1904, "Academy Loremaster": 12, "Phyrexian Arena_SB": 2078, "Chainsaw": 456, "Fountainport Bell": 1066, "Glint-Nest Crane": 1170, "Hammer of Purphoros": 1272, "Scattered Groves": 2389, "Arboreal Grazer_SB": 105, "Shrapnel Blast_SB": 2509, "Sixth Sense": 2541, "Alpha Authority_SB": 60, "Triton Tactics_SB": 2981, "Blood Baron of Vizkopa": 265, "Crystal Barricade_SB": 612, "Thought Erasure": 2885, "Culling Ritual": 613, "Wear Down_SB": 3182, "Spring-Loaded Sawblades": 2655, "Bala Ged Recovery_SB": 181, "Tenacious Underdog_SB": 2806, "Push // Pull": 2152, "Dowsing Device": 762, "Burst Lightning_SB": 378, "Skyknight Squire": 2555, "Llanowar Visionary": 1685, "Sire of Seven Deaths": 2539, "Niv-Mizzet, Supreme_SB": 1920, "Ajani, Caller of the Pride": 47, "Burrowguard Mentor": 376, "Dryad Militant": 803, "Fleecemane Lion": 1027, "Kutzil, Malamet Exemplar": 1603, "Melira, the Living Cure": 1774, "Wilt-Leaf Liege": 3206, "Seal Away_SB": 2417, "Chandra, Hope's Beacon_SB": 469, "Choked Estuary": 487, "Ego Drain": 829, "Faerie Fencing": 952, "Obyra, Dreaming Duelist": 1958, "Shineshadow Snarl": 2494, "Sunken Hollow": 2722, "Talion, the Kindly Lord": 2766, "Talion's Messenger": 2765, "Twining Twins": 2996, "Crippling Fear_SB": 596, "Flashfreeze_SB": 1026, "Phantom Interference_SB": 2074, "Blessed Alliance": 257, "Builder's Talent": 363, "Worldspine Wurm": 3238, "Assemble the Legion_SB": 146, "Runed Halo_SB": 2349, "Fanatical Firebrand": 962, "Goblin Warchief": 1209, "Krenko, Mob Boss": 1592, "Betrayer's Bargain_SB": 227, "By Force_SB": 381, "Strangle_SB": 2694, "Collateral Damage_SB": 521, "Tibalt, Rakish Instigator_SB": 2912, "Game Trail": 1098, "Glorybringer": 1178, "Cankerbloom_SB": 397, "Indomitable Creativity_SB": 1402, "Aspect of Hydra": 142, "Hunter's Talent": 1374, "Nullhide Ferox": 1938, "Steel Leaf Champion": 2674, "Garruk's Uprising_SB": 1102, "Ghalta, Primal Hunger_SB": 1125, "Apostle of Purifying Light_SB": 95, "Chaplain of Alms_SB": 476, "Healer's Hawk_SB": 1305, "Balustrade Wurm": 185, "Reality Shift": 2215, "Lukka, Bound to Ruin_SB": 1709, "Heliod's Intervention": 1314, "Legion's Landing": 1634, "Volatile Fault": 3131, "Herald of Eternal Dawn": 1323, "Cast Down": 414, "Desecration Demon": 701, "Kaervek, the Punisher": 1490, "Mishra's Foundry": 1816, "Ultimate Price": 3014, "Unexpected Fangs": 3032, "Vadmir, New Blood": 3071, "Extract a Confession_SB": 935, "Kitesail Freebooter_SB": 1554, "Pilfer_SB": 2093, "No Witnesses": 1925, "Port Town": 2114, "Refute": 2243, "Temple of Enlightenment": 2791, "Jace, Architect of Thought_SB": 1468, "No Witnesses_SB": 1926, "Dazzling Angel": 645, "Divine Smite": 742, "Exemplar of Light": 919, "Firemane Avenger": 1017, "Wind-Scarred Crag": 3209, "Blazing Volley": 255, "Cinderclasm": 493, "Crash Through": 589, "Death-Rattle Oni": 655, "Dismal Backwater": 733, "Electrickery": 842, "Kessig Flamebreather": 1544, "Seismic Wave": 2439, "Stolen Vitality": 2683, "Thrill of Possibility": 2901, "Tolarian Terror": 2931, "Burn Down the House_SB": 369, "Power Word Kill_SB": 2124, "Smoldering Egg_SB": 2576, "Swamp_SB": 2741, "Edgewall Inn": 826, "Edgewall Innkeeper": 827, "Lucky Clover": 1708, "Midnight Reaper": 1794, "Necroblossom Snarl": 1883, "Order of Midnight": 1990, "Smitten Swordmaster": 2575, "Disfigure_SB": 732, "Massacre Girl_SB": 1756, "Stormkeld Vanguard_SB": 2690, "Gray Merchant of Asphodel": 1238, "Mephitic Draught": 1781, "Tithing Blade": 2927, "Warlock Class": 3167, "Corpses of the Lost_SB": 572, "Doom Foretold_SB": 753, "Life of Toshiro Umezawa_SB": 1653, "Burn Down the House": 368, "Flame-Blessed Bolt": 1022, "Frostboil Snarl": 1080, "Vampires' Vengeance": 3087, "Pelakka Wurm_SB": 2065, "Boon of the Wish-Giver": 310, "Drannith Healer": 772, "Drannith Stinger": 774, "Flourishing Fox": 1038, "Frostveil Ambush": 1081, "Go for Blood": 1186, "Memory Leak": 1779, "Startling Development": 2669, "Valiant Rescuer": 3078, "Zenith Flare": 3271, "Enigma Drake": 888, "Ephara's Dispersal": 894, "Eroded Canyon": 898, "Essence Capture": 906, "Galvanize": 1097, "Mind Spiral": 1801, "Peculiar Lighthouse": 2061, "Pit of Offerings": 2098, "Scorching Shot": 2397, "Shore Up": 2502, "Slick Sequence": 2567, "Winged Words": 3211, "Into the Fire_SB": 1431, "Wildfire Howl_SB": 3202, "Burn Bright": 367, "Chimney Rabble": 486, "Fissure Wizard": 1021, "Goblin Arsonist": 1189, "Goblin Javelineer": 1197, "Goblin Morningstar": 1198, "Goblin Trailblazer": 1207, "Grumgully, the Generous": 1250, "Heraldic Banner": 1325, "Hulking Bugbear": 1370, "Renata, Called to the Hunt": 2257, "Return of the Wildspeaker": 2287, "Rhythm of the Wild": 2294, "Subira, Tulzidi Caravanner": 2703, "You See a Pair of Goblins": 3260, "Krenko, Mob Boss_SB": 1593, "Krenko, Tin Street Kingpin_SB": 1594, "Banishing Light": 196, "Flowerfoot Swordmaster": 1040, "Mabel, Heir to Cragflame": 1718, "Seedglaive Mentor": 2435, "Short Bow": 2505, "Whiskervale Forerunner": 3197, "Abzan Charm": 11, "Deathmist Raptor": 659, "Den Protector": 691, "Mastery of the Unseen": 1762, "Sandsteppe Citadel": 2370, "Temple of Silence": 2797, "Unyielding Gatekeeper": 3058, "Drown in Sorrow_SB": 799, "Disfigure": 731, "Gnawing Vermin": 1182, "Gossip's Talent": 1224, "Karumonix, the Rat King": 1513, "Lord Skitter, Sewer King": 1698, "Persistent Marshstalker": 2070, "Piper of the Swarm": 2097, "Shoreline Looter": 2504, "Tangled Colony": 2773, "Vren, the Relentless": 3154, "Bring the Ending_SB": 347, "Pile On_SB": 2092, "Tangled Colony_SB": 2774, "Ayara, First of Locthwain": 169, "Brain Maggot": 327, "Erebos, Bleak-Hearted": 896, "Infernal Grasp": 1406, "Phyrexian Arena": 2077, "Underworld Dreams": 3031, "Corrupt_SB": 573, "Whack_SB": 3195, "Cinder Glade": 492, "Enter the Unknown": 891, "Mirrorwing Dragon": 1813, "Silverfur Partisan": 2526, "Temple of Abandon": 2790, "Young Pyromancer": 3261, "Zada, Hedron Grinder": 3266, "Temur Battle Rage_SB": 2804, "Turn Inside Out_SB": 2990, "Unnatural Moonrise_SB": 3048, "Night of the Sweets' Revenge": 1900, "Savor": 2381, "Thornvault Forager": 2883, "Tough Cookie": 2953, "Feed the Cycle_SB": 985, "Life Goes On_SB": 1652, "Savor_SB": 2382, "Abandoned Campground": 0, "Dollmaker's Shop // Porcelain Gallery": 748, "Grand Entryway // Elegant Rotunda": 1231, "Gremlin Tamer": 1243, "Inquisitive Glimmer": 1415, "Lionheart Glimmer": 1680, "Niko, Light of Hope": 1905, "Oppressive Rays": 1984, "Builder's Talent_SB": 364, "Divine Resilience_SB": 741, "Fear of Impostors_SB": 976, "Kitnap_SB": 1558, "Minor Misstep_SB": 1804, "Paladin Class_SB": 2036, "Stay Hidden, Stay Silent_SB": 2671, "Badlands Revival": 177, "Fertile Thicket": 995, "Festerleech": 998, "Foul Orchard": 1060, "Gix's Command": 1155, "Golgari Guildgate": 1220, "Hedge Shredder": 1312, "Hero's Downfall": 1328, "Jungle Hollow": 1488, "Quilled Greatwurm": 2166, "Slice from the Shadows": 2566, "Frantic Strength_SB": 1073, "Stab_SB": 2663, "Vraska's Fall_SB": 3149, "Alesha, Who Laughs at Fate": 55, "Davriel, Rogue Shadowmage": 636, "Fell": 991, "Grasp of Darkness": 1233, "Master of Cruelties": 1759, "Razorlash Transmogrant": 2210, "Razortrap Gorge": 2211, "Seize the Spoils": 2440, "Kaervek, the Spiteful_SB": 1491, "Painful Quandary_SB": 2033, "Witch's Vengeance_SB": 3217, "Eddymurk Crab": 824, "Haughty Djinn": 1291, "Stormwing Entity": 2692, "Gnarled Scarhide": 1179, "Madcap Skills": 1719, "Minotaur Skullcleaver": 1805, "Mogis's Marauder": 1823, "Rakdos Cackler": 2179, "Rakdos Shred-Freak": 2183, "Spike Jester": 2636, "Tormented Hero": 2945, "Doom Blade_SB": 751, "Ultimate Price_SB": 3015, "Consuming Aberration": 562, "Contaminated Aquifer": 567, "Didn't Say Please": 721, "Dimir Guildgate": 724, "Dreadwaters": 785, "Duskmantle Guildmage": 813, "Fell Specter": 992, "Jhessian Thief": 1481, "Mind Carver": 1798, "Mind Drain": 1799, "Murder": 1853, "Nezumi Informant": 1893, "Orzhov Racketeers": 1994, "Painful Quandary": 2032, "Paranoid Delusions": 2042, "Pilfered Plans": 2094, "Psychic Strike": 2150, "Razzle-Dazzler": 2213, "Read the Bones": 2214, "Sleep": 2563, "The Mindskinner": 2850, "Typhoid Rats": 3001, "Wall of Frost": 3159, "Witness Protection": 3225, "Aspect of Lamprey_SB": 143, "Blood Pact_SB": 269, "Crypt Incursion_SB": 607, "Dreadwaters_SB": 786, "Frogify_SB": 1079, "Mocking Sprite_SB": 1820, "Professor's Warning_SB": 2136, "Rogue's Gloves_SB": 2326, "Sinister Possession_SB": 2536, "Solemn Simulacrum_SB": 2592, "Sphinx of Magosi_SB": 2630, "Thieving Otter_SB": 2873, "Unlikely Aid_SB": 3044, "Zombify_SB": 3279, "Coruscation Mage": 574, "Aethersphere Harvester_SB": 35, "Burning Hands_SB": 372, "Giant Cindermaw_SB": 1134, "Lightning Mare_SB": 1664, "Wrangle_SB": 3241, "Ancient Imperiosaur": 71, "Belligerent Yearling": 223, "Fight Rigging": 1008, "Intrepid Paleontologist": 1437, "Ixalli's Lorekeeper": 1460, "Palani's Hatcher": 2037, "Regisaur Alpha": 2248, "Restless Ridgeline": 2280, "Shifting Ceratops": 2490, "Triumphant Chomp": 2982, "Thrashing Brontodon_SB": 2897, "Triumphant Chomp_SB": 2983, "Goblin Boarders": 1191, "Goblin Heelcutter": 1195, "Goblin Negotiation": 1199, "Goblin Surprise": 1204, "Goblinslide": 1210, "Guttersnipe": 1261, "Hellraiser Goblin": 1318, "Impact Tremors": 1393, "Pyrewild Shaman": 2154, "Redcap Gutter-Dweller": 2235, "Rigging Runner": 2297, "Subterranean Scout": 2706, "War Squeak": 3162, "Frenzied Goblin_SB": 1077, "Goblin Boarders_SB": 1192, "Goblin Surprise_SB": 1205, "Rundvelt Hordemaster_SB": 2347, "Searslicer Goblin_SB": 2424, "Siege-Gang Commander_SB": 2514, "Cruel Somnophage": 598, "Mercurial Spelldancer": 1782, "Mind Sculpt": 1800, "Ruin Crab": 2343, "Sign in Blood": 2517, "Syr Konrad, the Grim": 2757, "Bitter Chill_SB": 238, "Chart a Course_SB": 482, "See Double_SB": 2432, "Sphinx's Tutelage_SB": 2635, "Terisian Mindbreaker_SB": 2808, "Armored Kincaller": 128, "Burning Sun Cavalry": 373, "Captivating Cave": 398, "Cavern Stomper": 440, "Colossadactyl": 531, "Dinotomaton": 726, "Disturbed Slumber": 737, "Earthshaker Dreadmaw": 818, "Hidden Nursery": 1334, "Nurturing Bristleback": 1941, "Over the Edge": 2012, "Panicked Altisaur": 2039, "Pathfinding Axejaw": 2053, "Poison Dart Frog": 2108, "Promising Vein": 2141, "Rampaging Ceratops": 2194, "Rumbling Rockslide": 2345, "Scytheclaw Raptor": 2412, "Seeker of Sunlight": 2436, "Seismic Monstrosaur": 2438, "Walk with the Ancestors": 3158, "Bristling Backwoods": 350, "Deeproot Champion": 670, "Quirion Dryad": 2169, "Cast Out": 415, "Reptilian Reflection": 2262, "Irencrag Pyromancer_SB": 1450, "Nahiri's Resolve": 1867, "Tinker's Tote": 2915, "Dusk Rose Reliquary_SB": 812, "Unidentified Hovership_SB": 3040, "Vindictive Flamestoker_SB": 3107, "Garruk's Harbinger": 1099, "Inscription of Abundance": 1417, "Lifecrafter's Bestiary": 1655, "Feed the Clan_SB": 983, "Skyreaping_SB": 2557, "Bomat Courier": 295, "Falkenrath Gorger": 957, "Foreboding Ruins": 1048, "Forerunner of Slaughter": 1051, "Olivia, Mobilized for War": 1967, "Unlicensed Disintegration": 3041, "Rakdos Charm_SB": 2180, "Shock_SB": 2499, "Transgress the Mind_SB": 2963, "Briarbridge Tracker": 340, "Hard-Hitting Question": 1279, "Subterranean Schooner": 2705, "Teething Wurmlet": 2784, "Vineglimmer Snarl": 3108, "Briarbridge Tracker_SB": 341, "Hard-Hitting Question_SB": 1280, "Island_SB": 1455, "Unsummon_SB": 3053, "Gingerbread Cabin": 1152, "Rampage of the Clans": 2193, "Hangarback Walker_SB": 1275, "Earthshaker Khenra": 819, "Mirran Banesplitter": 1807, "Rimrock Knight": 2299, "Azorius Guildgate": 173, "Boros Guildgate": 317, "Gate Colossus": 1105, "Gatebreaker Ram": 1106, "Gates Ablaze": 1107, "Gateway Plaza": 1109, "Glaive of the Guildpact": 1159, "Gruul Guildgate": 1253, "Guild Summit": 1259, "Hour of Promise": 1368, "Izzet Guildgate": 1463, "Maze's End": 1767, "Open the Gates": 1982, "Orzhov Guildgate": 1993, "Plaza of Harmony": 2104, "Rakdos Guildgate": 2181, "Selesnya Guildgate": 2442, "Simic Guildgate": 2531, "Thran Portal": 2894, "Archway Angel_SB": 123, "Crackling Perimeter_SB": 585, "Strategic Planning": 2696, "Wandering Fumarole": 3160, "Essence Scatter_SB": 910, "Frantic Firebolt_SB": 1070, "Behold the Multiverse": 221, "Saw It Coming": 2384, "Thirst for Discovery": 2879, "Primal Might": 2130, "Experiment One_SB": 926, "Toxin Analysis_SB": 2956, "Smoldering Marsh": 2577, "Banehound": 192, "Curator of Mysteries": 620, "Mire Triton": 1806, "Rush of Vitality_SB": 2355, "Goblin Blast-Runner": 1190, "Implement of Combustion": 1395, "Krenko, Baron of Tin Street": 1591, "Voltage Surge": 3138, "Sunshot Militia_SB": 2726, "Essence Scatter": 909, "Flow of Knowledge": 1039, "Quick Study_SB": 2164, "Shifting Grift_SB": 2492, "Crawling Barrens": 592, "Memorial to Folly": 1775, "Power Word Kill": 2123, "Ob Nixilis Reignited_SB": 1949, "Blacklance Paragon": 243, "Brineborn Cutthroat": 346, "Cunning Nightbonder": 617, "Reasonable Doubt": 2219, "Sea-Dasher Octopus": 2414, "Ashiok's Erasure_SB": 134, "Spectral Adversary_SB": 2621, "Roast_SB": 2321, "Arcane Infusion": 106, "Xenagos, God of Revels": 3246, "Aetherize_SB": 33, "Into the Roil_SB": 1434, "Volcanic Spite_SB": 3133, "Flame-Blessed Bolt_SB": 1023, "Ral, Izzet Viceroy_SB": 2188, "You See a Guard Approach_SB": 3259, "Aether Hub": 30, "Attune with Aether": 155, "Gather the Pack": 1112, "Lotleth Troll": 1703, "Cragplate Baloth_SB": 588, "Plains_SB": 2101, "Sporeweb Weaver_SB": 2653, "Beastie Beatdown": 215, "Return to Nature_SB": 2289, "Alseid of Life's Bounty": 63, "Hateful Eidolon": 1290, "Karametra's Blessing": 1506, "Agent of the Fates_SB": 45, "Dead Weight_SB": 648, "Eriette of the Charmed Apple_SB": 897, "Pacifism_SB": 2030, "Evolving Wilds": 917, "Good-Fortune Unicorn": 1222, "Mossborn Hydra": 1844, "Ochre Jelly": 1960, "Sylvan Scavenging": 2753, "Wildwood Scourge": 3204, "Gaea's Gift_SB": 1091, "Gnarlid Colony_SB": 1180, "Inscription of Abundance_SB": 1418, "Trash the Town_SB": 2967, "Bristling Hydra": 351, "Electrostatic Pummeler": 843, "Fling": 1032, "Ghor-Clan Rampager": 1128, "Harnessed Lightning": 1286, "Servant of the Conduit": 2456, "Axebane Ferox_SB": 167, "Deathgorge Scavenger_SB": 657, "Gruul Spellbreaker_SB": 1254, "Insult // Injury_SB": 1427, "Wilt_SB": 3208, "Legion Angel": 1628, "Legion Angel_SB": 1629, "Gideon's Triumph_SB": 1145, "Hopeful Vigil": 1358, "Sigil of the Empty Throne": 2516, "Spirit-Sister's Call": 2645, "Banishing Light_SB": 197, "Cast Out_SB": 416, "Dreadhorde Invasion_SB": 782, "Trespasser's Curse_SB": 2975, "Arashin Foremost": 102, "Blood-Chin Rager": 271, "Chief of the Edge": 484, "Gutterbones": 1260, "Mardu Strike Leader": 1748, "Mardu Woe-Reaper": 1749, "Rally the Ranks": 2190, "Secure the Wastes": 2431, "Usher of the Fallen": 3070, "Bedlam Reveler": 219, "Warlord's Fury": 3168, "Ox of Agonas_SB": 2028, "Angel of Invention": 72, "Combat Celebrant": 536, "God-Pharaoh's Gift": 1211, "Refurbish": 2242, "Arashin Cleric_SB": 101, "Commit // Memory": 544, "Think Twice": 2876, "Sphinx's Revelation_SB": 2633, "Spinner of Souls_SB": 2641, "Seal from Existence": 2418, "Ghostly Dancers_SB": 1132, "Seal from Existence_SB": 2419, "Connive // Concoct_SB": 555, "Torrential Gearhulk_SB": 2950, "Outrageous Robbery": 2009, "Boltwave_SB": 294, "Fatal Grudge": 966, "Gnarlroot Trapper": 1181, "Valley Floodcaller_SB": 3082, "Valorous Stance_SB": 3085, "Pillage the Bog_SB": 2096, "Aether Channeler": 27, "Foul Emissary": 1059, "Fiery Annihilation_SB": 1004, "Arahbo, the First Fang": 100, "Felidar Cub": 989, "Feline Sovereign": 990, "Sacred Cat": 2357, "Savannah Lions": 2380, "Reckless Stormseeker_SB": 2228, "Archfiend of Depravity": 114, "Archfiend of Depravity_SB": 115, "Fade from History_SB": 947, "Loot, Exuberant Explorer": 1692, "Quicken": 2165, "Banish into Fable": 194, "Reluctant Role Model": 2254, "Furnace Punisher": 1086, "March of Swirling Mist": 1744, "Invasive Surgery_SB": 1444, "Stormsplitter": 2691, "Thousand-Year Storm": 2892, "Cathartic Pyre_SB": 431, "Tamiyo, Collector of Tales_SB": 2771, "Michiko's Reign of Truth": 1793, "Anthem of Champions_SB": 92, "Fear of Abduction": 974, "Overwhelming Remorse_SB": 2026, "Brotherhood's End": 357, "Return the Favor_SB": 2288, "Dennick, Pious Apprentice_SB": 694, "Sire of Seven Deaths_SB": 2540, "Dissection Tools": 736, "Dollmaker's Shop && Porcelain Gallery": 747, "Kami of Transience": 1504, "Surgical Suite && Hospital Room_SB": 2737, "Regal Bunnicorn": 2244, "Ashiok, Wicked Manipulator": 140, "Ajani, Strength of the Pride": 50, "Case of the Uneaten Feast": 413, "Trelasarra, Moon Dancer": 2974, "Floriferous Vinewall": 1037, "Urborg Lhurgoyf": 3063, "Aether Channeler_SB": 28, "Kambal, Consul of Allocation": 1501, "Tectonic Hazard_SB": 2783, "Zephyr Sentinel_SB": 3272, "Harmonious Archon": 1284, "Sandstorm Salvager": 2371, "Kayla's Reconstruction_SB": 1527, "Surrak Dragonclaw": 2738, "Frantic Scapegoat": 1071, "Ritual of Soot": 2310, "Inscription of Ruin": 1419, "Callous Sell-Sword_SB": 392, "Destroy Evil": 708, "Serra Paragon_SB": 2455, "Breeding Pool_SB": 339, "Woodland Bellower": 3233, "Heartflame Duelist": 1308, "Inspiring Veteran": 1426, "Knight of Dusk's Shadow": 1564, "Knight of the Ebon Legion": 1568, "Tournament Grounds": 2954, "Venerable Knight": 3099, "Worthy Knight": 3240, "Knight of Dusk's Shadow_SB": 1565, "Filter Out": 1011, "Chance for Glory": 459, "Teferi, Who Slows the Sunset": 2788, "Bag of Holding_SB": 179, "Zirda, the Dawnwaker_SB": 3276, "Despise_SB": 705, "Lifebane Zombie_SB": 1654, "Sunspine Lynx": 2727, "Light Up the Stage_SB": 1657, "God-Pharaoh's Statue_SB": 1212, "Smuggler's Surprise_SB": 2580, "Wakeroot Elemental_SB": 3157, "Cindervines": 494, "Fetid Pools": 999, "Silvergill Adept": 2528, "Triton Shorestalker": 2979, "The Flame of Keld": 2839, "Wakeroot Elemental": 3156, "Dreadbore": 777, "Nicol Bolas, the Ravager": 1897, "Omen of the Forge": 1971, "The Kami War": 2844, "Isareth the Awakener": 1453, "Legion Extruder_SB": 1631, "This Town Ain't Big Enough": 2881, "Remorseful Cleric": 2255, "Nissa, Who Shakes the World": 1915, "Bilious Skulldweller": 232, "Chevill, Bane of Monsters": 483, "Fynn, the Fangbearer": 1090, "Heroic Intervention": 1329, "Malakir Rebirth": 1732, "Wasteland Viper": 3175, "Infectious Bite_SB": 1405, "Unauthorized Exit_SB": 3022, "Nahiri's Warcrafting_SB": 1868, "Akal Pakal, First Among Equals": 52, "Courser of Kruphix": 580, "Simic Manipulator": 2532, "Timestream Navigator": 2914, "Azure Beastbinder_SB": 175, "Mockingbird_SB": 1822, "Simic Manipulator_SB": 2533, "Trygon Predator_SB": 2987, "Caretaker's Talent_SB": 401, "Rite of Oblivion_SB": 2308, "Kogla, the Titan Ape": 1575, "Cavalier of Thorns_SB": 438, "Ulvenwald Oddity_SB": 3017, "Depala, Pilot Exemplar": 695, "Magda, Brazen Outlaw": 1724, "Roaming Throne": 2316, "Veteran Motorist": 3104, "Crumbling Vestige": 604, "Sylvan Awakening": 2749, "The Mightstone and Weakstone_SB": 2849, "Kogla and Yidaro_SB": 1574, "Kogla and Yidaro": 1573, "Trumpeting Carnosaur_SB": 2986, "Last Breath_SB": 1614, "Dusk // Dawn_SB": 809, "Thunderherd Migration": 2906, "Boros Elite": 316, "Guardian of New Benalia": 1258, "Mobilized District": 1819, "Precinct Captain": 2128, "Soldier of the Pantheon": 2591, "Spellbook Vendor": 2628, "Sungold Sentinel": 2719, "Banisher Priest_SB": 195, "Bounty Agent_SB": 325, "Rally the Ranks_SB": 2191, "Wicked Wolf_SB": 3200, "Renegade Tactics": 2260, "Fear of Isolation": 977, "Built to Smash": 365, "Wayward Guide-Beast": 3179, "Voldaren Thrillseeker_SB": 3136, "Siphon Insight_SB": 2537, "Imodane's Recruiter_SB": 1392, "Glorious Protector_SB": 1177, "Niambi, Esteemed Speaker_SB": 1894, "The Wandering Rescuer_SB": 2866, "Into the Story": 1435, "Syr Ginger, the Meal Ender_SB": 2756, "Augur of Bolas": 158, "Essence Flux": 908, "Apostle of Purifying Light": 94, "Thran Power Suit": 2895, "Treacherous Blessing_SB": 2970, "Umori, the Collector_SB": 3018, "Grasp of Darkness_SB": 1234, "Necrotic Wound": 1885, "Necrotic Wound_SB": 1886, "Souls of the Lost_SB": 2614, "Kappa Tech-Wrecker": 1505, "Eldrazi Displacer_SB": 839, "Fleeting Spirit": 1028, "Lore Drakkis": 1699, "Open the Omenpaths": 1983, "Vadrok, Apex of Thunder": 3072, "Crucible of Worlds": 597, "Destiny Spinner": 706, "Sin Collector_SB": 2535, "Cult Conscript": 615, "Mutavault_SB": 1860, "Mukotai Ambusher_SB": 1852, "Cleansing Wildfire_SB": 509, "Vanish into Eternity_SB": 3089, "Tribute to Horobi": 2977, "Hunter's Talent_SB": 1375, "Vengeful Possession": 3102, "Hidetsugu's Second Rite_SB": 1338, "Nurturing Pixie": 1942, "Preacher of the Schism_SB": 2127, "Pia Nalaar, Consul of Revival": 2087, "Showdown of the Skalds": 2506, "Bassara Tower Archer": 208, "Cloudsteel Kirin": 518, "Lizard Blades": 1683, "Searing Blood": 2421, "Bomat Courier_SB": 296, "Magma Spray_SB": 1729, "Stalactite Stalker": 2665, "Lamplight Phoenix_SB": 1609, "Pawpatch Recruit_SB": 2059, "Omen of the Dead": 1969, "Sentinel of the Nameless City_SB": 2451, "Sharp-Eyed Rookie": 2478, "Ayara's Oathsworn": 168, "Council of the Absolute_SB": 577, "Adventurous Impulse": 25, "Arcane Proxy": 107, "Chrome Host Seedshark": 490, "See the Truth": 2433, "Ambitious Farmhand": 66, "Cascading Cataracts": 406, "Helpful Hunter": 1320, "Thalia's Lancers": 2817, "Wilt-Leaf Liege_SB": 3207, "Augur of Autumn_SB": 157, "Lavabrink Venturer_SB": 1617, "Cavalier of Dawn": 435, "Kotose, the Silent Spider": 1585, "Fanatic of Mogis": 960, "Solphim, Mayhem Dominus": 2595, "Thalia and The Gitrog Monster": 2816, "Dreadbore_SB": 778, "Shatterskull Smashing_SB": 2481, "Prosperous Thief_SB": 2147, "Barkhide Troll": 203, "Gather Courage": 1110, "Tribute to the World Tree": 2978, "Setessan Tactics_SB": 2459, "Oblivious Bookworm": 1954, "Cerulean Drake_SB": 453, "Bloodthirsty Conqueror": 278, "Dina, Soul Steeper": 725, "Dryad of the Ilysian Grove": 804, "Jaddi Offshoot": 1475, "Mirrorpool": 1810, "Retreat to Hagra": 2286, "Bristly Bill, Spine Sower_SB": 353, "Undergrowth Champion_SB": 3030, "Bladehold War-Whip": 249, "Nahiri, Forged in Fury": 1869, "Sword of Forge and Frontier": 2747, "Rebel Salvo_SB": 2221, "Silverback Elder": 2524, "Celestial Armor": 445, "Etali, Primal Conqueror": 911, "Massacre Wurm": 1757, "Perilous Snare": 2067, "Repurposing Bay_SB": 2265, "Mendicant Core, Guidelight": 1780, "Voyager Glidecar": 3145, "Patchwork Automaton": 2048, "Momentum Breaker_SB": 1829, "Birgi, God of Storytelling": 233, "Crater's Claws": 591, "Zurgo Bellstriker_SB": 3285, "Zareth San, the Trickster": 3269, "Hare Apparent": 1282, "Greasewrench Goblin": 1240, "Moonshaker Cavalry_SB": 1840, "Grim Bauble": 1245, "Momentum Breaker": 1828, "Oildeep Gearhulk_SB": 1962, "Count on Luck_SB": 578, "Shacklegeist_SB": 2463, "Valor's Flagship": 3084, "Monument to Endurance_SB": 1836, "Chaplain of Alms": 475, "Rune of Might": 2348, "Liliana, Heretical Healer_SB": 1672, "Sab-Sunen, Luxa Embodied": 2356, "Archfiend's Vessel": 118, "Merfolk Secretkeeper": 1783, "Brightglass Gearhulk": 343, "Dredger's Insight": 793, "Coalstoke Gearhulk": 519, "Ossification_SB": 1997, "Grim Bauble_SB": 1246, "Memory Guardian": 1778, "Djeru's Renunciation": 744, "Marauding Mako": 1739, "Monument to Endurance": 1835, "Sunbillow Verge": 2713, "Ketramose, the New Dawn_SB": 1546, "Mastermind's Acquisition": 1760, "Mukotai Ambusher": 1851, "Bloodghast": 274, "Molt Tender": 1825, "Driven // Despair_SB": 795, "Ashiok, Wicked Manipulator_SB": 141, "Anim Pakal, Thousandth Moon": 82, "Basri, Tomorrow's Champion": 207, "Urza's Ruinous Blast_SB": 3067, "The Speed Demon": 2860, "Intimidation Tactics_SB": 1430, "Oildeep Gearhulk": 1961, "Optimistic Scavenger_SB": 1987, "Virtue of Strength": 3116, "Roxanne, Starfall Savant_SB": 2337, "Willowrush Verge": 3205, "Freestrider Lookout": 1075, "Ketramose, the New Dawn": 1545, "Scrabbling Claws": 2402, "Commune with Spirits": 547, "Goro-Goro, Disciple of Ryusei": 1223, "Radha, Heart of Keld": 2171, "Redshift, Rocketeer Chief": 2238, "Bleachbone Verge": 256, "Detention Chariot": 711, "Tune Up": 2988, "Kaya the Inexorable_SB": 1517, "Thundering Broodwagon": 2907, "Fearless Swashbuckler": 979, "Gastal Thrillroller": 1104, "Ashiok, Nightmare Weaver": 139, "Hazoret, Godseeker": 1302, "Leyline Binding_SB": 1638, "Jace's Defeat_SB": 1466, "Norin, Swift Survivalist": 1927, "Wastewood Verge": 3176, "Avishkar Raceway": 166, "Fuel the Flames_SB": 1084, "Skycrash_SB": 2554, "Mindlink Mech_SB": 1802, "Murderous Cut": 1855, "Anguished Unmaking_SB": 81, "Drownyard Temple": 802, "Quag Feast": 2157, "Boommobile": 308, "Hedron Archive": 1313, "Paradox Engine": 2041, "Portal of Sanctuary": 2118, "Repurposing Bay": 2264, "Terrarion": 2810, "The Mightstone and Weakstone": 2848, "Thran Spider": 2896, "Workshop Assistant": 3235, "Liberator, Urza's Battlethopter_SB": 1649, "Shrapnel Slinger_SB": 2510, "Benthic Biomancer": 224, "Mindspring Merfolk": 1803, "Eaten Alive_SB": 821, "Biting-Palm Ninja_SB": 237, "Kazuul's Toll Collector": 1530, "Immersturm Raider": 1390, "The Speed Demon_SB": 2861, "Harrier Strix": 1287, "Hypnotic Grifter": 1379, "The Reality Chip": 2853, "Training Grounds": 2960, "Basilisk Collar_SB": 205, "Burnout Bashtronaut": 375, "Draconautics Engineer": 763, "Howlsquad Heavy": 1369, "Volley Veteran_SB": 3137, "Swiftfoot Boots_SB": 2746, "Stock Up": 2681, "Riverpyre Verge": 2313, "Concealing Curtains": 549, "Riptide Gearhulk_SB": 2304, "Blade Historian": 246, "Pyre of Heroes": 2153, "Night Clubber_SB": 1899, "Aegis Turtle_SB": 26, "Ride's End": 2295, "Analyze the Pollen": 68, "Cleansing Wildfire": 508, "Crumble to Dust": 603, "Encroaching Wastes": 878, "Gnottvold Slumbermound": 1183, "Haphazard Bombardment": 1278, "Jaya's Greeting": 1477, "Ravager Wurm": 2205, "Rowan, Scholar of Sparks": 2336, "Rubble Reading": 2340, "Sheltered Thicket": 2483, "Structural Distortion": 2700, "Sylvan Primordial": 2752, "Territory Forge": 2811, "Twin Bolt": 2993, "Herbology Instructor_SB": 1326, "Nissa's Defeat_SB": 1910, "Peak Eruption_SB": 2060, "Scrabbling Claws_SB": 2403, "Battle at the Bridge": 210, "Spire of Industry": 2642, "Battle at the Bridge_SB": 211, "Borrowed Hostility": 318, "Barbed Batterfist": 200, "Webstrike Elite": 3185, "Demilich_SB": 683, "Progenitor Mimic": 2139, "Banefire": 190, "Steel Seraph": 2675, "Regal Imperiosaur": 2247, "Violent Urge_SB": 3111, "Boon of Boseiju": 309, "Esika's Chariot_SB": 905, "Champion of the Perished": 458, "Cryptbreaker": 608, "Dark Salvation": 631, "Dread Wanderer": 776, "Relentless Dead": 2252, "Wayward Servant": 3180, "Zahur, Glory's Past": 3268, "Fighter Class": 1010, "Chainsaw_SB": 457, "Nettle Guard_SB": 1891, "Sword of Forge and Frontier_SB": 2748, "Expedition Map_SB": 924, "Stock Up_SB": 2682, "Maximize Velocity": 1764, "Birgi, God of Storytelling_SB": 234, "Samut's Sprint": 2363, "Omen of the Dead_SB": 1970, "Lazav, Wearer of Faces": 1621, "Medomai the Ageless": 1773, "Riptide Gearhulk": 2303, "Carnage Tyrant": 402, "Gather Courage_SB": 1111, "Etali, Primal Conqueror_SB": 912, "Feather, the Redeemed": 980, "Feather, the Redeemed_SB": 981, "Dewdrop Cure": 717, "Healer's Hawk": 1304, "Linden, the Steadfast Queen": 1675, "Rogue's Passage": 2327, "Ruin-Lurker Bat": 2344, "Afterburner Expert": 37, "Adorned Pouncer": 23, "Roadside Reliquary": 2315, "Keruga, the Macrosage": 1542, "Twinshot Sniper": 2997, "Twinshot Sniper_SB": 2998, "Satoru Umezawa": 2375, "Cry of the Carnarium": 605, "Kaya, Orzhov Usurper": 1523, "Calamity's Wake_SB": 386, "Out of Air_SB": 2003, "Spontaneous Mutation_SB": 2652, "Sunder the Gateway": 2715, "Knight of Grace": 1566, "Bladestitched Skaab": 250, "Lazotep Reaver": 1624, "Enduring Tenacity_SB": 886, "Rocketeer Boostbuggy": 2322, "Chandra, Spark Hunter_SB": 470, "Phoenix Chick": 2075, "Mortify": 1842, "Gix's Command_SB": 1156, "Fuel the Flames": 1083, "Graf Reaver_SB": 1226, "Kraul Whipcracker_SB": 1588, "Fear of Impostors": 975, "Riptide Chimera": 2302, "Dive Down_SB": 740, "Witchstalker_SB": 3220, "Demonic Bargain": 686, "Blood Spatter Analysis": 270, "Soul-Scar Mage_SB": 2610, "Osseous Sticktwister": 1995, "Korvold, Fae-Cursed King_SB": 1584, "Dive Down": 739, "Jace Reawakened_SB": 1465, "Blessed Defiance": 259, "Seasoned Hallowblade": 2427, "The Mycosynth Gardens": 2851, "Alrund's Epiphany": 62, "Loot, the Pathfinder": 1693, "Burning Earth_SB": 371, "Fugitive Codebreaker": 1085, "Tireless Tracker_SB": 2919, "Invasion of New Phyrexia_SB": 1442, "Tangled Florahedron": 2775, "Healer of the Glade_SB": 1303, "Tale's End_SB": 2764, "Gisa, the Hellraiser_SB": 1153, "Ride's End_SB": 2296, "Omen of the Sun_SB": 1974, "Seeker of the Way_SB": 2437, "Redcap Melee": 2236, "Commence the Endgame_SB": 541, "Beseech the Mirror_SB": 226, "Forbidden Friendship": 1047, "Collective Effort_SB": 526, "Perilous Snare_SB": 2068, "Setessan Champion": 2457, "Trapped in the Screen": 2965, "Trapped in the Screen_SB": 2966, "Cryptolith Rite": 611}}