{"vocabulary": {"Brazen Borrower": 327, "Clearwater Pathway": 503, "Darkslick Shores": 625, "Faerie Miscreant": 944, "Fatal Push": 956, "Floodpits Drowner": 1023, "Gloomlake Verge": 1158, "Hall of Storm Giants": 1251, "Island": 1438, "Kaito Shizuki": 1475, "Kaito, Bane of Nightmares": 1477, "Mockingbird": 1803, "Moon-Circuit Hacker": 1821, "Mutavault": 1842, "Ornithopter": 1971, "Otawara, Soaring City": 1978, "Thoughtseize": 2866, "Watery Grave": 3152, "Aclazotz, Deepest Betrayal_SB": 15, "Aether Gust_SB": 28, "Anoint with Affliction_SB": 87, "Disdainful Stroke_SB": 722, "Dokuchi Silencer_SB": 738, "Spell Pierce_SB": 2600, "Unlicensed Hearse_SB": 3016, "Atraxa, Grand Unifier": 148, "Bitter Triumph": 234, "Blackcleave Cliffs": 236, "Blightstep Pathway": 255, "Blood Crypt": 261, "Case of the Stashed Skeleton": 406, "Duress": 798, "Extinction Event": 922, "Fable of the Mirror-Breaker": 930, "Fountainport": 1053, "Haunted Ridge": 1277, "Mountain": 1829, "Ob Nixilis, the Adversary": 1931, "Rakdos Joins Up": 2160, "Reckoner Bankbuster": 2208, "Sheoldred's Edict": 2462, "Sokenzan, Crucible of Defiance": 2566, "Swamp": 2716, "Torch the Tower": 2919, "Transmogrify": 2939, "Urborg, Tomb of Yawgmoth": 3038, "Damping Sphere_SB": 620, "Duress_SB": 799, "Extinction Event_SB": 923, "Hidetsugu Consumes All_SB": 1319, "Jegantha, the Wellspring_SB": 1460, "Leyline of the Void_SB": 1628, "Ob Nixilis, the Adversary_SB": 1932, "Reckoner Bankbuster_SB": 2209, "Urabrask's Forge_SB": 3035, "Arclight Phoenix": 121, "Consider": 549, "Fiery Impulse": 994, "Ledger Shredder": 1606, "Lightning Axe": 1640, "Opt": 1964, "Picklock Prankster": 2068, "Prismari Command": 2109, "Proft's Eidetic Memory": 2114, "Riverglide Pathway": 2291, "Sleight of Hand": 2541, "Spell Pierce": 2599, "Spikefield Hazard": 2612, "Spirebluff Canal": 2618, "Steam Vents": 2647, "Stormcarved Coast": 2663, "Treasure Cruise": 2946, "Ashiok, Dream Render_SB": 133, "Brazen Borrower_SB": 328, "Brotherhood's End_SB": 352, "Chandra's Defeat_SB": 456, "Crackling Drake_SB": 577, "Mystical Dispute_SB": 1848, "Negate_SB": 1871, "Pyroclasm_SB": 2133, "Young Pyromancer_SB": 3236, "Battlefield Forge": 207, "Bloodtithe Harvester": 274, "Concealed Courtyard": 540, "Elegant Parlor": 834, "Fear of Missing Out": 967, "Godless Shrine": 1197, "Greasefang, Okiba Boss": 1222, "Kroxa, Titan of Death's Hunger": 1576, "Overlord of the Balemurk": 1995, "Parhelion II": 2022, "Sacred Foundry": 2337, "Skysovereign, Consul Flagship": 2534, "Takenuma, Abandoned Mire": 2737, "Elesh Norn, Mother of Machines_SB": 838, "Kutzil's Flanker_SB": 1583, "Loran of the Third Path_SB": 1675, "Portable Hole_SB": 2095, "Vanishing Verse_SB": 3065, "Breeding Pool": 332, "Cavern of Souls": 435, "Elesh Norn, Mother of Machines": 837, "Enigmatic Incarnation": 877, "Glarb, Calamity's Augur": 1144, "Glasspool Mimic": 1148, "Go for the Throat": 1170, "High Noon": 1323, "Hushwood Verge": 1361, "Indatha Triome": 1383, "Knight of Autumn": 1541, "Kroxa and Kunoros": 1575, "Kutzil's Flanker": 1582, "Leyline Binding": 1617, "Nowhere to Run": 1915, "Noxious Gearhulk": 1917, "Overgrown Tomb": 1993, "Overlord of the Boilerbilges": 1997, "Overlord of the Floodpits": 1999, "Overlord of the Hauntwoods": 2000, "Sanctuary Warden": 2346, "Skyclave Apparition": 2527, "Spara's Headquarters": 2591, "Temple Garden": 2766, "Titan of Industry": 2900, "Up the Beanstalk": 3032, "Zagoth Triome": 3241, "Zur, Eternal Schemer": 3256, "Agent of Treachery_SB": 42, "Archon of Emeria_SB": 118, "Go for the Throat_SB": 1171, "Nezahal, Primal Tide_SB": 1874, "Nimble Larcenist_SB": 1889, "Rest in Peace_SB": 2252, "Thought Distortion_SB": 2862, "Thoughtseize_SB": 2867, "Yorion, Sky Nomad_SB": 3230, "Adarkar Wastes": 19, "Eiganjo, Seat of the Empire": 824, "Enduring Curiosity": 870, "Get Lost": 1107, "Hallowed Fountain": 1252, "Hengegate Pathway": 1304, "Invasion of Gobakhan": 1422, "Mausoleum Wanderer": 1744, "No More Lies": 1904, "Plains": 2078, "Rattlechains": 2181, "Seachrome Coast": 2392, "Sheltered by Ghosts": 2460, "Spell Queller": 2601, "Supreme Phantom": 2706, "The Wandering Emperor": 2841, "Wedding Announcement": 3160, "Enduring Innocence_SB": 873, "Get Lost_SB": 1108, "Ghost Vacuum_SB": 1118, "Skyclave Apparition_SB": 2528, "Split Up_SB": 2625, "Three Steps Ahead_SB": 2877, "Nahiri, the Harbinger": 1852, "Cathar Commando_SB": 422, "Nahiri, the Harbinger_SB": 1853, "Archfiend of the Dross": 113, "Bloodletter of Aclazotz": 269, "Castle Locthwain": 415, "Caves of Koilos": 437, "Invoke Despair": 1431, "Unholy Annex && Ritual Chamber": 3007, "Unstoppable Slasher": 3022, "Vanishing Verse": 3064, "Farewell_SB": 954, "Invoke Despair_SB": 1432, "Liliana of the Veil_SB": 1649, "Castle Vantress": 417, "Censor": 447, "Change the Equation": 467, "Cling to Dust": 508, "Deadly Cover-Up": 641, "Deduce": 659, "Dig Through Time": 714, "Drown in the Loch": 792, "Fabled Passage": 932, "Field of Ruin": 989, "Hive of the Eye Tyrant": 1329, "Memory Deluge": 1756, "Negate": 1870, "Phantom Interference": 2051, "Restless Reef": 2258, "Shark Typhoon": 2452, "The Meathook Massacre": 2824, "Three Steps Ahead": 2876, "Undercity Sewers": 2999, "Blot Out_SB": 281, "Change the Equation_SB": 468, "Cut Down_SB": 618, "Jace, Vryn's Prodigy_SB": 1453, "Kalitas, Traitor of Ghet_SB": 1482, "Narset, Parter of Veils_SB": 1861, "The Meathook Massacre_SB": 2825, "Cryptic Coat": 602, "Darksteel Citadel": 626, "Ensoul Artifact": 878, "Inti, Seneschal of the Sun": 1412, "Legion Extruder": 1610, "Shadowspear": 2442, "Shivan Reef": 2473, "Shrapnel Blast": 2484, "Smuggler's Copter": 2554, "Spyglass Siren": 2633, "Voldaren Epicure": 3110, "Zoetic Glyph": 3251, "Magebane Lizard_SB": 1707, "Rending Volley_SB": 2237, "Voltage Surge_SB": 3115, "Deserted Beach": 695, "Dovin's Veto": 752, "Farewell": 953, "Floodfarm Verge": 1022, "March of Otherworldly Light": 1722, "Narset, Parter of Veils": 1860, "Portable Hole": 2094, "Restless Anchorage": 2253, "Split Up": 2624, "Sunken Citadel": 2697, "Supreme Verdict": 2707, "Teferi, Hero of Dominaria": 2762, "Beza, the Bounding Spring_SB": 224, "Enduring Curiosity_SB": 871, "Kaheera, the Orphanguard_SB": 1474, "Shark Typhoon_SB": 2453, "Anointed Peacekeeper": 88, "Archon of Emeria": 117, "Aven Interrupter": 160, "Branchloft Pathway": 322, "Brushland": 353, "Collected Company": 515, "Elvish Mystic": 852, "Enduring Innocence": 872, "Kellan, Daring Traveler": 1514, "Llanowar Elves": 1664, "Razorverge Thicket": 2191, "Shefet Dunes": 2458, "Thalia, Guardian of Thraben": 2796, "Voice of Resurgence": 3099, "Werefox Bodyguard": 3165, "Anointed Peacekeeper_SB": 89, "Brutal Cathar_SB": 355, "Elite Spellbinder_SB": 841, "Gideon, Ally of Zendikar_SB": 1132, "The Wandering Emperor_SB": 2842, "Werefox Bodyguard_SB": 3166, "Callous Sell-Sword": 385, "Claim // Fame": 495, "Den of the Bugbear": 684, "Dreadmaw's Ire": 775, "Emberheart Challenger": 858, "Heartfire Hero": 1289, "Infuriate": 1391, "Kumano Faces Kakkazan": 1578, "Manifold Mouse": 1718, "Monastery Swiftspear": 1814, "Monstrous Rage": 1816, "Ramunap Ruins": 2177, "Slickshot Show-Off": 2544, "Sulfurous Springs": 2685, "Claim // Fame_SB": 496, "Feed the Swarm_SB": 976, "Hazoret the Fervent_SB": 1283, "Reckless Rage_SB": 2205, "Sheoldred's Edict_SB": 2463, "Inspiring Vantage": 1408, "Sheoldred, the Apocalypse_SB": 2465, "Aclazotz, Deepest Betrayal": 14, "Bandit's Talent": 183, "Demolition Field": 676, "Foulmire Knight": 1049, "Geier Reach Sanitarium": 1101, "Go Blank": 1167, "Graveyard Trespasser": 1219, "Hostile Investigator": 1349, "Liliana of the Veil": 1648, "Sheoldred, the Apocalypse": 2464, "Waste Not": 3147, "Go Blank_SB": 1168, "Path of Peril_SB": 2029, "Pithing Needle_SB": 2077, "Caustic Bronco_SB": 428, "March of Wretched Sorrow_SB": 1727, "Rockface Village": 2302, "Rockface Village_SB": 2303, "Ancestral Anger": 67, "Reckless Rage": 2204, "Titan's Strength": 2902, "Fatal Push_SB": 957, "Soul Transfer": 2581, "Withering Torment_SB": 3198, "Hidetsugu Consumes All": 1318, "Abrade_SB": 4, "Prismari Command_SB": 2110, "Redcap Melee_SB": 2216, "Artist's Talent": 127, "Anger of the Gods_SB": 75, "Annul_SB": 85, "Beacon Bolt_SB": 208, "Third Path Iconoclast_SB": 2856, "Rite of the Moth": 2288, "Shattered Sanctum": 2455, "Sundown Pass": 2693, "Valgavoth, Terror Eater": 3050, "Dark Betrayal_SB": 621, "Fracture_SB": 1056, "Lost Legacy_SB": 1681, "Blazemire Verge": 247, "Heartless Act": 1291, "Kolaghan's Command_SB": 1558, "Angel of Serenity": 71, "Beza, the Bounding Spring": 223, "Forest": 1040, "Ketria Triome": 1527, "Moon-Blessed Cleric": 1819, "Raffine's Tower": 2153, "Stomping Ground": 2659, "Sunpetal Grove": 2700, "Ziatora's Proving Ground": 3249, "Dovin's Veto_SB": 753, "High Noon_SB": 1324, "Knockout Blow_SB": 1551, "Ruric Thar, the Unbowed_SB": 2330, "Hullbreaker Horror_SB": 1357, "Dreadhorde Arcanist": 771, "Turn Inside Out": 2962, "Rampaging Ferocidon_SB": 2175, "Castle Ardenvale": 411, "Raugrin Triome": 2183, "Settle the Wreckage": 2437, "Temporary Lockdown": 2778, "Regal Caracal_SB": 2225, "Temporary Lockdown_SB": 2779, "Blooming Marsh": 277, "Boseiju, Who Endures": 311, "Cache Grab": 377, "Esika's Chariot": 893, "Grisly Salvage": 1230, "Raffine's Informant": 2152, "Abrupt Decay_SB": 6, "Deafening Silence_SB": 646, "Cavalier of Thorns": 431, "Invasion of Ixalan": 1424, "Kiora, Behemoth Beckoner": 1531, "Lair of the Hydra": 1588, "Leyline of the Guildpact": 1626, "Nykthos, Shrine to Nyx": 1925, "Old-Growth Troll": 1947, "Outcaster Trailblazer": 1984, "Polukranos Reborn": 2087, "Storm the Festival": 2662, "Ulvenwald Oddity": 2988, "Arasta of the Endless Web_SB": 101, "Cityscape Leveler_SB": 493, "Emrakul, the Promised End_SB": 864, "Nylea's Intervention_SB": 1926, "Obstinate Baloth_SB": 1938, "Pick Your Poison_SB": 2067, "Setessan Petitioner_SB": 2435, "The Stone Brain_SB": 2840, "Ulamog, the Ceaseless Hunger_SB": 2984, "Spectral Sailor": 2597, "Invasion of Gobakhan_SB": 1423, "Wedding Announcement_SB": 3161, "Kalitas, Traitor of Ghet": 1481, "Languish": 1590, "Bandit's Talent_SB": 184, "Deadly Cover-Up_SB": 642, "Katilda, Dawnhart Martyr": 1495, "Containment Priest_SB": 558, "Settle the Wreckage_SB": 2438, "Agatha's Soul Cauldron": 39, "Marvin, Murderous Mimic": 1733, "Raucous Theater": 2182, "Tree of Perdition": 2947, "Voldaren Thrillseeker": 3111, "Bitter Triumph_SB": 235, "Torch the Tower_SB": 2920, "Proft's Eidetic Memory_SB": 2115, "Thassa's Oracle_SB": 2801, "Bonecrusher Giant": 294, "Misery's Shadow_SB": 1795, "Molten Collapse": 1808, "Castle Embereth": 413, "Ghitu Lavarunner": 1115, "Light Up the Stage": 1636, "Play with Fire": 2080, "Soul-Scar Mage": 2584, "Witchstalker Frenzy": 3192, "Wizard's Lightning": 3202, "Case of the Crimson Pulse_SB": 402, "Roiling Vortex_SB": 2307, "Witchstalker Frenzy_SB": 3193, "Jetmir's Garden": 1462, "Glistening Deluge_SB": 1157, "Audacity": 153, "Blossoming Defense": 278, "Copperline Gorge": 563, "Cragcrown Pathway": 579, "Karplusan Forest": 1493, "Questing Druid": 2140, "Destructive Revelry_SB": 703, "Innkeeper's Talent_SB": 1395, "Shapers' Sanctuary_SB": 2449, "Abhorrent Oculus": 1, "Can't Stay Away": 389, "Faithful Mending": 945, "Mana Confluence": 1715, "Otherworldly Gaze": 1981, "Souls of the Lost": 2588, "Stitcher's Supplier": 2655, "Tainted Indulgence": 2736, "Stubborn Denial_SB": 2678, "Bonny Pall, Clearcutter": 297, "Entity Tracker": 880, "Nylea's Presence": 1927, "Blast Zone": 245, "Preacher of the Schism": 2104, "Sorcerous Spyglass_SB": 2573, "The End_SB": 2813, "Narset's Reversal_SB": 1858, "Lightning Axe_SB": 1641, "Glissa Sunslayer": 1155, "Mosswood Dreadknight": 1827, "Back to Nature_SB": 173, "Cruelclaw's Heist_SB": 593, "Gaea's Revenge_SB": 1080, "Epic Downfall_SB": 884, "Screaming Nemesis": 2387, "Volcanic Spite": 3108, "Darkbore Pathway": 624, "Deathcap Glade": 648, "Llanowar Wastes": 1666, "Heartless Act_SB": 1292, "Nowhere to Run_SB": 1916, "Archdruid's Charm": 109, "Bala Ged Recovery": 177, "Dark Petition": 622, "Emergent Ultimatum": 859, "Fae of Wishes": 939, "Hidden Strings": 1317, "Lier, Disciple of the Drowned": 1630, "Lotus Field": 1685, "Lush Portico": 1696, "Omniscience": 1958, "Pore Over the Pages": 2091, "Soul Partition": 2578, "Strict Proctor": 2673, "Sylvan Scrying": 2730, "Thespian's Stage": 2847, "Vizier of Tumbling Sands": 3097, "Approach of the Second Sun_SB": 95, "Emergent Ultimatum_SB": 860, "Languish_SB": 1591, "Nine Lives_SB": 1891, "Silence_SB": 2495, "Sphinx of the Final Word_SB": 2606, "Sire of Insanity_SB": 2514, "Botanical Sanctum": 314, "Impulse": 1381, "Into the Flood Maw": 1415, "Wish": 3188, "Aetherflux Reservoir_SB": 31, "Fiery Impulse_SB": 995, "Galvanic Iteration_SB": 1084, "Into the Flood Maw_SB": 1416, "Lier, Disciple of the Drowned_SB": 1631, "Sweltering Suns_SB": 2720, "Acererak the Archlich": 13, "Gwenna, Eyes of Gaea": 1245, "Honest Rutstein": 1336, "Kinnan, Bonder Prodigy": 1529, "Plaza of Heroes": 2083, "Relic of Legends": 2232, "Rona, Herald of Invasion": 2309, "Tranquil Frillback": 2936, "Assassin's Trophy_SB": 142, "Tranquil Frillback_SB": 2937, "Atarka's Command": 146, "Snakeskin Veil": 2557, "Thornspire Verge": 2860, "Grafdigger's Cage_SB": 1211, "Savai Triome": 2357, "Geistlight Snare": 1102, "Shacklegeist": 2439, "Collective Brutality": 517, "Traverse the Ulvenwald": 2943, "Witherbloom Command": 3195, "Knight of Autumn_SB": 1542, "Mosswood Dreadknight_SB": 1828, "Murderous Rider_SB": 1841, "Loran of the Third Path": 1674, "Flicker of Fate": 1018, "Overlord of the Mistmoors": 2001, "Sylvan Caryatid": 2726, "Hallowed Moonlight_SB": 1254, "Heliod's Intervention_SB": 1297, "Anzrag, the Quake-Mole": 91, "Migloz, Maze Crusher": 1776, "Obliterating Bolt": 1933, "Reckless Stormseeker": 2206, "Scavenging Ooze": 2371, "Sentinel of the Nameless City": 2427, "The Akroan War": 2803, "The Huntsman's Redemption": 2820, "Klothys, God of Destiny_SB": 1540, "The Akroan War_SB": 2804, "Kolaghan's Command": 1557, "Rakdos, the Muscle": 2162, "Arboreal Grazer": 102, "Arid Archway": 122, "Barkchannel Pathway": 197, "Blue Sun's Twilight": 282, "Clifftop Lookout": 506, "Conduit Pylons": 545, "Dreamdew Entrancer": 781, "Dreamroot Cascade": 782, "Fading Hope": 937, "Fecund Greenshell": 971, "Insidious Fungus": 1403, "Ipnu Rivulet": 1433, "Outcaster Greenblade": 1983, "Pawpatch Formation": 2034, "Spelunking": 2604, "Spinewoods Armadillo": 2614, "March of Wretched Sorrow": 1726, "Collective Brutality_SB": 518, "Tyvar, the Pummeler": 2979, "Parting Gust_SB": 2024, "Abrupt Decay": 5, "Ancient Cornucopia": 68, "Bring to Light": 342, "Deafening Clarion": 644, "Elder Gargaroth": 826, "Lightning Helix": 1642, "Niv-Mizzet Reborn": 1898, "Niv-Mizzet, Supreme": 1901, "Omnath, Locus of Creation": 1956, "Pillage the Bog": 2073, "Roaring Furnace && Steaming Sauna": 2296, "Sunfall": 2694, "Unmoored Ego": 3019, "Valki, God of Lies": 3053, "Xander's Lounge": 3219, "Deafening Clarion_SB": 645, "Kambal, Consul of Allocation_SB": 1484, "Krenko's Buzzcrusher_SB": 1570, "Lightning Helix_SB": 1643, "Soul Search_SB": 2580, "Horned Loch-Whale": 1344, "Meticulous Archive": 1770, "Feldon, Ronom Excavator": 977, "Kari Zev, Skyship Raider": 1491, "Make Disappear": 1710, "Chrome Host Seedshark_SB": 484, "Divine Smite_SB": 735, "Sprite Dragon": 2632, "Collision // Colossus": 522, "Pawpatch Recruit": 2036, "Cindervines_SB": 488, "Brightclimb Pathway": 336, "Scrapshooter_SB": 2384, "Aloe Alchemist": 56, "Burning-Tree Emissary": 368, "Cunning Coyote": 609, "Lightning Strike": 1645, "Reckless Bushwhacker": 2201, "Zurgo Bellstriker": 3258, "Screaming Nemesis_SB": 2388, "Charming Prince": 472, "Delney, Streetwise Lookout": 672, "Parting Gust": 2023, "Prosperous Innkeeper": 2121, "Reidane, God of the Worthy": 2228, "Restless Prairie": 2257, "Sanguine Evangelist": 2351, "Toby, Beastie Befriender": 2907, "Aven Interrupter_SB": 161, "Guardian of Faith_SB": 1240, "Bitter Reunion": 233, "Chained to the Rocks": 449, "Heliod, the Radiant Dawn": 1299, "Chandra, Awakened Inferno_SB": 459, "Elspeth Conquers Death_SB": 842, "Fable of the Mirror-Breaker_SB": 931, "Adeline, Resplendent Cathar": 20, "Brutal Cathar": 354, "Coppercoat Vanguard": 562, "Dauntless Bodyguard": 627, "Hopeful Initiate": 1341, "Recruitment Officer": 2213, "Thalia's Lieutenant": 2795, "Veteran Survivor": 3079, "Declaration in Stone_SB": 658, "Reflector Mage_SB": 2220, "Oath of Nissa": 1929, "Polukranos Reborn_SB": 2088, "Stern Dismissal": 2652, "Stern Dismissal_SB": 2653, "Agent of Treachery": 41, "Hinterland Harbor": 1326, "Trumpeting Carnosaur": 2958, "Dromoka's Command": 788, "Elite Spellbinder": 840, "Virtue of Loyalty": 3086, "Dromoka's Command_SB": 789, "Anoint with Affliction": 86, "Elspeth, Sun's Champion_SB": 848, "Case of the Gateway Express": 404, "Gleeful Demolition": 1150, "Imodane's Recruiter": 1373, "Knight-Errant of Eos": 1548, "Needleverge Pathway": 1869, "Novice Inspector": 1914, "Resolute Reinforcements": 2247, "Thraben Inspector": 2871, "Venerated Loxodon": 3074, "Warden of the Inner Sky": 3139, "Reidane, God of the Worthy_SB": 2229, "Unholy Annex && Ritual Chamber_SB": 3008, "Outland Liberator": 1985, "Outland Liberator_SB": 1986, "Satoru, the Infiltrator": 2354, "Underground River": 3001, "Skewer the Critics": 2518, "End the Festivities_SB": 867, "Goblin Chainwhirler_SB": 1177, "Kari Zev's Expertise_SB": 1490, "Razorkin Needlehead_SB": 2188, "Sunspine Lynx_SB": 2705, "Untimely Malfunction_SB": 3028, "Skysovereign, Consul Flagship_SB": 2535, "Deathrite Shaman": 652, "Forsaken Miner": 1043, "Insidious Roots": 1404, "Priest of Forgotten Gods": 2107, "Rubblebelt Maverick": 2320, "Scrapheap Scrounger": 2382, "Tyvar, Jubilant Brawler": 2978, "Agatha's Soul Cauldron_SB": 40, "Fog_SB": 1031, "Chandra, Torch of Defiance_SB": 466, "Collision // Colossus_SB": 523, "Arabella, Abandoned Doll": 97, "Embercleave": 856, "The Wandering Rescuer": 2843, "Destroy Evil_SB": 702, "Thalia, Guardian of Thraben_SB": 2797, "Tormod's Crypt_SB": 2924, "Aftermath Analyst": 36, "Altanak, the Thrice-Called": 62, "Brokers Hideout": 349, "Castle Garenbrig": 414, "Festering Gulch": 986, "Lotus Cobra": 1684, "Lumra, Bellow of the Woods": 1693, "Nissa, Resurgent Animist": 1895, "Obscura Storefront": 1937, "Port of Karfell": 2093, "Riveteers Overlook": 2293, "Culling Ritual_SB": 607, "Noxious Grasp_SB": 1919, "Swan Song_SB": 2718, "Niv-Mizzet, Parun": 1899, "Boseiju, Who Endures_SB": 312, "Leyline of Sanctity_SB": 1625, "Niv-Mizzet, Parun_SB": 1900, "Thespian's Stage_SB": 2848, "Chandra, Hope's Beacon": 462, "Grand Abolisher_SB": 1213, "Ertai Resurrected": 889, "Lazav, the Multifarious": 1602, "Nashi, Searcher in the Dark": 1862, "Slogurk, the Overslime": 2549, "Teshar, Ancestor's Apostle": 2790, "Titania, Voice of Gaea": 2903, "Anafenza, the Foremost_SB": 65, "Ertai Resurrected_SB": 890, "Nicol Bolas, the Ravager_SB": 1880, "Talion, the Kindly Lord_SB": 2743, "Titania, Voice of Gaea_SB": 2904, "Virtue of Persistence_SB": 3089, "Nine Lives": 1890, "Peer into the Abyss": 2040, "Otawara, Soaring City_SB": 1979, "Voyaging Satyr_SB": 3122, "Zacama, Primal Calamity_SB": 3239, "Mirrorshell Crab": 1791, "Omen Hawker": 1949, "The Enigma Jewel": 2814, "Unable to Scream": 2991, "Fading Hope_SB": 938, "Selfless Spirit": 2424, "Cut Down": 617, "Feed the Cycle": 973, "Brave the Elements": 325, "Kytheon, Hero of Akros": 1587, "Ossification": 1975, "Fires of Victory": 1007, "Indomitable Creativity": 1384, "Koma, Cosmos Serpent": 1559, "Pyroclasm": 2132, "Valakut Awakening": 3046, "Dig Through Time_SB": 715, "Behold the Beyond": 215, "Solemnity_SB": 2570, "Jwari Disruption": 1471, "The Filigree Sylex_SB": 2816, "Thing in the Ice_SB": 2853, "Legion's End_SB": 1613, "Fires of Invention": 1006, "Kenrith, the Returned King": 1520, "Marina Vendrell": 1730, "Tolsimir, Friend to Wolves": 2911, "Touch the Spirit Realm": 2928, "Keruga, the Macrosage_SB": 1523, "Koma, Cosmos Serpent_SB": 1560, "Deputy of Detention": 691, "Omen of the Sea": 1953, "Path to the World Tree": 2030, "Azor, the Lawbringer_SB": 168, "Legion Loyalist": 1612, "Pawpatch Formation_SB": 2035, "All That Glitters": 54, "Ethereal Armor": 902, "Gladecover Scout": 1142, "Gryff's Boon": 1238, "Light-Paws, Emperor's Voice": 1639, "Sentinel's Eyes": 2429, "Shardmage's Rescue": 2450, "Skrelv, Defector Mite": 2522, "Sram, Senior Edificer": 2637, "Toadstool Admirer": 2906, "Karametra's Blessing_SB": 1489, "Kaya's Ghostform_SB": 1500, "Skrelv, Defector Mite_SB": 2523, "Ratchet Bomb_SB": 2180, "Ascendant Spirit": 128, "Faceless Haven": 934, "Lofty Denial": 1667, "Nebelgast Herald": 1864, "Patrician Geist": 2032, "Snow-Covered Island": 2561, "Blue Sun's Twilight_SB": 283, "Exclusion Mage_SB": 907, "Unsubstantiate_SB": 3025, "Giant Killer": 1123, "Hallowed Moonlight": 1253, "Faerie Mastermind": 942, "Soaring Thought-Thief": 2565, "Thieves' Guild Enforcer": 2850, "Kaito Shizuki_SB": 1476, "Kaito, Bane of Nightmares_SB": 1478, "Thalia, Heretic Cathar": 2798, "Castle Ardenvale_SB": 412, "Sheltered by Ghosts_SB": 2461, "Tocasia's Welcome_SB": 2908, "Break Out": 329, "Footfall Crater": 1034, "Omnivorous Flytrap": 1959, "Patchwork Beastie": 2027, "Seed of Hope": 2411, "Wildfire Wickerfolk": 3178, "Haywire Mite_SB": 1281, "Migloz, Maze Crusher_SB": 1777, "Stubborn Denial": 2677, "Zoraline, Cosmos Caller": 3254, "Fragmentize_SB": 1057, "Void Rend_SB": 3105, "Banefire_SB": 186, "Galvanic Iteration": 1083, "Temporal Trespass": 2776, "Bolas's Citadel": 284, "Catacomb Sifter": 419, "Gilded Goose": 1135, "Mayhem Devil": 1747, "Woe Strider": 3203, "Necromentia_SB": 1866, "Status // Statue_SB": 2645, "Metallic Rebuke": 1765, "Snow-Covered Mountain": 2562, "Cauldron Familiar": 426, "Claim the Firstborn": 497, "Deadly Dispute": 643, "Rottenmouth Viper": 2313, "Sawblade Skinripper": 2363, "Scavenger's Talent": 2370, "Witch's Oven": 3190, "Claim the Firstborn_SB": 498, "Molten Collapse_SB": 1809, "Keen-Eyed Curator": 1512, "Kraul Harpooner_SB": 1567, "Yasharn, Implacable Earth_SB": 3225, "Unlucky Witness": 3018, "Ygra, Eater of All": 3227, "Absorb": 7, "Glacial Fortress": 1141, "Irrigated Farmland": 1436, "Test of Talents": 2791, "Glimmerburst": 1151, "Mirrex": 1788, "Portal to Phyrexia": 2097, "Fires of Victory_SB": 1008, "Memory Deluge_SB": 1757, "Mirrex_SB": 1789, "Test of Talents_SB": 2792, "Silver-Fur Master": 2499, "Floodpits Drowner_SB": 1024, "Case of the Filched Falcon": 403, "Gleaming Geardrake": 1149, "Lost Jitte": 1680, "Cry of the Carnarium_SB": 599, "Abuelo's Awakening": 8, "Emeria's Call": 861, "Fallaji Archaeologist": 947, "Sea Gate Restoration": 2390, "Thirst for Meaning": 2858, "Elspeth's Smite_SB": 845, "Supreme Verdict_SB": 2708, "Lay Down Arms": 1600, "The Celestus": 2809, "Misery's Shadow": 1794, "Monstrous Emergence_SB": 1815, "Bloodsoaked Champion": 271, "Dire Tactics": 719, "General Kudro of Drannith": 1104, "Jirina, Dauntless General": 1465, "Graveyard Trespasser_SB": 1220, "Blade of the Oni": 241, "Blade of the Oni_SB": 242, "Ray of Enfeeblement_SB": 2185, "Demilich": 674, "Metamorphic Alteration_SB": 1769, "Hostage Taker": 1347, "Klothys, God of Destiny": 1539, "Casualties of War_SB": 418, "Notion Thief_SB": 1913, "Alpha Authority": 57, "Cartouche of Solidarity": 399, "Optimistic Scavenger": 1965, "Warbriar Blessing": 3137, "Tamiyo's Safekeeping_SB": 2745, "Caretaker's Talent": 394, "Carrot Cake": 398, "Sunfall_SB": 2695, "Isolate_SB": 1440, "Fog": 1030, "Hedge Maze": 1293, "Temple of Mystery": 2772, "Dragonlord Dromoka_SB": 761, "Deep-Cavern Bat": 660, "Woodland Cemetery": 3208, "Virulent Plague_SB": 3091, "Bonecrusher Giant_SB": 295, "Chandra, Dressed to Kill_SB": 461, "Cityscape Leveler": 492, "Kaito, Dancing Shadow_SB": 1480, "Demonic Counsel": 679, "Doomsday Excruciator": 746, "Drowned Catacomb": 793, "Jace, the Perfected Mind": 1455, "Ashiok, Nightmare Muse_SB": 135, "Kutzil, Malamet Exemplar_SB": 1585, "The End": 2812, "Shadowy Backstreet": 2444, "Detention Sphere": 705, "Haywire Mite": 1280, "Hostile Investigator_SB": 1350, "Cave of the Frost Dragon": 433, "Authority of the Consuls_SB": 158, "Trostani, Three Whispers": 2957, "Ruric Thar, the Unbowed": 2329, "Wolfwillow Haven": 3205, "Curious Obsession": 614, "Cryptic Coat_SB": 603, "Faceless Haven_SB": 935, "Lofty Denial_SB": 1668, "Unable to Scream_SB": 2992, "Flip the Switch": 1021, "Ill-Timed Explosion": 1368, "Lazotep Plating": 1603, "Unauthorized Exit": 2993, "Lithomantic Barrage_SB": 1661, "Anger of the Gods": 74, "Roaring Furnace && Steaming Sauna_SB": 2297, "Royal Treatment": 2317, "Royal Treatment_SB": 2318, "Dazzling Reflection_SB": 638, "Ahn-Crop Crasher_SB": 44, "Discontinuity": 720, "Dream Trawler": 779, "Dream Trawler_SB": 780, "Surge of Righteousness_SB": 2709, "Maskwood Nexus": 1736, "Masked Vandal_SB": 1735, "Voracious Hydra_SB": 3118, "Baneslayer Angel_SB": 188, "Highway Robbery": 1325, "The World Tree": 2846, "Assemble the Players": 144, "Scavenging Ooze_SB": 2372, "Shipwreck Marsh": 2471, "Ledger Shredder_SB": 1607, "Kaya the Inexorable": 1497, "Krenko's Buzzcrusher": 1569, "Scorching Dragonfire": 2373, "Despise": 697, "Elvish Rejuvenator": 853, "Glimpse the Core": 1153, "Sanctum of Ugin": 2347, "Say Its Name": 2364, "Shrine of the Forsaken Gods": 2487, "Ugin, the Spirit Dragon": 2981, "Ulamog, the Ceaseless Hunger": 2983, "World Breaker": 3210, "Spatial Contortion_SB": 2593, "Emry, Lurker of the Loch": 865, "Jeskai Ascendancy": 1461, "Lavaspur Boots": 1597, "Mishra's Research Desk": 1797, "Mox Amber": 1831, "Restless Spire": 2260, "Retraction Helix": 2263, "Tormod's Crypt": 2923, "Surge of Salvation_SB": 2711, "Nimble Larcenist": 1888, "Sulfur Falls": 2684, "Entity Tracker_SB": 881, "Linvala, the Preserver_SB": 1657, "March of Otherworldly Light_SB": 1723, "Marina Vendrell_SB": 1731, "Prosperous Thief": 2123, "Biting-Palm Ninja": 230, "Dokuchi Silencer": 737, "Thousand-Faced Shadow": 2869, "Metamorphic Alteration": 1768, "Unmoored Ego_SB": 3020, "Unholy Annex // Ritual Chamber": 3009, "Roaring Furnace // Steaming Sauna": 2298, "Restless Vents": 2261, "Shivan Devastator": 2472, "Valgavoth, Terror Eater_SB": 3051, "Avabruck Caretaker": 159, "Starfield of Nyx": 2642, "Angel of Serenity_SB": 72, "Demon of Dark Schemes_SB": 677, "Harvester of Misery_SB": 1270, "Progenitor Mimic_SB": 2117, "Valki, God of Lies_SB": 3054, "Defabricate": 665, "Rewind": 2270, "Lion Sash": 1658, "Archon of Absolution_SB": 116, "Garruk's Harbinger_SB": 1088, "Sandstalker Moloch_SB": 2348, "Withering Torment": 3197, "Nahiri, the Unforgiving": 1854, "Extract the Truth_SB": 925, "Soul Partition_SB": 2579, "Diamond Pick-Axe": 711, "Thundering Falls": 2886, "Furnace Reins_SB": 1076, "Experimental Confectioner": 917, "Trail of Crumbs": 2933, "Elspeth, Sun's Champion": 847, "Dragonskull Summit": 762, "Consecrate // Consume_SB": 548, "Charge Through": 471, "Chord of Calling": 481, "Fight as One": 998, "Gods Willing": 1198, "Illuminator Virtuoso": 1371, "Leonin Lightscribe": 1615, "March of Burgeoning Life": 1721, "Overgrown Farmland": 1992, "Season of Growth": 2402, "Tamiyo's Safekeeping": 2744, "Unwanted Remake": 3029, "Venerated Rotpriest": 3075, "Warriors' Lesson": 3145, "Collected Company_SB": 516, "Moon-Blessed Cleric_SB": 1820, "Silverfur Partisan_SB": 2503, "Thalia, Heretic Cathar_SB": 2799, "Weathered Runestone_SB": 3157, "Liliana, Death's Majesty": 1650, "Atraxa, Grand Unifier_SB": 149, "Unholy Annex // Ritual Chamber_SB": 3010, "Sorin, Vengeful Bloodlord": 2576, "Aetherflux Reservoir": 30, "Cathartic Pyre": 424, "Elder Gargaroth_SB": 827, "Grand Abolisher": 1212, "Portent Tracker": 2099, "Tear Asunder_SB": 2758, "Bishop of Wings": 229, "Giada, Font of Hope": 1120, "Inspiring Overseer": 1407, "Kayla's Reconstruction": 1507, "Leyline of Hope": 1621, "Metropolis Reformer": 1771, "Resplendent Angel": 2249, "Righteous Valkyrie": 2277, "Surge of Salvation": 2710, "Dawn's Truce_SB": 630, "Isolated Chapel": 1441, "Rootbound Crag": 2310, "Kambal, Profiteering Mayor_SB": 1485, "Scorching Dragonfire_SB": 2374, "Restless Cottage": 2255, "Glissa Sunslayer_SB": 1156, "Mogis, God of Slaughter_SB": 1806, "Bedevil": 213, "Eldritch Evolution": 831, "Gala Greeters": 1081, "Jinnie Fay, Jetmir's Second": 1464, "Act of Treason_SB": 16, "Heroic Intervention_SB": 1312, "Shambling Vent": 2448, "Blood Baron of Vizkopa_SB": 260, "Summary Dismissal_SB": 2688, "Urabrask's Forge": 3034, "Bloody Betrayal_SB": 275, "Knight of Grace_SB": 1546, "Evolved Sleeper": 904, "Tomik, Wielder of Law": 2915, "Sorin, Vengeful Bloodlord_SB": 2577, "Archfiend of the Dross_SB": 114, "Brimaz, King of Oreskos_SB": 339, "Commercial District": 535, "Silundi Vision": 2497, "Kroxa, Titan of Death's Hunger_SB": 1577, "Flamecache Gecko": 1013, "Gev, Scaled Scorch": 1111, "Hired Claw": 1327, "Iridescent Vinelasher": 1435, "Okiba Reckoner Raid": 1946, "Up the Beanstalk_SB": 3033, "Thrun, Breaker of Silence_SB": 2881, "Yasharn, Implacable Earth": 3224, "Saheeli, Sublime Artificer_SB": 2339, "Doppelgang": 750, "Lush Oasis": 1695, "Cacophony Scamp": 379, "Felonious Rage": 982, "Leyline of Resonance": 1622, "Might of the Meek": 1775, "Slickshot Show-Off_SB": 2545, "Cabaretti Courtyard": 376, "Broken Bond_SB": 348, "Cosmic Rebirth_SB": 570, "Mazemind Tome": 1749, "Mazemind Tome_SB": 1750, "Ashen Rider": 129, "Combustible Gearhulk": 531, "Bonny Pall, Clearcutter_SB": 298, "Borborygmos Enraged_SB": 305, "Massacre Wurm_SB": 1739, "Rakdos, the Showstopper_SB": 2163, "Day's Undoing": 635, "Dragonlord Dromoka": 760, "Ghalta, Stampede Tyrant": 1114, "Smuggler's Surprise": 2555, "Velomachus Lorehold": 3071, "Realm-Cloaked Giant_SB": 2196, "Tyrranax Rex_SB": 2976, "Founding the Third Path": 1050, "Hooting Mandrills": 1339, "Neoform": 1872, "No One Left Behind": 1906, "Tasigur, the Golden Fang": 2756, "Underground Mortuary": 3000, "Thundertrap Trainer": 2887, "Yavimaya Coast": 3226, "Tolarian Terror_SB": 2910, "Oracle of Tragedy": 1967, "Splitskin Doll": 2626, "Lion Sash_SB": 1659, "Caustic Bronco": 427, "Extraction Specialist": 926, "Luminarch Aspirant": 1692, "Extraction Specialist_SB": 927, "Witherbloom Command_SB": 3196, "Hexgold Halberd_SB": 1314, "Elspeth's Smite": 844, "Lotus Field_SB": 1686, "Werewolf Pack Leader": 3167, "Vivien, Monsters' Advocate_SB": 3096, "Temporal Trespass_SB": 2777, "Declaration in Stone": 657, "Devouring Light_SB": 707, "Slip Out the Back": 2546, "Yorion, Sky Nomad": 3229, "Access Tunnel": 12, "Shakedown Heavy": 2445, "Welcoming Vampire": 3163, "Vinereap Mentor": 3083, "Mountain_SB": 1830, "Kellan, Inquisitive Prodigy": 1515, "Restless Vinestalk": 2262, "Scavenger Grounds": 2368, "Reclamation Sage_SB": 2211, "Colossal Skyturtle": 525, "Joint Exploration": 1467, "Realm-Cloaked Giant": 2195, "Sweltering Suns": 2719, "Experimental Synthesizer": 919, "Obosh, the Preypiercer_SB": 1936, "Unchained Berserker_SB": 2995, "Cling to Dust_SB": 509, "Zareth San, the Trickster_SB": 3244, "Annihilating Glare": 83, "Charred Foyer && Warped Space_SB": 474, "Prairie Stream": 2103, "Teferi, Hero of Dominaria_SB": 2763, "Dreadmaw's Ire_SB": 776, "Obliterating Bolt_SB": 1934, "Beanstalk Giant": 209, "Clever Impersonator": 504, "Greater Tanuki": 1224, "Quintorius Kand": 2146, "Spark Double": 2592, "Virtue of Persistence": 3088, "Bedeck // Bedazzle_SB": 212, "Consign // Oblivion_SB": 551, "Gyruda, Doom of Depths_SB": 1247, "Forge Devil_SB": 1042, "Lovestruck Beast": 1687, "Annul": 84, "Ashen Rider_SB": 130, "Carnage Tyrant_SB": 397, "Cavern of Souls_SB": 436, "Soul-Guide Lantern_SB": 2583, "Phyrexian Dragon Engine": 2059, "Callous Bloodmage": 384, "Linvala, the Preserver": 1656, "Ritual of Soot_SB": 2290, "Search for Azcanta": 2397, "Dust Animus_SB": 805, "Selfless Spirit_SB": 2425, "Azor, the Lawbringer": 167, "Aven Mindcensor_SB": 162, "Noxious Gearhulk_SB": 1918, "Battle Cry Goblin": 204, "Call of the Death-Dweller": 383, "Conspicuous Snoop": 552, "Goblin Chainwhirler": 1176, "Rundvelt Hordemaster": 2325, "Skirk Prospector": 2519, "Reckless Bushwhacker_SB": 2202, "Torrential Gearhulk": 2926, "Boros Charm": 306, "Exquisite Firecraft_SB": 921, "Scorching Shot_SB": 2376, "Searing Blood_SB": 2399, "Wear // Tear_SB": 3155, "Spirit of the Labyrinth_SB": 2619, "Blind Obedience": 256, "Collector's Vault": 521, "Twinferno_SB": 2967, "Gifted Aetherborn": 1133, "Scourge of the Skyclaves": 2379, "Gifted Aetherborn_SB": 1134, "Innkeeper's Talent": 1394, "Murderous Rider": 1840, "Path of Peril": 2028, "Sorin the Mirthless": 2574, "Vraska, Betrayal's Sting": 3124, "Prowling Serpopard_SB": 2126, "Abhorrent Oculus_SB": 2, "Chandra, Dressed to Kill": 460, "Eidolon of the Great Revel": 822, "Magebane Lizard": 1706, "Rampaging Ferocidon": 2174, "Razorkin Needlehead": 2187, "Torbran, Thane of Red Fell": 2918, "Leyline of Combustion_SB": 1620, "Quick Study": 2142, "Leyline of Combustion": 1619, "Ojer Axonil, Deepest Might": 1944, "Faerie Mastermind_SB": 943, "Jace, Vryn's Prodigy": 1452, "Jace, Wielder of Mysteries_SB": 1454, "Retraction Helix_SB": 2264, "Commune with Dinosaurs": 538, "Ghalta, Primal Hunger": 1112, "Hulking Raptor": 1355, "Itzquinth, Firstborn of Gishath": 1442, "Marauding Raptor": 1720, "Otepec Huntmaster": 1980, "Pugnacious Hammerskull": 2128, "Rampaging Raptor": 2176, "Ripjaw Raptor": 2280, "Rockfall Vale": 2304, "Chandra, Torch of Defiance": 465, "Heroic Reinforcements": 1313, "Monastery Mentor": 1812, "Stormchaser's Talent": 2664, "Third Path Iconoclast": 2855, "Doorkeeper Thrull_SB": 749, "Calamity, Galloping Inferno": 381, "Clifftop Retreat": 507, "Vaultborn Tyrant": 3069, "Portal to Phyrexia_SB": 2098, "Defiler of Vigor": 668, "Garruk, Unleashed": 1091, "Garruk's Uprising": 1089, "Gemrazer": 1103, "Hardened Scales": 1264, "Ornery Tumblewagg": 1970, "Questing Beast": 2138, "Railway Brawler": 2155, "Ranger Class": 2178, "The Great Henge": 2818, "The Skullspore Nexus": 2837, "Yorvo, Lord of Garenbrig": 3231, "Destiny Spinner_SB": 700, "Ram Through_SB": 2171, "Bontu's Last Reckoning_SB": 299, "Vein Ripper": 3070, "Harness by Force_SB": 1267, "Raze the Effigy_SB": 2186, "Calix, Guided by Fate": 382, "Generous Visitor": 1105, "Jukai Naturalist": 1469, "Spirited Companion": 2621, "Unflinching Courage": 3006, "Valgavoth's Lair": 3048, "Weaver of Harmony": 3158, "Bubble Smuggler": 356, "Growing Dread": 1231, "Hauntwoods Shrieker": 1279, "Long Goodbye": 1669, "Paranormal Analyst": 2021, "Vannifar, Evolved Enigma": 3066, "Questing Beast_SB": 2139, "Atsushi, the Blazing Sky": 150, "Bonehoard Dracosaur": 296, "Dragon Tempest": 757, "Grafdigger's Cage": 1210, "Invasion of Tarkir": 1427, "Manaform Hellkite": 1716, "Reckless Impulse": 2203, "Shatterskull Smashing": 2456, "Wrenn's Resolve": 3217, "Fry_SB": 1070, "Tears of Valakut_SB": 2759, "Bushy Bodyguard": 374, "Camellia, the Seedmiser": 387, "Giant Opportunity": 1125, "Hollow Scavenger": 1333, "Honored Dreyleader": 1337, "Ifnir Deadlands": 1367, "Tear Asunder": 2757, "Valley Rotcaller": 3057, "Wicked Wolf": 3173, "Overprotect_SB": 2003, "Vivien Reid_SB": 3093, "Commencement of Festivities": 534, "Defend the Hearth": 666, "Growth Spiral": 1232, "Sphinx's Tutelage": 2609, "Sultai Charm": 2686, "Winds of Qal Sisma": 3185, "Folio of Fancies_SB": 1032, "Sultai Charm_SB": 2687, "Day's Undoing_SB": 636, "Burning Anger": 364, "Colossification": 527, "Grapple with the Past": 1215, "Storm Herald": 2661, "Lukka, Coppercoat Outcast": 1690, "Mox Amber_SB": 1832, "Infernal Grasp_SB": 1389, "Armed and Armored": 124, "Consulate Dreadnought": 553, "Giant Ox": 1126, "Hotshot Mechanic": 1351, "Ingenious Smith": 1393, "Mech Hangar": 1752, "Surgehacker Mech": 2712, "Toolcraft Exemplar": 2916, "Unidentified Hovership": 3011, "Unlicensed Hearse": 3015, "Goldvein Hydra": 1200, "Turntimber Symbiosis": 2965, "Vivien, Arkbow Ranger": 3094, "Archdruid's Charm_SB": 110, "Cemetery Prowler_SB": 445, "Goldvein Hydra_SB": 1201, "Tail Swipe_SB": 2735, "Kaya, Spirits' Justice_SB": 1506, "Voice of Resurgence_SB": 3100, "Ral, Crackling Wit_SB": 2166, "Professor's Warning": 2112, "Reflector Mage": 2219, "Enduring Courage": 869, "Ashiok, Nightmare Muse": 134, "Commit // Memory_SB": 537, "Long Goodbye_SB": 1670, "Murderous Cut_SB": 1839, "Adanto Vanguard": 17, "Crumb and Get It": 594, "Defiant Strike": 667, "Favored Hoplite": 961, "Sejiri Shelter": 2418, "Adanto Vanguard_SB": 18, "Crumb and Get It_SB": 595, "Jirina, Dauntless General_SB": 1466, "Baral, Chief of Compliance": 194, "Invigorated Rampage": 1430, "Blossoming Defense_SB": 279, "Deification": 671, "Doomskar": 747, "Elspeth Resplendent": 843, "Gideon Blackblade": 1127, "Gideon of the Trials": 1128, "Gideon's Triumph": 1129, "Oath of Kaya": 1928, "The Birth of Meletis": 2807, "Urza's Sylex": 3041, "Yahenni's Expertise": 3223, "Sunset Revelry_SB": 2702, "Empyrean Eagle": 862, "Hanged Executioner": 1259, "Rally of Wings": 2168, "Skycat Sovereign": 2526, "Topplegeist": 2917, "Watcher of the Spheres": 3151, "Errant and Giada_SB": 888, "Patch Up_SB": 2025, "Remorseful Cleric_SB": 2235, "Dictate of Kruphix": 712, "Notion Thief": 1912, "Slitherwisp": 2548, "Blacklance Paragon_SB": 238, "Cunning Nightbonder_SB": 611, "Adult Gold Dragon": 23, "Soulflayer": 2586, "Striped Riverwinder": 2675, "Urborg Scavengers": 3037, "Zetalpa, Primal Dawn": 3247, "Savage Summoning_SB": 2356, "Shadowspear_SB": 2443, "Exuberant Fuseling": 928, "Foundry Street Denizen": 1051, "Frenzied Goblin": 1064, "Goblin Piledriver": 1183, "Goblin Rabblemaster": 1184, "Dewdrop Cure_SB": 710, "Requisition Raid_SB": 2246, "Torpor Orb_SB": 2925, "Colossus Hammer": 528, "Fireblade Charger": 1004, "Kellan, the Fae-Blooded": 1517, "Kemba, Kha Enduring": 1518, "Open the Armory": 1960, "Resolute Strike": 2248, "Sigarda's Aid": 2491, "Snow-Covered Plains": 2563, "Thud": 2882, "Light of Hope_SB": 1638, "Loran's Escape_SB": 1677, "Thud_SB": 2883, "Mystic Monastery": 1845, "Warrant // Warden": 3144, "Reduce // Rubble_SB": 2218, "Adeline, Resplendent Cathar_SB": 21, "Jadar, Ghoulcaller of Nephalia_SB": 1456, "Bloodchief's Thirst": 266, "Hazoret the Fervent": 1282, "Questing Druid_SB": 2141, "Angrath's Rampage_SB": 76, "Selfless Glyphweaver": 2420, "Temple of Epiphany": 2769, "Careful Cultivation": 393, "Courier's Briefcase": 573, "Get Out": 1109, "Secrets of the Key": 2407, "Azure Beastbinder": 171, "Bounding Krasis": 318, "Decimator of the Provinces": 656, "Elder Deep-Fiend": 825, "Fierce Empath": 992, "Nissa, Vastwood Seer": 1896, "Reclamation Sage": 2210, "Rishkar, Peema Renegade": 2285, "Tishana's Tidebinder": 2898, "Keen-Eyed Curator_SB": 1513, "Skylasher_SB": 2532, "Archangel Elspeth_SB": 107, "Nighthawk Scavenger_SB": 1884, "Wild Slash": 3176, "Chromanticore": 482, "Cragplate Baloth": 580, "Oketra the True": 1945, "Tarrian's Journal": 2754, "Dreams of Steel and Oil_SB": 784, "Rush of Adrenaline": 2331, "The Cruelty of Gix": 2810, "Phyrexian Fleshgorger": 2060, "Phyrexian Fleshgorger_SB": 2061, "Ulcerate_SB": 2985, "Silverquill Silencer": 2505, "Forest_SB": 1041, "Zacama, Primal Calamity": 3238, "March of Swirling Mist_SB": 1725, "Velomachus Lorehold_SB": 3072, "Dreams of Steel and Oil": 783, "Authority of the Consuls": 157, "Overlord of the Boilerbilges_SB": 1998, "Deep-Cavern Bat_SB": 661, "Kick in the Door": 1528, "Violent Urge": 3084, "Charred Foyer // Warped Space_SB": 475, "Cosmic Rebirth": 569, "Escape to the Wilds": 892, "Risen Reef": 2284, "Doomskar_SB": 748, "Titan of Industry_SB": 2901, "Aqueous Form": 96, "Combat Research": 530, "Kaya's Ghostform": 1499, "Break the Spell_SB": 330, "Slip Out the Back_SB": 2547, "Warbriar Blessing_SB": 3138, "Bond of Insight": 290, "Lightning Strike_SB": 1646, "Lyra Dawnbringer_SB": 1697, "Depopulate_SB": 690, "Kenrith, the Returned King_SB": 1521, "Deflecting Palm_SB": 670, "Showdown of the Skalds_SB": 2483, "Akroan Crusader": 51, "Clever Lumimancer": 505, "Expedite": 911, "Gods Willing_SB": 1199, "Smash to Smithereens_SB": 2550, "Welcoming Vampire_SB": 3164, "Dreadhorde Invasion": 773, "Obzedat, Ghost Council": 1940, "Pest Control_SB": 2049, "Realmwalker": 2197, "Eat to Extinction_SB": 810, "Silver Raven": 2498, "Ajani, Sleeper Agent_SB": 47, "Filter Out_SB": 1001, "Scrapshooter": 2383, "Kenrith's Transformation_SB": 1519, "Wolfwillow Haven_SB": 3206, "Fiery Temper": 996, "Hollow One": 1332, "Insolent Neonate": 1405, "Ovalchase Daredevil": 1990, "Alpine Moon_SB": 59, "Improbable Alliance_SB": 1380, "Hushbringer_SB": 1360, "Agadeem's Awakening": 37, "Exorcise_SB": 909, "Clockwork Percussionist": 510, "Atarka's Command_SB": 147, "Big Score": 225, "Dwarven Mine": 806, "Gideon, Ally of Zendikar": 1131, "Worldspine Wurm_SB": 3213, "Xenagos, God of Revels_SB": 3221, "Perilous Voyage_SB": 2046, "Voyaging Satyr": 3121, "Staggering Insight": 2639, "Natural State_SB": 1863, "Snow-Covered Swamp": 2564, "Katilda, Dawnhart Martyr_SB": 1496, "Discontinuity_SB": 721, "Hostile Hostel": 1348, "Virtue of Loyalty_SB": 3087, "Cemetery Desecrator": 441, "Cruelclaw's Heist": 592, "Escape Tunnel": 891, "Insatiable Avarice_SB": 1399, "Malicious Eclipse_SB": 1714, "Devout Decree_SB": 708, "Cathar Commando": 421, "Tenacious Underdog": 2781, "Rush of Dread_SB": 2333, "Homestead Courage": 1335, "Shardmage's Rescue_SB": 2451, "The Kenriths' Royal Funeral_SB": 2823, "Coordinated Assault": 560, "Breaking // Entering": 331, "Fraying Sanity": 1062, "Maddening Cacophony": 1700, "Soul-Guide Lantern": 2582, "Tasha's Hideous Laughter": 2755, "Come Back Wrong_SB": 532, "Valgavoth's Faithful": 3047, "Ashiok, Dream Render": 132, "Bonebind Orator": 293, "Crashing Drawbridge": 584, "Fiend Artisan": 991, "Moss-Pit Skeleton": 1825, "Osteomancer Adept": 1977, "Shigeki, Jukai Visionary": 2469, "Snarling Gorehound": 2559, "Squirming Emergence": 2636, "Unstoppable Slasher_SB": 3023, "Twisted Fealty_SB": 2971, "Demonic Ruckus": 681, "Hammerhand": 1256, "Leyline of Sanctity": 1624, "Ygra, Eater of All_SB": 3228, "Cleansing Nova": 499, "Confounding Riddle": 546, "Coveted Falcon": 575, "Idyllic Tutor": 1366, "Rest in Peace": 2251, "Solemnity": 2569, "Palace Siege_SB": 2013, "Assimilation Aegis": 145, "Candy Trail": 390, "Disruption Protocol": 727, "Dusk Rose Reliquary": 802, "Fomori Vault": 1033, "Golos, Tireless Pilgrim": 1204, "Inventors' Fair": 1429, "Lantern of the Lost": 1592, "Moonsnare Prototype": 1823, "Prophetic Prism": 2120, "The Book of Exalted Deeds": 2808, "Tyrite Sanctum": 2974, "Whir of Invention": 3170, "Citizen's Crowbar_SB": 491, "Beseech the Mirror": 220, "Rush of Dread": 2332, "Assassin's Trophy": 141, "Nissa, Ascended Animist": 1893, "Rankle's Prank": 2179, "Repudiate // Replicate": 2242, "Thrun, Breaker of Silence": 2880, "Wrenn and Realmbreaker": 3216, "Colossal Skyturtle_SB": 526, "Song of Totentanz_SB": 2572, "Outrageous Robbery_SB": 1989, "Giant Killer_SB": 1124, "Deploy the Gatewatch": 688, "Interplanar Beacon": 1411, "Kaya, Intangible Slayer": 1502, "Narset of the Ancient Way": 1857, "Paradise Druid": 2018, "Tamiyo, Collector of Tales": 2746, "Tamiyo, Compleated Sage": 2748, "The Eternal Wanderer": 2815, "Lilah, Undefeated Slickshot": 1647, "Horned Loch-Whale_SB": 1345, "Strict Proctor_SB": 2674, "Green Sun's Twilight": 1225, "Tyrranax Rex": 2975, "Vorinclex, Monstrous Raider": 3119, "Invasion of Ixalan_SB": 1425, "Kogla, the Titan Ape_SB": 1556, "Nullhide Ferox_SB": 1921, "Fauna Shaman": 960, "Tishana's Tidebinder_SB": 2899, "Phyrexian Censor_SB": 2058, "Leyline of Resonance_SB": 1623, "Furnace Reins": 1075, "Bloodletter of Aclazotz_SB": 270, "Crackling Drake": 576, "Angrath, the Flame-Chained_SB": 77, "Radiant Flames_SB": 2151, "Void Winnower_SB": 3106, "Eidolon of Rhetoric_SB": 821, "Unctus, Grand Metatect": 2997, "Feed the Swarm": 975, "Boros Charm_SB": 307, "Flowstone Infusion_SB": 1029, "Annie Joins Up": 82, "Phylath, World Sculptor": 2054, "Worldsoul's Rage": 3211, "Skullcrack_SB": 2525, "Rotten Reunion_SB": 2312, "Liliana, the Last Hope": 1653, "Regal Caracal": 2224, "Westvale Abbey": 3168, "Izzet Charm": 1445, "Finale of Devastation": 1003, "Kitsa, Otterball Elite": 1538, "Springleaf Drum": 2631, "Valley Floodcaller": 3055, "Wishclaw Talisman": 3189, "Altar of the Brood_SB": 63, "The Scarab God": 2834, "Attack-in-the-Box": 151, "Balemurk Leech": 179, "Broodspinner": 350, "Cackling Slasher": 378, "Cathartic Parting": 423, "Coordinated Clobbering": 561, "Flesh Burrower": 1017, "Frantic Strength": 1060, "Glimmerlight": 1152, "Grasping Longneck": 1218, "Grievous Wound": 1227, "Innocuous Rat": 1396, "Leyline of the Void": 1627, "Meathook Massacre II": 1751, "Overgrown Zealot": 1994, "Saw": 2361, "Slavering Branchsnapper": 2538, "Spectral Snatcher": 2598, "Spineseeker Centipede": 2613, "Sporogenic Infection": 2629, "Strangled Cemetery": 2670, "Terramorphic Expanse": 2785, "Twitching Doll": 2972, "Wary Watchdog": 3146, "Winter, Misanthropic Guide": 3187, "Conductive Machete_SB": 544, "Fanatic of the Harrowing_SB": 950, "Final Vengeance_SB": 1002, "Friendly Teddy_SB": 1066, "Give In to Violence_SB": 1138, "Manifest Dread_SB": 1717, "Murder_SB": 1837, "Hagra Mauling": 1248, "Pack Rat": 2009, "Silence": 2494, "Selfless Glyphweaver_SB": 2421, "Tolsimir, Friend to Wolves_SB": 2912, "Dragonhawk, Fate's Tempest": 759, "Containment Priest": 557, "Narset, Enlightened Master_SB": 1859, "Unexpected Fangs_SB": 3005, "Starnheim Unleashed_SB": 2643, "Cenote Scout": 446, "Deeproot Pilgrimage": 664, "Kumena, Tyrant of Orazca": 1580, "Kumena's Speaker": 1579, "Vodalian Hexcatcher": 3098, "Tidebinder Mage_SB": 2891, "Goblin Ringleader": 1185, "Goblin Trashmaster": 1191, "Squee, Dubious Monarch": 2634, "Bloodchief's Thirst_SB": 267, "Lukka, Coppercoat Outcast_SB": 1691, "Experimental Frenzy_SB": 918, "Brave the Elements_SB": 326, "Bontu's Monument": 300, "Hashep Oasis": 1271, "Thought-Knot Seer": 2864, "Arlinn, the Pack's Hope_SB": 123, "Eldrazi Obligator_SB": 830, "Thought-Knot Seer_SB": 2865, "Saheeli, Sublime Artificer": 2338, "Dazzling Theater // Prop Room": 639, "Restless Bivouac": 2254, "Siege Veteran": 2489, "Warleader's Call": 3140, "Yotian Frontliner": 3232, "Aurelia, the Law Above_SB": 156, "Helping Hand": 1303, "Hope Tender_SB": 1340, "Dwynen's Elite": 807, "Elvish Clancaller": 851, "Elvish Warmaster": 855, "Jaspera Sentinel": 1458, "Leaf-Crowned Visionary": 1605, "Secluded Courtyard": 2406, "Shaman of the Pack": 2447, "Pause for Reflection_SB": 2033, "Phyrexian Revoker_SB": 2063, "Sentinel of Lost Lore_SB": 2426, "Soulless Jailer_SB": 2587, "Ferocious Werefox_SB": 983, "Detention Sphere_SB": 706, "Deeproot Elite": 663, "Forensic Researcher": 1037, "Kiora's Follower": 1530, "Kitesail Larcenist": 1534, "Merfolk Trickster": 1764, "Three Tree City": 2878, "Forensic Researcher_SB": 1038, "Kopala, Warden of Waves_SB": 1562, "Lost in the Maze_SB": 1682, "Prophet of Kruphix_SB": 2119, "Snow-Covered Forest": 2560, "Consign // Oblivion": 550, "Creative Outburst": 587, "Magma Opus": 1708, "Vanquish the Horde_SB": 3067, "Takenuma, Abandoned Mire_SB": 2738, "Barrier Breach_SB": 199, "Kazuul's Fury": 1510, "Tail Swipe": 2734, "Giant Growth": 1122, "Snakeskin Veil_SB": 2558, "Bedeck // Bedazzle": 211, "Herd Migration": 1309, "Mirrorshell Crab_SB": 1792, "Quakebringer_SB": 2137, "Drannith Ruins": 765, "Faerie Dreamthief": 940, "Spell Stutter": 2602, "Overlord of the Balemurk_SB": 1996, "Plumecreed Escort_SB": 2085, "Collateral Damage": 513, "Eidolon of the Great Revel_SB": 823, "Wandering Mind": 3135, "Speaker of the Heavens": 2595, "Possibility Storm": 2100, "Sunset Revelry": 2701, "Blind Obedience_SB": 257, "Outlaws' Merriment_SB": 1987, "Rip Apart_SB": 2279, "Archon of Sun's Grace": 119, "Omen of the Sun": 1954, "Seal Away": 2393, "Starfall Invocation_SB": 2641, "Void Rend": 3104, "Chandra, Acolyte of Flame_SB": 458, "Echoing Deeps": 812, "Maestros Theater": 1703, "Mystic Sanctuary": 1847, "Scapeshift": 2366, "Splendid Reclamation": 2623, "The Autonomous Furnace": 2805, "The Hunter Maze": 2819, "Bushwhack": 373, "Circle of Dreams Druid": 489, "Elvish Visionary": 854, "Deathrite Shaman_SB": 653, "Cavalier of Flame": 430, "Vraska, Betrayal's Sting_SB": 3125, "Imposing Sovereign": 1378, "Sphinx's Revelation": 2607, "Tale's End": 2739, "Urza's Sylex_SB": 3042, "Chandra, Acolyte of Flame": 457, "Exquisite Firecraft": 920, "Gruul Charm": 1234, "Braids, Arisen Nightmare": 320, "Disturbing Mirth": 730, "Hopeless Nightmare": 1343, "Spiteful Hexmage": 2622, "Treacherous Blessing": 2944, "Haunted Ridge_SB": 1278, "Basri Ket_SB": 201, "Unwanted Remake_SB": 3030, "Roaring Furnace // Steaming Sauna_SB": 2299, "Not on My Watch_SB": 1911, "Fanatical Offering": 952, "Vraska, Golgari Queen_SB": 3127, "Get Out_SB": 1110, "Fateful Absence": 958, "Doppelgang_SB": 751, "Holy Cow": 1334, "Archangel of Tithes_SB": 108, "Conclave Tribunal_SB": 543, "Metropolis Reformer_SB": 1772, "Shalai, Voice of Plenty_SB": 2446, "Popular Egotist": 2089, "Urgent Necropsy": 3039, "Cemetery Illuminator": 443, "Cemetery Illuminator_SB": 444, "Balmor, Battlemage Captain": 180, "Shore Up_SB": 2479, "Bag of Holding": 175, "Jace, Architect of Thought": 1450, "Teferi, Master of Time": 2764, "Cleansing Nova_SB": 500, "Eerie Ultimatum_SB": 817, "Inspired Ultimatum_SB": 1406, "Nicol Bolas, Dragon-God_SB": 1878, "Sarkhan the Masterless_SB": 2352, "Wrenn's Resolve_SB": 3218, "Thief of Sanity_SB": 2849, "Botanical Brawler": 313, "Bristly Bill, Spine Sower": 346, "Conclave Mentor": 542, "Kodama of the West Tree": 1552, "Ozolith, the Shattered Spire": 2007, "Stonecoil Serpent": 2660, "Jace Reawakened": 1447, "Archangel Avacyn_SB": 106, "Boon-Bringer Valkyrie_SB": 304, "Rabid Gnaw": 2149, "Shock": 2474, "Kazandu Mammoth": 1509, "Strangle": 2668, "Vraska, Golgari Queen": 3126, "Azorius Charm": 169, "Scavenger Grounds_SB": 2369, "Fortified Beachhead": 1044, "Approach of the Second Sun": 94, "Fortified Village": 1045, "Nightveil Predator": 1885, "Rhonas the Indomitable": 2271, "Samut, Voice of Dissent": 2345, "Depopulate": 689, "The Scorpion God_SB": 2836, "Painful Truths_SB": 2012, "The Cruelty of Gix_SB": 2811, "Consuming Tide_SB": 555, "Maximize Velocity_SB": 1746, "Field of Ruin_SB": 990, "Eidolon of Blossoms": 819, "Rhonas the Indomitable_SB": 2272, "Whisperwood Elemental_SB": 3172, "Blazemire Verge_SB": 248, "Bond of Revival": 291, "Citywide Bust_SB": 494, "Tyvar, the Pummeler_SB": 2980, "Hoarding Broodlord_SB": 1330, "Enduring Vitality": 875, "Kona, Rescue Beastie": 1561, "Selfless Savior": 2422, "Seraphic Steed": 2430, "Survivors' Encampment": 2715, "The Restoration of Eiganjo": 2832, "Selfless Savior_SB": 2423, "Despark_SB": 696, "Elesh Norn_SB": 839, "Zoyowa Lava-Tongue": 3255, "Exuberant Fuseling_SB": 929, "Squee, Dubious Monarch_SB": 2635, "Pest Control": 2048, "Restless Fortress": 2256, "Kaya, Intangible Slayer_SB": 1503, "Kaya, Orzhov Usurper_SB": 1505, "Renounce the Guilds_SB": 2240, "Duelist of the Mind": 797, "Steamcore Scholar": 2648, "Orazca Puzzle-Door": 1968, "Monastery Mentor_SB": 1813, "Enduring Bondwarden": 868, "Hangarback Walker": 1257, "Quirion Beastcaller": 2147, "Bolas's Citadel_SB": 285, "Catacomb Sifter_SB": 420, "Popular Egotist_SB": 2090, "Prosperous Innkeeper_SB": 2122, "Woe Strider_SB": 3204, "Elvish Archivist_SB": 850, "Ugin, the Spirit Dragon_SB": 2982, "Fblthp, the Lost": 962, "Shoot the Sheriff_SB": 2477, "Armored Scrapgorger": 126, "Eldrazi Displacer": 828, "Loran's Escape": 1676, "Blessed Defiance_SB": 254, "Viashino Pyromancer": 3080, "Dawnbringer Cleric_SB": 632, "Den of the Bugbear_SB": 685, "Dispel_SB": 726, "Kitesail Larcenist_SB": 1535, "Suncleanser_SB": 2690, "Debt to the Kami": 654, "Debt to the Kami_SB": 655, "Release to the Wind": 2230, "Angelfire Ignition": 73, "Tenth District Legionnaire": 2783, "Steel Seraph_SB": 2651, "Izoni, Center of the Web": 1444, "Blot Out": 280, "Lively Dirge": 1662, "Renegade Rallier": 2238, "Play with Fire_SB": 2081, "Drag to the Roots": 756, "Castle Locthwain_SB": 416, "Edgar, Charmed Groom_SB": 814, "Silent Gravestone_SB": 2496, "Golgari Charm_SB": 1202, "Gates of Istfell": 1096, "Fateful Absence_SB": 959, "No More Lies_SB": 1905, "Korvold, Fae-Cursed King": 1563, "Guardian of Faith": 1239, "Phyrexian Vindicator_SB": 2064, "Kozilek's Return_SB": 1566, "Alchemist's Gambit": 52, "Intrepid Adversary": 1419, "Experiment One": 914, "Unclaimed Territory": 2996, "Cyclonic Rift": 619, "Rona's Vortex": 2308, "Curse of Silence_SB": 615, "Nighthawk Scavenger": 1883, "Gyruda, Doom of Depths": 1246, "Cease // Desist_SB": 439, "Case of the Gateway Express_SB": 405, "Hidden Necropolis": 1315, "Temple of Malady": 2770, "Temple of Malice": 2771, "Untimely Malfunction": 3027, "Brimaz, King of Oreskos": 338, "Collector's Cage": 520, "Warping Wail_SB": 3143, "Kitnap": 1536, "Undead Sprinter": 2998, "Bloodtithe Collector": 273, "Goddric, Cloaked Reveler": 1196, "Bonders' Enclave": 292, "Nicol Bolas, Dragon-God": 1877, "Vampires' Vengeance_SB": 3062, "Blood Crypt_SB": 262, "Evolving Adaptive": 905, "Pelt Collector": 2043, "Voltaic Brawler": 3116, "Embercleave_SB": 857, "Vengeful Possession_SB": 3077, "Ingenious Prodigy": 1392, "Glarb, Calamity's Augur_SB": 1145, "Tomik, Distinguished Advokist_SB": 2914, "Pick Your Poison": 2066, "Bamboo Grove Archer_SB": 182, "Sunken Citadel_SB": 2698, "Mastermind's Acquisition_SB": 1742, "Season of the Burrow_SB": 2403, "Spinner of Souls": 2615, "Abyssal Harvester": 9, "Zur, Eternal Schemer_SB": 3257, "Burst Lightning": 371, "Blast Zone_SB": 246, "Lantern of the Lost_SB": 1593, "Scab-Clan Berserker_SB": 2365, "Knight-Errant of Eos_SB": 1549, "Boltwave": 286, "Elenda, Saint of Dusk": 835, "Elenda, Saint of Dusk_SB": 836, "Serra Paragon": 2431, "High Fae Trickster_SB": 1322, "Waste Not_SB": 3148, "Fervent Champion": 985, "Goblin Tomb Raider": 1189, "Leyline Axe": 1616, "Kaito, Cunning Infiltrator": 1479, "Scrawling Crawler": 2386, "Brass Knuckles": 323, "Fabrication Foundry": 933, "Metalwork Colossus": 1767, "Simulacrum Synthesizer": 2510, "The Irencrag": 2821, "Wedding Invitation": 3162, "Metallic Rebuke_SB": 1766, "Mystic Forge_SB": 1844, "Emrakul, the Promised End": 863, "Syr Ginger, the Meal Ender": 2731, "Varragoth, Bloodsky Sire": 3068, "Slaughter Games_SB": 2537, "Saiba Cryptomancer": 2340, "Saiba Cryptomancer_SB": 2341, "Ajani, Sleeper Agent": 46, "Nahiri, the Unforgiving_SB": 1855, "Alms of the Vein": 55, "Demand Answers": 673, "Grab the Prize": 1208, "Markov Baron": 1732, "Nullpriest of Oblivion": 1922, "Skullcrack": 2524, "Mission Briefing": 1798, "Not on My Watch": 1910, "Evangel of Synthesis": 903, "Kiora, the Rising Tide": 1532, "Raffine, Scheming Seer": 2154, "Expedition Map": 912, "Dropkick Bomber": 790, "Searslicer Goblin": 2400, "Goblin Ringleader_SB": 1186, "Ral, Crackling Wit": 2165, "Creeping Chill": 588, "Driven // Despair": 786, "Haunted Dead": 1276, "Narcomoeba": 1856, "Prized Amalgam": 2111, "Silversmote Ghoul": 2506, "Tome Scour": 2913, "Wail of the Forgotten": 3129, "Huskburster Swarm_SB": 1362, "Zombify": 3252, "Blooming Blast": 276, "Gallia of the Endless Dance": 1082, "Cemetery Gatekeeper_SB": 442, "Bulk Up": 360, "Dawnbringer Cleric": 631, "Camellia, the Seedmiser_SB": 388, "Trail of Crumbs_SB": 2934, "Voracious Hydra": 3117, "Hornet Queen_SB": 1346, "Cut // Ribbons": 616, "Skrelv's Hive_SB": 2521, "Halana and Alena, Partners": 1250, "Blacksmith's Talent": 239, "Herald of Eternal Dawn_SB": 1306, "Temple of Plenty": 2773, "Peer into the Abyss_SB": 2041, "The Witch's Vanity": 2845, "Day of Judgment": 633, "Liliana, Dreadhorde General": 1651, "Hanweir Battlements": 1260, "Response // Resurgence_SB": 2250, "Scorn-Blade Berserker": 2377, "Essence Channeler": 896, "Fountain of Renewal": 1052, "Heliod, Sun-Crowned": 1298, "Hooded Blightfang": 1338, "Indulging Patrician": 1386, "Revival // Revenge": 2269, "Scoured Barrens": 2378, "Vampire of the Dire Moon": 3060, "Vito, Thorn of the Dusk Rose": 3092, "Voice of the Blessed": 3103, "Tinybones, Bauble Burglar": 2895, "Deathmark_SB": 650, "Lava Axe_SB": 1595, "Skrelv's Hive": 2520, "Flicker of Fate_SB": 1019, "Kykar, Zephyr Awakener": 1586, "Infestation Sage": 1390, "Ill-Timed Explosion_SB": 1369, "Omnath, Locus of Creation_SB": 1957, "Scrapwork Mutt": 2385, "Tyvar's Stand": 2977, "Shadows' Verdict_SB": 2441, "Spawn of Mayhem": 2594, "Karn, Scion of Urza_SB": 1492, "Maelstrom Pulse": 1701, "Banner of Kinship": 193, "Elvish Archdruid": 849, "Citanul Stalwart": 490, "Sylvan Messenger_SB": 2727, "Joust Through_SB": 1468, "Genesis Wave": 1106, "Samut, Tyrant Smasher": 2343, "Bouncer's Beatdown_SB": 317, "Soulstone Sanctuary": 2590, "Youthful Valkyrie": 3237, "Torment of Hailfire_SB": 2921, "Drake Hatcher_SB": 763, "Curator of Destinies_SB": 612, "Imposing Sovereign_SB": 1379, "Blitz of the Thunder-Raptor": 258, "Long River's Pull": 1671, "Unsubstantiate": 3024, "Sugar Coat_SB": 2683, "Haunted Cloak": 1275, "Swiftfoot Boots": 2721, "Flameblade Adept": 1012, "Ox of Agonas": 2005, "Dread Fugue": 767, "Lunarch Veteran": 1694, "Skyclave Cleric": 2529, "Ajani, Strength of the Pride_SB": 49, "Davriel, Rogue Shadowmage_SB": 629, "The Raven Man_SB": 2830, "Dusk Legion Duelist": 801, "Make Disappear_SB": 1711, "Toxrill, the Corrosive_SB": 2932, "Expansion // Explosion": 910, "Seasons Past": 2405, "Haughty Djinn_SB": 1274, "Charming Scoundrel": 473, "Deflecting Palm": 669, "Fallaji Vanguard": 948, "Fortune, Loyal Steed": 1046, "Furycalm Snarl": 1077, "Hellspur Posse Boss": 1301, "Panharmonicon": 2016, "Requisition Raid": 2245, "Temple of Triumph": 2775, "Terror of the Peaks": 2788, "Witty Roastmaster": 3201, "Aetherstorm Roc_SB": 34, "Anim Pakal, Thousandth Moon_SB": 81, "Chance for Glory_SB": 455, "Demonic Ruckus_SB": 682, "Impact Tremors_SB": 1376, "Bristlebud Farmer": 343, "Gruul Charm_SB": 1235, "Phyrexian Obliterator_SB": 2062, "Brass's Tunnel-Grinder": 324, "Goblin Instigator": 1179, "Raise the Past": 2156, "Chained to the Rocks_SB": 450, "Plumecreed Escort": 2084, "Icon of Ancestry_SB": 1364, "Kellan, Planar Trailblazer": 1516, "Anguished Unmaking": 78, "Blessed Alliance_SB": 252, "Day of Judgment_SB": 634, "Maelstrom Pulse_SB": 1702, "Mystic Repeal_SB": 1846, "Thassa's Oracle": 2800, "Niv-Mizzet, Visionary_SB": 1903, "Reasonable Doubt_SB": 2199, "Rottenmouth Viper_SB": 2314, "Thing in the Ice": 2852, "Witness Protection_SB": 3200, "Heaped Harvest": 1288, "Thassa, God of the Sea": 2802, "Phyrexian Arena_SB": 2056, "Tibalt's Trickery": 2888, "Tibalt's Trickery_SB": 2889, "Slaughter Games": 2536, "Idol of Endurance": 1365, "Phyrexian Censor": 2057, "Niko Aris": 1886, "Academy Loremaster": 11, "Chainsaw": 451, "Fountainport Bell": 1054, "Glint-Nest Crane": 1154, "Hammer of Purphoros": 1255, "Scattered Groves": 2367, "Arboreal Grazer_SB": 103, "Shrapnel Blast_SB": 2485, "Sixth Sense": 2517, "Alpha Authority_SB": 58, "Triton Tactics_SB": 2954, "Blood Baron of Vizkopa": 259, "Crystal Barricade_SB": 605, "Thought Erasure": 2863, "Culling Ritual": 606, "Wear Down_SB": 3156, "Spring-Loaded Sawblades": 2630, "Bala Ged Recovery_SB": 178, "Turn the Earth_SB": 2964, "Tenacious Underdog_SB": 2782, "Push // Pull": 2129, "Dowsing Device": 754, "Burst Lightning_SB": 372, "Llanowar Visionary": 1665, "Skyknight Squire": 2531, "Sire of Seven Deaths": 2515, "Niv-Mizzet, Supreme_SB": 1902, "Ajani, Caller of the Pride": 45, "Burrowguard Mentor": 370, "Dryad Militant": 795, "Fleecemane Lion": 1015, "Kutzil, Malamet Exemplar": 1584, "Melira, the Living Cure": 1754, "Wilt-Leaf Liege": 3181, "Seal Away_SB": 2394, "Chandra, Hope's Beacon_SB": 463, "Choked Estuary": 480, "Ego Drain": 818, "Faerie Fencing": 941, "Obyra, Dreaming Duelist": 1939, "Shineshadow Snarl": 2470, "Sleep-Cursed Faerie": 2540, "Sunken Hollow": 2699, "Talion, the Kindly Lord": 2742, "Talion's Messenger": 2741, "Twining Twins": 2968, "Crippling Fear_SB": 589, "Flashfreeze_SB": 1014, "Phantom Interference_SB": 2052, "Blessed Alliance": 251, "Builder's Talent": 357, "Worldspine Wurm": 3212, "Assemble the Legion_SB": 143, "Runed Halo_SB": 2328, "Fanatical Firebrand": 951, "Goblin Warchief": 1192, "Krenko, Mob Boss": 1572, "Betrayer's Bargain_SB": 222, "By Force_SB": 375, "Strangle_SB": 2669, "Collateral Damage_SB": 514, "Tibalt, Rakish Instigator_SB": 2890, "Game Trail": 1086, "Glorybringer": 1161, "Cankerbloom_SB": 391, "Aspect of Hydra": 139, "Hunter's Talent": 1358, "Nullhide Ferox": 1920, "Steel Leaf Champion": 2649, "Garruk's Uprising_SB": 1090, "Ghalta, Primal Hunger_SB": 1113, "Indomitable Creativity_SB": 1385, "Balustrade Wurm": 181, "Reality Shift": 2194, "Apostle of Purifying Light_SB": 93, "Chaplain of Alms_SB": 470, "Healer's Hawk_SB": 1287, "Lukka, Bound to Ruin_SB": 1689, "Heliod's Intervention": 1296, "Legion's Landing": 1614, "Volatile Fault": 3107, "Herald of Eternal Dawn": 1305, "Cast Down": 408, "Desecration Demon": 694, "Kaervek, the Punisher": 1472, "Mishra's Foundry": 1796, "Ultimate Price": 2986, "Unexpected Fangs": 3004, "Vadmir, New Blood": 3044, "Extract a Confession_SB": 924, "Kitesail Freebooter_SB": 1533, "Pilfer_SB": 2071, "Bedlam Reveler": 214, "Frostboil Snarl": 1068, "Warlord's Fury": 3142, "Ox of Agonas_SB": 2006, "Abrade": 3, "Dazzling Angel": 637, "Divine Smite": 734, "Exemplar of Light": 908, "Firemane Avenger": 1005, "Wind-Scarred Crag": 3184, "Edgewall Inn": 815, "Edgewall Innkeeper": 816, "Lucky Clover": 1688, "Midnight Reaper": 1774, "Necroblossom Snarl": 1865, "Order of Midnight": 1969, "Smitten Swordmaster": 2551, "Disfigure_SB": 724, "Massacre Girl_SB": 1737, "Stormkeld Vanguard_SB": 2665, "Gray Merchant of Asphodel": 1221, "Mephitic Draught": 1761, "Tithing Blade": 2905, "Trial of Ambition": 2950, "Warlock Class": 3141, "Corpses of the Lost_SB": 566, "Doom Foretold_SB": 745, "Life of Toshiro Umezawa_SB": 1633, "Burn Down the House": 362, "Flame-Blessed Bolt": 1010, "Refute": 2222, "Vampires' Vengeance": 3061, "Pelakka Wurm_SB": 2042, "Boon of the Wish-Giver": 303, "Drannith Healer": 764, "Drannith Stinger": 766, "Flourishing Fox": 1026, "Frostveil Ambush": 1069, "Go for Blood": 1169, "Memory Leak": 1759, "Startling Development": 2644, "Valiant Rescuer": 3052, "Zenith Flare": 3245, "Enigma Drake": 876, "Ephara's Dispersal": 883, "Eroded Canyon": 887, "Essence Capture": 895, "Galvanize": 1085, "Mind Spiral": 1781, "Peculiar Lighthouse": 2039, "Pit of Offerings": 2076, "Scorching Shot": 2375, "Shore Up": 2478, "Slick Sequence": 2543, "Tolarian Terror": 2909, "Winged Words": 3186, "Into the Fire_SB": 1414, "Wildfire Howl_SB": 3177, "Burn Bright": 361, "Chimney Rabble": 479, "Domri, Anarch of Bolas": 742, "Fissure Wizard": 1009, "Goblin Arsonist": 1172, "Goblin Javelineer": 1180, "Goblin Morningstar": 1181, "Goblin Trailblazer": 1190, "Grumgully, the Generous": 1233, "Heraldic Banner": 1307, "Hobgoblin Bandit Lord": 1331, "Hulking Bugbear": 1354, "Renata, Called to the Hunt": 2236, "Return of the Wildspeaker": 2266, "Rhythm of the Wild": 2273, "Subira, Tulzidi Caravanner": 2679, "You See a Pair of Goblins": 3234, "Krenko, Mob Boss_SB": 1573, "Krenko, Tin Street Kingpin_SB": 1574, "Banishing Light": 191, "Flowerfoot Swordmaster": 1028, "Mabel, Heir to Cragflame": 1698, "Seedglaive Mentor": 2412, "Short Bow": 2481, "Whiskervale Forerunner": 3171, "Abzan Charm": 10, "Deathmist Raptor": 651, "Den Protector": 683, "Mastery of the Unseen": 1743, "Sandsteppe Citadel": 2349, "Satyr Wayfinder": 2355, "Siege Rhino": 2488, "Temple of Silence": 2774, "Unyielding Gatekeeper": 3031, "Drown in Sorrow_SB": 791, "Disfigure": 723, "Gnawing Vermin": 1165, "Gossip's Talent": 1207, "Karumonix, the Rat King": 1494, "Lord Skitter, Sewer King": 1678, "Persistent Marshstalker": 2047, "Piper of the Swarm": 2075, "Shoreline Looter": 2480, "Tangled Colony": 2750, "Vren, the Relentless": 3128, "Bring the Ending_SB": 341, "Pile On_SB": 2070, "Tangled Colony_SB": 2751, "No Witnesses": 1907, "Port Town": 2092, "Temple of Enlightenment": 2768, "Jace, Architect of Thought_SB": 1451, "No Witnesses_SB": 1908, "Ayara, First of Locthwain": 166, "Brain Maggot": 321, "Erebos, Bleak-Hearted": 885, "Infernal Grasp": 1388, "Phyrexian Arena": 2055, "Underworld Dreams": 3003, "Corrupt_SB": 567, "Power Word Kill_SB": 2102, "Whack_SB": 3169, "Cinder Glade": 485, "Enter the Unknown": 879, "Mirrorwing Dragon": 1793, "Silverfur Partisan": 2502, "Temple of Abandon": 2767, "Young Pyromancer": 3235, "Zada, Hedron Grinder": 3240, "Temur Battle Rage_SB": 2780, "Turn Inside Out_SB": 2963, "Unnatural Moonrise_SB": 3021, "Night of the Sweets' Revenge": 1882, "Savor": 2359, "Thornvault Forager": 2861, "Tough Cookie": 2929, "Feed the Cycle_SB": 974, "Life Goes On_SB": 1632, "Savor_SB": 2360, "Abandoned Campground": 0, "Dollmaker's Shop // Porcelain Gallery": 740, "Grand Entryway // Elegant Rotunda": 1214, "Gremlin Tamer": 1226, "Inquisitive Glimmer": 1397, "Lionheart Glimmer": 1660, "Niko, Light of Hope": 1887, "Oppressive Rays": 1963, "Builder's Talent_SB": 358, "Divine Resilience_SB": 733, "Fear of Impostors_SB": 965, "Kitnap_SB": 1537, "Minor Misstep_SB": 1784, "Paladin Class_SB": 2014, "Stay Hidden, Stay Silent_SB": 2646, "Badlands Revival": 174, "Fertile Thicket": 984, "Festerleech": 987, "Foul Orchard": 1048, "Gix's Command": 1139, "Golgari Guildgate": 1203, "Hedge Shredder": 1294, "Hero's Downfall": 1310, "Jungle Hollow": 1470, "Quilled Greatwurm": 2145, "Slice from the Shadows": 2542, "Frantic Strength_SB": 1061, "Stab_SB": 2638, "Vraska's Fall_SB": 3123, "Alesha, Who Laughs at Fate": 53, "Davriel, Rogue Shadowmage": 628, "Fell": 980, "Grasp of Darkness": 1216, "Master of Cruelties": 1740, "Razorlash Transmogrant": 2189, "Razortrap Gorge": 2190, "Seize the Spoils": 2417, "Illness in the Ranks_SB": 1370, "Kaervek, the Spiteful_SB": 1473, "Painful Quandary_SB": 2011, "Witch's Vengeance_SB": 3191, "Eddymurk Crab": 813, "Haughty Djinn": 1273, "Stormwing Entity": 2667, "Gnarled Scarhide": 1162, "Madcap Skills": 1699, "Minotaur Skullcleaver": 1785, "Mogis's Marauder": 1805, "Rakdos Cackler": 2157, "Rakdos Shred-Freak": 2161, "Spike Jester": 2611, "Tormented Hero": 2922, "Doom Blade_SB": 743, "Ultimate Price_SB": 2987, "Consuming Aberration": 554, "Contaminated Aquifer": 559, "Didn't Say Please": 713, "Dimir Guildgate": 716, "Dismal Backwater": 725, "Dreadwaters": 777, "Duskmantle Guildmage": 804, "Fell Specter": 981, "Jhessian Thief": 1463, "Mind Carver": 1778, "Mind Drain": 1779, "Murder": 1836, "Nezumi Informant": 1875, "Orzhov Racketeers": 1973, "Painful Quandary": 2010, "Paranoid Delusions": 2020, "Pilfered Plans": 2072, "Psychic Strike": 2127, "Razzle-Dazzler": 2192, "Read the Bones": 2193, "Sleep": 2539, "The Mindskinner": 2828, "Typhoid Rats": 2973, "Wall of Frost": 3133, "Witness Protection": 3199, "Aspect of Lamprey_SB": 140, "Blood Pact_SB": 263, "Crypt Incursion_SB": 600, "Dreadwaters_SB": 778, "Frogify_SB": 1067, "Mocking Sprite_SB": 1802, "Professor's Warning_SB": 2113, "Rogue's Gloves_SB": 2305, "Sinister Possession_SB": 2512, "Solemn Simulacrum_SB": 2568, "Sphinx of Magosi_SB": 2605, "Thieving Otter_SB": 2851, "Unlikely Aid_SB": 3017, "Zombify_SB": 3253, "Coruscation Mage": 568, "Aethersphere Harvester_SB": 33, "Burning Hands_SB": 366, "Giant Cindermaw_SB": 1121, "Lightning Mare_SB": 1644, "Wrangle_SB": 3215, "Ancient Imperiosaur": 69, "Belligerent Yearling": 218, "Fight Rigging": 997, "Intrepid Paleontologist": 1420, "Ixalli's Lorekeeper": 1443, "Palani's Hatcher": 2015, "Regisaur Alpha": 2227, "Restless Ridgeline": 2259, "Shifting Ceratops": 2466, "Triumphant Chomp": 2955, "Shifting Ceratops_SB": 2467, "Thrashing Brontodon_SB": 2875, "Triumphant Chomp_SB": 2956, "Goblin Boarders": 1174, "Goblin Heelcutter": 1178, "Goblin Negotiation": 1182, "Goblin Surprise": 1187, "Goblinslide": 1193, "Guttersnipe": 1244, "Hellraiser Goblin": 1300, "Impact Tremors": 1375, "Pyrewild Shaman": 2131, "Redcap Gutter-Dweller": 2214, "Rigging Runner": 2276, "Subterranean Scout": 2682, "Thrill of Possibility": 2879, "War Squeak": 3136, "Frenzied Goblin_SB": 1065, "Goblin Boarders_SB": 1175, "Goblin Surprise_SB": 1188, "Rundvelt Hordemaster_SB": 2326, "Searslicer Goblin_SB": 2401, "Siege-Gang Commander_SB": 2490, "Cruel Somnophage": 591, "Mercurial Spelldancer": 1762, "Mind Sculpt": 1780, "Ruin Crab": 2322, "Sign in Blood": 2493, "Syr Konrad, the Grim": 2733, "Bitter Chill_SB": 232, "Chart a Course_SB": 476, "See Double_SB": 2409, "Sphinx's Tutelage_SB": 2610, "Terisian Mindbreaker_SB": 2784, "Armored Kincaller": 125, "Burning Sun Cavalry": 367, "Captivating Cave": 392, "Cavern Stomper": 434, "Colossadactyl": 524, "Dinotomaton": 718, "Disturbed Slumber": 729, "Earthshaker Dreadmaw": 808, "Hidden Nursery": 1316, "Nurturing Bristleback": 1923, "Over the Edge": 1991, "Panicked Altisaur": 2017, "Pathfinding Axejaw": 2031, "Poison Dart Frog": 2086, "Promising Vein": 2118, "Rampaging Ceratops": 2173, "Rumbling Rockslide": 2324, "Scytheclaw Raptor": 2389, "Seeker of Sunlight": 2413, "Seismic Monstrosaur": 2415, "Walk with the Ancestors": 3132, "Bristling Backwoods": 344, "Deeproot Champion": 662, "Quirion Dryad": 2148, "Domri's Ambush_SB": 741, "Blazing Volley": 249, "Cinderclasm": 486, "Crash Through": 583, "Death-Rattle Oni": 647, "Electrickery": 832, "Kessig Flamebreather": 1524, "Seismic Wave": 2416, "Stolen Vitality": 2658, "Burn Down the House_SB": 363, "Smoldering Egg_SB": 2552, "Swamp_SB": 2717, "Cast Out": 409, "Reptilian Reflection": 2241, "Irencrag Pyromancer_SB": 1434, "Nahiri's Resolve": 1849, "Thousand Moons Smithy": 2868, "Tinker's Tote": 2893, "Dusk Rose Reliquary_SB": 803, "Unidentified Hovership_SB": 3012, "Case of the Crimson Pulse": 401, "Vindictive Flamestoker_SB": 3081, "Bomat Courier": 288, "Falkenrath Gorger": 946, "Foreboding Ruins": 1036, "Forerunner of Slaughter": 1039, "Olivia, Mobilized for War": 1948, "Unlicensed Disintegration": 3014, "Rakdos Charm_SB": 2158, "Shock_SB": 2475, "Transgress the Mind_SB": 2938, "Briarbridge Tracker": 334, "Hard-Hitting Question": 1262, "Subterranean Schooner": 2681, "Teething Wurmlet": 2761, "Vineglimmer Snarl": 3082, "Briarbridge Tracker_SB": 335, "Hard-Hitting Question_SB": 1263, "Island_SB": 1439, "Unsummon_SB": 3026, "Gingerbread Cabin": 1136, "Rampage of the Clans": 2172, "Hangarback Walker_SB": 1258, "Earthshaker Khenra": 809, "Mirran Banesplitter": 1787, "Rimrock Knight": 2278, "Azorius Guildgate": 170, "Boros Guildgate": 309, "Gate Colossus": 1093, "Gatebreaker Ram": 1094, "Gates Ablaze": 1095, "Gateway Plaza": 1097, "Glaive of the Guildpact": 1143, "Gruul Guildgate": 1236, "Guild Summit": 1242, "Hour of Promise": 1352, "Izzet Guildgate": 1446, "Maze's End": 1748, "Open the Gates": 1961, "Orzhov Guildgate": 1972, "Plaza of Harmony": 2082, "Rakdos Guildgate": 2159, "Selesnya Guildgate": 2419, "Simic Guildgate": 2507, "Thran Portal": 2872, "Archway Angel_SB": 120, "Crackling Perimeter_SB": 578, "Strategic Planning": 2672, "Wandering Fumarole": 3134, "Essence Scatter_SB": 899, "Frantic Firebolt_SB": 1058, "Behold the Multiverse": 216, "Saw It Coming": 2362, "Thirst for Discovery": 2857, "Inscription of Abundance": 1400, "Primal Might": 2108, "Experiment One_SB": 915, "Toxin Analysis_SB": 2931, "Shoot the Sheriff": 2476, "Smoldering Marsh": 2553, "Banehound": 187, "Curator of Mysteries": 613, "Mire Triton": 1786, "Rush of Vitality_SB": 2334, "Goblin Blast-Runner": 1173, "Implement of Combustion": 1377, "Krenko, Baron of Tin Street": 1571, "Voltage Surge": 3114, "Sunshot Militia_SB": 2703, "Essence Scatter": 898, "Flow of Knowledge": 1027, "Quick Study_SB": 2143, "Shifting Grift_SB": 2468, "Crawling Barrens": 586, "Memorial to Folly": 1755, "Power Word Kill": 2101, "Ob Nixilis Reignited_SB": 1930, "Blacklance Paragon": 237, "Brineborn Cutthroat": 340, "Cunning Nightbonder": 610, "Reasonable Doubt": 2198, "Sea-Dasher Octopus": 2391, "Ashiok's Erasure_SB": 131, "Spectral Adversary_SB": 2596, "Arcane Infusion": 104, "Xenagos, God of Revels": 3220, "Aetherize_SB": 32, "Into the Roil_SB": 1417, "Volcanic Spite_SB": 3109, "Zetalpa, Primal Dawn_SB": 3248, "Flame-Blessed Bolt_SB": 1011, "Ral, Izzet Viceroy_SB": 2167, "You See a Guard Approach_SB": 3233, "Aether Hub": 29, "Attune with Aether": 152, "Gather the Pack": 1100, "Lotleth Troll": 1683, "Cragplate Baloth_SB": 581, "Plains_SB": 2079, "Sporeweb Weaver_SB": 2628, "Beastie Beatdown": 210, "Return to Nature_SB": 2268, "Alseid of Life's Bounty": 61, "Hateful Eidolon": 1272, "Karametra's Blessing": 1488, "Agent of the Fates_SB": 43, "Dead Weight_SB": 640, "Eriette of the Charmed Apple_SB": 886, "Pacifism_SB": 2008, "Evolving Wilds": 906, "Good-Fortune Unicorn": 1205, "Mossborn Hydra": 1826, "Ochre Jelly": 1941, "Sylvan Scavenging": 2729, "Wildwood Scourge": 3179, "Gaea's Gift_SB": 1079, "Gnarlid Colony_SB": 1163, "Inscription of Abundance_SB": 1401, "Trash the Town_SB": 2942, "Bristling Hydra": 345, "Electrostatic Pummeler": 833, "Fling": 1020, "Ghor-Clan Rampager": 1116, "Harnessed Lightning": 1268, "Servant of the Conduit": 2433, "Axebane Ferox_SB": 164, "Deathgorge Scavenger_SB": 649, "Gruul Spellbreaker_SB": 1237, "Insult // Injury_SB": 1410, "Wilt_SB": 3183, "Legion Angel": 1608, "Legion Angel_SB": 1609, "Gideon's Triumph_SB": 1130, "Demonic Pact": 680, "Doom Foretold": 744, "Hopeful Vigil": 1342, "Kaya's Wrath": 1501, "Sigil of the Empty Throne": 2492, "Spirit-Sister's Call": 2620, "Banishing Light_SB": 192, "Cast Out_SB": 410, "Dreadhorde Invasion_SB": 774, "Trespasser's Curse_SB": 2949, "Arashin Foremost": 100, "Blood-Chin Rager": 265, "Chief of the Edge": 478, "Gutterbones": 1243, "Mardu Strike Leader": 1728, "Mardu Woe-Reaper": 1729, "Rally the Ranks": 2169, "Secure the Wastes": 2408, "Usher of the Fallen": 3043, "Garruk's Harbinger": 1087, "Lifecrafter's Bestiary": 1635, "Feed the Clan_SB": 972, "Skyreaping_SB": 2533, "Stern Lesson": 2654, "Roast_SB": 2300, "Commit // Memory": 536, "Think Twice": 2854, "Sphinx's Revelation_SB": 2608, "Angel of Invention": 70, "Combat Celebrant": 529, "God-Pharaoh's Gift": 1194, "Refurbish": 2221, "Arashin Cleric_SB": 99, "Spinner of Souls_SB": 2616, "Seal from Existence": 2395, "Ghostly Dancers_SB": 1119, "Seal from Existence_SB": 2396, "Connive // Concoct_SB": 547, "Torrential Gearhulk_SB": 2927, "Outrageous Robbery": 1988, "Hullbreaker Horror": 1356, "Boltwave_SB": 287, "Fatal Grudge": 955, "Gnarlroot Trapper": 1164, "Valley Floodcaller_SB": 3056, "Valorous Stance_SB": 3059, "Pillage the Bog_SB": 2074, "Aether Channeler": 26, "Foul Emissary": 1047, "Sublime Epiphany": 2680, "Fiery Annihilation_SB": 993, "Reckless Stormseeker_SB": 2207, "Arahbo, the First Fang": 98, "Felidar Cub": 978, "Feline Sovereign": 979, "Sacred Cat": 2336, "Savannah Lions": 2358, "Archfiend of Depravity": 111, "Archfiend of Depravity_SB": 112, "Fade from History_SB": 936, "Loot, Exuberant Explorer": 1672, "Quicken": 2144, "Banish into Fable": 189, "Reluctant Role Model": 2233, "Furnace Punisher": 1074, "March of Swirling Mist": 1724, "Invasive Surgery_SB": 1428, "The Scarab God_SB": 2835, "Pieces of the Puzzle": 2069, "Agatha of the Vile Cauldron": 38, "Bard Class": 196, "Hajar, Loyal Bodyguard": 1249, "Ruby, Daring Tracker": 2321, "Samut, Vizier of Naktamun": 2344, "Targ Nar, Demon-Fang Gnoll": 2753, "Xenagos, the Reveler": 3222, "Stormsplitter": 2666, "Thousand-Year Storm": 2870, "Cathartic Pyre_SB": 425, "Tamiyo, Collector of Tales_SB": 2747, "Anthem of Champions_SB": 90, "Michiko's Reign of Truth": 1773, "Rite of Oblivion": 2286, "Tinybones, the Pickpocket": 2896, "Fear of Abduction": 963, "Overwhelming Remorse_SB": 2004, "Brotherhood's End": 351, "Return the Favor_SB": 2267, "Gloomshrieker": 1159, "Dennick, Pious Apprentice_SB": 686, "Dissection Tools": 728, "Sire of Seven Deaths_SB": 2516, "Dollmaker's Shop && Porcelain Gallery": 739, "Kami of Transience": 1486, "Surgical Suite && Hospital Room_SB": 2713, "Regal Bunnicorn": 2223, "Ashiok, Wicked Manipulator": 137, "Protect the Negotiators_SB": 2125, "Ajani, Strength of the Pride": 48, "Case of the Uneaten Feast": 407, "Trelasarra, Moon Dancer": 2948, "Floriferous Vinewall": 1025, "Urborg Lhurgoyf": 3036, "Aether Channeler_SB": 27, "Kambal, Consul of Allocation": 1483, "Tectonic Hazard_SB": 2760, "Zephyr Sentinel_SB": 3246, "Harmonious Archon": 1266, "Sandstorm Salvager": 2350, "Kayla's Reconstruction_SB": 1508, "Surrak Dragonclaw": 2714, "Frantic Scapegoat": 1059, "Ritual of Soot": 2289, "Inscription of Ruin": 1402, "Callous Sell-Sword_SB": 386, "Destroy Evil": 701, "Serra Paragon_SB": 2432, "Breeding Pool_SB": 333, "Woodland Bellower": 3207, "Heartflame Duelist": 1290, "Inspiring Veteran": 1409, "Knight of Dusk's Shadow": 1543, "Knight of the Ebon Legion": 1547, "Tournament Grounds": 2930, "Venerable Knight": 3073, "Worthy Knight": 3214, "Knight of Dusk's Shadow_SB": 1544, "Filter Out": 1000, "Chance for Glory": 454, "Teferi, Who Slows the Sunset": 2765, "Bag of Holding_SB": 176, "Zirda, the Dawnwaker_SB": 3250, "Despise_SB": 698, "Lifebane Zombie_SB": 1634, "Sunspine Lynx": 2704, "Light Up the Stage_SB": 1637, "God-Pharaoh's Statue_SB": 1195, "Smuggler's Surprise_SB": 2556, "Wakeroot Elemental_SB": 3131, "Cindervines": 487, "Fetid Pools": 988, "Silvergill Adept": 2504, "Triton Shorestalker": 2953, "The Flame of Keld": 2817, "Wakeroot Elemental": 3130, "Dreadbore": 769, "Nicol Bolas, the Ravager": 1879, "Omen of the Forge": 1952, "The Kami War": 2822, "Isareth the Awakener": 1437, "This Town Ain't Big Enough": 2859, "Legion Extruder_SB": 1611, "Remorseful Cleric": 2234, "Nissa, Who Shakes the World": 1897, "Nahiri's Warcrafting_SB": 1850, "Depala, Pilot Exemplar": 687, "Magda, Brazen Outlaw": 1704, "Magda, the Hoardmaster": 1705, "Roaming Throne": 2295, "Veteran Motorist": 3078, "The Royal Scions": 2833, "Unauthorized Exit_SB": 2994, "Bilious Skulldweller": 226, "Chevill, Bane of Monsters": 477, "Fynn, the Fangbearer": 1078, "Ghost Vacuum": 1117, "Heroic Intervention": 1311, "Malakir Rebirth": 1712, "Wasteland Viper": 3149, "Infectious Bite_SB": 1387, "Akal Pakal, First Among Equals": 50, "Courser of Kruphix": 574, "Simic Manipulator": 2508, "Timestream Navigator": 2892, "Azure Beastbinder_SB": 172, "Mockingbird_SB": 1804, "Simic Manipulator_SB": 2509, "Trygon Predator_SB": 2960, "Vivien, Champion of the Wilds_SB": 3095, "Caretaker's Talent_SB": 395, "Fountainport_SB": 1055, "Rite of Oblivion_SB": 2287, "Kogla, the Titan Ape": 1555, "Cavalier of Thorns_SB": 432, "Ulvenwald Oddity_SB": 2989, "Crumbling Vestige": 597, "Sylvan Awakening": 2725, "The Mightstone and Weakstone_SB": 2827, "Kogla and Yidaro_SB": 1554, "Kogla and Yidaro": 1553, "Trumpeting Carnosaur_SB": 2959, "Dusk // Dawn_SB": 800, "Last Breath_SB": 1594, "Thunderherd Migration": 2884, "Boros Elite": 308, "Guardian of New Benalia": 1241, "Mobilized District": 1801, "Precinct Captain": 2106, "Soldier of the Pantheon": 2567, "Spellbook Vendor": 2603, "Sungold Sentinel": 2696, "Banisher Priest_SB": 190, "Bounty Agent_SB": 319, "Rally the Ranks_SB": 2170, "Wicked Wolf_SB": 3174, "Overlord of the Mistmoors_SB": 2002, "Renegade Tactics": 2239, "Fear of Isolation": 966, "Tinybones Joins Up": 2894, "Built to Smash": 359, "Wayward Guide-Beast": 3153, "Voldaren Thrillseeker_SB": 3112, "Siphon Insight_SB": 2513, "Imodane's Recruiter_SB": 1374, "Glorious Protector_SB": 1160, "Niambi, Esteemed Speaker_SB": 1876, "The Wandering Rescuer_SB": 2844, "Into the Story": 1418, "Syr Ginger, the Meal Ender_SB": 2732, "Lavinia, Azorius Renegade_SB": 1599, "Augur of Bolas": 155, "Essence Flux": 897, "Apostle of Purifying Light": 92, "Glass Casket": 1146, "Thran Power Suit": 2873, "Treacherous Blessing_SB": 2945, "Umori, the Collector_SB": 2990, "Glass Casket_SB": 1147, "Grasp of Darkness_SB": 1217, "Necrotic Wound": 1867, "Necrotic Wound_SB": 1868, "Souls of the Lost_SB": 2589, "Kappa Tech-Wrecker": 1487, "Eldrazi Displacer_SB": 829, "Experimental Augury": 916, "Fleeting Spirit": 1016, "Lore Drakkis": 1679, "Open the Omenpaths": 1962, "Vadrok, Apex of Thunder": 3045, "Crucible of Worlds": 590, "Destiny Spinner": 699, "Sin Collector_SB": 2511, "Cult Conscript": 608, "Mutavault_SB": 1843, "Mukotai Ambusher_SB": 1835, "Cleansing Wildfire_SB": 502, "Vanish into Eternity_SB": 3063, "Tribute to Horobi": 2951, "Hunter's Talent_SB": 1359, "Vengeful Possession": 3076, "Hidetsugu's Second Rite_SB": 1321, "Nurturing Pixie": 1924, "Malcolm, Alluring Scoundrel": 1713, "Preacher of the Schism_SB": 2105, "Pia Nalaar, Consul of Revival": 2065, "Showdown of the Skalds": 2482, "Bassara Tower Archer": 203, "Cloudsteel Kirin": 511, "Lizard Blades": 1663, "Searing Blood": 2398, "Bomat Courier_SB": 289, "Magma Spray_SB": 1709, "Stalactite Stalker": 2640, "Lamplight Phoenix_SB": 1589, "Pawpatch Recruit_SB": 2037, "Omen of the Dead": 1950, "Sentinel of the Nameless City_SB": 2428, "Ayara's Oathsworn": 165, "Sharp-Eyed Rookie": 2454, "Council of the Absolute_SB": 571, "Adventurous Impulse": 24, "Arcane Proxy": 105, "Chrome Host Seedshark": 483, "See the Truth": 2410, "Ambitious Farmhand": 64, "Cascading Cataracts": 400, "Helpful Hunter": 1302, "Thalia's Lancers": 2794, "Wilt-Leaf Liege_SB": 3182, "Augur of Autumn_SB": 154, "Lavabrink Venturer_SB": 1596, "Thalia and The Gitrog Monster": 2793, "Dreadbore_SB": 770, "Cavalier of Dawn": 429, "Kotose, the Silent Spider": 1565, "Fanatic of Mogis": 949, "Solphim, Mayhem Dominus": 2571, "Shatterskull Smashing_SB": 2457, "Recommission": 2212, "Barkhide Troll": 198, "Gather Courage": 1098, "Tribute to the World Tree": 2952, "Setessan Tactics_SB": 2436, "Prosperous Thief_SB": 2124, "Oblivious Bookworm": 1935, "Cerulean Drake_SB": 448, "Bloodthirsty Conqueror": 272, "Dina, Soul Steeper": 717, "Dryad of the Ilysian Grove": 796, "Jaddi Offshoot": 1457, "Mirrorpool": 1790, "Retreat to Hagra": 2265, "Bristly Bill, Spine Sower_SB": 347, "Undergrowth Champion_SB": 3002, "Bladehold War-Whip": 243, "Nahiri, Forged in Fury": 1851, "Sword of Forge and Frontier": 2723, "Rebel Salvo_SB": 2200, "Silverback Elder": 2500, "Silverback Elder_SB": 2501, "Celestial Armor": 440, "Etali, Primal Conqueror": 900, "Deputy of Detention_SB": 692, "Massacre Wurm": 1738, "Perilous Snare": 2044, "Repurposing Bay_SB": 2244, "Mendicant Core, Guidelight": 1760, "Voyager Glidecar": 3120, "Patchwork Automaton": 2026, "Momentum Breaker_SB": 1811, "Birgi, God of Storytelling": 227, "Crater's Claws": 585, "Zurgo Bellstriker_SB": 3259, "Zareth San, the Trickster": 3243, "Hare Apparent": 1265, "Greasewrench Goblin": 1223, "Moonshaker Cavalry_SB": 1822, "Grim Bauble": 1228, "Momentum Breaker": 1810, "Oildeep Gearhulk_SB": 1943, "Count on Luck_SB": 572, "Valor's Flagship": 3058, "Shacklegeist_SB": 2440, "Monument to Endurance_SB": 1818, "Chaplain of Alms": 469, "Rune of Might": 2327, "Liliana, Heretical Healer_SB": 1652, "Sab-Sunen, Luxa Embodied": 2335, "Archfiend's Vessel": 115, "Merfolk Secretkeeper": 1763, "Brightglass Gearhulk": 337, "Dredger's Insight": 785, "Dreadhorde Arcanist_SB": 772, "Coalstoke Gearhulk": 512, "Ossification_SB": 1976, "Grim Bauble_SB": 1229, "Memory Guardian": 1758, "Djeru's Renunciation": 736, "Marauding Mako": 1719, "Monument to Endurance": 1817, "Sunbillow Verge": 2689, "Ketramose, the New Dawn_SB": 1526, "Mastermind's Acquisition": 1741, "Behold the Multiverse_SB": 217, "Mukotai Ambusher": 1834, "Bloodghast": 268, "Molt Tender": 1807, "Driven // Despair_SB": 787, "Ashiok, Wicked Manipulator_SB": 138, "Anim Pakal, Thousandth Moon": 80, "Basri, Tomorrow's Champion": 202, "Urza's Ruinous Blast_SB": 3040, "The Speed Demon": 2838, "Intimidation Tactics_SB": 1413, "Oildeep Gearhulk": 1942, "Optimistic Scavenger_SB": 1966, "Virtue of Strength": 3090, "Roxanne, Starfall Savant_SB": 2316, "Freestrider Lookout": 1063, "Ketramose, the New Dawn": 1525, "Scrabbling Claws": 2380, "Willowrush Verge": 3180, "Commune with Spirits": 539, "Goro-Goro, Disciple of Ryusei": 1206, "Radha, Heart of Keld": 2150, "Redshift, Rocketeer Chief": 2217, "Bleachbone Verge": 250, "Detention Chariot": 704, "Tune Up": 2961, "Kaya the Inexorable_SB": 1498, "Thundering Broodwagon": 2885, "Fearless Swashbuckler": 968, "Gastal Thrillroller": 1092, "Ashiok, Nightmare Weaver": 136, "Hazoret, Godseeker": 1284, "Leyline Binding_SB": 1618, "Jace's Defeat_SB": 1449, "Norin, Swift Survivalist": 1909, "Wastewood Verge": 3150, "Avishkar Raceway": 163, "Fuel the Flames_SB": 1072, "Skycrash_SB": 2530, "Mindlink Mech_SB": 1782, "Murderous Cut": 1838, "Anguished Unmaking_SB": 79, "Drownyard Temple": 794, "Quag Feast": 2136, "Boommobile": 301, "Hedron Archive": 1295, "Paradox Engine": 2019, "Portal of Sanctuary": 2096, "Repurposing Bay": 2243, "Terrarion": 2786, "The Mightstone and Weakstone": 2826, "Thran Spider": 2874, "Workshop Assistant": 3209, "Liberator, Urza's Battlethopter_SB": 1629, "Shrapnel Slinger_SB": 2486, "Benthic Biomancer": 219, "Mindspring Merfolk": 1783, "Eaten Alive_SB": 811, "Biting-Palm Ninja_SB": 231, "Kazuul's Toll Collector": 1511, "Immersturm Raider": 1372, "The Speed Demon_SB": 2839, "Burnout Bashtronaut": 369, "Draconautics Engineer": 755, "Howlsquad Heavy": 1353, "Volley Veteran_SB": 3113, "Harrier Strix": 1269, "Hypnotic Grifter": 1363, "The Reality Chip": 2831, "Training Grounds": 2935, "Basilisk Collar_SB": 200, "Swiftfoot Boots_SB": 2722, "Stock Up": 2656, "Liliana, the Last Hope_SB": 1654, "Riverpyre Verge": 2292, "Concealing Curtains": 541, "Riptide Gearhulk_SB": 2283, "Blade Historian": 240, "Pyre of Heroes": 2130, "Night Clubber_SB": 1881, "Aegis Turtle_SB": 25, "Ride's End": 2274, "Analyze the Pollen": 66, "Cleansing Wildfire": 501, "Crumble to Dust": 596, "Encroaching Wastes": 866, "Gnottvold Slumbermound": 1166, "Haphazard Bombardment": 1261, "Jaya's Greeting": 1459, "Ravager Wurm": 2184, "Rowan, Scholar of Sparks": 2315, "Rubble Reading": 2319, "Sheltered Thicket": 2459, "Structural Distortion": 2676, "Sylvan Primordial": 2728, "Territory Forge": 2787, "Twin Bolt": 2966, "Herbology Instructor_SB": 1308, "Nissa's Defeat_SB": 1892, "Peak Eruption_SB": 2038, "Scrabbling Claws_SB": 2381, "Battle at the Bridge": 205, "Spire of Industry": 2617, "Battle at the Bridge_SB": 206, "Borrowed Hostility": 310, "Barbed Batterfist": 195, "Webstrike Elite": 3159, "Demilich_SB": 675, "Progenitor Mimic": 2116, "Banefire": 185, "Steel Seraph": 2650, "Violent Urge_SB": 3085, "Boon of Boseiju": 302, "Esika's Chariot_SB": 894, "Regal Imperiosaur": 2226, "Champion of the Perished": 453, "Cryptbreaker": 601, "Dark Salvation": 623, "Dread Wanderer": 768, "Relentless Dead": 2231, "Wayward Servant": 3154, "Zahur, Glory's Past": 3242, "Fighter Class": 999, "Chainsaw_SB": 452, "Nettle Guard_SB": 1873, "Sword of Forge and Frontier_SB": 2724, "Expedition Map_SB": 913, "Stock Up_SB": 2657, "Maximize Velocity": 1745, "Birgi, God of Storytelling_SB": 228, "Samut's Sprint": 2342, "Omen of the Dead_SB": 1951, "Lazav, Wearer of Faces": 1601, "Medomai the Ageless": 1753, "Riptide Gearhulk": 2282, "Carnage Tyrant": 396, "Gather Courage_SB": 1099, "Etali, Primal Conqueror_SB": 901, "Feather, the Redeemed": 969, "Feather, the Redeemed_SB": 970, "Dewdrop Cure": 709, "Healer's Hawk": 1286, "Linden, the Steadfast Queen": 1655, "Rogue's Passage": 2306, "Ruin-Lurker Bat": 2323, "Afterburner Expert": 35, "Nissa, Ascended Animist_SB": 1894, "Keruga, the Macrosage": 1522, "Twinshot Sniper": 2969, "Twinshot Sniper_SB": 2970, "Adorned Pouncer": 22, "Roadside Reliquary": 2294, "Satoru Umezawa": 2353, "Out of Air_SB": 1982, "Cry of the Carnarium": 598, "Kaya, Orzhov Usurper": 1504, "Calamity's Wake_SB": 380, "Spontaneous Mutation_SB": 2627, "Sunder the Gateway": 2691, "Knight of Grace": 1545, "Bladestitched Skaab": 244, "Lazotep Reaver": 1604, "Enduring Tenacity_SB": 874, "Rocketeer Boostbuggy": 2301, "Chandra, Spark Hunter_SB": 464, "Phoenix Chick": 2053, "Mortify": 1824, "Gix's Command_SB": 1140, "Sorin the Mirthless_SB": 2575, "Fuel the Flames": 1071, "Graf Reaver_SB": 1209, "Kraul Whipcracker_SB": 1568, "Fear of Impostors": 964, "Riptide Chimera": 2281, "Dive Down_SB": 732, "Witchstalker_SB": 3194, "Demonic Bargain": 678, "Blood Spatter Analysis": 264, "Soul-Scar Mage_SB": 2585, "Korvold, Fae-Cursed King_SB": 1564, "Osseous Sticktwister": 1974, "Dive Down": 731, "Jace Reawakened_SB": 1448, "Blessed Defiance": 253, "Seasoned Hallowblade": 2404, "The Mycosynth Gardens": 2829, "Alrund's Epiphany": 60, "Loot, the Pathfinder": 1673, "Burning Earth_SB": 365, "Fugitive Codebreaker": 1073, "Tireless Tracker_SB": 2897, "Invasion of New Phyrexia_SB": 1426, "Tangled Florahedron": 2752, "Healer of the Glade_SB": 1285, "Tale's End_SB": 2740, "Gisa, the Hellraiser_SB": 1137, "Ride's End_SB": 2275, "Omen of the Sun_SB": 1955, "Seeker of the Way_SB": 2414, "Redcap Melee": 2215, "Forbidden Friendship": 1035, "Collective Effort_SB": 519, "Perilous Snare_SB": 2045, "Beseech the Mirror_SB": 221, "Commence the Endgame_SB": 533, "Setessan Champion": 2434, "Trapped in the Screen": 2940, "Trapped in the Screen_SB": 2941, "Cryptolith Rite": 604, "Bottomless Pool && Locker Room": 315, "Bottomless Pool && Locker Room_SB": 316, "Eidolon of Blossoms_SB": 820, "Knockout Blow": 1550, "Hidetsugu's Second Rite": 1320, "Incubation Druid": 1382, "Mistrise Village": 1799, "Ral Zarek": 2164, "Tamiyo, Field Researcher": 2749, "Kunoros, Hound of Athreos_SB": 1581, "Cease // Desist": 438, "Cram Session": 582, "Insatiable Avarice": 1398, "The Biblioplex": 2806, "Valgavoth's Onslaught": 3049, "Containment Breach_SB": 556, "Environmental Sciences_SB": 882, "Introduction to Annihilation_SB": 1421, "Mascot Exhibition_SB": 1734, "Pest Summoning_SB": 2050, "Qarsi Revenant": 2134, "Qarsi Revenant_SB": 2135, "Tersa Lightshatter": 2789, "Dragonfire Blade": 758, "Lavaspur Boots_SB": 1598, "Descendant of Storms": 693, "Mox Jasper": 1833, "Mistrise Village_SB": 1800, "Elspeth, Storm Slayer": 846, "United Battlefront": 3013, "Voice of Victory": 3101, "Sunder the Gateway_SB": 2692, "Voice of Victory_SB": 3102, "Strategic Betrayal": 2671, "Cori-Steel Cutter": 564, "Wild Ride": 3175, "Cori-Steel Cutter_SB": 565, "History of Benalia": 1328, "Rot-Curse Rakshasa": 2311}}