{"vocabulary": {"Ancestral Anger": 78, "Blackcleave Cliffs": 270, "Blightstep Pathway": 290, "Blood Crypt": 298, "Callous Sell-Sword": 427, "Claim // Fame": 542, "Den of the Bugbear": 749, "Emberheart Challenger": 956, "Fatal Push": 1067, "Heartfire Hero": 1434, "Kumano Faces Kakkazan": 1758, "Manifold Mouse": 1922, "Monastery Swiftspear": 2025, "Monstrous Rage": 2027, "Mountain": 2043, "Ramunap Ruins": 2424, "Reckless Rage": 2455, "Slickshot Show-Off": 2823, "Sokenzan, Crucible of Defiance": 2845, "Sulfurous Springs": 2983, "Titan's Strength": 3210, "Fatal Push_SB": 1068, "Feed the Swarm_SB": 1088, "Jegantha, the Wellspring_SB": 1631, "Ob Nixilis, the Adversary_SB": 2158, "Thoughtseize_SB": 3174, "Unlicensed Hearse_SB": 3337, "Urabrask's Forge_SB": 3356, "Censor": 490, "Change the Equation": 511, "Deduce": 723, "Deserted Beach": 760, "Dovin's Veto": 827, "Eiganjo, Seat of the Empire": 914, "Farewell": 1064, "Field of Ruin": 1101, "Floodfarm Verge": 1140, "Fountainport": 1170, "Get Lost": 1227, "Hall of Storm Giants": 1387, "Hallowed Fountain": 1388, "High Noon": 1469, "Island": 1601, "March of Otherworldly Light": 1927, "Memory Deluge": 1964, "Meticulous Archive": 1979, "Narset, Parter of Veils": 2080, "No More Lies": 2129, "Otawara, Soaring City": 2207, "Plains": 2316, "Restless Anchorage": 2508, "Shark Typhoon": 2724, "Sunken Citadel": 2994, "Supreme Verdict": 3004, "Teferi, Hero of Dominaria": 3061, "Temporary Lockdown": 3078, "The Wandering Emperor": 3147, "Ashiok, Dream Render_SB": 154, "Beza, the Bounding Spring_SB": 257, "Change the Equation_SB": 512, "Damping Sphere_SB": 681, "Dovin's Veto_SB": 828, "Farewell_SB": 1065, "High Noon_SB": 1470, "Kaheera, the Orphanguard_SB": 1646, "Knockout Blow_SB": 1730, "Mystical Dispute_SB": 2067, "Shark Typhoon_SB": 2725, "Temporary Lockdown_SB": 3079, "Adarkar Wastes": 21, "Enduring Curiosity": 970, "Geistlight Snare": 1221, "Hengegate Pathway": 1449, "Katilda, Dawnhart Martyr": 1669, "Mausoleum Wanderer": 1950, "Mutavault": 2058, "Rattlechains": 2428, "Seachrome Coast": 2659, "Shacklegeist": 2708, "Sheltered by Ghosts": 2733, "Skyclave Apparition": 2805, "Spectral Sailor": 2879, "Spell Queller": 2883, "Supreme Phantom": 3003, "Enduring Innocence_SB": 973, "Ghost Vacuum_SB": 1238, "Katilda, Dawnhart Martyr_SB": 1670, "Portable Hole_SB": 2334, "Skyclave Apparition_SB": 2806, "Three Steps Ahead_SB": 3184, "Tishana's Tidebinder_SB": 3207, "Atraxa, Grand Unifier": 172, "Bitter Triumph": 268, "Bloodtithe Harvester": 311, "Castle Locthwain": 458, "Concealed Courtyard": 593, "Fable of the Mirror-Breaker": 1041, "Fabled Passage": 1043, "Fear of Missing Out": 1078, "Godless Shrine": 1329, "Hive of the Eye Tyrant": 1476, "Rite of the Moth": 2542, "Savai Triome": 2621, "Shattered Sanctum": 2728, "Swamp": 3015, "Takenuma, Abandoned Mire": 3037, "Thoughtseize": 3173, "Titan of Industry": 3208, "Valgavoth, Terror Eater": 3373, "Valgavoth's Faithful": 3370, "Cling to Dust_SB": 557, "Duress_SB": 885, "Kolaghan's Command_SB": 1737, "March of Otherworldly Light_SB": 1928, "Nahiri, the Harbinger_SB": 2072, "Sire of Insanity_SB": 2791, "The Meathook Massacre_SB": 3130, "Torch the Tower_SB": 3231, "Castle Ardenvale": 454, "Raugrin Triome": 2430, "Settle the Wreckage": 2706, "Three Steps Ahead": 3183, "Aether Gust_SB": 32, "Hullbreaker Horror_SB": 1510, "Narset, Parter of Veils_SB": 2081, "Arclight Phoenix": 141, "Brazen Borrower": 367, "Consider": 604, "Fiery Impulse": 1106, "Galvanic Iteration": 1201, "Into the Flood Maw": 1576, "Ledger Shredder": 1789, "Lightning Axe": 1830, "Opt": 2193, "Picklock Prankster": 2303, "Proft's Eidetic Memory": 2357, "Riverglide Pathway": 2545, "Sleight of Hand": 2820, "Spell Pierce": 2881, "Spirebluff Canal": 2902, "Steam Vents": 2936, "Stormcarved Coast": 2958, "Temporal Trespass": 3076, "Treasure Cruise": 3259, "Brazen Borrower_SB": 368, "Brotherhood's End_SB": 392, "Crackling Drake_SB": 633, "Disdainful Stroke_SB": 793, "Negate_SB": 2093, "Prismari Command_SB": 2351, "Ral, Crackling Wit_SB": 2412, "Thing in the Ice_SB": 3159, "Young Pyromancer_SB": 3584, "Blazemire Verge": 281, "Blooming Marsh": 315, "Cauldron Familiar": 470, "Claim the Firstborn": 544, "Deadly Dispute": 706, "Kroxa, Titan of Death's Hunger": 1756, "Mayhem Devil": 1953, "Molten Collapse": 2019, "Overgrown Tomb": 2224, "Scavenger's Talent": 2635, "Witch's Oven": 3532, "Ygra, Eater of All": 3575, "Go Blank_SB": 1297, "Haywire Mite_SB": 1423, "Path of Peril_SB": 2262, "Jwari Disruption": 1643, "Portable Hole": 2333, "Split Up": 2908, "Anointed Peacekeeper": 101, "Archon of Emeria": 136, "Aven Interrupter": 184, "Boseiju, Who Endures": 353, "Branchloft Pathway": 362, "Brushland": 394, "Cave of the Frost Dragon": 477, "Collected Company": 564, "Elite Spellbinder": 935, "Elvish Mystic": 949, "Keen-Eyed Curator": 1687, "Kellan, Daring Traveler": 1689, "Llanowar Elves": 1859, "Luminarch Aspirant": 1888, "Razorverge Thicket": 2439, "Temple Garden": 3066, "Thalia, Guardian of Thraben": 3099, "Elspeth Resplendent_SB": 939, "Kraul Harpooner_SB": 1747, "Rest in Peace_SB": 2507, "Werefox Bodyguard_SB": 3503, "Yasharn, Implacable Earth_SB": 3571, "Beza, the Bounding Spring": 256, "Turn Inside Out": 3277, "Hazoret the Fervent_SB": 1425, "Reckless Rage_SB": 2456, "Redcap Melee_SB": 2469, "Abhorrent Oculus": 1, "Breeding Pool": 372, "Chained to the Rocks": 492, "Enigmatic Incarnation": 978, "Forest": 1157, "Glasspool Mimic": 1275, "Heliod, the Radiant Dawn": 1444, "Hushwood Verge": 1514, "Jetmir's Garden": 1633, "Ketria Triome": 1704, "Leyline Binding": 1803, "Marina Vendrell": 1935, "Moon-Blessed Cleric": 2030, "Nylea's Presence": 2152, "Overlord of the Boilerbilges": 2228, "Overlord of the Hauntwoods": 2232, "Overlord of the Mistmoors": 2233, "Roaring Furnace && Steaming Sauna": 2550, "Sacred Foundry": 2599, "Spara's Headquarters": 2872, "Stomping Ground": 2951, "Up the Beanstalk": 3353, "Archon of Emeria_SB": 137, "Elesh Norn, Mother of Machines_SB": 933, "Sunfall_SB": 2992, "Yorion, Sky Nomad_SB": 3578, "Ral, Crackling Wit": 2411, "Abrade_SB": 4, "Faerie Mastermind_SB": 1054, "Ratchet Bomb_SB": 2427, "The Filigree Sylex_SB": 3121, "Archfiend of the Dross": 132, "Bloodletter of Aclazotz": 306, "Duress": 884, "Reckoner Bankbuster": 2459, "Sheoldred's Edict": 2735, "Unholy Annex && Ritual Chamber": 3328, "Unstoppable Slasher": 3343, "Urborg, Tomb of Yawgmoth": 3359, "Extinction Event_SB": 1033, "Invoke Despair_SB": 1595, "Misery's Shadow_SB": 2006, "Sheoldred, the Apocalypse_SB": 2738, "Case of the Stashed Skeleton": 449, "Extinction Event": 1032, "Haunted Ridge": 1419, "Hidetsugu Consumes All": 1465, "Ob Nixilis, the Adversary": 2157, "Torch the Tower": 3230, "Transmogrify": 3254, "Hidetsugu Consumes All_SB": 1466, "Pyroclasm_SB": 2377, "Break Out": 369, "Copperline Gorge": 618, "Cragcrown Pathway": 635, "Inti, Seneschal of the Sun": 1573, "Invasion of Ixalan": 1587, "Karplusan Forest": 1667, "Lair of the Hydra": 1769, "Omnivorous Flytrap": 2186, "Patchwork Beastie": 2260, "Seed of Hope": 2679, "Wildfire Wickerfolk": 3517, "Rending Volley_SB": 2490, "Dreadhorde Arcanist": 856, "Claim // Fame_SB": 543, "All That Glitters": 62, "Aqueous Form": 109, "Audacity": 177, "Botanical Sanctum": 356, "Cartouche of Solidarity": 442, "Curious Obsession": 671, "Ethereal Armor": 1010, "Generous Visitor": 1225, "Gladecover Scout": 1268, "Gryff's Boon": 1373, "Mana Confluence": 1917, "Saiba Cryptomancer": 2602, "Staggering Insight": 2924, "Toadstool Admirer": 3214, "Light-Paws, Emperor's Voice_SB": 1829, "Pick Your Poison_SB": 2302, "Slip Out the Back_SB": 2826, "Spell Pierce_SB": 2882, "Archdruid's Charm": 128, "Bala Ged Recovery": 204, "Dark Petition": 683, "Emergent Ultimatum": 958, "Fae of Wishes": 1050, "Hidden Strings": 1463, "Impulse": 1539, "Lier, Disciple of the Drowned": 1817, "Lotus Field": 1880, "Lush Portico": 1893, "Omniscience": 2185, "Peer into the Abyss": 2273, "Pore Over the Pages": 2330, "Soul Partition": 2859, "Strict Proctor": 2971, "Sylvan Scrying": 3029, "Thespian's Stage": 3153, "Vizier of Tumbling Sands": 3426, "Approach of the Second Sun_SB": 108, "Emergent Ultimatum_SB": 959, "Nine Lives_SB": 2116, "Silence_SB": 2770, "Soul Partition_SB": 2860, "Sphinx of the Final Word_SB": 2890, "Thought Distortion_SB": 3169, "Brimaz, King of Oreskos_SB": 379, "Detention Sphere_SB": 771, "Soul-Guide Lantern_SB": 2864, "Ugin, the Spirit Dragon_SB": 3301, "Third Path Iconoclast_SB": 3162, "Wear // Tear_SB": 3492, "Demolition Field": 740, "Destroy Evil_SB": 767, "Repel Calamity_SB": 2495, "Liliana of the Veil": 1838, "March of Wretched Sorrow": 1931, "Liliana of the Veil_SB": 1839, "Bring to Light": 382, "Elesh Norn, Mother of Machines": 932, "Hinterland Harbor": 1473, "Indatha Triome": 1541, "Kotose, the Silent Spider": 1744, "Krenko's Buzzcrusher": 1749, "Omnath, Locus of Creation": 2182, "Selfless Glyphweaver": 2687, "Sunfall": 2991, "Sylvan Caryatid": 3025, "Valki, God of Lies": 3376, "Vanishing Verse": 3387, "Yasharn, Implacable Earth": 3570, "Yorion, Sky Nomad": 3577, "Zagoth Triome": 3589, "Ziatora's Proving Ground": 3597, "Chandra's Defeat_SB": 499, "Notion Thief_SB": 2138, "Darksteel Citadel": 687, "Ensoul Artifact": 979, "Metallic Rebuke": 1974, "Michiko's Reign of Truth": 1982, "Mockingbird": 2013, "Novice Inspector": 2139, "Shardmage's Rescue": 2721, "Spyglass Siren": 2917, "Thraben Inspector": 3178, "Warden of the Inner Sky": 3471, "Zoetic Glyph": 3599, "Get Lost_SB": 1228, "Battlefield Forge": 238, "Cacophony Scamp": 419, "Clever Lumimancer": 553, "Crumb and Get It": 650, "Illuminator Virtuoso": 1528, "Inspiring Vantage": 1568, "Leyline of Resonance": 1809, "Loran's Escape": 1871, "Spikefield Hazard": 2896, "Blessed Defiance_SB": 288, "Dreadmaw's Ire_SB": 861, "Isolate_SB": 1603, "Light of Hope_SB": 1827, "Loran's Escape_SB": 1872, "Atarka's Command": 170, "Collision // Colossus": 570, "Pawpatch Recruit": 2269, "Play with Fire": 2318, "Questing Druid": 2383, "Snakeskin Veil": 2836, "Soul-Scar Mage": 2865, "Thornspire Verge": 3166, "Magebane Lizard_SB": 1908, "Rampaging Ferocidon_SB": 2422, "Kutzil's Flanker": 1763, "Leyline of the Void_SB": 1815, "Cling to Dust": 556, "Mirrex": 1997, "Rakdos Joins Up": 2406, "Urabrask's Forge": 3355, "Volcanic Spite": 3435, "Go for the Throat": 1299, "Cut Down_SB": 677, "Sheoldred's Edict_SB": 2736, "Altanak, the Thrice-Called": 71, "Cache Grab": 417, "Darkbore Pathway": 685, "Esika's Chariot": 1001, "Greasefang, Okiba Boss": 1355, "Overlord of the Balemurk": 2226, "Parhelion II": 2255, "Raffine's Informant": 2398, "Say Its Name": 2628, "Sheoldred, the Apocalypse": 2737, "Skysovereign, Consul Flagship": 2812, "Abrupt Decay_SB": 7, "Cavalier of Thorns": 475, "Elder Gargaroth": 920, "Kiora, Behemoth Beckoner": 1709, "Leyline of the Guildpact": 1813, "Nykthos, Shrine to Nyx": 2150, "Old-Growth Troll": 2173, "Outcaster Trailblazer": 2214, "Storm the Festival": 2956, "Ulvenwald Oddity": 3307, "Arasta of the Endless Web_SB": 116, "Cityscape Leveler_SB": 540, "Emrakul, the Promised End_SB": 963, "Obstinate Baloth_SB": 2164, "Scrapshooter_SB": 2649, "Setessan Petitioner_SB": 2704, "Tail Swipe_SB": 3034, "The Stone Brain_SB": 3145, "Enduring Innocence": 972, "Invasion of Gobakhan": 1585, "Wedding Announcement": 3497, "Split Up_SB": 2909, "Pyroclasm": 2376, "Nowhere to Run_SB": 2141, "Grand Abolisher_SB": 1346, "Solemnity_SB": 2850, "Reckoner Bankbuster_SB": 2460, "Thing in the Ice": 3158, "Fiery Impulse_SB": 1107, "Polukranos Reborn": 2325, "Monstrous Emergence_SB": 2026, "Nylea's Intervention_SB": 2151, "Pithing Needle_SB": 2314, "Adeline, Resplendent Cathar": 22, "Brutal Cathar": 395, "Cavern of Souls": 479, "Coppercoat Vanguard": 617, "Dauntless Bodyguard": 688, "Extraction Specialist": 1036, "Hopeful Initiate": 1490, "Kytheon, Hero of Akros": 1768, "Recruitment Officer": 2465, "Reluctant Role Model": 2486, "Thalia's Lieutenant": 3098, "Declaration in Stone_SB": 722, "Elite Spellbinder_SB": 936, "Wedding Announcement_SB": 3498, "Gifted Aetherborn_SB": 1258, "Artist's Talent": 147, "Artist's Talent_SB": 148, "Proft's Eidetic Memory_SB": 2358, "Undead Sprinter": 3318, "Unlucky Witness": 3339, "Legion's End_SB": 1799, "Molten Collapse_SB": 2020, "Fires of Invention": 1122, "Kenrith, the Returned King": 1697, "Knight of Autumn": 1719, "Path to the World Tree": 2263, "Rootbound Crag": 2564, "Sunpetal Grove": 2997, "Touch the Spirit Realm_SB": 3241, "Tranquil Frillback_SB": 3252, "Abrupt Decay": 6, "Polukranos Reborn_SB": 2326, "Ulamog, the Ceaseless Hunger_SB": 3303, "Bonecrusher Giant": 333, "Graveyard Trespasser": 1352, "Bitter Reunion": 267, "Ghostly Dancers": 1239, "Glacial Fortress": 1267, "Tolsimir, Friend to Wolves": 3220, "Deafening Clarion_SB": 708, "Hornet Queen_SB": 1496, "Supreme Verdict_SB": 3005, "Elspeth Conquers Death_SB": 937, "Lightning Helix_SB": 1833, "Linvala, the Preserver_SB": 1851, "Acererak the Archlich": 15, "Gwenna, Eyes of Gaea": 1381, "Honest Rutstein": 1484, "Kinnan, Bonder Prodigy": 1707, "Plaza of Heroes": 2321, "Relic of Legends": 2485, "Rona, Herald of Invasion": 2563, "Tranquil Frillback": 3251, "Assassin's Trophy_SB": 164, "Back to Nature_SB": 200, "Clearwater Pathway": 550, "Darkslick Shores": 686, "Drown in the Loch": 877, "Faerie Mastermind": 1053, "Floodpits Drowner": 1141, "Kaito, Bane of Nightmares": 1649, "Restless Reef": 2513, "Soaring Thought-Thief": 2844, "Thieves' Guild Enforcer": 3156, "Underground River": 3321, "Watery Grave": 3489, "Illness in the Ranks_SB": 1527, "Chrome Host Seedshark_SB": 531, "Aetherflux Reservoir": 34, "Dig Through Time": 784, "Aetherflux Reservoir_SB": 35, "Boseiju, Who Endures_SB": 354, "Dig Through Time_SB": 785, "Into the Flood Maw_SB": 1577, "Imposing Sovereign": 1536, "Anointed Peacekeeper_SB": 102, "Brutal Cathar_SB": 396, "Containment Priest_SB": 613, "Linvala, the Preserver": 1850, "Ruric Thar, the Unbowed_SB": 2592, "Agatha's Soul Cauldron": 45, "Marvin, Murderous Mimic": 1938, "Raucous Theater": 2429, "Tree of Perdition": 3261, "Voldaren Thrillseeker": 3438, "Bonny Pall, Clearcutter": 336, "Zur, Eternal Schemer": 3604, "Angel of Serenity_SB": 85, "Chandra, Awakened Inferno_SB": 503, "Deputy of Detention_SB": 757, "Kutzil's Flanker_SB": 1764, "Nimble Larcenist_SB": 2113, "Raffine's Tower": 2399, "Touch the Spirit Realm": 3240, "Keruga, the Macrosage_SB": 1700, "Koma, Cosmos Serpent_SB": 1739, "Krenko's Buzzcrusher_SB": 1750, "Gloomlake Verge": 1286, "Into the Story": 1579, "Kaito Shizuki": 1647, "Nighthawk Scavenger": 2107, "Ertai Resurrected_SB": 996, "Gonti, Lord of Luxury_SB": 1337, "Grafdigger's Cage_SB": 1344, "Caustic Bronco": 471, "Grisly Salvage": 1364, "Deafening Silence_SB": 709, "Collective Brutality": 566, "Traverse the Ulvenwald": 3256, "Witherbloom Command": 3537, "Elder Gargaroth_SB": 921, "Knight of Autumn_SB": 1720, "Tear Asunder_SB": 3057, "Brightclimb Pathway": 376, "Caretaker's Talent": 437, "Kaya, Intangible Slayer_SB": 1677, "Kaya, Orzhov Usurper_SB": 1679, "Vanishing Verse_SB": 3388, "Kolaghan's Command": 1736, "Hostile Investigator_SB": 1501, "Declaration in Stone": 721, "Extraction Specialist_SB": 1037, "Kalitas, Traitor of Ghet_SB": 1654, "Blossoming Defense": 316, "Wizard's Lightning": 3544, "Cindervines_SB": 535, "Destructive Revelry_SB": 768, "Screaming Nemesis_SB": 2653, "Snakeskin Veil_SB": 2837, "Temur Battle Rage_SB": 3081, "Nowhere to Run": 2140, "Leyline of Sanctity_SB": 1812, "Narset's Reversal_SB": 2078, "Summary Dismissal_SB": 2986, "Castle Vantress": 460, "Omen of the Sea": 2179, "Fable of the Mirror-Breaker_SB": 1042, "Bitter Triumph_SB": 269, "Cavern of Souls_SB": 480, "Pawpatch Formation_SB": 2268, "Lofty Denial": 1863, "Slip Out the Back": 2825, "Invasion of Gobakhan_SB": 1586, "Ascendant Spirit": 149, "Cryptic Coat": 659, "Faceless Haven": 1045, "Snow-Covered Island": 2840, "Cryptic Coat_SB": 660, "Faceless Haven_SB": 1046, "Lofty Denial_SB": 1864, "Stern Dismissal_SB": 2942, "Unable to Scream_SB": 3311, "Beanstalk Giant": 241, "Bedeck // Bedazzle": 244, "Clever Impersonator": 552, "Greater Tanuki": 1357, "Quintorius Kand": 2389, "Spark Double": 2873, "Spinewoods Armadillo": 2898, "Trumpeting Carnosaur": 3273, "Cease // Desist_SB": 482, "Dragonlord Dromoka_SB": 841, "Mirrorshell Crab_SB": 2002, "Roaring Furnace && Steaming Sauna_SB": 2551, "Virtue of Persistence_SB": 3417, "Saheeli, Sublime Artificer_SB": 2601, "Favored Hoplite": 1072, "Gods Willing": 1330, "Homestead Courage": 1483, "Needleverge Pathway": 2091, "Discontinuity": 790, "Dream Trawler": 864, "Tale's End": 3039, "Elspeth, Sun's Nemesis_SB": 944, "Regal Caracal_SB": 2478, "Ancient Cornucopia": 80, "Deafening Clarion": 707, "Lightning Helix": 1832, "Niv-Mizzet Reborn": 2123, "Niv-Mizzet, Supreme": 2126, "Pillage the Bog": 2310, "Unmoored Ego": 3340, "Kambal, Consul of Allocation_SB": 1656, "Pest Control_SB": 2282, "Soul Search_SB": 2861, "Carrot Cake": 441, "Destroy Evil": 766, "Westvale Abbey": 3505, "Heliod's Intervention_SB": 1442, "Indomitable Creativity": 1542, "Sundown Pass": 2990, "Skrelv's Hive_SB": 2799, "Brave the Elements": 365, "Reidane, God of the Worthy_SB": 2482, "Requisition Raid_SB": 2501, "Crumb and Get It_SB": 651, "Sheltered by Ghosts_SB": 2734, "Kari Zev, Skyship Raider": 1664, "Screaming Nemesis": 2652, "Case of the Crimson Pulse_SB": 445, "Test of Talents_SB": 3093, "Blast Zone": 279, "Deadly Cover-Up": 704, "Heartless Act": 1436, "Invoke Despair": 1594, "The Celestus": 3112, "The End": 3116, "The Meathook Massacre": 3129, "Aclazotz, Deepest Betrayal_SB": 17, "March of Wretched Sorrow_SB": 1932, "Flip the Switch": 1139, "Ill-Timed Explosion": 1525, "Lazotep Plating": 1786, "Prismari Command": 2350, "Restless Spire": 2515, "Shivan Reef": 2747, "The Akroan War": 3106, "Unauthorized Exit": 3312, "Alpine Moon_SB": 68, "Lithomantic Barrage_SB": 1855, "Aloe Alchemist": 64, "Burning-Tree Emissary": 408, "Cunning Coyote": 666, "Reckless Bushwhacker": 2451, "Ayara, Widow of the Realm_SB": 192, "Infuriate": 1550, "Extract the Truth_SB": 1035, "Depopulate_SB": 755, "Tocasia's Welcome_SB": 3217, "Containment Priest": 612, "The End_SB": 3117, "Ghitu Lavarunner": 1235, "Light Up the Stage": 1824, "Bishop of Wings": 263, "Giada, Font of Hope": 1241, "Inspiring Overseer": 1567, "Kayla's Reconstruction": 1682, "Resplendent Angel": 2504, "Righteous Valkyrie": 2531, "Tyvar, the Pummeler": 3298, "Outland Liberator_SB": 2216, "Balustrade Wurm": 210, "Invasion of Ergamon": 1584, "Wrenn and Realmbreaker": 3560, "Domri Rade_SB": 815, "Klothys, God of Destiny_SB": 1718, "Felonious Rage": 1094, "End the Festivities_SB": 966, "Kari Zev's Expertise_SB": 1663, "Elegant Parlor": 929, "Nahiri, the Harbinger": 2071, "Alpha Authority": 66, "Light-Paws, Emperor's Voice": 1828, "Optimistic Scavenger": 2194, "Sentinel's Eyes": 2696, "Warbriar Blessing": 3469, "Sram, Senior Edificer_SB": 2922, "Magma Opus": 1909, "Make Disappear": 1911, "Stern Lesson": 2943, "Sublime Epiphany": 2978, "Thundering Falls": 3194, "Torrential Gearhulk": 3237, "Anger of the Gods_SB": 88, "Atraxa, Grand Unifier_SB": 173, "Claim the Firstborn_SB": 545, "Noxious Grasp_SB": 2144, "Assemble the Players_SB": 167, "Skysovereign, Consul Flagship_SB": 2813, "Canyon Slough": 434, "The Cruelty of Gix": 3113, "Witchstalker Frenzy_SB": 3535, "Can't Stay Away": 431, "Faithful Mending": 1056, "Otherworldly Gaze": 2210, "Souls of the Lost": 2869, "Stitcher's Supplier": 2945, "Tainted Indulgence": 3035, "Stubborn Denial_SB": 2976, "Void Rend_SB": 3432, "Arboreal Grazer": 117, "Hedge Maze": 1438, "Nine Lives": 2115, "Temple of Mystery": 3072, "Voyaging Satyr_SB": 3450, "Enduring Curiosity_SB": 971, "Remorseful Cleric_SB": 2488, "Scorching Shot_SB": 2641, "Shapers' Sanctuary_SB": 2720, "Boon-Bringer Valkyrie_SB": 344, "Withering Torment_SB": 3540, "Hallowed Moonlight_SB": 1390, "Anoint with Affliction_SB": 100, "Consuming Fervor": 610, "Demonic Ruckus": 746, "Hammerhand": 1392, "Storm Herald": 2954, "Storm Herald_SB": 2955, "Graveyard Trespasser_SB": 1353, "Kaito Shizuki_SB": 1648, "Heartless Act_SB": 1437, "Destiny Spinner_SB": 765, "Unlicensed Hearse": 3336, "Smuggler's Copter": 2833, "Mutavault_SB": 2059, "Chandra, Hope's Beacon": 506, "Hope Tender_SB": 1488, "Legion Extruder": 1793, "Shadowspear": 2711, "Shrapnel Blast": 2758, "Voldaren Epicure": 3437, "Voltage Surge_SB": 3442, "Entity Tracker": 983, "Overlord of the Mistmoors_SB": 2234, "Liliana, Death's Majesty": 1840, "Growth Spiral": 1366, "Manaform Hellkite_SB": 1919, "Ritual of Soot_SB": 2544, "Bandit's Talent": 213, "Geier Reach Sanitarium": 1220, "Go Blank": 1296, "Kalitas, Traitor of Ghet": 1653, "Languish": 1772, "Waste Not": 3482, "Bandit's Talent_SB": 214, "Go for the Throat_SB": 1300, "Demonic Counsel": 743, "Doomsday Excruciator": 821, "Drowned Catacomb": 878, "Ipnu Rivulet": 1596, "Jace, Wielder of Mysteries": 1620, "Thassa's Oracle": 3103, "Undercity Sewers": 3319, "Untimely Malfunction_SB": 3349, "Hallowed Moonlight": 1389, "Settle the Wreckage_SB": 2707, "Hired Claw": 1474, "Might of the Meek": 1984, "Ojer Axonil, Deepest Might": 2170, "Razorkin Needlehead": 2435, "Bonecrusher Giant_SB": 334, "Cut Down": 676, "Unholy Annex // Ritual Chamber": 3330, "Hostile Hostel": 1499, "Scrapshooter": 2648, "Keen-Eyed Curator_SB": 1688, "Dragonlord Dromoka": 840, "Defiant Strike": 731, "Gods Willing_SB": 1331, "Valgavoth, Terror Eater_SB": 3374, "Behold the Beyond": 248, "Portent Tracker_SB": 2339, "Thespian's Stage_SB": 3154, "Zacama, Primal Calamity_SB": 3587, "Fog_SB": 1149, "Pest Control": 2281, "Slaughter Games": 2814, "Xander's Lounge": 3564, "Awaken the Erstwhile_SB": 188, "Kutzil, Malamet Exemplar_SB": 1766, "Ravnica at War_SB": 2432, "Cityscape Leveler": 539, "Oath of Nissa": 2155, "Cruelclaw's Heist_SB": 649, "Dreadmaw's Ire": 860, "Rockface Village": 2556, "Deep-Cavern Bat_SB": 725, "Rockface Village_SB": 2557, "Escape Velocity": 998, "Sram, Senior Edificer": 2921, "Abzan Advantage_SB": 11, "Cathar Commando_SB": 466, "Yavimaya Coast": 3572, "Balmor, Battlemage Captain": 209, "Emeria's Call": 960, "Metropolis Reformer": 1980, "Baleful Mastery": 206, "Baleful Mastery_SB": 207, "Agatha of the Vile Cauldron": 44, "Anzrag, the Quake-Mole": 104, "Bard Class": 227, "Birgi, God of Storytelling": 261, "Commercial District": 587, "Commune with Spirits": 591, "Domri, Anarch of Bolas": 817, "Gallia of the Endless Dance": 1200, "Hajar, Loyal Bodyguard": 1385, "Halana and Alena, Partners": 1386, "Itzquinth, Firstborn of Gishath": 1605, "Klothys, God of Destiny": 1717, "Migloz, Maze Crusher": 1985, "Mox Amber": 2046, "Muerra, Trash Tactician": 2049, "Ruby, Daring Tracker": 2579, "Samut, Vizier of Naktamun": 2606, "Targ Nar, Demon-Fang Gnoll": 3051, "Xenagos, the Reveler": 3567, "Heroic Intervention_SB": 1457, "Hugs, Grisly Guardian_SB": 1506, "Lukka, Bound to Ruin_SB": 1885, "Tamiyo's Safekeeping_SB": 3045, "Roaring Furnace // Steaming Sauna": 2552, "Pharika's Libation_SB": 2285, "Overlord of the Floodpits": 2230, "Ruric Thar, the Unbowed": 2591, "Hullbreaker Horror": 1509, "Big Score": 258, "Dwarven Mine": 893, "Virtue of Loyalty": 3414, "Chandra, Acolyte of Flame_SB": 501, "Questing Beast_SB": 2382, "Fiery Temper": 1108, "Murderous Rider": 2056, "Sinister Sabotage": 2788, "Test of Talents": 3092, "Cry of the Carnarium_SB": 656, "Essence Scatter_SB": 1007, "Languish_SB": 1773, "Dreamroot Cascade": 867, "Izzet Charm": 1611, "Stern Dismissal": 2941, "Duelist of the Mind": 883, "Evangel of Synthesis": 1011, "Eiganjo Uprising": 913, "Kumano Faces Kakkazan_SB": 1759, "Blacksmith's Talent": 273, "Colossus Hammer": 578, "Gideon Blackblade": 1248, "Kellan, the Fae-Blooded": 1693, "Kemba, Kha Enduring": 1695, "Rabbit Battery": 2392, "Sigarda's Aid": 2765, "Boros Charm_SB": 348, "Surge of Salvation_SB": 3009, "Vanquish the Horde_SB": 3390, "Ashiok, Dream Render": 153, "Gideon of the Trials": 1249, "Radiant Flames_SB": 2395, "The Wandering Emperor_SB": 3148, "Brokers Hideout": 389, "Cabaretti Courtyard": 416, "Doppelgang": 825, "Nissa, Resurgent Animist": 2120, "Omnath, Locus of the Roil": 2184, "Risen Reef": 2538, "Roaming Throne": 2549, "Voice of Resurgence": 3428, "Hostile Investigator": 1500, "Pack Rat": 2241, "Blessed Alliance_SB": 286, "Lay Down Arms_SB": 1783, "Balustrade Wurm_SB": 211, "Sunken Citadel_SB": 2995, "Courser of Kruphix": 628, "Niko, Light of Hope": 2111, "Wolfwillow Haven": 3547, "Authority of the Consuls_SB": 182, "Thrun, Breaker of Silence_SB": 3188, "Valakut Awakening": 3368, "Caves of Koilos": 481, "Stubborn Denial": 2975, "Zoraline, Cosmos Caller": 3602, "Exorcise_SB": 1018, "Barkchannel Pathway": 228, "Cenote Scout": 489, "Chord of Calling": 528, "Deeproot Pilgrimage": 728, "Jadelight Spelunker": 1627, "Kiora's Follower": 1708, "Kumena, Tyrant of Orazca": 1761, "Kumena's Speaker": 1760, "Merfolk Trickster": 1972, "Mistcaller": 2010, "Sentinel of the Nameless City": 2694, "Tishana's Tidebinder": 3206, "Vodalian Hexcatcher": 3427, "Eaten by Piranhas_SB": 899, "Aclazotz, Deepest Betrayal": 16, "Kaervek, the Punisher": 1644, "Mazemind Tome": 1956, "Path of Peril": 2261, "Shadowy Backstreet": 2713, "Necromentia_SB": 2087, "Shipwreck Marsh": 2745, "Glissa Sunslayer": 1283, "Underground Mortuary": 3320, "Blot Out_SB": 320, "Kitsa, Otterball Elite": 1716, "Kroxa, Titan of Death's Hunger_SB": 1757, "Case of the Filched Falcon": 446, "Clockwork Percussionist": 558, "Metallic Rebuke_SB": 1975, "Emry, Lurker of the Loch": 964, "Fallaji Archaeologist": 1058, "Jeskai Ascendancy": 1632, "Mishra's Research Desk": 2008, "Retraction Helix": 2518, "Saheeli, Sublime Artificer": 2600, "Tormod's Crypt": 3234, "Dawn's Truce_SB": 691, "Skrelv, Defector Mite_SB": 2801, "Deputy of Detention": 756, "Forsaken Miner": 1160, "Invasion of Amonkhet": 1582, "Jace, the Perfected Mind": 1622, "Innkeeper's Talent": 1553, "Wild Slash": 3514, "Hunter's Talent_SB": 1512, "Prowling Serpopard_SB": 2369, "Dragonskull Summit": 844, "Sulfur Falls": 2982, "Unmoored Ego_SB": 3341, "Temur Battle Rage": 3080, "Slickshot Show-Off_SB": 2824, "Builder's Talent": 398, "Temple of Triumph": 3075, "Vaultborn Tyrant": 3392, "Archangel Elspeth_SB": 124, "Elspeth, Sun's Champion_SB": 943, "Colossal Skyturtle": 575, "Stormsplitter": 2961, "Zacama, Primal Calamity": 3586, "Chandra, Hope's Beacon_SB": 507, "Fry_SB": 1187, "Not on My Watch_SB": 2136, "Boros Charm": 347, "Deflecting Palm": 733, "Deflecting Palm_SB": 734, "Eidolon of the Great Revel_SB": 912, "Horned Loch-Whale": 1494, "Castle Embereth": 456, "Chandra, Dressed to Kill": 504, "Eidolon of the Great Revel": 911, "Goblin Chainwhirler": 1305, "Rampaging Ferocidon": 2421, "Torbran, Thane of Red Fell": 3229, "Chandra, Torch of Defiance_SB": 510, "Searing Blood_SB": 2668, "Commit // Memory": 588, "Day's Undoing": 697, "Jace Reawakened": 1613, "Negate": 2092, "Stoic Sphinx_SB": 2948, "Chandra, Dressed to Kill_SB": 505, "Gleaming Geardrake": 1276, "Tale's End_SB": 3040, "Alquist Proft, Master Sleuth": 69, "Fortified Beachhead": 1161, "Reflector Mage": 2472, "Reflector Mage_SB": 2473, "Invasion of Tolvada": 1590, "Restless Vents": 2516, "The Restoration of Eiganjo": 3136, "Deathcap Glade": 711, "Metamorphic Alteration": 1977, "Rush of Dread": 2594, "Roiling Vortex_SB": 2561, "The Akroan War_SB": 3107, "Torpor Orb_SB": 3236, "Deathrite Shaman": 715, "Fiend Artisan": 1103, "Insidious Roots": 1563, "Moss-Pit Skeleton": 2039, "Priest of Forgotten Gods": 2347, "Snarling Gorehound": 2838, "Tyvar, Jubilant Brawler": 3297, "Call of the Death-Dweller_SB": 424, "Collective Brutality_SB": 567, "Deadly Brew_SB": 703, "Aftermath Analyst": 42, "Lotus Cobra": 1879, "Lumra, Bellow of the Woods": 1889, "Obscura Storefront": 2163, "Port of Karfell": 2332, "Spelunking": 2888, "The World Tree": 3152, "Titania, Voice of Gaea_SB": 3212, "Gifted Aetherborn": 1257, "Blossoming Defense_SB": 317, "Esika's Chariot_SB": 1002, "Tears of Valakut_SB": 3058, "Analyze the Pollen": 77, "Commune with the Gods": 592, "Llanowar Wastes": 1862, "Satyr Wayfinder": 2619, "Valgavoth's Onslaught": 3372, "Glissa Sunslayer_SB": 1284, "Rotting Regisaur_SB": 2570, "Shambling Ghast": 2718, "Snow-Covered Swamp": 2843, "Kaya's Ghostform": 1673, "Skrelv, Defector Mite": 2800, "Snow-Covered Plains": 2842, "Mortal Obstinacy_SB": 2036, "Sixth Sense_SB": 2795, "Wilt_SB": 3522, "Rakdos Charm_SB": 2404, "Tergrid, God of Fright": 3085, "Deadly Cover-Up_SB": 705, "Archfiend of the Dross_SB": 133, "Skewer the Critics": 2796, "Innkeeper's Talent_SB": 1554, "Not on My Watch": 2135, "Experiment One": 1023, "Kitesail Larcenist": 1712, "Secluded Courtyard": 2674, "Unclaimed Territory": 3315, "Werewolf Pack Leader": 3504, "Loran of the Third Path_SB": 1870, "Thalia, Guardian of Thraben_SB": 3100, "Kenrith, the Returned King_SB": 1698, "Orzhov Guildgate": 2201, "Voracious Hydra": 3444, "Voracious Hydra_SB": 3445, "Miscast_SB": 2004, "Unsubstantiate_SB": 3346, "Witness Protection_SB": 3542, "Liliana, Heretical Healer": 1843, "Misery's Shadow": 2005, "Preacher of the Schism": 2344, "Charming Prince": 516, "Fauna Shaman": 1071, "Fortune, Loyal Steed": 1163, "Parting Gust": 2256, "Prosperous Innkeeper": 2364, "Restless Prairie": 2512, "Werefox Bodyguard": 3502, "Aven Interrupter_SB": 185, "Imodane's Recruiter_SB": 1532, "Warping Wail_SB": 3477, "Atarka's Command_SB": 171, "Wear Down_SB": 3493, "Angel of Serenity": 84, "Titan of Industry_SB": 3209, "Asylum Visitor": 169, "Davriel, Rogue Shadowmage_SB": 690, "Overgrown Farmland": 2223, "Youthful Valkyrie": 3585, "Abrade": 3, "Cavalier of Dawn": 473, "Virtue of Persistence": 3416, "Realmwalker": 2446, "Camellia, the Seedmiser": 429, "Enduring Tenacity": 974, "Feed the Cycle": 1085, "Gilded Goose": 1259, "Trail of Crumbs": 3248, "Rakdos's Return_SB": 2408, "Chevill, Bane of Monsters": 522, "Freestrider Lookout": 1180, "Iridescent Vinelasher": 1598, "Mosswood Dreadknight": 2041, "Restless Cottage": 2510, "Vraska, Golgari Queen": 3455, "Tyrranax Rex_SB": 3294, "Depala, Pilot Exemplar": 752, "Embercleave": 953, "Magda, Brazen Outlaw": 1905, "Magda, the Hoardmaster": 1906, "Portal to Phyrexia": 2336, "Toolcraft Exemplar": 3227, "Veteran Motorist": 3403, "Fear of Impostors": 1075, "Ondu Inversion": 2187, "Ezrim, Agency Chief_SB": 1040, "Spell Queller_SB": 2884, "Sheoldred_SB": 2739, "Showdown of the Skalds_SB": 2757, "Blade of the Oni": 275, "Cleansing Nova": 546, "Coveted Falcon": 630, "Case of the Gateway Express": 447, "Gleeful Demolition": 1277, "Imodane's Recruiter": 1531, "Knight-Errant of Eos": 1727, "Resolute Reinforcements": 2502, "Shefet Dunes": 2731, "Venerated Loxodon": 3398, "Lightning Strike": 1835, "Pick Your Poison": 2301, "Tyvar's Stand": 3295, "Curse of Shaken Faith_SB": 673, "Whip of Erebos_SB": 3507, "Den of the Bugbear_SB": 750, "Sanctuary Warden": 2608, "Chandra, Torch of Defiance": 509, "Sorin the Mirthless": 2855, "Annul_SB": 98, "Blast Zone_SB": 280, "Blighted Fen": 289, "Withering Torment": 3539, "Mosswood Dreadknight_SB": 2042, "Rewind": 2525, "Mounted Dreadknight": 2045, "Witchstalker Frenzy": 3534, "Aloe Alchemist_SB": 65, "Agent of Treachery_SB": 48, "Deep-Cavern Bat": 724, "Drannith Magistrate": 848, "Malakir Rebirth": 1913, "Sword of Forge and Frontier": 3022, "Wasteland Strangler": 3484, "Crystal Grotto": 662, "Nephalia Academy": 2096, "One with the Multiverse": 2188, "Stonecoil Serpent": 2952, "Temple of Abandon": 3067, "Temple of Malice": 3071, "The Tarrasque": 3146, "Tibalt's Trickery": 3196, "Ulamog, the Ceaseless Hunger": 3302, "Radiant Fountain_SB": 2396, "Stormtide Leviathan_SB": 2963, "Grand Abolisher": 1345, "Guardian of Faith_SB": 1375, "Serra Paragon_SB": 2701, "Braids, Arisen Nightmare": 360, "Demonic Pact": 744, "Devouring Sugarmaw": 776, "Hopeless Nightmare": 1493, "Isolated Chapel": 1604, "Rite of Oblivion": 2540, "Tinybones Joins Up": 3202, "Treacherous Blessing": 3257, "Victor, Valgavoth's Seneschal": 3406, "Bile Blight_SB": 259, "Demonic Pact_SB": 745, "Feed the Cycle_SB": 1086, "Irrigated Farmland": 1599, "Aether Gust": 31, "Knockout Blow": 1729, "Thought Distortion": 3168, "Tomik, Distinguished Advokist": 3224, "Clifftop Retreat": 555, "Deathmist Raptor": 714, "Den Protector": 748, "Exit Specialist": 1017, "Growing Dread": 1365, "Hide in Plain Sight": 1464, "Oblivious Bookworm": 2161, "Stratus Dancer": 2970, "Twist Reality": 3288, "Vannifar, Evolved Enigma": 3389, "Decisive Denial_SB": 720, "Ephara's Dispersal_SB": 986, "Quandrix Command_SB": 2380, "Scourge of the Skyclaves": 2644, "Unholy Annex // Ritual Chamber_SB": 3331, "Demonic Bargain": 742, "Thundertrap Trainer": 3195, "Jace, Wielder of Mysteries_SB": 1621, "Blossoming Tortoise": 318, "Cascading Cataracts": 443, "Castle Garenbrig": 457, "Golos, Tireless Pilgrim": 1336, "Insidious Fungus": 1562, "Sanctum of Ugin": 2609, "Turntimber Symbiosis": 3280, "Wakeroot Elemental": 3460, "World Breaker": 3553, "Thought-Knot Seer_SB": 3172, "Wandering Archaic_SB": 3464, "Blot Out": 319, "Sign in Blood": 2768, "Banefire": 215, "Dragonlord Ojutai": 842, "Elspeth's Smite": 940, "Glarb, Calamity's Augur": 1270, "Kroxa and Kunoros": 1755, "Noxious Gearhulk": 2142, "Nezahal, Primal Tide_SB": 2098, "Sokenzan, Crucible of Defiance_SB": 2846, "Thud": 3190, "Fling_SB": 1138, "Giant Killer": 1244, "The Wandering Rescuer": 3149, "Shoot the Sheriff_SB": 2751, "Fire Prophecy": 1119, "Phantom Interference": 2283, "Worldspine Wurm": 3556, "Xenagos, God of Revels": 3565, "Agent of Treachery": 47, "Devilish Valet": 773, "Eldritch Evolution": 925, "Grinning Ignus": 1363, "Hazoret's Monument": 1426, "Runaway Steam-Kin": 2584, "Wish": 3529, "Banefire_SB": 216, "Eldritch Evolution_SB": 926, "Hazoret's Monument_SB": 1427, "Impact Tremors_SB": 1534, "Neoform_SB": 2095, "Tyvar's Stand_SB": 3296, "Arid Archway": 142, "Armored Scrapgorger": 146, "Clifftop Lookout": 554, "Conduit Pylons": 599, "Dreamdew Entrancer": 866, "Fecund Greenshell": 1083, "Temple of Plenty": 3073, "Metropolis Reformer_SB": 1981, "Founding the Third Path": 1167, "Hooting Mandrills": 1487, "Neoform": 2094, "Tasigur, the Golden Fang": 3054, "Wail of the Forgotten": 3459, "Cruelclaw's Heist": 648, "Ertai Resurrected": 995, "Lazav, Wearer of Faces": 1784, "Filter Out_SB": 1113, "Sunspine Lynx_SB": 3002, "Shore Up": 2752, "March of Swirling Mist_SB": 1930, "Obliterating Bolt_SB": 2160, "Shore Up_SB": 2753, "Dryad's Revival": 882, "Echoing Deeps": 900, "Festering Gulch": 1098, "Maestros Theater": 1904, "Riveteers Overlook": 2547, "Culling Ritual_SB": 664, "Sea Gate Restoration": 2657, "Storm's Wrath_SB": 2957, "Starfall Invocation_SB": 2928, "Guardian of Ghirapur": 1376, "Rhonas the Indomitable": 2526, "Toby, Beastie Befriender": 3215, "Bristling Backwoods": 384, "Escape to the Wilds": 1000, "Mystic Sanctuary": 2065, "Scapeshift": 2631, "Splendid Reclamation": 2907, "The Hunter Maze": 3124, "Worldsoul's Rage": 3555, "Bonny Pall, Clearcutter_SB": 337, "Fade from History_SB": 1047, "Ill-Timed Explosion_SB": 1526, "Leyline Binding_SB": 1804, "Malevolent Hermit_SB": 1915, "Tolsimir, Friend to Wolves_SB": 3221, "Mystical Dispute": 2066, "Tarrian's Journal": 3052, "Vinereap Mentor": 3411, "Rottenmouth Viper_SB": 2569, "Fateful Absence": 1069, "Narset Transcendent_SB": 2076, "Fading Hope": 1048, "Bloodchief's Thirst": 303, "Cyclonic Rift": 678, "Bloodchief's Thirst_SB": 304, "Memory Deluge_SB": 1965, "Soulflayer": 2867, "Striped Riverwinder": 2973, "Urborg Scavengers": 3358, "Zetalpa, Primal Dawn": 3595, "Witherbloom Command_SB": 3538, "Natural State_SB": 2083, "Consign // Oblivion": 605, "Creative Outburst": 642, "Consign // Oblivion_SB": 606, "Doomskar_SB": 823, "Urborg, Tomb of Yawgmoth_SB": 3360, "Furnace Reins_SB": 1193, "Knight of Dusk's Shadow_SB": 1722, "Hoarding Broodlord": 1477, "Nimble Larcenist": 2112, "Vein Ripper": 3394, "Scalding Viper": 2630, "Searing Blood": 2667, "Snow-Covered Forest": 2839, "Narset, Enlightened Master_SB": 2079, "Unlicensed Disintegration_SB": 3335, "God-Eternal Bontu_SB": 1325, "Rite of Oblivion_SB": 2541, "Victor, Valgavoth's Seneschal_SB": 3407, "March of Swirling Mist": 1929, "Woodland Cemetery": 3550, "Guardian of New Benalia": 1377, "Lively Dirge": 1857, "Ajani, Sleeper Agent_SB": 54, "Up the Beanstalk_SB": 3354, "Helping Hand": 1448, "Life of Toshiro Umezawa": 1820, "Lunar Convocation": 1890, "Okiba Reckoner Raid": 2172, "Rowan's Grim Search": 2571, "Dark Betrayal_SB": 682, "Fracture_SB": 1173, "Ashen Rider": 150, "Justiciar's Portal": 1642, "High Priest of Penance_SB": 1471, "Drana and Linvala_SB": 846, "Eidolon of Rhetoric_SB": 910, "Manglehorn_SB": 1920, "Crumbling Vestige": 653, "Desert of the Indomitable": 759, "Mirrorpool": 2000, "Mortuary Mire": 2038, "Ajani, Strength of the Pride": 55, "Holy Cow": 1482, "Release to the Wind": 2483, "Valley Floodcaller": 3378, "Tibalt, Rakish Instigator_SB": 3198, "Hazoret the Fervent": 1424, "Snow-Covered Mountain": 2841, "Unwanted Remake": 3350, "Kellan, Daring Traveler_SB": 1690, "Feather of Flight": 1080, "Doorkeeper Thrull_SB": 824, "Azusa's Many Journeys": 199, "Combat Courier": 580, "Feed the Swarm": 1087, "Kunoros, Hound of Athreos_SB": 1762, "Roaring Furnace // Steaming Sauna_SB": 2553, "Absorb": 8, "Archdruid's Charm_SB": 129, "Alseid of Life's Bounty": 70, "Sixth Sense": 2794, "Lukka, Coppercoat Outcast": 1886, "Lukka, Coppercoat Outcast_SB": 1887, "Mox Amber_SB": 2047, "Retraction Helix_SB": 2519, "Tormod's Crypt_SB": 3235, "Nissa, Who Shakes the World": 2122, "Emerge from the Cocoon": 957, "Enduring Courage_SB": 969, "Diamond Pick-Axe": 780, "Karn, Scion of Urza_SB": 1666, "Light of Hope": 1826, "Sejiri Shelter": 2685, "Experimental Synthesizer": 1028, "Implement of Combustion": 1535, "Stoke the Flames": 2949, "Gruul Charm_SB": 1370, "Magebane Lizard": 1907, "Careful Cultivation": 436, "Courier's Briefcase": 627, "Rockfall Vale": 2558, "Monastery Mentor": 2023, "Cosmic Rebirth": 623, "Broken Bond_SB": 388, "Fateful Absence_SB": 1070, "Renegade Rallier": 2491, "Break the Spell_SB": 370, "Phoenix Chick": 2286, "Kaito, Bane of Nightmares_SB": 1650, "Footfall Crater": 1152, "Migloz, Maze Crusher_SB": 1986, "Fragmentize_SB": 1174, "Thalia, Heretic Cathar": 3101, "Castle Ardenvale_SB": 455, "Moldering Gym && Weight Room": 2017, "Response // Resurgence_SB": 2505, "Archon of Sun's Grace": 138, "Goblin Chainwhirler_SB": 1306, "Razorkin Needlehead_SB": 2436, "Nebelgast Herald": 2084, "Patrician Geist": 2265, "Blue Sun's Twilight_SB": 322, "Exclusion Mage_SB": 1015, "Gideon, Ally of Zendikar_SB": 1256, "Voice of Resurgence_SB": 3429, "Cathartic Pyre": 468, "Karametra's Blessing_SB": 1661, "Kaya's Ghostform_SB": 1674, "Legion Loyalist": 1795, "Azor, the Lawbringer_SB": 194, "Unable to Scream": 3310, "Fires of Victory": 1123, "Koma, Cosmos Serpent": 1738, "Voyaging Satyr": 3449, "Otawara, Soaring City_SB": 2208, "Peer into the Abyss_SB": 2274, "Quick Study": 2385, "Dragonlord Atarka_SB": 839, "Plains_SB": 2317, "Cathar Commando": 465, "Brave the Elements_SB": 366, "Spellgyre": 2887, "Assassin's Trophy": 163, "Erebos's Intervention": 988, "Shadows' Verdict_SB": 2710, "Silence": 2769, "Live or Die": 1856, "Slaughter Games_SB": 2815, "Play with Fire_SB": 2319, "Starfall Invocation": 2927, "Etali, Primal Conqueror_SB": 1009, "Feather, the Redeemed_SB": 1082, "Infernal Grasp": 1547, "Vito, Thorn of the Dusk Rose": 3420, "Ajani, Strength of the Pride_SB": 56, "Hunter's Talent": 1511, "Dusk Rose Reliquary": 888, "Ice Out": 1518, "Minor Misstep_SB": 1993, "Runed Halo_SB": 2590, "Weathered Runestone_SB": 3494, "Agadeem's Awakening": 43, "Ray of Enfeeblement_SB": 2433, "Dewdrop Cure_SB": 779, "Collector's Vault": 569, "Warping Wail": 3476, "Ancestral Anger_SB": 79, "See Double_SB": 2677, "Furnace Reins": 1192, "Pitiless Carnage": 2315, "Gadwick, the Wizened": 1196, "Harbinger of the Tides": 1401, "Master of Waves": 1946, "Moonsnare Prototype": 2034, "Mystic Reflection": 2063, "Pond Prophet": 2327, "Cerulean Drake_SB": 491, "Cyclonic Rift_SB": 679, "Fading Hope_SB": 1049, "Fear of Impostors_SB": 1076, "Scavenging Ooze_SB": 2637, "Skrelv's Hive": 2798, "Elspeth's Smite_SB": 941, "Starnheim Unleashed_SB": 2932, "Reckoner Shakedown_SB": 2461, "Leyline of Hope": 1807, "Lightning Axe_SB": 1831, "Thassa's Oracle_SB": 3104, "Consecrate // Consume_SB": 603, "Nimble Obstructionist_SB": 2114, "Fireblade Charger": 1120, "Imposing Sovereign_SB": 1537, "Vraska, Golgari Queen_SB": 3456, "Rimrock Knight": 2532, "Alchemist's Gift_SB": 60, "Veteran Survivor": 3404, "Unwanted Remake_SB": 3351, "Monastery Mentor_SB": 2024, "Glimpse of Freedom": 1280, "Solemnity": 2849, "Scavenging Ooze": 2636, "Chandra, Awakened Inferno": 502, "Kayla's Reconstruction_SB": 1683, "Ashiok, Nightmare Muse": 155, "Commit // Memory_SB": 589, "Long Goodbye_SB": 1866, "Selfless Spirit": 2691, "Geistlight Snare_SB": 1222, "Dromoka's Command_SB": 874, "Unchained Berserker_SB": 3314, "Scavenger Grounds": 2633, "Liliana, the Last Hope_SB": 1847, "Splitskin Doll": 2910, "Empyrean Eagle": 961, "Built to Smash": 400, "Glass Casket_SB": 1274, "Eriette's Tempting Apple": 991, "Orazca Puzzle-Door": 2197, "Gnawing Vermin": 1294, "Harald Unites the Elves": 1400, "Moritte of the Frost": 2035, "Squirming Emergence": 2920, "Setessan Petitioner": 2703, "The Dross Pits": 3115, "Hydroid Krasis_SB": 1516, "Selfless Glyphweaver_SB": 2688, "Zareth San, the Trickster": 3591, "Crypt Incursion_SB": 657, "Hagra Mauling": 1384, "Ifnir Deadlands": 1524, "Virulent Plague_SB": 3419, "Lazav, the Multifarious": 1785, "Slogurk, the Overslime": 2828, "Hope of Ghirapur_SB": 1489, "Elvish Rejuvenator": 950, "Emrakul, the Promised End": 962, "Fog": 1148, "Glimpse the Core": 1281, "Shrine of the Forsaken Gods": 2761, "Ugin, the Spirit Dragon": 3300, "Goldvein Hydra_SB": 1333, "Shock": 2748, "Beseech the Mirror": 254, "Candy Trail": 432, "Gingerbread Cabin": 1261, "Hidden Necropolis": 1461, "Liliana, Dreadhorde General_SB": 1842, "Golgari Charm_SB": 1334, "Wandering Mind": 3466, "Rest in Peace": 2506, "Ghost Vacuum": 1237, "Mudflat Village": 2048, "Professor's Warning": 2355, "Beanstalk Wurm": 242, "Borborygmos Enraged": 345, "Enter the Infinite": 981, "Glorybringer": 1290, "Lovestruck Beast": 1882, "Possibility Storm": 2340, "Rosethorn Acolyte": 2565, "Shared Summons": 2723, "Display of Dominance_SB": 798, "Garruk's Harbinger_SB": 1206, "Rebel Salvo_SB": 2450, "Eiganjo, Seat of the Empire_SB": 915, "Knight-Errant of Eos_SB": 1728, "Teferi, Hero of Dominaria_SB": 3062, "Teferi, Temporal Pilgrim_SB": 3064, "Culling Ritual": 663, "Casualties of War_SB": 462, "Siege Rhino": 2762, "Haywire Mite": 1422, "Mayhem Devil_SB": 1954, "Case of the Crimson Pulse": 444, "Chainsaw": 494, "Unsubstantiate": 3345, "Carnage Tyrant_SB": 440, "Archangel Avacyn": 121, "Heart of Kiran": 1432, "Knight of the Ebon Legion": 1725, "Scrapheap Scrounger": 2647, "Shambling Vent": 2719, "Aethersphere Harvester_SB": 39, "Devout Decree_SB": 777, "Shatter the Sky_SB": 2727, "Thalia, Heretic Cathar_SB": 3102, "Incubation // Incongruity": 1540, "Galvanic Iteration_SB": 1202, "Temporal Trespass_SB": 3077, "Elspeth, Sun's Champion": 942, "The Royal Scions": 3137, "Raffine, Scheming Seer": 2400, "Urza's Ruinous Blast_SB": 3362, "Jadar, Ghoulcaller of Nephalia": 1624, "Legion's Landing": 1800, "Come Back Wrong_SB": 584, "General Kudro of Drannith": 1224, "Jirina, Dauntless General": 1636, "Hopeful Initiate_SB": 1491, "Jirina, Dauntless General_SB": 1637, "Renegade Rallier_SB": 2492, "Cleansing Wildfire": 548, "Obliterating Bolt": 2159, "Redcap Melee": 2468, "Shoot the Sheriff": 2750, "Baneslayer Angel_SB": 219, "Dream Trawler_SB": 865, "Worldspine Wurm_SB": 3557, "Xenagos, God of Revels_SB": 3566, "Otherworldly Outburst": 2211, "Collateral Damage_SB": 563, "Errant and Giada": 993, "Exquisite Firecraft_SB": 1031, "Evolving Adaptive": 1013, "Pelt Collector": 2277, "Yavimaya Iconoclast": 3573, "Cankerbloom_SB": 433, "Embercleave_SB": 954, "Day's Undoing_SB": 698, "Shadowspear_SB": 2712, "Sin Collector_SB": 2786, "Unidentified Hovership": 3332, "Nashi, Searcher in the Dark": 2082, "The Reality Chip": 3135, "Elas il-Kor, Sadistic Pilgrim_SB": 917, "Eidolon of Rhetoric": 909, "Agatha's Soul Cauldron_SB": 46, "War Squeak": 3467, "Arachnoform_SB": 111, "Hammerhand_SB": 1393, "Unflinching Courage_SB": 3327, "Battle Cry Goblin": 235, "Call of the Death-Dweller": 423, "Conspicuous Snoop": 607, "Rundvelt Hordemaster": 2585, "Skirk Prospector": 2797, "Toxin Analysis": 3244, "Reckless Bushwhacker_SB": 2452, "Beacon Bolt_SB": 240, "Ahn-Crop Crasher": 50, "Bomat Courier": 327, "Untimely Malfunction": 3348, "Zurgo Bellstriker": 3606, "Magma Spray_SB": 1910, "Skullcrack_SB": 2803, "Field of Ruin_SB": 1102, "Winter's Intervention": 3527, "Authority of the Consuls": 181, "Dust Animus_SB": 892, "Dictate of Erebos": 781, "Pawpatch Formation": 2267, "Thornvault Forager": 3167, "Mastermind's Acquisition": 1947, "Exquisite Archangel": 1029, "Detention Sphere": 770, "Drag to the Bottom": 832, "Herd Migration": 1454, "Kogla and Yidaro": 1732, "Reidane, God of the Worthy": 2481, "Samut, Voice of Dissent": 2607, "Thryx, the Sudden Storm": 3189, "Workshop Warchief": 3552, "Drag to the Bottom_SB": 833, "Surrak Dragonclaw_SB": 3013, "Anafenza, the Foremost": 75, "Thrun, Breaker of Silence": 3187, "Drannith Magistrate_SB": 849, "Casualties of War": 461, "Gaze of Granite": 1219, "Professor Onyx": 2353, "Ruinous Path": 2582, "Seasons Past": 2673, "Feed the Clan_SB": 1084, "Life Goes On_SB": 1819, "Lost Legacy_SB": 1876, "Shifting Ceratops_SB": 2741, "Archfiend's Vessel": 134, "Blisterpod": 293, "Phyrexian Revoker": 2296, "Stalactite Stalker": 2925, "Blisterpod_SB": 294, "Graf Reaver_SB": 1342, "Llanowar Elves_SB": 1860, "Priest of Forgotten Gods_SB": 2348, "Stalactite Stalker_SB": 2926, "Hashep Oasis": 1413, "Outland Liberator": 2215, "Reckless Stormseeker": 2457, "The Huntsman's Redemption": 3125, "Thought-Knot Seer": 3171, "Arlinn, the Pack's Hope_SB": 143, "Eldrazi Obligator_SB": 924, "Caustic Bronco_SB": 472, "Crawling Barrens": 641, "Raze the Effigy_SB": 2434, "Squee, Dubious Monarch_SB": 2919, "Twisted Fealty_SB": 3289, "Voldaren Thrillseeker_SB": 3439, "Insatiable Avarice": 1557, "Sorin the Mirthless_SB": 2856, "Colossal Dreadmaw": 573, "Umori, the Collector_SB": 3309, "Dragonhawk, Fate's Tempest": 837, "Sunspine Lynx": 3001, "Chart a Course": 520, "Karn's Sylex_SB": 1665, "Liliana, Waker of the Dead_SB": 1845, "Pilfer_SB": 2308, "Interplanar Beacon_SB": 1572, "No More Lies_SB": 2130, "Harvester of Misery": 1411, "Restless Vinestalk": 2517, "The Scarab God": 3138, "Vren, the Relentless": 3457, "Angel of Destiny": 82, "Archangel Elspeth": 123, "Archangel of Tithes": 125, "Baneslayer Angel": 218, "Requisition Raid": 2500, "Sephara, Sky's Blade": 2698, "Speaker of the Heavens": 2876, "Starnheim Aspirant": 2930, "Take Up the Shield": 3036, "Voice of the Blessed": 3430, "Borrowed Time_SB": 352, "Cleric Class_SB": 551, "Starnheim Aspirant_SB": 2931, "Restless Bivouac": 2509, "Glaring Aegis": 1272, "Hateful Eidolon": 1414, "Sporogenic Infection": 2913, "Valgavoth's Lair": 3371, "Hushbringer_SB": 1513, "Stormwing Entity_SB": 2965, "Swamp_SB": 3016, "Exuberant Fuseling": 1038, "Fanatical Firebrand": 1062, "Foundry Street Denizen": 1168, "Goblin Piledriver": 1312, "Reckless Lackey": 2454, "Masked Vandal_SB": 1940, "Realmwalker_SB": 2447, "Ashiok, Nightmare Muse_SB": 156, "Discovery // Dispersal": 792, "Mirrorshell Crab": 2001, "Warrant // Warden_SB": 3479, "Goblin Rabblemaster": 1314, "Grumgully, the Generous": 1368, "Hobgoblin Bandit Lord": 1479, "Legion Warboss": 1797, "Metallic Mimic": 1973, "Squee, Dubious Monarch": 2918, "Silverback Elder": 2775, "Anim Pakal, Thousandth Moon": 93, "Dollmaker's Shop // Porcelain Gallery": 814, "Warleader's Call": 3472, "Slaughter the Strong_SB": 2816, "Feldon, Ronom Excavator": 1089, "Goro-Goro, Disciple of Ryusei": 1339, "Norin, Swift Survivalist": 2134, "The Stasis Coffin_SB": 3144, "Gyruda, Doom of Depths_SB": 1383, "Lutri, the Spellchaser_SB": 1894, "Obosh, the Preypiercer_SB": 2162, "Zirda, the Dawnwaker_SB": 3598, "Malcolm, Alluring Scoundrel": 1914, "Curious Obsession_SB": 672, "Bonehoard Dracosaur": 335, "Cut // Ribbons": 675, "Scytheclaw Raptor_SB": 2656, "Soulless Jailer_SB": 2868, "Elder Deep-Fiend_SB": 919, "Disfigure_SB": 795, "Zur, Eternal Schemer_SB": 3605, "Undead Butler": 3317, "Elas il-Kor, Sadistic Pilgrim": 916, "Destiny Spinner": 764, "Eldrazi Displacer": 922, "Spirited Companion": 2905, "Void Rend": 3431, "Wastes": 3486, "Lier, Disciple of the Drowned_SB": 1818, "Nicol Bolas, Dragon-God": 2101, "Nicol Bolas, the Ravager": 2103, "Steamcore Scholar": 2937, "Thought Erasure": 3170, "Temple of Epiphany": 3069, "Dragonlord Atarka": 838, "Yenna, Redtooth Regent": 3574, "Twinshot Sniper_SB": 3287, "Dragon's Fire": 836, "Stingerback Terror": 2944, "Terror of the Peaks": 3090, "Xenagos, the Reveler_SB": 3568, "Ixalan's Binding_SB": 1607, "Warbriar Blessing_SB": 3470, "Lilah, Undefeated Slickshot": 1837, "Grasp of Darkness_SB": 1350, "Overlord of the Balemurk_SB": 2227, "Dire Tactics": 789, "Shock_SB": 2749, "Wild Slash_SB": 3515, "Flowstone Infusion_SB": 1147, "Scrapwork Mutt": 2650, "Bristly Bill, Spine Sower": 386, "Goldvein Hydra": 1332, "Hangarback Walker": 1394, "Hardened Scales": 1404, "Ornery Tumblewagg": 2199, "Rishkar, Peema Renegade": 2539, "Vraska, Betrayal's Sting": 3453, "Winding Constrictor": 3524, "Twinblade Geist": 3282, "Curse of Silence_SB": 674, "Escape Velocity_SB": 999, "Shardmage's Rescue_SB": 2722, "Realm-Cloaked Giant_SB": 2445, "Anafenza, Kin-Tree Spirit": 74, "Benalish Marshal": 252, "Daxos, Blessed by the Sun": 694, "Finale of Glory": 1117, "Knight of the White Orchid": 1726, "Mastery of the Unseen": 1949, "Phyrexian Vindicator": 2298, "Precinct Captain": 2346, "Distended Mindbender": 801, "Elder Deep-Fiend": 918, "Fierce Empath": 1104, "Foul Emissary": 1164, "Legion's End": 1798, "Wretched Gryff": 3563, "Distended Mindbender_SB": 802, "Rottenmouth Viper": 2568, "Village Rites": 3408, "Cemetery Illuminator": 486, "Linvala, Shield of Sea Gate": 1849, "Anger of the Gods": 87, "Bruna, the Fading Light": 393, "Gisela, the Broken Blade": 1262, "Lyra Dawnbringer": 1895, "Archangel Avacyn_SB": 122, "Sigarda, Font of Blessings_SB": 2766, "Immersturm Skullcairn": 1530, "Roadside Reliquary": 2548, "Temple of Malady": 3070, "Tithing Blade": 3213, "Warleader's Call_SB": 3473, "Reality Shift_SB": 2443, "Goblin Instigator": 1308, "Rally the Ancestors": 2415, "Goblin Piledriver_SB": 1313, "Legion Loyalist_SB": 1796, "Beacon Bolt": 239, "Spell Stutter": 2885, "Crush the Weak_SB": 654, "Sphinx's Revelation": 2891, "White Sun's Twilight": 3511, "Titania, Voice of Gaea": 3211, "Anafenza, the Foremost_SB": 76, "Nicol Bolas, the Ravager_SB": 2104, "Talion, the Kindly Lord_SB": 3043, "Purphoros, God of the Forge_SB": 2372, "Heartflame Duelist": 1435, "Kaya, Orzhov Usurper": 1678, "Outlaws' Merriment": 2217, "Stormsplitter_SB": 2962, "Dead Weight_SB": 702, "Omen of the Sea_SB": 2180, "Search for Azcanta": 2664, "Gix's Command": 1264, "Experimental Frenzy_SB": 1027, "Omnath, Locus of Creation_SB": 2183, "Long Goodbye": 1865, "Runed Halo": 2589, "Goblin Warchief": 1323, "Krenko, Tin Street Kingpin_SB": 1754, "Roast_SB": 2554, "Vivien Reid_SB": 3421, "Lavinia, Azorius Renegade_SB": 1781, "Dovin, Hand of Control_SB": 829, "Kaya's Wrath": 1675, "Caretaker's Talent_SB": 438, "Fountainport_SB": 1172, "Heroic Reinforcements_SB": 1459, "Vren, the Relentless_SB": 3458, "Mantis Rider": 1923, "Dawnbringer Cleric_SB": 693, "Selfless Spirit_SB": 2692, "Dromoka's Command": 873, "Courser of Kruphix_SB": 629, "Painter's Studio // Defaced Gallery": 2245, "Corpses of the Lost": 619, "Vivien, Arkbow Ranger": 3422, "Vaultborn Tyrant_SB": 3393, "Wakeroot Elemental_SB": 3461, "World Breaker_SB": 3554, "Prosperous Thief": 2366, "Satoru, the Infiltrator": 2618, "Silver-Fur Master": 2774, "Bedeck // Bedazzle_SB": 245, "Nissa, Ascended Animist_SB": 2119, "Power Word Kill": 2341, "Vivien, Monsters' Advocate_SB": 3425, "Glimmerburst": 1278, "Fires of Victory_SB": 1124, "Mirrex_SB": 1998, "Goblin Rabblemaster_SB": 1315, "Picnic Ruiner": 2304, "Picnic Ruiner_SB": 2305, "Search for Azcanta_SB": 2665, "Camellia, the Seedmiser_SB": 430, "Brotherhood's End": 391, "Strangle": 2966, "Consecrate // Consume": 602, "Roxanne, Starfall Savant": 2573, "Ox of Agonas": 2237, "Shigeki, Jukai Visionary": 2743, "Virtue of Strength": 3418, "Overlord of the Boilerbilges_SB": 2229, "Gix, Yawgmoth Praetor": 1266, "Tocasia's Welcome": 3216, "Breaking // Entering": 371, "Creeping Chill": 643, "Haunted Dead": 1418, "Maestros Charm": 1903, "Narcomoeba": 2075, "Prized Amalgam": 2352, "Silversmote Ghoul": 2781, "Tome Scour": 3222, "Marvin, Murderous Mimic_SB": 1939, "Dazzling Reflection_SB": 700, "Hugs, Grisly Guardian": 1505, "Jace, the Perfected Mind_SB": 1623, "War Squeak_SB": 3468, "Arasta of the Endless Web": 115, "Hanged Executioner_SB": 1397, "Loran of the Third Path": 1869, "Idyllic Tutor": 1523, "Scattered Groves": 2632, "The Fair Basilica": 3120, "Scorching Dragonfire": 2638, "Zareth San, the Trickster_SB": 3592, "Lord Skitter, Sewer King": 1873, "Rona's Vortex": 2562, "Blessed Alliance": 285, "Needle Spires": 2090, "Sorcerous Spyglass": 2853, "Jace, Vryn's Prodigy_SB": 1619, "Notion Thief": 2137, "Kotose, the Silent Spider_SB": 1745, "Quakebringer_SB": 2379, "Sentinel's Mark": 2697, "Experimental Augury": 1025, "Sunset Revelry_SB": 2999, "Final Vengeance": 1114, "Anoint with Affliction": 99, "Apostle of Purifying Light_SB": 106, "Osteomancer Adept": 2206, "Rubblebelt Maverick": 2578, "Bontu the Glorified_SB": 338, "Ygra, Eater of All_SB": 3576, "Witch's Mark": 3531, "Madcap Skills_SB": 1899, "Jace, Vryn's Prodigy": 1618, "Kaito, Dancing Shadow_SB": 1652, "Azorius Charm": 195, "Ashiok, Nightmare Weaver_SB": 158, "Valakut Exploration": 3369, "Tireless Tracker_SB": 3205, "Unexpected Fangs_SB": 3325, "Arabella, Abandoned Doll": 110, "Vessel of Nascency": 3402, "Bond of Revival": 330, "Siphon Insight": 2789, "Invasion of Dominaria": 1583, "Royal Treatment": 2575, "Rune of Might": 2587, "Rune of Sustenance": 2588, "Selfless Savior": 2689, "Royal Treatment_SB": 2576, "Selfless Savior_SB": 2690, "Stonecoil Serpent_SB": 2953, "Cunning Nightbonder": 667, "Omen of the Dead": 2176, "Plumecreed Escort": 2322, "Slitherwisp": 2827, "Cleansing Nova_SB": 547, "Commence the Endgame_SB": 585, "Horned Loch-Whale_SB": 1495, "Torrential Gearhulk_SB": 3238, "Phyrexian Censor": 2290, "Aegis of the Gods_SB": 28, "Teyo, the Shieldmage_SB": 3094, "Ornithopter": 2200, "Spire of Industry": 2901, "Springleaf Drum": 2915, "The Blackstaff of Waterdeep": 3110, "Tezzeret, Betrayer of Flesh_SB": 3095, "Bristlebud Farmer": 383, "Biting-Palm Ninja": 264, "Moon-Circuit Hacker": 2032, "Thousand-Faced Shadow": 3176, "Guardian of Faith": 1374, "Serra Paragon": 2700, "Tragic Arrogance_SB": 3247, "History of Benalia": 1475, "Inspired Idea_SB": 1565, "Jegantha, the Wellspring": 1630, "Leyline of the Void": 1814, "Concealed Weapon": 594, "Devious Cover-Up": 774, "Coati Scavenger": 561, "Questing Beast": 2381, "Urgent Necropsy": 3361, "Despise_SB": 763, "Gix's Command_SB": 1265, "Sarulf, Realm Eater_SB": 2616, "Vivien, Arkbow Ranger_SB": 3423, "Lovestruck Beast_SB": 1883, "Leyline of Sanctity": 1811, "Mirrormade": 1999, "Soldier of the Pantheon": 2847, "Kayla's Command": 1681, "Iymrith, Desert Doom": 1609, "Murderous Cut_SB": 2055, "Viashino Pyromancer": 3405, "Stormkeld Vanguard_SB": 2960, "Search for Glory": 2666, "Kazuul's Fury": 1685, "Leyline of Mutation": 1808, "Gruff Triplets_SB": 1367, "Colossal Dreadmaw_SB": 574, "Flamecache Gecko_SB": 1130, "Lava Axe": 1777, "Heartfire": 1433, "Dreadhorde Arcanist_SB": 857, "Enter the God-Eternals_SB": 980, "Gideon of the Trials_SB": 1250, "Giant Growth": 1243, "Hostage Taker_SB": 1498, "Behold the Multiverse": 249, "Aetherling_SB": 38, "Archon of Sun's Grace_SB": 139, "Eerie Interlude_SB": 905, "Ossification_SB": 2205, "Lantern of the Lost_SB": 1775, "Niv-Mizzet, Parun_SB": 2125, "Blade of the Oni_SB": 276, "Callous Bloodmage": 425, "Trial of Ambition": 3264, "Entity Tracker_SB": 984, "Faerie Miscreant": 1055, "Floodpits Drowner_SB": 1142, "Sawblade Skinripper": 2627, "Spectral Adversary": 2877, "Cemetery Illuminator_SB": 487, "Callous Bloodmage_SB": 426, "Necromentia": 2086, "Bloodletter of Aclazotz_SB": 307, "Tatyova, Benthic Druid": 3055, "Questing Druid_SB": 2384, "Approach of the Second Sun": 107, "Dwynen's Elite": 894, "Elvish Warmaster": 952, "Gnarlroot Trapper": 1293, "Jaspera Sentinel": 1628, "Leaf-Crowned Visionary": 1788, "Reclamation Sage": 2462, "Shaman of the Pack": 2717, "Three Tree City": 3185, "Chimil, the Inner Sun_SB": 525, "Redcap Heelslasher_SB": 2467, "Tinybones, the Pickpocket": 3204, "Nighthawk Scavenger_SB": 2108, "Brass Knuckles": 363, "Fabrication Foundry": 1044, "Fomori Vault": 1151, "Gilded Pinions": 1260, "Glass Casket": 1273, "Ingenious Smith": 1552, "Inventors' Fair": 1592, "Lavaspur Boots": 1780, "Metalwork Colossus": 1976, "Mystic Forge": 2060, "Simulacrum Synthesizer": 2785, "The Irencrag": 3126, "Thousand Moons Smithy": 3175, "Wedding Invitation": 3499, "Mystic Forge_SB": 2061, "Bloodtithe Harvester_SB": 312, "Bonders' Enclave": 331, "Nicol Bolas, Dragon-God_SB": 2102, "Protect the Negotiators_SB": 2368, "Metamorphic Alteration_SB": 1978, "Sanguine Evangelist": 2613, "Mystic Monastery": 2062, "Warrant // Warden": 3478, "Reduce // Rubble_SB": 2471, "Vivien, Champion of the Wilds_SB": 3424, "Combat Thresher": 582, "Flicker of Fate": 1135, "Phyrexian Fleshgorger": 2293, "Scrollshift": 2654, "Oath of Kaya_SB": 2154, "Decimator of the Provinces": 719, "Shalai, Voice of Plenty": 2715, "Welcoming Vampire": 3500, "Icon of Ancestry": 1520, "Icon of Ancestry_SB": 1521, "Dragonlord Silumgar": 843, "Dokuchi Silencer_SB": 812, "Silverback Elder_SB": 2776, "Duskwatch Recruiter": 891, "Toski, Bearer of Secrets_SB": 3239, "Parting Gust_SB": 2257, "Abuelo's Awakening": 9, "Radical Idea": 2397, "Thirst for Meaning": 3164, "Adanto Vanguard_SB": 20, "Finale of Revelation_SB": 1118, "Unholy Annex && Ritual Chamber_SB": 3329, "Foulmire Knight": 1166, "Tenacious Underdog": 3082, "Gaea's Revenge_SB": 1198, "Omen Hawker": 2175, "The Enigma Jewel": 3118, "Leyline of Combustion_SB": 1806, "Rotten Reunion_SB": 2567, "Demilich": 738, "Pieces of the Puzzle": 2306, "Unstoppable Slasher_SB": 3344, "Gloomshrieker": 1287, "Creosote Heath": 644, "Lush Oasis": 1892, "Adanto Vanguard": 19, "Kellan, the Fae-Blooded_SB": 1694, "Get Out_SB": 1230, "Rotten Reunion": 2566, "Divine Smite_SB": 809, "Confounding Riddle": 600, "Overlord of the Floodpits_SB": 2231, "Angrath, the Flame-Chained_SB": 90, "Surge of Salvation": 3008, "Archangel of Wrath": 127, "Disturbing Mirth": 804, "Doom Foretold": 819, "Harmless Offering": 1406, "Vorinclex": 3446, "Vorinclex, Monstrous Raider": 3447, "Kogla, the Titan Ape_SB": 1735, "Nullhide Ferox_SB": 2146, "Turn the Earth_SB": 3279, "Supreme Will": 3006, "Lair of the Hydra_SB": 1770, "Icingdeath, Frost Tyrant": 1519, "Sleep-Cursed Faerie": 2819, "Recommission": 2464, "Pelakka Predation": 2275, "The Scarab God_SB": 3139, "Twinferno": 3283, "Collision // Colossus_SB": 571, "Chimil, the Inner Sun": 524, "Meathook Massacre II_SB": 1959, "Despark_SB": 761, "Glistening Deluge_SB": 1285, "Goblin Ringleader_SB": 1317, "Adeline, Resplendent Cathar_SB": 23, "Treasure Cruise_SB": 3260, "Oracle of Tragedy": 2196, "Zetalpa, Primal Dawn_SB": 3596, "Sanguine Evangelist_SB": 2614, "Crackling Drake": 632, "Cynical Loner": 680, "Restless Fortress": 2511, "Behold the Multiverse_SB": 250, "Inescapable Blaze_SB": 1545, "Aetherling": 37, "Tyvar, the Pummeler_SB": 3299, "Epic Downfall_SB": 987, "Blue Sun's Twilight": 321, "Outcaster Greenblade": 2213, "Triton Tactics": 3268, "Abraded Bluffs": 5, "Furycalm Snarl": 1194, "Smash to Smithereens_SB": 2829, "Professor Onyx_SB": 2354, "Tome Scour_SB": 3223, "Kari Zev's Expertise": 1662, "Domri's Ambush_SB": 816, "Glorious End_SB": 1288, "Sorin, Vengeful Bloodlord": 2857, "Kenrith's Transformation_SB": 1696, "Wolfwillow Haven_SB": 3548, "Elvish Archivist": 946, "Garruk, Unleashed": 1209, "Vraan, Executioner Thane_SB": 3451, "Doomskar": 822, "Gideon's Intervention": 1251, "Ixalan's Binding": 1606, "Coveted Falcon_SB": 631, "Devastating Mastery_SB": 772, "Gideon's Intervention_SB": 1252, "Key to the City": 1705, "Swan Song_SB": 3017, "Forest_SB": 1158, "Lightning Strike_SB": 1836, "Embereth Shieldbreaker_SB": 955, "Lion Sash_SB": 1853, "Soul Transfer": 2862, "Sorcerous Spyglass_SB": 2854, "Sweltering Suns_SB": 3019, "Murderous Rider_SB": 2057, "Rakdos, the Muscle": 2409, "Sprite Dragon": 2916, "Delney, Streetwise Lookout": 736, "Niv-Mizzet, Parun": 2124, "Teshar, Ancestor's Apostle": 3091, "Ossification": 2204, "Bolas's Citadel": 323, "Catacomb Sifter": 463, "Woe Strider": 3545, "Status // Statue_SB": 2934, "Lay Down Arms": 1782, "Bloodsoaked Champion": 308, "Lost Jitte": 1875, "Hostage Taker": 1497, "Trostani, Three Whispers": 3272, "Ahn-Crop Crasher_SB": 51, "Surge of Righteousness_SB": 3007, "Maskwood Nexus": 1941, "Highway Robbery": 1472, "Assemble the Players": 166, "Ledger Shredder_SB": 1790, "Kaya the Inexorable": 1671, "Despise": 762, "Spatial Contortion_SB": 2874, "Marina Vendrell_SB": 1936, "Dokuchi Silencer": 811, "Shivan Devastator": 2746, "Avabruck Caretaker": 183, "Starfield of Nyx": 2929, "Demon of Dark Schemes_SB": 741, "Harvester of Misery_SB": 1412, "Progenitor Mimic_SB": 2360, "Valki, God of Lies_SB": 3377, "Defabricate": 729, "Nahiri, the Unforgiving": 2073, "Lion Sash": 1852, "Archon of Absolution_SB": 135, "Sandstalker Moloch_SB": 2610, "Experimental Confectioner": 1026, "Blood Baron of Vizkopa_SB": 297, "Portent Tracker": 2338, "Kambal, Profiteering Mayor_SB": 1657, "Charge Through": 515, "Fight as One": 1110, "Leonin Lightscribe": 1801, "March of Burgeoning Life": 1926, "Season of Growth": 2671, "Tamiyo's Safekeeping": 3044, "Venerated Rotpriest": 3399, "Warriors' Lesson": 3480, "Collected Company_SB": 565, "Moon-Blessed Cleric_SB": 2031, "Silverfur Partisan_SB": 2778, "Scorching Dragonfire_SB": 2639, "Mogis, God of Slaughter_SB": 2016, "Bedevil": 246, "Gala Greeters": 1199, "Jinnie Fay, Jetmir's Second": 1635, "Act of Treason_SB": 18, "Bloody Betrayal_SB": 313, "Knight of Grace_SB": 1724, "Evolved Sleeper": 1012, "Tomik, Wielder of Law": 3226, "Sorin, Vengeful Bloodlord_SB": 2858, "Silundi Vision": 2772, "Flamecache Gecko": 1129, "Gev, Scaled Scorch": 1231, "Cosmic Rebirth_SB": 624, "Mazemind Tome_SB": 1957, "Combustible Gearhulk": 583, "Borborygmos Enraged_SB": 346, "Massacre Wurm_SB": 1944, "Rakdos, the Showstopper_SB": 2410, "Ghalta, Stampede Tyrant": 1234, "Smuggler's Surprise": 2834, "Velomachus Lorehold": 3395, "No One Left Behind": 2131, "Tolarian Terror_SB": 3219, "Hexgold Halberd_SB": 1460, "Lotus Field_SB": 1881, "Devouring Light_SB": 775, "Access Tunnel": 14, "Shakedown Heavy": 2714, "Kellan, Inquisitive Prodigy": 1691, "Mountain_SB": 2044, "Reclamation Sage_SB": 2463, "Joint Exploration": 1638, "Realm-Cloaked Giant": 2444, "Sweltering Suns": 3018, "Annihilating Glare": 96, "Charred Foyer && Warped Space_SB": 518, "Prairie Stream": 2343, "Ashen Rider_SB": 151, "Forge Devil_SB": 1159, "Annul": 97, "Phyrexian Dragon Engine": 2292, "Azor, the Lawbringer": 193, "Aven Mindcensor_SB": 186, "Noxious Gearhulk_SB": 2143, "Blind Obedience": 291, "Spirit of the Labyrinth_SB": 2903, "Twinferno_SB": 3284, "Leyline of Combustion": 1805, "Abhorrent Oculus_SB": 2, "Heroic Reinforcements": 1458, "Stormchaser's Talent": 2959, "Third Path Iconoclast": 3161, "Calamity, Galloping Inferno": 421, "Portal to Phyrexia_SB": 2337, "Defiler of Vigor": 732, "Garruk's Uprising": 1207, "Gemrazer": 1223, "Ghalta, Primal Hunger": 1232, "Hulking Raptor": 1508, "Railway Brawler": 2401, "Ranger Class": 2425, "The Great Henge": 3123, "The Skullspore Nexus": 3141, "Yorvo, Lord of Garenbrig": 3579, "Ram Through_SB": 2418, "Bontu's Last Reckoning_SB": 339, "Harness by Force_SB": 1408, "Calix, Guided by Fate": 422, "Jukai Naturalist": 1640, "Unflinching Courage": 3326, "Weaver of Harmony": 3495, "Bubble Smuggler": 397, "Hauntwoods Shrieker": 1421, "Paranormal Analyst": 2254, "Atsushi, the Blazing Sky": 174, "Dragon Tempest": 835, "Grafdigger's Cage": 1343, "Invasion of Tarkir": 1589, "Manaform Hellkite": 1918, "Reckless Impulse": 2453, "Shatterskull Smashing": 2729, "Wrenn's Resolve": 3561, "Bushy Bodyguard": 414, "Giant Opportunity": 1246, "Hollow Scavenger": 1481, "Honored Dreyleader": 1485, "Tear Asunder": 3056, "Valley Rotcaller": 3380, "Wicked Wolf": 3512, "Overprotect_SB": 2235, "Commencement of Festivities": 586, "Defend the Hearth": 730, "Sphinx's Tutelage": 2893, "Sultai Charm": 2984, "Winds of Qal Sisma": 3525, "Folio of Fancies_SB": 1150, "Sultai Charm_SB": 2985, "Burning Anger": 405, "Colossification": 577, "Grapple with the Past": 1348, "Infernal Grasp_SB": 1548, "Armed and Armored": 144, "Consulate Dreadnought": 608, "Giant Ox": 1247, "Hotshot Mechanic": 1502, "Mech Hangar": 1960, "Surgehacker Mech": 3010, "Cemetery Prowler_SB": 488, "Commune with Dinosaurs": 590, "Marauding Raptor": 1925, "Otepec Huntmaster": 2209, "Pugnacious Hammerskull": 2371, "Rampaging Raptor": 2423, "Ripjaw Raptor": 2534, "Kaya, Spirits' Justice_SB": 1680, "Enduring Courage": 968, "Invigorated Rampage": 1593, "Baral, Chief of Compliance": 225, "Open the Armory": 2189, "Resolute Strike": 2503, "Thud_SB": 3191, "Deification": 735, "Elspeth Resplendent": 938, "Gideon's Triumph": 1253, "Oath of Kaya": 2153, "The Birth of Meletis": 3109, "Urza's Sylex": 3363, "Yahenni's Expertise": 3569, "Hanged Executioner": 1396, "Rally of Wings": 2414, "Skycat Sovereign": 2804, "Topplegeist": 3228, "Watcher of the Spheres": 3488, "Errant and Giada_SB": 994, "Patch Up_SB": 2258, "Dictate of Kruphix": 782, "Blacklance Paragon_SB": 272, "Cunning Nightbonder_SB": 668, "Adult Gold Dragon": 25, "Savage Summoning_SB": 2620, "Frenzied Goblin": 1181, "Jadar, Ghoulcaller of Nephalia_SB": 1625, "Angrath's Rampage_SB": 89, "Get Out": 1229, "Secrets of the Key": 2675, "Azure Beastbinder": 197, "Bounding Krasis": 358, "Nissa, Vastwood Seer": 2121, "Skylasher_SB": 2810, "Chromanticore": 529, "Cragplate Baloth": 636, "Oketra the True": 2171, "Dreams of Steel and Oil_SB": 869, "Rush of Adrenaline": 2593, "Ulcerate_SB": 3304, "Silverquill Silencer": 2780, "Phyrexian Fleshgorger_SB": 2294, "Dreams of Steel and Oil": 868, "Velomachus Lorehold_SB": 3396, "Kick in the Door": 1706, "Violent Urge": 3412, "Charred Foyer // Warped Space_SB": 519, "Combat Research": 581, "Bond of Insight": 329, "Lyra Dawnbringer_SB": 1896, "Welcoming Vampire_SB": 3501, "Akroan Crusader": 58, "Expedite": 1020, "Dreadhorde Invasion": 858, "Obzedat, Ghost Council": 2166, "Eat to Extinction_SB": 897, "Silver Raven": 2773, "Hollow One": 1480, "Insolent Neonate": 1564, "Ovalchase Daredevil": 2221, "Improbable Alliance_SB": 1538, "Gideon, Ally of Zendikar": 1255, "Perilous Voyage_SB": 2279, "Discontinuity_SB": 791, "Virtue of Loyalty_SB": 3415, "Cemetery Desecrator": 484, "Escape Tunnel": 997, "Insatiable Avarice_SB": 1558, "Malicious Eclipse_SB": 1916, "Rush of Dread_SB": 2595, "The Kenriths' Royal Funeral_SB": 3128, "Deploy the Gatewatch": 753, "Interplanar Beacon": 1571, "Kaya, Intangible Slayer": 1676, "Narset of the Ancient Way": 2077, "Paradise Druid": 2251, "Tamiyo, Collector of Tales": 3046, "Tamiyo, Compleated Sage": 3048, "The Eternal Wanderer": 3119, "Coordinated Assault": 615, "Fraying Sanity": 1179, "Maddening Cacophony": 1900, "Soul-Guide Lantern": 2863, "Tasha's Hideous Laughter": 3053, "Bonebind Orator": 332, "Crashing Drawbridge": 639, "Palace Siege_SB": 2246, "Assimilation Aegis": 168, "Disruption Protocol": 799, "Lantern of the Lost": 1774, "Prophetic Prism": 2363, "The Book of Exalted Deeds": 3111, "Tyrite Sanctum": 3292, "Whir of Invention": 3508, "Citizen's Crowbar_SB": 538, "Nissa, Ascended Animist": 2118, "Rankle's Prank": 2426, "Repudiate // Replicate": 2497, "Colossal Skyturtle_SB": 576, "Song of Totentanz_SB": 2852, "Outrageous Robbery_SB": 2220, "Giant Killer_SB": 1245, "Green Sun's Twilight": 1358, "Tyrranax Rex": 3293, "Invasion of Ixalan_SB": 1588, "Strict Proctor_SB": 2972, "Phyrexian Censor_SB": 2291, "Leyline of Resonance_SB": 1810, "Void Winnower_SB": 3433, "Unctus, Grand Metatect": 3316, "Annie Joins Up": 95, "Phylath, World Sculptor": 2287, "Liliana, the Last Hope": 1846, "Regal Caracal": 2477, "Wishclaw Talisman": 3530, "Altar of the Brood_SB": 72, "Attack-in-the-Box": 175, "Balemurk Leech": 208, "Broodspinner": 390, "Cackling Slasher": 418, "Cathartic Parting": 467, "Coordinated Clobbering": 616, "Flesh Burrower": 1134, "Frantic Strength": 1177, "Glimmerlight": 1279, "Grasping Longneck": 1351, "Grievous Wound": 1360, "Innocuous Rat": 1555, "Meathook Massacre II": 1958, "Overgrown Zealot": 2225, "Saw": 2625, "Slavering Branchsnapper": 2817, "Spectral Snatcher": 2880, "Spineseeker Centipede": 2897, "Strangled Cemetery": 2968, "Terramorphic Expanse": 3087, "Twitching Doll": 3290, "Wary Watchdog": 3481, "Winter, Misanthropic Guide": 3528, "Conductive Machete_SB": 598, "Fanatic of the Harrowing_SB": 1061, "Final Vengeance_SB": 1115, "Friendly Teddy_SB": 1183, "Give In to Violence_SB": 1263, "Manifest Dread_SB": 1921, "Murder_SB": 2053, "Finale of Devastation": 1116, "Tidebinder Mage_SB": 3199, "Goblin Ringleader": 1316, "Goblin Trashmaster": 1322, "Bontu's Monument": 340, "Dazzling Theater // Prop Room": 701, "Siege Veteran": 2763, "Yotian Frontliner": 3580, "Aurelia, the Law Above_SB": 180, "Elvish Clancaller": 948, "Pause for Reflection_SB": 2266, "Phyrexian Revoker_SB": 2297, "Sentinel of Lost Lore_SB": 2693, "Ferocious Werefox_SB": 1095, "Deeproot Elite": 727, "Forensic Researcher": 1154, "Forensic Researcher_SB": 1155, "Kopala, Warden of Waves_SB": 1741, "Lost in the Maze_SB": 1877, "Prophet of Kruphix_SB": 2362, "Takenuma, Abandoned Mire_SB": 3038, "Barrier Breach_SB": 230, "Tail Swipe": 3033, "Drannith Ruins": 850, "Faerie Dreamthief": 1051, "Plumecreed Escort_SB": 2323, "Sunset Revelry": 2998, "Blind Obedience_SB": 292, "Outlaws' Merriment_SB": 2218, "Rip Apart_SB": 2533, "Omen of the Sun": 2181, "Seal Away": 2660, "Collateral Damage": 562, "The Autonomous Furnace": 3108, "Bushwhack": 413, "Circle of Dreams Druid": 536, "Elvish Visionary": 951, "Deathrite Shaman_SB": 716, "Cavalier of Flame": 474, "Vraska, Betrayal's Sting_SB": 3454, "Urza's Sylex_SB": 3364, "Chandra, Acolyte of Flame": 500, "Exquisite Firecraft": 1030, "Gruul Charm": 1369, "Spiteful Hexmage": 2906, "Haunted Ridge_SB": 1420, "Basri Ket_SB": 232, "Fanatical Offering": 1063, "Doppelgang_SB": 826, "Archangel of Tithes_SB": 126, "Conclave Tribunal_SB": 597, "Shalai, Voice of Plenty_SB": 2716, "Popular Egotist": 2328, "Bag of Holding": 202, "Jace, Architect of Thought": 1616, "Teferi, Master of Time": 3063, "Eerie Ultimatum_SB": 906, "Inspired Ultimatum_SB": 1566, "Sarkhan the Masterless_SB": 2615, "Thief of Sanity_SB": 3155, "Botanical Brawler": 355, "Conclave Mentor": 596, "Kodama of the West Tree": 1731, "Ozolith, the Shattered Spire": 2239, "Wrenn's Resolve_SB": 3562, "Rabid Gnaw": 2393, "Kazandu Mammoth": 1684, "Scavenger Grounds_SB": 2634, "Fortified Village": 1162, "Nightveil Predator": 2109, "Depopulate": 754, "The Scorpion God_SB": 3140, "Painful Truths_SB": 2244, "The Cruelty of Gix_SB": 3114, "Consuming Tide_SB": 611, "Maximize Velocity_SB": 1952, "Eidolon of Blossoms": 908, "Citywide Bust_SB": 541, "Rhonas the Indomitable_SB": 2527, "Whisperwood Elemental_SB": 3510, "Blazemire Verge_SB": 282, "Hoarding Broodlord_SB": 1478, "Enduring Vitality": 976, "Kona, Rescue Beastie": 1740, "Seraphic Steed": 2699, "Survivors' Encampment": 3014, "Elesh Norn_SB": 934, "Zoyowa Lava-Tongue": 3603, "Exuberant Fuseling_SB": 1039, "Renounce the Guilds_SB": 2494, "Enduring Bondwarden": 967, "Quirion Beastcaller": 2390, "Bolas's Citadel_SB": 324, "Catacomb Sifter_SB": 464, "Popular Egotist_SB": 2329, "Prosperous Innkeeper_SB": 2365, "Woe Strider_SB": 3546, "Elvish Archivist_SB": 947, "Fblthp, the Lost": 1073, "Dispel_SB": 797, "Kitesail Larcenist_SB": 1713, "Suncleanser_SB": 2988, "Debt to the Kami": 717, "Debt to the Kami_SB": 718, "Angelfire Ignition": 86, "Tenth District Legionnaire": 3084, "Steel Seraph_SB": 2940, "Izoni, Center of the Web": 1610, "Silent Gravestone_SB": 2771, "Drag to the Roots": 834, "Castle Locthwain_SB": 459, "Edgar, Charmed Groom_SB": 902, "Gates of Istfell": 1214, "Korvold, Fae-Cursed King": 1742, "Phyrexian Vindicator_SB": 2299, "Kozilek's Return_SB": 1746, "Alchemist's Gambit": 59, "Intrepid Adversary": 1580, "Gyruda, Doom of Depths": 1382, "Case of the Gateway Express_SB": 448, "Brimaz, King of Oreskos": 378, "Collector's Cage": 568, "Kitnap": 1714, "Bloodtithe Collector": 310, "Goddric, Cloaked Reveler": 1328, "Vampires' Vengeance_SB": 3385, "Blood Crypt_SB": 299, "Voltaic Brawler": 3443, "Vengeful Possession_SB": 3401, "Ingenious Prodigy": 1551, "Glarb, Calamity's Augur_SB": 1271, "Tomik, Distinguished Advokist_SB": 3225, "Bamboo Grove Archer_SB": 212, "Mastermind's Acquisition_SB": 1948, "Season of the Burrow_SB": 2672, "Spinner of Souls": 2899, "Abyssal Harvester": 10, "Burst Lightning": 411, "Scab-Clan Berserker_SB": 2629, "Boltwave": 325, "Elenda, Saint of Dusk": 930, "Elenda, Saint of Dusk_SB": 931, "Waste Not_SB": 3483, "High Fae Trickster_SB": 1468, "Fervent Champion": 1097, "Goblin Tomb Raider": 1320, "Leyline Axe": 1802, "Kaito, Cunning Infiltrator": 1651, "Scrawling Crawler": 2651, "Varragoth, Bloodsky Sire": 3391, "Syr Ginger, the Meal Ender": 3030, "Saiba Cryptomancer_SB": 2603, "Ajani, Sleeper Agent": 53, "Nahiri, the Unforgiving_SB": 2074, "Alms of the Vein": 63, "Demand Answers": 737, "Grab the Prize": 1341, "Markov Baron": 1937, "Nullpriest of Oblivion": 2147, "Skullcrack": 2802, "Kiora, the Rising Tide": 1710, "Bulk Up": 401, "Expedition Map": 1021, "Dropkick Bomber": 875, "Searslicer Goblin": 2669, "Driven // Despair": 871, "Huskburster Swarm_SB": 1515, "Zombify": 3600, "Blooming Blast": 314, "Cemetery Gatekeeper_SB": 485, "Mission Briefing": 2009, "Dawnbringer Cleric": 692, "Trail of Crumbs_SB": 3249, "Herald of Eternal Dawn_SB": 1451, "The Witch's Vanity": 3151, "Day of Judgment": 695, "Liliana, Dreadhorde General": 1841, "Hanweir Battlements": 1398, "Scorn-Blade Berserker": 2642, "Essence Channeler": 1004, "Fountain of Renewal": 1169, "Heliod, Sun-Crowned": 1443, "Hooded Blightfang": 1486, "Indulging Patrician": 1544, "Revival // Revenge": 2524, "Scoured Barrens": 2643, "Vampire of the Dire Moon": 3383, "Tinybones, Bauble Burglar": 3203, "Deathmark_SB": 713, "Lava Axe_SB": 1778, "Flicker of Fate_SB": 1136, "Kykar, Zephyr Awakener": 1767, "Infestation Sage": 1549, "Spawn of Mayhem": 2875, "Banner of Kinship": 224, "Elvish Archdruid": 945, "Citanul Stalwart": 537, "Sylvan Messenger_SB": 3026, "Maelstrom Pulse": 1901, "Genesis Wave": 1226, "Samut, Tyrant Smasher": 2605, "Bouncer's Beatdown_SB": 357, "Joust Through_SB": 1639, "Soulstone Sanctuary": 2871, "Torment of Hailfire_SB": 3232, "Drake Hatcher_SB": 845, "Blitz of the Thunder-Raptor": 295, "Long River's Pull": 1867, "Sugar Coat_SB": 2981, "Curator of Destinies_SB": 669, "Haunted Cloak": 1417, "Swiftfoot Boots": 3020, "Flameblade Adept": 1128, "Dread Fugue": 852, "Lunarch Veteran": 1891, "Skyclave Cleric": 2807, "Dusk Legion Duelist": 887, "Make Disappear_SB": 1912, "Toxrill, the Corrosive_SB": 3246, "The Raven Man_SB": 3134, "Charming Scoundrel": 517, "Fallaji Vanguard": 1059, "Hellspur Posse Boss": 1446, "Panharmonicon": 2249, "Witty Roastmaster": 3543, "Aetherstorm Roc_SB": 40, "Anim Pakal, Thousandth Moon_SB": 94, "Chance for Glory_SB": 498, "Demonic Ruckus_SB": 747, "Expansion // Explosion": 1019, "Haughty Djinn_SB": 1416, "Phyrexian Obliterator_SB": 2295, "Brass's Tunnel-Grinder": 364, "Raise the Past": 2402, "Chained to the Rocks_SB": 493, "Kellan, Planar Trailblazer": 1692, "Maelstrom Pulse_SB": 1902, "Anguished Unmaking": 91, "Day of Judgment_SB": 696, "Niv-Mizzet, Visionary_SB": 2128, "Mystic Repeal_SB": 2064, "Reasonable Doubt_SB": 2449, "Phyrexian Arena_SB": 2289, "Tibalt's Trickery_SB": 3197, "Idol of Endurance": 1522, "Niko Aris": 2110, "Academy Loremaster": 13, "Heaped Harvest": 1431, "Thassa, God of the Sea": 3105, "Fountainport Bell": 1171, "Glint-Nest Crane": 1282, "Hammer of Purphoros": 1391, "Arboreal Grazer_SB": 118, "Shrapnel Blast_SB": 2759, "Alpha Authority_SB": 67, "Triton Tactics_SB": 3269, "Blood Baron of Vizkopa": 296, "Crystal Barricade_SB": 661, "Spring-Loaded Sawblades": 2914, "Bala Ged Recovery_SB": 205, "Tenacious Underdog_SB": 3083, "Push // Pull": 2373, "Dowsing Device": 830, "Burst Lightning_SB": 412, "Llanowar Visionary": 1861, "Skyknight Squire": 2809, "Niv-Mizzet, Supreme_SB": 2127, "Sire of Seven Deaths": 2792, "Ajani, Caller of the Pride": 52, "Burrowguard Mentor": 410, "Dryad Militant": 880, "Fleecemane Lion": 1132, "Kutzil, Malamet Exemplar": 1765, "Melira, the Living Cure": 1962, "Wilt-Leaf Liege": 3520, "Seal Away_SB": 2661, "Choked Estuary": 527, "Ego Drain": 907, "Faerie Fencing": 1052, "Obyra, Dreaming Duelist": 2165, "Shineshadow Snarl": 2744, "Sunken Hollow": 2996, "Talion, the Kindly Lord": 3042, "Talion's Messenger": 3041, "Twining Twins": 3285, "Crippling Fear_SB": 645, "Flashfreeze_SB": 1131, "Phantom Interference_SB": 2284, "Assemble the Legion_SB": 165, "Krenko, Mob Boss": 1752, "Betrayer's Bargain_SB": 255, "By Force_SB": 415, "Strangle_SB": 2967, "Game Trail": 1204, "Aspect of Hydra": 161, "Nullhide Ferox": 2145, "Steel Leaf Champion": 2938, "Garruk's Uprising_SB": 1208, "Ghalta, Primal Hunger_SB": 1233, "Indomitable Creativity_SB": 1543, "Reality Shift": 2442, "Chaplain of Alms_SB": 514, "Healer's Hawk_SB": 1430, "Heliod's Intervention": 1441, "Volatile Fault": 3434, "Herald of Eternal Dawn": 1450, "Cast Down": 451, "Desecration Demon": 758, "Mishra's Foundry": 2007, "Ultimate Price": 3305, "Unexpected Fangs": 3324, "Vadmir, New Blood": 3366, "Extract a Confession_SB": 1034, "Kitesail Freebooter_SB": 1711, "Bedlam Reveler": 247, "Frostboil Snarl": 1185, "Warlord's Fury": 3475, "Ox of Agonas_SB": 2238, "Dazzling Angel": 699, "Divine Smite": 808, "Exemplar of Light": 1016, "Firemane Avenger": 1121, "Wind-Scarred Crag": 3523, "Blazing Volley": 283, "Cinderclasm": 533, "Crash Through": 638, "Death-Rattle Oni": 710, "Dismal Backwater": 796, "Electrickery": 927, "Kessig Flamebreather": 1701, "Seismic Wave": 2683, "Stolen Vitality": 2950, "Thrill of Possibility": 3186, "Tolarian Terror": 3218, "Burn Down the House_SB": 404, "Power Word Kill_SB": 2342, "Smoldering Egg_SB": 2831, "Edgewall Inn": 903, "Edgewall Innkeeper": 904, "Lucky Clover": 1884, "Midnight Reaper": 1983, "Necroblossom Snarl": 2085, "Order of Midnight": 2198, "Smitten Swordmaster": 2830, "Massacre Girl_SB": 1942, "Gray Merchant of Asphodel": 1354, "Mephitic Draught": 1969, "Warlock Class": 3474, "Corpses of the Lost_SB": 620, "Doom Foretold_SB": 820, "Life of Toshiro Umezawa_SB": 1821, "Burn Down the House": 403, "Flame-Blessed Bolt": 1126, "Refute": 2475, "Vampires' Vengeance": 3384, "Pelakka Wurm_SB": 2276, "Boon of the Wish-Giver": 343, "Drannith Healer": 847, "Drannith Stinger": 851, "Flourishing Fox": 1144, "Frostveil Ambush": 1186, "Go for Blood": 1298, "Memory Leak": 1967, "Startling Development": 2933, "Valiant Rescuer": 3375, "Zenith Flare": 3593, "Enigma Drake": 977, "Ephara's Dispersal": 985, "Eroded Canyon": 992, "Essence Capture": 1003, "Galvanize": 1203, "Mind Spiral": 1990, "Peculiar Lighthouse": 2272, "Pit of Offerings": 2313, "Scorching Shot": 2640, "Slick Sequence": 2822, "Winged Words": 3526, "Into the Fire_SB": 1575, "Wildfire Howl_SB": 3516, "Burn Bright": 402, "Chimney Rabble": 526, "Fissure Wizard": 1125, "Goblin Arsonist": 1301, "Goblin Javelineer": 1309, "Goblin Morningstar": 1310, "Goblin Trailblazer": 1321, "Heraldic Banner": 1452, "Hulking Bugbear": 1507, "Renata, Called to the Hunt": 2489, "Return of the Wildspeaker": 2521, "Rhythm of the Wild": 2528, "Subira, Tulzidi Caravanner": 2977, "You See a Pair of Goblins": 3582, "Krenko, Mob Boss_SB": 1753, "Banishing Light": 222, "Flowerfoot Swordmaster": 1146, "Mabel, Heir to Cragflame": 1897, "Seedglaive Mentor": 2680, "Short Bow": 2755, "Whiskervale Forerunner": 3509, "Abzan Charm": 12, "Sandsteppe Citadel": 2611, "Temple of Silence": 3074, "Unyielding Gatekeeper": 3352, "Drown in Sorrow_SB": 876, "Disfigure": 794, "Gossip's Talent": 1340, "Karumonix, the Rat King": 1668, "Persistent Marshstalker": 2280, "Piper of the Swarm": 2312, "Shoreline Looter": 2754, "Tangled Colony": 3049, "Bring the Ending_SB": 381, "Pile On_SB": 2307, "Tangled Colony_SB": 3050, "No Witnesses": 2132, "Port Town": 2331, "Temple of Enlightenment": 3068, "Jace, Architect of Thought_SB": 1617, "No Witnesses_SB": 2133, "Ayara, First of Locthwain": 191, "Brain Maggot": 361, "Erebos, Bleak-Hearted": 989, "Phyrexian Arena": 2288, "Underworld Dreams": 3323, "Corrupt_SB": 621, "Whack_SB": 3506, "Cinder Glade": 532, "Enter the Unknown": 982, "Mirrorwing Dragon": 2003, "Silverfur Partisan": 2777, "Young Pyromancer": 3583, "Zada, Hedron Grinder": 3588, "Turn Inside Out_SB": 3278, "Unnatural Moonrise_SB": 3342, "Night of the Sweets' Revenge": 2106, "Savor": 2623, "Tough Cookie": 3242, "Savor_SB": 2624, "Abandoned Campground": 0, "Grand Entryway // Elegant Rotunda": 1347, "Gremlin Tamer": 1359, "Inquisitive Glimmer": 1556, "Lionheart Glimmer": 1854, "Oppressive Rays": 2192, "Builder's Talent_SB": 399, "Divine Resilience_SB": 807, "Kitnap_SB": 1715, "Paladin Class_SB": 2247, "Stay Hidden, Stay Silent_SB": 2935, "Badlands Revival": 201, "Fertile Thicket": 1096, "Festerleech": 1099, "Foul Orchard": 1165, "Golgari Guildgate": 1335, "Hedge Shredder": 1439, "Hero's Downfall": 1455, "Jungle Hollow": 1641, "Quilled Greatwurm": 2388, "Slice from the Shadows": 2821, "Frantic Strength_SB": 1178, "Stab_SB": 2923, "Vraska's Fall_SB": 3452, "Alesha, Who Laughs at Fate": 61, "Davriel, Rogue Shadowmage": 689, "Fell": 1092, "Grasp of Darkness": 1349, "Master of Cruelties": 1945, "Razorlash Transmogrant": 2437, "Razortrap Gorge": 2438, "Seize the Spoils": 2684, "Kaervek, the Spiteful_SB": 1645, "Painful Quandary_SB": 2243, "Witch's Vengeance_SB": 3533, "Eddymurk Crab": 901, "Haughty Djinn": 1415, "Stormwing Entity": 2964, "Gnarled Scarhide": 1291, "Madcap Skills": 1898, "Minotaur Skullcleaver": 1994, "Mogis's Marauder": 2015, "Rakdos Cackler": 2403, "Rakdos Shred-Freak": 2407, "Spike Jester": 2895, "Tormented Hero": 3233, "Doom Blade_SB": 818, "Ultimate Price_SB": 3306, "Consuming Aberration": 609, "Contaminated Aquifer": 614, "Didn't Say Please": 783, "Dimir Guildgate": 786, "Dreadwaters": 862, "Duskmantle Guildmage": 890, "Fell Specter": 1093, "Jhessian Thief": 1634, "Mind Carver": 1987, "Mind Drain": 1988, "Murder": 2052, "Nezumi Informant": 2099, "Orzhov Racketeers": 2202, "Painful Quandary": 2242, "Paranoid Delusions": 2253, "Pilfered Plans": 2309, "Psychic Strike": 2370, "Razzle-Dazzler": 2440, "Read the Bones": 2441, "Sleep": 2818, "The Mindskinner": 3133, "Typhoid Rats": 3291, "Wall of Frost": 3463, "Witness Protection": 3541, "Aspect of Lamprey_SB": 162, "Blood Pact_SB": 300, "Dreadwaters_SB": 863, "Frogify_SB": 1184, "Mocking Sprite_SB": 2012, "Professor's Warning_SB": 2356, "Rogue's Gloves_SB": 2559, "Sinister Possession_SB": 2787, "Solemn Simulacrum_SB": 2848, "Sphinx of Magosi_SB": 2889, "Thieving Otter_SB": 3157, "Unlikely Aid_SB": 3338, "Zombify_SB": 3601, "Coruscation Mage": 622, "Burning Hands_SB": 406, "Giant Cindermaw_SB": 1242, "Lightning Mare_SB": 1834, "Wrangle_SB": 3559, "Ancient Imperiosaur": 81, "Belligerent Yearling": 251, "Fight Rigging": 1109, "Intrepid Paleontologist": 1581, "Ixalli's Lorekeeper": 1608, "Palani's Hatcher": 2248, "Regisaur Alpha": 2480, "Restless Ridgeline": 2514, "Shifting Ceratops": 2740, "Triumphant Chomp": 3270, "Thrashing Brontodon_SB": 3182, "Triumphant Chomp_SB": 3271, "Goblin Boarders": 1303, "Goblin Heelcutter": 1307, "Goblin Negotiation": 1311, "Goblin Surprise": 1318, "Goblinslide": 1324, "Guttersnipe": 1380, "Hellraiser Goblin": 1445, "Impact Tremors": 1533, "Pyrewild Shaman": 2375, "Redcap Gutter-Dweller": 2466, "Rigging Runner": 2530, "Subterranean Scout": 2980, "Frenzied Goblin_SB": 1182, "Goblin Boarders_SB": 1304, "Goblin Surprise_SB": 1319, "Rundvelt Hordemaster_SB": 2586, "Searslicer Goblin_SB": 2670, "Siege-Gang Commander_SB": 2764, "Cruel Somnophage": 647, "Mercurial Spelldancer": 1970, "Mind Sculpt": 1989, "Ruin Crab": 2580, "Syr Konrad, the Grim": 3032, "Bitter Chill_SB": 266, "Chart a Course_SB": 521, "Sphinx's Tutelage_SB": 2894, "Terisian Mindbreaker_SB": 3086, "Armored Kincaller": 145, "Burning Sun Cavalry": 407, "Captivating Cave": 435, "Cavern Stomper": 478, "Colossadactyl": 572, "Dinotomaton": 788, "Disturbed Slumber": 803, "Earthshaker Dreadmaw": 895, "Hidden Nursery": 1462, "Nurturing Bristleback": 2148, "Over the Edge": 2222, "Panicked Altisaur": 2250, "Pathfinding Axejaw": 2264, "Poison Dart Frog": 2324, "Promising Vein": 2361, "Rampaging Ceratops": 2420, "Rumbling Rockslide": 2583, "Scytheclaw Raptor": 2655, "Seeker of Sunlight": 2681, "Seismic Monstrosaur": 2682, "Walk with the Ancestors": 3462, "Cast Out": 452, "Reptilian Reflection": 2496, "Irencrag Pyromancer_SB": 1597, "Nahiri's Resolve": 2068, "Tinker's Tote": 3201, "Dusk Rose Reliquary_SB": 889, "Unidentified Hovership_SB": 3333, "Vindictive Flamestoker_SB": 3409, "Garruk's Harbinger": 1205, "Inscription of Abundance": 1559, "Lifecrafter's Bestiary": 1823, "Skyreaping_SB": 2811, "Falkenrath Gorger": 1057, "Foreboding Ruins": 1153, "Forerunner of Slaughter": 1156, "Olivia, Mobilized for War": 2174, "Unlicensed Disintegration": 3334, "Transgress the Mind_SB": 3253, "Briarbridge Tracker": 374, "Hard-Hitting Question": 1402, "Subterranean Schooner": 2979, "Teething Wurmlet": 3060, "Vineglimmer Snarl": 3410, "Briarbridge Tracker_SB": 375, "Hard-Hitting Question_SB": 1403, "Island_SB": 1602, "Unsummon_SB": 3347, "Rampage of the Clans": 2419, "Hangarback Walker_SB": 1395, "Earthshaker Khenra": 896, "Mirran Banesplitter": 1996, "Azorius Guildgate": 196, "Boros Guildgate": 350, "Gate Colossus": 1211, "Gatebreaker Ram": 1212, "Gates Ablaze": 1213, "Gateway Plaza": 1215, "Glaive of the Guildpact": 1269, "Gruul Guildgate": 1371, "Guild Summit": 1378, "Hour of Promise": 1503, "Izzet Guildgate": 1612, "Maze's End": 1955, "Open the Gates": 2190, "Plaza of Harmony": 2320, "Rakdos Guildgate": 2405, "Selesnya Guildgate": 2686, "Simic Guildgate": 2782, "Thran Portal": 3179, "Archway Angel_SB": 140, "Crackling Perimeter_SB": 634, "Strategic Planning": 2969, "Wandering Fumarole": 3465, "Frantic Firebolt_SB": 1175, "Saw It Coming": 2626, "Thirst for Discovery": 3163, "Primal Might": 2349, "Experiment One_SB": 1024, "Toxin Analysis_SB": 3245, "Smoldering Marsh": 2832, "Banehound": 217, "Curator of Mysteries": 670, "Mire Triton": 1995, "Rush of Vitality_SB": 2596, "Goblin Blast-Runner": 1302, "Krenko, Baron of Tin Street": 1751, "Voltage Surge": 3441, "Sunshot Militia_SB": 3000, "Essence Scatter": 1006, "Flow of Knowledge": 1145, "Quick Study_SB": 2386, "Shifting Grift_SB": 2742, "Memorial to Folly": 1963, "Ob Nixilis Reignited_SB": 2156, "Blacklance Paragon": 271, "Brineborn Cutthroat": 380, "Reasonable Doubt": 2448, "Sea-Dasher Octopus": 2658, "Ashiok's Erasure_SB": 152, "Spectral Adversary_SB": 2878, "Arcane Infusion": 119, "Aetherize_SB": 36, "Into the Roil_SB": 1578, "Volcanic Spite_SB": 3436, "Flame-Blessed Bolt_SB": 1127, "Ral, Izzet Viceroy_SB": 2413, "You See a Guard Approach_SB": 3581, "Aether Hub": 33, "Attune with Aether": 176, "Gather the Pack": 1218, "Lotleth Troll": 1878, "Cragplate Baloth_SB": 637, "Sporeweb Weaver_SB": 2912, "Beastie Beatdown": 243, "Return to Nature_SB": 2523, "Karametra's Blessing": 1660, "Agent of the Fates_SB": 49, "Eriette of the Charmed Apple_SB": 990, "Pacifism_SB": 2240, "Evolving Wilds": 1014, "Good-Fortune Unicorn": 1338, "Mossborn Hydra": 2040, "Ochre Jelly": 2167, "Sylvan Scavenging": 3028, "Wildwood Scourge": 3518, "Gaea's Gift_SB": 1197, "Gnarlid Colony_SB": 1292, "Inscription of Abundance_SB": 1560, "Trash the Town_SB": 3255, "Bristling Hydra": 385, "Electrostatic Pummeler": 928, "Fling": 1137, "Ghor-Clan Rampager": 1236, "Harnessed Lightning": 1409, "Servant of the Conduit": 2702, "Axebane Ferox_SB": 189, "Deathgorge Scavenger_SB": 712, "Gruul Spellbreaker_SB": 1372, "Insult // Injury_SB": 1570, "Legion Angel": 1791, "Legion Angel_SB": 1792, "Gideon's Triumph_SB": 1254, "Deeproot Champion": 726, "Quirion Dryad": 2391, "Hopeful Vigil": 1492, "Sigil of the Empty Throne": 2767, "Spirit-Sister's Call": 2904, "Banishing Light_SB": 223, "Cast Out_SB": 453, "Dreadhorde Invasion_SB": 859, "Trespasser's Curse_SB": 3263, "Arashin Foremost": 114, "Blood-Chin Rager": 302, "Chief of the Edge": 523, "Gutterbones": 1379, "Mardu Strike Leader": 1933, "Mardu Woe-Reaper": 1934, "Rally the Ranks": 2416, "Secure the Wastes": 2676, "Usher of the Fallen": 3365, "Think Twice": 3160, "Sphinx's Revelation_SB": 2892, "Angel of Invention": 83, "Combat Celebrant": 579, "God-Pharaoh's Gift": 1326, "Refurbish": 2474, "Arashin Cleric_SB": 113, "Spinner of Souls_SB": 2900, "Seal from Existence": 2662, "Ghostly Dancers_SB": 1240, "Seal from Existence_SB": 2663, "Outrageous Robbery": 2219, "Connive // Concoct_SB": 601, "Boltwave_SB": 326, "Fatal Grudge": 1066, "Valley Floodcaller_SB": 3379, "Valorous Stance_SB": 3382, "Pillage the Bog_SB": 2311, "Aether Channeler": 29, "Fiery Annihilation_SB": 1105, "Reckless Stormseeker_SB": 2458, "Arahbo, the First Fang": 112, "Felidar Cub": 1090, "Feline Sovereign": 1091, "Sacred Cat": 2598, "Savannah Lions": 2622, "Archfiend of Depravity": 130, "Archfiend of Depravity_SB": 131, "Loot, Exuberant Explorer": 1868, "Quicken": 2387, "Banish into Fable": 220, "Furnace Punisher": 1191, "Invasive Surgery_SB": 1591, "Thousand-Year Storm": 3177, "Cathartic Pyre_SB": 469, "Tamiyo, Collector of Tales_SB": 3047, "Anthem of Champions_SB": 103, "Fear of Abduction": 1074, "Overwhelming Remorse_SB": 2236, "Return the Favor_SB": 2522, "Dennick, Pious Apprentice_SB": 751, "Sire of Seven Deaths_SB": 2793, "Dissection Tools": 800, "Dollmaker's Shop && Porcelain Gallery": 813, "Kami of Transience": 1658, "Surgical Suite && Hospital Room_SB": 3011, "Regal Bunnicorn": 2476, "Ashiok, Wicked Manipulator": 159, "Case of the Uneaten Feast": 450, "Trelasarra, Moon Dancer": 3262, "Floriferous Vinewall": 1143, "Urborg Lhurgoyf": 3357, "Aether Channeler_SB": 30, "Zephyr Sentinel_SB": 3594, "Kambal, Consul of Allocation": 1655, "Tectonic Hazard_SB": 3059, "Harmonious Archon": 1407, "Sandstorm Salvager": 2612, "Surrak Dragonclaw": 3012, "Frantic Scapegoat": 1176, "Ritual of Soot": 2543, "Inscription of Ruin": 1561, "Callous Sell-Sword_SB": 428, "Breeding Pool_SB": 373, "Woodland Bellower": 3549, "Inspiring Veteran": 1569, "Knight of Dusk's Shadow": 1721, "Tournament Grounds": 3243, "Venerable Knight": 3397, "Worthy Knight": 3558, "Filter Out": 1112, "Chance for Glory": 497, "Teferi, Who Slows the Sunset": 3065, "Bag of Holding_SB": 203, "Lifebane Zombie_SB": 1822, "Light Up the Stage_SB": 1825, "God-Pharaoh's Statue_SB": 1327, "Smuggler's Surprise_SB": 2835, "Cindervines": 534, "Fetid Pools": 1100, "Silvergill Adept": 2779, "Triton Shorestalker": 3267, "The Flame of Keld": 3122, "Dreadbore": 854, "Omen of the Forge": 2178, "The Kami War": 3127, "Isareth the Awakener": 1600, "Legion Extruder_SB": 1794, "This Town Ain't Big Enough": 3165, "Remorseful Cleric": 2487, "Bilious Skulldweller": 260, "Fynn, the Fangbearer": 1195, "Heroic Intervention": 1456, "Wasteland Viper": 3485, "Infectious Bite_SB": 1546, "Unauthorized Exit_SB": 3313, "Nahiri's Warcrafting_SB": 2069, "Akal Pakal, First Among Equals": 57, "Simic Manipulator": 2783, "Timestream Navigator": 3200, "Azure Beastbinder_SB": 198, "Mockingbird_SB": 2014, "Simic Manipulator_SB": 2784, "Trygon Predator_SB": 3275, "Kogla, the Titan Ape": 1734, "Cavalier of Thorns_SB": 476, "Ulvenwald Oddity_SB": 3308, "Sylvan Awakening": 3024, "The Mightstone and Weakstone_SB": 3132, "Kogla and Yidaro_SB": 1733, "Trumpeting Carnosaur_SB": 3274, "Dusk // Dawn_SB": 886, "Last Breath_SB": 1776, "Thunderherd Migration": 3192, "Boros Elite": 349, "Mobilized District": 2011, "Spellbook Vendor": 2886, "Sungold Sentinel": 2993, "Banisher Priest_SB": 221, "Bounty Agent_SB": 359, "Rally the Ranks_SB": 2417, "Wicked Wolf_SB": 3513, "Renegade Tactics": 2493, "Fear of Isolation": 1077, "Wayward Guide-Beast": 3490, "Siphon Insight_SB": 2790, "Glorious Protector_SB": 1289, "Niambi, Esteemed Speaker_SB": 2100, "The Wandering Rescuer_SB": 3150, "Syr Ginger, the Meal Ender_SB": 3031, "Augur of Bolas": 179, "Essence Flux": 1005, "Apostle of Purifying Light": 105, "Thran Power Suit": 3180, "Treacherous Blessing_SB": 3258, "Necrotic Wound": 2088, "Necrotic Wound_SB": 2089, "Souls of the Lost_SB": 2870, "Kappa Tech-Wrecker": 1659, "Eldrazi Displacer_SB": 923, "Fleeting Spirit": 1133, "Lore Drakkis": 1874, "Open the Omenpaths": 2191, "Vadrok, Apex of Thunder": 3367, "Crucible of Worlds": 646, "Cult Conscript": 665, "Mukotai Ambusher_SB": 2051, "Cleansing Wildfire_SB": 549, "Vanish into Eternity_SB": 3386, "Tribute to Horobi": 3265, "Vengeful Possession": 3400, "Hidetsugu's Second Rite_SB": 1467, "Nurturing Pixie": 2149, "Preacher of the Schism_SB": 2345, "Pia Nalaar, Consul of Revival": 2300, "Showdown of the Skalds": 2756, "Bassara Tower Archer": 234, "Cloudsteel Kirin": 559, "Lizard Blades": 1858, "Bomat Courier_SB": 328, "Lamplight Phoenix_SB": 1771, "Pawpatch Recruit_SB": 2270, "Sentinel of the Nameless City_SB": 2695, "Ayara's Oathsworn": 190, "Sharp-Eyed Rookie": 2726, "Council of the Absolute_SB": 625, "Adventurous Impulse": 26, "Arcane Proxy": 120, "Chrome Host Seedshark": 530, "See the Truth": 2678, "Ambitious Farmhand": 73, "Helpful Hunter": 1447, "Thalia's Lancers": 3097, "Wilt-Leaf Liege_SB": 3521, "Augur of Autumn_SB": 178, "Lavabrink Venturer_SB": 1779, "Fanatic of Mogis": 1060, "Solphim, Mayhem Dominus": 2851, "Thalia and The Gitrog Monster": 3096, "Dreadbore_SB": 855, "Shatterskull Smashing_SB": 2730, "Prosperous Thief_SB": 2367, "Barkhide Troll": 229, "Gather Courage": 1216, "Tribute to the World Tree": 3266, "Setessan Tactics_SB": 2705, "Bloodthirsty Conqueror": 309, "Dina, Soul Steeper": 787, "Dryad of the Ilysian Grove": 881, "Jaddi Offshoot": 1626, "Retreat to Hagra": 2520, "Bristly Bill, Spine Sower_SB": 387, "Undergrowth Champion_SB": 3322, "Bladehold War-Whip": 277, "Nahiri, Forged in Fury": 2070, "Celestial Armor": 483, "Etali, Primal Conqueror": 1008, "Massacre Wurm": 1943, "Perilous Snare": 2278, "Repurposing Bay_SB": 2499, "Patchwork Automaton": 2259, "Momentum Breaker_SB": 2022, "Crater's Claws": 640, "Zurgo Bellstriker_SB": 3607, "Greasewrench Goblin": 1356, "Moonshaker Cavalry_SB": 2033, "Hare Apparent": 1405, "Mendicant Core, Guidelight": 1968, "Voyager Glidecar": 3448, "Grim Bauble": 1361, "Momentum Breaker": 2021, "Oildeep Gearhulk_SB": 2169, "Count on Luck_SB": 626, "Valor's Flagship": 3381, "Monument to Endurance_SB": 2029, "Shacklegeist_SB": 2709, "Chaplain of Alms": 513, "Sab-Sunen, Luxa Embodied": 2597, "Liliana, Heretical Healer_SB": 1844, "Merfolk Secretkeeper": 1971, "Brightglass Gearhulk": 377, "Dredger's Insight": 870, "Coalstoke Gearhulk": 560, "Grim Bauble_SB": 1362, "Memory Guardian": 1966, "Djeru's Renunciation": 810, "Marauding Mako": 1924, "Monument to Endurance": 2028, "Sunbillow Verge": 2987, "Ketramose, the New Dawn_SB": 1703, "Mukotai Ambusher": 2050, "Bloodghast": 305, "Molt Tender": 2018, "Driven // Despair_SB": 872, "Ashiok, Wicked Manipulator_SB": 160, "Basri, Tomorrow's Champion": 233, "The Speed Demon": 3142, "Intimidation Tactics_SB": 1574, "Oildeep Gearhulk": 2168, "Optimistic Scavenger_SB": 2195, "Roxanne, Starfall Savant_SB": 2574, "Ketramose, the New Dawn": 1702, "Scrabbling Claws": 2645, "Willowrush Verge": 3519, "Radha, Heart of Keld": 2394, "Redshift, Rocketeer Chief": 2470, "Bleachbone Verge": 284, "Detention Chariot": 769, "Tune Up": 3276, "Kaya the Inexorable_SB": 1672, "Thundering Broodwagon": 3193, "Fearless Swashbuckler": 1079, "Gastal Thrillroller": 1210, "Ashiok, Nightmare Weaver": 157, "Jace's Defeat_SB": 1615, "Hazoret, Godseeker": 1428, "Mindlink Mech_SB": 1991, "Wastewood Verge": 3487, "Avishkar Raceway": 187, "Fuel the Flames_SB": 1189, "Skycrash_SB": 2808, "Murderous Cut": 2054, "Anguished Unmaking_SB": 92, "Drownyard Temple": 879, "Quag Feast": 2378, "Boommobile": 341, "Hedron Archive": 1440, "Paradox Engine": 2252, "Portal of Sanctuary": 2335, "Repurposing Bay": 2498, "Terrarion": 3088, "The Mightstone and Weakstone": 3131, "Thran Spider": 3181, "Workshop Assistant": 3551, "Liberator, Urza's Battlethopter_SB": 1816, "Shrapnel Slinger_SB": 2760, "Benthic Biomancer": 253, "Mindspring Merfolk": 1992, "Eaten Alive_SB": 898, "Biting-Palm Ninja_SB": 265, "Kazuul's Toll Collector": 1686, "Immersturm Raider": 1529, "The Speed Demon_SB": 3143, "Burnout Bashtronaut": 409, "Draconautics Engineer": 831, "Howlsquad Heavy": 1504, "Volley Veteran_SB": 3440, "Harrier Strix": 1410, "Hypnotic Grifter": 1517, "Training Grounds": 3250, "Basilisk Collar_SB": 231, "Swiftfoot Boots_SB": 3021, "Stock Up": 2946, "Riverpyre Verge": 2546, "Concealing Curtains": 595, "Riptide Gearhulk_SB": 2537, "Blade Historian": 274, "Pyre of Heroes": 2374, "Night Clubber_SB": 2105, "Aegis Turtle_SB": 27, "Ride's End": 2529, "Crumble to Dust": 652, "Encroaching Wastes": 965, "Gnottvold Slumbermound": 1295, "Haphazard Bombardment": 1399, "Jaya's Greeting": 1629, "Ravager Wurm": 2431, "Rowan, Scholar of Sparks": 2572, "Rubble Reading": 2577, "Sheltered Thicket": 2732, "Structural Distortion": 2974, "Sylvan Primordial": 3027, "Territory Forge": 3089, "Twin Bolt": 3281, "Herbology Instructor_SB": 1453, "Nissa's Defeat_SB": 2117, "Peak Eruption_SB": 2271, "Scrabbling Claws_SB": 2646, "Battle at the Bridge": 236, "Battle at the Bridge_SB": 237, "Borrowed Hostility": 351, "Barbed Batterfist": 226, "Webstrike Elite": 3496, "Demilich_SB": 739, "Progenitor Mimic": 2359, "Steel Seraph": 2939, "Regal Imperiosaur": 2479, "Violent Urge_SB": 3413, "Boon of Boseiju": 342, "Champion of the Perished": 496, "Cryptbreaker": 658, "Dark Salvation": 684, "Dread Wanderer": 853, "Relentless Dead": 2484, "Wayward Servant": 3491, "Zahur, Glory's Past": 3590, "Fighter Class": 1111, "Chainsaw_SB": 495, "Nettle Guard_SB": 2097, "Sword of Forge and Frontier_SB": 3023, "Expedition Map_SB": 1022, "Stock Up_SB": 2947, "Maximize Velocity": 1951, "Birgi, God of Storytelling_SB": 262, "Samut's Sprint": 2604, "Omen of the Dead_SB": 2177, "Medomai the Ageless": 1961, "Riptide Gearhulk": 2536, "Carnage Tyrant": 439, "Gather Courage_SB": 1217, "Feather, the Redeemed": 1081, "Dewdrop Cure": 778, "Healer's Hawk": 1429, "Linden, the Steadfast Queen": 1848, "Rogue's Passage": 2560, "Ruin-Lurker Bat": 2581, "Afterburner Expert": 41, "Adorned Pouncer": 24, "Keruga, the Macrosage": 1699, "Twinshot Sniper": 3286, "Satoru Umezawa": 2617, "Out of Air_SB": 2212, "Cry of the Carnarium": 655, "Calamity's Wake_SB": 420, "Spontaneous Mutation_SB": 2911, "Sunder the Gateway": 2989, "Knight of Grace": 1723, "Bladestitched Skaab": 278, "Lazotep Reaver": 1787, "Enduring Tenacity_SB": 975, "Rocketeer Boostbuggy": 2555, "Chandra, Spark Hunter_SB": 508, "Mortify": 2037, "Fuel the Flames": 1188, "Kraul Whipcracker_SB": 1748, "Riptide Chimera": 2535, "Dive Down_SB": 806, "Witchstalker_SB": 3536, "Blood Spatter Analysis": 301, "Soul-Scar Mage_SB": 2866, "Osseous Sticktwister": 2203, "Korvold, Fae-Cursed King_SB": 1743, "Dive Down": 805, "Jace Reawakened_SB": 1614, "Blessed Defiance": 287, "Fugitive Codebreaker": 1190}}