{"vocabulary": {"Archfiend of the Dross": 110, "Blackcleave Cliffs": 231, "Blazemire Verge": 241, "Blightstep Pathway": 249, "Blood Crypt": 255, "Bloodletter of Aclazotz": 263, "Duress": 788, "Fable of the Mirror-Breaker": 918, "Fatal Push": 945, "Fear of Missing Out": 956, "Haunted Ridge": 1262, "Heartless Act": 1276, "Hive of the Eye Tyrant": 1313, "Mutavault": 1821, "Sulfurous Springs": 2664, "Swamp": 2697, "Takenuma, Abandoned Mire": 2718, "Thoughtseize": 2846, "Torch the Tower": 2898, "Unholy Annex && Ritual Chamber": 2988, "Unstoppable Slasher": 3004, "Urborg, Tomb of Yawgmoth": 3019, "Abrade_SB": 4, "Anger of the Gods_SB": 71, "Damping Sphere_SB": 613, "Hidetsugu Consumes All_SB": 1303, "Invoke Despair_SB": 1417, "Ob Nixilis, the Adversary_SB": 1909, "Reckoner Bankbuster_SB": 2184, "Unlicensed Hearse_SB": 2998, "Archon of Emeria": 114, "Aven Interrupter": 155, "Boseiju, Who Endures": 304, "Branchloft Pathway": 315, "Brushland": 346, "Collected Company": 508, "Eiganjo, Seat of the Empire": 814, "Elite Spellbinder": 830, "Elvish Mystic": 842, "Enduring Innocence": 861, "Kellan, Daring Traveler": 1499, "Llanowar Elves": 1646, "Plains": 2056, "Razorverge Thicket": 2166, "Shefet Dunes": 2435, "Skyclave Apparition": 2503, "Temple Garden": 2746, "Thalia, Guardian of Thraben": 2775, "Virtue of Loyalty": 3064, "Werefox Bodyguard": 3142, "Anointed Peacekeeper_SB": 85, "Brutal Cathar_SB": 348, "Elite Spellbinder_SB": 831, "Gideon, Ally of Zendikar_SB": 1118, "Portable Hole_SB": 2073, "The Wandering Emperor_SB": 2821, "Werefox Bodyguard_SB": 3143, "Atraxa, Grand Unifier": 144, "Beza, the Bounding Spring": 218, "Bitter Reunion": 228, "Breeding Pool": 325, "Chained to the Rocks": 443, "Elesh Norn, Mother of Machines": 827, "Enigmatic Incarnation": 866, "Entity Tracker": 869, "Get Lost": 1094, "Glasspool Mimic": 1134, "High Noon": 1307, "Hushwood Verge": 1345, "Indatha Triome": 1368, "Jetmir's Garden": 1448, "Ketria Triome": 1512, "Knight of Autumn": 1526, "Kutzil's Flanker": 1566, "Leyline Binding": 1599, "Lightning Helix": 1624, "March of Otherworldly Light": 1704, "Mountain": 1808, "Nylea's Presence": 1904, "Otawara, Soaring City": 1955, "Overlord of the Boilerbilges": 1974, "Overlord of the Hauntwoods": 1977, "Portable Hole": 2072, "Raugrin Triome": 2158, "Roaring Furnace && Steaming Sauna": 2271, "Sacred Foundry": 2313, "Spara's Headquarters": 2568, "Stomping Ground": 2635, "Thornspire Verge": 2840, "Titan of Industry": 2880, "Up the Beanstalk": 3013, "Ziatora's Proving Ground": 3226, "Archon of Emeria_SB": 115, "Brotherhood's End_SB": 345, "Chandra, Awakened Inferno_SB": 453, "Dovin's Veto_SB": 743, "Get Lost_SB": 1095, "Knockout Blow_SB": 1536, "Rest in Peace_SB": 2227, "Ruric Thar, the Unbowed_SB": 2306, "Yorion, Sky Nomad_SB": 3207, "Agatha's Soul Cauldron": 37, "Bloodtithe Harvester": 268, "Fountainport": 1041, "Inti, Seneschal of the Sun": 1397, "Raucous Theater": 2157, "Sokenzan, Crucible of Defiance": 2542, "Tree of Perdition": 2927, "Voldaren Thrillseeker": 3088, "Bitter Triumph_SB": 230, "Chandra's Defeat_SB": 450, "Duress_SB": 789, "Feed the Swarm_SB": 965, "Hazoret the Fervent_SB": 1268, "Jegantha, the Wellspring_SB": 1446, "Adarkar Wastes": 17, "Adeline, Resplendent Cathar": 18, "Cavern of Souls": 429, "Coppercoat Vanguard": 554, "Dauntless Bodyguard": 620, "Declaration in Stone": 649, "Extraction Specialist": 914, "Hallowed Fountain": 1237, "Hengegate Pathway": 1289, "Hopeful Initiate": 1325, "Mockingbird": 1784, "Recruitment Officer": 2188, "Seachrome Coast": 2369, "Thalia's Lieutenant": 2774, "Veteran Survivor": 3057, "Declaration in Stone_SB": 650, "Devouring Light_SB": 698, "Wedding Announcement_SB": 3138, "Arclight Phoenix": 118, "Artist's Talent": 124, "Brazen Borrower": 320, "Consider": 541, "Fiery Impulse": 982, "Into the Flood Maw": 1400, "Island": 1423, "Lightning Axe": 1622, "Opt": 1941, "Picklock Prankster": 2046, "Proft's Eidetic Memory": 2091, "Riverglide Pathway": 2266, "Shivan Reef": 2451, "Sleight of Hand": 2517, "Spell Pierce": 2575, "Spirebluff Canal": 2594, "Steam Vents": 2623, "Stormcarved Coast": 2639, "Treasure Cruise": 2925, "Annul_SB": 81, "Beacon Bolt_SB": 204, "Brazen Borrower_SB": 321, "Fable of the Mirror-Breaker_SB": 919, "Mystical Dispute_SB": 1827, "Negate_SB": 1849, "Proft's Eidetic Memory_SB": 2092, "Temporal Trespass_SB": 2757, "Third Path Iconoclast_SB": 2835, "Anointed Peacekeeper": 84, "Emeria's Call": 850, "Luminarch Aspirant": 1674, "Restless Prairie": 2232, "Tyvar, the Pummeler": 2959, "Werewolf Pack Leader": 3144, "Kraul Harpooner_SB": 1551, "Outland Liberator_SB": 1963, "Temporary Lockdown_SB": 2759, "Vivien, Monsters' Advocate_SB": 3073, "Ancestral Anger": 63, "Callous Sell-Sword": 378, "Claim // Fame": 488, "Den of the Bugbear": 675, "Emberheart Challenger": 847, "Heartfire Hero": 1274, "Kumano Faces Kakkazan": 1562, "Monastery Swiftspear": 1794, "Monstrous Rage": 1796, "Ramunap Ruins": 2152, "Reckless Rage": 2179, "Slickshot Show-Off": 2520, "Titan's Strength": 2882, "Fatal Push_SB": 946, "Thoughtseize_SB": 2847, "Urabrask's Forge_SB": 3016, "Brutal Cathar": 347, "Sheltered by Ghosts_SB": 2438, "Cacophony Scamp": 372, "Felonious Rage": 970, "Leyline of Resonance": 1604, "Might of the Meek": 1757, "Turn Inside Out": 2942, "Claim // Fame_SB": 489, "Magebane Lizard_SB": 1689, "Reckless Rage_SB": 2180, "Rending Volley_SB": 2212, "Dromoka's Command": 778, "Dromoka's Command_SB": 779, "Voice of Resurgence": 3076, "Guardian of Faith_SB": 1224, "Anoint with Affliction": 82, "Blade of the Oni": 236, "Castle Locthwain": 407, "Field of Ruin": 977, "Go for the Throat": 1154, "Graveyard Trespasser": 1203, "Invoke Despair": 1416, "Sheoldred, the Apocalypse": 2441, "Sheoldred's Edict": 2439, "Caustic Bronco_SB": 420, "Cry of the Carnarium_SB": 592, "Cut Down_SB": 611, "Extinction Event_SB": 911, "Glistening Deluge_SB": 1141, "Kalitas, Traitor of Ghet_SB": 1467, "Liliana of the Veil_SB": 1631, "Bala Ged Recovery": 172, "Botanical Sanctum": 307, "Cathartic Pyre": 416, "Dig Through Time": 704, "Hidden Strings": 1301, "Lier, Disciple of the Drowned": 1612, "Lotus Field": 1667, "Pore Over the Pages": 2069, "Silundi Vision": 2475, "Sylvan Scrying": 2711, "Thespian's Stage": 2826, "Vizier of Tumbling Sands": 3074, "Wish": 3166, "Aetherflux Reservoir_SB": 29, "Dig Through Time_SB": 705, "Fiery Impulse_SB": 983, "Grand Abolisher_SB": 1197, "Into the Flood Maw_SB": 1401, "Lier, Disciple of the Drowned_SB": 1613, "Lotus Field_SB": 1668, "Thassa's Oracle_SB": 2780, "Thespian's Stage_SB": 2827, "Thought Distortion_SB": 2842, "Battlefield Forge": 203, "Bitter Triumph": 229, "Concealed Courtyard": 532, "Elegant Parlor": 824, "Godless Shrine": 1181, "Greasefang, Okiba Boss": 1206, "Kroxa, Titan of Death's Hunger": 1560, "Overlord of the Balemurk": 1972, "Parhelion II": 2001, "Skysovereign, Consul Flagship": 2510, "Elesh Norn, Mother of Machines_SB": 828, "Kolaghan's Command_SB": 1543, "Leyline of the Void_SB": 1610, "Vanishing Verse_SB": 3045, "Withering Torment_SB": 3176, "Molten Collapse": 1788, "Anoint with Affliction_SB": 83, "Go Blank_SB": 1152, "Cauldron Familiar": 418, "Claim the Firstborn": 490, "Deadly Dispute": 634, "Mayhem Devil": 1729, "Scavenger's Talent": 2346, "Witch's Oven": 3168, "Ygra, Eater of All": 3204, "Kroxa, Titan of Death's Hunger_SB": 1561, "Molten Collapse_SB": 1789, "Sheoldred's Edict_SB": 2440, "Dreadmaw's Ire": 765, "Infuriate": 1376, "Manifold Mouse": 1700, "Ghost Vacuum_SB": 1103, "Archdruid's Charm": 106, "Dark Petition": 615, "Emergent Ultimatum": 848, "Fae of Wishes": 927, "Forest": 1027, "Mana Confluence": 1697, "Omniscience": 1935, "Peer into the Abyss": 2018, "Soul Partition": 2555, "Strict Proctor": 2652, "Approach of the Second Sun_SB": 91, "Emergent Ultimatum_SB": 849, "Languish_SB": 1575, "Leyline of Sanctity_SB": 1607, "Narset's Reversal_SB": 1836, "Realm-Cloaked Giant_SB": 2171, "Silence_SB": 2472, "Soul Partition_SB": 2556, "Arabella, Abandoned Doll": 93, "Gleeful Demolition": 1136, "Imodane's Recruiter": 1358, "Inspiring Vantage": 1393, "Knight-Errant of Eos": 1533, "Needleverge Pathway": 1847, "Novice Inspector": 1891, "Resolute Reinforcements": 2222, "Thraben Inspector": 2851, "Venerated Loxodon": 3053, "Voldaren Epicure": 3087, "Warden of the Inner Sky": 3117, "Deafening Silence_SB": 637, "Invasion of Gobakhan_SB": 1408, "Reidane, God of the Worthy_SB": 2204, "Torch the Tower_SB": 2899, "Flicker of Fate": 1005, "Floodfarm Verge": 1009, "Gloomlake Verge": 1142, "Nowhere to Run": 1892, "Overgrown Tomb": 1970, "Overlord of the Floodpits": 1976, "Overlord of the Mistmoors": 1978, "Watery Grave": 3129, "Zagoth Triome": 3218, "Zur, Eternal Schemer": 3233, "High Noon_SB": 1308, "Reckoner Bankbuster": 2183, "Ashiok, Dream Render_SB": 130, "Blot Out_SB": 274, "The Meathook Massacre_SB": 2804, "Brave the Elements": 318, "Castle Ardenvale": 404, "Kytheon, Hero of Akros": 1571, "Sheltered by Ghosts": 2437, "Containment Priest_SB": 550, "Yorion, Sky Nomad": 3206, "Sunfall_SB": 2674, "Curious Obsession": 607, "Geistlight Snare": 1089, "Mausoleum Wanderer": 1726, "Rattlechains": 2156, "Shacklegeist": 2416, "Slip Out the Back": 2522, "Spectral Sailor": 2573, "Spell Queller": 2577, "Supreme Phantom": 2686, "Aether Gust_SB": 26, "Grafdigger's Cage_SB": 1195, "Settle the Wreckage_SB": 2415, "Skyclave Apparition_SB": 2504, "Clearwater Pathway": 496, "Darkslick Shores": 618, "Enduring Curiosity": 859, "Faerie Miscreant": 932, "Floodpits Drowner": 1010, "Kaito Shizuki": 1460, "Kaito, Bane of Nightmares": 1462, "Moon-Circuit Hacker": 1800, "Spyglass Siren": 2609, "Underground River": 2982, "Disdainful Stroke_SB": 712, "Spell Pierce_SB": 2576, "Dreadhorde Arcanist": 761, "Claim the Firstborn_SB": 491, "Pyroclasm_SB": 2109, "Access Tunnel": 11, "Shakedown Heavy": 2422, "Path of Peril_SB": 2008, "Furnace Reins_SB": 1064, "Acererak the Archlich": 12, "Blooming Marsh": 270, "Gwenna, Eyes of Gaea": 1230, "Honest Rutstein": 1320, "Kinnan, Bonder Prodigy": 1514, "Plaza of Heroes": 2061, "Relic of Legends": 2207, "Rona, Herald of Invasion": 2284, "Tranquil Frillback": 2915, "Assassin's Trophy_SB": 139, "Back to Nature_SB": 168, "Tranquil Frillback_SB": 2916, "Arboreal Grazer": 98, "Arid Archway": 119, "Barkchannel Pathway": 193, "Blue Sun's Twilight": 275, "Clifftop Lookout": 499, "Conduit Pylons": 537, "Dreamdew Entrancer": 771, "Dreamroot Cascade": 772, "Fading Hope": 925, "Fecund Greenshell": 960, "Insidious Fungus": 1388, "Ipnu Rivulet": 1418, "Kellan, Inquisitive Prodigy": 1500, "Lair of the Hydra": 1572, "Negate": 1848, "Outcaster Greenblade": 1960, "Pawpatch Formation": 2012, "Restless Vinestalk": 2237, "Scavenger Grounds": 2343, "Spelunking": 2580, "Spinewoods Armadillo": 2590, "The Stone Brain_SB": 2819, "Welcoming Vampire": 3140, "Parting Gust_SB": 2003, "Haywire Mite": 1265, "Haywire Mite_SB": 1266, "Pawpatch Formation_SB": 2013, "Abhorrent Oculus": 1, "Fallaji Archaeologist": 935, "Neoform": 1850, "No One Left Behind": 1883, "Thundertrap Trainer": 2867, "Undercity Sewers": 2980, "Abrupt Decay_SB": 6, "Glissa Sunslayer_SB": 1140, "Pick Your Poison_SB": 2045, "Sheoldred, the Apocalypse_SB": 2442, "Unholy Annex && Ritual Chamber_SB": 2989, "Ascendant Spirit": 125, "Cryptic Coat": 595, "Faceless Haven": 922, "Snow-Covered Island": 2537, "Cryptic Coat_SB": 596, "Faceless Haven_SB": 923, "Fading Hope_SB": 926, "Lofty Denial_SB": 1650, "Unable to Scream_SB": 2972, "Cache Grab": 370, "Darkbore Pathway": 617, "Gilded Goose": 1121, "Llanowar Wastes": 1648, "Trail of Crumbs": 2912, "Vinereap Mentor": 3061, "Tear Asunder_SB": 2738, "Soul-Scar Mage": 2561, "March of Wretched Sorrow_SB": 1709, "Misery's Shadow_SB": 1776, "Mountain_SB": 1809, "Aloe Alchemist": 53, "Atarka's Command": 142, "Burning-Tree Emissary": 361, "Copperline Gorge": 555, "Cragcrown Pathway": 572, "Cunning Coyote": 602, "Karplusan Forest": 1477, "Play with Fire": 2058, "Reckless Bushwhacker": 2176, "Zurgo Bellstriker": 3235, "Destructive Revelry_SB": 694, "Pithing Needle_SB": 2055, "Redcap Melee_SB": 2191, "Royal Treatment_SB": 2293, "Shapers' Sanctuary_SB": 2426, "Demolition Field": 667, "Deserted Beach": 686, "Dovin's Veto": 742, "Farewell": 942, "Hall of Storm Giants": 1236, "Memory Deluge": 1738, "No More Lies": 1881, "Omen of the Sea": 1930, "Restless Anchorage": 2228, "Settle the Wreckage": 2414, "Shark Typhoon": 2429, "Supreme Verdict": 2687, "Teferi, Hero of Dominaria": 2742, "Temporary Lockdown": 2758, "The Wandering Emperor": 2820, "Three Steps Ahead": 2856, "Beza, the Bounding Spring_SB": 219, "Farewell_SB": 943, "Hullbreaker Horror_SB": 1341, "Trostani, Three Whispers": 2937, "Kutzil's Flanker_SB": 1567, "Loran of the Third Path_SB": 1657, "Reclamation Sage_SB": 2186, "Galvanic Iteration": 1070, "Temporal Trespass": 2756, "Narset, Parter of Veils_SB": 1839, "Colossal Skyturtle": 518, "Fog": 1017, "Hedge Maze": 1278, "Impulse": 1366, "Joint Exploration": 1452, "Realm-Cloaked Giant": 2170, "Sweltering Suns": 2700, "Temple of Mystery": 2752, "Dragonlord Dromoka_SB": 751, "Fog_SB": 1018, "Necromentia_SB": 1844, "Bonecrusher Giant": 287, "Experimental Synthesizer": 907, "Hired Claw": 1311, "Screaming Nemesis": 2364, "Case of the Crimson Pulse_SB": 395, "Obosh, the Preypiercer_SB": 1913, "Rampaging Ferocidon_SB": 2150, "Unchained Berserker_SB": 2975, "Dream Trawler": 769, "Heliod, the Radiant Dawn": 1284, "Sanctuary Warden": 2322, "Nimble Larcenist_SB": 1866, "Drowned Catacomb": 783, "Faerie Mastermind": 930, "Metamorphic Alteration": 1750, "Cling to Dust_SB": 502, "Dokuchi Silencer_SB": 729, "Notion Thief_SB": 1890, "Zareth San, the Trickster_SB": 3221, "Doppelgang": 740, "Lush Oasis": 1677, "Annihilating Glare": 79, "Vanishing Verse": 3044, "Charred Foyer && Warped Space_SB": 467, "Dreadmaw's Ire_SB": 766, "Obliterating Bolt_SB": 1911, "Beanstalk Giant": 205, "Clever Impersonator": 497, "Fabled Passage": 920, "Greater Tanuki": 1208, "Lush Portico": 1678, "Quintorius Kand": 2122, "Raffine's Tower": 2129, "Spark Double": 2569, "Trumpeting Carnosaur": 2938, "Virtue of Persistence": 3066, "Bedeck // Bedazzle_SB": 208, "Consign // Oblivion_SB": 543, "Gyruda, Doom of Depths_SB": 1232, "Keruga, the Macrosage_SB": 1508, "Roaring Furnace && Steaming Sauna_SB": 2272, "Invasion of Gobakhan": 1407, "Wedding Announcement": 3137, "Enduring Innocence_SB": 862, "Split Up_SB": 2601, "Three Steps Ahead_SB": 2857, "Knight of Autumn_SB": 1527, "Unlucky Witness": 3000, "Elspeth's Smite_SB": 835, "Ashen Rider_SB": 127, "Carnage Tyrant_SB": 390, "Cavern of Souls_SB": 430, "Linvala, the Preserver_SB": 1639, "Nezahal, Primal Tide_SB": 1852, "Forge Devil_SB": 1029, "Esika's Chariot": 882, "Lovestruck Beast": 1669, "Reckless Stormseeker": 2181, "Sentinel of the Nameless City": 2404, "Smuggler's Copter": 2530, "The Akroan War": 2782, "The Huntsman's Redemption": 2799, "Klothys, God of Destiny_SB": 1525, "Sprite Dragon": 2608, "Lightning Axe_SB": 1623, "Annul": 80, "Ledger Shredder": 1589, "Cavalier of Thorns": 425, "Invasion of Ixalan": 1409, "Kiora, Behemoth Beckoner": 1516, "Leyline of the Guildpact": 1608, "Nykthos, Shrine to Nyx": 1902, "Old-Growth Troll": 1924, "Outcaster Trailblazer": 1961, "Polukranos Reborn": 2065, "Storm the Festival": 2638, "Ulvenwald Oddity": 2968, "Cityscape Leveler_SB": 486, "Emrakul, the Promised End_SB": 853, "Scrapshooter_SB": 2361, "Setessan Petitioner_SB": 2412, "Voracious Hydra_SB": 3095, "Deduce": 651, "Irrigated Farmland": 1421, "Lay Down Arms": 1584, "Meticulous Archive": 1752, "Narset, Parter of Veils": 1838, "Prairie Stream": 2080, "Kaheera, the Orphanguard_SB": 1459, "Teferi, Hero of Dominaria_SB": 2743, "Ghitu Lavarunner": 1100, "Light Up the Stage": 1618, "Skewer the Critics": 2495, "Spikefield Hazard": 2588, "Wizard's Lightning": 3180, "End the Festivities_SB": 856, "Goblin Chainwhirler_SB": 1161, "Kari Zev's Expertise_SB": 1474, "Razorkin Needlehead_SB": 2163, "Roiling Vortex_SB": 2282, "Sunspine Lynx_SB": 2685, "Witchstalker Frenzy_SB": 3171, "Soul-Guide Lantern_SB": 2560, "Bring to Light": 335, "Deafening Clarion": 635, "Hostage Taker": 1331, "Kolaghan's Command": 1542, "Krenko's Buzzcrusher": 1553, "Niv-Mizzet Reborn": 1875, "Niv-Mizzet, Supreme": 1878, "Omnath, Locus of Creation": 1933, "Pillage the Bog": 2051, "Savai Triome": 2333, "Sunfall": 2673, "Sylvan Caryatid": 2707, "Unmoored Ego": 3001, "Valki, God of Lies": 3034, "Casualties of War_SB": 410, "Culling Ritual_SB": 600, "Kambal, Consul of Allocation_SB": 1469, "Highway Robbery": 1309, "Banefire_SB": 181, "Prismari Command_SB": 2087, "Obliterating Bolt": 1910, "Phyrexian Dragon Engine": 2037, "Cindervines_SB": 481, "The Akroan War_SB": 2783, "Blossoming Defense": 271, "Collision // Colossus": 515, "Collision // Colossus_SB": 516, "Caves of Koilos": 431, "Mazemind Tome": 1731, "Shattered Sanctum": 2432, "Fracture_SB": 1044, "Ritual of Soot_SB": 2265, "Questing Druid": 2116, "Snakeskin Veil": 2533, "Agatha's Soul Cauldron_SB": 38, "Callous Bloodmage": 377, "Linvala, the Preserver": 1638, "Case of the Gateway Express": 397, "Censor": 441, "Search for Azcanta": 2374, "Shark Typhoon_SB": 2430, "Hallowed Moonlight": 1238, "Jwari Disruption": 1456, "Rewind": 2245, "Chrome Host Seedshark_SB": 477, "Dust Animus_SB": 795, "Untimely Malfunction_SB": 3010, "Selfless Spirit_SB": 2402, "Azor, the Lawbringer": 162, "Bonny Pall, Clearcutter": 290, "Glarb, Calamity's Augur": 1130, "Kroxa and Kunoros": 1559, "Overgrown Farmland": 1969, "Shipwreck Marsh": 2449, "Agent of Treachery_SB": 40, "Aven Mindcensor_SB": 157, "Demon of Dark Schemes_SB": 668, "Noxious Gearhulk_SB": 1895, "Battle Cry Goblin": 200, "Call of the Death-Dweller": 376, "Conspicuous Snoop": 544, "Goblin Chainwhirler": 1160, "Rundvelt Hordemaster": 2300, "Skirk Prospector": 2496, "Go for the Throat_SB": 1155, "Reckless Bushwhacker_SB": 2177, "Blast Zone": 239, "Blind Obedience": 250, "Caretaker's Talent": 387, "Carrot Cake": 391, "Collector's Vault": 514, "Elspeth, Sun's Champion": 837, "Sunken Citadel": 2676, "Authority of the Consuls_SB": 154, "Heliod's Intervention_SB": 1282, "Boros Charm": 298, "Lightning Strike": 1627, "Exquisite Firecraft_SB": 909, "Scorching Shot_SB": 2353, "Searing Blood_SB": 2376, "Wear // Tear_SB": 3132, "Bishop of Wings": 224, "Giada, Font of Hope": 1106, "Inspiring Overseer": 1392, "Kayla's Reconstruction": 1492, "Resplendent Angel": 2224, "Righteous Valkyrie": 2252, "Spirit of the Labyrinth_SB": 2595, "Unholy Annex // Ritual Chamber": 2990, "Change the Equation": 461, "Cling to Dust": 501, "Deadly Cover-Up": 632, "Drown in the Loch": 782, "Restless Reef": 2233, "Torrential Gearhulk": 2905, "Tormod's Crypt_SB": 2903, "Twinferno_SB": 2947, "Young Pyromancer_SB": 3213, "Caustic Bronco": 419, "Deathcap Glade": 639, "Glissa Sunslayer": 1139, "Innkeeper's Talent": 1379, "Liliana of the Veil": 1630, "Mosswood Dreadknight": 1806, "Murderous Rider": 1819, "Path of Peril": 2007, "Preacher of the Schism": 2081, "Restless Cottage": 2230, "Sorin the Mirthless": 2551, "Underground Mortuary": 2981, "Vraska, Betrayal's Sting": 3101, "Demonic Counsel": 670, "Gifted Aetherborn": 1119, "March of Wretched Sorrow": 1708, "Scourge of the Skyclaves": 2356, "Gifted Aetherborn_SB": 1120, "Case of the Stashed Skeleton": 399, "Hidetsugu Consumes All": 1302, "Ob Nixilis, the Adversary": 1908, "Transmogrify": 2918, "Elder Gargaroth_SB": 817, "Prowling Serpopard_SB": 2102, "Ornithopter": 1948, "Aclazotz, Deepest Betrayal_SB": 14, "Case of the Filched Falcon": 396, "Darksteel Citadel": 619, "Ensoul Artifact": 867, "Legion Extruder": 1593, "Shadowspear": 2419, "Shrapnel Blast": 2462, "Voltage Surge_SB": 3092, "Abhorrent Oculus_SB": 2, "Crackling Drake_SB": 570, "Chandra, Dressed to Kill": 454, "Eidolon of the Great Revel": 812, "Magebane Lizard": 1688, "Rampaging Ferocidon": 2149, "Razorkin Needlehead": 2162, "Torbran, Thane of Red Fell": 2897, "Leyline of Combustion_SB": 1602, "Quick Study": 2118, "Leyline of Combustion": 1601, "Ojer Axonil, Deepest Might": 1922, "Castle Vantress": 409, "Day's Undoing": 627, "Geier Reach Sanitarium": 1088, "Split Up": 2600, "Test of Talents_SB": 2771, "Faerie Mastermind_SB": 931, "Abrupt Decay": 5, "Jace, Vryn's Prodigy": 1437, "Mox Amber": 1810, "Retraction Helix": 2238, "Tyvar, Jubilant Brawler": 2958, "Heartless Act_SB": 1277, "Jace, Wielder of Mysteries_SB": 1439, "Retraction Helix_SB": 2239, "Commune with Dinosaurs": 530, "Ghalta, Primal Hunger": 1098, "Hulking Raptor": 1339, "Itzquinth, Firstborn of Gishath": 1427, "Marauding Raptor": 1703, "Otepec Huntmaster": 1957, "Pugnacious Hammerskull": 2104, "Rampaging Raptor": 2151, "Ripjaw Raptor": 2255, "Rockfall Vale": 2279, "Rockface Village": 2277, "Infernal Grasp_SB": 1374, "Unholy Annex // Ritual Chamber_SB": 2991, "Calamity, Galloping Inferno": 374, "Clifftop Retreat": 500, "Glacial Fortress": 1127, "Indomitable Creativity": 1369, "Mirrex": 1770, "Prismari Command": 2086, "Sulfur Falls": 2663, "Valakut Awakening": 3027, "Vaultborn Tyrant": 3049, "Volcanic Spite": 3085, "Portal to Phyrexia_SB": 2076, "Supreme Verdict_SB": 2688, "Valgavoth, Terror Eater_SB": 3032, "Castle Garenbrig": 406, "Defiler of Vigor": 660, "Garruk, Unleashed": 1078, "Garruk's Uprising": 1076, "Gemrazer": 1090, "Hardened Scales": 1249, "Ornery Tumblewagg": 1947, "Questing Beast": 2114, "Railway Brawler": 2131, "Ranger Class": 2153, "The Great Henge": 2797, "The Skullspore Nexus": 2816, "Yorvo, Lord of Garenbrig": 3208, "Destiny Spinner_SB": 691, "Ram Through_SB": 2146, "Restless Vents": 2236, "Bontu's Last Reckoning_SB": 292, "Legion's End_SB": 1596, "Extinction Event": 910, "Vein Ripper": 3050, "Chandra, Torch of Defiance": 459, "Heroic Reinforcements": 1298, "Monastery Mentor": 1792, "Snow-Covered Mountain": 2538, "Stormchaser's Talent": 2640, "Sundown Pass": 2672, "Third Path Iconoclast": 2834, "Doorkeeper Thrull_SB": 739, "Lightning Helix_SB": 1625, "Bushy Bodyguard": 367, "Camellia, the Seedmiser": 380, "Feed the Cycle": 962, "Giant Opportunity": 1111, "Hollow Scavenger": 1317, "Honored Dreyleader": 1321, "Ifnir Deadlands": 1352, "Tear Asunder": 2737, "Valley Rotcaller": 3037, "Wicked Wolf": 3151, "Cruelclaw's Heist_SB": 586, "Noxious Grasp_SB": 1896, "Overprotect_SB": 1980, "Vivien Reid_SB": 3070, "Calix, Guided by Fate": 375, "Generous Visitor": 1092, "Jukai Naturalist": 1454, "Optimistic Scavenger": 1942, "Shardmage's Rescue": 2427, "Spirited Companion": 2597, "Unflinching Courage": 2987, "Valgavoth's Lair": 3029, "Weaver of Harmony": 3135, "Altanak, the Thrice-Called": 59, "Bubble Smuggler": 349, "Growing Dread": 1215, "Hauntwoods Shrieker": 1264, "Hinterland Harbor": 1310, "Long Goodbye": 1651, "Paranormal Analyst": 2000, "Satoru, the Infiltrator": 2330, "Say Its Name": 2339, "Vannifar, Evolved Enigma": 3046, "Heroic Intervention_SB": 1297, "Questing Beast_SB": 2115, "Atsushi, the Blazing Sky": 146, "Bonehoard Dracosaur": 289, "Dragon Tempest": 747, "Grafdigger's Cage": 1194, "Invasion of Tarkir": 1412, "Manaform Hellkite": 1698, "Reckless Impulse": 2178, "Shatterskull Smashing": 2433, "Shivan Devastator": 2450, "Wrenn's Resolve": 3194, "Fry_SB": 1058, "Sorcerous Spyglass_SB": 2550, "Tears of Valakut_SB": 2739, "Arasta of the Endless Web_SB": 97, "Monstrous Emergence_SB": 1795, "Brightclimb Pathway": 329, "Dire Tactics": 709, "General Kudro of Drannith": 1091, "Aven Interrupter_SB": 156, "Harness by Force_SB": 1252, "Nowhere to Run_SB": 1893, "Raze the Effigy_SB": 2161, "The End_SB": 2792, "Aclazotz, Deepest Betrayal": 13, "Bandit's Talent": 178, "Go Blank": 1151, "Hostile Investigator": 1333, "Waste Not": 3124, "Change the Equation_SB": 462, "Day's Undoing_SB": 628, "Dream Trawler_SB": 770, "Hallowed Moonlight_SB": 1239, "Screaming Nemesis_SB": 2365, "Royal Treatment": 2292, "Burning Anger": 357, "Colossification": 520, "Grapple with the Past": 1199, "Otherworldly Gaze": 1958, "Storm Herald": 2637, "Traverse the Ulvenwald": 2922, "Yavimaya Coast": 3203, "Boseiju, Who Endures_SB": 305, "Tamiyo's Safekeeping_SB": 2725, "Commencement of Festivities": 526, "Defend the Hearth": 658, "Growth Spiral": 1216, "Sphinx's Tutelage": 2585, "Sultai Charm": 2665, "Tormod's Crypt": 2902, "Winds of Qal Sisma": 3163, "Ertai Resurrected_SB": 879, "Folio of Fancies_SB": 1019, "Sultai Charm_SB": 2666, "Armed and Armored": 121, "Consulate Dreadnought": 545, "Giant Ox": 1112, "Hotshot Mechanic": 1335, "Ingenious Smith": 1378, "Mech Hangar": 1734, "Sram, Senior Edificer": 2613, "Surgehacker Mech": 2692, "Toolcraft Exemplar": 2895, "Unidentified Hovership": 2992, "Unlicensed Hearse": 2997, "Cathar Commando_SB": 414, "March of Otherworldly Light_SB": 1705, "Thing in the Ice_SB": 2832, "Goldvein Hydra": 1184, "Turntimber Symbiosis": 2945, "Vivien, Arkbow Ranger": 3071, "Archdruid's Charm_SB": 107, "Cemetery Prowler_SB": 439, "Goldvein Hydra_SB": 1185, "Obstinate Baloth_SB": 1915, "Tail Swipe_SB": 2716, "Ancient Cornucopia": 64, "Tolsimir, Friend to Wolves": 2890, "Xander's Lounge": 3196, "Deafening Clarion_SB": 636, "Krenko's Buzzcrusher_SB": 1554, "Lukka, Coppercoat Outcast": 1672, "Oath of Nissa": 1906, "Seed of Hope": 2388, "Mox Amber_SB": 1811, "Ral, Crackling Wit_SB": 2141, "Raffine's Informant": 2128, "Stern Dismissal": 2628, "Ledger Shredder_SB": 1590, "Sanguine Evangelist": 2327, "Divine Smite_SB": 726, "Destroy Evil_SB": 693, "Kaya, Spirits' Justice_SB": 1491, "Voice of Resurgence_SB": 3077, "Sunpetal Grove": 2680, "Woodland Cemetery": 3186, "Noxious Gearhulk": 1894, "Marvin, Murderous Mimic": 1714, "Professor's Warning": 2089, "Moon-Blessed Cleric": 1799, "Galvanic Iteration_SB": 1071, "Detention Sphere": 696, "Nahiri, the Harbinger": 1831, "Brimaz, King of Oreskos_SB": 332, "Angel of Serenity": 67, "Enduring Courage": 858, "Nimble Larcenist": 1865, "Entity Tracker_SB": 870, "Reflector Mage": 2194, "Reflector Mage_SB": 2195, "Baneslayer Angel_SB": 183, "Polukranos Reborn_SB": 2066, "Enduring Curiosity_SB": 860, "Ashiok, Nightmare Muse": 131, "Commit // Memory_SB": 529, "Long Goodbye_SB": 1652, "Murderous Cut_SB": 1818, "Soaring Thought-Thief": 2541, "Thieves' Guild Enforcer": 2829, "Adanto Vanguard": 15, "Crumb and Get It": 587, "Defiant Strike": 659, "Dragonskull Summit": 752, "Favored Hoplite": 950, "Illuminator Virtuoso": 1356, "Sejiri Shelter": 2395, "Adanto Vanguard_SB": 16, "Crumb and Get It_SB": 588, "Jirina, Dauntless General_SB": 1451, "Invigorated Rampage": 1415, "Blossoming Defense_SB": 272, "Baral, Chief of Compliance": 190, "Niv-Mizzet, Parun": 1876, "Thundering Falls": 2866, "Nine Lives_SB": 1868, "The Meathook Massacre": 2803, "Colossus Hammer": 521, "Fireblade Charger": 992, "Kellan, the Fae-Blooded": 1502, "Kemba, Kha Enduring": 1503, "Open the Armory": 1937, "Resolute Strike": 2223, "Sigarda's Aid": 2468, "Snow-Covered Plains": 2539, "Thud": 2862, "Light of Hope_SB": 1620, "Loran's Escape_SB": 1659, "Surge of Salvation_SB": 2691, "Thud_SB": 2863, "Rakdos Joins Up": 2136, "Urabrask's Forge": 3015, "Valgavoth, Terror Eater": 3031, "Sire of Insanity_SB": 2491, "Deification": 663, "Doomskar": 737, "Elspeth Resplendent": 833, "Gideon Blackblade": 1113, "Gideon of the Trials": 1114, "Gideon's Triumph": 1115, "Oath of Kaya": 1905, "Shambling Vent": 2425, "The Birth of Meletis": 2786, "Urza's Sylex": 3022, "Yahenni's Expertise": 3200, "Sunset Revelry_SB": 2682, "Empyrean Eagle": 851, "Hanged Executioner": 1244, "Rally of Wings": 2143, "Selfless Spirit": 2401, "Skycat Sovereign": 2502, "Topplegeist": 2896, "Watcher of the Spheres": 3128, "Errant and Giada_SB": 877, "Patch Up_SB": 2004, "Remorseful Cleric_SB": 2210, "Pawpatch Recruit": 2014, "Dictate of Kruphix": 702, "Ertai Resurrected": 878, "Make Disappear": 1692, "Notion Thief": 1889, "Slitherwisp": 2524, "Blacklance Paragon_SB": 233, "Cunning Nightbonder_SB": 604, "Gleaming Geardrake": 1135, "Shadowspear_SB": 2420, "Innkeeper's Talent_SB": 1380, "Embercleave": 845, "Exuberant Fuseling": 916, "Foundry Street Denizen": 1039, "Frenzied Goblin": 1052, "Goblin Piledriver": 1167, "Goblin Rabblemaster": 1168, "Legion Loyalist": 1595, "Dewdrop Cure_SB": 701, "Requisition Raid_SB": 2221, "Thalia, Guardian of Thraben_SB": 2776, "Torpor Orb_SB": 2904, "Adult Gold Dragon": 21, "Deep-Cavern Bat": 652, "Grisly Salvage": 1214, "Soulflayer": 2563, "Striped Riverwinder": 2654, "Urborg Scavengers": 3018, "Zetalpa, Primal Dawn": 3224, "Savage Summoning_SB": 2332, "Unmoored Ego_SB": 3002, "Horned Loch-Whale": 1328, "Mystic Monastery": 1824, "Warrant // Warden": 3122, "Reduce // Rubble_SB": 2193, "Rockface Village_SB": 2278, "Archfiend of the Dross_SB": 111, "Thrun, Breaker of Silence_SB": 2861, "Kaito Shizuki_SB": 1461, "Adeline, Resplendent Cathar_SB": 19, "Jadar, Ghoulcaller of Nephalia_SB": 1441, "Thalia, Heretic Cathar_SB": 2778, "Phantom Interference": 2029, "Niv-Mizzet, Parun_SB": 1877, "Otawara, Soaring City_SB": 1956, "Bloodchief's Thirst": 260, "Misery's Shadow": 1775, "Hazoret the Fervent": 1267, "Outland Liberator": 1962, "Questing Druid_SB": 2117, "Sphinx of the Final Word_SB": 2582, "Voyaging Satyr_SB": 3099, "Angrath's Rampage_SB": 72, "Deadly Cover-Up_SB": 633, "Selfless Glyphweaver": 2397, "Discontinuity": 710, "Surge of Righteousness_SB": 2689, "Temple of Epiphany": 2749, "Anger of the Gods": 70, "Sweltering Suns_SB": 2701, "Careful Cultivation": 386, "Courier's Briefcase": 566, "Flip the Switch": 1008, "Get Out": 1096, "Secrets of the Key": 2384, "Kari Zev, Skyship Raider": 1475, "Shadowy Backstreet": 2421, "Yasharn, Implacable Earth": 3201, "Azure Beastbinder": 166, "Bounding Krasis": 311, "Decimator of the Provinces": 648, "Elder Deep-Fiend": 815, "Fierce Empath": 980, "Keen-Eyed Curator": 1497, "Nissa, Vastwood Seer": 1873, "Reclamation Sage": 2185, "Rishkar, Peema Renegade": 2260, "Tishana's Tidebinder": 2878, "Keen-Eyed Curator_SB": 1498, "Sandstalker Moloch_SB": 2324, "Skylasher_SB": 2508, "Archangel Elspeth_SB": 104, "Nighthawk Scavenger_SB": 1861, "Kalitas, Traitor of Ghet": 1466, "Languish": 1574, "Bandit's Talent_SB": 179, "Demilich": 665, "Metamorphic Alteration_SB": 1751, "Wild Slash": 3154, "Chromanticore": 475, "Cragplate Baloth": 573, "Oketra the True": 1923, "Stitcher's Supplier": 2631, "Collective Brutality_SB": 511, "Murderous Rider_SB": 1820, "Tarrian's Journal": 2734, "Dreams of Steel and Oil_SB": 774, "The Cruelty of Gix": 2789, "Rush of Adrenaline": 2307, "Slickshot Show-Off_SB": 2521, "Ulcerate_SB": 2965, "Epic Downfall_SB": 873, "Phyrexian Fleshgorger": 2038, "Phyrexian Fleshgorger_SB": 2039, "Silverquill Silencer": 2482, "Graveyard Trespasser_SB": 1204, "Authority of the Consuls": 153, "Cave of the Frost Dragon": 427, "Ossification": 1952, "Reidane, God of the Worthy": 2203, "Scavenging Ooze": 2348, "Wolfwillow Haven": 3183, "Forest_SB": 1028, "Dreams of Steel and Oil": 773, "Overlord of the Boilerbilges_SB": 1975, "Deep-Cavern Bat_SB": 653, "Elder Gargaroth": 816, "Kenrith, the Returned King": 1505, "Smuggler's Surprise": 2531, "Zacama, Primal Calamity": 3215, "March of Swirling Mist_SB": 1707, "Roaring Furnace // Steaming Sauna": 2273, "Titan of Industry_SB": 2881, "Agent of Treachery": 39, "Kick in the Door": 1513, "Mishra's Research Desk": 1778, "Violent Urge": 3062, "Lithomantic Barrage_SB": 1643, "Charred Foyer // Warped Space_SB": 468, "Brokers Hideout": 342, "Cabaretti Courtyard": 369, "Cosmic Rebirth": 562, "Escape to the Wilds": 881, "Lotus Cobra": 1666, "Nissa, Resurgent Animist": 1872, "Risen Reef": 2259, "Mazemind Tome_SB": 1732, "Nine Lives": 1867, "Zacama, Primal Calamity_SB": 3216, "Lion Sash": 1640, "Doomskar_SB": 738, "Kenrith, the Returned King_SB": 1506, "Velomachus Lorehold_SB": 3051, "All That Glitters": 51, "Aqueous Form": 92, "Audacity": 149, "Combat Research": 523, "Ethereal Armor": 891, "Gladecover Scout": 1128, "Kaya's Ghostform": 1484, "Light-Paws, Emperor's Voice": 1621, "Stubborn Denial": 2656, "Toadstool Admirer": 2885, "Break the Spell_SB": 323, "Slip Out the Back_SB": 2523, "Warbriar Blessing_SB": 3115, "Bond of Insight": 283, "Lightning Strike_SB": 1628, "Lyra Dawnbringer_SB": 1679, "Elspeth Conquers Death_SB": 832, "Depopulate_SB": 681, "Elspeth's Smite": 834, "Welcoming Vampire_SB": 3141, "Deflecting Palm_SB": 662, "Akroan Crusader": 48, "Clever Lumimancer": 498, "Expedite": 899, "Gods Willing_SB": 1183, "Smash to Smithereens_SB": 2526, "Witchstalker Frenzy": 3170, "Showdown of the Skalds_SB": 2461, "Unable to Scream": 2971, "Dreadhorde Invasion": 763, "Summary Dismissal_SB": 2667, "Realmwalker": 2172, "Obzedat, Ghost Council": 1917, "Pest Control_SB": 2027, "Silver Raven": 2476, "Yasharn, Implacable Earth_SB": 3202, "Eat to Extinction_SB": 800, "Charming Prince": 465, "Ajani, Sleeper Agent_SB": 44, "Scrapshooter": 2360, "Kenrith's Transformation_SB": 1504, "Skysovereign, Consul Flagship_SB": 2511, "Wolfwillow Haven_SB": 3184, "Filter Out_SB": 988, "Nahiri, the Harbinger_SB": 1832, "Bonecrusher Giant_SB": 288, "Fiery Temper": 984, "Hollow One": 1316, "Insolent Neonate": 1390, "Ovalchase Daredevil": 1967, "Scrapheap Scrounger": 2359, "Alpine Moon_SB": 56, "Improbable Alliance_SB": 1365, "Cut Down": 610, "Hushbringer_SB": 1344, "Knight of Grace_SB": 1531, "Agadeem's Awakening": 35, "Isolated Chapel": 1426, "Loran of the Third Path": 1656, "Exorcise_SB": 897, "Clockwork Percussionist": 503, "Atarka's Command_SB": 143, "Big Score": 220, "Dwarven Mine": 796, "Gideon, Ally of Zendikar": 1117, "Worldspine Wurm_SB": 3190, "Xenagos, God of Revels_SB": 3198, "Extraction Specialist_SB": 915, "Voyaging Satyr": 3098, "Gryff's Boon": 1222, "Skrelv, Defector Mite": 2499, "Staggering Insight": 2615, "Natural State_SB": 1841, "Snow-Covered Swamp": 2540, "Katilda, Dawnhart Martyr": 1479, "Katilda, Dawnhart Martyr_SB": 1480, "Behold the Beyond": 210, "Perilous Voyage_SB": 2024, "Discontinuity_SB": 711, "Hostile Hostel": 1332, "Ulamog, the Ceaseless Hunger": 2963, "Ulamog, the Ceaseless Hunger_SB": 2964, "Thalia, Heretic Cathar": 2777, "Virtue of Loyalty_SB": 3065, "Dragonlord Dromoka": 750, "Cruelclaw's Heist": 585, "Escape Tunnel": 880, "Insatiable Avarice_SB": 1384, "Malicious Eclipse_SB": 1696, "Castle Embereth": 405, "The End": 2791, "Cathar Commando": 413, "Tenacious Underdog": 2761, "Rush of Dread_SB": 2309, "Gods Willing": 1182, "Homestead Courage": 1319, "Shardmage's Rescue_SB": 2428, "Cemetery Desecrator": 435, "Devout Decree_SB": 699, "The Kenriths' Royal Funeral_SB": 2802, "Aetherflux Reservoir": 28, "Coordinated Assault": 552, "The Wandering Rescuer": 2822, "Breaking // Entering": 324, "Founding the Third Path": 1038, "Fraying Sanity": 1050, "Jace, the Perfected Mind": 1440, "Maddening Cacophony": 1682, "Soul-Guide Lantern": 2559, "Tasha's Hideous Laughter": 2735, "Starfield of Nyx": 2618, "Rite of the Moth": 2263, "Valgavoth's Faithful": 3028, "Cleansing Nova": 492, "Confounding Riddle": 538, "Coveted Falcon": 568, "Idyllic Tutor": 1351, "Rest in Peace": 2226, "Solemnity": 2545, "Palace Siege_SB": 1991, "Come Back Wrong_SB": 524, "Ashiok, Dream Render": 129, "Bonebind Orator": 286, "Crashing Drawbridge": 577, "Deathrite Shaman": 643, "Fiend Artisan": 979, "Insidious Roots": 1389, "Moss-Pit Skeleton": 1804, "Osteomancer Adept": 1954, "Rubblebelt Maverick": 2295, "Shigeki, Jukai Visionary": 2446, "Snarling Gorehound": 2535, "Squirming Emergence": 2612, "Unstoppable Slasher_SB": 3005, "Alpha Authority": 54, "Demonic Ruckus": 672, "Hammerhand": 1241, "Sentinel's Eyes": 2406, "Cartouche of Solidarity": 392, "Leyline of Sanctity": 1606, "Warbriar Blessing": 3114, "Ygra, Eater of All_SB": 3205, "Assimilation Aegis": 141, "Candy Trail": 383, "Disruption Protocol": 718, "Dusk Rose Reliquary": 792, "Fomori Vault": 1020, "Golos, Tireless Pilgrim": 1188, "Inventors' Fair": 1414, "Lantern of the Lost": 1576, "Metallic Rebuke": 1747, "Moonsnare Prototype": 1802, "Prophetic Prism": 2096, "The Book of Exalted Deeds": 2787, "The Enigma Jewel": 2793, "Tyrite Sanctum": 2954, "Whir of Invention": 3147, "Citizen's Crowbar_SB": 484, "Beseech the Mirror": 215, "Rush of Dread": 2308, "Outrageous Robbery_SB": 1966, "Giant Killer_SB": 1110, "Twisted Fealty_SB": 2951, "Deploy the Gatewatch": 679, "Interplanar Beacon": 1396, "Kaya, Intangible Slayer": 1487, "Narset of the Ancient Way": 1835, "Paradise Druid": 1996, "Tamiyo, Collector of Tales": 2726, "Tamiyo, Compleated Sage": 2728, "The Eternal Wanderer": 2794, "Ugin, the Spirit Dragon": 2961, "Assassin's Trophy": 138, "Nissa, Ascended Animist": 1870, "Rankle's Prank": 2154, "Repudiate // Replicate": 2217, "Thrun, Breaker of Silence": 2860, "Wrenn and Realmbreaker": 3193, "Colossal Skyturtle_SB": 519, "Song of Totentanz_SB": 2548, "Klothys, God of Destiny": 1524, "Lilah, Undefeated Slickshot": 1629, "Mirrorshell Crab": 1772, "Omen Hawker": 1926, "Horned Loch-Whale_SB": 1329, "Strict Proctor_SB": 2653, "Green Sun's Twilight": 1209, "Tyrranax Rex": 2955, "Vorinclex, Monstrous Raider": 3096, "Invasion of Ixalan_SB": 1410, "Kogla, the Titan Ape_SB": 1541, "Nullhide Ferox_SB": 1898, "Blood Baron of Vizkopa_SB": 254, "Fauna Shaman": 949, "Ray of Enfeeblement_SB": 2160, "Tishana's Tidebinder_SB": 2879, "Phyrexian Censor_SB": 2036, "Dark Betrayal_SB": 614, "Leyline of Resonance_SB": 1605, "Furnace Reins": 1063, "Bloodletter of Aclazotz_SB": 264, "Path to the World Tree": 2009, "Crackling Drake": 569, "Saheeli, Sublime Artificer_SB": 2315, "Angrath, the Flame-Chained_SB": 73, "Angel of Serenity_SB": 68, "Up the Beanstalk_SB": 3014, "The World Tree": 2825, "Radiant Flames_SB": 2127, "Void Winnower_SB": 3083, "Nebelgast Herald": 1842, "Eidolon of Rhetoric_SB": 811, "Unctus, Grand Metatect": 2977, "Feed the Swarm": 964, "Boros Charm_SB": 299, "Flowstone Infusion_SB": 1016, "Aftermath Analyst": 34, "Annie Joins Up": 78, "Lumra, Bellow of the Woods": 1675, "Phylath, World Sculptor": 2032, "Port of Karfell": 2071, "Riveteers Overlook": 2268, "Worldsoul's Rage": 3188, "Rotten Reunion_SB": 2287, "Scavenging Ooze_SB": 2349, "Tyrranax Rex_SB": 2956, "Liliana, the Last Hope": 1635, "Skullcrack_SB": 2501, "Tomik, Wielder of Law": 2894, "Virtue of Persistence_SB": 3067, "Regal Caracal": 2199, "Westvale Abbey": 3145, "Izzet Charm": 1430, "Finale of Devastation": 990, "Kitsa, Otterball Elite": 1523, "Lavaspur Boots": 1581, "Springleaf Drum": 2607, "Valley Floodcaller": 3035, "Wishclaw Talisman": 3167, "Altar of the Brood_SB": 60, "Kaito, Bane of Nightmares_SB": 1463, "Fires of Invention": 994, "The Scarab God": 2813, "Attack-in-the-Box": 147, "Balemurk Leech": 174, "Broodspinner": 343, "Cackling Slasher": 371, "Cathartic Parting": 415, "Coordinated Clobbering": 553, "Flesh Burrower": 1004, "Frantic Strength": 1048, "Glimmerlight": 1137, "Grasping Longneck": 1202, "Grievous Wound": 1211, "Innocuous Rat": 1381, "Leyline of the Void": 1609, "Meathook Massacre II": 1733, "Overgrown Zealot": 1971, "Saw": 2337, "Slavering Branchsnapper": 2514, "Spectral Snatcher": 2574, "Spineseeker Centipede": 2589, "Sporogenic Infection": 2605, "Strangled Cemetery": 2648, "Terramorphic Expanse": 2765, "Twitching Doll": 2952, "Wary Watchdog": 3123, "Winter, Misanthropic Guide": 3165, "Conductive Machete_SB": 536, "Fanatic of the Harrowing_SB": 938, "Final Vengeance_SB": 989, "Friendly Teddy_SB": 1054, "Give In to Violence_SB": 1124, "Manifest Dread_SB": 1699, "Murder_SB": 1816, "Hagra Mauling": 1233, "Elspeth, Sun's Champion_SB": 838, "Selfless Glyphweaver_SB": 2398, "Tolsimir, Friend to Wolves_SB": 2891, "Containment Priest": 549, "Pack Rat": 1986, "Silence": 2471, "Sorin, Vengeful Bloodlord": 2553, "Witherbloom Command": 3173, "Narset, Enlightened Master_SB": 1837, "Dragonhawk, Fate's Tempest": 749, "Nylea's Intervention_SB": 1903, "Unexpected Fangs_SB": 2986, "Starnheim Unleashed_SB": 2619, "Obscura Storefront": 1914, "Bloodchief's Thirst_SB": 261, "Cenote Scout": 440, "Deeproot Pilgrimage": 656, "Kumena, Tyrant of Orazca": 1564, "Kumena's Speaker": 1563, "Vodalian Hexcatcher": 3075, "Tidebinder Mage_SB": 2871, "Goblin Ringleader": 1169, "Goblin Trashmaster": 1175, "Squee, Dubious Monarch": 2610, "Lukka, Coppercoat Outcast_SB": 1673, "Experimental Frenzy_SB": 906, "Brave the Elements_SB": 319, "Bontu's Monument": 293, "Hashep Oasis": 1256, "Thought-Knot Seer": 2844, "Arlinn, the Pack's Hope_SB": 120, "Eldrazi Obligator_SB": 820, "Thought-Knot Seer_SB": 2845, "Emry, Lurker of the Loch": 854, "Jeskai Ascendancy": 1447, "Restless Spire": 2235, "Saheeli, Sublime Artificer": 2314, "Witherbloom Command_SB": 3174, "Dazzling Theater // Prop Room": 630, "Restless Bivouac": 2229, "Siege Veteran": 2466, "Warleader's Call": 3118, "Yotian Frontliner": 3209, "Aurelia, the Law Above_SB": 152, "Helping Hand": 1288, "Hope Tender_SB": 1324, "Collective Brutality": 510, "Chord of Calling": 474, "Dwynen's Elite": 797, "Elvish Clancaller": 841, "Elvish Warmaster": 844, "Jaspera Sentinel": 1443, "Leaf-Crowned Visionary": 1588, "Secluded Courtyard": 2383, "Shaman of the Pack": 2424, "Pause for Reflection_SB": 2011, "Phyrexian Revoker_SB": 2041, "Sentinel of Lost Lore_SB": 2403, "Soulless Jailer_SB": 2564, "Ferocious Werefox_SB": 971, "Detention Sphere_SB": 697, "Deeproot Elite": 655, "Forensic Researcher": 1024, "Kiora's Follower": 1515, "Kitesail Larcenist": 1519, "Merfolk Trickster": 1746, "Three Tree City": 2858, "Forensic Researcher_SB": 1025, "Kopala, Warden of Waves_SB": 1546, "Lost in the Maze_SB": 1664, "Prophet of Kruphix_SB": 2095, "Snow-Covered Forest": 2536, "Metropolis Reformer": 1753, "Consign // Oblivion": 542, "Creative Outburst": 580, "Magma Opus": 1690, "Vanquish the Horde_SB": 3047, "Splitskin Doll": 2602, "Takenuma, Abandoned Mire_SB": 2719, "Barrier Breach_SB": 195, "Kazuul's Fury": 1495, "Tail Swipe": 2715, "Giant Growth": 1108, "Snakeskin Veil_SB": 2534, "Bedeck // Bedazzle": 207, "Herd Migration": 1294, "Mirrorshell Crab_SB": 1773, "Quakebringer_SB": 2113, "Drannith Ruins": 755, "Faerie Dreamthief": 928, "Spell Stutter": 2578, "Kaito, Dancing Shadow_SB": 1465, "Overlord of the Balemurk_SB": 1973, "Plumecreed Escort_SB": 2063, "Void Rend": 3081, "Leyline of Hope": 1603, "Speaker of the Heavens": 2571, "Possibility Storm": 2077, "Sunset Revelry": 2681, "Blind Obedience_SB": 251, "Outlaws' Merriment_SB": 1964, "Rip Apart_SB": 2254, "Archon of Sun's Grace": 116, "Omen of the Sun": 1931, "Seal Away": 2370, "Starfall Invocation_SB": 2617, "Collateral Damage": 506, "Eidolon of the Great Revel_SB": 813, "Rootbound Crag": 2285, "Wandering Mind": 3112, "Ratchet Bomb_SB": 2155, "Chandra, Acolyte of Flame_SB": 452, "Echoing Deeps": 802, "Ill-Timed Explosion": 1353, "Maestros Theater": 1685, "Mystic Sanctuary": 1826, "Scapeshift": 2341, "Splendid Reclamation": 2599, "The Autonomous Furnace": 2784, "The Hunter Maze": 2798, "Extract the Truth_SB": 913, "Bushwhack": 366, "Circle of Dreams Druid": 482, "Elvish Visionary": 843, "Deathrite Shaman_SB": 644, "Ruric Thar, the Unbowed": 2305, "Cavalier of Flame": 424, "Vraska, Betrayal's Sting_SB": 3102, "Imposing Sovereign": 1363, "Sphinx's Revelation": 2583, "Tale's End": 2720, "Urza's Sylex_SB": 3023, "Chandra, Acolyte of Flame": 451, "Exquisite Firecraft": 908, "Gruul Charm": 1218, "Scorching Dragonfire": 2350, "Scorching Dragonfire_SB": 2351, "Regal Caracal_SB": 2200, "Braids, Arisen Nightmare": 313, "Disturbing Mirth": 721, "Hopeless Nightmare": 1327, "Spiteful Hexmage": 2598, "Treacherous Blessing": 2923, "Haunted Ridge_SB": 1263, "Surge of Salvation": 2690, "Giant Killer": 1109, "Lazav, the Multifarious": 1586, "Nashi, Searcher in the Dark": 1840, "Slogurk, the Overslime": 2525, "Can't Stay Away": 382, "Basri Ket_SB": 197, "Unwanted Remake_SB": 3011, "Roaring Furnace // Steaming Sauna_SB": 2274, "Not on My Watch_SB": 1888, "Fanatical Offering": 941, "Vraska, Golgari Queen_SB": 3104, "Get Out_SB": 1097, "Fateful Absence": 947, "Doppelgang_SB": 741, "Grand Abolisher": 1196, "Holy Cow": 1318, "Archangel of Tithes_SB": 105, "Conclave Tribunal_SB": 535, "Metropolis Reformer_SB": 1754, "Shalai, Voice of Plenty_SB": 2423, "Bolas's Citadel": 277, "Catacomb Sifter": 411, "Popular Egotist": 2067, "Priest of Forgotten Gods": 2084, "Prosperous Innkeeper": 2097, "Woe Strider": 3181, "Experimental Confectioner": 905, "Cemetery Illuminator": 437, "Cemetery Illuminator_SB": 438, "Balmor, Battlemage Captain": 175, "Shore Up_SB": 2457, "Solemnity_SB": 2546, "Soul Search_SB": 2557, "Bag of Holding": 170, "Jace, Architect of Thought": 1435, "Teferi, Master of Time": 2744, "Cleansing Nova_SB": 493, "Eerie Ultimatum_SB": 807, "Inspired Ultimatum_SB": 1391, "Nicol Bolas, Dragon-God_SB": 1856, "Sarkhan the Masterless_SB": 2328, "Thief of Sanity_SB": 2828, "Botanical Brawler": 306, "Bristly Bill, Spine Sower": 339, "Conclave Mentor": 534, "Kodama of the West Tree": 1537, "Ozolith, the Shattered Spire": 1984, "Stonecoil Serpent": 2636, "Urgent Necropsy": 3020, "Archangel Avacyn_SB": 102, "Boon-Bringer Valkyrie_SB": 297, "Wrenn's Resolve_SB": 3195, "Jace Reawakened": 1432, "Chandra, Torch of Defiance_SB": 460, "Rabid Gnaw": 2125, "Shock": 2452, "Kazandu Mammoth": 1494, "Strangle": 2646, "Prosperous Thief": 2099, "Rottenmouth Viper": 2288, "Vraska, Golgari Queen": 3103, "Azorius Charm": 164, "Scavenger Grounds_SB": 2344, "Fortified Beachhead": 1031, "The Scorpion God_SB": 2815, "Painful Truths_SB": 1989, "Bloodsoaked Champion": 265, "Jirina, Dauntless General": 1450, "Sorin, Vengeful Bloodlord_SB": 2554, "Fortified Village": 1032, "Nightveil Predator": 1862, "Rhonas the Indomitable": 2246, "Samut, Voice of Dissent": 2321, "Depopulate": 680, "Approach of the Second Sun": 90, "Consuming Tide_SB": 547, "The Cruelty of Gix_SB": 2790, "Tocasia's Welcome_SB": 2887, "Maximize Velocity_SB": 1728, "Field of Ruin_SB": 978, "Eidolon of Blossoms": 809, "Bond of Revival": 284, "Rhonas the Indomitable_SB": 2247, "Whisperwood Elemental_SB": 3149, "Blazemire Verge_SB": 242, "Citywide Bust_SB": 487, "Tyvar, the Pummeler_SB": 2960, "Hoarding Broodlord_SB": 1314, "Sea Gate Restoration": 2367, "Enduring Vitality": 864, "Kona, Rescue Beastie": 1545, "Portal to Phyrexia": 2075, "Selfless Savior": 2399, "Seraphic Steed": 2407, "Survivors' Encampment": 2696, "The Restoration of Eiganjo": 2811, "Kutzil, Malamet Exemplar_SB": 1569, "Selfless Savior_SB": 2400, "Ashen Rider": 126, "Despark_SB": 687, "Elesh Norn_SB": 829, "Zoyowa Lava-Tongue": 3232, "Exuberant Fuseling_SB": 917, "Squee, Dubious Monarch_SB": 2611, "Pest Control": 2026, "Restless Fortress": 2231, "Kaya, Intangible Slayer_SB": 1488, "Kaya, Orzhov Usurper_SB": 1490, "Renounce the Guilds_SB": 2215, "Duelist of the Mind": 787, "Steamcore Scholar": 2624, "Orazca Puzzle-Door": 1945, "Monastery Mentor_SB": 1793, "Enduring Bondwarden": 857, "Hangarback Walker": 1242, "Quirion Beastcaller": 2123, "Bolas's Citadel_SB": 278, "Catacomb Sifter_SB": 412, "Collected Company_SB": 509, "Popular Egotist_SB": 2068, "Prosperous Innkeeper_SB": 2098, "Woe Strider_SB": 3182, "Elvish Archivist_SB": 840, "Ugin, the Spirit Dragon_SB": 2962, "Fblthp, the Lost": 951, "Teshar, Ancestor's Apostle": 2770, "Shoot the Sheriff_SB": 2455, "Armored Scrapgorger": 123, "Eldrazi Displacer": 818, "Loran's Escape": 1658, "Blessed Defiance_SB": 248, "Weathered Runestone_SB": 3134, "Viashino Pyromancer": 3058, "Atraxa, Grand Unifier_SB": 145, "Dawnbringer Cleric_SB": 624, "Den of the Bugbear_SB": 676, "Dispel_SB": 716, "Kitesail Larcenist_SB": 1520, "Suncleanser_SB": 2669, "Lofty Denial": 1649, "Debt to the Kami": 645, "Debt to the Kami_SB": 646, "Release to the Wind": 2205, "Status // Statue_SB": 2621, "Withering Torment": 3175, "Chandra, Hope's Beacon": 456, "Angelfire Ignition": 69, "Tenth District Legionnaire": 2763, "Steel Seraph_SB": 2627, "Izoni, Center of the Web": 1429, "Blot Out": 273, "Lively Dirge": 1644, "Renegade Rallier": 2213, "Drag to the Roots": 746, "Zoraline, Cosmos Caller": 3231, "Castle Locthwain_SB": 408, "Edgar, Charmed Groom_SB": 804, "Play with Fire_SB": 2059, "Golgari Charm_SB": 1186, "Silent Gravestone_SB": 2473, "Gates of Istfell": 1083, "Fateful Absence_SB": 948, "No More Lies_SB": 1882, "Korvold, Fae-Cursed King": 1547, "Guardian of Faith": 1223, "Phyrexian Vindicator_SB": 2042, "Kozilek's Return_SB": 1550, "Alchemist's Gambit": 49, "Intrepid Adversary": 1404, "Experiment One": 902, "Unclaimed Territory": 2976, "Cyclonic Rift": 612, "Rona's Vortex": 2283, "Curse of Silence_SB": 608, "Nighthawk Scavenger": 1860, "Thousand-Faced Shadow": 2849, "Gyruda, Doom of Depths": 1231, "Consecrate // Consume_SB": 540, "Commercial District": 527, "Cease // Desist_SB": 433, "Archon of Absolution_SB": 113, "Case of the Gateway Express_SB": 398, "Cityscape Leveler": 485, "Hidden Necropolis": 1299, "Temple of Malady": 2750, "Temple of Malice": 2751, "Untimely Malfunction": 3009, "Koma, Cosmos Serpent_SB": 1544, "Memory Deluge_SB": 1739, "Touch the Spirit Realm": 2907, "Brimaz, King of Oreskos": 331, "Collector's Cage": 513, "Warping Wail_SB": 3121, "Kitnap": 1521, "Forsaken Miner": 1030, "Undead Sprinter": 2978, "Chandra, Dressed to Kill_SB": 455, "Bloodtithe Collector": 267, "Goddric, Cloaked Reveler": 1180, "Bonders' Enclave": 285, "Nicol Bolas, Dragon-God": 1855, "Zoetic Glyph": 3228, "Vampires' Vengeance_SB": 3042, "Blood Crypt_SB": 256, "Break Out": 322, "Evolving Adaptive": 894, "Pelt Collector": 2021, "Voltaic Brawler": 3093, "Wildfire Wickerfolk": 3156, "Embercleave_SB": 846, "Vengeful Possession_SB": 3055, "Ingenious Prodigy": 1377, "Glarb, Calamity's Augur_SB": 1131, "Tomik, Distinguished Advokist_SB": 2893, "Pick Your Poison": 2044, "Bamboo Grove Archer_SB": 177, "Sunken Citadel_SB": 2677, "Mastermind's Acquisition_SB": 1724, "Season of the Burrow_SB": 2380, "Spinner of Souls": 2591, "Abyssal Harvester": 8, "Zur, Eternal Schemer_SB": 3234, "Burst Lightning": 364, "Blast Zone_SB": 240, "Lantern of the Lost_SB": 1577, "Scab-Clan Berserker_SB": 2340, "Knight-Errant of Eos_SB": 1534, "Boltwave": 279, "Elenda, Saint of Dusk": 825, "Elenda, Saint of Dusk_SB": 826, "Serra Paragon": 2408, "Waste Not_SB": 3125, "High Fae Trickster_SB": 1306, "Fervent Champion": 973, "Goblin Tomb Raider": 1173, "Leyline Axe": 1598, "Stern Dismissal_SB": 2629, "Kaito, Cunning Infiltrator": 1464, "Scrawling Crawler": 2363, "Brass Knuckles": 316, "Fabrication Foundry": 921, "Metalwork Colossus": 1749, "Sanctum of Ugin": 2323, "Simulacrum Synthesizer": 2487, "The Irencrag": 2800, "Wedding Invitation": 3139, "Metallic Rebuke_SB": 1748, "Mystic Forge_SB": 1823, "Varragoth, Bloodsky Sire": 3048, "Emrakul, the Promised End": 852, "Defabricate": 657, "Syr Ginger, the Meal Ender": 2712, "Slaughter Games_SB": 2513, "Saiba Cryptomancer": 2316, "Saiba Cryptomancer_SB": 2317, "Ajani, Sleeper Agent": 43, "Nahiri, the Unforgiving_SB": 1833, "Alms of the Vein": 52, "Demand Answers": 664, "Grab the Prize": 1192, "Markov Baron": 1713, "Nullpriest of Oblivion": 1899, "Skullcrack": 2500, "Ral, Crackling Wit": 2140, "Evangel of Synthesis": 892, "Kiora, the Rising Tide": 1517, "Raffine, Scheming Seer": 2130, "Fragmentize_SB": 1045, "Void Rend_SB": 3082, "Bulk Up": 353, "Expedition Map": 900, "Dropkick Bomber": 780, "Searslicer Goblin": 2377, "Goblin Ringleader_SB": 1170, "Creeping Chill": 581, "Driven // Despair": 776, "Haunted Dead": 1261, "Narcomoeba": 1834, "Prized Amalgam": 2088, "Silversmote Ghoul": 2483, "Tome Scour": 2892, "Wail of the Forgotten": 3106, "Huskburster Swarm_SB": 1346, "Tainted Indulgence": 2717, "Zombify": 3229, "Blooming Blast": 269, "Gallia of the Endless Dance": 1069, "Cemetery Gatekeeper_SB": 436, "Mission Briefing": 1779, "Not on My Watch": 1887, "Dawnbringer Cleric": 623, "Camellia, the Seedmiser_SB": 381, "Trail of Crumbs_SB": 2913, "Voracious Hydra": 3094, "Hornet Queen_SB": 1330, "Cut // Ribbons": 609, "Skrelv's Hive_SB": 2498, "Halana and Alena, Partners": 1235, "Blacksmith's Talent": 234, "Herald of Eternal Dawn_SB": 1291, "Temple of Plenty": 2753, "Peer into the Abyss_SB": 2019, "Day of Judgment": 625, "Liliana, Dreadhorde General": 1633, "The Witch's Vanity": 2824, "Hanweir Battlements": 1245, "Response // Resurgence_SB": 2225, "Scorn-Blade Berserker": 2354, "Essence Channeler": 885, "Fountain of Renewal": 1040, "Heliod, Sun-Crowned": 1283, "Hooded Blightfang": 1322, "Indulging Patrician": 1371, "Revival // Revenge": 2244, "Scoured Barrens": 2355, "Vampire of the Dire Moon": 3040, "Vito, Thorn of the Dusk Rose": 3069, "Voice of the Blessed": 3080, "Tinybones, Bauble Burglar": 2875, "Deathmark_SB": 641, "Lava Axe_SB": 1579, "Skrelv's Hive": 2497, "Flicker of Fate_SB": 1006, "Pyroclasm": 2108, "Kykar, Zephyr Awakener": 1570, "Infestation Sage": 1375, "Ill-Timed Explosion_SB": 1354, "Omnath, Locus of Creation_SB": 1934, "Scrapwork Mutt": 2362, "Tyvar's Stand": 2957, "Faithful Mending": 933, "Shadows' Verdict_SB": 2418, "Spawn of Mayhem": 2570, "Karn, Scion of Urza_SB": 1476, "Maelstrom Pulse": 1683, "Banner of Kinship": 189, "Elvish Archdruid": 839, "Citanul Stalwart": 483, "Sylvan Messenger_SB": 2708, "Joust Through_SB": 1453, "Genesis Wave": 1093, "Samut, Tyrant Smasher": 2319, "Bouncer's Beatdown_SB": 310, "Soulstone Sanctuary": 2567, "Parting Gust": 2002, "Youthful Valkyrie": 3214, "Torment of Hailfire_SB": 2900, "Drake Hatcher_SB": 753, "Imposing Sovereign_SB": 1364, "Curator of Destinies_SB": 605, "Blitz of the Thunder-Raptor": 252, "Long River's Pull": 1653, "Unsubstantiate": 3006, "Sugar Coat_SB": 2662, "Unsubstantiate_SB": 3007, "Haunted Cloak": 1260, "Swiftfoot Boots": 2702, "Flameblade Adept": 1000, "Ox of Agonas": 1982, "Dread Fugue": 757, "Lunarch Veteran": 1676, "Skyclave Cleric": 2505, "Ajani, Strength of the Pride_SB": 46, "Dusk Legion Duelist": 791, "Make Disappear_SB": 1693, "Hooting Mandrills": 1323, "Tasigur, the Golden Fang": 2736, "Toxrill, the Corrosive_SB": 2911, "Davriel, Rogue Shadowmage_SB": 622, "The Raven Man_SB": 2809, "Expansion // Explosion": 898, "Seasons Past": 2382, "Haughty Djinn_SB": 1259, "Charming Scoundrel": 466, "Deflecting Palm": 661, "Fallaji Vanguard": 936, "Fortune, Loyal Steed": 1033, "Furycalm Snarl": 1065, "Hellspur Posse Boss": 1286, "Panharmonicon": 1994, "Requisition Raid": 2220, "Temple of Triumph": 2755, "Terror of the Peaks": 2768, "Witty Roastmaster": 3179, "Aetherstorm Roc_SB": 32, "Anim Pakal, Thousandth Moon_SB": 77, "Chance for Glory_SB": 449, "Demonic Ruckus_SB": 673, "Impact Tremors_SB": 1361, "Bristlebud Farmer": 336, "Phyrexian Obliterator_SB": 2040, "Gruul Charm_SB": 1219, "Masked Vandal_SB": 1717, "Brass's Tunnel-Grinder": 317, "Goblin Instigator": 1163, "Raise the Past": 2132, "Chained to the Rocks_SB": 444, "Plumecreed Escort": 2062, "Icon of Ancestry_SB": 1349, "Kellan, Planar Trailblazer": 1501, "Maelstrom Pulse_SB": 1684, "Anguished Unmaking": 74, "Blessed Alliance_SB": 246, "Day of Judgment_SB": 626, "Thassa's Oracle": 2779, "Niv-Mizzet, Visionary_SB": 1880, "Mystic Repeal_SB": 1825, "Reasonable Doubt_SB": 2174, "Rottenmouth Viper_SB": 2289, "Thing in the Ice": 2831, "Witness Protection_SB": 3178, "Heaped Harvest": 1273, "Thassa, God of the Sea": 2781, "Phyrexian Arena_SB": 2034, "Hostile Investigator_SB": 1334, "Harvester of Misery_SB": 1255, "Tibalt's Trickery": 2868, "Tibalt's Trickery_SB": 2869, "Slaughter Games": 2512, "Idol of Endurance": 1350, "Phyrexian Censor": 2035, "Niko Aris": 1863, "Academy Loremaster": 10, "Chainsaw": 445, "Fountainport Bell": 1042, "Glint-Nest Crane": 1138, "Hammer of Purphoros": 1240, "Scattered Groves": 2342, "Arboreal Grazer_SB": 99, "Shrapnel Blast_SB": 2463, "Sixth Sense": 2494, "Alpha Authority_SB": 55, "Triton Tactics_SB": 2934, "Blood Baron of Vizkopa": 253, "Crystal Barricade_SB": 598, "Thought Erasure": 2843, "Kaya's Ghostform_SB": 1485, "Culling Ritual": 599, "Wear Down_SB": 3133, "Spring-Loaded Sawblades": 2606, "Bala Ged Recovery_SB": 173, "Turn the Earth_SB": 2944, "Tenacious Underdog_SB": 2762, "Push // Pull": 2105, "Dowsing Device": 744, "Burst Lightning_SB": 365, "Llanowar Visionary": 1647, "Skyknight Squire": 2507, "Sire of Seven Deaths": 2492, "Niv-Mizzet, Supreme_SB": 1879, "Ajani, Caller of the Pride": 42, "Burrowguard Mentor": 363, "Dryad Militant": 785, "Fleecemane Lion": 1002, "Kutzil, Malamet Exemplar": 1568, "Melira, the Living Cure": 1736, "Wilt-Leaf Liege": 3159, "Seal Away_SB": 2371, "Chandra, Hope's Beacon_SB": 457, "Choked Estuary": 473, "Ego Drain": 808, "Faerie Fencing": 929, "Obyra, Dreaming Duelist": 1916, "Shineshadow Snarl": 2448, "Sleep-Cursed Faerie": 2516, "Sunken Hollow": 2678, "Talion, the Kindly Lord": 2723, "Talion's Messenger": 2722, "Twining Twins": 2948, "Crippling Fear_SB": 582, "Flashfreeze_SB": 1001, "Phantom Interference_SB": 2030, "Blessed Alliance": 245, "Builder's Talent": 350, "Worldspine Wurm": 3189, "Assemble the Legion_SB": 140, "Runed Halo_SB": 2304, "Fanatical Firebrand": 939, "Goblin Warchief": 1176, "Krenko, Mob Boss": 1556, "Betrayer's Bargain_SB": 217, "By Force_SB": 368, "Strangle_SB": 2647, "Collateral Damage_SB": 507, "Tibalt, Rakish Instigator_SB": 2870, "Game Trail": 1073, "Glorybringer": 1145, "Cankerbloom_SB": 384, "Indomitable Creativity_SB": 1370, "Bristling Backwoods": 337, "Deeproot Champion": 654, "Quirion Dryad": 2124, "Restless Ridgeline": 2234, "Temple of Abandon": 2747, "Domri's Ambush_SB": 732, "Balustrade Wurm": 176, "Reality Shift": 2169, "Aspect of Hydra": 136, "Hunter's Talent": 1342, "Nullhide Ferox": 1897, "Steel Leaf Champion": 2625, "Garruk's Uprising_SB": 1077, "Ghalta, Primal Hunger_SB": 1099, "Deputy of Detention": 682, "Lukka, Bound to Ruin_SB": 1671, "Heliod's Intervention": 1281, "Legion's Landing": 1597, "Maskwood Nexus": 1718, "Volatile Fault": 3084, "Herald of Eternal Dawn": 1290, "Apostle of Purifying Light_SB": 89, "Chaplain of Alms_SB": 464, "Healer's Hawk_SB": 1272, "Karametra's Blessing_SB": 1473, "Blacklance Paragon": 232, "Brineborn Cutthroat": 333, "Cast Down": 401, "Cunning Nightbonder": 603, "Power Word Kill": 2078, "Reasonable Doubt": 2173, "Sea-Dasher Octopus": 2368, "Shore Up": 2456, "Ashiok's Erasure_SB": 128, "Spectral Adversary_SB": 2572, "Crawling Barrens": 579, "Desecration Demon": 685, "Evolved Sleeper": 893, "Kaervek, the Punisher": 1457, "Memorial to Folly": 1737, "Ob Nixilis Reignited_SB": 1907, "Abrade": 3, "Blazing Volley": 243, "Cinderclasm": 479, "Crash Through": 576, "Death-Rattle Oni": 638, "Dismal Backwater": 715, "Electrickery": 822, "Kessig Flamebreather": 1509, "Seismic Wave": 2393, "Stolen Vitality": 2634, "Thrill of Possibility": 2859, "Tolarian Terror": 2888, "Burn Down the House_SB": 356, "Power Word Kill_SB": 2079, "Smoldering Egg_SB": 2528, "Swamp_SB": 2698, "Edgewall Inn": 805, "Edgewall Innkeeper": 806, "Foulmire Knight": 1037, "Lucky Clover": 1670, "Midnight Reaper": 1756, "Necroblossom Snarl": 1843, "Order of Midnight": 1946, "Smitten Swordmaster": 2527, "Disfigure_SB": 714, "Massacre Girl_SB": 1719, "Stormkeld Vanguard_SB": 2641, "Gray Merchant of Asphodel": 1205, "Mephitic Draught": 1743, "Tithing Blade": 2884, "Trial of Ambition": 2930, "Warlock Class": 3119, "Corpses of the Lost_SB": 559, "Doom Foretold_SB": 736, "Life of Toshiro Umezawa_SB": 1615, "Burn Down the House": 355, "Flame-Blessed Bolt": 998, "Frostboil Snarl": 1056, "Refute": 2197, "Vampires' Vengeance": 3041, "Pelakka Wurm_SB": 2020, "Boon of the Wish-Giver": 296, "Drannith Healer": 754, "Drannith Stinger": 756, "Flourishing Fox": 1013, "Footfall Crater": 1021, "Frostveil Ambush": 1057, "Go for Blood": 1153, "Memory Leak": 1741, "Startling Development": 2620, "Valiant Rescuer": 3033, "Zenith Flare": 3222, "Enigma Drake": 865, "Ephara's Dispersal": 872, "Eroded Canyon": 876, "Essence Capture": 884, "Galvanize": 1072, "Mind Spiral": 1763, "Peculiar Lighthouse": 2017, "Pit of Offerings": 2054, "Scorching Shot": 2352, "Slick Sequence": 2519, "Winged Words": 3164, "Into the Fire_SB": 1399, "Tolarian Terror_SB": 2889, "Wildfire Howl_SB": 3155, "Burn Bright": 354, "Chimney Rabble": 472, "Domri, Anarch of Bolas": 733, "Fissure Wizard": 997, "Goblin Arsonist": 1156, "Goblin Javelineer": 1164, "Goblin Morningstar": 1165, "Goblin Trailblazer": 1174, "Grumgully, the Generous": 1217, "Heraldic Banner": 1292, "Hobgoblin Bandit Lord": 1315, "Hulking Bugbear": 1338, "Renata, Called to the Hunt": 2211, "Return of the Wildspeaker": 2241, "Rhythm of the Wild": 2248, "Subira, Tulzidi Caravanner": 2658, "You See a Pair of Goblins": 3211, "Krenko, Mob Boss_SB": 1557, "Krenko, Tin Street Kingpin_SB": 1558, "Banishing Light": 186, "Flowerfoot Swordmaster": 1015, "Mabel, Heir to Cragflame": 1680, "Seedglaive Mentor": 2389, "Short Bow": 2459, "Whiskervale Forerunner": 3148, "Abzan Charm": 9, "Deathmist Raptor": 642, "Den Protector": 674, "Mastery of the Unseen": 1725, "Sandsteppe Citadel": 2325, "Satyr Wayfinder": 2331, "Siege Rhino": 2465, "Temple of Silence": 2754, "Unyielding Gatekeeper": 3012, "Drown in Sorrow_SB": 781, "Disfigure": 713, "Gnawing Vermin": 1149, "Gossip's Talent": 1191, "Karumonix, the Rat King": 1478, "Lord Skitter, Sewer King": 1660, "Persistent Marshstalker": 2025, "Piper of the Swarm": 2053, "Shoreline Looter": 2458, "Tangled Colony": 2730, "Vren, the Relentless": 3105, "Bring the Ending_SB": 334, "Pile On_SB": 2048, "Tangled Colony_SB": 2731, "No Witnesses": 1884, "Port Town": 2070, "Temple of Enlightenment": 2748, "Jace, Architect of Thought_SB": 1436, "No Witnesses_SB": 1885, "Ayara, First of Locthwain": 161, "Brain Maggot": 314, "Erebos, Bleak-Hearted": 874, "Infernal Grasp": 1373, "Phyrexian Arena": 2033, "Underworld Dreams": 2984, "Corrupt_SB": 560, "Whack_SB": 3146, "Cinder Glade": 478, "Enter the Unknown": 868, "Mirrorwing Dragon": 1774, "Season of Growth": 2379, "Silverfur Partisan": 2480, "Young Pyromancer": 3212, "Zada, Hedron Grinder": 3217, "Temur Battle Rage_SB": 2760, "Turn Inside Out_SB": 2943, "Unnatural Moonrise_SB": 3003, "Night of the Sweets' Revenge": 1859, "Savor": 2335, "Thornvault Forager": 2841, "Tough Cookie": 2908, "Feed the Cycle_SB": 963, "Life Goes On_SB": 1614, "Savor_SB": 2336, "Abandoned Campground": 0, "Dollmaker's Shop // Porcelain Gallery": 731, "Grand Entryway // Elegant Rotunda": 1198, "Gremlin Tamer": 1210, "Inquisitive Glimmer": 1382, "Lionheart Glimmer": 1642, "Niko, Light of Hope": 1864, "Oppressive Rays": 1940, "Builder's Talent_SB": 351, "Divine Resilience_SB": 724, "Fear of Impostors_SB": 954, "Kitnap_SB": 1522, "Minor Misstep_SB": 1766, "Paladin Class_SB": 1992, "Stay Hidden, Stay Silent_SB": 2622, "Badlands Revival": 169, "Fertile Thicket": 972, "Festering Gulch": 974, "Festerleech": 975, "Foul Orchard": 1035, "Gix's Command": 1125, "Golgari Guildgate": 1187, "Hedge Shredder": 1279, "Hero's Downfall": 1295, "Jungle Hollow": 1455, "Quilled Greatwurm": 2121, "Slice from the Shadows": 2518, "Frantic Strength_SB": 1049, "Stab_SB": 2614, "Vraska's Fall_SB": 3100, "Mishra's Foundry": 1777, "Ultimate Price": 2966, "Unexpected Fangs": 2985, "Vadmir, New Blood": 3025, "Extract a Confession_SB": 912, "Kitesail Freebooter_SB": 1518, "Pilfer_SB": 2049, "Alesha, Who Laughs at Fate": 50, "Davriel, Rogue Shadowmage": 621, "Fell": 968, "Grasp of Darkness": 1200, "Master of Cruelties": 1722, "Rakdos, the Muscle": 2138, "Razorlash Transmogrant": 2164, "Razortrap Gorge": 2165, "Seize the Spoils": 2394, "Illness in the Ranks_SB": 1355, "Kaervek, the Spiteful_SB": 1458, "Painful Quandary_SB": 1988, "Witch's Vengeance_SB": 3169, "Eddymurk Crab": 803, "Haughty Djinn": 1258, "Stormwing Entity": 2645, "Gnarled Scarhide": 1146, "Madcap Skills": 1681, "Minotaur Skullcleaver": 1767, "Mogis's Marauder": 1786, "Rakdos Cackler": 2133, "Rakdos Shred-Freak": 2137, "Spike Jester": 2587, "Tormented Hero": 2901, "Doom Blade_SB": 734, "Ultimate Price_SB": 2967, "Consuming Aberration": 546, "Contaminated Aquifer": 551, "Didn't Say Please": 703, "Dimir Guildgate": 706, "Dreadwaters": 767, "Duskmantle Guildmage": 794, "Fell Specter": 969, "Jhessian Thief": 1449, "Mind Carver": 1760, "Mind Drain": 1761, "Murder": 1815, "Nezumi Informant": 1853, "Orzhov Racketeers": 1950, "Painful Quandary": 1987, "Paranoid Delusions": 1999, "Pilfered Plans": 2050, "Psychic Strike": 2103, "Razzle-Dazzler": 2167, "Read the Bones": 2168, "Sleep": 2515, "The Mindskinner": 2807, "Typhoid Rats": 2953, "Wall of Frost": 3110, "Witness Protection": 3177, "Aspect of Lamprey_SB": 137, "Blood Pact_SB": 257, "Crypt Incursion_SB": 593, "Dreadwaters_SB": 768, "Frogify_SB": 1055, "Mocking Sprite_SB": 1783, "Professor's Warning_SB": 2090, "Rogue's Gloves_SB": 2280, "Sinister Possession_SB": 2489, "Solemn Simulacrum_SB": 2544, "Sphinx of Magosi_SB": 2581, "Thieving Otter_SB": 2830, "Unlikely Aid_SB": 2999, "Zombify_SB": 3230, "Coruscation Mage": 561, "Aethersphere Harvester_SB": 31, "Burning Hands_SB": 359, "Giant Cindermaw_SB": 1107, "Lightning Mare_SB": 1626, "Wrangle_SB": 3192, "Ancient Imperiosaur": 65, "Belligerent Yearling": 213, "Fight Rigging": 985, "Intrepid Paleontologist": 1405, "Ixalli's Lorekeeper": 1428, "Palani's Hatcher": 1993, "Regisaur Alpha": 2202, "Shifting Ceratops": 2443, "Triumphant Chomp": 2935, "Shifting Ceratops_SB": 2444, "Thrashing Brontodon_SB": 2855, "Triumphant Chomp_SB": 2936, "Goblin Boarders": 1158, "Goblin Heelcutter": 1162, "Goblin Negotiation": 1166, "Goblin Surprise": 1171, "Goblinslide": 1177, "Guttersnipe": 1229, "Hellraiser Goblin": 1285, "Impact Tremors": 1360, "Pyrewild Shaman": 2107, "Redcap Gutter-Dweller": 2189, "Rigging Runner": 2251, "Subterranean Scout": 2661, "War Squeak": 3113, "Frenzied Goblin_SB": 1053, "Goblin Boarders_SB": 1159, "Goblin Surprise_SB": 1172, "Rundvelt Hordemaster_SB": 2301, "Searslicer Goblin_SB": 2378, "Siege-Gang Commander_SB": 2467, "Cruel Somnophage": 584, "Mercurial Spelldancer": 1744, "Mind Sculpt": 1762, "Ruin Crab": 2297, "Sign in Blood": 2470, "Syr Konrad, the Grim": 2714, "Bitter Chill_SB": 227, "Chart a Course_SB": 469, "See Double_SB": 2386, "Sphinx's Tutelage_SB": 2586, "Terisian Mindbreaker_SB": 2764, "Armored Kincaller": 122, "Burning Sun Cavalry": 360, "Captivating Cave": 385, "Cavern Stomper": 428, "Colossadactyl": 517, "Dinotomaton": 708, "Disturbed Slumber": 720, "Earthshaker Dreadmaw": 798, "Hidden Nursery": 1300, "Nurturing Bristleback": 1900, "Over the Edge": 1968, "Panicked Altisaur": 1995, "Pathfinding Axejaw": 2010, "Poison Dart Frog": 2064, "Promising Vein": 2094, "Rampaging Ceratops": 2148, "Rumbling Rockslide": 2299, "Scytheclaw Raptor": 2366, "Seeker of Sunlight": 2390, "Seismic Monstrosaur": 2392, "Walk with the Ancestors": 3109, "Cast Out": 402, "Reptilian Reflection": 2216, "Irencrag Pyromancer_SB": 1419, "Nahiri's Resolve": 1828, "Thousand Moons Smithy": 2848, "Tinker's Tote": 2873, "Dusk Rose Reliquary_SB": 793, "Unidentified Hovership_SB": 2993, "Case of the Crimson Pulse": 394, "Vindictive Flamestoker_SB": 3059, "Garruk's Harbinger": 1074, "Inscription of Abundance": 1385, "Lifecrafter's Bestiary": 1617, "Feed the Clan_SB": 961, "Skyreaping_SB": 2509, "Dazzling Angel": 629, "Divine Smite": 725, "Exemplar of Light": 896, "Firemane Avenger": 993, "Wind-Scarred Crag": 3162, "Bomat Courier": 281, "Falkenrath Gorger": 934, "Foreboding Ruins": 1023, "Forerunner of Slaughter": 1026, "Olivia, Mobilized for War": 1925, "Unlicensed Disintegration": 2996, "Rakdos Charm_SB": 2134, "Shock_SB": 2453, "Transgress the Mind_SB": 2917, "Briarbridge Tracker": 327, "Hard-Hitting Question": 1247, "Subterranean Schooner": 2660, "Teething Wurmlet": 2741, "Vineglimmer Snarl": 3060, "Briarbridge Tracker_SB": 328, "Hard-Hitting Question_SB": 1248, "Island_SB": 1424, "Unsummon_SB": 3008, "Gingerbread Cabin": 1122, "Rampage of the Clans": 2147, "Hangarback Walker_SB": 1243, "The Filigree Sylex_SB": 2795, "Earthshaker Khenra": 799, "Mirran Banesplitter": 1769, "Rimrock Knight": 2253, "Azorius Guildgate": 165, "Boros Guildgate": 301, "Gate Colossus": 1080, "Gatebreaker Ram": 1081, "Gates Ablaze": 1082, "Gateway Plaza": 1084, "Glaive of the Guildpact": 1129, "Gruul Guildgate": 1220, "Guild Summit": 1226, "Hour of Promise": 1336, "Izzet Guildgate": 1431, "Maze's End": 1730, "Open the Gates": 1938, "Orzhov Guildgate": 1949, "Plaza of Harmony": 2060, "Rakdos Guildgate": 2135, "Selesnya Guildgate": 2396, "Simic Guildgate": 2484, "Thran Portal": 2852, "Archway Angel_SB": 117, "Broken Bond_SB": 341, "Crackling Perimeter_SB": 571, "Strategic Planning": 2651, "Wandering Fumarole": 3111, "Essence Scatter_SB": 888, "Frantic Firebolt_SB": 1046, "Absorb": 7, "Behold the Multiverse": 211, "Saw It Coming": 2338, "Thirst for Discovery": 2836, "Primal Might": 2085, "Experiment One_SB": 903, "Garruk's Harbinger_SB": 1075, "Toxin Analysis_SB": 2910, "Shoot the Sheriff": 2454, "Smoldering Marsh": 2529, "Banehound": 182, "Curator of Mysteries": 606, "Mire Triton": 1768, "Rush of Vitality_SB": 2310, "Goblin Blast-Runner": 1157, "Implement of Combustion": 1362, "Krenko, Baron of Tin Street": 1555, "Voltage Surge": 3091, "Sunshot Militia_SB": 2683, "Essence Scatter": 887, "Flow of Knowledge": 1014, "Quick Study_SB": 2119, "Shifting Grift_SB": 2445, "Fires of Victory": 995, "Stern Lesson": 2630, "Roast_SB": 2275, "Arcane Infusion": 100, "Xenagos, God of Revels": 3197, "Aetherize_SB": 30, "Into the Roil_SB": 1402, "Volcanic Spite_SB": 3086, "Zetalpa, Primal Dawn_SB": 3225, "Flame-Blessed Bolt_SB": 999, "Ral, Izzet Viceroy_SB": 2142, "You See a Guard Approach_SB": 3210, "Aether Hub": 27, "Attune with Aether": 148, "Gather the Pack": 1087, "Lotleth Troll": 1665, "Cragplate Baloth_SB": 574, "Plains_SB": 2057, "Sporeweb Weaver_SB": 2604, "Beastie Beatdown": 206, "Omnivorous Flytrap": 1936, "Patchwork Beastie": 2006, "Return to Nature_SB": 2243, "Alseid of Life's Bounty": 58, "Hateful Eidolon": 1257, "Karametra's Blessing": 1472, "Agent of the Fates_SB": 41, "Dead Weight_SB": 631, "Eriette of the Charmed Apple_SB": 875, "Pacifism_SB": 1985, "Evolving Wilds": 895, "Gala Greeters": 1068, "Good-Fortune Unicorn": 1189, "Mossborn Hydra": 1805, "Ochre Jelly": 1918, "Sylvan Scavenging": 2710, "Wildwood Scourge": 3157, "Gaea's Gift_SB": 1067, "Gnarlid Colony_SB": 1147, "Inscription of Abundance_SB": 1386, "Trash the Town_SB": 2921, "Bristling Hydra": 338, "Electrostatic Pummeler": 823, "Fling": 1007, "Ghor-Clan Rampager": 1101, "Harnessed Lightning": 1253, "Servant of the Conduit": 2410, "Axebane Ferox_SB": 159, "Deathgorge Scavenger_SB": 640, "Gruul Spellbreaker_SB": 1221, "Insult // Injury_SB": 1395, "Wilt_SB": 3161, "Legion Angel": 1591, "Legion Angel_SB": 1592, "Gideon's Triumph_SB": 1116, "Demonic Pact": 671, "Doom Foretold": 735, "Hopeful Vigil": 1326, "Kaya's Wrath": 1486, "Sigil of the Empty Throne": 2469, "Spirit-Sister's Call": 2596, "Banishing Light_SB": 187, "Cast Out_SB": 403, "Dreadhorde Invasion_SB": 764, "Trespasser's Curse_SB": 2929, "Arashin Foremost": 96, "Blood-Chin Rager": 259, "Chief of the Edge": 471, "Gutterbones": 1228, "Mardu Strike Leader": 1710, "Mardu Woe-Reaper": 1711, "Rally the Ranks": 2144, "Secure the Wastes": 2385, "Usher of the Fallen": 3024, "Bedlam Reveler": 209, "Warlord's Fury": 3120, "Ox of Agonas_SB": 1983, "Angel of Invention": 66, "Combat Celebrant": 522, "God-Pharaoh's Gift": 1178, "Refurbish": 2196, "Arashin Cleric_SB": 95, "Commit // Memory": 528, "Spinner of Souls_SB": 2592, "Think Twice": 2833, "Sphinx's Revelation_SB": 2584, "Seal from Existence": 2372, "Ghostly Dancers_SB": 1104, "Seal from Existence_SB": 2373, "Connive // Concoct_SB": 539, "Torrential Gearhulk_SB": 2906, "Oracle of Tragedy": 1944, "Outrageous Robbery": 1965, "Hullbreaker Horror": 1340, "Boltwave_SB": 280, "Fatal Grudge": 944, "Jace, Vryn's Prodigy_SB": 1438, "Gnarlroot Trapper": 1148, "Valley Floodcaller_SB": 3036, "Valorous Stance_SB": 3039, "Pillage the Bog_SB": 2052, "Aether Channeler": 24, "Foul Emissary": 1034, "Sublime Epiphany": 2659, "Unauthorized Exit": 2973, "Fiery Annihilation_SB": 981, "Reckless Stormseeker_SB": 2182, "Arahbo, the First Fang": 94, "Felidar Cub": 966, "Feline Sovereign": 967, "Sacred Cat": 2312, "Savannah Lions": 2334, "Lion Sash_SB": 1641, "Archfiend of Depravity": 108, "Archfiend of Depravity_SB": 109, "Fade from History_SB": 924, "Loot, Exuberant Explorer": 1654, "Quicken": 2120, "Banish into Fable": 184, "The Celestus": 2788, "Reluctant Role Model": 2208, "Furnace Punisher": 1062, "March of Swirling Mist": 1706, "Invasive Surgery_SB": 1413, "The Scarab God_SB": 2814, "Pieces of the Puzzle": 2047, "Stormsplitter": 2644, "Thousand-Year Storm": 2850, "Cathartic Pyre_SB": 417, "Tamiyo, Collector of Tales_SB": 2727, "Michiko's Reign of Truth": 1755, "Rite of Oblivion": 2261, "Anthem of Champions_SB": 86, "Agatha of the Vile Cauldron": 36, "Bard Class": 192, "Hajar, Loyal Bodyguard": 1234, "Migloz, Maze Crusher": 1758, "Ruby, Daring Tracker": 2296, "Samut, Vizier of Naktamun": 2320, "Targ Nar, Demon-Fang Gnoll": 2733, "Xenagos, the Reveler": 3199, "Tinybones, the Pickpocket": 2876, "Fear of Abduction": 952, "Blue Sun's Twilight_SB": 276, "Overwhelming Remorse_SB": 1981, "Brotherhood's End": 344, "Return the Favor_SB": 2242, "Gloomshrieker": 1143, "Dennick, Pious Apprentice_SB": 677, "Sire of Seven Deaths_SB": 2493, "Dissection Tools": 719, "Dollmaker's Shop && Porcelain Gallery": 730, "Kami of Transience": 1470, "Surgical Suite && Hospital Room_SB": 2693, "Regal Bunnicorn": 2198, "Ashiok, Wicked Manipulator": 134, "Protect the Negotiators_SB": 2101, "Ajani, Strength of the Pride": 45, "Case of the Uneaten Feast": 400, "Trelasarra, Moon Dancer": 2928, "Floriferous Vinewall": 1012, "Eldritch Evolution": 821, "Urborg Lhurgoyf": 3017, "Aether Channeler_SB": 25, "Kambal, Consul of Allocation": 1468, "Tectonic Hazard_SB": 2740, "Zephyr Sentinel_SB": 3223, "Harmonious Archon": 1251, "Sandstorm Salvager": 2326, "Toby, Beastie Befriender": 2886, "Kayla's Reconstruction_SB": 1493, "Stubborn Denial_SB": 2657, "Surrak Dragonclaw": 2694, "Frantic Scapegoat": 1047, "Ritual of Soot": 2264, "Inscription of Ruin": 1387, "Callous Sell-Sword_SB": 379, "Destroy Evil": 692, "Serra Paragon_SB": 2409, "Breeding Pool_SB": 326, "Woodland Bellower": 3185, "Heartflame Duelist": 1275, "Inspiring Veteran": 1394, "Knight of Dusk's Shadow": 1528, "Knight of the Ebon Legion": 1532, "Tournament Grounds": 2909, "Venerable Knight": 3052, "Worthy Knight": 3191, "Knight of Dusk's Shadow_SB": 1529, "Filter Out": 987, "Chance for Glory": 448, "Teferi, Who Slows the Sunset": 2745, "Bag of Holding_SB": 171, "Zirda, the Dawnwaker_SB": 3227, "Despise_SB": 689, "Lifebane Zombie_SB": 1616, "Sunspine Lynx": 2684, "Light Up the Stage_SB": 1619, "Isolate_SB": 1425, "Cindervines": 480, "God-Pharaoh's Statue_SB": 1179, "Smuggler's Surprise_SB": 2532, "Wakeroot Elemental_SB": 3108, "Fetid Pools": 976, "Silvergill Adept": 2481, "Triton Shorestalker": 2933, "The Flame of Keld": 2796, "Wakeroot Elemental": 3107, "Dreadbore": 759, "Isareth the Awakener": 1422, "Nicol Bolas, the Ravager": 1857, "Omen of the Forge": 1929, "The Kami War": 2801, "Legion Extruder_SB": 1594, "This Town Ain't Big Enough": 2838, "Lost Legacy_SB": 1663, "Remorseful Cleric": 2209, "Nissa, Who Shakes the World": 1874, "Nahiri's Warcrafting_SB": 1829, "Depala, Pilot Exemplar": 678, "Magda, Brazen Outlaw": 1686, "Magda, the Hoardmaster": 1687, "Roaming Throne": 2270, "Veteran Motorist": 3056, "The Royal Scions": 2812, "Unauthorized Exit_SB": 2974, "Bilious Skulldweller": 221, "Chevill, Bane of Monsters": 470, "Fynn, the Fangbearer": 1066, "Ghost Vacuum": 1102, "Heroic Intervention": 1296, "Malakir Rebirth": 1694, "Wasteland Viper": 3126, "Infectious Bite_SB": 1372, "Akal Pakal, First Among Equals": 47, "Courser of Kruphix": 567, "Simic Manipulator": 2485, "Timestream Navigator": 2872, "Azure Beastbinder_SB": 167, "Mockingbird_SB": 1785, "Simic Manipulator_SB": 2486, "Trygon Predator_SB": 2940, "Vivien, Champion of the Wilds_SB": 3072, "Caretaker's Talent_SB": 388, "Fountainport_SB": 1043, "Rite of Oblivion_SB": 2262, "Kogla, the Titan Ape": 1540, "Cavalier of Thorns_SB": 426, "Ulvenwald Oddity_SB": 2969, "Crumbling Vestige": 590, "Sylvan Awakening": 2706, "The Mightstone and Weakstone_SB": 2806, "Kogla and Yidaro_SB": 1539, "Kogla and Yidaro": 1538, "Trumpeting Carnosaur_SB": 2939, "Dusk // Dawn_SB": 790, "Last Breath_SB": 1578, "Thunderherd Migration": 2864, "Boros Elite": 300, "Guardian of New Benalia": 1225, "Mobilized District": 1782, "Precinct Captain": 2083, "Soldier of the Pantheon": 2543, "Spellbook Vendor": 2579, "Sungold Sentinel": 2675, "Banisher Priest_SB": 185, "Bounty Agent_SB": 312, "Rally the Ranks_SB": 2145, "Wicked Wolf_SB": 3152, "Overlord of the Mistmoors_SB": 1979, "Renegade Tactics": 2214, "Fear of Isolation": 955, "Tinybones Joins Up": 2874, "Built to Smash": 352, "Wayward Guide-Beast": 3130, "Voldaren Thrillseeker_SB": 3089, "Siphon Insight_SB": 2490, "Imodane's Recruiter_SB": 1359, "Glorious Protector_SB": 1144, "Niambi, Esteemed Speaker_SB": 1854, "The Wandering Rescuer_SB": 2823, "Into the Story": 1403, "Syr Ginger, the Meal Ender_SB": 2713, "Lavinia, Azorius Renegade_SB": 1583, "Augur of Bolas": 151, "Essence Flux": 886, "Apostle of Purifying Light": 88, "Glass Casket": 1132, "Thran Power Suit": 2853, "Titania, Voice of Gaea_SB": 2883, "Treacherous Blessing_SB": 2924, "Umori, the Collector_SB": 2970, "Glass Casket_SB": 1133, "Grasp of Darkness_SB": 1201, "Necrotic Wound": 1845, "Souls of the Lost": 2565, "Necrotic Wound_SB": 1846, "Souls of the Lost_SB": 2566, "Kappa Tech-Wrecker": 1471, "Eldrazi Displacer_SB": 819, "Experimental Augury": 904, "Fleeting Spirit": 1003, "Lore Drakkis": 1661, "Open the Omenpaths": 1939, "Vadrok, Apex of Thunder": 3026, "Crucible of Worlds": 583, "Destiny Spinner": 690, "Sin Collector_SB": 2488, "Cult Conscript": 601, "Mutavault_SB": 1822, "Mukotai Ambusher_SB": 1814, "Cleansing Wildfire_SB": 495, "Vanish into Eternity_SB": 3043, "Tribute to Horobi": 2931, "Hunter's Talent_SB": 1343, "Vengeful Possession": 3054, "Hidetsugu's Second Rite_SB": 1305, "Nurturing Pixie": 1901, "Malcolm, Alluring Scoundrel": 1695, "Preacher of the Schism_SB": 2082, "Pia Nalaar, Consul of Revival": 2043, "Showdown of the Skalds": 2460, "Bassara Tower Archer": 199, "Cloudsteel Kirin": 504, "Lizard Blades": 1645, "Searing Blood": 2375, "Bomat Courier_SB": 282, "Magma Spray_SB": 1691, "Stalactite Stalker": 2616, "Lamplight Phoenix_SB": 1573, "Thirst for Meaning": 2837, "Massacre Wurm_SB": 1721, "Biting-Palm Ninja": 225, "Dokuchi Silencer": 728, "Silver-Fur Master": 2477, "Pawpatch Recruit_SB": 2015, "Soul Transfer": 2558, "Omen of the Dead": 1927, "Sentinel of the Nameless City_SB": 2405, "Sharp-Eyed Rookie": 2431, "Ayara's Oathsworn": 160, "Council of the Absolute_SB": 564, "Adventurous Impulse": 22, "Arcane Proxy": 101, "Chrome Host Seedshark": 476, "See the Truth": 2387, "Ambitious Farmhand": 61, "Cascading Cataracts": 393, "Helpful Hunter": 1287, "Thalia's Lancers": 2773, "Wilt-Leaf Liege_SB": 3160, "Cavalier of Dawn": 423, "Kotose, the Silent Spider": 1549, "Marina Vendrell": 1712, "Augur of Autumn_SB": 150, "Lavabrink Venturer_SB": 1580, "Fanatic of Mogis": 937, "Solphim, Mayhem Dominus": 2547, "Thalia and The Gitrog Monster": 2772, "Cosmic Rebirth_SB": 563, "Dreadbore_SB": 760, "Recommission": 2187, "Shatterskull Smashing_SB": 2434, "Prosperous Thief_SB": 2100, "Barkhide Troll": 194, "Gather Courage": 1085, "Tribute to the World Tree": 2932, "Setessan Tactics_SB": 2413, "Oblivious Bookworm": 1912, "Cerulean Drake_SB": 442, "Bloodthirsty Conqueror": 266, "Dina, Soul Steeper": 707, "Dryad of the Ilysian Grove": 786, "Iridescent Vinelasher": 1420, "Jaddi Offshoot": 1442, "Mirrorpool": 1771, "Retreat to Hagra": 2240, "Bristly Bill, Spine Sower_SB": 340, "Undergrowth Champion_SB": 2983, "Bladehold War-Whip": 237, "Nahiri, Forged in Fury": 1830, "Sword of Forge and Frontier": 2704, "Rebel Salvo_SB": 2175, "Silverback Elder": 2478, "Silverback Elder_SB": 2479, "Celestial Armor": 434, "Deputy of Detention_SB": 683, "Etali, Primal Conqueror": 889, "Floodpits Drowner_SB": 1011, "Massacre Wurm": 1720, "Perilous Snare": 2022, "Repurposing Bay_SB": 2219, "Momentum Breaker_SB": 1791, "Patchwork Automaton": 2005, "Birgi, God of Storytelling": 222, "Crater's Claws": 578, "Zurgo Bellstriker_SB": 3236, "Greasewrench Goblin": 1207, "Moonshaker Cavalry_SB": 1801, "Hare Apparent": 1250, "Zareth San, the Trickster": 3220, "Mendicant Core, Guidelight": 1742, "Voyager Glidecar": 3097, "Grim Bauble": 1212, "Momentum Breaker": 1790, "Oildeep Gearhulk_SB": 1921, "Count on Luck_SB": 565, "Shacklegeist_SB": 2417, "Monument to Endurance_SB": 1798, "Valor's Flagship": 3038, "Sab-Sunen, Luxa Embodied": 2311, "Liliana, Heretical Healer_SB": 1634, "Chaplain of Alms": 463, "Rune of Might": 2302, "Brightglass Gearhulk": 330, "Dredger's Insight": 775, "Dreadhorde Arcanist_SB": 762, "Archfiend's Vessel": 112, "Merfolk Secretkeeper": 1745, "Coalstoke Gearhulk": 505, "Ossification_SB": 1953, "Memory Guardian": 1740, "Grim Bauble_SB": 1213, "Djeru's Renunciation": 727, "Marauding Mako": 1702, "Monument to Endurance": 1797, "Sunbillow Verge": 2668, "Mastermind's Acquisition": 1723, "Behold the Multiverse_SB": 212, "Ketramose, the New Dawn_SB": 1511, "Mukotai Ambusher": 1813, "Bloodghast": 262, "Molt Tender": 1787, "Driven // Despair_SB": 777, "Ashiok, Wicked Manipulator_SB": 135, "Anim Pakal, Thousandth Moon": 76, "Basri, Tomorrow's Champion": 198, "Urza's Ruinous Blast_SB": 3021, "The Speed Demon": 2817, "Intimidation Tactics_SB": 1398, "Oildeep Gearhulk": 1920, "Virtue of Strength": 3068, "Bonny Pall, Clearcutter_SB": 291, "Roxanne, Starfall Savant_SB": 2291, "Optimistic Scavenger_SB": 1943, "Freestrider Lookout": 1051, "Ketramose, the New Dawn": 1510, "Scrabbling Claws": 2357, "Mosswood Dreadknight_SB": 1807, "Willowrush Verge": 3158, "Commune with Spirits": 531, "Goro-Goro, Disciple of Ryusei": 1190, "Radha, Heart of Keld": 2126, "Redshift, Rocketeer Chief": 2192, "Bleachbone Verge": 244, "Detention Chariot": 695, "Tune Up": 2941, "Kaya the Inexorable_SB": 1483, "Thundering Broodwagon": 2865, "Fearless Swashbuckler": 957, "Gastal Thrillroller": 1079, "Ashiok, Nightmare Weaver": 133, "Hazoret, Godseeker": 1269, "Jace's Defeat_SB": 1434, "Leyline Binding_SB": 1600, "Norin, Swift Survivalist": 1886, "Wastewood Verge": 3127, "Avishkar Raceway": 158, "Fuel the Flames_SB": 1060, "Skycrash_SB": 2506, "Mindlink Mech_SB": 1764, "Murderous Cut": 1817, "Anguished Unmaking_SB": 75, "Drownyard Temple": 784, "Quag Feast": 2112, "Boommobile": 294, "Hedron Archive": 1280, "Paradox Engine": 1997, "Portal of Sanctuary": 2074, "Repurposing Bay": 2218, "Terrarion": 2766, "The Mightstone and Weakstone": 2805, "Thran Spider": 2854, "Workshop Assistant": 3187, "Liberator, Urza's Battlethopter_SB": 1611, "Shrapnel Slinger_SB": 2464, "Ashiok, Nightmare Muse_SB": 132, "Benthic Biomancer": 214, "Mindspring Merfolk": 1765, "Eaten Alive_SB": 801, "Biting-Palm Ninja_SB": 226, "Kazuul's Toll Collector": 1496, "Immersturm Raider": 1357, "The Speed Demon_SB": 2818, "Harrier Strix": 1254, "Hypnotic Grifter": 1347, "The Reality Chip": 2810, "Training Grounds": 2914, "Basilisk Collar_SB": 196, "Burnout Bashtronaut": 362, "Draconautics Engineer": 745, "Howlsquad Heavy": 1337, "Volley Veteran_SB": 3090, "Swiftfoot Boots_SB": 2703, "Stock Up": 2632, "Liliana, the Last Hope_SB": 1636, "Riverpyre Verge": 2267, "Concealing Curtains": 533, "Blade Historian": 235, "Pyre of Heroes": 2106, "Night Clubber_SB": 1858, "Riptide Gearhulk_SB": 2258, "Aegis Turtle_SB": 23, "Ride's End": 2249, "Analyze the Pollen": 62, "Cleansing Wildfire": 494, "Crumble to Dust": 589, "Encroaching Wastes": 855, "Gnottvold Slumbermound": 1150, "Haphazard Bombardment": 1246, "Jaya's Greeting": 1444, "Ravager Wurm": 2159, "Rowan, Scholar of Sparks": 2290, "Rubble Reading": 2294, "Sheltered Thicket": 2436, "Structural Distortion": 2655, "Sylvan Primordial": 2709, "Territory Forge": 2767, "Twin Bolt": 2946, "Herbology Instructor_SB": 1293, "Nissa's Defeat_SB": 1869, "Peak Eruption_SB": 2016, "Scrabbling Claws_SB": 2358, "Battle at the Bridge": 201, "Spire of Industry": 2593, "Battle at the Bridge_SB": 202, "Borrowed Hostility": 303, "Barbed Batterfist": 191, "Webstrike Elite": 3136, "Demilich_SB": 666, "Progenitor Mimic": 2093, "Banefire": 180, "Steel Seraph": 2626, "Regal Imperiosaur": 2201, "Violent Urge_SB": 3063, "Boon of Boseiju": 295, "Esika's Chariot_SB": 883, "Champion of the Perished": 447, "Cryptbreaker": 594, "Dark Salvation": 616, "Dread Wanderer": 758, "Relentless Dead": 2206, "Wayward Servant": 3131, "Zahur, Glory's Past": 3219, "Fighter Class": 986, "Chainsaw_SB": 446, "Nettle Guard_SB": 1851, "Sword of Forge and Frontier_SB": 2705, "Expedition Map_SB": 901, "Stock Up_SB": 2633, "Maximize Velocity": 1727, "Birgi, God of Storytelling_SB": 223, "Samut's Sprint": 2318, "Omen of the Dead_SB": 1928, "Lost Jitte": 1662, "Lazav, Wearer of Faces": 1585, "Medomai the Ageless": 1735, "Fires of Victory_SB": 996, "Riptide Gearhulk": 2257, "Carnage Tyrant": 389, "Gather Courage_SB": 1086, "Feather, the Redeemed": 958, "Feather, the Redeemed_SB": 959, "Etali, Primal Conqueror_SB": 890, "Dewdrop Cure": 700, "Healer's Hawk": 1271, "Linden, the Steadfast Queen": 1637, "Rogue's Passage": 2281, "Ruin-Lurker Bat": 2298, "Afterburner Expert": 33, "Tamiyo's Safekeeping": 2724, "Nissa, Ascended Animist_SB": 1871, "Keruga, the Macrosage": 1507, "Twinshot Sniper": 2949, "Twinshot Sniper_SB": 2950, "Anzrag, the Quake-Mole": 87, "Adorned Pouncer": 20, "Roadside Reliquary": 2269, "Satoru Umezawa": 2329, "Out of Air_SB": 1959, "Cry of the Carnarium": 591, "Kaya, Orzhov Usurper": 1489, "Calamity's Wake_SB": 373, "Spontaneous Mutation_SB": 2603, "Sunder the Gateway": 2670, "Knight of Grace": 1530, "Swan Song_SB": 2699, "Bladestitched Skaab": 238, "Lazotep Reaver": 1587, "Enduring Tenacity_SB": 863, "Rocketeer Boostbuggy": 2276, "Chandra, Spark Hunter_SB": 458, "Azor, the Lawbringer_SB": 163, "Phoenix Chick": 2031, "Mortify": 1803, "Gix's Command_SB": 1126, "Sorin the Mirthless_SB": 2552, "Fuel the Flames": 1059, "Graf Reaver_SB": 1193, "Kraul Whipcracker_SB": 1552, "Fear of Impostors": 953, "Riptide Chimera": 2256, "Dive Down_SB": 723, "Witchstalker_SB": 3172, "Demonic Bargain": 669, "Blood Spatter Analysis": 258, "Soul-Scar Mage_SB": 2562, "Osseous Sticktwister": 1951, "Korvold, Fae-Cursed King_SB": 1548, "Dive Down": 722, "Jace Reawakened_SB": 1433, "Blessed Defiance": 247, "Seasoned Hallowblade": 2381, "The Mycosynth Gardens": 2808, "Burning Earth_SB": 358, "Alrund's Epiphany": 57, "Loot, the Pathfinder": 1655, "Fugitive Codebreaker": 1061, "Tireless Tracker_SB": 2877, "Invasion of New Phyrexia_SB": 1411, "Tangled Florahedron": 2732, "Healer of the Glade_SB": 1270, "Tale's End_SB": 2721, "Gisa, the Hellraiser_SB": 1123, "Ride's End_SB": 2250, "Omen of the Sun_SB": 1932, "Seeker of the Way_SB": 2391, "Redcap Melee": 2190, "Forbidden Friendship": 1022, "Collective Effort_SB": 512, "Perilous Snare_SB": 2023, "Commence the Endgame_SB": 525, "Beseech the Mirror_SB": 216, "Setessan Champion": 2411, "Trapped in the Screen": 2919, "Trapped in the Screen_SB": 2920, "Cryptolith Rite": 597, "Bottomless Pool && Locker Room": 308, "Bottomless Pool && Locker Room_SB": 309, "Eidolon of Blossoms_SB": 810, "Knockout Blow": 1535, "Hidetsugu's Second Rite": 1304, "Incubation Druid": 1367, "Kaya the Inexorable": 1482, "Mistrise Village": 1780, "Ral Zarek": 2139, "Tamiyo, Field Researcher": 2729, "Kunoros, Hound of Athreos_SB": 1565, "Qarsi Revenant": 2110, "Qarsi Revenant_SB": 2111, "Tersa Lightshatter": 2769, "Dragonfire Blade": 748, "Lavaspur Boots_SB": 1582, "Descendant of Storms": 684, "Cease // Desist": 432, "Cram Session": 575, "Insatiable Avarice": 1383, "The Biblioplex": 2785, "Valgavoth's Onslaught": 3030, "Containment Breach_SB": 548, "Environmental Sciences_SB": 871, "Introduction to Annihilation_SB": 1406, "Mascot Exhibition_SB": 1715, "Pest Summoning_SB": 2028, "Elspeth, Storm Slayer": 836, "United Battlefront": 2994, "Voice of Victory": 3078, "Sunder the Gateway_SB": 2671, "Voice of Victory_SB": 3079, "Mox Jasper": 1812, "Mistrise Village_SB": 1781, "Caustic Exhale": 421, "Dispelling Exhale": 717, "Foul-Tongue Invocation": 1036, "Marang River Regent": 1701, "Scavenger Regent": 2345, "Silumgar's Scorn": 2474, "Caustic Exhale_SB": 422, "Strategic Betrayal_SB": 2650, "Cori-Steel Cutter": 557, "Wild Ride": 3153, "Cori-Steel Cutter_SB": 558, "Desperate Measures": 688, "Sunpearl Kirin": 2679, "Katilda, Dawnhart Prime": 1481, "Songcrafter Mage": 2549, "Militia Bugler_SB": 1759, "Rot-Curse Rakshasa": 2286, "History of Benalia": 1312, "Strategic Betrayal": 2649, "Treasure Map": 2926, "Archangel Elspeth": 103, "Painter's Studio && Defaced Gallery": 1990, "This Town Ain't Big Enough_SB": 2839, "Banishing Slash": 188, "Of One Mind": 1919, "Stormscale Scion": 2642, "Stormscale Scion_SB": 2643, "Jaya, Fiery Negotiator": 1445, "Gurmag Angler": 1227, "Cori Mountain Monastery": 556, "Warden of the Grove": 3116, "Surrak, Elusive Hunter_SB": 2695, "United Battlefront_SB": 2995, "Paradoxical Outcome_SB": 1998, "Icon of Ancestry": 1348, "Fire Prophecy": 991, "Ghostly Pilferer": 1105, "White Sun's Twilight_SB": 3150, "Masked Vandal": 1716, "Fanatical Firebrand_SB": 940, "Liliana, Death's Majesty": 1632, "Scavenger's Talent_SB": 2347, "Runed Halo": 2303, "Shiko, Paragon of the Way": 2447, "Decadent Dragon_SB": 647, "Undead Sprinter_SB": 2979, "Boros Reckoner": 302}}