{"vocabulary": {"Arclight Phoenix": 124, "Artist's Talent": 130, "Brazen Borrower": 333, "Consider": 557, "Fiery Impulse": 1008, "Hall of Storm Giants": 1269, "Island": 1458, "Ledger Shredder": 1632, "Lightning Axe": 1666, "Opt": 1993, "Otawara, Soaring City": 2007, "Picklock Prankster": 2099, "Proft's Eidetic Memory": 2146, "Riverglide Pathway": 2323, "Shivan Reef": 2506, "Sleight of Hand": 2574, "Sokenzan, Crucible of Defiance": 2599, "Spell Pierce": 2633, "Spirebluff Canal": 2652, "Steam Vents": 2681, "Stern Dismissal": 2686, "Stormcarved Coast": 2697, "Torch the Tower": 2955, "Treasure Cruise": 2983, "Annul_SB": 87, "Ashiok, Dream Render_SB": 136, "Banefire_SB": 191, "Brazen Borrower_SB": 334, "Chandra's Defeat_SB": 462, "Crackling Drake_SB": 584, "Fiery Impulse_SB": 1009, "Mystical Dispute_SB": 1875, "Negate_SB": 1898, "Prismari Command_SB": 2141, "Thing in the Ice_SB": 2888, "Agatha of the Vile Cauldron": 40, "Bard Class": 201, "Blackcleave Cliffs": 242, "Boseiju, Who Endures": 317, "Copperline Gorge": 571, "Domri, Anarch of Bolas": 752, "Forest": 1054, "Gallia of the Endless Dance": 1096, "Hajar, Loyal Bodyguard": 1267, "Halana and Alena, Partners": 1268, "Inti, Seneschal of the Sun": 1432, "Itzquinth, Firstborn of Gishath": 1462, "Karplusan Forest": 1515, "Klothys, God of Destiny": 1563, "Migloz, Maze Crusher": 1803, "Mountain": 1856, "Mox Amber": 1858, "Oath of Nissa": 1956, "Ob Nixilis, the Adversary": 1958, "Overgrown Tomb": 2022, "Rockfall Vale": 2336, "Ruby, Daring Tracker": 2353, "Samut, Vizier of Naktamun": 2376, "Samut, Voice of Dissent": 2377, "Shadowspear": 2475, "Stomping Ground": 2693, "Targ Nar, Demon-Fang Gnoll": 2787, "Thornspire Verge": 2895, "Xenagos, the Reveler": 3263, "Back to Nature_SB": 176, "Cindervines_SB": 496, "Fog_SB": 1045, "Grafdigger's Cage_SB": 1229, "Jegantha, the Wellspring_SB": 1481, "Lithomantic Barrage_SB": 1687, "Ob Nixilis, the Adversary_SB": 1959, "Pick Your Poison_SB": 2098, "Rending Volley_SB": 2269, "Shapers' Sanctuary_SB": 2482, "Tamiyo's Safekeeping_SB": 2779, "Torpor Orb_SB": 2961, "Bitter Triumph": 240, "Blightstep Pathway": 261, "Brightclimb Pathway": 342, "Caustic Bronco": 433, "Concealed Courtyard": 548, "Duress": 809, "Fable of the Mirror-Breaker": 944, "Fatal Push": 970, "Godless Shrine": 1215, "Greasefang, Okiba Boss": 1240, "Inspiring Vantage": 1428, "Overlord of the Balemurk": 2024, "Parhelion II": 2052, "Raffine's Informant": 2184, "Sacred Foundry": 2369, "Swamp": 2750, "The Wandering Emperor": 2876, "Thoughtseize": 2901, "Damping Sphere_SB": 629, "Duress_SB": 810, "Elesh Norn, Mother of Machines_SB": 850, "Graveyard Trespasser_SB": 1238, "Kolaghan's Command_SB": 1582, "Nahiri, the Harbinger_SB": 1880, "Portable Hole_SB": 2126, "Ray of Enfeeblement_SB": 2217, "The Wandering Emperor_SB": 2877, "Unlicensed Hearse_SB": 3056, "Aftermath Analyst": 38, "Bring to Light": 348, "Brokers Hideout": 355, "Cabaretti Courtyard": 382, "Creosote Heath": 596, "Dryad's Revival": 807, "Echoing Deeps": 824, "Elesh Norn, Mother of Machines": 849, "Extinction Event": 936, "Fabled Passage": 946, "Get Lost": 1121, "Lotus Cobra": 1710, "Lotus Field": 1711, "Lumra, Bellow of the Woods": 1719, "Lush Oasis": 1721, "Maestros Theater": 1729, "Mystic Sanctuary": 1874, "Nissa, Resurgent Animist": 1922, "Obscura Storefront": 1964, "Omnath, Locus of Creation": 1983, "Omnath, Locus of the Roil": 1985, "Plains": 2109, "Port of Karfell": 2124, "Portable Hole": 2125, "Risen Reef": 2316, "Riveteers Overlook": 2325, "Scapeshift": 2399, "Spelunking": 2638, "Splendid Reclamation": 2657, "The Hunter Maze": 2854, "Valki, God of Lies": 3093, "Atraxa, Grand Unifier_SB": 152, "Get Lost_SB": 1122, "Kenrith, the Returned King_SB": 1544, "Knockout Blow_SB": 1575, "Tranquil Frillback_SB": 2974, "Unmoored Ego_SB": 3060, "Yorion, Sky Nomad_SB": 3271, "Castle Ardenvale": 417, "Deserted Beach": 704, "Dovin's Veto": 762, "Eiganjo, Seat of the Empire": 836, "Field of Ruin": 1003, "Floodfarm Verge": 1036, "Fountainport": 1067, "Hallowed Fountain": 1270, "March of Otherworldly Light": 1748, "Memory Deluge": 1783, "No More Lies": 1931, "Restless Anchorage": 2285, "Settle the Wreckage": 2470, "Shark Typhoon": 2485, "Soul Partition": 2612, "Sunken Citadel": 2730, "Supreme Verdict": 2740, "Teferi, Hero of Dominaria": 2796, "Temporary Lockdown": 2812, "Three Steps Ahead": 2911, "Aether Gust_SB": 29, "Archon of Emeria_SB": 121, "Beza, the Bounding Spring_SB": 229, "Dovin's Veto_SB": 763, "Hullbreaker Horror_SB": 1375, "Rest in Peace_SB": 2284, "Shark Typhoon_SB": 2486, "Absorb": 8, "Cling to Dust": 516, "Deadly Cover-Up": 650, "Deduce": 668, "Gloomlake Verge": 1175, "Pest Control": 2079, "Raffine's Tower": 2185, "Shambling Vent": 2481, "Vanishing Verse": 3104, "Void Rend": 3144, "Watery Grave": 3194, "Chrome Host Seedshark_SB": 492, "Fatal Push_SB": 971, "Go Blank_SB": 1186, "Narset, Parter of Veils_SB": 1888, "Pithing Needle_SB": 2108, "Thoughtseize_SB": 2902, "Arboreal Grazer": 104, "Archdruid's Charm": 112, "Bala Ged Recovery": 180, "Botanical Sanctum": 320, "Breeding Pool": 338, "Dark Petition": 631, "Emergent Ultimatum": 873, "Fae of Wishes": 953, "Hedge Maze": 1312, "Hidden Strings": 1336, "Impulse": 1400, "Into the Flood Maw": 1435, "Lair of the Hydra": 1612, "Lier, Disciple of the Drowned": 1656, "Omniscience": 1986, "Path of Peril": 2058, "Peer into the Abyss": 2070, "Pore Over the Pages": 2122, "Sylvan Scrying": 2764, "Temple of Mystery": 2806, "Thespian's Stage": 2882, "Vizier of Tumbling Sands": 3137, "Approach of the Second Sun_SB": 97, "Dragonlord Dromoka_SB": 771, "Emergent Ultimatum_SB": 874, "Leyline of Sanctity_SB": 1651, "Nine Lives_SB": 1918, "Silence_SB": 2528, "Temporary Lockdown_SB": 2813, "Thought Distortion_SB": 2897, "Atraxa, Grand Unifier": 151, "Blazemire Verge": 253, "Blood Crypt": 267, "Case of the Stashed Skeleton": 412, "Go for the Throat": 1188, "Haunted Ridge": 1296, "Mutavault": 1869, "Reckoner Bankbuster": 2240, "Transmogrify": 2976, "Urborg, Tomb of Yawgmoth": 3078, "Abrade_SB": 4, "Extinction Event_SB": 937, "Heartless Act_SB": 1311, "Hidetsugu Consumes All_SB": 1338, "Urabrask's Forge_SB": 3075, "Change the Equation": 474, "Farewell": 967, "Hengegate Pathway": 1323, "Horned Loch-Whale": 1362, "Meticulous Archive": 1797, "Strict Proctor": 2706, "Enduring Curiosity_SB": 885, "High Noon_SB": 1343, "Adanto Vanguard": 18, "All That Glitters": 56, "Battlefield Forge": 212, "Cartouche of Solidarity": 405, "Demonic Ruckus": 690, "Ethereal Armor": 916, "Gryff's Boon": 1256, "Hammerhand": 1274, "Kaya's Ghostform": 1521, "Light-Paws, Emperor's Voice": 1665, "Mana Confluence": 1741, "Needleverge Pathway": 1896, "Optimistic Scavenger": 1994, "Sentinel's Eyes": 2462, "Shardmage's Rescue": 2483, "Sheltered by Ghosts": 2493, "Skrelv, Defector Mite": 2555, "Sram, Senior Edificer": 2671, "Adanto Vanguard_SB": 19, "Doorkeeper Thrull_SB": 759, "Kellan, the Fae-Blooded_SB": 1540, "Reidane, God of the Worthy_SB": 2261, "Sheltered by Ghosts_SB": 2494, "Wear // Tear_SB": 3197, "Bloodtithe Harvester": 280, "Elegant Parlor": 846, "Fear of Missing Out": 981, "Kroxa, Titan of Death's Hunger": 1600, "Skysovereign, Consul Flagship": 2567, "Takenuma, Abandoned Mire": 2771, "Exorcise_SB": 923, "Reckoner Bankbuster_SB": 2241, "Loran of the Third Path_SB": 1701, "Vanishing Verse_SB": 3105, "Fateful Absence": 972, "Baneslayer Angel_SB": 193, "Castle Locthwain": 421, "Hive of the Eye Tyrant": 1347, "Liliana of the Veil": 1674, "Path of Peril_SB": 2059, "Callous Sell-Sword": 391, "Den of the Bugbear": 693, "Emberheart Challenger": 872, "Heartfire Hero": 1308, "Infuriate": 1411, "Kumano Faces Kakkazan": 1602, "Manifold Mouse": 1744, "Might of the Meek": 1802, "Monastery Swiftspear": 1841, "Monstrous Rage": 1843, "Ramunap Ruins": 2209, "Reckless Rage": 2236, "Slickshot Show-Off": 2577, "Sulfurous Springs": 2718, "Turn Inside Out": 3001, "Hazoret the Fervent_SB": 1302, "Reckless Rage_SB": 2237, "Screaming Nemesis_SB": 2421, "Beza, the Bounding Spring": 228, "Chained to the Rocks": 455, "Enigmatic Incarnation": 891, "Fires of Invention": 1020, "Glasspool Mimic": 1165, "Hushwood Verge": 1379, "Jetmir's Garden": 1483, "Kenrith, the Returned King": 1543, "Ketria Triome": 1550, "Leyline Binding": 1643, "Linvala, the Preserver": 1682, "Overlord of the Boilerbilges": 2026, "Overlord of the Hauntwoods": 2030, "Path to the World Tree": 2060, "Raugrin Triome": 2215, "Roaring Furnace // Steaming Sauna": 2330, "Skyclave Apparition": 2560, "Spara's Headquarters": 2625, "Temple Garden": 2800, "Titan of Industry": 2935, "Tranquil Frillback": 2973, "Up the Beanstalk": 3072, "Chandra, Awakened Inferno_SB": 466, "Lightning Helix_SB": 1669, "Archfiend of the Dross": 116, "Bonecrusher Giant": 300, "Unholy Annex // Ritual Chamber": 3049, "Unstoppable Slasher": 3062, "Invoke Despair_SB": 1452, "Torch the Tower_SB": 2956, "Unholy Annex // Ritual Chamber_SB": 3050, "Anger of the Gods_SB": 77, "Beacon Bolt_SB": 213, "Get Out_SB": 1124, "Three Steps Ahead_SB": 2912, "Sheoldred, the Apocalypse": 2497, "Liliana of the Veil_SB": 1675, "The Meathook Massacre_SB": 2860, "Molten Collapse": 1835, "Anoint with Affliction_SB": 89, "Ratchet Bomb_SB": 2212, "Ancestral Anger": 69, "Claim // Fame": 503, "Dreadhorde Arcanist": 781, "Claim // Fame_SB": 504, "Feed the Swarm_SB": 990, "Spikefield Hazard": 2646, "Brotherhood's End_SB": 358, "Ral, Crackling Wit_SB": 2198, "Demolition Field": 685, "Hullbreaker Horror": 1374, "Authority of the Consuls_SB": 161, "Change the Equation_SB": 475, "Emrakul, the Promised End_SB": 878, "Agatha's Soul Cauldron": 41, "Marvin, Murderous Mimic": 1759, "Raucous Theater": 2214, "Tree of Perdition": 2985, "Voldaren Thrillseeker": 3151, "Bitter Triumph_SB": 241, "Go for the Throat_SB": 1189, "Redcap Melee_SB": 2248, "Withering Torment_SB": 3239, "Gloomshrieker": 1176, "Indatha Triome": 1402, "Knight of Autumn": 1565, "Kroxa and Kunoros": 1599, "Nowhere to Run": 1942, "Noxious Gearhulk": 1944, "Siege Rhino": 2521, "Touch the Spirit Realm": 2964, "Zagoth Triome": 3282, "Ziatora's Proving Ground": 3290, "Zur, Eternal Schemer": 3297, "Ghost Vacuum_SB": 1132, "Notion Thief_SB": 1940, "Archon of Emeria": 120, "Aven Interrupter": 163, "Branchloft Pathway": 328, "Brushland": 359, "Collected Company": 523, "Elite Spellbinder": 852, "Elvish Mystic": 865, "Enduring Innocence": 886, "Kellan, Daring Traveler": 1536, "Llanowar Elves": 1690, "Razorverge Thicket": 2223, "Shefet Dunes": 2491, "Thalia, Guardian of Thraben": 2831, "Virtue of Loyalty": 3126, "Werefox Bodyguard": 3207, "Brutal Cathar_SB": 361, "Elite Spellbinder_SB": 853, "Guardian of Faith_SB": 1258, "Kutzil's Flanker_SB": 1607, "Adarkar Wastes": 20, "Mausoleum Wanderer": 1770, "Rattlechains": 2213, "Seachrome Coast": 2425, "Shacklegeist": 2472, "Spectral Sailor": 2631, "Spell Queller": 2635, "Supreme Phantom": 2739, "Disdainful Stroke_SB": 732, "Invasion of Gobakhan_SB": 1443, "Test of Talents_SB": 2827, "Abrade": 3, "Rotten Reunion": 2343, "Cut Down_SB": 626, "Noxious Grasp_SB": 1946, "Farewell_SB": 968, "Adeline, Resplendent Cathar": 21, "Brutal Cathar": 360, "Cavern of Souls": 441, "Coppercoat Vanguard": 570, "Dauntless Bodyguard": 636, "Hopeful Initiate": 1359, "Kytheon, Hero of Akros": 1611, "Mockingbird": 1830, "Recruitment Officer": 2245, "Thalia's Lieutenant": 2830, "Containment Priest_SB": 566, "Extraction Specialist_SB": 941, "Isolate_SB": 1460, "Wedding Announcement_SB": 3203, "Enduring Curiosity": 884, "Heartless Act": 1310, "Heliod, the Radiant Dawn": 1318, "High Noon": 1342, "Ill-Timed Explosion": 1387, "Overlord of the Floodpits": 2028, "Agent of Treachery_SB": 44, "Krenko's Buzzcrusher_SB": 1594, "Caretaker's Talent": 400, "Carrot Cake": 404, "Mirrex": 1815, "Sundown Pass": 2726, "Sunfall": 2727, "Kaheera, the Orphanguard_SB": 1495, "Aclazotz, Deepest Betrayal": 15, "Geier Reach Sanitarium": 1115, "Go Blank": 1185, "Graveyard Trespasser": 1237, "Invoke Despair": 1451, "Sheoldred's Edict": 2495, "Waste Not": 3189, "Kalitas, Traitor of Ghet_SB": 1503, "March of Wretched Sorrow_SB": 1753, "Shadows' Verdict_SB": 2474, "Bloodletter of Aclazotz": 275, "March of Wretched Sorrow": 1752, "Sheoldred, the Apocalypse_SB": 2498, "Deathcap Glade": 657, "Hinterland Harbor": 1345, "Nylea's Presence": 1954, "Overlord of the Mistmoors": 2031, "Savai Triome": 2390, "Deputy of Detention_SB": 701, "Elspeth Conquers Death_SB": 854, "Anointed Peacekeeper": 90, "Voice of Resurgence": 3139, "Anointed Peacekeeper_SB": 91, "Gideon, Ally of Zendikar_SB": 1149, "Werefox Bodyguard_SB": 3208, "Abhorrent Oculus": 1, "Cryptic Coat_SB": 611, "Untimely Malfunction_SB": 3068, "Blast Zone": 251, "Shoot the Sheriff": 2509, "The Celestus": 2844, "The End": 2847, "The Meathook Massacre": 2859, "Aclazotz, Deepest Betrayal_SB": 16, "Illness in the Ranks_SB": 1389, "Virulent Plague_SB": 3131, "Nowhere to Run_SB": 1943, "Proft's Eidetic Memory_SB": 2147, "Saheeli, Sublime Artificer_SB": 2371, "Thassa's Oracle_SB": 2836, "Leyline of the Void_SB": 1654, "Ghost Vacuum": 1131, "Unlicensed Hearse": 3055, "Blot Out_SB": 287, "Sheoldred's Edict_SB": 2496, "Blooming Marsh": 283, "Underground Mortuary": 3040, "Withering Torment": 3238, "General Kudro of Drannith": 1118, "Jirina, Dauntless General": 1486, "Jirina, Dauntless General_SB": 1487, "Chandra, Awakened Inferno": 465, "Lightning Helix": 1668, "Baleful Mastery": 182, "Censor": 453, "Confounding Riddle": 554, "Darkslick Shores": 634, "Dig Through Time": 724, "Doomsday Excruciator": 756, "Hagra Mauling": 1266, "Ipnu Rivulet": 1453, "Jace, the Perfected Mind": 1476, "Restless Reef": 2290, "Overlord of the Floodpits_SB": 2029, "Restless Vents": 2293, "Cathar Commando_SB": 428, "Discontinuity": 730, "Sphinx's Revelation": 2641, "Narset's Reversal_SB": 1885, "Settle the Wreckage_SB": 2471, "Surge of Salvation_SB": 2745, "Dreadmaw's Ire": 785, "Titan's Strength": 2937, "Legion's End_SB": 1639, "Blade of the Oni": 247, "Dust Animus_SB": 816, "Summary Dismissal_SB": 2721, "Anoint with Affliction": 88, "Misery's Shadow_SB": 1822, "Misery's Shadow": 1821, "Virtue of Persistence": 3128, "Weathered Runestone_SB": 3199, "Restless Prairie": 2289, "Parting Gust_SB": 2054, "Jwari Disruption": 1492, "Fable of the Mirror-Breaker_SB": 945, "Sorin the Mirthless_SB": 2609, "Narset, Parter of Veils": 1887, "Hidetsugu Consumes All": 1337, "Caustic Bronco_SB": 434, "Angrath, the Flame-Chained_SB": 79, "Cavalier of Thorns": 437, "Invasion of Ixalan": 1444, "Kiora, Behemoth Beckoner": 1555, "Leyline of the Guildpact": 1652, "Nykthos, Shrine to Nyx": 1952, "Old-Growth Troll": 1974, "Outcaster Trailblazer": 2013, "Polukranos Reborn": 2118, "Storm the Festival": 2696, "Ulvenwald Oddity": 3028, "Cityscape Leveler_SB": 501, "Monstrous Emergence_SB": 1842, "Obstinate Baloth_SB": 1965, "Setessan Petitioner_SB": 2468, "The Stone Brain_SB": 2875, "Pyroclasm_SB": 2165, "Gifted Aetherborn": 1150, "Kalitas, Traitor of Ghet": 1502, "Cruelclaw's Heist_SB": 601, "Brave the Elements": 331, "Containment Priest": 565, "Destroy Evil_SB": 711, "Lightning Axe_SB": 1667, "Scrapshooter": 2416, "Balustrade Wurm_SB": 186, "Elder Gargaroth_SB": 839, "Lair of the Hydra_SB": 1613, "Scrapshooter_SB": 2417, "Valgavoth, Terror Eater": 3090, "Rockface Village": 2334, "Dark Betrayal_SB": 630, "Phantom Interference": 2082, "Archangel of Wrath": 111, "Beseech the Mirror": 225, "Demonic Pact": 689, "Disturbing Mirth": 740, "Doom Foretold": 754, "Harmless Offering": 1284, "Hopeless Nightmare": 1361, "Kaya's Wrath": 1523, "Rite of Oblivion": 2318, "Shattered Sanctum": 2488, "Tinybones Joins Up": 2929, "Treacherous Blessing": 2981, "Trial of Ambition": 2988, "Heliod's Intervention_SB": 1316, "Pest Control_SB": 2080, "Slaughter Games_SB": 2570, "Castle Garenbrig": 420, "Goldvein Hydra": 1218, "Pick Your Poison": 2097, "Sylvan Caryatid": 2760, "Ulamog, the Ceaseless Hunger": 3023, "Vaultborn Tyrant": 3109, "Vorinclex": 3159, "Vorinclex, Monstrous Raider": 3160, "Wolfwillow Haven": 3246, "Arasta of the Endless Web_SB": 103, "Kogla, the Titan Ape_SB": 1580, "Nissa, Ascended Animist_SB": 1921, "Nullhide Ferox_SB": 1948, "Turn the Earth_SB": 3003, "Curious Obsession": 622, "Geistlight Snare": 1116, "Enduring Innocence_SB": 887, "Skyclave Apparition_SB": 2561, "Cut Down": 625, "Shipwreck Marsh": 2504, "Supreme Will": 2742, "The Filigree Sylex_SB": 2851, "Lantern of the Lost_SB": 1618, "Volcanic Spite": 3148, "Castle Vantress": 423, "Split Up": 2658, "Divine Smite_SB": 745, "Cacophony Scamp": 385, "Illuminator Virtuoso": 1390, "Leyline of Resonance": 1648, "Loran's Escape": 1702, "Blessed Defiance_SB": 260, "Light of Hope_SB": 1664, "Loran's Escape_SB": 1703, "Careful Cultivation": 399, "Courier's Briefcase": 579, "Cragcrown Pathway": 586, "Darkbore Pathway": 633, "Esika's Chariot": 907, "Cache Grab": 383, "Collective Brutality": 525, "Eldritch Evolution": 843, "Grisly Salvage": 1248, "Kutzil's Flanker": 1606, "Witherbloom Command": 3236, "Grand Abolisher_SB": 1231, "Knight of Autumn_SB": 1566, "Glissa Sunslayer": 1172, "Surge of Salvation": 2744, "Traverse the Ulvenwald": 2980, "Kaya, Orzhov Usurper_SB": 1527, "Steamcore Scholar": 2682, "Twinferno": 3006, "Collision // Colossus_SB": 531, "Spell Pierce_SB": 2634, "Wedding Announcement": 3202, "Elspeth, Sun's Champion_SB": 860, "March of Otherworldly Light_SB": 1749, "Collective Brutality_SB": 526, "Tear Asunder_SB": 2792, "Ritual of Soot_SB": 2322, "Overlord of the Mistmoors_SB": 2032, "Tishana's Tidebinder_SB": 2934, "Dromoka's Command_SB": 799, "Play with Fire": 2111, "Questing Druid": 2172, "Screaming Nemesis": 2420, "Soul-Scar Mage": 2618, "Rampaging Ferocidon_SB": 2207, "Hostile Hostel": 1366, "Vivien, Arkbow Ranger": 3134, "Keen-Eyed Curator_SB": 1535, "Pawpatch Formation_SB": 2065, "Tail Swipe_SB": 2769, "Glarb, Calamity's Augur": 1161, "Leyline of the Void": 1653, "Sanctuary Warden": 2378, "Abrupt Decay": 6, "Ancient Cornucopia": 70, "Clifftop Retreat": 515, "Deafening Clarion": 653, "Isolated Chapel": 1461, "Kolaghan's Command": 1581, "Krenko's Buzzcrusher": 1593, "Niv-Mizzet Reborn": 1925, "Niv-Mizzet, Supreme": 1928, "Woodland Cemetery": 3249, "Xander's Lounge": 3260, "Fading Hope": 951, "Icingdeath, Frost Tyrant": 1382, "Invasion of Gobakhan": 1442, "Malcolm, Alluring Scoundrel": 1739, "Sleep-Cursed Faerie": 2573, "Obliterating Bolt_SB": 1961, "Homestead Courage": 1353, "Unchained Berserker_SB": 3035, "Cave of the Frost Dragon": 439, "Shadowy Backstreet": 2477, "Battle Cry Goblin": 209, "Call of the Death-Dweller": 389, "Conspicuous Snoop": 560, "Fireblade Charger": 1018, "Goblin Chainwhirler": 1194, "Rundvelt Hordemaster": 2357, "Skirk Prospector": 2552, "Agatha's Soul Cauldron_SB": 42, "Squee, Dubious Monarch_SB": 2669, "Big Score": 230, "Indomitable Creativity": 1403, "Rakdos Joins Up": 2192, "Claim the Firstborn": 505, "Liliana, Death's Majesty": 1676, "Pelakka Predation": 2072, "Valgavoth's Faithful": 3087, "Liliana, the Last Hope_SB": 1680, "Unstoppable Slasher_SB": 3063, "Altanak, the Thrice-Called": 64, "The World Tree": 2881, "Worldsoul's Rage": 3252, "Zacama, Primal Calamity": 3279, "Radiant Flames_SB": 2183, "The Scarab God_SB": 2870, "Thalia, Heretic Cathar": 2833, "Veteran Survivor": 3119, "Declaration in Stone_SB": 667, "Split Up_SB": 2659, "Extraction Specialist": 940, "Reflector Mage": 2251, "Requisition Raid_SB": 2278, "Raze the Effigy_SB": 2218, "Temporal Trespass": 2810, "Young Pyromancer_SB": 3277, "Thalia, Guardian of Thraben_SB": 2832, "Recommission": 2244, "Sunspine Lynx_SB": 2738, "Agent of Treachery": 43, "Clever Impersonator": 512, "Deputy of Detention": 700, "Ghostly Dancers": 1133, "Destiny Spinner_SB": 709, "Supreme Verdict_SB": 2741, "Bonny Pall, Clearcutter": 303, "Ruric Thar, the Unbowed_SB": 2362, "Blot Out": 286, "Chimil, the Inner Sun": 486, "Bile Blight_SB": 231, "Meathook Massacre II_SB": 1778, "Case of the Crimson Pulse": 407, "Ghitu Lavarunner": 1129, "Light Up the Stage": 1662, "Witchstalker Frenzy": 3233, "Wizard's Lightning": 3243, "Case of the Crimson Pulse_SB": 408, "Magebane Lizard_SB": 1733, "Witchstalker Frenzy_SB": 3234, "Case of the Filched Falcon": 409, "Cryptic Coat": 610, "Darksteel Citadel": 635, "Ensoul Artifact": 892, "Legion Extruder": 1636, "Metallic Rebuke": 1792, "Shrapnel Blast": 2517, "Smuggler's Copter": 2587, "Spyglass Siren": 2667, "The Royal Scions": 2868, "Untimely Malfunction": 3067, "Voldaren Epicure": 3150, "Zoetic Glyph": 3292, "Metallic Rebuke_SB": 1793, "Voltage Surge_SB": 3155, "Hallowed Moonlight": 1271, "Omen of the Sea": 1980, "Elspeth's Smite": 856, "Ondu Inversion": 1988, "Pillage the Bog": 2104, "The Scarab God": 2869, "Unmoored Ego": 3059, "Culling Ritual_SB": 615, "Sunpetal Grove": 2733, "Metropolis Reformer_SB": 1799, "Dragonskull Summit": 772, "Drowned Catacomb": 803, "Emrakul, the Promised End": 877, "Rootbound Crag": 2342, "Yasharn, Implacable Earth": 3265, "Abrupt Decay_SB": 7, "Despark_SB": 705, "Kambal, Consul of Allocation_SB": 1505, "Chandra, Dressed to Kill": 467, "Lightning Strike": 1671, "Roiling Vortex_SB": 2339, "Scorching Shot_SB": 2409, "Caves of Koilos": 443, "Mazemind Tome": 1775, "Glistening Deluge_SB": 1174, "Legion Loyalist": 1638, "Goblin Ringleader_SB": 1204, "Reckless Bushwhacker_SB": 2234, "The End_SB": 2848, "Prismari Command": 2140, "Third Path Iconoclast_SB": 2891, "Dromoka's Command": 798, "Keen-Eyed Curator": 1534, "Tyvar, the Pummeler": 3019, "Adeline, Resplendent Cathar_SB": 22, "Voice of Resurgence_SB": 3140, "Nimble Larcenist": 1915, "Ruric Thar, the Unbowed": 2361, "Vein Ripper": 3110, "Nezahal, Primal Tide_SB": 1901, "Bloodchief's Thirst": 272, "Cauldron Familiar": 432, "Deadly Dispute": 652, "Mayhem Devil": 1773, "Scavenger's Talent": 2403, "Witch's Oven": 3231, "Ygra, Eater of All": 3268, "Haywire Mite_SB": 1300, "Nine Lives": 1917, "Boseiju, Who Endures_SB": 318, "Into the Flood Maw_SB": 1436, "Treasure Cruise_SB": 2984, "Unable to Scream_SB": 3032, "Deep-Cavern Bat": 669, "Neoform": 1899, "Oracle of Tragedy": 1996, "Otherworldly Gaze": 2010, "Satyr Wayfinder": 2388, "Soulflayer": 2620, "Striped Riverwinder": 2708, "Stubborn Denial": 2710, "Underground River": 3041, "Urborg Scavengers": 3077, "Zetalpa, Primal Dawn": 3288, "Deep-Cavern Bat_SB": 670, "Golgari Charm_SB": 1220, "Witherbloom Command_SB": 3237, "Zetalpa, Primal Dawn_SB": 3289, "Sanguine Evangelist_SB": 2384, "Thespian's Stage_SB": 2883, "Voyaging Satyr_SB": 3163, "Zacama, Primal Calamity_SB": 3280, "Chandra, Hope's Beacon": 469, "Sphinx of the Final Word_SB": 2640, "Sunfall_SB": 2728, "Sire of Insanity_SB": 2547, "Galvanic Iteration": 1097, "Detention Sphere_SB": 715, "Hallowed Moonlight_SB": 1272, "Claim the Firstborn_SB": 506, "Elder Gargaroth": 838, "Marina Vendrell": 1756, "Tolsimir, Friend to Wolves": 2946, "Keruga, the Macrosage_SB": 1546, "Callous Bloodmage": 390, "Nimble Larcenist_SB": 1916, "Crackling Drake": 583, "Dig Through Time_SB": 725, "Say Its Name": 2397, "Case of the Gateway Express": 410, "Gleeful Demolition": 1167, "Imodane's Recruiter": 1392, "Knight-Errant of Eos": 1572, "Novice Inspector": 1941, "Ornithopter": 2000, "Resolute Reinforcements": 2279, "Thraben Inspector": 2906, "Venerated Loxodon": 3114, "Warden of the Inner Sky": 3181, "Atarka's Command": 149, "Blossoming Defense": 284, "Pawpatch Recruit": 2066, "Snakeskin Veil": 2590, "Destructive Revelry_SB": 712, "Fry_SB": 1084, "Moon-Blessed Cleric": 1846, "Deafening Clarion_SB": 654, "Gifted Aetherborn_SB": 1151, "Imposing Sovereign": 1397, "Behold the Multiverse_SB": 222, "Languish_SB": 1616, "Experimental Augury": 930, "Ral, Crackling Wit": 2197, "Thundering Falls": 2921, "Torrential Gearhulk": 2962, "Boon-Bringer Valkyrie_SB": 310, "Inescapable Blaze_SB": 1406, "Hazoret the Fervent": 1301, "Scavenging Ooze": 2404, "Unholy Annex && Ritual Chamber": 3047, "Felonious Rage": 996, "Kari Zev's Expertise_SB": 1512, "Katilda, Dawnhart Martyr": 1517, "Lofty Denial_SB": 1694, "Nahiri, the Harbinger": 1879, "Audacity": 156, "Innkeeper's Talent_SB": 1415, "Tyvar, the Pummeler_SB": 3020, "Eidolon of the Great Revel": 834, "Hired Claw": 1346, "Magebane Lizard": 1732, "Ojer Axonil, Deepest Might": 1971, "Rampaging Ferocidon": 2206, "Razorkin Needlehead": 2219, "Leyline of Combustion_SB": 1646, "Castle Embereth": 419, "Lost Legacy_SB": 1707, "The Cruelty of Gix": 2845, "Necromentia_SB": 1893, "Wish": 3229, "Aetherflux Reservoir_SB": 32, "Galvanic Iteration_SB": 1098, "Lier, Disciple of the Drowned_SB": 1657, "Otawara, Soaring City_SB": 2008, "Epic Downfall_SB": 898, "Arid Archway": 125, "Barkchannel Pathway": 202, "Blue Sun's Twilight": 288, "Clifftop Lookout": 514, "Conduit Pylons": 553, "Dreamdew Entrancer": 791, "Dreamroot Cascade": 792, "Fecund Greenshell": 985, "Insidious Fungus": 1423, "Negate": 1897, "Outcaster Greenblade": 2012, "Pawpatch Formation": 2064, "Spinewoods Armadillo": 2648, "Magma Opus": 1734, "Stern Lesson": 2688, "Sublime Epiphany": 2713, "Unauthorized Exit": 3033, "Acererak the Archlich": 14, "Gwenna, Eyes of Gaea": 1263, "Honest Rutstein": 1354, "Kinnan, Bonder Prodigy": 1553, "Plaza of Heroes": 2114, "Relic of Legends": 2264, "Rona, Herald of Invasion": 2341, "Assassin's Trophy_SB": 145, "Cynical Loner": 628, "Restless Fortress": 2288, "Rite of the Moth": 2320, "The Restoration of Eiganjo": 2867, "Fracture_SB": 1070, "Preacher of the Schism": 2135, "Aetherling": 34, "Llanowar Wastes": 1692, "Mosswood Dreadknight": 1854, "Lush Portico": 1722, "Nylea's Intervention_SB": 1953, "Ulamog, the Ceaseless Hunger_SB": 3024, "Can't Stay Away": 395, "Faithful Mending": 959, "Souls of the Lost": 2622, "Stitcher's Supplier": 2689, "Tainted Indulgence": 2770, "Deafening Silence_SB": 655, "Stubborn Denial_SB": 2711, "Skewer the Critics": 2551, "End the Festivities_SB": 881, "Goblin Chainwhirler_SB": 1195, "Razorkin Needlehead_SB": 2220, "Urabrask's Forge": 3074, "Cenote Scout": 452, "Deeproot Pilgrimage": 673, "Floodpits Drowner": 1037, "Kumena, Tyrant of Orazca": 1604, "Kumena's Speaker": 1603, "Merfolk Trickster": 1791, "Sentinel of the Nameless City": 2460, "Tishana's Tidebinder": 2933, "Triton Tactics": 2992, "Vodalian Hexcatcher": 3138, "Eaten by Piranhas_SB": 823, "Masked Vandal_SB": 1761, "Furnace Reins_SB": 1090, "Virtue of Persistence_SB": 3129, "Abraded Bluffs": 5, "Furycalm Snarl": 1091, "Magda, the Hoardmaster": 1731, "Skullcrack_SB": 2558, "Smash to Smithereens_SB": 2583, "Soul-Guide Lantern_SB": 2617, "Tormod's Crypt_SB": 2960, "Demonic Counsel": 688, "Founding the Third Path": 1064, "Silence": 2527, "Tome Scour": 2948, "Tormod's Crypt": 2959, "Undercity Sewers": 3039, "Filter Out_SB": 1015, "Professor Onyx_SB": 2143, "Tome Scour_SB": 2949, "Ashiok, Dream Render": 135, "Glacial Fortress": 1158, "Irrigated Farmland": 1456, "Quick Study": 2174, "Valgavoth, Terror Eater_SB": 3091, "Ashiok, Nightmare Muse": 137, "Clearwater Pathway": 511, "Drown in the Loch": 802, "Sorin the Mirthless": 2608, "Cling to Dust_SB": 517, "Day's Undoing_SB": 645, "Long Goodbye_SB": 1696, "Polukranos Reborn_SB": 2119, "Aloe Alchemist": 58, "Burning-Tree Emissary": 374, "Cunning Coyote": 617, "Foundry Street Denizen": 1065, "Kari Zev's Expertise": 1511, "Reckless Bushwhacker": 2233, "Wildfire Wickerfolk": 3219, "Domri's Ambush_SB": 751, "Glorious End_SB": 1177, "Gruul Charm_SB": 1253, "Klothys, God of Destiny_SB": 1564, "Commercial District": 543, "Temur Battle Rage": 2814, "Goblin Instigator": 1197, "Hobgoblin Bandit Lord": 1349, "Questing Druid_SB": 2173, "Kenrith's Transformation_SB": 1542, "Questing Beast_SB": 2171, "Skysovereign, Consul Flagship_SB": 2568, "Wolfwillow Haven_SB": 3247, "Fauna Shaman": 974, "Linvala, the Preserver_SB": 1683, "Sorin, Vengeful Bloodlord": 2610, "Archfiend of the Dross_SB": 117, "Elvish Archivist": 862, "Garruk, Unleashed": 1105, "Gilded Goose": 1152, "Haywire Mite": 1299, "Restless Cottage": 2287, "Trail of Crumbs": 2970, "Vraan, Executioner Thane_SB": 3164, "Vraska, Golgari Queen_SB": 3169, "Emeria's Call": 875, "Selfless Spirit": 2457, "Selfless Spirit_SB": 2458, "Westvale Abbey": 3210, "Skrelv's Hive_SB": 2554, "Rewind": 2302, "Hostile Investigator": 1367, "Davriel, Rogue Shadowmage_SB": 638, "Gladecover Scout": 1159, "Saiba Cryptomancer": 2372, "Staggering Insight": 2673, "Toadstool Admirer": 2941, "Slip Out the Back_SB": 2580, "Approach of the Second Sun": 96, "Authority of the Consuls": 160, "Doomskar": 757, "Gideon's Intervention": 1144, "Ixalan's Binding": 1463, "Leyline of Sanctity": 1650, "Rest in Peace": 2283, "Search for Azcanta": 2430, "Snow-Covered Island": 2594, "Snow-Covered Plains": 2596, "Solemnity": 2602, "Sorcerous Spyglass": 2606, "Coveted Falcon_SB": 582, "Devastating Mastery_SB": 716, "Gideon's Intervention_SB": 1145, "Solemnity_SB": 2603, "Unlucky Witness": 3058, "Molten Collapse_SB": 1836, "Key to the City": 1551, "Rush of Dread": 2364, "Aetherflux Reservoir": 31, "Fog": 1044, "Toxin Analysis": 2967, "Assassin's Trophy": 144, "Festering Gulch": 1000, "Bloodchief's Thirst_SB": 273, "Swan Song_SB": 2752, "Lava Axe": 1620, "Cityscape Leveler": 500, "Vivien Reid_SB": 3133, "Forest_SB": 1055, "Pack Rat": 2039, "Break Out": 335, "Royal Treatment": 2349, "Lightning Strike_SB": 1672, "Twisted Fealty_SB": 3011, "Embereth Shieldbreaker_SB": 871, "Emry, Lurker of the Loch": 879, "Faerie Mastermind": 956, "Retraction Helix": 2295, "Valley Floodcaller": 3095, "Jace, Wielder of Mysteries_SB": 1475, "Lavinia, Azorius Renegade_SB": 1625, "Mox Amber_SB": 1859, "Retraction Helix_SB": 2296, "Blast Zone_SB": 252, "Bishop of Wings": 235, "Giada, Font of Hope": 1135, "Inspiring Overseer": 1427, "Kayla's Reconstruction": 1529, "Resplendent Angel": 2281, "Righteous Valkyrie": 2309, "Youthful Valkyrie": 3278, "Lion Sash_SB": 1685, "Jace, Vryn's Prodigy_SB": 1474, "Rockface Village_SB": 2335, "Soul Transfer": 2615, "Bandit's Talent": 188, "Foulmire Knight": 1063, "Angel of Serenity": 73, "Regal Caracal_SB": 2257, "Languish": 1615, "Bandit's Talent_SB": 189, "Deadly Cover-Up_SB": 651, "Entity Tracker": 894, "Sorcerous Spyglass_SB": 2607, "Gaea's Revenge_SB": 1094, "Sweltering Suns_SB": 2754, "Faerie Miscreant": 958, "Kaito Shizuki": 1496, "Kaito, Bane of Nightmares": 1498, "Moon-Circuit Hacker": 1848, "Dokuchi Silencer_SB": 748, "Mosswood Dreadknight_SB": 1855, "Murderous Rider_SB": 1868, "Loran of the Third Path": 1700, "Flicker of Fate": 1032, "Anzrag, the Quake-Mole": 93, "Obliterating Bolt": 1960, "Reckless Stormseeker": 2238, "The Akroan War": 2838, "The Huntsman's Redemption": 2855, "The Akroan War_SB": 2839, "Rakdos, the Muscle": 2194, "Roaring Furnace && Steaming Sauna": 2328, "Soul Search_SB": 2614, "Feldon, Ronom Excavator": 991, "Kari Zev, Skyship Raider": 1513, "Make Disappear": 1736, "Sprite Dragon": 2666, "Collision // Colossus": 530, "Bitter Reunion": 239, "Zurgo Bellstriker": 3299, "Charming Prince": 479, "Delney, Streetwise Lookout": 681, "Parting Gust": 2053, "Prosperous Innkeeper": 2153, "Reidane, God of the Worthy": 2260, "Sanguine Evangelist": 2383, "Toby, Beastie Befriender": 2942, "Aven Interrupter_SB": 164, "Reflector Mage_SB": 2252, "Stern Dismissal_SB": 2687, "Trumpeting Carnosaur": 2997, "Unholy Annex && Ritual Chamber_SB": 3048, "Outland Liberator": 2014, "Outland Liberator_SB": 2015, "Satoru, the Infiltrator": 2387, "Deathrite Shaman": 661, "Forsaken Miner": 1057, "Insidious Roots": 1424, "Priest of Forgotten Gods": 2138, "Rubblebelt Maverick": 2352, "Scrapheap Scrounger": 2415, "Tyvar, Jubilant Brawler": 3018, "Chandra, Torch of Defiance_SB": 473, "Arabella, Abandoned Doll": 99, "Embercleave": 869, "The Wandering Rescuer": 2878, "Niv-Mizzet, Parun": 1926, "Niv-Mizzet, Parun_SB": 1927, "Ertai Resurrected": 903, "Lazav, the Multifarious": 1628, "Nashi, Searcher in the Dark": 1889, "Slogurk, the Overslime": 2582, "Teshar, Ancestor's Apostle": 2825, "Titania, Voice of Gaea": 2938, "Anafenza, the Foremost_SB": 67, "Ertai Resurrected_SB": 904, "Nicol Bolas, the Ravager_SB": 1907, "Talion, the Kindly Lord_SB": 2777, "Titania, Voice of Gaea_SB": 2939, "Mirrorshell Crab": 1818, "Omen Hawker": 1976, "The Enigma Jewel": 2849, "Unable to Scream": 3031, "Fading Hope_SB": 952, "Feed the Cycle": 987, "Fires of Victory": 1021, "Koma, Cosmos Serpent": 1583, "Pyroclasm": 2164, "Valakut Awakening": 3086, "Behold the Beyond": 220, "Ossification": 2004, "Koma, Cosmos Serpent_SB": 1584, "Azor, the Lawbringer_SB": 171, "Karametra's Blessing_SB": 1510, "Kaya's Ghostform_SB": 1522, "Skrelv, Defector Mite_SB": 2556, "Ascendant Spirit": 131, "Faceless Haven": 948, "Lofty Denial": 1693, "Nebelgast Herald": 1891, "Patrician Geist": 2062, "Blue Sun's Twilight_SB": 289, "Exclusion Mage_SB": 921, "Unsubstantiate_SB": 3065, "Giant Killer": 1138, "Soaring Thought-Thief": 2598, "Thieves' Guild Enforcer": 2885, "Kaito Shizuki_SB": 1497, "Kaito, Bane of Nightmares_SB": 1499, "Castle Ardenvale_SB": 418, "Tocasia's Welcome_SB": 2943, "Footfall Crater": 1048, "Omnivorous Flytrap": 1987, "Patchwork Beastie": 2057, "Seed of Hope": 2444, "Migloz, Maze Crusher_SB": 1804, "Zoraline, Cosmos Caller": 3295, "Fragmentize_SB": 1071, "Void Rend_SB": 3145, "Bolas's Citadel": 290, "Catacomb Sifter": 425, "Woe Strider": 3244, "Status // Statue_SB": 2679, "Snow-Covered Mountain": 2595, "Silver-Fur Master": 2532, "Floodpits Drowner_SB": 1038, "Kraul Harpooner_SB": 1591, "Yasharn, Implacable Earth_SB": 3266, "Rottenmouth Viper": 2345, "Sawblade Skinripper": 2396, "Test of Talents": 2826, "Cry of the Carnarium_SB": 607, "Abuelo's Awakening": 9, "Fallaji Archaeologist": 961, "Sea Gate Restoration": 2423, "Thirst for Meaning": 2893, "Elspeth's Smite_SB": 857, "Lay Down Arms": 1626, "Bloodsoaked Champion": 277, "Dire Tactics": 729, "Gleaming Geardrake": 1166, "Lost Jitte": 1706, "Glimmerburst": 1168, "Portal to Phyrexia": 2128, "Fires of Victory_SB": 1022, "Memory Deluge_SB": 1784, "Mirrex_SB": 1816, "Blade of the Oni_SB": 248, "Demilich": 683, "Metamorphic Alteration_SB": 1796, "Hostage Taker": 1365, "Casualties of War_SB": 424, "Alpha Authority": 59, "Warbriar Blessing": 3179, "Bonecrusher Giant_SB": 301, "Chandra, Dressed to Kill_SB": 468, "Kaito, Dancing Shadow_SB": 1501, "Ashiok, Nightmare Muse_SB": 138, "Kutzil, Malamet Exemplar_SB": 1609, "Detention Sphere": 714, "Trostani, Three Whispers": 2996, "Hostile Investigator_SB": 1368, "Faceless Haven_SB": 949, "Flip the Switch": 1035, "Lazotep Plating": 1629, "Anger of the Gods": 76, "Roaring Furnace && Steaming Sauna_SB": 2329, "Royal Treatment_SB": 2350, "Dazzling Reflection_SB": 647, "Ahn-Crop Crasher_SB": 46, "Voracious Hydra_SB": 3158, "Maskwood Nexus": 1762, "Dream Trawler": 789, "Dream Trawler_SB": 790, "Surge of Righteousness_SB": 2743, "Highway Robbery": 1344, "Assemble the Players": 147, "Scavenging Ooze_SB": 2405, "Ledger Shredder_SB": 1633, "Kaya the Inexorable": 1519, "Scorching Dragonfire": 2406, "Despise": 706, "Elvish Rejuvenator": 866, "Glimpse the Core": 1170, "Sanctum of Ugin": 2379, "Shrine of the Forsaken Gods": 2520, "Ugin, the Spirit Dragon": 3021, "World Breaker": 3251, "Spatial Contortion_SB": 2627, "Jeskai Ascendancy": 1482, "Lavaspur Boots": 1623, "Mishra's Research Desk": 1824, "Restless Spire": 2292, "Sulfur Falls": 2717, "Entity Tracker_SB": 895, "Marina Vendrell_SB": 1757, "Prosperous Thief": 2155, "Biting-Palm Ninja": 236, "Dokuchi Silencer": 747, "Thousand-Faced Shadow": 2904, "Metamorphic Alteration": 1795, "Shivan Devastator": 2505, "Avabruck Caretaker": 162, "Starfield of Nyx": 2676, "Angel of Serenity_SB": 74, "Demon of Dark Schemes_SB": 686, "Harvester of Misery_SB": 1289, "Progenitor Mimic_SB": 2149, "Valki, God of Lies_SB": 3094, "Defabricate": 674, "Extract the Truth_SB": 939, "Soul Partition_SB": 2613, "Lion Sash": 1684, "Archon of Absolution_SB": 119, "Garruk's Harbinger_SB": 1102, "Sandstalker Moloch_SB": 2380, "Diamond Pick-Axe": 721, "Nahiri, the Unforgiving": 1881, "Experimental Confectioner": 931, "Elspeth, Sun's Champion": 859, "Blood Baron of Vizkopa_SB": 266, "Cathartic Pyre": 430, "Grand Abolisher": 1230, "Portent Tracker": 2130, "Leyline of Hope": 1647, "Metropolis Reformer": 1798, "Dawn's Truce_SB": 639, "Kambal, Profiteering Mayor_SB": 1506, "Charge Through": 478, "Chord of Calling": 489, "Fight as One": 1012, "Gods Willing": 1216, "Leonin Lightscribe": 1641, "March of Burgeoning Life": 1747, "Overgrown Farmland": 2021, "Season of Growth": 2435, "Tamiyo's Safekeeping": 2778, "Unwanted Remake": 3069, "Venerated Rotpriest": 3115, "Warriors' Lesson": 3187, "Collected Company_SB": 524, "Moon-Blessed Cleric_SB": 1847, "Silverfur Partisan_SB": 2536, "Thalia, Heretic Cathar_SB": 2834, "Scorching Dragonfire_SB": 2407, "Glissa Sunslayer_SB": 1173, "Mogis, God of Slaughter_SB": 1833, "Bedevil": 218, "Gala Greeters": 1095, "Jinnie Fay, Jetmir's Second": 1485, "Act of Treason_SB": 17, "Heroic Intervention_SB": 1331, "Consecrate // Consume_SB": 556, "Bloody Betrayal_SB": 281, "Knight of Grace_SB": 1570, "Evolved Sleeper": 918, "Tomik, Wielder of Law": 2951, "Sorin, Vengeful Bloodlord_SB": 2611, "Up the Beanstalk_SB": 3073, "Kroxa, Titan of Death's Hunger_SB": 1601, "Flamecache Gecko": 1027, "Gev, Scaled Scorch": 1125, "Iridescent Vinelasher": 1455, "Okiba Reckoner Raid": 1973, "Silundi Vision": 2530, "Brimaz, King of Oreskos_SB": 345, "Slickshot Show-Off_SB": 2578, "Thrun, Breaker of Silence_SB": 2916, "Doppelgang": 760, "Broken Bond_SB": 354, "Cosmic Rebirth_SB": 576, "Mazemind Tome_SB": 1776, "Ashen Rider": 132, "Combustible Gearhulk": 539, "Bonny Pall, Clearcutter_SB": 304, "Borborygmos Enraged_SB": 311, "Massacre Wurm_SB": 1765, "Rakdos, the Showstopper_SB": 2195, "Day's Undoing": 644, "Dragonlord Dromoka": 770, "Ghalta, Stampede Tyrant": 1128, "Smuggler's Surprise": 2588, "Velomachus Lorehold": 3111, "Realm-Cloaked Giant_SB": 2228, "Tyrranax Rex_SB": 3016, "Hooting Mandrills": 1357, "No One Left Behind": 1933, "Tasigur, the Golden Fang": 2790, "Thundertrap Trainer": 2922, "Yavimaya Coast": 3267, "Tolarian Terror_SB": 2945, "Splitskin Doll": 2660, "Luminarch Aspirant": 1718, "Hexgold Halberd_SB": 1333, "Lotus Field_SB": 1712, "Declaration in Stone": 666, "Devouring Light_SB": 717, "Werewolf Pack Leader": 3209, "Vivien, Monsters' Advocate_SB": 3136, "Temporal Trespass_SB": 2811, "Slip Out the Back": 2579, "Yorion, Sky Nomad": 3270, "Access Tunnel": 13, "Shakedown Heavy": 2478, "Welcoming Vampire": 3205, "Vinereap Mentor": 3123, "Mountain_SB": 1857, "Kellan, Inquisitive Prodigy": 1537, "Restless Vinestalk": 2294, "Scavenger Grounds": 2401, "Reclamation Sage_SB": 2243, "Colossal Skyturtle": 533, "Joint Exploration": 1488, "Realm-Cloaked Giant": 2227, "Sweltering Suns": 2753, "Experimental Synthesizer": 933, "Obosh, the Preypiercer_SB": 1963, "Zareth San, the Trickster_SB": 3285, "Annihilating Glare": 85, "Charred Foyer && Warped Space_SB": 481, "Prairie Stream": 2134, "Teferi, Hero of Dominaria_SB": 2797, "Dreadmaw's Ire_SB": 786, "Beanstalk Giant": 214, "Greater Tanuki": 1242, "Quintorius Kand": 2178, "Spark Double": 2626, "Bedeck // Bedazzle_SB": 217, "Consign // Oblivion_SB": 559, "Gyruda, Doom of Depths_SB": 1265, "Forge Devil_SB": 1056, "Lovestruck Beast": 1713, "Annul": 86, "Ashen Rider_SB": 133, "Carnage Tyrant_SB": 403, "Cavern of Souls_SB": 442, "Phyrexian Dragon Engine": 2090, "Azor, the Lawbringer": 170, "Aven Mindcensor_SB": 165, "Noxious Gearhulk_SB": 1945, "Boros Charm": 312, "Exquisite Firecraft_SB": 935, "Searing Blood_SB": 2432, "Spirit of the Labyrinth_SB": 2653, "Blind Obedience": 262, "Collector's Vault": 529, "Twinferno_SB": 3007, "Scourge of the Skyclaves": 2412, "Innkeeper's Talent": 1414, "Murderous Rider": 1867, "Vraska, Betrayal's Sting": 3166, "Prowling Serpopard_SB": 2158, "Abhorrent Oculus_SB": 2, "Torbran, Thane of Red Fell": 2954, "Leyline of Combustion": 1645, "Faerie Mastermind_SB": 957, "Jace, Vryn's Prodigy": 1473, "Commune with Dinosaurs": 546, "Ghalta, Primal Hunger": 1126, "Hulking Raptor": 1373, "Marauding Raptor": 1746, "Otepec Huntmaster": 2009, "Pugnacious Hammerskull": 2160, "Rampaging Raptor": 2208, "Ripjaw Raptor": 2312, "Infernal Grasp_SB": 1409, "Calamity, Galloping Inferno": 387, "Portal to Phyrexia_SB": 2129, "Defiler of Vigor": 677, "Garruk's Uprising": 1103, "Gemrazer": 1117, "Hardened Scales": 1282, "Ornery Tumblewagg": 1999, "Questing Beast": 2170, "Railway Brawler": 2187, "Ranger Class": 2210, "The Great Henge": 2853, "The Skullspore Nexus": 2872, "Yorvo, Lord of Garenbrig": 3272, "Ram Through_SB": 2203, "Bontu's Last Reckoning_SB": 305, "Chandra, Torch of Defiance": 472, "Heroic Reinforcements": 1332, "Monastery Mentor": 1839, "Stormchaser's Talent": 2698, "Third Path Iconoclast": 2890, "Bushy Bodyguard": 380, "Camellia, the Seedmiser": 393, "Giant Opportunity": 1140, "Hollow Scavenger": 1351, "Honored Dreyleader": 1355, "Ifnir Deadlands": 1386, "Tear Asunder": 2791, "Valley Rotcaller": 3097, "Wicked Wolf": 3215, "Overprotect_SB": 2033, "Calix, Guided by Fate": 388, "Generous Visitor": 1119, "Jukai Naturalist": 1490, "Spirited Companion": 2655, "Unflinching Courage": 3046, "Valgavoth's Lair": 3088, "Weaver of Harmony": 3200, "Bubble Smuggler": 362, "Growing Dread": 1249, "Hauntwoods Shrieker": 1298, "Long Goodbye": 1695, "Paranormal Analyst": 2051, "Vannifar, Evolved Enigma": 3106, "Atsushi, the Blazing Sky": 153, "Bonehoard Dracosaur": 302, "Dragon Tempest": 767, "Grafdigger's Cage": 1228, "Invasion of Tarkir": 1447, "Manaform Hellkite": 1742, "Reckless Impulse": 2235, "Shatterskull Smashing": 2489, "Wrenn's Resolve": 3258, "Tears of Valakut_SB": 2793, "Harness by Force_SB": 1286, "Burning Anger": 370, "Colossification": 535, "Grapple with the Past": 1233, "Storm Herald": 2695, "Commencement of Festivities": 542, "Defend the Hearth": 675, "Growth Spiral": 1250, "Sphinx's Tutelage": 2643, "Sultai Charm": 2719, "Winds of Qal Sisma": 3226, "Folio of Fancies_SB": 1046, "Sultai Charm_SB": 2720, "Armed and Armored": 127, "Consulate Dreadnought": 561, "Giant Ox": 1141, "Hotshot Mechanic": 1369, "Ingenious Smith": 1413, "Mech Hangar": 1779, "Surgehacker Mech": 2746, "Toolcraft Exemplar": 2952, "Unidentified Hovership": 3051, "Turntimber Symbiosis": 3004, "Archdruid's Charm_SB": 113, "Cemetery Prowler_SB": 451, "Goldvein Hydra_SB": 1219, "Lukka, Coppercoat Outcast": 1716, "Kaya, Spirits' Justice_SB": 1528, "Professor's Warning": 2144, "Enduring Courage": 883, "Commit // Memory_SB": 545, "Murderous Cut_SB": 1866, "Crumb and Get It": 602, "Defiant Strike": 676, "Favored Hoplite": 975, "Sejiri Shelter": 2451, "Crumb and Get It_SB": 603, "Baral, Chief of Compliance": 199, "Invigorated Rampage": 1450, "Blossoming Defense_SB": 285, "Colossus Hammer": 536, "Kellan, the Fae-Blooded": 1539, "Kemba, Kha Enduring": 1541, "Open the Armory": 1989, "Resolute Strike": 2280, "Sigarda's Aid": 2524, "Thud": 2917, "Thud_SB": 2918, "Deification": 680, "Elspeth Resplendent": 855, "Gideon Blackblade": 1142, "Gideon of the Trials": 1143, "Gideon's Triumph": 1146, "Oath of Kaya": 1955, "The Birth of Meletis": 2842, "Urza's Sylex": 3081, "Yahenni's Expertise": 3264, "Sunset Revelry_SB": 2735, "Empyrean Eagle": 876, "Hanged Executioner": 1277, "Rally of Wings": 2200, "Skycat Sovereign": 2559, "Topplegeist": 2953, "Watcher of the Spheres": 3193, "Errant and Giada_SB": 902, "Patch Up_SB": 2055, "Remorseful Cleric_SB": 2267, "Dictate of Kruphix": 722, "Notion Thief": 1939, "Slitherwisp": 2581, "Blacklance Paragon_SB": 244, "Cunning Nightbonder_SB": 619, "Shadowspear_SB": 2476, "Exuberant Fuseling": 942, "Frenzied Goblin": 1078, "Goblin Piledriver": 1201, "Goblin Rabblemaster": 1202, "Dewdrop Cure_SB": 720, "Adult Gold Dragon": 24, "Savage Summoning_SB": 2389, "Mystic Monastery": 1872, "Warrant // Warden": 3186, "Reduce // Rubble_SB": 2250, "Jadar, Ghoulcaller of Nephalia_SB": 1477, "Angrath's Rampage_SB": 78, "Temple of Epiphany": 2803, "Selfless Glyphweaver": 2453, "Get Out": 1123, "Secrets of the Key": 2440, "Azure Beastbinder": 174, "Bounding Krasis": 324, "Decimator of the Provinces": 665, "Elder Deep-Fiend": 837, "Fierce Empath": 1006, "Nissa, Vastwood Seer": 1923, "Reclamation Sage": 2242, "Rishkar, Peema Renegade": 2317, "Skylasher_SB": 2565, "Archangel Elspeth_SB": 109, "Nighthawk Scavenger_SB": 1911, "Wild Slash": 3217, "Chromanticore": 490, "Cragplate Baloth": 587, "Oketra the True": 1972, "Dreams of Steel and Oil_SB": 794, "Tarrian's Journal": 2788, "Rush of Adrenaline": 2363, "Silverquill Silencer": 2538, "Ulcerate_SB": 3025, "Phyrexian Fleshgorger": 2091, "Phyrexian Fleshgorger_SB": 2092, "Dreams of Steel and Oil": 793, "March of Swirling Mist_SB": 1751, "Velomachus Lorehold_SB": 3112, "Overlord of the Boilerbilges_SB": 2027, "Kick in the Door": 1552, "Violent Urge": 3124, "Charred Foyer // Warped Space_SB": 482, "Cosmic Rebirth": 575, "Escape to the Wilds": 906, "Doomskar_SB": 758, "Titan of Industry_SB": 2936, "Aqueous Form": 98, "Combat Research": 538, "Break the Spell_SB": 336, "Warbriar Blessing_SB": 3180, "Bond of Insight": 296, "Lyra Dawnbringer_SB": 1723, "Depopulate_SB": 699, "Welcoming Vampire_SB": 3206, "Deflecting Palm_SB": 679, "Akroan Crusader": 53, "Clever Lumimancer": 513, "Expedite": 925, "Gods Willing_SB": 1217, "Showdown of the Skalds_SB": 2516, "Dreadhorde Invasion": 783, "Obzedat, Ghost Council": 1967, "Silver Raven": 2531, "Eat to Extinction_SB": 821, "Realmwalker": 2229, "Ajani, Sleeper Agent_SB": 49, "Fiery Temper": 1010, "Hollow One": 1350, "Insolent Neonate": 1425, "Ovalchase Daredevil": 2019, "Alpine Moon_SB": 61, "Improbable Alliance_SB": 1399, "Hushbringer_SB": 1378, "Agadeem's Awakening": 39, "Clockwork Percussionist": 518, "Atarka's Command_SB": 150, "Dwarven Mine": 817, "Gideon, Ally of Zendikar": 1148, "Worldspine Wurm_SB": 3254, "Xenagos, God of Revels_SB": 3262, "Shardmage's Rescue_SB": 2484, "Natural State_SB": 1890, "Snow-Covered Swamp": 2597, "Perilous Voyage_SB": 2077, "Voyaging Satyr": 3162, "Discontinuity_SB": 731, "Virtue of Loyalty_SB": 3127, "Katilda, Dawnhart Martyr_SB": 1518, "Devout Decree_SB": 718, "Cemetery Desecrator": 447, "Cruelclaw's Heist": 600, "Escape Tunnel": 905, "Insatiable Avarice_SB": 1419, "Malicious Eclipse_SB": 1740, "Cathar Commando": 427, "Tenacious Underdog": 2816, "Rush of Dread_SB": 2365, "The Kenriths' Royal Funeral_SB": 2858, "Coordinated Assault": 568, "Breaking // Entering": 337, "Fraying Sanity": 1076, "Maddening Cacophony": 1726, "Soul-Guide Lantern": 2616, "Tasha's Hideous Laughter": 2789, "Come Back Wrong_SB": 540, "Cleansing Nova": 507, "Coveted Falcon": 581, "Idyllic Tutor": 1385, "Palace Siege_SB": 2043, "Bonebind Orator": 299, "Crashing Drawbridge": 591, "Fiend Artisan": 1005, "Moss-Pit Skeleton": 1852, "Osteomancer Adept": 2006, "Shigeki, Jukai Visionary": 2502, "Snarling Gorehound": 2592, "Squirming Emergence": 2670, "Ygra, Eater of All_SB": 3269, "Assimilation Aegis": 148, "Candy Trail": 396, "Disruption Protocol": 737, "Dusk Rose Reliquary": 813, "Fomori Vault": 1047, "Golos, Tireless Pilgrim": 1222, "Inventors' Fair": 1449, "Lantern of the Lost": 1617, "Moonsnare Prototype": 1850, "Prophetic Prism": 2152, "The Book of Exalted Deeds": 2843, "Tyrite Sanctum": 3014, "Whir of Invention": 3212, "Citizen's Crowbar_SB": 499, "Outrageous Robbery_SB": 2018, "Giant Killer_SB": 1139, "Deploy the Gatewatch": 697, "Interplanar Beacon": 1431, "Kaya, Intangible Slayer": 1524, "Narset of the Ancient Way": 1884, "Paradise Druid": 2048, "Tamiyo, Collector of Tales": 2780, "Tamiyo, Compleated Sage": 2782, "The Eternal Wanderer": 2850, "Nissa, Ascended Animist": 1920, "Rankle's Prank": 2211, "Repudiate // Replicate": 2274, "Thrun, Breaker of Silence": 2915, "Wrenn and Realmbreaker": 3257, "Colossal Skyturtle_SB": 534, "Song of Totentanz_SB": 2605, "Green Sun's Twilight": 1243, "Tyrranax Rex": 3015, "Invasion of Ixalan_SB": 1445, "Horned Loch-Whale_SB": 1363, "Strict Proctor_SB": 2707, "Lilah, Undefeated Slickshot": 1673, "Phyrexian Censor_SB": 2089, "Leyline of Resonance_SB": 1649, "Furnace Reins": 1089, "Bloodletter of Aclazotz_SB": 276, "Eidolon of Rhetoric_SB": 833, "Void Winnower_SB": 3146, "Unctus, Grand Metatect": 3037, "Feed the Swarm": 989, "Boros Charm_SB": 313, "Flowstone Infusion_SB": 1043, "Annie Joins Up": 84, "Phylath, World Sculptor": 2085, "Rotten Reunion_SB": 2344, "Liliana, the Last Hope": 1679, "Regal Caracal": 2256, "Izzet Charm": 1466, "Finale of Devastation": 1017, "Kitsa, Otterball Elite": 1562, "Springleaf Drum": 2665, "Wishclaw Talisman": 3230, "Altar of the Brood_SB": 65, "Attack-in-the-Box": 154, "Balemurk Leech": 183, "Broodspinner": 356, "Cackling Slasher": 384, "Cathartic Parting": 429, "Coordinated Clobbering": 569, "Flesh Burrower": 1031, "Frantic Strength": 1074, "Glimmerlight": 1169, "Grasping Longneck": 1236, "Grievous Wound": 1245, "Innocuous Rat": 1416, "Meathook Massacre II": 1777, "Overgrown Zealot": 2023, "Saw": 2394, "Slavering Branchsnapper": 2571, "Spectral Snatcher": 2632, "Spineseeker Centipede": 2647, "Sporogenic Infection": 2663, "Strangled Cemetery": 2704, "Terramorphic Expanse": 2820, "Twitching Doll": 3012, "Wary Watchdog": 3188, "Winter, Misanthropic Guide": 3228, "Conductive Machete_SB": 552, "Fanatic of the Harrowing_SB": 964, "Final Vengeance_SB": 1016, "Friendly Teddy_SB": 1080, "Give In to Violence_SB": 1155, "Manifest Dread_SB": 1743, "Murder_SB": 1864, "Selfless Glyphweaver_SB": 2454, "Tolsimir, Friend to Wolves_SB": 2947, "Dragonhawk, Fate's Tempest": 769, "Narset, Enlightened Master_SB": 1886, "Unexpected Fangs_SB": 3045, "Starnheim Unleashed_SB": 2677, "Tidebinder Mage_SB": 2926, "Goblin Ringleader": 1203, "Goblin Trashmaster": 1209, "Squee, Dubious Monarch": 2668, "Experimental Frenzy_SB": 932, "Brave the Elements_SB": 332, "Bontu's Monument": 306, "Hashep Oasis": 1290, "Thought-Knot Seer": 2899, "Arlinn, the Pack's Hope_SB": 126, "Eldrazi Obligator_SB": 842, "Thought-Knot Seer_SB": 2900, "Lukka, Coppercoat Outcast_SB": 1717, "Saheeli, Sublime Artificer": 2370, "Dazzling Theater // Prop Room": 648, "Restless Bivouac": 2286, "Siege Veteran": 2522, "Warleader's Call": 3182, "Yotian Frontliner": 3273, "Aurelia, the Law Above_SB": 159, "Helping Hand": 1322, "Hope Tender_SB": 1358, "Dwynen's Elite": 818, "Elvish Clancaller": 864, "Elvish Warmaster": 868, "Jaspera Sentinel": 1479, "Leaf-Crowned Visionary": 1631, "Secluded Courtyard": 2439, "Shaman of the Pack": 2480, "Pause for Reflection_SB": 2063, "Phyrexian Revoker_SB": 2094, "Sentinel of Lost Lore_SB": 2459, "Soulless Jailer_SB": 2621, "Ferocious Werefox_SB": 997, "Deeproot Elite": 672, "Forensic Researcher": 1051, "Kiora's Follower": 1554, "Kitesail Larcenist": 1558, "Three Tree City": 2913, "Forensic Researcher_SB": 1052, "Kopala, Warden of Waves_SB": 1586, "Lost in the Maze_SB": 1708, "Prophet of Kruphix_SB": 2151, "Snow-Covered Forest": 2593, "Consign // Oblivion": 558, "Creative Outburst": 594, "Vanquish the Horde_SB": 3107, "Takenuma, Abandoned Mire_SB": 2772, "Barrier Breach_SB": 204, "Kazuul's Fury": 1532, "Tail Swipe": 2768, "Giant Growth": 1137, "Snakeskin Veil_SB": 2591, "Bedeck // Bedazzle": 216, "Herd Migration": 1328, "Mirrorshell Crab_SB": 1819, "Quakebringer_SB": 2169, "Drannith Ruins": 775, "Faerie Dreamthief": 954, "Spell Stutter": 2636, "Overlord of the Balemurk_SB": 2025, "Plumecreed Escort_SB": 2116, "Speaker of the Heavens": 2629, "Possibility Storm": 2131, "Sunset Revelry": 2734, "Blind Obedience_SB": 263, "Outlaws' Merriment_SB": 2016, "Rip Apart_SB": 2311, "Archon of Sun's Grace": 122, "Omen of the Sun": 1981, "Seal Away": 2426, "Starfall Invocation_SB": 2675, "Collateral Damage": 521, "Eidolon of the Great Revel_SB": 835, "Wandering Mind": 3177, "Chandra, Acolyte of Flame_SB": 464, "The Autonomous Furnace": 2840, "Bushwhack": 379, "Circle of Dreams Druid": 497, "Elvish Visionary": 867, "Deathrite Shaman_SB": 662, "Cavalier of Flame": 436, "Vraska, Betrayal's Sting_SB": 3167, "Gruul Charm": 1252, "Chandra, Acolyte of Flame": 463, "Exquisite Firecraft": 934, "Tale's End": 2773, "Urza's Sylex_SB": 3082, "Braids, Arisen Nightmare": 326, "Spiteful Hexmage": 2656, "Haunted Ridge_SB": 1297, "Basri Ket_SB": 206, "Unwanted Remake_SB": 3070, "Roaring Furnace // Steaming Sauna_SB": 2331, "Not on My Watch_SB": 1938, "Doppelgang_SB": 761, "Holy Cow": 1352, "Archangel of Tithes_SB": 110, "Conclave Tribunal_SB": 551, "Shalai, Voice of Plenty_SB": 2479, "Fanatical Offering": 966, "Popular Egotist": 2120, "Cemetery Illuminator": 449, "Cemetery Illuminator_SB": 450, "Balmor, Battlemage Captain": 184, "Shore Up_SB": 2512, "Bag of Holding": 178, "Jace, Architect of Thought": 1471, "Teferi, Master of Time": 2798, "Cleansing Nova_SB": 508, "Eerie Ultimatum_SB": 829, "Inspired Ultimatum_SB": 1426, "Nicol Bolas, Dragon-God_SB": 1905, "Sarkhan the Masterless_SB": 2385, "Thief of Sanity_SB": 2884, "Botanical Brawler": 319, "Bristly Bill, Spine Sower": 352, "Conclave Mentor": 550, "Kodama of the West Tree": 1576, "Ozolith, the Shattered Spire": 2037, "Stonecoil Serpent": 2694, "Urgent Necropsy": 3079, "Archangel Avacyn_SB": 108, "Wrenn's Resolve_SB": 3259, "Jace Reawakened": 1468, "Rabid Gnaw": 2181, "Shock": 2507, "Kazandu Mammoth": 1531, "Strangle": 2702, "Azorius Charm": 172, "Scavenger Grounds_SB": 2402, "The Scorpion God_SB": 2871, "Fortified Village": 1059, "Nightveil Predator": 1912, "Rhonas the Indomitable": 2303, "Depopulate": 698, "Painful Truths_SB": 2042, "Fortified Beachhead": 1058, "Consuming Tide_SB": 563, "The Cruelty of Gix_SB": 2846, "Vraska, Golgari Queen": 3168, "Maximize Velocity_SB": 1772, "Field of Ruin_SB": 1004, "Eidolon of Blossoms": 831, "Bond of Revival": 297, "Rhonas the Indomitable_SB": 2304, "Whisperwood Elemental_SB": 3214, "Blazemire Verge_SB": 254, "Citywide Bust_SB": 502, "Hoarding Broodlord_SB": 1348, "Enduring Vitality": 889, "Kona, Rescue Beastie": 1585, "Selfless Savior": 2455, "Seraphic Steed": 2463, "Survivors' Encampment": 2749, "Selfless Savior_SB": 2456, "Elesh Norn_SB": 851, "Zoyowa Lava-Tongue": 3296, "Exuberant Fuseling_SB": 943, "Kaya, Intangible Slayer_SB": 1525, "Renounce the Guilds_SB": 2272, "Duelist of the Mind": 808, "Orazca Puzzle-Door": 1997, "Monastery Mentor_SB": 1840, "Enduring Bondwarden": 882, "Hangarback Walker": 1275, "Quirion Beastcaller": 2179, "Bolas's Citadel_SB": 291, "Catacomb Sifter_SB": 426, "Popular Egotist_SB": 2121, "Prosperous Innkeeper_SB": 2154, "Woe Strider_SB": 3245, "Elvish Archivist_SB": 863, "Ugin, the Spirit Dragon_SB": 3022, "Fblthp, the Lost": 976, "Shoot the Sheriff_SB": 2510, "Armored Scrapgorger": 129, "Eldrazi Displacer": 840, "Viashino Pyromancer": 3120, "Dawnbringer Cleric_SB": 641, "Den of the Bugbear_SB": 694, "Dispel_SB": 736, "Kitesail Larcenist_SB": 1559, "Suncleanser_SB": 2723, "Debt to the Kami": 663, "Debt to the Kami_SB": 664, "Release to the Wind": 2262, "Angelfire Ignition": 75, "Tenth District Legionnaire": 2818, "Steel Seraph_SB": 2685, "Izoni, Center of the Web": 1465, "Lively Dirge": 1688, "Renegade Rallier": 2270, "Play with Fire_SB": 2112, "Drag to the Roots": 766, "Castle Locthwain_SB": 422, "Edgar, Charmed Groom_SB": 826, "Silent Gravestone_SB": 2529, "Gates of Istfell": 1110, "Fateful Absence_SB": 973, "No More Lies_SB": 1932, "Korvold, Fae-Cursed King": 1587, "Guardian of Faith": 1257, "Phyrexian Vindicator_SB": 2095, "Kozilek's Return_SB": 1590, "Alchemist's Gambit": 54, "Intrepid Adversary": 1439, "Experiment One": 928, "Unclaimed Territory": 3036, "Cyclonic Rift": 627, "Rona's Vortex": 2340, "Curse of Silence_SB": 623, "Nighthawk Scavenger": 1910, "Gyruda, Doom of Depths": 1264, "Cease // Desist_SB": 445, "Case of the Gateway Express_SB": 411, "Hidden Necropolis": 1334, "Temple of Malady": 2804, "Temple of Malice": 2805, "Brimaz, King of Oreskos": 344, "Collector's Cage": 528, "Warping Wail_SB": 3185, "Kitnap": 1560, "Undead Sprinter": 3038, "Bloodtithe Collector": 279, "Goddric, Cloaked Reveler": 1214, "Bonders' Enclave": 298, "Nicol Bolas, Dragon-God": 1904, "Vampires' Vengeance_SB": 3102, "Blood Crypt_SB": 268, "Evolving Adaptive": 919, "Pelt Collector": 2074, "Voltaic Brawler": 3156, "Embercleave_SB": 870, "Vengeful Possession_SB": 3117, "Ingenious Prodigy": 1412, "Glarb, Calamity's Augur_SB": 1162, "Tomik, Distinguished Advokist_SB": 2950, "Bamboo Grove Archer_SB": 187, "Sunken Citadel_SB": 2731, "Mastermind's Acquisition_SB": 1768, "Season of the Burrow_SB": 2436, "Spinner of Souls": 2649, "Abyssal Harvester": 10, "Zur, Eternal Schemer_SB": 3298, "Burst Lightning": 377, "Scab-Clan Berserker_SB": 2398, "Knight-Errant of Eos_SB": 1573, "Boltwave": 292, "Elenda, Saint of Dusk": 847, "Elenda, Saint of Dusk_SB": 848, "Serra Paragon": 2464, "Waste Not_SB": 3190, "High Fae Trickster_SB": 1341, "Fervent Champion": 999, "Goblin Tomb Raider": 1207, "Leyline Axe": 1642, "Kaito, Cunning Infiltrator": 1500, "Scrawling Crawler": 2419, "Brass Knuckles": 329, "Fabrication Foundry": 947, "Metalwork Colossus": 1794, "Simulacrum Synthesizer": 2543, "The Irencrag": 2856, "Wedding Invitation": 3204, "Mystic Forge_SB": 1871, "Varragoth, Bloodsky Sire": 3108, "Syr Ginger, the Meal Ender": 2765, "Saiba Cryptomancer_SB": 2373, "Nahiri, the Unforgiving_SB": 1882, "Ajani, Sleeper Agent": 48, "Alms of the Vein": 57, "Demand Answers": 682, "Grab the Prize": 1226, "Markov Baron": 1758, "Nullpriest of Oblivion": 1949, "Skullcrack": 2557, "Expedition Map": 926, "Evangel of Synthesis": 917, "Kiora, the Rising Tide": 1556, "Raffine, Scheming Seer": 2186, "Dropkick Bomber": 800, "Searslicer Goblin": 2433, "Creeping Chill": 595, "Driven // Despair": 796, "Haunted Dead": 1295, "Narcomoeba": 1883, "Prized Amalgam": 2142, "Silversmote Ghoul": 2539, "Wail of the Forgotten": 3171, "Huskburster Swarm_SB": 1380, "Zombify": 3293, "Blooming Blast": 282, "Cemetery Gatekeeper_SB": 448, "Mission Briefing": 1825, "Not on My Watch": 1937, "Dawnbringer Cleric": 640, "Camellia, the Seedmiser_SB": 394, "Trail of Crumbs_SB": 2971, "Bulk Up": 366, "Voracious Hydra": 3157, "Hornet Queen_SB": 1364, "Cut // Ribbons": 624, "Blacksmith's Talent": 245, "Herald of Eternal Dawn_SB": 1325, "Temple of Plenty": 2807, "Peer into the Abyss_SB": 2071, "The Witch's Vanity": 2880, "Day of Judgment": 642, "Liliana, Dreadhorde General": 1677, "Hanweir Battlements": 1278, "Response // Resurgence_SB": 2282, "Scorn-Blade Berserker": 2410, "Essence Channeler": 910, "Fountain of Renewal": 1066, "Heliod, Sun-Crowned": 1317, "Hooded Blightfang": 1356, "Indulging Patrician": 1405, "Revival // Revenge": 2301, "Scoured Barrens": 2411, "Vampire of the Dire Moon": 3100, "Vito, Thorn of the Dusk Rose": 3132, "Voice of the Blessed": 3143, "Deathmark_SB": 659, "Tinybones, Bauble Burglar": 2930, "Lava Axe_SB": 1621, "Skrelv's Hive": 2553, "Flicker of Fate_SB": 1033, "Kykar, Zephyr Awakener": 1610, "Infestation Sage": 1410, "Ill-Timed Explosion_SB": 1388, "Omnath, Locus of Creation_SB": 1984, "Scrapwork Mutt": 2418, "Tyvar's Stand": 3017, "Spawn of Mayhem": 2628, "Karn, Scion of Urza_SB": 1514, "Maelstrom Pulse": 1727, "Banner of Kinship": 198, "Elvish Archdruid": 861, "Citanul Stalwart": 498, "Sylvan Messenger_SB": 2761, "Joust Through_SB": 1489, "Genesis Wave": 1120, "Samut, Tyrant Smasher": 2375, "Bouncer's Beatdown_SB": 323, "Soulstone Sanctuary": 2624, "Torment of Hailfire_SB": 2957, "Drake Hatcher_SB": 773, "Curator of Destinies_SB": 620, "Blitz of the Thunder-Raptor": 264, "Long River's Pull": 1697, "Unsubstantiate": 3064, "Sugar Coat_SB": 2716, "Imposing Sovereign_SB": 1398, "Haunted Cloak": 1294, "Swiftfoot Boots": 2755, "Flameblade Adept": 1026, "Ox of Agonas": 2035, "Dread Fugue": 777, "Lunarch Veteran": 1720, "Skyclave Cleric": 2562, "Ajani, Strength of the Pride_SB": 51, "The Raven Man_SB": 2865, "Dusk Legion Duelist": 812, "Make Disappear_SB": 1737, "Toxrill, the Corrosive_SB": 2969, "Expansion // Explosion": 924, "Seasons Past": 2438, "Haughty Djinn_SB": 1293, "Charming Scoundrel": 480, "Deflecting Palm": 678, "Fallaji Vanguard": 962, "Fortune, Loyal Steed": 1060, "Hellspur Posse Boss": 1320, "Panharmonicon": 2046, "Requisition Raid": 2277, "Temple of Triumph": 2809, "Terror of the Peaks": 2823, "Witty Roastmaster": 3242, "Aetherstorm Roc_SB": 36, "Anim Pakal, Thousandth Moon_SB": 83, "Chance for Glory_SB": 461, "Demonic Ruckus_SB": 691, "Impact Tremors_SB": 1395, "Bristlebud Farmer": 349, "Phyrexian Obliterator_SB": 2093, "Brass's Tunnel-Grinder": 330, "Raise the Past": 2188, "Chained to the Rocks_SB": 456, "Plumecreed Escort": 2115, "Icon of Ancestry_SB": 1383, "Kellan, Planar Trailblazer": 1538, "Maelstrom Pulse_SB": 1728, "Anguished Unmaking": 80, "Blessed Alliance_SB": 258, "Day of Judgment_SB": 643, "Thassa's Oracle": 2835, "Niv-Mizzet, Visionary_SB": 1930, "Mystic Repeal_SB": 1873, "Reasonable Doubt_SB": 2231, "Rottenmouth Viper_SB": 2346, "Thing in the Ice": 2887, "Witness Protection_SB": 3241, "Heaped Harvest": 1307, "Thassa, God of the Sea": 2837, "Phyrexian Arena_SB": 2087, "Tibalt's Trickery": 2923, "Tibalt's Trickery_SB": 2924, "Slaughter Games": 2569, "Idol of Endurance": 1384, "Phyrexian Censor": 2088, "Niko Aris": 1913, "Academy Loremaster": 12, "Chainsaw": 457, "Fountainport Bell": 1068, "Glint-Nest Crane": 1171, "Hammer of Purphoros": 1273, "Scattered Groves": 2400, "Arboreal Grazer_SB": 105, "Sixth Sense": 2550, "Alpha Authority_SB": 60, "Shrapnel Blast_SB": 2518, "Triton Tactics_SB": 2993, "Blood Baron of Vizkopa": 265, "Crystal Barricade_SB": 613, "Thought Erasure": 2898, "Culling Ritual": 614, "Wear Down_SB": 3198, "Spring-Loaded Sawblades": 2664, "Bala Ged Recovery_SB": 181, "Tenacious Underdog_SB": 2817, "Push // Pull": 2161, "Dowsing Device": 764, "Burst Lightning_SB": 378, "Llanowar Visionary": 1691, "Skyknight Squire": 2564, "Niv-Mizzet, Supreme_SB": 1929, "Sire of Seven Deaths": 2548, "Ajani, Caller of the Pride": 47, "Burrowguard Mentor": 376, "Dryad Militant": 805, "Fleecemane Lion": 1029, "Kutzil, Malamet Exemplar": 1608, "Melira, the Living Cure": 1781, "Wilt-Leaf Liege": 3222, "Seal Away_SB": 2427, "Chandra, Hope's Beacon_SB": 470, "Choked Estuary": 488, "Ego Drain": 830, "Faerie Fencing": 955, "Obyra, Dreaming Duelist": 1966, "Shineshadow Snarl": 2503, "Sunken Hollow": 2732, "Talion, the Kindly Lord": 2776, "Talion's Messenger": 2775, "Twining Twins": 3008, "Crippling Fear_SB": 597, "Flashfreeze_SB": 1028, "Phantom Interference_SB": 2083, "Blessed Alliance": 257, "Builder's Talent": 363, "Worldspine Wurm": 3253, "Assemble the Legion_SB": 146, "Runed Halo_SB": 2360, "Fanatical Firebrand": 965, "Goblin Warchief": 1210, "Krenko, Mob Boss": 1596, "Betrayer's Bargain_SB": 227, "By Force_SB": 381, "Strangle_SB": 2703, "Collateral Damage_SB": 522, "Tibalt, Rakish Instigator_SB": 2925, "Game Trail": 1100, "Glorybringer": 1179, "Cankerbloom_SB": 397, "Aspect of Hydra": 142, "Hunter's Talent": 1376, "Nullhide Ferox": 1947, "Steel Leaf Champion": 2683, "Garruk's Uprising_SB": 1104, "Ghalta, Primal Hunger_SB": 1127, "Indomitable Creativity_SB": 1404, "Balustrade Wurm": 185, "Reality Shift": 2226, "Apostle of Purifying Light_SB": 95, "Chaplain of Alms_SB": 477, "Healer's Hawk_SB": 1306, "Lukka, Bound to Ruin_SB": 1715, "Heliod's Intervention": 1315, "Legion's Landing": 1640, "Volatile Fault": 3147, "Herald of Eternal Dawn": 1324, "Cast Down": 414, "Desecration Demon": 703, "Kaervek, the Punisher": 1493, "Mishra's Foundry": 1823, "Ultimate Price": 3026, "Unexpected Fangs": 3044, "Vadmir, New Blood": 3084, "Extract a Confession_SB": 938, "Kitesail Freebooter_SB": 1557, "Pilfer_SB": 2102, "Bedlam Reveler": 219, "Frostboil Snarl": 1082, "Warlord's Fury": 3184, "Ox of Agonas_SB": 2036, "Dazzling Angel": 646, "Divine Smite": 744, "Exemplar of Light": 922, "Firemane Avenger": 1019, "Wind-Scarred Crag": 3225, "Blazing Volley": 255, "Cinderclasm": 494, "Crash Through": 590, "Death-Rattle Oni": 656, "Dismal Backwater": 735, "Electrickery": 844, "Kessig Flamebreather": 1547, "Seismic Wave": 2449, "Stolen Vitality": 2692, "Thrill of Possibility": 2914, "Tolarian Terror": 2944, "Burn Down the House_SB": 369, "Power Word Kill_SB": 2133, "Smoldering Egg_SB": 2585, "Swamp_SB": 2751, "Edgewall Inn": 827, "Edgewall Innkeeper": 828, "Lucky Clover": 1714, "Midnight Reaper": 1801, "Necroblossom Snarl": 1892, "Order of Midnight": 1998, "Smitten Swordmaster": 2584, "Disfigure_SB": 734, "Massacre Girl_SB": 1763, "Stormkeld Vanguard_SB": 2699, "Gray Merchant of Asphodel": 1239, "Mephitic Draught": 1788, "Tithing Blade": 2940, "Warlock Class": 3183, "Corpses of the Lost_SB": 572, "Doom Foretold_SB": 755, "Life of Toshiro Umezawa_SB": 1659, "Burn Down the House": 368, "Flame-Blessed Bolt": 1024, "Refute": 2254, "Vampires' Vengeance": 3101, "Pelakka Wurm_SB": 2073, "Boon of the Wish-Giver": 309, "Drannith Healer": 774, "Drannith Stinger": 776, "Flourishing Fox": 1040, "Frostveil Ambush": 1083, "Go for Blood": 1187, "Memory Leak": 1786, "Startling Development": 2678, "Valiant Rescuer": 3092, "Zenith Flare": 3286, "Enigma Drake": 890, "Ephara's Dispersal": 897, "Eroded Canyon": 901, "Essence Capture": 909, "Galvanize": 1099, "Mind Spiral": 1808, "Peculiar Lighthouse": 2069, "Pit of Offerings": 2107, "Scorching Shot": 2408, "Shore Up": 2511, "Slick Sequence": 2576, "Winged Words": 3227, "Into the Fire_SB": 1434, "Wildfire Howl_SB": 3218, "Burn Bright": 367, "Chimney Rabble": 487, "Fissure Wizard": 1023, "Goblin Arsonist": 1190, "Goblin Javelineer": 1198, "Goblin Morningstar": 1199, "Goblin Trailblazer": 1208, "Grumgully, the Generous": 1251, "Heraldic Banner": 1326, "Hulking Bugbear": 1372, "Renata, Called to the Hunt": 2268, "Return of the Wildspeaker": 2298, "Rhythm of the Wild": 2305, "Subira, Tulzidi Caravanner": 2712, "You See a Pair of Goblins": 3275, "Krenko, Mob Boss_SB": 1597, "Krenko, Tin Street Kingpin_SB": 1598, "Banishing Light": 196, "Flowerfoot Swordmaster": 1042, "Mabel, Heir to Cragflame": 1724, "Seedglaive Mentor": 2445, "Short Bow": 2514, "Whiskervale Forerunner": 3213, "Abzan Charm": 11, "Deathmist Raptor": 660, "Den Protector": 692, "Mastery of the Unseen": 1769, "Sandsteppe Citadel": 2381, "Temple of Silence": 2808, "Unyielding Gatekeeper": 3071, "Drown in Sorrow_SB": 801, "Disfigure": 733, "Gnawing Vermin": 1183, "Gossip's Talent": 1225, "Karumonix, the Rat King": 1516, "Lord Skitter, Sewer King": 1704, "Persistent Marshstalker": 2078, "Piper of the Swarm": 2106, "Shoreline Looter": 2513, "Tangled Colony": 2784, "Vren, the Relentless": 3170, "Bring the Ending_SB": 347, "Pile On_SB": 2101, "Tangled Colony_SB": 2785, "No Witnesses": 1934, "Port Town": 2123, "Temple of Enlightenment": 2802, "Jace, Architect of Thought_SB": 1472, "No Witnesses_SB": 1935, "Ayara, First of Locthwain": 169, "Brain Maggot": 327, "Erebos, Bleak-Hearted": 899, "Infernal Grasp": 1408, "Phyrexian Arena": 2086, "Underworld Dreams": 3043, "Corrupt_SB": 573, "Whack_SB": 3211, "Cinder Glade": 493, "Enter the Unknown": 893, "Mirrorwing Dragon": 1820, "Silverfur Partisan": 2535, "Temple of Abandon": 2801, "Young Pyromancer": 3276, "Zada, Hedron Grinder": 3281, "Temur Battle Rage_SB": 2815, "Turn Inside Out_SB": 3002, "Unnatural Moonrise_SB": 3061, "Night of the Sweets' Revenge": 1909, "Savor": 2392, "Thornvault Forager": 2896, "Tough Cookie": 2965, "Feed the Cycle_SB": 988, "Life Goes On_SB": 1658, "Savor_SB": 2393, "Abandoned Campground": 0, "Dollmaker's Shop // Porcelain Gallery": 750, "Grand Entryway // Elegant Rotunda": 1232, "Gremlin Tamer": 1244, "Inquisitive Glimmer": 1417, "Lionheart Glimmer": 1686, "Niko, Light of Hope": 1914, "Oppressive Rays": 1992, "Builder's Talent_SB": 364, "Divine Resilience_SB": 743, "Fear of Impostors_SB": 979, "Kitnap_SB": 1561, "Minor Misstep_SB": 1811, "Paladin Class_SB": 2044, "Stay Hidden, Stay Silent_SB": 2680, "Badlands Revival": 177, "Fertile Thicket": 998, "Festerleech": 1001, "Foul Orchard": 1062, "Gix's Command": 1156, "Golgari Guildgate": 1221, "Hedge Shredder": 1313, "Hero's Downfall": 1329, "Jungle Hollow": 1491, "Quilled Greatwurm": 2177, "Slice from the Shadows": 2575, "Frantic Strength_SB": 1075, "Stab_SB": 2672, "Vraska's Fall_SB": 3165, "Alesha, Who Laughs at Fate": 55, "Davriel, Rogue Shadowmage": 637, "Fell": 994, "Grasp of Darkness": 1234, "Master of Cruelties": 1766, "Razorlash Transmogrant": 2221, "Razortrap Gorge": 2222, "Seize the Spoils": 2450, "Kaervek, the Spiteful_SB": 1494, "Painful Quandary_SB": 2041, "Witch's Vengeance_SB": 3232, "Eddymurk Crab": 825, "Haughty Djinn": 1292, "Stormwing Entity": 2701, "Gnarled Scarhide": 1180, "Madcap Skills": 1725, "Minotaur Skullcleaver": 1812, "Mogis's Marauder": 1832, "Rakdos Cackler": 2189, "Rakdos Shred-Freak": 2193, "Spike Jester": 2645, "Tormented Hero": 2958, "Doom Blade_SB": 753, "Ultimate Price_SB": 3027, "Consuming Aberration": 562, "Contaminated Aquifer": 567, "Didn't Say Please": 723, "Dimir Guildgate": 726, "Dreadwaters": 787, "Duskmantle Guildmage": 815, "Fell Specter": 995, "Jhessian Thief": 1484, "Mind Carver": 1805, "Mind Drain": 1806, "Murder": 1863, "Nezumi Informant": 1902, "Orzhov Racketeers": 2002, "Painful Quandary": 2040, "Paranoid Delusions": 2050, "Pilfered Plans": 2103, "Psychic Strike": 2159, "Razzle-Dazzler": 2224, "Read the Bones": 2225, "Sleep": 2572, "The Mindskinner": 2863, "Typhoid Rats": 3013, "Wall of Frost": 3175, "Witness Protection": 3240, "Aspect of Lamprey_SB": 143, "Blood Pact_SB": 269, "Crypt Incursion_SB": 608, "Dreadwaters_SB": 788, "Frogify_SB": 1081, "Mocking Sprite_SB": 1829, "Professor's Warning_SB": 2145, "Rogue's Gloves_SB": 2337, "Sinister Possession_SB": 2545, "Solemn Simulacrum_SB": 2601, "Sphinx of Magosi_SB": 2639, "Thieving Otter_SB": 2886, "Unlikely Aid_SB": 3057, "Zombify_SB": 3294, "Coruscation Mage": 574, "Aethersphere Harvester_SB": 35, "Burning Hands_SB": 372, "Giant Cindermaw_SB": 1136, "Lightning Mare_SB": 1670, "Wrangle_SB": 3256, "Ancient Imperiosaur": 71, "Belligerent Yearling": 223, "Fight Rigging": 1011, "Intrepid Paleontologist": 1440, "Ixalli's Lorekeeper": 1464, "Palani's Hatcher": 2045, "Regisaur Alpha": 2259, "Restless Ridgeline": 2291, "Shifting Ceratops": 2499, "Triumphant Chomp": 2994, "Shifting Ceratops_SB": 2500, "Thrashing Brontodon_SB": 2910, "Triumphant Chomp_SB": 2995, "Goblin Boarders": 1192, "Goblin Heelcutter": 1196, "Goblin Negotiation": 1200, "Goblin Surprise": 1205, "Goblinslide": 1211, "Guttersnipe": 1262, "Hellraiser Goblin": 1319, "Impact Tremors": 1394, "Pyrewild Shaman": 2163, "Redcap Gutter-Dweller": 2246, "Rigging Runner": 2308, "Subterranean Scout": 2715, "War Squeak": 3178, "Frenzied Goblin_SB": 1079, "Goblin Boarders_SB": 1193, "Goblin Surprise_SB": 1206, "Rundvelt Hordemaster_SB": 2358, "Searslicer Goblin_SB": 2434, "Siege-Gang Commander_SB": 2523, "Cruel Somnophage": 599, "Mercurial Spelldancer": 1789, "Mind Sculpt": 1807, "Ruin Crab": 2354, "Sign in Blood": 2526, "Syr Konrad, the Grim": 2767, "Bitter Chill_SB": 238, "Chart a Course_SB": 483, "See Double_SB": 2442, "Sphinx's Tutelage_SB": 2644, "Terisian Mindbreaker_SB": 2819, "Armored Kincaller": 128, "Burning Sun Cavalry": 373, "Captivating Cave": 398, "Cavern Stomper": 440, "Colossadactyl": 532, "Dinotomaton": 728, "Disturbed Slumber": 739, "Earthshaker Dreadmaw": 819, "Hidden Nursery": 1335, "Nurturing Bristleback": 1950, "Over the Edge": 2020, "Panicked Altisaur": 2047, "Pathfinding Axejaw": 2061, "Poison Dart Frog": 2117, "Promising Vein": 2150, "Rampaging Ceratops": 2205, "Rumbling Rockslide": 2356, "Scytheclaw Raptor": 2422, "Seeker of Sunlight": 2446, "Seismic Monstrosaur": 2448, "Walk with the Ancestors": 3174, "Bristling Backwoods": 350, "Deeproot Champion": 671, "Quirion Dryad": 2180, "Cast Out": 415, "Reptilian Reflection": 2273, "Irencrag Pyromancer_SB": 1454, "Nahiri's Resolve": 1876, "Thousand Moons Smithy": 2903, "Tinker's Tote": 2928, "Dusk Rose Reliquary_SB": 814, "Unidentified Hovership_SB": 3052, "Vindictive Flamestoker_SB": 3121, "Garruk's Harbinger": 1101, "Inscription of Abundance": 1420, "Lifecrafter's Bestiary": 1661, "Feed the Clan_SB": 986, "Skyreaping_SB": 2566, "Bomat Courier": 294, "Falkenrath Gorger": 960, "Foreboding Ruins": 1050, "Forerunner of Slaughter": 1053, "Olivia, Mobilized for War": 1975, "Unlicensed Disintegration": 3054, "Rakdos Charm_SB": 2190, "Shock_SB": 2508, "Transgress the Mind_SB": 2975, "Briarbridge Tracker": 340, "Hard-Hitting Question": 1280, "Subterranean Schooner": 2714, "Teething Wurmlet": 2795, "Vineglimmer Snarl": 3122, "Briarbridge Tracker_SB": 341, "Hard-Hitting Question_SB": 1281, "Island_SB": 1459, "Unsummon_SB": 3066, "Gingerbread Cabin": 1153, "Rampage of the Clans": 2204, "Hangarback Walker_SB": 1276, "Earthshaker Khenra": 820, "Mirran Banesplitter": 1814, "Rimrock Knight": 2310, "Azorius Guildgate": 173, "Boros Guildgate": 315, "Gate Colossus": 1107, "Gatebreaker Ram": 1108, "Gates Ablaze": 1109, "Gateway Plaza": 1111, "Glaive of the Guildpact": 1160, "Gruul Guildgate": 1254, "Guild Summit": 1260, "Hour of Promise": 1370, "Izzet Guildgate": 1467, "Maze's End": 1774, "Open the Gates": 1990, "Orzhov Guildgate": 2001, "Plaza of Harmony": 2113, "Rakdos Guildgate": 2191, "Selesnya Guildgate": 2452, "Simic Guildgate": 2540, "Thran Portal": 2907, "Archway Angel_SB": 123, "Crackling Perimeter_SB": 585, "Strategic Planning": 2705, "Wandering Fumarole": 3176, "Essence Scatter_SB": 913, "Frantic Firebolt_SB": 1072, "Behold the Multiverse": 221, "Saw It Coming": 2395, "Thirst for Discovery": 2892, "Primal Might": 2139, "Experiment One_SB": 929, "Toxin Analysis_SB": 2968, "Smoldering Marsh": 2586, "Banehound": 192, "Curator of Mysteries": 621, "Mire Triton": 1813, "Rush of Vitality_SB": 2366, "Goblin Blast-Runner": 1191, "Implement of Combustion": 1396, "Krenko, Baron of Tin Street": 1595, "Voltage Surge": 3154, "Sunshot Militia_SB": 2736, "Essence Scatter": 912, "Flow of Knowledge": 1041, "Quick Study_SB": 2175, "Shifting Grift_SB": 2501, "Crawling Barrens": 593, "Memorial to Folly": 1782, "Power Word Kill": 2132, "Ob Nixilis Reignited_SB": 1957, "Blacklance Paragon": 243, "Brineborn Cutthroat": 346, "Cunning Nightbonder": 618, "Reasonable Doubt": 2230, "Sea-Dasher Octopus": 2424, "Ashiok's Erasure_SB": 134, "Spectral Adversary_SB": 2630, "Roast_SB": 2332, "Arcane Infusion": 106, "Xenagos, God of Revels": 3261, "Aetherize_SB": 33, "Into the Roil_SB": 1437, "Volcanic Spite_SB": 3149, "Flame-Blessed Bolt_SB": 1025, "Ral, Izzet Viceroy_SB": 2199, "You See a Guard Approach_SB": 3274, "Aether Hub": 30, "Attune with Aether": 155, "Gather the Pack": 1114, "Lotleth Troll": 1709, "Cragplate Baloth_SB": 588, "Plains_SB": 2110, "Sporeweb Weaver_SB": 2662, "Beastie Beatdown": 215, "Return to Nature_SB": 2300, "Alseid of Life's Bounty": 63, "Hateful Eidolon": 1291, "Karametra's Blessing": 1509, "Agent of the Fates_SB": 45, "Dead Weight_SB": 649, "Eriette of the Charmed Apple_SB": 900, "Pacifism_SB": 2038, "Evolving Wilds": 920, "Good-Fortune Unicorn": 1223, "Mossborn Hydra": 1853, "Ochre Jelly": 1968, "Sylvan Scavenging": 2763, "Wildwood Scourge": 3220, "Gaea's Gift_SB": 1093, "Gnarlid Colony_SB": 1181, "Inscription of Abundance_SB": 1421, "Trash the Town_SB": 2979, "Bristling Hydra": 351, "Electrostatic Pummeler": 845, "Fling": 1034, "Ghor-Clan Rampager": 1130, "Harnessed Lightning": 1287, "Servant of the Conduit": 2466, "Axebane Ferox_SB": 167, "Deathgorge Scavenger_SB": 658, "Gruul Spellbreaker_SB": 1255, "Insult // Injury_SB": 1430, "Wilt_SB": 3224, "Legion Angel": 1634, "Legion Angel_SB": 1635, "Gideon's Triumph_SB": 1147, "Hopeful Vigil": 1360, "Sigil of the Empty Throne": 2525, "Spirit-Sister's Call": 2654, "Banishing Light_SB": 197, "Cast Out_SB": 416, "Dreadhorde Invasion_SB": 784, "Trespasser's Curse_SB": 2987, "Arashin Foremost": 102, "Blood-Chin Rager": 271, "Chief of the Edge": 485, "Gutterbones": 1261, "Mardu Strike Leader": 1754, "Mardu Woe-Reaper": 1755, "Rally the Ranks": 2201, "Secure the Wastes": 2441, "Usher of the Fallen": 3083, "Commit // Memory": 544, "Think Twice": 2889, "Sphinx's Revelation_SB": 2642, "Angel of Invention": 72, "Combat Celebrant": 537, "God-Pharaoh's Gift": 1212, "Refurbish": 2253, "Arashin Cleric_SB": 101, "Spinner of Souls_SB": 2650, "Seal from Existence": 2428, "Ghostly Dancers_SB": 1134, "Seal from Existence_SB": 2429, "Connive // Concoct_SB": 555, "Torrential Gearhulk_SB": 2963, "Outrageous Robbery": 2017, "Boltwave_SB": 293, "Fatal Grudge": 969, "Gnarlroot Trapper": 1182, "Valley Floodcaller_SB": 3096, "Valorous Stance_SB": 3099, "Pillage the Bog_SB": 2105, "Aether Channeler": 27, "Foul Emissary": 1061, "Fiery Annihilation_SB": 1007, "Reckless Stormseeker_SB": 2239, "Arahbo, the First Fang": 100, "Felidar Cub": 992, "Feline Sovereign": 993, "Sacred Cat": 2368, "Savannah Lions": 2391, "Archfiend of Depravity": 114, "Archfiend of Depravity_SB": 115, "Fade from History_SB": 950, "Loot, Exuberant Explorer": 1698, "Quicken": 2176, "Banish into Fable": 194, "Reluctant Role Model": 2265, "Furnace Punisher": 1088, "March of Swirling Mist": 1750, "Invasive Surgery_SB": 1448, "Pieces of the Puzzle": 2100, "Stormsplitter": 2700, "Thousand-Year Storm": 2905, "Cathartic Pyre_SB": 431, "Tamiyo, Collector of Tales_SB": 2781, "Anthem of Champions_SB": 92, "Michiko's Reign of Truth": 1800, "Tinybones, the Pickpocket": 2931, "Fear of Abduction": 977, "Overwhelming Remorse_SB": 2034, "Brotherhood's End": 357, "Return the Favor_SB": 2299, "Dennick, Pious Apprentice_SB": 695, "Dissection Tools": 738, "Sire of Seven Deaths_SB": 2549, "Dollmaker's Shop && Porcelain Gallery": 749, "Kami of Transience": 1507, "Surgical Suite && Hospital Room_SB": 2747, "Regal Bunnicorn": 2255, "Protect the Negotiators_SB": 2157, "Ashiok, Wicked Manipulator": 140, "Ajani, Strength of the Pride": 50, "Case of the Uneaten Feast": 413, "Trelasarra, Moon Dancer": 2986, "Floriferous Vinewall": 1039, "Urborg Lhurgoyf": 3076, "Aether Channeler_SB": 28, "Kambal, Consul of Allocation": 1504, "Tectonic Hazard_SB": 2794, "Zephyr Sentinel_SB": 3287, "Harmonious Archon": 1285, "Sandstorm Salvager": 2382, "Kayla's Reconstruction_SB": 1530, "Surrak Dragonclaw": 2748, "Frantic Scapegoat": 1073, "Ritual of Soot": 2321, "Inscription of Ruin": 1422, "Callous Sell-Sword_SB": 392, "Breeding Pool_SB": 339, "Woodland Bellower": 3248, "Destroy Evil": 710, "Serra Paragon_SB": 2465, "Heartflame Duelist": 1309, "Inspiring Veteran": 1429, "Knight of Dusk's Shadow": 1567, "Knight of the Ebon Legion": 1571, "Tournament Grounds": 2966, "Venerable Knight": 3113, "Worthy Knight": 3255, "Knight of Dusk's Shadow_SB": 1568, "Filter Out": 1014, "Chance for Glory": 460, "Teferi, Who Slows the Sunset": 2799, "Bag of Holding_SB": 179, "Zirda, the Dawnwaker_SB": 3291, "Despise_SB": 707, "Lifebane Zombie_SB": 1660, "Sunspine Lynx": 2737, "Light Up the Stage_SB": 1663, "Cindervines": 495, "God-Pharaoh's Statue_SB": 1213, "Smuggler's Surprise_SB": 2589, "Wakeroot Elemental_SB": 3173, "The Flame of Keld": 2852, "Fetid Pools": 1002, "Silvergill Adept": 2537, "Triton Shorestalker": 2991, "Wakeroot Elemental": 3172, "Dreadbore": 779, "Isareth the Awakener": 1457, "Nicol Bolas, the Ravager": 1906, "Omen of the Forge": 1979, "The Kami War": 2857, "Legion Extruder_SB": 1637, "This Town Ain't Big Enough": 2894, "Remorseful Cleric": 2266, "Nissa, Who Shakes the World": 1924, "Bilious Skulldweller": 232, "Chevill, Bane of Monsters": 484, "Fynn, the Fangbearer": 1092, "Heroic Intervention": 1330, "Malakir Rebirth": 1738, "Wasteland Viper": 3191, "Infectious Bite_SB": 1407, "Unauthorized Exit_SB": 3034, "Nahiri's Warcrafting_SB": 1877, "Akal Pakal, First Among Equals": 52, "Courser of Kruphix": 580, "Simic Manipulator": 2541, "Timestream Navigator": 2927, "Azure Beastbinder_SB": 175, "Mockingbird_SB": 1831, "Simic Manipulator_SB": 2542, "Trygon Predator_SB": 2999, "Vivien, Champion of the Wilds_SB": 3135, "Caretaker's Talent_SB": 401, "Fountainport_SB": 1069, "Rite of Oblivion_SB": 2319, "Kogla, the Titan Ape": 1579, "Cavalier of Thorns_SB": 438, "Ulvenwald Oddity_SB": 3029, "Depala, Pilot Exemplar": 696, "Magda, Brazen Outlaw": 1730, "Roaming Throne": 2327, "Veteran Motorist": 3118, "Crumbling Vestige": 605, "Sylvan Awakening": 2759, "The Mightstone and Weakstone_SB": 2862, "Kogla and Yidaro_SB": 1578, "Kogla and Yidaro": 1577, "Trumpeting Carnosaur_SB": 2998, "Dusk // Dawn_SB": 811, "Last Breath_SB": 1619, "Thunderherd Migration": 2919, "Boros Elite": 314, "Guardian of New Benalia": 1259, "Mobilized District": 1828, "Precinct Captain": 2137, "Soldier of the Pantheon": 2600, "Spellbook Vendor": 2637, "Sungold Sentinel": 2729, "Banisher Priest_SB": 195, "Bounty Agent_SB": 325, "Rally the Ranks_SB": 2202, "Wicked Wolf_SB": 3216, "Renegade Tactics": 2271, "Fear of Isolation": 980, "Built to Smash": 365, "Wayward Guide-Beast": 3195, "Voldaren Thrillseeker_SB": 3152, "Siphon Insight_SB": 2546, "Glorious Protector_SB": 1178, "Imodane's Recruiter_SB": 1393, "Into the Story": 1438, "Niambi, Esteemed Speaker_SB": 1903, "The Wandering Rescuer_SB": 2879, "Syr Ginger, the Meal Ender_SB": 2766, "Augur of Bolas": 158, "Essence Flux": 911, "Apostle of Purifying Light": 94, "Glass Casket": 1163, "Thran Power Suit": 2908, "Treacherous Blessing_SB": 2982, "Umori, the Collector_SB": 3030, "Glass Casket_SB": 1164, "Grasp of Darkness_SB": 1235, "Necrotic Wound": 1894, "Necrotic Wound_SB": 1895, "Souls of the Lost_SB": 2623, "Kappa Tech-Wrecker": 1508, "Eldrazi Displacer_SB": 841, "Fleeting Spirit": 1030, "Lore Drakkis": 1705, "Open the Omenpaths": 1991, "Vadrok, Apex of Thunder": 3085, "Crucible of Worlds": 598, "Destiny Spinner": 708, "Sin Collector_SB": 2544, "Cult Conscript": 616, "Mutavault_SB": 1870, "Mukotai Ambusher_SB": 1862, "Cleansing Wildfire_SB": 510, "Vanish into Eternity_SB": 3103, "Tribute to Horobi": 2989, "Hunter's Talent_SB": 1377, "Vengeful Possession": 3116, "Hidetsugu's Second Rite_SB": 1340, "Nurturing Pixie": 1951, "Preacher of the Schism_SB": 2136, "Pia Nalaar, Consul of Revival": 2096, "Showdown of the Skalds": 2515, "Bassara Tower Archer": 208, "Cloudsteel Kirin": 519, "Lizard Blades": 1689, "Searing Blood": 2431, "Bomat Courier_SB": 295, "Magma Spray_SB": 1735, "Stalactite Stalker": 2674, "Lamplight Phoenix_SB": 1614, "Pawpatch Recruit_SB": 2067, "Omen of the Dead": 1977, "Sentinel of the Nameless City_SB": 2461, "Ayara's Oathsworn": 168, "Sharp-Eyed Rookie": 2487, "Council of the Absolute_SB": 577, "Adventurous Impulse": 25, "Arcane Proxy": 107, "Chrome Host Seedshark": 491, "See the Truth": 2443, "Ambitious Farmhand": 66, "Cascading Cataracts": 406, "Helpful Hunter": 1321, "Thalia's Lancers": 2829, "Wilt-Leaf Liege_SB": 3223, "Augur of Autumn_SB": 157, "Lavabrink Venturer_SB": 1622, "Cavalier of Dawn": 435, "Kotose, the Silent Spider": 1589, "Fanatic of Mogis": 963, "Solphim, Mayhem Dominus": 2604, "Thalia and The Gitrog Monster": 2828, "Dreadbore_SB": 780, "Shatterskull Smashing_SB": 2490, "Prosperous Thief_SB": 2156, "Barkhide Troll": 203, "Gather Courage": 1112, "Tribute to the World Tree": 2990, "Setessan Tactics_SB": 2469, "Oblivious Bookworm": 1962, "Cerulean Drake_SB": 454, "Bladehold War-Whip": 249, "Nahiri, Forged in Fury": 1878, "Sword of Forge and Frontier": 2757, "Rebel Salvo_SB": 2232, "Bloodthirsty Conqueror": 278, "Dina, Soul Steeper": 727, "Dryad of the Ilysian Grove": 806, "Jaddi Offshoot": 1478, "Mirrorpool": 1817, "Retreat to Hagra": 2297, "Bristly Bill, Spine Sower_SB": 353, "Undergrowth Champion_SB": 3042, "Silverback Elder": 2533, "Silverback Elder_SB": 2534, "Celestial Armor": 446, "Etali, Primal Conqueror": 914, "Massacre Wurm": 1764, "Perilous Snare": 2075, "Repurposing Bay_SB": 2276, "Mendicant Core, Guidelight": 1787, "Voyager Glidecar": 3161, "Patchwork Automaton": 2056, "Momentum Breaker_SB": 1838, "Birgi, God of Storytelling": 233, "Crater's Claws": 592, "Zurgo Bellstriker_SB": 3300, "Hare Apparent": 1283, "Zareth San, the Trickster": 3284, "Greasewrench Goblin": 1241, "Moonshaker Cavalry_SB": 1849, "Grim Bauble": 1246, "Momentum Breaker": 1837, "Oildeep Gearhulk_SB": 1970, "Count on Luck_SB": 578, "Shacklegeist_SB": 2473, "Valor's Flagship": 3098, "Sab-Sunen, Luxa Embodied": 2367, "Liliana, Heretical Healer_SB": 1678, "Chaplain of Alms": 476, "Rune of Might": 2359, "Monument to Endurance_SB": 1845, "Brightglass Gearhulk": 343, "Dredger's Insight": 795, "Dreadhorde Arcanist_SB": 782, "Archfiend's Vessel": 118, "Merfolk Secretkeeper": 1790, "Coalstoke Gearhulk": 520, "Ossification_SB": 2005, "Grim Bauble_SB": 1247, "Memory Guardian": 1785, "Djeru's Renunciation": 746, "Marauding Mako": 1745, "Monument to Endurance": 1844, "Sunbillow Verge": 2722, "Mastermind's Acquisition": 1767, "Ketramose, the New Dawn_SB": 1549, "Mukotai Ambusher": 1861, "Bloodghast": 274, "Molt Tender": 1834, "Driven // Despair_SB": 797, "Ashiok, Wicked Manipulator_SB": 141, "Anim Pakal, Thousandth Moon": 82, "Basri, Tomorrow's Champion": 207, "Urza's Ruinous Blast_SB": 3080, "The Speed Demon": 2873, "Intimidation Tactics_SB": 1433, "Oildeep Gearhulk": 1969, "Virtue of Strength": 3130, "Roxanne, Starfall Savant_SB": 2348, "Willowrush Verge": 3221, "Freestrider Lookout": 1077, "Ketramose, the New Dawn": 1548, "Scrabbling Claws": 2413, "Optimistic Scavenger_SB": 1995, "Commune with Spirits": 547, "Goro-Goro, Disciple of Ryusei": 1224, "Radha, Heart of Keld": 2182, "Redshift, Rocketeer Chief": 2249, "Bleachbone Verge": 256, "Detention Chariot": 713, "Tune Up": 3000, "Kaya the Inexorable_SB": 1520, "Thundering Broodwagon": 2920, "Fearless Swashbuckler": 982, "Gastal Thrillroller": 1106, "Ashiok, Nightmare Weaver": 139, "Hazoret, Godseeker": 1303, "Leyline Binding_SB": 1644, "Jace's Defeat_SB": 1470, "Norin, Swift Survivalist": 1936, "Mindlink Mech_SB": 1809, "Wastewood Verge": 3192, "Avishkar Raceway": 166, "Fuel the Flames_SB": 1086, "Skycrash_SB": 2563, "Murderous Cut": 1865, "Anguished Unmaking_SB": 81, "Drownyard Temple": 804, "Quag Feast": 2168, "Boommobile": 307, "Hedron Archive": 1314, "Paradox Engine": 2049, "Portal of Sanctuary": 2127, "Repurposing Bay": 2275, "Terrarion": 2821, "The Mightstone and Weakstone": 2861, "Thran Spider": 2909, "Workshop Assistant": 3250, "Liberator, Urza's Battlethopter_SB": 1655, "Shrapnel Slinger_SB": 2519, "Benthic Biomancer": 224, "Mindspring Merfolk": 1810, "Eaten Alive_SB": 822, "Biting-Palm Ninja_SB": 237, "Kazuul's Toll Collector": 1533, "Immersturm Raider": 1391, "The Speed Demon_SB": 2874, "Burnout Bashtronaut": 375, "Draconautics Engineer": 765, "Howlsquad Heavy": 1371, "Volley Veteran_SB": 3153, "Harrier Strix": 1288, "Hypnotic Grifter": 1381, "The Reality Chip": 2866, "Training Grounds": 2972, "Basilisk Collar_SB": 205, "Swiftfoot Boots_SB": 2756, "Stock Up": 2690, "Riverpyre Verge": 2324, "Concealing Curtains": 549, "Riptide Gearhulk_SB": 2315, "Blade Historian": 246, "Pyre of Heroes": 2162, "Night Clubber_SB": 1908, "Aegis Turtle_SB": 26, "Ride's End": 2306, "Analyze the Pollen": 68, "Cleansing Wildfire": 509, "Crumble to Dust": 604, "Encroaching Wastes": 880, "Gnottvold Slumbermound": 1184, "Haphazard Bombardment": 1279, "Jaya's Greeting": 1480, "Ravager Wurm": 2216, "Rowan, Scholar of Sparks": 2347, "Rubble Reading": 2351, "Sheltered Thicket": 2492, "Structural Distortion": 2709, "Sylvan Primordial": 2762, "Territory Forge": 2822, "Twin Bolt": 3005, "Herbology Instructor_SB": 1327, "Nissa's Defeat_SB": 1919, "Peak Eruption_SB": 2068, "Scrabbling Claws_SB": 2414, "Battle at the Bridge": 210, "Spire of Industry": 2651, "Battle at the Bridge_SB": 211, "Borrowed Hostility": 316, "Barbed Batterfist": 200, "Webstrike Elite": 3201, "Demilich_SB": 684, "Progenitor Mimic": 2148, "Banefire": 190, "Steel Seraph": 2684, "Violent Urge_SB": 3125, "Boon of Boseiju": 308, "Esika's Chariot_SB": 908, "Regal Imperiosaur": 2258, "Champion of the Perished": 459, "Cryptbreaker": 609, "Dark Salvation": 632, "Dread Wanderer": 778, "Relentless Dead": 2263, "Wayward Servant": 3196, "Zahur, Glory's Past": 3283, "Fighter Class": 1013, "Chainsaw_SB": 458, "Nettle Guard_SB": 1900, "Sword of Forge and Frontier_SB": 2758, "Expedition Map_SB": 927, "Stock Up_SB": 2691, "Maximize Velocity": 1771, "Birgi, God of Storytelling_SB": 234, "Samut's Sprint": 2374, "Omen of the Dead_SB": 1978, "Lazav, Wearer of Faces": 1627, "Medomai the Ageless": 1780, "Riptide Gearhulk": 2314, "Carnage Tyrant": 402, "Gather Courage_SB": 1113, "Etali, Primal Conqueror_SB": 915, "Feather, the Redeemed": 983, "Feather, the Redeemed_SB": 984, "Dewdrop Cure": 719, "Healer's Hawk": 1305, "Linden, the Steadfast Queen": 1681, "Rogue's Passage": 2338, "Ruin-Lurker Bat": 2355, "Afterburner Expert": 37, "Adorned Pouncer": 23, "Roadside Reliquary": 2326, "Keruga, the Macrosage": 1545, "Twinshot Sniper": 3009, "Twinshot Sniper_SB": 3010, "Satoru Umezawa": 2386, "Cry of the Carnarium": 606, "Kaya, Orzhov Usurper": 1526, "Calamity's Wake_SB": 386, "Out of Air_SB": 2011, "Spontaneous Mutation_SB": 2661, "Sunder the Gateway": 2724, "Knight of Grace": 1569, "Bladestitched Skaab": 250, "Lazotep Reaver": 1630, "Enduring Tenacity_SB": 888, "Rocketeer Boostbuggy": 2333, "Chandra, Spark Hunter_SB": 471, "Phoenix Chick": 2084, "Mortify": 1851, "Gix's Command_SB": 1157, "Fuel the Flames": 1085, "Graf Reaver_SB": 1227, "Kraul Whipcracker_SB": 1592, "Dive Down_SB": 742, "Fear of Impostors": 978, "Riptide Chimera": 2313, "Witchstalker_SB": 3235, "Demonic Bargain": 687, "Soul-Scar Mage_SB": 2619, "Blood Spatter Analysis": 270, "Osseous Sticktwister": 2003, "Korvold, Fae-Cursed King_SB": 1588, "Dive Down": 741, "Jace Reawakened_SB": 1469, "Blessed Defiance": 259, "Seasoned Hallowblade": 2437, "The Mycosynth Gardens": 2864, "Burning Earth_SB": 371, "Alrund's Epiphany": 62, "Loot, the Pathfinder": 1699, "Fugitive Codebreaker": 1087, "Tireless Tracker_SB": 2932, "Invasion of New Phyrexia_SB": 1446, "Tangled Florahedron": 2786, "Healer of the Glade_SB": 1304, "Tale's End_SB": 2774, "Gisa, the Hellraiser_SB": 1154, "Ride's End_SB": 2307, "Omen of the Sun_SB": 1982, "Seeker of the Way_SB": 2447, "Redcap Melee": 2247, "Forbidden Friendship": 1049, "Collective Effort_SB": 527, "Perilous Snare_SB": 2076, "Commence the Endgame_SB": 541, "Beseech the Mirror_SB": 226, "Setessan Champion": 2467, "Trapped in the Screen": 2977, "Trapped in the Screen_SB": 2978, "Cryptolith Rite": 612, "Bottomless Pool && Locker Room": 321, "Bottomless Pool && Locker Room_SB": 322, "Eidolon of Blossoms_SB": 832, "Knockout Blow": 1574, "Hidetsugu's Second Rite": 1339, "Incubation Druid": 1401, "Mistrise Village": 1826, "Ral Zarek": 2196, "Tamiyo, Field Researcher": 2783, "Kunoros, Hound of Athreos_SB": 1605, "Qarsi Revenant": 2166, "Qarsi Revenant_SB": 2167, "Tersa Lightshatter": 2824, "Dragonfire Blade": 768, "Lavaspur Boots_SB": 1624, "Descendant of Storms": 702, "Cease // Desist": 444, "Cram Session": 589, "Insatiable Avarice": 1418, "The Biblioplex": 2841, "Valgavoth's Onslaught": 3089, "Containment Breach_SB": 564, "Environmental Sciences_SB": 896, "Introduction to Annihilation_SB": 1441, "Mascot Exhibition_SB": 1760, "Pest Summoning_SB": 2081, "Mox Jasper": 1860, "Mistrise Village_SB": 1827, "Elspeth, Storm Slayer": 858, "United Battlefront": 3053, "Voice of Victory": 3141, "Sunder the Gateway_SB": 2725, "Voice of Victory_SB": 3142}}