{"vocabulary": {"Cavern of Souls": 422, "Fable of the Mirror-Breaker": 908, "Fatal Push": 935, "Floodfarm Verge": 998, "Forest": 1016, "Get Lost": 1083, "Hushwood Verge": 1324, "Ketria Triome": 1488, "Leyline Binding": 1577, "Overlord of the Boilerbilges": 1951, "Overlord of the Floodpits": 1953, "Overlord of the Hauntwoods": 1954, "Overlord of the Mistmoors": 1955, "Raffine's Tower": 2108, "Raugrin Triome": 2136, "Savai Triome": 2311, "Thornspire Verge": 2813, "Thoughtseize": 2819, "Up the Beanstalk": 2987, "Vanishing Verse": 3019, "Zagoth Triome": 3192, "Ziatora's Proving Ground": 3200, "Zur, Eternal Schemer": 3207, "Deafening Clarion_SB": 625, "Fatal Push_SB": 936, "Heliod's Intervention_SB": 1264, "Rest in Peace_SB": 2206, "Thought Distortion_SB": 2815, "Yorion, Sky Nomad_SB": 3182, "Blackcleave Cliffs": 230, "Blazemire Verge": 239, "Blightstep Pathway": 247, "Blood Crypt": 252, "Chromanticore": 467, "Cragplate Baloth": 562, "Fear of Missing Out": 946, "Liliana of the Veil": 1608, "Oketra the True": 1900, "Overlord of the Balemurk": 1949, "Soulflayer": 2538, "Stitcher's Supplier": 2608, "Swamp": 2673, "Takenuma, Abandoned Mire": 2693, "Urborg Scavengers": 2992, "Zetalpa, Primal Dawn": 3198, "Collective Brutality_SB": 503, "Damping Sphere_SB": 601, "Feed the Swarm_SB": 955, "Lightning Axe_SB": 1601, "Murderous Rider_SB": 1796, "Thoughtseize_SB": 2820, "Unlicensed Hearse_SB": 2971, "Brazen Borrower": 315, "Clearwater Pathway": 488, "Darkslick Shores": 606, "Faerie Miscreant": 922, "Floodpits Drowner": 999, "Gloomlake Verge": 1128, "Island": 1400, "Kaito Shizuki": 1437, "Kaito, Bane of Nightmares": 1439, "Mockingbird": 1761, "Moon-Circuit Hacker": 1777, "Mutavault": 1797, "Ornithopter": 1925, "Otawara, Soaring City": 1932, "Watery Grave": 3104, "Aether Gust_SB": 26, "Anoint with Affliction_SB": 83, "Cut Down_SB": 599, "Disdainful Stroke_SB": 699, "Enduring Curiosity_SB": 850, "Glistening Deluge_SB": 1127, "Spell Pierce_SB": 2553, "Bloodletter of Aclazotz": 260, "Bloodtithe Harvester": 265, "Duress": 777, "Haunted Ridge": 1243, "Heartless Act": 1258, "Sheoldred, the Apocalypse": 2418, "Sulfurous Springs": 2642, "Torch the Tower": 2872, "Unholy Annex && Ritual Chamber": 2961, "Unstoppable Slasher": 2977, "Urborg, Tomb of Yawgmoth": 2993, "Anger of the Gods_SB": 73, "Duress_SB": 778, "Hidetsugu Consumes All_SB": 1284, "Invoke Despair_SB": 1394, "Reckoner Bankbuster_SB": 2163, "Torch the Tower_SB": 2873, "Anointed Peacekeeper": 84, "Archon of Emeria": 113, "Aven Interrupter": 153, "Branchloft Pathway": 310, "Brushland": 342, "Collected Company": 500, "Eiganjo, Seat of the Empire": 804, "Elvish Mystic": 832, "Enduring Innocence": 851, "Kellan, Daring Traveler": 1476, "Llanowar Elves": 1624, "Plains": 2033, "Razorverge Thicket": 2144, "Shefet Dunes": 2412, "Skyclave Apparition": 2478, "Temple Garden": 2721, "Thalia, Guardian of Thraben": 2749, "Trostani, Three Whispers": 2911, "Voice of Resurgence": 3051, "Werefox Bodyguard": 3117, "Anointed Peacekeeper_SB": 85, "Brutal Cathar_SB": 344, "Elite Spellbinder_SB": 821, "Gideon, Ally of Zendikar_SB": 1104, "Portable Hole_SB": 2050, "The Wandering Emperor_SB": 2794, "Werefox Bodyguard_SB": 3118, "Archfiend of the Dross": 109, "Blade of the Oni": 234, "Go for the Throat": 1140, "Graveyard Trespasser": 1187, "Hive of the Eye Tyrant": 1294, "Mountain": 1785, "Go Blank_SB": 1138, "Ob Nixilis, the Adversary_SB": 1886, "Dreams of Steel and Oil_SB": 762, "Leyline of the Void_SB": 1588, "Sheoldred, the Apocalypse_SB": 2419, "Hall of Storm Giants": 1219, "Aclazotz, Deepest Betrayal_SB": 14, "Path of Peril_SB": 1984, "Arclight Phoenix": 117, "Artist's Talent": 123, "Consider": 530, "Fiery Impulse": 972, "Into the Flood Maw": 1378, "Lightning Axe": 1600, "Opt": 1918, "Picklock Prankster": 2023, "Proft's Eidetic Memory": 2069, "Riverglide Pathway": 2244, "Shivan Reef": 2427, "Sleight of Hand": 2492, "Sokenzan, Crucible of Defiance": 2517, "Spell Pierce": 2552, "Spirebluff Canal": 2570, "Steam Vents": 2599, "Stormcarved Coast": 2616, "Treasure Cruise": 2899, "Abrade_SB": 4, "Annul_SB": 81, "Chandra's Defeat_SB": 442, "Into the Flood Maw_SB": 1379, "Ledger Shredder_SB": 1568, "Negate_SB": 1825, "Third Path Iconoclast_SB": 2808, "Deduce": 642, "Deserted Beach": 674, "Dovin's Veto": 730, "Farewell": 932, "Field of Ruin": 967, "Fountainport": 1030, "Hallowed Fountain": 1220, "March of Otherworldly Light": 1682, "Memory Deluge": 1716, "Meticulous Archive": 1730, "Narset, Parter of Veils": 1814, "No More Lies": 1858, "Restless Anchorage": 2207, "Supreme Verdict": 2663, "Teferi, Hero of Dominaria": 2717, "The Wandering Emperor": 2793, "Beza, the Bounding Spring_SB": 218, "Elesh Norn, Mother of Machines_SB": 818, "Hullbreaker Horror_SB": 1320, "Leyline of Sanctity_SB": 1585, "Mystical Dispute_SB": 1803, "Temporary Lockdown_SB": 2733, "Blooming Marsh": 267, "Boseiju, Who Endures": 300, "Cache Grab": 363, "Camellia, the Seedmiser": 373, "Cauldron Familiar": 411, "Darkbore Pathway": 605, "Deadly Dispute": 623, "Gilded Goose": 1107, "Glissa Sunslayer": 1125, "Llanowar Wastes": 1626, "Overgrown Tomb": 1947, "Scavenger's Talent": 2324, "Tarrian's Journal": 2709, "Traverse the Ulvenwald": 2896, "Vinereap Mentor": 3036, "Witch's Oven": 3142, "Ygra, Eater of All": 3179, "Abrupt Decay_SB": 6, "Extinction Event_SB": 901, "Glissa Sunslayer_SB": 1126, "Jegantha, the Wellspring_SB": 1423, "Pawpatch Formation_SB": 1989, "Sheoldred's Edict": 2416, "Ancestral Anger": 65, "Callous Sell-Sword": 371, "Claim // Fame": 480, "Den of the Bugbear": 663, "Emberheart Challenger": 837, "Heartfire Hero": 1256, "Infuriate": 1354, "Kumano Faces Kakkazan": 1540, "Manifold Mouse": 1678, "Monastery Swiftspear": 1771, "Monstrous Rage": 1773, "Ramunap Ruins": 2131, "Slickshot Show-Off": 2495, "Claim // Fame_SB": 481, "Reckless Rage_SB": 2159, "Invoke Despair": 1393, "Liliana of the Veil_SB": 1609, "Dreadmaw's Ire": 753, "Hazoret the Fervent_SB": 1250, "Heartless Act_SB": 1259, "Rending Volley_SB": 2191, "Urabrask's Forge_SB": 2990, "Voice of Resurgence_SB": 3052, "Enduring Curiosity": 849, "Spyglass Siren": 2585, "Underground River": 2956, "Necromentia_SB": 1820, "Ledger Shredder": 1567, "Beacon Bolt_SB": 202, "Brazen Borrower_SB": 316, "Fable of the Mirror-Breaker_SB": 909, "Caustic Bronco": 412, "Inti, Seneschal of the Sun": 1375, "Reckless Rage": 2158, "Rush of Adrenaline": 2286, "Ghost Vacuum_SB": 1092, "Withering Torment_SB": 3150, "Guardian of Faith_SB": 1207, "Bitter Triumph": 228, "Case of the Stashed Skeleton": 392, "Ob Nixilis, the Adversary": 1885, "The Cruelty of Gix": 2763, "Transmogrify": 2892, "Valgavoth, Terror Eater": 3005, "Sire of Insanity_SB": 2467, "Battlefield Forge": 201, "Concealed Courtyard": 521, "Elegant Parlor": 814, "Godless Shrine": 1167, "Greasefang, Okiba Boss": 1190, "Kroxa, Titan of Death's Hunger": 1538, "Parhelion II": 1978, "Sacred Foundry": 2292, "Skysovereign, Consul Flagship": 2485, "Cathar Commando_SB": 407, "Vanishing Verse_SB": 3020, "Agatha's Soul Cauldron": 39, "Phyrexian Fleshgorger": 2014, "Raucous Theater": 2135, "Tree of Perdition": 2901, "Voldaren Thrillseeker": 3063, "Phyrexian Fleshgorger_SB": 2015, "Castle Locthwain": 400, "Epic Downfall_SB": 863, "Reckoner Bankbuster": 2162, "Caustic Bronco_SB": 413, "March of Wretched Sorrow_SB": 1687, "The Meathook Massacre_SB": 2777, "Acererak the Archlich": 12, "Atraxa, Grand Unifier": 143, "Botanical Sanctum": 303, "Breeding Pool": 320, "Gwenna, Eyes of Gaea": 1213, "Honest Rutstein": 1300, "Kinnan, Bonder Prodigy": 1490, "Plaza of Heroes": 2038, "Relic of Legends": 2186, "Rona, Herald of Invasion": 2263, "Tranquil Frillback": 2889, "Back to Nature_SB": 166, "Tamiyo's Safekeeping_SB": 2700, "Tranquil Frillback_SB": 2890, "Brightclimb Pathway": 324, "Caves of Koilos": 424, "Shattered Sanctum": 2409, "Silverquill Silencer": 2458, "Fracture_SB": 1033, "Sunset Revelry_SB": 2658, "Cacophony Scamp": 365, "Felonious Rage": 960, "Leyline of Resonance": 1582, "Might of the Meek": 1735, "Titan's Strength": 2856, "Turn Inside Out": 2916, "Magebane Lizard_SB": 1668, "Pyroclasm_SB": 2087, "Slickshot Show-Off_SB": 2496, "Ulcerate_SB": 2939, "Assassin's Trophy_SB": 138, "Dromoka's Command": 767, "Elite Spellbinder": 820, "Dromoka's Command_SB": 768, "Censor": 433, "Search for Azcanta": 2352, "Dovin's Veto_SB": 731, "Elspeth's Smite_SB": 824, "Shark Typhoon_SB": 2407, "Bala Ged Recovery": 170, "Dig Through Time": 691, "Fae of Wishes": 917, "Hidden Strings": 1282, "Lier, Disciple of the Drowned": 1590, "Lotus Field": 1645, "Mana Confluence": 1676, "Niv-Mizzet, Parun": 1853, "Pore Over the Pages": 2046, "Sylvan Scrying": 2686, "Thespian's Stage": 2799, "Valakut Awakening": 3001, "Vizier of Tumbling Sands": 3049, "Aetherflux Reservoir_SB": 29, "Elder Gargaroth_SB": 807, "Fiery Impulse_SB": 973, "Sweltering Suns_SB": 2676, "Thespian's Stage_SB": 2800, "Claim the Firstborn": 482, "Mayhem Devil": 1707, "Claim the Firstborn_SB": 483, "Furnace Reins_SB": 1053, "Tear Asunder_SB": 2713, "Deathcap Glade": 629, "Pawpatch Formation": 1988, "Cry of the Carnarium_SB": 581, "Graveyard Trespasser_SB": 1188, "Virtue of Loyalty": 3039, "Deafening Silence_SB": 627, "Parting Gust_SB": 1980, "Deadly Cover-Up": 621, "Three Steps Ahead": 2829, "Get Lost_SB": 1084, "Knockout Blow_SB": 1512, "Narset, Parter of Veils_SB": 1815, "Go for the Throat_SB": 1141, "Rockface Village_SB": 2257, "Unholy Annex && Ritual Chamber_SB": 2962, "Kolaghan's Command": 1519, "Marvin, Murderous Mimic": 1692, "Kolaghan's Command_SB": 1520, "Portable Hole": 2049, "Narset's Reversal_SB": 1812, "Temporal Trespass": 2731, "Proft's Eidetic Memory_SB": 2070, "Prismari Command": 2063, "Spikefield Hazard": 2564, "Brotherhood's End_SB": 341, "Crackling Drake_SB": 559, "Young Pyromancer_SB": 3187, "Cavalier of Thorns": 418, "Kiora, Behemoth Beckoner": 1492, "Lair of the Hydra": 1550, "Leyline of the Guildpact": 1586, "Nykthos, Shrine to Nyx": 1879, "Old-Growth Troll": 1901, "Outcaster Trailblazer": 1938, "Polukranos Reborn": 2042, "Scavenging Ooze": 2326, "Storm the Festival": 2615, "Ulvenwald Oddity": 2942, "Wolfwillow Haven": 3157, "Emrakul, the Promised End_SB": 843, "Forest_SB": 1017, "Setessan Petitioner_SB": 2390, "Tail Swipe_SB": 2691, "The Stone Brain_SB": 2792, "Thrun, Breaker of Silence_SB": 2834, "Galvanic Iteration": 1060, "Flicker of Fate": 994, "Indatha Triome": 1347, "Yorion, Sky Nomad": 3181, "High Noon_SB": 1289, "Sunfall_SB": 2650, "Professor's Warning": 2066, "Unholy Annex // Ritual Chamber": 2963, "Extinction Event": 900, "Sheoldred's Edict_SB": 2417, "Archdruid's Charm": 106, "Dream Trawler": 757, "Elder Gargaroth": 806, "Hedge Maze": 1260, "Kenrith, the Returned King": 1481, "Smuggler's Surprise": 2506, "Spara's Headquarters": 2544, "Temple of Mystery": 2727, "Turntimber Symbiosis": 2919, "Zacama, Primal Calamity": 3189, "Dragonlord Dromoka_SB": 738, "Ertai Resurrected_SB": 868, "Languish_SB": 1553, "March of Swirling Mist_SB": 1685, "Niv-Mizzet, Parun_SB": 1854, "Notion Thief_SB": 1867, "Realm-Cloaked Giant_SB": 2150, "Silence_SB": 2448, "Sphinx of the Final Word_SB": 2559, "Velomachus Lorehold_SB": 3025, "Voyaging Satyr_SB": 3074, "Dreams of Steel and Oil": 761, "Mosswood Dreadknight": 1783, "Underground Mortuary": 2955, "Authority of the Consuls": 151, "Beza, the Bounding Spring": 217, "Caretaker's Talent": 380, "Castle Ardenvale": 397, "Cave of the Frost Dragon": 420, "Elesh Norn, Mother of Machines": 817, "Novice Inspector": 1868, "Ossification": 1929, "Reidane, God of the Worthy": 2182, "Sunken Citadel": 2652, "Thraben Inspector": 2824, "Wedding Announcement": 3112, "Loran of the Third Path_SB": 1635, "Mazemind Tome": 1709, "Hidetsugu Consumes All": 1283, "Urabrask's Forge": 2989, "Unholy Annex // Ritual Chamber_SB": 2964, "Ashiok, Dream Render_SB": 129, "Enigmatic Incarnation": 856, "Glasspool Mimic": 1120, "Kutzil's Flanker": 1544, "Linvala, the Preserver": 1616, "Nowhere to Run": 1869, "Omen of the Sea": 1907, "Titan of Industry": 2853, "Archon of Emeria_SB": 114, "Cavern of Souls_SB": 423, "Nezahal, Primal Tide_SB": 1828, "Nimble Larcenist_SB": 1842, "Overlord of the Boilerbilges_SB": 1952, "Day's Undoing": 616, "Geier Reach Sanitarium": 1078, "Jwari Disruption": 1433, "Farewell_SB": 933, "Kaheera, the Orphanguard_SB": 1436, "Stomping Ground": 2612, "Case of the Crimson Pulse_SB": 388, "Bitter Triumph_SB": 229, "Haywire Mite_SB": 1247, "Molten Collapse_SB": 1766, "Deep-Cavern Bat_SB": 644, "Misery's Shadow_SB": 1753, "Abrupt Decay": 5, "Bring to Light": 330, "Deafening Clarion": 624, "Fabled Passage": 910, "Hostage Taker": 1311, "Jetmir's Garden": 1426, "Knight of Autumn": 1502, "Krenko's Buzzcrusher": 1530, "Lightning Helix": 1602, "Niv-Mizzet Reborn": 1852, "Niv-Mizzet, Supreme": 1855, "Omnath, Locus of Creation": 1910, "Pillage the Bog": 2028, "Roaring Furnace // Steaming Sauna": 2251, "Sunfall": 2649, "Sylvan Caryatid": 2682, "Unmoored Ego": 2974, "Valki, God of Lies": 3008, "Kambal, Consul of Allocation_SB": 1446, "Invasion of Ixalan": 1387, "Cityscape Leveler_SB": 478, "Pick Your Poison_SB": 2022, "Scrapshooter_SB": 2339, "Agent of Treachery": 41, "Chained to the Rocks": 435, "Entity Tracker": 859, "High Noon": 1288, "Hinterland Harbor": 1291, "Nylea's Presence": 1881, "Trumpeting Carnosaur": 2912, "Lightning Helix_SB": 1603, "Kick in the Door": 1489, "Mishra's Research Desk": 1755, "Rockface Village": 2256, "Violent Urge": 3037, "Grafdigger's Cage_SB": 1179, "Lithomantic Barrage_SB": 1621, "Dark Petition": 603, "Emergent Ultimatum": 838, "Impulse": 1345, "Lush Portico": 1656, "Omniscience": 1912, "Soul Partition": 2530, "Strict Proctor": 2630, "Approach of the Second Sun_SB": 91, "Emergent Ultimatum_SB": 839, "Nine Lives_SB": 1844, "Angel of Serenity": 69, "Moon-Blessed Cleric": 1776, "Sunpetal Grove": 2656, "Ruric Thar, the Unbowed_SB": 2285, "Glarb, Calamity's Augur": 1116, "Kroxa and Kunoros": 1536, "Noxious Gearhulk": 1871, "Sanctuary Warden": 2301, "Charred Foyer // Warped Space_SB": 460, "Kutzil's Flanker_SB": 1545, "Brokers Hideout": 337, "Cabaretti Courtyard": 362, "Cosmic Rebirth": 551, "Escape to the Wilds": 871, "Lotus Cobra": 1644, "Nissa, Resurgent Animist": 1849, "Risen Reef": 2238, "Containment Priest_SB": 538, "Anoint with Affliction": 82, "Blot Out_SB": 271, "Mazemind Tome_SB": 1710, "Nine Lives": 1843, "Peer into the Abyss": 1994, "Dig Through Time_SB": 692, "Grand Abolisher_SB": 1181, "Otawara, Soaring City_SB": 1933, "Zacama, Primal Calamity_SB": 3190, "Vaultborn Tyrant": 3023, "Lion Sash": 1618, "Knight of Autumn_SB": 1503, "Shapers' Sanctuary_SB": 2403, "Casualties of War_SB": 403, "Culling Ritual_SB": 589, "Adeline, Resplendent Cathar": 18, "Coppercoat Vanguard": 543, "Dauntless Bodyguard": 608, "Extraction Specialist": 904, "Hopeful Initiate": 1305, "Kytheon, Hero of Akros": 1549, "Recruitment Officer": 2167, "Sheltered by Ghosts": 2414, "Thalia's Lieutenant": 2748, "Doomskar_SB": 724, "Abhorrent Oculus": 1, "Glacial Fortress": 1113, "Heliod, the Radiant Dawn": 1266, "Nimble Larcenist": 1841, "Sulfur Falls": 2641, "Entity Tracker_SB": 860, "Krenko's Buzzcrusher_SB": 1531, "Supreme Verdict_SB": 2664, "Titan of Industry_SB": 2854, "Stern Dismissal": 2604, "Thassa's Oracle_SB": 2754, "Prismari Command_SB": 2064, "All That Glitters": 53, "Aqueous Form": 92, "Audacity": 147, "Combat Research": 514, "Curious Obsession": 595, "Ethereal Armor": 881, "Gladecover Scout": 1114, "Kaya's Ghostform": 1461, "Light-Paws, Emperor's Voice": 1599, "Seachrome Coast": 2347, "Shardmage's Rescue": 2404, "Stubborn Denial": 2634, "Toadstool Admirer": 2859, "Break the Spell_SB": 318, "Doorkeeper Thrull_SB": 725, "Slip Out the Back_SB": 2498, "Warbriar Blessing_SB": 3090, "Hengegate Pathway": 1271, "Horned Loch-Whale": 1308, "Shark Typhoon": 2406, "Lightning Strike": 1605, "Wish": 3140, "Galvanic Iteration_SB": 1061, "Lier, Disciple of the Drowned_SB": 1591, "Bonecrusher Giant": 284, "Dreadhorde Arcanist": 749, "Kenrith, the Returned King_SB": 1482, "Bond of Insight": 280, "Lightning Strike_SB": 1606, "Ral, Crackling Wit_SB": 2121, "Baneslayer Angel_SB": 182, "Lyra Dawnbringer_SB": 1658, "Roaring Furnace && Steaming Sauna": 2249, "Agent of Treachery_SB": 42, "Elspeth Conquers Death_SB": 822, "Shipwreck Marsh": 2426, "Depopulate_SB": 669, "Obliterating Bolt_SB": 1888, "Ghitu Lavarunner": 1089, "Light Up the Stage": 1596, "Play with Fire": 2035, "Screaming Nemesis": 2342, "Soul-Scar Mage": 2536, "Wizard's Lightning": 3154, "Adarkar Wastes": 17, "Invasion of Gobakhan": 1385, "Mausoleum Wanderer": 1704, "Rattlechains": 2134, "Spell Queller": 2554, "Supreme Phantom": 2662, "Destroy Evil_SB": 681, "Enduring Innocence_SB": 852, "Skyclave Apparition_SB": 2479, "Split Up_SB": 2577, "Three Steps Ahead_SB": 2830, "Dokuchi Silencer_SB": 716, "Silundi Vision": 2451, "Elspeth's Smite": 823, "Welcoming Vampire": 3115, "Welcoming Vampire_SB": 3116, "Boros Charm": 294, "Inspiring Vantage": 1371, "Needleverge Pathway": 1823, "Skewer the Critics": 2471, "Deflecting Palm_SB": 651, "Leyline of Combustion_SB": 1580, "Redcap Melee_SB": 2170, "Searing Blood_SB": 2354, "Akroan Crusader": 50, "Clever Lumimancer": 490, "Defiant Strike": 649, "Expedite": 889, "Gods Willing_SB": 1169, "Light of Hope_SB": 1598, "Loran's Escape_SB": 1637, "Sheltered by Ghosts_SB": 2415, "Smash to Smithereens_SB": 2501, "Wild Slash": 3128, "Witchstalker Frenzy": 3144, "Showdown of the Skalds_SB": 2437, "Kaito Shizuki_SB": 1438, "Selfless Spirit_SB": 2380, "Lay Down Arms": 1562, "Prairie Stream": 2057, "Woodland Cemetery": 3160, "Hazoret the Fervent": 1249, "Charred Foyer && Warped Space_SB": 459, "Deadly Cover-Up_SB": 622, "Kalitas, Traitor of Ghet_SB": 1444, "Eat to Extinction_SB": 789, "Vivien, Monsters' Advocate_SB": 3048, "Yasharn, Implacable Earth_SB": 3176, "Archfiend of the Dross_SB": 110, "Cling to Dust": 493, "Volcanic Spite": 3060, "Untimely Malfunction_SB": 2983, "Bishop of Wings": 223, "Emeria's Call": 840, "Giada, Font of Hope": 1094, "Inspiring Overseer": 1370, "Kayla's Reconstruction": 1469, "Realmwalker": 2151, "Resplendent Angel": 2203, "Righteous Valkyrie": 2231, "Fiery Temper": 974, "Hollow One": 1297, "Insolent Neonate": 1368, "Ovalchase Daredevil": 1944, "Restless Vents": 2215, "Scrapheap Scrounger": 2337, "Smuggler's Copter": 2505, "Voldaren Epicure": 3062, "Shacklegeist": 2394, "Spectral Sailor": 2550, "Dreadhorde Invasion": 751, "Unable to Scream": 2945, "Summary Dismissal_SB": 2643, "Obzedat, Ghost Council": 1894, "Pest Control_SB": 2003, "Ritual of Soot_SB": 2243, "Charming Prince": 457, "Ajani, Sleeper Agent_SB": 46, "Reidane, God of the Worthy_SB": 2183, "Nahiri, the Harbinger_SB": 1808, "Hired Claw": 1292, "Bonecrusher Giant_SB": 285, "Faerie Mastermind": 920, "Silver Raven": 2452, "Unable to Scream_SB": 2946, "Dreadmaw's Ire_SB": 754, "Aloe Alchemist": 55, "Atarka's Command": 141, "Burning-Tree Emissary": 355, "Copperline Gorge": 544, "Cunning Coyote": 591, "Karplusan Forest": 1454, "Reckless Bushwhacker": 2155, "Zurgo Bellstriker": 3209, "Destructive Revelry_SB": 682, "Oath of Nissa": 1883, "Scrapshooter": 2338, "Fog_SB": 1008, "Kenrith's Transformation_SB": 1480, "Pithing Needle_SB": 2032, "Questing Beast_SB": 2093, "Skysovereign, Consul Flagship_SB": 2486, "Wolfwillow Haven_SB": 3158, "Cling to Dust_SB": 494, "Boseiju, Who Endures_SB": 301, "Filter Out_SB": 978, "Divine Smite_SB": 713, "Reckless Impulse": 2157, "Kari Zev's Expertise_SB": 1451, "Rampaging Ferocidon_SB": 2129, "Soul-Guide Lantern_SB": 2535, "Temporary Lockdown": 2732, "Alpine Moon_SB": 58, "Improbable Alliance_SB": 1344, "Cryptic Coat": 584, "Darksteel Citadel": 607, "Ensoul Artifact": 857, "Legion Extruder": 1571, "Shadowspear": 2397, "Shrapnel Blast": 2438, "Voltage Surge_SB": 3067, "Brave the Elements": 313, "Reflector Mage": 2173, "Veteran Survivor": 3031, "Wedding Announcement_SB": 3113, "Alpha Authority": 56, "Demonic Ruckus": 660, "Gryff's Boon": 1205, "Hammerhand": 1224, "Mirrex": 1747, "Optimistic Scavenger": 1919, "Sentinel's Eyes": 2384, "Storm Herald": 2614, "March of Otherworldly Light_SB": 1683, "Cartouche of Solidarity": 385, "Leyline of Sanctity": 1584, "Warbriar Blessing": 3089, "Invasion of Gobakhan_SB": 1386, "The Meathook Massacre": 2776, "Kroxa, Titan of Death's Hunger_SB": 1539, "Ygra, Eater of All_SB": 3180, "Soul Partition_SB": 2531, "Beseech the Mirror": 214, "Rush of Dread": 2287, "The End_SB": 2766, "Witchstalker Frenzy_SB": 3145, "Access Tunnel": 11, "Declaration in Stone_SB": 641, "Devouring Light_SB": 686, "Haywire Mite": 1246, "Bonny Pall, Clearcutter": 286, "Path to the World Tree": 1985, "Nahiri, the Harbinger": 1807, "Furnace Reins": 1052, "Settle the Wreckage": 2392, "Vivien Reid_SB": 3045, "Fallaji Archaeologist": 925, "Neoform": 1826, "No One Left Behind": 1860, "Thundertrap Trainer": 2840, "Undercity Sewers": 2954, "Arboreal Grazer": 98, "Dragonlord Dromoka": 737, "Bloodletter of Aclazotz_SB": 261, "Collision // Colossus": 507, "Pawpatch Recruit": 1990, "Questing Druid": 2094, "Snakeskin Veil": 2508, "Cindervines_SB": 473, "Split Up": 2576, "Come Back Wrong_SB": 515, "Chandra, Awakened Inferno_SB": 445, "Castle Vantress": 402, "Cleansing Nova": 484, "Confounding Riddle": 527, "Coveted Falcon": 557, "Idyllic Tutor": 1330, "Rest in Peace": 2205, "Solemnity": 2520, "Palace Siege_SB": 1969, "Unmoored Ego_SB": 2975, "Big Score": 219, "Dwarven Mine": 785, "Indomitable Creativity": 1348, "Snow-Covered Mountain": 2513, "Sundown Pass": 2648, "Worldspine Wurm_SB": 3164, "Xenagos, God of Revels_SB": 3172, "Cathar Commando": 406, "Isolated Chapel": 1403, "Loran of the Third Path": 1634, "Tenacious Underdog": 2735, "Rush of Dread_SB": 2288, "Blood Baron of Vizkopa_SB": 251, "Molten Collapse": 1765, "Change the Equation": 453, "Drown in the Loch": 771, "Negate": 1824, "Restless Reef": 2212, "Torrential Gearhulk": 2879, "Chrome Host Seedshark_SB": 469, "Test of Talents_SB": 2745, "March of Wretched Sorrow": 1686, "Misery's Shadow": 1752, "Clifftop Retreat": 492, "Xander's Lounge": 3170, "Hallowed Moonlight_SB": 1222, "Valgavoth, Terror Eater_SB": 3006, "Wear // Tear_SB": 3107, "Fauna Shaman": 939, "Aclazotz, Deepest Betrayal": 13, "Make Disappear": 1671, "Tishana's Tidebinder": 2851, "Ray of Enfeeblement_SB": 2138, "Tishana's Tidebinder_SB": 2852, "Phyrexian Censor_SB": 2012, "Jace, Wielder of Mysteries_SB": 1416, "Assimilation Aegis": 140, "Candy Trail": 376, "Case of the Filched Falcon": 389, "Disruption Protocol": 705, "Dusk Rose Reliquary": 781, "Fomori Vault": 1009, "Golos, Tireless Pilgrim": 1173, "Inventors' Fair": 1391, "Lantern of the Lost": 1554, "Metallic Rebuke": 1725, "Moonsnare Prototype": 1779, "Prophetic Prism": 2074, "The Book of Exalted Deeds": 2761, "The Enigma Jewel": 2767, "Tyrite Sanctum": 2927, "Whir of Invention": 3122, "Citizen's Crowbar_SB": 476, "Ashiok, Dream Render": 128, "Bonebind Orator": 283, "Crashing Drawbridge": 566, "Deathrite Shaman": 633, "Fiend Artisan": 969, "Insidious Fungus": 1366, "Insidious Roots": 1367, "Moss-Pit Skeleton": 1781, "Osteomancer Adept": 1931, "Rubblebelt Maverick": 2274, "Seed of Hope": 2366, "Shigeki, Jukai Visionary": 2423, "Snarling Gorehound": 2510, "Squirming Emergence": 2588, "Tyvar, Jubilant Brawler": 2931, "Unstoppable Slasher_SB": 2978, "Coordinated Assault": 541, "Case of the Gateway Express": 390, "Gleeful Demolition": 1122, "Imodane's Recruiter": 1337, "Knight-Errant of Eos": 1509, "Resolute Reinforcements": 2201, "The Wandering Rescuer": 2795, "Venerated Loxodon": 3027, "Warden of the Inner Sky": 3092, "Breaking // Entering": 319, "Founding the Third Path": 1027, "Fraying Sanity": 1039, "Jace, the Perfected Mind": 1417, "Maddening Cacophony": 1661, "Soul-Guide Lantern": 2534, "Tasha's Hideous Laughter": 2710, "Bontu's Last Reckoning_SB": 288, "Rite of the Moth": 2241, "Valgavoth's Faithful": 3002, "Starfield of Nyx": 2594, "Anger of the Gods": 72, "Aetherflux Reservoir": 28, "Assassin's Trophy": 137, "Careful Cultivation": 379, "Courier's Briefcase": 555, "Esika's Chariot": 872, "Rockfall Vale": 2258, "Tear Asunder": 2712, "The World Tree": 2798, "Radiant Flames_SB": 2105, "Void Winnower_SB": 3058, "Twisted Fealty_SB": 2924, "Carrot Cake": 384, "Regal Caracal": 2178, "Westvale Abbey": 3120, "Settle the Wreckage_SB": 2393, "Spelunking": 2557, "Brimaz, King of Oreskos_SB": 327, "Cragcrown Pathway": 561, "Dragonhawk, Fate's Tempest": 736, "Obliterating Bolt": 1887, "Reckless Stormseeker": 2160, "Sentinel of the Nameless City": 2382, "The Akroan War": 2756, "The Huntsman's Redemption": 2772, "Klothys, God of Destiny_SB": 1501, "Screaming Nemesis_SB": 2343, "Brutal Cathar": 343, "Containment Priest": 537, "Extraction Specialist_SB": 905, "Narset, Enlightened Master_SB": 1813, "Dark Betrayal_SB": 602, "Leyline of Resonance_SB": 1583, "Izzet Charm": 1407, "Saheeli, Sublime Artificer_SB": 2294, "Irrigated Farmland": 1398, "Cut Down": 598, "Tomik, Wielder of Law": 2868, "Virtue of Persistence_SB": 3042, "Snow-Covered Swamp": 2515, "Elspeth, Sun's Champion_SB": 828, "Lovestruck Beast": 1647, "Cruelclaw's Heist": 575, "Outrageous Robbery_SB": 1943, "Voracious Hydra_SB": 3070, "Crackling Drake": 558, "Angrath, the Flame-Chained_SB": 74, "Angel of Serenity_SB": 70, "Up the Beanstalk_SB": 2988, "Nebelgast Herald": 1818, "Eidolon of Rhetoric_SB": 801, "Hallowed Moonlight": 1221, "Castle Garenbrig": 399, "Ulamog, the Ceaseless Hunger": 2937, "Monstrous Emergence_SB": 1772, "Prowling Serpopard_SB": 2080, "Rewind": 2224, "Blossoming Defense_SB": 269, "Castle Embereth": 398, "Scavenger Grounds": 2321, "Grisly Salvage": 1198, "Pack Rat": 1963, "Raffine's Informant": 2107, "Silence": 2447, "Sorin, Vengeful Bloodlord": 2528, "Witherbloom Command": 3147, "Hagra Mauling": 1216, "Murderous Rider": 1795, "Restless Cottage": 2209, "Sorin the Mirthless": 2526, "The End": 2765, "Ancient Cornucopia": 66, "Selfless Glyphweaver_SB": 2376, "Tolsimir, Friend to Wolves_SB": 2865, "Quick Study": 2096, "Torpor Orb_SB": 2878, "Reflector Mage_SB": 2174, "Collision // Colossus_SB": 508, "Obstinate Baloth_SB": 1892, "Finale of Devastation": 980, "Kitsa, Otterball Elite": 1499, "Lavaspur Boots": 1559, "Mox Amber": 1786, "Retraction Helix": 2217, "Springleaf Drum": 2583, "Valley Floodcaller": 3009, "Wishclaw Talisman": 3141, "Altar of the Brood_SB": 62, "Kaito, Bane of Nightmares_SB": 1440, "Mox Amber_SB": 1787, "Retraction Helix_SB": 2218, "Forge Devil_SB": 1018, "Agatha's Soul Cauldron_SB": 40, "Fires of Invention": 983, "The Scarab God": 2786, "Cruelclaw's Heist_SB": 576, "Malicious Eclipse_SB": 1675, "Altanak, the Thrice-Called": 61, "Attack-in-the-Box": 145, "Balemurk Leech": 172, "Broodspinner": 338, "Cackling Slasher": 364, "Cathartic Parting": 408, "Coordinated Clobbering": 542, "Flesh Burrower": 993, "Frantic Strength": 1037, "Glimmerlight": 1123, "Grasping Longneck": 1186, "Grievous Wound": 1195, "Innocuous Rat": 1359, "Leyline of the Void": 1587, "Meathook Massacre II": 1711, "Overgrown Zealot": 1948, "Saw": 2315, "Slavering Branchsnapper": 2489, "Spectral Snatcher": 2551, "Spineseeker Centipede": 2565, "Sporogenic Infection": 2581, "Strangled Cemetery": 2626, "Terramorphic Expanse": 2739, "Twitching Doll": 2925, "Valgavoth's Lair": 3003, "Wary Watchdog": 3098, "Winter, Misanthropic Guide": 3139, "Conductive Machete_SB": 525, "Fanatic of the Harrowing_SB": 928, "Final Vengeance_SB": 979, "Friendly Teddy_SB": 1043, "Give In to Violence_SB": 1110, "Manifest Dread_SB": 1677, "Murder_SB": 1792, "Tormod's Crypt_SB": 2877, "Change the Equation_SB": 454, "Devout Decree_SB": 687, "Cemetery Desecrator": 428, "Escape Tunnel": 870, "Insatiable Avarice_SB": 1362, "Chandra, Dressed to Kill": 446, "Obosh, the Preypiercer_SB": 1890, "Adeline, Resplendent Cathar_SB": 19, "Jadar, Ghoulcaller of Nephalia_SB": 1418, "Flip the Switch": 997, "Get Out": 1085, "Phantom Interference": 2005, "Temple of Epiphany": 2724, "Unctus, Grand Metatect": 2951, "Snow-Covered Island": 2512, "Kaya, Spirits' Justice_SB": 1468, "Feed the Swarm": 954, "Crumb and Get It": 577, "Favored Hoplite": 940, "Gods Willing": 1168, "Illuminator Virtuoso": 1335, "Boros Charm_SB": 295, "Dewdrop Cure_SB": 689, "Flowstone Infusion_SB": 1006, "Aftermath Analyst": 34, "Annie Joins Up": 79, "Doppelgang": 726, "Lumra, Bellow of the Woods": 1653, "Phylath, World Sculptor": 2008, "Port of Karfell": 2048, "Riveteers Overlook": 2246, "Thundering Falls": 2839, "Worldsoul's Rage": 3162, "Exquisite Firecraft_SB": 899, "Skullcrack_SB": 2477, "Rotten Reunion_SB": 2266, "Cathartic Pyre": 409, "Lotus Field_SB": 1646, "Arasta of the Endless Web_SB": 97, "Scavenging Ooze_SB": 2327, "Tyrranax Rex_SB": 2929, "Innkeeper's Talent": 1357, "Liliana, the Last Hope": 1613, "Shadowy Backstreet": 2399, "Legion's End_SB": 1574, "Day's Undoing_SB": 617, "Adanto Vanguard": 15, "Homestead Courage": 1299, "Sejiri Shelter": 2373, "Adanto Vanguard_SB": 16, "Shardmage's Rescue_SB": 2405, "Skrelv, Defector Mite": 2475, "Slip Out the Back": 2497, "Staggering Insight": 2591, "Hushbringer_SB": 1323, "Natural State_SB": 1817, "Otherworldly Gaze": 1935, "Detention Sphere": 684, "Nowhere to Run_SB": 1870, "Discontinuity_SB": 698, "Hostile Hostel": 1312, "Voyaging Satyr": 3073, "Polukranos Reborn_SB": 2043, "Ulamog, the Ceaseless Hunger_SB": 2938, "Unlucky Witness": 2973, "Thalia, Heretic Cathar": 2751, "Virtue of Loyalty_SB": 3040, "Behold the Beyond": 209, "Yavimaya Coast": 3178, "Perilous Voyage_SB": 2000, "Mirrorshell Crab": 1749, "Omen Hawker": 1903, "Horned Loch-Whale_SB": 1309, "Strict Proctor_SB": 2631, "Go Blank": 1137, "Hostile Investigator": 1313, "Nissa, Ascended Animist": 1847, "Rankle's Prank": 2132, "Repudiate // Replicate": 2196, "Thrun, Breaker of Silence": 2833, "Wrenn and Realmbreaker": 3167, "Colossal Skyturtle_SB": 511, "Song of Totentanz_SB": 2523, "Metamorphic Alteration": 1728, "Aven Interrupter_SB": 154, "Giant Killer_SB": 1098, "Ashiok, Nightmare Muse": 130, "Deploy the Gatewatch": 667, "Interplanar Beacon": 1374, "Kaya, Intangible Slayer": 1464, "Lukka, Coppercoat Outcast": 1650, "Narset of the Ancient Way": 1811, "Overgrown Farmland": 1946, "Paradise Druid": 1974, "Tamiyo, Collector of Tales": 2701, "Tamiyo, Compleated Sage": 2703, "The Eternal Wanderer": 2768, "Ugin, the Spirit Dragon": 2935, "Vraska, Betrayal's Sting": 3076, "Bloodchief's Thirst": 257, "Preacher of the Schism": 2058, "Archangel Elspeth_SB": 104, "Klothys, God of Destiny": 1500, "Lilah, Undefeated Slickshot": 1607, "Green Sun's Twilight": 1193, "Railway Brawler": 2110, "Tyrranax Rex": 2928, "Vorinclex, Monstrous Raider": 3071, "Invasion of Ixalan_SB": 1388, "Keen-Eyed Curator_SB": 1475, "Kogla, the Titan Ape_SB": 1517, "Nullhide Ferox_SB": 1875, "The Kenriths' Royal Funeral_SB": 2775, "Outland Liberator_SB": 1940, "Geistlight Snare": 1079, "Katilda, Dawnhart Martyr": 1456, "Katilda, Dawnhart Martyr_SB": 1457, "Third Path Iconoclast": 2807, "Outland Liberator": 1939, "Highway Robbery": 1290, "Shambling Vent": 2402, "Knight of Grace_SB": 1507, "Gideon, Ally of Zendikar": 1103, "Exorcise_SB": 887, "Clockwork Percussionist": 495, "Atarka's Command_SB": 142, "Questing Druid_SB": 2095, "Agadeem's Awakening": 36, "Drowned Catacomb": 772, "Soaring Thought-Thief": 2516, "Thieves' Guild Enforcer": 2802, "Nighthawk Scavenger_SB": 1837, "Collective Brutality": 502, "Detention Sphere_SB": 685, "Barkchannel Pathway": 191, "Cenote Scout": 432, "Deeproot Elite": 646, "Deeproot Pilgrimage": 647, "Forensic Researcher": 1013, "Kiora's Follower": 1491, "Kitesail Larcenist": 1495, "Kumena, Tyrant of Orazca": 1542, "Merfolk Trickster": 1724, "Three Tree City": 2831, "Vodalian Hexcatcher": 3050, "Forensic Researcher_SB": 1014, "Heroic Intervention_SB": 1279, "Kopala, Warden of Waves_SB": 1523, "Lost in the Maze_SB": 1642, "Prophet of Kruphix_SB": 2073, "Demolition Field": 655, "Hope Tender_SB": 1304, "Snow-Covered Forest": 2511, "Ferocious Werefox_SB": 961, "Thing in the Ice_SB": 2805, "Tolsimir, Friend to Wolves": 2864, "Helping Hand": 1270, "Jace, Vryn's Prodigy": 1414, "Monastery Mentor": 1769, "Unexpected Fangs_SB": 2960, "Starnheim Unleashed_SB": 2595, "Callous Bloodmage": 370, "Linvala, the Preserver_SB": 1617, "Nylea's Intervention_SB": 1880, "Chord of Calling": 466, "Dwynen's Elite": 786, "Elvish Clancaller": 831, "Elvish Warmaster": 834, "Jaspera Sentinel": 1420, "Leaf-Crowned Visionary": 1566, "Secluded Courtyard": 2361, "Shaman of the Pack": 2401, "Tyvar, the Pummeler": 2932, "Pause for Reflection_SB": 1987, "Phyrexian Revoker_SB": 2018, "Reclamation Sage_SB": 2165, "Sentinel of Lost Lore_SB": 2381, "Soulless Jailer_SB": 2539, "Roiling Vortex_SB": 2261, "Blossoming Defense": 268, "Giant Growth": 1096, "Thud": 2835, "Snakeskin Veil_SB": 2509, "Beanstalk Giant": 203, "Bedeck // Bedazzle": 206, "Clever Impersonator": 489, "Greater Tanuki": 1192, "Herd Migration": 1276, "Quintorius Kand": 2100, "Spark Double": 2545, "Spinewoods Armadillo": 2566, "Consign // Oblivion_SB": 532, "Keruga, the Macrosage_SB": 1484, "Mirrorshell Crab_SB": 1750, "Quakebringer_SB": 2091, "Vanquish the Horde_SB": 3021, "Drannith Ruins": 743, "Faerie Dreamthief": 918, "Spell Stutter": 2555, "Kaito, Dancing Shadow_SB": 1442, "Overlord of the Balemurk_SB": 1950, "Plumecreed Escort_SB": 2040, "Void Rend": 3056, "Magma Opus": 1669, "Mystic Monastery": 1800, "Warrant // Warden": 3097, "Reduce // Rubble_SB": 2172, "Leyline of Hope": 1581, "Speaker of the Heavens": 2547, "Authority of the Consuls_SB": 152, "Possibility Storm": 2054, "Sunset Revelry": 2657, "Blind Obedience_SB": 248, "Outlaws' Merriment_SB": 1941, "Rip Apart_SB": 2233, "Archon of Sun's Grace": 115, "Omen of the Sun": 1908, "Seal Away": 2348, "Starfall Invocation_SB": 2593, "Collateral Damage": 498, "Eidolon of the Great Revel": 802, "Eidolon of the Great Revel_SB": 803, "Unchained Berserker_SB": 2949, "Rootbound Crag": 2264, "Wandering Mind": 3087, "Surge of Salvation_SB": 2668, "Bitter Reunion": 227, "Emry, Lurker of the Loch": 844, "Jeskai Ascendancy": 1424, "Restless Spire": 2214, "Saheeli, Sublime Artificer": 2293, "Tormod's Crypt": 2876, "Say Its Name": 2317, "Witherbloom Command_SB": 3148, "Kumena's Speaker": 1541, "Tidebinder Mage_SB": 2844, "Dazzling Theater // Prop Room": 619, "Restless Bivouac": 2208, "Sanguine Evangelist": 2305, "Siege Veteran": 2442, "Warleader's Call": 3093, "Yotian Frontliner": 3183, "Aurelia, the Law Above_SB": 150, "Ratchet Bomb_SB": 2133, "Metamorphic Alteration_SB": 1729, "Unlicensed Hearse": 2970, "Takenuma, Abandoned Mire_SB": 2694, "Fry_SB": 1047, "Barrier Breach_SB": 193, "End the Festivities_SB": 846, "Goblin Chainwhirler_SB": 1147, "Razorkin Needlehead_SB": 2141, "Sunspine Lynx_SB": 2661, "Banefire_SB": 180, "Battle Cry Goblin": 198, "Call of the Death-Dweller": 369, "Conspicuous Snoop": 533, "Goblin Chainwhirler": 1146, "Goblin Piledriver": 1153, "Goblin Ringleader": 1155, "Goblin Trashmaster": 1161, "Legion Loyalist": 1573, "Rundvelt Hordemaster": 2279, "Skirk Prospector": 2472, "Squee, Dubious Monarch": 2586, "Fecund Greenshell": 950, "Ipnu Rivulet": 1395, "Obscura Storefront": 1891, "Bloodchief's Thirst_SB": 258, "Lukka, Coppercoat Outcast_SB": 1651, "Experimental Frenzy_SB": 896, "Declaration in Stone": 640, "Brave the Elements_SB": 314, "Bontu's Monument": 289, "Hashep Oasis": 1237, "Thought-Knot Seer": 2817, "Arlinn, the Pack's Hope_SB": 119, "Eldrazi Obligator_SB": 810, "Thought-Knot Seer_SB": 2818, "Kazuul's Fury": 1472, "Tail Swipe": 2690, "Experimental Synthesizer": 897, "Metropolis Reformer": 1731, "Consign // Oblivion": 531, "Creative Outburst": 570, "Dragonskull Summit": 740, "Bedeck // Bedazzle_SB": 207, "Splitskin Doll": 2578, "Deep-Cavern Bat": 643, "Virtue of Persistence": 3041, "Chandra, Acolyte of Flame_SB": 444, "Echoing Deeps": 792, "Ill-Timed Explosion": 1332, "Maestros Theater": 1664, "Mystic Sanctuary": 1802, "Scapeshift": 2319, "Snow-Covered Plains": 2514, "Splendid Reclamation": 2575, "The Autonomous Furnace": 2758, "The Hunter Maze": 2771, "Extract the Truth_SB": 903, "Circle of Dreams Druid": 474, "Elvish Visionary": 833, "Reclamation Sage": 2164, "Deathrite Shaman_SB": 634, "Bushwhack": 360, "Cavalier of Flame": 417, "Vraska, Betrayal's Sting_SB": 3077, "Imposing Sovereign": 1342, "Ruric Thar, the Unbowed": 2284, "Discontinuity": 697, "Sphinx's Revelation": 2560, "Tale's End": 2695, "Urza's Sylex_SB": 2997, "Chandra, Acolyte of Flame": 443, "Exquisite Firecraft": 898, "Gruul Charm": 1201, "Leyline of Combustion": 1579, "Rampaging Ferocidon": 2128, "Razorkin Needlehead": 2140, "Scorching Dragonfire": 2328, "Torbran, Thane of Red Fell": 2871, "Scorching Dragonfire_SB": 2329, "Regal Caracal_SB": 2179, "Braids, Arisen Nightmare": 308, "Disturbing Mirth": 708, "Hopeless Nightmare": 1307, "Spiteful Hexmage": 2574, "Treacherous Blessing": 2897, "Haunted Ridge_SB": 1244, "Surge of Salvation": 2667, "Arabella, Abandoned Doll": 93, "Giant Killer": 1097, "Tears of Valakut_SB": 2714, "Thalia, Guardian of Thraben_SB": 2750, "Ertai Resurrected": 867, "Lazav, the Multifarious": 1564, "Nashi, Searcher in the Dark": 1816, "Slogurk, the Overslime": 2500, "Can't Stay Away": 375, "Kalitas, Traitor of Ghet": 1443, "Basri Ket_SB": 195, "Unwanted Remake_SB": 2984, "Luminarch Aspirant": 1652, "Roaring Furnace // Steaming Sauna_SB": 2252, "Not on My Watch_SB": 1865, "Fanatical Offering": 931, "Vraska, Golgari Queen_SB": 3079, "Get Out_SB": 1086, "Fateful Absence": 937, "Doppelgang_SB": 727, "Grand Abolisher": 1180, "Holy Cow": 1298, "Archangel of Tithes_SB": 105, "Conclave Tribunal_SB": 524, "Metropolis Reformer_SB": 1732, "Shalai, Voice of Plenty_SB": 2400, "Bolas's Citadel": 274, "Catacomb Sifter": 404, "Popular Egotist": 2044, "Priest of Forgotten Gods": 2061, "Prosperous Innkeeper": 2075, "Woe Strider": 3155, "Experimental Confectioner": 895, "Trail of Crumbs": 2886, "Cemetery Illuminator": 430, "Cemetery Illuminator_SB": 431, "Balmor, Battlemage Captain": 173, "Shore Up_SB": 2433, "Solemnity_SB": 2521, "Soul Search_SB": 2532, "Bag of Holding": 168, "Gideon of the Trials": 1100, "Jace, Architect of Thought": 1412, "Teferi, Master of Time": 2719, "Cleansing Nova_SB": 485, "Eerie Ultimatum_SB": 797, "Inspired Ultimatum_SB": 1369, "Nicol Bolas, Dragon-God_SB": 1832, "Sarkhan the Masterless_SB": 2306, "Thief of Sanity_SB": 2801, "Botanical Brawler": 302, "Bristly Bill, Spine Sower": 334, "Conclave Mentor": 523, "Hardened Scales": 1231, "Kodama of the West Tree": 1513, "Ozolith, the Shattered Spire": 1961, "Stonecoil Serpent": 2613, "Urgent Necropsy": 2994, "Archangel Avacyn_SB": 102, "Boon-Bringer Valkyrie_SB": 293, "Wrenn's Resolve_SB": 3169, "Jace Reawakened": 1409, "Teferi, Hero of Dominaria_SB": 2718, "Chandra, Torch of Defiance_SB": 452, "Kazandu Mammoth": 1471, "Restless Prairie": 2211, "Thalia, Heretic Cathar_SB": 2752, "Rabid Gnaw": 2103, "Shock": 2428, "Vraska, Golgari Queen": 3078, "Scourge of the Skyclaves": 2334, "Strangle": 2624, "Prosperous Thief": 2077, "Rottenmouth Viper": 2267, "Phyrexian Dragon Engine": 2013, "The Akroan War_SB": 2757, "Azorius Charm": 162, "Scavenger Grounds_SB": 2322, "Fortified Beachhead": 1020, "The Scorpion God_SB": 2788, "Painful Truths_SB": 1967, "Bloodsoaked Champion": 262, "Dire Tactics": 696, "General Kudro of Drannith": 1080, "Jirina, Dauntless General": 1428, "Sorin, Vengeful Bloodlord_SB": 2529, "Fortified Village": 1021, "Goldvein Hydra": 1170, "Grapple with the Past": 1183, "Nightveil Predator": 1838, "Rhonas the Indomitable": 2225, "Samut, Voice of Dissent": 2300, "Savage Summoning_SB": 2310, "Depopulate": 668, "Sprite Dragon": 2584, "Approach of the Second Sun": 90, "Fading Hope": 915, "Consuming Tide_SB": 535, "The Cruelty of Gix_SB": 2764, "Long Goodbye_SB": 1630, "Tocasia's Welcome_SB": 2861, "Golgari Charm_SB": 1171, "Hoarding Broodlord_SB": 1295, "Growth Spiral": 1199, "Realm-Cloaked Giant": 2149, "Sea Gate Restoration": 2345, "Shoot the Sheriff_SB": 2431, "Faerie Mastermind_SB": 921, "Duelist of the Mind": 776, "Steamcore Scholar": 2600, "Ashen Rider": 125, "Despark_SB": 675, "Elesh Norn_SB": 819, "Enduring Vitality": 854, "Kona, Rescue Beastie": 1522, "Portal to Phyrexia": 2052, "Selfless Savior": 2377, "Seraphic Steed": 2385, "Survivors' Encampment": 2672, "The Restoration of Eiganjo": 2784, "Kutzil, Malamet Exemplar_SB": 1547, "Selfless Savior_SB": 2378, "Path of Peril": 1983, "Drag to the Roots": 734, "Noxious Grasp_SB": 1873, "Intrepid Adversary": 1382, "Kaya, Orzhov Usurper_SB": 1467, "Kozilek's Return_SB": 1527, "Alchemist's Gambit": 51, "Chandra, Hope's Beacon": 448, "Zoraline, Cosmos Caller": 3205, "Castle Locthwain_SB": 401, "Renegade Rallier": 2192, "Edgar, Charmed Groom_SB": 794, "Play with Fire_SB": 2036, "Blot Out": 270, "Lively Dirge": 1622, "Stormchaser's Talent": 2617, "Atraxa, Grand Unifier_SB": 144, "Dawnbringer Cleric_SB": 612, "Zareth San, the Trickster_SB": 3195, "Rhonas the Indomitable_SB": 2226, "Whisperwood Elemental_SB": 3124, "Bond of Revival": 281, "Blazemire Verge_SB": 240, "Loran's Escape": 1636, "Den of the Bugbear_SB": 664, "Dispel_SB": 703, "Satoru, the Infiltrator": 2308, "Kitesail Larcenist_SB": 1496, "Keen-Eyed Curator": 1474, "Viashino Pyromancer": 3032, "Armored Scrapgorger": 121, "Eldrazi Displacer": 808, "Weathered Runestone_SB": 3109, "Blessed Defiance_SB": 246, "Eidolon of Blossoms": 799, "Wrenn's Resolve": 3168, "Dream Trawler_SB": 758, "Selfless Glyphweaver": 2375, "Pest Control": 2002, "Restless Fortress": 2210, "Kaya, Intangible Slayer_SB": 1465, "Renounce the Guilds_SB": 2194, "Fireblade Charger": 981, "Zoyowa Lava-Tongue": 3206, "Exuberant Fuseling_SB": 907, "Reckless Bushwhacker_SB": 2156, "Squee, Dubious Monarch_SB": 2587, "Field of Ruin_SB": 968, "Citywide Bust_SB": 479, "Tyvar, the Pummeler_SB": 2933, "Maximize Velocity_SB": 1706, "Experiment One": 892, "Unclaimed Territory": 2950, "Werewolf Pack Leader": 3119, "Rakdos Joins Up": 2115, "Orazca Puzzle-Door": 1922, "Monastery Mentor_SB": 1770, "Enduring Bondwarden": 847, "Hangarback Walker": 1225, "Quirion Beastcaller": 2101, "Bolas's Citadel_SB": 275, "Catacomb Sifter_SB": 405, "Collected Company_SB": 501, "Popular Egotist_SB": 2045, "Prosperous Innkeeper_SB": 2076, "Woe Strider_SB": 3156, "Elvish Archivist_SB": 830, "Izoni, Center of the Web": 1406, "Demon of Dark Schemes_SB": 656, "Fblthp, the Lost": 941, "Teshar, Ancestor's Apostle": 2744, "Arid Archway": 118, "Blue Sun's Twilight": 272, "Clifftop Lookout": 491, "Conduit Pylons": 526, "Dreamdew Entrancer": 759, "Dreamroot Cascade": 760, "Outcaster Greenblade": 1937, "Ugin, the Spirit Dragon_SB": 2936, "Silent Gravestone_SB": 2449, "Korvold, Fae-Cursed King": 1524, "Guardian of Faith": 1206, "Withering Torment": 3149, "Phyrexian Vindicator_SB": 2019, "Suncleanser_SB": 2645, "Gates of Istfell": 1072, "Fateful Absence_SB": 938, "No More Lies_SB": 1859, "Portal to Phyrexia_SB": 2053, "Selfless Spirit": 2379, "Debt to the Kami": 635, "Debt to the Kami_SB": 636, "Release to the Wind": 2184, "Gyruda, Doom of Depths_SB": 1215, "Angelfire Ignition": 71, "Tenth District Legionnaire": 2737, "Steel Seraph_SB": 2603, "Lofty Denial": 1627, "Status // Statue_SB": 2597, "Lofty Denial_SB": 1628, "Colossal Skyturtle": 510, "Cyclonic Rift": 600, "Restless Vinestalk": 2216, "Rona's Vortex": 2262, "Calix, Guided by Fate": 368, "Generous Visitor": 1081, "Jukai Naturalist": 1431, "Spirited Companion": 2573, "Curse of Silence_SB": 596, "Nighthawk Scavenger": 1836, "Thousand-Faced Shadow": 2822, "Gyruda, Doom of Depths": 1214, "Consecrate // Consume_SB": 529, "Commercial District": 516, "Cease // Desist_SB": 426, "Archon of Absolution_SB": 112, "Case of the Gateway Express_SB": 391, "Cityscape Leveler": 477, "Hidden Necropolis": 1280, "Temple of Malady": 2725, "Temple of Malice": 2726, "Untimely Malfunction": 2982, "Empyrean Eagle": 841, "Koma, Cosmos Serpent_SB": 1521, "Memory Deluge_SB": 1717, "Touch the Spirit Realm": 2881, "Scorching Shot_SB": 2331, "Brimaz, King of Oreskos": 326, "Collector's Cage": 505, "The Birth of Meletis": 2760, "Warping Wail_SB": 3096, "Forsaken Miner": 1019, "Undead Sprinter": 2952, "Chandra, Dressed to Kill_SB": 447, "Roaring Furnace && Steaming Sauna_SB": 2250, "Bloodtithe Collector": 264, "Kitnap": 1497, "Chandra, Torch of Defiance": 451, "Magebane Lizard": 1667, "Goddric, Cloaked Reveler": 1166, "Languish": 1552, "Bonders' Enclave": 282, "Nicol Bolas, Dragon-God": 1831, "Shadowspear_SB": 2398, "Gleaming Geardrake": 1121, "Zoetic Glyph": 3202, "Cryptic Coat_SB": 585, "Destiny Spinner_SB": 679, "Blood Crypt_SB": 253, "Vampires' Vengeance_SB": 3017, "Break Out": 317, "Evolving Adaptive": 884, "Pelt Collector": 1997, "Voltaic Brawler": 3068, "Wildfire Wickerfolk": 3130, "Embercleave_SB": 836, "Kraul Harpooner_SB": 1528, "Vengeful Possession_SB": 3029, "Demilich": 653, "Glarb, Calamity's Augur_SB": 1117, "Ingenious Prodigy": 1355, "Bamboo Grove Archer_SB": 175, "Sunken Citadel_SB": 2653, "Mastermind's Acquisition_SB": 1702, "Pick Your Poison": 2021, "Tomik, Distinguished Advokist_SB": 2867, "Season of the Burrow_SB": 2358, "Spinner of Souls": 2567, "Abyssal Harvester": 8, "Zur, Eternal Schemer_SB": 3208, "Burst Lightning": 358, "Blast Zone_SB": 238, "Lantern of the Lost_SB": 1555, "Scab-Clan Berserker_SB": 2318, "Knight-Errant of Eos_SB": 1510, "Boltwave": 276, "Elenda, Saint of Dusk": 815, "Yasharn, Implacable Earth": 3175, "Elenda, Saint of Dusk_SB": 816, "Serra Paragon": 2386, "Waste Not_SB": 3100, "High Fae Trickster_SB": 1287, "Slaughter Games_SB": 2488, "Syr Ginger, the Meal Ender": 2687, "Kaito, Cunning Infiltrator": 1441, "Scrawling Crawler": 2341, "Brass Knuckles": 311, "Fabrication Foundry": 911, "Ingenious Smith": 1356, "Leyline Axe": 1576, "Metalwork Colossus": 1727, "Sanctum of Ugin": 2302, "Simulacrum Synthesizer": 2463, "The Irencrag": 2773, "Wedding Invitation": 3114, "Metallic Rebuke_SB": 1726, "Mystic Forge_SB": 1799, "Defabricate": 648, "Varragoth, Bloodsky Sire": 3022, "Emrakul, the Promised End": 842, "Fervent Champion": 963, "Goblin Tomb Raider": 1159, "Stern Dismissal_SB": 2605, "Evangel of Synthesis": 882, "Raffine, Scheming Seer": 2109, "Void Rend_SB": 3057, "Expedition Map": 890, "Dropkick Bomber": 769, "Searslicer Goblin": 2355, "Goblin Ringleader_SB": 1156, "Kiora, the Rising Tide": 1493, "Fragmentize_SB": 1034, "Blooming Blast": 266, "Gallia of the Endless Dance": 1059, "Cemetery Gatekeeper_SB": 429, "Creeping Chill": 571, "Driven // Despair": 765, "Haunted Dead": 1242, "Narcomoeba": 1810, "Prized Amalgam": 2065, "Silversmote Ghoul": 2459, "Tome Scour": 2866, "Wail of the Forgotten": 3081, "Huskburster Swarm_SB": 1325, "Tainted Indulgence": 2692, "Zombify": 3203, "Mission Briefing": 1756, "Not on My Watch": 1864, "Dawnbringer Cleric": 611, "Elspeth, Sun's Champion": 827, "Camellia, the Seedmiser_SB": 374, "Trail of Crumbs_SB": 2887, "Annul": 80, "Torment of Hailfire_SB": 2874, "Blast Zone": 237, "Waste Not": 3099, "Drake Hatcher_SB": 741, "Ral, Crackling Wit": 2120, "Hanweir Battlements": 1227, "Response // Resurgence_SB": 2204, "Scorn-Blade Berserker": 2332, "Essence Channeler": 875, "Fountain of Renewal": 1029, "Gifted Aetherborn": 1105, "Heliod, Sun-Crowned": 1265, "Hooded Blightfang": 1302, "Indulging Patrician": 1350, "Revival // Revenge": 2223, "Scoured Barrens": 2333, "Vampire of the Dire Moon": 3015, "Vito, Thorn of the Dusk Rose": 3044, "Voice of the Blessed": 3055, "Tinybones, Bauble Burglar": 2848, "Deathmark_SB": 631, "Curator of Destinies_SB": 593, "Joust Through_SB": 1430, "Lava Axe_SB": 1557, "Skrelv's Hive": 2473, "Flicker of Fate_SB": 995, "Bandit's Talent": 177, "Pyroclasm": 2086, "Kykar, Zephyr Awakener": 1548, "Infestation Sage": 1353, "Bulk Up": 348, "Saiba Cryptomancer": 2295, "Saiba Cryptomancer_SB": 2296, "Ajani, Sleeper Agent": 45, "Nahiri, the Unforgiving_SB": 1809, "Alms of the Vein": 54, "Demand Answers": 652, "Grab the Prize": 1177, "Markov Baron": 1691, "Nullpriest of Oblivion": 1876, "Skullcrack": 2476, "Imposing Sovereign_SB": 1343, "Jirina, Dauntless General_SB": 1429, "Halana and Alena, Partners": 1218, "Blacksmith's Talent": 232, "Colossus Hammer": 512, "Kellan, the Fae-Blooded": 1478, "Resolute Strike": 2202, "Sigarda's Aid": 2444, "Thud_SB": 2836, "Herald of Eternal Dawn_SB": 1273, "Genesis Wave": 1082, "Lush Oasis": 1655, "Samut, Tyrant Smasher": 2298, "Bouncer's Beatdown_SB": 306, "Soulstone Sanctuary": 2542, "Parting Gust": 1979, "Youthful Valkyrie": 3188, "Temple of Plenty": 2728, "Peer into the Abyss_SB": 1995, "Day of Judgment": 613, "Gideon Blackblade": 1099, "Gideon's Triumph": 1101, "Liliana, Dreadhorde General": 1611, "Urza's Sylex": 2996, "Voracious Hydra": 3069, "Banner of Kinship": 188, "Elvish Archdruid": 829, "Citanul Stalwart": 475, "Sylvan Messenger_SB": 2683, "The Witch's Vanity": 2797, "Innkeeper's Talent_SB": 1358, "Hornet Queen_SB": 1310, "Cut // Ribbons": 597, "Skrelv's Hive_SB": 2474, "Maelstrom Pulse": 1662, "Blitz of the Thunder-Raptor": 249, "Long River's Pull": 1631, "Unsubstantiate": 2979, "Sugar Coat_SB": 2640, "Unsubstantiate_SB": 2980, "Haunted Cloak": 1241, "Swiftfoot Boots": 2677, "Dread Fugue": 745, "Flameblade Adept": 989, "Ox of Agonas": 1959, "Ill-Timed Explosion_SB": 1333, "Omnath, Locus of Creation_SB": 1911, "Scrapwork Mutt": 2340, "Tyvar's Stand": 2930, "Faithful Mending": 923, "Shadows' Verdict_SB": 2396, "Spawn of Mayhem": 2546, "Karn, Scion of Urza_SB": 1453, "Bristlebud Farmer": 331, "Dusk Legion Duelist": 780, "Phyrexian Obliterator_SB": 2017, "Make Disappear_SB": 1672, "Hooting Mandrills": 1303, "Tasigur, the Golden Fang": 2711, "Toxrill, the Corrosive_SB": 2885, "Calamity, Galloping Inferno": 367, "Charming Scoundrel": 458, "Deflecting Palm": 650, "Fallaji Vanguard": 926, "Fortune, Loyal Steed": 1022, "Furycalm Snarl": 1054, "Hellspur Posse Boss": 1268, "Panharmonicon": 1972, "Requisition Raid": 2199, "Temple of Triumph": 2730, "Terror of the Peaks": 2742, "Witty Roastmaster": 3153, "Aetherstorm Roc_SB": 32, "Anim Pakal, Thousandth Moon_SB": 78, "Chance for Glory_SB": 441, "Demonic Ruckus_SB": 661, "Impact Tremors_SB": 1340, "Lunarch Veteran": 1654, "Skyclave Cleric": 2480, "Ajani, Strength of the Pride_SB": 48, "Davriel, Rogue Shadowmage_SB": 610, "The Raven Man_SB": 2782, "Expansion // Explosion": 888, "Seasons Past": 2360, "Haughty Djinn_SB": 1240, "Foundry Street Denizen": 1028, "Gruul Charm_SB": 1202, "Masked Vandal_SB": 1695, "Brass's Tunnel-Grinder": 312, "Goblin Instigator": 1149, "Raise the Past": 2111, "Chained to the Rocks_SB": 436, "Ascendant Spirit": 124, "Faceless Haven": 912, "Plumecreed Escort": 2039, "Fading Hope_SB": 916, "Icon of Ancestry_SB": 1328, "Kellan, Planar Trailblazer": 1477, "Thassa's Oracle": 2753, "Anguished Unmaking": 75, "Oath of Kaya": 1882, "Blessed Alliance_SB": 244, "Day of Judgment_SB": 614, "Mystic Repeal_SB": 1801, "Reasonable Doubt_SB": 2153, "Rottenmouth Viper_SB": 2268, "Topplegeist": 2870, "Niv-Mizzet, Visionary_SB": 1857, "Maelstrom Pulse_SB": 1663, "Thing in the Ice": 2804, "Requisition Raid_SB": 2200, "Witness Protection_SB": 3152, "Dust Animus_SB": 784, "Phyrexian Arena_SB": 2010, "Hostile Investigator_SB": 1314, "Harvester of Misery_SB": 1236, "Tibalt's Trickery": 2841, "Tibalt's Trickery_SB": 2842, "Heaped Harvest": 1255, "Thassa, God of the Sea": 2755, "Slaughter Games": 2487, "Idol of Endurance": 1329, "Phyrexian Censor": 2011, "Niko Aris": 1839, "Academy Loremaster": 10, "Chainsaw": 437, "Fountainport Bell": 1031, "Glint-Nest Crane": 1124, "Hammer of Purphoros": 1223, "Triton Tactics_SB": 2908, "Shrapnel Blast_SB": 2439, "Sixth Sense": 2470, "Sram, Senior Edificer": 2589, "Alpha Authority_SB": 57, "Scattered Groves": 2320, "Arboreal Grazer_SB": 99, "Vein Ripper": 3024, "Thought Erasure": 2816, "Spring-Loaded Sawblades": 2582, "Kaya's Ghostform_SB": 1462, "Wear Down_SB": 3108, "Culling Ritual": 588, "Blood Baron of Vizkopa": 250, "Crystal Barricade_SB": 587, "Turn the Earth_SB": 2918, "Tenacious Underdog_SB": 2736, "Bala Ged Recovery_SB": 171, "Dowsing Device": 732, "Push // Pull": 2083, "Skyknight Squire": 2482, "Llanowar Visionary": 1625, "Burst Lightning_SB": 359, "Ajani, Caller of the Pride": 44, "Burrowguard Mentor": 357, "Dryad Militant": 774, "Fleecemane Lion": 991, "Kutzil, Malamet Exemplar": 1546, "Melira, the Living Cure": 1714, "Wilt-Leaf Liege": 3133, "Royal Treatment": 2271, "Seal Away_SB": 2349, "Sire of Seven Deaths": 2468, "Niv-Mizzet, Supreme_SB": 1856, "Connive // Concoct_SB": 528, "Torrential Gearhulk_SB": 2880, "Fatal Grudge": 934, "Oracle of Tragedy": 1921, "Questing Beast": 2092, "Striped Riverwinder": 2632, "Think Twice": 2806, "Sphinx's Revelation_SB": 2561, "Commit // Memory": 517, "Herald of Eternal Dawn": 1272, "Hullbreaker Horror": 1319, "Boltwave_SB": 277, "Indomitable Creativity_SB": 1349, "Mech Hangar": 1712, "Chandra, Hope's Beacon_SB": 449, "Heliod's Intervention": 1263, "Legion's Landing": 1575, "Maskwood Nexus": 1696, "Volatile Fault": 3059, "Festering Gulch": 964, "Gingerbread Cabin": 1108, "Outrageous Robbery": 1942, "Balustrade Wurm": 174, "Reality Shift": 2147, "Deputy of Detention": 670, "Embercleave": 835, "Lukka, Bound to Ruin_SB": 1649, "Choked Estuary": 465, "Ego Drain": 798, "Faerie Fencing": 919, "Obyra, Dreaming Duelist": 1893, "Shineshadow Snarl": 2425, "Sleep-Cursed Faerie": 2491, "Sunken Hollow": 2654, "Talion, the Kindly Lord": 2698, "Talion's Messenger": 2697, "Twining Twins": 2921, "Crippling Fear_SB": 572, "Flashfreeze_SB": 990, "Phantom Interference_SB": 2006, "Blessed Alliance": 243, "Builder's Talent": 345, "Worldspine Wurm": 3163, "Assemble the Legion_SB": 139, "Runed Halo_SB": 2283, "Fanatical Firebrand": 929, "Goblin Warchief": 1162, "Krenko, Mob Boss": 1533, "Betrayer's Bargain_SB": 216, "By Force_SB": 361, "Strangle_SB": 2625, "Exuberant Fuseling": 906, "Goblin Rabblemaster": 1154, "Collateral Damage_SB": 499, "Tibalt, Rakish Instigator_SB": 2843, "Game Trail": 1063, "Glorybringer": 1131, "Cankerbloom_SB": 377, "Aspect of Hydra": 135, "Hunter's Talent": 1321, "Nullhide Ferox": 1874, "Steel Leaf Champion": 2601, "Garruk's Uprising_SB": 1067, "Ghalta, Primal Hunger_SB": 1088, "Ram Through_SB": 2125, "Apostle of Purifying Light_SB": 89, "Chaplain of Alms_SB": 456, "Healer's Hawk_SB": 1254, "Karametra's Blessing_SB": 1450, "Cast Down": 394, "Desecration Demon": 673, "Evolved Sleeper": 883, "Kaervek, the Punisher": 1434, "Mishra's Foundry": 1754, "Ultimate Price": 2940, "Unexpected Fangs": 2959, "Vadmir, New Blood": 2999, "Extract a Confession_SB": 902, "Kitesail Freebooter_SB": 1494, "Pilfer_SB": 2026, "Crawling Barrens": 569, "Ifnir Deadlands": 1331, "Memorial to Folly": 1715, "Power Word Kill": 2055, "Ob Nixilis Reignited_SB": 1884, "Abrade": 3, "Dazzling Angel": 618, "Divine Smite": 712, "Exemplar of Light": 886, "Firemane Avenger": 982, "Wind-Scarred Crag": 3136, "Bomat Courier": 278, "Falkenrath Gorger": 924, "Foreboding Ruins": 1012, "Forerunner of Slaughter": 1015, "Olivia, Mobilized for War": 1902, "Unlicensed Disintegration": 2969, "Rakdos Charm_SB": 2113, "Shock_SB": 2429, "Transgress the Mind_SB": 2891, "Briarbridge Tracker": 322, "Hard-Hitting Question": 1229, "Subterranean Schooner": 2638, "Teething Wurmlet": 2716, "Tough Cookie": 2882, "Vineglimmer Snarl": 3035, "Briarbridge Tracker_SB": 323, "Hard-Hitting Question_SB": 1230, "Island_SB": 1401, "Unsummon_SB": 2981, "Night of the Sweets' Revenge": 1835, "Rampage of the Clans": 2126, "Hangarback Walker_SB": 1226, "Royal Treatment_SB": 2272, "The Filigree Sylex_SB": 2769, "Earthshaker Khenra": 788, "Mirran Banesplitter": 1746, "Rimrock Knight": 2232, "Aethersphere Harvester_SB": 31, "Burning Hands_SB": 353, "Azorius Guildgate": 163, "Boros Guildgate": 297, "Dimir Guildgate": 693, "Gate Colossus": 1069, "Gatebreaker Ram": 1070, "Gates Ablaze": 1071, "Gateway Plaza": 1073, "Glaive of the Guildpact": 1115, "Golgari Guildgate": 1172, "Gruul Guildgate": 1203, "Guild Summit": 1209, "Hour of Promise": 1315, "Izzet Guildgate": 1408, "Maze's End": 1708, "Open the Gates": 1915, "Orzhov Guildgate": 1926, "Plaza of Harmony": 2037, "Rakdos Guildgate": 2114, "Selesnya Guildgate": 2374, "Simic Guildgate": 2460, "Thran Portal": 2825, "Archway Angel_SB": 116, "Broken Bond_SB": 336, "Crackling Perimeter_SB": 560, "Enigma Drake": 855, "Strategic Planning": 2629, "Tolarian Terror": 2862, "Wandering Fumarole": 3086, "Essence Scatter_SB": 878, "Frantic Firebolt_SB": 1035, "Absorb": 7, "Behold the Multiverse": 210, "Saw It Coming": 2316, "Thirst for Discovery": 2809, "Garruk's Uprising": 1066, "Inscription of Abundance": 1363, "Primal Might": 2062, "Experiment One_SB": 893, "Garruk's Harbinger_SB": 1065, "Drown in Sorrow_SB": 770, "Toxin Analysis_SB": 2884, "Witch's Vengeance_SB": 3143, "Shoot the Sheriff": 2430, "Smoldering Marsh": 2504, "Bandit's Talent_SB": 178, "Banehound": 181, "Curator of Mysteries": 594, "Mire Triton": 1745, "Disfigure_SB": 701, "Rush of Vitality_SB": 2289, "Angel of Invention": 68, "Combat Celebrant": 513, "God-Pharaoh's Gift": 1164, "Refurbish": 2175, "Abhorrent Oculus_SB": 2, "Arashin Cleric_SB": 95, "Spinner of Souls_SB": 2568, "Seal from Existence": 2350, "Ghostly Dancers_SB": 1093, "Seal from Existence_SB": 2351, "Goblin Blast-Runner": 1143, "Implement of Combustion": 1341, "Krenko, Baron of Tin Street": 1532, "Voltage Surge": 3066, "Sunshot Militia_SB": 2659, "Essence Scatter": 877, "Flow of Knowledge": 1003, "Haughty Djinn": 1239, "Shore Up": 2432, "Mocking Sprite_SB": 1760, "Quick Study_SB": 2097, "See Double_SB": 2364, "Shifting Grift_SB": 2422, "Bedlam Reveler": 208, "Frostboil Snarl": 1045, "Warlord's Fury": 3095, "Ox of Agonas_SB": 1960, "Badlands Revival": 167, "Fertile Thicket": 962, "Festerleech": 965, "Foul Orchard": 1024, "Ghalta, Primal Hunger": 1087, "Gix's Command": 1111, "Hedge Shredder": 1261, "Hero's Downfall": 1277, "Jungle Hollow": 1432, "Long Goodbye": 1629, "Quilled Greatwurm": 2099, "Slice from the Shadows": 2493, "Frantic Strength_SB": 1038, "Savor_SB": 2314, "Stab_SB": 2590, "Vraska's Fall_SB": 3075, "Alesha, Who Laughs at Fate": 52, "Davriel, Rogue Shadowmage": 609, "Fell": 958, "Grasp of Darkness": 1184, "Master of Cruelties": 1700, "Rakdos, the Muscle": 2117, "Razorlash Transmogrant": 2142, "Razortrap Gorge": 2143, "Seize the Spoils": 2372, "Illness in the Ranks_SB": 1334, "Kaervek, the Spiteful_SB": 1435, "Painful Quandary_SB": 1965, "Eddymurk Crab": 793, "Ephara's Dispersal": 862, "Stormwing Entity": 2623, "Gnarled Scarhide": 1132, "Madcap Skills": 1660, "Minotaur Skullcleaver": 1744, "Mogis's Marauder": 1763, "Rakdos Cackler": 2112, "Rakdos Shred-Freak": 2116, "Spike Jester": 2563, "Tormented Hero": 2875, "Doom Blade_SB": 721, "Ultimate Price_SB": 2941, "Consuming Aberration": 534, "Contaminated Aquifer": 539, "Didn't Say Please": 690, "Dismal Backwater": 702, "Dreadwaters": 755, "Duskmantle Guildmage": 783, "Fell Specter": 959, "Gnawing Vermin": 1135, "Jhessian Thief": 1427, "Mind Carver": 1737, "Mind Drain": 1738, "Murder": 1791, "Nezumi Informant": 1829, "Orzhov Racketeers": 1927, "Painful Quandary": 1964, "Paranoid Delusions": 1977, "Pilfered Plans": 2027, "Psychic Strike": 2081, "Razzle-Dazzler": 2145, "Read the Bones": 2146, "Short Bow": 2435, "Sleep": 2490, "The Mindskinner": 2780, "Typhoid Rats": 2926, "Wall of Frost": 3085, "Witness Protection": 3151, "Aspect of Lamprey_SB": 136, "Blood Pact_SB": 254, "Crypt Incursion_SB": 582, "Dreadwaters_SB": 756, "Frogify_SB": 1044, "Professor's Warning_SB": 2067, "Rogue's Gloves_SB": 2259, "Sinister Possession_SB": 2465, "Solemn Simulacrum_SB": 2519, "Sphinx of Magosi_SB": 2558, "Thieving Otter_SB": 2803, "Unlikely Aid_SB": 2972, "Zombify_SB": 3204, "Coruscation Mage": 550, "Giant Cindermaw_SB": 1095, "Lightning Mare_SB": 1604, "Wrangle_SB": 3166, "Ancient Imperiosaur": 67, "Belligerent Yearling": 212, "Fight Rigging": 975, "Hulking Raptor": 1318, "Intrepid Paleontologist": 1383, "Ixalli's Lorekeeper": 1405, "Otepec Huntmaster": 1934, "Palani's Hatcher": 1971, "Pugnacious Hammerskull": 2082, "Regisaur Alpha": 2181, "Restless Ridgeline": 2213, "Shifting Ceratops": 2420, "Triumphant Chomp": 2909, "Shifting Ceratops_SB": 2421, "Thrashing Brontodon_SB": 2828, "Triumphant Chomp_SB": 2910, "Frenzied Goblin": 1041, "Goblin Boarders": 1144, "Goblin Heelcutter": 1148, "Goblin Negotiation": 1152, "Goblin Surprise": 1157, "Goblinslide": 1163, "Guttersnipe": 1212, "Hellraiser Goblin": 1267, "Impact Tremors": 1339, "Pyrewild Shaman": 2085, "Redcap Gutter-Dweller": 2168, "Rigging Runner": 2230, "Subterranean Scout": 2639, "Thrill of Possibility": 2832, "War Squeak": 3088, "Zada, Hedron Grinder": 3191, "Frenzied Goblin_SB": 1042, "Goblin Boarders_SB": 1145, "Goblin Surprise_SB": 1158, "Rundvelt Hordemaster_SB": 2280, "Searslicer Goblin_SB": 2356, "Siege-Gang Commander_SB": 2443, "Cruel Somnophage": 574, "Mercurial Spelldancer": 1722, "Mind Sculpt": 1739, "Ruin Crab": 2276, "Sign in Blood": 2446, "Syr Konrad, the Grim": 2689, "Bitter Chill_SB": 226, "Chart a Course_SB": 461, "Sphinx's Tutelage_SB": 2562, "Terisian Mindbreaker_SB": 2738, "Armored Kincaller": 120, "Burning Sun Cavalry": 354, "Captivating Cave": 378, "Cavern Stomper": 421, "Colossadactyl": 509, "Dinotomaton": 695, "Disturbed Slumber": 707, "Earthshaker Dreadmaw": 787, "Hidden Nursery": 1281, "Itzquinth, Firstborn of Gishath": 1404, "Nurturing Bristleback": 1877, "Over the Edge": 1945, "Panicked Altisaur": 1973, "Pathfinding Axejaw": 1986, "Poison Dart Frog": 2041, "Promising Vein": 2072, "Rampaging Ceratops": 2127, "Rumbling Rockslide": 2278, "Scytheclaw Raptor": 2344, "Seeker of Sunlight": 2368, "Seismic Monstrosaur": 2370, "The Skullspore Nexus": 2789, "Walk with the Ancestors": 3084, "Bristling Backwoods": 332, "Deeproot Champion": 645, "Quirion Dryad": 2102, "Temple of Abandon": 2722, "Domri's Ambush_SB": 719, "Blacklance Paragon": 231, "Brineborn Cutthroat": 328, "Cunning Nightbonder": 592, "Reasonable Doubt": 2152, "Sea-Dasher Octopus": 2346, "Slitherwisp": 2499, "Ashiok's Erasure_SB": 127, "Spectral Adversary_SB": 2549, "Abandoned Campground": 0, "Dollmaker's Shop // Porcelain Gallery": 718, "Grand Entryway // Elegant Rotunda": 1182, "Gremlin Tamer": 1194, "Inquisitive Glimmer": 1360, "Lionheart Glimmer": 1620, "Niko, Light of Hope": 1840, "Oppressive Rays": 1917, "Builder's Talent_SB": 346, "Divine Resilience_SB": 711, "Fear of Impostors_SB": 944, "Kitnap_SB": 1498, "Minor Misstep_SB": 1743, "Paladin Class_SB": 1970, "Stay Hidden, Stay Silent_SB": 2598, "Feed the Cycle": 952, "Honored Dreyleader": 1301, "Necroblossom Snarl": 1819, "Savor": 2313, "Thornvault Forager": 2814, "Valley Rotcaller": 3011, "Feed the Cycle_SB": 953, "Life Goes On_SB": 1592, "Ayara, First of Locthwain": 159, "Brain Maggot": 309, "Erebos, Bleak-Hearted": 864, "Foulmire Knight": 1026, "Gray Merchant of Asphodel": 1189, "Infernal Grasp": 1352, "Phyrexian Arena": 2009, "Underworld Dreams": 2958, "Warlock Class": 3094, "Corrupt_SB": 549, "Power Word Kill_SB": 2056, "Whack_SB": 3121, "Cinder Glade": 470, "Enter the Unknown": 858, "Mirrorwing Dragon": 1751, "Season of Growth": 2357, "Silverfur Partisan": 2456, "Young Pyromancer": 3186, "Temur Battle Rage_SB": 2734, "Turn Inside Out_SB": 2917, "Unnatural Moonrise_SB": 2976, "Fires of Victory": 984, "Stern Lesson": 2606, "Roast_SB": 2253, "Arcane Infusion": 100, "Peculiar Lighthouse": 1993, "Secrets of the Key": 2362, "Xenagos, God of Revels": 3171, "Aetherize_SB": 30, "Into the Roil_SB": 1380, "Volcanic Spite_SB": 3061, "Zetalpa, Primal Dawn_SB": 3199, "Flame-Blessed Bolt_SB": 988, "Ral, Izzet Viceroy_SB": 2122, "You See a Guard Approach_SB": 3184, "Adult Gold Dragon": 21, "Aether Hub": 27, "Attune with Aether": 146, "Gather the Pack": 1076, "Lotleth Troll": 1643, "Cragplate Baloth_SB": 563, "Plains_SB": 2034, "Sporeweb Weaver_SB": 2580, "Beastie Beatdown": 205, "Footfall Crater": 1010, "Omnivorous Flytrap": 1913, "Patchwork Beastie": 1982, "Return to Nature_SB": 2222, "Alseid of Life's Bounty": 60, "Hateful Eidolon": 1238, "Karametra's Blessing": 1449, "Agent of the Fates_SB": 43, "Dead Weight_SB": 620, "Eriette of the Charmed Apple_SB": 865, "Pacifism_SB": 1962, "Evolving Wilds": 885, "Gala Greeters": 1058, "Good-Fortune Unicorn": 1174, "Mossborn Hydra": 1782, "Ochre Jelly": 1895, "Ornery Tumblewagg": 1924, "Sylvan Scavenging": 2685, "Wildwood Scourge": 3131, "Gaea's Gift_SB": 1057, "Gnarlid Colony_SB": 1133, "Inscription of Abundance_SB": 1364, "Trash the Town_SB": 2895, "Bristling Hydra": 333, "Electrostatic Pummeler": 813, "Fling": 996, "Ghor-Clan Rampager": 1090, "Harnessed Lightning": 1234, "Invigorated Rampage": 1392, "Servant of the Conduit": 2388, "Axebane Ferox_SB": 157, "Deathgorge Scavenger_SB": 630, "Gruul Spellbreaker_SB": 1204, "Insult // Injury_SB": 1373, "Sorcerous Spyglass_SB": 2525, "Wilt_SB": 3135, "Legion Angel": 1569, "Legion Angel_SB": 1570, "Gideon's Triumph_SB": 1102, "Cast Out": 395, "Demonic Pact": 659, "Doom Foretold": 722, "Hopeful Vigil": 1306, "Kaya's Wrath": 1463, "Sigil of the Empty Throne": 2445, "Spirit-Sister's Call": 2572, "Temple of Silence": 2729, "Trial of Ambition": 2904, "Banishing Light_SB": 186, "Cast Out_SB": 396, "Dreadhorde Invasion_SB": 752, "Trespasser's Curse_SB": 2903, "Arashin Foremost": 96, "Blood-Chin Rager": 256, "Chief of the Edge": 463, "Gutterbones": 1211, "Mardu Strike Leader": 1688, "Mardu Woe-Reaper": 1689, "Rally the Ranks": 2123, "Secure the Wastes": 2363, "Usher of the Fallen": 2998, "Garruk's Harbinger": 1064, "Lifecrafter's Bestiary": 1595, "Feed the Clan_SB": 951, "Skylasher_SB": 2483, "Skyreaping_SB": 2484, "Case of the Crimson Pulse": 387, "Vindictive Flamestoker_SB": 3034, "Nahiri's Resolve": 1804, "Thousand Moons Smithy": 2821, "Tinker's Tote": 2846, "Dusk Rose Reliquary_SB": 782, "Unidentified Hovership_SB": 2965, "Azure Beastbinder": 164, "Disfigure": 700, "Gossip's Talent": 1176, "Karumonix, the Rat King": 1455, "Lord Skitter, Sewer King": 1638, "Persistent Marshstalker": 2001, "Piper of the Swarm": 2030, "Shoreline Looter": 2434, "Tangled Colony": 2705, "Vren, the Relentless": 3080, "Bring the Ending_SB": 329, "Pile On_SB": 2025, "Tangled Colony_SB": 2706, "Abzan Charm": 9, "Deathmist Raptor": 632, "Den Protector": 662, "Mastery of the Unseen": 1703, "Sandsteppe Citadel": 2303, "Satyr Wayfinder": 2309, "Siege Rhino": 2441, "Unyielding Gatekeeper": 2986, "Banishing Light": 185, "Flowerfoot Swordmaster": 1004, "Mabel, Heir to Cragflame": 1659, "Seedglaive Mentor": 2367, "Whiskervale Forerunner": 3123, "Burn Bright": 349, "Chimney Rabble": 464, "Domri, Anarch of Bolas": 720, "Fissure Wizard": 986, "Goblin Arsonist": 1142, "Goblin Javelineer": 1150, "Goblin Morningstar": 1151, "Goblin Trailblazer": 1160, "Grumgully, the Generous": 1200, "Heraldic Banner": 1274, "Hobgoblin Bandit Lord": 1296, "Hulking Bugbear": 1317, "Renata, Called to the Hunt": 2190, "Return of the Wildspeaker": 2220, "Rhythm of the Wild": 2227, "Subira, Tulzidi Caravanner": 2636, "You See a Pair of Goblins": 3185, "Krenko, Mob Boss_SB": 1534, "Krenko, Tin Street Kingpin_SB": 1535, "Eroded Canyon": 866, "Essence Capture": 874, "Galvanize": 1062, "Mind Spiral": 1740, "Pit of Offerings": 2031, "Scorching Shot": 2330, "Slick Sequence": 2494, "Winged Words": 3138, "Into the Fire_SB": 1377, "Tolarian Terror_SB": 2863, "Wildfire Howl_SB": 3129, "No Witnesses": 1861, "Port Town": 2047, "Refute": 2176, "Temple of Enlightenment": 2723, "Jace, Architect of Thought_SB": 1413, "No Witnesses_SB": 1862, "Burn Down the House": 350, "Flame-Blessed Bolt": 987, "Vampires' Vengeance": 3016, "Pelakka Wurm_SB": 1996, "Mephitic Draught": 1721, "Tithing Blade": 2858, "Corpses of the Lost_SB": 548, "Doom Foretold_SB": 723, "Life of Toshiro Umezawa_SB": 1593, "Edgewall Inn": 795, "Edgewall Innkeeper": 796, "Lucky Clover": 1648, "Midnight Reaper": 1734, "Order of Midnight": 1923, "Smitten Swordmaster": 2502, "Massacre Girl_SB": 1697, "Stormkeld Vanguard_SB": 2619, "Blazing Volley": 241, "Cinderclasm": 471, "Crash Through": 565, "Death-Rattle Oni": 628, "Electrickery": 812, "Kessig Flamebreather": 1485, "Seismic Wave": 2371, "Stolen Vitality": 2611, "Burn Down the House_SB": 351, "Smoldering Egg_SB": 2503, "Swamp_SB": 2674, "Drannith Healer": 742, "Drannith Stinger": 744, "Flourishing Fox": 1002, "Go for Blood": 1139, "Reptilian Reflection": 2195, "Valiant Rescuer": 3007, "Zenith Flare": 3196, "Irencrag Pyromancer_SB": 1396, "Boon of the Wish-Giver": 292, "Frostveil Ambush": 1046, "Memory Leak": 1719, "Startling Development": 2596, "Jace, Vryn's Prodigy_SB": 1415, "Gnarlroot Trapper": 1134, "Valley Floodcaller_SB": 3010, "Valorous Stance_SB": 3014, "Pillage the Bog_SB": 2029, "Aether Channeler": 24, "Decimator of the Provinces": 638, "Elder Deep-Fiend": 805, "Fierce Empath": 970, "Foul Emissary": 1023, "Sublime Epiphany": 2637, "Unauthorized Exit": 2947, "Fiery Annihilation_SB": 971, "Arahbo, the First Fang": 94, "Felidar Cub": 956, "Feline Sovereign": 957, "Sacred Cat": 2291, "Savannah Lions": 2312, "Lion Sash_SB": 1619, "Reckless Stormseeker_SB": 2161, "Archfiend of Depravity": 107, "Archfiend of Depravity_SB": 108, "Fade from History_SB": 914, "Loot, Exuberant Explorer": 1632, "Notion Thief": 1866, "Quicken": 2098, "Banish into Fable": 183, "The Celestus": 2762, "Reluctant Role Model": 2187, "Furnace Punisher": 1051, "March of Swirling Mist": 1684, "Faceless Haven_SB": 913, "Invasive Surgery_SB": 1390, "The Scarab God_SB": 2787, "Pieces of the Puzzle": 2024, "Michiko's Reign of Truth": 1733, "Rite of Oblivion": 2239, "Anthem of Champions_SB": 86, "Shatterskull Smashing": 2410, "Tinybones, the Pickpocket": 2849, "Fear of Abduction": 942, "Blue Sun's Twilight_SB": 273, "Overwhelming Remorse_SB": 1958, "Brotherhood's End": 340, "Return the Favor_SB": 2221, "Agatha of the Vile Cauldron": 37, "Bard Class": 190, "Hajar, Loyal Bodyguard": 1217, "Migloz, Maze Crusher": 1736, "Ruby, Daring Tracker": 2275, "Samut, Vizier of Naktamun": 2299, "Targ Nar, Demon-Fang Gnoll": 2708, "Xenagos, the Reveler": 3173, "Stormsplitter": 2622, "Thousand-Year Storm": 2823, "Cathartic Pyre_SB": 410, "Tamiyo, Collector of Tales_SB": 2702, "Gloomshrieker": 1129, "Dennick, Pious Apprentice_SB": 665, "Dollmaker's Shop && Porcelain Gallery": 717, "Kami of Transience": 1447, "Surgical Suite && Hospital Room_SB": 2669, "Sire of Seven Deaths_SB": 2469, "Regal Bunnicorn": 2177, "Dissection Tools": 706, "Protect the Negotiators_SB": 2079, "Ashiok, Wicked Manipulator": 133, "Ajani, Strength of the Pride": 47, "Case of the Uneaten Feast": 393, "Trelasarra, Moon Dancer": 2902, "Floriferous Vinewall": 1001, "Eldritch Evolution": 811, "Hauntwoods Shrieker": 1245, "Urborg Lhurgoyf": 2991, "Aether Channeler_SB": 25, "Zephyr Sentinel_SB": 3197, "Tectonic Hazard_SB": 2715, "Kambal, Consul of Allocation": 1445, "Surrak Dragonclaw": 2670, "Stubborn Denial_SB": 2635, "Frantic Scapegoat": 1036, "Callous Sell-Sword_SB": 372, "Ritual of Soot": 2242, "Inscription of Ruin": 1365, "Harmonious Archon": 1233, "Sandstorm Salvager": 2304, "Toby, Beastie Befriender": 2860, "Kayla's Reconstruction_SB": 1470, "Filter Out": 977, "Destroy Evil": 680, "Serra Paragon_SB": 2387, "Nissa, Vastwood Seer": 1850, "Heartflame Duelist": 1257, "Inspiring Veteran": 1372, "Knight of Dusk's Shadow": 1504, "Knight of the Ebon Legion": 1508, "Tournament Grounds": 2883, "Venerable Knight": 3026, "Worthy Knight": 3165, "Knight of Dusk's Shadow_SB": 1505, "Woodland Bellower": 3159, "Breeding Pool_SB": 321, "Chance for Glory": 440, "Collector's Vault": 506, "Teferi, Who Slows the Sunset": 2720, "Bag of Holding_SB": 169, "Zirda, the Dawnwaker_SB": 3201, "Ashen Rider_SB": 126, "Despise_SB": 677, "Lifebane Zombie_SB": 1594, "Sunspine Lynx": 2660, "Light Up the Stage_SB": 1597, "Weaver of Harmony": 3110, "Isolate_SB": 1402, "Cindervines": 472, "God-Pharaoh's Statue_SB": 1165, "Smuggler's Surprise_SB": 2507, "Wakeroot Elemental_SB": 3083, "The Flame of Keld": 2770, "Fetid Pools": 966, "Silvergill Adept": 2457, "Triton Shorestalker": 2907, "Isareth the Awakener": 1399, "Dreadbore": 747, "Nicol Bolas, the Ravager": 1833, "Omen of the Forge": 1906, "The Kami War": 2774, "Wakeroot Elemental": 3082, "Legion Extruder_SB": 1572, "This Town Ain't Big Enough": 2811, "Lost Legacy_SB": 1641, "The Mightstone and Weakstone_SB": 2779, "Remorseful Cleric": 2188, "Sylvan Awakening": 2681, "Kogla and Yidaro_SB": 1515, "Nissa, Who Shakes the World": 1851, "Bilious Skulldweller": 220, "Chevill, Bane of Monsters": 462, "Fynn, the Fangbearer": 1055, "Ghost Vacuum": 1091, "Heroic Intervention": 1278, "Malakir Rebirth": 1673, "Wasteland Viper": 3102, "Infectious Bite_SB": 1351, "Unauthorized Exit_SB": 2948, "Nahiri's Warcrafting_SB": 1805, "Akal Pakal, First Among Equals": 49, "Courser of Kruphix": 556, "Simic Manipulator": 2461, "Timestream Navigator": 2845, "Azure Beastbinder_SB": 165, "Mockingbird_SB": 1762, "Simic Manipulator_SB": 2462, "Trygon Predator_SB": 2914, "Vivien, Champion of the Wilds_SB": 3047, "Caretaker's Talent_SB": 381, "Fountainport_SB": 1032, "Rite of Oblivion_SB": 2240, "Kogla, the Titan Ape": 1516, "Vivien, Arkbow Ranger": 3046, "Cavalier of Thorns_SB": 419, "Ulvenwald Oddity_SB": 2943, "Depala, Pilot Exemplar": 666, "Magda, Brazen Outlaw": 1665, "Magda, the Hoardmaster": 1666, "Roaming Throne": 2248, "Toolcraft Exemplar": 2869, "Veteran Motorist": 3030, "The Royal Scions": 2785, "Crumbling Vestige": 579, "Kemba, Kha Enduring": 1479, "Kogla and Yidaro": 1514, "Trumpeting Carnosaur_SB": 2913, "Dusk // Dawn_SB": 779, "Last Breath_SB": 1556, "Thunderherd Migration": 2837, "Boros Elite": 296, "Guardian of New Benalia": 1208, "Mobilized District": 1759, "Precinct Captain": 2060, "Soldier of the Pantheon": 2518, "Spellbook Vendor": 2556, "Sungold Sentinel": 2651, "Banisher Priest_SB": 184, "Bounty Agent_SB": 307, "Rally the Ranks_SB": 2124, "Wicked Wolf_SB": 3126, "Overlord of the Mistmoors_SB": 1956, "Surge of Righteousness_SB": 2666, "Fear of Isolation": 945, "Tinybones Joins Up": 2847, "Built to Smash": 347, "Wayward Guide-Beast": 3105, "Voldaren Thrillseeker_SB": 3064, "Renegade Tactics": 2193, "Siphon Insight_SB": 2466, "Imodane's Recruiter_SB": 1338, "Glorious Protector_SB": 1130, "Niambi, Esteemed Speaker_SB": 1830, "The Wandering Rescuer_SB": 2796, "Into the Story": 1381, "Lavinia, Azorius Renegade_SB": 1561, "Syr Ginger, the Meal Ender_SB": 2688, "Demonic Counsel": 658, "Augur of Bolas": 149, "Essence Flux": 876, "Apostle of Purifying Light": 88, "Glass Casket": 1118, "Thran Power Suit": 2826, "Titania, Voice of Gaea_SB": 2857, "Treacherous Blessing_SB": 2898, "Umori, the Collector_SB": 2944, "Glass Casket_SB": 1119, "Ojer Axonil, Deepest Might": 1899, "Grasp of Darkness_SB": 1185, "Necrotic Wound": 1821, "Souls of the Lost": 2540, "Necrotic Wound_SB": 1822, "Souls of the Lost_SB": 2541, "Kappa Tech-Wrecker": 1448, "Eldrazi Displacer_SB": 809, "Experimental Augury": 894, "Fleeting Spirit": 992, "Lore Drakkis": 1639, "Open the Omenpaths": 1916, "Vadrok, Apex of Thunder": 3000, "Crucible of Worlds": 573, "Destiny Spinner": 678, "Sin Collector_SB": 2464, "Cult Conscript": 590, "Cleansing Wildfire_SB": 487, "Vanish into Eternity_SB": 3018, "Mutavault_SB": 1798, "Mukotai Ambusher_SB": 1790, "Tribute to Horobi": 2905, "Hunter's Talent_SB": 1322, "Remorseful Cleric_SB": 2189, "Vengeful Possession": 3028, "Hidetsugu's Second Rite_SB": 1286, "Nurturing Pixie": 1878, "Preacher of the Schism_SB": 2059, "Malcolm, Alluring Scoundrel": 1674, "Pia Nalaar, Consul of Revival": 2020, "Showdown of the Skalds": 2436, "Bassara Tower Archer": 197, "Cloudsteel Kirin": 496, "Lizard Blades": 1623, "Searing Blood": 2353, "Bomat Courier_SB": 279, "Magma Spray_SB": 1670, "Stalactite Stalker": 2592, "Lamplight Phoenix_SB": 1551, "Thirst for Meaning": 2810, "Biting-Palm Ninja": 224, "Dokuchi Silencer": 715, "Silver-Fur Master": 2453, "Massacre Wurm_SB": 1699, "Pawpatch Recruit_SB": 1991, "Soul Transfer": 2533, "Omen of the Dead": 1904, "Sentinel of the Nameless City_SB": 2383, "Sharp-Eyed Rookie": 2408, "Ayara's Oathsworn": 158, "Council of the Absolute_SB": 553, "Spirit of the Labyrinth_SB": 2571, "Adventurous Impulse": 22, "Arcane Proxy": 101, "Chrome Host Seedshark": 468, "See the Truth": 2365, "Ambitious Farmhand": 63, "Cascading Cataracts": 386, "Helpful Hunter": 1269, "Thalia's Lancers": 2747, "Wilt-Leaf Liege_SB": 3134, "Barkhide Troll": 192, "Gather Courage": 1074, "Tribute to the World Tree": 2906, "Setessan Tactics_SB": 2391, "Cavalier of Dawn": 416, "Kotose, the Silent Spider": 1526, "Marina Vendrell": 1690, "Fanatic of Mogis": 927, "Solphim, Mayhem Dominus": 2522, "Thalia and The Gitrog Monster": 2746, "Cosmic Rebirth_SB": 552, "Dreadbore_SB": 748, "Oblivious Bookworm": 1889, "Cerulean Drake_SB": 434, "Lavabrink Venturer_SB": 1558, "Prosperous Thief_SB": 2078, "Recommission": 2166, "Augur of Autumn_SB": 148, "Shatterskull Smashing_SB": 2411, "Bladehold War-Whip": 235, "Nahiri, Forged in Fury": 1806, "Sword of Forge and Frontier": 2679, "Rebel Salvo_SB": 2154, "Bloodthirsty Conqueror": 263, "Dina, Soul Steeper": 694, "Dryad of the Ilysian Grove": 775, "Iridescent Vinelasher": 1397, "Jaddi Offshoot": 1419, "Mirrorpool": 1748, "Retreat to Hagra": 2219, "Bristly Bill, Spine Sower_SB": 335, "Undergrowth Champion_SB": 2957, "Celestial Armor": 427, "Silverback Elder": 2454, "Silverback Elder_SB": 2455, "Etali, Primal Conqueror": 879, "Deputy of Detention_SB": 671, "Floodpits Drowner_SB": 1000, "Massacre Wurm": 1698, "Gifted Aetherborn_SB": 1106, "Perilous Snare": 1998, "Repurposing Bay_SB": 2198, "Mendicant Core, Guidelight": 1720, "Voyager Glidecar": 3072, "Patchwork Automaton": 1981, "Birgi, God of Storytelling": 221, "Crater's Claws": 567, "Zurgo Bellstriker_SB": 3210, "Hare Apparent": 1232, "Chaplain of Alms": 455, "Rune of Might": 2281, "Momentum Breaker_SB": 1768, "Liliana, Heretical Healer_SB": 1612, "Sab-Sunen, Luxa Embodied": 2290, "Greasewrench Goblin": 1191, "Moonshaker Cavalry_SB": 1778, "Zareth San, the Trickster": 3194, "Grim Bauble": 1196, "Momentum Breaker": 1767, "Oildeep Gearhulk_SB": 1898, "Count on Luck_SB": 554, "Monument to Endurance_SB": 1775, "Shacklegeist_SB": 2395, "Valor's Flagship": 3013, "Ossification_SB": 1930, "Grim Bauble_SB": 1197, "Coalstoke Gearhulk": 497, "Djeru's Renunciation": 714, "Marauding Mako": 1680, "Monument to Endurance": 1774, "Sunbillow Verge": 2644, "Ketramose, the New Dawn_SB": 1487, "Mastermind's Acquisition": 1701, "Behold the Multiverse_SB": 211, "Memory Guardian": 1718, "Azor, the Lawbringer": 160, "Brightglass Gearhulk": 325, "Dredger's Insight": 764, "Archfiend's Vessel": 111, "Merfolk Secretkeeper": 1723, "Dreadhorde Arcanist_SB": 750, "Mukotai Ambusher": 1789, "Bloodghast": 259, "Molt Tender": 1764, "Driven // Despair_SB": 766, "Ashiok, Wicked Manipulator_SB": 134, "Anim Pakal, Thousandth Moon": 77, "Basri, Tomorrow's Champion": 196, "Urza's Ruinous Blast_SB": 2995, "The Speed Demon": 2790, "Intimidation Tactics_SB": 1376, "Oildeep Gearhulk": 1897, "Optimistic Scavenger_SB": 1920, "Virtue of Strength": 3043, "Bonny Pall, Clearcutter_SB": 287, "Roxanne, Starfall Savant_SB": 2270, "Freestrider Lookout": 1040, "Ketramose, the New Dawn": 1486, "Scrabbling Claws": 2335, "Mosswood Dreadknight_SB": 1784, "Willowrush Verge": 3132, "Commune with Spirits": 520, "Goro-Goro, Disciple of Ryusei": 1175, "Kari Zev, Skyship Raider": 1452, "Radha, Heart of Keld": 2104, "Redshift, Rocketeer Chief": 2171, "Bleachbone Verge": 242, "Detention Chariot": 683, "Tune Up": 2915, "Kaya the Inexorable_SB": 1459, "Thundering Broodwagon": 2838, "Fearless Swashbuckler": 947, "Gastal Thrillroller": 1068, "Ashiok, Nightmare Weaver": 132, "Leyline Binding_SB": 1578, "Jace's Defeat_SB": 1411, "Hazoret, Godseeker": 1251, "Boommobile": 290, "Hedron Archive": 1262, "Paradox Engine": 1975, "Portal of Sanctuary": 2051, "Repurposing Bay": 2197, "Terrarion": 2740, "The Mightstone and Weakstone": 2778, "Thran Spider": 2827, "Workshop Assistant": 3161, "Liberator, Urza's Battlethopter_SB": 1589, "Noxious Gearhulk_SB": 1872, "Shrapnel Slinger_SB": 2440, "Norin, Swift Survivalist": 1863, "Mindlink Mech_SB": 1741, "Wastewood Verge": 3103, "Murderous Cut": 1793, "Anguished Unmaking_SB": 76, "Drownyard Temple": 773, "Quag Feast": 2090, "Avishkar Raceway": 155, "Fuel the Flames_SB": 1049, "Skycrash_SB": 2481, "Ashiok, Nightmare Muse_SB": 131, "Benthic Biomancer": 213, "Mindspring Merfolk": 1742, "Eaten Alive_SB": 790, "Biting-Palm Ninja_SB": 225, "Kazuul's Toll Collector": 1473, "Immersturm Raider": 1336, "The Speed Demon_SB": 2791, "Burnout Bashtronaut": 356, "Draconautics Engineer": 733, "Howlsquad Heavy": 1316, "Volley Veteran_SB": 3065, "Harrier Strix": 1235, "Hypnotic Grifter": 1326, "The Reality Chip": 2783, "Training Grounds": 2888, "Basilisk Collar_SB": 194, "Swiftfoot Boots_SB": 2678, "Overprotect_SB": 1957, "Stock Up": 2609, "Riverpyre Verge": 2245, "Liliana, the Last Hope_SB": 1614, "Concealing Curtains": 522, "Riptide Gearhulk_SB": 2237, "Blade Historian": 233, "Pyre of Heroes": 2084, "Night Clubber_SB": 1834, "Aegis Turtle_SB": 23, "Cleansing Wildfire": 486, "Crumble to Dust": 578, "Encroaching Wastes": 845, "Gnottvold Slumbermound": 1136, "Haphazard Bombardment": 1228, "Jaya's Greeting": 1421, "Ravager Wurm": 2137, "Rowan, Scholar of Sparks": 2269, "Rubble Reading": 2273, "Sheltered Thicket": 2413, "Structural Distortion": 2633, "Sylvan Primordial": 2684, "Territory Forge": 2741, "Twin Bolt": 2920, "Herbology Instructor_SB": 1275, "Nissa's Defeat_SB": 1846, "Peak Eruption_SB": 1992, "Scrabbling Claws_SB": 2336, "Analyze the Pollen": 64, "Ride's End": 2228, "Battle at the Bridge": 199, "Spire of Industry": 2569, "Battle at the Bridge_SB": 200, "Murderous Cut_SB": 1794, "Borrowed Hostility": 299, "Barbed Batterfist": 189, "Webstrike Elite": 3111, "Commit // Memory_SB": 518, "Yahenni's Expertise": 3174, "Demilich_SB": 654, "Progenitor Mimic": 2071, "Banefire": 179, "Steel Seraph": 2602, "Violent Urge_SB": 3038, "Boon of Boseiju": 291, "Esika's Chariot_SB": 873, "Fighter Class": 976, "Chainsaw_SB": 438, "Nettle Guard_SB": 1827, "Sword of Forge and Frontier_SB": 2680, "Champion of the Perished": 439, "Cryptbreaker": 583, "Dark Salvation": 604, "Dread Wanderer": 746, "Relentless Dead": 2185, "Wayward Servant": 3106, "Zahur, Glory's Past": 3193, "Commune with Dinosaurs": 519, "Marauding Raptor": 1681, "Rampaging Raptor": 2130, "Regal Imperiosaur": 2180, "Ripjaw Raptor": 2234, "Expedition Map_SB": 891, "Stock Up_SB": 2610, "Maximize Velocity": 1705, "Birgi, God of Storytelling_SB": 222, "Samut's Sprint": 2297, "Omen of the Dead_SB": 1905, "Lost Jitte": 1640, "Lazav, Wearer of Faces": 1563, "Medomai the Ageless": 1713, "Fires of Victory_SB": 985, "Riptide Gearhulk": 2236, "Carnage Tyrant": 382, "Gather Courage_SB": 1075, "Etali, Primal Conqueror_SB": 880, "Feather, the Redeemed": 948, "Feather, the Redeemed_SB": 949, "Dewdrop Cure": 688, "Healer's Hawk": 1253, "Linden, the Steadfast Queen": 1615, "Rogue's Passage": 2260, "Ruin-Lurker Bat": 2277, "Afterburner Expert": 33, "Satoru Umezawa": 2307, "Cry of the Carnarium": 580, "Kaya, Orzhov Usurper": 1466, "Calamity's Wake_SB": 366, "Out of Air_SB": 1936, "Keruga, the Macrosage": 1483, "Twinshot Sniper": 2922, "Twinshot Sniper_SB": 2923, "Anzrag, the Quake-Mole": 87, "Tamiyo's Safekeeping": 2699, "Nissa, Ascended Animist_SB": 1848, "Adorned Pouncer": 20, "Open the Armory": 1914, "Roadside Reliquary": 2247, "Spontaneous Mutation_SB": 2579, "Sunder the Gateway": 2646, "Knight of Grace": 1506, "Swan Song_SB": 2675, "Rocketeer Boostbuggy": 2255, "Bladestitched Skaab": 236, "Lazotep Reaver": 1565, "Enduring Tenacity_SB": 853, "Chandra, Spark Hunter_SB": 450, "Azor, the Lawbringer_SB": 161, "Phoenix Chick": 2007, "Mortify": 1780, "Bandit&#39;s Talent": 176, "Nine-Lives Familiar": 1845, "Kaya&#39;s Wrath_SB": 1460, "Agatha&#39;s Soul Cauldron": 38, "Stitcher&#39;s Supplier": 2607, "Dredger&#39;s Insight": 763, "Day&#39;s Undoing": 615, "Fog": 1007, "Gaea&#39;s Blessing": 1056, "Haze of Pollen": 1248, "Spara&#39;s Headquarters": 2543, "Union of the Third Path": 2966, "Winds of Qal Sisma": 3137, "Carnage Tyrant_SB": 383, "Dovin&#39;s Veto_SB": 729, "Kroxa, Titan of Death&#39;s Hunger": 1537, "Valor&#39;s Flagship": 3012, "Dovin&#39;s Veto": 728, "Raffine&#39;s Tower": 2106, "Artist&#39;s Talent": 122, "Proft&#39;s Eidetic Memory": 2068, "Brotherhood&#39;s End_SB": 339, "Kolaghan&#39;s Command_SB": 1518, "Agadeem&#39;s Awakening // Agadeem, the Undercrypt": 35, "Bearer of Silence": 204, "Wasteland Strangler": 3101, "Reality Smasher_SB": 2148, "Titan&#39;s Strength": 2855, "Fuel the Flames": 1048, "Gix's Command_SB": 1112, "Sorin the Mirthless_SB": 2527, "Graf Reaver_SB": 1178, "Kraul Whipcracker_SB": 1529, "Fear of Impostors": 943, "Riptide Chimera": 2235, "Dive Down_SB": 710, "Witchstalker_SB": 3146, "Soul-Scar Mage_SB": 2537, "Blood Spatter Analysis": 255, "Demonic Bargain": 657, "Osseous Sticktwister": 1928, "Korvold, Fae-Cursed King_SB": 1525, "Dive Down": 709, "Jace Reawakened_SB": 1410, "Blessed Defiance": 245, "Seasoned Hallowblade": 2359, "The Mycosynth Gardens": 2781, "Alrund's Epiphany": 59, "Loot, the Pathfinder": 1633, "Burning Earth_SB": 352, "Fugitive Codebreaker": 1050, "Tireless Tracker_SB": 2850, "Flowstone Infusion": 1005, "Invasion of New Phyrexia_SB": 1389, "Tangled Florahedron": 2707, "Healer of the Glade_SB": 1252, "Tale's End_SB": 2696, "Omen of the Sun_SB": 1909, "Gisa, the Hellraiser_SB": 1109, "Ride's End_SB": 2229, "Enduring Courage": 848, "Beseech the Mirror_SB": 215, "Forbidden Friendship": 1011, "Collective Effort_SB": 504, "Perilous Snare_SB": 1999, "Seeker of the Way_SB": 2369, "Redcap Melee": 2169, "Setessan Champion": 2389, "Trapped in the Screen": 2893, "Trapped in the Screen_SB": 2894, "Cryptolith Rite": 586, "Bottomless Pool && Locker Room": 304, "Bottomless Pool && Locker Room_SB": 305, "Knockout Blow": 1511, "Hidetsugu's Second Rite": 1285, "Eidolon of Blossoms_SB": 800, "Incubation Druid": 1346, "Kaya the Inexorable": 1458, "Mistrise Village": 1757, "Ral Zarek": 2119, "Tamiyo, Field Researcher": 2704, "Kunoros, Hound of Athreos_SB": 1543, "Qarsi Revenant": 2088, "Qarsi Revenant_SB": 2089, "Tersa Lightshatter": 2743, "Dragonfire Blade": 735, "Lavaspur Boots_SB": 1560, "Descendant of Storms": 672, "Cease // Desist": 425, "Cram Session": 564, "Insatiable Avarice": 1361, "The Biblioplex": 2759, "Valgavoth's Onslaught": 3004, "Containment Breach_SB": 536, "Environmental Sciences_SB": 861, "Introduction to Annihilation_SB": 1384, "Mascot Exhibition_SB": 1693, "Pest Summoning_SB": 2004, "Elspeth, Storm Slayer": 825, "United Battlefront": 2967, "Voice of Victory": 3053, "Sunder the Gateway_SB": 2647, "Voice of Victory_SB": 3054, "Mox Jasper": 1788, "Mistrise Village_SB": 1758, "Caustic Exhale": 414, "Dispelling Exhale": 704, "Foul-Tongue Invocation": 1025, "Marang River Regent": 1679, "Scavenger Regent": 2323, "Silumgar's Scorn": 2450, "Caustic Exhale_SB": 415, "Strategic Betrayal_SB": 2628, "Desperate Measures": 676, "Sunpearl Kirin": 2655, "Cori-Steel Cutter_SB": 547, "Cori-Steel Cutter": 546, "Wild Ride": 3127, "History of Benalia": 1293, "Rot-Curse Rakshasa": 2265, "Strategic Betrayal": 2627, "Treasure Map": 2900, "Archangel Elspeth": 103, "Painter's Studio && Defaced Gallery": 1968, "This Town Ain't Big Enough_SB": 2812, "Jaya, Fiery Negotiator": 1422, "Gurmag Angler": 1210, "Cori Mountain Monastery": 545, "Stormscale Scion": 2620, "Stormscale Scion_SB": 2621, "Of One Mind": 1896, "Banishing Slash": 187, "United Battlefront_SB": 2968, "Songcrafter Mage": 2524, "Warden of the Grove": 3091, "Surrak, Elusive Hunter_SB": 2671, "Icon of Ancestry": 1327, "White Sun's Twilight_SB": 3125, "Paradoxical Outcome_SB": 1976, "Masked Vandal": 1694, "Fanatical Firebrand_SB": 930, "Scavenger's Talent_SB": 2325, "Liliana, Death's Majesty": 1610, "Runed Halo": 2282, "Decadent Dragon_SB": 637, "Shiko, Paragon of the Way": 2424, "Undead Sprinter_SB": 2953, "Boros Reckoner": 298, "Elspeth, Storm Slayer_SB": 826, "Craterhoof Behemoth": 568, "Phyrexian Obliterator": 2016, "Decisive Denial": 639, "Ebondeath, Dracolich": 791, "Ertai's Scorn": 869, "Rakshasa's Bargain": 2118, "Unwind": 2985, "Awaken the Honored Dead_SB": 156, "Gaze of Granite_SB": 1077, "Lutri, the Spellchaser_SB": 1657, "Specter's Shriek_SB": 2548, "Jeskai Revelation": 1425, "Ray of Frost_SB": 2139, "Deafening Silence": 626, "Dragonlord Silumgar": 739, "Painful Truths": 1966, "Supreme Will": 2665, "Contraband Kingpin_SB": 540, "Village Rites": 3033, "Yathan Roadwatcher": 3177, "Stormchaser's Talent_SB": 2618, "Ugin, Eye of the Storms": 2934, "Robber of the Rich_SB": 2254}}