{"vocabulary": {"Blackcleave Cliffs": 225, "Blazemire Verge": 234, "Blightstep Pathway": 242, "Blood Crypt": 247, "Bloodletter of Aclazotz": 255, "Bloodtithe Harvester": 260, "Duress": 766, "Fable of the Mirror-Breaker": 897, "Fatal Push": 924, "Haunted Ridge": 1231, "Heartless Act": 1245, "Mutavault": 1785, "Sheoldred, the Apocalypse": 2401, "Sulfurous Springs": 2622, "Swamp": 2652, "Takenuma, Abandoned Mire": 2672, "Thoughtseize": 2798, "Torch the Tower": 2850, "Unholy Annex && Ritual Chamber": 2938, "Unstoppable Slasher": 2953, "Urborg, Tomb of Yawgmoth": 2969, "Anger of the Gods_SB": 71, "Duress_SB": 767, "Hidetsugu Consumes All_SB": 1271, "Invoke Despair_SB": 1381, "Reckoner Bankbuster_SB": 2145, "Torch the Tower_SB": 2851, "Unlicensed Hearse_SB": 2947, "Ancestral Anger": 63, "Callous Sell-Sword": 366, "Claim // Fame": 475, "Den of the Bugbear": 656, "Emberheart Challenger": 826, "Heartfire Hero": 1243, "Kumano Faces Kakkazan": 1525, "Manifold Mouse": 1663, "Monastery Swiftspear": 1759, "Monstrous Rage": 1761, "Mountain": 1773, "Ramunap Ruins": 2115, "Reckless Rage": 2140, "Slickshot Show-Off": 2478, "Sokenzan, Crucible of Defiance": 2500, "Titan's Strength": 2834, "Fatal Push_SB": 925, "Feed the Swarm_SB": 944, "Hazoret the Fervent_SB": 1237, "Jegantha, the Wellspring_SB": 1410, "Ob Nixilis, the Adversary_SB": 1873, "Thoughtseize_SB": 2799, "Urabrask's Forge_SB": 2966, "Arclight Phoenix": 115, "Artist's Talent": 120, "Brazen Borrower": 311, "Consider": 526, "Fiery Impulse": 961, "Hall of Storm Giants": 1207, "Island": 1387, "Ledger Shredder": 1552, "Lightning Axe": 1585, "Opt": 1905, "Otawara, Soaring City": 1919, "Picklock Prankster": 2009, "Proft's Eidetic Memory": 2054, "Riverglide Pathway": 2227, "Shivan Reef": 2410, "Sleight of Hand": 2475, "Spell Pierce": 2534, "Spirebluff Canal": 2552, "Steam Vents": 2581, "Stormcarved Coast": 2597, "Treasure Cruise": 2877, "Abrade_SB": 4, "Annul_SB": 79, "Brazen Borrower_SB": 312, "Chandra's Defeat_SB": 437, "Mystical Dispute_SB": 1791, "Negate_SB": 1813, "Third Path Iconoclast_SB": 2787, "Cryptic Coat": 579, "Darksteel Citadel": 602, "Ensoul Artifact": 846, "Inti, Seneschal of the Sun": 1362, "Into the Flood Maw": 1365, "Legion Extruder": 1556, "Shadowspear": 2380, "Shrapnel Blast": 2421, "Smuggler's Copter": 2488, "Spyglass Siren": 2567, "Voldaren Epicure": 3036, "Aether Gust_SB": 26, "Disdainful Stroke_SB": 692, "Magebane Lizard_SB": 1653, "Rending Volley_SB": 2173, "Voltage Surge_SB": 3041, "Fable of the Mirror-Breaker_SB": 898, "Breeding Pool": 316, "Cavern of Souls": 417, "Floodfarm Verge": 988, "Forest": 1004, "Glacial Fortress": 1101, "Gloomlake Verge": 1116, "Hallowed Fountain": 1208, "Hushwood Verge": 1311, "Indatha Triome": 1334, "Leyline Binding": 1562, "Overgrown Tomb": 1934, "Overlord of the Floodpits": 1940, "Overlord of the Hauntwoods": 1941, "Overlord of the Mistmoors": 1942, "Pillage the Bog": 2014, "Plains": 2019, "Raffine's Tower": 2092, "Spara's Headquarters": 2526, "Sunfall": 2629, "Sunpetal Grove": 2636, "Temple Garden": 2700, "Temporary Lockdown": 2711, "Up the Beanstalk": 2963, "Vanishing Verse": 2994, "Watery Grave": 3077, "Woodland Cemetery": 3132, "Zagoth Triome": 3163, "Zur, Eternal Schemer": 3178, "Elspeth's Smite_SB": 813, "Knockout Blow_SB": 1499, "Leyline of Sanctity_SB": 1570, "Rest in Peace_SB": 2188, "Sunfall_SB": 2630, "Temporary Lockdown_SB": 2712, "Thought Distortion_SB": 2794, "Castle Locthwain": 395, "Caves of Koilos": 419, "Concealed Courtyard": 517, "Godless Shrine": 1155, "Hive of the Eye Tyrant": 1281, "Invoke Despair": 1380, "Mazemind Tome": 1696, "Shattered Sanctum": 2392, "The Wandering Emperor": 2772, "Caustic Bronco_SB": 408, "Cut Down_SB": 594, "Elesh Norn, Mother of Machines_SB": 807, "Fracture_SB": 1021, "Glistening Deluge_SB": 1115, "Ritual of Soot_SB": 2226, "Sheoldred, the Apocalypse_SB": 2402, "Sunset Revelry_SB": 2638, "Bitter Triumph": 223, "Fear of Missing Out": 935, "Go for the Throat": 1128, "Extinction Event_SB": 890, "Leyline of the Void_SB": 1573, "Withering Torment_SB": 3122, "Atraxa, Grand Unifier": 140, "Case of the Stashed Skeleton": 387, "Cling to Dust": 488, "Extinction Event": 889, "Fountainport": 1018, "Ob Nixilis, the Adversary": 1872, "Reckoner Bankbuster": 2144, "Transmogrify": 2870, "Volcanic Spite": 3034, "Damping Sphere_SB": 596, "Go Blank_SB": 1126, "Untimely Malfunction_SB": 2959, "Archon of Emeria": 111, "Aven Interrupter": 150, "Boseiju, Who Endures": 295, "Branchloft Pathway": 306, "Brushland": 337, "Collected Company": 495, "Dromoka's Command": 756, "Eiganjo, Seat of the Empire": 793, "Elvish Mystic": 821, "Enduring Innocence": 840, "Kellan, Daring Traveler": 1463, "Llanowar Elves": 1609, "Razorverge Thicket": 2127, "Sanguine Evangelist": 2288, "Shefet Dunes": 2395, "Skyclave Apparition": 2461, "Thalia, Guardian of Thraben": 2728, "Voice of Resurgence": 3025, "Werefox Bodyguard": 3090, "Brutal Cathar_SB": 339, "Dromoka's Command_SB": 757, "Elite Spellbinder_SB": 810, "Gideon, Ally of Zendikar_SB": 1092, "Knight of Autumn_SB": 1490, "Portable Hole_SB": 2036, "Werefox Bodyguard_SB": 3091, "Adarkar Wastes": 17, "Adeline, Resplendent Cathar": 18, "Brave the Elements": 309, "Coppercoat Vanguard": 538, "Dauntless Bodyguard": 603, "Extraction Specialist": 893, "Get Lost": 1070, "Hengegate Pathway": 1258, "Hopeful Initiate": 1292, "Mockingbird": 1749, "Recruitment Officer": 2149, "Seachrome Coast": 2330, "Thalia's Lieutenant": 2727, "Veteran Survivor": 3006, "Declaration in Stone_SB": 634, "Devouring Light_SB": 679, "Get Lost_SB": 1071, "Wedding Announcement_SB": 3086, "Anointed Peacekeeper": 82, "The Wandering Emperor_SB": 2773, "Field of Ruin": 956, "Graveyard Trespasser": 1175, "Sheoldred's Edict": 2399, "Sunken Citadel": 2632, "Anoint with Affliction_SB": 81, "Censor": 428, "Deduce": 635, "Dig Through Time": 684, "Flip the Switch": 987, "Get Out": 1072, "Indomitable Creativity": 1335, "Negate": 1812, "Phantom Interference": 1991, "Prismari Command": 2049, "Secrets of the Key": 2345, "Shark Typhoon": 2389, "Temple of Epiphany": 2703, "Three Steps Ahead": 2808, "Valakut Awakening": 2977, "Valgavoth, Terror Eater": 2981, "Fiery Impulse_SB": 962, "Hullbreaker Horror_SB": 1307, "Narset, Parter of Veils_SB": 1803, "Narset's Reversal_SB": 1800, "Archfiend of the Dross": 107, "Liliana of the Veil_SB": 1594, "Battlefield Forge": 197, "Elegant Parlor": 803, "Greasefang, Okiba Boss": 1178, "Overlord of the Balemurk": 1936, "Parhelion II": 1964, "Sacred Foundry": 2274, "Skysovereign, Consul Flagship": 2468, "Charred Foyer && Warped Space_SB": 454, "Kaya, Spirits' Justice_SB": 1455, "Vanishing Verse_SB": 2995, "Galvanic Iteration": 1047, "Temporal Trespass": 2710, "Lightning Axe_SB": 1586, "Proft's Eidetic Memory_SB": 2055, "Raucous Theater": 2119, "Shadowy Backstreet": 2382, "Loran of the Third Path_SB": 1620, "Acererak the Archlich": 12, "Blooming Marsh": 262, "Botanical Sanctum": 298, "Gwenna, Eyes of Gaea": 1201, "Honest Rutstein": 1287, "Kinnan, Bonder Prodigy": 1477, "Plaza of Heroes": 2024, "Relic of Legends": 2168, "Rona, Herald of Invasion": 2245, "Tranquil Frillback": 2867, "Assassin's Trophy_SB": 135, "Tamiyo's Safekeeping_SB": 2679, "Tranquil Frillback_SB": 2868, "Welcoming Vampire": 3088, "Infuriate": 1341, "Claim // Fame_SB": 476, "Ghost Vacuum_SB": 1079, "Go for the Throat_SB": 1129, "Reckless Rage_SB": 2141, "Abhorrent Oculus": 1, "Elesh Norn, Mother of Machines": 806, "Enigmatic Incarnation": 845, "Glasspool Mimic": 1108, "High Noon": 1275, "Kroxa and Kunoros": 1522, "Nowhere to Run": 1856, "Noxious Gearhulk": 1858, "Overlord of the Boilerbilges": 1938, "Sanctuary Warden": 2283, "Titan of Industry": 2832, "Ziatora's Proving Ground": 3171, "Archon of Emeria_SB": 112, "Ruric Thar, the Unbowed_SB": 2267, "Yorion, Sky Nomad_SB": 3153, "Bandit's Talent": 173, "Demolition Field": 648, "Geier Reach Sanitarium": 1065, "Go Blank": 1125, "Kalitas, Traitor of Ghet": 1430, "Languish": 1537, "Liliana of the Veil": 1593, "Waste Not": 3073, "Aclazotz, Deepest Betrayal_SB": 14, "Bandit's Talent_SB": 174, "Path of Peril_SB": 1970, "Bonecrusher Giant": 279, "Copperline Gorge": 539, "Eidolon of the Great Revel": 791, "Hired Claw": 1279, "Lightning Strike": 1590, "Ojer Axonil, Deepest Might": 1886, "Play with Fire": 2021, "Screaming Nemesis": 2325, "Spikefield Hazard": 2546, "Thornspire Verge": 2792, "Wild Slash": 3101, "Destructive Revelry_SB": 675, "Rampaging Ferocidon_SB": 2113, "Redcap Melee_SB": 2152, "Scorching Shot_SB": 2314, "Shapers' Sanctuary_SB": 2386, "Metamorphic Alteration_SB": 1716, "Thassa's Oracle_SB": 2733, "Ashiok, Dream Render_SB": 126, "Annul": 78, "Beacon Bolt_SB": 198, "Dovin's Veto_SB": 722, "Emrakul, the Promised End_SB": 832, "Declaration in Stone": 633, "Sheltered by Ghosts": 2397, "Reflector Mage_SB": 2156, "Prismari Command_SB": 2050, "Agatha's Soul Cauldron": 37, "Marvin, Murderous Mimic": 1679, "Tree of Perdition": 2879, "Voldaren Thrillseeker": 3037, "Bitter Triumph_SB": 224, "Dreadmaw's Ire": 743, "Sheoldred's Edict_SB": 2400, "Professor's Warning": 2052, "Kroxa, Titan of Death's Hunger": 1523, "Cathar Commando_SB": 402, "Enduring Curiosity": 838, "Invasion of Gobakhan": 1372, "Mausoleum Wanderer": 1691, "No More Lies": 1845, "Rattlechains": 2118, "Spell Queller": 2536, "Supreme Phantom": 2642, "Wedding Announcement": 3085, "Destroy Evil_SB": 674, "Enduring Innocence_SB": 841, "Skyclave Apparition_SB": 2462, "Split Up_SB": 2559, "Three Steps Ahead_SB": 2809, "Cauldron Familiar": 406, "Claim the Firstborn": 477, "Deadly Dispute": 617, "Haywire Mite": 1234, "Mayhem Devil": 1694, "Scavenger's Talent": 2307, "Stomping Ground": 2593, "Witch's Oven": 3114, "Ygra, Eater of All": 3150, "Haywire Mite_SB": 1235, "Pawpatch Formation_SB": 1975, "The Meathook Massacre_SB": 2756, "Kari Zev, Skyship Raider": 1439, "Soul-Scar Mage": 2519, "Case of the Crimson Pulse_SB": 383, "Pyroclasm_SB": 2072, "Archdruid's Charm": 104, "Cavalier of Thorns": 413, "Invasion of Ixalan": 1374, "Kiora, Behemoth Beckoner": 1479, "Lair of the Hydra": 1535, "Leyline of the Guildpact": 1571, "Nykthos, Shrine to Nyx": 1866, "Oath of Nissa": 1870, "Old-Growth Troll": 1888, "Outcaster Trailblazer": 1925, "Storm the Festival": 2596, "Ulvenwald Oddity": 2919, "Arasta of the Endless Web_SB": 95, "Cityscape Leveler_SB": 473, "Obstinate Baloth_SB": 1879, "Pick Your Poison_SB": 2008, "Tail Swipe_SB": 2670, "The Stone Brain_SB": 2771, "Flicker of Fate": 984, "Yorion, Sky Nomad": 3152, "Bala Ged Recovery": 167, "Hidden Strings": 1269, "Ketria Triome": 1475, "Lier, Disciple of the Drowned": 1575, "Lotus Field": 1630, "Mana Confluence": 1661, "Pore Over the Pages": 2032, "Sylvan Scrying": 2665, "Thespian's Stage": 2778, "Vizier of Tumbling Sands": 3023, "Wish": 3112, "Galvanic Iteration_SB": 1048, "Into the Flood Maw_SB": 1366, "Lier, Disciple of the Drowned_SB": 1576, "Niv-Mizzet, Parun_SB": 1841, "Silence_SB": 2431, "Brotherhood's End_SB": 336, "Crackling Drake_SB": 554, "March of Wretched Sorrow_SB": 1673, "Hazoret the Fervent": 1236, "Unholy Annex && Ritual Chamber_SB": 2939, "Kutzil's Flanker": 1529, "Linvala, the Preserver": 1601, "Aloe Alchemist": 53, "Atarka's Command": 138, "Burning-Tree Emissary": 350, "Cunning Coyote": 586, "Karplusan Forest": 1441, "Reckless Bushwhacker": 2137, "Zurgo Bellstriker": 3180, "Claim the Firstborn_SB": 478, "Grafdigger's Cage_SB": 1167, "Clearwater Pathway": 483, "Darkslick Shores": 601, "Faerie Miscreant": 911, "Floodpits Drowner": 989, "Kaito, Bane of Nightmares": 1426, "Moon-Circuit Hacker": 1765, "Underground River": 2933, "Enduring Curiosity_SB": 839, "Heartless Act_SB": 1246, "Spell Pierce_SB": 2535, "Elite Spellbinder": 809, "Virtue of Loyalty": 3013, "Archangel Elspeth_SB": 102, "Blade of the Oni": 229, "Back to Nature_SB": 163, "Baneslayer Angel_SB": 178, "Deafening Silence_SB": 620, "Stern Dismissal": 2586, "Ashen Rider_SB": 123, "Nimble Larcenist_SB": 1830, "Anoint with Affliction": 80, "Drown in the Loch": 760, "Faerie Mastermind": 909, "Jwari Disruption": 1420, "Kaito Shizuki": 1424, "Restless Reef": 2194, "Soaring Thought-Thief": 2499, "Thieves' Guild Enforcer": 2781, "Change the Equation_SB": 449, "Nighthawk Scavenger_SB": 1825, "High Noon_SB": 1276, "Kroxa, Titan of Death's Hunger_SB": 1524, "Molten Collapse_SB": 1754, "Brutal Cathar": 338, "Castle Ardenvale": 392, "Kytheon, Hero of Akros": 1534, "Containment Priest_SB": 534, "Reidane, God of the Worthy_SB": 2165, "Rockface Village": 2238, "Soul-Guide Lantern_SB": 2518, "Abrupt Decay": 5, "Beza, the Bounding Spring": 212, "Bring to Light": 326, "Clifftop Retreat": 487, "Deadly Cover-Up": 615, "Deafening Clarion": 618, "Fabled Passage": 899, "Jetmir's Garden": 1413, "Kolaghan's Command": 1505, "Lightning Helix": 1587, "Molten Collapse": 1753, "Niv-Mizzet Reborn": 1839, "Niv-Mizzet, Supreme": 1842, "Omnath, Locus of Creation": 1897, "Sylvan Caryatid": 2661, "Unmoored Ego": 2950, "Valki, God of Lies": 2984, "Xander's Lounge": 3142, "Yasharn, Implacable Earth": 3147, "Anointed Peacekeeper_SB": 83, "Azure Beastbinder": 161, "Barkchannel Pathway": 187, "Bonny Pall, Clearcutter": 281, "Bounding Krasis": 302, "Decimator of the Provinces": 631, "Dreamroot Cascade": 750, "Elder Deep-Fiend": 794, "Fierce Empath": 959, "Insidious Fungus": 1353, "Keen-Eyed Curator": 1461, "Nissa, Vastwood Seer": 1837, "Polukranos Reborn": 2028, "Reclamation Sage": 2146, "Restless Vinestalk": 2198, "Rishkar, Peema Renegade": 2221, "Sentinel of the Nameless City": 2365, "Tishana's Tidebinder": 2830, "Yavimaya Coast": 3149, "Keen-Eyed Curator_SB": 1462, "Sandstalker Moloch_SB": 2285, "Skylasher_SB": 2466, "Demilich": 646, "Ledger Shredder_SB": 1553, "Ornithopter": 1912, "Dreams of Steel and Oil_SB": 752, "Chromanticore": 462, "Cragplate Baloth": 557, "Oketra the True": 1887, "Soulflayer": 2521, "Stitcher's Supplier": 2589, "Urborg Scavengers": 2968, "Zetalpa, Primal Dawn": 3169, "Collective Brutality_SB": 498, "Murderous Rider_SB": 1784, "Trostani, Three Whispers": 2889, "Cache Grab": 358, "Camellia, the Seedmiser": 368, "Darkbore Pathway": 600, "Gilded Goose": 1095, "Glissa Sunslayer": 1113, "Llanowar Wastes": 1611, "Tarrian's Journal": 2688, "Traverse the Ulvenwald": 2874, "Vinereap Mentor": 3010, "Abrupt Decay_SB": 6, "Glissa Sunslayer_SB": 1114, "Deserted Beach": 667, "Dovin's Veto": 721, "Farewell": 921, "March of Otherworldly Light": 1668, "Memory Deluge": 1703, "Meticulous Archive": 1717, "Narset, Parter of Veils": 1802, "Restless Anchorage": 2189, "Supreme Verdict": 2643, "Teferi, Hero of Dominaria": 2696, "Beza, the Bounding Spring_SB": 213, "Guardian of Faith_SB": 1195, "Rush of Adrenaline": 2268, "Caustic Bronco": 407, "Necromentia_SB": 1808, "Raugrin Triome": 2120, "Savai Triome": 2294, "Deafening Clarion_SB": 619, "Heliod's Intervention_SB": 1251, "Voice of Resurgence_SB": 3026, "The Cruelty of Gix": 2742, "Sire of Insanity_SB": 2450, "Cacophony Scamp": 360, "Felonious Rage": 949, "Leyline of Resonance": 1567, "Might of the Meek": 1722, "Turn Inside Out": 2894, "Slickshot Show-Off_SB": 2479, "Ulcerate_SB": 2916, "Epic Downfall_SB": 852, "Brightclimb Pathway": 320, "Silverquill Silencer": 2441, "Phyrexian Fleshgorger": 2000, "Phyrexian Fleshgorger_SB": 2001, "Search for Azcanta": 2335, "Shark Typhoon_SB": 2390, "Fae of Wishes": 906, "Niv-Mizzet, Parun": 1840, "Aetherflux Reservoir_SB": 29, "Elder Gargaroth_SB": 796, "Sweltering Suns_SB": 2655, "Thespian's Stage_SB": 2779, "Deathcap Glade": 622, "Pawpatch Formation": 1974, "Cry of the Carnarium_SB": 576, "Graveyard Trespasser_SB": 1176, "Furnace Reins_SB": 1041, "Tear Asunder_SB": 2692, "Rockface Village_SB": 2239, "Kolaghan's Command_SB": 1506, "Portable Hole": 2035, "Parting Gust_SB": 1966, "Young Pyromancer_SB": 3158, "Scavenging Ooze": 2309, "Wolfwillow Haven": 3129, "Forest_SB": 1005, "Setessan Petitioner_SB": 2373, "Thrun, Breaker of Silence_SB": 2813, "Unholy Annex // Ritual Chamber": 2940, "Dream Trawler": 747, "Elder Gargaroth": 795, "Hedge Maze": 1247, "Kenrith, the Returned King": 1468, "Smuggler's Surprise": 2489, "Temple of Mystery": 2706, "Turntimber Symbiosis": 2897, "Zacama, Primal Calamity": 3160, "Dragonlord Dromoka_SB": 729, "Ertai Resurrected_SB": 857, "Languish_SB": 1538, "March of Swirling Mist_SB": 1671, "Notion Thief_SB": 1854, "Realm-Cloaked Giant_SB": 2132, "Sphinx of the Final Word_SB": 2541, "Velomachus Lorehold_SB": 3000, "Voyaging Satyr_SB": 3048, "Dreams of Steel and Oil": 751, "Mosswood Dreadknight": 1771, "Underground Mortuary": 2932, "Authority of the Consuls": 148, "Caretaker's Talent": 375, "Cave of the Frost Dragon": 415, "Novice Inspector": 1855, "Ossification": 1916, "Reidane, God of the Worthy": 2164, "Thraben Inspector": 2803, "Hidetsugu Consumes All": 1270, "Urabrask's Forge": 2965, "Omen of the Sea": 1894, "Cavern of Souls_SB": 418, "Nezahal, Primal Tide_SB": 1816, "Overlord of the Boilerbilges_SB": 1939, "Unholy Annex // Ritual Chamber_SB": 2941, "Deep-Cavern Bat_SB": 637, "Day's Undoing": 610, "Farewell_SB": 922, "Kaheera, the Orphanguard_SB": 1423, "Misery's Shadow_SB": 1741, "Charred Foyer // Warped Space_SB": 455, "Kutzil's Flanker_SB": 1530, "Scrapshooter_SB": 2322, "Agent of Treachery": 39, "Chained to the Rocks": 430, "Entity Tracker": 848, "Hinterland Harbor": 1278, "Knight of Autumn": 1489, "Nylea's Presence": 1868, "Trumpeting Carnosaur": 2890, "Lightning Helix_SB": 1588, "Kick in the Door": 1476, "Mishra's Research Desk": 1743, "Violent Urge": 3011, "Lithomantic Barrage_SB": 1606, "Dark Petition": 598, "Emergent Ultimatum": 827, "Impulse": 1332, "Lush Portico": 1641, "Omniscience": 1899, "Soul Partition": 2513, "Strict Proctor": 2610, "Approach of the Second Sun_SB": 89, "Emergent Ultimatum_SB": 828, "Nine Lives_SB": 1832, "Hostage Taker": 1298, "Krenko's Buzzcrusher": 1516, "Roaring Furnace // Steaming Sauna": 2234, "Kambal, Consul of Allocation_SB": 1433, "Angel of Serenity": 67, "Moon-Blessed Cleric": 1764, "Glarb, Calamity's Augur": 1104, "Brokers Hideout": 333, "Cabaretti Courtyard": 357, "Cosmic Rebirth": 546, "Escape to the Wilds": 860, "Lotus Cobra": 1629, "Nissa, Resurgent Animist": 1836, "Risen Reef": 2220, "Blot Out_SB": 266, "Mazemind Tome_SB": 1697, "Nine Lives": 1831, "Peer into the Abyss": 1980, "Dig Through Time_SB": 685, "Grand Abolisher_SB": 1169, "Otawara, Soaring City_SB": 1920, "Zacama, Primal Calamity_SB": 3161, "Vaultborn Tyrant": 2998, "Lion Sash": 1603, "Casualties of War_SB": 398, "Culling Ritual_SB": 584, "Doomskar_SB": 717, "Heliod, the Radiant Dawn": 1253, "Nimble Larcenist": 1829, "Sulfur Falls": 2621, "Entity Tracker_SB": 849, "Krenko's Buzzcrusher_SB": 1517, "Supreme Verdict_SB": 2644, "Titan of Industry_SB": 2833, "All That Glitters": 51, "Aqueous Form": 90, "Audacity": 144, "Combat Research": 509, "Curious Obsession": 590, "Ethereal Armor": 870, "Gladecover Scout": 1102, "Kaya's Ghostform": 1448, "Light-Paws, Emperor's Voice": 1584, "Shardmage's Rescue": 2387, "Stubborn Denial": 2614, "Toadstool Admirer": 2837, "Break the Spell_SB": 314, "Doorkeeper Thrull_SB": 718, "Slip Out the Back_SB": 2481, "Warbriar Blessing_SB": 3064, "Horned Loch-Whale": 1295, "Dreadhorde Arcanist": 739, "Bond of Insight": 275, "Lightning Strike_SB": 1591, "Ral, Crackling Wit_SB": 2105, "Lyra Dawnbringer_SB": 1643, "Roaring Furnace && Steaming Sauna": 2232, "Agent of Treachery_SB": 40, "Elspeth Conquers Death_SB": 811, "Shipwreck Marsh": 2409, "Depopulate_SB": 662, "Obliterating Bolt_SB": 1875, "Kenrith, the Returned King_SB": 1469, "Ghitu Lavarunner": 1076, "Light Up the Stage": 1581, "Wizard's Lightning": 3126, "Boros Charm": 289, "Inspiring Vantage": 1358, "Needleverge Pathway": 1811, "Skewer the Critics": 2454, "Witchstalker Frenzy": 3116, "Deflecting Palm_SB": 644, "Showdown of the Skalds_SB": 2420, "Akroan Crusader": 48, "Clever Lumimancer": 485, "Defiant Strike": 642, "Expedite": 878, "Gods Willing_SB": 1157, "Light of Hope_SB": 1583, "Loran's Escape_SB": 1622, "Sheltered by Ghosts_SB": 2398, "Smash to Smithereens_SB": 2484, "Leyline of Combustion_SB": 1565, "Searing Blood_SB": 2337, "Welcoming Vampire_SB": 3089, "Elspeth's Smite": 812, "Silundi Vision": 2434, "Dokuchi Silencer_SB": 709, "Kaito Shizuki_SB": 1425, "Selfless Spirit_SB": 2363, "Lay Down Arms": 1547, "Prairie Stream": 2043, "Deadly Cover-Up_SB": 616, "Kalitas, Traitor of Ghet_SB": 1431, "Dreadmaw's Ire_SB": 744, "Eat to Extinction_SB": 778, "Vivien, Monsters' Advocate_SB": 3022, "Yasharn, Implacable Earth_SB": 3148, "Archfiend of the Dross_SB": 108, "Bishop of Wings": 218, "Emeria's Call": 829, "Giada, Font of Hope": 1082, "Inspiring Overseer": 1357, "Kayla's Reconstruction": 1456, "Realmwalker": 2133, "Resplendent Angel": 2185, "Righteous Valkyrie": 2213, "Silver Raven": 2435, "Unable to Scream_SB": 2923, "Shacklegeist": 2377, "Spectral Sailor": 2532, "Dreadhorde Invasion": 741, "Unable to Scream": 2922, "Summary Dismissal_SB": 2623, "Obzedat, Ghost Council": 1881, "Pest Control_SB": 1989, "Charming Prince": 452, "Ajani, Sleeper Agent_SB": 44, "Nahiri, the Harbinger_SB": 1796, "Bonecrusher Giant_SB": 280, "Fiery Temper": 963, "Hollow One": 1284, "Insolent Neonate": 1355, "Ovalchase Daredevil": 1931, "Restless Vents": 2197, "Scrapheap Scrounger": 2320, "Cling to Dust_SB": 489, "Scrapshooter": 2321, "Fog_SB": 996, "Kenrith's Transformation_SB": 1467, "Pithing Needle_SB": 2018, "Questing Beast_SB": 2078, "Skysovereign, Consul Flagship_SB": 2469, "Wolfwillow Haven_SB": 3130, "Boseiju, Who Endures_SB": 296, "Filter Out_SB": 967, "Divine Smite_SB": 706, "Reckless Impulse": 2139, "Kari Zev's Expertise_SB": 1438, "Alpine Moon_SB": 56, "Improbable Alliance_SB": 1331, "Reflector Mage": 2155, "Alpha Authority": 54, "Demonic Ruckus": 653, "Gryff's Boon": 1193, "Hammerhand": 1212, "Mirrex": 1735, "Optimistic Scavenger": 1906, "Sentinel's Eyes": 2367, "Storm Herald": 2595, "March of Otherworldly Light_SB": 1669, "Cartouche of Solidarity": 380, "Leyline of Sanctity": 1569, "Warbriar Blessing": 3063, "Invasion of Gobakhan_SB": 1373, "The Meathook Massacre": 2755, "Ygra, Eater of All_SB": 3151, "Soul Partition_SB": 2514, "Beseech the Mirror": 209, "Rush of Dread": 2269, "The End_SB": 2745, "Witchstalker Frenzy_SB": 3117, "Path to the World Tree": 1971, "Nahiri, the Harbinger": 1795, "Access Tunnel": 11, "Collision // Colossus": 502, "Pawpatch Recruit": 1976, "Questing Druid": 2079, "Snakeskin Veil": 2491, "Cindervines_SB": 468, "Furnace Reins": 1040, "Settle the Wreckage": 2375, "Vivien Reid_SB": 3019, "Fallaji Archaeologist": 914, "Neoform": 1814, "No One Left Behind": 1847, "Thundertrap Trainer": 2819, "Undercity Sewers": 2931, "Arboreal Grazer": 96, "Dragonlord Dromoka": 728, "Bloodletter of Aclazotz_SB": 256, "Split Up": 2558, "Chandra, Awakened Inferno_SB": 440, "Castle Vantress": 397, "Cleansing Nova": 479, "Confounding Riddle": 523, "Coveted Falcon": 552, "Idyllic Tutor": 1317, "Rest in Peace": 2187, "Solemnity": 2503, "Palace Siege_SB": 1955, "Unmoored Ego_SB": 2951, "Big Score": 214, "Dwarven Mine": 774, "Snow-Covered Mountain": 2496, "Sundown Pass": 2628, "Worldspine Wurm_SB": 3136, "Xenagos, God of Revels_SB": 3144, "Cathar Commando": 401, "Isolated Chapel": 1390, "Loran of the Third Path": 1619, "Tenacious Underdog": 2714, "Rush of Dread_SB": 2270, "Blood Baron of Vizkopa_SB": 246, "Change the Equation": 448, "Torrential Gearhulk": 2857, "Chrome Host Seedshark_SB": 464, "Test of Talents_SB": 2724, "March of Wretched Sorrow": 1672, "Misery's Shadow": 1740, "Hallowed Moonlight_SB": 1210, "Valgavoth, Terror Eater_SB": 2982, "Wear // Tear_SB": 3080, "Fauna Shaman": 928, "Aclazotz, Deepest Betrayal": 13, "Make Disappear": 1656, "Ray of Enfeeblement_SB": 2122, "Tishana's Tidebinder_SB": 2831, "Phyrexian Censor_SB": 1998, "Jace, Wielder of Mysteries_SB": 1403, "Assimilation Aegis": 137, "Candy Trail": 371, "Case of the Filched Falcon": 384, "Disruption Protocol": 698, "Dusk Rose Reliquary": 770, "Fomori Vault": 997, "Golos, Tireless Pilgrim": 1161, "Inventors' Fair": 1378, "Lantern of the Lost": 1539, "Metallic Rebuke": 1712, "Moonsnare Prototype": 1767, "Prophetic Prism": 2059, "The Book of Exalted Deeds": 2740, "The Enigma Jewel": 2746, "Tyrite Sanctum": 2905, "Whir of Invention": 3095, "Citizen's Crowbar_SB": 471, "Ashiok, Dream Render": 125, "Bonebind Orator": 278, "Crashing Drawbridge": 561, "Deathrite Shaman": 626, "Fiend Artisan": 958, "Insidious Roots": 1354, "Moss-Pit Skeleton": 1769, "Osteomancer Adept": 1918, "Rubblebelt Maverick": 2256, "Seed of Hope": 2349, "Shigeki, Jukai Visionary": 2406, "Snarling Gorehound": 2493, "Squirming Emergence": 2570, "Tyvar, Jubilant Brawler": 2909, "Unstoppable Slasher_SB": 2954, "Coordinated Assault": 536, "Case of the Gateway Express": 385, "Gleeful Demolition": 1110, "Imodane's Recruiter": 1324, "Knight-Errant of Eos": 1496, "Resolute Reinforcements": 2183, "The Wandering Rescuer": 2774, "Venerated Loxodon": 3002, "Warden of the Inner Sky": 3066, "Breaking // Entering": 315, "Founding the Third Path": 1015, "Fraying Sanity": 1027, "Jace, the Perfected Mind": 1404, "Maddening Cacophony": 1646, "Soul-Guide Lantern": 2517, "Tasha's Hideous Laughter": 2689, "Bontu's Last Reckoning_SB": 283, "Rite of the Moth": 2224, "Valgavoth's Faithful": 2978, "Assassin's Trophy": 134, "Careful Cultivation": 374, "Courier's Briefcase": 550, "Esika's Chariot": 861, "Rockfall Vale": 2240, "Tear Asunder": 2691, "The World Tree": 2777, "Radiant Flames_SB": 2090, "Void Winnower_SB": 3032, "Come Back Wrong_SB": 510, "Starfield of Nyx": 2576, "Anger of the Gods": 70, "Aetherflux Reservoir": 28, "Twisted Fealty_SB": 2902, "Hallowed Moonlight": 1209, "Carrot Cake": 379, "Regal Caracal": 2160, "Westvale Abbey": 3093, "Settle the Wreckage_SB": 2376, "Spelunking": 2539, "Brimaz, King of Oreskos_SB": 323, "Cragcrown Pathway": 556, "Dragonhawk, Fate's Tempest": 727, "Obliterating Bolt": 1874, "Reckless Stormseeker": 2142, "The Akroan War": 2735, "The Huntsman's Redemption": 2751, "Klothys, God of Destiny_SB": 1488, "Screaming Nemesis_SB": 2326, "Containment Priest": 533, "Extraction Specialist_SB": 894, "Narset, Enlightened Master_SB": 1801, "Dark Betrayal_SB": 597, "Leyline of Resonance_SB": 1568, "Izzet Charm": 1394, "Saheeli, Sublime Artificer_SB": 2276, "Irrigated Farmland": 1385, "Cut Down": 593, "Tomik, Wielder of Law": 2846, "Virtue of Persistence_SB": 3016, "Snow-Covered Swamp": 2498, "Elspeth, Sun's Champion_SB": 817, "Lovestruck Beast": 1632, "Cruelclaw's Heist": 570, "Outrageous Robbery_SB": 1930, "Voracious Hydra_SB": 3044, "Crackling Drake": 553, "Angrath, the Flame-Chained_SB": 72, "Angel of Serenity_SB": 68, "Up the Beanstalk_SB": 2964, "Nebelgast Herald": 1806, "Eidolon of Rhetoric_SB": 790, "Castle Garenbrig": 394, "Ulamog, the Ceaseless Hunger": 2914, "Monstrous Emergence_SB": 1760, "Prowling Serpopard_SB": 2065, "Rewind": 2206, "Blossoming Defense_SB": 264, "Castle Embereth": 393, "Scavenger Grounds": 2304, "Grisly Salvage": 1186, "Pack Rat": 1950, "Raffine's Informant": 2091, "Silence": 2430, "Sorin, Vengeful Bloodlord": 2511, "Witherbloom Command": 3119, "Hagra Mauling": 1204, "Murderous Rider": 1783, "Restless Cottage": 2191, "Sorin the Mirthless": 2509, "The End": 2744, "Ancient Cornucopia": 64, "Selfless Glyphweaver_SB": 2359, "Tolsimir, Friend to Wolves_SB": 2843, "Quick Study": 2081, "Torpor Orb_SB": 2856, "Collision // Colossus_SB": 503, "Finale of Devastation": 969, "Kitsa, Otterball Elite": 1486, "Lavaspur Boots": 1544, "Mox Amber": 1774, "Retraction Helix": 2199, "Springleaf Drum": 2565, "Valley Floodcaller": 2985, "Wishclaw Talisman": 3113, "Altar of the Brood_SB": 60, "Kaito, Bane of Nightmares_SB": 1427, "Mox Amber_SB": 1775, "Retraction Helix_SB": 2200, "Forge Devil_SB": 1006, "Agatha's Soul Cauldron_SB": 38, "Fires of Invention": 973, "The Scarab God": 2765, "Cruelclaw's Heist_SB": 571, "Malicious Eclipse_SB": 1660, "Altanak, the Thrice-Called": 59, "Attack-in-the-Box": 142, "Balemurk Leech": 169, "Broodspinner": 334, "Cackling Slasher": 359, "Cathartic Parting": 403, "Coordinated Clobbering": 537, "Flesh Burrower": 983, "Frantic Strength": 1025, "Glimmerlight": 1111, "Grasping Longneck": 1174, "Grievous Wound": 1183, "Innocuous Rat": 1346, "Leyline of the Void": 1572, "Meathook Massacre II": 1698, "Overgrown Zealot": 1935, "Saw": 2298, "Slavering Branchsnapper": 2472, "Spectral Snatcher": 2533, "Spineseeker Centipede": 2547, "Sporogenic Infection": 2563, "Strangled Cemetery": 2606, "Terramorphic Expanse": 2718, "Twitching Doll": 2903, "Valgavoth's Lair": 2979, "Wary Watchdog": 3072, "Winter, Misanthropic Guide": 3111, "Conductive Machete_SB": 521, "Fanatic of the Harrowing_SB": 917, "Final Vengeance_SB": 968, "Friendly Teddy_SB": 1031, "Give In to Violence_SB": 1098, "Manifest Dread_SB": 1662, "Murder_SB": 1780, "Tormod's Crypt_SB": 2855, "Devout Decree_SB": 680, "Cemetery Desecrator": 423, "Escape Tunnel": 859, "Insatiable Avarice_SB": 1349, "Chandra, Dressed to Kill": 441, "Obosh, the Preypiercer_SB": 1877, "Adeline, Resplendent Cathar_SB": 19, "Jadar, Ghoulcaller of Nephalia_SB": 1405, "Unctus, Grand Metatect": 2928, "Snow-Covered Island": 2495, "Feed the Swarm": 943, "Crumb and Get It": 572, "Favored Hoplite": 929, "Gods Willing": 1156, "Illuminator Virtuoso": 1322, "Boros Charm_SB": 290, "Dewdrop Cure_SB": 682, "Flowstone Infusion_SB": 995, "Aftermath Analyst": 34, "Annie Joins Up": 77, "Doppelgang": 719, "Lumra, Bellow of the Woods": 1638, "Phylath, World Sculptor": 1994, "Port of Karfell": 2034, "Riveteers Overlook": 2229, "Thundering Falls": 2818, "Worldsoul's Rage": 3134, "Exquisite Firecraft_SB": 888, "Skullcrack_SB": 2460, "Rotten Reunion_SB": 2248, "Cathartic Pyre": 404, "Lotus Field_SB": 1631, "Scavenging Ooze_SB": 2310, "Tyrranax Rex_SB": 2907, "Innkeeper's Talent": 1344, "Liliana, the Last Hope": 1598, "Legion's End_SB": 1559, "Day's Undoing_SB": 611, "Adanto Vanguard": 15, "Homestead Courage": 1286, "Sejiri Shelter": 2356, "Adanto Vanguard_SB": 16, "Shardmage's Rescue_SB": 2388, "Skrelv, Defector Mite": 2458, "Slip Out the Back": 2480, "Staggering Insight": 2573, "Hushbringer_SB": 1310, "Natural State_SB": 1805, "Otherworldly Gaze": 1922, "Detention Sphere": 677, "Nowhere to Run_SB": 1857, "Discontinuity_SB": 691, "Hostile Hostel": 1299, "Voyaging Satyr": 3047, "Polukranos Reborn_SB": 2029, "Ulamog, the Ceaseless Hunger_SB": 2915, "Unlucky Witness": 2949, "Thalia, Heretic Cathar": 2730, "Virtue of Loyalty_SB": 3014, "Behold the Beyond": 204, "Perilous Voyage_SB": 1986, "Mirrorshell Crab": 1737, "Omen Hawker": 1890, "Horned Loch-Whale_SB": 1296, "Strict Proctor_SB": 2611, "Hostile Investigator": 1300, "Nissa, Ascended Animist": 1834, "Rankle's Prank": 2116, "Repudiate // Replicate": 2178, "Thrun, Breaker of Silence": 2812, "Wrenn and Realmbreaker": 3139, "Colossal Skyturtle_SB": 506, "Song of Totentanz_SB": 2506, "Metamorphic Alteration": 1715, "Aven Interrupter_SB": 151, "Giant Killer_SB": 1086, "Ashiok, Nightmare Muse": 127, "Deploy the Gatewatch": 660, "Interplanar Beacon": 1361, "Kaya, Intangible Slayer": 1451, "Lukka, Coppercoat Outcast": 1635, "Narset of the Ancient Way": 1799, "Overgrown Farmland": 1933, "Paradise Druid": 1960, "Tamiyo, Collector of Tales": 2680, "Tamiyo, Compleated Sage": 2682, "The Eternal Wanderer": 2747, "Ugin, the Spirit Dragon": 2912, "Vraska, Betrayal's Sting": 3050, "Bloodchief's Thirst": 252, "Preacher of the Schism": 2044, "Klothys, God of Destiny": 1487, "Lilah, Undefeated Slickshot": 1592, "Green Sun's Twilight": 1181, "Railway Brawler": 2094, "Tyrranax Rex": 2906, "Vorinclex, Monstrous Raider": 3045, "Invasion of Ixalan_SB": 1375, "Kogla, the Titan Ape_SB": 1504, "Nullhide Ferox_SB": 1862, "The Kenriths' Royal Funeral_SB": 2754, "Outland Liberator_SB": 1927, "Geistlight Snare": 1066, "Katilda, Dawnhart Martyr": 1443, "Katilda, Dawnhart Martyr_SB": 1444, "Third Path Iconoclast": 2786, "Outland Liberator": 1926, "Highway Robbery": 1277, "Shambling Vent": 2385, "Knight of Grace_SB": 1494, "Gideon, Ally of Zendikar": 1091, "Exorcise_SB": 876, "Clockwork Percussionist": 490, "Atarka's Command_SB": 139, "Questing Druid_SB": 2080, "Agadeem's Awakening": 35, "Drowned Catacomb": 761, "Collective Brutality": 497, "Detention Sphere_SB": 678, "Cenote Scout": 427, "Deeproot Elite": 639, "Deeproot Pilgrimage": 640, "Forensic Researcher": 1001, "Kiora's Follower": 1478, "Kitesail Larcenist": 1482, "Kumena, Tyrant of Orazca": 1527, "Merfolk Trickster": 1711, "Three Tree City": 2810, "Vodalian Hexcatcher": 3024, "Forensic Researcher_SB": 1002, "Heroic Intervention_SB": 1266, "Kopala, Warden of Waves_SB": 1509, "Lost in the Maze_SB": 1627, "Prophet of Kruphix_SB": 2058, "Hope Tender_SB": 1291, "Snow-Covered Forest": 2494, "Ferocious Werefox_SB": 950, "Thing in the Ice_SB": 2784, "Tolsimir, Friend to Wolves": 2842, "Helping Hand": 1257, "Jace, Vryn's Prodigy": 1401, "Monastery Mentor": 1757, "Unexpected Fangs_SB": 2937, "Starnheim Unleashed_SB": 2577, "Callous Bloodmage": 365, "Linvala, the Preserver_SB": 1602, "Nylea's Intervention_SB": 1867, "Chord of Calling": 461, "Dwynen's Elite": 775, "Elvish Clancaller": 820, "Elvish Warmaster": 823, "Jaspera Sentinel": 1407, "Leaf-Crowned Visionary": 1551, "Secluded Courtyard": 2344, "Shaman of the Pack": 2384, "Tyvar, the Pummeler": 2910, "Pause for Reflection_SB": 1973, "Phyrexian Revoker_SB": 2004, "Reclamation Sage_SB": 2147, "Sentinel of Lost Lore_SB": 2364, "Soulless Jailer_SB": 2522, "Roiling Vortex_SB": 2243, "Blossoming Defense": 263, "Giant Growth": 1084, "Thud": 2814, "Snakeskin Veil_SB": 2492, "Beanstalk Giant": 199, "Bedeck // Bedazzle": 201, "Clever Impersonator": 484, "Greater Tanuki": 1180, "Herd Migration": 1263, "Quintorius Kand": 2085, "Spark Double": 2527, "Spinewoods Armadillo": 2548, "Consign // Oblivion_SB": 528, "Keruga, the Macrosage_SB": 1471, "Mirrorshell Crab_SB": 1738, "Quakebringer_SB": 2076, "Vanquish the Horde_SB": 2996, "Drannith Ruins": 733, "Faerie Dreamthief": 907, "Spell Stutter": 2537, "Kaito, Dancing Shadow_SB": 1429, "Overlord of the Balemurk_SB": 1937, "Plumecreed Escort_SB": 2026, "Void Rend": 3030, "Magma Opus": 1654, "Mystic Monastery": 1788, "Warrant // Warden": 3071, "Reduce // Rubble_SB": 2154, "Leyline of Hope": 1566, "Speaker of the Heavens": 2529, "Authority of the Consuls_SB": 149, "Possibility Storm": 2040, "Sunset Revelry": 2637, "Blind Obedience_SB": 243, "Outlaws' Merriment_SB": 1928, "Rip Apart_SB": 2215, "Archon of Sun's Grace": 113, "Omen of the Sun": 1895, "Seal Away": 2331, "Starfall Invocation_SB": 2575, "Collateral Damage": 493, "Eidolon of the Great Revel_SB": 792, "Unchained Berserker_SB": 2926, "Rootbound Crag": 2246, "Wandering Mind": 3061, "Surge of Salvation_SB": 2647, "Bitter Reunion": 222, "Emry, Lurker of the Loch": 833, "Jeskai Ascendancy": 1411, "Restless Spire": 2196, "Saheeli, Sublime Artificer": 2275, "Tormod's Crypt": 2854, "Say Its Name": 2300, "Witherbloom Command_SB": 3120, "Kumena's Speaker": 1526, "Tidebinder Mage_SB": 2823, "Dazzling Theater // Prop Room": 613, "Restless Bivouac": 2190, "Siege Veteran": 2425, "Warleader's Call": 3067, "Yotian Frontliner": 3154, "Aurelia, the Law Above_SB": 147, "Ratchet Bomb_SB": 2117, "Unlicensed Hearse": 2946, "Takenuma, Abandoned Mire_SB": 2673, "Fry_SB": 1035, "Barrier Breach_SB": 189, "End the Festivities_SB": 835, "Goblin Chainwhirler_SB": 1135, "Razorkin Needlehead_SB": 2124, "Sunspine Lynx_SB": 2641, "Banefire_SB": 176, "Battle Cry Goblin": 194, "Call of the Death-Dweller": 364, "Conspicuous Snoop": 529, "Goblin Chainwhirler": 1134, "Goblin Piledriver": 1141, "Goblin Ringleader": 1143, "Goblin Trashmaster": 1149, "Legion Loyalist": 1558, "Rundvelt Hordemaster": 2261, "Skirk Prospector": 2455, "Squee, Dubious Monarch": 2568, "Fecund Greenshell": 939, "Ipnu Rivulet": 1382, "Obscura Storefront": 1878, "Bloodchief's Thirst_SB": 253, "Lukka, Coppercoat Outcast_SB": 1636, "Experimental Frenzy_SB": 885, "Brave the Elements_SB": 310, "Bontu's Monument": 284, "Hashep Oasis": 1225, "Thought-Knot Seer": 2796, "Arlinn, the Pack's Hope_SB": 117, "Eldrazi Obligator_SB": 799, "Thought-Knot Seer_SB": 2797, "Kazuul's Fury": 1459, "Tail Swipe": 2669, "Experimental Synthesizer": 886, "Metropolis Reformer": 1718, "Consign // Oblivion": 527, "Creative Outburst": 565, "Dragonskull Summit": 730, "Bedeck // Bedazzle_SB": 202, "Splitskin Doll": 2560, "Deep-Cavern Bat": 636, "Virtue of Persistence": 3015, "Chandra, Acolyte of Flame_SB": 439, "Echoing Deeps": 781, "Ill-Timed Explosion": 1319, "Maestros Theater": 1649, "Mystic Sanctuary": 1790, "Scapeshift": 2302, "Snow-Covered Plains": 2497, "Splendid Reclamation": 2557, "The Autonomous Furnace": 2737, "The Hunter Maze": 2750, "Extract the Truth_SB": 892, "Circle of Dreams Druid": 469, "Elvish Visionary": 822, "Deathrite Shaman_SB": 627, "Bushwhack": 355, "Cavalier of Flame": 412, "Vraska, Betrayal's Sting_SB": 3051, "Imposing Sovereign": 1329, "Ruric Thar, the Unbowed": 2266, "Discontinuity": 690, "Sphinx's Revelation": 2542, "Tale's End": 2674, "Urza's Sylex_SB": 2973, "Chandra, Acolyte of Flame": 438, "Exquisite Firecraft": 887, "Gruul Charm": 1189, "Leyline of Combustion": 1564, "Rampaging Ferocidon": 2112, "Razorkin Needlehead": 2123, "Scorching Dragonfire": 2311, "Torbran, Thane of Red Fell": 2849, "Scorching Dragonfire_SB": 2312, "Regal Caracal_SB": 2161, "Braids, Arisen Nightmare": 304, "Disturbing Mirth": 701, "Hopeless Nightmare": 1294, "Spiteful Hexmage": 2556, "Treacherous Blessing": 2875, "Haunted Ridge_SB": 1232, "Surge of Salvation": 2646, "Arabella, Abandoned Doll": 91, "Giant Killer": 1085, "Tears of Valakut_SB": 2693, "Thalia, Guardian of Thraben_SB": 2729, "Can't Stay Away": 370, "Basri Ket_SB": 191, "Unwanted Remake_SB": 2960, "Ertai Resurrected": 856, "Lazav, the Multifarious": 1549, "Nashi, Searcher in the Dark": 1804, "Slogurk, the Overslime": 2483, "Luminarch Aspirant": 1637, "Roaring Furnace // Steaming Sauna_SB": 2235, "Not on My Watch_SB": 1852, "Grand Abolisher": 1168, "Holy Cow": 1285, "Archangel of Tithes_SB": 103, "Conclave Tribunal_SB": 520, "Metropolis Reformer_SB": 1719, "Shalai, Voice of Plenty_SB": 2383, "Get Out_SB": 1073, "Fateful Absence": 926, "Doppelgang_SB": 720, "Fanatical Offering": 920, "Vraska, Golgari Queen_SB": 3053, "Bolas's Citadel": 269, "Catacomb Sifter": 399, "Popular Egotist": 2030, "Priest of Forgotten Gods": 2047, "Prosperous Innkeeper": 2060, "Woe Strider": 3127, "Experimental Confectioner": 884, "Trail of Crumbs": 2864, "Cemetery Illuminator": 425, "Cemetery Illuminator_SB": 426, "Balmor, Battlemage Captain": 170, "Shore Up_SB": 2416, "Solemnity_SB": 2504, "Soul Search_SB": 2515, "Bag of Holding": 165, "Gideon of the Trials": 1088, "Jace, Architect of Thought": 1399, "Teferi, Master of Time": 2698, "Cleansing Nova_SB": 480, "Eerie Ultimatum_SB": 786, "Inspired Ultimatum_SB": 1356, "Nicol Bolas, Dragon-God_SB": 1820, "Sarkhan the Masterless_SB": 2289, "Thief of Sanity_SB": 2780, "Botanical Brawler": 297, "Bristly Bill, Spine Sower": 330, "Conclave Mentor": 519, "Hardened Scales": 1219, "Kodama of the West Tree": 1500, "Ozolith, the Shattered Spire": 1948, "Stonecoil Serpent": 2594, "Urgent Necropsy": 2970, "Archangel Avacyn_SB": 100, "Boon-Bringer Valkyrie_SB": 288, "Wrenn's Resolve_SB": 3141, "Jace Reawakened": 1396, "Teferi, Hero of Dominaria_SB": 2697, "Chandra, Torch of Defiance_SB": 447, "Kazandu Mammoth": 1458, "Restless Prairie": 2193, "Thalia, Heretic Cathar_SB": 2731, "Rabid Gnaw": 2088, "Shock": 2411, "Vraska, Golgari Queen": 3052, "Scourge of the Skyclaves": 2317, "Strangle": 2604, "Prosperous Thief": 2062, "Rottenmouth Viper": 2249, "Phyrexian Dragon Engine": 1999, "The Akroan War_SB": 2736, "Azorius Charm": 159, "Scavenger Grounds_SB": 2305, "Approach of the Second Sun": 88, "Fortified Beachhead": 1008, "Bloodsoaked Champion": 257, "Dire Tactics": 689, "General Kudro of Drannith": 1067, "Jirina, Dauntless General": 1415, "Sorin, Vengeful Bloodlord_SB": 2512, "Fortified Village": 1009, "Goldvein Hydra": 1158, "Grapple with the Past": 1171, "Nightveil Predator": 1826, "Rhonas the Indomitable": 2207, "Samut, Voice of Dissent": 2282, "Savage Summoning_SB": 2293, "Depopulate": 661, "Sprite Dragon": 2566, "The Scorpion God_SB": 2767, "The Cruelty of Gix_SB": 2743, "Painful Truths_SB": 1953, "Tocasia's Welcome_SB": 2839, "Fading Hope": 904, "Consuming Tide_SB": 531, "Long Goodbye_SB": 1615, "Golgari Charm_SB": 1159, "Hoarding Broodlord_SB": 1282, "Growth Spiral": 1187, "Realm-Cloaked Giant": 2131, "Sea Gate Restoration": 2328, "Shoot the Sheriff_SB": 2414, "Faerie Mastermind_SB": 910, "Duelist of the Mind": 765, "Steamcore Scholar": 2582, "Ashen Rider": 122, "Despark_SB": 668, "Elesh Norn_SB": 808, "Enduring Vitality": 843, "Kona, Rescue Beastie": 1508, "Portal to Phyrexia": 2038, "Selfless Savior": 2360, "Seraphic Steed": 2368, "Survivors' Encampment": 2651, "The Restoration of Eiganjo": 2763, "Kutzil, Malamet Exemplar_SB": 1532, "Selfless Savior_SB": 2361, "Path of Peril": 1969, "Noxious Grasp_SB": 1860, "Drag to the Roots": 725, "Intrepid Adversary": 1369, "Kaya, Orzhov Usurper_SB": 1454, "Kozilek's Return_SB": 1513, "Alchemist's Gambit": 49, "Zoraline, Cosmos Caller": 3176, "Castle Locthwain_SB": 396, "Renegade Rallier": 2174, "Chandra, Hope's Beacon": 443, "Edgar, Charmed Groom_SB": 783, "Play with Fire_SB": 2022, "Blot Out": 265, "Lively Dirge": 1607, "Stormchaser's Talent": 2598, "Atraxa, Grand Unifier_SB": 141, "Dawnbringer Cleric_SB": 607, "Zareth San, the Trickster_SB": 3166, "Rhonas the Indomitable_SB": 2208, "Whisperwood Elemental_SB": 3097, "Blazemire Verge_SB": 235, "Bond of Revival": 276, "Loran's Escape": 1621, "Den of the Bugbear_SB": 657, "Dispel_SB": 696, "Satoru, the Infiltrator": 2291, "Kitesail Larcenist_SB": 1483, "Viashino Pyromancer": 3007, "Armored Scrapgorger": 119, "Eldrazi Displacer": 797, "Weathered Runestone_SB": 3082, "Blessed Defiance_SB": 241, "Eidolon of Blossoms": 788, "Pest Control": 1988, "Restless Fortress": 2192, "Kaya, Intangible Slayer_SB": 1452, "Renounce the Guilds_SB": 2176, "Fireblade Charger": 971, "Zoyowa Lava-Tongue": 3177, "Exuberant Fuseling_SB": 896, "Reckless Bushwhacker_SB": 2138, "Squee, Dubious Monarch_SB": 2569, "Dream Trawler_SB": 748, "Selfless Glyphweaver": 2358, "Wrenn's Resolve": 3140, "Field of Ruin_SB": 957, "Citywide Bust_SB": 474, "Tyvar, the Pummeler_SB": 2911, "Maximize Velocity_SB": 1693, "Experiment One": 881, "Unclaimed Territory": 2927, "Werewolf Pack Leader": 3092, "Rakdos Joins Up": 2099, "Orazca Puzzle-Door": 1909, "Monastery Mentor_SB": 1758, "Enduring Bondwarden": 836, "Hangarback Walker": 1213, "Quirion Beastcaller": 2086, "Bolas's Citadel_SB": 270, "Catacomb Sifter_SB": 400, "Collected Company_SB": 496, "Popular Egotist_SB": 2031, "Prosperous Innkeeper_SB": 2061, "Woe Strider_SB": 3128, "Elvish Archivist_SB": 819, "Izoni, Center of the Web": 1393, "Demon of Dark Schemes_SB": 649, "Fblthp, the Lost": 930, "Teshar, Ancestor's Apostle": 2723, "Arid Archway": 116, "Blue Sun's Twilight": 267, "Clifftop Lookout": 486, "Conduit Pylons": 522, "Dreamdew Entrancer": 749, "Outcaster Greenblade": 1924, "Ugin, the Spirit Dragon_SB": 2913, "Silent Gravestone_SB": 2432, "Korvold, Fae-Cursed King": 1510, "Guardian of Faith": 1194, "Withering Torment": 3121, "Phyrexian Vindicator_SB": 2005, "Suncleanser_SB": 2625, "Gates of Istfell": 1059, "Fateful Absence_SB": 927, "No More Lies_SB": 1846, "Portal to Phyrexia_SB": 2039, "Selfless Spirit": 2362, "Debt to the Kami": 628, "Debt to the Kami_SB": 629, "Release to the Wind": 2166, "Gyruda, Doom of Depths_SB": 1203, "Angelfire Ignition": 69, "Tenth District Legionnaire": 2716, "Steel Seraph_SB": 2585, "Status // Statue_SB": 2579, "Lofty Denial": 1612, "Lofty Denial_SB": 1613, "Colossal Skyturtle": 505, "Cyclonic Rift": 595, "Rona's Vortex": 2244, "Calix, Guided by Fate": 363, "Generous Visitor": 1068, "Jukai Naturalist": 1418, "Spirited Companion": 2555, "Curse of Silence_SB": 591, "Nighthawk Scavenger": 1824, "Thousand-Faced Shadow": 2801, "Gyruda, Doom of Depths": 1202, "Consecrate // Consume_SB": 525, "Commercial District": 512, "Cease // Desist_SB": 421, "Archon of Absolution_SB": 110, "Case of the Gateway Express_SB": 386, "Hidden Necropolis": 1267, "Temple of Malady": 2704, "Temple of Malice": 2705, "Untimely Malfunction": 2958, "Empyrean Eagle": 830, "Koma, Cosmos Serpent_SB": 1507, "Memory Deluge_SB": 1704, "Touch the Spirit Realm": 2859, "Brimaz, King of Oreskos": 322, "Collector's Cage": 500, "The Birth of Meletis": 2739, "Warping Wail_SB": 3070, "Cityscape Leveler": 472, "Forsaken Miner": 1007, "Undead Sprinter": 2929, "Chandra, Dressed to Kill_SB": 442, "Roaring Furnace && Steaming Sauna_SB": 2233, "Bloodtithe Collector": 259, "Kitnap": 1484, "Chandra, Torch of Defiance": 446, "Magebane Lizard": 1652, "Goddric, Cloaked Reveler": 1154, "Bonders' Enclave": 277, "Nicol Bolas, Dragon-God": 1819, "Shadowspear_SB": 2381, "Gleaming Geardrake": 1109, "Zoetic Glyph": 3173, "Cryptic Coat_SB": 580, "Vampires' Vengeance_SB": 2992, "Destiny Spinner_SB": 672, "Blood Crypt_SB": 248, "Break Out": 313, "Evolving Adaptive": 873, "Pelt Collector": 1983, "Voltaic Brawler": 3042, "Wildfire Wickerfolk": 3103, "Embercleave_SB": 825, "Kraul Harpooner_SB": 1514, "Vengeful Possession_SB": 3004, "Ingenious Prodigy": 1342, "Glarb, Calamity's Augur_SB": 1105, "Bamboo Grove Archer_SB": 172, "Sunken Citadel_SB": 2633, "Mastermind's Acquisition_SB": 1689, "Pick Your Poison": 2007, "Tomik, Distinguished Advokist_SB": 2845, "Season of the Burrow_SB": 2341, "Spinner of Souls": 2549, "Abyssal Harvester": 8, "Zur, Eternal Schemer_SB": 3179, "Burst Lightning": 353, "Blast Zone_SB": 233, "Lantern of the Lost_SB": 1540, "Scab-Clan Berserker_SB": 2301, "Knight-Errant of Eos_SB": 1497, "Boltwave": 271, "Elenda, Saint of Dusk": 804, "Elenda, Saint of Dusk_SB": 805, "Serra Paragon": 2369, "Waste Not_SB": 3074, "High Fae Trickster_SB": 1274, "Slaughter Games_SB": 2471, "Syr Ginger, the Meal Ender": 2666, "Kaito, Cunning Infiltrator": 1428, "Brass Knuckles": 307, "Fabrication Foundry": 900, "Ingenious Smith": 1343, "Leyline Axe": 1561, "Metalwork Colossus": 1714, "Sanctum of Ugin": 2284, "Simulacrum Synthesizer": 2446, "The Irencrag": 2752, "Wedding Invitation": 3087, "Metallic Rebuke_SB": 1713, "Mystic Forge_SB": 1787, "Defabricate": 641, "Varragoth, Bloodsky Sire": 2997, "Emrakul, the Promised End": 831, "Fervent Champion": 952, "Goblin Tomb Raider": 1147, "Stern Dismissal_SB": 2587, "Scrawling Crawler": 2324, "Evangel of Synthesis": 871, "Raffine, Scheming Seer": 2093, "Void Rend_SB": 3031, "Expedition Map": 879, "Dropkick Bomber": 758, "Searslicer Goblin": 2338, "Goblin Ringleader_SB": 1144, "Blooming Blast": 261, "Gallia of the Endless Dance": 1046, "Cemetery Gatekeeper_SB": 424, "Creeping Chill": 566, "Driven // Despair": 754, "Haunted Dead": 1230, "Narcomoeba": 1798, "Prized Amalgam": 2051, "Silversmote Ghoul": 2442, "Tome Scour": 2844, "Wail of the Forgotten": 3055, "Huskburster Swarm_SB": 1312, "Kiora, the Rising Tide": 1480, "Tainted Indulgence": 2671, "Zombify": 3174, "Fragmentize_SB": 1022, "Dawnbringer Cleric": 606, "Elspeth, Sun's Champion": 816, "Camellia, the Seedmiser_SB": 369, "Trail of Crumbs_SB": 2865, "Mission Briefing": 1744, "Not on My Watch": 1851, "Curator of Destinies_SB": 588, "Joust Through_SB": 1417, "Torment of Hailfire_SB": 2852, "Blast Zone": 232, "Drake Hatcher_SB": 731, "Ral, Crackling Wit": 2104, "Hanweir Battlements": 1215, "Response // Resurgence_SB": 2186, "Scorn-Blade Berserker": 2315, "Essence Channeler": 864, "Fountain of Renewal": 1017, "Gifted Aetherborn": 1093, "Heliod, Sun-Crowned": 1252, "Hooded Blightfang": 1289, "Indulging Patrician": 1337, "Revival // Revenge": 2205, "Scoured Barrens": 2316, "Vampire of the Dire Moon": 2990, "Vito, Thorn of the Dusk Rose": 3018, "Voice of the Blessed": 3029, "Deathmark_SB": 624, "Tinybones, Bauble Burglar": 2827, "Imposing Sovereign_SB": 1330, "Jirina, Dauntless General_SB": 1416, "Lava Axe_SB": 1542, "Skrelv's Hive": 2456, "Flicker of Fate_SB": 985, "Kykar, Zephyr Awakener": 1533, "Infestation Sage": 1340, "Pyroclasm": 2071, "Saiba Cryptomancer": 2277, "Saiba Cryptomancer_SB": 2278, "Ajani, Sleeper Agent": 43, "Nahiri, the Unforgiving_SB": 1797, "Bulk Up": 343, "Alms of the Vein": 52, "Demand Answers": 645, "Grab the Prize": 1165, "Markov Baron": 1678, "Nullpriest of Oblivion": 1863, "Skullcrack": 2459, "Halana and Alena, Partners": 1206, "Blacksmith's Talent": 227, "Colossus Hammer": 507, "Kellan, the Fae-Blooded": 1465, "Resolute Strike": 2184, "Sigarda's Aid": 2427, "Thud_SB": 2815, "Herald of Eternal Dawn_SB": 1260, "Genesis Wave": 1069, "Lush Oasis": 1640, "Samut, Tyrant Smasher": 2280, "Bouncer's Beatdown_SB": 301, "Soulstone Sanctuary": 2525, "Parting Gust": 1965, "Youthful Valkyrie": 3159, "The Witch's Vanity": 2776, "Voracious Hydra": 3043, "Banner of Kinship": 184, "Elvish Archdruid": 818, "Citanul Stalwart": 470, "Sylvan Messenger_SB": 2662, "Day of Judgment": 608, "Gideon Blackblade": 1087, "Gideon's Triumph": 1089, "Liliana, Dreadhorde General": 1596, "Urza's Sylex": 2972, "Innkeeper's Talent_SB": 1345, "Hornet Queen_SB": 1297, "Cut // Ribbons": 592, "Skrelv's Hive_SB": 2457, "Maelstrom Pulse": 1647, "Temple of Plenty": 2707, "Peer into the Abyss_SB": 1981, "Blitz of the Thunder-Raptor": 244, "Long River's Pull": 1616, "Unsubstantiate": 2955, "Sugar Coat_SB": 2620, "Unsubstantiate_SB": 2956, "Dread Fugue": 735, "Flameblade Adept": 979, "Ox of Agonas": 1946, "Ill-Timed Explosion_SB": 1320, "Omnath, Locus of Creation_SB": 1898, "Scrapwork Mutt": 2323, "Tyvar's Stand": 2908, "Haunted Cloak": 1229, "Swiftfoot Boots": 2656, "Faithful Mending": 912, "Shadows' Verdict_SB": 2379, "Spawn of Mayhem": 2528, "Karn, Scion of Urza_SB": 1440, "Dusk Legion Duelist": 769, "Bristlebud Farmer": 327, "Phyrexian Obliterator_SB": 2003, "Make Disappear_SB": 1657, "Hooting Mandrills": 1290, "Tasigur, the Golden Fang": 2690, "Toxrill, the Corrosive_SB": 2863, "Calamity, Galloping Inferno": 362, "Charming Scoundrel": 453, "Deflecting Palm": 643, "Fallaji Vanguard": 915, "Fortune, Loyal Steed": 1010, "Furycalm Snarl": 1042, "Hellspur Posse Boss": 1255, "Panharmonicon": 1958, "Requisition Raid": 2181, "Temple of Triumph": 2709, "Terror of the Peaks": 2721, "Witty Roastmaster": 3125, "Aetherstorm Roc_SB": 32, "Anim Pakal, Thousandth Moon_SB": 76, "Chance for Glory_SB": 436, "Demonic Ruckus_SB": 654, "Impact Tremors_SB": 1327, "Lunarch Veteran": 1639, "Skyclave Cleric": 2463, "Ajani, Strength of the Pride_SB": 46, "Davriel, Rogue Shadowmage_SB": 605, "The Raven Man_SB": 2761, "Expansion // Explosion": 877, "Seasons Past": 2343, "Haughty Djinn_SB": 1228, "Foundry Street Denizen": 1016, "Gruul Charm_SB": 1190, "Masked Vandal_SB": 1682, "Brass's Tunnel-Grinder": 308, "Goblin Instigator": 1137, "Raise the Past": 2095, "Chained to the Rocks_SB": 431, "Ascendant Spirit": 121, "Faceless Haven": 901, "Plumecreed Escort": 2025, "Fading Hope_SB": 905, "Icon of Ancestry_SB": 1315, "Kellan, Planar Trailblazer": 1464, "Thassa's Oracle": 2732, "Anguished Unmaking": 73, "Oath of Kaya": 1869, "Blessed Alliance_SB": 239, "Day of Judgment_SB": 609, "Mystic Repeal_SB": 1789, "Reasonable Doubt_SB": 2135, "Rottenmouth Viper_SB": 2250, "Topplegeist": 2848, "Niv-Mizzet, Visionary_SB": 1844, "Maelstrom Pulse_SB": 1648, "Thing in the Ice": 2783, "Witness Protection_SB": 3124, "Dust Animus_SB": 773, "Tibalt's Trickery": 2820, "Tibalt's Trickery_SB": 2821, "Requisition Raid_SB": 2182, "Heaped Harvest": 1242, "Thassa, God of the Sea": 2734, "Slaughter Games": 2470, "Idol of Endurance": 1316, "Phyrexian Censor": 1997, "Niko Aris": 1827, "Academy Loremaster": 10, "Phyrexian Arena_SB": 1996, "Hostile Investigator_SB": 1301, "Harvester of Misery_SB": 1224, "Chainsaw": 432, "Fountainport Bell": 1019, "Glint-Nest Crane": 1112, "Hammer of Purphoros": 1211, "Triton Tactics_SB": 2886, "Sixth Sense": 2453, "Sram, Senior Edificer": 2571, "Alpha Authority_SB": 55, "Shrapnel Blast_SB": 2422, "Scattered Groves": 2303, "Arboreal Grazer_SB": 97, "Vein Ripper": 2999, "Thought Erasure": 2795, "Kaya's Ghostform_SB": 1449, "Wear Down_SB": 3081, "Spring-Loaded Sawblades": 2564, "Culling Ritual": 583, "Blood Baron of Vizkopa": 245, "Crystal Barricade_SB": 582, "Turn the Earth_SB": 2896, "Tenacious Underdog_SB": 2715, "Bala Ged Recovery_SB": 168, "Dowsing Device": 723, "Push // Pull": 2068, "Skyknight Squire": 2465, "Llanowar Visionary": 1610, "Burst Lightning_SB": 354, "Ajani, Caller of the Pride": 42, "Burrowguard Mentor": 352, "Dryad Militant": 763, "Fleecemane Lion": 981, "Kutzil, Malamet Exemplar": 1531, "Melira, the Living Cure": 1701, "Wilt-Leaf Liege": 3106, "Royal Treatment": 2253, "Seal Away_SB": 2332, "Sire of Seven Deaths": 2451, "Niv-Mizzet, Supreme_SB": 1843, "Connive // Concoct_SB": 524, "Torrential Gearhulk_SB": 2858, "Fatal Grudge": 923, "Oracle of Tragedy": 1908, "Questing Beast": 2077, "Striped Riverwinder": 2612, "Think Twice": 2785, "Sphinx's Revelation_SB": 2543, "Commit // Memory": 513, "Herald of Eternal Dawn": 1259, "Hullbreaker Horror": 1306, "Boltwave_SB": 272, "Festering Gulch": 953, "Gingerbread Cabin": 1096, "Outrageous Robbery": 1929, "Indomitable Creativity_SB": 1336, "Mech Hangar": 1699, "Chandra, Hope's Beacon_SB": 444, "Heliod's Intervention": 1250, "Legion's Landing": 1560, "Maskwood Nexus": 1683, "Volatile Fault": 3033, "Balustrade Wurm": 171, "Reality Shift": 2130, "Deputy of Detention": 663, "Embercleave": 824, "Lukka, Bound to Ruin_SB": 1634, "Choked Estuary": 460, "Ego Drain": 787, "Faerie Fencing": 908, "Obyra, Dreaming Duelist": 1880, "Shineshadow Snarl": 2408, "Sleep-Cursed Faerie": 2474, "Sunken Hollow": 2634, "Talion, the Kindly Lord": 2677, "Talion's Messenger": 2676, "Twining Twins": 2899, "Crippling Fear_SB": 567, "Flashfreeze_SB": 980, "Phantom Interference_SB": 1992, "Blessed Alliance": 238, "Builder's Talent": 340, "Worldspine Wurm": 3135, "Assemble the Legion_SB": 136, "Runed Halo_SB": 2265, "Fanatical Firebrand": 918, "Goblin Warchief": 1150, "Krenko, Mob Boss": 1519, "Betrayer's Bargain_SB": 211, "By Force_SB": 356, "Strangle_SB": 2605, "Exuberant Fuseling": 895, "Goblin Rabblemaster": 1142, "Collateral Damage_SB": 494, "Tibalt, Rakish Instigator_SB": 2822, "Game Trail": 1050, "Glorybringer": 1119, "Cankerbloom_SB": 372, "Aspect of Hydra": 132, "Hunter's Talent": 1308, "Nullhide Ferox": 1861, "Steel Leaf Champion": 2583, "Garruk's Uprising_SB": 1054, "Ghalta, Primal Hunger_SB": 1075, "Ram Through_SB": 2109, "Apostle of Purifying Light_SB": 87, "Chaplain of Alms_SB": 451, "Healer's Hawk_SB": 1241, "Karametra's Blessing_SB": 1437, "Cast Down": 389, "Desecration Demon": 666, "Evolved Sleeper": 872, "Kaervek, the Punisher": 1421, "Mishra's Foundry": 1742, "Ultimate Price": 2917, "Unexpected Fangs": 2936, "Vadmir, New Blood": 2975, "Extract a Confession_SB": 891, "Kitesail Freebooter_SB": 1481, "Pilfer_SB": 2012, "Crawling Barrens": 564, "Ifnir Deadlands": 1318, "Memorial to Folly": 1702, "Power Word Kill": 2041, "Ob Nixilis Reignited_SB": 1871, "Abrade": 3, "Dazzling Angel": 612, "Divine Smite": 705, "Exemplar of Light": 875, "Firemane Avenger": 972, "Wind-Scarred Crag": 3109, "Bomat Courier": 273, "Falkenrath Gorger": 913, "Foreboding Ruins": 1000, "Forerunner of Slaughter": 1003, "Olivia, Mobilized for War": 1889, "Unlicensed Disintegration": 2945, "Rakdos Charm_SB": 2097, "Shock_SB": 2412, "Transgress the Mind_SB": 2869, "Briarbridge Tracker": 318, "Hard-Hitting Question": 1217, "Subterranean Schooner": 2618, "Teething Wurmlet": 2695, "Tough Cookie": 2860, "Vineglimmer Snarl": 3009, "Briarbridge Tracker_SB": 319, "Hard-Hitting Question_SB": 1218, "Island_SB": 1388, "Unsummon_SB": 2957, "Night of the Sweets' Revenge": 1823, "Rampage of the Clans": 2110, "Hangarback Walker_SB": 1214, "Royal Treatment_SB": 2254, "The Filigree Sylex_SB": 2748, "Earthshaker Khenra": 777, "Mirran Banesplitter": 1734, "Rimrock Knight": 2214, "Aethersphere Harvester_SB": 31, "Burning Hands_SB": 348, "Azorius Guildgate": 160, "Boros Guildgate": 292, "Dimir Guildgate": 686, "Gate Colossus": 1056, "Gatebreaker Ram": 1057, "Gates Ablaze": 1058, "Gateway Plaza": 1060, "Glaive of the Guildpact": 1103, "Golgari Guildgate": 1160, "Gruul Guildgate": 1191, "Guild Summit": 1197, "Hour of Promise": 1302, "Izzet Guildgate": 1395, "Maze's End": 1695, "Open the Gates": 1902, "Orzhov Guildgate": 1913, "Plaza of Harmony": 2023, "Rakdos Guildgate": 2098, "Selesnya Guildgate": 2357, "Simic Guildgate": 2443, "Thran Portal": 2804, "Archway Angel_SB": 114, "Broken Bond_SB": 332, "Crackling Perimeter_SB": 555, "Enigma Drake": 844, "Strategic Planning": 2609, "Tolarian Terror": 2840, "Wandering Fumarole": 3060, "Essence Scatter_SB": 867, "Frantic Firebolt_SB": 1023, "Absorb": 7, "Behold the Multiverse": 205, "Saw It Coming": 2299, "Thirst for Discovery": 2788, "Garruk's Uprising": 1053, "Inscription of Abundance": 1350, "Primal Might": 2048, "Experiment One_SB": 882, "Garruk's Harbinger_SB": 1052, "Drown in Sorrow_SB": 759, "Toxin Analysis_SB": 2862, "Witch's Vengeance_SB": 3115, "Shoot the Sheriff": 2413, "Smoldering Marsh": 2487, "Banehound": 177, "Curator of Mysteries": 589, "Mire Triton": 1733, "Disfigure_SB": 694, "Rush of Vitality_SB": 2271, "Goblin Blast-Runner": 1131, "Implement of Combustion": 1328, "Krenko, Baron of Tin Street": 1518, "Voltage Surge": 3040, "Sunshot Militia_SB": 2639, "Essence Scatter": 866, "Flow of Knowledge": 993, "Haughty Djinn": 1227, "Shore Up": 2415, "Mocking Sprite_SB": 1748, "Quick Study_SB": 2082, "See Double_SB": 2347, "Shifting Grift_SB": 2405, "Angel of Invention": 66, "Combat Celebrant": 508, "God-Pharaoh's Gift": 1152, "Refurbish": 2157, "Abhorrent Oculus_SB": 2, "Arashin Cleric_SB": 93, "Seal from Existence": 2333, "Ghostly Dancers_SB": 1080, "Seal from Existence_SB": 2334, "Spinner of Souls_SB": 2550, "Blacklance Paragon": 226, "Brineborn Cutthroat": 324, "Cunning Nightbonder": 587, "Reasonable Doubt": 2134, "Sea-Dasher Octopus": 2329, "Slitherwisp": 2482, "Ashiok's Erasure_SB": 124, "Spectral Adversary_SB": 2531, "Fires of Victory": 974, "Frostboil Snarl": 1033, "Stern Lesson": 2588, "Roast_SB": 2236, "Alesha, Who Laughs at Fate": 50, "Davriel, Rogue Shadowmage": 604, "Fell": 947, "Grasp of Darkness": 1172, "Master of Cruelties": 1687, "Rakdos, the Muscle": 2101, "Razorlash Transmogrant": 2125, "Razortrap Gorge": 2126, "Seize the Spoils": 2355, "Illness in the Ranks_SB": 1321, "Kaervek, the Spiteful_SB": 1422, "Painful Quandary_SB": 1952, "Eddymurk Crab": 782, "Ephara's Dispersal": 851, "Stormwing Entity": 2603, "Gnarled Scarhide": 1120, "Madcap Skills": 1645, "Minotaur Skullcleaver": 1732, "Mogis's Marauder": 1751, "Rakdos Cackler": 2096, "Rakdos Shred-Freak": 2100, "Spike Jester": 2545, "Tormented Hero": 2853, "Doom Blade_SB": 714, "Ultimate Price_SB": 2918, "Consuming Aberration": 530, "Contaminated Aquifer": 535, "Didn't Say Please": 683, "Dismal Backwater": 695, "Dreadwaters": 745, "Duskmantle Guildmage": 772, "Fell Specter": 948, "Gnawing Vermin": 1123, "Jhessian Thief": 1414, "Mind Carver": 1725, "Mind Drain": 1726, "Murder": 1779, "Nezumi Informant": 1817, "Orzhov Racketeers": 1914, "Painful Quandary": 1951, "Paranoid Delusions": 1963, "Pilfered Plans": 2013, "Psychic Strike": 2066, "Razzle-Dazzler": 2128, "Read the Bones": 2129, "Short Bow": 2418, "Sleep": 2473, "The Mindskinner": 2759, "Typhoid Rats": 2904, "Wall of Frost": 3059, "Witness Protection": 3123, "Aspect of Lamprey_SB": 133, "Blood Pact_SB": 249, "Crypt Incursion_SB": 577, "Dreadwaters_SB": 746, "Frogify_SB": 1032, "Professor's Warning_SB": 2053, "Rogue's Gloves_SB": 2241, "Sinister Possession_SB": 2448, "Solemn Simulacrum_SB": 2502, "Sphinx of Magosi_SB": 2540, "Thieving Otter_SB": 2782, "Unlikely Aid_SB": 2948, "Zombify_SB": 3175, "Coruscation Mage": 545, "Giant Cindermaw_SB": 1083, "Lightning Mare_SB": 1589, "Wrangle_SB": 3138, "Ancient Imperiosaur": 65, "Belligerent Yearling": 207, "Fight Rigging": 964, "Hulking Raptor": 1305, "Intrepid Paleontologist": 1370, "Ixalli's Lorekeeper": 1392, "Otepec Huntmaster": 1921, "Palani's Hatcher": 1957, "Pugnacious Hammerskull": 2067, "Regisaur Alpha": 2163, "Restless Ridgeline": 2195, "Shifting Ceratops": 2403, "Triumphant Chomp": 2887, "Shifting Ceratops_SB": 2404, "Thrashing Brontodon_SB": 2807, "Triumphant Chomp_SB": 2888, "Frenzied Goblin": 1029, "Goblin Boarders": 1132, "Goblin Heelcutter": 1136, "Goblin Negotiation": 1140, "Goblin Surprise": 1145, "Goblinslide": 1151, "Guttersnipe": 1200, "Hellraiser Goblin": 1254, "Impact Tremors": 1326, "Pyrewild Shaman": 2070, "Redcap Gutter-Dweller": 2150, "Rigging Runner": 2212, "Subterranean Scout": 2619, "Thrill of Possibility": 2811, "War Squeak": 3062, "Zada, Hedron Grinder": 3162, "Frenzied Goblin_SB": 1030, "Goblin Boarders_SB": 1133, "Goblin Surprise_SB": 1146, "Rundvelt Hordemaster_SB": 2262, "Searslicer Goblin_SB": 2339, "Siege-Gang Commander_SB": 2426, "Cruel Somnophage": 569, "Mercurial Spelldancer": 1709, "Mind Sculpt": 1727, "Ruin Crab": 2258, "Sign in Blood": 2429, "Syr Konrad, the Grim": 2668, "Bitter Chill_SB": 221, "Chart a Course_SB": 456, "Sphinx's Tutelage_SB": 2544, "Terisian Mindbreaker_SB": 2717, "Armored Kincaller": 118, "Burning Sun Cavalry": 349, "Captivating Cave": 373, "Cavern Stomper": 416, "Colossadactyl": 504, "Dinotomaton": 688, "Disturbed Slumber": 700, "Earthshaker Dreadmaw": 776, "Ghalta, Primal Hunger": 1074, "Hidden Nursery": 1268, "Itzquinth, Firstborn of Gishath": 1391, "Nurturing Bristleback": 1864, "Over the Edge": 1932, "Panicked Altisaur": 1959, "Pathfinding Axejaw": 1972, "Poison Dart Frog": 2027, "Promising Vein": 2057, "Rampaging Ceratops": 2111, "Rumbling Rockslide": 2260, "Scytheclaw Raptor": 2327, "Seeker of Sunlight": 2351, "Seismic Monstrosaur": 2353, "The Skullspore Nexus": 2768, "Walk with the Ancestors": 3058, "Bristling Backwoods": 328, "Deeproot Champion": 638, "Quirion Dryad": 2087, "Temple of Abandon": 2701, "Domri's Ambush_SB": 712, "Bedlam Reveler": 203, "Warlord's Fury": 3069, "Ox of Agonas_SB": 1947, "Badlands Revival": 164, "Fertile Thicket": 951, "Festerleech": 954, "Foul Orchard": 1012, "Gix's Command": 1099, "Hedge Shredder": 1248, "Hero's Downfall": 1264, "Jungle Hollow": 1419, "Long Goodbye": 1614, "Quilled Greatwurm": 2084, "Slice from the Shadows": 2476, "Frantic Strength_SB": 1026, "Savor_SB": 2297, "Stab_SB": 2572, "Vraska's Fall_SB": 3049, "Abandoned Campground": 0, "Dollmaker's Shop // Porcelain Gallery": 711, "Grand Entryway // Elegant Rotunda": 1170, "Gremlin Tamer": 1182, "Inquisitive Glimmer": 1347, "Lionheart Glimmer": 1605, "Niko, Light of Hope": 1828, "Oppressive Rays": 1904, "Builder's Talent_SB": 341, "Divine Resilience_SB": 704, "Fear of Impostors_SB": 933, "Kitnap_SB": 1485, "Minor Misstep_SB": 1731, "Paladin Class_SB": 1956, "Stay Hidden, Stay Silent_SB": 2580, "Cinder Glade": 465, "Enter the Unknown": 847, "Mirrorwing Dragon": 1739, "Season of Growth": 2340, "Silverfur Partisan": 2439, "Young Pyromancer": 3157, "Temur Battle Rage_SB": 2713, "Turn Inside Out_SB": 2895, "Unnatural Moonrise_SB": 2952, "Feed the Cycle": 941, "Honored Dreyleader": 1288, "Necroblossom Snarl": 1807, "Savor": 2296, "Thornvault Forager": 2793, "Valley Rotcaller": 2987, "Feed the Cycle_SB": 942, "Life Goes On_SB": 1577, "Flame-Blessed Bolt_SB": 978, "Ral, Izzet Viceroy_SB": 2106, "You See a Guard Approach_SB": 3155, "Adult Gold Dragon": 21, "Aether Hub": 27, "Attune with Aether": 143, "Gather the Pack": 1063, "Lotleth Troll": 1628, "Cragplate Baloth_SB": 558, "Plains_SB": 2020, "Sporeweb Weaver_SB": 2562, "Beastie Beatdown": 200, "Footfall Crater": 998, "Omnivorous Flytrap": 1900, "Patchwork Beastie": 1968, "Return to Nature_SB": 2204, "Alseid of Life's Bounty": 58, "Hateful Eidolon": 1226, "Karametra's Blessing": 1436, "Agent of the Fates_SB": 41, "Dead Weight_SB": 614, "Eriette of the Charmed Apple_SB": 854, "Pacifism_SB": 1949, "Case of the Crimson Pulse": 382, "Vindictive Flamestoker_SB": 3008, "Evolving Wilds": 874, "Gala Greeters": 1045, "Good-Fortune Unicorn": 1162, "Mossborn Hydra": 1770, "Ochre Jelly": 1882, "Ornery Tumblewagg": 1911, "Sylvan Scavenging": 2664, "Wildwood Scourge": 3104, "Gaea's Gift_SB": 1044, "Gnarlid Colony_SB": 1121, "Inscription of Abundance_SB": 1351, "Trash the Town_SB": 2873, "Legion Angel": 1554, "Legion Angel_SB": 1555, "Gideon's Triumph_SB": 1090, "Cast Out": 390, "Demonic Pact": 652, "Doom Foretold": 715, "Hopeful Vigil": 1293, "Kaya's Wrath": 1450, "Sigil of the Empty Throne": 2428, "Spirit-Sister's Call": 2554, "Temple of Silence": 2708, "Trial of Ambition": 2882, "Banishing Light_SB": 182, "Cast Out_SB": 391, "Dreadhorde Invasion_SB": 742, "Trespasser's Curse_SB": 2881, "Arashin Foremost": 94, "Blood-Chin Rager": 251, "Chief of the Edge": 458, "Gutterbones": 1199, "Mardu Strike Leader": 1675, "Mardu Woe-Reaper": 1676, "Rally the Ranks": 2107, "Secure the Wastes": 2346, "Usher of the Fallen": 2974, "Garruk's Harbinger": 1051, "Lifecrafter's Bestiary": 1580, "Feed the Clan_SB": 940, "Skyreaping_SB": 2467, "Bristling Hydra": 329, "Electrostatic Pummeler": 802, "Fling": 986, "Ghor-Clan Rampager": 1077, "Harnessed Lightning": 1222, "Invigorated Rampage": 1379, "Servant of the Conduit": 2371, "Axebane Ferox_SB": 154, "Deathgorge Scavenger_SB": 623, "Gruul Spellbreaker_SB": 1192, "Insult // Injury_SB": 1360, "Sorcerous Spyglass_SB": 2508, "Wilt_SB": 3108, "Drannith Healer": 732, "Drannith Stinger": 734, "Flourishing Fox": 992, "Go for Blood": 1127, "Reptilian Reflection": 2177, "Valiant Rescuer": 2983, "Zenith Flare": 3167, "Irencrag Pyromancer_SB": 1383, "Ayara, First of Locthwain": 156, "Brain Maggot": 305, "Erebos, Bleak-Hearted": 853, "Foulmire Knight": 1014, "Gray Merchant of Asphodel": 1177, "Infernal Grasp": 1339, "Phyrexian Arena": 1995, "Underworld Dreams": 2935, "Warlock Class": 3068, "Corrupt_SB": 544, "Power Word Kill_SB": 2042, "Whack_SB": 3094, "Nahiri's Resolve": 1792, "Thousand Moons Smithy": 2800, "Tinker's Tote": 2825, "Dusk Rose Reliquary_SB": 771, "Unidentified Hovership_SB": 2942, "No Witnesses": 1848, "Port Town": 2033, "Refute": 2158, "Temple of Enlightenment": 2702, "Jace, Architect of Thought_SB": 1400, "No Witnesses_SB": 1849, "Disfigure": 693, "Gossip's Talent": 1164, "Karumonix, the Rat King": 1442, "Lord Skitter, Sewer King": 1623, "Persistent Marshstalker": 1987, "Piper of the Swarm": 2016, "Shoreline Looter": 2417, "Tangled Colony": 2684, "Vren, the Relentless": 3054, "Bring the Ending_SB": 325, "Pile On_SB": 2011, "Tangled Colony_SB": 2685, "Abzan Charm": 9, "Deathmist Raptor": 625, "Den Protector": 655, "Mastery of the Unseen": 1690, "Sandsteppe Citadel": 2286, "Satyr Wayfinder": 2292, "Siege Rhino": 2424, "Unyielding Gatekeeper": 2962, "Banishing Light": 181, "Flowerfoot Swordmaster": 994, "Mabel, Heir to Cragflame": 1644, "Seedglaive Mentor": 2350, "Whiskervale Forerunner": 3096, "Burn Bright": 344, "Chimney Rabble": 459, "Domri, Anarch of Bolas": 713, "Fissure Wizard": 976, "Goblin Arsonist": 1130, "Goblin Javelineer": 1138, "Goblin Morningstar": 1139, "Goblin Trailblazer": 1148, "Grumgully, the Generous": 1188, "Heraldic Banner": 1261, "Hobgoblin Bandit Lord": 1283, "Hulking Bugbear": 1304, "Renata, Called to the Hunt": 2172, "Return of the Wildspeaker": 2202, "Rhythm of the Wild": 2209, "Subira, Tulzidi Caravanner": 2616, "You See a Pair of Goblins": 3156, "Krenko, Mob Boss_SB": 1520, "Krenko, Tin Street Kingpin_SB": 1521, "Eroded Canyon": 855, "Essence Capture": 863, "Galvanize": 1049, "Mind Spiral": 1728, "Peculiar Lighthouse": 1979, "Pit of Offerings": 2017, "Scorching Shot": 2313, "Slick Sequence": 2477, "Winged Words": 3110, "Into the Fire_SB": 1364, "Tolarian Terror_SB": 2841, "Wildfire Howl_SB": 3102, "Arcane Infusion": 98, "Xenagos, God of Revels": 3143, "Aetherize_SB": 30, "Into the Roil_SB": 1367, "Volcanic Spite_SB": 3035, "Zetalpa, Primal Dawn_SB": 3170, "Boon of the Wish-Giver": 287, "Frostveil Ambush": 1034, "Memory Leak": 1706, "Startling Development": 2578, "Burn Down the House": 345, "Flame-Blessed Bolt": 977, "Vampires' Vengeance": 2991, "Pelakka Wurm_SB": 1982, "Mephitic Draught": 1708, "Tithing Blade": 2836, "Corpses of the Lost_SB": 543, "Doom Foretold_SB": 716, "Life of Toshiro Umezawa_SB": 1578, "Edgewall Inn": 784, "Edgewall Innkeeper": 785, "Lucky Clover": 1633, "Midnight Reaper": 1721, "Order of Midnight": 1910, "Smitten Swordmaster": 2485, "Massacre Girl_SB": 1684, "Stormkeld Vanguard_SB": 2599, "Blazing Volley": 236, "Cinderclasm": 466, "Crash Through": 560, "Death-Rattle Oni": 621, "Electrickery": 801, "Kessig Flamebreather": 1472, "Seismic Wave": 2354, "Stolen Vitality": 2592, "Burn Down the House_SB": 346, "Smoldering Egg_SB": 2486, "Swamp_SB": 2653, "Gnarlroot Trapper": 1122, "Jace, Vryn's Prodigy_SB": 1402, "Valley Floodcaller_SB": 2986, "Valorous Stance_SB": 2989, "Pillage the Bog_SB": 2015, "Aether Channeler": 24, "Foul Emissary": 1011, "Sublime Epiphany": 2617, "Unauthorized Exit": 2924, "Fiery Annihilation_SB": 960, "Arahbo, the First Fang": 92, "Felidar Cub": 945, "Feline Sovereign": 946, "Sacred Cat": 2273, "Savannah Lions": 2295, "Lion Sash_SB": 1604, "Reckless Stormseeker_SB": 2143, "Archfiend of Depravity": 105, "Archfiend of Depravity_SB": 106, "Fade from History_SB": 903, "Loot, Exuberant Explorer": 1617, "Notion Thief": 1853, "Quicken": 2083, "Banish into Fable": 179, "The Celestus": 2741, "Reluctant Role Model": 2169, "Furnace Punisher": 1039, "March of Swirling Mist": 1670, "Faceless Haven_SB": 902, "Invasive Surgery_SB": 1377, "The Scarab God_SB": 2766, "Pieces of the Puzzle": 2010, "Michiko's Reign of Truth": 1720, "Rite of Oblivion": 2222, "Anthem of Champions_SB": 84, "Shatterskull Smashing": 2393, "Tinybones, the Pickpocket": 2828, "Stormsplitter": 2602, "Thousand-Year Storm": 2802, "Cathartic Pyre_SB": 405, "Tamiyo, Collector of Tales_SB": 2681, "Fear of Abduction": 931, "Blue Sun's Twilight_SB": 268, "Overwhelming Remorse_SB": 1945, "Brotherhood's End": 335, "Return the Favor_SB": 2203, "Gloomshrieker": 1117, "Dennick, Pious Apprentice_SB": 658, "Agatha of the Vile Cauldron": 36, "Bard Class": 186, "Hajar, Loyal Bodyguard": 1205, "Migloz, Maze Crusher": 1723, "Ruby, Daring Tracker": 2257, "Samut, Vizier of Naktamun": 2281, "Targ Nar, Demon-Fang Gnoll": 2687, "Xenagos, the Reveler": 3145, "Dollmaker's Shop && Porcelain Gallery": 710, "Kami of Transience": 1434, "Surgical Suite && Hospital Room_SB": 2648, "Sire of Seven Deaths_SB": 2452, "Regal Bunnicorn": 2159, "Dissection Tools": 699, "Protect the Negotiators_SB": 2064, "Ashiok, Wicked Manipulator": 130, "Ajani, Strength of the Pride": 45, "Case of the Uneaten Feast": 388, "Trelasarra, Moon Dancer": 2880, "Floriferous Vinewall": 991, "Eldritch Evolution": 800, "Hauntwoods Shrieker": 1233, "Urborg Lhurgoyf": 2967, "Aether Channeler_SB": 25, "Zephyr Sentinel_SB": 3168, "Kambal, Consul of Allocation": 1432, "Tectonic Hazard_SB": 2694, "Stubborn Denial_SB": 2615, "Surrak Dragonclaw": 2649, "Frantic Scapegoat": 1024, "Callous Sell-Sword_SB": 367, "Ritual of Soot": 2225, "Inscription of Ruin": 1352, "Harmonious Archon": 1221, "Sandstorm Salvager": 2287, "Toby, Beastie Befriender": 2838, "Kayla's Reconstruction_SB": 1457, "Destroy Evil": 673, "Serra Paragon_SB": 2370, "Filter Out": 966, "Heartflame Duelist": 1244, "Inspiring Veteran": 1359, "Knight of Dusk's Shadow": 1491, "Knight of the Ebon Legion": 1495, "Tournament Grounds": 2861, "Venerable Knight": 3001, "Worthy Knight": 3137, "Knight of Dusk's Shadow_SB": 1492, "Breeding Pool_SB": 317, "Woodland Bellower": 3131, "Chance for Glory": 435, "Collector's Vault": 501, "Teferi, Who Slows the Sunset": 2699, "Bag of Holding_SB": 166, "Zirda, the Dawnwaker_SB": 3172, "Despise_SB": 670, "Lifebane Zombie_SB": 1579, "Sunspine Lynx": 2640, "Light Up the Stage_SB": 1582, "Weaver of Harmony": 3083, "Isolate_SB": 1389, "Cindervines": 467, "God-Pharaoh's Statue_SB": 1153, "Smuggler's Surprise_SB": 2490, "Wakeroot Elemental_SB": 3057, "The Flame of Keld": 2749, "Fetid Pools": 955, "Silvergill Adept": 2440, "Triton Shorestalker": 2885, "Dreadbore": 737, "Isareth the Awakener": 1386, "Nicol Bolas, the Ravager": 1821, "Omen of the Forge": 1893, "The Kami War": 2753, "Wakeroot Elemental": 3056, "Legion Extruder_SB": 1557, "This Town Ain't Big Enough": 2790, "Lost Legacy_SB": 1626, "The Mightstone and Weakstone_SB": 2758, "Remorseful Cleric": 2170, "Kogla and Yidaro_SB": 1502, "Nissa, Who Shakes the World": 1838, "Sylvan Awakening": 2660, "Nahiri's Warcrafting_SB": 1793, "Depala, Pilot Exemplar": 659, "Magda, Brazen Outlaw": 1650, "Magda, the Hoardmaster": 1651, "Roaming Throne": 2231, "Toolcraft Exemplar": 2847, "Veteran Motorist": 3005, "The Royal Scions": 2764, "Unauthorized Exit_SB": 2925, "Bilious Skulldweller": 215, "Chevill, Bane of Monsters": 457, "Fynn, the Fangbearer": 1043, "Ghost Vacuum": 1078, "Heroic Intervention": 1265, "Malakir Rebirth": 1658, "Wasteland Viper": 3075, "Infectious Bite_SB": 1338, "Akal Pakal, First Among Equals": 47, "Courser of Kruphix": 551, "Simic Manipulator": 2444, "Timestream Navigator": 2824, "Azure Beastbinder_SB": 162, "Mockingbird_SB": 1750, "Simic Manipulator_SB": 2445, "Trygon Predator_SB": 2892, "Vivien, Champion of the Wilds_SB": 3021, "Caretaker's Talent_SB": 376, "Fountainport_SB": 1020, "Rite of Oblivion_SB": 2223, "Kogla, the Titan Ape": 1503, "Vivien, Arkbow Ranger": 3020, "Cavalier of Thorns_SB": 414, "Ulvenwald Oddity_SB": 2920, "Crumbling Vestige": 574, "Kemba, Kha Enduring": 1466, "Kogla and Yidaro": 1501, "Trumpeting Carnosaur_SB": 2891, "Dusk // Dawn_SB": 768, "Last Breath_SB": 1541, "Thunderherd Migration": 2816, "Boros Elite": 291, "Guardian of New Benalia": 1196, "Mobilized District": 1747, "Precinct Captain": 2046, "Soldier of the Pantheon": 2501, "Spellbook Vendor": 2538, "Sungold Sentinel": 2631, "Banisher Priest_SB": 180, "Bounty Agent_SB": 303, "Rally the Ranks_SB": 2108, "Wicked Wolf_SB": 3099, "Overlord of the Mistmoors_SB": 1943, "Surge of Righteousness_SB": 2645, "Fear of Isolation": 934, "Tinybones Joins Up": 2826, "Built to Smash": 342, "Wayward Guide-Beast": 3078, "Voldaren Thrillseeker_SB": 3038, "Renegade Tactics": 2175, "Siphon Insight_SB": 2449, "Imodane's Recruiter_SB": 1325, "Glorious Protector_SB": 1118, "Into the Story": 1368, "Niambi, Esteemed Speaker_SB": 1818, "The Wandering Rescuer_SB": 2775, "Syr Ginger, the Meal Ender_SB": 2667, "Lavinia, Azorius Renegade_SB": 1546, "Demonic Counsel": 651, "Augur of Bolas": 146, "Essence Flux": 865, "Apostle of Purifying Light": 86, "Glass Casket": 1106, "Thran Power Suit": 2805, "Titania, Voice of Gaea_SB": 2835, "Treacherous Blessing_SB": 2876, "Umori, the Collector_SB": 2921, "Glass Casket_SB": 1107, "Grasp of Darkness_SB": 1173, "Necrotic Wound": 1809, "Souls of the Lost": 2523, "Necrotic Wound_SB": 1810, "Souls of the Lost_SB": 2524, "Kappa Tech-Wrecker": 1435, "Eldrazi Displacer_SB": 798, "Experimental Augury": 883, "Fleeting Spirit": 982, "Lore Drakkis": 1624, "Open the Omenpaths": 1903, "Vadrok, Apex of Thunder": 2976, "Crucible of Worlds": 568, "Destiny Spinner": 671, "Sin Collector_SB": 2447, "Cult Conscript": 585, "Cleansing Wildfire_SB": 482, "Vanish into Eternity_SB": 2993, "Mutavault_SB": 1786, "Mukotai Ambusher_SB": 1778, "Tribute to Horobi": 2883, "Hunter's Talent_SB": 1309, "Remorseful Cleric_SB": 2171, "Vengeful Possession": 3003, "Hidetsugu's Second Rite_SB": 1273, "Nurturing Pixie": 1865, "Malcolm, Alluring Scoundrel": 1659, "Preacher of the Schism_SB": 2045, "Pia Nalaar, Consul of Revival": 2006, "Showdown of the Skalds": 2419, "Bassara Tower Archer": 193, "Cloudsteel Kirin": 491, "Lizard Blades": 1608, "Searing Blood": 2336, "Bomat Courier_SB": 274, "Magma Spray_SB": 1655, "Stalactite Stalker": 2574, "Lamplight Phoenix_SB": 1536, "Thirst for Meaning": 2789, "Biting-Palm Ninja": 219, "Dokuchi Silencer": 708, "Silver-Fur Master": 2436, "Massacre Wurm_SB": 1686, "Pawpatch Recruit_SB": 1977, "Soul Transfer": 2516, "Omen of the Dead": 1891, "Sentinel of the Nameless City_SB": 2366, "Sharp-Eyed Rookie": 2391, "Ayara's Oathsworn": 155, "Council of the Absolute_SB": 548, "Spirit of the Labyrinth_SB": 2553, "Adventurous Impulse": 22, "Arcane Proxy": 99, "Chrome Host Seedshark": 463, "See the Truth": 2348, "Ambitious Farmhand": 61, "Cascading Cataracts": 381, "Helpful Hunter": 1256, "Thalia's Lancers": 2726, "Wilt-Leaf Liege_SB": 3107, "Barkhide Troll": 188, "Gather Courage": 1061, "Tribute to the World Tree": 2884, "Setessan Tactics_SB": 2374, "Thalia and The Gitrog Monster": 2725, "Cosmic Rebirth_SB": 547, "Dreadbore_SB": 738, "Cavalier of Dawn": 411, "Kotose, the Silent Spider": 1512, "Marina Vendrell": 1677, "Fanatic of Mogis": 916, "Solphim, Mayhem Dominus": 2505, "Oblivious Bookworm": 1876, "Cerulean Drake_SB": 429, "Lavabrink Venturer_SB": 1543, "Prosperous Thief_SB": 2063, "Recommission": 2148, "Augur of Autumn_SB": 145, "Shatterskull Smashing_SB": 2394, "Bladehold War-Whip": 230, "Nahiri, Forged in Fury": 1794, "Sword of Forge and Frontier": 2658, "Rebel Salvo_SB": 2136, "Bloodthirsty Conqueror": 258, "Dina, Soul Steeper": 687, "Dryad of the Ilysian Grove": 764, "Iridescent Vinelasher": 1384, "Jaddi Offshoot": 1406, "Mirrorpool": 1736, "Retreat to Hagra": 2201, "Bristly Bill, Spine Sower_SB": 331, "Undergrowth Champion_SB": 2934, "Silverback Elder": 2437, "Silverback Elder_SB": 2438, "Celestial Armor": 422, "Deputy of Detention_SB": 664, "Etali, Primal Conqueror": 868, "Floodpits Drowner_SB": 990, "Massacre Wurm": 1685, "Gifted Aetherborn_SB": 1094, "Perilous Snare": 1984, "Repurposing Bay_SB": 2180, "Mendicant Core, Guidelight": 1707, "Voyager Glidecar": 3046, "Patchwork Automaton": 1967, "Birgi, God of Storytelling": 216, "Crater's Claws": 562, "Zurgo Bellstriker_SB": 3181, "Hare Apparent": 1220, "Chaplain of Alms": 450, "Rune of Might": 2263, "Momentum Breaker_SB": 1756, "Liliana, Heretical Healer_SB": 1597, "Sab-Sunen, Luxa Embodied": 2272, "Greasewrench Goblin": 1179, "Moonshaker Cavalry_SB": 1766, "Zareth San, the Trickster": 3165, "Grim Bauble": 1184, "Momentum Breaker": 1755, "Oildeep Gearhulk_SB": 1885, "Count on Luck_SB": 549, "Monument to Endurance_SB": 1763, "Shacklegeist_SB": 2378, "Valor's Flagship": 2988, "Grim Bauble_SB": 1185, "Ossification_SB": 1917, "Coalstoke Gearhulk": 492, "Djeru's Renunciation": 707, "Marauding Mako": 1666, "Monument to Endurance": 1762, "Sunbillow Verge": 2624, "Ketramose, the New Dawn_SB": 1474, "Mastermind's Acquisition": 1688, "Behold the Multiverse_SB": 206, "Memory Guardian": 1705, "Azor, the Lawbringer": 157, "Brightglass Gearhulk": 321, "Dredger's Insight": 753, "Archfiend's Vessel": 109, "Merfolk Secretkeeper": 1710, "Dreadhorde Arcanist_SB": 740, "Mukotai Ambusher": 1777, "Bloodghast": 254, "Molt Tender": 1752, "Driven // Despair_SB": 755, "Ashiok, Wicked Manipulator_SB": 131, "Anim Pakal, Thousandth Moon": 75, "Basri, Tomorrow's Champion": 192, "Urza's Ruinous Blast_SB": 2971, "The Speed Demon": 2769, "Intimidation Tactics_SB": 1363, "Oildeep Gearhulk": 1884, "Optimistic Scavenger_SB": 1907, "Virtue of Strength": 3017, "Bonny Pall, Clearcutter_SB": 282, "Roxanne, Starfall Savant_SB": 2252, "Willowrush Verge": 3105, "Freestrider Lookout": 1028, "Ketramose, the New Dawn": 1473, "Scrabbling Claws": 2318, "Mosswood Dreadknight_SB": 1772, "Commune with Spirits": 516, "Goro-Goro, Disciple of Ryusei": 1163, "Radha, Heart of Keld": 2089, "Redshift, Rocketeer Chief": 2153, "Bleachbone Verge": 237, "Detention Chariot": 676, "Tune Up": 2893, "Kaya the Inexorable_SB": 1447, "Thundering Broodwagon": 2817, "Fearless Swashbuckler": 936, "Gastal Thrillroller": 1055, "Ashiok, Nightmare Weaver": 129, "Leyline Binding_SB": 1563, "Jace's Defeat_SB": 1398, "Hazoret, Godseeker": 1238, "Boommobile": 285, "Hedron Archive": 1249, "Paradox Engine": 1961, "Portal of Sanctuary": 2037, "Repurposing Bay": 2179, "Terrarion": 2719, "The Mightstone and Weakstone": 2757, "Thran Spider": 2806, "Workshop Assistant": 3133, "Liberator, Urza's Battlethopter_SB": 1574, "Noxious Gearhulk_SB": 1859, "Shrapnel Slinger_SB": 2423, "Norin, Swift Survivalist": 1850, "Mindlink Mech_SB": 1729, "Wastewood Verge": 3076, "Murderous Cut": 1781, "Anguished Unmaking_SB": 74, "Drownyard Temple": 762, "Quag Feast": 2075, "Avishkar Raceway": 152, "Fuel the Flames_SB": 1037, "Skycrash_SB": 2464, "Ashiok, Nightmare Muse_SB": 128, "Benthic Biomancer": 208, "Mindspring Merfolk": 1730, "Eaten Alive_SB": 779, "Biting-Palm Ninja_SB": 220, "Kazuul's Toll Collector": 1460, "Immersturm Raider": 1323, "The Speed Demon_SB": 2770, "Burnout Bashtronaut": 351, "Draconautics Engineer": 724, "Howlsquad Heavy": 1303, "Volley Veteran_SB": 3039, "Harrier Strix": 1223, "Hypnotic Grifter": 1313, "The Reality Chip": 2762, "Training Grounds": 2866, "Basilisk Collar_SB": 190, "Swiftfoot Boots_SB": 2657, "Overprotect_SB": 1944, "Stock Up": 2590, "Liliana, the Last Hope_SB": 1599, "Riverpyre Verge": 2228, "Concealing Curtains": 518, "Riptide Gearhulk_SB": 2219, "Blade Historian": 228, "Pyre of Heroes": 2069, "Night Clubber_SB": 1822, "Aegis Turtle_SB": 23, "Analyze the Pollen": 62, "Ride's End": 2210, "Cleansing Wildfire": 481, "Crumble to Dust": 573, "Encroaching Wastes": 834, "Gnottvold Slumbermound": 1124, "Haphazard Bombardment": 1216, "Jaya's Greeting": 1408, "Ravager Wurm": 2121, "Rowan, Scholar of Sparks": 2251, "Rubble Reading": 2255, "Sheltered Thicket": 2396, "Structural Distortion": 2613, "Sylvan Primordial": 2663, "Territory Forge": 2720, "Twin Bolt": 2898, "Herbology Instructor_SB": 1262, "Nissa's Defeat_SB": 1833, "Peak Eruption_SB": 1978, "Scrabbling Claws_SB": 2319, "Battle at the Bridge": 195, "Spire of Industry": 2551, "Battle at the Bridge_SB": 196, "Murderous Cut_SB": 1782, "Borrowed Hostility": 294, "Barbed Batterfist": 185, "Webstrike Elite": 3084, "Commit // Memory_SB": 514, "Yahenni's Expertise": 3146, "Demilich_SB": 647, "Progenitor Mimic": 2056, "Banefire": 175, "Steel Seraph": 2584, "Violent Urge_SB": 3012, "Boon of Boseiju": 286, "Esika's Chariot_SB": 862, "Fighter Class": 965, "Chainsaw_SB": 433, "Nettle Guard_SB": 1815, "Sword of Forge and Frontier_SB": 2659, "Champion of the Perished": 434, "Cryptbreaker": 578, "Dark Salvation": 599, "Dread Wanderer": 736, "Relentless Dead": 2167, "Wayward Servant": 3079, "Zahur, Glory's Past": 3164, "Commune with Dinosaurs": 515, "Marauding Raptor": 1667, "Rampaging Raptor": 2114, "Regal Imperiosaur": 2162, "Ripjaw Raptor": 2216, "Expedition Map_SB": 880, "Stock Up_SB": 2591, "Maximize Velocity": 1692, "Birgi, God of Storytelling_SB": 217, "Samut's Sprint": 2279, "Omen of the Dead_SB": 1892, "Lost Jitte": 1625, "Lazav, Wearer of Faces": 1548, "Medomai the Ageless": 1700, "Fires of Victory_SB": 975, "Riptide Gearhulk": 2218, "Carnage Tyrant": 377, "Gather Courage_SB": 1062, "Etali, Primal Conqueror_SB": 869, "Feather, the Redeemed": 937, "Feather, the Redeemed_SB": 938, "Dewdrop Cure": 681, "Healer's Hawk": 1240, "Linden, the Steadfast Queen": 1600, "Rogue's Passage": 2242, "Ruin-Lurker Bat": 2259, "Afterburner Expert": 33, "Satoru Umezawa": 2290, "Cry of the Carnarium": 575, "Kaya, Orzhov Usurper": 1453, "Calamity's Wake_SB": 361, "Tamiyo's Safekeeping": 2678, "Nissa, Ascended Animist_SB": 1835, "Keruga, the Macrosage": 1470, "Twinshot Sniper": 2900, "Twinshot Sniper_SB": 2901, "Anzrag, the Quake-Mole": 85, "Out of Air_SB": 1923, "Adorned Pouncer": 20, "Open the Armory": 1901, "Roadside Reliquary": 2230, "Spontaneous Mutation_SB": 2561, "Sunder the Gateway": 2626, "Knight of Grace": 1493, "Swan Song_SB": 2654, "Rocketeer Boostbuggy": 2237, "Bladestitched Skaab": 231, "Lazotep Reaver": 1550, "Enduring Tenacity_SB": 842, "Chandra, Spark Hunter_SB": 445, "Azor, the Lawbringer_SB": 158, "Phoenix Chick": 1993, "Mortify": 1768, "Fuel the Flames": 1036, "Gix's Command_SB": 1100, "Sorin the Mirthless_SB": 2510, "Graf Reaver_SB": 1166, "Kraul Whipcracker_SB": 1515, "Fear of Impostors": 932, "Riptide Chimera": 2217, "Dive Down_SB": 703, "Witchstalker_SB": 3118, "Soul-Scar Mage_SB": 2520, "Blood Spatter Analysis": 250, "Demonic Bargain": 650, "Osseous Sticktwister": 1915, "Korvold, Fae-Cursed King_SB": 1511, "Dive Down": 702, "Jace Reawakened_SB": 1397, "Blessed Defiance": 240, "Seasoned Hallowblade": 2342, "The Mycosynth Gardens": 2760, "Alrund's Epiphany": 57, "Loot, the Pathfinder": 1618, "Burning Earth_SB": 347, "Fugitive Codebreaker": 1038, "Tireless Tracker_SB": 2829, "Invasion of New Phyrexia_SB": 1376, "Tangled Florahedron": 2686, "Healer of the Glade_SB": 1239, "Tale's End_SB": 2675, "Gisa, the Hellraiser_SB": 1097, "Ride's End_SB": 2211, "Omen of the Sun_SB": 1896, "Enduring Courage": 837, "Beseech the Mirror_SB": 210, "Commence the Endgame_SB": 511, "Forbidden Friendship": 999, "Collective Effort_SB": 499, "Perilous Snare_SB": 1985, "Seeker of the Way_SB": 2352, "Redcap Melee": 2151, "Setessan Champion": 2372, "Trapped in the Screen": 2871, "Trapped in the Screen_SB": 2872, "Cryptolith Rite": 581, "Bottomless Pool && Locker Room": 299, "Bottomless Pool && Locker Room_SB": 300, "Knockout Blow": 1498, "Hidetsugu's Second Rite": 1272, "Eidolon of Blossoms_SB": 789, "Incubation Druid": 1333, "Kaya the Inexorable": 1446, "Mistrise Village": 1745, "Ral Zarek": 2103, "Tamiyo, Field Researcher": 2683, "Kunoros, Hound of Athreos_SB": 1528, "Qarsi Revenant": 2073, "Qarsi Revenant_SB": 2074, "Tersa Lightshatter": 2722, "Dragonfire Blade": 726, "Lavaspur Boots_SB": 1545, "Descendant of Storms": 665, "Cease // Desist": 420, "Cram Session": 559, "Insatiable Avarice": 1348, "The Biblioplex": 2738, "Valgavoth's Onslaught": 2980, "Containment Breach_SB": 532, "Environmental Sciences_SB": 850, "Introduction to Annihilation_SB": 1371, "Mascot Exhibition_SB": 1680, "Pest Summoning_SB": 1990, "Elspeth, Storm Slayer": 814, "United Battlefront": 2943, "Voice of Victory": 3027, "Sunder the Gateway_SB": 2627, "Voice of Victory_SB": 3028, "Mox Jasper": 1776, "Mistrise Village_SB": 1746, "Caustic Exhale": 409, "Dispelling Exhale": 697, "Foul-Tongue Invocation": 1013, "Marang River Regent": 1665, "Scavenger Regent": 2306, "Silumgar's Scorn": 2433, "Caustic Exhale_SB": 410, "Strategic Betrayal_SB": 2608, "Cori-Steel Cutter": 541, "Wild Ride": 3100, "Cori-Steel Cutter_SB": 542, "Desperate Measures": 669, "Katilda, Dawnhart Prime": 1445, "Songcrafter Mage": 2507, "Militia Bugler_SB": 1724, "Sunpearl Kirin": 2635, "Rot-Curse Rakshasa": 2247, "History of Benalia": 1280, "Strategic Betrayal": 2607, "Treasure Map": 2878, "Archangel Elspeth": 101, "Painter's Studio && Defaced Gallery": 1954, "This Town Ain't Big Enough_SB": 2791, "Cori Mountain Monastery": 540, "Gurmag Angler": 1198, "Jaya, Fiery Negotiator": 1409, "Stormscale Scion": 2600, "Stormscale Scion_SB": 2601, "Of One Mind": 1883, "Banishing Slash": 183, "United Battlefront_SB": 2944, "Warden of the Grove": 3065, "Surrak, Elusive Hunter_SB": 2650, "Ghostly Pilferer": 1081, "Icon of Ancestry": 1314, "Fire Prophecy": 970, "White Sun's Twilight_SB": 3098, "Paradoxical Outcome_SB": 1962, "Masked Vandal": 1681, "Fanatical Firebrand_SB": 919, "Scavenger's Talent_SB": 2308, "Liliana, Death's Majesty": 1595, "Runed Halo": 2264, "Decadent Dragon_SB": 630, "Shiko, Paragon of the Way": 2407, "Undead Sprinter_SB": 2930, "Boros Reckoner": 293, "Mantis Rider": 1664, "Mardu Siegebreaker": 1674, "Craterhoof Behemoth": 563, "Phyrexian Obliterator": 2002, "Decisive Denial": 632, "Ebondeath, Dracolich": 780, "Ertai's Scorn": 858, "Rakshasa's Bargain": 2102, "Unwind": 2961, "Awaken the Honored Dead_SB": 153, "Carnage Tyrant_SB": 378, "Gaze of Granite_SB": 1064, "Lutri, the Spellchaser_SB": 1642, "Specter's Shriek_SB": 2530, "Elspeth, Storm Slayer_SB": 815, "Jeskai Revelation": 1412}}