{"vocabulary": {"Ancestral Anger": 79, "Battlefield Forge": 239, "Clever Lumimancer": 555, "Crumb and Get It": 652, "Eiganjo, Seat of the Empire": 916, "Favored Hoplite": 1074, "Gods Willing": 1332, "Homestead Courage": 1484, "Illuminator Virtuoso": 1529, "Inspiring Vantage": 1569, "Leyline of Resonance": 1810, "Monastery Swiftspear": 2027, "Monstrous Rage": 2029, "Mountain": 2045, "Needleverge Pathway": 2093, "Plains": 2318, "Sacred Foundry": 2600, "Slickshot Show-Off": 2825, "Spikefield Hazard": 2898, "Turn Inside Out": 3280, "Dreadmaw's Ire_SB": 863, "Light of Hope_SB": 1828, "Loran's Escape_SB": 1874, "Portable Hole_SB": 2336, "Rending Volley_SB": 2492, "Rest in Peace_SB": 2508, "Archfiend of the Dross": 133, "Bitter Triumph": 269, "Blackcleave Cliffs": 271, "Blightstep Pathway": 291, "Blood Crypt": 299, "Bloodtithe Harvester": 312, "Bonecrusher Giant": 334, "Castle Locthwain": 460, "Den of the Bugbear": 751, "Duress": 886, "Fable of the Mirror-Breaker": 1043, "Fatal Push": 1069, "Go for the Throat": 1301, "Haunted Ridge": 1420, "Hive of the Eye Tyrant": 1477, "Kolaghan's Command": 1737, "Kroxa, Titan of Death's Hunger": 1757, "Reckoner Bankbuster": 2461, "Sokenzan, Crucible of Defiance": 2847, "Swamp": 3017, "Takenuma, Abandoned Mire": 3039, "Thoughtseize": 3176, "Torch the Tower": 3233, "Unstoppable Slasher": 3346, "Damping Sphere_SB": 683, "Duress_SB": 887, "Extinction Event_SB": 1035, "Go Blank_SB": 1299, "Hidetsugu Consumes All_SB": 1467, "Hostile Investigator_SB": 1502, "Legion's End_SB": 1800, "The Meathook Massacre_SB": 3132, "Torch the Tower_SB": 3234, "Unlicensed Hearse_SB": 3340, "Deduce": 725, "Deserted Beach": 762, "Field of Ruin": 1103, "Fountainport": 1172, "Get Lost": 1229, "Hallowed Fountain": 1389, "Hengegate Pathway": 1450, "High Noon": 1470, "Island": 1602, "March of Otherworldly Light": 1929, "Memory Deluge": 1966, "Narset, Parter of Veils": 2082, "No More Lies": 2131, "Otawara, Soaring City": 2209, "Restless Anchorage": 2509, "Sunken Citadel": 2996, "Supreme Verdict": 3006, "Teferi, Hero of Dominaria": 3063, "Temporary Lockdown": 3080, "The Wandering Emperor": 3150, "Three Steps Ahead": 3186, "Aether Gust_SB": 32, "Beza, the Bounding Spring_SB": 258, "Dovin's Veto_SB": 830, "High Noon_SB": 1471, "Knockout Blow_SB": 1731, "Mystical Dispute_SB": 2069, "Shark Typhoon_SB": 2727, "Atraxa, Grand Unifier": 173, "Beza, the Bounding Spring": 257, "Boseiju, Who Endures": 354, "Chained to the Rocks": 494, "Enigmatic Incarnation": 980, "Floodfarm Verge": 1142, "Glasspool Mimic": 1277, "Heliod, the Radiant Dawn": 1445, "Hinterland Harbor": 1474, "Hushwood Verge": 1515, "Indatha Triome": 1542, "Jetmir's Garden": 1634, "Ketria Triome": 1705, "Leyline Binding": 1804, "Linvala, the Preserver": 1851, "Marina Vendrell": 1937, "Moon-Blessed Cleric": 2032, "Nylea's Presence": 2154, "Overlord of the Boilerbilges": 2230, "Overlord of the Hauntwoods": 2234, "Portable Hole": 2335, "Skyclave Apparition": 2807, "Spara's Headquarters": 2874, "Steam Vents": 2938, "Stomping Ground": 2953, "Titan of Industry": 3211, "Up the Beanstalk": 3356, "Archon of Emeria_SB": 138, "Chandra, Awakened Inferno_SB": 505, "Elesh Norn, Mother of Machines_SB": 935, "Knight of Autumn_SB": 1721, "Reckoner Bankbuster_SB": 2462, "Yorion, Sky Nomad_SB": 3581, "Bloodletter of Aclazotz": 307, "March of Wretched Sorrow": 1933, "Mutavault": 2060, "Sheoldred's Edict": 2737, "Unholy Annex && Ritual Chamber": 3331, "Urborg, Tomb of Yawgmoth": 3362, "Ashiok, Dream Render_SB": 155, "Invoke Despair_SB": 1596, "Kalitas, Traitor of Ghet_SB": 1655, "Path of Peril_SB": 2264, "Sheoldred, the Apocalypse_SB": 2740, "Atarka's Command": 171, "Blossoming Defense": 317, "Copperline Gorge": 620, "Cragcrown Pathway": 637, "Karplusan Forest": 1668, "Kumano Faces Kakkazan": 1759, "Play with Fire": 2320, "Questing Druid": 2385, "Ramunap Ruins": 2426, "Snakeskin Veil": 2838, "Soul-Scar Mage": 2867, "Wizard's Lightning": 3547, "Chandra's Defeat_SB": 501, "Cindervines_SB": 537, "Destructive Revelry_SB": 770, "Jegantha, the Wellspring_SB": 1632, "Magebane Lizard_SB": 1910, "Screaming Nemesis_SB": 2654, "Snakeskin Veil_SB": 2839, "Temur Battle Rage_SB": 3083, "Blazemire Verge": 282, "Elesh Norn, Mother of Machines": 934, "Forest": 1159, "Knight of Autumn": 1720, "Nowhere to Run": 2142, "Overgrown Tomb": 2226, "Raugrin Triome": 2432, "Roaring Furnace && Steaming Sauna": 2551, "Zagoth Triome": 3592, "Get Lost_SB": 1230, "Linvala, the Preserver_SB": 1852, "Nimble Larcenist_SB": 2115, "Ruric Thar, the Unbowed_SB": 2593, "Thought Distortion_SB": 3172, "Thoughtseize_SB": 3177, "Sunfall": 2993, "Kaheera, the Orphanguard_SB": 1647, "Adeline, Resplendent Cathar": 22, "Brutal Cathar": 396, "Castle Ardenvale": 456, "Cavern of Souls": 481, "Coppercoat Vanguard": 619, "Dauntless Bodyguard": 690, "Declaration in Stone": 723, "Extraction Specialist": 1038, "Hopeful Initiate": 1491, "Imposing Sovereign": 1537, "Kytheon, Hero of Akros": 1769, "Recruitment Officer": 2467, "Thalia, Guardian of Thraben": 3101, "Thalia's Lieutenant": 3100, "Brutal Cathar_SB": 397, "Declaration in Stone_SB": 724, "Extraction Specialist_SB": 1039, "Wedding Announcement_SB": 3501, "Dovin's Veto": 829, "Farewell": 1066, "Hall of Storm Giants": 1388, "Shark Typhoon": 2726, "Brimaz, King of Oreskos_SB": 380, "Hullbreaker Horror_SB": 1511, "Leyline of Sanctity_SB": 1813, "Narset's Reversal_SB": 2080, "Summary Dismissal_SB": 2988, "Blooming Marsh": 316, "Cauldron Familiar": 472, "Claim the Firstborn": 546, "Darkbore Pathway": 687, "Deadly Dispute": 708, "Mayhem Devil": 1955, "Scavenger's Talent": 2636, "Sulfurous Springs": 2985, "Witch's Oven": 3535, "Ygra, Eater of All": 3578, "Haywire Mite_SB": 1424, "Leyline of the Void_SB": 1816, "Ob Nixilis, the Adversary_SB": 2160, "Castle Vantress": 462, "Change the Equation": 513, "Omen of the Sea": 2181, "Settle the Wreckage": 2708, "Chrome Host Seedshark_SB": 533, "Arclight Phoenix": 142, "Brazen Borrower": 368, "Consider": 606, "Fiery Impulse": 1108, "Ledger Shredder": 1790, "Lightning Axe": 1831, "Opt": 2195, "Picklock Prankster": 2305, "Proft's Eidetic Memory": 2359, "Riverglide Pathway": 2546, "Sleight of Hand": 2822, "Spell Pierce": 2883, "Spirebluff Canal": 2904, "Stormcarved Coast": 2960, "Treasure Cruise": 3262, "Crackling Drake_SB": 635, "Fable of the Mirror-Breaker_SB": 1044, "Fiery Impulse_SB": 1109, "Negate_SB": 2095, "Pithing Needle_SB": 2316, "Prismari Command_SB": 2353, "Redcap Melee_SB": 2471, "Thornspire Verge": 3169, "Undead Sprinter": 3321, "Abrupt Decay_SB": 7, "Molten Collapse_SB": 2022, "Adarkar Wastes": 21, "Enduring Curiosity": 972, "Geistlight Snare": 1223, "Katilda, Dawnhart Martyr": 1670, "Mausoleum Wanderer": 1952, "Rattlechains": 2430, "Seachrome Coast": 2660, "Shacklegeist": 2710, "Sheltered by Ghosts": 2735, "Spectral Sailor": 2881, "Spell Queller": 2885, "Supreme Phantom": 3005, "Enduring Innocence_SB": 975, "Ghost Vacuum_SB": 1240, "Katilda, Dawnhart Martyr_SB": 1671, "Skyclave Apparition_SB": 2808, "Three Steps Ahead_SB": 3187, "Tishana's Tidebinder_SB": 3210, "Unlucky Witness": 3342, "Bitter Triumph_SB": 270, "Cavern of Souls_SB": 482, "Pawpatch Formation_SB": 2270, "Curious Obsession": 673, "Invasion of Gobakhan": 1586, "Lofty Denial": 1864, "Slip Out the Back": 2827, "Disdainful Stroke_SB": 795, "Invasion of Gobakhan_SB": 1587, "Ascendant Spirit": 150, "Cryptic Coat": 661, "Faceless Haven": 1047, "Snow-Covered Island": 2842, "Cryptic Coat_SB": 662, "Faceless Haven_SB": 1048, "Lofty Denial_SB": 1865, "Stern Dismissal_SB": 2944, "Unable to Scream_SB": 3314, "Callous Sell-Sword": 429, "Claim // Fame": 544, "Emberheart Challenger": 958, "Heartfire Hero": 1435, "Manifold Mouse": 1924, "Reckless Rage": 2457, "Titan's Strength": 3213, "Claim // Fame_SB": 545, "Fatal Push_SB": 1070, "Feed the Swarm_SB": 1090, "Urabrask's Forge_SB": 3359, "Beanstalk Giant": 242, "Bedeck // Bedazzle": 245, "Clever Impersonator": 554, "Fabled Passage": 1045, "Greater Tanuki": 1358, "Quintorius Kand": 2391, "Raffine's Tower": 2401, "Spark Double": 2875, "Spinewoods Armadillo": 2900, "Trumpeting Carnosaur": 3276, "Cease // Desist_SB": 484, "Dragonlord Dromoka_SB": 843, "Keruga, the Macrosage_SB": 1701, "Mirrorshell Crab_SB": 2004, "Roaring Furnace && Steaming Sauna_SB": 2552, "Virtue of Persistence_SB": 3420, "Jwari Disruption": 1644, "Farewell_SB": 1067, "Caretaker's Talent": 439, "Carrot Cake": 443, "Destroy Evil": 768, "Enduring Innocence": 974, "Nykthos, Shrine to Nyx": 2152, "Westvale Abbey": 3508, "Heliod's Intervention_SB": 1443, "Split Up_SB": 2911, "Hazoret the Fervent_SB": 1426, "Discontinuity": 792, "Dream Trawler": 866, "Impulse": 1540, "Lotus Field": 1882, "Meticulous Archive": 1981, "Strict Proctor": 2973, "Tale's End": 3041, "Thespian's Stage": 3156, "Elspeth, Sun's Nemesis_SB": 946, "Narset, Parter of Veils_SB": 2083, "Regal Caracal_SB": 2480, "Temporary Lockdown_SB": 3081, "Ancient Cornucopia": 81, "Breeding Pool": 373, "Bring to Light": 383, "Deafening Clarion": 709, "Godless Shrine": 1331, "Lightning Helix": 1833, "Mana Confluence": 1919, "Molten Collapse": 2021, "Niv-Mizzet Reborn": 2125, "Niv-Mizzet, Supreme": 2128, "Omnath, Locus of Creation": 2184, "Pillage the Bog": 2312, "Savai Triome": 2622, "Sunpetal Grove": 2999, "Sylvan Caryatid": 3027, "Temple Garden": 3068, "Unmoored Ego": 3343, "Valki, God of Lies": 3379, "Vanishing Verse": 3390, "Watery Grave": 3492, "Ziatora's Proving Ground": 3600, "Kambal, Consul of Allocation_SB": 1657, "Krenko's Buzzcrusher_SB": 1751, "Pest Control_SB": 2284, "Soul Search_SB": 2863, "Brave the Elements": 366, "Reidane, God of the Worthy_SB": 2484, "Requisition Raid_SB": 2502, "Cavalier of Thorns": 477, "Elvish Mystic": 951, "Invasion of Ixalan": 1588, "Kiora, Behemoth Beckoner": 1710, "Lair of the Hydra": 1770, "Leyline of the Guildpact": 1814, "Llanowar Elves": 1860, "Old-Growth Troll": 2175, "Outcaster Trailblazer": 2216, "Polukranos Reborn": 2327, "Storm the Festival": 2958, "Ulvenwald Oddity": 3310, "Arasta of the Endless Web_SB": 117, "Cityscape Leveler_SB": 542, "Emrakul, the Promised End_SB": 965, "Nylea's Intervention_SB": 2153, "Obstinate Baloth_SB": 2166, "Pick Your Poison_SB": 2304, "Setessan Petitioner_SB": 2706, "The Stone Brain_SB": 3148, "Ulamog, the Ceaseless Hunger_SB": 3306, "Bitter Reunion": 268, "Indomitable Creativity": 1543, "Overlord of the Mistmoors": 2235, "Sundown Pass": 2992, "Skrelv's Hive_SB": 2801, "Sunfall_SB": 2994, "Crumb and Get It_SB": 653, "Sheltered by Ghosts_SB": 2736, "Altanak, the Thrice-Called": 72, "Concealed Courtyard": 595, "Esika's Chariot": 1003, "Greasefang, Okiba Boss": 1356, "Grisly Salvage": 1365, "Overlord of the Balemurk": 2228, "Parhelion II": 2257, "Raffine's Informant": 2400, "Razorverge Thicket": 2441, "Say Its Name": 2629, "Sheoldred, the Apocalypse": 2739, "Skysovereign, Consul Flagship": 2814, "Deafening Silence_SB": 711, "Kutzil's Flanker_SB": 1765, "Kari Zev, Skyship Raider": 1665, "Screaming Nemesis": 2653, "Case of the Crimson Pulse_SB": 447, "Pyroclasm_SB": 2379, "Reckless Rage_SB": 2458, "Censor": 492, "Soul Partition": 2861, "Change the Equation_SB": 514, "Test of Talents_SB": 3095, "Into the Flood Maw": 1577, "Abrade_SB": 4, "Brazen Borrower_SB": 369, "Brotherhood's End_SB": 393, "Ratchet Bomb_SB": 2429, "Saheeli, Sublime Artificer_SB": 2602, "The Filigree Sylex_SB": 3123, "Young Pyromancer_SB": 3587, "Aloe Alchemist": 64, "Burning-Tree Emissary": 410, "Cunning Coyote": 668, "Reckless Bushwhacker": 2453, "Blast Zone": 280, "Cling to Dust": 558, "Deadly Cover-Up": 706, "Demolition Field": 742, "Heartless Act": 1437, "Invoke Despair": 1595, "Mirrex": 1999, "The Celestus": 3114, "The End": 3118, "The Meathook Massacre": 3131, "Aclazotz, Deepest Betrayal_SB": 17, "Liliana of the Veil_SB": 1840, "March of Wretched Sorrow_SB": 1934, "Flip the Switch": 1141, "Ill-Timed Explosion": 1526, "Lazotep Plating": 1787, "Prismari Command": 2352, "Restless Spire": 2516, "Shivan Reef": 2749, "The Akroan War": 3108, "Transmogrify": 3257, "Unauthorized Exit": 3315, "Volcanic Spite": 3438, "Alpine Moon_SB": 68, "Lithomantic Barrage_SB": 1856, "Archdruid's Charm": 129, "Bala Ged Recovery": 205, "Dark Petition": 685, "Emergent Ultimatum": 960, "Fae of Wishes": 1052, "Hidden Strings": 1464, "Lier, Disciple of the Drowned": 1818, "Lush Portico": 1895, "Omniscience": 2187, "Pore Over the Pages": 2332, "Sylvan Scrying": 3031, "Vizier of Tumbling Sands": 3429, "Approach of the Second Sun_SB": 109, "Emergent Ultimatum_SB": 961, "Grand Abolisher_SB": 1347, "Nine Lives_SB": 2118, "Silence_SB": 2772, "Solemnity_SB": 2852, "Sphinx of the Final Word_SB": 2892, "Misery's Shadow_SB": 2008, "Acererak the Archlich": 15, "Botanical Sanctum": 357, "Collected Company": 566, "Gwenna, Eyes of Gaea": 1382, "Honest Rutstein": 1485, "Kinnan, Bonder Prodigy": 1708, "Plaza of Heroes": 2323, "Relic of Legends": 2487, "Rona, Herald of Invasion": 2564, "Tranquil Frillback": 3254, "Assassin's Trophy_SB": 165, "Back to Nature_SB": 201, "Tranquil Frillback_SB": 3255, "Yasharn, Implacable Earth_SB": 3574, "Bishop of Wings": 264, "Branchloft Pathway": 363, "Brushland": 395, "Giada, Font of Hope": 1243, "Inspiring Overseer": 1568, "Kayla's Reconstruction": 1683, "Resplendent Angel": 2505, "Righteous Valkyrie": 2532, "Anointed Peacekeeper_SB": 103, "Containment Priest": 614, "Elite Spellbinder_SB": 938, "Agatha's Soul Cauldron": 45, "Fear of Missing Out": 1080, "Marvin, Murderous Mimic": 1940, "Raucous Theater": 2431, "Tree of Perdition": 3264, "Voldaren Thrillseeker": 3441, "Ayara, Widow of the Realm_SB": 193, "Grafdigger's Cage_SB": 1345, "Graveyard Trespasser": 1353, "Peer into the Abyss": 2275, "Elspeth Conquers Death_SB": 939, "Lightning Helix_SB": 1834, "Liliana of the Veil": 1839, "Infuriate": 1551, "Extract the Truth_SB": 1037, "Sheoldred's Edict_SB": 2738, "Cacophony Scamp": 421, "Dreadhorde Arcanist": 858, "Loran's Escape": 1873, "Blessed Defiance_SB": 289, "Isolate_SB": 1604, "The End_SB": 3119, "Ghitu Lavarunner": 1237, "Light Up the Stage": 1825, "Depopulate_SB": 757, "Nahiri, the Harbinger_SB": 2074, "Tocasia's Welcome_SB": 3220, "Anointed Peacekeeper": 102, "Archon of Emeria": 137, "Aven Interrupter": 185, "Cave of the Frost Dragon": 479, "Elite Spellbinder": 937, "Keen-Eyed Curator": 1688, "Kellan, Daring Traveler": 1690, "Tyvar, the Pummeler": 3301, "Elspeth Resplendent_SB": 941, "Kraul Harpooner_SB": 1748, "Outland Liberator_SB": 2218, "Werefox Bodyguard_SB": 3506, "Bonny Pall, Clearcutter": 337, "Angel of Serenity_SB": 86, "Balustrade Wurm": 211, "Invasion of Ergamon": 1585, "Omnivorous Flytrap": 2188, "Patchwork Beastie": 2262, "Pawpatch Recruit": 2271, "Wildfire Wickerfolk": 3520, "Wrenn and Realmbreaker": 3563, "Domri Rade_SB": 817, "Klothys, God of Destiny_SB": 1719, "Rampaging Ferocidon_SB": 2424, "Felonious Rage": 1096, "Magma Opus": 1911, "Make Disappear": 1913, "Pyroclasm": 2378, "Stern Lesson": 2945, "Sublime Epiphany": 2980, "Thundering Falls": 3197, "Torrential Gearhulk": 3240, "Anger of the Gods_SB": 89, "Atraxa, Grand Unifier_SB": 174, "Audacity": 178, "End the Festivities_SB": 968, "Kari Zev's Expertise_SB": 1664, "Wedding Announcement": 3500, "Elegant Parlor": 931, "Nahiri, the Harbinger": 2073, "Wear // Tear_SB": 3495, "Ral, Crackling Wit_SB": 2414, "All That Glitters": 62, "Alpha Authority": 66, "Cartouche of Solidarity": 444, "Ethereal Armor": 1012, "Gladecover Scout": 1270, "Gryff's Boon": 1374, "Light-Paws, Emperor's Voice": 1829, "Optimistic Scavenger": 2196, "Sentinel's Eyes": 2698, "Shardmage's Rescue": 2723, "Toadstool Admirer": 3217, "Warbriar Blessing": 3472, "Sram, Senior Edificer_SB": 2924, "Witchstalker Frenzy_SB": 3538, "Case of the Stashed Skeleton": 451, "Extinction Event": 1034, "Ob Nixilis, the Adversary": 2159, "Rakdos Joins Up": 2408, "Claim the Firstborn_SB": 547, "Canyon Slough": 436, "The Cruelty of Gix": 3115, "Valgavoth, Terror Eater": 3376, "Hidetsugu Consumes All": 1466, "Urabrask's Forge": 3358, "Cache Grab": 419, "Collective Brutality": 568, "Traverse the Ulvenwald": 3259, "Witherbloom Command": 3540, "Skysovereign, Consul Flagship_SB": 2815, "Kolaghan's Command_SB": 1738, "Noxious Grasp_SB": 2146, "Assemble the Players_SB": 168, "Path to the World Tree": 2265, "Rootbound Crag": 2565, "Containment Priest_SB": 615, "Enduring Curiosity_SB": 973, "Remorseful Cleric_SB": 2490, "Arboreal Grazer": 118, "Hedge Maze": 1439, "Nine Lives": 2117, "Temple of Mystery": 3074, "Into the Flood Maw_SB": 1578, "Voyaging Satyr_SB": 3453, "Abhorrent Oculus": 1, "Can't Stay Away": 433, "Clearwater Pathway": 552, "Darkslick Shores": 688, "Faithful Mending": 1058, "Otherworldly Gaze": 2212, "Souls of the Lost": 2871, "Stitcher's Supplier": 2947, "Tainted Indulgence": 3037, "Stubborn Denial_SB": 2978, "Void Rend_SB": 3435, "Scorching Shot_SB": 2642, "Shapers' Sanctuary_SB": 2722, "Krenko's Buzzcrusher": 1750, "Boon-Bringer Valkyrie_SB": 345, "Sire of Insanity_SB": 2793, "Withering Torment_SB": 3543, "Deafening Clarion_SB": 710, "Destiny Spinner_SB": 767, "Hallowed Moonlight_SB": 1391, "Anoint with Affliction_SB": 101, "Consuming Fervor": 612, "Demonic Ruckus": 748, "Hammerhand": 1393, "Storm Herald": 2956, "Storm Herald_SB": 2957, "Novice Inspector": 2141, "Thraben Inspector": 3181, "Destroy Evil_SB": 769, "Third Path Iconoclast_SB": 3165, "Drown in the Loch": 879, "Faerie Mastermind": 1055, "Kaito Shizuki": 1648, "Kaito, Bane of Nightmares": 1650, "Nighthawk Scavenger": 2109, "Restless Reef": 2514, "Soaring Thought-Thief": 2846, "Thieves' Guild Enforcer": 3159, "Underground River": 3324, "Graveyard Trespasser_SB": 1354, "Kaito Shizuki_SB": 1649, "Heartless Act_SB": 1438, "Darksteel Citadel": 689, "Ensoul Artifact": 981, "Inti, Seneschal of the Sun": 1574, "Legion Extruder": 1794, "Shadowspear": 2713, "Shrapnel Blast": 2760, "Smuggler's Copter": 2835, "Spyglass Siren": 2919, "Voldaren Epicure": 3440, "Zoetic Glyph": 3602, "Voltage Surge_SB": 3445, "Unlicensed Hearse": 3339, "Mutavault_SB": 2061, "Chandra, Hope's Beacon": 508, "Hope Tender_SB": 1489, "Rite of the Moth": 2543, "Shattered Sanctum": 2730, "Valgavoth's Faithful": 3373, "Cling to Dust_SB": 559, "March of Otherworldly Light_SB": 1930, "Thing in the Ice_SB": 3162, "Entity Tracker": 985, "Fires of Invention": 1124, "Kenrith, the Returned King": 1698, "Overlord of the Mistmoors_SB": 2236, "Supreme Verdict_SB": 3007, "Liliana, Death's Majesty": 1841, "Growth Spiral": 1367, "Manaform Hellkite_SB": 1921, "Ritual of Soot_SB": 2545, "Bandit's Talent": 214, "Geier Reach Sanitarium": 1222, "Go Blank": 1298, "Kalitas, Traitor of Ghet": 1654, "Languish": 1773, "Waste Not": 3485, "Bandit's Talent_SB": 215, "Go for the Throat_SB": 1302, "Demonic Counsel": 745, "Dig Through Time": 786, "Doomsday Excruciator": 823, "Drowned Catacomb": 880, "Gloomlake Verge": 1288, "Ipnu Rivulet": 1597, "Jace, Wielder of Mysteries": 1621, "Thassa's Oracle": 3105, "Undercity Sewers": 3322, "Split Up": 2910, "Boseiju, Who Endures_SB": 355, "Untimely Malfunction_SB": 3352, "Hallowed Moonlight": 1390, "Settle the Wreckage_SB": 2709, "Spell Pierce_SB": 2884, "Hired Claw": 1475, "Might of the Meek": 1986, "Ojer Axonil, Deepest Might": 2172, "Razorkin Needlehead": 2437, "Bonecrusher Giant_SB": 335, "Cut Down": 678, "Unholy Annex // Ritual Chamber": 3333, "Hostile Hostel": 1500, "Scrapshooter": 2649, "Elder Gargaroth_SB": 923, "Keen-Eyed Curator_SB": 1689, "Scrapshooter_SB": 2650, "Dragonlord Dromoka": 842, "Defiant Strike": 733, "Gods Willing_SB": 1333, "Vanishing Verse_SB": 3391, "Valgavoth, Terror Eater_SB": 3377, "Behold the Beyond": 249, "Portent Tracker_SB": 2341, "Thespian's Stage_SB": 3157, "Zacama, Primal Calamity_SB": 3590, "Yavimaya Coast": 3575, "Dreadmaw's Ire": 862, "Rockface Village": 2557, "Deep-Cavern Bat_SB": 727, "Rockface Village_SB": 2558, "Abrupt Decay": 6, "Elder Gargaroth": 922, "Pest Control": 2283, "Slaughter Games": 2816, "Xander's Lounge": 3567, "Awaken the Erstwhile_SB": 189, "Kutzil, Malamet Exemplar_SB": 1767, "Notion Thief_SB": 2140, "Nowhere to Run_SB": 2143, "Ravnica at War_SB": 2434, "Cityscape Leveler": 541, "Oath of Nissa": 2157, "Tail Swipe_SB": 3036, "Cruelclaw's Heist_SB": 651, "Escape Velocity": 1000, "Sram, Senior Edificer": 2923, "Abzan Advantage_SB": 11, "Cathar Commando_SB": 468, "Fog_SB": 1151, "Baleful Mastery": 207, "Ghostly Dancers": 1241, "Tolsimir, Friend to Wolves": 3223, "Touch the Spirit Realm": 3243, "Baleful Mastery_SB": 208, "Emeria's Call": 962, "Metropolis Reformer": 1982, "Agatha of the Vile Cauldron": 44, "Anzrag, the Quake-Mole": 105, "Bard Class": 228, "Birgi, God of Storytelling": 262, "Commercial District": 589, "Commune with Spirits": 593, "Domri, Anarch of Bolas": 819, "Gallia of the Endless Dance": 1202, "Hajar, Loyal Bodyguard": 1386, "Halana and Alena, Partners": 1387, "Itzquinth, Firstborn of Gishath": 1606, "Klothys, God of Destiny": 1718, "Migloz, Maze Crusher": 1987, "Mox Amber": 2048, "Muerra, Trash Tactician": 2051, "Ruby, Daring Tracker": 2580, "Samut, Vizier of Naktamun": 2607, "Targ Nar, Demon-Fang Gnoll": 3053, "Xenagos, the Reveler": 3570, "Heroic Intervention_SB": 1458, "Hugs, Grisly Guardian_SB": 1507, "Lukka, Bound to Ruin_SB": 1887, "Tamiyo's Safekeeping_SB": 3047, "Balmor, Battlemage Captain": 210, "Roaring Furnace // Steaming Sauna": 2553, "Zur, Eternal Schemer": 3607, "Pharika's Libation_SB": 2287, "Kutzil's Flanker": 1764, "Glacial Fortress": 1269, "Overlord of the Floodpits": 2232, "Ruric Thar, the Unbowed": 2592, "Koma, Cosmos Serpent_SB": 1740, "Hullbreaker Horror": 1510, "Big Score": 259, "Dwarven Mine": 895, "Virtue of Loyalty": 3417, "Chandra, Acolyte of Flame_SB": 503, "Questing Beast_SB": 2384, "Murderous Rider": 2058, "Sinister Sabotage": 2790, "Test of Talents": 3094, "Cry of the Carnarium_SB": 658, "Essence Scatter_SB": 1009, "Languish_SB": 1774, "Dreamroot Cascade": 869, "Izzet Charm": 1612, "Stern Dismissal": 2943, "Thing in the Ice": 3161, "Soul-Guide Lantern_SB": 2866, "Duelist of the Mind": 885, "Evangel of Synthesis": 1013, "Aqueous Form": 110, "Saiba Cryptomancer": 2603, "Staggering Insight": 2926, "Light-Paws, Emperor's Voice_SB": 1830, "Slip Out the Back_SB": 2828, "Eiganjo Uprising": 915, "Kumano Faces Kakkazan_SB": 1760, "Blacksmith's Talent": 274, "Colossus Hammer": 580, "Gideon Blackblade": 1250, "Kellan, the Fae-Blooded": 1694, "Kemba, Kha Enduring": 1696, "Rabbit Battery": 2394, "Sigarda's Aid": 2767, "Boros Charm_SB": 349, "Surge of Salvation_SB": 3011, "Vanquish the Horde_SB": 3393, "Ashiok, Dream Render": 154, "Valakut Awakening": 3371, "Gideon of the Trials": 1251, "Radiant Flames_SB": 2397, "The Wandering Emperor_SB": 3151, "Brokers Hideout": 390, "Cabaretti Courtyard": 418, "Doppelgang": 827, "Nissa, Resurgent Animist": 2122, "Omnath, Locus of the Roil": 2186, "Risen Reef": 2539, "Roaming Throne": 2550, "Voice of Resurgence": 3431, "Brightclimb Pathway": 377, "Hostile Investigator": 1501, "Pack Rat": 2243, "Blessed Alliance_SB": 287, "Lay Down Arms_SB": 1784, "Balustrade Wurm_SB": 212, "Monstrous Emergence_SB": 2028, "Polukranos Reborn_SB": 2328, "Sunken Citadel_SB": 2997, "Courser of Kruphix": 630, "Niko, Light of Hope": 2113, "Wolfwillow Haven": 3550, "Authority of the Consuls_SB": 183, "Thrun, Breaker of Silence_SB": 3191, "Fiery Temper": 1110, "Tear Asunder_SB": 3059, "Caves of Koilos": 483, "Stubborn Denial": 2977, "Zoraline, Cosmos Caller": 3605, "Exorcise_SB": 1020, "Barkchannel Pathway": 229, "Cenote Scout": 491, "Chord of Calling": 530, "Deeproot Pilgrimage": 730, "Jadelight Spelunker": 1628, "Kiora's Follower": 1709, "Kumena, Tyrant of Orazca": 1762, "Kumena's Speaker": 1761, "Merfolk Trickster": 1974, "Mistcaller": 2012, "Sentinel of the Nameless City": 2696, "Tishana's Tidebinder": 3209, "Vodalian Hexcatcher": 3430, "Eaten by Piranhas_SB": 901, "Aclazotz, Deepest Betrayal": 16, "Kaervek, the Punisher": 1645, "Mazemind Tome": 1958, "Path of Peril": 2263, "Shadowy Backstreet": 2715, "Cut Down_SB": 679, "Necromentia_SB": 2089, "Shipwreck Marsh": 2747, "Glissa Sunslayer": 1285, "Underground Mortuary": 3323, "Blot Out_SB": 321, "Artist's Talent": 148, "Kitsa, Otterball Elite": 1717, "Kroxa, Titan of Death's Hunger_SB": 1758, "Case of the Filched Falcon": 448, "Clockwork Percussionist": 560, "Metallic Rebuke_SB": 1977, "Emry, Lurker of the Loch": 966, "Fallaji Archaeologist": 1060, "Jeskai Ascendancy": 1633, "Mishra's Research Desk": 2010, "Retraction Helix": 2519, "Saheeli, Sublime Artificer": 2601, "Tormod's Crypt": 3237, "Dawn's Truce_SB": 693, "Skrelv, Defector Mite_SB": 2803, "Collision // Colossus": 572, "Deputy of Detention": 758, "Forsaken Miner": 1162, "Into the Story": 1580, "Invasion of Amonkhet": 1583, "Jace, the Perfected Mind": 1623, "Innkeeper's Talent": 1554, "Seed of Hope": 2681, "Wild Slash": 3517, "Hunter's Talent_SB": 1513, "Prowling Serpopard_SB": 2371, "Dragonskull Summit": 846, "Sulfur Falls": 2984, "Yasharn, Implacable Earth": 3573, "Unmoored Ego_SB": 3344, "Temur Battle Rage": 3082, "Proft's Eidetic Memory_SB": 2360, "Slickshot Show-Off_SB": 2826, "Builder's Talent": 399, "Temple of Triumph": 3077, "Vaultborn Tyrant": 3395, "Archangel Elspeth_SB": 125, "Elspeth, Sun's Champion_SB": 945, "Touch the Spirit Realm_SB": 3244, "Colossal Skyturtle": 577, "Stormsplitter": 2963, "Zacama, Primal Calamity": 3589, "Chandra, Hope's Beacon_SB": 509, "Fry_SB": 1189, "Not on My Watch_SB": 2138, "Boros Charm": 348, "Deflecting Palm": 735, "Deflecting Palm_SB": 736, "Eidolon of the Great Revel_SB": 914, "Horned Loch-Whale": 1495, "Castle Embereth": 458, "Chandra, Dressed to Kill": 506, "Eidolon of the Great Revel": 913, "Goblin Chainwhirler": 1307, "Rampaging Ferocidon": 2423, "Torbran, Thane of Red Fell": 3232, "Chandra, Torch of Defiance_SB": 512, "Searing Blood_SB": 2669, "Commit // Memory": 590, "Day's Undoing": 699, "Jace Reawakened": 1614, "Negate": 2094, "Stoic Sphinx_SB": 2950, "Chandra, Dressed to Kill_SB": 507, "Gleaming Geardrake": 1278, "Metallic Rebuke": 1976, "Tale's End_SB": 3042, "Alquist Proft, Master Sleuth": 69, "Fortified Beachhead": 1163, "Luminarch Aspirant": 1890, "Reflector Mage": 2474, "Warden of the Inner Sky": 3474, "Reflector Mage_SB": 2475, "Invasion of Tolvada": 1591, "Restless Vents": 2517, "The Restoration of Eiganjo": 3139, "Deathcap Glade": 713, "Galvanic Iteration": 1203, "Temporal Trespass": 3078, "Metamorphic Alteration": 1979, "Rush of Dread": 2595, "Roiling Vortex_SB": 2562, "The Akroan War_SB": 3109, "Torpor Orb_SB": 3239, "Deathrite Shaman": 717, "Fiend Artisan": 1105, "Insidious Roots": 1564, "Moss-Pit Skeleton": 2041, "Priest of Forgotten Gods": 2349, "Snarling Gorehound": 2840, "Tyvar, Jubilant Brawler": 3300, "Call of the Death-Dweller_SB": 426, "Collective Brutality_SB": 569, "Deadly Brew_SB": 705, "Aftermath Analyst": 42, "Lotus Cobra": 1881, "Lumra, Bellow of the Woods": 1891, "Obscura Storefront": 2165, "Port of Karfell": 2334, "Spelunking": 2890, "The World Tree": 3155, "Titania, Voice of Gaea_SB": 3215, "Gifted Aetherborn": 1259, "Blossoming Defense_SB": 318, "Esika's Chariot_SB": 1004, "Tears of Valakut_SB": 3060, "Analyze the Pollen": 78, "Commune with the Gods": 594, "Llanowar Wastes": 1863, "Satyr Wayfinder": 2620, "Valgavoth's Onslaught": 3375, "Glissa Sunslayer_SB": 1286, "Rotting Regisaur_SB": 2571, "Shambling Ghast": 2720, "Snow-Covered Swamp": 2845, "Kaya's Ghostform": 1674, "Skrelv, Defector Mite": 2802, "Snow-Covered Plains": 2844, "Mortal Obstinacy_SB": 2038, "Sixth Sense_SB": 2797, "Wilt_SB": 3525, "Rakdos Charm_SB": 2406, "Tergrid, God of Fright": 3087, "Deadly Cover-Up_SB": 707, "Archfiend of the Dross_SB": 134, "Skewer the Critics": 2798, "Innkeeper's Talent_SB": 1555, "Not on My Watch": 2137, "Experiment One": 1025, "Kitesail Larcenist": 1713, "Mockingbird": 2015, "Secluded Courtyard": 2676, "Unclaimed Territory": 3318, "Werewolf Pack Leader": 3507, "Loran of the Third Path_SB": 1872, "Thalia, Guardian of Thraben_SB": 3102, "Kenrith, the Returned King_SB": 1699, "Orzhov Guildgate": 2203, "Voracious Hydra": 3447, "Voracious Hydra_SB": 3448, "Miscast_SB": 2006, "Unsubstantiate_SB": 3349, "Witness Protection_SB": 3545, "Liliana, Heretical Healer": 1844, "Misery's Shadow": 2007, "Preacher of the Schism": 2346, "Charming Prince": 518, "Fauna Shaman": 1073, "Fortune, Loyal Steed": 1165, "Parting Gust": 2258, "Prosperous Innkeeper": 2366, "Restless Prairie": 2513, "Werefox Bodyguard": 3505, "Aven Interrupter_SB": 186, "Imodane's Recruiter_SB": 1533, "Warping Wail_SB": 3480, "Atarka's Command_SB": 172, "Wear Down_SB": 3496, "Angel of Serenity": 85, "Titan of Industry_SB": 3212, "Asylum Visitor": 170, "Davriel, Rogue Shadowmage_SB": 692, "Overgrown Farmland": 2225, "Youthful Valkyrie": 3588, "Abrade": 3, "Cavalier of Dawn": 475, "Virtue of Persistence": 3419, "Realmwalker": 2448, "Camellia, the Seedmiser": 431, "Enduring Tenacity": 976, "Feed the Cycle": 1087, "Gilded Goose": 1261, "Trail of Crumbs": 3251, "Rakdos's Return_SB": 2410, "Caustic Bronco": 473, "Chevill, Bane of Monsters": 524, "Freestrider Lookout": 1182, "Iridescent Vinelasher": 1599, "Mosswood Dreadknight": 2043, "Restless Cottage": 2511, "Vraska, Golgari Queen": 3458, "Tyrranax Rex_SB": 3297, "Depala, Pilot Exemplar": 754, "Embercleave": 955, "Magda, Brazen Outlaw": 1907, "Magda, the Hoardmaster": 1908, "Portal to Phyrexia": 2338, "Toolcraft Exemplar": 3230, "Veteran Motorist": 3406, "Fear of Impostors": 1077, "Ondu Inversion": 2189, "Ezrim, Agency Chief_SB": 1042, "Spell Queller_SB": 2886, "Sheoldred_SB": 2741, "Showdown of the Skalds_SB": 2759, "Blade of the Oni": 276, "Cleansing Nova": 548, "Coveted Falcon": 632, "Case of the Gateway Express": 449, "Gleeful Demolition": 1279, "Imodane's Recruiter": 1532, "Knight-Errant of Eos": 1728, "Resolute Reinforcements": 2503, "Shefet Dunes": 2733, "Venerated Loxodon": 3401, "Break Out": 370, "Lightning Strike": 1836, "Pick Your Poison": 2303, "Tyvar's Stand": 3298, "Curse of Shaken Faith_SB": 675, "Whip of Erebos_SB": 3510, "Den of the Bugbear_SB": 752, "Sanctuary Warden": 2609, "Chandra, Torch of Defiance": 511, "Sorin the Mirthless": 2857, "Annul_SB": 99, "Blast Zone_SB": 281, "Blighted Fen": 290, "Withering Torment": 3542, "Mosswood Dreadknight_SB": 2044, "Rewind": 2526, "Mounted Dreadknight": 2047, "Witchstalker Frenzy": 3537, "Aloe Alchemist_SB": 65, "Agent of Treachery_SB": 48, "Deep-Cavern Bat": 726, "Drannith Magistrate": 850, "Malakir Rebirth": 1915, "Sword of Forge and Frontier": 3024, "Wasteland Strangler": 3487, "Crystal Grotto": 664, "Nephalia Academy": 2098, "One with the Multiverse": 2190, "Stonecoil Serpent": 2954, "Temple of Abandon": 3069, "Temple of Malice": 3073, "The Tarrasque": 3149, "Tibalt's Trickery": 3199, "Ulamog, the Ceaseless Hunger": 3305, "Radiant Fountain_SB": 2398, "Stormtide Leviathan_SB": 2965, "Braids, Arisen Nightmare": 361, "Demonic Pact": 746, "Devouring Sugarmaw": 778, "Hopeless Nightmare": 1494, "Isolated Chapel": 1605, "Rite of Oblivion": 2541, "Tinybones Joins Up": 3205, "Treacherous Blessing": 3260, "Bile Blight_SB": 260, "God-Eternal Bontu_SB": 1327, "Rite of Oblivion_SB": 2542, "Victor, Valgavoth's Seneschal_SB": 3410, "Grand Abolisher": 1346, "Guardian of Faith_SB": 1376, "Serra Paragon_SB": 2703, "Victor, Valgavoth's Seneschal": 3409, "Demonic Pact_SB": 747, "Feed the Cycle_SB": 1088, "Irrigated Farmland": 1600, "Aether Gust": 31, "Knockout Blow": 1730, "Thought Distortion": 3171, "Tomik, Distinguished Advokist": 3227, "Clifftop Retreat": 557, "Deathmist Raptor": 716, "Den Protector": 750, "Exit Specialist": 1019, "Growing Dread": 1366, "Hide in Plain Sight": 1465, "Oblivious Bookworm": 2163, "Stratus Dancer": 2972, "Twist Reality": 3291, "Vannifar, Evolved Enigma": 3392, "Decisive Denial_SB": 722, "Ephara's Dispersal_SB": 988, "Quandrix Command_SB": 2382, "Scourge of the Skyclaves": 2645, "Unholy Annex // Ritual Chamber_SB": 3334, "Demonic Bargain": 744, "Thundertrap Trainer": 3198, "Jace, Wielder of Mysteries_SB": 1622, "Blossoming Tortoise": 319, "Cascading Cataracts": 445, "Castle Garenbrig": 459, "Golos, Tireless Pilgrim": 1338, "Insidious Fungus": 1563, "Sanctum of Ugin": 2610, "Turntimber Symbiosis": 3283, "Wakeroot Elemental": 3463, "World Breaker": 3556, "Thought-Knot Seer_SB": 3175, "Wandering Archaic_SB": 3467, "Blot Out": 320, "Sign in Blood": 2770, "Banefire": 216, "Dragonlord Ojutai": 844, "Elspeth's Smite": 942, "Glarb, Calamity's Augur": 1272, "Kroxa and Kunoros": 1756, "Noxious Gearhulk": 2144, "Nezahal, Primal Tide_SB": 2100, "Sokenzan, Crucible of Defiance_SB": 2848, "Thud": 3193, "Fling_SB": 1140, "Detention Sphere_SB": 773, "Giant Killer": 1246, "The Wandering Rescuer": 3152, "Shoot the Sheriff_SB": 2753, "Fire Prophecy": 1121, "Phantom Interference": 2285, "Worldspine Wurm": 3559, "Xenagos, God of Revels": 3568, "Dig Through Time_SB": 787, "Agent of Treachery": 47, "Devilish Valet": 775, "Eldritch Evolution": 927, "Grinning Ignus": 1364, "Hazoret's Monument": 1427, "Runaway Steam-Kin": 2585, "Wish": 3532, "Banefire_SB": 217, "Eldritch Evolution_SB": 928, "Hazoret's Monument_SB": 1428, "Impact Tremors_SB": 1535, "Neoform_SB": 2097, "Tyvar's Stand_SB": 3299, "Arid Archway": 143, "Armored Scrapgorger": 147, "Clifftop Lookout": 556, "Conduit Pylons": 601, "Dreamdew Entrancer": 868, "Fecund Greenshell": 1085, "Temple of Plenty": 3075, "Metropolis Reformer_SB": 1983, "Founding the Third Path": 1169, "Hooting Mandrills": 1488, "Neoform": 2096, "Tasigur, the Golden Fang": 3056, "Wail of the Forgotten": 3462, "Cruelclaw's Heist": 650, "Ertai Resurrected": 997, "Lazav, Wearer of Faces": 1785, "Filter Out_SB": 1115, "Sunspine Lynx_SB": 3004, "Shore Up": 2754, "March of Swirling Mist_SB": 1932, "Obliterating Bolt_SB": 2162, "Shore Up_SB": 2755, "Dryad's Revival": 884, "Echoing Deeps": 902, "Festering Gulch": 1100, "Maestros Theater": 1906, "Riveteers Overlook": 2548, "Culling Ritual_SB": 666, "Sea Gate Restoration": 2658, "Storm's Wrath_SB": 2959, "Starfall Invocation_SB": 2930, "Guardian of Ghirapur": 1377, "Rhonas the Indomitable": 2527, "Toby, Beastie Befriender": 3218, "Bristling Backwoods": 385, "Escape to the Wilds": 1002, "Mystic Sanctuary": 2067, "Scapeshift": 2632, "Splendid Reclamation": 2909, "The Hunter Maze": 3126, "Worldsoul's Rage": 3558, "Bonny Pall, Clearcutter_SB": 338, "Fade from History_SB": 1049, "Ill-Timed Explosion_SB": 1527, "Leyline Binding_SB": 1805, "Malevolent Hermit_SB": 1917, "Tolsimir, Friend to Wolves_SB": 3224, "Mystical Dispute": 2068, "Tarrian's Journal": 3054, "Vinereap Mentor": 3414, "Rottenmouth Viper_SB": 2570, "Fateful Absence": 1071, "Narset Transcendent_SB": 2078, "Fading Hope": 1050, "Bloodchief's Thirst": 304, "Cyclonic Rift": 680, "Bloodchief's Thirst_SB": 305, "Memory Deluge_SB": 1967, "Soulflayer": 2869, "Striped Riverwinder": 2975, "Urborg Scavengers": 3361, "Zetalpa, Primal Dawn": 3598, "Witherbloom Command_SB": 3541, "Natural State_SB": 2085, "Consign // Oblivion": 607, "Creative Outburst": 644, "Consign // Oblivion_SB": 608, "Doomskar_SB": 825, "Urborg, Tomb of Yawgmoth_SB": 3363, "Furnace Reins_SB": 1195, "Knight of Dusk's Shadow_SB": 1723, "Narset, Enlightened Master_SB": 2081, "Unlicensed Disintegration_SB": 3338, "Reluctant Role Model": 2488, "Hoarding Broodlord": 1478, "Nimble Larcenist": 2114, "Vein Ripper": 3397, "Scalding Viper": 2631, "Searing Blood": 2668, "Snow-Covered Forest": 2841, "Guardian of New Benalia": 1378, "March of Swirling Mist": 1931, "Woodland Cemetery": 3553, "Lively Dirge": 1858, "Ajani, Sleeper Agent_SB": 54, "Up the Beanstalk_SB": 3357, "Helping Hand": 1449, "Life of Toshiro Umezawa": 1821, "Lunar Convocation": 1892, "Okiba Reckoner Raid": 2174, "Rowan's Grim Search": 2572, "Dark Betrayal_SB": 684, "Fracture_SB": 1175, "Ashen Rider": 151, "Justiciar's Portal": 1643, "High Priest of Penance_SB": 1472, "Deputy of Detention_SB": 759, "Drana and Linvala_SB": 848, "Eidolon of Rhetoric_SB": 912, "Manglehorn_SB": 1922, "Crumbling Vestige": 655, "Desert of the Indomitable": 761, "Mirrorpool": 2002, "Mortuary Mire": 2040, "Ajani, Strength of the Pride": 55, "Holy Cow": 1483, "Release to the Wind": 2485, "Valley Floodcaller": 3381, "Tibalt, Rakish Instigator_SB": 3201, "Hazoret the Fervent": 1425, "Snow-Covered Mountain": 2843, "Unwanted Remake": 3353, "Kellan, Daring Traveler_SB": 1691, "Feather of Flight": 1082, "Doorkeeper Thrull_SB": 826, "Azusa's Many Journeys": 200, "Combat Courier": 582, "Feed the Swarm": 1089, "Hornet Queen_SB": 1497, "Kunoros, Hound of Athreos_SB": 1763, "Roaring Furnace // Steaming Sauna_SB": 2554, "Absorb": 8, "Kaya, Orzhov Usurper_SB": 1680, "Archdruid's Charm_SB": 130, "Soul Partition_SB": 2862, "Alseid of Life's Bounty": 71, "Generous Visitor": 1227, "Sixth Sense": 2796, "Lukka, Coppercoat Outcast": 1888, "Aetherflux Reservoir_SB": 35, "Lukka, Coppercoat Outcast_SB": 1889, "Mox Amber_SB": 2049, "Retraction Helix_SB": 2520, "Tormod's Crypt_SB": 3238, "Nissa, Who Shakes the World": 2124, "Emerge from the Cocoon": 959, "Enduring Courage_SB": 971, "Diamond Pick-Axe": 782, "Karn, Scion of Urza_SB": 1667, "Light of Hope": 1827, "Sejiri Shelter": 2687, "Experimental Synthesizer": 1030, "Implement of Combustion": 1536, "Stoke the Flames": 2951, "Gruul Charm_SB": 1371, "Magebane Lizard": 1909, "Careful Cultivation": 438, "Courier's Briefcase": 629, "Rockfall Vale": 2559, "Monastery Mentor": 2025, "Cosmic Rebirth": 625, "Broken Bond_SB": 389, "Fateful Absence_SB": 1072, "Renegade Rallier": 2493, "Break the Spell_SB": 371, "Phoenix Chick": 2288, "Kaito, Bane of Nightmares_SB": 1651, "Footfall Crater": 1154, "Migloz, Maze Crusher_SB": 1988, "Fragmentize_SB": 1176, "Thalia, Heretic Cathar": 3103, "Castle Ardenvale_SB": 457, "Moldering Gym && Weight Room": 2019, "Response // Resurgence_SB": 2506, "Archon of Sun's Grace": 139, "Goblin Chainwhirler_SB": 1308, "Razorkin Needlehead_SB": 2438, "Nebelgast Herald": 2086, "Patrician Geist": 2267, "Blue Sun's Twilight_SB": 323, "Exclusion Mage_SB": 1017, "Gideon, Ally of Zendikar_SB": 1258, "Voice of Resurgence_SB": 3432, "Aetherflux Reservoir": 34, "Cathartic Pyre": 470, "Karametra's Blessing_SB": 1662, "Kaya's Ghostform_SB": 1675, "Legion Loyalist": 1796, "Azor, the Lawbringer_SB": 195, "Unable to Scream": 3313, "Fires of Victory": 1125, "Koma, Cosmos Serpent": 1739, "Voyaging Satyr": 3452, "Otawara, Soaring City_SB": 2210, "Peer into the Abyss_SB": 2276, "Quick Study": 2387, "Dragonlord Atarka_SB": 841, "Plains_SB": 2319, "Cathar Commando": 467, "Brave the Elements_SB": 367, "Spellgyre": 2889, "Assassin's Trophy": 164, "Erebos's Intervention": 990, "Shadows' Verdict_SB": 2712, "Silence": 2771, "Live or Die": 1857, "Slaughter Games_SB": 2817, "Play with Fire_SB": 2321, "Ral, Crackling Wit": 2413, "Starfall Invocation": 2929, "Etali, Primal Conqueror_SB": 1011, "Feather, the Redeemed_SB": 1084, "Infernal Grasp": 1548, "Vito, Thorn of the Dusk Rose": 3423, "Ajani, Strength of the Pride_SB": 56, "Hunter's Talent": 1512, "Dusk Rose Reliquary": 890, "Ice Out": 1519, "Michiko's Reign of Truth": 1984, "Minor Misstep_SB": 1995, "Runed Halo_SB": 2591, "Weathered Runestone_SB": 3497, "Agadeem's Awakening": 43, "Ray of Enfeeblement_SB": 2435, "Dewdrop Cure_SB": 781, "Collector's Vault": 571, "Warping Wail": 3479, "Artist's Talent_SB": 149, "Ancestral Anger_SB": 80, "See Double_SB": 2679, "Furnace Reins": 1194, "Pitiless Carnage": 2317, "Gadwick, the Wizened": 1198, "Harbinger of the Tides": 1402, "Master of Waves": 1948, "Moonsnare Prototype": 2036, "Mystic Reflection": 2065, "Pond Prophet": 2329, "Cerulean Drake_SB": 493, "Cyclonic Rift_SB": 681, "Fading Hope_SB": 1051, "Fear of Impostors_SB": 1078, "Scavenging Ooze_SB": 2638, "Skrelv's Hive": 2800, "Elspeth's Smite_SB": 943, "Starnheim Unleashed_SB": 2934, "Reckoner Shakedown_SB": 2463, "Leyline of Hope": 1808, "Lightning Axe_SB": 1832, "Thassa's Oracle_SB": 3106, "Consecrate // Consume_SB": 605, "Nimble Obstructionist_SB": 2116, "Fireblade Charger": 1122, "Imposing Sovereign_SB": 1538, "Vraska, Golgari Queen_SB": 3459, "Rimrock Knight": 2533, "Alchemist's Gift_SB": 60, "Veteran Survivor": 3407, "Unwanted Remake_SB": 3354, "Monastery Mentor_SB": 2026, "Glimpse of Freedom": 1282, "Solemnity": 2851, "Scavenging Ooze": 2637, "Chandra, Awakened Inferno": 504, "Kayla's Reconstruction_SB": 1684, "Ashiok, Nightmare Muse": 156, "Commit // Memory_SB": 591, "Long Goodbye_SB": 1867, "Dromoka's Command_SB": 876, "Selfless Spirit": 2693, "Geistlight Snare_SB": 1224, "Unchained Berserker_SB": 3317, "Scavenger Grounds": 2634, "Liliana, the Last Hope_SB": 1848, "Splitskin Doll": 2912, "Empyrean Eagle": 963, "Built to Smash": 401, "Glass Casket_SB": 1276, "Eriette's Tempting Apple": 993, "Orazca Puzzle-Door": 2199, "Gnawing Vermin": 1296, "Harald Unites the Elves": 1401, "Moritte of the Frost": 2037, "Squirming Emergence": 2922, "Setessan Petitioner": 2705, "The Dross Pits": 3117, "Hydroid Krasis_SB": 1517, "Selfless Glyphweaver_SB": 2690, "Zareth San, the Trickster": 3594, "Crypt Incursion_SB": 659, "Hagra Mauling": 1385, "Ifnir Deadlands": 1525, "Virulent Plague_SB": 3422, "Lazav, the Multifarious": 1786, "Slogurk, the Overslime": 2830, "Hope of Ghirapur_SB": 1490, "Elvish Rejuvenator": 952, "Emrakul, the Promised End": 964, "Fog": 1150, "Glimpse the Core": 1283, "Shrine of the Forsaken Gods": 2763, "Ugin, the Spirit Dragon": 3303, "Goldvein Hydra_SB": 1335, "Shock": 2750, "Beseech the Mirror": 255, "Candy Trail": 434, "Gingerbread Cabin": 1263, "Hidden Necropolis": 1462, "Liliana, Dreadhorde General_SB": 1843, "Golgari Charm_SB": 1336, "Wandering Mind": 3469, "Rest in Peace": 2507, "Ghost Vacuum": 1239, "Mudflat Village": 2050, "Professor's Warning": 2357, "Galvanic Iteration_SB": 1204, "Temporal Trespass_SB": 3079, "Eiganjo, Seat of the Empire_SB": 917, "Knight-Errant of Eos_SB": 1729, "Teferi, Hero of Dominaria_SB": 3064, "Teferi, Temporal Pilgrim_SB": 3066, "Culling Ritual": 665, "Kotose, the Silent Spider": 1745, "Casualties of War_SB": 464, "Siege Rhino": 2764, "Haywire Mite": 1423, "Mayhem Devil_SB": 1956, "Case of the Crimson Pulse": 446, "Chainsaw": 496, "Unsubstantiate": 3348, "Carnage Tyrant_SB": 442, "Archangel Avacyn": 122, "Heart of Kiran": 1433, "Knight of the Ebon Legion": 1726, "Scrapheap Scrounger": 2648, "Shambling Vent": 2721, "Aethersphere Harvester_SB": 39, "Devout Decree_SB": 779, "Shatter the Sky_SB": 2729, "Thalia, Heretic Cathar_SB": 3104, "Incubation // Incongruity": 1541, "Beanstalk Wurm": 243, "Borborygmos Enraged": 346, "Enter the Infinite": 983, "Glorybringer": 1292, "Lovestruck Beast": 1884, "Possibility Storm": 2342, "Rosethorn Acolyte": 2566, "Shared Summons": 2725, "Display of Dominance_SB": 800, "Garruk's Harbinger_SB": 1208, "Rebel Salvo_SB": 2452, "Elspeth, Sun's Champion": 944, "The Royal Scions": 3140, "Raffine, Scheming Seer": 2402, "Urza's Ruinous Blast_SB": 3365, "Jadar, Ghoulcaller of Nephalia": 1625, "Legion's Landing": 1801, "Come Back Wrong_SB": 586, "General Kudro of Drannith": 1226, "Jirina, Dauntless General": 1637, "Hopeful Initiate_SB": 1492, "Jirina, Dauntless General_SB": 1638, "Renegade Rallier_SB": 2494, "Cleansing Wildfire": 550, "Obliterating Bolt": 2161, "Redcap Melee": 2470, "Shoot the Sheriff": 2752, "Baneslayer Angel_SB": 220, "Dream Trawler_SB": 867, "Worldspine Wurm_SB": 3560, "Xenagos, God of Revels_SB": 3569, "Otherworldly Outburst": 2213, "Collateral Damage_SB": 565, "Errant and Giada": 995, "Exquisite Firecraft_SB": 1033, "Evolving Adaptive": 1015, "Pelt Collector": 2279, "Yavimaya Iconoclast": 3576, "Cankerbloom_SB": 435, "Embercleave_SB": 956, "Faerie Mastermind_SB": 1056, "Day's Undoing_SB": 700, "Shadowspear_SB": 2714, "Sin Collector_SB": 2788, "Unidentified Hovership": 3335, "Illness in the Ranks_SB": 1528, "Nashi, Searcher in the Dark": 2084, "The Reality Chip": 3138, "Elas il-Kor, Sadistic Pilgrim_SB": 919, "Eidolon of Rhetoric": 911, "Agatha's Soul Cauldron_SB": 46, "War Squeak": 3470, "Arachnoform_SB": 112, "Hammerhand_SB": 1394, "Unflinching Courage_SB": 3330, "Battle Cry Goblin": 236, "Call of the Death-Dweller": 425, "Conspicuous Snoop": 609, "Rundvelt Hordemaster": 2586, "Skirk Prospector": 2799, "Toxin Analysis": 3247, "Reckless Bushwhacker_SB": 2454, "Beacon Bolt_SB": 241, "Ahn-Crop Crasher": 50, "Bomat Courier": 328, "Untimely Malfunction": 3351, "Zurgo Bellstriker": 3609, "Magma Spray_SB": 1912, "Skullcrack_SB": 2805, "Field of Ruin_SB": 1104, "Winter's Intervention": 3530, "Authority of the Consuls": 182, "Kaya, Intangible Slayer_SB": 1678, "Dust Animus_SB": 894, "Dictate of Erebos": 783, "Pawpatch Formation": 2269, "Thornvault Forager": 3170, "Mastermind's Acquisition": 1949, "Ugin, the Spirit Dragon_SB": 3304, "Exquisite Archangel": 1031, "Detention Sphere": 772, "Drag to the Bottom": 834, "Herd Migration": 1455, "Kogla and Yidaro": 1733, "Reidane, God of the Worthy": 2483, "Samut, Voice of Dissent": 2608, "Thryx, the Sudden Storm": 3192, "Workshop Warchief": 3555, "Drag to the Bottom_SB": 835, "Surrak Dragonclaw_SB": 3015, "Anafenza, the Foremost": 76, "Thrun, Breaker of Silence": 3190, "Drannith Magistrate_SB": 851, "Casualties of War": 463, "Gaze of Granite": 1221, "Professor Onyx": 2355, "Ruinous Path": 2583, "Seasons Past": 2675, "Feed the Clan_SB": 1086, "Life Goes On_SB": 1820, "Lost Legacy_SB": 1878, "Shifting Ceratops_SB": 2743, "Archfiend's Vessel": 135, "Blisterpod": 294, "Phyrexian Revoker": 2298, "Stalactite Stalker": 2927, "Blisterpod_SB": 295, "Graf Reaver_SB": 1343, "Llanowar Elves_SB": 1861, "Priest of Forgotten Gods_SB": 2350, "Stalactite Stalker_SB": 2928, "Hashep Oasis": 1414, "Outland Liberator": 2217, "Reckless Stormseeker": 2459, "The Huntsman's Redemption": 3127, "Thought-Knot Seer": 3174, "Arlinn, the Pack's Hope_SB": 144, "Eldrazi Obligator_SB": 926, "Caustic Bronco_SB": 474, "Crawling Barrens": 643, "Raze the Effigy_SB": 2436, "Squee, Dubious Monarch_SB": 2921, "Twisted Fealty_SB": 3292, "Voldaren Thrillseeker_SB": 3442, "Insatiable Avarice": 1558, "Sorin the Mirthless_SB": 2858, "Colossal Dreadmaw": 575, "Umori, the Collector_SB": 3312, "Dragonhawk, Fate's Tempest": 839, "Sunspine Lynx": 3003, "Chart a Course": 522, "Karn's Sylex_SB": 1666, "Liliana, Waker of the Dead_SB": 1846, "Pilfer_SB": 2310, "Interplanar Beacon_SB": 1573, "No More Lies_SB": 2132, "Harvester of Misery": 1412, "Restless Vinestalk": 2518, "The Scarab God": 3141, "Vren, the Relentless": 3460, "Angel of Destiny": 83, "Archangel Elspeth": 124, "Archangel of Tithes": 126, "Baneslayer Angel": 219, "Requisition Raid": 2501, "Sephara, Sky's Blade": 2700, "Speaker of the Heavens": 2878, "Starnheim Aspirant": 2932, "Take Up the Shield": 3038, "Voice of the Blessed": 3433, "Borrowed Time_SB": 353, "Cleric Class_SB": 553, "Starnheim Aspirant_SB": 2933, "Restless Bivouac": 2510, "Glaring Aegis": 1274, "Hateful Eidolon": 1415, "Sporogenic Infection": 2915, "Valgavoth's Lair": 3374, "Hushbringer_SB": 1514, "Stormwing Entity_SB": 2967, "Swamp_SB": 3018, "Exuberant Fuseling": 1040, "Fanatical Firebrand": 1064, "Foundry Street Denizen": 1170, "Goblin Piledriver": 1314, "Reckless Lackey": 2456, "Masked Vandal_SB": 1942, "Realmwalker_SB": 2449, "Ashiok, Nightmare Muse_SB": 157, "Discovery // Dispersal": 794, "Mirrorshell Crab": 2003, "Warrant // Warden_SB": 3482, "Goblin Rabblemaster": 1316, "Grumgully, the Generous": 1369, "Hobgoblin Bandit Lord": 1480, "Legion Warboss": 1798, "Metallic Mimic": 1975, "Squee, Dubious Monarch": 2920, "Silverback Elder": 2777, "Anim Pakal, Thousandth Moon": 94, "Dollmaker's Shop // Porcelain Gallery": 816, "Warleader's Call": 3475, "Slaughter the Strong_SB": 2818, "Feldon, Ronom Excavator": 1091, "Goro-Goro, Disciple of Ryusei": 1340, "Norin, Swift Survivalist": 2136, "The Stasis Coffin_SB": 3147, "Gyruda, Doom of Depths_SB": 1384, "Lutri, the Spellchaser_SB": 1896, "Obosh, the Preypiercer_SB": 2164, "Zirda, the Dawnwaker_SB": 3601, "Malcolm, Alluring Scoundrel": 1916, "Curious Obsession_SB": 674, "Bonehoard Dracosaur": 336, "Cut // Ribbons": 677, "Scytheclaw Raptor_SB": 2657, "Soulless Jailer_SB": 2870, "Elder Deep-Fiend_SB": 921, "Disfigure_SB": 797, "Zur, Eternal Schemer_SB": 3608, "Undead Butler": 3320, "Elas il-Kor, Sadistic Pilgrim": 918, "Destiny Spinner": 766, "Eldrazi Displacer": 924, "Spirited Companion": 2907, "Void Rend": 3434, "Wastes": 3489, "Lier, Disciple of the Drowned_SB": 1819, "Nicol Bolas, Dragon-God": 2103, "Nicol Bolas, the Ravager": 2105, "Steamcore Scholar": 2939, "Thought Erasure": 3173, "Temple of Epiphany": 3071, "Dragonlord Atarka": 840, "Yenna, Redtooth Regent": 3577, "Twinshot Sniper_SB": 3290, "Dragon's Fire": 838, "Stingerback Terror": 2946, "Terror of the Peaks": 3092, "Xenagos, the Reveler_SB": 3571, "Ixalan's Binding_SB": 1608, "Warbriar Blessing_SB": 3473, "Lilah, Undefeated Slickshot": 1838, "Grasp of Darkness_SB": 1351, "Overlord of the Balemurk_SB": 2229, "Dire Tactics": 791, "Shock_SB": 2751, "Wild Slash_SB": 3518, "Flowstone Infusion_SB": 1149, "Scrapwork Mutt": 2651, "Bristly Bill, Spine Sower": 387, "Goldvein Hydra": 1334, "Hangarback Walker": 1395, "Hardened Scales": 1405, "Ornery Tumblewagg": 2201, "Rishkar, Peema Renegade": 2540, "Vraska, Betrayal's Sting": 3456, "Winding Constrictor": 3527, "Twinblade Geist": 3285, "Curse of Silence_SB": 676, "Escape Velocity_SB": 1001, "Shardmage's Rescue_SB": 2724, "Realm-Cloaked Giant_SB": 2447, "Anafenza, Kin-Tree Spirit": 75, "Benalish Marshal": 253, "Daxos, Blessed by the Sun": 696, "Finale of Glory": 1119, "Knight of the White Orchid": 1727, "Mastery of the Unseen": 1951, "Phyrexian Vindicator": 2300, "Precinct Captain": 2348, "Distended Mindbender": 803, "Elder Deep-Fiend": 920, "Fierce Empath": 1106, "Foul Emissary": 1166, "Legion's End": 1799, "Wretched Gryff": 3566, "Distended Mindbender_SB": 804, "Rottenmouth Viper": 2569, "Village Rites": 3411, "Cemetery Illuminator": 488, "Linvala, Shield of Sea Gate": 1850, "Anger of the Gods": 88, "Bruna, the Fading Light": 394, "Gisela, the Broken Blade": 1264, "Lyra Dawnbringer": 1897, "Archangel Avacyn_SB": 123, "Sigarda, Font of Blessings_SB": 2768, "Immersturm Skullcairn": 1531, "Roadside Reliquary": 2549, "Temple of Malady": 3072, "Tithing Blade": 3216, "Warleader's Call_SB": 3476, "Reality Shift_SB": 2445, "Goblin Instigator": 1310, "Rally the Ancestors": 2417, "Goblin Piledriver_SB": 1315, "Legion Loyalist_SB": 1797, "Beacon Bolt": 240, "Spell Stutter": 2887, "Crush the Weak_SB": 656, "Sphinx's Revelation": 2893, "White Sun's Twilight": 3514, "Titania, Voice of Gaea": 3214, "Anafenza, the Foremost_SB": 77, "Ertai Resurrected_SB": 998, "Nicol Bolas, the Ravager_SB": 2106, "Talion, the Kindly Lord_SB": 3045, "Purphoros, God of the Forge_SB": 2374, "Heartflame Duelist": 1436, "Kaya, Orzhov Usurper": 1679, "Outlaws' Merriment": 2219, "Stormsplitter_SB": 2964, "Dead Weight_SB": 704, "Omen of the Sea_SB": 2182, "Search for Azcanta": 2665, "Gix's Command": 1266, "Experimental Frenzy_SB": 1029, "Gifted Aetherborn_SB": 1260, "Omnath, Locus of Creation_SB": 2185, "Selfless Glyphweaver": 2689, "Yorion, Sky Nomad": 3580, "Long Goodbye": 1866, "Runed Halo": 2590, "Goblin Warchief": 1325, "Krenko, Tin Street Kingpin_SB": 1755, "Roast_SB": 2555, "Vivien Reid_SB": 3424, "Lavinia, Azorius Renegade_SB": 1782, "Dovin, Hand of Control_SB": 831, "Kaya's Wrath": 1676, "Caretaker's Talent_SB": 440, "Fountainport_SB": 1174, "Heroic Reinforcements_SB": 1460, "Vren, the Relentless_SB": 3461, "Mantis Rider": 1925, "Dawnbringer Cleric_SB": 695, "Selfless Spirit_SB": 2694, "Dromoka's Command": 875, "Courser of Kruphix_SB": 631, "Painter's Studio // Defaced Gallery": 2247, "Corpses of the Lost": 621, "Vivien, Arkbow Ranger": 3425, "Vaultborn Tyrant_SB": 3396, "Wakeroot Elemental_SB": 3464, "World Breaker_SB": 3557, "Prosperous Thief": 2368, "Satoru, the Infiltrator": 2619, "Silver-Fur Master": 2776, "Bedeck // Bedazzle_SB": 246, "Nissa, Ascended Animist_SB": 2121, "Power Word Kill": 2343, "Vivien, Monsters' Advocate_SB": 3428, "Glimmerburst": 1280, "Fires of Victory_SB": 1126, "Mirrex_SB": 2000, "Goblin Rabblemaster_SB": 1317, "Picnic Ruiner": 2306, "Picnic Ruiner_SB": 2307, "Search for Azcanta_SB": 2666, "Camellia, the Seedmiser_SB": 432, "Brotherhood's End": 392, "Strangle": 2968, "Consecrate // Consume": 604, "Roxanne, Starfall Savant": 2574, "Ox of Agonas": 2239, "Shigeki, Jukai Visionary": 2745, "Virtue of Strength": 3421, "Overlord of the Boilerbilges_SB": 2231, "Gix, Yawgmoth Praetor": 1268, "Tocasia's Welcome": 3219, "Breaking // Entering": 372, "Creeping Chill": 645, "Haunted Dead": 1419, "Maestros Charm": 1905, "Narcomoeba": 2077, "Prized Amalgam": 2354, "Silversmote Ghoul": 2783, "Tome Scour": 3225, "Marvin, Murderous Mimic_SB": 1941, "Dazzling Reflection_SB": 702, "Hugs, Grisly Guardian": 1506, "Jace, the Perfected Mind_SB": 1624, "War Squeak_SB": 3471, "Arasta of the Endless Web": 116, "Hanged Executioner_SB": 1398, "Loran of the Third Path": 1871, "Idyllic Tutor": 1524, "Scattered Groves": 2633, "The Fair Basilica": 3122, "Scorching Dragonfire": 2639, "Zareth San, the Trickster_SB": 3595, "Lord Skitter, Sewer King": 1875, "Rona's Vortex": 2563, "Blessed Alliance": 286, "Needle Spires": 2092, "Sorcerous Spyglass": 2855, "Jace, Vryn's Prodigy_SB": 1620, "Notion Thief": 2139, "Kotose, the Silent Spider_SB": 1746, "Quakebringer_SB": 2381, "Sentinel's Mark": 2699, "Floodpits Drowner": 1143, "Experimental Augury": 1027, "Sunset Revelry_SB": 3001, "Final Vengeance": 1116, "Anoint with Affliction": 100, "Apostle of Purifying Light_SB": 107, "Osteomancer Adept": 2208, "Rubblebelt Maverick": 2579, "Bontu the Glorified_SB": 339, "Ygra, Eater of All_SB": 3579, "Witch's Mark": 3534, "Madcap Skills_SB": 1901, "Jace, Vryn's Prodigy": 1619, "Kaito, Dancing Shadow_SB": 1653, "Azorius Charm": 196, "Ashiok, Nightmare Weaver_SB": 159, "Valakut Exploration": 3372, "Tireless Tracker_SB": 3208, "Unexpected Fangs_SB": 3328, "Arabella, Abandoned Doll": 111, "Vessel of Nascency": 3405, "Bond of Revival": 331, "Siphon Insight": 2791, "Invasion of Dominaria": 1584, "Royal Treatment": 2576, "Rune of Might": 2588, "Rune of Sustenance": 2589, "Selfless Savior": 2691, "Royal Treatment_SB": 2577, "Selfless Savior_SB": 2692, "Stonecoil Serpent_SB": 2955, "Cunning Nightbonder": 669, "Omen of the Dead": 2178, "Plumecreed Escort": 2324, "Slitherwisp": 2829, "Cleansing Nova_SB": 549, "Commence the Endgame_SB": 587, "Horned Loch-Whale_SB": 1496, "Torrential Gearhulk_SB": 3241, "Phyrexian Censor": 2292, "Aegis of the Gods_SB": 28, "Teyo, the Shieldmage_SB": 3096, "Ornithopter": 2202, "Spire of Industry": 2903, "Springleaf Drum": 2917, "The Blackstaff of Waterdeep": 3112, "Tezzeret, Betrayer of Flesh_SB": 3097, "Bristlebud Farmer": 384, "Biting-Palm Ninja": 265, "Moon-Circuit Hacker": 2034, "Thousand-Faced Shadow": 3179, "Guardian of Faith": 1375, "Serra Paragon": 2702, "Tragic Arrogance_SB": 3250, "History of Benalia": 1476, "Inspired Idea_SB": 1566, "Jegantha, the Wellspring": 1631, "Leyline of the Void": 1815, "Concealed Weapon": 596, "Devious Cover-Up": 776, "Coati Scavenger": 563, "Questing Beast": 2383, "Urgent Necropsy": 3364, "Despise_SB": 765, "Gix's Command_SB": 1267, "Sarulf, Realm Eater_SB": 2617, "Vivien, Arkbow Ranger_SB": 3426, "Lovestruck Beast_SB": 1885, "Leyline of Sanctity": 1812, "Mirrormade": 2001, "Soldier of the Pantheon": 2849, "Kayla's Command": 1682, "Iymrith, Desert Doom": 1610, "Murderous Cut_SB": 2057, "Viashino Pyromancer": 3408, "Stormkeld Vanguard_SB": 2962, "Search for Glory": 2667, "Kazuul's Fury": 1686, "Leyline of Mutation": 1809, "Gruff Triplets_SB": 1368, "Colossal Dreadmaw_SB": 576, "Flamecache Gecko_SB": 1132, "Lava Axe": 1778, "Heartfire": 1434, "Dreadhorde Arcanist_SB": 859, "Enter the God-Eternals_SB": 982, "Gideon of the Trials_SB": 1252, "Giant Growth": 1245, "Hostage Taker_SB": 1499, "Behold the Multiverse": 250, "Aetherling_SB": 38, "Archon of Sun's Grace_SB": 140, "Eerie Interlude_SB": 907, "Ossification_SB": 2207, "Lantern of the Lost_SB": 1776, "Niv-Mizzet, Parun_SB": 2127, "Blade of the Oni_SB": 277, "Callous Bloodmage": 427, "Trial of Ambition": 3267, "Entity Tracker_SB": 986, "Faerie Miscreant": 1057, "Floodpits Drowner_SB": 1144, "Sawblade Skinripper": 2628, "Spectral Adversary": 2879, "Cemetery Illuminator_SB": 489, "Callous Bloodmage_SB": 428, "Necromentia": 2088, "Bloodletter of Aclazotz_SB": 308, "Tatyova, Benthic Druid": 3057, "Questing Druid_SB": 2386, "Approach of the Second Sun": 108, "Dwynen's Elite": 896, "Elvish Warmaster": 954, "Gnarlroot Trapper": 1295, "Jaspera Sentinel": 1629, "Leaf-Crowned Visionary": 1789, "Reclamation Sage": 2464, "Shaman of the Pack": 2719, "Three Tree City": 3188, "Chimil, the Inner Sun_SB": 527, "Redcap Heelslasher_SB": 2469, "Tinybones, the Pickpocket": 3207, "Nighthawk Scavenger_SB": 2110, "Brass Knuckles": 364, "Fabrication Foundry": 1046, "Fomori Vault": 1153, "Gilded Pinions": 1262, "Glass Casket": 1275, "Ingenious Smith": 1553, "Inventors' Fair": 1593, "Lavaspur Boots": 1781, "Metalwork Colossus": 1978, "Mystic Forge": 2062, "Simulacrum Synthesizer": 2787, "The Irencrag": 3128, "Thousand Moons Smithy": 3178, "Wedding Invitation": 3502, "Mystic Forge_SB": 2063, "Bloodtithe Harvester_SB": 313, "Bonders' Enclave": 332, "Nicol Bolas, Dragon-God_SB": 2104, "Protect the Negotiators_SB": 2370, "Metamorphic Alteration_SB": 1980, "Sanguine Evangelist": 2614, "Mystic Monastery": 2064, "Warrant // Warden": 3481, "Reduce // Rubble_SB": 2473, "Vivien, Champion of the Wilds_SB": 3427, "Combat Thresher": 584, "Flicker of Fate": 1137, "Phyrexian Fleshgorger": 2295, "Scrollshift": 2655, "Oath of Kaya_SB": 2156, "Decimator of the Provinces": 721, "Shalai, Voice of Plenty": 2717, "Welcoming Vampire": 3503, "Icon of Ancestry": 1521, "Icon of Ancestry_SB": 1522, "Dragonlord Silumgar": 845, "Dokuchi Silencer_SB": 814, "Silverback Elder_SB": 2778, "Duskwatch Recruiter": 893, "Toski, Bearer of Secrets_SB": 3242, "Parting Gust_SB": 2259, "Abuelo's Awakening": 9, "Radical Idea": 2399, "Thirst for Meaning": 3167, "Adanto Vanguard_SB": 20, "Finale of Revelation_SB": 1120, "Unholy Annex && Ritual Chamber_SB": 3332, "Foulmire Knight": 1168, "Tenacious Underdog": 3084, "Gaea's Revenge_SB": 1200, "Omen Hawker": 2177, "The Enigma Jewel": 3120, "Leyline of Combustion_SB": 1807, "Rotten Reunion_SB": 2568, "Demilich": 740, "Pieces of the Puzzle": 2308, "Unstoppable Slasher_SB": 3347, "Gloomshrieker": 1289, "Creosote Heath": 646, "Lush Oasis": 1894, "Adanto Vanguard": 19, "Kellan, the Fae-Blooded_SB": 1695, "Get Out_SB": 1232, "Rotten Reunion": 2567, "Divine Smite_SB": 811, "Confounding Riddle": 602, "Overlord of the Floodpits_SB": 2233, "Angrath, the Flame-Chained_SB": 91, "Surge of Salvation": 3010, "Archangel of Wrath": 128, "Disturbing Mirth": 806, "Doom Foretold": 821, "Harmless Offering": 1407, "Vorinclex": 3449, "Vorinclex, Monstrous Raider": 3450, "Kogla, the Titan Ape_SB": 1736, "Nullhide Ferox_SB": 2148, "Turn the Earth_SB": 3282, "Supreme Will": 3008, "Lair of the Hydra_SB": 1771, "Icingdeath, Frost Tyrant": 1520, "Sleep-Cursed Faerie": 2821, "Recommission": 2466, "Pelakka Predation": 2277, "The Scarab God_SB": 3142, "Twinferno": 3286, "Collision // Colossus_SB": 573, "Chimil, the Inner Sun": 526, "Meathook Massacre II_SB": 1961, "Despark_SB": 763, "Glistening Deluge_SB": 1287, "Goblin Ringleader_SB": 1319, "Adeline, Resplendent Cathar_SB": 23, "Treasure Cruise_SB": 3263, "Oracle of Tragedy": 2198, "Zetalpa, Primal Dawn_SB": 3599, "Sanguine Evangelist_SB": 2615, "Crackling Drake": 634, "Cynical Loner": 682, "Restless Fortress": 2512, "Behold the Multiverse_SB": 251, "Inescapable Blaze_SB": 1546, "Aetherling": 37, "Tyvar, the Pummeler_SB": 3302, "Epic Downfall_SB": 989, "Blue Sun's Twilight": 322, "Outcaster Greenblade": 2215, "Triton Tactics": 3271, "Abraded Bluffs": 5, "Furycalm Snarl": 1196, "Smash to Smithereens_SB": 2831, "Professor Onyx_SB": 2356, "Tome Scour_SB": 3226, "Kari Zev's Expertise": 1663, "Domri's Ambush_SB": 818, "Glorious End_SB": 1290, "Sorin, Vengeful Bloodlord": 2859, "Kenrith's Transformation_SB": 1697, "Wolfwillow Haven_SB": 3551, "Elvish Archivist": 948, "Garruk, Unleashed": 1211, "Vraan, Executioner Thane_SB": 3454, "Doomskar": 824, "Gideon's Intervention": 1253, "Ixalan's Binding": 1607, "Coveted Falcon_SB": 633, "Devastating Mastery_SB": 774, "Gideon's Intervention_SB": 1254, "Key to the City": 1706, "Swan Song_SB": 3019, "Forest_SB": 1160, "Lightning Strike_SB": 1837, "Embereth Shieldbreaker_SB": 957, "Lion Sash_SB": 1854, "Soul Transfer": 2864, "Sorcerous Spyglass_SB": 2856, "Sweltering Suns_SB": 3021, "Murderous Rider_SB": 2059, "Rakdos, the Muscle": 2411, "Sprite Dragon": 2918, "Delney, Streetwise Lookout": 738, "Niv-Mizzet, Parun": 2126, "Teshar, Ancestor's Apostle": 3093, "Ossification": 2206, "Bolas's Citadel": 324, "Catacomb Sifter": 465, "Woe Strider": 3548, "Status // Statue_SB": 2936, "Lay Down Arms": 1783, "Bloodsoaked Champion": 309, "Lost Jitte": 1877, "Hostage Taker": 1498, "Trostani, Three Whispers": 3275, "Ahn-Crop Crasher_SB": 51, "Surge of Righteousness_SB": 3009, "Maskwood Nexus": 1943, "Highway Robbery": 1473, "Assemble the Players": 167, "Ledger Shredder_SB": 1791, "Kaya the Inexorable": 1672, "Despise": 764, "Spatial Contortion_SB": 2876, "Marina Vendrell_SB": 1938, "Dokuchi Silencer": 813, "Shivan Devastator": 2748, "Avabruck Caretaker": 184, "Starfield of Nyx": 2931, "Demon of Dark Schemes_SB": 743, "Harvester of Misery_SB": 1413, "Progenitor Mimic_SB": 2362, "Valki, God of Lies_SB": 3380, "Defabricate": 731, "Nahiri, the Unforgiving": 2075, "Lion Sash": 1853, "Archon of Absolution_SB": 136, "Sandstalker Moloch_SB": 2611, "Experimental Confectioner": 1028, "Blood Baron of Vizkopa_SB": 298, "Portent Tracker": 2340, "Kambal, Profiteering Mayor_SB": 1658, "Charge Through": 517, "Fight as One": 1112, "Leonin Lightscribe": 1802, "March of Burgeoning Life": 1928, "Season of Growth": 2672, "Tamiyo's Safekeeping": 3046, "Venerated Rotpriest": 3402, "Warriors' Lesson": 3483, "Collected Company_SB": 567, "Moon-Blessed Cleric_SB": 2033, "Silverfur Partisan_SB": 2780, "Scorching Dragonfire_SB": 2640, "Mogis, God of Slaughter_SB": 2018, "Bedevil": 247, "Gala Greeters": 1201, "Jinnie Fay, Jetmir's Second": 1636, "Act of Treason_SB": 18, "Bloody Betrayal_SB": 314, "Knight of Grace_SB": 1725, "Evolved Sleeper": 1014, "Tomik, Wielder of Law": 3229, "Sorin, Vengeful Bloodlord_SB": 2860, "Silundi Vision": 2774, "Flamecache Gecko": 1131, "Gev, Scaled Scorch": 1233, "Cosmic Rebirth_SB": 626, "Mazemind Tome_SB": 1959, "Combustible Gearhulk": 585, "Borborygmos Enraged_SB": 347, "Massacre Wurm_SB": 1946, "Rakdos, the Showstopper_SB": 2412, "Ghalta, Stampede Tyrant": 1236, "Smuggler's Surprise": 2836, "Velomachus Lorehold": 3398, "No One Left Behind": 2133, "Tolarian Terror_SB": 3222, "Hexgold Halberd_SB": 1461, "Lotus Field_SB": 1883, "Devouring Light_SB": 777, "Access Tunnel": 14, "Shakedown Heavy": 2716, "Kellan, Inquisitive Prodigy": 1692, "Mountain_SB": 2046, "Reclamation Sage_SB": 2465, "Joint Exploration": 1639, "Realm-Cloaked Giant": 2446, "Sweltering Suns": 3020, "Annihilating Glare": 97, "Charred Foyer && Warped Space_SB": 520, "Prairie Stream": 2345, "Ashen Rider_SB": 152, "Forge Devil_SB": 1161, "Annul": 98, "Phyrexian Dragon Engine": 2294, "Azor, the Lawbringer": 194, "Aven Mindcensor_SB": 187, "Noxious Gearhulk_SB": 2145, "Blind Obedience": 292, "Spirit of the Labyrinth_SB": 2905, "Twinferno_SB": 3287, "Leyline of Combustion": 1806, "Abhorrent Oculus_SB": 2, "Heroic Reinforcements": 1459, "Stormchaser's Talent": 2961, "Third Path Iconoclast": 3164, "Calamity, Galloping Inferno": 423, "Portal to Phyrexia_SB": 2339, "Defiler of Vigor": 734, "Garruk's Uprising": 1209, "Gemrazer": 1225, "Ghalta, Primal Hunger": 1234, "Hulking Raptor": 1509, "Railway Brawler": 2403, "Ranger Class": 2427, "The Great Henge": 3125, "The Skullspore Nexus": 3144, "Yorvo, Lord of Garenbrig": 3582, "Ram Through_SB": 2420, "Bontu's Last Reckoning_SB": 340, "Harness by Force_SB": 1409, "Calix, Guided by Fate": 424, "Jukai Naturalist": 1641, "Unflinching Courage": 3329, "Weaver of Harmony": 3498, "Bubble Smuggler": 398, "Hauntwoods Shrieker": 1422, "Paranormal Analyst": 2256, "Atsushi, the Blazing Sky": 175, "Dragon Tempest": 837, "Grafdigger's Cage": 1344, "Invasion of Tarkir": 1590, "Manaform Hellkite": 1920, "Reckless Impulse": 2455, "Shatterskull Smashing": 2731, "Wrenn's Resolve": 3564, "Bushy Bodyguard": 416, "Giant Opportunity": 1248, "Hollow Scavenger": 1482, "Honored Dreyleader": 1486, "Tear Asunder": 3058, "Valley Rotcaller": 3383, "Wicked Wolf": 3515, "Overprotect_SB": 2237, "Commencement of Festivities": 588, "Defend the Hearth": 732, "Sphinx's Tutelage": 2895, "Sultai Charm": 2986, "Winds of Qal Sisma": 3528, "Folio of Fancies_SB": 1152, "Sultai Charm_SB": 2987, "Burning Anger": 406, "Colossification": 579, "Grapple with the Past": 1349, "Infernal Grasp_SB": 1549, "Armed and Armored": 145, "Consulate Dreadnought": 610, "Giant Ox": 1249, "Hotshot Mechanic": 1503, "Mech Hangar": 1962, "Surgehacker Mech": 3012, "Cemetery Prowler_SB": 490, "Commune with Dinosaurs": 592, "Marauding Raptor": 1927, "Otepec Huntmaster": 2211, "Pugnacious Hammerskull": 2373, "Rampaging Raptor": 2425, "Ripjaw Raptor": 2535, "Kaya, Spirits' Justice_SB": 1681, "Enduring Courage": 970, "Invigorated Rampage": 1594, "Baral, Chief of Compliance": 226, "Open the Armory": 2191, "Resolute Strike": 2504, "Thud_SB": 3194, "Deification": 737, "Elspeth Resplendent": 940, "Gideon's Triumph": 1255, "Oath of Kaya": 2155, "The Birth of Meletis": 3111, "Urza's Sylex": 3366, "Yahenni's Expertise": 3572, "Hanged Executioner": 1397, "Rally of Wings": 2416, "Skycat Sovereign": 2806, "Topplegeist": 3231, "Watcher of the Spheres": 3491, "Errant and Giada_SB": 996, "Patch Up_SB": 2260, "Dictate of Kruphix": 784, "Blacklance Paragon_SB": 273, "Cunning Nightbonder_SB": 670, "Adult Gold Dragon": 25, "Savage Summoning_SB": 2621, "Frenzied Goblin": 1183, "Jadar, Ghoulcaller of Nephalia_SB": 1626, "Angrath's Rampage_SB": 90, "Get Out": 1231, "Secrets of the Key": 2677, "Azure Beastbinder": 198, "Bounding Krasis": 359, "Nissa, Vastwood Seer": 2123, "Skylasher_SB": 2812, "Chromanticore": 531, "Cragplate Baloth": 638, "Oketra the True": 2173, "Dreams of Steel and Oil_SB": 871, "Rush of Adrenaline": 2594, "Ulcerate_SB": 3307, "Silverquill Silencer": 2782, "Phyrexian Fleshgorger_SB": 2296, "Dreams of Steel and Oil": 870, "Velomachus Lorehold_SB": 3399, "Kick in the Door": 1707, "Violent Urge": 3415, "Charred Foyer // Warped Space_SB": 521, "Combat Research": 583, "Bond of Insight": 330, "Lyra Dawnbringer_SB": 1898, "Welcoming Vampire_SB": 3504, "Akroan Crusader": 58, "Expedite": 1022, "Dreadhorde Invasion": 860, "Obzedat, Ghost Council": 2168, "Eat to Extinction_SB": 899, "Silver Raven": 2775, "Hollow One": 1481, "Insolent Neonate": 1565, "Ovalchase Daredevil": 2223, "Improbable Alliance_SB": 1539, "Gideon, Ally of Zendikar": 1257, "Perilous Voyage_SB": 2281, "Discontinuity_SB": 793, "Virtue of Loyalty_SB": 3418, "Cemetery Desecrator": 486, "Escape Tunnel": 999, "Insatiable Avarice_SB": 1559, "Malicious Eclipse_SB": 1918, "Rush of Dread_SB": 2596, "The Kenriths' Royal Funeral_SB": 3130, "Deploy the Gatewatch": 755, "Interplanar Beacon": 1572, "Kaya, Intangible Slayer": 1677, "Narset of the Ancient Way": 2079, "Paradise Druid": 2253, "Tamiyo, Collector of Tales": 3048, "Tamiyo, Compleated Sage": 3050, "The Eternal Wanderer": 3121, "Coordinated Assault": 617, "Fraying Sanity": 1181, "Maddening Cacophony": 1902, "Soul-Guide Lantern": 2865, "Tasha's Hideous Laughter": 3055, "Bonebind Orator": 333, "Crashing Drawbridge": 641, "Palace Siege_SB": 2248, "Assimilation Aegis": 169, "Disruption Protocol": 801, "Lantern of the Lost": 1775, "Prophetic Prism": 2365, "The Book of Exalted Deeds": 3113, "Tyrite Sanctum": 3295, "Whir of Invention": 3511, "Citizen's Crowbar_SB": 540, "Nissa, Ascended Animist": 2120, "Rankle's Prank": 2428, "Repudiate // Replicate": 2498, "Colossal Skyturtle_SB": 578, "Song of Totentanz_SB": 2854, "Outrageous Robbery_SB": 2222, "Giant Killer_SB": 1247, "Green Sun's Twilight": 1359, "Tyrranax Rex": 3296, "Invasion of Ixalan_SB": 1589, "Strict Proctor_SB": 2974, "Phyrexian Censor_SB": 2293, "Leyline of Resonance_SB": 1811, "Void Winnower_SB": 3436, "Unctus, Grand Metatect": 3319, "Annie Joins Up": 96, "Phylath, World Sculptor": 2289, "Liliana, the Last Hope": 1847, "Regal Caracal": 2479, "Wishclaw Talisman": 3533, "Altar of the Brood_SB": 73, "Attack-in-the-Box": 176, "Balemurk Leech": 209, "Broodspinner": 391, "Cackling Slasher": 420, "Cathartic Parting": 469, "Coordinated Clobbering": 618, "Flesh Burrower": 1136, "Frantic Strength": 1179, "Glimmerlight": 1281, "Grasping Longneck": 1352, "Grievous Wound": 1361, "Innocuous Rat": 1556, "Meathook Massacre II": 1960, "Overgrown Zealot": 2227, "Saw": 2626, "Slavering Branchsnapper": 2819, "Spectral Snatcher": 2882, "Spineseeker Centipede": 2899, "Strangled Cemetery": 2970, "Terramorphic Expanse": 3089, "Twitching Doll": 3293, "Wary Watchdog": 3484, "Winter, Misanthropic Guide": 3531, "Conductive Machete_SB": 600, "Fanatic of the Harrowing_SB": 1063, "Final Vengeance_SB": 1117, "Friendly Teddy_SB": 1185, "Give In to Violence_SB": 1265, "Manifest Dread_SB": 1923, "Murder_SB": 2055, "Finale of Devastation": 1118, "Tidebinder Mage_SB": 3202, "Goblin Ringleader": 1318, "Goblin Trashmaster": 1324, "Bontu's Monument": 341, "Dazzling Theater // Prop Room": 703, "Siege Veteran": 2765, "Yotian Frontliner": 3583, "Aurelia, the Law Above_SB": 181, "Elvish Clancaller": 950, "Pause for Reflection_SB": 2268, "Phyrexian Revoker_SB": 2299, "Sentinel of Lost Lore_SB": 2695, "Ferocious Werefox_SB": 1097, "Deeproot Elite": 729, "Forensic Researcher": 1156, "Forensic Researcher_SB": 1157, "Kopala, Warden of Waves_SB": 1742, "Lost in the Maze_SB": 1879, "Prophet of Kruphix_SB": 2364, "Takenuma, Abandoned Mire_SB": 3040, "Barrier Breach_SB": 231, "Tail Swipe": 3035, "Drannith Ruins": 852, "Faerie Dreamthief": 1053, "Plumecreed Escort_SB": 2325, "Sunset Revelry": 3000, "Blind Obedience_SB": 293, "Outlaws' Merriment_SB": 2220, "Rip Apart_SB": 2534, "Omen of the Sun": 2183, "Seal Away": 2661, "Collateral Damage": 564, "The Autonomous Furnace": 3110, "Bushwhack": 415, "Circle of Dreams Druid": 538, "Elvish Visionary": 953, "Deathrite Shaman_SB": 718, "Cavalier of Flame": 476, "Vraska, Betrayal's Sting_SB": 3457, "Urza's Sylex_SB": 3367, "Chandra, Acolyte of Flame": 502, "Exquisite Firecraft": 1032, "Gruul Charm": 1370, "Spiteful Hexmage": 2908, "Haunted Ridge_SB": 1421, "Basri Ket_SB": 233, "Fanatical Offering": 1065, "Doppelgang_SB": 828, "Archangel of Tithes_SB": 127, "Conclave Tribunal_SB": 599, "Shalai, Voice of Plenty_SB": 2718, "Popular Egotist": 2330, "Bag of Holding": 203, "Jace, Architect of Thought": 1617, "Teferi, Master of Time": 3065, "Eerie Ultimatum_SB": 908, "Inspired Ultimatum_SB": 1567, "Sarkhan the Masterless_SB": 2616, "Wrenn's Resolve_SB": 3565, "Thief of Sanity_SB": 3158, "Botanical Brawler": 356, "Conclave Mentor": 598, "Kodama of the West Tree": 1732, "Ozolith, the Shattered Spire": 2241, "Rabid Gnaw": 2395, "Kazandu Mammoth": 1685, "Scavenger Grounds_SB": 2635, "Fortified Village": 1164, "Nightveil Predator": 2111, "Depopulate": 756, "The Scorpion God_SB": 3143, "Painful Truths_SB": 2246, "The Cruelty of Gix_SB": 3116, "Consuming Tide_SB": 613, "Maximize Velocity_SB": 1954, "Eidolon of Blossoms": 910, "Citywide Bust_SB": 543, "Rhonas the Indomitable_SB": 2528, "Whisperwood Elemental_SB": 3513, "Blazemire Verge_SB": 283, "Hoarding Broodlord_SB": 1479, "Enduring Vitality": 978, "Kona, Rescue Beastie": 1741, "Seraphic Steed": 2701, "Survivors' Encampment": 3016, "Elesh Norn_SB": 936, "Zoyowa Lava-Tongue": 3606, "Exuberant Fuseling_SB": 1041, "Renounce the Guilds_SB": 2496, "Enduring Bondwarden": 969, "Quirion Beastcaller": 2392, "Bolas's Citadel_SB": 325, "Catacomb Sifter_SB": 466, "Popular Egotist_SB": 2331, "Prosperous Innkeeper_SB": 2367, "Woe Strider_SB": 3549, "Elvish Archivist_SB": 949, "Fblthp, the Lost": 1075, "Dispel_SB": 799, "Kitesail Larcenist_SB": 1714, "Suncleanser_SB": 2990, "Debt to the Kami": 719, "Debt to the Kami_SB": 720, "Angelfire Ignition": 87, "Tenth District Legionnaire": 3086, "Steel Seraph_SB": 2942, "Izoni, Center of the Web": 1611, "Silent Gravestone_SB": 2773, "Drag to the Roots": 836, "Castle Locthwain_SB": 461, "Edgar, Charmed Groom_SB": 904, "Gates of Istfell": 1216, "Korvold, Fae-Cursed King": 1743, "Phyrexian Vindicator_SB": 2301, "Kozilek's Return_SB": 1747, "Alchemist's Gambit": 59, "Intrepid Adversary": 1581, "Gyruda, Doom of Depths": 1383, "Case of the Gateway Express_SB": 450, "Brimaz, King of Oreskos": 379, "Collector's Cage": 570, "Kitnap": 1715, "Bloodtithe Collector": 311, "Goddric, Cloaked Reveler": 1330, "Vampires' Vengeance_SB": 3388, "Blood Crypt_SB": 300, "Voltaic Brawler": 3446, "Vengeful Possession_SB": 3404, "Ingenious Prodigy": 1552, "Glarb, Calamity's Augur_SB": 1273, "Tomik, Distinguished Advokist_SB": 3228, "Bamboo Grove Archer_SB": 213, "Mastermind's Acquisition_SB": 1950, "Season of the Burrow_SB": 2673, "Spinner of Souls": 2901, "Abyssal Harvester": 10, "Burst Lightning": 413, "Scab-Clan Berserker_SB": 2630, "Boltwave": 326, "Elenda, Saint of Dusk": 932, "Elenda, Saint of Dusk_SB": 933, "Waste Not_SB": 3486, "High Fae Trickster_SB": 1469, "Fervent Champion": 1099, "Goblin Tomb Raider": 1322, "Leyline Axe": 1803, "Kaito, Cunning Infiltrator": 1652, "Scrawling Crawler": 2652, "Varragoth, Bloodsky Sire": 3394, "Syr Ginger, the Meal Ender": 3032, "Saiba Cryptomancer_SB": 2604, "Ajani, Sleeper Agent": 53, "Nahiri, the Unforgiving_SB": 2076, "Alms of the Vein": 63, "Demand Answers": 739, "Grab the Prize": 1342, "Markov Baron": 1939, "Nullpriest of Oblivion": 2149, "Skullcrack": 2804, "Kiora, the Rising Tide": 1711, "Bulk Up": 402, "Expedition Map": 1023, "Dropkick Bomber": 877, "Searslicer Goblin": 2670, "Driven // Despair": 873, "Huskburster Swarm_SB": 1516, "Zombify": 3603, "Blooming Blast": 315, "Cemetery Gatekeeper_SB": 487, "Mission Briefing": 2011, "Dawnbringer Cleric": 694, "Trail of Crumbs_SB": 3252, "Herald of Eternal Dawn_SB": 1452, "The Witch's Vanity": 3154, "Day of Judgment": 697, "Liliana, Dreadhorde General": 1842, "Hanweir Battlements": 1399, "Scorn-Blade Berserker": 2643, "Essence Channeler": 1006, "Fountain of Renewal": 1171, "Heliod, Sun-Crowned": 1444, "Hooded Blightfang": 1487, "Indulging Patrician": 1545, "Revival // Revenge": 2525, "Scoured Barrens": 2644, "Vampire of the Dire Moon": 3386, "Tinybones, Bauble Burglar": 3206, "Deathmark_SB": 715, "Lava Axe_SB": 1779, "Flicker of Fate_SB": 1138, "Kykar, Zephyr Awakener": 1768, "Infestation Sage": 1550, "Spawn of Mayhem": 2877, "Banner of Kinship": 225, "Elvish Archdruid": 947, "Citanul Stalwart": 539, "Sylvan Messenger_SB": 3028, "Maelstrom Pulse": 1903, "Genesis Wave": 1228, "Samut, Tyrant Smasher": 2606, "Bouncer's Beatdown_SB": 358, "Joust Through_SB": 1640, "Soulstone Sanctuary": 2873, "Torment of Hailfire_SB": 3235, "Drake Hatcher_SB": 847, "Blitz of the Thunder-Raptor": 296, "Long River's Pull": 1868, "Sugar Coat_SB": 2983, "Curator of Destinies_SB": 671, "Haunted Cloak": 1418, "Swiftfoot Boots": 3022, "Flameblade Adept": 1130, "Dread Fugue": 854, "Lunarch Veteran": 1893, "Skyclave Cleric": 2809, "Dusk Legion Duelist": 889, "Make Disappear_SB": 1914, "Toxrill, the Corrosive_SB": 3249, "The Raven Man_SB": 3137, "Charming Scoundrel": 519, "Fallaji Vanguard": 1061, "Hellspur Posse Boss": 1447, "Panharmonicon": 2251, "Witty Roastmaster": 3546, "Aetherstorm Roc_SB": 40, "Anim Pakal, Thousandth Moon_SB": 95, "Chance for Glory_SB": 500, "Demonic Ruckus_SB": 749, "Expansion // Explosion": 1021, "Haughty Djinn_SB": 1417, "Phyrexian Obliterator_SB": 2297, "Brass's Tunnel-Grinder": 365, "Raise the Past": 2404, "Chained to the Rocks_SB": 495, "Kellan, Planar Trailblazer": 1693, "Maelstrom Pulse_SB": 1904, "Anguished Unmaking": 92, "Day of Judgment_SB": 698, "Niv-Mizzet, Visionary_SB": 2130, "Mystic Repeal_SB": 2066, "Reasonable Doubt_SB": 2451, "Phyrexian Arena_SB": 2291, "Tibalt's Trickery_SB": 3200, "Idol of Endurance": 1523, "Niko Aris": 2112, "Academy Loremaster": 13, "Heaped Harvest": 1432, "Thassa, God of the Sea": 3107, "Fountainport Bell": 1173, "Glint-Nest Crane": 1284, "Hammer of Purphoros": 1392, "Arboreal Grazer_SB": 119, "Shrapnel Blast_SB": 2761, "Alpha Authority_SB": 67, "Triton Tactics_SB": 3272, "Blood Baron of Vizkopa": 297, "Crystal Barricade_SB": 663, "Spring-Loaded Sawblades": 2916, "Bala Ged Recovery_SB": 206, "Tenacious Underdog_SB": 3085, "Push // Pull": 2375, "Dowsing Device": 832, "Burst Lightning_SB": 414, "Llanowar Visionary": 1862, "Skyknight Squire": 2811, "Niv-Mizzet, Supreme_SB": 2129, "Sire of Seven Deaths": 2794, "Ajani, Caller of the Pride": 52, "Burrowguard Mentor": 412, "Dryad Militant": 882, "Fleecemane Lion": 1134, "Kutzil, Malamet Exemplar": 1766, "Melira, the Living Cure": 1964, "Wilt-Leaf Liege": 3523, "Seal Away_SB": 2662, "Choked Estuary": 529, "Ego Drain": 909, "Faerie Fencing": 1054, "Obyra, Dreaming Duelist": 2167, "Shineshadow Snarl": 2746, "Sunken Hollow": 2998, "Talion, the Kindly Lord": 3044, "Talion's Messenger": 3043, "Twining Twins": 3288, "Crippling Fear_SB": 647, "Flashfreeze_SB": 1133, "Phantom Interference_SB": 2286, "Assemble the Legion_SB": 166, "Krenko, Mob Boss": 1753, "Betrayer's Bargain_SB": 256, "By Force_SB": 417, "Strangle_SB": 2969, "Game Trail": 1206, "Aspect of Hydra": 162, "Nullhide Ferox": 2147, "Steel Leaf Champion": 2940, "Garruk's Uprising_SB": 1210, "Ghalta, Primal Hunger_SB": 1235, "Indomitable Creativity_SB": 1544, "Reality Shift": 2444, "Chaplain of Alms_SB": 516, "Healer's Hawk_SB": 1431, "Heliod's Intervention": 1442, "Volatile Fault": 3437, "Herald of Eternal Dawn": 1451, "Cast Down": 453, "Desecration Demon": 760, "Mishra's Foundry": 2009, "Ultimate Price": 3308, "Unexpected Fangs": 3327, "Vadmir, New Blood": 3369, "Extract a Confession_SB": 1036, "Kitesail Freebooter_SB": 1712, "Bedlam Reveler": 248, "Frostboil Snarl": 1187, "Warlord's Fury": 3478, "Ox of Agonas_SB": 2240, "Dazzling Angel": 701, "Divine Smite": 810, "Exemplar of Light": 1018, "Firemane Avenger": 1123, "Wind-Scarred Crag": 3526, "Blazing Volley": 284, "Cinderclasm": 535, "Crash Through": 640, "Death-Rattle Oni": 712, "Dismal Backwater": 798, "Electrickery": 929, "Kessig Flamebreather": 1702, "Seismic Wave": 2685, "Stolen Vitality": 2952, "Thrill of Possibility": 3189, "Tolarian Terror": 3221, "Burn Down the House_SB": 405, "Power Word Kill_SB": 2344, "Smoldering Egg_SB": 2833, "Edgewall Inn": 905, "Edgewall Innkeeper": 906, "Lucky Clover": 1886, "Midnight Reaper": 1985, "Necroblossom Snarl": 2087, "Order of Midnight": 2200, "Smitten Swordmaster": 2832, "Massacre Girl_SB": 1944, "Gray Merchant of Asphodel": 1355, "Mephitic Draught": 1971, "Warlock Class": 3477, "Corpses of the Lost_SB": 622, "Doom Foretold_SB": 822, "Life of Toshiro Umezawa_SB": 1822, "Burn Down the House": 404, "Flame-Blessed Bolt": 1128, "Refute": 2477, "Vampires' Vengeance": 3387, "Pelakka Wurm_SB": 2278, "Boon of the Wish-Giver": 344, "Drannith Healer": 849, "Drannith Stinger": 853, "Flourishing Fox": 1146, "Frostveil Ambush": 1188, "Go for Blood": 1300, "Memory Leak": 1969, "Startling Development": 2935, "Valiant Rescuer": 3378, "Zenith Flare": 3596, "Enigma Drake": 979, "Ephara's Dispersal": 987, "Eroded Canyon": 994, "Essence Capture": 1005, "Galvanize": 1205, "Mind Spiral": 1992, "Peculiar Lighthouse": 2274, "Pit of Offerings": 2315, "Scorching Shot": 2641, "Slick Sequence": 2824, "Winged Words": 3529, "Into the Fire_SB": 1576, "Wildfire Howl_SB": 3519, "Burn Bright": 403, "Chimney Rabble": 528, "Fissure Wizard": 1127, "Goblin Arsonist": 1303, "Goblin Javelineer": 1311, "Goblin Morningstar": 1312, "Goblin Trailblazer": 1323, "Heraldic Banner": 1453, "Hulking Bugbear": 1508, "Renata, Called to the Hunt": 2491, "Return of the Wildspeaker": 2522, "Rhythm of the Wild": 2529, "Subira, Tulzidi Caravanner": 2979, "You See a Pair of Goblins": 3585, "Krenko, Mob Boss_SB": 1754, "Banishing Light": 223, "Flowerfoot Swordmaster": 1148, "Mabel, Heir to Cragflame": 1899, "Seedglaive Mentor": 2682, "Short Bow": 2757, "Whiskervale Forerunner": 3512, "Abzan Charm": 12, "Sandsteppe Citadel": 2612, "Temple of Silence": 3076, "Unyielding Gatekeeper": 3355, "Drown in Sorrow_SB": 878, "Disfigure": 796, "Gossip's Talent": 1341, "Karumonix, the Rat King": 1669, "Persistent Marshstalker": 2282, "Piper of the Swarm": 2314, "Shoreline Looter": 2756, "Tangled Colony": 3051, "Bring the Ending_SB": 382, "Pile On_SB": 2309, "Tangled Colony_SB": 3052, "No Witnesses": 2134, "Port Town": 2333, "Temple of Enlightenment": 3070, "Jace, Architect of Thought_SB": 1618, "No Witnesses_SB": 2135, "Ayara, First of Locthwain": 192, "Brain Maggot": 362, "Erebos, Bleak-Hearted": 991, "Phyrexian Arena": 2290, "Underworld Dreams": 3326, "Corrupt_SB": 623, "Whack_SB": 3509, "Cinder Glade": 534, "Enter the Unknown": 984, "Mirrorwing Dragon": 2005, "Silverfur Partisan": 2779, "Young Pyromancer": 3586, "Zada, Hedron Grinder": 3591, "Turn Inside Out_SB": 3281, "Unnatural Moonrise_SB": 3345, "Night of the Sweets' Revenge": 2108, "Savor": 2624, "Tough Cookie": 3245, "Savor_SB": 2625, "Abandoned Campground": 0, "Grand Entryway // Elegant Rotunda": 1348, "Gremlin Tamer": 1360, "Inquisitive Glimmer": 1557, "Lionheart Glimmer": 1855, "Oppressive Rays": 2194, "Builder's Talent_SB": 400, "Divine Resilience_SB": 809, "Kitnap_SB": 1716, "Paladin Class_SB": 2249, "Stay Hidden, Stay Silent_SB": 2937, "Badlands Revival": 202, "Fertile Thicket": 1098, "Festerleech": 1101, "Foul Orchard": 1167, "Golgari Guildgate": 1337, "Hedge Shredder": 1440, "Hero's Downfall": 1456, "Jungle Hollow": 1642, "Quilled Greatwurm": 2390, "Slice from the Shadows": 2823, "Frantic Strength_SB": 1180, "Stab_SB": 2925, "Vraska's Fall_SB": 3455, "Alesha, Who Laughs at Fate": 61, "Davriel, Rogue Shadowmage": 691, "Fell": 1094, "Grasp of Darkness": 1350, "Master of Cruelties": 1947, "Razorlash Transmogrant": 2439, "Razortrap Gorge": 2440, "Seize the Spoils": 2686, "Kaervek, the Spiteful_SB": 1646, "Painful Quandary_SB": 2245, "Witch's Vengeance_SB": 3536, "Eddymurk Crab": 903, "Haughty Djinn": 1416, "Stormwing Entity": 2966, "Gnarled Scarhide": 1293, "Madcap Skills": 1900, "Minotaur Skullcleaver": 1996, "Mogis's Marauder": 2017, "Rakdos Cackler": 2405, "Rakdos Shred-Freak": 2409, "Spike Jester": 2897, "Tormented Hero": 3236, "Doom Blade_SB": 820, "Ultimate Price_SB": 3309, "Consuming Aberration": 611, "Contaminated Aquifer": 616, "Didn't Say Please": 785, "Dimir Guildgate": 788, "Dreadwaters": 864, "Duskmantle Guildmage": 892, "Fell Specter": 1095, "Jhessian Thief": 1635, "Mind Carver": 1989, "Mind Drain": 1990, "Murder": 2054, "Nezumi Informant": 2101, "Orzhov Racketeers": 2204, "Painful Quandary": 2244, "Paranoid Delusions": 2255, "Pilfered Plans": 2311, "Psychic Strike": 2372, "Razzle-Dazzler": 2442, "Read the Bones": 2443, "Sleep": 2820, "The Mindskinner": 3135, "Typhoid Rats": 3294, "Wall of Frost": 3466, "Witness Protection": 3544, "Aspect of Lamprey_SB": 163, "Blood Pact_SB": 301, "Dreadwaters_SB": 865, "Frogify_SB": 1186, "Mocking Sprite_SB": 2014, "Professor's Warning_SB": 2358, "Rogue's Gloves_SB": 2560, "Sinister Possession_SB": 2789, "Solemn Simulacrum_SB": 2850, "Sphinx of Magosi_SB": 2891, "Thieving Otter_SB": 3160, "Unlikely Aid_SB": 3341, "Zombify_SB": 3604, "Coruscation Mage": 624, "Burning Hands_SB": 408, "Giant Cindermaw_SB": 1244, "Lightning Mare_SB": 1835, "Wrangle_SB": 3562, "Ancient Imperiosaur": 82, "Belligerent Yearling": 252, "Fight Rigging": 1111, "Intrepid Paleontologist": 1582, "Ixalli's Lorekeeper": 1609, "Palani's Hatcher": 2250, "Regisaur Alpha": 2482, "Restless Ridgeline": 2515, "Shifting Ceratops": 2742, "Triumphant Chomp": 3273, "Thrashing Brontodon_SB": 3185, "Triumphant Chomp_SB": 3274, "Goblin Boarders": 1305, "Goblin Heelcutter": 1309, "Goblin Negotiation": 1313, "Goblin Surprise": 1320, "Goblinslide": 1326, "Guttersnipe": 1381, "Hellraiser Goblin": 1446, "Impact Tremors": 1534, "Pyrewild Shaman": 2377, "Redcap Gutter-Dweller": 2468, "Rigging Runner": 2531, "Subterranean Scout": 2982, "Frenzied Goblin_SB": 1184, "Goblin Boarders_SB": 1306, "Goblin Surprise_SB": 1321, "Rundvelt Hordemaster_SB": 2587, "Searslicer Goblin_SB": 2671, "Siege-Gang Commander_SB": 2766, "Cruel Somnophage": 649, "Mercurial Spelldancer": 1972, "Mind Sculpt": 1991, "Ruin Crab": 2581, "Syr Konrad, the Grim": 3034, "Bitter Chill_SB": 267, "Chart a Course_SB": 523, "Sphinx's Tutelage_SB": 2896, "Terisian Mindbreaker_SB": 3088, "Armored Kincaller": 146, "Burning Sun Cavalry": 409, "Captivating Cave": 437, "Cavern Stomper": 480, "Colossadactyl": 574, "Dinotomaton": 790, "Disturbed Slumber": 805, "Earthshaker Dreadmaw": 897, "Hidden Nursery": 1463, "Nurturing Bristleback": 2150, "Over the Edge": 2224, "Panicked Altisaur": 2252, "Pathfinding Axejaw": 2266, "Poison Dart Frog": 2326, "Promising Vein": 2363, "Rampaging Ceratops": 2422, "Rumbling Rockslide": 2584, "Scytheclaw Raptor": 2656, "Seeker of Sunlight": 2683, "Seismic Monstrosaur": 2684, "Walk with the Ancestors": 3465, "Cast Out": 454, "Reptilian Reflection": 2497, "Irencrag Pyromancer_SB": 1598, "Nahiri's Resolve": 2070, "Tinker's Tote": 3204, "Dusk Rose Reliquary_SB": 891, "Unidentified Hovership_SB": 3336, "Vindictive Flamestoker_SB": 3412, "Garruk's Harbinger": 1207, "Inscription of Abundance": 1560, "Lifecrafter's Bestiary": 1824, "Skyreaping_SB": 2813, "Falkenrath Gorger": 1059, "Foreboding Ruins": 1155, "Forerunner of Slaughter": 1158, "Olivia, Mobilized for War": 2176, "Unlicensed Disintegration": 3337, "Transgress the Mind_SB": 3256, "Briarbridge Tracker": 375, "Hard-Hitting Question": 1403, "Subterranean Schooner": 2981, "Teething Wurmlet": 3062, "Vineglimmer Snarl": 3413, "Briarbridge Tracker_SB": 376, "Hard-Hitting Question_SB": 1404, "Island_SB": 1603, "Unsummon_SB": 3350, "Rampage of the Clans": 2421, "Hangarback Walker_SB": 1396, "Earthshaker Khenra": 898, "Mirran Banesplitter": 1998, "Azorius Guildgate": 197, "Boros Guildgate": 351, "Gate Colossus": 1213, "Gatebreaker Ram": 1214, "Gates Ablaze": 1215, "Gateway Plaza": 1217, "Glaive of the Guildpact": 1271, "Gruul Guildgate": 1372, "Guild Summit": 1379, "Hour of Promise": 1504, "Izzet Guildgate": 1613, "Maze's End": 1957, "Open the Gates": 2192, "Plaza of Harmony": 2322, "Rakdos Guildgate": 2407, "Selesnya Guildgate": 2688, "Simic Guildgate": 2784, "Thran Portal": 3182, "Archway Angel_SB": 141, "Crackling Perimeter_SB": 636, "Strategic Planning": 2971, "Wandering Fumarole": 3468, "Frantic Firebolt_SB": 1177, "Saw It Coming": 2627, "Thirst for Discovery": 3166, "Primal Might": 2351, "Experiment One_SB": 1026, "Toxin Analysis_SB": 3248, "Smoldering Marsh": 2834, "Banehound": 218, "Curator of Mysteries": 672, "Mire Triton": 1997, "Rush of Vitality_SB": 2597, "Goblin Blast-Runner": 1304, "Krenko, Baron of Tin Street": 1752, "Voltage Surge": 3444, "Sunshot Militia_SB": 3002, "Essence Scatter": 1008, "Flow of Knowledge": 1147, "Quick Study_SB": 2388, "Shifting Grift_SB": 2744, "Memorial to Folly": 1965, "Ob Nixilis Reignited_SB": 2158, "Blacklance Paragon": 272, "Brineborn Cutthroat": 381, "Reasonable Doubt": 2450, "Sea-Dasher Octopus": 2659, "Ashiok's Erasure_SB": 153, "Spectral Adversary_SB": 2880, "Arcane Infusion": 120, "Aetherize_SB": 36, "Into the Roil_SB": 1579, "Volcanic Spite_SB": 3439, "Flame-Blessed Bolt_SB": 1129, "Ral, Izzet Viceroy_SB": 2415, "You See a Guard Approach_SB": 3584, "Aether Hub": 33, "Attune with Aether": 177, "Gather the Pack": 1220, "Lotleth Troll": 1880, "Cragplate Baloth_SB": 639, "Sporeweb Weaver_SB": 2914, "Beastie Beatdown": 244, "Return to Nature_SB": 2524, "Karametra's Blessing": 1661, "Agent of the Fates_SB": 49, "Eriette of the Charmed Apple_SB": 992, "Pacifism_SB": 2242, "Evolving Wilds": 1016, "Good-Fortune Unicorn": 1339, "Mossborn Hydra": 2042, "Ochre Jelly": 2169, "Sylvan Scavenging": 3030, "Wildwood Scourge": 3521, "Gaea's Gift_SB": 1199, "Gnarlid Colony_SB": 1294, "Inscription of Abundance_SB": 1561, "Trash the Town_SB": 3258, "Bristling Hydra": 386, "Electrostatic Pummeler": 930, "Fling": 1139, "Ghor-Clan Rampager": 1238, "Harnessed Lightning": 1410, "Servant of the Conduit": 2704, "Axebane Ferox_SB": 190, "Deathgorge Scavenger_SB": 714, "Gruul Spellbreaker_SB": 1373, "Insult // Injury_SB": 1571, "Legion Angel": 1792, "Legion Angel_SB": 1793, "Gideon's Triumph_SB": 1256, "Deeproot Champion": 728, "Quirion Dryad": 2393, "Hopeful Vigil": 1493, "Sigil of the Empty Throne": 2769, "Spirit-Sister's Call": 2906, "Banishing Light_SB": 224, "Cast Out_SB": 455, "Dreadhorde Invasion_SB": 861, "Trespasser's Curse_SB": 3266, "Arashin Foremost": 115, "Blood-Chin Rager": 303, "Chief of the Edge": 525, "Gutterbones": 1380, "Mardu Strike Leader": 1935, "Mardu Woe-Reaper": 1936, "Rally the Ranks": 2418, "Secure the Wastes": 2678, "Usher of the Fallen": 3368, "Think Twice": 3163, "Sphinx's Revelation_SB": 2894, "Angel of Invention": 84, "Combat Celebrant": 581, "God-Pharaoh's Gift": 1328, "Refurbish": 2476, "Arashin Cleric_SB": 114, "Spinner of Souls_SB": 2902, "Seal from Existence": 2663, "Ghostly Dancers_SB": 1242, "Seal from Existence_SB": 2664, "Outrageous Robbery": 2221, "Connive // Concoct_SB": 603, "Boltwave_SB": 327, "Fatal Grudge": 1068, "Valley Floodcaller_SB": 3382, "Valorous Stance_SB": 3385, "Pillage the Bog_SB": 2313, "Aether Channeler": 29, "Fiery Annihilation_SB": 1107, "Reckless Stormseeker_SB": 2460, "Arahbo, the First Fang": 113, "Felidar Cub": 1092, "Feline Sovereign": 1093, "Sacred Cat": 2599, "Savannah Lions": 2623, "Archfiend of Depravity": 131, "Archfiend of Depravity_SB": 132, "Loot, Exuberant Explorer": 1869, "Quicken": 2389, "Banish into Fable": 221, "Furnace Punisher": 1193, "Invasive Surgery_SB": 1592, "Thousand-Year Storm": 3180, "Cathartic Pyre_SB": 471, "Tamiyo, Collector of Tales_SB": 3049, "Anthem of Champions_SB": 104, "Fear of Abduction": 1076, "Overwhelming Remorse_SB": 2238, "Return the Favor_SB": 2523, "Dennick, Pious Apprentice_SB": 753, "Sire of Seven Deaths_SB": 2795, "Dissection Tools": 802, "Dollmaker's Shop && Porcelain Gallery": 815, "Kami of Transience": 1659, "Surgical Suite && Hospital Room_SB": 3013, "Regal Bunnicorn": 2478, "Ashiok, Wicked Manipulator": 160, "Case of the Uneaten Feast": 452, "Trelasarra, Moon Dancer": 3265, "Floriferous Vinewall": 1145, "Urborg Lhurgoyf": 3360, "Aether Channeler_SB": 30, "Zephyr Sentinel_SB": 3597, "Kambal, Consul of Allocation": 1656, "Tectonic Hazard_SB": 3061, "Harmonious Archon": 1408, "Sandstorm Salvager": 2613, "Surrak Dragonclaw": 3014, "Frantic Scapegoat": 1178, "Ritual of Soot": 2544, "Inscription of Ruin": 1562, "Callous Sell-Sword_SB": 430, "Breeding Pool_SB": 374, "Woodland Bellower": 3552, "Inspiring Veteran": 1570, "Knight of Dusk's Shadow": 1722, "Tournament Grounds": 3246, "Venerable Knight": 3400, "Worthy Knight": 3561, "Filter Out": 1114, "Chance for Glory": 499, "Teferi, Who Slows the Sunset": 3067, "Bag of Holding_SB": 204, "Lifebane Zombie_SB": 1823, "Light Up the Stage_SB": 1826, "God-Pharaoh's Statue_SB": 1329, "Smuggler's Surprise_SB": 2837, "Cindervines": 536, "Fetid Pools": 1102, "Silvergill Adept": 2781, "Triton Shorestalker": 3270, "The Flame of Keld": 3124, "Dreadbore": 856, "Omen of the Forge": 2180, "The Kami War": 3129, "Isareth the Awakener": 1601, "Legion Extruder_SB": 1795, "This Town Ain't Big Enough": 3168, "Remorseful Cleric": 2489, "Bilious Skulldweller": 261, "Fynn, the Fangbearer": 1197, "Heroic Intervention": 1457, "Wasteland Viper": 3488, "Infectious Bite_SB": 1547, "Unauthorized Exit_SB": 3316, "Nahiri's Warcrafting_SB": 2071, "Akal Pakal, First Among Equals": 57, "Simic Manipulator": 2785, "Timestream Navigator": 3203, "Azure Beastbinder_SB": 199, "Mockingbird_SB": 2016, "Simic Manipulator_SB": 2786, "Trygon Predator_SB": 3278, "Kogla, the Titan Ape": 1735, "Cavalier of Thorns_SB": 478, "Ulvenwald Oddity_SB": 3311, "Sylvan Awakening": 3026, "The Mightstone and Weakstone_SB": 3134, "Kogla and Yidaro_SB": 1734, "Trumpeting Carnosaur_SB": 3277, "Dusk // Dawn_SB": 888, "Last Breath_SB": 1777, "Thunderherd Migration": 3195, "Boros Elite": 350, "Mobilized District": 2013, "Spellbook Vendor": 2888, "Sungold Sentinel": 2995, "Banisher Priest_SB": 222, "Bounty Agent_SB": 360, "Rally the Ranks_SB": 2419, "Wicked Wolf_SB": 3516, "Renegade Tactics": 2495, "Fear of Isolation": 1079, "Wayward Guide-Beast": 3493, "Siphon Insight_SB": 2792, "Glorious Protector_SB": 1291, "Niambi, Esteemed Speaker_SB": 2102, "The Wandering Rescuer_SB": 3153, "Syr Ginger, the Meal Ender_SB": 3033, "Augur of Bolas": 180, "Essence Flux": 1007, "Apostle of Purifying Light": 106, "Thran Power Suit": 3183, "Treacherous Blessing_SB": 3261, "Necrotic Wound": 2090, "Necrotic Wound_SB": 2091, "Souls of the Lost_SB": 2872, "Kappa Tech-Wrecker": 1660, "Eldrazi Displacer_SB": 925, "Fleeting Spirit": 1135, "Lore Drakkis": 1876, "Open the Omenpaths": 2193, "Vadrok, Apex of Thunder": 3370, "Crucible of Worlds": 648, "Cult Conscript": 667, "Mukotai Ambusher_SB": 2053, "Cleansing Wildfire_SB": 551, "Vanish into Eternity_SB": 3389, "Tribute to Horobi": 3268, "Vengeful Possession": 3403, "Hidetsugu's Second Rite_SB": 1468, "Nurturing Pixie": 2151, "Preacher of the Schism_SB": 2347, "Pia Nalaar, Consul of Revival": 2302, "Showdown of the Skalds": 2758, "Bassara Tower Archer": 235, "Cloudsteel Kirin": 561, "Lizard Blades": 1859, "Bomat Courier_SB": 329, "Lamplight Phoenix_SB": 1772, "Pawpatch Recruit_SB": 2272, "Sentinel of the Nameless City_SB": 2697, "Ayara's Oathsworn": 191, "Sharp-Eyed Rookie": 2728, "Council of the Absolute_SB": 627, "Adventurous Impulse": 26, "Arcane Proxy": 121, "Chrome Host Seedshark": 532, "See the Truth": 2680, "Ambitious Farmhand": 74, "Helpful Hunter": 1448, "Thalia's Lancers": 3099, "Wilt-Leaf Liege_SB": 3524, "Augur of Autumn_SB": 179, "Lavabrink Venturer_SB": 1780, "Fanatic of Mogis": 1062, "Solphim, Mayhem Dominus": 2853, "Thalia and The Gitrog Monster": 3098, "Dreadbore_SB": 857, "Shatterskull Smashing_SB": 2732, "Prosperous Thief_SB": 2369, "Barkhide Troll": 230, "Gather Courage": 1218, "Tribute to the World Tree": 3269, "Setessan Tactics_SB": 2707, "Bloodthirsty Conqueror": 310, "Dina, Soul Steeper": 789, "Dryad of the Ilysian Grove": 883, "Jaddi Offshoot": 1627, "Retreat to Hagra": 2521, "Bristly Bill, Spine Sower_SB": 388, "Undergrowth Champion_SB": 3325, "Bladehold War-Whip": 278, "Nahiri, Forged in Fury": 2072, "Celestial Armor": 485, "Etali, Primal Conqueror": 1010, "Massacre Wurm": 1945, "Perilous Snare": 2280, "Repurposing Bay_SB": 2500, "Patchwork Automaton": 2261, "Momentum Breaker_SB": 2024, "Crater's Claws": 642, "Zurgo Bellstriker_SB": 3610, "Hare Apparent": 1406, "Mendicant Core, Guidelight": 1970, "Voyager Glidecar": 3451, "Greasewrench Goblin": 1357, "Moonshaker Cavalry_SB": 2035, "Grim Bauble": 1362, "Momentum Breaker": 2023, "Oildeep Gearhulk_SB": 2171, "Count on Luck_SB": 628, "Valor's Flagship": 3384, "Shacklegeist_SB": 2711, "Chaplain of Alms": 515, "Monument to Endurance_SB": 2031, "Sab-Sunen, Luxa Embodied": 2598, "Liliana, Heretical Healer_SB": 1845, "Merfolk Secretkeeper": 1973, "Brightglass Gearhulk": 378, "Dredger's Insight": 872, "Coalstoke Gearhulk": 562, "Memory Guardian": 1968, "Grim Bauble_SB": 1363, "Djeru's Renunciation": 812, "Marauding Mako": 1926, "Monument to Endurance": 2030, "Sunbillow Verge": 2989, "Ketramose, the New Dawn_SB": 1704, "Mukotai Ambusher": 2052, "Bloodghast": 306, "Molt Tender": 2020, "Driven // Despair_SB": 874, "Ashiok, Wicked Manipulator_SB": 161, "Basri, Tomorrow's Champion": 234, "The Speed Demon": 3145, "Intimidation Tactics_SB": 1575, "Oildeep Gearhulk": 2170, "Roxanne, Starfall Savant_SB": 2575, "Optimistic Scavenger_SB": 2197, "Ketramose, the New Dawn": 1703, "Scrabbling Claws": 2646, "Willowrush Verge": 3522, "Radha, Heart of Keld": 2396, "Redshift, Rocketeer Chief": 2472, "Bleachbone Verge": 285, "Detention Chariot": 771, "Tune Up": 3279, "Kaya the Inexorable_SB": 1673, "Thundering Broodwagon": 3196, "Fearless Swashbuckler": 1081, "Gastal Thrillroller": 1212, "Ashiok, Nightmare Weaver": 158, "Hazoret, Godseeker": 1429, "Jace's Defeat_SB": 1616, "Wastewood Verge": 3490, "Avishkar Raceway": 188, "Fuel the Flames_SB": 1191, "Skycrash_SB": 2810, "Mindlink Mech_SB": 1993, "Murderous Cut": 2056, "Anguished Unmaking_SB": 93, "Drownyard Temple": 881, "Quag Feast": 2380, "Boommobile": 342, "Hedron Archive": 1441, "Paradox Engine": 2254, "Portal of Sanctuary": 2337, "Repurposing Bay": 2499, "Terrarion": 3090, "The Mightstone and Weakstone": 3133, "Thran Spider": 3184, "Workshop Assistant": 3554, "Liberator, Urza's Battlethopter_SB": 1817, "Shrapnel Slinger_SB": 2762, "Benthic Biomancer": 254, "Mindspring Merfolk": 1994, "Eaten Alive_SB": 900, "Biting-Palm Ninja_SB": 266, "Burnout Bashtronaut": 411, "Draconautics Engineer": 833, "Howlsquad Heavy": 1505, "Volley Veteran_SB": 3443, "Kazuul's Toll Collector": 1687, "Immersturm Raider": 1530, "The Speed Demon_SB": 3146, "Harrier Strix": 1411, "Hypnotic Grifter": 1518, "Training Grounds": 3253, "Basilisk Collar_SB": 232, "Swiftfoot Boots_SB": 3023, "Stock Up": 2948, "Riverpyre Verge": 2547, "Concealing Curtains": 597, "Riptide Gearhulk_SB": 2538, "Blade Historian": 275, "Pyre of Heroes": 2376, "Night Clubber_SB": 2107, "Aegis Turtle_SB": 27, "Ride's End": 2530, "Crumble to Dust": 654, "Encroaching Wastes": 967, "Gnottvold Slumbermound": 1297, "Haphazard Bombardment": 1400, "Jaya's Greeting": 1630, "Ravager Wurm": 2433, "Rowan, Scholar of Sparks": 2573, "Rubble Reading": 2578, "Sheltered Thicket": 2734, "Structural Distortion": 2976, "Sylvan Primordial": 3029, "Territory Forge": 3091, "Twin Bolt": 3284, "Herbology Instructor_SB": 1454, "Nissa's Defeat_SB": 2119, "Peak Eruption_SB": 2273, "Scrabbling Claws_SB": 2647, "Battle at the Bridge": 237, "Battle at the Bridge_SB": 238, "Borrowed Hostility": 352, "Barbed Batterfist": 227, "Webstrike Elite": 3499, "Demilich_SB": 741, "Progenitor Mimic": 2361, "Steel Seraph": 2941, "Regal Imperiosaur": 2481, "Violent Urge_SB": 3416, "Boon of Boseiju": 343, "Champion of the Perished": 498, "Cryptbreaker": 660, "Dark Salvation": 686, "Dread Wanderer": 855, "Relentless Dead": 2486, "Wayward Servant": 3494, "Zahur, Glory's Past": 3593, "Fighter Class": 1113, "Chainsaw_SB": 497, "Nettle Guard_SB": 2099, "Sword of Forge and Frontier_SB": 3025, "Expedition Map_SB": 1024, "Stock Up_SB": 2949, "Maximize Velocity": 1953, "Birgi, God of Storytelling_SB": 263, "Samut's Sprint": 2605, "Omen of the Dead_SB": 2179, "Medomai the Ageless": 1963, "Riptide Gearhulk": 2537, "Carnage Tyrant": 441, "Gather Courage_SB": 1219, "Feather, the Redeemed": 1083, "Dewdrop Cure": 780, "Healer's Hawk": 1430, "Linden, the Steadfast Queen": 1849, "Rogue's Passage": 2561, "Ruin-Lurker Bat": 2582, "Afterburner Expert": 41, "Keruga, the Macrosage": 1700, "Twinshot Sniper": 3289, "Adorned Pouncer": 24, "Satoru Umezawa": 2618, "Out of Air_SB": 2214, "Cry of the Carnarium": 657, "Calamity's Wake_SB": 422, "Spontaneous Mutation_SB": 2913, "Sunder the Gateway": 2991, "Knight of Grace": 1724, "Bladestitched Skaab": 279, "Lazotep Reaver": 1788, "Enduring Tenacity_SB": 977, "Rocketeer Boostbuggy": 2556, "Chandra, Spark Hunter_SB": 510, "Mortify": 2039, "Fuel the Flames": 1190, "Kraul Whipcracker_SB": 1749, "Dive Down_SB": 808, "Riptide Chimera": 2536, "Witchstalker_SB": 3539, "Soul-Scar Mage_SB": 2868, "Blood Spatter Analysis": 302, "Osseous Sticktwister": 2205, "Korvold, Fae-Cursed King_SB": 1744, "Dive Down": 807, "Jace Reawakened_SB": 1615, "Blessed Defiance": 288, "Seasoned Hallowblade": 2674, "The Mycosynth Gardens": 3136, "Alrund's Epiphany": 70, "Loot, the Pathfinder": 1870, "Burning Earth_SB": 407, "Fugitive Codebreaker": 1192}}