{"vocabulary": {"Blackcleave Cliffs": 227, "Blightstep Pathway": 245, "Blood Crypt": 250, "Callous Sell-Sword": 369, "Claim // Fame": 478, "Den of the Bugbear": 662, "Dreadmaw's Ire": 751, "Emberheart Challenger": 835, "Fatal Push": 934, "Heartfire Hero": 1254, "Infuriate": 1352, "Kumano Faces Kakkazan": 1536, "Manifold Mouse": 1674, "Monastery Swiftspear": 1770, "Monstrous Rage": 1772, "Mountain": 1784, "Professor's Warning": 2064, "Ramunap Ruins": 2128, "Reckless Rage": 2153, "Slickshot Show-Off": 2492, "Sokenzan, Crucible of Defiance": 2514, "Sulfurous Springs": 2636, "Claim // Fame_SB": 479, "Fatal Push_SB": 935, "Ghost Vacuum_SB": 1089, "Go for the Throat_SB": 1139, "Hazoret the Fervent_SB": 1248, "Jegantha, the Wellspring_SB": 1421, "Thoughtseize_SB": 2813, "Unlicensed Hearse_SB": 2961, "Bitter Triumph": 225, "Bloodtithe Harvester": 263, "Cauldron Familiar": 409, "Claim the Firstborn": 480, "Deadly Dispute": 622, "Fable of the Mirror-Breaker": 907, "Hive of the Eye Tyrant": 1292, "Kroxa, Titan of Death's Hunger": 1534, "Mayhem Devil": 1705, "Overgrown Tomb": 1945, "Scavenger's Talent": 2320, "Swamp": 2666, "Takenuma, Abandoned Mire": 2686, "Thornspire Verge": 2806, "Torch the Tower": 2864, "Witch's Oven": 3129, "Ygra, Eater of All": 3165, "Haywire Mite_SB": 1246, "Ob Nixilis, the Adversary_SB": 1884, "Redcap Melee_SB": 2165, "The Meathook Massacre_SB": 2770, "Battlefield Forge": 199, "Concealed Courtyard": 520, "Elegant Parlor": 811, "Fear of Missing Out": 945, "Godless Shrine": 1165, "Greasefang, Okiba Boss": 1188, "Overlord of the Balemurk": 1947, "Parhelion II": 1975, "Sacred Foundry": 2287, "Skysovereign, Consul Flagship": 2482, "Thoughtseize": 2812, "Vanishing Verse": 3008, "Abrade_SB": 4, "Duress_SB": 775, "Reckoner Bankbuster_SB": 2158, "Vanishing Verse_SB": 3009, "Ancestral Anger": 63, "Turn Inside Out": 2908, "Feed the Swarm_SB": 954, "Reckless Rage_SB": 2154, "Sheoldred's Edict_SB": 2413, "Arclight Phoenix": 116, "Artist's Talent": 121, "Brazen Borrower": 314, "Consider": 529, "Fiery Impulse": 971, "Hall of Storm Giants": 1217, "Island": 1398, "Ledger Shredder": 1563, "Lightning Axe": 1596, "Opt": 1916, "Otawara, Soaring City": 1930, "Picklock Prankster": 2021, "Proft's Eidetic Memory": 2066, "Riverglide Pathway": 2240, "Shivan Reef": 2423, "Sleight of Hand": 2489, "Spell Pierce": 2548, "Spirebluff Canal": 2566, "Steam Vents": 2595, "Stormcarved Coast": 2611, "Treasure Cruise": 2891, "Anger of the Gods_SB": 71, "Annul_SB": 80, "Brazen Borrower_SB": 315, "Chandra's Defeat_SB": 440, "Fable of the Mirror-Breaker_SB": 908, "Mystical Dispute_SB": 1802, "Negate_SB": 1824, "Anointed Peacekeeper": 83, "Archon of Emeria": 112, "Aven Interrupter": 151, "Branchloft Pathway": 309, "Brushland": 340, "Collected Company": 498, "Eiganjo, Seat of the Empire": 801, "Elvish Mystic": 830, "Enduring Innocence": 849, "Kellan, Daring Traveler": 1474, "Llanowar Elves": 1620, "Plains": 2031, "Razorverge Thicket": 2140, "Shefet Dunes": 2408, "Skyclave Apparition": 2475, "Temple Garden": 2714, "Thalia, Guardian of Thraben": 2742, "Trostani, Three Whispers": 2903, "Voice of Resurgence": 3039, "Werefox Bodyguard": 3105, "Anointed Peacekeeper_SB": 84, "Brutal Cathar_SB": 342, "Elite Spellbinder_SB": 818, "Gideon, Ally of Zendikar_SB": 1102, "Portable Hole_SB": 2048, "The Wandering Emperor_SB": 2787, "Werefox Bodyguard_SB": 3106, "Baral, Chief of Compliance": 186, "Dig Through Time": 691, "Hidden Strings": 1280, "Into the Flood Maw": 1376, "Jwari Disruption": 1431, "Lier, Disciple of the Drowned": 1586, "Lotus Field": 1641, "Niv-Mizzet, Parun": 1851, "Pore Over the Pages": 2044, "Thespian's Stage": 2792, "Thundering Falls": 2832, "Vizier of Tumbling Sands": 3037, "Wish": 3127, "Aetherflux Reservoir_SB": 29, "Lier, Disciple of the Drowned_SB": 1587, "Narset, Parter of Veils_SB": 1814, "Nine Lives_SB": 1843, "Third Path Iconoclast_SB": 2801, "Titan's Strength": 2848, "Urabrask's Forge_SB": 2980, "Adanto Vanguard": 15, "Caves of Koilos": 422, "Crumb and Get It": 575, "Defiant Strike": 647, "Dragonskull Summit": 738, "Favored Hoplite": 939, "Illuminator Virtuoso": 1333, "Inspiring Vantage": 1369, "Sejiri Shelter": 2369, "Sheltered by Ghosts": 2410, "Spikefield Hazard": 2560, "Adanto Vanguard_SB": 16, "Case of the Crimson Pulse_SB": 386, "Crumb and Get It_SB": 576, "Get Lost_SB": 1081, "Jirina, Dauntless General_SB": 1427, "Atraxa, Grand Unifier": 141, "Case of the Stashed Skeleton": 390, "Duress": 774, "Fountainport": 1028, "Haunted Ridge": 1242, "Heartless Act": 1256, "Mutavault": 1796, "Ob Nixilis, the Adversary": 1883, "Reckoner Bankbuster": 2157, "Sheoldred's Edict": 2412, "Transmogrify": 2884, "Urborg, Tomb of Yawgmoth": 2983, "Volcanic Spite": 3048, "Damping Sphere_SB": 601, "Extinction Event_SB": 900, "Go Blank_SB": 1136, "Heartless Act_SB": 1257, "Hidetsugu Consumes All_SB": 1282, "Magebane Lizard_SB": 1664, "Bala Ged Recovery": 168, "Boseiju, Who Endures": 298, "Botanical Sanctum": 301, "Ketria Triome": 1486, "Mana Confluence": 1672, "Sylvan Scrying": 2679, "Elder Gargaroth_SB": 804, "Galvanic Iteration_SB": 1058, "Into the Flood Maw_SB": 1377, "Thespian's Stage_SB": 2793, "Adarkar Wastes": 17, "Adeline, Resplendent Cathar": 18, "Cavern of Souls": 420, "Coppercoat Vanguard": 541, "Dauntless Bodyguard": 608, "Extraction Specialist": 903, "Hallowed Fountain": 1218, "Hengegate Pathway": 1269, "Hopeful Initiate": 1303, "Mockingbird": 1760, "Recruitment Officer": 2162, "Seachrome Coast": 2343, "Thalia's Lieutenant": 2741, "Veteran Survivor": 3020, "Reflector Mage_SB": 2169, "Wedding Announcement_SB": 3101, "Furnace Reins_SB": 1051, "Copperline Gorge": 542, "Cragcrown Pathway": 559, "Invigorated Rampage": 1390, "Karplusan Forest": 1452, "Play with Fire": 2033, "Snakeskin Veil": 2505, "Stomping Ground": 2607, "Blossoming Defense_SB": 267, "Destructive Revelry_SB": 681, "Pick Your Poison_SB": 2020, "Rampaging Ferocidon_SB": 2126, "Rending Volley_SB": 2186, "Soul-Guide Lantern_SB": 2532, "Torch the Tower_SB": 2865, "Withering Torment_SB": 3137, "Archfiend of the Dross": 108, "Blade of the Oni": 232, "Graveyard Trespasser": 1185, "Molten Collapse": 1764, "Sheoldred, the Apocalypse": 2414, "The Meathook Massacre": 2769, "Unholy Annex // Ritual Chamber": 2954, "Unstoppable Slasher": 2967, "Liliana of the Veil_SB": 1605, "Necromentia_SB": 1819, "Aether Gust_SB": 26, "Ashiok, Dream Render_SB": 127, "Crackling Drake_SB": 557, "Disdainful Stroke_SB": 699, "Hullbreaker Horror_SB": 1318, "Cling to Dust": 491, "Hidetsugu Consumes All": 1281, "Rakdos Joins Up": 2111, "Urabrask's Forge": 2979, "Valgavoth, Terror Eater": 2995, "Sire of Insanity_SB": 2463, "Brightclimb Pathway": 323, "Deification": 650, "Doomskar": 724, "Elspeth Resplendent": 820, "Gideon Blackblade": 1097, "Gideon of the Trials": 1098, "Gideon's Triumph": 1099, "Oath of Kaya": 1880, "Shambling Vent": 2398, "Shattered Sanctum": 2405, "The Birth of Meletis": 2753, "The Wandering Emperor": 2786, "Urza's Sylex": 2986, "Yahenni's Expertise": 3161, "Deafening Silence_SB": 625, "March of Otherworldly Light_SB": 1680, "Path of Peril_SB": 1982, "Rest in Peace_SB": 2201, "Settle the Wreckage_SB": 2389, "Sunset Revelry_SB": 2652, "Dromoka's Command_SB": 765, "Empyrean Eagle": 839, "Hanged Executioner": 1225, "Mausoleum Wanderer": 1702, "Rally of Wings": 2119, "Selfless Spirit": 2375, "Skycat Sovereign": 2474, "Spectral Sailor": 2546, "Supreme Phantom": 2656, "Topplegeist": 2862, "Watcher of the Spheres": 3091, "Errant and Giada_SB": 865, "Fading Hope_SB": 915, "Patch Up_SB": 1978, "Remorseful Cleric_SB": 2184, "Split Up_SB": 2573, "Castle Locthwain": 398, "Castle Vantress": 400, "Clearwater Pathway": 486, "Darkslick Shores": 606, "Dictate of Kruphix": 689, "Drown in the Loch": 768, "Drowned Catacomb": 769, "Ertai Resurrected": 866, "Faerie Mastermind": 919, "Floodpits Drowner": 999, "Geier Reach Sanitarium": 1075, "Make Disappear": 1667, "Narset, Parter of Veils": 1813, "Notion Thief": 1864, "Slitherwisp": 2496, "Soaring Thought-Thief": 2513, "Thieves' Guild Enforcer": 2795, "Underground River": 2947, "Watery Grave": 3092, "Blacklance Paragon_SB": 229, "Cling to Dust_SB": 492, "Cunning Nightbonder_SB": 592, "Legion's End_SB": 1570, "Adult Gold Dragon": 21, "Blooming Marsh": 265, "Deep-Cavern Bat": 641, "Grapple with the Past": 1181, "Grisly Salvage": 1196, "Otherworldly Gaze": 1933, "Questing Beast": 2089, "Soulflayer": 2535, "Striped Riverwinder": 2626, "Urborg Scavengers": 2982, "Zetalpa, Primal Dawn": 3184, "Abrupt Decay_SB": 6, "Savage Summoning_SB": 2306, "Tear Asunder_SB": 2706, "Unmoored Ego_SB": 2965, "Brotherhood's End_SB": 339, "Liliana of the Veil": 1604, "Elesh Norn, Mother of Machines_SB": 815, "Kutzil's Flanker_SB": 1541, "Loran of the Third Path_SB": 1631, "Case of the Filched Falcon": 387, "Cryptic Coat": 583, "Darksteel Citadel": 607, "Ensoul Artifact": 855, "Gleaming Geardrake": 1119, "Inti, Seneschal of the Sun": 1373, "Legion Extruder": 1567, "Shrapnel Blast": 2434, "Smuggler's Copter": 2502, "Spyglass Siren": 2581, "Voldaren Epicure": 3050, "Grafdigger's Cage_SB": 1177, "Shadowspear_SB": 2394, "Dromoka's Command": 764, "Elite Spellbinder": 817, "Virtue of Loyalty": 3027, "Aloe Alchemist": 53, "Atarka's Command": 139, "Blossoming Defense": 266, "Burning-Tree Emissary": 353, "Cunning Coyote": 590, "Cindervines_SB": 471, "Innkeeper's Talent_SB": 1356, "Obliterating Bolt_SB": 1886, "Shapers' Sanctuary_SB": 2399, "Castle Ardenvale": 395, "Deduce": 640, "Deserted Beach": 673, "Dovin's Veto": 729, "Farewell": 931, "Field of Ruin": 966, "Floodfarm Verge": 998, "Get Lost": 1080, "March of Otherworldly Light": 1679, "Memory Deluge": 1714, "No More Lies": 1856, "Portable Hole": 2047, "Restless Anchorage": 2202, "Sunken Citadel": 2646, "Supreme Verdict": 2657, "Teferi, Hero of Dominaria": 2710, "Three Steps Ahead": 2822, "Beza, the Bounding Spring_SB": 215, "Dovin's Veto_SB": 730, "High Noon_SB": 1287, "Knockout Blow_SB": 1510, "Shark Typhoon_SB": 2403, "Battle Cry Goblin": 196, "Cacophony Scamp": 363, "Conspicuous Snoop": 532, "Embercleave": 833, "Exuberant Fuseling": 905, "Foundry Street Denizen": 1026, "Frenzied Goblin": 1039, "Goblin Piledriver": 1151, "Goblin Rabblemaster": 1152, "Legion Loyalist": 1569, "Reckless Bushwhacker": 2150, "Rundvelt Hordemaster": 2274, "Dewdrop Cure_SB": 688, "Invasion of Gobakhan_SB": 1384, "Requisition Raid_SB": 2195, "Thalia, Guardian of Thraben_SB": 2743, "Torpor Orb_SB": 2870, "Pawpatch Recruit": 1988, "End the Festivities_SB": 844, "Kari Zev's Expertise_SB": 1449, "Back to Nature_SB": 164, "Clifftop Retreat": 490, "Colossus Hammer": 510, "Fireblade Charger": 981, "Kellan, the Fae-Blooded": 1476, "Kemba, Kha Enduring": 1477, "Open the Armory": 1912, "Resolute Strike": 2197, "Rockface Village": 2251, "Sigarda's Aid": 2440, "Snow-Covered Mountain": 2510, "Snow-Covered Plains": 2511, "Sundown Pass": 2642, "Thud": 2828, "Light of Hope_SB": 1594, "Loran's Escape_SB": 1633, "Surge of Salvation_SB": 2661, "Thud_SB": 2829, "Jace, Wielder of Mysteries_SB": 1414, "Censor": 431, "Horned Loch-Whale": 1306, "Kutzil's Flanker": 1540, "Meticulous Archive": 1728, "Shark Typhoon": 2402, "Strict Proctor": 2624, "Enduring Curiosity_SB": 848, "Leyline of Sanctity_SB": 1581, "Thought Distortion_SB": 2808, "Stern Dismissal": 2600, "Proft's Eidetic Memory_SB": 2067, "Thassa's Oracle_SB": 2747, "Guardian of Faith_SB": 1205, "Abhorrent Oculus": 1, "Breeding Pool": 319, "Fallaji Archaeologist": 924, "Neoform": 1825, "No One Left Behind": 1858, "Thundertrap Trainer": 2833, "Undercity Sewers": 2945, "Cut Down_SB": 599, "Glissa Sunslayer_SB": 1124, "Pawpatch Formation_SB": 1987, "Clever Impersonator": 487, "Mystic Monastery": 1799, "Overlord of the Boilerbilges": 1949, "Overlord of the Mistmoors": 1953, "Quintorius Kand": 2097, "Raugrin Triome": 2133, "Roaring Furnace && Steaming Sauna": 2245, "Spark Double": 2541, "Trumpeting Carnosaur": 2904, "Warrant // Warden": 3085, "Chandra, Awakened Inferno_SB": 443, "Elspeth's Smite_SB": 822, "Keruga, the Macrosage_SB": 1482, "Reduce // Rubble_SB": 2167, "Abrupt Decay": 5, "Blazemire Verge": 237, "Bring to Light": 329, "Deafening Clarion": 623, "Fabled Passage": 909, "Forest": 1014, "Hostage Taker": 1309, "Hushwood Verge": 1322, "Indatha Triome": 1345, "Jetmir's Garden": 1424, "Knight of Autumn": 1500, "Kolaghan's Command": 1516, "Krenko's Buzzcrusher": 1527, "Leyline Binding": 1573, "Lightning Helix": 1598, "Niv-Mizzet Reborn": 1850, "Niv-Mizzet, Supreme": 1853, "Omnath, Locus of Creation": 1908, "Pillage the Bog": 2026, "Raffine's Tower": 2104, "Savai Triome": 2307, "Spara's Headquarters": 2540, "Sunfall": 2643, "Sylvan Caryatid": 2675, "Unmoored Ego": 2964, "Up the Beanstalk": 2977, "Valki, God of Lies": 2998, "Ziatora's Proving Ground": 3186, "Kambal, Consul of Allocation_SB": 1444, "Notion Thief_SB": 1865, "Yorion, Sky Nomad_SB": 3168, "Galvanic Iteration": 1057, "Temporal Trespass": 2724, "Flicker of Fate": 994, "Glacial Fortress": 1111, "Gloomlake Verge": 1126, "Go for the Throat": 1138, "Nylea's Presence": 1879, "Overlord of the Floodpits": 1951, "Overlord of the Hauntwoods": 1952, "Sunpetal Grove": 2650, "Woodland Cemetery": 3147, "Yorion, Sky Nomad": 3167, "Zagoth Triome": 3178, "Zur, Eternal Schemer": 3193, "Sunfall_SB": 2644, "Rockface Village_SB": 2252, "Ghitu Lavarunner": 1086, "Light Up the Stage": 1592, "Skewer the Critics": 2467, "Soul-Scar Mage": 2533, "Wizard's Lightning": 3141, "Goblin Chainwhirler_SB": 1145, "Razorkin Needlehead_SB": 2137, "Roiling Vortex_SB": 2256, "Sunspine Lynx_SB": 2655, "Witchstalker Frenzy_SB": 3132, "Questing Druid": 2091, "Pyroclasm_SB": 2084, "Raffine's Informant": 2103, "Dreadhorde Arcanist": 747, "Spelunking": 2553, "Heliod's Intervention_SB": 1262, "Beacon Bolt_SB": 200, "Prismari Command_SB": 2062, "Knight of Autumn_SB": 1501, "Zurgo Bellstriker": 3195, "Claim the Firstborn_SB": 481, "Cathar Commando_SB": 405, "Bloodletter of Aclazotz": 258, "Unholy Annex && Ritual Chamber": 2952, "Archfiend of the Dross_SB": 109, "Invoke Despair_SB": 1392, "Unholy Annex && Ritual Chamber_SB": 2953, "Cavalier of Thorns": 416, "Invasion of Ixalan": 1385, "Kiora, Behemoth Beckoner": 1490, "Lair of the Hydra": 1546, "Leyline of the Guildpact": 1582, "Nykthos, Shrine to Nyx": 1877, "Old-Growth Troll": 1899, "Outcaster Trailblazer": 1936, "Polukranos Reborn": 2040, "Storm the Festival": 2610, "Ulvenwald Oddity": 2933, "Cityscape Leveler_SB": 476, "Emrakul, the Promised End_SB": 841, "Scrapshooter_SB": 2335, "Setessan Petitioner_SB": 2386, "The Stone Brain_SB": 2785, "Thrun, Breaker of Silence_SB": 2827, "Enduring Curiosity": 847, "Invasion of Gobakhan": 1383, "Rattlechains": 2131, "Spell Queller": 2550, "Wedding Announcement": 3100, "Enduring Innocence_SB": 850, "Skyclave Apparition_SB": 2476, "Three Steps Ahead_SB": 2823, "Curious Obsession": 595, "Faerie Miscreant": 921, "Geistlight Snare": 1076, "Kaito, Bane of Nightmares": 1437, "Moon-Circuit Hacker": 1776, "Anoint with Affliction_SB": 82, "Kaito Shizuki_SB": 1436, "Spell Pierce_SB": 2549, "Elesh Norn, Mother of Machines": 814, "Enigmatic Incarnation": 854, "Glasspool Mimic": 1118, "High Noon": 1286, "Kroxa and Kunoros": 1533, "Nowhere to Run": 1867, "Noxious Gearhulk": 1869, "Sanctuary Warden": 2296, "Titan of Industry": 2846, "Archon of Emeria_SB": 113, "Ruric Thar, the Unbowed_SB": 2280, "Caretaker's Talent": 378, "Carrot Cake": 382, "Adeline, Resplendent Cathar_SB": 19, "Jadar, Ghoulcaller of Nephalia_SB": 1416, "Sheoldred, the Apocalypse_SB": 2415, "Impulse": 1343, "Lightning Strike": 1601, "Dig Through Time_SB": 692, "Niv-Mizzet, Parun_SB": 1852, "Silence_SB": 2444, "Phantom Interference": 2003, "Shipwreck Marsh": 2422, "Acererak the Archlich": 12, "Gwenna, Eyes of Gaea": 1211, "Honest Rutstein": 1298, "Kinnan, Bonder Prodigy": 1488, "Mox Amber": 1785, "Plaza of Heroes": 2036, "Relic of Legends": 2181, "Rona, Herald of Invasion": 2258, "Tranquil Frillback": 2881, "Boseiju, Who Endures_SB": 299, "Otawara, Soaring City_SB": 1931, "Tranquil Frillback_SB": 2882, "Case of the Gateway Express": 388, "Gleeful Demolition": 1120, "Imodane's Recruiter": 1335, "Knight-Errant of Eos": 1507, "Needleverge Pathway": 1822, "Novice Inspector": 1866, "Resolute Reinforcements": 2196, "Thraben Inspector": 2817, "Venerated Loxodon": 3016, "Warden of the Inner Sky": 3080, "Reidane, God of the Worthy_SB": 2178, "Sheltered by Ghosts_SB": 2411, "Invoke Despair": 1391, "Welcoming Vampire": 3103, "Thalia, Heretic Cathar_SB": 2745, "Discontinuity": 697, "Dream Trawler": 755, "Irrigated Farmland": 1396, "Settle the Wreckage": 2388, "Dream Trawler_SB": 756, "Farewell_SB": 932, "Surge of Righteousness_SB": 2659, "Kolaghan's Command_SB": 1517, "Molten Collapse_SB": 1765, "Indomitable Creativity": 1346, "Negate": 1823, "Prismari Command": 2061, "Temple of Epiphany": 2717, "Fiery Impulse_SB": 972, "Narset's Reversal_SB": 1811, "Outland Liberator": 1937, "Outland Liberator_SB": 1938, "Aclazotz, Deepest Betrayal_SB": 14, "Bishop of Wings": 220, "Giada, Font of Hope": 1092, "Inspiring Overseer": 1368, "Kayla's Reconstruction": 1467, "Resplendent Angel": 2198, "Righteous Valkyrie": 2226, "Containment Priest_SB": 537, "Voice of Resurgence_SB": 3040, "Extinction Event": 899, "Nahiri, the Harbinger": 1806, "Selfless Glyphweaver": 2371, "Deafening Clarion_SB": 624, "Krenko's Buzzcrusher_SB": 1528, "Arboreal Grazer": 97, "Archdruid's Charm": 105, "Dark Petition": 603, "Emergent Ultimatum": 836, "Fae of Wishes": 916, "Hedge Maze": 1258, "Omniscience": 1910, "Approach of the Second Sun_SB": 90, "Emergent Ultimatum_SB": 837, "Sphinx of the Final Word_SB": 2555, "Temporary Lockdown_SB": 2726, "Voyaging Satyr_SB": 3062, "Day's Undoing": 615, "Kaheera, the Orphanguard_SB": 1434, "Darkbore Pathway": 605, "Leyline of the Void_SB": 1584, "Anger of the Gods": 70, "Sweltering Suns_SB": 2669, "Bonecrusher Giant": 282, "Angrath's Rampage_SB": 72, "Mazemind Tome": 1707, "Deadly Cover-Up_SB": 621, "Silundi Vision": 2447, "Declaration in Stone": 638, "Declaration in Stone_SB": 639, "Hazoret the Fervent": 1247, "Destroy Evil_SB": 680, "Careful Cultivation": 377, "Courier's Briefcase": 553, "Esika's Chariot": 871, "Mirrex": 1746, "Rockfall Vale": 2253, "Ledger Shredder_SB": 1564, "Lay Down Arms": 1558, "Prairie Stream": 2055, "Quick Study": 2093, "Forge Devil_SB": 1016, "Charred Foyer && Warped Space_SB": 457, "Caustic Bronco_SB": 411, "Questing Druid_SB": 2092, "Access Tunnel": 11, "Cry of the Carnarium_SB": 580, "Kalitas, Traitor of Ghet_SB": 1442, "March of Wretched Sorrow_SB": 1684, "Misery's Shadow": 1751, "Lightning Axe_SB": 1597, "Glissa Sunslayer": 1123, "Agatha's Soul Cauldron_SB": 38, "Assassin's Trophy_SB": 136, "Bloodchief's Thirst": 255, "Fracture_SB": 1031, "Glistening Deluge_SB": 1125, "Ritual of Soot_SB": 2239, "Temporary Lockdown": 2725, "Sanguine Evangelist": 2301, "Shadowspear": 2393, "Voltage Surge_SB": 3055, "Untimely Malfunction_SB": 2973, "Brave the Elements": 312, "Devouring Light_SB": 685, "Flip the Switch": 997, "Get Out": 1082, "Secrets of the Key": 2358, "Valakut Awakening": 2991, "Kaya, Spirits' Justice_SB": 1466, "Kari Zev, Skyship Raider": 1450, "Screaming Nemesis": 2338, "Raucous Theater": 2132, "Shadowy Backstreet": 2395, "Tamiyo's Safekeeping_SB": 2693, "Bandit's Talent": 174, "Demolition Field": 654, "Go Blank": 1135, "Kalitas, Traitor of Ghet": 1441, "Languish": 1548, "Waste Not": 3087, "Bandit's Talent_SB": 175, "Eidolon of the Great Revel": 799, "Hired Claw": 1290, "Ojer Axonil, Deepest Might": 1897, "Wild Slash": 3116, "Scorching Shot_SB": 2327, "Metamorphic Alteration_SB": 1727, "Annul": 79, "Agatha's Soul Cauldron": 37, "Marvin, Murderous Mimic": 1690, "Tree of Perdition": 2893, "Voldaren Thrillseeker": 3051, "Bitter Triumph_SB": 226, "Haywire Mite": 1245, "Oath of Nissa": 1881, "Arasta of the Endless Web_SB": 96, "Obstinate Baloth_SB": 1890, "Tail Swipe_SB": 2684, "Archangel Elspeth_SB": 103, "Linvala, the Preserver": 1612, "Baneslayer Angel_SB": 179, "Ashen Rider_SB": 124, "Nimble Larcenist_SB": 1841, "Anoint with Affliction": 81, "Kaito Shizuki": 1435, "Restless Reef": 2207, "Change the Equation_SB": 452, "Nighthawk Scavenger_SB": 1836, "Kroxa, Titan of Death's Hunger_SB": 1535, "Brutal Cathar": 341, "Kytheon, Hero of Akros": 1545, "Beza, the Bounding Spring": 214, "Deadly Cover-Up": 620, "Xander's Lounge": 3157, "Yasharn, Implacable Earth": 3162, "Azure Beastbinder": 162, "Barkchannel Pathway": 189, "Bonny Pall, Clearcutter": 284, "Bounding Krasis": 305, "Decimator of the Provinces": 636, "Dreamroot Cascade": 758, "Elder Deep-Fiend": 802, "Fierce Empath": 969, "Insidious Fungus": 1364, "Keen-Eyed Curator": 1472, "Nissa, Vastwood Seer": 1848, "Reclamation Sage": 2159, "Restless Vinestalk": 2211, "Rishkar, Peema Renegade": 2234, "Sentinel of the Nameless City": 2378, "Tishana's Tidebinder": 2844, "Yavimaya Coast": 3164, "Keen-Eyed Curator_SB": 1473, "Sandstalker Moloch_SB": 2298, "Skylasher_SB": 2480, "Demilich": 652, "Ornithopter": 1923, "Chromanticore": 465, "Cragplate Baloth": 560, "Oketra the True": 1898, "Stitcher's Supplier": 2603, "Collective Brutality_SB": 501, "Murderous Rider_SB": 1795, "Cache Grab": 361, "Camellia, the Seedmiser": 371, "Gilded Goose": 1105, "Llanowar Wastes": 1622, "Tarrian's Journal": 2702, "Traverse the Ulvenwald": 2888, "Vinereap Mentor": 3024, "Dreams of Steel and Oil_SB": 760, "Caustic Bronco": 410, "Rush of Adrenaline": 2281, "The Cruelty of Gix": 2756, "Felonious Rage": 959, "Leyline of Resonance": 1578, "Might of the Meek": 1733, "Slickshot Show-Off_SB": 2493, "Ulcerate_SB": 2930, "Silverquill Silencer": 2454, "Phyrexian Fleshgorger": 2012, "Phyrexian Fleshgorger_SB": 2013, "Epic Downfall_SB": 861, "Search for Azcanta": 2348, "Deathcap Glade": 627, "Pawpatch Formation": 1986, "Graveyard Trespasser_SB": 1186, "Parting Gust_SB": 1977, "Young Pyromancer_SB": 3173, "Scavenging Ooze": 2322, "Wolfwillow Haven": 3144, "Forest_SB": 1015, "Elder Gargaroth": 803, "Kenrith, the Returned King": 1479, "Smuggler's Surprise": 2503, "Temple of Mystery": 2720, "Turntimber Symbiosis": 2911, "Zacama, Primal Calamity": 3175, "Dragonlord Dromoka_SB": 737, "Ertai Resurrected_SB": 867, "Languish_SB": 1549, "March of Swirling Mist_SB": 1682, "Realm-Cloaked Giant_SB": 2145, "Velomachus Lorehold_SB": 3014, "Dreams of Steel and Oil": 759, "Mosswood Dreadknight": 1782, "Underground Mortuary": 2946, "Authority of the Consuls": 149, "Cave of the Frost Dragon": 418, "Ossification": 1927, "Reidane, God of the Worthy": 2177, "Omen of the Sea": 1905, "Cavern of Souls_SB": 421, "Nezahal, Primal Tide_SB": 1827, "Overlord of the Boilerbilges_SB": 1950, "Unholy Annex // Ritual Chamber_SB": 2955, "Deep-Cavern Bat_SB": 642, "Misery's Shadow_SB": 1752, "Vaultborn Tyrant": 3012, "Angel of Serenity": 67, "Heliod, the Radiant Dawn": 1264, "Nimble Larcenist": 1840, "Roaring Furnace // Steaming Sauna": 2247, "Sulfur Falls": 2635, "Entity Tracker_SB": 858, "Supreme Verdict_SB": 2658, "Titan of Industry_SB": 2847, "Agent of Treachery": 39, "Chained to the Rocks": 433, "Entity Tracker": 857, "Hinterland Harbor": 1289, "Lightning Helix_SB": 1599, "Kick in the Door": 1487, "Mishra's Research Desk": 1754, "Violent Urge": 3025, "Lithomantic Barrage_SB": 1617, "Lush Portico": 1652, "Soul Partition": 2527, "Moon-Blessed Cleric": 1775, "Glarb, Calamity's Augur": 1114, "Charred Foyer // Warped Space_SB": 458, "Brokers Hideout": 336, "Cabaretti Courtyard": 360, "Cosmic Rebirth": 549, "Escape to the Wilds": 870, "Lotus Cobra": 1640, "Nissa, Resurgent Animist": 1847, "Risen Reef": 2233, "Blot Out_SB": 269, "Mazemind Tome_SB": 1708, "Nine Lives": 1842, "Peer into the Abyss": 1992, "Grand Abolisher_SB": 1179, "Zacama, Primal Calamity_SB": 3176, "Lion Sash": 1614, "Casualties of War_SB": 401, "Culling Ritual_SB": 588, "Doomskar_SB": 725, "Kenrith, the Returned King_SB": 1480, "All That Glitters": 51, "Aqueous Form": 91, "Audacity": 145, "Combat Research": 512, "Ethereal Armor": 880, "Gladecover Scout": 1112, "Kaya's Ghostform": 1459, "Light-Paws, Emperor's Voice": 1595, "Shardmage's Rescue": 2400, "Stubborn Denial": 2628, "Toadstool Admirer": 2851, "Break the Spell_SB": 317, "Doorkeeper Thrull_SB": 726, "Slip Out the Back_SB": 2495, "Warbriar Blessing_SB": 3078, "Bond of Insight": 278, "Lightning Strike_SB": 1602, "Ral, Crackling Wit_SB": 2117, "Lyra Dawnbringer_SB": 1654, "Agent of Treachery_SB": 40, "Elspeth Conquers Death_SB": 819, "Depopulate_SB": 668, "Dokuchi Silencer_SB": 716, "Elspeth's Smite": 821, "Welcoming Vampire_SB": 3104, "Boros Charm": 292, "Deflecting Palm_SB": 649, "Leyline of Combustion_SB": 1576, "Searing Blood_SB": 2350, "Akroan Crusader": 48, "Clever Lumimancer": 488, "Expedite": 888, "Gods Willing_SB": 1167, "Smash to Smithereens_SB": 2498, "Witchstalker Frenzy": 3131, "Showdown of the Skalds_SB": 2433, "Selfless Spirit_SB": 2376, "Dreadmaw's Ire_SB": 752, "Eat to Extinction_SB": 786, "Vivien, Monsters' Advocate_SB": 3036, "Yasharn, Implacable Earth_SB": 3163, "Emeria's Call": 838, "Realmwalker": 2146, "Fiery Temper": 973, "Hollow One": 1295, "Insolent Neonate": 1366, "Ovalchase Daredevil": 1942, "Restless Vents": 2210, "Scrapheap Scrounger": 2333, "Shacklegeist": 2390, "Dreadhorde Invasion": 749, "Unable to Scream": 2936, "Summary Dismissal_SB": 2637, "Obzedat, Ghost Council": 1892, "Pest Control_SB": 2001, "Charming Prince": 455, "Ajani, Sleeper Agent_SB": 44, "Nahiri, the Harbinger_SB": 1807, "Bonecrusher Giant_SB": 283, "Silver Raven": 2448, "Unable to Scream_SB": 2937, "Scrapshooter": 2334, "Fog_SB": 1006, "Kenrith's Transformation_SB": 1478, "Pithing Needle_SB": 2030, "Questing Beast_SB": 2090, "Skysovereign, Consul Flagship_SB": 2483, "Wolfwillow Haven_SB": 3145, "Filter Out_SB": 977, "Divine Smite_SB": 713, "Reckless Impulse": 2152, "Alpine Moon_SB": 56, "Improbable Alliance_SB": 1342, "Reflector Mage": 2168, "Alpha Authority": 54, "Demonic Ruckus": 659, "Gryff's Boon": 1203, "Hammerhand": 1222, "Optimistic Scavenger": 1917, "Sentinel's Eyes": 2380, "Storm Herald": 2609, "Cartouche of Solidarity": 383, "Leyline of Sanctity": 1580, "Warbriar Blessing": 3077, "Soul Partition_SB": 2528, "Beseech the Mirror": 211, "Rush of Dread": 2282, "The End_SB": 2759, "Ygra, Eater of All_SB": 3166, "Path to the World Tree": 1983, "Collision // Colossus": 505, "Furnace Reins": 1050, "Vivien Reid_SB": 3033, "Dragonlord Dromoka": 736, "Bloodletter of Aclazotz_SB": 259, "Cleansing Nova": 482, "Confounding Riddle": 526, "Coveted Falcon": 555, "Idyllic Tutor": 1328, "Rest in Peace": 2200, "Solemnity": 2517, "Palace Siege_SB": 1966, "Big Score": 216, "Dwarven Mine": 782, "Worldspine Wurm_SB": 3151, "Xenagos, God of Revels_SB": 3159, "Cathar Commando": 404, "Isolated Chapel": 1401, "Loran of the Third Path": 1630, "Tenacious Underdog": 2728, "Rush of Dread_SB": 2283, "Blood Baron of Vizkopa_SB": 249, "Change the Equation": 451, "Torrential Gearhulk": 2871, "Chrome Host Seedshark_SB": 467, "Test of Talents_SB": 2738, "March of Wretched Sorrow": 1683, "Hallowed Moonlight_SB": 1220, "Valgavoth, Terror Eater_SB": 2996, "Wear // Tear_SB": 3095, "Fauna Shaman": 938, "Aclazotz, Deepest Betrayal": 13, "Ray of Enfeeblement_SB": 2135, "Tishana's Tidebinder_SB": 2845, "Phyrexian Censor_SB": 2010, "Assassin's Trophy": 135, "Tear Asunder": 2705, "The World Tree": 2791, "Radiant Flames_SB": 2102, "Void Winnower_SB": 3046, "Split Up": 2572, "Rite of the Moth": 2237, "Valgavoth's Faithful": 2992, "Assimilation Aegis": 138, "Candy Trail": 374, "Disruption Protocol": 705, "Dusk Rose Reliquary": 778, "Fomori Vault": 1007, "Golos, Tireless Pilgrim": 1171, "Inventors' Fair": 1389, "Lantern of the Lost": 1550, "Metallic Rebuke": 1723, "Moonsnare Prototype": 1778, "Prophetic Prism": 2071, "The Book of Exalted Deeds": 2754, "The Enigma Jewel": 2760, "Tyrite Sanctum": 2919, "Whir of Invention": 3110, "Citizen's Crowbar_SB": 474, "Ashiok, Dream Render": 126, "Bonebind Orator": 281, "Crashing Drawbridge": 564, "Deathrite Shaman": 631, "Fiend Artisan": 968, "Insidious Roots": 1365, "Moss-Pit Skeleton": 1780, "Osteomancer Adept": 1929, "Rubblebelt Maverick": 2269, "Seed of Hope": 2362, "Shigeki, Jukai Visionary": 2419, "Snarling Gorehound": 2507, "Squirming Emergence": 2584, "Tyvar, Jubilant Brawler": 2923, "Unstoppable Slasher_SB": 2968, "Coordinated Assault": 539, "The Wandering Rescuer": 2788, "Breaking // Entering": 318, "Founding the Third Path": 1025, "Fraying Sanity": 1037, "Jace, the Perfected Mind": 1415, "Maddening Cacophony": 1657, "Soul-Guide Lantern": 2531, "Tasha's Hideous Laughter": 2703, "Bontu's Last Reckoning_SB": 286, "Aetherflux Reservoir": 28, "Come Back Wrong_SB": 513, "Starfield of Nyx": 2590, "Dragonhawk, Fate's Tempest": 735, "Obliterating Bolt": 1885, "Reckless Stormseeker": 2155, "The Akroan War": 2749, "The Huntsman's Redemption": 2765, "Klothys, God of Destiny_SB": 1499, "Hallowed Moonlight": 1219, "Regal Caracal": 2173, "Westvale Abbey": 3108, "Brimaz, King of Oreskos_SB": 326, "Screaming Nemesis_SB": 2339, "Containment Priest": 536, "Extraction Specialist_SB": 904, "Narset, Enlightened Master_SB": 1812, "Izzet Charm": 1405, "Saheeli, Sublime Artificer_SB": 2289, "Cut Down": 598, "Tomik, Wielder of Law": 2860, "Elspeth, Sun's Champion_SB": 826, "Virtue of Persistence_SB": 3030, "Snow-Covered Swamp": 2512, "Cruelclaw's Heist": 573, "Outrageous Robbery_SB": 1941, "Twisted Fealty_SB": 2916, "Voracious Hydra_SB": 3058, "Lovestruck Beast": 1643, "Crackling Drake": 556, "Angrath, the Flame-Chained_SB": 73, "Angel of Serenity_SB": 68, "Up the Beanstalk_SB": 2978, "Nebelgast Herald": 1817, "Eidolon of Rhetoric_SB": 798, "Castle Garenbrig": 397, "Ulamog, the Ceaseless Hunger": 2928, "Monstrous Emergence_SB": 1771, "Prowling Serpopard_SB": 2077, "Castle Embereth": 396, "Scavenger Grounds": 2317, "Pack Rat": 1961, "Silence": 2443, "Sorin, Vengeful Bloodlord": 2525, "Witherbloom Command": 3134, "Hagra Mauling": 1214, "Murderous Rider": 1794, "Restless Cottage": 2204, "Sorin the Mirthless": 2523, "The End": 2758, "Rewind": 2219, "Ancient Cornucopia": 64, "Selfless Glyphweaver_SB": 2372, "Tolsimir, Friend to Wolves_SB": 2857, "Dark Betrayal_SB": 602, "Leyline of Resonance_SB": 1579, "Snow-Covered Island": 2509, "Finale of Devastation": 979, "Kitsa, Otterball Elite": 1497, "Lavaspur Boots": 1555, "Retraction Helix": 2212, "Springleaf Drum": 2579, "Valley Floodcaller": 2999, "Wishclaw Talisman": 3128, "Altar of the Brood_SB": 60, "Kaito, Bane of Nightmares_SB": 1438, "Mox Amber_SB": 1786, "Retraction Helix_SB": 2213, "Fires of Invention": 983, "The Scarab God": 2779, "Cruelclaw's Heist_SB": 574, "Malicious Eclipse_SB": 1671, "Altanak, the Thrice-Called": 59, "Attack-in-the-Box": 143, "Balemurk Leech": 170, "Broodspinner": 337, "Cackling Slasher": 362, "Cathartic Parting": 406, "Coordinated Clobbering": 540, "Flesh Burrower": 993, "Frantic Strength": 1035, "Glimmerlight": 1121, "Grasping Longneck": 1184, "Grievous Wound": 1193, "Innocuous Rat": 1357, "Leyline of the Void": 1583, "Meathook Massacre II": 1709, "Overgrown Zealot": 1946, "Saw": 2311, "Slavering Branchsnapper": 2486, "Spectral Snatcher": 2547, "Spineseeker Centipede": 2561, "Sporogenic Infection": 2577, "Strangled Cemetery": 2620, "Terramorphic Expanse": 2732, "Twitching Doll": 2917, "Valgavoth's Lair": 2993, "Wary Watchdog": 3086, "Winter, Misanthropic Guide": 3126, "Conductive Machete_SB": 524, "Fanatic of the Harrowing_SB": 927, "Final Vengeance_SB": 978, "Friendly Teddy_SB": 1041, "Give In to Violence_SB": 1108, "Manifest Dread_SB": 1673, "Murder_SB": 1791, "Tormod's Crypt_SB": 2869, "Devout Decree_SB": 686, "Cemetery Desecrator": 426, "Escape Tunnel": 869, "Insatiable Avarice_SB": 1360, "Chandra, Dressed to Kill": 444, "Obosh, the Preypiercer_SB": 1888, "Unctus, Grand Metatect": 2942, "Feed the Swarm": 953, "Gods Willing": 1166, "Boros Charm_SB": 293, "Flowstone Infusion_SB": 1005, "Aftermath Analyst": 34, "Annie Joins Up": 78, "Doppelgang": 727, "Lumra, Bellow of the Woods": 1649, "Phylath, World Sculptor": 2006, "Port of Karfell": 2046, "Riveteers Overlook": 2242, "Worldsoul's Rage": 3149, "Exquisite Firecraft_SB": 898, "Skullcrack_SB": 2473, "Rotten Reunion_SB": 2261, "Cathartic Pyre": 407, "Lotus Field_SB": 1642, "Scavenging Ooze_SB": 2323, "Tyrranax Rex_SB": 2921, "Innkeeper's Talent": 1355, "Liliana, the Last Hope": 1609, "Homestead Courage": 1297, "Shardmage's Rescue_SB": 2401, "Skrelv, Defector Mite": 2471, "Slip Out the Back": 2494, "Staggering Insight": 2587, "Hushbringer_SB": 1321, "Natural State_SB": 1816, "Behold the Beyond": 206, "Perilous Voyage_SB": 1998, "Nowhere to Run_SB": 1868, "Discontinuity_SB": 698, "Hostile Hostel": 1310, "Voyaging Satyr": 3061, "Polukranos Reborn_SB": 2041, "Ulamog, the Ceaseless Hunger_SB": 2929, "Unlucky Witness": 2963, "Detention Sphere": 683, "Thalia, Heretic Cathar": 2744, "Virtue of Loyalty_SB": 3028, "Collision // Colossus_SB": 506, "Day's Undoing_SB": 616, "Hostile Investigator": 1311, "Nissa, Ascended Animist": 1845, "Rankle's Prank": 2129, "Repudiate // Replicate": 2191, "Thrun, Breaker of Silence": 2826, "Wrenn and Realmbreaker": 3154, "Colossal Skyturtle_SB": 509, "Song of Totentanz_SB": 2520, "Metamorphic Alteration": 1726, "Aven Interrupter_SB": 152, "Giant Killer_SB": 1096, "Mirrorshell Crab": 1748, "Omen Hawker": 1901, "Horned Loch-Whale_SB": 1307, "Strict Proctor_SB": 2625, "Ashiok, Nightmare Muse": 128, "Deploy the Gatewatch": 666, "Interplanar Beacon": 1372, "Kaya, Intangible Slayer": 1462, "Lukka, Coppercoat Outcast": 1646, "Narset of the Ancient Way": 1810, "Overgrown Farmland": 1944, "Paradise Druid": 1971, "Tamiyo, Collector of Tales": 2694, "Tamiyo, Compleated Sage": 2696, "The Eternal Wanderer": 2761, "Ugin, the Spirit Dragon": 2926, "Vraska, Betrayal's Sting": 3064, "Preacher of the Schism": 2056, "Klothys, God of Destiny": 1498, "Lilah, Undefeated Slickshot": 1603, "Green Sun's Twilight": 1191, "Railway Brawler": 2106, "Tyrranax Rex": 2920, "Vorinclex, Monstrous Raider": 3059, "Invasion of Ixalan_SB": 1386, "Kogla, the Titan Ape_SB": 1515, "Nullhide Ferox_SB": 1873, "The Kenriths' Royal Funeral_SB": 2768, "Katilda, Dawnhart Martyr": 1454, "Katilda, Dawnhart Martyr_SB": 1455, "Highway Robbery": 1288, "Third Path Iconoclast": 2800, "Gideon, Ally of Zendikar": 1101, "Knight of Grace_SB": 1505, "Clockwork Percussionist": 493, "Atarka's Command_SB": 140, "Agadeem's Awakening": 35, "Exorcise_SB": 886, "Collective Brutality": 500, "Detention Sphere_SB": 684, "Cenote Scout": 430, "Deeproot Elite": 644, "Deeproot Pilgrimage": 645, "Forensic Researcher": 1011, "Kiora's Follower": 1489, "Kitesail Larcenist": 1493, "Kumena, Tyrant of Orazca": 1538, "Merfolk Trickster": 1722, "Three Tree City": 2824, "Vodalian Hexcatcher": 3038, "Forensic Researcher_SB": 1012, "Heroic Intervention_SB": 1277, "Kopala, Warden of Waves_SB": 1520, "Lost in the Maze_SB": 1638, "Prophet of Kruphix_SB": 2070, "Snow-Covered Forest": 2508, "Ferocious Werefox_SB": 960, "Hope Tender_SB": 1302, "Helping Hand": 1268, "Jace, Vryn's Prodigy": 1412, "Monastery Mentor": 1768, "Thing in the Ice_SB": 2798, "Tolsimir, Friend to Wolves": 2856, "Nylea's Intervention_SB": 1878, "Unexpected Fangs_SB": 2951, "Starnheim Unleashed_SB": 2591, "Callous Bloodmage": 368, "Linvala, the Preserver_SB": 1613, "Chord of Calling": 464, "Dwynen's Elite": 783, "Elvish Clancaller": 829, "Elvish Warmaster": 832, "Jaspera Sentinel": 1418, "Leaf-Crowned Visionary": 1562, "Secluded Courtyard": 2357, "Shaman of the Pack": 2397, "Tyvar, the Pummeler": 2924, "Pause for Reflection_SB": 1985, "Phyrexian Revoker_SB": 2016, "Reclamation Sage_SB": 2160, "Sentinel of Lost Lore_SB": 2377, "Soulless Jailer_SB": 2536, "Giant Growth": 1094, "Snakeskin Veil_SB": 2506, "Beanstalk Giant": 201, "Bedeck // Bedazzle": 203, "Greater Tanuki": 1190, "Herd Migration": 1274, "Spinewoods Armadillo": 2562, "Consign // Oblivion_SB": 531, "Mirrorshell Crab_SB": 1749, "Quakebringer_SB": 2088, "Vanquish the Horde_SB": 3010, "Drannith Ruins": 741, "Faerie Dreamthief": 917, "Spell Stutter": 2551, "Kaito, Dancing Shadow_SB": 1440, "Overlord of the Balemurk_SB": 1948, "Plumecreed Escort_SB": 2038, "Void Rend": 3044, "Magma Opus": 1665, "Leyline of Hope": 1577, "Speaker of the Heavens": 2543, "Authority of the Consuls_SB": 150, "Possibility Storm": 2052, "Sunset Revelry": 2651, "Blind Obedience_SB": 246, "Outlaws' Merriment_SB": 1939, "Rip Apart_SB": 2228, "Archon of Sun's Grace": 114, "Omen of the Sun": 1906, "Seal Away": 2344, "Starfall Invocation_SB": 2589, "Collateral Damage": 496, "Eidolon of the Great Revel_SB": 800, "Unchained Berserker_SB": 2940, "Rootbound Crag": 2259, "Wandering Mind": 3075, "Bitter Reunion": 224, "Emry, Lurker of the Loch": 842, "Jeskai Ascendancy": 1422, "Restless Spire": 2209, "Saheeli, Sublime Artificer": 2288, "Tormod's Crypt": 2868, "Say Its Name": 2313, "Witherbloom Command_SB": 3135, "Kumena's Speaker": 1537, "Tidebinder Mage_SB": 2837, "Dazzling Theater // Prop Room": 618, "Restless Bivouac": 2203, "Siege Veteran": 2438, "Warleader's Call": 3081, "Yotian Frontliner": 3169, "Aurelia, the Law Above_SB": 148, "Ratchet Bomb_SB": 2130, "Unlicensed Hearse": 2960, "Takenuma, Abandoned Mire_SB": 2687, "Fry_SB": 1045, "Barrier Breach_SB": 191, "Kazuul's Fury": 1470, "Tail Swipe": 2683, "Experimental Synthesizer": 896, "Banefire_SB": 177, "Call of the Death-Dweller": 367, "Goblin Chainwhirler": 1144, "Goblin Ringleader": 1153, "Goblin Trashmaster": 1159, "Skirk Prospector": 2468, "Squee, Dubious Monarch": 2582, "Fecund Greenshell": 949, "Ipnu Rivulet": 1393, "Obscura Storefront": 1889, "Bloodchief's Thirst_SB": 256, "Experimental Frenzy_SB": 895, "Brave the Elements_SB": 313, "Bontu's Monument": 287, "Hashep Oasis": 1236, "Thought-Knot Seer": 2810, "Arlinn, the Pack's Hope_SB": 118, "Eldrazi Obligator_SB": 807, "Thought-Knot Seer_SB": 2811, "Lukka, Coppercoat Outcast_SB": 1647, "Metropolis Reformer": 1729, "Splitskin Doll": 2574, "Consign // Oblivion": 530, "Creative Outburst": 568, "Bedeck // Bedazzle_SB": 204, "Virtue of Persistence": 3029, "Chandra, Acolyte of Flame_SB": 442, "Echoing Deeps": 789, "Ill-Timed Explosion": 1330, "Maestros Theater": 1660, "Mystic Sanctuary": 1801, "Scapeshift": 2315, "Splendid Reclamation": 2571, "The Autonomous Furnace": 2751, "The Hunter Maze": 2764, "Extract the Truth_SB": 902, "Bushwhack": 358, "Cavalier of Flame": 415, "Vraska, Betrayal's Sting_SB": 3065, "Imposing Sovereign": 1340, "Circle of Dreams Druid": 472, "Elvish Visionary": 831, "Deathrite Shaman_SB": 632, "Ruric Thar, the Unbowed": 2279, "Sphinx's Revelation": 2556, "Tale's End": 2688, "Urza's Sylex_SB": 2987, "Chandra, Acolyte of Flame": 441, "Exquisite Firecraft": 897, "Gruul Charm": 1199, "Leyline of Combustion": 1575, "Rampaging Ferocidon": 2125, "Razorkin Needlehead": 2136, "Scorching Dragonfire": 2324, "Torbran, Thane of Red Fell": 2863, "Scorching Dragonfire_SB": 2325, "Regal Caracal_SB": 2174, "Braids, Arisen Nightmare": 307, "Disturbing Mirth": 708, "Hopeless Nightmare": 1305, "Spiteful Hexmage": 2570, "Treacherous Blessing": 2889, "Haunted Ridge_SB": 1243, "Surge of Salvation": 2660, "Arabella, Abandoned Doll": 92, "Giant Killer": 1095, "Tears of Valakut_SB": 2707, "Lazav, the Multifarious": 1560, "Nashi, Searcher in the Dark": 1815, "Slogurk, the Overslime": 2497, "Can't Stay Away": 373, "Basri Ket_SB": 193, "Unwanted Remake_SB": 2974, "Luminarch Aspirant": 1648, "Roaring Furnace // Steaming Sauna_SB": 2248, "Not on My Watch_SB": 1863, "Get Out_SB": 1083, "Fateful Absence": 936, "Doppelgang_SB": 728, "Grand Abolisher": 1178, "Holy Cow": 1296, "Archangel of Tithes_SB": 104, "Conclave Tribunal_SB": 523, "Metropolis Reformer_SB": 1730, "Shalai, Voice of Plenty_SB": 2396, "Fanatical Offering": 930, "Vraska, Golgari Queen_SB": 3067, "Bolas's Citadel": 272, "Catacomb Sifter": 402, "Popular Egotist": 2042, "Priest of Forgotten Gods": 2059, "Prosperous Innkeeper": 2072, "Woe Strider": 3142, "Experimental Confectioner": 894, "Trail of Crumbs": 2878, "Urgent Necropsy": 2984, "Cemetery Illuminator": 428, "Cemetery Illuminator_SB": 429, "Balmor, Battlemage Captain": 171, "Shore Up_SB": 2429, "Solemnity_SB": 2518, "Bag of Holding": 166, "Jace, Architect of Thought": 1410, "Teferi, Master of Time": 2712, "Cleansing Nova_SB": 483, "Eerie Ultimatum_SB": 794, "Inspired Ultimatum_SB": 1367, "Nicol Bolas, Dragon-God_SB": 1831, "Sarkhan the Masterless_SB": 2302, "Soul Search_SB": 2529, "Wrenn's Resolve_SB": 3156, "Thief of Sanity_SB": 2794, "Botanical Brawler": 300, "Bristly Bill, Spine Sower": 333, "Conclave Mentor": 522, "Hardened Scales": 1230, "Kodama of the West Tree": 1511, "Ozolith, the Shattered Spire": 1959, "Stonecoil Serpent": 2608, "Jace Reawakened": 1407, "Teferi, Hero of Dominaria_SB": 2711, "Chandra, Torch of Defiance_SB": 450, "Archangel Avacyn_SB": 101, "Boon-Bringer Valkyrie_SB": 291, "Kazandu Mammoth": 1469, "Restless Prairie": 2206, "Rabid Gnaw": 2100, "Shock": 2424, "Vraska, Golgari Queen": 3066, "Scourge of the Skyclaves": 2330, "Strangle": 2618, "Prosperous Thief": 2074, "Rottenmouth Viper": 2262, "Phyrexian Dragon Engine": 2011, "The Akroan War_SB": 2750, "Azorius Charm": 160, "Scavenger Grounds_SB": 2318, "Fortified Beachhead": 1018, "Approach of the Second Sun": 89, "Bloodsoaked Champion": 260, "Dire Tactics": 696, "General Kudro of Drannith": 1077, "Jirina, Dauntless General": 1426, "Sorin, Vengeful Bloodlord_SB": 2526, "Fortified Village": 1019, "Goldvein Hydra": 1168, "Nightveil Predator": 1837, "Rhonas the Indomitable": 2220, "Samut, Voice of Dissent": 2295, "Depopulate": 667, "Sprite Dragon": 2580, "The Scorpion God_SB": 2781, "Painful Truths_SB": 1964, "The Cruelty of Gix_SB": 2757, "Fading Hope": 914, "Consuming Tide_SB": 534, "Long Goodbye_SB": 1626, "Tocasia's Welcome_SB": 2853, "Golgari Charm_SB": 1169, "Hoarding Broodlord_SB": 1293, "Growth Spiral": 1197, "Realm-Cloaked Giant": 2144, "Sea Gate Restoration": 2341, "Faerie Mastermind_SB": 920, "Shoot the Sheriff_SB": 2427, "Duelist of the Mind": 773, "Steamcore Scholar": 2596, "Ashen Rider": 123, "Despark_SB": 674, "Elesh Norn_SB": 816, "Enduring Vitality": 852, "Kona, Rescue Beastie": 1519, "Portal to Phyrexia": 2050, "Selfless Savior": 2373, "Seraphic Steed": 2381, "Survivors' Encampment": 2665, "The Restoration of Eiganjo": 2777, "Kutzil, Malamet Exemplar_SB": 1543, "Selfless Savior_SB": 2374, "Path of Peril": 1981, "Chandra, Hope's Beacon": 446, "Drag to the Roots": 733, "Noxious Grasp_SB": 1871, "Intrepid Adversary": 1380, "Kaya, Orzhov Usurper_SB": 1465, "Kozilek's Return_SB": 1524, "Alchemist's Gambit": 49, "Zoraline, Cosmos Caller": 3191, "Castle Locthwain_SB": 399, "Renegade Rallier": 2187, "Edgar, Charmed Groom_SB": 791, "Play with Fire_SB": 2034, "Blot Out": 268, "Lively Dirge": 1618, "Stormchaser's Talent": 2612, "Atraxa, Grand Unifier_SB": 142, "Dawnbringer Cleric_SB": 612, "Zareth San, the Trickster_SB": 3181, "Rhonas the Indomitable_SB": 2221, "Whisperwood Elemental_SB": 3112, "Blazemire Verge_SB": 238, "Bond of Revival": 279, "Loran's Escape": 1632, "Den of the Bugbear_SB": 663, "Dispel_SB": 703, "Satoru, the Infiltrator": 2304, "Kitesail Larcenist_SB": 1494, "Viashino Pyromancer": 3021, "Armored Scrapgorger": 120, "Eldrazi Displacer": 805, "Weathered Runestone_SB": 3097, "Blessed Defiance_SB": 244, "Pest Control": 2000, "Restless Fortress": 2205, "Kaya, Intangible Slayer_SB": 1463, "Renounce the Guilds_SB": 2189, "Eidolon of Blossoms": 796, "Wrenn's Resolve": 3155, "Zoyowa Lava-Tongue": 3192, "Exuberant Fuseling_SB": 906, "Reckless Bushwhacker_SB": 2151, "Squee, Dubious Monarch_SB": 2583, "Field of Ruin_SB": 967, "Citywide Bust_SB": 477, "Tyvar, the Pummeler_SB": 2925, "Maximize Velocity_SB": 1704, "Experiment One": 891, "Unclaimed Territory": 2941, "Werewolf Pack Leader": 3107, "Orazca Puzzle-Door": 1920, "Monastery Mentor_SB": 1769, "Enduring Bondwarden": 845, "Hangarback Walker": 1223, "Quirion Beastcaller": 2098, "Bolas's Citadel_SB": 273, "Catacomb Sifter_SB": 403, "Collected Company_SB": 499, "Popular Egotist_SB": 2043, "Prosperous Innkeeper_SB": 2073, "Woe Strider_SB": 3143, "Elvish Archivist_SB": 828, "Izoni, Center of the Web": 1404, "Demon of Dark Schemes_SB": 655, "Fblthp, the Lost": 940, "Teshar, Ancestor's Apostle": 2737, "Arid Archway": 117, "Blue Sun's Twilight": 270, "Clifftop Lookout": 489, "Conduit Pylons": 525, "Dreamdew Entrancer": 757, "Outcaster Greenblade": 1935, "Ugin, the Spirit Dragon_SB": 2927, "Silent Gravestone_SB": 2445, "Korvold, Fae-Cursed King": 1521, "Guardian of Faith": 1204, "Withering Torment": 3136, "Phyrexian Vindicator_SB": 2017, "Suncleanser_SB": 2639, "Gates of Istfell": 1069, "Fateful Absence_SB": 937, "No More Lies_SB": 1857, "Portal to Phyrexia_SB": 2051, "Debt to the Kami": 633, "Debt to the Kami_SB": 634, "Release to the Wind": 2179, "Gyruda, Doom of Depths_SB": 1213, "Angelfire Ignition": 69, "Tenth District Legionnaire": 2730, "Steel Seraph_SB": 2599, "Status // Statue_SB": 2593, "Lofty Denial": 1623, "Lofty Denial_SB": 1624, "Colossal Skyturtle": 508, "Cyclonic Rift": 600, "Rona's Vortex": 2257, "Calix, Guided by Fate": 366, "Generous Visitor": 1078, "Jukai Naturalist": 1429, "Spirited Companion": 2569, "Curse of Silence_SB": 596, "Nighthawk Scavenger": 1835, "Thousand-Faced Shadow": 2815, "Gyruda, Doom of Depths": 1212, "Consecrate // Consume_SB": 528, "Commercial District": 515, "Cease // Desist_SB": 424, "Archon of Absolution_SB": 111, "Case of the Gateway Express_SB": 389, "Cityscape Leveler": 475, "Hidden Necropolis": 1278, "Temple of Malady": 2718, "Temple of Malice": 2719, "Untimely Malfunction": 2972, "Koma, Cosmos Serpent_SB": 1518, "Memory Deluge_SB": 1715, "Touch the Spirit Realm": 2873, "Brimaz, King of Oreskos": 325, "Collector's Cage": 503, "Warping Wail_SB": 3084, "Roaring Furnace && Steaming Sauna_SB": 2246, "Forsaken Miner": 1017, "Undead Sprinter": 2943, "Chandra, Dressed to Kill_SB": 445, "Bloodtithe Collector": 262, "Kitnap": 1495, "Chandra, Torch of Defiance": 449, "Magebane Lizard": 1663, "Goddric, Cloaked Reveler": 1164, "Bonders' Enclave": 280, "Nicol Bolas, Dragon-God": 1830, "Zoetic Glyph": 3188, "Cryptic Coat_SB": 584, "Vampires' Vengeance_SB": 3006, "Destiny Spinner_SB": 678, "Blood Crypt_SB": 251, "Break Out": 316, "Evolving Adaptive": 883, "Pelt Collector": 1995, "Voltaic Brawler": 3056, "Wildfire Wickerfolk": 3118, "Embercleave_SB": 834, "Kraul Harpooner_SB": 1525, "Vengeful Possession_SB": 3018, "Ingenious Prodigy": 1353, "Glarb, Calamity's Augur_SB": 1115, "Bamboo Grove Archer_SB": 173, "Sunken Citadel_SB": 2647, "Mastermind's Acquisition_SB": 1700, "Pick Your Poison": 2019, "Tomik, Distinguished Advokist_SB": 2859, "Season of the Burrow_SB": 2354, "Spinner of Souls": 2563, "Abyssal Harvester": 8, "Zur, Eternal Schemer_SB": 3194, "Burst Lightning": 356, "Blast Zone_SB": 236, "Lantern of the Lost_SB": 1551, "Scab-Clan Berserker_SB": 2314, "Knight-Errant of Eos_SB": 1508, "Boltwave": 274, "Elenda, Saint of Dusk": 812, "Elenda, Saint of Dusk_SB": 813, "Serra Paragon": 2382, "Waste Not_SB": 3088, "High Fae Trickster_SB": 1285, "Slaughter Games_SB": 2485, "Syr Ginger, the Meal Ender": 2680, "Kaito, Cunning Infiltrator": 1439, "Brass Knuckles": 310, "Fabrication Foundry": 910, "Ingenious Smith": 1354, "Leyline Axe": 1572, "Metalwork Colossus": 1725, "Sanctum of Ugin": 2297, "Simulacrum Synthesizer": 2459, "The Irencrag": 2766, "Wedding Invitation": 3102, "Metallic Rebuke_SB": 1724, "Mystic Forge_SB": 1798, "Defabricate": 646, "Varragoth, Bloodsky Sire": 3011, "Emrakul, the Promised End": 840, "Fervent Champion": 962, "Goblin Tomb Raider": 1157, "Stern Dismissal_SB": 2601, "Scrawling Crawler": 2337, "Evangel of Synthesis": 881, "Raffine, Scheming Seer": 2105, "Void Rend_SB": 3045, "Expedition Map": 889, "Dropkick Bomber": 766, "Searslicer Goblin": 2351, "Goblin Ringleader_SB": 1154, "Blooming Blast": 264, "Gallia of the Endless Dance": 1056, "Cemetery Gatekeeper_SB": 427, "Creeping Chill": 569, "Driven // Despair": 762, "Haunted Dead": 1241, "Narcomoeba": 1809, "Prized Amalgam": 2063, "Silversmote Ghoul": 2455, "Tome Scour": 2858, "Wail of the Forgotten": 3069, "Huskburster Swarm_SB": 1323, "Kiora, the Rising Tide": 1491, "Tainted Indulgence": 2685, "Zombify": 3189, "Fragmentize_SB": 1032, "Dawnbringer Cleric": 611, "Elspeth, Sun's Champion": 825, "Camellia, the Seedmiser_SB": 372, "Trail of Crumbs_SB": 2879, "Mission Briefing": 1755, "Not on My Watch": 1862, "Torment of Hailfire_SB": 2866, "Blast Zone": 235, "Drake Hatcher_SB": 739, "Ral, Crackling Wit": 2116, "Hanweir Battlements": 1226, "Response // Resurgence_SB": 2199, "Scorn-Blade Berserker": 2328, "Essence Channeler": 874, "Fountain of Renewal": 1027, "Gifted Aetherborn": 1103, "Heliod, Sun-Crowned": 1263, "Hooded Blightfang": 1300, "Indulging Patrician": 1348, "Revival // Revenge": 2218, "Scoured Barrens": 2329, "Vampire of the Dire Moon": 3004, "Vito, Thorn of the Dusk Rose": 3032, "Voice of the Blessed": 3043, "Deathmark_SB": 629, "Tinybones, Bauble Burglar": 2841, "Curator of Destinies_SB": 593, "Joust Through_SB": 1428, "Lava Axe_SB": 1553, "Skrelv's Hive": 2469, "Flicker of Fate_SB": 995, "Kykar, Zephyr Awakener": 1544, "Infestation Sage": 1351, "Pyroclasm": 2083, "Saiba Cryptomancer": 2290, "Saiba Cryptomancer_SB": 2291, "Ajani, Sleeper Agent": 43, "Nahiri, the Unforgiving_SB": 1808, "Bulk Up": 346, "Alms of the Vein": 52, "Demand Answers": 651, "Grab the Prize": 1175, "Markov Baron": 1689, "Nullpriest of Oblivion": 1874, "Skullcrack": 2472, "Imposing Sovereign_SB": 1341, "Halana and Alena, Partners": 1216, "Blacksmith's Talent": 230, "Herald of Eternal Dawn_SB": 1271, "Temple of Plenty": 2721, "Peer into the Abyss_SB": 1993, "Genesis Wave": 1079, "Lush Oasis": 1651, "Samut, Tyrant Smasher": 2293, "Bouncer's Beatdown_SB": 304, "Soulstone Sanctuary": 2539, "Parting Gust": 1976, "Youthful Valkyrie": 3174, "The Witch's Vanity": 2790, "Voracious Hydra": 3057, "Banner of Kinship": 185, "Elvish Archdruid": 827, "Citanul Stalwart": 473, "Sylvan Messenger_SB": 2676, "Day of Judgment": 613, "Liliana, Dreadhorde General": 1607, "Hornet Queen_SB": 1308, "Cut // Ribbons": 597, "Skrelv's Hive_SB": 2470, "Maelstrom Pulse": 1658, "Blitz of the Thunder-Raptor": 247, "Long River's Pull": 1627, "Unsubstantiate": 2969, "Sugar Coat_SB": 2634, "Unsubstantiate_SB": 2970, "Haunted Cloak": 1240, "Swiftfoot Boots": 2670, "Dread Fugue": 743, "Flameblade Adept": 989, "Ox of Agonas": 1957, "Ill-Timed Explosion_SB": 1331, "Omnath, Locus of Creation_SB": 1909, "Scrapwork Mutt": 2336, "Tyvar's Stand": 2922, "Faithful Mending": 922, "Shadows' Verdict_SB": 2392, "Spawn of Mayhem": 2542, "Karn, Scion of Urza_SB": 1451, "Dusk Legion Duelist": 777, "Bristlebud Farmer": 330, "Phyrexian Obliterator_SB": 2015, "Make Disappear_SB": 1668, "Hooting Mandrills": 1301, "Tasigur, the Golden Fang": 2704, "Toxrill, the Corrosive_SB": 2877, "Calamity, Galloping Inferno": 365, "Charming Scoundrel": 456, "Deflecting Palm": 648, "Fallaji Vanguard": 925, "Fortune, Loyal Steed": 1020, "Furycalm Snarl": 1052, "Hellspur Posse Boss": 1266, "Panharmonicon": 1969, "Requisition Raid": 2194, "Temple of Triumph": 2723, "Terror of the Peaks": 2735, "Witty Roastmaster": 3140, "Aetherstorm Roc_SB": 32, "Anim Pakal, Thousandth Moon_SB": 77, "Chance for Glory_SB": 439, "Demonic Ruckus_SB": 660, "Impact Tremors_SB": 1338, "Lunarch Veteran": 1650, "Skyclave Cleric": 2477, "Ajani, Strength of the Pride_SB": 46, "Davriel, Rogue Shadowmage_SB": 610, "The Raven Man_SB": 2775, "Expansion // Explosion": 887, "Seasons Past": 2356, "Haughty Djinn_SB": 1239, "Gruul Charm_SB": 1200, "Masked Vandal_SB": 1693, "Brass's Tunnel-Grinder": 311, "Goblin Instigator": 1147, "Raise the Past": 2107, "Chained to the Rocks_SB": 434, "Ascendant Spirit": 122, "Faceless Haven": 911, "Plumecreed Escort": 2037, "Icon of Ancestry_SB": 1326, "Kellan, Planar Trailblazer": 1475, "Thassa's Oracle": 2746, "Anguished Unmaking": 74, "Blessed Alliance_SB": 242, "Day of Judgment_SB": 614, "Mystic Repeal_SB": 1800, "Reasonable Doubt_SB": 2148, "Rottenmouth Viper_SB": 2263, "Niv-Mizzet, Visionary_SB": 1855, "Maelstrom Pulse_SB": 1659, "Thing in the Ice": 2797, "Witness Protection_SB": 3139, "Dust Animus_SB": 781, "Phyrexian Arena_SB": 2008, "Hostile Investigator_SB": 1312, "Harvester of Misery_SB": 1235, "Tibalt's Trickery": 2834, "Tibalt's Trickery_SB": 2835, "Heaped Harvest": 1253, "Thassa, God of the Sea": 2748, "Slaughter Games": 2484, "Idol of Endurance": 1327, "Phyrexian Censor": 2009, "Niko Aris": 1838, "Academy Loremaster": 10, "Chainsaw": 435, "Fountainport Bell": 1029, "Glint-Nest Crane": 1122, "Hammer of Purphoros": 1221, "Triton Tactics_SB": 2900, "Shrapnel Blast_SB": 2435, "Sixth Sense": 2466, "Sram, Senior Edificer": 2585, "Alpha Authority_SB": 55, "Scattered Groves": 2316, "Arboreal Grazer_SB": 98, "Vein Ripper": 3013, "Thought Erasure": 2809, "Spring-Loaded Sawblades": 2578, "Kaya's Ghostform_SB": 1460, "Wear Down_SB": 3096, "Culling Ritual": 587, "Blood Baron of Vizkopa": 248, "Crystal Barricade_SB": 586, "Turn the Earth_SB": 2910, "Tenacious Underdog_SB": 2729, "Bala Ged Recovery_SB": 169, "Dowsing Device": 731, "Push // Pull": 2080, "Skyknight Squire": 2479, "Llanowar Visionary": 1621, "Burst Lightning_SB": 357, "Ajani, Caller of the Pride": 42, "Burrowguard Mentor": 355, "Dryad Militant": 771, "Fleecemane Lion": 991, "Kutzil, Malamet Exemplar": 1542, "Melira, the Living Cure": 1712, "Wilt-Leaf Liege": 3121, "Royal Treatment": 2266, "Seal Away_SB": 2345, "Sire of Seven Deaths": 2464, "Niv-Mizzet, Supreme_SB": 1854, "Connive // Concoct_SB": 527, "Torrential Gearhulk_SB": 2872, "Fatal Grudge": 933, "Oracle of Tragedy": 1919, "Think Twice": 2799, "Sphinx's Revelation_SB": 2557, "Commit // Memory": 516, "Herald of Eternal Dawn": 1270, "Hullbreaker Horror": 1317, "Boltwave_SB": 275, "Balustrade Wurm": 172, "Indomitable Creativity_SB": 1347, "Mech Hangar": 1710, "Chandra, Hope's Beacon_SB": 447, "Heliod's Intervention": 1261, "Legion's Landing": 1571, "Maskwood Nexus": 1694, "Volatile Fault": 3047, "Festering Gulch": 963, "Gingerbread Cabin": 1106, "Outrageous Robbery": 1940, "Reality Shift": 2143, "Deputy of Detention": 669, "Lukka, Bound to Ruin_SB": 1645, "Choked Estuary": 463, "Ego Drain": 795, "Faerie Fencing": 918, "Obyra, Dreaming Duelist": 1891, "Shineshadow Snarl": 2421, "Sleep-Cursed Faerie": 2488, "Sunken Hollow": 2648, "Talion, the Kindly Lord": 2691, "Talion's Messenger": 2690, "Twining Twins": 2913, "Crippling Fear_SB": 570, "Flashfreeze_SB": 990, "Phantom Interference_SB": 2004, "Blessed Alliance": 241, "Builder's Talent": 343, "Worldspine Wurm": 3150, "Assemble the Legion_SB": 137, "Runed Halo_SB": 2278, "Fanatical Firebrand": 928, "Goblin Warchief": 1160, "Krenko, Mob Boss": 1530, "Betrayer's Bargain_SB": 213, "By Force_SB": 359, "Strangle_SB": 2619, "Collateral Damage_SB": 497, "Tibalt, Rakish Instigator_SB": 2836, "Game Trail": 1060, "Glorybringer": 1129, "Cankerbloom_SB": 375, "Apostle of Purifying Light_SB": 88, "Chaplain of Alms_SB": 454, "Healer's Hawk_SB": 1252, "Karametra's Blessing_SB": 1448, "Cast Down": 392, "Desecration Demon": 672, "Evolved Sleeper": 882, "Kaervek, the Punisher": 1432, "Mishra's Foundry": 1753, "Ultimate Price": 2931, "Unexpected Fangs": 2950, "Vadmir, New Blood": 2989, "Extract a Confession_SB": 901, "Kitesail Freebooter_SB": 1492, "Pilfer_SB": 2024, "Crawling Barrens": 567, "Ifnir Deadlands": 1329, "Memorial to Folly": 1713, "Power Word Kill": 2053, "Ob Nixilis Reignited_SB": 1882, "Abrade": 3, "Dazzling Angel": 617, "Divine Smite": 712, "Exemplar of Light": 885, "Firemane Avenger": 982, "Wind-Scarred Crag": 3124, "Bomat Courier": 276, "Falkenrath Gorger": 923, "Foreboding Ruins": 1010, "Forerunner of Slaughter": 1013, "Olivia, Mobilized for War": 1900, "Unlicensed Disintegration": 2959, "Rakdos Charm_SB": 2109, "Shock_SB": 2425, "Transgress the Mind_SB": 2883, "Briarbridge Tracker": 321, "Hard-Hitting Question": 1228, "Subterranean Schooner": 2632, "Teething Wurmlet": 2709, "Tough Cookie": 2874, "Vineglimmer Snarl": 3023, "Briarbridge Tracker_SB": 322, "Hard-Hitting Question_SB": 1229, "Island_SB": 1399, "Unsummon_SB": 2971, "Hunter's Talent": 1319, "Night of the Sweets' Revenge": 1834, "Rampage of the Clans": 2123, "Hangarback Walker_SB": 1224, "Royal Treatment_SB": 2267, "The Filigree Sylex_SB": 2762, "Earthshaker Khenra": 785, "Mirran Banesplitter": 1745, "Rimrock Knight": 2227, "Aethersphere Harvester_SB": 31, "Burning Hands_SB": 351, "Azorius Guildgate": 161, "Boros Guildgate": 295, "Dimir Guildgate": 693, "Gate Colossus": 1066, "Gatebreaker Ram": 1067, "Gates Ablaze": 1068, "Gateway Plaza": 1070, "Glaive of the Guildpact": 1113, "Golgari Guildgate": 1170, "Gruul Guildgate": 1201, "Guild Summit": 1207, "Hour of Promise": 1313, "Izzet Guildgate": 1406, "Maze's End": 1706, "Open the Gates": 1913, "Orzhov Guildgate": 1924, "Plaza of Harmony": 2035, "Rakdos Guildgate": 2110, "Selesnya Guildgate": 2370, "Simic Guildgate": 2456, "Thran Portal": 2818, "Archway Angel_SB": 115, "Broken Bond_SB": 335, "Crackling Perimeter_SB": 558, "Enigma Drake": 853, "Strategic Planning": 2623, "Tolarian Terror": 2854, "Wandering Fumarole": 3074, "Essence Scatter_SB": 877, "Frantic Firebolt_SB": 1033, "Absorb": 7, "Behold the Multiverse": 207, "Saw It Coming": 2312, "Thirst for Discovery": 2802, "Aspect of Hydra": 133, "Garruk's Uprising": 1063, "Inscription of Abundance": 1361, "Primal Might": 2060, "Experiment One_SB": 892, "Garruk's Harbinger_SB": 1062, "Drown in Sorrow_SB": 767, "Toxin Analysis_SB": 2876, "Witch's Vengeance_SB": 3130, "Shoot the Sheriff": 2426, "Smoldering Marsh": 2501, "Banehound": 178, "Curator of Mysteries": 594, "Mire Triton": 1744, "Disfigure_SB": 701, "Rush of Vitality_SB": 2284, "Angel of Invention": 66, "Combat Celebrant": 511, "God-Pharaoh's Gift": 1162, "Refurbish": 2170, "Abhorrent Oculus_SB": 2, "Arashin Cleric_SB": 94, "Goblin Blast-Runner": 1141, "Implement of Combustion": 1339, "Krenko, Baron of Tin Street": 1529, "Voltage Surge": 3054, "Sunshot Militia_SB": 2653, "Spinner of Souls_SB": 2564, "Seal from Existence": 2346, "Ghostly Dancers_SB": 1090, "Seal from Existence_SB": 2347, "Essence Scatter": 876, "Flow of Knowledge": 1003, "Haughty Djinn": 1238, "Shore Up": 2428, "Mocking Sprite_SB": 1759, "Quick Study_SB": 2094, "See Double_SB": 2360, "Shifting Grift_SB": 2418, "Nullhide Ferox": 1872, "Steel Leaf Champion": 2597, "Garruk's Uprising_SB": 1064, "Ghalta, Primal Hunger_SB": 1085, "Ram Through_SB": 2122, "Bedlam Reveler": 205, "Frostboil Snarl": 1043, "Warlord's Fury": 3083, "Ox of Agonas_SB": 1958, "Badlands Revival": 165, "Fertile Thicket": 961, "Festerleech": 964, "Foul Orchard": 1022, "Ghalta, Primal Hunger": 1084, "Gix's Command": 1109, "Hedge Shredder": 1259, "Hero's Downfall": 1275, "Jungle Hollow": 1430, "Long Goodbye": 1625, "Quilled Greatwurm": 2096, "Slice from the Shadows": 2490, "Frantic Strength_SB": 1036, "Savor_SB": 2310, "Stab_SB": 2586, "Vraska's Fall_SB": 3063, "Alesha, Who Laughs at Fate": 50, "Davriel, Rogue Shadowmage": 609, "Fell": 957, "Grasp of Darkness": 1182, "Master of Cruelties": 1698, "Rakdos, the Muscle": 2113, "Razorlash Transmogrant": 2138, "Razortrap Gorge": 2139, "Seize the Spoils": 2368, "Illness in the Ranks_SB": 1332, "Kaervek, the Spiteful_SB": 1433, "Painful Quandary_SB": 1963, "Eddymurk Crab": 790, "Ephara's Dispersal": 860, "Stormwing Entity": 2617, "Gnarled Scarhide": 1130, "Madcap Skills": 1656, "Minotaur Skullcleaver": 1743, "Mogis's Marauder": 1762, "Rakdos Cackler": 2108, "Rakdos Shred-Freak": 2112, "Spike Jester": 2559, "Tormented Hero": 2867, "Doom Blade_SB": 721, "Ultimate Price_SB": 2932, "Consuming Aberration": 533, "Contaminated Aquifer": 538, "Didn't Say Please": 690, "Dismal Backwater": 702, "Dreadwaters": 753, "Duskmantle Guildmage": 780, "Fell Specter": 958, "Gnawing Vermin": 1133, "Jhessian Thief": 1425, "Mind Carver": 1736, "Mind Drain": 1737, "Murder": 1790, "Nezumi Informant": 1828, "Orzhov Racketeers": 1925, "Painful Quandary": 1962, "Paranoid Delusions": 1974, "Pilfered Plans": 2025, "Psychic Strike": 2078, "Razzle-Dazzler": 2141, "Read the Bones": 2142, "Short Bow": 2431, "Sleep": 2487, "The Mindskinner": 2773, "Typhoid Rats": 2918, "Wall of Frost": 3073, "Witness Protection": 3138, "Aspect of Lamprey_SB": 134, "Blood Pact_SB": 252, "Crypt Incursion_SB": 581, "Dreadwaters_SB": 754, "Frogify_SB": 1042, "Professor's Warning_SB": 2065, "Rogue's Gloves_SB": 2254, "Sinister Possession_SB": 2461, "Solemn Simulacrum_SB": 2516, "Sphinx of Magosi_SB": 2554, "Thieving Otter_SB": 2796, "Unlikely Aid_SB": 2962, "Zombify_SB": 3190, "Coruscation Mage": 548, "Giant Cindermaw_SB": 1093, "Lightning Mare_SB": 1600, "Wrangle_SB": 3153, "Ancient Imperiosaur": 65, "Belligerent Yearling": 209, "Fight Rigging": 974, "Hulking Raptor": 1316, "Intrepid Paleontologist": 1381, "Ixalli's Lorekeeper": 1403, "Otepec Huntmaster": 1932, "Palani's Hatcher": 1968, "Pugnacious Hammerskull": 2079, "Regisaur Alpha": 2176, "Restless Ridgeline": 2208, "Shifting Ceratops": 2416, "Triumphant Chomp": 2901, "Shifting Ceratops_SB": 2417, "Thrashing Brontodon_SB": 2821, "Triumphant Chomp_SB": 2902, "Goblin Boarders": 1142, "Goblin Heelcutter": 1146, "Goblin Negotiation": 1150, "Goblin Surprise": 1155, "Goblinslide": 1161, "Guttersnipe": 1210, "Hellraiser Goblin": 1265, "Impact Tremors": 1337, "Pyrewild Shaman": 2082, "Redcap Gutter-Dweller": 2163, "Rigging Runner": 2225, "Subterranean Scout": 2633, "Thrill of Possibility": 2825, "War Squeak": 3076, "Zada, Hedron Grinder": 3177, "Frenzied Goblin_SB": 1040, "Goblin Boarders_SB": 1143, "Goblin Surprise_SB": 1156, "Rundvelt Hordemaster_SB": 2275, "Searslicer Goblin_SB": 2352, "Siege-Gang Commander_SB": 2439, "Cruel Somnophage": 572, "Mercurial Spelldancer": 1720, "Mind Sculpt": 1738, "Ruin Crab": 2271, "Sign in Blood": 2442, "Syr Konrad, the Grim": 2682, "Bitter Chill_SB": 223, "Chart a Course_SB": 459, "Sphinx's Tutelage_SB": 2558, "Terisian Mindbreaker_SB": 2731, "Armored Kincaller": 119, "Burning Sun Cavalry": 352, "Captivating Cave": 376, "Cavern Stomper": 419, "Colossadactyl": 507, "Dinotomaton": 695, "Disturbed Slumber": 707, "Earthshaker Dreadmaw": 784, "Hidden Nursery": 1279, "Itzquinth, Firstborn of Gishath": 1402, "Nurturing Bristleback": 1875, "Over the Edge": 1943, "Panicked Altisaur": 1970, "Pathfinding Axejaw": 1984, "Poison Dart Frog": 2039, "Promising Vein": 2069, "Rampaging Ceratops": 2124, "Rumbling Rockslide": 2273, "Scytheclaw Raptor": 2340, "Seeker of Sunlight": 2364, "Seismic Monstrosaur": 2366, "The Skullspore Nexus": 2782, "Walk with the Ancestors": 3072, "Bristling Backwoods": 331, "Deeproot Champion": 643, "Quirion Dryad": 2099, "Temple of Abandon": 2715, "Domri's Ambush_SB": 719, "Blacklance Paragon": 228, "Brineborn Cutthroat": 327, "Cunning Nightbonder": 591, "Reasonable Doubt": 2147, "Sea-Dasher Octopus": 2342, "Ashiok's Erasure_SB": 125, "Spectral Adversary_SB": 2545, "Abandoned Campground": 0, "Dollmaker's Shop // Porcelain Gallery": 718, "Grand Entryway // Elegant Rotunda": 1180, "Gremlin Tamer": 1192, "Inquisitive Glimmer": 1358, "Lionheart Glimmer": 1616, "Niko, Light of Hope": 1839, "Oppressive Rays": 1915, "Builder's Talent_SB": 344, "Divine Resilience_SB": 711, "Fear of Impostors_SB": 943, "Kitnap_SB": 1496, "Minor Misstep_SB": 1742, "Paladin Class_SB": 1967, "Stay Hidden, Stay Silent_SB": 2594, "Feed the Cycle": 951, "Honored Dreyleader": 1299, "Necroblossom Snarl": 1818, "Savor": 2309, "Thornvault Forager": 2807, "Valley Rotcaller": 3001, "Feed the Cycle_SB": 952, "Life Goes On_SB": 1588, "Ayara, First of Locthwain": 157, "Brain Maggot": 308, "Erebos, Bleak-Hearted": 862, "Foulmire Knight": 1024, "Gray Merchant of Asphodel": 1187, "Infernal Grasp": 1350, "Phyrexian Arena": 2007, "Underworld Dreams": 2949, "Warlock Class": 3082, "Corrupt_SB": 547, "Power Word Kill_SB": 2054, "Whack_SB": 3109, "Cinder Glade": 468, "Enter the Unknown": 856, "Mirrorwing Dragon": 1750, "Season of Growth": 2353, "Silverfur Partisan": 2452, "Young Pyromancer": 3172, "Temur Battle Rage_SB": 2727, "Turn Inside Out_SB": 2909, "Unnatural Moonrise_SB": 2966, "Fires of Victory": 984, "Stern Lesson": 2602, "Roast_SB": 2249, "Arcane Infusion": 99, "Peculiar Lighthouse": 1991, "Xenagos, God of Revels": 3158, "Aetherize_SB": 30, "Into the Roil_SB": 1378, "Volcanic Spite_SB": 3049, "Zetalpa, Primal Dawn_SB": 3185, "Flame-Blessed Bolt_SB": 988, "Ral, Izzet Viceroy_SB": 2118, "You See a Guard Approach_SB": 3170, "Aether Hub": 27, "Attune with Aether": 144, "Gather the Pack": 1073, "Lotleth Troll": 1639, "Cragplate Baloth_SB": 561, "Plains_SB": 2032, "Sporeweb Weaver_SB": 2576, "Beastie Beatdown": 202, "Footfall Crater": 1008, "Omnivorous Flytrap": 1911, "Patchwork Beastie": 1980, "Return to Nature_SB": 2217, "Case of the Crimson Pulse": 385, "Vindictive Flamestoker_SB": 3022, "Evolving Wilds": 884, "Gala Greeters": 1055, "Good-Fortune Unicorn": 1172, "Mossborn Hydra": 1781, "Ochre Jelly": 1893, "Ornery Tumblewagg": 1922, "Sylvan Scavenging": 2678, "Wildwood Scourge": 3119, "Gaea's Gift_SB": 1054, "Gnarlid Colony_SB": 1131, "Inscription of Abundance_SB": 1362, "Trash the Town_SB": 2887, "Bristling Hydra": 332, "Electrostatic Pummeler": 810, "Fling": 996, "Ghor-Clan Rampager": 1087, "Harnessed Lightning": 1233, "Servant of the Conduit": 2384, "Axebane Ferox_SB": 155, "Deathgorge Scavenger_SB": 628, "Gruul Spellbreaker_SB": 1202, "Insult // Injury_SB": 1371, "Sorcerous Spyglass_SB": 2522, "Wilt_SB": 3123, "Legion Angel": 1565, "Legion Angel_SB": 1566, "Gideon's Triumph_SB": 1100, "Cast Out": 393, "Demonic Pact": 658, "Doom Foretold": 722, "Hopeful Vigil": 1304, "Kaya's Wrath": 1461, "Sigil of the Empty Throne": 2441, "Spirit-Sister's Call": 2568, "Temple of Silence": 2722, "Trial of Ambition": 2896, "Banishing Light_SB": 183, "Cast Out_SB": 394, "Dreadhorde Invasion_SB": 750, "Trespasser's Curse_SB": 2895, "Arashin Foremost": 95, "Blood-Chin Rager": 254, "Chief of the Edge": 461, "Gutterbones": 1209, "Mardu Strike Leader": 1686, "Mardu Woe-Reaper": 1687, "Rally the Ranks": 2120, "Secure the Wastes": 2359, "Usher of the Fallen": 2988, "Garruk's Harbinger": 1061, "Lifecrafter's Bestiary": 1591, "Feed the Clan_SB": 950, "Skyreaping_SB": 2481, "Alseid of Life's Bounty": 58, "Hateful Eidolon": 1237, "Karametra's Blessing": 1447, "Agent of the Fates_SB": 41, "Dead Weight_SB": 619, "Eriette of the Charmed Apple_SB": 863, "Pacifism_SB": 1960, "Nahiri's Resolve": 1803, "Thousand Moons Smithy": 2814, "Tinker's Tote": 2839, "Dusk Rose Reliquary_SB": 779, "Unidentified Hovership_SB": 2956, "No Witnesses": 1859, "Port Town": 2045, "Refute": 2171, "Temple of Enlightenment": 2716, "Jace, Architect of Thought_SB": 1411, "No Witnesses_SB": 1860, "Disfigure": 700, "Gossip's Talent": 1174, "Karumonix, the Rat King": 1453, "Lord Skitter, Sewer King": 1634, "Persistent Marshstalker": 1999, "Piper of the Swarm": 2028, "Shoreline Looter": 2430, "Tangled Colony": 2698, "Vren, the Relentless": 3068, "Bring the Ending_SB": 328, "Pile On_SB": 2023, "Tangled Colony_SB": 2699, "Abzan Charm": 9, "Deathmist Raptor": 630, "Den Protector": 661, "Mastery of the Unseen": 1701, "Sandsteppe Citadel": 2299, "Satyr Wayfinder": 2305, "Siege Rhino": 2437, "Unyielding Gatekeeper": 2976, "Burn Bright": 347, "Chimney Rabble": 462, "Domri, Anarch of Bolas": 720, "Fissure Wizard": 986, "Goblin Arsonist": 1140, "Goblin Javelineer": 1148, "Goblin Morningstar": 1149, "Goblin Trailblazer": 1158, "Grumgully, the Generous": 1198, "Heraldic Banner": 1272, "Hobgoblin Bandit Lord": 1294, "Hulking Bugbear": 1315, "Renata, Called to the Hunt": 2185, "Return of the Wildspeaker": 2215, "Rhythm of the Wild": 2222, "Subira, Tulzidi Caravanner": 2630, "You See a Pair of Goblins": 3171, "Krenko, Mob Boss_SB": 1531, "Krenko, Tin Street Kingpin_SB": 1532, "Eroded Canyon": 864, "Essence Capture": 873, "Galvanize": 1059, "Mind Spiral": 1739, "Pit of Offerings": 2029, "Scorching Shot": 2326, "Slick Sequence": 2491, "Winged Words": 3125, "Into the Fire_SB": 1375, "Tolarian Terror_SB": 2855, "Wildfire Howl_SB": 3117, "Banishing Light": 182, "Flowerfoot Swordmaster": 1004, "Mabel, Heir to Cragflame": 1655, "Seedglaive Mentor": 2363, "Whiskervale Forerunner": 3111, "Boon of the Wish-Giver": 290, "Drannith Healer": 740, "Drannith Stinger": 742, "Flourishing Fox": 1002, "Frostveil Ambush": 1044, "Go for Blood": 1137, "Memory Leak": 1717, "Startling Development": 2592, "Valiant Rescuer": 2997, "Zenith Flare": 3182, "Burn Down the House": 348, "Flame-Blessed Bolt": 987, "Vampires' Vengeance": 3005, "Pelakka Wurm_SB": 1994, "Mephitic Draught": 1719, "Tithing Blade": 2850, "Corpses of the Lost_SB": 546, "Doom Foretold_SB": 723, "Life of Toshiro Umezawa_SB": 1589, "Edgewall Inn": 792, "Edgewall Innkeeper": 793, "Lucky Clover": 1644, "Midnight Reaper": 1732, "Order of Midnight": 1921, "Smitten Swordmaster": 2499, "Massacre Girl_SB": 1695, "Stormkeld Vanguard_SB": 2613, "Blazing Volley": 239, "Cinderclasm": 469, "Crash Through": 563, "Death-Rattle Oni": 626, "Electrickery": 809, "Kessig Flamebreather": 1483, "Seismic Wave": 2367, "Stolen Vitality": 2606, "Burn Down the House_SB": 349, "Smoldering Egg_SB": 2500, "Swamp_SB": 2667, "Reptilian Reflection": 2190, "Irencrag Pyromancer_SB": 1394, "Jace, Vryn's Prodigy_SB": 1413, "Gnarlroot Trapper": 1132, "Valley Floodcaller_SB": 3000, "Valorous Stance_SB": 3003, "Pillage the Bog_SB": 2027, "Aether Channeler": 24, "Foul Emissary": 1021, "Sublime Epiphany": 2631, "Unauthorized Exit": 2938, "Fiery Annihilation_SB": 970, "Arahbo, the First Fang": 93, "Felidar Cub": 955, "Feline Sovereign": 956, "Sacred Cat": 2286, "Savannah Lions": 2308, "Lion Sash_SB": 1615, "Reckless Stormseeker_SB": 2156, "Archfiend of Depravity": 106, "Archfiend of Depravity_SB": 107, "Fade from History_SB": 913, "Loot, Exuberant Explorer": 1628, "Quicken": 2095, "Banish into Fable": 180, "The Celestus": 2755, "Reluctant Role Model": 2182, "Furnace Punisher": 1049, "March of Swirling Mist": 1681, "Faceless Haven_SB": 912, "Invasive Surgery_SB": 1388, "The Scarab God_SB": 2780, "Pieces of the Puzzle": 2022, "Michiko's Reign of Truth": 1731, "Rite of Oblivion": 2235, "Shatterskull Smashing": 2406, "Tinybones, the Pickpocket": 2842, "Anthem of Champions_SB": 85, "Fear of Abduction": 941, "Blue Sun's Twilight_SB": 271, "Overwhelming Remorse_SB": 1956, "Brotherhood's End": 338, "Return the Favor_SB": 2216, "Gloomshrieker": 1127, "Dennick, Pious Apprentice_SB": 664, "Agatha of the Vile Cauldron": 36, "Bard Class": 188, "Hajar, Loyal Bodyguard": 1215, "Migloz, Maze Crusher": 1734, "Ruby, Daring Tracker": 2270, "Samut, Vizier of Naktamun": 2294, "Targ Nar, Demon-Fang Gnoll": 2701, "Xenagos, the Reveler": 3160, "Stormsplitter": 2616, "Thousand-Year Storm": 2816, "Cathartic Pyre_SB": 408, "Tamiyo, Collector of Tales_SB": 2695, "Dollmaker's Shop && Porcelain Gallery": 717, "Kami of Transience": 1445, "Surgical Suite && Hospital Room_SB": 2662, "Sire of Seven Deaths_SB": 2465, "Regal Bunnicorn": 2172, "Dissection Tools": 706, "Protect the Negotiators_SB": 2076, "Ashiok, Wicked Manipulator": 131, "Ajani, Strength of the Pride": 45, "Case of the Uneaten Feast": 391, "Trelasarra, Moon Dancer": 2894, "Floriferous Vinewall": 1001, "Eldritch Evolution": 808, "Hauntwoods Shrieker": 1244, "Urborg Lhurgoyf": 2981, "Aether Channeler_SB": 25, "Zephyr Sentinel_SB": 3183, "Tectonic Hazard_SB": 2708, "Kambal, Consul of Allocation": 1443, "Stubborn Denial_SB": 2629, "Surrak Dragonclaw": 2663, "Frantic Scapegoat": 1034, "Callous Sell-Sword_SB": 370, "Ritual of Soot": 2238, "Inscription of Ruin": 1363, "Harmonious Archon": 1232, "Sandstorm Salvager": 2300, "Toby, Beastie Befriender": 2852, "Kayla's Reconstruction_SB": 1468, "Destroy Evil": 679, "Serra Paragon_SB": 2383, "Filter Out": 976, "Heartflame Duelist": 1255, "Inspiring Veteran": 1370, "Knight of Dusk's Shadow": 1502, "Knight of the Ebon Legion": 1506, "Tournament Grounds": 2875, "Venerable Knight": 3015, "Worthy Knight": 3152, "Knight of Dusk's Shadow_SB": 1503, "Woodland Bellower": 3146, "Breeding Pool_SB": 320, "Chance for Glory": 438, "Collector's Vault": 504, "Teferi, Who Slows the Sunset": 2713, "Bag of Holding_SB": 167, "Zirda, the Dawnwaker_SB": 3187, "Despise_SB": 676, "Lifebane Zombie_SB": 1590, "Sunspine Lynx": 2654, "Light Up the Stage_SB": 1593, "Weaver of Harmony": 3098, "Isolate_SB": 1400, "Cindervines": 470, "God-Pharaoh's Statue_SB": 1163, "Smuggler's Surprise_SB": 2504, "Wakeroot Elemental_SB": 3071, "The Flame of Keld": 2763, "Fetid Pools": 965, "Silvergill Adept": 2453, "Triton Shorestalker": 2899, "Isareth the Awakener": 1397, "Dreadbore": 745, "Nicol Bolas, the Ravager": 1832, "Omen of the Forge": 1904, "The Kami War": 2767, "Wakeroot Elemental": 3070, "This Town Ain't Big Enough": 2804, "Legion Extruder_SB": 1568, "Lost Legacy_SB": 1637, "The Mightstone and Weakstone_SB": 2772, "Remorseful Cleric": 2183, "Kogla and Yidaro_SB": 1513, "Sylvan Awakening": 2674, "Nissa, Who Shakes the World": 1849, "Bilious Skulldweller": 217, "Chevill, Bane of Monsters": 460, "Fynn, the Fangbearer": 1053, "Ghost Vacuum": 1088, "Heroic Intervention": 1276, "Malakir Rebirth": 1669, "Wasteland Viper": 3089, "Infectious Bite_SB": 1349, "The Royal Scions": 2778, "Unauthorized Exit_SB": 2939, "Nahiri's Warcrafting_SB": 1804, "Akal Pakal, First Among Equals": 47, "Courser of Kruphix": 554, "Simic Manipulator": 2457, "Timestream Navigator": 2838, "Azure Beastbinder_SB": 163, "Mockingbird_SB": 1761, "Simic Manipulator_SB": 2458, "Trygon Predator_SB": 2906, "Vivien, Champion of the Wilds_SB": 3035, "Caretaker's Talent_SB": 379, "Fountainport_SB": 1030, "Rite of Oblivion_SB": 2236, "Depala, Pilot Exemplar": 665, "Magda, Brazen Outlaw": 1661, "Magda, the Hoardmaster": 1662, "Roaming Throne": 2244, "Toolcraft Exemplar": 2861, "Veteran Motorist": 3019, "Kogla, the Titan Ape": 1514, "Vivien, Arkbow Ranger": 3034, "Cavalier of Thorns_SB": 417, "Ulvenwald Oddity_SB": 2934, "Crumbling Vestige": 578, "Kogla and Yidaro": 1512, "Trumpeting Carnosaur_SB": 2905, "Dusk // Dawn_SB": 776, "Last Breath_SB": 1552, "Thunderherd Migration": 2830, "Boros Elite": 294, "Guardian of New Benalia": 1206, "Mobilized District": 1758, "Precinct Captain": 2058, "Soldier of the Pantheon": 2515, "Spellbook Vendor": 2552, "Sungold Sentinel": 2645, "Banisher Priest_SB": 181, "Bounty Agent_SB": 306, "Rally the Ranks_SB": 2121, "Wicked Wolf_SB": 3114, "Overlord of the Mistmoors_SB": 1954, "Fear of Isolation": 944, "Tinybones Joins Up": 2840, "Built to Smash": 345, "Wayward Guide-Beast": 3093, "Voldaren Thrillseeker_SB": 3052, "Renegade Tactics": 2188, "Siphon Insight_SB": 2462, "Imodane's Recruiter_SB": 1336, "Glorious Protector_SB": 1128, "Into the Story": 1379, "Niambi, Esteemed Speaker_SB": 1829, "The Wandering Rescuer_SB": 2789, "Lavinia, Azorius Renegade_SB": 1557, "Syr Ginger, the Meal Ender_SB": 2681, "Demonic Counsel": 657, "Augur of Bolas": 147, "Essence Flux": 875, "Apostle of Purifying Light": 87, "Glass Casket": 1116, "Thran Power Suit": 2819, "Titania, Voice of Gaea_SB": 2849, "Treacherous Blessing_SB": 2890, "Umori, the Collector_SB": 2935, "Glass Casket_SB": 1117, "Grasp of Darkness_SB": 1183, "Necrotic Wound": 1820, "Souls of the Lost": 2537, "Necrotic Wound_SB": 1821, "Souls of the Lost_SB": 2538, "Kappa Tech-Wrecker": 1446, "Eldrazi Displacer_SB": 806, "Experimental Augury": 893, "Fleeting Spirit": 992, "Lore Drakkis": 1635, "Open the Omenpaths": 1914, "Vadrok, Apex of Thunder": 2990, "Crucible of Worlds": 571, "Destiny Spinner": 677, "Sin Collector_SB": 2460, "Cult Conscript": 589, "Cleansing Wildfire_SB": 485, "Vanish into Eternity_SB": 3007, "Mutavault_SB": 1797, "Mukotai Ambusher_SB": 1789, "Tribute to Horobi": 2897, "Hunter's Talent_SB": 1320, "Vengeful Possession": 3017, "Hidetsugu's Second Rite_SB": 1284, "Nurturing Pixie": 1876, "Preacher of the Schism_SB": 2057, "Malcolm, Alluring Scoundrel": 1670, "Pia Nalaar, Consul of Revival": 2018, "Showdown of the Skalds": 2432, "Bassara Tower Archer": 195, "Cloudsteel Kirin": 494, "Lizard Blades": 1619, "Searing Blood": 2349, "Bomat Courier_SB": 277, "Magma Spray_SB": 1666, "Stalactite Stalker": 2588, "Lamplight Phoenix_SB": 1547, "Thirst for Meaning": 2803, "Biting-Palm Ninja": 221, "Dokuchi Silencer": 715, "Silver-Fur Master": 2449, "Massacre Wurm_SB": 1697, "Pawpatch Recruit_SB": 1989, "Soul Transfer": 2530, "Omen of the Dead": 1902, "Sentinel of the Nameless City_SB": 2379, "Sharp-Eyed Rookie": 2404, "Ayara's Oathsworn": 156, "Council of the Absolute_SB": 551, "Spirit of the Labyrinth_SB": 2567, "Adventurous Impulse": 22, "Arcane Proxy": 100, "Chrome Host Seedshark": 466, "See the Truth": 2361, "Ambitious Farmhand": 61, "Cascading Cataracts": 384, "Helpful Hunter": 1267, "Thalia's Lancers": 2740, "Wilt-Leaf Liege_SB": 3122, "Barkhide Troll": 190, "Gather Courage": 1071, "Tribute to the World Tree": 2898, "Setessan Tactics_SB": 2387, "Cavalier of Dawn": 414, "Kotose, the Silent Spider": 1523, "Marina Vendrell": 1688, "Fanatic of Mogis": 926, "Solphim, Mayhem Dominus": 2519, "Thalia and The Gitrog Monster": 2739, "Cosmic Rebirth_SB": 550, "Dreadbore_SB": 746, "Oblivious Bookworm": 1887, "Cerulean Drake_SB": 432, "Lavabrink Venturer_SB": 1554, "Prosperous Thief_SB": 2075, "Recommission": 2161, "Augur of Autumn_SB": 146, "Shatterskull Smashing_SB": 2407, "Bladehold War-Whip": 233, "Nahiri, Forged in Fury": 1805, "Sword of Forge and Frontier": 2672, "Rebel Salvo_SB": 2149, "Bloodthirsty Conqueror": 261, "Dina, Soul Steeper": 694, "Dryad of the Ilysian Grove": 772, "Iridescent Vinelasher": 1395, "Jaddi Offshoot": 1417, "Mirrorpool": 1747, "Retreat to Hagra": 2214, "Bristly Bill, Spine Sower_SB": 334, "Undergrowth Champion_SB": 2948, "Celestial Armor": 425, "Silverback Elder": 2450, "Silverback Elder_SB": 2451, "Deputy of Detention_SB": 670, "Etali, Primal Conqueror": 878, "Floodpits Drowner_SB": 1000, "Massacre Wurm": 1696, "Gifted Aetherborn_SB": 1104, "Perilous Snare": 1996, "Repurposing Bay_SB": 2193, "Mendicant Core, Guidelight": 1718, "Voyager Glidecar": 3060, "Patchwork Automaton": 1979, "Birgi, God of Storytelling": 218, "Crater's Claws": 565, "Zurgo Bellstriker_SB": 3196, "Hare Apparent": 1231, "Chaplain of Alms": 453, "Rune of Might": 2276, "Momentum Breaker_SB": 1767, "Liliana, Heretical Healer_SB": 1608, "Sab-Sunen, Luxa Embodied": 2285, "Greasewrench Goblin": 1189, "Moonshaker Cavalry_SB": 1777, "Zareth San, the Trickster": 3180, "Grim Bauble": 1194, "Momentum Breaker": 1766, "Oildeep Gearhulk_SB": 1896, "Count on Luck_SB": 552, "Monument to Endurance_SB": 1774, "Shacklegeist_SB": 2391, "Valor's Flagship": 3002, "Ossification_SB": 1928, "Grim Bauble_SB": 1195, "Coalstoke Gearhulk": 495, "Djeru's Renunciation": 714, "Marauding Mako": 1677, "Monument to Endurance": 1773, "Sunbillow Verge": 2638, "Ketramose, the New Dawn_SB": 1485, "Mastermind's Acquisition": 1699, "Behold the Multiverse_SB": 208, "Memory Guardian": 1716, "Azor, the Lawbringer": 158, "Brightglass Gearhulk": 324, "Dredger's Insight": 761, "Archfiend's Vessel": 110, "Merfolk Secretkeeper": 1721, "Dreadhorde Arcanist_SB": 748, "Mukotai Ambusher": 1788, "Bloodghast": 257, "Molt Tender": 1763, "Driven // Despair_SB": 763, "Ashiok, Wicked Manipulator_SB": 132, "Anim Pakal, Thousandth Moon": 76, "Basri, Tomorrow's Champion": 194, "Urza's Ruinous Blast_SB": 2985, "The Speed Demon": 2783, "Intimidation Tactics_SB": 1374, "Oildeep Gearhulk": 1895, "Virtue of Strength": 3031, "Bonny Pall, Clearcutter_SB": 285, "Roxanne, Starfall Savant_SB": 2265, "Optimistic Scavenger_SB": 1918, "Willowrush Verge": 3120, "Freestrider Lookout": 1038, "Ketramose, the New Dawn": 1484, "Scrabbling Claws": 2331, "Mosswood Dreadknight_SB": 1783, "Commune with Spirits": 519, "Goro-Goro, Disciple of Ryusei": 1173, "Radha, Heart of Keld": 2101, "Redshift, Rocketeer Chief": 2166, "Bleachbone Verge": 240, "Detention Chariot": 682, "Tune Up": 2907, "Kaya the Inexorable_SB": 1458, "Thundering Broodwagon": 2831, "Fearless Swashbuckler": 946, "Gastal Thrillroller": 1065, "Leyline Binding_SB": 1574, "Ashiok, Nightmare Weaver": 130, "Jace's Defeat_SB": 1409, "Hazoret, Godseeker": 1249, "Boommobile": 288, "Hedron Archive": 1260, "Paradox Engine": 1972, "Portal of Sanctuary": 2049, "Repurposing Bay": 2192, "Terrarion": 2733, "The Mightstone and Weakstone": 2771, "Thran Spider": 2820, "Workshop Assistant": 3148, "Liberator, Urza's Battlethopter_SB": 1585, "Noxious Gearhulk_SB": 1870, "Shrapnel Slinger_SB": 2436, "Norin, Swift Survivalist": 1861, "Mindlink Mech_SB": 1740, "Wastewood Verge": 3090, "Murderous Cut": 1792, "Anguished Unmaking_SB": 75, "Drownyard Temple": 770, "Quag Feast": 2087, "Avishkar Raceway": 153, "Fuel the Flames_SB": 1047, "Skycrash_SB": 2478, "Ashiok, Nightmare Muse_SB": 129, "Benthic Biomancer": 210, "Mindspring Merfolk": 1741, "Eaten Alive_SB": 787, "Biting-Palm Ninja_SB": 222, "Kazuul's Toll Collector": 1471, "Immersturm Raider": 1334, "The Speed Demon_SB": 2784, "Harrier Strix": 1234, "Hypnotic Grifter": 1324, "The Reality Chip": 2776, "Training Grounds": 2880, "Basilisk Collar_SB": 192, "Burnout Bashtronaut": 354, "Draconautics Engineer": 732, "Howlsquad Heavy": 1314, "Volley Veteran_SB": 3053, "Overprotect_SB": 1955, "Swiftfoot Boots_SB": 2671, "Stock Up": 2604, "Liliana, the Last Hope_SB": 1610, "Riverpyre Verge": 2241, "Concealing Curtains": 521, "Blade Historian": 231, "Pyre of Heroes": 2081, "Night Clubber_SB": 1833, "Riptide Gearhulk_SB": 2232, "Aegis Turtle_SB": 23, "Cleansing Wildfire": 484, "Crumble to Dust": 577, "Encroaching Wastes": 843, "Gnottvold Slumbermound": 1134, "Haphazard Bombardment": 1227, "Jaya's Greeting": 1419, "Ravager Wurm": 2134, "Rowan, Scholar of Sparks": 2264, "Rubble Reading": 2268, "Sheltered Thicket": 2409, "Structural Distortion": 2627, "Sylvan Primordial": 2677, "Territory Forge": 2734, "Twin Bolt": 2912, "Herbology Instructor_SB": 1273, "Nissa's Defeat_SB": 1844, "Peak Eruption_SB": 1990, "Scrabbling Claws_SB": 2332, "Analyze the Pollen": 62, "Ride's End": 2223, "Battle at the Bridge": 197, "Spire of Industry": 2565, "Battle at the Bridge_SB": 198, "Murderous Cut_SB": 1793, "Borrowed Hostility": 297, "Barbed Batterfist": 187, "Webstrike Elite": 3099, "Commit // Memory_SB": 517, "Demilich_SB": 653, "Progenitor Mimic": 2068, "Banefire": 176, "Steel Seraph": 2598, "Violent Urge_SB": 3026, "Boon of Boseiju": 289, "Esika's Chariot_SB": 872, "Fighter Class": 975, "Chainsaw_SB": 436, "Nettle Guard_SB": 1826, "Sword of Forge and Frontier_SB": 2673, "Champion of the Perished": 437, "Cryptbreaker": 582, "Dark Salvation": 604, "Dread Wanderer": 744, "Relentless Dead": 2180, "Wayward Servant": 3094, "Zahur, Glory's Past": 3179, "Commune with Dinosaurs": 518, "Marauding Raptor": 1678, "Rampaging Raptor": 2127, "Regal Imperiosaur": 2175, "Ripjaw Raptor": 2229, "Expedition Map_SB": 890, "Stock Up_SB": 2605, "Maximize Velocity": 1703, "Birgi, God of Storytelling_SB": 219, "Samut's Sprint": 2292, "Omen of the Dead_SB": 1903, "Lost Jitte": 1636, "Lazav, Wearer of Faces": 1559, "Medomai the Ageless": 1711, "Fires of Victory_SB": 985, "Riptide Gearhulk": 2231, "Gather Courage_SB": 1072, "Carnage Tyrant": 380, "Feather, the Redeemed": 947, "Feather, the Redeemed_SB": 948, "Etali, Primal Conqueror_SB": 879, "Dewdrop Cure": 687, "Healer's Hawk": 1251, "Linden, the Steadfast Queen": 1611, "Rogue's Passage": 2255, "Ruin-Lurker Bat": 2272, "Afterburner Expert": 33, "Satoru Umezawa": 2303, "Cry of the Carnarium": 579, "Kaya, Orzhov Usurper": 1464, "Calamity's Wake_SB": 364, "Keruga, the Macrosage": 1481, "Twinshot Sniper": 2914, "Twinshot Sniper_SB": 2915, "Anzrag, the Quake-Mole": 86, "Tamiyo's Safekeeping": 2692, "Nissa, Ascended Animist_SB": 1846, "Out of Air_SB": 1934, "Adorned Pouncer": 20, "Roadside Reliquary": 2243, "Spontaneous Mutation_SB": 2575, "Sunder the Gateway": 2640, "Knight of Grace": 1504, "Swan Song_SB": 2668, "Rocketeer Boostbuggy": 2250, "Bladestitched Skaab": 234, "Lazotep Reaver": 1561, "Enduring Tenacity_SB": 851, "Chandra, Spark Hunter_SB": 448, "Azor, the Lawbringer_SB": 159, "Phoenix Chick": 2005, "Mortify": 1779, "Fuel the Flames": 1046, "Gix's Command_SB": 1110, "Sorin the Mirthless_SB": 2524, "Graf Reaver_SB": 1176, "Kraul Whipcracker_SB": 1526, "Dive Down_SB": 710, "Fear of Impostors": 942, "Riptide Chimera": 2230, "Witchstalker_SB": 3133, "Soul-Scar Mage_SB": 2534, "Blood Spatter Analysis": 253, "Demonic Bargain": 656, "Osseous Sticktwister": 1926, "Korvold, Fae-Cursed King_SB": 1522, "Dive Down": 709, "Jace Reawakened_SB": 1408, "Blessed Defiance": 243, "Seasoned Hallowblade": 2355, "The Mycosynth Gardens": 2774, "Burning Earth_SB": 350, "Alrund's Epiphany": 57, "Loot, the Pathfinder": 1629, "Fugitive Codebreaker": 1048, "Tireless Tracker_SB": 2843, "Invasion of New Phyrexia_SB": 1387, "Tangled Florahedron": 2700, "Healer of the Glade_SB": 1250, "Tale's End_SB": 2689, "Gisa, the Hellraiser_SB": 1107, "Ride's End_SB": 2224, "Omen of the Sun_SB": 1907, "Enduring Courage": 846, "Beseech the Mirror_SB": 212, "Commence the Endgame_SB": 514, "Forbidden Friendship": 1009, "Collective Effort_SB": 502, "Perilous Snare_SB": 1997, "Seeker of the Way_SB": 2365, "Redcap Melee": 2164, "Setessan Champion": 2385, "Trapped in the Screen": 2885, "Trapped in the Screen_SB": 2886, "Cryptolith Rite": 585, "Bottomless Pool && Locker Room": 302, "Bottomless Pool && Locker Room_SB": 303, "Knockout Blow": 1509, "Hidetsugu's Second Rite": 1283, "Eidolon of Blossoms_SB": 797, "Incubation Druid": 1344, "Kaya the Inexorable": 1457, "Mistrise Village": 1756, "Ral Zarek": 2115, "Tamiyo, Field Researcher": 2697, "Kunoros, Hound of Athreos_SB": 1539, "Qarsi Revenant": 2085, "Qarsi Revenant_SB": 2086, "Tersa Lightshatter": 2736, "Dragonfire Blade": 734, "Lavaspur Boots_SB": 1556, "Descendant of Storms": 671, "Cease // Desist": 423, "Cram Session": 562, "Insatiable Avarice": 1359, "The Biblioplex": 2752, "Valgavoth's Onslaught": 2994, "Containment Breach_SB": 535, "Environmental Sciences_SB": 859, "Introduction to Annihilation_SB": 1382, "Mascot Exhibition_SB": 1691, "Pest Summoning_SB": 2002, "Elspeth, Storm Slayer": 823, "United Battlefront": 2957, "Voice of Victory": 3041, "Sunder the Gateway_SB": 2641, "Voice of Victory_SB": 3042, "Mox Jasper": 1787, "Mistrise Village_SB": 1757, "Desperate Measures": 675, "Caustic Exhale": 412, "Dispelling Exhale": 704, "Foul-Tongue Invocation": 1023, "Marang River Regent": 1676, "Scavenger Regent": 2319, "Silumgar's Scorn": 2446, "Caustic Exhale_SB": 413, "Strategic Betrayal_SB": 2622, "Cori-Steel Cutter": 544, "Wild Ride": 3115, "Cori-Steel Cutter_SB": 545, "Katilda, Dawnhart Prime": 1456, "Songcrafter Mage": 2521, "Militia Bugler_SB": 1735, "Sunpearl Kirin": 2649, "Rot-Curse Rakshasa": 2260, "History of Benalia": 1291, "Strategic Betrayal": 2621, "Treasure Map": 2892, "Archangel Elspeth": 102, "Painter's Studio && Defaced Gallery": 1965, "This Town Ain't Big Enough_SB": 2805, "Jaya, Fiery Negotiator": 1420, "Gurmag Angler": 1208, "Cori Mountain Monastery": 543, "Stormscale Scion": 2614, "Stormscale Scion_SB": 2615, "Of One Mind": 1894, "Banishing Slash": 184, "Warden of the Grove": 3079, "Surrak, Elusive Hunter_SB": 2664, "United Battlefront_SB": 2958, "White Sun's Twilight_SB": 3113, "Icon of Ancestry": 1325, "Fire Prophecy": 980, "Ghostly Pilferer": 1091, "Paradoxical Outcome_SB": 1973, "Masked Vandal": 1692, "Fanatical Firebrand_SB": 929, "Scavenger's Talent_SB": 2321, "Liliana, Death's Majesty": 1606, "Runed Halo": 2277, "Shiko, Paragon of the Way": 2420, "Decadent Dragon_SB": 635, "Undead Sprinter_SB": 2944, "Boros Reckoner": 296, "Mantis Rider": 1675, "Mardu Siegebreaker": 1685, "Craterhoof Behemoth": 566, "Phyrexian Obliterator": 2014, "Decisive Denial": 637, "Ebondeath, Dracolich": 788, "Ertai's Scorn": 868, "Rakshasa's Bargain": 2114, "Unwind": 2975, "Awaken the Honored Dead_SB": 154, "Carnage Tyrant_SB": 381, "Gaze of Granite_SB": 1074, "Lutri, the Spellchaser_SB": 1653, "Specter's Shriek_SB": 2544, "Elspeth, Storm Slayer_SB": 824, "Jeskai Revelation": 1423}}