{"vocabulary": {"Atraxa, Grand Unifier": 172, "Bitter Triumph": 268, "Blackcleave Cliffs": 270, "Blood Crypt": 297, "Bloodtithe Harvester": 310, "Castle Locthwain": 457, "Fable of the Mirror-Breaker": 1041, "Fabled Passage": 1043, "Fatal Push": 1067, "Fear of Missing Out": 1078, "Godless Shrine": 1329, "Hive of the Eye Tyrant": 1476, "Mountain": 2042, "Plains": 2315, "Rite of the Moth": 2543, "Savai Triome": 2622, "Swamp": 3016, "Takenuma, Abandoned Mire": 3038, "Thoughtseize": 3174, "Titan of Industry": 3209, "Valgavoth, Terror Eater": 3375, "Valgavoth's Faithful": 3372, "Bitter Triumph_SB": 269, "Cut Down_SB": 676, "Damping Sphere_SB": 680, "Duress_SB": 884, "Extinction Event_SB": 1033, "Reckoner Bankbuster_SB": 2460, "The Meathook Massacre_SB": 3131, "Torch the Tower_SB": 3232, "Unlicensed Hearse_SB": 3339, "Abhorrent Oculus": 1, "Beza, the Bounding Spring": 256, "Breeding Pool": 371, "Chained to the Rocks": 491, "Enigmatic Incarnation": 978, "Floodfarm Verge": 1141, "Forest": 1158, "Glasspool Mimic": 1275, "Heliod, the Radiant Dawn": 1444, "Hushwood Verge": 1514, "Jetmir's Garden": 1632, "Ketria Triome": 1703, "Leyline Binding": 1802, "Marina Vendrell": 1934, "Moon-Blessed Cleric": 2029, "Nylea's Presence": 2151, "Overlord of the Boilerbilges": 2227, "Overlord of the Hauntwoods": 2231, "Overlord of the Mistmoors": 2232, "Portable Hole": 2332, "Raugrin Triome": 2430, "Roaring Furnace && Steaming Sauna": 2551, "Sacred Foundry": 2600, "Skyclave Apparition": 2806, "Spara's Headquarters": 2873, "Stomping Ground": 2952, "Temple Garden": 3067, "Up the Beanstalk": 3355, "Archon of Emeria_SB": 137, "Dovin's Veto_SB": 826, "Elesh Norn, Mother of Machines_SB": 932, "High Noon_SB": 1470, "Knockout Blow_SB": 1729, "Sunfall_SB": 2993, "Yasharn, Implacable Earth_SB": 3573, "Yorion, Sky Nomad_SB": 3580, "Bedeck // Bedazzle": 244, "Cavern of Souls": 478, "Creative Outburst": 641, "Eiganjo, Seat of the Empire": 913, "Elegant Parlor": 928, "Island": 1601, "Magma Opus": 1908, "Otawara, Soaring City": 2206, "Quintorius Kand": 2389, "Release to the Wind": 2483, "Spark Double": 2874, "Thundering Falls": 3195, "Trumpeting Carnosaur": 3274, "Watery Grave": 3491, "Zagoth Triome": 3591, "Bedeck // Bedazzle_SB": 245, "Chandra, Awakened Inferno_SB": 502, "Keruga, the Macrosage_SB": 1699, "Mirrorshell Crab_SB": 2001, "Overlord of the Mistmoors_SB": 2233, "Shark Typhoon_SB": 2726, "Thought Distortion_SB": 3170, "Vanquish the Horde_SB": 3392, "Archfiend of the Dross": 132, "Bloodletter of Aclazotz": 305, "Duress": 883, "Field of Ruin": 1102, "March of Wretched Sorrow": 1930, "Mutavault": 2057, "Reckoner Bankbuster": 2459, "Sheoldred's Edict": 2736, "Sunken Citadel": 2995, "Unholy Annex && Ritual Chamber": 3330, "Unstoppable Slasher": 3345, "Urborg, Tomb of Yawgmoth": 3361, "Ashiok, Dream Render_SB": 154, "Go Blank_SB": 1297, "Invoke Despair_SB": 1595, "Misery's Shadow_SB": 2005, "Path of Peril_SB": 2261, "Sheoldred, the Apocalypse_SB": 2739, "Blazemire Verge": 281, "Blooming Marsh": 314, "Cauldron Familiar": 469, "Claim the Firstborn": 543, "Deadly Dispute": 705, "Mayhem Devil": 1952, "Molten Collapse": 2018, "Overgrown Tomb": 2223, "Scavenger's Talent": 2636, "Thornspire Verge": 3167, "Witch's Oven": 3534, "Ygra, Eater of All": 3577, "Haywire Mite_SB": 1423, "Jegantha, the Wellspring_SB": 1630, "Leyline of the Void_SB": 1814, "Ob Nixilis, the Adversary_SB": 2157, "Redcap Melee_SB": 2469, "Thoughtseize_SB": 3175, "Vraska, Golgari Queen_SB": 3458, "Ancestral Anger": 78, "Blightstep Pathway": 289, "Callous Sell-Sword": 426, "Den of the Bugbear": 748, "Dreadhorde Arcanist": 855, "Emberheart Challenger": 956, "Heartfire Hero": 1434, "Kumano Faces Kakkazan": 1757, "Monastery Swiftspear": 2024, "Monstrous Rage": 2026, "Ramunap Ruins": 2424, "Reckless Rage": 2455, "Slickshot Show-Off": 2824, "Sokenzan, Crucible of Defiance": 2846, "Sulfurous Springs": 2984, "Titan's Strength": 3211, "Claim // Fame_SB": 542, "Fatal Push_SB": 1068, "Hazoret the Fervent_SB": 1425, "Reckless Rage_SB": 2456, "Boseiju, Who Endures": 352, "Courser of Kruphix": 627, "Elesh Norn, Mother of Machines": 931, "Get Lost": 1227, "High Noon": 1469, "Knight of Autumn": 1718, "Omnath, Locus of Creation": 2181, "Torch the Tower": 3231, "Elspeth Conquers Death_SB": 937, "Linvala, the Preserver_SB": 1850, "Rest in Peace_SB": 2507, "Castle Ardenvale": 453, "Change the Equation": 510, "Deserted Beach": 759, "Dovin's Veto": 825, "Farewell": 1064, "Fountainport": 1171, "Hall of Storm Giants": 1387, "Hallowed Fountain": 1388, "Hengegate Pathway": 1449, "Jwari Disruption": 1642, "March of Otherworldly Light": 1926, "Memory Deluge": 1963, "Narset, Parter of Veils": 2079, "No More Lies": 2128, "Restless Anchorage": 2508, "Supreme Verdict": 3005, "Teferi, Hero of Dominaria": 3062, "The Wandering Emperor": 3148, "Three Steps Ahead": 3184, "Beza, the Bounding Spring_SB": 257, "Hullbreaker Horror_SB": 1510, "Kutzil's Flanker_SB": 1763, "Mystical Dispute_SB": 2066, "Narset, Parter of Veils_SB": 2080, "Portable Hole_SB": 2333, "Claim // Fame": 541, "Feed the Swarm_SB": 1088, "Urabrask's Forge_SB": 3358, "Arclight Phoenix": 141, "Brazen Borrower": 366, "Consider": 603, "Fiery Impulse": 1107, "Ledger Shredder": 1788, "Lightning Axe": 1829, "Opt": 2192, "Picklock Prankster": 2302, "Proft's Eidetic Memory": 2357, "Riverglide Pathway": 2546, "Sleight of Hand": 2821, "Spell Pierce": 2882, "Spirebluff Canal": 2903, "Steam Vents": 2937, "Stormcarved Coast": 2959, "Treasure Cruise": 3260, "Abrade_SB": 4, "Aether Gust_SB": 32, "Brazen Borrower_SB": 367, "Brotherhood's End_SB": 391, "Crackling Drake_SB": 632, "Negate_SB": 2092, "Might of the Meek": 1983, "Chandra's Defeat_SB": 498, "Rampaging Ferocidon_SB": 2422, "Case of the Stashed Skeleton": 448, "Extinction Event": 1032, "Haunted Ridge": 1419, "Hidetsugu Consumes All": 1465, "Mirrex": 1996, "Ob Nixilis, the Adversary": 2156, "Pyroclasm": 2376, "Transmogrify": 3255, "Volcanic Spite": 3437, "Hidetsugu Consumes All_SB": 1466, "Pyroclasm_SB": 2377, "Adarkar Wastes": 21, "Cleansing Nova": 545, "Coveted Falcon": 629, "Deduce": 722, "Demolition Field": 739, "Fateful Absence": 1069, "Impulse": 1539, "Nine Lives": 2114, "Seachrome Coast": 2660, "Solemnity": 2850, "Nezahal, Primal Tide_SB": 2097, "Pithing Needle_SB": 2313, "Rakdos Joins Up": 2406, "Back to Nature_SB": 200, "Radiant Flames_SB": 2395, "Dig Through Time": 783, "Helping Hand": 1448, "Into the Flood Maw": 1576, "Monastery Mentor": 2022, "Cling to Dust": 555, "Nowhere to Run_SB": 2140, "Commit // Memory": 587, "Geier Reach Sanitarium": 1220, "Authority of the Consuls_SB": 182, "Day's Undoing_SB": 697, "Kaheera, the Orphanguard_SB": 1645, "March of Otherworldly Light_SB": 1927, "Agatha's Soul Cauldron": 45, "Cache Grab": 416, "Darkbore Pathway": 684, "Deathrite Shaman": 714, "Feed the Cycle": 1085, "Forsaken Miner": 1161, "Insidious Roots": 1563, "Priest of Forgotten Gods": 2346, "Rubblebelt Maverick": 2579, "Scrapheap Scrounger": 2648, "Stitcher's Supplier": 2946, "Tyvar, Jubilant Brawler": 3299, "Underground Mortuary": 3322, "Abrupt Decay_SB": 7, "Pick Your Poison_SB": 2301, "Fiery Temper": 1109, "Inti, Seneschal of the Sun": 1573, "Raucous Theater": 2429, "Tree of Perdition": 3262, "Voldaren Thrillseeker": 3440, "Prismari Command": 2350, "Ral, Crackling Wit": 2411, "Alpine Moon_SB": 68, "Prism Ring_SB": 2349, "Ral, Crackling Wit_SB": 2412, "The Filigree Sylex_SB": 3122, "Thing in the Ice_SB": 3160, "Hinterland Harbor": 1473, "Lightning Helix": 1831, "Ziatora's Proving Ground": 3599, "Ruric Thar, the Unbowed_SB": 2593, "Meticulous Archive": 1978, "Settle the Wreckage": 2707, "Temporary Lockdown": 3079, "Farewell_SB": 1065, "Temporary Lockdown_SB": 3080, "Caves of Koilos": 480, "Concealed Courtyard": 592, "Esika's Chariot": 1001, "Greasefang, Okiba Boss": 1355, "Grisly Salvage": 1364, "Liliana of the Veil": 1837, "Mana Confluence": 1916, "Overlord of the Balemurk": 2225, "Parhelion II": 2254, "Raffine's Informant": 2398, "Razorverge Thicket": 2439, "Sheoldred, the Apocalypse": 2738, "Skysovereign, Consul Flagship": 2813, "Knight of Autumn_SB": 1719, "Liliana of the Veil_SB": 1838, "Skysovereign, Consul Flagship_SB": 2814, "Malakir Rebirth": 1912, "Voldaren Epicure": 3439, "Anoint with Affliction_SB": 100, "Molten Collapse_SB": 2019, "Indomitable Creativity": 1542, "Make Disappear": 1910, "Negate": 2091, "Shark Typhoon": 2725, "Shivan Reef": 2748, "Anger of the Gods_SB": 88, "Disdainful Stroke_SB": 792, "Lithomantic Barrage_SB": 1854, "Narset's Reversal_SB": 2077, "Rending Volley_SB": 2490, "Artist's Talent": 147, "Galvanic Iteration": 1201, "Temporal Trespass": 3077, "Prismari Command_SB": 2351, "Third Path Iconoclast_SB": 3163, "Brushland": 393, "Traverse the Ulvenwald": 3257, "Witherbloom Command": 3539, "Containment Priest_SB": 612, "Drag to the Roots_SB": 833, "Gideon, Ally of Zendikar_SB": 1256, "Caretaker's Talent": 436, "Carrot Cake": 440, "Needleverge Pathway": 2090, "Snow-Covered Plains": 2843, "Sundown Pass": 2991, "Sunfall": 2992, "Depopulate_SB": 754, "Wear // Tear_SB": 3494, "Wedding Announcement_SB": 3500, "Glacial Fortress": 1267, "Omen of the Sea": 2178, "Screaming Nemesis_SB": 2654, "Kutzil's Flanker": 1762, "Not on My Watch": 2134, "Bonecrusher Giant": 332, "Caustic Bronco": 470, "Go for the Throat": 1299, "Graveyard Trespasser": 1352, "Kolaghan's Command": 1735, "Kroxa, Titan of Death's Hunger": 1755, "Misery's Shadow": 2004, "Kolaghan's Command_SB": 1736, "Ritual of Soot_SB": 2545, "Sunspine Lynx_SB": 3003, "Collective Brutality": 565, "Nissa, Ascended Animist_SB": 2118, "Copperline Gorge": 617, "Kari Zev, Skyship Raider": 1663, "Play with Fire": 2317, "Screaming Nemesis": 2653, "Soul-Scar Mage": 2866, "Case of the Crimson Pulse_SB": 444, "Feldon, Ronom Excavator_SB": 1090, "Chrome Host Seedshark_SB": 530, "All That Glitters": 62, "Aqueous Form": 109, "Audacity": 177, "Botanical Sanctum": 355, "Cartouche of Solidarity": 441, "Curious Obsession": 670, "Ethereal Armor": 1010, "Generous Visitor": 1225, "Gladecover Scout": 1268, "Gryff's Boon": 1373, "Saiba Cryptomancer": 2603, "Sheltered by Ghosts": 2734, "Staggering Insight": 2925, "Toadstool Admirer": 3215, "Light-Paws, Emperor's Voice_SB": 1828, "Slip Out the Back_SB": 2827, "Spell Pierce_SB": 2883, "Aftermath Analyst": 42, "Altanak, the Thrice-Called": 71, "Brokers Hideout": 388, "Cabaretti Courtyard": 415, "Kenrith, the Returned King": 1696, "Lotus Cobra": 1878, "Lumra, Bellow of the Woods": 1888, "Nissa, Resurgent Animist": 2119, "Obscura Storefront": 2162, "Port of Karfell": 2331, "Riveteers Overlook": 2548, "Spelunking": 2889, "The World Tree": 3153, "Atraxa, Grand Unifier_SB": 173, "Deafening Clarion_SB": 707, "Arboreal Grazer": 117, "Archdruid's Charm": 128, "Bala Ged Recovery": 204, "Dark Petition": 682, "Emergent Ultimatum": 958, "Fae of Wishes": 1050, "Hedge Maze": 1438, "Hidden Strings": 1463, "Lair of the Hydra": 1768, "Lier, Disciple of the Drowned": 1816, "Lotus Field": 1879, "Omniscience": 2184, "Peer into the Abyss": 2272, "Pore Over the Pages": 2329, "Sylvan Scrying": 3030, "Temple of Mystery": 3073, "Thespian's Stage": 3154, "Vizier of Tumbling Sands": 3428, "Approach of the Second Sun_SB": 108, "Dragonlord Dromoka_SB": 840, "Emergent Ultimatum_SB": 959, "Into the Flood Maw_SB": 1577, "Nine Lives_SB": 2115, "Solemnity_SB": 2851, "Enduring Curiosity": 970, "Enduring Innocence": 972, "Geistlight Snare": 1221, "Mausoleum Wanderer": 1949, "Rattlechains": 2428, "Spectral Sailor": 2880, "Spell Queller": 2884, "Supreme Phantom": 3004, "Enduring Innocence_SB": 973, "Ghost Vacuum_SB": 1238, "Skyclave Apparition_SB": 2807, "Split Up_SB": 2910, "The Wandering Emperor_SB": 3149, "The End_SB": 3118, "Castle Vantress": 459, "Irrigated Farmland": 1599, "Split Up": 2909, "Elite Spellbinder": 935, "Linvala, the Preserver": 1849, "Yasharn, Implacable Earth": 3572, "Destiny Spinner_SB": 764, "Krenko's Buzzcrusher_SB": 1749, "Turn Inside Out": 3278, "Urabrask's Forge": 3357, "Unlucky Witness": 3341, "Claim the Firstborn_SB": 544, "Branchloft Pathway": 361, "Calix, Guided by Fate": 421, "Eidolon of Blossoms": 907, "Hardened Scales": 1404, "Jukai Naturalist": 1639, "Optimistic Scavenger": 2193, "Shardmage's Rescue": 2722, "Spirited Companion": 2906, "Valgavoth's Lair": 3373, "Get Lost_SB": 1228, "Heliod's Intervention_SB": 1442, "Invasion of Gobakhan_SB": 1586, "Return Triumphant_SB": 2521, "Seal Away_SB": 2662, "Seal from Existence_SB": 2664, "Arabella, Abandoned Doll": 110, "Battlefield Forge": 238, "Gleeful Demolition": 1277, "Imodane's Recruiter": 1531, "Inspiring Vantage": 1568, "Knight-Errant of Eos": 1726, "Novice Inspector": 2138, "Shefet Dunes": 2732, "Thalia, Guardian of Thraben": 3100, "Thraben Inspector": 3179, "Venerated Loxodon": 3400, "Warden of the Inner Sky": 3473, "Reidane, God of the Worthy_SB": 2482, "Sire of Insanity_SB": 2792, "Alseid of Life's Bounty": 70, "Demonic Ruckus": 745, "Escape Velocity": 998, "Light-Paws, Emperor's Voice": 1827, "Sentinel's Eyes": 2697, "Sram, Senior Edificer": 2922, "Apostle of Purifying Light_SB": 106, "Cathar Commando_SB": 465, "Mortal Obstinacy_SB": 2035, "Supreme Verdict_SB": 3006, "Manifold Mouse": 1921, "Clearwater Pathway": 549, "Demonic Bargain": 741, "Fallaji Archaeologist": 1058, "Floodpits Drowner": 1142, "Gloomlake Verge": 1286, "Grafdigger's Cage": 1343, "Otherworldly Gaze": 2209, "Thassa's Oracle": 3104, "Dark Betrayal_SB": 681, "Dispel_SB": 796, "Grafdigger's Cage_SB": 1344, "Tormod's Crypt_SB": 3236, "Change the Equation_SB": 511, "Acererak the Archlich": 15, "Collected Company": 563, "Elvish Mystic": 949, "Gwenna, Eyes of Gaea": 1381, "Honest Rutstein": 1484, "Kinnan, Bonder Prodigy": 1706, "Llanowar Elves": 1858, "Plaza of Heroes": 2320, "Relic of Legends": 2485, "Rona, Herald of Invasion": 2564, "Tranquil Frillback": 3252, "Assassin's Trophy_SB": 164, "Tranquil Frillback_SB": 3253, "Strict Proctor": 2972, "Dazzling Reflection_SB": 699, "Silence_SB": 2771, "Sphinx of the Final Word_SB": 2891, "Sheoldred's Edict_SB": 2737, "Liliana, Heretical Healer": 1842, "Preacher of the Schism": 2343, "Withering Torment_SB": 3542, "Katilda, Dawnhart Martyr": 1668, "Shacklegeist": 2709, "Katilda, Dawnhart Martyr_SB": 1669, "Three Steps Ahead_SB": 3185, "Tishana's Tidebinder_SB": 3208, "Cacophony Scamp": 418, "Invasion of Gobakhan": 1585, "Wedding Announcement": 3499, "Untimely Malfunction_SB": 3351, "Valgavoth, Terror Eater_SB": 3376, "Lush Portico": 1892, "Soul Partition": 2860, "Grand Abolisher_SB": 1346, "Soul Partition_SB": 2861, "Careful Cultivation": 435, "Courier's Briefcase": 626, "Cragcrown Pathway": 634, "Rockfall Vale": 2559, "Fable of the Mirror-Breaker_SB": 1042, "Settle the Wreckage_SB": 2708, "Tocasia's Welcome_SB": 3218, "Say Its Name": 2629, "Saheeli, Sublime Artificer_SB": 2602, "Censor": 489, "Rewind": 2526, "Lantern of the Lost_SB": 1774, "Spikefield Hazard": 2897, "Young Pyromancer_SB": 3586, "Faerie Mastermind": 1053, "Malcolm, Alluring Scoundrel": 1913, "Plumecreed Escort": 2321, "Spyglass Siren": 2918, "Tishana's Tidebinder": 3207, "Werefox Bodyguard": 3504, "Big Score": 258, "Dwarven Mine": 892, "Vaultborn Tyrant": 3394, "Elspeth, Sun's Nemesis_SB": 944, "Skrelv's Hive_SB": 2800, "Clever Lumimancer": 552, "Crumb and Get It": 649, "Illuminator Virtuoso": 1528, "Leyline of Resonance": 1808, "Dewdrop Cure_SB": 778, "Light of Hope_SB": 1826, "Loran's Escape_SB": 1871, "Raze the Effigy_SB": 2434, "Defiant Strike": 730, "Favored Hoplite": 1072, "Homestead Courage": 1483, "Extraction Specialist_SB": 1037, "Cut Down": 675, "Gifted Aetherborn": 1257, "Invoke Despair": 1594, "The Meathook Massacre": 3130, "Darkslick Shores": 685, "Jace, Vryn's Prodigy": 1617, "Shattered Sanctum": 2729, "Tainted Indulgence": 3036, "Loran of the Third Path_SB": 1869, "Kroxa, Titan of Death's Hunger_SB": 1756, "Zacama, Primal Calamity_SB": 3589, "Hallowed Moonlight": 1389, "Hullbreaker Horror": 1509, "Marvin, Murderous Mimic": 1937, "Loran's Escape": 1870, "Blessed Defiance_SB": 287, "Dreadmaw's Ire_SB": 860, "Isolate_SB": 1603, "Absorb": 8, "Pest Control": 2280, "Raffine's Tower": 2399, "Shambling Vent": 2720, "Vanishing Verse": 3389, "Kalitas, Traitor of Ghet_SB": 1653, "Kaya, Orzhov Usurper_SB": 1678, "Test of Talents_SB": 3094, "Shipwreck Marsh": 2746, "Thundertrap Trainer": 3196, "Eliminate_SB": 934, "Jace, Wielder of Mysteries_SB": 1620, "Legion's End_SB": 1798, "Get Out_SB": 1230, "Lightning Helix_SB": 1832, "Bishop of Wings": 263, "Giada, Font of Hope": 1241, "Inspiring Overseer": 1567, "Kayla's Reconstruction": 1681, "Resplendent Angel": 2504, "Righteous Valkyrie": 2532, "Anointed Peacekeeper_SB": 102, "Bolas's Citadel": 322, "Catacomb Sifter": 462, "Gilded Goose": 1259, "Outland Liberator": 2214, "Prosperous Innkeeper": 2364, "Woe Strider": 3547, "Necromentia_SB": 2086, "Outland Liberator_SB": 2215, "Gods Willing": 1330, "Magebane Lizard_SB": 1907, "Abrupt Decay": 6, "Sylvan Caryatid": 3026, "Sheltered by Ghosts_SB": 2735, "Bitter Reunion": 267, "Bonny Pall, Clearcutter": 335, "Fires of Invention": 1123, "Indatha Triome": 1541, "Zur, Eternal Schemer": 3606, "Angel of Serenity_SB": 85, "Deputy of Detention_SB": 756, "Nimble Larcenist_SB": 2112, "Elvish Archivist": 946, "Haywire Mite": 1422, "Llanowar Wastes": 1861, "Nowhere to Run": 2139, "Trail of Crumbs": 3249, "Vraska, Golgari Queen": 3457, "Agatha's Soul Cauldron_SB": 46, "Tear Asunder_SB": 3058, "Vraan, Executioner Thane_SB": 3453, "Echoing Deeps": 899, "Turn the Earth": 3280, "Bloodchief's Thirst_SB": 303, "Culling Ritual_SB": 663, "Emrakul, the Promised End_SB": 963, "Painful Truths_SB": 2243, "Azorius Charm": 195, "Undead Sprinter": 3320, "Lofty Denial": 1862, "Anointed Peacekeeper": 101, "Archon of Emeria": 136, "Aven Interrupter": 184, "Cave of the Frost Dragon": 476, "Keen-Eyed Curator": 1686, "Kellan, Daring Traveler": 1688, "Luminarch Aspirant": 1887, "Elspeth Resplendent_SB": 939, "Kraul Harpooner_SB": 1746, "Werefox Bodyguard_SB": 3505, "Cling to Dust_SB": 556, "Nahiri, the Harbinger_SB": 2071, "Faerie Mastermind_SB": 1054, "Ratchet Bomb_SB": 2427, "Adeline, Resplendent Cathar": 22, "Brutal Cathar": 394, "Coppercoat Vanguard": 616, "Dauntless Bodyguard": 687, "Extraction Specialist": 1036, "Hopeful Initiate": 1490, "Kytheon, Hero of Akros": 1767, "Recruitment Officer": 2465, "Reluctant Role Model": 2486, "Thalia's Lieutenant": 3099, "Declaration in Stone_SB": 721, "Elite Spellbinder_SB": 936, "Break Out": 368, "Invasion of Ixalan": 1587, "Karplusan Forest": 1666, "Omnivorous Flytrap": 2185, "Patchwork Beastie": 2259, "Seed of Hope": 2680, "Wildfire Wickerfolk": 3519, "Brimaz, King of Oreskos_SB": 378, "Detention Sphere_SB": 770, "Soul-Guide Lantern_SB": 2865, "Ugin, the Spirit Dragon_SB": 3303, "Destroy Evil_SB": 766, "Repel Calamity_SB": 2495, "Bring to Light": 381, "Kotose, the Silent Spider": 1743, "Krenko's Buzzcrusher": 1748, "Selfless Glyphweaver": 2688, "Valki, God of Lies": 3378, "Yorion, Sky Nomad": 3579, "Notion Thief_SB": 2137, "Cavalier of Thorns": 474, "Kiora, Behemoth Beckoner": 1708, "Leyline of the Guildpact": 1812, "Nykthos, Shrine to Nyx": 2149, "Old-Growth Troll": 2172, "Outcaster Trailblazer": 2213, "Polukranos Reborn": 2324, "Storm the Festival": 2957, "Ulvenwald Oddity": 3309, "Arasta of the Endless Web_SB": 116, "Cityscape Leveler_SB": 539, "Monstrous Emergence_SB": 2025, "Nylea's Intervention_SB": 2150, "Obstinate Baloth_SB": 2163, "Setessan Petitioner_SB": 2705, "The Stone Brain_SB": 3146, "Darksteel Citadel": 686, "Ensoul Artifact": 979, "Metallic Rebuke": 1973, "Michiko's Reign of Truth": 1981, "Mockingbird": 2012, "Zoetic Glyph": 3601, "Atarka's Command": 170, "Collision // Colossus": 569, "Pawpatch Recruit": 2268, "Questing Druid": 2383, "Snakeskin Veil": 2837, "Elder Gargaroth": 919, "Scrapshooter_SB": 2650, "Tail Swipe_SB": 3035, "Thing in the Ice": 3159, "Fiery Impulse_SB": 1108, "Gifted Aetherborn_SB": 1258, "Artist's Talent_SB": 148, "Proft's Eidetic Memory_SB": 2358, "Polukranos Reborn_SB": 2325, "Ulamog, the Ceaseless Hunger_SB": 3305, "Ghostly Dancers": 1239, "Tolsimir, Friend to Wolves": 3221, "Hornet Queen_SB": 1496, "Path to the World Tree": 2262, "Rootbound Crag": 2565, "Sunpetal Grove": 2998, "Touch the Spirit Realm_SB": 3242, "Imposing Sovereign": 1536, "Brutal Cathar_SB": 395, "Aetherflux Reservoir": 34, "Aetherflux Reservoir_SB": 35, "Boseiju, Who Endures_SB": 353, "Dig Through Time_SB": 784, "Drown in the Loch": 876, "Kaito, Bane of Nightmares": 1648, "Restless Reef": 2513, "Soaring Thought-Thief": 2845, "Thieves' Guild Enforcer": 3157, "Underground River": 3323, "Illness in the Ranks_SB": 1527, "Touch the Spirit Realm": 3241, "Koma, Cosmos Serpent_SB": 1738, "Into the Story": 1579, "Kaito Shizuki": 1646, "Nighthawk Scavenger": 2106, "Ertai Resurrected_SB": 996, "Gonti, Lord of Luxury_SB": 1337, "Brightclimb Pathway": 375, "Kaya, Intangible Slayer_SB": 1676, "Vanishing Verse_SB": 3390, "Deafening Silence_SB": 708, "Elder Gargaroth_SB": 920, "Declaration in Stone": 720, "Hostile Investigator_SB": 1501, "Blossoming Defense": 315, "Wizard's Lightning": 3546, "Cindervines_SB": 534, "Destructive Revelry_SB": 767, "Snakeskin Veil_SB": 2838, "Temur Battle Rage_SB": 3082, "Leyline of Sanctity_SB": 1811, "Summary Dismissal_SB": 2987, "Cavern of Souls_SB": 479, "Pawpatch Formation_SB": 2267, "Slip Out the Back": 2826, "Ascendant Spirit": 149, "Cryptic Coat": 658, "Faceless Haven": 1045, "Snow-Covered Island": 2841, "Cryptic Coat_SB": 659, "Faceless Haven_SB": 1046, "Lofty Denial_SB": 1863, "Stern Dismissal_SB": 2943, "Unable to Scream_SB": 3313, "Beanstalk Giant": 241, "Clever Impersonator": 551, "Greater Tanuki": 1357, "Spinewoods Armadillo": 2899, "Cease // Desist_SB": 481, "Roaring Furnace && Steaming Sauna_SB": 2552, "Virtue of Persistence_SB": 3419, "Destroy Evil": 765, "Westvale Abbey": 3507, "Discontinuity": 789, "Dream Trawler": 863, "Tale's End": 3040, "Regal Caracal_SB": 2478, "Ancient Cornucopia": 80, "Deafening Clarion": 706, "Niv-Mizzet Reborn": 2122, "Niv-Mizzet, Supreme": 2125, "Pillage the Bog": 2309, "Unmoored Ego": 3342, "Kambal, Consul of Allocation_SB": 1655, "Pest Control_SB": 2281, "Soul Search_SB": 2862, "Brave the Elements": 364, "Requisition Raid_SB": 2501, "Crumb and Get It_SB": 650, "Flip the Switch": 1140, "Ill-Timed Explosion": 1525, "Lazotep Plating": 1785, "Restless Spire": 2515, "The Akroan War": 3107, "Unauthorized Exit": 3314, "Blast Zone": 279, "Deadly Cover-Up": 703, "Heartless Act": 1436, "The Celestus": 3113, "The End": 3117, "Aclazotz, Deepest Betrayal_SB": 17, "March of Wretched Sorrow_SB": 1931, "Aloe Alchemist": 64, "Burning-Tree Emissary": 407, "Cunning Coyote": 665, "Reckless Bushwhacker": 2451, "Ayara, Widow of the Realm_SB": 192, "Infuriate": 1550, "Extract the Truth_SB": 1035, "Ghitu Lavarunner": 1235, "Light Up the Stage": 1823, "Containment Priest": 611, "Tyvar, the Pummeler": 3300, "Balustrade Wurm": 210, "Invasion of Ergamon": 1584, "Wrenn and Realmbreaker": 3562, "Domri Rade_SB": 813, "Klothys, God of Destiny_SB": 1717, "Stern Lesson": 2944, "Sublime Epiphany": 2979, "Torrential Gearhulk": 3238, "End the Festivities_SB": 966, "Kari Zev's Expertise_SB": 1662, "Nahiri, the Harbinger": 2070, "Felonious Rage": 1095, "Alpha Authority": 66, "Warbriar Blessing": 3471, "Sram, Senior Edificer_SB": 2923, "Witchstalker Frenzy_SB": 3537, "Noxious Grasp_SB": 2143, "Assemble the Players_SB": 167, "Canyon Slough": 433, "The Cruelty of Gix": 3114, "Voyaging Satyr_SB": 3452, "Enduring Curiosity_SB": 971, "Remorseful Cleric_SB": 2488, "Can't Stay Away": 430, "Faithful Mending": 1056, "Souls of the Lost": 2870, "Stubborn Denial_SB": 2977, "Void Rend_SB": 3434, "Boon-Bringer Valkyrie_SB": 343, "Scorching Shot_SB": 2642, "Shapers' Sanctuary_SB": 2721, "Consuming Fervor": 609, "Hammerhand": 1392, "Storm Herald": 2955, "Storm Herald_SB": 2956, "Graveyard Trespasser_SB": 1353, "Kaito Shizuki_SB": 1647, "Heartless Act_SB": 1437, "Legion Extruder": 1792, "Shadowspear": 2712, "Shrapnel Blast": 2759, "Smuggler's Copter": 2834, "Voltage Surge_SB": 3444, "Unlicensed Hearse": 3338, "Mutavault_SB": 2058, "Chandra, Hope's Beacon": 505, "Hope Tender_SB": 1488, "Hallowed Moonlight_SB": 1390, "Growth Spiral": 1366, "Manaform Hellkite_SB": 1918, "Bandit's Talent": 213, "Go Blank": 1296, "Kalitas, Traitor of Ghet": 1652, "Languish": 1771, "Waste Not": 3484, "Bandit's Talent_SB": 214, "Go for the Throat_SB": 1300, "Demonic Counsel": 742, "Doomsday Excruciator": 819, "Drowned Catacomb": 877, "Ipnu Rivulet": 1596, "Jace, Wielder of Mysteries": 1619, "Undercity Sewers": 3321, "Liliana, Death's Majesty": 1839, "Entity Tracker": 983, "Hired Claw": 1474, "Ojer Axonil, Deepest Might": 2169, "Razorkin Needlehead": 2435, "Bonecrusher Giant_SB": 333, "Hostile Hostel": 1499, "Scrapshooter": 2649, "Keen-Eyed Curator_SB": 1687, "Dragonlord Dromoka": 839, "Unholy Annex // Ritual Chamber": 3332, "Gods Willing_SB": 1331, "Abzan Advantage_SB": 11, "Fog_SB": 1150, "Behold the Beyond": 248, "Portent Tracker_SB": 2338, "Thespian's Stage_SB": 3155, "Yavimaya Coast": 3574, "Slaughter Games": 2815, "Xander's Lounge": 3566, "Awaken the Erstwhile_SB": 188, "Kutzil, Malamet Exemplar_SB": 1765, "Ravnica at War_SB": 2432, "Cityscape Leveler": 538, "Oath of Nissa": 2154, "Cruelclaw's Heist_SB": 648, "Dreadmaw's Ire": 859, "Rockface Village": 2557, "Deep-Cavern Bat_SB": 724, "Rockface Village_SB": 2558, "Emeria's Call": 960, "Metropolis Reformer": 1979, "Agatha of the Vile Cauldron": 44, "Anzrag, the Quake-Mole": 104, "Bard Class": 227, "Birgi, God of Storytelling": 261, "Commercial District": 586, "Commune with Spirits": 590, "Domri, Anarch of Bolas": 815, "Gallia of the Endless Dance": 1200, "Hajar, Loyal Bodyguard": 1385, "Halana and Alena, Partners": 1386, "Itzquinth, Firstborn of Gishath": 1605, "Klothys, God of Destiny": 1716, "Migloz, Maze Crusher": 1984, "Mox Amber": 2045, "Muerra, Trash Tactician": 2048, "Ruby, Daring Tracker": 2580, "Samut, Vizier of Naktamun": 2607, "Targ Nar, Demon-Fang Gnoll": 3052, "Xenagos, the Reveler": 3569, "Heroic Intervention_SB": 1457, "Hugs, Grisly Guardian_SB": 1506, "Lukka, Bound to Ruin_SB": 1884, "Tamiyo's Safekeeping_SB": 3046, "Baleful Mastery": 206, "Baleful Mastery_SB": 207, "Virtue of Loyalty": 3416, "Chandra, Acolyte of Flame_SB": 500, "Balmor, Battlemage Captain": 209, "Roaring Furnace // Steaming Sauna": 2553, "Pharika's Libation_SB": 2284, "Overlord of the Floodpits": 2229, "Ruric Thar, the Unbowed": 2592, "Questing Beast_SB": 2382, "Murderous Rider": 2055, "Sinister Sabotage": 2789, "Test of Talents": 3093, "Cry of the Carnarium_SB": 655, "Essence Scatter_SB": 1007, "Languish_SB": 1772, "Dreamroot Cascade": 866, "Izzet Charm": 1611, "Stern Dismissal": 2942, "Duelist of the Mind": 882, "Evangel of Synthesis": 1011, "Ashiok, Dream Render": 153, "Eiganjo Uprising": 912, "Kumano Faces Kakkazan_SB": 1758, "Blacksmith's Talent": 273, "Colossus Hammer": 577, "Gideon Blackblade": 1248, "Kellan, the Fae-Blooded": 1692, "Kemba, Kha Enduring": 1694, "Rabbit Battery": 2392, "Sigarda's Aid": 2766, "Boros Charm_SB": 347, "Surge of Salvation_SB": 3010, "Valakut Awakening": 3370, "Gideon of the Trials": 1249, "Doppelgang": 823, "Omnath, Locus of the Roil": 2183, "Risen Reef": 2539, "Roaming Throne": 2550, "Voice of Resurgence": 3430, "Hostile Investigator": 1500, "Pack Rat": 2240, "Blessed Alliance_SB": 286, "Lay Down Arms_SB": 1782, "Balustrade Wurm_SB": 211, "Sunken Citadel_SB": 2996, "Niko, Light of Hope": 2110, "Wolfwillow Haven": 3549, "Thrun, Breaker of Silence_SB": 3189, "Metamorphic Alteration": 1976, "Rush of Dread": 2595, "Stubborn Denial": 2976, "Zoraline, Cosmos Caller": 3604, "Exorcise_SB": 1018, "Barkchannel Pathway": 228, "Cenote Scout": 488, "Chord of Calling": 527, "Deeproot Pilgrimage": 727, "Jadelight Spelunker": 1626, "Kiora's Follower": 1707, "Kumena, Tyrant of Orazca": 1760, "Kumena's Speaker": 1759, "Merfolk Trickster": 1971, "Mistcaller": 2009, "Sentinel of the Nameless City": 2695, "Vodalian Hexcatcher": 3429, "Eaten by Piranhas_SB": 898, "Aclazotz, Deepest Betrayal": 16, "Kaervek, the Punisher": 1643, "Mazemind Tome": 1955, "Path of Peril": 2260, "Shadowy Backstreet": 2714, "Glissa Sunslayer": 1283, "Blot Out_SB": 319, "Kitsa, Otterball Elite": 1715, "Case of the Filched Falcon": 445, "Clockwork Percussionist": 557, "Metallic Rebuke_SB": 1974, "Emry, Lurker of the Loch": 964, "Jeskai Ascendancy": 1631, "Mishra's Research Desk": 2007, "Retraction Helix": 2518, "Saheeli, Sublime Artificer": 2601, "Tormod's Crypt": 3235, "Dawn's Truce_SB": 690, "Skrelv, Defector Mite_SB": 2802, "Deputy of Detention": 755, "Innkeeper's Talent": 1553, "Wild Slash": 3516, "Hunter's Talent_SB": 1512, "Prowling Serpopard_SB": 2369, "Dragonskull Summit": 843, "Sulfur Falls": 2983, "Unmoored Ego_SB": 3343, "Temur Battle Rage": 3081, "Slickshot Show-Off_SB": 2825, "Builder's Talent": 397, "Temple of Triumph": 3076, "Archangel Elspeth_SB": 124, "Elspeth, Sun's Champion_SB": 943, "Colossal Skyturtle": 574, "Stormsplitter": 2962, "Zacama, Primal Calamity": 3588, "Chandra, Hope's Beacon_SB": 506, "Fry_SB": 1188, "Not on My Watch_SB": 2135, "Boros Charm": 346, "Deflecting Palm": 732, "Deflecting Palm_SB": 733, "Eidolon of the Great Revel_SB": 911, "Horned Loch-Whale": 1494, "Castle Embereth": 455, "Chandra, Dressed to Kill": 503, "Eidolon of the Great Revel": 910, "Goblin Chainwhirler": 1305, "Rampaging Ferocidon": 2421, "Torbran, Thane of Red Fell": 3230, "Chandra, Torch of Defiance_SB": 509, "Searing Blood_SB": 2669, "Day's Undoing": 696, "Jace Reawakened": 1613, "Stoic Sphinx_SB": 2949, "Chandra, Dressed to Kill_SB": 504, "Gleaming Geardrake": 1276, "Tale's End_SB": 3041, "Alquist Proft, Master Sleuth": 69, "Fortified Beachhead": 1162, "Reflector Mage": 2472, "Reflector Mage_SB": 2473, "Invasion of Tolvada": 1590, "Restless Vents": 2516, "The Restoration of Eiganjo": 3137, "Deathcap Glade": 710, "Roiling Vortex_SB": 2562, "The Akroan War_SB": 3108, "Torpor Orb_SB": 3237, "Fiend Artisan": 1104, "Moss-Pit Skeleton": 2038, "Snarling Gorehound": 2839, "Call of the Death-Dweller_SB": 423, "Collective Brutality_SB": 566, "Deadly Brew_SB": 702, "Titania, Voice of Gaea_SB": 3213, "Blossoming Defense_SB": 316, "Esika's Chariot_SB": 1002, "Tears of Valakut_SB": 3059, "Invasion of Amonkhet": 1582, "Jace, the Perfected Mind": 1621, "Case of the Gateway Express": 446, "Resolute Reinforcements": 2502, "Abrade": 3, "Analyze the Pollen": 77, "Commune with the Gods": 591, "Satyr Wayfinder": 2620, "Valgavoth's Onslaught": 3374, "Glissa Sunslayer_SB": 1284, "Rotting Regisaur_SB": 2571, "Shambling Ghast": 2719, "Snow-Covered Swamp": 2844, "Kaya's Ghostform": 1672, "Skrelv, Defector Mite": 2801, "Sixth Sense_SB": 2796, "Wilt_SB": 3524, "Rakdos Charm_SB": 2404, "Tergrid, God of Fright": 3086, "Deadly Cover-Up_SB": 704, "Archfiend of the Dross_SB": 133, "Skewer the Critics": 2797, "Innkeeper's Talent_SB": 1554, "Experiment One": 1023, "Kitesail Larcenist": 1711, "Secluded Courtyard": 2675, "Unclaimed Territory": 3317, "Werewolf Pack Leader": 3506, "Thalia, Guardian of Thraben_SB": 3101, "Kenrith, the Returned King_SB": 1697, "Orzhov Guildgate": 2200, "Voracious Hydra": 3446, "Voracious Hydra_SB": 3447, "Miscast_SB": 2003, "Unsubstantiate_SB": 3348, "Witness Protection_SB": 3544, "Charming Prince": 515, "Fauna Shaman": 1071, "Fortune, Loyal Steed": 1164, "Parting Gust": 2255, "Restless Prairie": 2512, "Aven Interrupter_SB": 185, "Imodane's Recruiter_SB": 1532, "Warping Wail_SB": 3479, "Atarka's Command_SB": 171, "Wear Down_SB": 3495, "Angel of Serenity": 84, "Titan of Industry_SB": 3210, "Asylum Visitor": 169, "Davriel, Rogue Shadowmage_SB": 689, "Overgrown Farmland": 2222, "Youthful Valkyrie": 3587, "Cavalier of Dawn": 472, "Virtue of Persistence": 3418, "Realmwalker": 2446, "Camellia, the Seedmiser": 428, "Enduring Tenacity": 974, "Rakdos's Return_SB": 2408, "Chevill, Bane of Monsters": 521, "Freestrider Lookout": 1181, "Iridescent Vinelasher": 1598, "Mosswood Dreadknight": 2040, "Restless Cottage": 2510, "Tyrranax Rex_SB": 3296, "Depala, Pilot Exemplar": 751, "Embercleave": 953, "Magda, Brazen Outlaw": 1904, "Magda, the Hoardmaster": 1905, "Portal to Phyrexia": 2335, "Toolcraft Exemplar": 3228, "Veteran Motorist": 3405, "Fear of Impostors": 1075, "Ondu Inversion": 2186, "Ezrim, Agency Chief_SB": 1040, "Spell Queller_SB": 2885, "Sheoldred_SB": 2740, "Showdown of the Skalds_SB": 2758, "Blade of the Oni": 275, "Lightning Strike": 1834, "Pick Your Poison": 2300, "Tyvar's Stand": 3297, "Curse of Shaken Faith_SB": 672, "Whip of Erebos_SB": 3509, "Den of the Bugbear_SB": 749, "Sanctuary Warden": 2609, "Chandra, Torch of Defiance": 508, "Sorin the Mirthless": 2856, "Annul_SB": 98, "Blast Zone_SB": 280, "Blighted Fen": 288, "Withering Torment": 3541, "Mosswood Dreadknight_SB": 2041, "Mounted Dreadknight": 2044, "Witchstalker Frenzy": 3536, "Aloe Alchemist_SB": 65, "Agent of Treachery_SB": 48, "Deep-Cavern Bat": 723, "Drannith Magistrate": 847, "Sword of Forge and Frontier": 3023, "Wasteland Strangler": 3486, "Crystal Grotto": 661, "Nephalia Academy": 2095, "One with the Multiverse": 2187, "Stonecoil Serpent": 2953, "Temple of Abandon": 3068, "Temple of Malice": 3072, "The Tarrasque": 3147, "Tibalt's Trickery": 3197, "Ulamog, the Ceaseless Hunger": 3304, "Radiant Fountain_SB": 2396, "Stormtide Leviathan_SB": 2964, "Scourge of the Skyclaves": 2645, "Unholy Annex // Ritual Chamber_SB": 3333, "Grand Abolisher": 1345, "Guardian of Faith_SB": 1375, "Serra Paragon_SB": 2702, "Braids, Arisen Nightmare": 359, "Demonic Pact": 743, "Devouring Sugarmaw": 775, "Hopeless Nightmare": 1493, "Isolated Chapel": 1604, "Rite of Oblivion": 2541, "Tinybones Joins Up": 3203, "Treacherous Blessing": 3258, "Victor, Valgavoth's Seneschal": 3408, "Bile Blight_SB": 259, "Demonic Pact_SB": 744, "Feed the Cycle_SB": 1086, "Aether Gust": 31, "Knockout Blow": 1728, "Thought Distortion": 3169, "Tomik, Distinguished Advokist": 3225, "Clifftop Retreat": 554, "Deathmist Raptor": 713, "Den Protector": 747, "Exit Specialist": 1017, "Growing Dread": 1365, "Hide in Plain Sight": 1464, "Oblivious Bookworm": 2160, "Stratus Dancer": 2971, "Twist Reality": 3290, "Vannifar, Evolved Enigma": 3391, "Decisive Denial_SB": 719, "Ephara's Dispersal_SB": 986, "Quandrix Command_SB": 2380, "Guardian of New Benalia": 1377, "Blossoming Tortoise": 317, "Cascading Cataracts": 442, "Castle Garenbrig": 456, "Golos, Tireless Pilgrim": 1336, "Insidious Fungus": 1562, "Sanctum of Ugin": 2610, "Turntimber Symbiosis": 3282, "Wakeroot Elemental": 3462, "World Breaker": 3555, "Thought-Knot Seer_SB": 3173, "Wandering Archaic_SB": 3466, "Blot Out": 318, "Sign in Blood": 2769, "Banefire": 215, "Dragonlord Ojutai": 841, "Elspeth's Smite": 940, "Glarb, Calamity's Augur": 1270, "Kroxa and Kunoros": 1754, "Noxious Gearhulk": 2141, "Sokenzan, Crucible of Defiance_SB": 2847, "Thud": 3191, "Fling_SB": 1139, "Giant Killer": 1244, "The Wandering Rescuer": 3150, "Shoot the Sheriff_SB": 2752, "Fire Prophecy": 1120, "Phantom Interference": 2282, "Worldspine Wurm": 3558, "Xenagos, God of Revels": 3567, "Agent of Treachery": 47, "Devilish Valet": 772, "Eldritch Evolution": 924, "Grinning Ignus": 1363, "Hazoret's Monument": 1426, "Runaway Steam-Kin": 2585, "Wish": 3531, "Banefire_SB": 216, "Eldritch Evolution_SB": 925, "Hazoret's Monument_SB": 1427, "Impact Tremors_SB": 1534, "Neoform_SB": 2094, "Tyvar's Stand_SB": 3298, "Arid Archway": 142, "Armored Scrapgorger": 146, "Clifftop Lookout": 553, "Conduit Pylons": 598, "Dreamdew Entrancer": 865, "Fecund Greenshell": 1083, "Temple of Plenty": 3074, "Metropolis Reformer_SB": 1980, "Founding the Third Path": 1168, "Hooting Mandrills": 1487, "Neoform": 2093, "Tasigur, the Golden Fang": 3055, "Wail of the Forgotten": 3461, "Cruelclaw's Heist": 647, "Ertai Resurrected": 995, "Lazav, Wearer of Faces": 1783, "Filter Out_SB": 1114, "Shore Up": 2753, "March of Swirling Mist_SB": 1929, "Obliterating Bolt_SB": 2159, "Shore Up_SB": 2754, "Dryad's Revival": 881, "Festering Gulch": 1099, "Maestros Theater": 1903, "Sea Gate Restoration": 2658, "Storm's Wrath_SB": 2958, "Starfall Invocation_SB": 2929, "Guardian of Ghirapur": 1376, "Rhonas the Indomitable": 2527, "Toby, Beastie Befriender": 3216, "Bristling Backwoods": 383, "Escape to the Wilds": 1000, "Mystic Sanctuary": 2064, "Scapeshift": 2632, "Splendid Reclamation": 2908, "The Hunter Maze": 3125, "Worldsoul's Rage": 3557, "Bonny Pall, Clearcutter_SB": 336, "Fade from History_SB": 1047, "Ill-Timed Explosion_SB": 1526, "Leyline Binding_SB": 1803, "Malevolent Hermit_SB": 1914, "Tolsimir, Friend to Wolves_SB": 3222, "Mystical Dispute": 2065, "Tarrian's Journal": 3053, "Vinereap Mentor": 3413, "Rottenmouth Viper_SB": 2570, "Narset Transcendent_SB": 2075, "Fading Hope": 1048, "Bloodchief's Thirst": 302, "Cyclonic Rift": 677, "Memory Deluge_SB": 1964, "Soulflayer": 2868, "Striped Riverwinder": 2974, "Urborg Scavengers": 3360, "Zetalpa, Primal Dawn": 3597, "Witherbloom Command_SB": 3540, "Natural State_SB": 2082, "Consign // Oblivion": 604, "Consign // Oblivion_SB": 605, "Doomskar_SB": 821, "Urborg, Tomb of Yawgmoth_SB": 3362, "Furnace Reins_SB": 1193, "Knight of Dusk's Shadow_SB": 1721, "Hoarding Broodlord": 1477, "Nimble Larcenist": 2111, "Vein Ripper": 3396, "Scalding Viper": 2631, "Searing Blood": 2668, "Snow-Covered Forest": 2840, "Narset, Enlightened Master_SB": 2078, "Unlicensed Disintegration_SB": 3337, "God-Eternal Bontu_SB": 1325, "Rite of Oblivion_SB": 2542, "Victor, Valgavoth's Seneschal_SB": 3409, "March of Swirling Mist": 1928, "Woodland Cemetery": 3552, "Lively Dirge": 1856, "Ajani, Sleeper Agent_SB": 54, "Up the Beanstalk_SB": 3356, "Life of Toshiro Umezawa": 1819, "Lunar Convocation": 1889, "Okiba Reckoner Raid": 2171, "Rowan's Grim Search": 2572, "Fracture_SB": 1174, "Ashen Rider": 150, "Justiciar's Portal": 1641, "High Priest of Penance_SB": 1471, "Drana and Linvala_SB": 845, "Eidolon of Rhetoric_SB": 909, "Manglehorn_SB": 1919, "Crumbling Vestige": 652, "Desert of the Indomitable": 758, "Mirrorpool": 1999, "Mortuary Mire": 2037, "Ajani, Strength of the Pride": 55, "Holy Cow": 1482, "Valley Floodcaller": 3380, "Tibalt, Rakish Instigator_SB": 3199, "Hazoret the Fervent": 1424, "Snow-Covered Mountain": 2842, "Unwanted Remake": 3352, "Kellan, Daring Traveler_SB": 1689, "Feather of Flight": 1080, "Doorkeeper Thrull_SB": 822, "Azusa's Many Journeys": 199, "Combat Courier": 579, "Feed the Swarm": 1087, "Kunoros, Hound of Athreos_SB": 1761, "Roaring Furnace // Steaming Sauna_SB": 2554, "Archdruid's Charm_SB": 129, "Sixth Sense": 2795, "Lukka, Coppercoat Outcast": 1885, "Lukka, Coppercoat Outcast_SB": 1886, "Mox Amber_SB": 2046, "Retraction Helix_SB": 2519, "Nissa, Who Shakes the World": 2121, "Emerge from the Cocoon": 957, "Enduring Courage_SB": 969, "Diamond Pick-Axe": 779, "Karn, Scion of Urza_SB": 1665, "Light of Hope": 1825, "Sejiri Shelter": 2686, "Experimental Synthesizer": 1028, "Implement of Combustion": 1535, "Stoke the Flames": 2950, "Gruul Charm_SB": 1370, "Magebane Lizard": 1906, "Cosmic Rebirth": 622, "Broken Bond_SB": 387, "Fateful Absence_SB": 1070, "Renegade Rallier": 2491, "Break the Spell_SB": 369, "Phoenix Chick": 2285, "Kaito, Bane of Nightmares_SB": 1649, "Footfall Crater": 1153, "Migloz, Maze Crusher_SB": 1985, "Fragmentize_SB": 1175, "Thalia, Heretic Cathar": 3102, "Castle Ardenvale_SB": 454, "Moldering Gym && Weight Room": 2016, "Response // Resurgence_SB": 2505, "Archon of Sun's Grace": 138, "Goblin Chainwhirler_SB": 1306, "Razorkin Needlehead_SB": 2436, "Nebelgast Herald": 2083, "Patrician Geist": 2264, "Blue Sun's Twilight_SB": 321, "Exclusion Mage_SB": 1015, "Voice of Resurgence_SB": 3431, "Cathartic Pyre": 467, "Karametra's Blessing_SB": 1660, "Kaya's Ghostform_SB": 1673, "Legion Loyalist": 1794, "Azor, the Lawbringer_SB": 194, "Unable to Scream": 3312, "Fires of Victory": 1124, "Koma, Cosmos Serpent": 1737, "Voyaging Satyr": 3451, "Otawara, Soaring City_SB": 2207, "Peer into the Abyss_SB": 2273, "Quick Study": 2385, "Dragonlord Atarka_SB": 838, "Plains_SB": 2316, "Cathar Commando": 464, "Brave the Elements_SB": 365, "Spellgyre": 2888, "Assassin's Trophy": 163, "Erebos's Intervention": 988, "Shadows' Verdict_SB": 2711, "Silence": 2770, "Live or Die": 1855, "Slaughter Games_SB": 2816, "Play with Fire_SB": 2318, "Starfall Invocation": 2928, "Etali, Primal Conqueror_SB": 1009, "Feather, the Redeemed_SB": 1082, "Infernal Grasp": 1547, "Vito, Thorn of the Dusk Rose": 3422, "Ajani, Strength of the Pride_SB": 56, "Hunter's Talent": 1511, "Dusk Rose Reliquary": 887, "Ice Out": 1518, "Minor Misstep_SB": 1992, "Runed Halo_SB": 2591, "Weathered Runestone_SB": 3496, "Agadeem's Awakening": 43, "Ray of Enfeeblement_SB": 2433, "Collector's Vault": 568, "Warping Wail": 3478, "Ancestral Anger_SB": 79, "See Double_SB": 2678, "Furnace Reins": 1192, "Pitiless Carnage": 2314, "Gadwick, the Wizened": 1196, "Harbinger of the Tides": 1401, "Master of Waves": 1945, "Moonsnare Prototype": 2033, "Mystic Reflection": 2062, "Pond Prophet": 2326, "Cerulean Drake_SB": 490, "Cyclonic Rift_SB": 678, "Fading Hope_SB": 1049, "Fear of Impostors_SB": 1076, "Scavenging Ooze_SB": 2638, "Skrelv's Hive": 2799, "Elspeth's Smite_SB": 941, "Starnheim Unleashed_SB": 2933, "Reckoner Shakedown_SB": 2461, "Leyline of Hope": 1806, "Lightning Axe_SB": 1830, "Thassa's Oracle_SB": 3105, "Consecrate // Consume_SB": 602, "Nimble Obstructionist_SB": 2113, "Fireblade Charger": 1121, "Imposing Sovereign_SB": 1537, "Rimrock Knight": 2533, "Alchemist's Gift_SB": 60, "Veteran Survivor": 3406, "Unwanted Remake_SB": 3353, "Monastery Mentor_SB": 2023, "Glimpse of Freedom": 1280, "Scavenging Ooze": 2637, "Chandra, Awakened Inferno": 501, "Kayla's Reconstruction_SB": 1682, "Ashiok, Nightmare Muse": 155, "Commit // Memory_SB": 588, "Long Goodbye_SB": 1865, "Dromoka's Command_SB": 873, "Selfless Spirit": 2692, "Geistlight Snare_SB": 1222, "Unchained Berserker_SB": 3316, "Scavenger Grounds": 2634, "Liliana, the Last Hope_SB": 1846, "Splitskin Doll": 2911, "Empyrean Eagle": 961, "Built to Smash": 399, "Glass Casket_SB": 1274, "Eriette's Tempting Apple": 991, "Orazca Puzzle-Door": 2196, "Gnawing Vermin": 1294, "Harald Unites the Elves": 1400, "Moritte of the Frost": 2034, "Squirming Emergence": 2921, "Setessan Petitioner": 2704, "The Dross Pits": 3116, "Hydroid Krasis_SB": 1516, "Selfless Glyphweaver_SB": 2689, "Zareth San, the Trickster": 3593, "Crypt Incursion_SB": 656, "Hagra Mauling": 1384, "Ifnir Deadlands": 1524, "Virulent Plague_SB": 3421, "Lazav, the Multifarious": 1784, "Slogurk, the Overslime": 2829, "Hope of Ghirapur_SB": 1489, "Elvish Rejuvenator": 950, "Emrakul, the Promised End": 962, "Fog": 1149, "Glimpse the Core": 1281, "Shrine of the Forsaken Gods": 2762, "Ugin, the Spirit Dragon": 3302, "Goldvein Hydra_SB": 1333, "Shock": 2749, "Beseech the Mirror": 254, "Candy Trail": 431, "Gingerbread Cabin": 1261, "Hidden Necropolis": 1461, "Liliana, Dreadhorde General_SB": 1841, "Golgari Charm_SB": 1334, "Wandering Mind": 3468, "Rest in Peace": 2506, "Ghost Vacuum": 1237, "Mudflat Village": 2047, "Professor's Warning": 2355, "Galvanic Iteration_SB": 1202, "Temporal Trespass_SB": 3078, "Eiganjo, Seat of the Empire_SB": 914, "Knight-Errant of Eos_SB": 1727, "Teferi, Hero of Dominaria_SB": 3063, "Teferi, Temporal Pilgrim_SB": 3065, "Culling Ritual": 662, "Casualties of War_SB": 461, "Siege Rhino": 2763, "Mayhem Devil_SB": 1953, "Case of the Crimson Pulse": 443, "Chainsaw": 493, "Unsubstantiate": 3347, "Carnage Tyrant_SB": 439, "Archangel Avacyn": 121, "Heart of Kiran": 1432, "Knight of the Ebon Legion": 1724, "Aethersphere Harvester_SB": 39, "Devout Decree_SB": 776, "Shatter the Sky_SB": 2728, "Thalia, Heretic Cathar_SB": 3103, "Incubation // Incongruity": 1540, "Beanstalk Wurm": 242, "Borborygmos Enraged": 344, "Enter the Infinite": 981, "Glorybringer": 1290, "Lovestruck Beast": 1881, "Possibility Storm": 2339, "Rosethorn Acolyte": 2566, "Shared Summons": 2724, "Display of Dominance_SB": 797, "Garruk's Harbinger_SB": 1206, "Rebel Salvo_SB": 2450, "Elspeth, Sun's Champion": 942, "The Royal Scions": 3138, "Raffine, Scheming Seer": 2400, "Urza's Ruinous Blast_SB": 3364, "Jadar, Ghoulcaller of Nephalia": 1623, "Legion's Landing": 1799, "Come Back Wrong_SB": 583, "General Kudro of Drannith": 1224, "Jirina, Dauntless General": 1635, "Hopeful Initiate_SB": 1491, "Jirina, Dauntless General_SB": 1636, "Renegade Rallier_SB": 2492, "Cleansing Wildfire": 547, "Obliterating Bolt": 2158, "Redcap Melee": 2468, "Shoot the Sheriff": 2751, "Baneslayer Angel_SB": 219, "Dream Trawler_SB": 864, "Worldspine Wurm_SB": 3559, "Xenagos, God of Revels_SB": 3568, "Otherworldly Outburst": 2210, "Collateral Damage_SB": 562, "Errant and Giada": 993, "Exquisite Firecraft_SB": 1031, "Evolving Adaptive": 1013, "Pelt Collector": 2276, "Yavimaya Iconoclast": 3575, "Cankerbloom_SB": 432, "Embercleave_SB": 954, "Shadowspear_SB": 2713, "Sin Collector_SB": 2787, "Unidentified Hovership": 3334, "Nashi, Searcher in the Dark": 2081, "The Reality Chip": 3136, "Elas il-Kor, Sadistic Pilgrim_SB": 916, "Eidolon of Rhetoric": 908, "War Squeak": 3469, "Arachnoform_SB": 111, "Hammerhand_SB": 1393, "Unflinching Courage_SB": 3329, "Battle Cry Goblin": 235, "Call of the Death-Dweller": 422, "Conspicuous Snoop": 606, "Rundvelt Hordemaster": 2586, "Skirk Prospector": 2798, "Toxin Analysis": 3245, "Reckless Bushwhacker_SB": 2452, "Beacon Bolt_SB": 240, "Ahn-Crop Crasher": 50, "Bomat Courier": 326, "Untimely Malfunction": 3350, "Zurgo Bellstriker": 3608, "Magma Spray_SB": 1909, "Skullcrack_SB": 2804, "Field of Ruin_SB": 1103, "Winter's Intervention": 3529, "Authority of the Consuls": 181, "Dust Animus_SB": 891, "Dictate of Erebos": 780, "Pawpatch Formation": 2266, "Thornvault Forager": 3168, "Mastermind's Acquisition": 1946, "Exquisite Archangel": 1029, "Detention Sphere": 769, "Drag to the Bottom": 830, "Herd Migration": 1454, "Kogla and Yidaro": 1731, "Reidane, God of the Worthy": 2481, "Samut, Voice of Dissent": 2608, "Thryx, the Sudden Storm": 3190, "Workshop Warchief": 3554, "Drag to the Bottom_SB": 831, "Surrak Dragonclaw_SB": 3014, "Anafenza, the Foremost": 75, "Thrun, Breaker of Silence": 3188, "Drannith Magistrate_SB": 848, "Casualties of War": 460, "Gaze of Granite": 1219, "Professor Onyx": 2353, "Ruinous Path": 2583, "Seasons Past": 2674, "Feed the Clan_SB": 1084, "Life Goes On_SB": 1818, "Lost Legacy_SB": 1875, "Shifting Ceratops_SB": 2742, "Archfiend's Vessel": 134, "Blisterpod": 292, "Phyrexian Revoker": 2295, "Stalactite Stalker": 2926, "Blisterpod_SB": 293, "Graf Reaver_SB": 1342, "Llanowar Elves_SB": 1859, "Priest of Forgotten Gods_SB": 2347, "Stalactite Stalker_SB": 2927, "Hashep Oasis": 1413, "Reckless Stormseeker": 2457, "The Huntsman's Redemption": 3126, "Thought-Knot Seer": 3172, "Arlinn, the Pack's Hope_SB": 143, "Eldrazi Obligator_SB": 923, "Caustic Bronco_SB": 471, "Crawling Barrens": 640, "Squee, Dubious Monarch_SB": 2920, "Twisted Fealty_SB": 3291, "Voldaren Thrillseeker_SB": 3441, "Insatiable Avarice": 1557, "Sorin the Mirthless_SB": 2857, "Colossal Dreadmaw": 572, "Umori, the Collector_SB": 3311, "Dragonhawk, Fate's Tempest": 836, "Sunspine Lynx": 3002, "Chart a Course": 519, "Karn's Sylex_SB": 1664, "Liliana, Waker of the Dead_SB": 1844, "Pilfer_SB": 2307, "Interplanar Beacon_SB": 1572, "No More Lies_SB": 2129, "Harvester of Misery": 1411, "Restless Vinestalk": 2517, "The Scarab God": 3139, "Vren, the Relentless": 3459, "Angel of Destiny": 82, "Archangel Elspeth": 123, "Archangel of Tithes": 125, "Baneslayer Angel": 218, "Requisition Raid": 2500, "Sephara, Sky's Blade": 2699, "Speaker of the Heavens": 2877, "Starnheim Aspirant": 2931, "Take Up the Shield": 3037, "Voice of the Blessed": 3432, "Borrowed Time_SB": 351, "Cleric Class_SB": 550, "Starnheim Aspirant_SB": 2932, "Restless Bivouac": 2509, "Glaring Aegis": 1272, "Hateful Eidolon": 1414, "Sporogenic Infection": 2914, "Hushbringer_SB": 1513, "Stormwing Entity_SB": 2966, "Swamp_SB": 3017, "Exuberant Fuseling": 1038, "Fanatical Firebrand": 1062, "Foundry Street Denizen": 1169, "Goblin Piledriver": 1312, "Reckless Lackey": 2454, "Masked Vandal_SB": 1939, "Realmwalker_SB": 2447, "Ashiok, Nightmare Muse_SB": 156, "Discovery // Dispersal": 791, "Mirrorshell Crab": 2000, "Warrant // Warden_SB": 3481, "Goblin Rabblemaster": 1314, "Grumgully, the Generous": 1368, "Hobgoblin Bandit Lord": 1479, "Legion Warboss": 1796, "Metallic Mimic": 1972, "Squee, Dubious Monarch": 2919, "Silverback Elder": 2776, "Anim Pakal, Thousandth Moon": 93, "Dollmaker's Shop // Porcelain Gallery": 812, "Warleader's Call": 3474, "Slaughter the Strong_SB": 2817, "Feldon, Ronom Excavator": 1089, "Goro-Goro, Disciple of Ryusei": 1339, "Norin, Swift Survivalist": 2133, "The Stasis Coffin_SB": 3145, "Gyruda, Doom of Depths_SB": 1383, "Lutri, the Spellchaser_SB": 1893, "Obosh, the Preypiercer_SB": 2161, "Zirda, the Dawnwaker_SB": 3600, "Curious Obsession_SB": 671, "Bonehoard Dracosaur": 334, "Cut // Ribbons": 674, "Scytheclaw Raptor_SB": 2657, "Soulless Jailer_SB": 2869, "Elder Deep-Fiend_SB": 918, "Disfigure_SB": 794, "Zur, Eternal Schemer_SB": 3607, "Undead Butler": 3319, "Elas il-Kor, Sadistic Pilgrim": 915, "Destiny Spinner": 763, "Eldrazi Displacer": 921, "Void Rend": 3433, "Wastes": 3488, "Lier, Disciple of the Drowned_SB": 1817, "Nicol Bolas, Dragon-God": 2100, "Nicol Bolas, the Ravager": 2102, "Steamcore Scholar": 2938, "Thought Erasure": 3171, "Temple of Epiphany": 3070, "Dragonlord Atarka": 837, "Yenna, Redtooth Regent": 3576, "Twinshot Sniper_SB": 3289, "Dragon's Fire": 835, "Stingerback Terror": 2945, "Terror of the Peaks": 3091, "Xenagos, the Reveler_SB": 3570, "Ixalan's Binding_SB": 1607, "Warbriar Blessing_SB": 3472, "Lilah, Undefeated Slickshot": 1836, "Grasp of Darkness_SB": 1350, "Overlord of the Balemurk_SB": 2226, "Dire Tactics": 788, "Shock_SB": 2750, "Wild Slash_SB": 3517, "Flowstone Infusion_SB": 1148, "Scrapwork Mutt": 2651, "Bristly Bill, Spine Sower": 385, "Goldvein Hydra": 1332, "Hangarback Walker": 1394, "Ornery Tumblewagg": 2198, "Rishkar, Peema Renegade": 2540, "Vraska, Betrayal's Sting": 3455, "Winding Constrictor": 3526, "Twinblade Geist": 3284, "Curse of Silence_SB": 673, "Escape Velocity_SB": 999, "Shardmage's Rescue_SB": 2723, "Realm-Cloaked Giant_SB": 2445, "Anafenza, Kin-Tree Spirit": 74, "Benalish Marshal": 252, "Daxos, Blessed by the Sun": 693, "Finale of Glory": 1118, "Knight of the White Orchid": 1725, "Mastery of the Unseen": 1948, "Phyrexian Vindicator": 2297, "Precinct Captain": 2345, "Distended Mindbender": 800, "Elder Deep-Fiend": 917, "Fierce Empath": 1105, "Foul Emissary": 1165, "Legion's End": 1797, "Wretched Gryff": 3565, "Distended Mindbender_SB": 801, "Rottenmouth Viper": 2569, "Village Rites": 3410, "Cemetery Illuminator": 485, "Linvala, Shield of Sea Gate": 1848, "Anger of the Gods": 87, "Bruna, the Fading Light": 392, "Gisela, the Broken Blade": 1262, "Lyra Dawnbringer": 1894, "Archangel Avacyn_SB": 122, "Sigarda, Font of Blessings_SB": 2767, "Immersturm Skullcairn": 1530, "Roadside Reliquary": 2549, "Temple of Malady": 3071, "Tithing Blade": 3214, "Warleader's Call_SB": 3475, "Reality Shift_SB": 2443, "Goblin Instigator": 1308, "Rally the Ancestors": 2415, "Goblin Piledriver_SB": 1313, "Legion Loyalist_SB": 1795, "Beacon Bolt": 239, "Spell Stutter": 2886, "Crush the Weak_SB": 653, "Sphinx's Revelation": 2892, "White Sun's Twilight": 3513, "Titania, Voice of Gaea": 3212, "Anafenza, the Foremost_SB": 76, "Nicol Bolas, the Ravager_SB": 2103, "Talion, the Kindly Lord_SB": 3044, "Purphoros, God of the Forge_SB": 2372, "Heartflame Duelist": 1435, "Kaya, Orzhov Usurper": 1677, "Outlaws' Merriment": 2216, "Stormsplitter_SB": 2963, "Dead Weight_SB": 701, "Omen of the Sea_SB": 2179, "Search for Azcanta": 2665, "Gix's Command": 1264, "Experimental Frenzy_SB": 1027, "Omnath, Locus of Creation_SB": 2182, "Long Goodbye": 1864, "Runed Halo": 2590, "Goblin Warchief": 1323, "Krenko, Tin Street Kingpin_SB": 1753, "Roast_SB": 2555, "Vivien Reid_SB": 3423, "Lavinia, Azorius Renegade_SB": 1780, "Dovin, Hand of Control_SB": 827, "Kaya's Wrath": 1674, "Caretaker's Talent_SB": 437, "Fountainport_SB": 1173, "Heroic Reinforcements_SB": 1459, "Vren, the Relentless_SB": 3460, "Mantis Rider": 1922, "Dawnbringer Cleric_SB": 692, "Selfless Spirit_SB": 2693, "Dromoka's Command": 872, "Courser of Kruphix_SB": 628, "Painter's Studio // Defaced Gallery": 2244, "Corpses of the Lost": 618, "Vivien, Arkbow Ranger": 3424, "Vaultborn Tyrant_SB": 3395, "Wakeroot Elemental_SB": 3463, "World Breaker_SB": 3556, "Prosperous Thief": 2366, "Satoru, the Infiltrator": 2619, "Silver-Fur Master": 2775, "Power Word Kill": 2340, "Vivien, Monsters' Advocate_SB": 3427, "Glimmerburst": 1278, "Fires of Victory_SB": 1125, "Mirrex_SB": 1997, "Goblin Rabblemaster_SB": 1315, "Picnic Ruiner": 2303, "Picnic Ruiner_SB": 2304, "Search for Azcanta_SB": 2666, "Camellia, the Seedmiser_SB": 429, "Brotherhood's End": 390, "Strangle": 2967, "Consecrate // Consume": 601, "Roxanne, Starfall Savant": 2574, "Ox of Agonas": 2236, "Shigeki, Jukai Visionary": 2744, "Virtue of Strength": 3420, "Overlord of the Boilerbilges_SB": 2228, "Gix, Yawgmoth Praetor": 1266, "Tocasia's Welcome": 3217, "Breaking // Entering": 370, "Creeping Chill": 642, "Haunted Dead": 1418, "Maestros Charm": 1902, "Narcomoeba": 2074, "Prized Amalgam": 2352, "Silversmote Ghoul": 2782, "Tome Scour": 3223, "Marvin, Murderous Mimic_SB": 1938, "Hugs, Grisly Guardian": 1505, "Jace, the Perfected Mind_SB": 1622, "War Squeak_SB": 3470, "Arasta of the Endless Web": 115, "Hanged Executioner_SB": 1397, "Loran of the Third Path": 1868, "Idyllic Tutor": 1523, "Scattered Groves": 2633, "The Fair Basilica": 3121, "Scorching Dragonfire": 2639, "Zareth San, the Trickster_SB": 3594, "Lord Skitter, Sewer King": 1872, "Rona's Vortex": 2563, "Blessed Alliance": 285, "Needle Spires": 2089, "Sorcerous Spyglass": 2854, "Jace, Vryn's Prodigy_SB": 1618, "Notion Thief": 2136, "Kotose, the Silent Spider_SB": 1744, "Quakebringer_SB": 2379, "Sentinel's Mark": 2698, "Experimental Augury": 1025, "Sunset Revelry_SB": 3000, "Final Vengeance": 1115, "Anoint with Affliction": 99, "Osteomancer Adept": 2205, "Bontu the Glorified_SB": 337, "Ygra, Eater of All_SB": 3578, "Witch's Mark": 3533, "Madcap Skills_SB": 1898, "Kaito, Dancing Shadow_SB": 1651, "Ashiok, Nightmare Weaver_SB": 158, "Valakut Exploration": 3371, "Tireless Tracker_SB": 3206, "Unexpected Fangs_SB": 3327, "Vessel of Nascency": 3404, "Bond of Revival": 329, "Siphon Insight": 2790, "Invasion of Dominaria": 1583, "Cunning Nightbonder": 666, "Omen of the Dead": 2175, "Slitherwisp": 2828, "Cleansing Nova_SB": 546, "Royal Treatment": 2576, "Rune of Might": 2588, "Rune of Sustenance": 2589, "Selfless Savior": 2690, "Royal Treatment_SB": 2577, "Selfless Savior_SB": 2691, "Stonecoil Serpent_SB": 2954, "Commence the Endgame_SB": 584, "Horned Loch-Whale_SB": 1495, "Torrential Gearhulk_SB": 3239, "Phyrexian Censor": 2289, "Aegis of the Gods_SB": 28, "Teyo, the Shieldmage_SB": 3095, "Ornithopter": 2199, "Spire of Industry": 2902, "Springleaf Drum": 2916, "The Blackstaff of Waterdeep": 3111, "Tezzeret, Betrayer of Flesh_SB": 3096, "Bristlebud Farmer": 382, "Biting-Palm Ninja": 264, "Moon-Circuit Hacker": 2031, "Thousand-Faced Shadow": 3177, "Tragic Arrogance_SB": 3248, "Guardian of Faith": 1374, "Serra Paragon": 2701, "History of Benalia": 1475, "Inspired Idea_SB": 1565, "Jegantha, the Wellspring": 1629, "Leyline of the Void": 1813, "Concealed Weapon": 593, "Devious Cover-Up": 773, "Coati Scavenger": 560, "Questing Beast": 2381, "Urgent Necropsy": 3363, "Despise_SB": 762, "Gix's Command_SB": 1265, "Sarulf, Realm Eater_SB": 2617, "Vivien, Arkbow Ranger_SB": 3425, "Lovestruck Beast_SB": 1882, "Leyline of Sanctity": 1810, "Mirrormade": 1998, "Soldier of the Pantheon": 2848, "Kayla's Command": 1680, "Iymrith, Desert Doom": 1609, "Murderous Cut_SB": 2054, "Viashino Pyromancer": 3407, "Stormkeld Vanguard_SB": 2961, "Search for Glory": 2667, "Kazuul's Fury": 1684, "Leyline of Mutation": 1807, "Gruff Triplets_SB": 1367, "Colossal Dreadmaw_SB": 573, "Flamecache Gecko_SB": 1131, "Lava Axe": 1776, "Heartfire": 1433, "Dreadhorde Arcanist_SB": 856, "Enter the God-Eternals_SB": 980, "Gideon of the Trials_SB": 1250, "Giant Growth": 1243, "Hostage Taker_SB": 1498, "Behold the Multiverse": 249, "Aetherling_SB": 38, "Archon of Sun's Grace_SB": 139, "Eerie Interlude_SB": 904, "Ossification_SB": 2204, "Niv-Mizzet, Parun_SB": 2124, "Blade of the Oni_SB": 276, "Callous Bloodmage": 424, "Trial of Ambition": 3265, "Entity Tracker_SB": 984, "Faerie Miscreant": 1055, "Floodpits Drowner_SB": 1143, "Sawblade Skinripper": 2628, "Spectral Adversary": 2878, "Cemetery Illuminator_SB": 486, "Callous Bloodmage_SB": 425, "Necromentia": 2085, "Bloodletter of Aclazotz_SB": 306, "Tatyova, Benthic Druid": 3056, "Questing Druid_SB": 2384, "Approach of the Second Sun": 107, "Dwynen's Elite": 893, "Elvish Warmaster": 952, "Gnarlroot Trapper": 1293, "Jaspera Sentinel": 1627, "Leaf-Crowned Visionary": 1787, "Reclamation Sage": 2462, "Shaman of the Pack": 2718, "Three Tree City": 3186, "Chimil, the Inner Sun_SB": 524, "Redcap Heelslasher_SB": 2467, "Tinybones, the Pickpocket": 3205, "Nighthawk Scavenger_SB": 2107, "Brass Knuckles": 362, "Fabrication Foundry": 1044, "Fomori Vault": 1152, "Gilded Pinions": 1260, "Glass Casket": 1273, "Ingenious Smith": 1552, "Inventors' Fair": 1592, "Lavaspur Boots": 1779, "Metalwork Colossus": 1975, "Mystic Forge": 2059, "Simulacrum Synthesizer": 2786, "The Irencrag": 3127, "Thousand Moons Smithy": 3176, "Wedding Invitation": 3501, "Mystic Forge_SB": 2060, "Bloodtithe Harvester_SB": 311, "Bonders' Enclave": 330, "Nicol Bolas, Dragon-God_SB": 2101, "Protect the Negotiators_SB": 2368, "Metamorphic Alteration_SB": 1977, "Sanguine Evangelist": 2614, "Mystic Monastery": 2061, "Warrant // Warden": 3480, "Reduce // Rubble_SB": 2471, "Vivien, Champion of the Wilds_SB": 3426, "Combat Thresher": 581, "Flicker of Fate": 1136, "Phyrexian Fleshgorger": 2292, "Scrollshift": 2655, "Oath of Kaya_SB": 2153, "Decimator of the Provinces": 718, "Shalai, Voice of Plenty": 2716, "Welcoming Vampire": 3502, "Icon of Ancestry": 1520, "Icon of Ancestry_SB": 1521, "Dragonlord Silumgar": 842, "Dokuchi Silencer_SB": 810, "Silverback Elder_SB": 2777, "Duskwatch Recruiter": 890, "Toski, Bearer of Secrets_SB": 3240, "Parting Gust_SB": 2256, "Abuelo's Awakening": 9, "Radical Idea": 2397, "Thirst for Meaning": 3165, "Adanto Vanguard_SB": 20, "Finale of Revelation_SB": 1119, "Unholy Annex && Ritual Chamber_SB": 3331, "Foulmire Knight": 1167, "Tenacious Underdog": 3083, "Gaea's Revenge_SB": 1198, "Omen Hawker": 2174, "The Enigma Jewel": 3119, "Leyline of Combustion_SB": 1805, "Rotten Reunion_SB": 2568, "Demilich": 737, "Pieces of the Puzzle": 2305, "Unstoppable Slasher_SB": 3346, "Gloomshrieker": 1287, "Creosote Heath": 643, "Lush Oasis": 1891, "Adanto Vanguard": 19, "Kellan, the Fae-Blooded_SB": 1693, "Rotten Reunion": 2567, "Divine Smite_SB": 807, "Confounding Riddle": 599, "Overlord of the Floodpits_SB": 2230, "Angrath, the Flame-Chained_SB": 90, "Surge of Salvation": 3009, "Archangel of Wrath": 127, "Disturbing Mirth": 803, "Doom Foretold": 817, "Harmless Offering": 1406, "Vorinclex": 3448, "Vorinclex, Monstrous Raider": 3449, "Kogla, the Titan Ape_SB": 1734, "Nullhide Ferox_SB": 2145, "Turn the Earth_SB": 3281, "Supreme Will": 3007, "Lair of the Hydra_SB": 1769, "Icingdeath, Frost Tyrant": 1519, "Sleep-Cursed Faerie": 2820, "Recommission": 2464, "Pelakka Predation": 2274, "The Scarab God_SB": 3140, "Twinferno": 3285, "Collision // Colossus_SB": 570, "Chimil, the Inner Sun": 523, "Meathook Massacre II_SB": 1958, "Despark_SB": 760, "Glistening Deluge_SB": 1285, "Goblin Ringleader_SB": 1317, "Adeline, Resplendent Cathar_SB": 23, "Treasure Cruise_SB": 3261, "Oracle of Tragedy": 2195, "Zetalpa, Primal Dawn_SB": 3598, "Sanguine Evangelist_SB": 2615, "Crackling Drake": 631, "Cynical Loner": 679, "Restless Fortress": 2511, "Behold the Multiverse_SB": 250, "Inescapable Blaze_SB": 1545, "Aetherling": 37, "Tyvar, the Pummeler_SB": 3301, "Epic Downfall_SB": 987, "Blue Sun's Twilight": 320, "Outcaster Greenblade": 2212, "Triton Tactics": 3269, "Abraded Bluffs": 5, "Furycalm Snarl": 1194, "Smash to Smithereens_SB": 2830, "Professor Onyx_SB": 2354, "Tome Scour_SB": 3224, "Kari Zev's Expertise": 1661, "Domri's Ambush_SB": 814, "Glorious End_SB": 1288, "Sorin, Vengeful Bloodlord": 2858, "Kenrith's Transformation_SB": 1695, "Wolfwillow Haven_SB": 3550, "Garruk, Unleashed": 1209, "Doomskar": 820, "Gideon's Intervention": 1251, "Ixalan's Binding": 1606, "Coveted Falcon_SB": 630, "Devastating Mastery_SB": 771, "Gideon's Intervention_SB": 1252, "Key to the City": 1704, "Swan Song_SB": 3018, "Forest_SB": 1159, "Lightning Strike_SB": 1835, "Embereth Shieldbreaker_SB": 955, "Lion Sash_SB": 1852, "Soul Transfer": 2863, "Sorcerous Spyglass_SB": 2855, "Sweltering Suns_SB": 3020, "Murderous Rider_SB": 2056, "Rakdos, the Muscle": 2409, "Sprite Dragon": 2917, "Delney, Streetwise Lookout": 735, "Niv-Mizzet, Parun": 2123, "Teshar, Ancestor's Apostle": 3092, "Ossification": 2203, "Status // Statue_SB": 2935, "Lay Down Arms": 1781, "Bloodsoaked Champion": 307, "Lost Jitte": 1874, "Hostage Taker": 1497, "Trostani, Three Whispers": 3273, "Ahn-Crop Crasher_SB": 51, "Surge of Righteousness_SB": 3008, "Maskwood Nexus": 1940, "Highway Robbery": 1472, "Assemble the Players": 166, "Ledger Shredder_SB": 1789, "Kaya the Inexorable": 1670, "Despise": 761, "Spatial Contortion_SB": 2875, "Marina Vendrell_SB": 1935, "Dokuchi Silencer": 809, "Shivan Devastator": 2747, "Avabruck Caretaker": 183, "Starfield of Nyx": 2930, "Demon of Dark Schemes_SB": 740, "Harvester of Misery_SB": 1412, "Progenitor Mimic_SB": 2360, "Valki, God of Lies_SB": 3379, "Defabricate": 728, "Nahiri, the Unforgiving": 2072, "Lion Sash": 1851, "Archon of Absolution_SB": 135, "Sandstalker Moloch_SB": 2611, "Experimental Confectioner": 1026, "Blood Baron of Vizkopa_SB": 296, "Portent Tracker": 2337, "Kambal, Profiteering Mayor_SB": 1656, "Charge Through": 514, "Fight as One": 1111, "Leonin Lightscribe": 1800, "March of Burgeoning Life": 1925, "Season of Growth": 2672, "Tamiyo's Safekeeping": 3045, "Venerated Rotpriest": 3401, "Warriors' Lesson": 3482, "Collected Company_SB": 564, "Moon-Blessed Cleric_SB": 2030, "Silverfur Partisan_SB": 2779, "Scorching Dragonfire_SB": 2640, "Mogis, God of Slaughter_SB": 2015, "Bedevil": 246, "Gala Greeters": 1199, "Jinnie Fay, Jetmir's Second": 1634, "Act of Treason_SB": 18, "Bloody Betrayal_SB": 312, "Knight of Grace_SB": 1723, "Evolved Sleeper": 1012, "Tomik, Wielder of Law": 3227, "Sorin, Vengeful Bloodlord_SB": 2859, "Silundi Vision": 2773, "Flamecache Gecko": 1130, "Gev, Scaled Scorch": 1231, "Cosmic Rebirth_SB": 623, "Mazemind Tome_SB": 1956, "Combustible Gearhulk": 582, "Borborygmos Enraged_SB": 345, "Massacre Wurm_SB": 1943, "Rakdos, the Showstopper_SB": 2410, "Ghalta, Stampede Tyrant": 1234, "Smuggler's Surprise": 2835, "Velomachus Lorehold": 3397, "No One Left Behind": 2130, "Tolarian Terror_SB": 3220, "Hexgold Halberd_SB": 1460, "Lotus Field_SB": 1880, "Devouring Light_SB": 774, "Access Tunnel": 14, "Shakedown Heavy": 2715, "Kellan, Inquisitive Prodigy": 1690, "Mountain_SB": 2043, "Reclamation Sage_SB": 2463, "Joint Exploration": 1637, "Realm-Cloaked Giant": 2444, "Sweltering Suns": 3019, "Annihilating Glare": 96, "Charred Foyer && Warped Space_SB": 517, "Prairie Stream": 2342, "Ashen Rider_SB": 151, "Forge Devil_SB": 1160, "Annul": 97, "Phyrexian Dragon Engine": 2291, "Azor, the Lawbringer": 193, "Aven Mindcensor_SB": 186, "Noxious Gearhulk_SB": 2142, "Blind Obedience": 290, "Spirit of the Labyrinth_SB": 2904, "Twinferno_SB": 3286, "Leyline of Combustion": 1804, "Abhorrent Oculus_SB": 2, "Heroic Reinforcements": 1458, "Stormchaser's Talent": 2960, "Third Path Iconoclast": 3162, "Calamity, Galloping Inferno": 420, "Portal to Phyrexia_SB": 2336, "Defiler of Vigor": 731, "Garruk's Uprising": 1207, "Gemrazer": 1223, "Ghalta, Primal Hunger": 1232, "Hulking Raptor": 1508, "Railway Brawler": 2401, "Ranger Class": 2425, "The Great Henge": 3124, "The Skullspore Nexus": 3142, "Yorvo, Lord of Garenbrig": 3581, "Ram Through_SB": 2418, "Bontu's Last Reckoning_SB": 338, "Harness by Force_SB": 1408, "Unflinching Courage": 3328, "Weaver of Harmony": 3497, "Bubble Smuggler": 396, "Hauntwoods Shrieker": 1421, "Paranormal Analyst": 2253, "Atsushi, the Blazing Sky": 174, "Dragon Tempest": 834, "Invasion of Tarkir": 1589, "Manaform Hellkite": 1917, "Reckless Impulse": 2453, "Shatterskull Smashing": 2730, "Wrenn's Resolve": 3563, "Bushy Bodyguard": 413, "Giant Opportunity": 1246, "Hollow Scavenger": 1481, "Honored Dreyleader": 1485, "Tear Asunder": 3057, "Valley Rotcaller": 3382, "Wicked Wolf": 3514, "Overprotect_SB": 2234, "Commencement of Festivities": 585, "Defend the Hearth": 729, "Sphinx's Tutelage": 2894, "Sultai Charm": 2985, "Winds of Qal Sisma": 3527, "Folio of Fancies_SB": 1151, "Sultai Charm_SB": 2986, "Burning Anger": 404, "Colossification": 576, "Grapple with the Past": 1348, "Infernal Grasp_SB": 1548, "Armed and Armored": 144, "Consulate Dreadnought": 607, "Giant Ox": 1247, "Hotshot Mechanic": 1502, "Mech Hangar": 1959, "Surgehacker Mech": 3011, "Cemetery Prowler_SB": 487, "Commune with Dinosaurs": 589, "Marauding Raptor": 1924, "Otepec Huntmaster": 2208, "Pugnacious Hammerskull": 2371, "Rampaging Raptor": 2423, "Ripjaw Raptor": 2535, "Kaya, Spirits' Justice_SB": 1679, "Enduring Courage": 968, "Invigorated Rampage": 1593, "Baral, Chief of Compliance": 225, "Open the Armory": 2188, "Resolute Strike": 2503, "Thud_SB": 3192, "Deification": 734, "Elspeth Resplendent": 938, "Gideon's Triumph": 1253, "Oath of Kaya": 2152, "The Birth of Meletis": 3110, "Urza's Sylex": 3365, "Yahenni's Expertise": 3571, "Hanged Executioner": 1396, "Rally of Wings": 2414, "Skycat Sovereign": 2805, "Topplegeist": 3229, "Watcher of the Spheres": 3490, "Errant and Giada_SB": 994, "Patch Up_SB": 2257, "Dictate of Kruphix": 781, "Blacklance Paragon_SB": 272, "Cunning Nightbonder_SB": 667, "Adult Gold Dragon": 25, "Savage Summoning_SB": 2621, "Frenzied Goblin": 1182, "Jadar, Ghoulcaller of Nephalia_SB": 1624, "Angrath's Rampage_SB": 89, "Get Out": 1229, "Secrets of the Key": 2676, "Azure Beastbinder": 197, "Bounding Krasis": 357, "Nissa, Vastwood Seer": 2120, "Skylasher_SB": 2811, "Chromanticore": 528, "Cragplate Baloth": 635, "Oketra the True": 2170, "Dreams of Steel and Oil_SB": 868, "Rush of Adrenaline": 2594, "Ulcerate_SB": 3306, "Silverquill Silencer": 2781, "Phyrexian Fleshgorger_SB": 2293, "Dreams of Steel and Oil": 867, "Velomachus Lorehold_SB": 3398, "Kick in the Door": 1705, "Violent Urge": 3414, "Charred Foyer // Warped Space_SB": 518, "Combat Research": 580, "Bond of Insight": 328, "Lyra Dawnbringer_SB": 1895, "Welcoming Vampire_SB": 3503, "Akroan Crusader": 58, "Expedite": 1020, "Dreadhorde Invasion": 857, "Obzedat, Ghost Council": 2165, "Eat to Extinction_SB": 896, "Silver Raven": 2774, "Hollow One": 1480, "Insolent Neonate": 1564, "Ovalchase Daredevil": 2220, "Improbable Alliance_SB": 1538, "Gideon, Ally of Zendikar": 1255, "Perilous Voyage_SB": 2278, "Discontinuity_SB": 790, "Virtue of Loyalty_SB": 3417, "Cemetery Desecrator": 483, "Escape Tunnel": 997, "Insatiable Avarice_SB": 1558, "Malicious Eclipse_SB": 1915, "Rush of Dread_SB": 2596, "The Kenriths' Royal Funeral_SB": 3129, "Deploy the Gatewatch": 752, "Interplanar Beacon": 1571, "Kaya, Intangible Slayer": 1675, "Narset of the Ancient Way": 2076, "Paradise Druid": 2250, "Tamiyo, Collector of Tales": 3047, "Tamiyo, Compleated Sage": 3049, "The Eternal Wanderer": 3120, "Coordinated Assault": 614, "Fraying Sanity": 1180, "Maddening Cacophony": 1899, "Soul-Guide Lantern": 2864, "Tasha's Hideous Laughter": 3054, "Bonebind Orator": 331, "Crashing Drawbridge": 638, "Palace Siege_SB": 2245, "Assimilation Aegis": 168, "Disruption Protocol": 798, "Lantern of the Lost": 1773, "Prophetic Prism": 2363, "The Book of Exalted Deeds": 3112, "Tyrite Sanctum": 3294, "Whir of Invention": 3510, "Citizen's Crowbar_SB": 537, "Nissa, Ascended Animist": 2117, "Rankle's Prank": 2426, "Repudiate // Replicate": 2497, "Colossal Skyturtle_SB": 575, "Song of Totentanz_SB": 2853, "Outrageous Robbery_SB": 2219, "Giant Killer_SB": 1245, "Green Sun's Twilight": 1358, "Tyrranax Rex": 3295, "Invasion of Ixalan_SB": 1588, "Strict Proctor_SB": 2973, "Phyrexian Censor_SB": 2290, "Leyline of Resonance_SB": 1809, "Void Winnower_SB": 3435, "Unctus, Grand Metatect": 3318, "Annie Joins Up": 95, "Phylath, World Sculptor": 2286, "Liliana, the Last Hope": 1845, "Regal Caracal": 2477, "Wishclaw Talisman": 3532, "Altar of the Brood_SB": 72, "Attack-in-the-Box": 175, "Balemurk Leech": 208, "Broodspinner": 389, "Cackling Slasher": 417, "Cathartic Parting": 466, "Coordinated Clobbering": 615, "Flesh Burrower": 1135, "Frantic Strength": 1178, "Glimmerlight": 1279, "Grasping Longneck": 1351, "Grievous Wound": 1360, "Innocuous Rat": 1555, "Meathook Massacre II": 1957, "Overgrown Zealot": 2224, "Saw": 2626, "Slavering Branchsnapper": 2818, "Spectral Snatcher": 2881, "Spineseeker Centipede": 2898, "Strangled Cemetery": 2969, "Terramorphic Expanse": 3088, "Twitching Doll": 3292, "Wary Watchdog": 3483, "Winter, Misanthropic Guide": 3530, "Conductive Machete_SB": 597, "Fanatic of the Harrowing_SB": 1061, "Final Vengeance_SB": 1116, "Friendly Teddy_SB": 1184, "Give In to Violence_SB": 1263, "Manifest Dread_SB": 1920, "Murder_SB": 2052, "Finale of Devastation": 1117, "Tidebinder Mage_SB": 3200, "Goblin Ringleader": 1316, "Goblin Trashmaster": 1322, "Bontu's Monument": 339, "Dazzling Theater // Prop Room": 700, "Siege Veteran": 2764, "Yotian Frontliner": 3582, "Aurelia, the Law Above_SB": 180, "Elvish Clancaller": 948, "Pause for Reflection_SB": 2265, "Phyrexian Revoker_SB": 2296, "Sentinel of Lost Lore_SB": 2694, "Ferocious Werefox_SB": 1096, "Deeproot Elite": 726, "Forensic Researcher": 1155, "Forensic Researcher_SB": 1156, "Kopala, Warden of Waves_SB": 1740, "Lost in the Maze_SB": 1876, "Prophet of Kruphix_SB": 2362, "Takenuma, Abandoned Mire_SB": 3039, "Barrier Breach_SB": 230, "Tail Swipe": 3034, "Drannith Ruins": 849, "Faerie Dreamthief": 1051, "Plumecreed Escort_SB": 2322, "Sunset Revelry": 2999, "Blind Obedience_SB": 291, "Outlaws' Merriment_SB": 2217, "Rip Apart_SB": 2534, "Omen of the Sun": 2180, "Seal Away": 2661, "Collateral Damage": 561, "The Autonomous Furnace": 3109, "Bushwhack": 412, "Circle of Dreams Druid": 535, "Elvish Visionary": 951, "Deathrite Shaman_SB": 715, "Cavalier of Flame": 473, "Vraska, Betrayal's Sting_SB": 3456, "Urza's Sylex_SB": 3366, "Chandra, Acolyte of Flame": 499, "Exquisite Firecraft": 1030, "Gruul Charm": 1369, "Spiteful Hexmage": 2907, "Haunted Ridge_SB": 1420, "Basri Ket_SB": 232, "Archangel of Tithes_SB": 126, "Conclave Tribunal_SB": 596, "Shalai, Voice of Plenty_SB": 2717, "Doppelgang_SB": 824, "Fanatical Offering": 1063, "Popular Egotist": 2327, "Bag of Holding": 202, "Jace, Architect of Thought": 1615, "Teferi, Master of Time": 3064, "Eerie Ultimatum_SB": 905, "Inspired Ultimatum_SB": 1566, "Sarkhan the Masterless_SB": 2616, "Thief of Sanity_SB": 3156, "Botanical Brawler": 354, "Conclave Mentor": 595, "Kodama of the West Tree": 1730, "Ozolith, the Shattered Spire": 2238, "Wrenn's Resolve_SB": 3564, "Rabid Gnaw": 2393, "Kazandu Mammoth": 1683, "Scavenger Grounds_SB": 2635, "Fortified Village": 1163, "Nightveil Predator": 2108, "Depopulate": 753, "The Scorpion God_SB": 3141, "The Cruelty of Gix_SB": 3115, "Consuming Tide_SB": 610, "Maximize Velocity_SB": 1951, "Citywide Bust_SB": 540, "Rhonas the Indomitable_SB": 2528, "Whisperwood Elemental_SB": 3512, "Blazemire Verge_SB": 282, "Hoarding Broodlord_SB": 1478, "Enduring Vitality": 976, "Kona, Rescue Beastie": 1739, "Seraphic Steed": 2700, "Survivors' Encampment": 3015, "Elesh Norn_SB": 933, "Zoyowa Lava-Tongue": 3605, "Exuberant Fuseling_SB": 1039, "Renounce the Guilds_SB": 2494, "Enduring Bondwarden": 967, "Quirion Beastcaller": 2390, "Bolas's Citadel_SB": 323, "Catacomb Sifter_SB": 463, "Popular Egotist_SB": 2328, "Prosperous Innkeeper_SB": 2365, "Woe Strider_SB": 3548, "Elvish Archivist_SB": 947, "Fblthp, the Lost": 1073, "Kitesail Larcenist_SB": 1712, "Suncleanser_SB": 2989, "Debt to the Kami": 716, "Debt to the Kami_SB": 717, "Angelfire Ignition": 86, "Tenth District Legionnaire": 3085, "Steel Seraph_SB": 2941, "Izoni, Center of the Web": 1610, "Silent Gravestone_SB": 2772, "Drag to the Roots": 832, "Castle Locthwain_SB": 458, "Edgar, Charmed Groom_SB": 901, "Gates of Istfell": 1214, "Korvold, Fae-Cursed King": 1741, "Phyrexian Vindicator_SB": 2298, "Kozilek's Return_SB": 1745, "Alchemist's Gambit": 59, "Intrepid Adversary": 1580, "Gyruda, Doom of Depths": 1382, "Case of the Gateway Express_SB": 447, "Brimaz, King of Oreskos": 377, "Collector's Cage": 567, "Kitnap": 1713, "Bloodtithe Collector": 309, "Goddric, Cloaked Reveler": 1328, "Vampires' Vengeance_SB": 3387, "Blood Crypt_SB": 298, "Voltaic Brawler": 3445, "Vengeful Possession_SB": 3403, "Ingenious Prodigy": 1551, "Glarb, Calamity's Augur_SB": 1271, "Tomik, Distinguished Advokist_SB": 3226, "Bamboo Grove Archer_SB": 212, "Mastermind's Acquisition_SB": 1947, "Season of the Burrow_SB": 2673, "Spinner of Souls": 2900, "Abyssal Harvester": 10, "Burst Lightning": 410, "Scab-Clan Berserker_SB": 2630, "Boltwave": 324, "Elenda, Saint of Dusk": 929, "Elenda, Saint of Dusk_SB": 930, "Waste Not_SB": 3485, "High Fae Trickster_SB": 1468, "Fervent Champion": 1098, "Goblin Tomb Raider": 1320, "Leyline Axe": 1801, "Kaito, Cunning Infiltrator": 1650, "Scrawling Crawler": 2652, "Varragoth, Bloodsky Sire": 3393, "Syr Ginger, the Meal Ender": 3031, "Saiba Cryptomancer_SB": 2604, "Ajani, Sleeper Agent": 53, "Nahiri, the Unforgiving_SB": 2073, "Alms of the Vein": 63, "Demand Answers": 736, "Grab the Prize": 1341, "Markov Baron": 1936, "Nullpriest of Oblivion": 2146, "Skullcrack": 2803, "Kiora, the Rising Tide": 1709, "Bulk Up": 400, "Expedition Map": 1021, "Dropkick Bomber": 874, "Searslicer Goblin": 2670, "Driven // Despair": 870, "Huskburster Swarm_SB": 1515, "Zombify": 3602, "Blooming Blast": 313, "Cemetery Gatekeeper_SB": 484, "Mission Briefing": 2008, "Dawnbringer Cleric": 691, "Trail of Crumbs_SB": 3250, "Herald of Eternal Dawn_SB": 1451, "The Witch's Vanity": 3152, "Day of Judgment": 694, "Liliana, Dreadhorde General": 1840, "Hanweir Battlements": 1398, "Scorn-Blade Berserker": 2643, "Essence Channeler": 1004, "Fountain of Renewal": 1170, "Heliod, Sun-Crowned": 1443, "Hooded Blightfang": 1486, "Indulging Patrician": 1544, "Revival // Revenge": 2525, "Scoured Barrens": 2644, "Vampire of the Dire Moon": 3385, "Tinybones, Bauble Burglar": 3204, "Deathmark_SB": 712, "Lava Axe_SB": 1777, "Flicker of Fate_SB": 1137, "Kykar, Zephyr Awakener": 1766, "Infestation Sage": 1549, "Spawn of Mayhem": 2876, "Banner of Kinship": 224, "Elvish Archdruid": 945, "Citanul Stalwart": 536, "Sylvan Messenger_SB": 3027, "Maelstrom Pulse": 1900, "Genesis Wave": 1226, "Samut, Tyrant Smasher": 2606, "Bouncer's Beatdown_SB": 356, "Joust Through_SB": 1638, "Soulstone Sanctuary": 2872, "Torment of Hailfire_SB": 3233, "Drake Hatcher_SB": 844, "Blitz of the Thunder-Raptor": 294, "Long River's Pull": 1866, "Sugar Coat_SB": 2982, "Curator of Destinies_SB": 668, "Haunted Cloak": 1417, "Swiftfoot Boots": 3021, "Flameblade Adept": 1129, "Dread Fugue": 851, "Lunarch Veteran": 1890, "Skyclave Cleric": 2808, "The Raven Man_SB": 3135, "Dusk Legion Duelist": 886, "Make Disappear_SB": 1911, "Toxrill, the Corrosive_SB": 3247, "Expansion // Explosion": 1019, "Haughty Djinn_SB": 1416, "Charming Scoundrel": 516, "Fallaji Vanguard": 1059, "Hellspur Posse Boss": 1446, "Panharmonicon": 2248, "Witty Roastmaster": 3545, "Aetherstorm Roc_SB": 40, "Anim Pakal, Thousandth Moon_SB": 94, "Chance for Glory_SB": 497, "Demonic Ruckus_SB": 746, "Phyrexian Obliterator_SB": 2294, "Brass's Tunnel-Grinder": 363, "Raise the Past": 2402, "Chained to the Rocks_SB": 492, "Kellan, Planar Trailblazer": 1691, "Anguished Unmaking": 91, "Day of Judgment_SB": 695, "Maelstrom Pulse_SB": 1901, "Niv-Mizzet, Visionary_SB": 2127, "Mystic Repeal_SB": 2063, "Reasonable Doubt_SB": 2449, "Phyrexian Arena_SB": 2288, "Tibalt's Trickery_SB": 3198, "Idol of Endurance": 1522, "Niko Aris": 2109, "Academy Loremaster": 13, "Heaped Harvest": 1431, "Thassa, God of the Sea": 3106, "Fountainport Bell": 1172, "Glint-Nest Crane": 1282, "Hammer of Purphoros": 1391, "Arboreal Grazer_SB": 118, "Shrapnel Blast_SB": 2760, "Alpha Authority_SB": 67, "Triton Tactics_SB": 3270, "Blood Baron of Vizkopa": 295, "Crystal Barricade_SB": 660, "Spring-Loaded Sawblades": 2915, "Bala Ged Recovery_SB": 205, "Tenacious Underdog_SB": 3084, "Push // Pull": 2373, "Dowsing Device": 828, "Burst Lightning_SB": 411, "Llanowar Visionary": 1860, "Skyknight Squire": 2810, "Sire of Seven Deaths": 2793, "Niv-Mizzet, Supreme_SB": 2126, "Ajani, Caller of the Pride": 52, "Burrowguard Mentor": 409, "Dryad Militant": 879, "Fleecemane Lion": 1133, "Kutzil, Malamet Exemplar": 1764, "Melira, the Living Cure": 1961, "Wilt-Leaf Liege": 3522, "Indomitable Creativity_SB": 1543, "Choked Estuary": 526, "Ego Drain": 906, "Faerie Fencing": 1052, "Obyra, Dreaming Duelist": 2164, "Shineshadow Snarl": 2745, "Sunken Hollow": 2997, "Talion, the Kindly Lord": 3043, "Talion's Messenger": 3042, "Twining Twins": 3287, "Crippling Fear_SB": 644, "Flashfreeze_SB": 1132, "Phantom Interference_SB": 2283, "Assemble the Legion_SB": 165, "Krenko, Mob Boss": 1751, "Betrayer's Bargain_SB": 255, "By Force_SB": 414, "Strangle_SB": 2968, "Game Trail": 1204, "Aspect of Hydra": 161, "Nullhide Ferox": 2144, "Steel Leaf Champion": 2939, "Garruk's Uprising_SB": 1208, "Ghalta, Primal Hunger_SB": 1233, "Reality Shift": 2442, "Heliod's Intervention": 1441, "Volatile Fault": 3436, "Herald of Eternal Dawn": 1450, "Chaplain of Alms_SB": 513, "Healer's Hawk_SB": 1430, "Disfigure": 793, "Gossip's Talent": 1340, "Karumonix, the Rat King": 1667, "Persistent Marshstalker": 2279, "Piper of the Swarm": 2311, "Shoreline Looter": 2755, "Tangled Colony": 3050, "Bring the Ending_SB": 380, "Pile On_SB": 2306, "Tangled Colony_SB": 3051, "Desecration Demon": 757, "Memorial to Folly": 1962, "Ob Nixilis Reignited_SB": 2155, "Cast Out": 451, "Drannith Healer": 846, "Drannith Stinger": 850, "Flourishing Fox": 1145, "Go for Blood": 1298, "Reptilian Reflection": 2496, "Valiant Rescuer": 3377, "Zenith Flare": 3595, "Irencrag Pyromancer_SB": 1597, "Blazing Volley": 283, "Cinderclasm": 532, "Crash Through": 637, "Death-Rattle Oni": 709, "Dismal Backwater": 795, "Electrickery": 926, "Kessig Flamebreather": 1700, "Seismic Wave": 2684, "Stolen Vitality": 2951, "Thrill of Possibility": 3187, "Tolarian Terror": 3219, "Burn Down the House_SB": 403, "Power Word Kill_SB": 2341, "Smoldering Egg_SB": 2832, "Edgewall Inn": 902, "Edgewall Innkeeper": 903, "Lucky Clover": 1883, "Midnight Reaper": 1982, "Necroblossom Snarl": 2084, "Order of Midnight": 2197, "Smitten Swordmaster": 2831, "Massacre Girl_SB": 1941, "Gray Merchant of Asphodel": 1354, "Mephitic Draught": 1968, "Warlock Class": 3476, "Corpses of the Lost_SB": 619, "Doom Foretold_SB": 818, "Life of Toshiro Umezawa_SB": 1820, "Burn Down the House": 402, "Flame-Blessed Bolt": 1127, "Frostboil Snarl": 1186, "Refute": 2475, "Vampires' Vengeance": 3386, "Pelakka Wurm_SB": 2275, "Boon of the Wish-Giver": 342, "Frostveil Ambush": 1187, "Memory Leak": 1966, "Startling Development": 2934, "Enigma Drake": 977, "Ephara's Dispersal": 985, "Eroded Canyon": 992, "Essence Capture": 1003, "Galvanize": 1203, "Mind Spiral": 1989, "Peculiar Lighthouse": 2271, "Pit of Offerings": 2312, "Scorching Shot": 2641, "Slick Sequence": 2823, "Winged Words": 3528, "Into the Fire_SB": 1575, "Wildfire Howl_SB": 3518, "Burn Bright": 401, "Chimney Rabble": 525, "Fissure Wizard": 1126, "Goblin Arsonist": 1301, "Goblin Javelineer": 1309, "Goblin Morningstar": 1310, "Goblin Trailblazer": 1321, "Heraldic Banner": 1452, "Hulking Bugbear": 1507, "Renata, Called to the Hunt": 2489, "Return of the Wildspeaker": 2522, "Rhythm of the Wild": 2529, "Subira, Tulzidi Caravanner": 2978, "You See a Pair of Goblins": 3584, "Krenko, Mob Boss_SB": 1752, "Banishing Light": 222, "Flowerfoot Swordmaster": 1147, "Mabel, Heir to Cragflame": 1896, "Seedglaive Mentor": 2681, "Short Bow": 2756, "Whiskervale Forerunner": 3511, "Abzan Charm": 12, "Sandsteppe Citadel": 2612, "Temple of Silence": 3075, "Unyielding Gatekeeper": 3354, "Drown in Sorrow_SB": 875, "No Witnesses": 2131, "Port Town": 2330, "Temple of Enlightenment": 3069, "Jace, Architect of Thought_SB": 1616, "No Witnesses_SB": 2132, "Deeproot Champion": 725, "Quirion Dryad": 2391, "Restless Ridgeline": 2514, "Cinder Glade": 531, "Enter the Unknown": 982, "Mirrorwing Dragon": 2002, "Silverfur Partisan": 2778, "Young Pyromancer": 3585, "Zada, Hedron Grinder": 3590, "Turn Inside Out_SB": 3279, "Unnatural Moonrise_SB": 3344, "Cast Down": 450, "Night of the Sweets' Revenge": 2105, "Savor": 2624, "Tough Cookie": 3243, "Savor_SB": 2625, "Abandoned Campground": 0, "Grand Entryway // Elegant Rotunda": 1347, "Gremlin Tamer": 1359, "Inquisitive Glimmer": 1556, "Lionheart Glimmer": 1853, "Oppressive Rays": 2191, "Builder's Talent_SB": 398, "Divine Resilience_SB": 805, "Kitnap_SB": 1714, "Paladin Class_SB": 2246, "Stay Hidden, Stay Silent_SB": 2936, "Badlands Revival": 201, "Fertile Thicket": 1097, "Festerleech": 1100, "Foul Orchard": 1166, "Golgari Guildgate": 1335, "Hedge Shredder": 1439, "Hero's Downfall": 1455, "Jungle Hollow": 1640, "Quilled Greatwurm": 2388, "Slice from the Shadows": 2822, "Frantic Strength_SB": 1179, "Stab_SB": 2924, "Vraska's Fall_SB": 3454, "Mishra's Foundry": 2006, "Ultimate Price": 3307, "Unexpected Fangs": 3326, "Vadmir, New Blood": 3368, "Extract a Confession_SB": 1034, "Kitesail Freebooter_SB": 1710, "Alesha, Who Laughs at Fate": 61, "Davriel, Rogue Shadowmage": 688, "Fell": 1093, "Grasp of Darkness": 1349, "Master of Cruelties": 1944, "Razorlash Transmogrant": 2437, "Razortrap Gorge": 2438, "Seize the Spoils": 2685, "Kaervek, the Spiteful_SB": 1644, "Painful Quandary_SB": 2242, "Witch's Vengeance_SB": 3535, "Eddymurk Crab": 900, "Haughty Djinn": 1415, "Stormwing Entity": 2965, "Gnarled Scarhide": 1291, "Madcap Skills": 1897, "Minotaur Skullcleaver": 1993, "Mogis's Marauder": 2014, "Rakdos Cackler": 2403, "Rakdos Shred-Freak": 2407, "Spike Jester": 2896, "Tormented Hero": 3234, "Doom Blade_SB": 816, "Ultimate Price_SB": 3308, "Consuming Aberration": 608, "Contaminated Aquifer": 613, "Didn't Say Please": 782, "Dimir Guildgate": 785, "Dreadwaters": 861, "Duskmantle Guildmage": 889, "Fell Specter": 1094, "Jhessian Thief": 1633, "Mind Carver": 1986, "Mind Drain": 1987, "Murder": 2051, "Nezumi Informant": 2098, "Orzhov Racketeers": 2201, "Painful Quandary": 2241, "Paranoid Delusions": 2252, "Pilfered Plans": 2308, "Psychic Strike": 2370, "Razzle-Dazzler": 2440, "Read the Bones": 2441, "Sleep": 2819, "The Mindskinner": 3134, "Typhoid Rats": 3293, "Wall of Frost": 3465, "Witness Protection": 3543, "Aspect of Lamprey_SB": 162, "Blood Pact_SB": 299, "Dreadwaters_SB": 862, "Frogify_SB": 1185, "Mocking Sprite_SB": 2011, "Professor's Warning_SB": 2356, "Rogue's Gloves_SB": 2560, "Sinister Possession_SB": 2788, "Solemn Simulacrum_SB": 2849, "Sphinx of Magosi_SB": 2890, "Thieving Otter_SB": 3158, "Unlikely Aid_SB": 3340, "Zombify_SB": 3603, "Coruscation Mage": 621, "Burning Hands_SB": 405, "Giant Cindermaw_SB": 1242, "Lightning Mare_SB": 1833, "Wrangle_SB": 3561, "Ancient Imperiosaur": 81, "Belligerent Yearling": 251, "Fight Rigging": 1110, "Intrepid Paleontologist": 1581, "Ixalli's Lorekeeper": 1608, "Palani's Hatcher": 2247, "Regisaur Alpha": 2480, "Shifting Ceratops": 2741, "Triumphant Chomp": 3271, "Thrashing Brontodon_SB": 3183, "Triumphant Chomp_SB": 3272, "Goblin Boarders": 1303, "Goblin Heelcutter": 1307, "Goblin Negotiation": 1311, "Goblin Surprise": 1318, "Goblinslide": 1324, "Guttersnipe": 1380, "Hellraiser Goblin": 1445, "Impact Tremors": 1533, "Pyrewild Shaman": 2375, "Redcap Gutter-Dweller": 2466, "Rigging Runner": 2531, "Subterranean Scout": 2981, "Frenzied Goblin_SB": 1183, "Goblin Boarders_SB": 1304, "Goblin Surprise_SB": 1319, "Rundvelt Hordemaster_SB": 2587, "Searslicer Goblin_SB": 2671, "Siege-Gang Commander_SB": 2765, "Cruel Somnophage": 646, "Mercurial Spelldancer": 1969, "Mind Sculpt": 1988, "Ruin Crab": 2581, "Syr Konrad, the Grim": 3033, "Bitter Chill_SB": 266, "Chart a Course_SB": 520, "Sphinx's Tutelage_SB": 2895, "Terisian Mindbreaker_SB": 3087, "Armored Kincaller": 145, "Burning Sun Cavalry": 406, "Captivating Cave": 434, "Cavern Stomper": 477, "Colossadactyl": 571, "Dinotomaton": 787, "Disturbed Slumber": 802, "Earthshaker Dreadmaw": 894, "Hidden Nursery": 1462, "Nurturing Bristleback": 2147, "Over the Edge": 2221, "Panicked Altisaur": 2249, "Pathfinding Axejaw": 2263, "Poison Dart Frog": 2323, "Promising Vein": 2361, "Rampaging Ceratops": 2420, "Rumbling Rockslide": 2584, "Scytheclaw Raptor": 2656, "Seeker of Sunlight": 2682, "Seismic Monstrosaur": 2683, "Walk with the Ancestors": 3464, "Nahiri's Resolve": 2067, "Tinker's Tote": 3202, "Dusk Rose Reliquary_SB": 888, "Unidentified Hovership_SB": 3335, "Vindictive Flamestoker_SB": 3411, "Garruk's Harbinger": 1205, "Inscription of Abundance": 1559, "Lifecrafter's Bestiary": 1822, "Skyreaping_SB": 2812, "Arashin Foremost": 114, "Blood-Chin Rager": 301, "Chief of the Edge": 522, "Gutterbones": 1379, "Legion Angel": 1790, "Mardu Strike Leader": 1932, "Mardu Woe-Reaper": 1933, "Rally the Ranks": 2416, "Secure the Wastes": 2677, "Usher of the Fallen": 3367, "Dazzling Angel": 698, "Divine Smite": 806, "Exemplar of Light": 1016, "Firemane Avenger": 1122, "Wind-Scarred Crag": 3525, "Falkenrath Gorger": 1057, "Foreboding Ruins": 1154, "Forerunner of Slaughter": 1157, "Olivia, Mobilized for War": 2173, "Unlicensed Disintegration": 3336, "Transgress the Mind_SB": 3254, "Briarbridge Tracker": 373, "Hard-Hitting Question": 1402, "Subterranean Schooner": 2980, "Teething Wurmlet": 3061, "Vineglimmer Snarl": 3412, "Briarbridge Tracker_SB": 374, "Hard-Hitting Question_SB": 1403, "Island_SB": 1602, "Unsummon_SB": 3349, "Rampage of the Clans": 2419, "Hangarback Walker_SB": 1395, "Earthshaker Khenra": 895, "Mirran Banesplitter": 1995, "Azorius Guildgate": 196, "Boros Guildgate": 349, "Gate Colossus": 1211, "Gatebreaker Ram": 1212, "Gates Ablaze": 1213, "Gateway Plaza": 1215, "Glaive of the Guildpact": 1269, "Gruul Guildgate": 1371, "Guild Summit": 1378, "Hour of Promise": 1503, "Izzet Guildgate": 1612, "Maze's End": 1954, "Open the Gates": 2189, "Plaza of Harmony": 2319, "Rakdos Guildgate": 2405, "Selesnya Guildgate": 2687, "Simic Guildgate": 2783, "Thran Portal": 3180, "Archway Angel_SB": 140, "Crackling Perimeter_SB": 633, "Strategic Planning": 2970, "Wandering Fumarole": 3467, "Frantic Firebolt_SB": 1176, "Saw It Coming": 2627, "Thirst for Discovery": 3164, "Primal Might": 2348, "Experiment One_SB": 1024, "Toxin Analysis_SB": 3246, "Smoldering Marsh": 2833, "Banehound": 217, "Curator of Mysteries": 669, "Mire Triton": 1994, "Rush of Vitality_SB": 2597, "Goblin Blast-Runner": 1302, "Krenko, Baron of Tin Street": 1750, "Voltage Surge": 3443, "Sunshot Militia_SB": 3001, "Essence Scatter": 1006, "Flow of Knowledge": 1146, "Quick Study_SB": 2386, "Shifting Grift_SB": 2743, "Bedlam Reveler": 247, "Warlord's Fury": 3477, "Ox of Agonas_SB": 2237, "Arcane Infusion": 119, "Aetherize_SB": 36, "Into the Roil_SB": 1578, "Volcanic Spite_SB": 3438, "Flame-Blessed Bolt_SB": 1128, "Ral, Izzet Viceroy_SB": 2413, "You See a Guard Approach_SB": 3583, "Aether Hub": 33, "Attune with Aether": 176, "Gather the Pack": 1218, "Lotleth Troll": 1877, "Cragplate Baloth_SB": 636, "Sporeweb Weaver_SB": 2913, "Beastie Beatdown": 243, "Return to Nature_SB": 2524, "Karametra's Blessing": 1659, "Agent of the Fates_SB": 49, "Eriette of the Charmed Apple_SB": 990, "Pacifism_SB": 2239, "Evolving Wilds": 1014, "Good-Fortune Unicorn": 1338, "Mossborn Hydra": 2039, "Ochre Jelly": 2166, "Sylvan Scavenging": 3029, "Wildwood Scourge": 3520, "Gaea's Gift_SB": 1197, "Gnarlid Colony_SB": 1292, "Inscription of Abundance_SB": 1560, "Trash the Town_SB": 3256, "Bristling Hydra": 384, "Electrostatic Pummeler": 927, "Fling": 1138, "Ghor-Clan Rampager": 1236, "Harnessed Lightning": 1409, "Servant of the Conduit": 2703, "Axebane Ferox_SB": 189, "Deathgorge Scavenger_SB": 711, "Gruul Spellbreaker_SB": 1372, "Insult // Injury_SB": 1570, "Legion Angel_SB": 1791, "Gideon's Triumph_SB": 1254, "Hopeful Vigil": 1492, "Sigil of the Empty Throne": 2768, "Spirit-Sister's Call": 2905, "Banishing Light_SB": 223, "Cast Out_SB": 452, "Dreadhorde Invasion_SB": 858, "Trespasser's Curse_SB": 3264, "Blacklance Paragon": 271, "Brineborn Cutthroat": 379, "Reasonable Doubt": 2448, "Sea-Dasher Octopus": 2659, "Ashiok's Erasure_SB": 152, "Spectral Adversary_SB": 2879, "Ayara, First of Locthwain": 191, "Brain Maggot": 360, "Erebos, Bleak-Hearted": 989, "Phyrexian Arena": 2287, "Underworld Dreams": 3325, "Corrupt_SB": 620, "Whack_SB": 3508, "Angel of Invention": 83, "Combat Celebrant": 578, "God-Pharaoh's Gift": 1326, "Refurbish": 2474, "Arashin Cleric_SB": 113, "Spinner of Souls_SB": 2901, "Think Twice": 3161, "Sphinx's Revelation_SB": 2893, "Seal from Existence": 2663, "Ghostly Dancers_SB": 1240, "Connive // Concoct_SB": 600, "Outrageous Robbery": 2218, "Boltwave_SB": 325, "Fatal Grudge": 1066, "Valley Floodcaller_SB": 3381, "Valorous Stance_SB": 3384, "Pillage the Bog_SB": 2310, "Aether Channeler": 29, "Fiery Annihilation_SB": 1106, "Arahbo, the First Fang": 112, "Felidar Cub": 1091, "Feline Sovereign": 1092, "Sacred Cat": 2599, "Savannah Lions": 2623, "Reckless Stormseeker_SB": 2458, "Archfiend of Depravity": 130, "Archfiend of Depravity_SB": 131, "Loot, Exuberant Explorer": 1867, "Quicken": 2387, "Banish into Fable": 220, "Furnace Punisher": 1191, "Invasive Surgery_SB": 1591, "Thousand-Year Storm": 3178, "Cathartic Pyre_SB": 468, "Tamiyo, Collector of Tales_SB": 3048, "Anthem of Champions_SB": 103, "Fear of Abduction": 1074, "Overwhelming Remorse_SB": 2235, "Return the Favor_SB": 2523, "Dennick, Pious Apprentice_SB": 750, "Sire of Seven Deaths_SB": 2794, "Dissection Tools": 799, "Dollmaker's Shop && Porcelain Gallery": 811, "Kami of Transience": 1657, "Surgical Suite && Hospital Room_SB": 3012, "Regal Bunnicorn": 2476, "Ashiok, Wicked Manipulator": 159, "Case of the Uneaten Feast": 449, "Trelasarra, Moon Dancer": 3263, "Floriferous Vinewall": 1144, "Urborg Lhurgoyf": 3359, "Aether Channeler_SB": 30, "Kambal, Consul of Allocation": 1654, "Tectonic Hazard_SB": 3060, "Zephyr Sentinel_SB": 3596, "Harmonious Archon": 1407, "Sandstorm Salvager": 2613, "Surrak Dragonclaw": 3013, "Frantic Scapegoat": 1177, "Ritual of Soot": 2544, "Inscription of Ruin": 1561, "Callous Sell-Sword_SB": 427, "Breeding Pool_SB": 372, "Woodland Bellower": 3551, "Inspiring Veteran": 1569, "Knight of Dusk's Shadow": 1720, "Tournament Grounds": 3244, "Venerable Knight": 3399, "Worthy Knight": 3560, "Filter Out": 1113, "Chance for Glory": 496, "Teferi, Who Slows the Sunset": 3066, "Bag of Holding_SB": 203, "Lifebane Zombie_SB": 1821, "Light Up the Stage_SB": 1824, "God-Pharaoh's Statue_SB": 1327, "Smuggler's Surprise_SB": 2836, "Cindervines": 533, "Fetid Pools": 1101, "Silvergill Adept": 2780, "Triton Shorestalker": 3268, "The Flame of Keld": 3123, "Dreadbore": 853, "Isareth the Awakener": 1600, "Omen of the Forge": 2177, "The Kami War": 3128, "Legion Extruder_SB": 1793, "This Town Ain't Big Enough": 3166, "Remorseful Cleric": 2487, "Nahiri's Warcrafting_SB": 2068, "Unauthorized Exit_SB": 3315, "Bilious Skulldweller": 260, "Fynn, the Fangbearer": 1195, "Heroic Intervention": 1456, "Wasteland Viper": 3487, "Infectious Bite_SB": 1546, "Akal Pakal, First Among Equals": 57, "Simic Manipulator": 2784, "Timestream Navigator": 3201, "Azure Beastbinder_SB": 198, "Mockingbird_SB": 2013, "Simic Manipulator_SB": 2785, "Trygon Predator_SB": 3276, "Kogla, the Titan Ape": 1733, "Cavalier of Thorns_SB": 475, "Ulvenwald Oddity_SB": 3310, "Sylvan Awakening": 3025, "The Mightstone and Weakstone_SB": 3133, "Kogla and Yidaro_SB": 1732, "Trumpeting Carnosaur_SB": 3275, "Dusk // Dawn_SB": 885, "Last Breath_SB": 1775, "Thunderherd Migration": 3193, "Boros Elite": 348, "Mobilized District": 2010, "Spellbook Vendor": 2887, "Sungold Sentinel": 2994, "Banisher Priest_SB": 221, "Bounty Agent_SB": 358, "Rally the Ranks_SB": 2417, "Wicked Wolf_SB": 3515, "Renegade Tactics": 2493, "Fear of Isolation": 1077, "Wayward Guide-Beast": 3492, "Siphon Insight_SB": 2791, "Glorious Protector_SB": 1289, "Niambi, Esteemed Speaker_SB": 2099, "The Wandering Rescuer_SB": 3151, "Syr Ginger, the Meal Ender_SB": 3032, "Augur of Bolas": 179, "Essence Flux": 1005, "Apostle of Purifying Light": 105, "Thran Power Suit": 3181, "Treacherous Blessing_SB": 3259, "Necrotic Wound": 2087, "Necrotic Wound_SB": 2088, "Souls of the Lost_SB": 2871, "Kappa Tech-Wrecker": 1658, "Eldrazi Displacer_SB": 922, "Fleeting Spirit": 1134, "Lore Drakkis": 1873, "Open the Omenpaths": 2190, "Vadrok, Apex of Thunder": 3369, "Crucible of Worlds": 645, "Cult Conscript": 664, "Mukotai Ambusher_SB": 2050, "Cleansing Wildfire_SB": 548, "Vanish into Eternity_SB": 3388, "Tribute to Horobi": 3266, "Vengeful Possession": 3402, "Hidetsugu's Second Rite_SB": 1467, "Nurturing Pixie": 2148, "Preacher of the Schism_SB": 2344, "Pia Nalaar, Consul of Revival": 2299, "Showdown of the Skalds": 2757, "Bassara Tower Archer": 234, "Cloudsteel Kirin": 558, "Lizard Blades": 1857, "Bomat Courier_SB": 327, "Lamplight Phoenix_SB": 1770, "Pawpatch Recruit_SB": 2269, "Sentinel of the Nameless City_SB": 2696, "Sharp-Eyed Rookie": 2727, "Ayara's Oathsworn": 190, "Council of the Absolute_SB": 624, "Adventurous Impulse": 26, "Arcane Proxy": 120, "Chrome Host Seedshark": 529, "See the Truth": 2679, "Ambitious Farmhand": 73, "Helpful Hunter": 1447, "Thalia's Lancers": 3098, "Wilt-Leaf Liege_SB": 3523, "Augur of Autumn_SB": 178, "Lavabrink Venturer_SB": 1778, "Fanatic of Mogis": 1060, "Solphim, Mayhem Dominus": 2852, "Thalia and The Gitrog Monster": 3097, "Dreadbore_SB": 854, "Shatterskull Smashing_SB": 2731, "Prosperous Thief_SB": 2367, "Barkhide Troll": 229, "Gather Courage": 1216, "Tribute to the World Tree": 3267, "Setessan Tactics_SB": 2706, "Bladehold War-Whip": 277, "Nahiri, Forged in Fury": 2069, "Bloodthirsty Conqueror": 308, "Dina, Soul Steeper": 786, "Dryad of the Ilysian Grove": 880, "Jaddi Offshoot": 1625, "Retreat to Hagra": 2520, "Bristly Bill, Spine Sower_SB": 386, "Undergrowth Champion_SB": 3324, "Celestial Armor": 482, "Etali, Primal Conqueror": 1008, "Massacre Wurm": 1942, "Perilous Snare": 2277, "Repurposing Bay_SB": 2499, "Crater's Claws": 639, "Zurgo Bellstriker_SB": 3609, "Mendicant Core, Guidelight": 1967, "Voyager Glidecar": 3450, "Patchwork Automaton": 2258, "Momentum Breaker_SB": 2021, "Hare Apparent": 1405, "Greasewrench Goblin": 1356, "Moonshaker Cavalry_SB": 2032, "Grim Bauble": 1361, "Momentum Breaker": 2020, "Oildeep Gearhulk_SB": 2168, "Count on Luck_SB": 625, "Valor's Flagship": 3383, "Shacklegeist_SB": 2710, "Monument to Endurance_SB": 2028, "Chaplain of Alms": 512, "Sab-Sunen, Luxa Embodied": 2598, "Liliana, Heretical Healer_SB": 1843, "Merfolk Secretkeeper": 1970, "Brightglass Gearhulk": 376, "Dredger's Insight": 869, "Coalstoke Gearhulk": 559, "Memory Guardian": 1965, "Grim Bauble_SB": 1362, "Djeru's Renunciation": 808, "Marauding Mako": 1923, "Monument to Endurance": 2027, "Sunbillow Verge": 2988, "Ketramose, the New Dawn_SB": 1702, "Bloodghast": 304, "Molt Tender": 2017, "Driven // Despair_SB": 871, "Ashiok, Wicked Manipulator_SB": 160, "Mukotai Ambusher": 2049, "Basri, Tomorrow's Champion": 233, "The Speed Demon": 3143, "Intimidation Tactics_SB": 1574, "Oildeep Gearhulk": 2167, "Roxanne, Starfall Savant_SB": 2575, "Optimistic Scavenger_SB": 2194, "Ketramose, the New Dawn": 1701, "Scrabbling Claws": 2646, "Willowrush Verge": 3521, "Radha, Heart of Keld": 2394, "Redshift, Rocketeer Chief": 2470, "Bleachbone Verge": 284, "Detention Chariot": 768, "Tune Up": 3277, "Kaya the Inexorable_SB": 1671, "Thundering Broodwagon": 3194, "Fearless Swashbuckler": 1079, "Gastal Thrillroller": 1210, "Ashiok, Nightmare Weaver": 157, "Jace's Defeat_SB": 1614, "Hazoret, Godseeker": 1428, "Mindlink Mech_SB": 1990, "Wastewood Verge": 3489, "Avishkar Raceway": 187, "Fuel the Flames_SB": 1190, "Skycrash_SB": 2809, "Murderous Cut": 2053, "Anguished Unmaking_SB": 92, "Drownyard Temple": 878, "Quag Feast": 2378, "Boommobile": 340, "Hedron Archive": 1440, "Paradox Engine": 2251, "Portal of Sanctuary": 2334, "Repurposing Bay": 2498, "Terrarion": 3089, "The Mightstone and Weakstone": 3132, "Thran Spider": 3182, "Workshop Assistant": 3553, "Liberator, Urza's Battlethopter_SB": 1815, "Shrapnel Slinger_SB": 2761, "Benthic Biomancer": 253, "Mindspring Merfolk": 1991, "Eaten Alive_SB": 897, "Biting-Palm Ninja_SB": 265, "Kazuul's Toll Collector": 1685, "Immersturm Raider": 1529, "The Speed Demon_SB": 3144, "Burnout Bashtronaut": 408, "Draconautics Engineer": 829, "Howlsquad Heavy": 1504, "Volley Veteran_SB": 3442, "Harrier Strix": 1410, "Hypnotic Grifter": 1517, "Training Grounds": 3251, "Basilisk Collar_SB": 231, "Swiftfoot Boots_SB": 3022, "Stock Up": 2947, "Riverpyre Verge": 2547, "Concealing Curtains": 594, "Blade Historian": 274, "Pyre of Heroes": 2374, "Night Clubber_SB": 2104, "Riptide Gearhulk_SB": 2538, "Aegis Turtle_SB": 27, "Ride's End": 2530, "Crumble to Dust": 651, "Encroaching Wastes": 965, "Gnottvold Slumbermound": 1295, "Haphazard Bombardment": 1399, "Jaya's Greeting": 1628, "Ravager Wurm": 2431, "Rowan, Scholar of Sparks": 2573, "Rubble Reading": 2578, "Sheltered Thicket": 2733, "Structural Distortion": 2975, "Sylvan Primordial": 3028, "Territory Forge": 3090, "Twin Bolt": 3283, "Herbology Instructor_SB": 1453, "Nissa's Defeat_SB": 2116, "Peak Eruption_SB": 2270, "Scrabbling Claws_SB": 2647, "Battle at the Bridge": 236, "Battle at the Bridge_SB": 237, "Borrowed Hostility": 350, "Barbed Batterfist": 226, "Webstrike Elite": 3498, "Demilich_SB": 738, "Progenitor Mimic": 2359, "Steel Seraph": 2940, "Regal Imperiosaur": 2479, "Violent Urge_SB": 3415, "Boon of Boseiju": 341, "Champion of the Perished": 495, "Cryptbreaker": 657, "Dark Salvation": 683, "Dread Wanderer": 852, "Relentless Dead": 2484, "Wayward Servant": 3493, "Zahur, Glory's Past": 3592, "Fighter Class": 1112, "Chainsaw_SB": 494, "Nettle Guard_SB": 2096, "Sword of Forge and Frontier_SB": 3024, "Expedition Map_SB": 1022, "Stock Up_SB": 2948, "Maximize Velocity": 1950, "Birgi, God of Storytelling_SB": 262, "Samut's Sprint": 2605, "Omen of the Dead_SB": 2176, "Medomai the Ageless": 1960, "Riptide Gearhulk": 2537, "Carnage Tyrant": 438, "Gather Courage_SB": 1217, "Feather, the Redeemed": 1081, "Dewdrop Cure": 777, "Healer's Hawk": 1429, "Linden, the Steadfast Queen": 1847, "Rogue's Passage": 2561, "Ruin-Lurker Bat": 2582, "Afterburner Expert": 41, "Keruga, the Macrosage": 1698, "Twinshot Sniper": 3288, "Adorned Pouncer": 24, "Satoru Umezawa": 2618, "Out of Air_SB": 2211, "Cry of the Carnarium": 654, "Calamity's Wake_SB": 419, "Spontaneous Mutation_SB": 2912, "Sunder the Gateway": 2990, "Knight of Grace": 1722, "Bladestitched Skaab": 278, "Lazotep Reaver": 1786, "Enduring Tenacity_SB": 975, "Rocketeer Boostbuggy": 2556, "Chandra, Spark Hunter_SB": 507, "Mortify": 2036, "Fuel the Flames": 1189, "Kraul Whipcracker_SB": 1747, "Dive Down_SB": 804, "Riptide Chimera": 2536, "Witchstalker_SB": 3538, "Blood Spatter Analysis": 300, "Soul-Scar Mage_SB": 2867, "Osseous Sticktwister": 2202, "Korvold, Fae-Cursed King_SB": 1742}}