{"vocabulary": {"Archon of Emeria": 120, "Aven Interrupter": 163, "Boseiju, Who Endures": 317, "Branchloft Pathway": 328, "Brushland": 359, "Collected Company": 522, "Eiganjo, Seat of the Empire": 833, "Elvish Mystic": 862, "Enduring Innocence": 883, "Kellan, Daring Traveler": 1531, "Llanowar Elves": 1683, "Plains": 2097, "Razorverge Thicket": 2209, "Shefet Dunes": 2478, "Skyclave Apparition": 2547, "Temple Garden": 2785, "Thalia, Guardian of Thraben": 2815, "Tyvar, the Pummeler": 3003, "Voice of Resurgence": 3121, "Werefox Bodyguard": 3187, "Back to Nature_SB": 176, "Elite Spellbinder_SB": 850, "Gideon, Ally of Zendikar_SB": 1146, "Knockout Blow_SB": 1570, "Parting Gust_SB": 2043, "Portable Hole_SB": 2114, "Unlicensed Hearse_SB": 3039, "Werefox Bodyguard_SB": 3188, "Castle Ardenvale": 417, "Deduce": 666, "Deserted Beach": 701, "Dovin's Veto": 759, "Farewell": 963, "Field of Ruin": 999, "Floodfarm Verge": 1033, "Fountainport": 1064, "Get Lost": 1118, "Hall of Storm Giants": 1266, "Hallowed Fountain": 1267, "High Noon": 1339, "Island": 1453, "March of Otherworldly Light": 1741, "Memory Deluge": 1775, "No More Lies": 1920, "Otawara, Soaring City": 1996, "Raugrin Triome": 2201, "Restless Anchorage": 2271, "Settle the Wreckage": 2456, "Spell Pierce": 2620, "Split Up": 2645, "Supreme Verdict": 2726, "Teferi, Hero of Dominaria": 2781, "The Wandering Emperor": 2859, "Three Steps Ahead": 2894, "Aether Gust_SB": 29, "Beza, the Bounding Spring_SB": 229, "Chrome Host Seedshark_SB": 491, "Enduring Curiosity_SB": 882, "Farewell_SB": 964, "Hullbreaker Horror_SB": 1372, "Mystical Dispute_SB": 1864, "Narset, Parter of Veils_SB": 1877, "Regal Caracal_SB": 2243, "Shark Typhoon_SB": 2473, "Surge of Salvation_SB": 2731, "Archfiend of the Dross": 116, "Bloodletter of Aclazotz": 275, "Castle Locthwain": 421, "Duress": 805, "Fatal Push": 966, "Go for the Throat": 1185, "Graveyard Trespasser": 1234, "Mutavault": 1858, "Reckoner Bankbuster": 2226, "Sheoldred's Edict": 2482, "Swamp": 2736, "Takenuma, Abandoned Mire": 2757, "Thoughtseize": 2884, "Unholy Annex && Ritual Chamber": 3031, "Unstoppable Slasher": 3045, "Urborg, Tomb of Yawgmoth": 3061, "Damping Sphere_SB": 627, "Extinction Event_SB": 933, "Go Blank_SB": 1183, "Invoke Despair_SB": 1447, "Kalitas, Traitor of Ghet_SB": 1498, "Path of Peril_SB": 2048, "The Meathook Massacre_SB": 2843, "Brazen Borrower": 333, "Clearwater Pathway": 510, "Darkslick Shores": 632, "Faerie Miscreant": 954, "Floodpits Drowner": 1034, "Gloomlake Verge": 1172, "Kaito Shizuki": 1491, "Kaito, Bane of Nightmares": 1493, "Mockingbird": 1820, "Moon-Circuit Hacker": 1838, "Ornithopter": 1989, "Watery Grave": 3174, "Cut Down_SB": 624, "Disdainful Stroke_SB": 729, "Dokuchi Silencer_SB": 745, "Duress_SB": 806, "Artist's Talent": 130, "Bala Ged Recovery": 180, "Botanical Sanctum": 320, "Consider": 556, "Dig Through Time": 721, "Hidden Strings": 1333, "Impulse": 1398, "Into the Flood Maw": 1431, "Ketria Triome": 1545, "Lier, Disciple of the Drowned": 1649, "Lotus Field": 1704, "Mana Confluence": 1734, "Pore Over the Pages": 2110, "Sleight of Hand": 2561, "Spirebluff Canal": 2639, "Sylvan Scrying": 2750, "Thespian's Stage": 2865, "Vizier of Tumbling Sands": 3119, "Wish": 3209, "Aetherflux Reservoir_SB": 32, "Anger of the Gods_SB": 77, "Boseiju, Who Endures_SB": 318, "Chandra's Defeat_SB": 461, "Galvanic Iteration_SB": 1095, "Into the Flood Maw_SB": 1432, "Lier, Disciple of the Drowned_SB": 1650, "Otawara, Soaring City_SB": 1997, "Thespian's Stage_SB": 2866, "Ancestral Anger": 69, "Blackcleave Cliffs": 242, "Blood Crypt": 267, "Callous Sell-Sword": 391, "Claim // Fame": 502, "Den of the Bugbear": 691, "Emberheart Challenger": 869, "Heartfire Hero": 1305, "Kumano Faces Kakkazan": 1597, "Monastery Swiftspear": 1831, "Monstrous Rage": 1833, "Mountain": 1846, "Ramunap Ruins": 2195, "Slickshot Show-Off": 2564, "Sokenzan, Crucible of Defiance": 2586, "Sulfurous Springs": 2705, "Titan's Strength": 2920, "Claim // Fame_SB": 503, "Fatal Push_SB": 967, "Feed the Swarm_SB": 986, "Hazoret the Fervent_SB": 1299, "Jegantha, the Wellspring_SB": 1476, "Ob Nixilis, the Adversary_SB": 1948, "Reckless Rage_SB": 2223, "Thoughtseize_SB": 2885, "Urabrask's Forge_SB": 3058, "Archdruid's Charm": 112, "Dark Petition": 629, "Emergent Ultimatum": 870, "Fae of Wishes": 949, "Forest": 1051, "Lush Portico": 1715, "Omniscience": 1975, "Soul Partition": 2599, "Spara's Headquarters": 2612, "Strict Proctor": 2693, "Approach of the Second Sun_SB": 97, "Emergent Ultimatum_SB": 871, "Nine Lives_SB": 1907, "Silence_SB": 2515, "Sphinx of the Final Word_SB": 2627, "Temporary Lockdown_SB": 2798, "Thought Distortion_SB": 2880, "Anointed Peacekeeper": 90, "Cave of the Frost Dragon": 439, "Elite Spellbinder": 849, "Elspeth Resplendent_SB": 853, "Rest in Peace_SB": 2270, "Yasharn, Implacable Earth_SB": 3246, "Anointed Peacekeeper_SB": 91, "Brutal Cathar_SB": 361, "The Wandering Emperor_SB": 2860, "Charming Prince": 478, "Hushwood Verge": 1376, "Knight of Autumn": 1560, "Parting Gust": 2042, "Prosperous Innkeeper": 2141, "Reidane, God of the Worthy": 2246, "Restless Prairie": 2275, "Sanguine Evangelist": 2369, "Toby, Beastie Befriender": 2925, "Archon of Emeria_SB": 121, "Aven Interrupter_SB": 164, "Yorion, Sky Nomad_SB": 3251, "Blightstep Pathway": 261, "Bloodtithe Harvester": 280, "Bonecrusher Giant": 300, "Caustic Bronco": 433, "Fable of the Mirror-Breaker": 940, "Haunted Ridge": 1293, "Hive of the Eye Tyrant": 1344, "Inti, Seneschal of the Sun": 1428, "Kroxa, Titan of Death's Hunger": 1595, "Abrade_SB": 4, "Hidetsugu Consumes All_SB": 1335, "Kolaghan's Command_SB": 1577, "Liliana of the Veil_SB": 1668, "Reckoner Bankbuster_SB": 2227, "Atraxa, Grand Unifier": 151, "Bitter Triumph": 240, "Case of the Stashed Skeleton": 412, "Hidetsugu Consumes All": 1334, "Ob Nixilis, the Adversary": 1947, "Torch the Tower": 2938, "Transmogrify": 2960, "Manifold Mouse": 1737, "Turn Inside Out": 2985, "Cavalier of Thorns": 437, "Hostile Hostel": 1363, "Invasion of Ixalan": 1439, "Kiora, Behemoth Beckoner": 1550, "Lair of the Hydra": 1606, "Leyline of the Guildpact": 1645, "Nykthos, Shrine to Nyx": 1941, "Old-Growth Troll": 1963, "Outcaster Trailblazer": 2002, "Polukranos Reborn": 2106, "Storm the Festival": 2683, "Sunken Citadel": 2716, "Ulvenwald Oddity": 3012, "Arasta of the Endless Web_SB": 103, "Cityscape Leveler_SB": 500, "Elder Gargaroth_SB": 836, "Elesh Norn, Mother of Machines_SB": 847, "Keen-Eyed Curator_SB": 1530, "Scrapshooter_SB": 2403, "Setessan Petitioner_SB": 2454, "Silverback Elder_SB": 2521, "The Stone Brain_SB": 2858, "Ulamog, the Ceaseless Hunger_SB": 3008, "Adarkar Wastes": 20, "Adeline, Resplendent Cathar": 21, "Brutal Cathar": 360, "Cavern of Souls": 441, "Coppercoat Vanguard": 569, "Hengegate Pathway": 1320, "Hopeful Initiate": 1356, "Recruitment Officer": 2231, "Seachrome Coast": 2411, "Thalia's Lieutenant": 2814, "Veteran Survivor": 3101, "Declaration in Stone_SB": 665, "Split Up_SB": 2646, "Wedding Announcement_SB": 3183, "Blazemire Verge": 253, "Fear of Missing Out": 977, "Heartless Act": 1307, "Torch the Tower_SB": 2939, "Infuriate": 1408, "Battlefield Forge": 212, "Concealed Courtyard": 547, "Elegant Parlor": 843, "Godless Shrine": 1212, "Greasefang, Okiba Boss": 1237, "Overlord of the Balemurk": 2013, "Parhelion II": 2041, "Sacred Foundry": 2355, "Skysovereign, Consul Flagship": 2554, "Kutzil's Flanker_SB": 1601, "Loran of the Third Path_SB": 1694, "Vanishing Verse_SB": 3087, "Raucous Theater": 2200, "Abuelo's Awakening": 9, "Emeria's Call": 872, "Fallaji Archaeologist": 957, "Meticulous Archive": 1789, "Picklock Prankster": 2087, "Radical Idea": 2170, "Sea Gate Restoration": 2409, "Shark Typhoon": 2472, "Temporary Lockdown": 2797, "Thirst for Meaning": 2876, "Dovin's Veto_SB": 760, "Grand Abolisher_SB": 1228, "Leyline of Sanctity_SB": 1644, "Supreme Verdict_SB": 2727, "Extinction Event": 932, "Rakdos Joins Up": 2179, "Leyline of the Void_SB": 1647, "Blooming Marsh": 283, "March of Wretched Sorrow": 1745, "Overgrown Tomb": 2011, "Sheoldred, the Apocalypse": 2484, "Underground Mortuary": 3024, "Withering Torment_SB": 3219, "Valgavoth, Terror Eater": 3072, "Ashiok, Dream Render_SB": 136, "Atraxa, Grand Unifier_SB": 152, "Chandra, Awakened Inferno_SB": 465, "Molten Collapse": 1825, "Sheoldred, the Apocalypse_SB": 2485, "Agatha's Soul Cauldron": 41, "Marvin, Murderous Mimic": 1752, "Tree of Perdition": 2969, "Voldaren Thrillseeker": 3131, "Bitter Triumph_SB": 241, "Go for the Throat_SB": 1186, "Dreadhorde Arcanist": 777, "Reckless Rage": 2222, "Chord of Calling": 488, "Dragonlord Dromoka": 766, "Duskwatch Recruiter": 812, "Elesh Norn, Mother of Machines": 846, "Fauna Shaman": 970, "Haywire Mite": 1296, "Kutzil's Flanker": 1600, "Overgrown Farmland": 2010, "Scavenging Ooze": 2390, "Selfless Spirit": 2443, "Serra Paragon": 2450, "Shalai, Voice of Plenty": 2465, "Turntimber Symbiosis": 2988, "Get Lost_SB": 1119, "Shifting Ceratops_SB": 2487, "Toski, Bearer of Secrets_SB": 2947, "Cryptic Coat": 608, "Darksteel Citadel": 633, "Ensoul Artifact": 889, "Legion Extruder": 1629, "Riverglide Pathway": 2309, "Shadowspear": 2461, "Shivan Reef": 2493, "Shrapnel Blast": 2504, "Smuggler's Copter": 2574, "Spyglass Siren": 2654, "Steam Vents": 2668, "Voldaren Epicure": 3130, "Zoetic Glyph": 3272, "Magebane Lizard_SB": 1726, "Rending Volley_SB": 2255, "Voltage Surge_SB": 3135, "Dreadmaw's Ire": 781, "Sheoldred's Edict_SB": 2483, "Cache Grab": 383, "Esika's Chariot": 903, "Grisly Salvage": 1245, "Liliana of the Veil": 1667, "Raffine's Informant": 2171, "Say Its Name": 2383, "Abrupt Decay_SB": 7, "Deafening Silence_SB": 653, "Oath of Nissa": 1945, "Emrakul, the Promised End_SB": 875, "Pick Your Poison_SB": 2086, "Polukranos Reborn_SB": 2107, "Undead Sprinter": 3022, "Pyroclasm_SB": 2153, "Redcap Melee_SB": 2234, "Change the Equation": 473, "Portable Hole": 2113, "High Noon_SB": 1340, "Kaheera, the Orphanguard_SB": 1490, "Ghost Vacuum_SB": 1129, "Careful Cultivation": 399, "Courier's Briefcase": 578, "Cragcrown Pathway": 585, "Darkbore Pathway": 631, "Mirrex": 1807, "Rockfall Vale": 2322, "Enduring Curiosity": 881, "Geistlight Snare": 1113, "Katilda, Dawnhart Martyr": 1512, "Mausoleum Wanderer": 1762, "Rattlechains": 2199, "Shacklegeist": 2458, "Sheltered by Ghosts": 2480, "Spectral Sailor": 2618, "Spell Queller": 2622, "Supreme Phantom": 2725, "Enduring Innocence_SB": 884, "Katilda, Dawnhart Martyr_SB": 1513, "Skyclave Apparition_SB": 2548, "Three Steps Ahead_SB": 2895, "Castle Vantress": 423, "Censor": 452, "Cling to Dust": 515, "Deadly Cover-Up": 648, "Drown in the Loch": 798, "Narset, Parter of Veils": 1876, "Negate": 1886, "Restless Reef": 2276, "Shipwreck Marsh": 2491, "The End": 2830, "Torrential Gearhulk": 2945, "Annul_SB": 87, "Archfiend of the Dross_SB": 117, "Metamorphic Alteration_SB": 1788, "Narset's Reversal_SB": 1874, "Negate_SB": 1887, "Can't Stay Away": 395, "Caves of Koilos": 443, "Traverse the Ulvenwald": 2964, "Knight of Autumn_SB": 1561, "Monstrous Emergence_SB": 1832, "Volcanic Spite": 3128, "Nylea's Intervention_SB": 1942, "Obstinate Baloth_SB": 1954, "Collective Brutality": 524, "Witherbloom Command": 3216, "Arclight Phoenix": 124, "Fiery Impulse": 1004, "Ledger Shredder": 1625, "Lightning Axe": 1659, "Opt": 1982, "Proft's Eidetic Memory": 2134, "Stormcarved Coast": 2684, "Treasure Cruise": 2967, "Brazen Borrower_SB": 334, "Brotherhood's End_SB": 358, "Crackling Drake_SB": 583, "Fable of the Mirror-Breaker_SB": 941, "Horned Loch-Whale": 1359, "Curious Obsession": 620, "Invasion of Gobakhan": 1437, "Shardmage's Rescue": 2470, "Settle the Wreckage_SB": 2457, "Pithing Needle_SB": 2096, "Cauldron Familiar": 432, "Claim the Firstborn": 504, "Deadly Dispute": 650, "Mayhem Devil": 1765, "Scavenger's Talent": 2389, "Witch's Oven": 3211, "Ygra, Eater of All": 3248, "Haywire Mite_SB": 1297, "Pawpatch Formation_SB": 2054, "Ghitu Lavarunner": 1126, "Light Up the Stage": 1655, "Play with Fire": 2099, "Skewer the Critics": 2538, "Soul-Scar Mage": 2605, "Spikefield Hazard": 2633, "Wizard's Lightning": 3223, "End the Festivities_SB": 878, "Goblin Chainwhirler_SB": 1192, "Kari Zev's Expertise_SB": 1507, "Rampaging Ferocidon_SB": 2193, "Razorkin Needlehead_SB": 2206, "Roiling Vortex_SB": 2325, "Sunspine Lynx_SB": 2724, "Witchstalker Frenzy_SB": 3214, "All That Glitters": 56, "Alpha Authority": 59, "Audacity": 156, "Cartouche of Solidarity": 405, "Ethereal Armor": 912, "Gladecover Scout": 1156, "Gryff's Boon": 1253, "Hammerhand": 1271, "Kaya's Ghostform": 1516, "Light-Paws, Emperor's Voice": 1658, "Optimistic Scavenger": 1983, "Sentinel's Eyes": 2448, "Skrelv, Defector Mite": 2542, "Sram, Senior Edificer": 2658, "Adanto Vanguard_SB": 19, "Containment Priest_SB": 565, "Shardmage's Rescue_SB": 2471, "Sheltered by Ghosts_SB": 2481, "Prismari Command_SB": 2129, "Geier Reach Sanitarium": 1112, "Hullbreaker Horror": 1371, "Indomitable Creativity": 1400, "Omen of the Sea": 1969, "Skrelv's Hive": 2540, "Change the Equation_SB": 474, "Banefire_SB": 191, "Prismari Command": 2128, "Young Pyromancer_SB": 3257, "Nezahal, Primal Tide_SB": 1890, "Beanstalk Giant": 214, "Clever Impersonator": 511, "Fabled Passage": 942, "Greater Tanuki": 1239, "Indatha Triome": 1399, "Leyline Binding": 1636, "Quintorius Kand": 2164, "Raffine's Tower": 2172, "Spark Double": 2613, "Spinewoods Armadillo": 2635, "Stomping Ground": 2680, "Trumpeting Carnosaur": 2981, "Virtue of Persistence": 3110, "Bedeck // Bedazzle_SB": 217, "Consign // Oblivion_SB": 558, "Dragonlord Dromoka_SB": 767, "Gyruda, Doom of Depths_SB": 1262, "Keruga, the Macrosage_SB": 1541, "Roaring Furnace && Steaming Sauna_SB": 2315, "Brightclimb Pathway": 342, "Sentinel of the Nameless City": 2446, "Doorkeeper Thrull_SB": 756, "Aetherflux Reservoir": 31, "Cathartic Pyre": 430, "Dig Through Time_SB": 722, "Ascendant Spirit": 131, "Faceless Haven": 944, "Icon of Ancestry": 1380, "Snow-Covered Island": 2581, "Faceless Haven_SB": 945, "Fading Hope_SB": 948, "Icon of Ancestry_SB": 1381, "Lofty Denial_SB": 1687, "Unable to Scream_SB": 3016, "Vanishing Verse": 3086, "Filter Out_SB": 1011, "Finale of Revelation_SB": 1014, "Sunfall_SB": 2714, "Thassa's Oracle_SB": 2820, "Breeding Pool": 338, "Enigmatic Incarnation": 888, "Glasspool Mimic": 1162, "Kroxa and Kunoros": 1594, "Nowhere to Run": 1931, "Noxious Gearhulk": 1933, "Overlord of the Floodpits": 2017, "Overlord of the Hauntwoods": 2019, "Ruric Thar, the Unbowed": 2347, "Sanctuary Warden": 2364, "Titan of Industry": 2918, "Up the Beanstalk": 3055, "Zagoth Triome": 3262, "Zur, Eternal Schemer": 3277, "Agent of Treachery_SB": 44, "Heartless Act_SB": 1308, "Dauntless Bodyguard": 634, "Kytheon, Hero of Akros": 1605, "Chandra, Torch of Defiance_SB": 472, "Lightning Axe_SB": 1660, "Beza, the Bounding Spring": 228, "Bonny Pall, Clearcutter": 303, "Chained to the Rocks": 454, "Entity Tracker": 891, "Jetmir's Garden": 1478, "Lightning Helix": 1661, "Nylea's Presence": 1943, "Overlord of the Boilerbilges": 2015, "Roaring Furnace && Steaming Sauna": 2314, "Thornspire Verge": 2878, "Krenko's Buzzcrusher_SB": 1589, "Acererak the Archlich": 14, "Gwenna, Eyes of Gaea": 1260, "Honest Rutstein": 1351, "Kinnan, Bonder Prodigy": 1548, "Plaza of Heroes": 2102, "Relic of Legends": 2250, "Rona, Herald of Invasion": 2327, "Tranquil Frillback": 2957, "Assassin's Trophy_SB": 145, "Tranquil Frillback_SB": 2958, "Wedding Announcement": 3182, "Ritual of Soot_SB": 2308, "Unholy Annex && Ritual Chamber_SB": 3032, "Aloe Alchemist": 58, "Atarka's Command": 149, "Burning-Tree Emissary": 374, "Copperline Gorge": 570, "Cunning Coyote": 615, "Karplusan Forest": 1510, "Reckless Bushwhacker": 2219, "Wild Slash": 3197, "Zurgo Bellstriker": 3279, "Destructive Revelry_SB": 709, "Shapers' Sanctuary_SB": 2469, "Saheeli, Sublime Artificer_SB": 2357, "Glarb, Calamity's Augur": 1158, "Nimble Larcenist": 1904, "Sylvan Caryatid": 2746, "Aclazotz, Deepest Betrayal": 15, "Bandit's Talent": 188, "Demolition Field": 683, "Foulmire Knight": 1060, "Go Blank": 1182, "Hostile Investigator": 1364, "Waste Not": 3169, "Metamorphic Alteration": 1787, "Sorin the Mirthless": 2595, "Languish_SB": 1610, "Glissa Sunslayer": 1169, "Tenacious Underdog": 2801, "Cruelclaw's Heist_SB": 599, "Cry of the Carnarium_SB": 605, "Deadly Cover-Up_SB": 649, "Gaea's Revenge_SB": 1091, "Ruric Thar, the Unbowed_SB": 2348, "Cacophony Scamp": 385, "Leyline of Resonance": 1641, "Dreadhorde Arcanist_SB": 778, "Case of the Filched Falcon": 409, "Mirrorshell Crab": 1810, "Omen Hawker": 1965, "The Enigma Jewel": 2832, "Unable to Scream": 3015, "Lukka, Coppercoat Outcast": 1709, "Kroxa, Titan of Death's Hunger_SB": 1596, "Legion's End_SB": 1632, "Flicker of Fate": 1029, "Overlord of the Mistmoors": 2020, "Hallowed Moonlight_SB": 1269, "Heliod's Intervention_SB": 1313, "Blossoming Defense": 284, "Felonious Rage": 992, "Questing Druid": 2158, "Chandra, Dressed to Kill": 466, "Eidolon of the Great Revel": 831, "Goblin Chainwhirler": 1191, "Hired Claw": 1343, "Magebane Lizard": 1725, "Ojer Axonil, Deepest Might": 1960, "Rampaging Ferocidon": 2192, "Razorkin Needlehead": 2205, "Screaming Nemesis": 2406, "Leyline of Combustion_SB": 1639, "Scorching Shot_SB": 2395, "Misery's Shadow_SB": 1814, "Soaring Thought-Thief": 2585, "Thieves' Guild Enforcer": 2868, "Tinybones, the Pickpocket": 2914, "Underground River": 3025, "Weathered Runestone_SB": 3179, "Blade of the Oni": 247, "Scourge of the Skyclaves": 2398, "Consuming Fervor": 562, "Snakeskin Veil": 2577, "Thud": 2900, "Blossoming Defense_SB": 285, "Case of the Crimson Pulse_SB": 408, "Bishop of Wings": 235, "Giada, Font of Hope": 1132, "Inspiring Overseer": 1423, "Kayla's Reconstruction": 1524, "Resplendent Angel": 2267, "Righteous Valkyrie": 2295, "Destroy Evil_SB": 708, "Reidane, God of the Worthy_SB": 2247, "Unlucky Witness": 3041, "Jwari Disruption": 1487, "Alpine Moon_SB": 61, "Beacon Bolt_SB": 213, "Fires of Victory_SB": 1019, "Proft's Eidetic Memory_SB": 2135, "Dromoka's Command_SB": 795, "Heliod, the Radiant Dawn": 1315, "Renegade Rallier": 2256, "Rotten Reunion_SB": 2330, "Nine Lives": 1906, "Peer into the Abyss": 2059, "Solemnity_SB": 2590, "Zacama, Primal Calamity_SB": 3260, "Agent of Treachery": 43, "Krenko's Buzzcrusher": 1588, "Linvala, the Preserver": 1675, "Xander's Lounge": 3240, "Moon-Blessed Cleric": 1836, "Nimble Larcenist_SB": 1905, "Galvanic Iteration": 1094, "Temporal Trespass": 2795, "Inspiring Vantage": 1424, "Kolaghan's Command": 1576, "Demilich": 681, "Pieces of the Puzzle": 2088, "Nighthawk Scavenger_SB": 1900, "Nowhere to Run_SB": 1932, "Blade of the Oni_SB": 248, "Ray of Enfeeblement_SB": 2203, "Snow-Covered Plains": 2583, "Devout Decree_SB": 715, "Tocasia's Welcome_SB": 2926, "Abrade": 3, "Blast Zone": 251, "Languish": 1609, "Bloodletter of Aclazotz_SB": 276, "Unstoppable Slasher_SB": 3046, "Agatha of the Vile Cauldron": 40, "Bard Class": 201, "Domri, Anarch of Bolas": 749, "Gallia of the Endless Dance": 1093, "Hajar, Loyal Bodyguard": 1264, "Halana and Alena, Partners": 1265, "Itzquinth, Firstborn of Gishath": 1457, "Klothys, God of Destiny": 1558, "Migloz, Maze Crusher": 1795, "Mox Amber": 1848, "Ruby, Daring Tracker": 2339, "Samut, Vizier of Naktamun": 2362, "Samut, Voice of Dissent": 2363, "Targ Nar, Demon-Fang Gnoll": 2772, "Xenagos, the Reveler": 3243, "Cindervines_SB": 495, "Fog_SB": 1042, "Grafdigger's Cage_SB": 1226, "Lithomantic Barrage_SB": 1680, "Tamiyo's Safekeeping_SB": 2765, "Torpor Orb_SB": 2944, "Adanto Vanguard": 18, "Demonic Ruckus": 688, "Needleverge Pathway": 1885, "Kellan, the Fae-Blooded_SB": 1535, "Wear // Tear_SB": 3177, "Arboreal Grazer": 104, "Hedge Maze": 1309, "Path of Peril": 2047, "Temple of Mystery": 2791, "Aftermath Analyst": 38, "Bring to Light": 348, "Brokers Hideout": 355, "Cabaretti Courtyard": 382, "Creosote Heath": 594, "Dryad's Revival": 803, "Echoing Deeps": 821, "Lotus Cobra": 1703, "Lumra, Bellow of the Woods": 1712, "Lush Oasis": 1714, "Maestros Theater": 1722, "Mystic Sanctuary": 1863, "Nissa, Resurgent Animist": 1911, "Obscura Storefront": 1953, "Omnath, Locus of Creation": 1972, "Omnath, Locus of the Roil": 1974, "Port of Karfell": 2112, "Risen Reef": 2302, "Riveteers Overlook": 2311, "Scapeshift": 2385, "Spelunking": 2625, "Splendid Reclamation": 2644, "The Hunter Maze": 2837, "Valki, God of Lies": 3075, "Kenrith, the Returned King_SB": 1539, "Unmoored Ego_SB": 3043, "Exorcise_SB": 919, "Graveyard Trespasser_SB": 1235, "Nahiri, the Harbinger_SB": 1869, "Absorb": 8, "Pest Control": 2068, "Shambling Vent": 2468, "Void Rend": 3124, "Might of the Meek": 1794, "Screaming Nemesis_SB": 2407, "Fires of Invention": 1017, "Kenrith, the Returned King": 1538, "Path to the World Tree": 2049, "Roaring Furnace // Steaming Sauna": 2316, "Lightning Helix_SB": 1662, "Unholy Annex // Ritual Chamber": 3033, "Unholy Annex // Ritual Chamber_SB": 3034, "Get Out_SB": 1121, "Anoint with Affliction_SB": 89, "Ratchet Bomb_SB": 2198, "Ral, Crackling Wit_SB": 2184, "Authority of the Consuls_SB": 161, "Gloomshrieker": 1173, "Siege Rhino": 2508, "Touch the Spirit Realm": 2948, "Ziatora's Proving Ground": 3270, "Notion Thief_SB": 1929, "Fateful Absence": 968, "Baneslayer Angel_SB": 193, "Virtue of Loyalty": 3108, "Guardian of Faith_SB": 1255, "Invasion of Gobakhan_SB": 1438, "Test of Talents_SB": 2811, "Rotten Reunion": 2329, "Noxious Grasp_SB": 1935, "Extraction Specialist_SB": 937, "Isolate_SB": 1455, "Ill-Timed Explosion": 1385, "Caretaker's Talent": 400, "Carrot Cake": 404, "Sundown Pass": 2712, "Sunfall": 2713, "Invoke Despair": 1446, "March of Wretched Sorrow_SB": 1746, "Shadows' Verdict_SB": 2460, "Chandra, Awakened Inferno": 464, "Deathcap Glade": 655, "Hinterland Harbor": 1342, "Savai Triome": 2376, "Deputy of Detention_SB": 699, "Elspeth Conquers Death_SB": 851, "Abhorrent Oculus": 1, "Cryptic Coat_SB": 609, "Untimely Malfunction_SB": 3051, "Shoot the Sheriff": 2496, "The Celestus": 2827, "The Meathook Massacre": 2842, "Aclazotz, Deepest Betrayal_SB": 16, "Illness in the Ranks_SB": 1387, "Virulent Plague_SB": 3113, "Ghost Vacuum": 1128, "Unlicensed Hearse": 3038, "Blot Out_SB": 287, "Withering Torment": 3218, "General Kudro of Drannith": 1115, "Jirina, Dauntless General": 1481, "Jirina, Dauntless General_SB": 1482, "Illuminator Virtuoso": 1388, "Loran's Escape": 1695, "Blessed Defiance_SB": 260, "Light of Hope_SB": 1657, "Loran's Escape_SB": 1696, "Discontinuity": 727, "Sphinx's Revelation": 2628, "Dust Animus_SB": 813, "Summary Dismissal_SB": 2708, "Anoint with Affliction": 88, "Misery's Shadow": 1813, "Sorin the Mirthless_SB": 2596, "Caustic Bronco_SB": 434, "Angrath, the Flame-Chained_SB": 79, "Restless Vents": 2279, "Cathar Commando_SB": 428, "Gifted Aetherborn": 1147, "Kalitas, Traitor of Ghet": 1497, "Brave the Elements": 331, "Containment Priest": 564, "Rockface Village": 2320, "Dark Betrayal_SB": 628, "Phantom Interference": 2070, "Archangel of Wrath": 111, "Beseech the Mirror": 225, "Demonic Pact": 687, "Disturbing Mirth": 737, "Doom Foretold": 751, "Harmless Offering": 1281, "Hopeless Nightmare": 1358, "Kaya's Wrath": 1518, "Rite of Oblivion": 2304, "Shattered Sanctum": 2475, "Tinybones Joins Up": 2912, "Treacherous Blessing": 2965, "Trial of Ambition": 2972, "Pest Control_SB": 2069, "Slaughter Games_SB": 2557, "Castle Garenbrig": 420, "Goldvein Hydra": 1215, "Pick Your Poison": 2085, "Ulamog, the Ceaseless Hunger": 3007, "Vaultborn Tyrant": 3091, "Vorinclex": 3139, "Vorinclex, Monstrous Raider": 3140, "Wolfwillow Haven": 3226, "Kogla, the Titan Ape_SB": 1575, "Nissa, Ascended Animist_SB": 1910, "Nullhide Ferox_SB": 1937, "Turn the Earth_SB": 2987, "Cut Down": 623, "Doomsday Excruciator": 753, "Ipnu Rivulet": 1448, "Jace, the Perfected Mind": 1471, "Supreme Will": 2728, "The Filigree Sylex_SB": 2834, "Lantern of the Lost_SB": 1612, "Baleful Mastery": 182, "Confounding Riddle": 553, "Hagra Mauling": 1263, "Overlord of the Floodpits_SB": 2018, "Divine Smite_SB": 742, "Eldritch Evolution": 840, "Surge of Salvation": 2730, "Kaya, Orzhov Usurper_SB": 1522, "Scrapshooter": 2402, "Balustrade Wurm_SB": 186, "Lair of the Hydra_SB": 1607, "Shadowy Backstreet": 2463, "Abrupt Decay": 6, "Ancient Cornucopia": 70, "Deafening Clarion": 651, "Niv-Mizzet Reborn": 1914, "Niv-Mizzet, Supreme": 1917, "Pillage the Bog": 2092, "The Scarab God": 2852, "Unmoored Ego": 3042, "Culling Ritual_SB": 613, "Elspeth, Sun's Champion_SB": 857, "March of Otherworldly Light_SB": 1742, "Collective Brutality_SB": 525, "Tear Asunder_SB": 2777, "Overlord of the Mistmoors_SB": 2021, "Tishana's Tidebinder_SB": 2917, "Vivien, Arkbow Ranger": 3116, "Tail Swipe_SB": 2755, "Leyline of the Void": 1646, "Clifftop Retreat": 514, "Isolated Chapel": 1456, "Woodland Cemetery": 3229, "Fading Hope": 947, "Icingdeath, Frost Tyrant": 1379, "Malcolm, Alluring Scoundrel": 1732, "Sleep-Cursed Faerie": 2560, "Obliterating Bolt_SB": 1950, "Homestead Courage": 1350, "Unchained Berserker_SB": 3019, "Recommission": 2230, "Battle Cry Goblin": 209, "Call of the Death-Dweller": 389, "Conspicuous Snoop": 559, "Fireblade Charger": 1015, "Rundvelt Hordemaster": 2343, "Skirk Prospector": 2539, "Agatha's Soul Cauldron_SB": 42, "Squee, Dubious Monarch_SB": 2656, "Big Score": 230, "Liliana, Death's Majesty": 1669, "Pelakka Predation": 2061, "Valgavoth's Faithful": 3070, "Liliana, the Last Hope_SB": 1673, "Altanak, the Thrice-Called": 64, "The World Tree": 2864, "Worldsoul's Rage": 3232, "Zacama, Primal Calamity": 3259, "Radiant Flames_SB": 2169, "The Scarab God_SB": 2853, "Thalia, Heretic Cathar": 2817, "Extraction Specialist": 936, "Reflector Mage": 2237, "Requisition Raid_SB": 2264, "Spell Pierce_SB": 2621, "Raze the Effigy_SB": 2204, "Fiery Impulse_SB": 1005, "Thalia, Guardian of Thraben_SB": 2816, "Steamcore Scholar": 2669, "Twinferno": 2990, "Collision // Colossus_SB": 530, "Deputy of Detention": 698, "Ghostly Dancers": 1130, "Destiny Spinner_SB": 706, "Blot Out": 286, "Chimil, the Inner Sun": 485, "Bile Blight_SB": 231, "Meathook Massacre II_SB": 1770, "Case of the Crimson Pulse": 407, "Witchstalker Frenzy": 3213, "Metallic Rebuke": 1784, "The Royal Scions": 2851, "Untimely Malfunction": 3050, "Metallic Rebuke_SB": 1785, "Hallowed Moonlight": 1268, "Elspeth's Smite": 854, "Ondu Inversion": 1977, "Sunpetal Grove": 2719, "Metropolis Reformer_SB": 1791, "Dragonskull Summit": 768, "Drowned Catacomb": 799, "Emrakul, the Promised End": 874, "Rootbound Crag": 2328, "Yasharn, Implacable Earth": 3245, "Despark_SB": 702, "Kambal, Consul of Allocation_SB": 1500, "Lightning Strike": 1664, "Thing in the Ice_SB": 2871, "Mazemind Tome": 1767, "Glistening Deluge_SB": 1171, "Legion Loyalist": 1631, "Goblin Ringleader_SB": 1201, "Reckless Bushwhacker_SB": 2220, "The End_SB": 2831, "Third Path Iconoclast_SB": 2874, "Dromoka's Command": 794, "Keen-Eyed Curator": 1529, "Adeline, Resplendent Cathar_SB": 22, "Voice of Resurgence_SB": 3122, "Vein Ripper": 3092, "Bloodchief's Thirst": 272, "Treasure Cruise_SB": 2968, "Deep-Cavern Bat": 667, "Neoform": 1888, "Oracle of Tragedy": 1985, "Otherworldly Gaze": 1999, "Satyr Wayfinder": 2374, "Soulflayer": 2607, "Striped Riverwinder": 2695, "Stubborn Denial": 2697, "Urborg Scavengers": 3060, "Zetalpa, Primal Dawn": 3268, "Deep-Cavern Bat_SB": 668, "Golgari Charm_SB": 1217, "Witherbloom Command_SB": 3217, "Zetalpa, Primal Dawn_SB": 3269, "Sanguine Evangelist_SB": 2370, "Voyaging Satyr_SB": 3143, "Chandra, Hope's Beacon": 468, "Sire of Insanity_SB": 2534, "Epic Downfall_SB": 894, "Claim the Firstborn_SB": 505, "Elder Gargaroth": 835, "Marina Vendrell": 1749, "Tolsimir, Friend to Wolves": 2929, "Callous Bloodmage": 390, "Crackling Drake": 582, "Cynical Loner": 626, "Restless Fortress": 2274, "Rite of the Moth": 2306, "The Restoration of Eiganjo": 2850, "Fracture_SB": 1067, "Case of the Gateway Express": 410, "Gleeful Demolition": 1164, "Imodane's Recruiter": 1390, "Knight-Errant of Eos": 1567, "Novice Inspector": 1930, "Resolute Reinforcements": 2265, "Thraben Inspector": 2889, "Venerated Loxodon": 3096, "Warden of the Inner Sky": 3161, "Pawpatch Recruit": 2055, "Fry_SB": 1081, "Deafening Clarion_SB": 652, "Gifted Aetherborn_SB": 1148, "Imposing Sovereign": 1395, "Behold the Multiverse_SB": 222, "Experimental Augury": 926, "Ral, Crackling Wit": 2183, "Thundering Falls": 2904, "Boon-Bringer Valkyrie_SB": 310, "Inescapable Blaze_SB": 1403, "Hazoret the Fervent": 1298, "Aetherling": 34, "Nahiri, the Harbinger": 1868, "Innkeeper's Talent_SB": 1412, "Tyvar, the Pummeler_SB": 3004, "Castle Embereth": 419, "Lost Legacy_SB": 1700, "The Cruelty of Gix": 2828, "Necromentia_SB": 1882, "Stern Dismissal": 2673, "Arid Archway": 125, "Barkchannel Pathway": 202, "Blue Sun's Twilight": 288, "Clifftop Lookout": 513, "Conduit Pylons": 552, "Dreamdew Entrancer": 787, "Dreamroot Cascade": 788, "Fecund Greenshell": 981, "Insidious Fungus": 1419, "Outcaster Greenblade": 2001, "Pawpatch Formation": 2053, "Magma Opus": 1727, "Stern Lesson": 2675, "Sublime Epiphany": 2700, "Unauthorized Exit": 3017, "Preacher of the Schism": 2123, "Llanowar Wastes": 1685, "Mosswood Dreadknight": 1844, "Faithful Mending": 955, "Souls of the Lost": 2609, "Stitcher's Supplier": 2676, "Tainted Indulgence": 2756, "Stubborn Denial_SB": 2698, "Urabrask's Forge": 3057, "Detention Sphere_SB": 712, "Cenote Scout": 451, "Deeproot Pilgrimage": 671, "Kumena, Tyrant of Orazca": 1599, "Kumena's Speaker": 1598, "Merfolk Trickster": 1783, "Tishana's Tidebinder": 2916, "Triton Tactics": 2976, "Vodalian Hexcatcher": 3120, "Eaten by Piranhas_SB": 820, "Masked Vandal_SB": 1753, "Furnace Reins_SB": 1087, "Virtue of Persistence_SB": 3111, "Abraded Bluffs": 5, "Furycalm Snarl": 1088, "Magda, the Hoardmaster": 1724, "Skullcrack_SB": 2545, "Smash to Smithereens_SB": 2570, "Soul-Guide Lantern_SB": 2604, "Tormod's Crypt_SB": 2943, "Demonic Counsel": 686, "Founding the Third Path": 1061, "Silence": 2514, "Tome Scour": 2931, "Tormod's Crypt": 2942, "Undercity Sewers": 3023, "Professor Onyx_SB": 2131, "Tome Scour_SB": 2932, "Ashiok, Dream Render": 135, "Glacial Fortress": 1155, "Irrigated Farmland": 1451, "Quick Study": 2160, "Valgavoth, Terror Eater_SB": 3073, "Ashiok, Nightmare Muse": 137, "Cling to Dust_SB": 516, "Day's Undoing_SB": 643, "Long Goodbye_SB": 1689, "Foundry Street Denizen": 1062, "Kari Zev's Expertise": 1506, "Wildfire Wickerfolk": 3199, "Domri's Ambush_SB": 748, "Glorious End_SB": 1174, "Gruul Charm_SB": 1250, "Klothys, God of Destiny_SB": 1559, "Commercial District": 542, "Temur Battle Rage": 2799, "Goblin Instigator": 1194, "Hobgoblin Bandit Lord": 1346, "Questing Druid_SB": 2159, "Linvala, the Preserver_SB": 1676, "Kenrith's Transformation_SB": 1537, "Questing Beast_SB": 2157, "Skysovereign, Consul Flagship_SB": 2555, "Wolfwillow Haven_SB": 3227, "Sorin, Vengeful Bloodlord": 2597, "Elvish Archivist": 859, "Garruk, Unleashed": 1102, "Gilded Goose": 1149, "Restless Cottage": 2273, "Trail of Crumbs": 2954, "Vraan, Executioner Thane_SB": 3144, "Vraska, Golgari Queen_SB": 3149, "Davriel, Rogue Shadowmage_SB": 636, "Saiba Cryptomancer": 2358, "Staggering Insight": 2660, "Toadstool Admirer": 2924, "Slip Out the Back_SB": 2567, "Approach of the Second Sun": 96, "Authority of the Consuls": 160, "Doomskar": 754, "Gideon's Intervention": 1141, "Ixalan's Binding": 1458, "Leyline of Sanctity": 1643, "Rest in Peace": 2269, "Search for Azcanta": 2416, "Solemnity": 2589, "Sorcerous Spyglass": 2593, "Coveted Falcon_SB": 581, "Devastating Mastery_SB": 713, "Gideon's Intervention_SB": 1142, "Cityscape Leveler": 499, "Vivien Reid_SB": 3115, "Molten Collapse_SB": 1826, "Key to the City": 1546, "Rush of Dread": 2350, "Fog": 1041, "Toxin Analysis": 2951, "Assassin's Trophy": 144, "Festering Gulch": 996, "Bloodchief's Thirst_SB": 273, "Swan Song_SB": 2738, "Selfless Spirit_SB": 2444, "Rewind": 2288, "Lava Axe": 1614, "Westvale Abbey": 3190, "Skrelv's Hive_SB": 2541, "Forest_SB": 1052, "Pack Rat": 2028, "Break Out": 335, "Royal Treatment": 2335, "Lightning Strike_SB": 1665, "Twisted Fealty_SB": 2995, "Embereth Shieldbreaker_SB": 868, "Emry, Lurker of the Loch": 876, "Faerie Mastermind": 952, "Retraction Helix": 2281, "Valley Floodcaller": 3077, "Jace, Wielder of Mysteries_SB": 1470, "Lavinia, Azorius Renegade_SB": 1618, "Mox Amber_SB": 1849, "Retraction Helix_SB": 2282, "Blast Zone_SB": 252, "Youthful Valkyrie": 3258, "Lion Sash_SB": 1678, "Jace, Vryn's Prodigy_SB": 1469, "Soul Transfer": 2602, "Angel of Serenity": 73, "Rockface Village_SB": 2321, "Bandit's Talent_SB": 189, "Sorcerous Spyglass_SB": 2594, "Sweltering Suns_SB": 2740, "Mosswood Dreadknight_SB": 1845, "Murderous Rider_SB": 1857, "Loran of the Third Path": 1693, "Anzrag, the Quake-Mole": 93, "Obliterating Bolt": 1949, "Reckless Stormseeker": 2224, "The Akroan War": 2822, "The Huntsman's Redemption": 2838, "The Akroan War_SB": 2823, "Rakdos, the Muscle": 2181, "Soul Search_SB": 2601, "Feldon, Ronom Excavator": 987, "Kari Zev, Skyship Raider": 1508, "Make Disappear": 1729, "Sprite Dragon": 2653, "Collision // Colossus": 529, "Bitter Reunion": 239, "Delney, Streetwise Lookout": 679, "Stern Dismissal_SB": 2674, "Reflector Mage_SB": 2238, "Outland Liberator": 2003, "Outland Liberator_SB": 2004, "Satoru, the Infiltrator": 2373, "Deathrite Shaman": 659, "Forsaken Miner": 1054, "Insidious Roots": 1420, "Priest of Forgotten Gods": 2126, "Rubblebelt Maverick": 2338, "Scrapheap Scrounger": 2401, "Tyvar, Jubilant Brawler": 3002, "Niv-Mizzet, Parun": 1915, "Niv-Mizzet, Parun_SB": 1916, "Arabella, Abandoned Doll": 99, "Embercleave": 866, "The Wandering Rescuer": 2861, "Ertai Resurrected": 899, "Lazav, the Multifarious": 1621, "Nashi, Searcher in the Dark": 1878, "Slogurk, the Overslime": 2569, "Teshar, Ancestor's Apostle": 2809, "Titania, Voice of Gaea": 2921, "Anafenza, the Foremost_SB": 67, "Ertai Resurrected_SB": 900, "Nicol Bolas, the Ravager_SB": 1896, "Talion, the Kindly Lord_SB": 2763, "Titania, Voice of Gaea_SB": 2922, "Feed the Cycle": 983, "Fires of Victory": 1018, "Koma, Cosmos Serpent": 1578, "Pyroclasm": 2152, "Valakut Awakening": 3069, "Behold the Beyond": 220, "Koma, Cosmos Serpent_SB": 1579, "Azor, the Lawbringer_SB": 171, "Karametra's Blessing_SB": 1505, "Kaya's Ghostform_SB": 1517, "Skrelv, Defector Mite_SB": 2543, "Giant Killer": 1135, "Lofty Denial": 1686, "Nebelgast Herald": 1880, "Patrician Geist": 2051, "Blue Sun's Twilight_SB": 289, "Exclusion Mage_SB": 917, "Unsubstantiate_SB": 3048, "Castle Ardenvale_SB": 418, "Zoraline, Cosmos Caller": 3275, "Fragmentize_SB": 1068, "Void Rend_SB": 3125, "Kaito Shizuki_SB": 1492, "Kaito, Bane of Nightmares_SB": 1494, "Footfall Crater": 1045, "Omnivorous Flytrap": 1976, "Patchwork Beastie": 2046, "Seed of Hope": 2430, "Migloz, Maze Crusher_SB": 1796, "Ossification": 1993, "Bolas's Citadel": 290, "Catacomb Sifter": 425, "Woe Strider": 3224, "Status // Statue_SB": 2666, "Snow-Covered Mountain": 2582, "Rottenmouth Viper": 2331, "Sawblade Skinripper": 2382, "Kraul Harpooner_SB": 1586, "Test of Talents": 2810, "Elspeth's Smite_SB": 855, "Glimmerburst": 1165, "Portal to Phyrexia": 2116, "Memory Deluge_SB": 1776, "Mirrex_SB": 1808, "Silver-Fur Master": 2519, "Floodpits Drowner_SB": 1035, "Gleaming Geardrake": 1163, "Lost Jitte": 1699, "Lay Down Arms": 1619, "Bloodsoaked Champion": 277, "Dire Tactics": 726, "Hostage Taker": 1362, "Casualties of War_SB": 424, "Warbriar Blessing": 3159, "Bonecrusher Giant_SB": 301, "Chandra, Dressed to Kill_SB": 467, "Kaito, Dancing Shadow_SB": 1496, "Ashiok, Nightmare Muse_SB": 138, "Kutzil, Malamet Exemplar_SB": 1603, "Detention Sphere": 711, "Trostani, Three Whispers": 2980, "Hostile Investigator_SB": 1365, "Flip the Switch": 1032, "Lazotep Plating": 1622, "Anger of the Gods": 76, "Royal Treatment_SB": 2336, "Dazzling Reflection_SB": 645, "Ahn-Crop Crasher_SB": 46, "Voracious Hydra_SB": 3138, "Dream Trawler": 785, "Maskwood Nexus": 1754, "Dream Trawler_SB": 786, "Surge of Righteousness_SB": 2729, "Highway Robbery": 1341, "Assemble the Players": 147, "Scavenging Ooze_SB": 2391, "Ledger Shredder_SB": 1626, "Kaya the Inexorable": 1514, "Scorching Dragonfire": 2392, "Despise": 703, "Elvish Rejuvenator": 863, "Glimpse the Core": 1167, "Sanctum of Ugin": 2365, "Shrine of the Forsaken Gods": 2507, "Ugin, the Spirit Dragon": 3005, "World Breaker": 3231, "Spatial Contortion_SB": 2614, "Jeskai Ascendancy": 1477, "Lavaspur Boots": 1617, "Mishra's Research Desk": 1816, "Restless Spire": 2278, "Biting-Palm Ninja": 236, "Dokuchi Silencer": 744, "Thousand-Faced Shadow": 2887, "Prosperous Thief": 2143, "Sulfur Falls": 2704, "Entity Tracker_SB": 892, "Marina Vendrell_SB": 1750, "Shivan Devastator": 2492, "Avabruck Caretaker": 162, "Starfield of Nyx": 2663, "Angel of Serenity_SB": 74, "Demon of Dark Schemes_SB": 684, "Harvester of Misery_SB": 1286, "Progenitor Mimic_SB": 2137, "Valki, God of Lies_SB": 3076, "Defabricate": 672, "Nahiri, the Unforgiving": 1870, "Extract the Truth_SB": 935, "Soul Partition_SB": 2600, "Lion Sash": 1677, "Archon of Absolution_SB": 119, "Garruk's Harbinger_SB": 1099, "Sandstalker Moloch_SB": 2366, "Diamond Pick-Axe": 718, "Experimental Confectioner": 927, "Elspeth, Sun's Champion": 856, "Blood Baron of Vizkopa_SB": 266, "Grand Abolisher": 1227, "Portent Tracker": 2118, "Leyline of Hope": 1640, "Metropolis Reformer": 1790, "Dawn's Truce_SB": 637, "Kambal, Profiteering Mayor_SB": 1501, "Charge Through": 477, "Fight as One": 1008, "Gods Willing": 1213, "Leonin Lightscribe": 1634, "March of Burgeoning Life": 1740, "Season of Growth": 2421, "Tamiyo's Safekeeping": 2764, "Unwanted Remake": 3052, "Venerated Rotpriest": 3097, "Warriors' Lesson": 3167, "Collected Company_SB": 523, "Moon-Blessed Cleric_SB": 1837, "Silverfur Partisan_SB": 2523, "Thalia, Heretic Cathar_SB": 2818, "Scorching Dragonfire_SB": 2393, "Glissa Sunslayer_SB": 1170, "Mogis, God of Slaughter_SB": 1823, "Bedevil": 218, "Gala Greeters": 1092, "Jinnie Fay, Jetmir's Second": 1480, "Act of Treason_SB": 17, "Heroic Intervention_SB": 1328, "Consecrate // Consume_SB": 555, "Bloody Betrayal_SB": 281, "Knight of Grace_SB": 1565, "Evolved Sleeper": 914, "Tomik, Wielder of Law": 2934, "Sorin, Vengeful Bloodlord_SB": 2598, "Up the Beanstalk_SB": 3056, "Silundi Vision": 2517, "Flamecache Gecko": 1024, "Gev, Scaled Scorch": 1122, "Iridescent Vinelasher": 1450, "Okiba Reckoner Raid": 1962, "Brimaz, King of Oreskos_SB": 345, "Thrun, Breaker of Silence_SB": 2899, "Doppelgang": 757, "Broken Bond_SB": 354, "Cosmic Rebirth_SB": 575, "Slickshot Show-Off_SB": 2565, "Mazemind Tome_SB": 1768, "Ashen Rider": 132, "Combustible Gearhulk": 538, "Bonny Pall, Clearcutter_SB": 304, "Borborygmos Enraged_SB": 311, "Massacre Wurm_SB": 1757, "Rakdos, the Showstopper_SB": 2182, "Day's Undoing": 642, "Ghalta, Stampede Tyrant": 1125, "Smuggler's Surprise": 2575, "Velomachus Lorehold": 3093, "Realm-Cloaked Giant_SB": 2214, "Tyrranax Rex_SB": 3000, "Hooting Mandrills": 1354, "No One Left Behind": 1922, "Tasigur, the Golden Fang": 2775, "Thundertrap Trainer": 2905, "Yavimaya Coast": 3247, "Tolarian Terror_SB": 2928, "Splitskin Doll": 2647, "Luminarch Aspirant": 1711, "Hexgold Halberd_SB": 1330, "Lotus Field_SB": 1705, "Werewolf Pack Leader": 3189, "Vivien, Monsters' Advocate_SB": 3118, "Temporal Trespass_SB": 2796, "Declaration in Stone": 664, "Devouring Light_SB": 714, "Yorion, Sky Nomad": 3250, "Slip Out the Back": 2566, "Access Tunnel": 13, "Shakedown Heavy": 2464, "Kellan, Inquisitive Prodigy": 1532, "Restless Vinestalk": 2280, "Scavenger Grounds": 2387, "Welcoming Vampire": 3185, "Vinereap Mentor": 3105, "Mountain_SB": 1847, "Reclamation Sage_SB": 2229, "Colossal Skyturtle": 532, "Joint Exploration": 1483, "Realm-Cloaked Giant": 2213, "Sweltering Suns": 2739, "Experimental Synthesizer": 929, "Obosh, the Preypiercer_SB": 1952, "Zareth San, the Trickster_SB": 3265, "Annihilating Glare": 85, "Charred Foyer && Warped Space_SB": 480, "Dreadmaw's Ire_SB": 782, "Prairie Stream": 2122, "Teferi, Hero of Dominaria_SB": 2782, "Ashen Rider_SB": 133, "Carnage Tyrant_SB": 403, "Cavern of Souls_SB": 442, "Forge Devil_SB": 1053, "Lovestruck Beast": 1706, "Annul": 86, "Phyrexian Dragon Engine": 2078, "Azor, the Lawbringer": 170, "Aven Mindcensor_SB": 165, "Noxious Gearhulk_SB": 1934, "Blind Obedience": 262, "Collector's Vault": 528, "Boros Charm": 312, "Exquisite Firecraft_SB": 931, "Searing Blood_SB": 2418, "Spirit of the Labyrinth_SB": 2640, "Twinferno_SB": 2991, "Innkeeper's Talent": 1411, "Murderous Rider": 1856, "Vraska, Betrayal's Sting": 3146, "Prowling Serpopard_SB": 2146, "Abhorrent Oculus_SB": 2, "Torbran, Thane of Red Fell": 2937, "Leyline of Combustion": 1638, "Faerie Mastermind_SB": 953, "Jace, Vryn's Prodigy": 1468, "Commune with Dinosaurs": 545, "Ghalta, Primal Hunger": 1123, "Hulking Raptor": 1370, "Marauding Raptor": 1739, "Otepec Huntmaster": 1998, "Pugnacious Hammerskull": 2148, "Rampaging Raptor": 2194, "Ripjaw Raptor": 2298, "Infernal Grasp_SB": 1406, "Calamity, Galloping Inferno": 387, "Portal to Phyrexia_SB": 2117, "Defiler of Vigor": 675, "Garruk's Uprising": 1100, "Gemrazer": 1114, "Hardened Scales": 1279, "Ornery Tumblewagg": 1988, "Questing Beast": 2156, "Railway Brawler": 2174, "Ranger Class": 2196, "The Great Henge": 2836, "The Skullspore Nexus": 2855, "Yorvo, Lord of Garenbrig": 3252, "Ram Through_SB": 2189, "Bontu's Last Reckoning_SB": 305, "Chandra, Torch of Defiance": 471, "Heroic Reinforcements": 1329, "Monastery Mentor": 1829, "Stormchaser's Talent": 2685, "Third Path Iconoclast": 2873, "Bushy Bodyguard": 380, "Camellia, the Seedmiser": 393, "Giant Opportunity": 1137, "Hollow Scavenger": 1348, "Honored Dreyleader": 1352, "Ifnir Deadlands": 1384, "Tear Asunder": 2776, "Valley Rotcaller": 3079, "Wicked Wolf": 3195, "Overprotect_SB": 2022, "Calix, Guided by Fate": 388, "Generous Visitor": 1116, "Jukai Naturalist": 1485, "Spirited Companion": 2642, "Unflinching Courage": 3030, "Valgavoth's Lair": 3071, "Weaver of Harmony": 3180, "Bubble Smuggler": 362, "Growing Dread": 1246, "Hauntwoods Shrieker": 1295, "Long Goodbye": 1688, "Paranormal Analyst": 2040, "Vannifar, Evolved Enigma": 3088, "Atsushi, the Blazing Sky": 153, "Bonehoard Dracosaur": 302, "Dragon Tempest": 764, "Grafdigger's Cage": 1225, "Invasion of Tarkir": 1442, "Manaform Hellkite": 1735, "Reckless Impulse": 2221, "Shatterskull Smashing": 2476, "Wrenn's Resolve": 3238, "Tears of Valakut_SB": 2778, "Harness by Force_SB": 1283, "Burning Anger": 370, "Colossification": 534, "Grapple with the Past": 1230, "Storm Herald": 2682, "Commencement of Festivities": 541, "Defend the Hearth": 673, "Growth Spiral": 1247, "Sphinx's Tutelage": 2630, "Sultai Charm": 2706, "Winds of Qal Sisma": 3206, "Folio of Fancies_SB": 1043, "Sultai Charm_SB": 2707, "Armed and Armored": 127, "Consulate Dreadnought": 560, "Giant Ox": 1138, "Hotshot Mechanic": 1366, "Ingenious Smith": 1410, "Mech Hangar": 1771, "Surgehacker Mech": 2732, "Toolcraft Exemplar": 2935, "Unidentified Hovership": 3035, "Archdruid's Charm_SB": 113, "Cemetery Prowler_SB": 450, "Goldvein Hydra_SB": 1216, "Kaya, Spirits' Justice_SB": 1523, "Professor's Warning": 2132, "Enduring Courage": 880, "Commit // Memory_SB": 544, "Murderous Cut_SB": 1855, "Crumb and Get It": 600, "Defiant Strike": 674, "Favored Hoplite": 971, "Sejiri Shelter": 2437, "Crumb and Get It_SB": 601, "Baral, Chief of Compliance": 199, "Invigorated Rampage": 1445, "Colossus Hammer": 535, "Kellan, the Fae-Blooded": 1534, "Kemba, Kha Enduring": 1536, "Open the Armory": 1978, "Resolute Strike": 2266, "Sigarda's Aid": 2511, "Thud_SB": 2901, "Deification": 678, "Elspeth Resplendent": 852, "Gideon Blackblade": 1139, "Gideon of the Trials": 1140, "Gideon's Triumph": 1143, "Oath of Kaya": 1944, "The Birth of Meletis": 2825, "Urza's Sylex": 3064, "Yahenni's Expertise": 3244, "Sunset Revelry_SB": 2721, "Empyrean Eagle": 873, "Hanged Executioner": 1274, "Rally of Wings": 2186, "Skycat Sovereign": 2546, "Topplegeist": 2936, "Watcher of the Spheres": 3173, "Errant and Giada_SB": 898, "Patch Up_SB": 2044, "Remorseful Cleric_SB": 2253, "Dictate of Kruphix": 719, "Notion Thief": 1928, "Slitherwisp": 2568, "Blacklance Paragon_SB": 244, "Cunning Nightbonder_SB": 617, "Shadowspear_SB": 2462, "Exuberant Fuseling": 938, "Frenzied Goblin": 1075, "Goblin Piledriver": 1198, "Goblin Rabblemaster": 1199, "Dewdrop Cure_SB": 717, "Adult Gold Dragon": 24, "Savage Summoning_SB": 2375, "Mystic Monastery": 1861, "Warrant // Warden": 3166, "Reduce // Rubble_SB": 2236, "Jadar, Ghoulcaller of Nephalia_SB": 1472, "Angrath's Rampage_SB": 78, "Selfless Glyphweaver": 2439, "Temple of Epiphany": 2788, "Get Out": 1120, "Secrets of the Key": 2426, "Azure Beastbinder": 174, "Bounding Krasis": 324, "Decimator of the Provinces": 663, "Elder Deep-Fiend": 834, "Fierce Empath": 1002, "Nissa, Vastwood Seer": 1912, "Reclamation Sage": 2228, "Rishkar, Peema Renegade": 2303, "Skylasher_SB": 2552, "Archangel Elspeth_SB": 109, "Chromanticore": 489, "Cragplate Baloth": 586, "Oketra the True": 1961, "Tarrian's Journal": 2773, "Dreams of Steel and Oil_SB": 790, "Rush of Adrenaline": 2349, "Ulcerate_SB": 3009, "Phyrexian Fleshgorger": 2079, "Phyrexian Fleshgorger_SB": 2080, "Silverquill Silencer": 2525, "Dreams of Steel and Oil": 789, "March of Swirling Mist_SB": 1744, "Velomachus Lorehold_SB": 3094, "Titan of Industry_SB": 2919, "Kick in the Door": 1547, "Violent Urge": 3106, "Charred Foyer // Warped Space_SB": 481, "Cosmic Rebirth": 574, "Escape to the Wilds": 902, "Doomskar_SB": 755, "Overlord of the Boilerbilges_SB": 2016, "Aqueous Form": 98, "Combat Research": 537, "Break the Spell_SB": 336, "Warbriar Blessing_SB": 3160, "Bond of Insight": 296, "Lyra Dawnbringer_SB": 1716, "Depopulate_SB": 697, "Welcoming Vampire_SB": 3186, "Deflecting Palm_SB": 677, "Akroan Crusader": 53, "Clever Lumimancer": 512, "Expedite": 921, "Gods Willing_SB": 1214, "Showdown of the Skalds_SB": 2503, "Dreadhorde Invasion": 779, "Realmwalker": 2215, "Obzedat, Ghost Council": 1956, "Silver Raven": 2518, "Eat to Extinction_SB": 818, "Ajani, Sleeper Agent_SB": 49, "Fiery Temper": 1006, "Hollow One": 1347, "Insolent Neonate": 1421, "Ovalchase Daredevil": 2008, "Improbable Alliance_SB": 1397, "Hushbringer_SB": 1375, "Agadeem's Awakening": 39, "Clockwork Percussionist": 517, "Atarka's Command_SB": 150, "Dwarven Mine": 814, "Gideon, Ally of Zendikar": 1145, "Worldspine Wurm_SB": 3234, "Xenagos, God of Revels_SB": 3242, "Voyaging Satyr": 3142, "Natural State_SB": 1879, "Snow-Covered Swamp": 2584, "Perilous Voyage_SB": 2066, "Discontinuity_SB": 728, "Virtue of Loyalty_SB": 3109, "Cruelclaw's Heist": 598, "Escape Tunnel": 901, "Insatiable Avarice_SB": 1415, "Malicious Eclipse_SB": 1733, "Cathar Commando": 427, "Rush of Dread_SB": 2351, "Cemetery Desecrator": 446, "The Kenriths' Royal Funeral_SB": 2841, "Coordinated Assault": 567, "Breaking // Entering": 337, "Fraying Sanity": 1073, "Maddening Cacophony": 1719, "Soul-Guide Lantern": 2603, "Tasha's Hideous Laughter": 2774, "Cleansing Nova": 506, "Coveted Falcon": 580, "Idyllic Tutor": 1383, "Palace Siege_SB": 2032, "Come Back Wrong_SB": 539, "Bonebind Orator": 299, "Crashing Drawbridge": 589, "Fiend Artisan": 1001, "Moss-Pit Skeleton": 1842, "Osteomancer Adept": 1995, "Shigeki, Jukai Visionary": 2489, "Snarling Gorehound": 2579, "Squirming Emergence": 2657, "Ygra, Eater of All_SB": 3249, "Assimilation Aegis": 148, "Candy Trail": 396, "Disruption Protocol": 734, "Dusk Rose Reliquary": 809, "Fomori Vault": 1044, "Golos, Tireless Pilgrim": 1219, "Inventors' Fair": 1444, "Lantern of the Lost": 1611, "Moonsnare Prototype": 1840, "Prophetic Prism": 2140, "The Book of Exalted Deeds": 2826, "Tyrite Sanctum": 2998, "Whir of Invention": 3192, "Citizen's Crowbar_SB": 498, "Outrageous Robbery_SB": 2007, "Giant Killer_SB": 1136, "Deploy the Gatewatch": 695, "Interplanar Beacon": 1427, "Kaya, Intangible Slayer": 1519, "Narset of the Ancient Way": 1873, "Paradise Druid": 2037, "Tamiyo, Collector of Tales": 2766, "Tamiyo, Compleated Sage": 2768, "The Eternal Wanderer": 2833, "Nissa, Ascended Animist": 1909, "Rankle's Prank": 2197, "Repudiate // Replicate": 2260, "Thrun, Breaker of Silence": 2898, "Wrenn and Realmbreaker": 3237, "Colossal Skyturtle_SB": 533, "Song of Totentanz_SB": 2592, "Lilah, Undefeated Slickshot": 1666, "Horned Loch-Whale_SB": 1360, "Strict Proctor_SB": 2694, "Green Sun's Twilight": 1240, "Tyrranax Rex": 2999, "Invasion of Ixalan_SB": 1440, "Phyrexian Censor_SB": 2077, "Leyline of Resonance_SB": 1642, "Furnace Reins": 1086, "Void Winnower_SB": 3126, "Eidolon of Rhetoric_SB": 830, "Unctus, Grand Metatect": 3021, "Feed the Swarm": 985, "Boros Charm_SB": 313, "Flowstone Infusion_SB": 1040, "Annie Joins Up": 84, "Phylath, World Sculptor": 2073, "Liliana, the Last Hope": 1672, "Regal Caracal": 2242, "Izzet Charm": 1461, "Finale of Devastation": 1013, "Kitsa, Otterball Elite": 1557, "Springleaf Drum": 2652, "Wishclaw Talisman": 3210, "Altar of the Brood_SB": 65, "Attack-in-the-Box": 154, "Balemurk Leech": 183, "Broodspinner": 356, "Cackling Slasher": 384, "Cathartic Parting": 429, "Coordinated Clobbering": 568, "Flesh Burrower": 1028, "Frantic Strength": 1071, "Glimmerlight": 1166, "Grasping Longneck": 1233, "Grievous Wound": 1242, "Innocuous Rat": 1413, "Meathook Massacre II": 1769, "Overgrown Zealot": 2012, "Saw": 2380, "Slavering Branchsnapper": 2558, "Spectral Snatcher": 2619, "Spineseeker Centipede": 2634, "Sporogenic Infection": 2650, "Strangled Cemetery": 2691, "Terramorphic Expanse": 2805, "Twitching Doll": 2996, "Wary Watchdog": 3168, "Winter, Misanthropic Guide": 3208, "Conductive Machete_SB": 551, "Fanatic of the Harrowing_SB": 960, "Final Vengeance_SB": 1012, "Friendly Teddy_SB": 1077, "Give In to Violence_SB": 1152, "Manifest Dread_SB": 1736, "Murder_SB": 1853, "Selfless Glyphweaver_SB": 2440, "Tolsimir, Friend to Wolves_SB": 2930, "Narset, Enlightened Master_SB": 1875, "Dragonhawk, Fate's Tempest": 765, "Unexpected Fangs_SB": 3029, "Starnheim Unleashed_SB": 2664, "Tidebinder Mage_SB": 2909, "Goblin Ringleader": 1200, "Goblin Trashmaster": 1206, "Squee, Dubious Monarch": 2655, "Lukka, Coppercoat Outcast_SB": 1710, "Experimental Frenzy_SB": 928, "Brave the Elements_SB": 332, "Bontu's Monument": 306, "Hashep Oasis": 1287, "Thought-Knot Seer": 2882, "Arlinn, the Pack's Hope_SB": 126, "Eldrazi Obligator_SB": 839, "Thought-Knot Seer_SB": 2883, "Saheeli, Sublime Artificer": 2356, "Dazzling Theater // Prop Room": 646, "Restless Bivouac": 2272, "Siege Veteran": 2509, "Warleader's Call": 3162, "Yotian Frontliner": 3253, "Aurelia, the Law Above_SB": 159, "Helping Hand": 1319, "Hope Tender_SB": 1355, "Dwynen's Elite": 815, "Elvish Clancaller": 861, "Elvish Warmaster": 865, "Jaspera Sentinel": 1474, "Leaf-Crowned Visionary": 1624, "Secluded Courtyard": 2425, "Shaman of the Pack": 2467, "Pause for Reflection_SB": 2052, "Phyrexian Revoker_SB": 2082, "Sentinel of Lost Lore_SB": 2445, "Soulless Jailer_SB": 2608, "Ferocious Werefox_SB": 993, "Deeproot Elite": 670, "Forensic Researcher": 1048, "Kiora's Follower": 1549, "Kitesail Larcenist": 1553, "Three Tree City": 2896, "Forensic Researcher_SB": 1049, "Kopala, Warden of Waves_SB": 1581, "Lost in the Maze_SB": 1701, "Prophet of Kruphix_SB": 2139, "Snow-Covered Forest": 2580, "Consign // Oblivion": 557, "Creative Outburst": 592, "Vanquish the Horde_SB": 3089, "Takenuma, Abandoned Mire_SB": 2758, "Barrier Breach_SB": 204, "Kazuul's Fury": 1527, "Tail Swipe": 2754, "Giant Growth": 1134, "Snakeskin Veil_SB": 2578, "Bedeck // Bedazzle": 216, "Herd Migration": 1325, "Mirrorshell Crab_SB": 1811, "Quakebringer_SB": 2155, "Drannith Ruins": 771, "Faerie Dreamthief": 950, "Spell Stutter": 2623, "Overlord of the Balemurk_SB": 2014, "Plumecreed Escort_SB": 2104, "Speaker of the Heavens": 2616, "Possibility Storm": 2119, "Sunset Revelry": 2720, "Blind Obedience_SB": 263, "Outlaws' Merriment_SB": 2005, "Rip Apart_SB": 2297, "Archon of Sun's Grace": 122, "Omen of the Sun": 1970, "Seal Away": 2412, "Starfall Invocation_SB": 2662, "Collateral Damage": 520, "Eidolon of the Great Revel_SB": 832, "Wandering Mind": 3157, "Chandra, Acolyte of Flame_SB": 463, "The Autonomous Furnace": 2824, "Bushwhack": 379, "Circle of Dreams Druid": 496, "Elvish Visionary": 864, "Deathrite Shaman_SB": 660, "Cavalier of Flame": 436, "Vraska, Betrayal's Sting_SB": 3147, "Tale's End": 2759, "Urza's Sylex_SB": 3065, "Chandra, Acolyte of Flame": 462, "Exquisite Firecraft": 930, "Gruul Charm": 1249, "Braids, Arisen Nightmare": 326, "Spiteful Hexmage": 2643, "Haunted Ridge_SB": 1294, "Basri Ket_SB": 206, "Unwanted Remake_SB": 3053, "Roaring Furnace // Steaming Sauna_SB": 2317, "Not on My Watch_SB": 1927, "Fanatical Offering": 962, "Doppelgang_SB": 758, "Holy Cow": 1349, "Archangel of Tithes_SB": 110, "Conclave Tribunal_SB": 550, "Shalai, Voice of Plenty_SB": 2466, "Popular Egotist": 2108, "Cemetery Illuminator": 448, "Cemetery Illuminator_SB": 449, "Balmor, Battlemage Captain": 184, "Shore Up_SB": 2499, "Bag of Holding": 178, "Jace, Architect of Thought": 1466, "Teferi, Master of Time": 2783, "Cleansing Nova_SB": 507, "Eerie Ultimatum_SB": 826, "Inspired Ultimatum_SB": 1422, "Nicol Bolas, Dragon-God_SB": 1894, "Sarkhan the Masterless_SB": 2371, "Thief of Sanity_SB": 2867, "Botanical Brawler": 319, "Bristly Bill, Spine Sower": 352, "Conclave Mentor": 549, "Kodama of the West Tree": 1571, "Ozolith, the Shattered Spire": 2026, "Stonecoil Serpent": 2681, "Urgent Necropsy": 3062, "Archangel Avacyn_SB": 108, "Wrenn's Resolve_SB": 3239, "Jace Reawakened": 1463, "Rabid Gnaw": 2167, "Shock": 2494, "Kazandu Mammoth": 1526, "Strangle": 2689, "Vraska, Golgari Queen": 3148, "Azorius Charm": 172, "Scavenger Grounds_SB": 2388, "Fortified Beachhead": 1055, "The Scorpion God_SB": 2854, "Painful Truths_SB": 2031, "Fortified Village": 1056, "Nightveil Predator": 1901, "Rhonas the Indomitable": 2289, "Depopulate": 696, "Consuming Tide_SB": 563, "The Cruelty of Gix_SB": 2829, "Maximize Velocity_SB": 1764, "Field of Ruin_SB": 1000, "Eidolon of Blossoms": 828, "Bond of Revival": 297, "Rhonas the Indomitable_SB": 2290, "Whisperwood Elemental_SB": 3194, "Blazemire Verge_SB": 254, "Citywide Bust_SB": 501, "Hoarding Broodlord_SB": 1345, "Enduring Vitality": 886, "Kona, Rescue Beastie": 1580, "Selfless Savior": 2441, "Seraphic Steed": 2449, "Survivors' Encampment": 2735, "Selfless Savior_SB": 2442, "Elesh Norn_SB": 848, "Zoyowa Lava-Tongue": 3276, "Exuberant Fuseling_SB": 939, "Kaya, Intangible Slayer_SB": 1520, "Renounce the Guilds_SB": 2258, "Duelist of the Mind": 804, "Orazca Puzzle-Door": 1986, "Monastery Mentor_SB": 1830, "Enduring Bondwarden": 879, "Hangarback Walker": 1272, "Quirion Beastcaller": 2165, "Bolas's Citadel_SB": 291, "Catacomb Sifter_SB": 426, "Popular Egotist_SB": 2109, "Prosperous Innkeeper_SB": 2142, "Woe Strider_SB": 3225, "Elvish Archivist_SB": 860, "Ugin, the Spirit Dragon_SB": 3006, "Fblthp, the Lost": 972, "Shoot the Sheriff_SB": 2497, "Armored Scrapgorger": 129, "Eldrazi Displacer": 837, "Viashino Pyromancer": 3102, "Dawnbringer Cleric_SB": 639, "Den of the Bugbear_SB": 692, "Dispel_SB": 733, "Kitesail Larcenist_SB": 1554, "Suncleanser_SB": 2710, "Debt to the Kami": 661, "Debt to the Kami_SB": 662, "Release to the Wind": 2248, "Angelfire Ignition": 75, "Tenth District Legionnaire": 2803, "Steel Seraph_SB": 2672, "Izoni, Center of the Web": 1460, "Lively Dirge": 1681, "Drag to the Roots": 763, "Castle Locthwain_SB": 422, "Edgar, Charmed Groom_SB": 823, "Play with Fire_SB": 2100, "Silent Gravestone_SB": 2516, "Gates of Istfell": 1107, "Fateful Absence_SB": 969, "No More Lies_SB": 1921, "Korvold, Fae-Cursed King": 1582, "Guardian of Faith": 1254, "Phyrexian Vindicator_SB": 2083, "Kozilek's Return_SB": 1585, "Alchemist's Gambit": 54, "Intrepid Adversary": 1435, "Experiment One": 924, "Unclaimed Territory": 3020, "Cyclonic Rift": 625, "Rona's Vortex": 2326, "Curse of Silence_SB": 621, "Nighthawk Scavenger": 1899, "Gyruda, Doom of Depths": 1261, "Cease // Desist_SB": 444, "Case of the Gateway Express_SB": 411, "Hidden Necropolis": 1331, "Temple of Malady": 2789, "Temple of Malice": 2790, "Brimaz, King of Oreskos": 344, "Collector's Cage": 527, "Warping Wail_SB": 3165, "Kitnap": 1555, "Bloodtithe Collector": 279, "Goddric, Cloaked Reveler": 1211, "Bonders' Enclave": 298, "Nicol Bolas, Dragon-God": 1893, "Vampires' Vengeance_SB": 3084, "Blood Crypt_SB": 268, "Evolving Adaptive": 915, "Pelt Collector": 2063, "Voltaic Brawler": 3136, "Embercleave_SB": 867, "Vengeful Possession_SB": 3099, "Ingenious Prodigy": 1409, "Glarb, Calamity's Augur_SB": 1159, "Tomik, Distinguished Advokist_SB": 2933, "Bamboo Grove Archer_SB": 187, "Sunken Citadel_SB": 2717, "Mastermind's Acquisition_SB": 1760, "Season of the Burrow_SB": 2422, "Spinner of Souls": 2636, "Abyssal Harvester": 10, "Zur, Eternal Schemer_SB": 3278, "Burst Lightning": 377, "Scab-Clan Berserker_SB": 2384, "Knight-Errant of Eos_SB": 1568, "Boltwave": 292, "Elenda, Saint of Dusk": 844, "Elenda, Saint of Dusk_SB": 845, "Waste Not_SB": 3170, "High Fae Trickster_SB": 1338, "Fervent Champion": 995, "Goblin Tomb Raider": 1204, "Leyline Axe": 1635, "Kaito, Cunning Infiltrator": 1495, "Scrawling Crawler": 2405, "Brass Knuckles": 329, "Fabrication Foundry": 943, "Metalwork Colossus": 1786, "Simulacrum Synthesizer": 2530, "The Irencrag": 2839, "Wedding Invitation": 3184, "Mystic Forge_SB": 1860, "Varragoth, Bloodsky Sire": 3090, "Syr Ginger, the Meal Ender": 2751, "Saiba Cryptomancer_SB": 2359, "Nahiri, the Unforgiving_SB": 1871, "Ajani, Sleeper Agent": 48, "Alms of the Vein": 57, "Demand Answers": 680, "Grab the Prize": 1223, "Markov Baron": 1751, "Nullpriest of Oblivion": 1938, "Skullcrack": 2544, "Expedition Map": 922, "Evangel of Synthesis": 913, "Kiora, the Rising Tide": 1551, "Raffine, Scheming Seer": 2173, "Dropkick Bomber": 796, "Searslicer Goblin": 2419, "Creeping Chill": 593, "Driven // Despair": 792, "Haunted Dead": 1292, "Narcomoeba": 1872, "Prized Amalgam": 2130, "Silversmote Ghoul": 2526, "Wail of the Forgotten": 3151, "Huskburster Swarm_SB": 1377, "Zombify": 3273, "Blooming Blast": 282, "Cemetery Gatekeeper_SB": 447, "Mission Briefing": 1817, "Not on My Watch": 1926, "Dawnbringer Cleric": 638, "Camellia, the Seedmiser_SB": 394, "Trail of Crumbs_SB": 2955, "Bulk Up": 366, "Voracious Hydra": 3137, "Hornet Queen_SB": 1361, "Cut // Ribbons": 622, "Blacksmith's Talent": 245, "Herald of Eternal Dawn_SB": 1322, "Temple of Plenty": 2792, "Peer into the Abyss_SB": 2060, "The Witch's Vanity": 2863, "Day of Judgment": 640, "Liliana, Dreadhorde General": 1670, "Hanweir Battlements": 1275, "Response // Resurgence_SB": 2268, "Scorn-Blade Berserker": 2396, "Essence Channeler": 906, "Fountain of Renewal": 1063, "Heliod, Sun-Crowned": 1314, "Hooded Blightfang": 1353, "Indulging Patrician": 1402, "Revival // Revenge": 2287, "Scoured Barrens": 2397, "Vampire of the Dire Moon": 3082, "Vito, Thorn of the Dusk Rose": 3114, "Voice of the Blessed": 3123, "Deathmark_SB": 657, "Tinybones, Bauble Burglar": 2913, "Lava Axe_SB": 1615, "Flicker of Fate_SB": 1030, "Kykar, Zephyr Awakener": 1604, "Infestation Sage": 1407, "Ill-Timed Explosion_SB": 1386, "Omnath, Locus of Creation_SB": 1973, "Scrapwork Mutt": 2404, "Tyvar's Stand": 3001, "Spawn of Mayhem": 2615, "Karn, Scion of Urza_SB": 1509, "Banner of Kinship": 198, "Elvish Archdruid": 858, "Citanul Stalwart": 497, "Sylvan Messenger_SB": 2747, "Joust Through_SB": 1484, "Maelstrom Pulse": 1720, "Genesis Wave": 1117, "Samut, Tyrant Smasher": 2361, "Bouncer's Beatdown_SB": 323, "Soulstone Sanctuary": 2611, "Torment of Hailfire_SB": 2940, "Drake Hatcher_SB": 769, "Curator of Destinies_SB": 618, "Blitz of the Thunder-Raptor": 264, "Long River's Pull": 1690, "Unsubstantiate": 3047, "Sugar Coat_SB": 2703, "Imposing Sovereign_SB": 1396, "Haunted Cloak": 1291, "Swiftfoot Boots": 2741, "Dread Fugue": 773, "Flameblade Adept": 1023, "Ox of Agonas": 2024, "Lunarch Veteran": 1713, "Skyclave Cleric": 2549, "Ajani, Strength of the Pride_SB": 51, "Dusk Legion Duelist": 808, "Make Disappear_SB": 1730, "Toxrill, the Corrosive_SB": 2953, "The Raven Man_SB": 2848, "Expansion // Explosion": 920, "Seasons Past": 2424, "Haughty Djinn_SB": 1290, "Charming Scoundrel": 479, "Deflecting Palm": 676, "Fallaji Vanguard": 958, "Fortune, Loyal Steed": 1057, "Hellspur Posse Boss": 1317, "Panharmonicon": 2035, "Requisition Raid": 2263, "Temple of Triumph": 2794, "Terror of the Peaks": 2808, "Witty Roastmaster": 3222, "Aetherstorm Roc_SB": 36, "Anim Pakal, Thousandth Moon_SB": 83, "Chance for Glory_SB": 460, "Demonic Ruckus_SB": 689, "Impact Tremors_SB": 1393, "Bristlebud Farmer": 349, "Phyrexian Obliterator_SB": 2081, "Brass's Tunnel-Grinder": 330, "Raise the Past": 2175, "Chained to the Rocks_SB": 455, "Plumecreed Escort": 2103, "Kellan, Planar Trailblazer": 1533, "Maelstrom Pulse_SB": 1721, "Anguished Unmaking": 80, "Blessed Alliance_SB": 258, "Day of Judgment_SB": 641, "Thassa's Oracle": 2819, "Niv-Mizzet, Visionary_SB": 1919, "Mystic Repeal_SB": 1862, "Reasonable Doubt_SB": 2217, "Rottenmouth Viper_SB": 2332, "Thing in the Ice": 2870, "Witness Protection_SB": 3221, "Heaped Harvest": 1304, "Thassa, God of the Sea": 2821, "Phyrexian Arena_SB": 2075, "Tibalt's Trickery": 2906, "Tibalt's Trickery_SB": 2907, "Slaughter Games": 2556, "Idol of Endurance": 1382, "Phyrexian Censor": 2076, "Niko Aris": 1902, "Academy Loremaster": 12, "Chainsaw": 456, "Fountainport Bell": 1065, "Glint-Nest Crane": 1168, "Hammer of Purphoros": 1270, "Scattered Groves": 2386, "Arboreal Grazer_SB": 105, "Shrapnel Blast_SB": 2505, "Sixth Sense": 2537, "Alpha Authority_SB": 60, "Triton Tactics_SB": 2977, "Blood Baron of Vizkopa": 265, "Crystal Barricade_SB": 611, "Thought Erasure": 2881, "Culling Ritual": 612, "Wear Down_SB": 3178, "Spring-Loaded Sawblades": 2651, "Bala Ged Recovery_SB": 181, "Tenacious Underdog_SB": 2802, "Push // Pull": 2149, "Dowsing Device": 761, "Burst Lightning_SB": 378, "Llanowar Visionary": 1684, "Skyknight Squire": 2551, "Niv-Mizzet, Supreme_SB": 1918, "Sire of Seven Deaths": 2535, "Ajani, Caller of the Pride": 47, "Burrowguard Mentor": 376, "Dryad Militant": 801, "Fleecemane Lion": 1026, "Kutzil, Malamet Exemplar": 1602, "Melira, the Living Cure": 1773, "Wilt-Leaf Liege": 3202, "Seal Away_SB": 2413, "Chandra, Hope's Beacon_SB": 469, "Choked Estuary": 487, "Ego Drain": 827, "Faerie Fencing": 951, "Obyra, Dreaming Duelist": 1955, "Shineshadow Snarl": 2490, "Sunken Hollow": 2718, "Talion, the Kindly Lord": 2762, "Talion's Messenger": 2761, "Twining Twins": 2992, "Crippling Fear_SB": 595, "Flashfreeze_SB": 1025, "Phantom Interference_SB": 2071, "Blessed Alliance": 257, "Builder's Talent": 363, "Worldspine Wurm": 3233, "Assemble the Legion_SB": 146, "Runed Halo_SB": 2346, "Fanatical Firebrand": 961, "Goblin Warchief": 1207, "Krenko, Mob Boss": 1591, "Betrayer's Bargain_SB": 227, "By Force_SB": 381, "Strangle_SB": 2690, "Collateral Damage_SB": 521, "Tibalt, Rakish Instigator_SB": 2908, "Game Trail": 1097, "Glorybringer": 1176, "Cankerbloom_SB": 397, "Aspect of Hydra": 142, "Hunter's Talent": 1373, "Nullhide Ferox": 1936, "Steel Leaf Champion": 2670, "Garruk's Uprising_SB": 1101, "Ghalta, Primal Hunger_SB": 1124, "Indomitable Creativity_SB": 1401, "Balustrade Wurm": 185, "Apostle of Purifying Light_SB": 95, "Chaplain of Alms_SB": 476, "Healer's Hawk_SB": 1303, "Lukka, Bound to Ruin_SB": 1708, "Heliod's Intervention": 1312, "Legion's Landing": 1633, "Volatile Fault": 3127, "Herald of Eternal Dawn": 1321, "Cast Down": 414, "Desecration Demon": 700, "Kaervek, the Punisher": 1488, "Mishra's Foundry": 1815, "Ultimate Price": 3010, "Unexpected Fangs": 3028, "Vadmir, New Blood": 3067, "Extract a Confession_SB": 934, "Kitesail Freebooter_SB": 1552, "Pilfer_SB": 2090, "Bedlam Reveler": 219, "Frostboil Snarl": 1079, "Warlord's Fury": 3164, "Ox of Agonas_SB": 2025, "Dazzling Angel": 644, "Divine Smite": 741, "Exemplar of Light": 918, "Firemane Avenger": 1016, "Wind-Scarred Crag": 3205, "Edgewall Inn": 824, "Edgewall Innkeeper": 825, "Lucky Clover": 1707, "Midnight Reaper": 1793, "Necroblossom Snarl": 1881, "Order of Midnight": 1987, "Smitten Swordmaster": 2571, "Disfigure_SB": 731, "Massacre Girl_SB": 1755, "Stormkeld Vanguard_SB": 2686, "Gray Merchant of Asphodel": 1236, "Mephitic Draught": 1780, "Tithing Blade": 2923, "Warlock Class": 3163, "Corpses of the Lost_SB": 571, "Doom Foretold_SB": 752, "Life of Toshiro Umezawa_SB": 1652, "Burn Down the House": 368, "Flame-Blessed Bolt": 1021, "Refute": 2240, "Vampires' Vengeance": 3083, "Pelakka Wurm_SB": 2062, "Boon of the Wish-Giver": 309, "Drannith Healer": 770, "Drannith Stinger": 772, "Flourishing Fox": 1037, "Frostveil Ambush": 1080, "Go for Blood": 1184, "Memory Leak": 1778, "Startling Development": 2665, "Valiant Rescuer": 3074, "Zenith Flare": 3266, "Enigma Drake": 887, "Ephara's Dispersal": 893, "Eroded Canyon": 897, "Essence Capture": 905, "Galvanize": 1096, "Mind Spiral": 1800, "Peculiar Lighthouse": 2058, "Pit of Offerings": 2095, "Scorching Shot": 2394, "Shore Up": 2498, "Slick Sequence": 2563, "Tolarian Terror": 2927, "Winged Words": 3207, "Into the Fire_SB": 1430, "Wildfire Howl_SB": 3198, "Burn Bright": 367, "Chimney Rabble": 486, "Fissure Wizard": 1020, "Goblin Arsonist": 1187, "Goblin Javelineer": 1195, "Goblin Morningstar": 1196, "Goblin Trailblazer": 1205, "Grumgully, the Generous": 1248, "Heraldic Banner": 1323, "Hulking Bugbear": 1369, "Renata, Called to the Hunt": 2254, "Return of the Wildspeaker": 2284, "Rhythm of the Wild": 2291, "Subira, Tulzidi Caravanner": 2699, "You See a Pair of Goblins": 3255, "Krenko, Mob Boss_SB": 1592, "Krenko, Tin Street Kingpin_SB": 1593, "Banishing Light": 196, "Flowerfoot Swordmaster": 1039, "Mabel, Heir to Cragflame": 1717, "Seedglaive Mentor": 2431, "Short Bow": 2501, "Whiskervale Forerunner": 3193, "Abzan Charm": 11, "Deathmist Raptor": 658, "Den Protector": 690, "Mastery of the Unseen": 1761, "Sandsteppe Citadel": 2367, "Temple of Silence": 2793, "Unyielding Gatekeeper": 3054, "Drown in Sorrow_SB": 797, "Disfigure": 730, "Gnawing Vermin": 1180, "Gossip's Talent": 1222, "Karumonix, the Rat King": 1511, "Lord Skitter, Sewer King": 1697, "Persistent Marshstalker": 2067, "Piper of the Swarm": 2094, "Shoreline Looter": 2500, "Tangled Colony": 2769, "Vren, the Relentless": 3150, "Bring the Ending_SB": 347, "Pile On_SB": 2089, "Tangled Colony_SB": 2770, "No Witnesses": 1923, "Port Town": 2111, "Temple of Enlightenment": 2787, "Jace, Architect of Thought_SB": 1467, "No Witnesses_SB": 1924, "Ayara, First of Locthwain": 169, "Brain Maggot": 327, "Erebos, Bleak-Hearted": 895, "Infernal Grasp": 1405, "Phyrexian Arena": 2074, "Underworld Dreams": 3027, "Corrupt_SB": 572, "Power Word Kill_SB": 2121, "Whack_SB": 3191, "Cinder Glade": 492, "Enter the Unknown": 890, "Mirrorwing Dragon": 1812, "Silverfur Partisan": 2522, "Temple of Abandon": 2786, "Young Pyromancer": 3256, "Zada, Hedron Grinder": 3261, "Temur Battle Rage_SB": 2800, "Turn Inside Out_SB": 2986, "Unnatural Moonrise_SB": 3044, "Night of the Sweets' Revenge": 1898, "Savor": 2378, "Thornvault Forager": 2879, "Tough Cookie": 2949, "Feed the Cycle_SB": 984, "Life Goes On_SB": 1651, "Savor_SB": 2379, "Abandoned Campground": 0, "Dollmaker's Shop // Porcelain Gallery": 747, "Grand Entryway // Elegant Rotunda": 1229, "Gremlin Tamer": 1241, "Inquisitive Glimmer": 1414, "Lionheart Glimmer": 1679, "Niko, Light of Hope": 1903, "Oppressive Rays": 1981, "Builder's Talent_SB": 364, "Divine Resilience_SB": 740, "Fear of Impostors_SB": 975, "Kitnap_SB": 1556, "Minor Misstep_SB": 1803, "Paladin Class_SB": 2033, "Stay Hidden, Stay Silent_SB": 2667, "Badlands Revival": 177, "Fertile Thicket": 994, "Festerleech": 997, "Foul Orchard": 1059, "Gix's Command": 1153, "Golgari Guildgate": 1218, "Hedge Shredder": 1310, "Hero's Downfall": 1326, "Jungle Hollow": 1486, "Quilled Greatwurm": 2163, "Slice from the Shadows": 2562, "Frantic Strength_SB": 1072, "Stab_SB": 2659, "Vraska's Fall_SB": 3145, "Alesha, Who Laughs at Fate": 55, "Davriel, Rogue Shadowmage": 635, "Fell": 990, "Grasp of Darkness": 1231, "Master of Cruelties": 1758, "Razorlash Transmogrant": 2207, "Razortrap Gorge": 2208, "Seize the Spoils": 2436, "Kaervek, the Spiteful_SB": 1489, "Painful Quandary_SB": 2030, "Witch's Vengeance_SB": 3212, "Eddymurk Crab": 822, "Haughty Djinn": 1289, "Stormwing Entity": 2688, "Gnarled Scarhide": 1177, "Madcap Skills": 1718, "Minotaur Skullcleaver": 1804, "Mogis's Marauder": 1822, "Rakdos Cackler": 2176, "Rakdos Shred-Freak": 2180, "Spike Jester": 2632, "Tormented Hero": 2941, "Doom Blade_SB": 750, "Ultimate Price_SB": 3011, "Consuming Aberration": 561, "Contaminated Aquifer": 566, "Didn't Say Please": 720, "Dimir Guildgate": 723, "Dismal Backwater": 732, "Dreadwaters": 783, "Duskmantle Guildmage": 811, "Fell Specter": 991, "Jhessian Thief": 1479, "Mind Carver": 1797, "Mind Drain": 1798, "Murder": 1852, "Nezumi Informant": 1891, "Orzhov Racketeers": 1991, "Painful Quandary": 2029, "Paranoid Delusions": 2039, "Pilfered Plans": 2091, "Psychic Strike": 2147, "Razzle-Dazzler": 2210, "Read the Bones": 2211, "Sleep": 2559, "The Mindskinner": 2846, "Typhoid Rats": 2997, "Wall of Frost": 3155, "Witness Protection": 3220, "Aspect of Lamprey_SB": 143, "Blood Pact_SB": 269, "Crypt Incursion_SB": 606, "Dreadwaters_SB": 784, "Frogify_SB": 1078, "Mocking Sprite_SB": 1819, "Professor's Warning_SB": 2133, "Rogue's Gloves_SB": 2323, "Sinister Possession_SB": 2532, "Solemn Simulacrum_SB": 2588, "Sphinx of Magosi_SB": 2626, "Thieving Otter_SB": 2869, "Unlikely Aid_SB": 3040, "Zombify_SB": 3274, "Coruscation Mage": 573, "Aethersphere Harvester_SB": 35, "Burning Hands_SB": 372, "Giant Cindermaw_SB": 1133, "Lightning Mare_SB": 1663, "Wrangle_SB": 3236, "Ancient Imperiosaur": 71, "Belligerent Yearling": 223, "Fight Rigging": 1007, "Intrepid Paleontologist": 1436, "Ixalli's Lorekeeper": 1459, "Palani's Hatcher": 2034, "Regisaur Alpha": 2245, "Restless Ridgeline": 2277, "Shifting Ceratops": 2486, "Triumphant Chomp": 2978, "Thrashing Brontodon_SB": 2893, "Triumphant Chomp_SB": 2979, "Goblin Boarders": 1189, "Goblin Heelcutter": 1193, "Goblin Negotiation": 1197, "Goblin Surprise": 1202, "Goblinslide": 1208, "Guttersnipe": 1259, "Hellraiser Goblin": 1316, "Impact Tremors": 1392, "Pyrewild Shaman": 2151, "Redcap Gutter-Dweller": 2232, "Rigging Runner": 2294, "Subterranean Scout": 2702, "Thrill of Possibility": 2897, "War Squeak": 3158, "Frenzied Goblin_SB": 1076, "Goblin Boarders_SB": 1190, "Goblin Surprise_SB": 1203, "Rundvelt Hordemaster_SB": 2344, "Searslicer Goblin_SB": 2420, "Siege-Gang Commander_SB": 2510, "Cruel Somnophage": 597, "Mercurial Spelldancer": 1781, "Mind Sculpt": 1799, "Ruin Crab": 2340, "Sign in Blood": 2513, "Syr Konrad, the Grim": 2753, "Bitter Chill_SB": 238, "Chart a Course_SB": 482, "See Double_SB": 2428, "Sphinx's Tutelage_SB": 2631, "Terisian Mindbreaker_SB": 2804, "Armored Kincaller": 128, "Burning Sun Cavalry": 373, "Captivating Cave": 398, "Cavern Stomper": 440, "Colossadactyl": 531, "Dinotomaton": 725, "Disturbed Slumber": 736, "Earthshaker Dreadmaw": 816, "Hidden Nursery": 1332, "Nurturing Bristleback": 1939, "Over the Edge": 2009, "Panicked Altisaur": 2036, "Pathfinding Axejaw": 2050, "Poison Dart Frog": 2105, "Promising Vein": 2138, "Rampaging Ceratops": 2191, "Rumbling Rockslide": 2342, "Scytheclaw Raptor": 2408, "Seeker of Sunlight": 2432, "Seismic Monstrosaur": 2434, "Walk with the Ancestors": 3154, "Bristling Backwoods": 350, "Deeproot Champion": 669, "Quirion Dryad": 2166, "Blazing Volley": 255, "Cinderclasm": 493, "Crash Through": 588, "Death-Rattle Oni": 654, "Electrickery": 841, "Kessig Flamebreather": 1542, "Seismic Wave": 2435, "Stolen Vitality": 2679, "Burn Down the House_SB": 369, "Smoldering Egg_SB": 2572, "Swamp_SB": 2737, "Cast Out": 415, "Reptilian Reflection": 2259, "Irencrag Pyromancer_SB": 1449, "Nahiri's Resolve": 1865, "Thousand Moons Smithy": 2886, "Tinker's Tote": 2911, "Dusk Rose Reliquary_SB": 810, "Unidentified Hovership_SB": 3036, "Vindictive Flamestoker_SB": 3103, "Bomat Courier": 294, "Falkenrath Gorger": 956, "Foreboding Ruins": 1047, "Forerunner of Slaughter": 1050, "Olivia, Mobilized for War": 1964, "Unlicensed Disintegration": 3037, "Rakdos Charm_SB": 2177, "Shock_SB": 2495, "Transgress the Mind_SB": 2959, "Briarbridge Tracker": 340, "Hard-Hitting Question": 1277, "Subterranean Schooner": 2701, "Teething Wurmlet": 2780, "Vineglimmer Snarl": 3104, "Briarbridge Tracker_SB": 341, "Hard-Hitting Question_SB": 1278, "Island_SB": 1454, "Unsummon_SB": 3049, "Gingerbread Cabin": 1150, "Rampage of the Clans": 2190, "Hangarback Walker_SB": 1273, "Earthshaker Khenra": 817, "Mirran Banesplitter": 1806, "Rimrock Knight": 2296, "Azorius Guildgate": 173, "Boros Guildgate": 315, "Gate Colossus": 1104, "Gatebreaker Ram": 1105, "Gates Ablaze": 1106, "Gateway Plaza": 1108, "Glaive of the Guildpact": 1157, "Gruul Guildgate": 1251, "Guild Summit": 1257, "Hour of Promise": 1367, "Izzet Guildgate": 1462, "Maze's End": 1766, "Open the Gates": 1979, "Orzhov Guildgate": 1990, "Plaza of Harmony": 2101, "Rakdos Guildgate": 2178, "Selesnya Guildgate": 2438, "Simic Guildgate": 2527, "Thran Portal": 2890, "Archway Angel_SB": 123, "Crackling Perimeter_SB": 584, "Strategic Planning": 2692, "Wandering Fumarole": 3156, "Essence Scatter_SB": 909, "Frantic Firebolt_SB": 1069, "Behold the Multiverse": 221, "Saw It Coming": 2381, "Thirst for Discovery": 2875, "Inscription of Abundance": 1416, "Primal Might": 2127, "Experiment One_SB": 925, "Toxin Analysis_SB": 2952, "Smoldering Marsh": 2573, "Banehound": 192, "Curator of Mysteries": 619, "Mire Triton": 1805, "Rush of Vitality_SB": 2352, "Goblin Blast-Runner": 1188, "Implement of Combustion": 1394, "Krenko, Baron of Tin Street": 1590, "Voltage Surge": 3134, "Sunshot Militia_SB": 2722, "Essence Scatter": 908, "Flow of Knowledge": 1038, "Quick Study_SB": 2161, "Shifting Grift_SB": 2488, "Crawling Barrens": 591, "Memorial to Folly": 1774, "Power Word Kill": 2120, "Ob Nixilis Reignited_SB": 1946, "Blacklance Paragon": 243, "Brineborn Cutthroat": 346, "Cunning Nightbonder": 616, "Reasonable Doubt": 2216, "Sea-Dasher Octopus": 2410, "Ashiok's Erasure_SB": 134, "Spectral Adversary_SB": 2617, "Arcane Infusion": 106, "Xenagos, God of Revels": 3241, "Aetherize_SB": 33, "Into the Roil_SB": 1433, "Volcanic Spite_SB": 3129, "Flame-Blessed Bolt_SB": 1022, "Ral, Izzet Viceroy_SB": 2185, "You See a Guard Approach_SB": 3254, "Aether Hub": 30, "Attune with Aether": 155, "Gather the Pack": 1111, "Lotleth Troll": 1702, "Cragplate Baloth_SB": 587, "Plains_SB": 2098, "Sporeweb Weaver_SB": 2649, "Beastie Beatdown": 215, "Return to Nature_SB": 2286, "Alseid of Life's Bounty": 63, "Hateful Eidolon": 1288, "Karametra's Blessing": 1504, "Agent of the Fates_SB": 45, "Dead Weight_SB": 647, "Eriette of the Charmed Apple_SB": 896, "Pacifism_SB": 2027, "Evolving Wilds": 916, "Good-Fortune Unicorn": 1220, "Mossborn Hydra": 1843, "Ochre Jelly": 1957, "Sylvan Scavenging": 2749, "Wildwood Scourge": 3200, "Gaea's Gift_SB": 1090, "Gnarlid Colony_SB": 1178, "Inscription of Abundance_SB": 1417, "Trash the Town_SB": 2963, "Bristling Hydra": 351, "Electrostatic Pummeler": 842, "Fling": 1031, "Ghor-Clan Rampager": 1127, "Harnessed Lightning": 1284, "Servant of the Conduit": 2452, "Axebane Ferox_SB": 167, "Deathgorge Scavenger_SB": 656, "Gruul Spellbreaker_SB": 1252, "Insult // Injury_SB": 1426, "Wilt_SB": 3204, "Legion Angel": 1627, "Legion Angel_SB": 1628, "Gideon's Triumph_SB": 1144, "Hopeful Vigil": 1357, "Sigil of the Empty Throne": 2512, "Spirit-Sister's Call": 2641, "Banishing Light_SB": 197, "Cast Out_SB": 416, "Dreadhorde Invasion_SB": 780, "Trespasser's Curse_SB": 2971, "Arashin Foremost": 102, "Blood-Chin Rager": 271, "Chief of the Edge": 484, "Gutterbones": 1258, "Mardu Strike Leader": 1747, "Mardu Woe-Reaper": 1748, "Rally the Ranks": 2187, "Secure the Wastes": 2427, "Usher of the Fallen": 3066, "Garruk's Harbinger": 1098, "Lifecrafter's Bestiary": 1654, "Feed the Clan_SB": 982, "Skyreaping_SB": 2553, "Roast_SB": 2318, "Reality Shift": 2212, "Commit // Memory": 543, "Think Twice": 2872, "Sphinx's Revelation_SB": 2629, "Angel of Invention": 72, "Combat Celebrant": 536, "God-Pharaoh's Gift": 1209, "Refurbish": 2239, "Arashin Cleric_SB": 101, "Spinner of Souls_SB": 2637, "Seal from Existence": 2414, "Ghostly Dancers_SB": 1131, "Seal from Existence_SB": 2415, "Connive // Concoct_SB": 554, "Torrential Gearhulk_SB": 2946, "Outrageous Robbery": 2006, "Boltwave_SB": 293, "Fatal Grudge": 965, "Gnarlroot Trapper": 1179, "Valley Floodcaller_SB": 3078, "Valorous Stance_SB": 3081, "Pillage the Bog_SB": 2093, "Aether Channeler": 27, "Foul Emissary": 1058, "Fiery Annihilation_SB": 1003, "Reckless Stormseeker_SB": 2225, "Arahbo, the First Fang": 100, "Felidar Cub": 988, "Feline Sovereign": 989, "Sacred Cat": 2354, "Savannah Lions": 2377, "Archfiend of Depravity": 114, "Archfiend of Depravity_SB": 115, "Fade from History_SB": 946, "Loot, Exuberant Explorer": 1691, "Quicken": 2162, "Banish into Fable": 194, "Reluctant Role Model": 2251, "Furnace Punisher": 1085, "March of Swirling Mist": 1743, "Invasive Surgery_SB": 1443, "Stormsplitter": 2687, "Thousand-Year Storm": 2888, "Cathartic Pyre_SB": 431, "Tamiyo, Collector of Tales_SB": 2767, "Anthem of Champions_SB": 92, "Michiko's Reign of Truth": 1792, "Fear of Abduction": 973, "Overwhelming Remorse_SB": 2023, "Brotherhood's End": 357, "Return the Favor_SB": 2285, "Dennick, Pious Apprentice_SB": 693, "Dissection Tools": 735, "Sire of Seven Deaths_SB": 2536, "Dollmaker's Shop && Porcelain Gallery": 746, "Kami of Transience": 1502, "Surgical Suite && Hospital Room_SB": 2733, "Regal Bunnicorn": 2241, "Ashiok, Wicked Manipulator": 140, "Protect the Negotiators_SB": 2145, "Ajani, Strength of the Pride": 50, "Case of the Uneaten Feast": 413, "Trelasarra, Moon Dancer": 2970, "Floriferous Vinewall": 1036, "Urborg Lhurgoyf": 3059, "Aether Channeler_SB": 28, "Zephyr Sentinel_SB": 3267, "Kambal, Consul of Allocation": 1499, "Tectonic Hazard_SB": 2779, "Harmonious Archon": 1282, "Sandstorm Salvager": 2368, "Kayla's Reconstruction_SB": 1525, "Surrak Dragonclaw": 2734, "Frantic Scapegoat": 1070, "Ritual of Soot": 2307, "Inscription of Ruin": 1418, "Callous Sell-Sword_SB": 392, "Breeding Pool_SB": 339, "Woodland Bellower": 3228, "Destroy Evil": 707, "Serra Paragon_SB": 2451, "Heartflame Duelist": 1306, "Inspiring Veteran": 1425, "Knight of Dusk's Shadow": 1562, "Knight of the Ebon Legion": 1566, "Tournament Grounds": 2950, "Venerable Knight": 3095, "Worthy Knight": 3235, "Knight of Dusk's Shadow_SB": 1563, "Filter Out": 1010, "Chance for Glory": 459, "Teferi, Who Slows the Sunset": 2784, "Bag of Holding_SB": 179, "Zirda, the Dawnwaker_SB": 3271, "Despise_SB": 704, "Lifebane Zombie_SB": 1653, "Sunspine Lynx": 2723, "Light Up the Stage_SB": 1656, "Cindervines": 494, "God-Pharaoh's Statue_SB": 1210, "Smuggler's Surprise_SB": 2576, "Wakeroot Elemental_SB": 3153, "The Flame of Keld": 2835, "Fetid Pools": 998, "Silvergill Adept": 2524, "Triton Shorestalker": 2975, "Wakeroot Elemental": 3152, "Dreadbore": 775, "Nicol Bolas, the Ravager": 1895, "Omen of the Forge": 1968, "The Kami War": 2840, "Isareth the Awakener": 1452, "This Town Ain't Big Enough": 2877, "Legion Extruder_SB": 1630, "Remorseful Cleric": 2252, "Nissa, Who Shakes the World": 1913, "Bilious Skulldweller": 232, "Chevill, Bane of Monsters": 483, "Fynn, the Fangbearer": 1089, "Heroic Intervention": 1327, "Malakir Rebirth": 1731, "Wasteland Viper": 3171, "Infectious Bite_SB": 1404, "Unauthorized Exit_SB": 3018, "Nahiri's Warcrafting_SB": 1866, "Akal Pakal, First Among Equals": 52, "Courser of Kruphix": 579, "Simic Manipulator": 2528, "Timestream Navigator": 2910, "Azure Beastbinder_SB": 175, "Mockingbird_SB": 1821, "Simic Manipulator_SB": 2529, "Trygon Predator_SB": 2983, "Vivien, Champion of the Wilds_SB": 3117, "Caretaker's Talent_SB": 401, "Fountainport_SB": 1066, "Rite of Oblivion_SB": 2305, "Depala, Pilot Exemplar": 694, "Magda, Brazen Outlaw": 1723, "Roaming Throne": 2313, "Veteran Motorist": 3100, "Kogla, the Titan Ape": 1574, "Cavalier of Thorns_SB": 438, "Ulvenwald Oddity_SB": 3013, "Crumbling Vestige": 603, "Sylvan Awakening": 2745, "The Mightstone and Weakstone_SB": 2845, "Kogla and Yidaro_SB": 1573, "Kogla and Yidaro": 1572, "Trumpeting Carnosaur_SB": 2982, "Dusk // Dawn_SB": 807, "Last Breath_SB": 1613, "Thunderherd Migration": 2902, "Boros Elite": 314, "Guardian of New Benalia": 1256, "Mobilized District": 1818, "Precinct Captain": 2125, "Soldier of the Pantheon": 2587, "Spellbook Vendor": 2624, "Sungold Sentinel": 2715, "Banisher Priest_SB": 195, "Bounty Agent_SB": 325, "Rally the Ranks_SB": 2188, "Wicked Wolf_SB": 3196, "Renegade Tactics": 2257, "Fear of Isolation": 976, "Built to Smash": 365, "Wayward Guide-Beast": 3175, "Voldaren Thrillseeker_SB": 3132, "Siphon Insight_SB": 2533, "Imodane's Recruiter_SB": 1391, "Glorious Protector_SB": 1175, "Niambi, Esteemed Speaker_SB": 1892, "The Wandering Rescuer_SB": 2862, "Into the Story": 1434, "Syr Ginger, the Meal Ender_SB": 2752, "Augur of Bolas": 158, "Essence Flux": 907, "Apostle of Purifying Light": 94, "Glass Casket": 1160, "Thran Power Suit": 2891, "Treacherous Blessing_SB": 2966, "Umori, the Collector_SB": 3014, "Glass Casket_SB": 1161, "Grasp of Darkness_SB": 1232, "Necrotic Wound": 1883, "Necrotic Wound_SB": 1884, "Souls of the Lost_SB": 2610, "Kappa Tech-Wrecker": 1503, "Eldrazi Displacer_SB": 838, "Fleeting Spirit": 1027, "Lore Drakkis": 1698, "Open the Omenpaths": 1980, "Vadrok, Apex of Thunder": 3068, "Crucible of Worlds": 596, "Destiny Spinner": 705, "Sin Collector_SB": 2531, "Cult Conscript": 614, "Mutavault_SB": 1859, "Mukotai Ambusher_SB": 1851, "Cleansing Wildfire_SB": 509, "Vanish into Eternity_SB": 3085, "Tribute to Horobi": 2973, "Hunter's Talent_SB": 1374, "Vengeful Possession": 3098, "Hidetsugu's Second Rite_SB": 1337, "Nurturing Pixie": 1940, "Preacher of the Schism_SB": 2124, "Pia Nalaar, Consul of Revival": 2084, "Showdown of the Skalds": 2502, "Bassara Tower Archer": 208, "Cloudsteel Kirin": 518, "Lizard Blades": 1682, "Searing Blood": 2417, "Bomat Courier_SB": 295, "Magma Spray_SB": 1728, "Stalactite Stalker": 2661, "Lamplight Phoenix_SB": 1608, "Pawpatch Recruit_SB": 2056, "Omen of the Dead": 1966, "Sentinel of the Nameless City_SB": 2447, "Sharp-Eyed Rookie": 2474, "Ayara's Oathsworn": 168, "Council of the Absolute_SB": 576, "Adventurous Impulse": 25, "Arcane Proxy": 107, "Chrome Host Seedshark": 490, "See the Truth": 2429, "Ambitious Farmhand": 66, "Cascading Cataracts": 406, "Helpful Hunter": 1318, "Thalia's Lancers": 2813, "Wilt-Leaf Liege_SB": 3203, "Augur of Autumn_SB": 157, "Lavabrink Venturer_SB": 1616, "Thalia and The Gitrog Monster": 2812, "Dreadbore_SB": 776, "Cavalier of Dawn": 435, "Kotose, the Silent Spider": 1584, "Fanatic of Mogis": 959, "Solphim, Mayhem Dominus": 2591, "Shatterskull Smashing_SB": 2477, "Prosperous Thief_SB": 2144, "Barkhide Troll": 203, "Gather Courage": 1109, "Tribute to the World Tree": 2974, "Setessan Tactics_SB": 2455, "Oblivious Bookworm": 1951, "Cerulean Drake_SB": 453, "Bloodthirsty Conqueror": 278, "Dina, Soul Steeper": 724, "Dryad of the Ilysian Grove": 802, "Jaddi Offshoot": 1473, "Mirrorpool": 1809, "Retreat to Hagra": 2283, "Bristly Bill, Spine Sower_SB": 353, "Undergrowth Champion_SB": 3026, "Bladehold War-Whip": 249, "Nahiri, Forged in Fury": 1867, "Sword of Forge and Frontier": 2743, "Rebel Salvo_SB": 2218, "Silverback Elder": 2520, "Celestial Armor": 445, "Etali, Primal Conqueror": 910, "Massacre Wurm": 1756, "Perilous Snare": 2064, "Repurposing Bay_SB": 2262, "Mendicant Core, Guidelight": 1779, "Voyager Glidecar": 3141, "Patchwork Automaton": 2045, "Momentum Breaker_SB": 1828, "Birgi, God of Storytelling": 233, "Crater's Claws": 590, "Zurgo Bellstriker_SB": 3280, "Zareth San, the Trickster": 3264, "Hare Apparent": 1280, "Greasewrench Goblin": 1238, "Moonshaker Cavalry_SB": 1839, "Grim Bauble": 1243, "Momentum Breaker": 1827, "Oildeep Gearhulk_SB": 1959, "Count on Luck_SB": 577, "Valor's Flagship": 3080, "Shacklegeist_SB": 2459, "Monument to Endurance_SB": 1835, "Chaplain of Alms": 475, "Rune of Might": 2345, "Liliana, Heretical Healer_SB": 1671, "Sab-Sunen, Luxa Embodied": 2353, "Archfiend's Vessel": 118, "Merfolk Secretkeeper": 1782, "Brightglass Gearhulk": 343, "Dredger's Insight": 791, "Coalstoke Gearhulk": 519, "Ossification_SB": 1994, "Memory Guardian": 1777, "Grim Bauble_SB": 1244, "Djeru's Renunciation": 743, "Marauding Mako": 1738, "Monument to Endurance": 1834, "Sunbillow Verge": 2709, "Mastermind's Acquisition": 1759, "Ketramose, the New Dawn_SB": 1544, "Mukotai Ambusher": 1850, "Bloodghast": 274, "Molt Tender": 1824, "Driven // Despair_SB": 793, "Ashiok, Wicked Manipulator_SB": 141, "Anim Pakal, Thousandth Moon": 82, "Basri, Tomorrow's Champion": 207, "Urza's Ruinous Blast_SB": 3063, "The Speed Demon": 2856, "Intimidation Tactics_SB": 1429, "Oildeep Gearhulk": 1958, "Virtue of Strength": 3112, "Roxanne, Starfall Savant_SB": 2334, "Optimistic Scavenger_SB": 1984, "Freestrider Lookout": 1074, "Ketramose, the New Dawn": 1543, "Scrabbling Claws": 2399, "Willowrush Verge": 3201, "Commune with Spirits": 546, "Goro-Goro, Disciple of Ryusei": 1221, "Radha, Heart of Keld": 2168, "Redshift, Rocketeer Chief": 2235, "Bleachbone Verge": 256, "Detention Chariot": 710, "Tune Up": 2984, "Kaya the Inexorable_SB": 1515, "Thundering Broodwagon": 2903, "Fearless Swashbuckler": 978, "Gastal Thrillroller": 1103, "Ashiok, Nightmare Weaver": 139, "Hazoret, Godseeker": 1300, "Leyline Binding_SB": 1637, "Jace's Defeat_SB": 1465, "Norin, Swift Survivalist": 1925, "Mindlink Mech_SB": 1801, "Wastewood Verge": 3172, "Avishkar Raceway": 166, "Fuel the Flames_SB": 1083, "Skycrash_SB": 2550, "Murderous Cut": 1854, "Anguished Unmaking_SB": 81, "Drownyard Temple": 800, "Quag Feast": 2154, "Boommobile": 307, "Hedron Archive": 1311, "Paradox Engine": 2038, "Portal of Sanctuary": 2115, "Repurposing Bay": 2261, "Terrarion": 2806, "The Mightstone and Weakstone": 2844, "Thran Spider": 2892, "Workshop Assistant": 3230, "Liberator, Urza's Battlethopter_SB": 1648, "Shrapnel Slinger_SB": 2506, "Benthic Biomancer": 224, "Mindspring Merfolk": 1802, "Eaten Alive_SB": 819, "Biting-Palm Ninja_SB": 237, "Kazuul's Toll Collector": 1528, "Immersturm Raider": 1389, "The Speed Demon_SB": 2857, "Burnout Bashtronaut": 375, "Draconautics Engineer": 762, "Howlsquad Heavy": 1368, "Volley Veteran_SB": 3133, "Harrier Strix": 1285, "Hypnotic Grifter": 1378, "The Reality Chip": 2849, "Training Grounds": 2956, "Basilisk Collar_SB": 205, "Swiftfoot Boots_SB": 2742, "Stock Up": 2677, "Riverpyre Verge": 2310, "Concealing Curtains": 548, "Blade Historian": 246, "Pyre of Heroes": 2150, "Night Clubber_SB": 1897, "Riptide Gearhulk_SB": 2301, "Aegis Turtle_SB": 26, "Ride's End": 2292, "Analyze the Pollen": 68, "Cleansing Wildfire": 508, "Crumble to Dust": 602, "Encroaching Wastes": 877, "Gnottvold Slumbermound": 1181, "Haphazard Bombardment": 1276, "Jaya's Greeting": 1475, "Ravager Wurm": 2202, "Rowan, Scholar of Sparks": 2333, "Rubble Reading": 2337, "Sheltered Thicket": 2479, "Structural Distortion": 2696, "Sylvan Primordial": 2748, "Territory Forge": 2807, "Twin Bolt": 2989, "Herbology Instructor_SB": 1324, "Nissa's Defeat_SB": 1908, "Peak Eruption_SB": 2057, "Scrabbling Claws_SB": 2400, "Battle at the Bridge": 210, "Spire of Industry": 2638, "Battle at the Bridge_SB": 211, "Borrowed Hostility": 316, "Barbed Batterfist": 200, "Webstrike Elite": 3181, "Demilich_SB": 682, "Progenitor Mimic": 2136, "Banefire": 190, "Steel Seraph": 2671, "Regal Imperiosaur": 2244, "Violent Urge_SB": 3107, "Boon of Boseiju": 308, "Esika's Chariot_SB": 904, "Champion of the Perished": 458, "Cryptbreaker": 607, "Dark Salvation": 630, "Dread Wanderer": 774, "Relentless Dead": 2249, "Wayward Servant": 3176, "Zahur, Glory's Past": 3263, "Fighter Class": 1009, "Chainsaw_SB": 457, "Nettle Guard_SB": 1889, "Sword of Forge and Frontier_SB": 2744, "Expedition Map_SB": 923, "Stock Up_SB": 2678, "Maximize Velocity": 1763, "Birgi, God of Storytelling_SB": 234, "Samut's Sprint": 2360, "Omen of the Dead_SB": 1967, "Lazav, Wearer of Faces": 1620, "Medomai the Ageless": 1772, "Riptide Gearhulk": 2300, "Carnage Tyrant": 402, "Gather Courage_SB": 1110, "Etali, Primal Conqueror_SB": 911, "Feather, the Redeemed": 979, "Feather, the Redeemed_SB": 980, "Dewdrop Cure": 716, "Healer's Hawk": 1302, "Linden, the Steadfast Queen": 1674, "Rogue's Passage": 2324, "Ruin-Lurker Bat": 2341, "Afterburner Expert": 37, "Keruga, the Macrosage": 1540, "Twinshot Sniper": 2993, "Twinshot Sniper_SB": 2994, "Adorned Pouncer": 23, "Roadside Reliquary": 2312, "Satoru Umezawa": 2372, "Out of Air_SB": 2000, "Cry of the Carnarium": 604, "Kaya, Orzhov Usurper": 1521, "Calamity's Wake_SB": 386, "Spontaneous Mutation_SB": 2648, "Sunder the Gateway": 2711, "Knight of Grace": 1564, "Bladestitched Skaab": 250, "Lazotep Reaver": 1623, "Enduring Tenacity_SB": 885, "Rocketeer Boostbuggy": 2319, "Chandra, Spark Hunter_SB": 470, "Phoenix Chick": 2072, "Mortify": 1841, "Gix's Command_SB": 1154, "Fuel the Flames": 1082, "Graf Reaver_SB": 1224, "Kraul Whipcracker_SB": 1587, "Dive Down_SB": 739, "Fear of Impostors": 974, "Riptide Chimera": 2299, "Witchstalker_SB": 3215, "Demonic Bargain": 685, "Soul-Scar Mage_SB": 2606, "Blood Spatter Analysis": 270, "Osseous Sticktwister": 1992, "Korvold, Fae-Cursed King_SB": 1583, "Dive Down": 738, "Jace Reawakened_SB": 1464, "Blessed Defiance": 259, "Seasoned Hallowblade": 2423, "The Mycosynth Gardens": 2847, "Alrund's Epiphany": 62, "Loot, the Pathfinder": 1692, "Burning Earth_SB": 371, "Fugitive Codebreaker": 1084, "Tireless Tracker_SB": 2915, "Invasion of New Phyrexia_SB": 1441, "Tangled Florahedron": 2771, "Healer of the Glade_SB": 1301, "Tale's End_SB": 2760, "Omen of the Sun_SB": 1971, "Gisa, the Hellraiser_SB": 1151, "Ride's End_SB": 2293, "Seeker of the Way_SB": 2433, "Redcap Melee": 2233, "Commence the Endgame_SB": 540, "Beseech the Mirror_SB": 226, "Forbidden Friendship": 1046, "Collective Effort_SB": 526, "Perilous Snare_SB": 2065, "Setessan Champion": 2453, "Trapped in the Screen": 2961, "Trapped in the Screen_SB": 2962, "Cryptolith Rite": 610, "Bottomless Pool && Locker Room": 321, "Bottomless Pool && Locker Room_SB": 322, "Eidolon of Blossoms_SB": 829, "Knockout Blow": 1569, "Hidetsugu's Second Rite": 1336}}