{"vocabulary": {"Cavern of Souls": 430, "Fatal Push": 951, "Flicker of Fate": 1011, "Forest": 1032, "Get Lost": 1100, "Gloomlake Verge": 1148, "Go for the Throat": 1160, "Hallowed Fountain": 1243, "Hushwood Verge": 1351, "Indatha Triome": 1374, "Leyline Binding": 1604, "Overlord of the Floodpits": 1983, "Overlord of the Hauntwoods": 1984, "Overlord of the Mistmoors": 1985, "Swamp": 2706, "Temple Garden": 2754, "Up the Beanstalk": 3021, "Watery Grave": 3137, "Yorion, Sky Nomad": 3214, "Zagoth Triome": 3226, "Zur, Eternal Schemer": 3241, "Dovin's Veto_SB": 746, "Elesh Norn, Mother of Machines_SB": 832, "Get Lost_SB": 1101, "High Noon_SB": 1314, "Knockout Blow_SB": 1541, "Rest in Peace_SB": 2236, "Sunfall_SB": 2683, "Thought Distortion_SB": 2849, "Access Tunnel": 11, "Bloodletter of Aclazotz": 264, "Castle Locthwain": 408, "Duress": 791, "Field of Ruin": 983, "Graveyard Trespasser": 1209, "Heartless Act": 1282, "Hive of the Eye Tyrant": 1319, "Invoke Despair": 1422, "Mutavault": 1828, "Reckoner Bankbuster": 2192, "Sheoldred's Edict": 2447, "Takenuma, Abandoned Mire": 2726, "Thoughtseize": 2853, "Unholy Annex && Ritual Chamber": 2995, "Unstoppable Slasher": 3011, "Urborg, Tomb of Yawgmoth": 3027, "Anoint with Affliction_SB": 83, "Ashiok, Dream Render_SB": 130, "Cut Down_SB": 613, "Extinction Event_SB": 917, "Invoke Despair_SB": 1423, "Leyline of the Void_SB": 1615, "Path of Peril_SB": 2015, "Reckoner Bankbuster_SB": 2193, "Sheoldred, the Apocalypse_SB": 2450, "The Meathook Massacre_SB": 2811, "Boseiju, Who Endures": 305, "Copperline Gorge": 556, "Cragcrown Pathway": 573, "Den of the Bugbear": 678, "Elvish Mystic": 847, "Esika's Chariot": 888, "Fable of the Mirror-Breaker": 924, "Fear of Missing Out": 962, "Inti, Seneschal of the Sun": 1403, "Karplusan Forest": 1483, "Lair of the Hydra": 1577, "Llanowar Elves": 1651, "Mountain": 1816, "Obliterating Bolt": 1917, "Phyrexian Dragon Engine": 2044, "Ramunap Ruins": 2161, "Reckless Stormseeker": 2190, "Skysovereign, Consul Flagship": 2518, "Smuggler's Copter": 2538, "Sokenzan, Crucible of Defiance": 2550, "Stomping Ground": 2644, "The Akroan War": 2789, "Torch the Tower": 2905, "Cindervines_SB": 482, "Hazoret the Fervent_SB": 1274, "Jegantha, the Wellspring_SB": 1452, "Pawpatch Formation_SB": 2020, "Rampaging Ferocidon_SB": 2159, "Redcap Melee_SB": 2200, "Rending Volley_SB": 2221, "The Akroan War_SB": 2790, "Unlicensed Hearse_SB": 3005, "Blackcleave Cliffs": 232, "Blazemire Verge": 242, "Blightstep Pathway": 250, "Blood Crypt": 256, "Bloodtithe Harvester": 269, "Cauldron Familiar": 419, "Claim the Firstborn": 491, "Deadly Dispute": 636, "Kroxa, Titan of Death's Hunger": 1565, "Mayhem Devil": 1737, "Scavenger's Talent": 2355, "Thornspire Verge": 2847, "Witch's Oven": 3176, "Ygra, Eater of All": 3212, "Chandra's Defeat_SB": 451, "Damping Sphere_SB": 615, "Duress_SB": 792, "Kroxa, Titan of Death's Hunger_SB": 1566, "Molten Collapse_SB": 1797, "Ob Nixilis, the Adversary_SB": 1916, "Sheoldred's Edict_SB": 2448, "Thoughtseize_SB": 2854, "Blossoming Defense": 272, "Callous Sell-Sword": 379, "Collision // Colossus": 516, "Emberheart Challenger": 852, "Heartfire Hero": 1280, "Kumano Faces Kakkazan": 1567, "Monastery Swiftspear": 1802, "Monstrous Rage": 1804, "Play with Fire": 2066, "Slickshot Show-Off": 2528, "Titan's Strength": 2889, "Collision // Colossus_SB": 517, "Pick Your Poison_SB": 2053, "Torch the Tower_SB": 2906, "Urabrask's Forge_SB": 3024, "Arclight Phoenix": 118, "Artist's Talent": 124, "Brazen Borrower": 321, "Consider": 542, "Fiery Impulse": 988, "Hall of Storm Giants": 1242, "Island": 1429, "Ledger Shredder": 1594, "Lightning Axe": 1627, "Opt": 1948, "Otawara, Soaring City": 1962, "Picklock Prankster": 2054, "Proft's Eidetic Memory": 2099, "Riverglide Pathway": 2275, "Shivan Reef": 2459, "Sleight of Hand": 2525, "Spell Pierce": 2584, "Spirebluff Canal": 2603, "Steam Vents": 2632, "Stormcarved Coast": 2648, "Treasure Cruise": 2932, "Abrade_SB": 4, "Anger of the Gods_SB": 71, "Annul_SB": 81, "Brazen Borrower_SB": 322, "Fable of the Mirror-Breaker_SB": 925, "Mystical Dispute_SB": 1834, "Negate_SB": 1856, "Adarkar Wastes": 17, "Adeline, Resplendent Cathar": 18, "Coppercoat Vanguard": 555, "Dauntless Bodyguard": 622, "Declaration in Stone": 652, "Eiganjo, Seat of the Empire": 818, "Extraction Specialist": 920, "Hengegate Pathway": 1295, "Hopeful Initiate": 1331, "Mockingbird": 1792, "Plains": 2064, "Recruitment Officer": 2197, "Seachrome Coast": 2378, "Thalia, Guardian of Thraben": 2782, "Thalia's Lieutenant": 2781, "Veteran Survivor": 3065, "Declaration in Stone_SB": 653, "Devouring Light_SB": 701, "Elspeth's Smite_SB": 839, "Portable Hole_SB": 2081, "Wedding Announcement_SB": 3146, "Caves of Koilos": 432, "Concealed Courtyard": 533, "Godless Shrine": 1187, "Mazemind Tome": 1739, "Shattered Sanctum": 2440, "The Wandering Emperor": 2827, "Vanishing Verse": 3052, "Archon of Emeria_SB": 115, "Caustic Bronco_SB": 421, "Fracture_SB": 1049, "Glistening Deluge_SB": 1147, "Ritual of Soot_SB": 2274, "Aloe Alchemist": 53, "Atarka's Command": 142, "Burning-Tree Emissary": 362, "Cunning Coyote": 604, "Reckless Bushwhacker": 2185, "Zurgo Bellstriker": 3243, "Claim the Firstborn_SB": 492, "Destructive Revelry_SB": 697, "Grafdigger's Cage_SB": 1201, "Magebane Lizard_SB": 1695, "Shapers' Sanctuary_SB": 2434, "Archfiend of the Dross": 110, "Haunted Ridge": 1268, "Sheoldred, the Apocalypse": 2449, "Go Blank_SB": 1158, "Unholy Annex && Ritual Chamber_SB": 2996, "Third Path Iconoclast_SB": 2842, "Highway Robbery": 1315, "Banefire_SB": 182, "Beacon Bolt_SB": 205, "Brotherhood's End_SB": 346, "Prismari Command_SB": 2095, "Proft's Eidetic Memory_SB": 2100, "Aether Gust_SB": 26, "Battlefield Forge": 204, "Case of the Gateway Express": 398, "Gleeful Demolition": 1142, "Imodane's Recruiter": 1364, "Inspiring Vantage": 1399, "Knight-Errant of Eos": 1538, "Needleverge Pathway": 1854, "Novice Inspector": 1898, "Resolute Reinforcements": 2231, "Sacred Foundry": 2322, "Shefet Dunes": 2443, "Thraben Inspector": 2858, "Venerated Loxodon": 3061, "Voldaren Epicure": 3095, "Warden of the Inner Sky": 3125, "Invasion of Gobakhan_SB": 1414, "Reidane, God of the Worthy_SB": 2213, "Deduce": 654, "Deserted Beach": 689, "Dovin's Veto": 745, "Farewell": 948, "Floodfarm Verge": 1015, "Fountainport": 1046, "March of Otherworldly Light": 1711, "Memory Deluge": 1746, "Narset, Parter of Veils": 1845, "No More Lies": 1888, "Portable Hole": 2080, "Restless Anchorage": 2237, "Supreme Verdict": 2696, "Teferi, Hero of Dominaria": 2750, "Beza, the Bounding Spring_SB": 220, "Hullbreaker Horror_SB": 1347, "Leyline of Sanctity_SB": 1612, "Narset's Reversal_SB": 1843, "Shark Typhoon_SB": 2438, "Atraxa, Grand Unifier": 144, "Breeding Pool": 326, "Callous Bloodmage": 378, "Enigmatic Incarnation": 871, "High Noon": 1313, "Linvala, the Preserver": 1643, "Nowhere to Run": 1899, "Overgrown Tomb": 1977, "Overlord of the Boilerbilges": 1981, "Skyclave Apparition": 2511, "Spara's Headquarters": 2576, "Nezahal, Primal Tide_SB": 1859, "Nimble Larcenist_SB": 1873, "Ruric Thar, the Unbowed_SB": 2315, "Yorion, Sky Nomad_SB": 3215, "Ghitu Lavarunner": 1106, "Questing Druid": 2124, "Snakeskin Veil": 2541, "Soul-Scar Mage": 2569, "Wizard's Lightning": 3188, "Ghost Vacuum_SB": 1109, "Light Up the Stage": 1623, "Skewer the Critics": 2503, "Spikefield Hazard": 2597, "End the Festivities_SB": 861, "Goblin Chainwhirler_SB": 1167, "Kari Zev's Expertise_SB": 1480, "Razorkin Needlehead_SB": 2172, "Roiling Vortex_SB": 2291, "Sunspine Lynx_SB": 2694, "Witchstalker Frenzy_SB": 3179, "Sulfurous Springs": 2673, "Hidetsugu Consumes All_SB": 1309, "Anointed Peacekeeper": 84, "Archon of Emeria": 114, "Aven Interrupter": 155, "Branchloft Pathway": 316, "Brushland": 347, "Collected Company": 509, "Enduring Innocence": 866, "Kellan, Daring Traveler": 1505, "Razorverge Thicket": 2175, "Voice of Resurgence": 3084, "Werefox Bodyguard": 3150, "Anointed Peacekeeper_SB": 85, "Brutal Cathar_SB": 349, "Elite Spellbinder_SB": 835, "Gideon, Ally of Zendikar_SB": 1124, "Guardian of Faith_SB": 1230, "The Wandering Emperor_SB": 2828, "Werefox Bodyguard_SB": 3151, "Enduring Curiosity": 864, "Invasion of Gobakhan": 1413, "Mausoleum Wanderer": 1734, "Rattlechains": 2165, "Sheltered by Ghosts": 2445, "Spell Queller": 2586, "Supreme Phantom": 2695, "Wedding Announcement": 3145, "Disdainful Stroke_SB": 715, "Enduring Innocence_SB": 867, "Skyclave Apparition_SB": 2512, "Split Up_SB": 2610, "Three Steps Ahead_SB": 2864, "Beanstalk Giant": 206, "Clever Impersonator": 498, "Fabled Passage": 926, "Greater Tanuki": 1214, "Ketria Triome": 1517, "Lush Portico": 1683, "Quintorius Kand": 2130, "Raffine's Tower": 2137, "Spark Double": 2577, "Spinewoods Armadillo": 2599, "Trumpeting Carnosaur": 2945, "Virtue of Persistence": 3074, "Bedeck // Bedazzle_SB": 209, "Consign // Oblivion_SB": 544, "Dragonlord Dromoka_SB": 754, "Gyruda, Doom of Depths_SB": 1238, "Keruga, the Macrosage_SB": 1513, "Roaring Furnace && Steaming Sauna_SB": 2281, "Cacophony Scamp": 373, "Claim // Fame": 489, "Leyline of Resonance": 1609, "Turn Inside Out": 2949, "Claim // Fame_SB": 490, "Dreadmaw's Ire_SB": 769, "Obliterating Bolt_SB": 1918, "Censor": 442, "Meticulous Archive": 1760, "Search for Azcanta": 2383, "Acererak the Archlich": 12, "Blooming Marsh": 271, "Botanical Sanctum": 308, "Gwenna, Eyes of Gaea": 1236, "Honest Rutstein": 1326, "Kinnan, Bonder Prodigy": 1519, "Plaza of Heroes": 2069, "Relic of Legends": 2216, "Rona, Herald of Invasion": 2293, "Tranquil Frillback": 2922, "Agatha's Soul Cauldron_SB": 38, "Assassin's Trophy_SB": 139, "Back to Nature_SB": 169, "Fatal Push_SB": 952, "Tranquil Frillback_SB": 2923, "Dreadmaw's Ire": 768, "Infuriate": 1382, "Manifold Mouse": 1706, "Feed the Swarm_SB": 971, "Reckless Rage_SB": 2189, "Soul-Guide Lantern_SB": 2568, "Withering Torment_SB": 3184, "Bring to Light": 336, "Deafening Clarion": 637, "Hostage Taker": 1337, "Jetmir's Garden": 1455, "Knight of Autumn": 1531, "Kolaghan's Command": 1547, "Krenko's Buzzcrusher": 1558, "Lightning Helix": 1629, "Niv-Mizzet Reborn": 1882, "Niv-Mizzet, Supreme": 1885, "Omnath, Locus of Creation": 1940, "Pillage the Bog": 2059, "Raugrin Triome": 2167, "Roaring Furnace && Steaming Sauna": 2280, "Savai Triome": 2342, "Sunfall": 2682, "Sylvan Caryatid": 2715, "Unmoored Ego": 3008, "Valki, God of Lies": 3042, "Ziatora's Proving Ground": 3234, "Casualties of War_SB": 411, "Culling Ritual_SB": 602, "Kambal, Consul of Allocation_SB": 1475, "Bitter Triumph": 230, "Unlucky Witness": 3007, "Kolaghan's Command_SB": 1548, "Irrigated Farmland": 1427, "Lay Down Arms": 1589, "Prairie Stream": 2088, "Shark Typhoon": 2437, "Farewell_SB": 949, "Kaheera, the Orphanguard_SB": 1465, "Narset, Parter of Veils_SB": 1846, "Teferi, Hero of Dominaria_SB": 2751, "Elegant Parlor": 828, "Greasefang, Okiba Boss": 1212, "Overlord of the Balemurk": 1979, "Parhelion II": 2008, "Charred Foyer && Warped Space_SB": 468, "Vanishing Verse_SB": 3053, "Annihilating Glare": 79, "Haywire Mite": 1271, "Bitter Triumph_SB": 231, "Haywire Mite_SB": 1272, "Arboreal Grazer": 98, "Arid Archway": 119, "Barkchannel Pathway": 194, "Blue Sun's Twilight": 276, "Clifftop Lookout": 500, "Conduit Pylons": 538, "Doppelgang": 743, "Dreamdew Entrancer": 774, "Dreamroot Cascade": 775, "Fecund Greenshell": 966, "Glasspool Mimic": 1140, "Insidious Fungus": 1394, "Into the Flood Maw": 1406, "Ipnu Rivulet": 1424, "Lush Oasis": 1682, "Outcaster Greenblade": 1967, "Pawpatch Formation": 2019, "The Stone Brain_SB": 2826, "Dromoka's Command_SB": 782, "Knight of Autumn_SB": 1532, "Cavalier of Thorns": 426, "Invasion of Ixalan": 1415, "Kiora, Behemoth Beckoner": 1521, "Leyline of the Guildpact": 1613, "Nykthos, Shrine to Nyx": 1909, "Old-Growth Troll": 1931, "Outcaster Trailblazer": 1968, "Polukranos Reborn": 2073, "Storm the Festival": 2647, "Ulvenwald Oddity": 2975, "Cityscape Leveler_SB": 487, "Emrakul, the Promised End_SB": 858, "Scrapshooter_SB": 2370, "Setessan Petitioner_SB": 2421, "Voracious Hydra_SB": 3103, "Ancestral Anger": 63, "Furnace Reins_SB": 1069, "Kutzil's Flanker": 1571, "Omen of the Sea": 1937, "Sanctuary Warden": 2331, "Ashen Rider_SB": 127, "Carnage Tyrant_SB": 391, "Cavern of Souls_SB": 431, "Linvala, the Preserver_SB": 1644, "Forge Devil_SB": 1034, "Necromentia_SB": 1851, "Reckless Rage": 2188, "Sprite Dragon": 2617, "Lightning Axe_SB": 1628, "Thassa's Oracle_SB": 2787, "Bonecrusher Giant": 288, "Lovestruck Beast": 1674, "Sentinel of the Nameless City": 2413, "The Huntsman's Redemption": 2806, "Voldaren Thrillseeker": 3096, "Klothys, God of Destiny_SB": 1530, "Dromoka's Command": 781, "Elite Spellbinder": 834, "Virtue of Loyalty": 3072, "Annul": 80, "Galvanic Iteration": 1075, "Temporal Trespass": 2764, "Caustic Bronco": 420, "Deathcap Glade": 641, "Glissa Sunslayer": 1145, "Innkeeper's Talent": 1385, "Liliana of the Veil": 1635, "Llanowar Wastes": 1653, "Mosswood Dreadknight": 1814, "Murderous Rider": 1826, "Path of Peril": 2014, "Preacher of the Schism": 2089, "Restless Cottage": 2239, "Sorin the Mirthless": 2559, "Underground Mortuary": 2988, "Vraska, Betrayal's Sting": 3109, "Azor, the Lawbringer": 163, "Bonny Pall, Clearcutter": 291, "Elesh Norn, Mother of Machines": 831, "Glarb, Calamity's Augur": 1136, "Kroxa and Kunoros": 1564, "Overgrown Farmland": 1976, "Shipwreck Marsh": 2457, "Titan of Industry": 2887, "Agent of Treachery_SB": 40, "Aven Mindcensor_SB": 157, "Demon of Dark Schemes_SB": 671, "Noxious Gearhulk_SB": 1902, "Temporary Lockdown_SB": 2766, "Sunken Citadel": 2685, "Elder Gargaroth_SB": 821, "Prowling Serpopard_SB": 2110, "Castle Ardenvale": 405, "Hallowed Moonlight": 1244, "Jwari Disruption": 1462, "Rewind": 2254, "Temporary Lockdown": 2765, "Three Steps Ahead": 2863, "Chrome Host Seedshark_SB": 478, "Dust Animus_SB": 798, "Curious Obsession": 609, "Geistlight Snare": 1095, "Shacklegeist": 2425, "Slip Out the Back": 2530, "Spectral Sailor": 2582, "Selfless Spirit_SB": 2411, "Brutal Cathar": 348, "Containment Priest_SB": 551, "Untimely Malfunction_SB": 3017, "Beza, the Bounding Spring": 219, "Blast Zone": 240, "Blind Obedience": 251, "Caretaker's Talent": 388, "Carrot Cake": 392, "Collector's Vault": 515, "Elspeth, Sun's Champion": 842, "Emeria's Call": 855, "Authority of the Consuls_SB": 154, "Chandra, Awakened Inferno_SB": 454, "Heliod's Intervention_SB": 1288, "Settle the Wreckage_SB": 2424, "Boros Charm": 299, "Lightning Strike": 1632, "Exquisite Firecraft_SB": 915, "Scorching Shot_SB": 2362, "Searing Blood_SB": 2385, "Sheltered by Ghosts_SB": 2446, "Wear // Tear_SB": 3140, "Bishop of Wings": 225, "Giada, Font of Hope": 1112, "Inspiring Overseer": 1398, "Kayla's Reconstruction": 1498, "Resplendent Angel": 2233, "Righteous Valkyrie": 2261, "Spirit of the Labyrinth_SB": 2604, "Unholy Annex // Ritual Chamber": 2997, "Change the Equation": 462, "Clearwater Pathway": 497, "Cling to Dust": 502, "Deadly Cover-Up": 634, "Dig Through Time": 707, "Drown in the Loch": 785, "Negate": 1855, "Restless Reef": 2242, "Torrential Gearhulk": 2912, "Undercity Sewers": 2987, "Kalitas, Traitor of Ghet_SB": 1473, "Case of the Crimson Pulse_SB": 396, "Tormod's Crypt_SB": 2910, "Twinferno_SB": 2954, "Young Pyromancer_SB": 3221, "March of Wretched Sorrow_SB": 1716, "Demonic Counsel": 673, "Gifted Aetherborn": 1125, "March of Wretched Sorrow": 1715, "Scourge of the Skyclaves": 2365, "Gifted Aetherborn_SB": 1126, "Liliana of the Veil_SB": 1636, "Battle Cry Goblin": 201, "Call of the Death-Dweller": 377, "Conspicuous Snoop": 545, "Goblin Chainwhirler": 1166, "Rundvelt Hordemaster": 2309, "Skirk Prospector": 2504, "Go for the Throat_SB": 1161, "Reckless Bushwhacker_SB": 2186, "Darkslick Shores": 620, "Faerie Miscreant": 938, "Floodpits Drowner": 1016, "Kaito Shizuki": 1466, "Kaito, Bane of Nightmares": 1468, "Moon-Circuit Hacker": 1808, "Ornithopter": 1955, "Underground River": 2989, "Aclazotz, Deepest Betrayal_SB": 14, "Spell Pierce_SB": 2585, "Abhorrent Oculus_SB": 2, "Crackling Drake_SB": 571, "Cathar Commando_SB": 415, "Abrupt Decay": 5, "Fae of Wishes": 933, "Fallaji Archaeologist": 941, "Jace, Vryn's Prodigy": 1443, "Mana Confluence": 1703, "Mox Amber": 1817, "Retraction Helix": 2247, "Tyvar, Jubilant Brawler": 2965, "Abrupt Decay_SB": 6, "Glissa Sunslayer_SB": 1146, "Heartless Act_SB": 1283, "Jace, Wielder of Mysteries_SB": 1445, "Retraction Helix_SB": 2248, "Day's Undoing": 629, "Stern Dismissal": 2637, "Ledger Shredder_SB": 1595, "Spyglass Siren": 2618, "Faerie Mastermind_SB": 937, "Commune with Dinosaurs": 531, "Ghalta, Primal Hunger": 1104, "Hulking Raptor": 1345, "Itzquinth, Firstborn of Gishath": 1433, "Marauding Raptor": 1710, "Otepec Huntmaster": 1964, "Pugnacious Hammerskull": 2112, "Rampaging Raptor": 2160, "Ripjaw Raptor": 2264, "Rockfall Vale": 2288, "Pithing Needle_SB": 2063, "Prismari Command": 2094, "Blade of the Oni": 237, "Unholy Annex // Ritual Chamber_SB": 2998, "Chandra, Torch of Defiance": 460, "Heroic Reinforcements": 1304, "Monastery Mentor": 1800, "Snow-Covered Island": 2545, "Snow-Covered Mountain": 2546, "Stormchaser's Talent": 2649, "Sundown Pass": 2681, "Third Path Iconoclast": 2841, "Doorkeeper Thrull_SB": 742, "Lightning Helix_SB": 1630, "Calamity, Galloping Inferno": 375, "Chained to the Rocks": 444, "Clifftop Retreat": 501, "Glacial Fortress": 1133, "Indomitable Creativity": 1375, "Mirrex": 1778, "Sulfur Falls": 2672, "Valakut Awakening": 3035, "Vaultborn Tyrant": 3057, "Volcanic Spite": 3093, "Portal to Phyrexia_SB": 2084, "Supreme Verdict_SB": 2697, "Valgavoth, Terror Eater_SB": 3040, "Castle Garenbrig": 407, "Defiler of Vigor": 663, "Garruk, Unleashed": 1083, "Garruk's Uprising": 1081, "Gemrazer": 1096, "Hardened Scales": 1255, "Ornery Tumblewagg": 1954, "Questing Beast": 2122, "Railway Brawler": 2139, "Ranger Class": 2162, "The Great Henge": 2804, "The Skullspore Nexus": 2823, "Yorvo, Lord of Garenbrig": 3216, "Destiny Spinner_SB": 694, "Ram Through_SB": 2155, "Loran of the Third Path_SB": 1662, "Restless Vents": 2245, "Screaming Nemesis": 2373, "Bontu's Last Reckoning_SB": 293, "Legion's End_SB": 1601, "Pyroclasm_SB": 2117, "Extinction Event": 916, "Vein Ripper": 3058, "Blot Out_SB": 275, "Anoint with Affliction": 82, "Harness by Force_SB": 1258, "Nowhere to Run_SB": 1900, "Raze the Effigy_SB": 2170, "The End_SB": 2799, "Brightclimb Pathway": 330, "Dire Tactics": 712, "General Kudro of Drannith": 1097, "Kytheon, Hero of Akros": 1576, "Aven Interrupter_SB": 156, "Calix, Guided by Fate": 376, "Generous Visitor": 1098, "Jukai Naturalist": 1460, "Optimistic Scavenger": 1949, "Shardmage's Rescue": 2435, "Spirited Companion": 2606, "Unflinching Courage": 2994, "Valgavoth's Lair": 3037, "Weaver of Harmony": 3143, "Deafening Silence_SB": 639, "Abhorrent Oculus": 1, "Altanak, the Thrice-Called": 59, "Bubble Smuggler": 350, "Drowned Catacomb": 786, "Growing Dread": 1221, "Hauntwoods Shrieker": 1270, "Hedge Maze": 1284, "Hinterland Harbor": 1316, "Long Goodbye": 1656, "Paranormal Analyst": 2007, "Satoru, the Infiltrator": 2339, "Say Its Name": 2348, "Vannifar, Evolved Enigma": 3054, "Cling to Dust_SB": 503, "Heroic Intervention_SB": 1303, "Questing Beast_SB": 2123, "Test of Talents_SB": 2778, "Unable to Scream_SB": 2979, "Atsushi, the Blazing Sky": 146, "Bonehoard Dracosaur": 290, "Dragon Tempest": 750, "Grafdigger's Cage": 1200, "Invasion of Tarkir": 1418, "Manaform Hellkite": 1704, "Reckless Impulse": 2187, "Shatterskull Smashing": 2441, "Shivan Devastator": 2458, "Wrenn's Resolve": 3202, "Fry_SB": 1063, "Sorcerous Spyglass_SB": 2558, "Tears of Valakut_SB": 2747, "Arasta of the Endless Web_SB": 97, "Monstrous Emergence_SB": 1803, "Bushy Bodyguard": 368, "Camellia, the Seedmiser": 381, "Feed the Cycle": 968, "Giant Opportunity": 1117, "Hollow Scavenger": 1323, "Honored Dreyleader": 1327, "Ifnir Deadlands": 1358, "Tear Asunder": 2745, "Valley Rotcaller": 3045, "Vinereap Mentor": 3069, "Wicked Wolf": 3159, "Cruelclaw's Heist_SB": 588, "Noxious Grasp_SB": 1903, "Overprotect_SB": 1987, "Vivien Reid_SB": 3078, "Commencement of Festivities": 527, "Defend the Hearth": 661, "Growth Spiral": 1222, "Sphinx's Tutelage": 2594, "Sultai Charm": 2674, "Tormod's Crypt": 2909, "Winds of Qal Sisma": 3171, "Ertai Resurrected_SB": 884, "Folio of Fancies_SB": 1024, "Sultai Charm_SB": 2675, "Ancient Cornucopia": 64, "Molten Collapse": 1796, "Tolsimir, Friend to Wolves": 2897, "Xander's Lounge": 3204, "Deafening Clarion_SB": 638, "Krenko's Buzzcrusher_SB": 1559, "Change the Equation_SB": 463, "Day's Undoing_SB": 630, "Dream Trawler_SB": 773, "Hallowed Moonlight_SB": 1245, "Screaming Nemesis_SB": 2374, "Royal Treatment": 2301, "Burning Anger": 358, "Colossal Skyturtle": 519, "Colossification": 521, "Grapple with the Past": 1205, "Otherworldly Gaze": 1965, "Storm Herald": 2646, "Traverse the Ulvenwald": 2929, "Yavimaya Coast": 3211, "Boseiju, Who Endures_SB": 306, "Tamiyo's Safekeeping_SB": 2733, "Darkbore Pathway": 619, "Aclazotz, Deepest Betrayal": 13, "Bandit's Talent": 179, "Geier Reach Sanitarium": 1094, "Go Blank": 1157, "Hostile Investigator": 1339, "Waste Not": 3132, "Rockface Village": 2286, "Infernal Grasp_SB": 1380, "Armed and Armored": 121, "Consulate Dreadnought": 546, "Darksteel Citadel": 621, "Giant Ox": 1118, "Hotshot Mechanic": 1341, "Ingenious Smith": 1384, "Mech Hangar": 1742, "Sram, Senior Edificer": 2622, "Surgehacker Mech": 2701, "Toolcraft Exemplar": 2902, "Unidentified Hovership": 2999, "Unlicensed Hearse": 3004, "Kutzil's Flanker_SB": 1572, "March of Otherworldly Light_SB": 1712, "Dreadhorde Arcanist": 764, "Thing in the Ice_SB": 2839, "Goldvein Hydra": 1190, "Turntimber Symbiosis": 2952, "Vivien, Arkbow Ranger": 3079, "Archdruid's Charm_SB": 107, "Cemetery Prowler_SB": 440, "Goldvein Hydra_SB": 1191, "Obstinate Baloth_SB": 1922, "Tail Swipe_SB": 2724, "Lukka, Coppercoat Outcast": 1677, "Oath of Nissa": 1913, "Seed of Hope": 2397, "Aetherflux Reservoir_SB": 29, "Into the Flood Maw_SB": 1407, "Mox Amber_SB": 1818, "Case of the Stashed Skeleton": 400, "Hidetsugu Consumes All": 1308, "Ob Nixilis, the Adversary": 1915, "Transmogrify": 2925, "Noxious Gearhulk": 1901, "Dokuchi Silencer_SB": 732, "Ashiok, Nightmare Muse": 131, "Commit // Memory_SB": 530, "Long Goodbye_SB": 1657, "Murderous Cut_SB": 1825, "Notion Thief_SB": 1897, "Soaring Thought-Thief": 2549, "Thieves' Guild Enforcer": 2836, "Bala Ged Recovery": 173, "Hidden Strings": 1307, "Lier, Disciple of the Drowned": 1617, "Lotus Field": 1672, "Pore Over the Pages": 2077, "Sylvan Scrying": 2719, "Thespian's Stage": 2833, "Vizier of Tumbling Sands": 3082, "Wish": 3174, "Galvanic Iteration_SB": 1076, "Lier, Disciple of the Drowned_SB": 1618, "Thespian's Stage_SB": 2834, "Polukranos Reborn_SB": 2074, "Trostani, Three Whispers": 2944, "Professor's Warning": 2097, "Agatha's Soul Cauldron": 37, "Marvin, Murderous Mimic": 1722, "Raucous Theater": 2166, "Tree of Perdition": 2934, "Nylea's Presence": 1911, "Sunpetal Grove": 2689, "Woodland Cemetery": 3194, "Baneslayer Angel_SB": 184, "Fiery Impulse_SB": 989, "Sanguine Evangelist": 2336, "Restless Prairie": 2241, "Divine Smite_SB": 729, "Vivien, Monsters' Advocate_SB": 3081, "Brave the Elements": 319, "Ral, Crackling Wit_SB": 2150, "Detention Sphere": 699, "Nahiri, the Harbinger": 1838, "Brimaz, King of Oreskos_SB": 333, "Angel of Serenity": 67, "Enduring Courage": 863, "Nimble Larcenist": 1872, "Entity Tracker_SB": 875, "Reflector Mage": 2203, "Reflector Mage_SB": 2204, "Quick Study": 2126, "Enduring Curiosity_SB": 865, "Destroy Evil_SB": 696, "Chandra, Dressed to Kill": 455, "Eidolon of the Great Revel": 816, "Hired Claw": 1317, "Leyline of Combustion": 1606, "Magebane Lizard": 1694, "Ojer Axonil, Deepest Might": 1929, "Rampaging Ferocidon": 2158, "Razorkin Needlehead": 2171, "Castle Vantress": 410, "Split Up": 2609, "Kaya, Spirits' Justice_SB": 1497, "Cryptic Coat": 597, "Ensoul Artifact": 872, "Legion Extruder": 1598, "Shadowspear": 2428, "Shrapnel Blast": 2470, "Voltage Surge_SB": 3100, "Parting Gust_SB": 2010, "Voice of Resurgence_SB": 3085, "Spelunking": 2589, "Torbran, Thane of Red Fell": 2904, "Leyline of Combustion_SB": 1607, "Moon-Blessed Cleric": 1807, "Entity Tracker": 874, "Raffine's Informant": 2136, "Welcoming Vampire": 3148, "Case of the Filched Falcon": 397, "Misery's Shadow_SB": 1784, "Baral, Chief of Compliance": 191, "Niv-Mizzet, Parun": 1883, "Thundering Falls": 2873, "Nine Lives_SB": 1875, "Adanto Vanguard": 15, "Crumb and Get It": 589, "Defiant Strike": 662, "Dragonskull Summit": 755, "Favored Hoplite": 956, "Illuminator Virtuoso": 1362, "Sejiri Shelter": 2404, "Adanto Vanguard_SB": 16, "Crumb and Get It_SB": 590, "Jirina, Dauntless General_SB": 1458, "Invigorated Rampage": 1421, "Blossoming Defense_SB": 273, "The Meathook Massacre": 2810, "Gleaming Geardrake": 1141, "Shadowspear_SB": 2429, "Colossus Hammer": 522, "Fireblade Charger": 998, "Kellan, the Fae-Blooded": 1507, "Kemba, Kha Enduring": 1508, "Open the Armory": 1944, "Resolute Strike": 2232, "Sigarda's Aid": 2476, "Snow-Covered Plains": 2547, "Thud": 2869, "Light of Hope_SB": 1625, "Loran's Escape_SB": 1664, "Surge of Salvation_SB": 2700, "Thud_SB": 2870, "Rakdos Joins Up": 2144, "Urabrask's Forge": 3023, "Valgavoth, Terror Eater": 3039, "Sire of Insanity_SB": 2499, "Deification": 666, "Doomskar": 740, "Elspeth Resplendent": 837, "Gideon Blackblade": 1119, "Gideon of the Trials": 1120, "Gideon's Triumph": 1121, "Oath of Kaya": 1912, "Shambling Vent": 2433, "The Birth of Meletis": 2793, "Urza's Sylex": 3030, "Yahenni's Expertise": 3208, "Sunset Revelry_SB": 2691, "Empyrean Eagle": 856, "Hanged Executioner": 1250, "Rally of Wings": 2152, "Selfless Spirit": 2410, "Skycat Sovereign": 2510, "Topplegeist": 2903, "Watcher of the Spheres": 3136, "Errant and Giada_SB": 882, "Fading Hope_SB": 932, "Patch Up_SB": 2011, "Remorseful Cleric_SB": 2219, "Pawpatch Recruit": 2021, "Dictate of Kruphix": 705, "Ertai Resurrected": 883, "Faerie Mastermind": 936, "Make Disappear": 1698, "Notion Thief": 1896, "Slitherwisp": 2532, "Blacklance Paragon_SB": 234, "Cunning Nightbonder_SB": 606, "Innkeeper's Talent_SB": 1386, "Embercleave": 850, "Exuberant Fuseling": 922, "Foundry Street Denizen": 1044, "Frenzied Goblin": 1057, "Goblin Piledriver": 1173, "Goblin Rabblemaster": 1174, "Legion Loyalist": 1600, "Dewdrop Cure_SB": 704, "Requisition Raid_SB": 2230, "Thalia, Guardian of Thraben_SB": 2783, "Torpor Orb_SB": 2911, "Adult Gold Dragon": 21, "Deep-Cavern Bat": 655, "Grisly Salvage": 1220, "Soulflayer": 2571, "Striped Riverwinder": 2663, "Urborg Scavengers": 3026, "Zetalpa, Primal Dawn": 3232, "Savage Summoning_SB": 2341, "Tear Asunder_SB": 2746, "Unmoored Ego_SB": 3009, "Neoform": 1857, "No One Left Behind": 1890, "Thundertrap Trainer": 2874, "Horned Loch-Whale": 1334, "Mystic Monastery": 1831, "Warrant // Warden": 3130, "Reduce // Rubble_SB": 2202, "Rockface Village_SB": 2287, "Strict Proctor": 2661, "Archfiend of the Dross_SB": 111, "Thrun, Breaker of Silence_SB": 2868, "Kaito Shizuki_SB": 1467, "Adeline, Resplendent Cathar_SB": 19, "Jadar, Ghoulcaller of Nephalia_SB": 1447, "Thalia, Heretic Cathar_SB": 2785, "Phantom Interference": 2036, "Impulse": 1372, "Dig Through Time_SB": 708, "Niv-Mizzet, Parun_SB": 1884, "Silence_SB": 2480, "Otawara, Soaring City_SB": 1963, "Discontinuity": 713, "Dream Trawler": 772, "Settle the Wreckage": 2423, "Surge of Righteousness_SB": 2698, "Temple of Epiphany": 2757, "Outland Liberator": 1969, "Outland Liberator_SB": 1970, "Selfless Glyphweaver": 2406, "Archdruid's Charm": 106, "Dark Petition": 617, "Emergent Ultimatum": 853, "Omniscience": 1942, "Approach of the Second Sun_SB": 91, "Emergent Ultimatum_SB": 854, "Sphinx of the Final Word_SB": 2591, "Voyaging Satyr_SB": 3107, "Anger of the Gods": 70, "Sweltering Suns_SB": 2709, "Angrath's Rampage_SB": 72, "Deadly Cover-Up_SB": 635, "Silundi Vision": 2483, "Hazoret the Fervent": 1273, "Careful Cultivation": 387, "Courier's Briefcase": 567, "Questing Druid_SB": 2125, "Cry of the Carnarium_SB": 594, "Bloodchief's Thirst": 261, "Misery's Shadow": 1783, "Flip the Switch": 1014, "Get Out": 1102, "Secrets of the Key": 2393, "Kari Zev, Skyship Raider": 1481, "Shadowy Backstreet": 2430, "Demolition Field": 670, "Kalitas, Traitor of Ghet": 1472, "Languish": 1579, "Bandit's Talent_SB": 180, "Wild Slash": 3162, "Metamorphic Alteration_SB": 1759, "Archangel Elspeth_SB": 104, "Nighthawk Scavenger_SB": 1868, "Yasharn, Implacable Earth": 3209, "Azure Beastbinder": 167, "Bounding Krasis": 312, "Decimator of the Provinces": 650, "Elder Deep-Fiend": 819, "Fierce Empath": 986, "Keen-Eyed Curator": 1503, "Nissa, Vastwood Seer": 1880, "Reclamation Sage": 2194, "Restless Vinestalk": 2246, "Rishkar, Peema Renegade": 2269, "Tishana's Tidebinder": 2885, "Keen-Eyed Curator_SB": 1504, "Sandstalker Moloch_SB": 2333, "Skylasher_SB": 2516, "Demilich": 668, "Chromanticore": 476, "Cragplate Baloth": 574, "Oketra the True": 1930, "Stitcher's Supplier": 2640, "Collective Brutality_SB": 512, "Murderous Rider_SB": 1827, "Dreams of Steel and Oil_SB": 777, "Cache Grab": 371, "Gilded Goose": 1127, "Tarrian's Journal": 2742, "The Cruelty of Gix": 2796, "Rush of Adrenaline": 2316, "Silverquill Silencer": 2490, "Felonious Rage": 976, "Might of the Meek": 1765, "Slickshot Show-Off_SB": 2529, "Ulcerate_SB": 2972, "Phyrexian Fleshgorger": 2045, "Phyrexian Fleshgorger_SB": 2046, "Epic Downfall_SB": 878, "Graveyard Trespasser_SB": 1210, "Authority of the Consuls": 153, "Cave of the Frost Dragon": 428, "Ossification": 1959, "Reidane, God of the Worthy": 2212, "Scavenging Ooze": 2357, "Wolfwillow Haven": 3191, "Forest_SB": 1033, "Elder Gargaroth": 820, "Kenrith, the Returned King": 1510, "Smuggler's Surprise": 2539, "Temple of Mystery": 2760, "Zacama, Primal Calamity": 3223, "Languish_SB": 1580, "March of Swirling Mist_SB": 1714, "Realm-Cloaked Giant_SB": 2180, "Velomachus Lorehold_SB": 3059, "Dreams of Steel and Oil": 776, "Overlord of the Boilerbilges_SB": 1982, "Deep-Cavern Bat_SB": 656, "Nine Lives": 1874, "Peer into the Abyss": 2025, "Soul Partition": 2563, "Grand Abolisher_SB": 1203, "Zacama, Primal Calamity_SB": 3224, "Lion Sash": 1645, "Heliod, the Radiant Dawn": 1290, "Roaring Furnace // Steaming Sauna": 2282, "Titan of Industry_SB": 2888, "Agent of Treachery": 39, "Kick in the Door": 1518, "Mishra's Research Desk": 1786, "Violent Urge": 3070, "Lithomantic Barrage_SB": 1648, "Charred Foyer // Warped Space_SB": 469, "Brokers Hideout": 343, "Cabaretti Courtyard": 370, "Cosmic Rebirth": 563, "Escape to the Wilds": 887, "Lotus Cobra": 1671, "Nissa, Resurgent Animist": 1879, "Risen Reef": 2268, "Mazemind Tome_SB": 1740, "Doomskar_SB": 741, "Kenrith, the Returned King_SB": 1511, "All That Glitters": 51, "Aqueous Form": 92, "Audacity": 149, "Combat Research": 524, "Ethereal Armor": 897, "Gladecover Scout": 1134, "Kaya's Ghostform": 1490, "Light-Paws, Emperor's Voice": 1626, "Stubborn Denial": 2665, "Toadstool Admirer": 2892, "Break the Spell_SB": 324, "Slip Out the Back_SB": 2531, "Warbriar Blessing_SB": 3123, "Bond of Insight": 284, "Lightning Strike_SB": 1633, "Lyra Dawnbringer_SB": 1685, "Elspeth Conquers Death_SB": 836, "Depopulate_SB": 684, "Elspeth's Smite": 838, "Welcoming Vampire_SB": 3149, "Deflecting Palm_SB": 665, "Akroan Crusader": 48, "Clever Lumimancer": 499, "Expedite": 905, "Gods Willing_SB": 1189, "Smash to Smithereens_SB": 2534, "Witchstalker Frenzy": 3178, "Showdown of the Skalds_SB": 2469, "Eat to Extinction_SB": 803, "Yasharn, Implacable Earth_SB": 3210, "Realmwalker": 2181, "Fiery Temper": 990, "Hollow One": 1322, "Insolent Neonate": 1396, "Ovalchase Daredevil": 1974, "Scrapheap Scrounger": 2368, "Dreadhorde Invasion": 766, "Unable to Scream": 2978, "Summary Dismissal_SB": 2676, "Obzedat, Ghost Council": 1924, "Pest Control_SB": 2034, "Charming Prince": 466, "Ajani, Sleeper Agent_SB": 44, "Nahiri, the Harbinger_SB": 1839, "Bonecrusher Giant_SB": 289, "Silver Raven": 2484, "Scrapshooter": 2369, "Fog_SB": 1023, "Kenrith's Transformation_SB": 1509, "Skysovereign, Consul Flagship_SB": 2519, "Wolfwillow Haven_SB": 3192, "Filter Out_SB": 994, "Alpine Moon_SB": 56, "Improbable Alliance_SB": 1371, "Alpha Authority": 54, "Demonic Ruckus": 675, "Gryff's Boon": 1228, "Hammerhand": 1247, "Sentinel's Eyes": 2415, "Cartouche of Solidarity": 393, "Leyline of Sanctity": 1611, "Warbriar Blessing": 3122, "Soul Partition_SB": 2564, "Beseech the Mirror": 216, "Rush of Dread": 2317, "Ygra, Eater of All_SB": 3213, "Path to the World Tree": 2016, "Furnace Reins": 1068, "Dragonlord Dromoka": 753, "Bloodletter of Aclazotz_SB": 265, "Come Back Wrong_SB": 525, "Big Score": 221, "Dwarven Mine": 799, "Worldspine Wurm_SB": 3198, "Xenagos, God of Revels_SB": 3206, "Cathar Commando": 414, "Isolated Chapel": 1432, "Loran of the Third Path": 1661, "Tenacious Underdog": 2768, "Rush of Dread_SB": 2318, "Blood Baron of Vizkopa_SB": 255, "Fauna Shaman": 955, "Ray of Enfeeblement_SB": 2169, "Tishana's Tidebinder_SB": 2886, "Phyrexian Censor_SB": 2043, "Cleansing Nova": 493, "Confounding Riddle": 539, "Coveted Falcon": 569, "Idyllic Tutor": 1357, "Rest in Peace": 2235, "Solemnity": 2553, "Palace Siege_SB": 1998, "Rite of the Moth": 2272, "Valgavoth's Faithful": 3036, "Assimilation Aegis": 141, "Candy Trail": 384, "Disruption Protocol": 721, "Dusk Rose Reliquary": 795, "Fomori Vault": 1025, "Golos, Tireless Pilgrim": 1194, "Inventors' Fair": 1420, "Lantern of the Lost": 1581, "Metallic Rebuke": 1755, "Moonsnare Prototype": 1810, "Prophetic Prism": 2104, "The Book of Exalted Deeds": 2794, "The Enigma Jewel": 2800, "Tyrite Sanctum": 2961, "Whir of Invention": 3155, "Citizen's Crowbar_SB": 485, "Ashiok, Dream Render": 129, "Bonebind Orator": 287, "Crashing Drawbridge": 578, "Deathrite Shaman": 645, "Fiend Artisan": 985, "Insidious Roots": 1395, "Moss-Pit Skeleton": 1812, "Osteomancer Adept": 1961, "Rubblebelt Maverick": 2304, "Shigeki, Jukai Visionary": 2454, "Snarling Gorehound": 2543, "Squirming Emergence": 2621, "Unstoppable Slasher_SB": 3012, "Coordinated Assault": 553, "The Wandering Rescuer": 2829, "Breaking // Entering": 325, "Founding the Third Path": 1043, "Fraying Sanity": 1055, "Jace, the Perfected Mind": 1446, "Maddening Cacophony": 1688, "Soul-Guide Lantern": 2567, "Tasha's Hideous Laughter": 2743, "Starfield of Nyx": 2627, "Aetherflux Reservoir": 28, "Assassin's Trophy": 138, "The World Tree": 2832, "Radiant Flames_SB": 2135, "Void Winnower_SB": 3091, "Regal Caracal": 2208, "Westvale Abbey": 3153, "Dragonhawk, Fate's Tempest": 752, "Containment Priest": 550, "Extraction Specialist_SB": 921, "Elspeth, Sun's Champion_SB": 843, "Narset, Enlightened Master_SB": 1844, "Izzet Charm": 1436, "Saheeli, Sublime Artificer_SB": 2324, "Cut Down": 612, "Tomik, Wielder of Law": 2901, "Virtue of Persistence_SB": 3075, "Snow-Covered Swamp": 2548, "Castle Embereth": 406, "Scavenger Grounds": 2352, "Cruelclaw's Heist": 587, "Outrageous Robbery_SB": 1973, "Twisted Fealty_SB": 2958, "Crackling Drake": 570, "Ulamog, the Ceaseless Hunger": 2970, "Angrath, the Flame-Chained_SB": 73, "Angel of Serenity_SB": 68, "Up the Beanstalk_SB": 3022, "Nebelgast Herald": 1849, "Eidolon of Rhetoric_SB": 815, "Pack Rat": 1993, "Silence": 2479, "Sorin, Vengeful Bloodlord": 2561, "Witherbloom Command": 3181, "Hagra Mauling": 1239, "The End": 2798, "Selfless Glyphweaver_SB": 2407, "Tolsimir, Friend to Wolves_SB": 2898, "Dark Betrayal_SB": 616, "Leyline of Resonance_SB": 1610, "Finale of Devastation": 996, "Kitsa, Otterball Elite": 1528, "Lavaspur Boots": 1586, "Springleaf Drum": 2616, "Valley Floodcaller": 3043, "Wishclaw Talisman": 3175, "Altar of the Brood_SB": 60, "Kaito, Bane of Nightmares_SB": 1469, "Fires of Invention": 1000, "The Scarab God": 2820, "Malicious Eclipse_SB": 1702, "Attack-in-the-Box": 147, "Balemurk Leech": 175, "Broodspinner": 344, "Cackling Slasher": 372, "Cathartic Parting": 416, "Coordinated Clobbering": 554, "Flesh Burrower": 1010, "Frantic Strength": 1053, "Glimmerlight": 1143, "Grasping Longneck": 1208, "Grievous Wound": 1217, "Innocuous Rat": 1387, "Leyline of the Void": 1614, "Meathook Massacre II": 1741, "Overgrown Zealot": 1978, "Saw": 2346, "Slavering Branchsnapper": 2522, "Spectral Snatcher": 2583, "Spineseeker Centipede": 2598, "Sporogenic Infection": 2614, "Strangled Cemetery": 2657, "Terramorphic Expanse": 2772, "Twitching Doll": 2959, "Wary Watchdog": 3131, "Winter, Misanthropic Guide": 3173, "Conductive Machete_SB": 537, "Fanatic of the Harrowing_SB": 944, "Final Vengeance_SB": 995, "Friendly Teddy_SB": 1059, "Give In to Violence_SB": 1130, "Manifest Dread_SB": 1705, "Murder_SB": 1823, "Devout Decree_SB": 702, "Cemetery Desecrator": 436, "Escape Tunnel": 886, "Insatiable Avarice_SB": 1390, "Obosh, the Preypiercer_SB": 1920, "Unctus, Grand Metatect": 2984, "Feed the Swarm": 970, "Gods Willing": 1188, "Boros Charm_SB": 300, "Flowstone Infusion_SB": 1022, "Aftermath Analyst": 34, "Annie Joins Up": 78, "Lumra, Bellow of the Woods": 1680, "Phylath, World Sculptor": 2039, "Port of Karfell": 2079, "Riveteers Overlook": 2277, "Worldsoul's Rage": 3196, "Rotten Reunion_SB": 2296, "Cathartic Pyre": 417, "Lotus Field_SB": 1673, "Scavenging Ooze_SB": 2358, "Tyrranax Rex_SB": 2963, "Liliana, the Last Hope": 1640, "Skullcrack_SB": 2509, "Homestead Courage": 1325, "Shardmage's Rescue_SB": 2436, "Skrelv, Defector Mite": 2507, "Staggering Insight": 2624, "Hushbringer_SB": 1350, "Natural State_SB": 1848, "Behold the Beyond": 211, "Perilous Voyage_SB": 2031, "Discontinuity_SB": 714, "Hostile Hostel": 1338, "Voyaging Satyr": 3106, "Ulamog, the Ceaseless Hunger_SB": 2971, "Mirrorshell Crab": 1780, "Omen Hawker": 1933, "Horned Loch-Whale_SB": 1335, "Strict Proctor_SB": 2662, "Nissa, Ascended Animist": 1877, "Rankle's Prank": 2163, "Repudiate // Replicate": 2226, "Thrun, Breaker of Silence": 2867, "Wrenn and Realmbreaker": 3201, "Colossal Skyturtle_SB": 520, "Song of Totentanz_SB": 2556, "Metamorphic Alteration": 1758, "Giant Killer_SB": 1116, "Thalia, Heretic Cathar": 2784, "Virtue of Loyalty_SB": 3073, "Klothys, God of Destiny": 1529, "Lilah, Undefeated Slickshot": 1634, "Green Sun's Twilight": 1215, "Tyrranax Rex": 2962, "Vorinclex, Monstrous Raider": 3104, "Invasion of Ixalan_SB": 1416, "Kogla, the Titan Ape_SB": 1546, "Nullhide Ferox_SB": 1905, "The Kenriths' Royal Funeral_SB": 2809, "Deploy the Gatewatch": 682, "Interplanar Beacon": 1402, "Kaya, Intangible Slayer": 1493, "Narset of the Ancient Way": 1842, "Paradise Druid": 2003, "Tamiyo, Collector of Tales": 2734, "Tamiyo, Compleated Sage": 2736, "The Eternal Wanderer": 2801, "Ugin, the Spirit Dragon": 2968, "Katilda, Dawnhart Martyr": 1485, "Katilda, Dawnhart Martyr_SB": 1486, "Knight of Grace_SB": 1536, "Agadeem's Awakening": 35, "Exorcise_SB": 903, "Clockwork Percussionist": 504, "Atarka's Command_SB": 143, "Gideon, Ally of Zendikar": 1123, "Collective Brutality": 511, "Hope Tender_SB": 1330, "Ferocious Werefox_SB": 977, "Detention Sphere_SB": 700, "Cenote Scout": 441, "Deeproot Elite": 658, "Deeproot Pilgrimage": 659, "Forensic Researcher": 1029, "Kiora's Follower": 1520, "Kitesail Larcenist": 1524, "Kumena, Tyrant of Orazca": 1569, "Merfolk Trickster": 1754, "Three Tree City": 2865, "Vodalian Hexcatcher": 3083, "Forensic Researcher_SB": 1030, "Kopala, Warden of Waves_SB": 1551, "Lost in the Maze_SB": 1669, "Prophet of Kruphix_SB": 2103, "Helping Hand": 1294, "Snow-Covered Forest": 2544, "Nylea's Intervention_SB": 1910, "Unexpected Fangs_SB": 2993, "Starnheim Unleashed_SB": 2628, "Giant Growth": 1114, "Snakeskin Veil_SB": 2542, "Bedeck // Bedazzle": 208, "Herd Migration": 1300, "Mirrorshell Crab_SB": 1781, "Quakebringer_SB": 2121, "Vanquish the Horde_SB": 3055, "Drannith Ruins": 758, "Faerie Dreamthief": 934, "Spell Stutter": 2587, "Kaito, Dancing Shadow_SB": 1471, "Overlord of the Balemurk_SB": 1980, "Plumecreed Escort_SB": 2071, "Rootbound Crag": 2294, "Wandering Mind": 3120, "Magma Opus": 1696, "Leyline of Hope": 1608, "Speaker of the Heavens": 2579, "Possibility Storm": 2085, "Sunset Revelry": 2690, "Blind Obedience_SB": 252, "Outlaws' Merriment_SB": 1971, "Rip Apart_SB": 2263, "Archon of Sun's Grace": 116, "Omen of the Sun": 1938, "Seal Away": 2379, "Starfall Invocation_SB": 2626, "Void Rend": 3089, "Collateral Damage": 507, "Eidolon of the Great Revel_SB": 817, "Unchained Berserker_SB": 2982, "Chord of Calling": 475, "Dwynen's Elite": 800, "Elvish Clancaller": 846, "Elvish Warmaster": 849, "Jaspera Sentinel": 1449, "Leaf-Crowned Visionary": 1593, "Secluded Courtyard": 2392, "Shaman of the Pack": 2432, "Tyvar, the Pummeler": 2966, "Pause for Reflection_SB": 2018, "Phyrexian Revoker_SB": 2049, "Reclamation Sage_SB": 2195, "Sentinel of Lost Lore_SB": 2412, "Soulless Jailer_SB": 2572, "Bitter Reunion": 229, "Emry, Lurker of the Loch": 859, "Jeskai Ascendancy": 1453, "Restless Spire": 2244, "Saheeli, Sublime Artificer": 2323, "Ratchet Bomb_SB": 2164, "Witherbloom Command_SB": 3182, "Kumena's Speaker": 1568, "Tidebinder Mage_SB": 2878, "Dazzling Theater // Prop Room": 632, "Restless Bivouac": 2238, "Siege Veteran": 2474, "Warleader's Call": 3126, "Yotian Frontliner": 3217, "Aurelia, the Law Above_SB": 152, "Takenuma, Abandoned Mire_SB": 2727, "Barrier Breach_SB": 196, "Goblin Ringleader": 1175, "Goblin Trashmaster": 1181, "Squee, Dubious Monarch": 2619, "Lukka, Coppercoat Outcast_SB": 1678, "Experimental Frenzy_SB": 912, "Brave the Elements_SB": 320, "Bontu's Monument": 294, "Hashep Oasis": 1262, "Thought-Knot Seer": 2851, "Arlinn, the Pack's Hope_SB": 120, "Eldrazi Obligator_SB": 824, "Thought-Knot Seer_SB": 2852, "Kazuul's Fury": 1501, "Tail Swipe": 2723, "Obscura Storefront": 1921, "Bloodchief's Thirst_SB": 262, "Metropolis Reformer": 1761, "Consign // Oblivion": 543, "Creative Outburst": 582, "Splitskin Doll": 2611, "Experimental Synthesizer": 913, "Chandra, Acolyte of Flame_SB": 453, "Echoing Deeps": 806, "Ill-Timed Explosion": 1359, "Maestros Theater": 1691, "Mystic Sanctuary": 1833, "Scapeshift": 2350, "Splendid Reclamation": 2608, "The Autonomous Furnace": 2791, "The Hunter Maze": 2805, "Extract the Truth_SB": 919, "Circle of Dreams Druid": 483, "Elvish Visionary": 848, "Deathrite Shaman_SB": 646, "Bushwhack": 367, "Cavalier of Flame": 425, "Vraska, Betrayal's Sting_SB": 3110, "Imposing Sovereign": 1369, "Ruric Thar, the Unbowed": 2314, "Sphinx's Revelation": 2592, "Tale's End": 2728, "Urza's Sylex_SB": 3031, "Chandra, Acolyte of Flame": 452, "Exquisite Firecraft": 914, "Gruul Charm": 1224, "Scorching Dragonfire": 2359, "Scorching Dragonfire_SB": 2360, "Regal Caracal_SB": 2209, "Braids, Arisen Nightmare": 314, "Disturbing Mirth": 724, "Hopeless Nightmare": 1333, "Spiteful Hexmage": 2607, "Treacherous Blessing": 2930, "Haunted Ridge_SB": 1269, "Surge of Salvation": 2699, "Arabella, Abandoned Doll": 93, "Giant Killer": 1115, "Lazav, the Multifarious": 1591, "Nashi, Searcher in the Dark": 1847, "Slogurk, the Overslime": 2533, "Can't Stay Away": 383, "Basri Ket_SB": 198, "Unwanted Remake_SB": 3018, "Luminarch Aspirant": 1679, "Roaring Furnace // Steaming Sauna_SB": 2283, "Not on My Watch_SB": 1895, "Fanatical Offering": 947, "Vraska, Golgari Queen_SB": 3112, "Get Out_SB": 1103, "Fateful Absence": 953, "Doppelgang_SB": 744, "Grand Abolisher": 1202, "Holy Cow": 1324, "Archangel of Tithes_SB": 105, "Conclave Tribunal_SB": 536, "Metropolis Reformer_SB": 1762, "Shalai, Voice of Plenty_SB": 2431, "Bolas's Citadel": 278, "Catacomb Sifter": 412, "Popular Egotist": 2075, "Priest of Forgotten Gods": 2092, "Prosperous Innkeeper": 2105, "Woe Strider": 3189, "Experimental Confectioner": 911, "Trail of Crumbs": 2919, "Cemetery Illuminator": 438, "Cemetery Illuminator_SB": 439, "Balmor, Battlemage Captain": 176, "Shore Up_SB": 2465, "Solemnity_SB": 2554, "Soul Search_SB": 2565, "Bag of Holding": 171, "Jace, Architect of Thought": 1441, "Teferi, Master of Time": 2752, "Cleansing Nova_SB": 494, "Eerie Ultimatum_SB": 811, "Inspired Ultimatum_SB": 1397, "Nicol Bolas, Dragon-God_SB": 1863, "Sarkhan the Masterless_SB": 2337, "Thief of Sanity_SB": 2835, "Botanical Brawler": 307, "Bristly Bill, Spine Sower": 340, "Conclave Mentor": 535, "Kodama of the West Tree": 1542, "Ozolith, the Shattered Spire": 1991, "Stonecoil Serpent": 2645, "Urgent Necropsy": 3028, "Archangel Avacyn_SB": 102, "Boon-Bringer Valkyrie_SB": 298, "Wrenn's Resolve_SB": 3203, "Jace Reawakened": 1438, "Chandra, Torch of Defiance_SB": 461, "Kazandu Mammoth": 1500, "Rabid Gnaw": 2133, "Shock": 2460, "Vraska, Golgari Queen": 3111, "Strangle": 2655, "Prosperous Thief": 2107, "Rottenmouth Viper": 2297, "Azorius Charm": 165, "Scavenger Grounds_SB": 2353, "Fortified Beachhead": 1036, "The Scorpion God_SB": 2822, "Painful Truths_SB": 1996, "Bloodsoaked Champion": 266, "Jirina, Dauntless General": 1457, "Sorin, Vengeful Bloodlord_SB": 2562, "Fortified Village": 1037, "Nightveil Predator": 1869, "Rhonas the Indomitable": 2255, "Samut, Voice of Dissent": 2330, "Depopulate": 683, "Approach of the Second Sun": 90, "Fading Hope": 931, "Consuming Tide_SB": 548, "The Cruelty of Gix_SB": 2797, "Tocasia's Welcome_SB": 2894, "Golgari Charm_SB": 1192, "Hoarding Broodlord_SB": 1320, "Realm-Cloaked Giant": 2179, "Sea Gate Restoration": 2376, "Shoot the Sheriff_SB": 2463, "Duelist of the Mind": 790, "Steamcore Scholar": 2633, "Ashen Rider": 126, "Despark_SB": 690, "Elesh Norn_SB": 833, "Enduring Vitality": 869, "Kona, Rescue Beastie": 1550, "Portal to Phyrexia": 2083, "Selfless Savior": 2408, "Seraphic Steed": 2416, "Survivors' Encampment": 2705, "The Restoration of Eiganjo": 2818, "Kutzil, Malamet Exemplar_SB": 1574, "Selfless Savior_SB": 2409, "Drag to the Roots": 749, "Intrepid Adversary": 1410, "Kaya, Orzhov Usurper_SB": 1496, "Kozilek's Return_SB": 1555, "Alchemist's Gambit": 49, "Chandra, Hope's Beacon": 457, "Zoraline, Cosmos Caller": 3239, "Castle Locthwain_SB": 409, "Renegade Rallier": 2222, "Edgar, Charmed Groom_SB": 808, "Play with Fire_SB": 2067, "Blot Out": 274, "Lively Dirge": 1649, "Atraxa, Grand Unifier_SB": 145, "Dawnbringer Cleric_SB": 626, "Zareth San, the Trickster_SB": 3229, "Rhonas the Indomitable_SB": 2256, "Whisperwood Elemental_SB": 3157, "Blazemire Verge_SB": 243, "Bond of Revival": 285, "Loran's Escape": 1663, "Den of the Bugbear_SB": 679, "Dispel_SB": 719, "Kitesail Larcenist_SB": 1525, "Viashino Pyromancer": 3066, "Armored Scrapgorger": 123, "Eldrazi Displacer": 822, "Weathered Runestone_SB": 3142, "Blessed Defiance_SB": 249, "Pest Control": 2033, "Restless Fortress": 2240, "Kaya, Intangible Slayer_SB": 1494, "Renounce the Guilds_SB": 2224, "Eidolon of Blossoms": 813, "Zoyowa Lava-Tongue": 3240, "Exuberant Fuseling_SB": 923, "Squee, Dubious Monarch_SB": 2620, "Field of Ruin_SB": 984, "Citywide Bust_SB": 488, "Tyvar, the Pummeler_SB": 2967, "Maximize Velocity_SB": 1736, "Experiment One": 908, "Unclaimed Territory": 2983, "Werewolf Pack Leader": 3152, "Orazca Puzzle-Door": 1952, "Monastery Mentor_SB": 1801, "Enduring Bondwarden": 862, "Hangarback Walker": 1248, "Quirion Beastcaller": 2131, "Bolas's Citadel_SB": 279, "Catacomb Sifter_SB": 413, "Collected Company_SB": 510, "Popular Egotist_SB": 2076, "Prosperous Innkeeper_SB": 2106, "Woe Strider_SB": 3190, "Elvish Archivist_SB": 845, "Izoni, Center of the Web": 1435, "Fblthp, the Lost": 957, "Teshar, Ancestor's Apostle": 2777, "Ugin, the Spirit Dragon_SB": 2969, "Silent Gravestone_SB": 2481, "Korvold, Fae-Cursed King": 1552, "Guardian of Faith": 1229, "Withering Torment": 3183, "Phyrexian Vindicator_SB": 2050, "Suncleanser_SB": 2678, "Gates of Istfell": 1088, "Fateful Absence_SB": 954, "No More Lies_SB": 1889, "Debt to the Kami": 647, "Debt to the Kami_SB": 648, "Release to the Wind": 2214, "Status // Statue_SB": 2630, "Angelfire Ignition": 69, "Tenth District Legionnaire": 2770, "Steel Seraph_SB": 2636, "Lofty Denial": 1654, "Lofty Denial_SB": 1655, "Cyclonic Rift": 614, "Rona's Vortex": 2292, "Curse of Silence_SB": 610, "Nighthawk Scavenger": 1867, "Thousand-Faced Shadow": 2856, "Gyruda, Doom of Depths": 1237, "Consecrate // Consume_SB": 541, "Commercial District": 528, "Cease // Desist_SB": 434, "Archon of Absolution_SB": 113, "Case of the Gateway Express_SB": 399, "Cityscape Leveler": 486, "Hidden Necropolis": 1305, "Temple of Malady": 2758, "Temple of Malice": 2759, "Untimely Malfunction": 3016, "Koma, Cosmos Serpent_SB": 1549, "Memory Deluge_SB": 1747, "Touch the Spirit Realm": 2914, "Brimaz, King of Oreskos": 332, "Collector's Cage": 514, "Warping Wail_SB": 3129, "Forsaken Miner": 1035, "Undead Sprinter": 2985, "Chandra, Dressed to Kill_SB": 456, "Bloodtithe Collector": 268, "Kitnap": 1526, "Goddric, Cloaked Reveler": 1186, "Bonders' Enclave": 286, "Nicol Bolas, Dragon-God": 1862, "Zoetic Glyph": 3236, "Cryptic Coat_SB": 598, "Vampires' Vengeance_SB": 3050, "Blood Crypt_SB": 257, "Break Out": 323, "Evolving Adaptive": 900, "Pelt Collector": 2028, "Voltaic Brawler": 3101, "Wildfire Wickerfolk": 3164, "Embercleave_SB": 851, "Kraul Harpooner_SB": 1556, "Vengeful Possession_SB": 3063, "Ingenious Prodigy": 1383, "Glarb, Calamity's Augur_SB": 1137, "Bamboo Grove Archer_SB": 178, "Sunken Citadel_SB": 2686, "Mastermind's Acquisition_SB": 1732, "Pick Your Poison": 2052, "Tomik, Distinguished Advokist_SB": 2900, "Season of the Burrow_SB": 2389, "Spinner of Souls": 2600, "Abyssal Harvester": 8, "Zur, Eternal Schemer_SB": 3242, "Burst Lightning": 365, "Blast Zone_SB": 241, "Lantern of the Lost_SB": 1582, "Scab-Clan Berserker_SB": 2349, "Knight-Errant of Eos_SB": 1539, "Boltwave": 280, "Elenda, Saint of Dusk": 829, "Elenda, Saint of Dusk_SB": 830, "Serra Paragon": 2417, "Waste Not_SB": 3133, "High Fae Trickster_SB": 1312, "Slaughter Games_SB": 2521, "Syr Ginger, the Meal Ender": 2720, "Kaito, Cunning Infiltrator": 1470, "Brass Knuckles": 317, "Fabrication Foundry": 927, "Leyline Axe": 1603, "Metalwork Colossus": 1757, "Sanctum of Ugin": 2332, "Simulacrum Synthesizer": 2495, "The Irencrag": 2807, "Wedding Invitation": 3147, "Metallic Rebuke_SB": 1756, "Mystic Forge_SB": 1830, "Defabricate": 660, "Varragoth, Bloodsky Sire": 3056, "Emrakul, the Promised End": 857, "Fervent Champion": 979, "Goblin Tomb Raider": 1179, "Stern Dismissal_SB": 2638, "Scrawling Crawler": 2372, "Evangel of Synthesis": 898, "Raffine, Scheming Seer": 2138, "Void Rend_SB": 3090, "Expedition Map": 906, "Dropkick Bomber": 783, "Searslicer Goblin": 2386, "Goblin Ringleader_SB": 1176, "Blooming Blast": 270, "Gallia of the Endless Dance": 1074, "Cemetery Gatekeeper_SB": 437, "Creeping Chill": 583, "Driven // Despair": 779, "Haunted Dead": 1267, "Narcomoeba": 1841, "Prized Amalgam": 2096, "Silversmote Ghoul": 2491, "Tome Scour": 2899, "Wail of the Forgotten": 3114, "Huskburster Swarm_SB": 1352, "Kiora, the Rising Tide": 1522, "Tainted Indulgence": 2725, "Zombify": 3237, "Fragmentize_SB": 1050, "Dawnbringer Cleric": 625, "Camellia, the Seedmiser_SB": 382, "Trail of Crumbs_SB": 2920, "Mission Briefing": 1787, "Not on My Watch": 1894, "Torment of Hailfire_SB": 2907, "Drake Hatcher_SB": 756, "Ral, Crackling Wit": 2149, "Hanweir Battlements": 1251, "Response // Resurgence_SB": 2234, "Scorn-Blade Berserker": 2363, "Essence Channeler": 891, "Fountain of Renewal": 1045, "Heliod, Sun-Crowned": 1289, "Hooded Blightfang": 1328, "Indulging Patrician": 1377, "Revival // Revenge": 2253, "Scoured Barrens": 2364, "Vampire of the Dire Moon": 3048, "Vito, Thorn of the Dusk Rose": 3077, "Voice of the Blessed": 3088, "Deathmark_SB": 643, "Tinybones, Bauble Burglar": 2882, "Curator of Destinies_SB": 607, "Joust Through_SB": 1459, "Lava Axe_SB": 1584, "Skrelv's Hive": 2505, "Flicker of Fate_SB": 1012, "Kykar, Zephyr Awakener": 1575, "Infestation Sage": 1381, "Pyroclasm": 2116, "Saiba Cryptomancer": 2325, "Saiba Cryptomancer_SB": 2326, "Ajani, Sleeper Agent": 43, "Nahiri, the Unforgiving_SB": 1840, "Bulk Up": 354, "Alms of the Vein": 52, "Demand Answers": 667, "Grab the Prize": 1198, "Markov Baron": 1721, "Nullpriest of Oblivion": 1906, "Skullcrack": 2508, "Imposing Sovereign_SB": 1370, "Halana and Alena, Partners": 1241, "Blacksmith's Talent": 235, "Herald of Eternal Dawn_SB": 1297, "Temple of Plenty": 2761, "Peer into the Abyss_SB": 2026, "Genesis Wave": 1099, "Samut, Tyrant Smasher": 2328, "Bouncer's Beatdown_SB": 311, "Soulstone Sanctuary": 2575, "Parting Gust": 2009, "Youthful Valkyrie": 3222, "The Witch's Vanity": 2831, "Voracious Hydra": 3102, "Banner of Kinship": 190, "Elvish Archdruid": 844, "Citanul Stalwart": 484, "Sylvan Messenger_SB": 2716, "Day of Judgment": 627, "Liliana, Dreadhorde General": 1638, "Hornet Queen_SB": 1336, "Cut // Ribbons": 611, "Skrelv's Hive_SB": 2506, "Maelstrom Pulse": 1689, "Blitz of the Thunder-Raptor": 253, "Long River's Pull": 1658, "Unsubstantiate": 3013, "Sugar Coat_SB": 2671, "Unsubstantiate_SB": 3014, "Haunted Cloak": 1266, "Swiftfoot Boots": 2710, "Dread Fugue": 760, "Flameblade Adept": 1006, "Ox of Agonas": 1989, "Ill-Timed Explosion_SB": 1360, "Omnath, Locus of Creation_SB": 1941, "Scrapwork Mutt": 2371, "Tyvar's Stand": 2964, "Faithful Mending": 939, "Shadows' Verdict_SB": 2427, "Spawn of Mayhem": 2578, "Karn, Scion of Urza_SB": 1482, "Dusk Legion Duelist": 794, "Bristlebud Farmer": 337, "Phyrexian Obliterator_SB": 2048, "Make Disappear_SB": 1699, "Hooting Mandrills": 1329, "Tasigur, the Golden Fang": 2744, "Toxrill, the Corrosive_SB": 2918, "Charming Scoundrel": 467, "Deflecting Palm": 664, "Fallaji Vanguard": 942, "Fortune, Loyal Steed": 1038, "Furycalm Snarl": 1070, "Hellspur Posse Boss": 1292, "Panharmonicon": 2001, "Requisition Raid": 2229, "Temple of Triumph": 2763, "Terror of the Peaks": 2775, "Witty Roastmaster": 3187, "Aetherstorm Roc_SB": 32, "Anim Pakal, Thousandth Moon_SB": 77, "Chance for Glory_SB": 450, "Demonic Ruckus_SB": 676, "Impact Tremors_SB": 1367, "Lunarch Veteran": 1681, "Skyclave Cleric": 2513, "Ajani, Strength of the Pride_SB": 46, "Davriel, Rogue Shadowmage_SB": 624, "The Raven Man_SB": 2816, "Expansion // Explosion": 904, "Seasons Past": 2391, "Haughty Djinn_SB": 1265, "Gruul Charm_SB": 1225, "Masked Vandal_SB": 1725, "Brass's Tunnel-Grinder": 318, "Goblin Instigator": 1169, "Raise the Past": 2140, "Chained to the Rocks_SB": 445, "Ascendant Spirit": 125, "Faceless Haven": 928, "Plumecreed Escort": 2070, "Icon of Ancestry_SB": 1355, "Kellan, Planar Trailblazer": 1506, "Thassa's Oracle": 2786, "Anguished Unmaking": 74, "Blessed Alliance_SB": 247, "Day of Judgment_SB": 628, "Mystic Repeal_SB": 1832, "Reasonable Doubt_SB": 2183, "Rottenmouth Viper_SB": 2298, "Niv-Mizzet, Visionary_SB": 1887, "Maelstrom Pulse_SB": 1690, "Thing in the Ice": 2838, "Witness Protection_SB": 3186, "Phyrexian Arena_SB": 2041, "Hostile Investigator_SB": 1340, "Harvester of Misery_SB": 1261, "Tibalt's Trickery": 2875, "Tibalt's Trickery_SB": 2876, "Heaped Harvest": 1279, "Thassa, God of the Sea": 2788, "Slaughter Games": 2520, "Idol of Endurance": 1356, "Phyrexian Censor": 2042, "Niko Aris": 1870, "Academy Loremaster": 10, "Chainsaw": 446, "Fountainport Bell": 1047, "Glint-Nest Crane": 1144, "Hammer of Purphoros": 1246, "Triton Tactics_SB": 2941, "Shrapnel Blast_SB": 2471, "Sixth Sense": 2502, "Alpha Authority_SB": 55, "Scattered Groves": 2351, "Arboreal Grazer_SB": 99, "Thought Erasure": 2850, "Spring-Loaded Sawblades": 2615, "Kaya's Ghostform_SB": 1491, "Wear Down_SB": 3141, "Culling Ritual": 601, "Blood Baron of Vizkopa": 254, "Crystal Barricade_SB": 600, "Turn the Earth_SB": 2951, "Tenacious Underdog_SB": 2769, "Bala Ged Recovery_SB": 174, "Dowsing Device": 747, "Push // Pull": 2113, "Skyknight Squire": 2515, "Llanowar Visionary": 1652, "Burst Lightning_SB": 366, "Seal Away_SB": 2380, "Ajani, Caller of the Pride": 42, "Burrowguard Mentor": 364, "Dryad Militant": 788, "Fleecemane Lion": 1008, "Kutzil, Malamet Exemplar": 1573, "Melira, the Living Cure": 1744, "Wilt-Leaf Liege": 3167, "Sire of Seven Deaths": 2500, "Niv-Mizzet, Supreme_SB": 1886, "Connive // Concoct_SB": 540, "Torrential Gearhulk_SB": 2913, "Fatal Grudge": 950, "Oracle of Tragedy": 1951, "Think Twice": 2840, "Sphinx's Revelation_SB": 2593, "Commit // Memory": 529, "Herald of Eternal Dawn": 1296, "Hullbreaker Horror": 1346, "Boltwave_SB": 281, "Balustrade Wurm": 177, "Indomitable Creativity_SB": 1376, "Chandra, Hope's Beacon_SB": 458, "Heliod's Intervention": 1287, "Legion's Landing": 1602, "Maskwood Nexus": 1726, "Volatile Fault": 3092, "Festering Gulch": 980, "Gingerbread Cabin": 1128, "Outrageous Robbery": 1972, "Reality Shift": 2178, "Deputy of Detention": 685, "Lukka, Bound to Ruin_SB": 1676, "Angel of Invention": 66, "Combat Celebrant": 523, "God-Pharaoh's Gift": 1184, "Refurbish": 2205, "Arashin Cleric_SB": 95, "Choked Estuary": 474, "Ego Drain": 812, "Faerie Fencing": 935, "Obyra, Dreaming Duelist": 1923, "Shineshadow Snarl": 2456, "Sleep-Cursed Faerie": 2524, "Sunken Hollow": 2687, "Talion, the Kindly Lord": 2731, "Talion's Messenger": 2730, "Twining Twins": 2955, "Crippling Fear_SB": 584, "Flashfreeze_SB": 1007, "Phantom Interference_SB": 2037, "Blessed Alliance": 246, "Builder's Talent": 351, "Worldspine Wurm": 3197, "Assemble the Legion_SB": 140, "Runed Halo_SB": 2313, "Fanatical Firebrand": 945, "Goblin Warchief": 1182, "Krenko, Mob Boss": 1561, "Betrayer's Bargain_SB": 218, "By Force_SB": 369, "Strangle_SB": 2656, "Collateral Damage_SB": 508, "Tibalt, Rakish Instigator_SB": 2877, "Game Trail": 1078, "Glorybringer": 1151, "Cankerbloom_SB": 385, "Aspect of Hydra": 136, "Hunter's Talent": 1348, "Nullhide Ferox": 1904, "Steel Leaf Champion": 2634, "Garruk's Uprising_SB": 1082, "Ghalta, Primal Hunger_SB": 1105, "Cast Down": 402, "Desecration Demon": 688, "Evolved Sleeper": 899, "Kaervek, the Punisher": 1463, "Mishra's Foundry": 1785, "Ultimate Price": 2973, "Unexpected Fangs": 2992, "Vadmir, New Blood": 3033, "Extract a Confession_SB": 918, "Kitesail Freebooter_SB": 1523, "Pilfer_SB": 2057, "Crawling Barrens": 581, "Memorial to Folly": 1745, "Power Word Kill": 2086, "Ob Nixilis Reignited_SB": 1914, "Abrade": 3, "Dazzling Angel": 631, "Divine Smite": 728, "Exemplar of Light": 902, "Firemane Avenger": 999, "Wind-Scarred Crag": 3170, "Bomat Courier": 282, "Falkenrath Gorger": 940, "Foreboding Ruins": 1028, "Forerunner of Slaughter": 1031, "Olivia, Mobilized for War": 1932, "Unlicensed Disintegration": 3003, "Rakdos Charm_SB": 2142, "Shock_SB": 2461, "Transgress the Mind_SB": 2924, "Briarbridge Tracker": 328, "Hard-Hitting Question": 1253, "Subterranean Schooner": 2669, "Teething Wurmlet": 2749, "Tough Cookie": 2915, "Vineglimmer Snarl": 3068, "Briarbridge Tracker_SB": 329, "Hard-Hitting Question_SB": 1254, "Island_SB": 1430, "Unsummon_SB": 3015, "Night of the Sweets' Revenge": 1866, "Rampage of the Clans": 2156, "Hangarback Walker_SB": 1249, "Royal Treatment_SB": 2302, "The Filigree Sylex_SB": 2802, "Earthshaker Khenra": 802, "Mirran Banesplitter": 1777, "Rimrock Knight": 2262, "Aethersphere Harvester_SB": 31, "Burning Hands_SB": 360, "Azorius Guildgate": 166, "Boros Guildgate": 302, "Dimir Guildgate": 709, "Gate Colossus": 1085, "Gatebreaker Ram": 1086, "Gates Ablaze": 1087, "Gateway Plaza": 1089, "Glaive of the Guildpact": 1135, "Golgari Guildgate": 1193, "Gruul Guildgate": 1226, "Guild Summit": 1232, "Hour of Promise": 1342, "Izzet Guildgate": 1437, "Maze's End": 1738, "Open the Gates": 1945, "Orzhov Guildgate": 1956, "Plaza of Harmony": 2068, "Rakdos Guildgate": 2143, "Selesnya Guildgate": 2405, "Simic Guildgate": 2492, "Thran Portal": 2859, "Archway Angel_SB": 117, "Broken Bond_SB": 342, "Crackling Perimeter_SB": 572, "Enigma Drake": 870, "Strategic Planning": 2660, "Tolarian Terror": 2895, "Wandering Fumarole": 3119, "Essence Scatter_SB": 894, "Frantic Firebolt_SB": 1051, "Absorb": 7, "Behold the Multiverse": 212, "Saw It Coming": 2347, "Thirst for Discovery": 2843, "Inscription of Abundance": 1391, "Primal Might": 2093, "Experiment One_SB": 909, "Garruk's Harbinger_SB": 1080, "Drown in Sorrow_SB": 784, "Toxin Analysis_SB": 2917, "Witch's Vengeance_SB": 3177, "Shoot the Sheriff": 2462, "Smoldering Marsh": 2537, "Banehound": 183, "Curator of Mysteries": 608, "Mire Triton": 1776, "Disfigure_SB": 717, "Rush of Vitality_SB": 2319, "Spinner of Souls_SB": 2601, "Goblin Blast-Runner": 1163, "Implement of Combustion": 1368, "Krenko, Baron of Tin Street": 1560, "Voltage Surge": 3099, "Sunshot Militia_SB": 2692, "Seal from Existence": 2381, "Ghostly Dancers_SB": 1110, "Seal from Existence_SB": 2382, "Essence Scatter": 893, "Flow of Knowledge": 1020, "Haughty Djinn": 1264, "Shore Up": 2464, "Mocking Sprite_SB": 1791, "Quick Study_SB": 2127, "See Double_SB": 2395, "Shifting Grift_SB": 2453, "Apostle of Purifying Light_SB": 89, "Chaplain of Alms_SB": 465, "Healer's Hawk_SB": 1278, "Karametra's Blessing_SB": 1479, "Bedlam Reveler": 210, "Frostboil Snarl": 1061, "Warlord's Fury": 3128, "Ox of Agonas_SB": 1990, "Abandoned Campground": 0, "Dollmaker's Shop // Porcelain Gallery": 734, "Grand Entryway // Elegant Rotunda": 1204, "Gremlin Tamer": 1216, "Inquisitive Glimmer": 1388, "Lionheart Glimmer": 1647, "Niko, Light of Hope": 1871, "Oppressive Rays": 1947, "Builder's Talent_SB": 352, "Divine Resilience_SB": 727, "Fear of Impostors_SB": 960, "Kitnap_SB": 1527, "Minor Misstep_SB": 1774, "Paladin Class_SB": 1999, "Stay Hidden, Stay Silent_SB": 2631, "Badlands Revival": 170, "Fertile Thicket": 978, "Festerleech": 981, "Foul Orchard": 1040, "Gix's Command": 1131, "Hedge Shredder": 1285, "Hero's Downfall": 1301, "Jungle Hollow": 1461, "Quilled Greatwurm": 2129, "Slice from the Shadows": 2526, "Frantic Strength_SB": 1054, "Savor_SB": 2345, "Stab_SB": 2623, "Vraska's Fall_SB": 3108, "Alesha, Who Laughs at Fate": 50, "Davriel, Rogue Shadowmage": 623, "Fell": 974, "Grasp of Darkness": 1206, "Master of Cruelties": 1730, "Rakdos, the Muscle": 2146, "Razorlash Transmogrant": 2173, "Razortrap Gorge": 2174, "Seize the Spoils": 2403, "Illness in the Ranks_SB": 1361, "Kaervek, the Spiteful_SB": 1464, "Painful Quandary_SB": 1995, "Eddymurk Crab": 807, "Ephara's Dispersal": 877, "Stormwing Entity": 2654, "Gnarled Scarhide": 1152, "Madcap Skills": 1687, "Minotaur Skullcleaver": 1775, "Mogis's Marauder": 1794, "Rakdos Cackler": 2141, "Rakdos Shred-Freak": 2145, "Spike Jester": 2596, "Tormented Hero": 2908, "Doom Blade_SB": 737, "Ultimate Price_SB": 2974, "Consuming Aberration": 547, "Contaminated Aquifer": 552, "Didn't Say Please": 706, "Dismal Backwater": 718, "Dreadwaters": 770, "Duskmantle Guildmage": 797, "Fell Specter": 975, "Gnawing Vermin": 1155, "Jhessian Thief": 1456, "Mind Carver": 1768, "Mind Drain": 1769, "Murder": 1822, "Nezumi Informant": 1860, "Orzhov Racketeers": 1957, "Painful Quandary": 1994, "Paranoid Delusions": 2006, "Pilfered Plans": 2058, "Psychic Strike": 2111, "Razzle-Dazzler": 2176, "Read the Bones": 2177, "Short Bow": 2467, "Sleep": 2523, "The Mindskinner": 2814, "Typhoid Rats": 2960, "Wall of Frost": 3118, "Witness Protection": 3185, "Aspect of Lamprey_SB": 137, "Blood Pact_SB": 258, "Crypt Incursion_SB": 595, "Dreadwaters_SB": 771, "Frogify_SB": 1060, "Professor's Warning_SB": 2098, "Rogue's Gloves_SB": 2289, "Sinister Possession_SB": 2497, "Solemn Simulacrum_SB": 2552, "Sphinx of Magosi_SB": 2590, "Thieving Otter_SB": 2837, "Unlikely Aid_SB": 3006, "Zombify_SB": 3238, "Coruscation Mage": 562, "Giant Cindermaw_SB": 1113, "Lightning Mare_SB": 1631, "Wrangle_SB": 3200, "Ancient Imperiosaur": 65, "Belligerent Yearling": 214, "Fight Rigging": 991, "Intrepid Paleontologist": 1411, "Ixalli's Lorekeeper": 1434, "Palani's Hatcher": 2000, "Regisaur Alpha": 2211, "Restless Ridgeline": 2243, "Shifting Ceratops": 2451, "Triumphant Chomp": 2942, "Shifting Ceratops_SB": 2452, "Thrashing Brontodon_SB": 2862, "Triumphant Chomp_SB": 2943, "Goblin Boarders": 1164, "Goblin Heelcutter": 1168, "Goblin Negotiation": 1172, "Goblin Surprise": 1177, "Goblinslide": 1183, "Guttersnipe": 1235, "Hellraiser Goblin": 1291, "Impact Tremors": 1366, "Pyrewild Shaman": 2115, "Redcap Gutter-Dweller": 2198, "Rigging Runner": 2260, "Subterranean Scout": 2670, "Thrill of Possibility": 2866, "War Squeak": 3121, "Zada, Hedron Grinder": 3225, "Frenzied Goblin_SB": 1058, "Goblin Boarders_SB": 1165, "Goblin Surprise_SB": 1178, "Rundvelt Hordemaster_SB": 2310, "Searslicer Goblin_SB": 2387, "Siege-Gang Commander_SB": 2475, "Cruel Somnophage": 586, "Mercurial Spelldancer": 1752, "Mind Sculpt": 1770, "Ruin Crab": 2306, "Sign in Blood": 2478, "Syr Konrad, the Grim": 2722, "Bitter Chill_SB": 228, "Chart a Course_SB": 470, "Sphinx's Tutelage_SB": 2595, "Terisian Mindbreaker_SB": 2771, "Armored Kincaller": 122, "Burning Sun Cavalry": 361, "Captivating Cave": 386, "Cavern Stomper": 429, "Colossadactyl": 518, "Dinotomaton": 711, "Disturbed Slumber": 723, "Earthshaker Dreadmaw": 801, "Hidden Nursery": 1306, "Nurturing Bristleback": 1907, "Over the Edge": 1975, "Panicked Altisaur": 2002, "Pathfinding Axejaw": 2017, "Poison Dart Frog": 2072, "Promising Vein": 2102, "Rampaging Ceratops": 2157, "Rumbling Rockslide": 2308, "Scytheclaw Raptor": 2375, "Seeker of Sunlight": 2399, "Seismic Monstrosaur": 2401, "Walk with the Ancestors": 3117, "Bristling Backwoods": 338, "Deeproot Champion": 657, "Quirion Dryad": 2132, "Temple of Abandon": 2755, "Domri's Ambush_SB": 735, "Necroblossom Snarl": 1850, "Savor": 2344, "Thornvault Forager": 2848, "Feed the Cycle_SB": 969, "Life Goes On_SB": 1619, "Blacklance Paragon": 233, "Brineborn Cutthroat": 334, "Cunning Nightbonder": 605, "Reasonable Doubt": 2182, "Sea-Dasher Octopus": 2377, "Ashiok's Erasure_SB": 128, "Spectral Adversary_SB": 2581, "Cinder Glade": 479, "Enter the Unknown": 873, "Mirrorwing Dragon": 1782, "Season of Growth": 2388, "Silverfur Partisan": 2488, "Young Pyromancer": 3220, "Temur Battle Rage_SB": 2767, "Turn Inside Out_SB": 2950, "Unnatural Moonrise_SB": 3010, "No Witnesses": 1891, "Port Town": 2078, "Refute": 2206, "Temple of Enlightenment": 2756, "Jace, Architect of Thought_SB": 1442, "No Witnesses_SB": 1892, "Ayara, First of Locthwain": 162, "Brain Maggot": 315, "Erebos, Bleak-Hearted": 879, "Foulmire Knight": 1042, "Gray Merchant of Asphodel": 1211, "Infernal Grasp": 1379, "Phyrexian Arena": 2040, "Underworld Dreams": 2991, "Warlock Class": 3127, "Corrupt_SB": 561, "Power Word Kill_SB": 2087, "Whack_SB": 3154, "Fires of Victory": 1001, "Stern Lesson": 2639, "Roast_SB": 2284, "Arcane Infusion": 100, "Peculiar Lighthouse": 2024, "Xenagos, God of Revels": 3205, "Aetherize_SB": 30, "Into the Roil_SB": 1408, "Volcanic Spite_SB": 3094, "Zetalpa, Primal Dawn_SB": 3233, "Flame-Blessed Bolt_SB": 1005, "Ral, Izzet Viceroy_SB": 2151, "You See a Guard Approach_SB": 3218, "Aether Hub": 27, "Attune with Aether": 148, "Gather the Pack": 1092, "Lotleth Troll": 1670, "Cragplate Baloth_SB": 575, "Plains_SB": 2065, "Sporeweb Weaver_SB": 2613, "Beastie Beatdown": 207, "Footfall Crater": 1026, "Omnivorous Flytrap": 1943, "Patchwork Beastie": 2013, "Return to Nature_SB": 2252, "Alseid of Life's Bounty": 58, "Hateful Eidolon": 1263, "Karametra's Blessing": 1478, "Agent of the Fates_SB": 41, "Dead Weight_SB": 633, "Eriette of the Charmed Apple_SB": 880, "Pacifism_SB": 1992, "Evolving Wilds": 901, "Gala Greeters": 1073, "Good-Fortune Unicorn": 1195, "Mossborn Hydra": 1813, "Ochre Jelly": 1925, "Sylvan Scavenging": 2718, "Wildwood Scourge": 3165, "Gaea's Gift_SB": 1072, "Gnarlid Colony_SB": 1153, "Inscription of Abundance_SB": 1392, "Trash the Town_SB": 2928, "Bristling Hydra": 339, "Electrostatic Pummeler": 827, "Fling": 1013, "Ghor-Clan Rampager": 1107, "Harnessed Lightning": 1259, "Servant of the Conduit": 2419, "Axebane Ferox_SB": 160, "Deathgorge Scavenger_SB": 642, "Gruul Spellbreaker_SB": 1227, "Insult // Injury_SB": 1401, "Wilt_SB": 3169, "Legion Angel": 1596, "Legion Angel_SB": 1597, "Gideon's Triumph_SB": 1122, "Cast Out": 403, "Demonic Pact": 674, "Doom Foretold": 738, "Hopeful Vigil": 1332, "Kaya's Wrath": 1492, "Sigil of the Empty Throne": 2477, "Spirit-Sister's Call": 2605, "Temple of Silence": 2762, "Trial of Ambition": 2937, "Banishing Light_SB": 188, "Cast Out_SB": 404, "Dreadhorde Invasion_SB": 767, "Trespasser's Curse_SB": 2936, "Arashin Foremost": 96, "Blood-Chin Rager": 260, "Chief of the Edge": 472, "Gutterbones": 1234, "Mardu Strike Leader": 1718, "Mardu Woe-Reaper": 1719, "Rally the Ranks": 2153, "Secure the Wastes": 2394, "Usher of the Fallen": 3032, "Garruk's Harbinger": 1079, "Lifecrafter's Bestiary": 1622, "Feed the Clan_SB": 967, "Skyreaping_SB": 2517, "Case of the Crimson Pulse": 395, "Vindictive Flamestoker_SB": 3067, "Eroded Canyon": 881, "Essence Capture": 890, "Galvanize": 1077, "Mind Spiral": 1771, "Pit of Offerings": 2062, "Scorching Shot": 2361, "Slick Sequence": 2527, "Winged Words": 3172, "Into the Fire_SB": 1405, "Tolarian Terror_SB": 2896, "Wildfire Howl_SB": 3163, "Nahiri's Resolve": 1835, "Thousand Moons Smithy": 2855, "Tinker's Tote": 2880, "Dusk Rose Reliquary_SB": 796, "Unidentified Hovership_SB": 3000, "Drannith Healer": 757, "Drannith Stinger": 759, "Flourishing Fox": 1019, "Go for Blood": 1159, "Reptilian Reflection": 2225, "Valiant Rescuer": 3041, "Zenith Flare": 3230, "Irencrag Pyromancer_SB": 1425, "Blazing Volley": 244, "Cinderclasm": 480, "Crash Through": 577, "Death-Rattle Oni": 640, "Electrickery": 826, "Kessig Flamebreather": 1514, "Seismic Wave": 2402, "Stolen Vitality": 2643, "Burn Down the House_SB": 357, "Smoldering Egg_SB": 2536, "Swamp_SB": 2707, "Edgewall Inn": 809, "Edgewall Innkeeper": 810, "Lucky Clover": 1675, "Midnight Reaper": 1764, "Order of Midnight": 1953, "Smitten Swordmaster": 2535, "Massacre Girl_SB": 1727, "Stormkeld Vanguard_SB": 2650, "Mephitic Draught": 1751, "Tithing Blade": 2891, "Corpses of the Lost_SB": 560, "Doom Foretold_SB": 739, "Life of Toshiro Umezawa_SB": 1620, "Burn Down the House": 356, "Flame-Blessed Bolt": 1004, "Vampires' Vengeance": 3049, "Pelakka Wurm_SB": 2027, "Boon of the Wish-Giver": 297, "Frostveil Ambush": 1062, "Memory Leak": 1749, "Startling Development": 2629, "Burn Bright": 355, "Chimney Rabble": 473, "Domri, Anarch of Bolas": 736, "Fissure Wizard": 1003, "Goblin Arsonist": 1162, "Goblin Javelineer": 1170, "Goblin Morningstar": 1171, "Goblin Trailblazer": 1180, "Grumgully, the Generous": 1223, "Heraldic Banner": 1298, "Hobgoblin Bandit Lord": 1321, "Hulking Bugbear": 1344, "Renata, Called to the Hunt": 2220, "Return of the Wildspeaker": 2250, "Rhythm of the Wild": 2257, "Subira, Tulzidi Caravanner": 2667, "You See a Pair of Goblins": 3219, "Krenko, Mob Boss_SB": 1562, "Krenko, Tin Street Kingpin_SB": 1563, "Banishing Light": 187, "Flowerfoot Swordmaster": 1021, "Mabel, Heir to Cragflame": 1686, "Seedglaive Mentor": 2398, "Whiskervale Forerunner": 3156, "Abzan Charm": 9, "Deathmist Raptor": 644, "Den Protector": 677, "Mastery of the Unseen": 1733, "Sandsteppe Citadel": 2334, "Satyr Wayfinder": 2340, "Siege Rhino": 2473, "Unyielding Gatekeeper": 3020, "Disfigure": 716, "Gossip's Talent": 1197, "Karumonix, the Rat King": 1484, "Lord Skitter, Sewer King": 1665, "Persistent Marshstalker": 2032, "Piper of the Swarm": 2061, "Shoreline Looter": 2466, "Tangled Colony": 2738, "Vren, the Relentless": 3113, "Bring the Ending_SB": 335, "Pile On_SB": 2056, "Tangled Colony_SB": 2739, "Gnarlroot Trapper": 1154, "Jace, Vryn's Prodigy_SB": 1444, "Valley Floodcaller_SB": 3044, "Valorous Stance_SB": 3047, "Pillage the Bog_SB": 2060, "Aether Channeler": 24, "Foul Emissary": 1039, "Sublime Epiphany": 2668, "Unauthorized Exit": 2980, "Fiery Annihilation_SB": 987, "Arahbo, the First Fang": 94, "Felidar Cub": 972, "Feline Sovereign": 973, "Sacred Cat": 2321, "Savannah Lions": 2343, "Lion Sash_SB": 1646, "Reckless Stormseeker_SB": 2191, "Archfiend of Depravity": 108, "Archfiend of Depravity_SB": 109, "Fade from History_SB": 930, "Loot, Exuberant Explorer": 1659, "Quicken": 2128, "Banish into Fable": 185, "The Celestus": 2795, "Reluctant Role Model": 2217, "Furnace Punisher": 1067, "March of Swirling Mist": 1713, "Faceless Haven_SB": 929, "Invasive Surgery_SB": 1419, "The Scarab God_SB": 2821, "Pieces of the Puzzle": 2055, "Michiko's Reign of Truth": 1763, "Rite of Oblivion": 2270, "Anthem of Champions_SB": 86, "Tinybones, the Pickpocket": 2883, "Stormsplitter": 2653, "Thousand-Year Storm": 2857, "Cathartic Pyre_SB": 418, "Tamiyo, Collector of Tales_SB": 2735, "Fear of Abduction": 958, "Blue Sun's Twilight_SB": 277, "Overwhelming Remorse_SB": 1988, "Brotherhood's End": 345, "Return the Favor_SB": 2251, "Gloomshrieker": 1149, "Dennick, Pious Apprentice_SB": 680, "Agatha of the Vile Cauldron": 36, "Bard Class": 193, "Hajar, Loyal Bodyguard": 1240, "Migloz, Maze Crusher": 1766, "Ruby, Daring Tracker": 2305, "Samut, Vizier of Naktamun": 2329, "Targ Nar, Demon-Fang Gnoll": 2741, "Xenagos, the Reveler": 3207, "Dollmaker's Shop && Porcelain Gallery": 733, "Kami of Transience": 1476, "Surgical Suite && Hospital Room_SB": 2702, "Sire of Seven Deaths_SB": 2501, "Regal Bunnicorn": 2207, "Dissection Tools": 722, "Protect the Negotiators_SB": 2109, "Ashiok, Wicked Manipulator": 134, "Ajani, Strength of the Pride": 45, "Case of the Uneaten Feast": 401, "Trelasarra, Moon Dancer": 2935, "Floriferous Vinewall": 1018, "Eldritch Evolution": 825, "Urborg Lhurgoyf": 3025, "Aether Channeler_SB": 25, "Zephyr Sentinel_SB": 3231, "Tectonic Hazard_SB": 2748, "Kambal, Consul of Allocation": 1474, "Surrak Dragonclaw": 2703, "Stubborn Denial_SB": 2666, "Frantic Scapegoat": 1052, "Callous Sell-Sword_SB": 380, "Ritual of Soot": 2273, "Inscription of Ruin": 1393, "Harmonious Archon": 1257, "Sandstorm Salvager": 2335, "Toby, Beastie Befriender": 2893, "Kayla's Reconstruction_SB": 1499, "Destroy Evil": 695, "Serra Paragon_SB": 2418, "Filter Out": 993, "Heartflame Duelist": 1281, "Inspiring Veteran": 1400, "Knight of Dusk's Shadow": 1533, "Knight of the Ebon Legion": 1537, "Tournament Grounds": 2916, "Venerable Knight": 3060, "Worthy Knight": 3199, "Knight of Dusk's Shadow_SB": 1534, "Woodland Bellower": 3193, "Breeding Pool_SB": 327, "Chance for Glory": 449, "Teferi, Who Slows the Sunset": 2753, "Bag of Holding_SB": 172, "Zirda, the Dawnwaker_SB": 3235, "Despise_SB": 692, "Lifebane Zombie_SB": 1621, "Sunspine Lynx": 2693, "Light Up the Stage_SB": 1624, "Isolate_SB": 1431, "God-Pharaoh's Statue_SB": 1185, "Smuggler's Surprise_SB": 2540, "Wakeroot Elemental_SB": 3116, "Cindervines": 481, "The Flame of Keld": 2803, "Fetid Pools": 982, "Silvergill Adept": 2489, "Triton Shorestalker": 2940, "Isareth the Awakener": 1428, "Dreadbore": 762, "Nicol Bolas, the Ravager": 1864, "Omen of the Forge": 1936, "The Kami War": 2808, "Wakeroot Elemental": 3115, "Legion Extruder_SB": 1599, "This Town Ain't Big Enough": 2845, "Lost Legacy_SB": 1668, "The Mightstone and Weakstone_SB": 2813, "Remorseful Cleric": 2218, "Kogla and Yidaro_SB": 1544, "Nissa, Who Shakes the World": 1881, "Sylvan Awakening": 2714, "Nahiri's Warcrafting_SB": 1836, "Depala, Pilot Exemplar": 681, "Magda, Brazen Outlaw": 1692, "Magda, the Hoardmaster": 1693, "Roaming Throne": 2279, "Veteran Motorist": 3064, "The Royal Scions": 2819, "Unauthorized Exit_SB": 2981, "Bilious Skulldweller": 222, "Chevill, Bane of Monsters": 471, "Fynn, the Fangbearer": 1071, "Ghost Vacuum": 1108, "Heroic Intervention": 1302, "Malakir Rebirth": 1700, "Wasteland Viper": 3134, "Infectious Bite_SB": 1378, "Akal Pakal, First Among Equals": 47, "Courser of Kruphix": 568, "Simic Manipulator": 2493, "Timestream Navigator": 2879, "Azure Beastbinder_SB": 168, "Mockingbird_SB": 1793, "Simic Manipulator_SB": 2494, "Trygon Predator_SB": 2947, "Vivien, Champion of the Wilds_SB": 3080, "Caretaker's Talent_SB": 389, "Fountainport_SB": 1048, "Rite of Oblivion_SB": 2271, "Kogla, the Titan Ape": 1545, "Cavalier of Thorns_SB": 427, "Ulvenwald Oddity_SB": 2976, "Crumbling Vestige": 592, "Kogla and Yidaro": 1543, "Trumpeting Carnosaur_SB": 2946, "Dusk // Dawn_SB": 793, "Last Breath_SB": 1583, "Thunderherd Migration": 2871, "Boros Elite": 301, "Guardian of New Benalia": 1231, "Mobilized District": 1790, "Precinct Captain": 2091, "Soldier of the Pantheon": 2551, "Spellbook Vendor": 2588, "Sungold Sentinel": 2684, "Banisher Priest_SB": 186, "Bounty Agent_SB": 313, "Rally the Ranks_SB": 2154, "Wicked Wolf_SB": 3160, "Overlord of the Mistmoors_SB": 1986, "Fear of Isolation": 961, "Tinybones Joins Up": 2881, "Built to Smash": 353, "Wayward Guide-Beast": 3138, "Voldaren Thrillseeker_SB": 3097, "Renegade Tactics": 2223, "Siphon Insight_SB": 2498, "Imodane's Recruiter_SB": 1365, "Glorious Protector_SB": 1150, "Niambi, Esteemed Speaker_SB": 1861, "The Wandering Rescuer_SB": 2830, "Into the Story": 1409, "Lavinia, Azorius Renegade_SB": 1588, "Syr Ginger, the Meal Ender_SB": 2721, "Augur of Bolas": 151, "Essence Flux": 892, "Apostle of Purifying Light": 88, "Glass Casket": 1138, "Thran Power Suit": 2860, "Titania, Voice of Gaea_SB": 2890, "Treacherous Blessing_SB": 2931, "Umori, the Collector_SB": 2977, "Glass Casket_SB": 1139, "Grasp of Darkness_SB": 1207, "Necrotic Wound": 1852, "Souls of the Lost": 2573, "Necrotic Wound_SB": 1853, "Souls of the Lost_SB": 2574, "Kappa Tech-Wrecker": 1477, "Eldrazi Displacer_SB": 823, "Experimental Augury": 910, "Fleeting Spirit": 1009, "Lore Drakkis": 1666, "Open the Omenpaths": 1946, "Vadrok, Apex of Thunder": 3034, "Crucible of Worlds": 585, "Destiny Spinner": 693, "Sin Collector_SB": 2496, "Cult Conscript": 603, "Cleansing Wildfire_SB": 496, "Vanish into Eternity_SB": 3051, "Mutavault_SB": 1829, "Mukotai Ambusher_SB": 1821, "Tribute to Horobi": 2938, "Hunter's Talent_SB": 1349, "Vengeful Possession": 3062, "Hidetsugu's Second Rite_SB": 1311, "Nurturing Pixie": 1908, "Preacher of the Schism_SB": 2090, "Malcolm, Alluring Scoundrel": 1701, "Pia Nalaar, Consul of Revival": 2051, "Showdown of the Skalds": 2468, "Bassara Tower Archer": 200, "Cloudsteel Kirin": 505, "Lizard Blades": 1650, "Searing Blood": 2384, "Bomat Courier_SB": 283, "Magma Spray_SB": 1697, "Stalactite Stalker": 2625, "Lamplight Phoenix_SB": 1578, "Thirst for Meaning": 2844, "Biting-Palm Ninja": 226, "Dokuchi Silencer": 731, "Silver-Fur Master": 2485, "Massacre Wurm_SB": 1729, "Pawpatch Recruit_SB": 2022, "Soul Transfer": 2566, "Omen of the Dead": 1934, "Sentinel of the Nameless City_SB": 2414, "Sharp-Eyed Rookie": 2439, "Ayara's Oathsworn": 161, "Council of the Absolute_SB": 565, "Adventurous Impulse": 22, "Arcane Proxy": 101, "Chrome Host Seedshark": 477, "See the Truth": 2396, "Ambitious Farmhand": 61, "Cascading Cataracts": 394, "Helpful Hunter": 1293, "Thalia's Lancers": 2780, "Wilt-Leaf Liege_SB": 3168, "Barkhide Troll": 195, "Gather Courage": 1090, "Tribute to the World Tree": 2939, "Setessan Tactics_SB": 2422, "Cavalier of Dawn": 424, "Kotose, the Silent Spider": 1554, "Marina Vendrell": 1720, "Fanatic of Mogis": 943, "Solphim, Mayhem Dominus": 2555, "Thalia and The Gitrog Monster": 2779, "Cosmic Rebirth_SB": 564, "Dreadbore_SB": 763, "Oblivious Bookworm": 1919, "Cerulean Drake_SB": 443, "Lavabrink Venturer_SB": 1585, "Prosperous Thief_SB": 2108, "Recommission": 2196, "Augur of Autumn_SB": 150, "Shatterskull Smashing_SB": 2442, "Bladehold War-Whip": 238, "Nahiri, Forged in Fury": 1837, "Sword of Forge and Frontier": 2712, "Rebel Salvo_SB": 2184, "Bloodthirsty Conqueror": 267, "Dina, Soul Steeper": 710, "Dryad of the Ilysian Grove": 789, "Iridescent Vinelasher": 1426, "Jaddi Offshoot": 1448, "Mirrorpool": 1779, "Retreat to Hagra": 2249, "Bristly Bill, Spine Sower_SB": 341, "Undergrowth Champion_SB": 2990, "Celestial Armor": 435, "Silverback Elder": 2486, "Silverback Elder_SB": 2487, "Deputy of Detention_SB": 686, "Etali, Primal Conqueror": 895, "Floodpits Drowner_SB": 1017, "Massacre Wurm": 1728, "Perilous Snare": 2029, "Repurposing Bay_SB": 2228, "Mendicant Core, Guidelight": 1750, "Voyager Glidecar": 3105, "Patchwork Automaton": 2012, "Birgi, God of Storytelling": 223, "Crater's Claws": 579, "Zurgo Bellstriker_SB": 3244, "Hare Apparent": 1256, "Chaplain of Alms": 464, "Rune of Might": 2311, "Momentum Breaker_SB": 1799, "Liliana, Heretical Healer_SB": 1639, "Sab-Sunen, Luxa Embodied": 2320, "Greasewrench Goblin": 1213, "Moonshaker Cavalry_SB": 1809, "Zareth San, the Trickster": 3228, "Grim Bauble": 1218, "Momentum Breaker": 1798, "Oildeep Gearhulk_SB": 1928, "Count on Luck_SB": 566, "Monument to Endurance_SB": 1806, "Shacklegeist_SB": 2426, "Valor's Flagship": 3046, "Ossification_SB": 1960, "Grim Bauble_SB": 1219, "Coalstoke Gearhulk": 506, "Djeru's Renunciation": 730, "Marauding Mako": 1709, "Monument to Endurance": 1805, "Sunbillow Verge": 2677, "Ketramose, the New Dawn_SB": 1516, "Mastermind's Acquisition": 1731, "Behold the Multiverse_SB": 213, "Memory Guardian": 1748, "Brightglass Gearhulk": 331, "Dredger's Insight": 778, "Archfiend's Vessel": 112, "Merfolk Secretkeeper": 1753, "Dreadhorde Arcanist_SB": 765, "Mukotai Ambusher": 1820, "Bloodghast": 263, "Molt Tender": 1795, "Driven // Despair_SB": 780, "Ashiok, Wicked Manipulator_SB": 135, "Anim Pakal, Thousandth Moon": 76, "Basri, Tomorrow's Champion": 199, "Urza's Ruinous Blast_SB": 3029, "The Speed Demon": 2824, "Intimidation Tactics_SB": 1404, "Oildeep Gearhulk": 1927, "Optimistic Scavenger_SB": 1950, "Virtue of Strength": 3076, "Bonny Pall, Clearcutter_SB": 292, "Roxanne, Starfall Savant_SB": 2300, "Willowrush Verge": 3166, "Freestrider Lookout": 1056, "Ketramose, the New Dawn": 1515, "Scrabbling Claws": 2366, "Mosswood Dreadknight_SB": 1815, "Commune with Spirits": 532, "Goro-Goro, Disciple of Ryusei": 1196, "Radha, Heart of Keld": 2134, "Redshift, Rocketeer Chief": 2201, "Bleachbone Verge": 245, "Detention Chariot": 698, "Tune Up": 2948, "Kaya the Inexorable_SB": 1489, "Thundering Broodwagon": 2872, "Fearless Swashbuckler": 963, "Gastal Thrillroller": 1084, "Leyline Binding_SB": 1605, "Ashiok, Nightmare Weaver": 133, "Jace's Defeat_SB": 1440, "Hazoret, Godseeker": 1275, "Boommobile": 295, "Hedron Archive": 1286, "Paradox Engine": 2004, "Portal of Sanctuary": 2082, "Repurposing Bay": 2227, "Terrarion": 2773, "The Mightstone and Weakstone": 2812, "Thran Spider": 2861, "Workshop Assistant": 3195, "Liberator, Urza's Battlethopter_SB": 1616, "Shrapnel Slinger_SB": 2472, "Norin, Swift Survivalist": 1893, "Mindlink Mech_SB": 1772, "Wastewood Verge": 3135, "Murderous Cut": 1824, "Anguished Unmaking_SB": 75, "Drownyard Temple": 787, "Quag Feast": 2120, "Avishkar Raceway": 158, "Fuel the Flames_SB": 1065, "Skycrash_SB": 2514, "Ashiok, Nightmare Muse_SB": 132, "Benthic Biomancer": 215, "Mindspring Merfolk": 1773, "Eaten Alive_SB": 804, "Biting-Palm Ninja_SB": 227, "Kazuul's Toll Collector": 1502, "Immersturm Raider": 1363, "The Speed Demon_SB": 2825, "Harrier Strix": 1260, "Hypnotic Grifter": 1353, "The Reality Chip": 2817, "Training Grounds": 2921, "Basilisk Collar_SB": 197, "Burnout Bashtronaut": 363, "Draconautics Engineer": 748, "Howlsquad Heavy": 1343, "Volley Veteran_SB": 3098, "Swiftfoot Boots_SB": 2711, "Stock Up": 2641, "Liliana, the Last Hope_SB": 1641, "Riverpyre Verge": 2276, "Concealing Curtains": 534, "Blade Historian": 236, "Pyre of Heroes": 2114, "Night Clubber_SB": 1865, "Riptide Gearhulk_SB": 2267, "Aegis Turtle_SB": 23, "Cleansing Wildfire": 495, "Crumble to Dust": 591, "Encroaching Wastes": 860, "Gnottvold Slumbermound": 1156, "Haphazard Bombardment": 1252, "Jaya's Greeting": 1450, "Ravager Wurm": 2168, "Rowan, Scholar of Sparks": 2299, "Rubble Reading": 2303, "Sheltered Thicket": 2444, "Structural Distortion": 2664, "Sylvan Primordial": 2717, "Territory Forge": 2774, "Twin Bolt": 2953, "Herbology Instructor_SB": 1299, "Nissa's Defeat_SB": 1876, "Peak Eruption_SB": 2023, "Scrabbling Claws_SB": 2367, "Analyze the Pollen": 62, "Ride's End": 2258, "Battle at the Bridge": 202, "Spire of Industry": 2602, "Battle at the Bridge_SB": 203, "Borrowed Hostility": 304, "Barbed Batterfist": 192, "Webstrike Elite": 3144, "Demilich_SB": 669, "Progenitor Mimic": 2101, "Banefire": 181, "Steel Seraph": 2635, "Violent Urge_SB": 3071, "Boon of Boseiju": 296, "Esika's Chariot_SB": 889, "Fighter Class": 992, "Chainsaw_SB": 447, "Nettle Guard_SB": 1858, "Sword of Forge and Frontier_SB": 2713, "Champion of the Perished": 448, "Cryptbreaker": 596, "Dark Salvation": 618, "Dread Wanderer": 761, "Relentless Dead": 2215, "Wayward Servant": 3139, "Zahur, Glory's Past": 3227, "Regal Imperiosaur": 2210, "Expedition Map_SB": 907, "Stock Up_SB": 2642, "Maximize Velocity": 1735, "Birgi, God of Storytelling_SB": 224, "Samut's Sprint": 2327, "Omen of the Dead_SB": 1935, "Lost Jitte": 1667, "Lazav, Wearer of Faces": 1590, "Medomai the Ageless": 1743, "Fires of Victory_SB": 1002, "Riptide Gearhulk": 2266, "Gather Courage_SB": 1091, "Carnage Tyrant": 390, "Feather, the Redeemed": 964, "Feather, the Redeemed_SB": 965, "Etali, Primal Conqueror_SB": 896, "Dewdrop Cure": 703, "Healer's Hawk": 1277, "Linden, the Steadfast Queen": 1642, "Rogue's Passage": 2290, "Ruin-Lurker Bat": 2307, "Afterburner Expert": 33, "Satoru Umezawa": 2338, "Cry of the Carnarium": 593, "Kaya, Orzhov Usurper": 1495, "Calamity's Wake_SB": 374, "Keruga, the Macrosage": 1512, "Twinshot Sniper": 2956, "Twinshot Sniper_SB": 2957, "Anzrag, the Quake-Mole": 87, "Tamiyo's Safekeeping": 2732, "Nissa, Ascended Animist_SB": 1878, "Out of Air_SB": 1966, "Adorned Pouncer": 20, "Roadside Reliquary": 2278, "Spontaneous Mutation_SB": 2612, "Sunder the Gateway": 2679, "Knight of Grace": 1535, "Swan Song_SB": 2708, "Rocketeer Boostbuggy": 2285, "Bladestitched Skaab": 239, "Lazotep Reaver": 1592, "Enduring Tenacity_SB": 868, "Chandra, Spark Hunter_SB": 459, "Azor, the Lawbringer_SB": 164, "Phoenix Chick": 2038, "Mortify": 1811, "Fuel the Flames": 1064, "Gix's Command_SB": 1132, "Sorin the Mirthless_SB": 2560, "Graf Reaver_SB": 1199, "Kraul Whipcracker_SB": 1557, "Dive Down_SB": 726, "Fear of Impostors": 959, "Riptide Chimera": 2265, "Witchstalker_SB": 3180, "Soul-Scar Mage_SB": 2570, "Blood Spatter Analysis": 259, "Demonic Bargain": 672, "Osseous Sticktwister": 1958, "Korvold, Fae-Cursed King_SB": 1553, "Dive Down": 725, "Jace Reawakened_SB": 1439, "Blessed Defiance": 248, "Seasoned Hallowblade": 2390, "The Mycosynth Gardens": 2815, "Burning Earth_SB": 359, "Alrund's Epiphany": 57, "Loot, the Pathfinder": 1660, "Fugitive Codebreaker": 1066, "Tireless Tracker_SB": 2884, "Invasion of New Phyrexia_SB": 1417, "Tangled Florahedron": 2740, "Healer of the Glade_SB": 1276, "Tale's End_SB": 2729, "Gisa, the Hellraiser_SB": 1129, "Ride's End_SB": 2259, "Omen of the Sun_SB": 1939, "Beseech the Mirror_SB": 217, "Commence the Endgame_SB": 526, "Forbidden Friendship": 1027, "Collective Effort_SB": 513, "Perilous Snare_SB": 2030, "Seeker of the Way_SB": 2400, "Redcap Melee": 2199, "Setessan Champion": 2420, "Trapped in the Screen": 2926, "Trapped in the Screen_SB": 2927, "Cryptolith Rite": 599, "Bottomless Pool && Locker Room": 309, "Bottomless Pool && Locker Room_SB": 310, "Knockout Blow": 1540, "Hidetsugu's Second Rite": 1310, "Eidolon of Blossoms_SB": 814, "Incubation Druid": 1373, "Kaya the Inexorable": 1488, "Mistrise Village": 1788, "Ral Zarek": 2148, "Tamiyo, Field Researcher": 2737, "Kunoros, Hound of Athreos_SB": 1570, "Qarsi Revenant": 2118, "Qarsi Revenant_SB": 2119, "Tersa Lightshatter": 2776, "Dragonfire Blade": 751, "Lavaspur Boots_SB": 1587, "Descendant of Storms": 687, "Cease // Desist": 433, "Cram Session": 576, "Insatiable Avarice": 1389, "The Biblioplex": 2792, "Valgavoth's Onslaught": 3038, "Containment Breach_SB": 549, "Environmental Sciences_SB": 876, "Introduction to Annihilation_SB": 1412, "Mascot Exhibition_SB": 1723, "Pest Summoning_SB": 2035, "Elspeth, Storm Slayer": 840, "United Battlefront": 3001, "Voice of Victory": 3086, "Sunder the Gateway_SB": 2680, "Voice of Victory_SB": 3087, "Mox Jasper": 1819, "Mistrise Village_SB": 1789, "Desperate Measures": 691, "Caustic Exhale": 422, "Dispelling Exhale": 720, "Foul-Tongue Invocation": 1041, "Marang River Regent": 1708, "Scavenger Regent": 2354, "Silumgar's Scorn": 2482, "Caustic Exhale_SB": 423, "Strategic Betrayal_SB": 2659, "Cori-Steel Cutter": 558, "Wild Ride": 3161, "Cori-Steel Cutter_SB": 559, "Katilda, Dawnhart Prime": 1487, "Songcrafter Mage": 2557, "Militia Bugler_SB": 1767, "Sunpearl Kirin": 2688, "Rot-Curse Rakshasa": 2295, "History of Benalia": 1318, "Strategic Betrayal": 2658, "Treasure Map": 2933, "Archangel Elspeth": 103, "Painter's Studio && Defaced Gallery": 1997, "This Town Ain't Big Enough_SB": 2846, "Jaya, Fiery Negotiator": 1451, "Gurmag Angler": 1233, "Cori Mountain Monastery": 557, "Stormscale Scion": 2651, "Stormscale Scion_SB": 2652, "Of One Mind": 1926, "Banishing Slash": 189, "Warden of the Grove": 3124, "Surrak, Elusive Hunter_SB": 2704, "United Battlefront_SB": 3002, "White Sun's Twilight_SB": 3158, "Icon of Ancestry": 1354, "Fire Prophecy": 997, "Ghostly Pilferer": 1111, "Paradoxical Outcome_SB": 2005, "Masked Vandal": 1724, "Fanatical Firebrand_SB": 946, "Scavenger's Talent_SB": 2356, "Liliana, Death's Majesty": 1637, "Runed Halo": 2312, "Shiko, Paragon of the Way": 2455, "Decadent Dragon_SB": 649, "Undead Sprinter_SB": 2986, "Boros Reckoner": 303, "Mantis Rider": 1707, "Mardu Siegebreaker": 1717, "Craterhoof Behemoth": 580, "Phyrexian Obliterator": 2047, "Decisive Denial": 651, "Ebondeath, Dracolich": 805, "Ertai's Scorn": 885, "Rakshasa's Bargain": 2147, "Unwind": 3019, "Awaken the Honored Dead_SB": 159, "Gaze of Granite_SB": 1093, "Lutri, the Spellchaser_SB": 1684, "Specter's Shriek_SB": 2580, "Elspeth, Storm Slayer_SB": 841, "Jeskai Revelation": 1454}}