{"vocabulary": {"Censor": 433, "Deserted Beach": 673, "Dovin's Veto": 729, "Eiganjo, Seat of the Empire": 803, "Farewell": 931, "Field of Ruin": 966, "Floodfarm Verge": 997, "Fountainport": 1029, "Get Lost": 1082, "Hall of Storm Giants": 1218, "Hallowed Fountain": 1219, "Island": 1399, "March of Otherworldly Light": 1681, "Memory Deluge": 1715, "Meticulous Archive": 1729, "Narset, Parter of Veils": 1813, "No More Lies": 1857, "Otawara, Soaring City": 1930, "Plains": 2031, "Restless Anchorage": 2205, "Search for Azcanta": 2349, "Supreme Verdict": 2661, "Teferi, Hero of Dominaria": 2715, "The Wandering Emperor": 2791, "Dovin's Veto_SB": 730, "Elspeth's Smite_SB": 823, "Hullbreaker Horror_SB": 1319, "Leyline of Sanctity_SB": 1584, "Mystical Dispute_SB": 1802, "Rest in Peace_SB": 2204, "Shark Typhoon_SB": 2404, "Blackcleave Cliffs": 230, "Blade of the Oni": 234, "Blazemire Verge": 239, "Blightstep Pathway": 247, "Blood Crypt": 252, "Bloodtithe Harvester": 265, "Castle Locthwain": 400, "Duress": 776, "Fable of the Mirror-Breaker": 907, "Fatal Push": 934, "Go for the Throat": 1139, "Graveyard Trespasser": 1186, "Heartless Act": 1257, "Mutavault": 1796, "Sheoldred, the Apocalypse": 2415, "Sokenzan, Crucible of Defiance": 2514, "Sulfurous Springs": 2640, "Swamp": 2671, "Takenuma, Abandoned Mire": 2691, "Thoughtseize": 2817, "Torch the Tower": 2870, "Unholy Annex && Ritual Chamber": 2959, "Urborg, Tomb of Yawgmoth": 2991, "Duress_SB": 777, "Epic Downfall_SB": 862, "Extinction Event_SB": 900, "Hidetsugu Consumes All_SB": 1283, "Invoke Despair_SB": 1393, "Reckoner Bankbuster_SB": 2161, "Torch the Tower_SB": 2871, "Unlicensed Hearse_SB": 2969, "Withering Torment_SB": 3148, "Brazen Borrower": 315, "Clearwater Pathway": 487, "Darkslick Shores": 605, "Faerie Miscreant": 921, "Floodpits Drowner": 998, "Gloomlake Verge": 1127, "Kaito Shizuki": 1436, "Kaito, Bane of Nightmares": 1438, "Mockingbird": 1760, "Moon-Circuit Hacker": 1776, "Spyglass Siren": 2583, "Underground River": 2954, "Watery Grave": 3102, "Aclazotz, Deepest Betrayal_SB": 14, "Anoint with Affliction_SB": 83, "Cut Down_SB": 598, "Disdainful Stroke_SB": 698, "Spell Pierce_SB": 2551, "Acererak the Archlich": 12, "Atraxa, Grand Unifier": 143, "Blooming Marsh": 267, "Boseiju, Who Endures": 300, "Botanical Sanctum": 303, "Breeding Pool": 320, "Collected Company": 499, "Elvish Mystic": 831, "Forest": 1015, "Gwenna, Eyes of Gaea": 1212, "Honest Rutstein": 1299, "Kinnan, Bonder Prodigy": 1489, "Llanowar Elves": 1623, "Overgrown Tomb": 1945, "Plaza of Heroes": 2036, "Relic of Legends": 2184, "Rona, Herald of Invasion": 2261, "Tranquil Frillback": 2887, "Back to Nature_SB": 166, "Fatal Push_SB": 935, "Jegantha, the Wellspring_SB": 1422, "Tamiyo's Safekeeping_SB": 2698, "Thoughtseize_SB": 2818, "Tranquil Frillback_SB": 2888, "Bloodletter of Aclazotz": 260, "Hive of the Eye Tyrant": 1293, "Invoke Despair": 1392, "Reckoner Bankbuster": 2160, "Sheoldred's Edict": 2413, "Unstoppable Slasher": 2975, "Caustic Bronco_SB": 413, "Go Blank_SB": 1137, "March of Wretched Sorrow_SB": 1686, "The Meathook Massacre_SB": 2775, "Cacophony Scamp": 365, "Callous Sell-Sword": 371, "Emberheart Challenger": 836, "Felonious Rage": 959, "Heartfire Hero": 1255, "Kumano Faces Kakkazan": 1539, "Leyline of Resonance": 1581, "Might of the Meek": 1734, "Monastery Swiftspear": 1770, "Monstrous Rage": 1772, "Mountain": 1784, "Ramunap Ruins": 2129, "Slickshot Show-Off": 2492, "Titan's Strength": 2854, "Turn Inside Out": 2914, "Claim // Fame_SB": 480, "Magebane Lizard_SB": 1667, "Ob Nixilis, the Adversary_SB": 1885, "Pyroclasm_SB": 2085, "Slickshot Show-Off_SB": 2493, "Ulcerate_SB": 2937, "Urabrask's Forge_SB": 2988, "Ornithopter": 1923, "Aether Gust_SB": 26, "Path of Peril_SB": 1982, "Battlefield Forge": 201, "Bitter Triumph": 228, "Concealed Courtyard": 520, "Elegant Parlor": 813, "Fear of Missing Out": 945, "Godless Shrine": 1166, "Greasefang, Okiba Boss": 1189, "Overlord of the Balemurk": 1947, "Parhelion II": 1976, "Sacred Foundry": 2289, "Skysovereign, Consul Flagship": 2482, "Vanishing Verse": 3017, "Abrade_SB": 4, "Vanishing Verse_SB": 3018, "Assassin's Trophy_SB": 138, "Enduring Curiosity": 848, "Spell Pierce": 2550, "Enduring Curiosity_SB": 849, "Heartless Act_SB": 1258, "Kroxa, Titan of Death's Hunger": 1537, "Cathar Commando_SB": 407, "Elesh Norn, Mother of Machines_SB": 817, "Portable Hole_SB": 2048, "Brightclimb Pathway": 324, "Caves of Koilos": 424, "Shattered Sanctum": 2406, "Silverquill Silencer": 2455, "Beza, the Bounding Spring_SB": 218, "Fracture_SB": 1032, "Glistening Deluge_SB": 1126, "Sunset Revelry_SB": 2656, "Sheoldred, the Apocalypse_SB": 2416, "Agatha's Soul Cauldron": 39, "Phyrexian Fleshgorger": 2012, "Raucous Theater": 2133, "Tree of Perdition": 2899, "Voldaren Thrillseeker": 3061, "Hazoret the Fervent_SB": 1249, "Phyrexian Fleshgorger_SB": 2013, "Archon of Emeria": 113, "Aven Interrupter": 153, "Branchloft Pathway": 310, "Brushland": 342, "Dromoka's Command": 766, "Elite Spellbinder": 819, "Enduring Innocence": 850, "Kellan, Daring Traveler": 1475, "Razorverge Thicket": 2142, "Shefet Dunes": 2409, "Skyclave Apparition": 2475, "Temple Garden": 2719, "Thalia, Guardian of Thraben": 2747, "Voice of Resurgence": 3049, "Werefox Bodyguard": 3115, "Anointed Peacekeeper_SB": 85, "Brutal Cathar_SB": 344, "Dromoka's Command_SB": 767, "Gideon, Ally of Zendikar_SB": 1103, "Guardian of Faith_SB": 1206, "The Wandering Emperor_SB": 2792, "Werefox Bodyguard_SB": 3116, "Claim // Fame": 479, "Den of the Bugbear": 662, "Dreadmaw's Ire": 752, "Infuriate": 1353, "Manifold Mouse": 1677, "Reckless Rage": 2156, "Feed the Swarm_SB": 954, "Reckless Rage_SB": 2157, "Artist's Talent": 123, "Bala Ged Recovery": 170, "Consider": 529, "Dig Through Time": 690, "Fae of Wishes": 916, "Hidden Strings": 1281, "Into the Flood Maw": 1377, "Ketria Triome": 1487, "Lier, Disciple of the Drowned": 1589, "Lotus Field": 1644, "Mana Confluence": 1675, "Niv-Mizzet, Parun": 1852, "Pore Over the Pages": 2044, "Sleight of Hand": 2489, "Spirebluff Canal": 2568, "Sylvan Scrying": 2684, "Thespian's Stage": 2797, "Valakut Awakening": 2999, "Vizier of Tumbling Sands": 3047, "Aetherflux Reservoir_SB": 29, "Anger of the Gods_SB": 73, "Elder Gargaroth_SB": 806, "Fiery Impulse_SB": 972, "Into the Flood Maw_SB": 1378, "Sweltering Suns_SB": 2674, "Thespian's Stage_SB": 2798, "Cauldron Familiar": 411, "Claim the Firstborn": 481, "Deadly Dispute": 622, "Mayhem Devil": 1706, "Scavenger's Talent": 2321, "Witch's Oven": 3140, "Ygra, Eater of All": 3177, "Claim the Firstborn_SB": 482, "Furnace Reins_SB": 1052, "Rending Volley_SB": 2189, "Tear Asunder_SB": 2711, "Deadly Cover-Up": 620, "Deduce": 641, "Raffine's Tower": 2106, "Three Steps Ahead": 2827, "Get Lost_SB": 1083, "Knockout Blow_SB": 1511, "Narset, Parter of Veils_SB": 1814, "Virtue of Loyalty": 3037, "Deafening Silence_SB": 626, "Elite Spellbinder_SB": 820, "Parting Gust_SB": 1978, "Darkbore Pathway": 604, "Deathcap Glade": 628, "Glissa Sunslayer": 1124, "Pawpatch Formation": 1986, "Cry of the Carnarium_SB": 580, "Damping Sphere_SB": 600, "Graveyard Trespasser_SB": 1187, "Arclight Phoenix": 117, "Fiery Impulse": 971, "Lightning Axe": 1599, "Opt": 1916, "Picklock Prankster": 2021, "Proft's Eidetic Memory": 2067, "Riverglide Pathway": 2242, "Shivan Reef": 2424, "Steam Vents": 2597, "Stormcarved Coast": 2614, "Temporal Trespass": 2729, "Treasure Cruise": 2897, "Annul_SB": 81, "Brazen Borrower_SB": 316, "Negate_SB": 1824, "Proft's Eidetic Memory_SB": 2068, "Third Path Iconoclast_SB": 2806, "Chandra's Defeat_SB": 442, "Ghost Vacuum_SB": 1091, "Go for the Throat_SB": 1140, "Rockface Village_SB": 2255, "Archfiend of the Dross": 109, "Haunted Ridge": 1242, "Unholy Annex && Ritual Chamber_SB": 2960, "Kolaghan's Command": 1518, "Marvin, Murderous Mimic": 1691, "Kolaghan's Command_SB": 1519, "Portable Hole": 2047, "Narset's Reversal_SB": 1811, "Ledger Shredder": 1566, "Prismari Command": 2061, "Spikefield Hazard": 2562, "Beacon Bolt_SB": 202, "Brotherhood's End_SB": 341, "Crackling Drake_SB": 558, "Young Pyromancer_SB": 3185, "Galvanic Iteration": 1059, "Cavern of Souls": 422, "Flicker of Fate": 993, "Hushwood Verge": 1323, "Indatha Triome": 1346, "Leyline Binding": 1576, "Overlord of the Floodpits": 1951, "Overlord of the Hauntwoods": 1952, "Overlord of the Mistmoors": 1953, "Up the Beanstalk": 2985, "Yorion, Sky Nomad": 3179, "Zagoth Triome": 3190, "Zur, Eternal Schemer": 3205, "High Noon_SB": 1288, "Sunfall_SB": 2648, "Thought Distortion_SB": 2813, "Cavalier of Thorns": 418, "Kiora, Behemoth Beckoner": 1491, "Lair of the Hydra": 1549, "Leyline of the Guildpact": 1585, "Nykthos, Shrine to Nyx": 1878, "Old-Growth Troll": 1899, "Outcaster Trailblazer": 1936, "Polukranos Reborn": 2040, "Scavenging Ooze": 2323, "Storm the Festival": 2613, "Ulvenwald Oddity": 2940, "Wolfwillow Haven": 3155, "Emrakul, the Promised End_SB": 842, "Forest_SB": 1016, "Setessan Petitioner_SB": 2387, "Tail Swipe_SB": 2689, "The Stone Brain_SB": 2790, "Thrun, Breaker of Silence_SB": 2832, "Professor's Warning": 2064, "Unholy Annex // Ritual Chamber": 2961, "Anointed Peacekeeper": 84, "Case of the Stashed Skeleton": 392, "Extinction Event": 899, "Ob Nixilis, the Adversary": 1884, "Transmogrify": 2890, "Sheoldred's Edict_SB": 2414, "Archdruid's Charm": 106, "Dream Trawler": 756, "Elder Gargaroth": 805, "Hedge Maze": 1259, "Kenrith, the Returned King": 1480, "Smuggler's Surprise": 2503, "Spara's Headquarters": 2542, "Temple of Mystery": 2725, "Turntimber Symbiosis": 2917, "Valgavoth, Terror Eater": 3003, "Zacama, Primal Calamity": 3187, "Dragonlord Dromoka_SB": 737, "Ertai Resurrected_SB": 867, "Languish_SB": 1552, "March of Swirling Mist_SB": 1684, "Niv-Mizzet, Parun_SB": 1853, "Notion Thief_SB": 1866, "Realm-Cloaked Giant_SB": 2148, "Silence_SB": 2445, "Sphinx of the Final Word_SB": 2557, "Temporary Lockdown_SB": 2731, "Velomachus Lorehold_SB": 3023, "Voyaging Satyr_SB": 3072, "Dreams of Steel and Oil": 760, "Llanowar Wastes": 1625, "Mosswood Dreadknight": 1782, "Underground Mortuary": 2953, "Leyline of the Void_SB": 1587, "Mazemind Tome": 1708, "Authority of the Consuls": 151, "Beza, the Bounding Spring": 217, "Caretaker's Talent": 380, "Castle Ardenvale": 397, "Cave of the Frost Dragon": 420, "Elesh Norn, Mother of Machines": 816, "Novice Inspector": 1867, "Ossification": 1927, "Reidane, God of the Worthy": 2180, "Sunken Citadel": 2650, "Thraben Inspector": 2822, "Wedding Announcement": 3110, "Loran of the Third Path_SB": 1634, "Yorion, Sky Nomad_SB": 3180, "Hidetsugu Consumes All": 1282, "Urabrask's Forge": 2987, "Ashiok, Dream Render_SB": 129, "Ledger Shredder_SB": 1567, "Lightning Axe_SB": 1600, "Enigmatic Incarnation": 855, "Glasspool Mimic": 1119, "Kutzil's Flanker": 1543, "Linvala, the Preserver": 1615, "Nowhere to Run": 1868, "Omen of the Sea": 1905, "Titan of Industry": 2851, "Archon of Emeria_SB": 114, "Cavern of Souls_SB": 423, "Nezahal, Primal Tide_SB": 1827, "Nimble Larcenist_SB": 1841, "Overlord of the Boilerbilges_SB": 1950, "Ancestral Anger": 65, "Stomping Ground": 2610, "Case of the Crimson Pulse_SB": 388, "Unholy Annex // Ritual Chamber_SB": 2962, "Bitter Triumph_SB": 229, "Haywire Mite_SB": 1246, "Molten Collapse_SB": 1765, "Pawpatch Formation_SB": 1987, "Deep-Cavern Bat_SB": 643, "Inti, Seneschal of the Sun": 1374, "Day's Undoing": 615, "Geier Reach Sanitarium": 1077, "Jwari Disruption": 1432, "Farewell_SB": 932, "Kaheera, the Orphanguard_SB": 1435, "Misery's Shadow_SB": 1752, "Bring to Light": 330, "Deafening Clarion": 623, "Fabled Passage": 909, "Hostage Taker": 1310, "Jetmir's Garden": 1425, "Knight of Autumn": 1501, "Krenko's Buzzcrusher": 1529, "Lightning Helix": 1601, "Niv-Mizzet Reborn": 1851, "Niv-Mizzet, Supreme": 1854, "Omnath, Locus of Creation": 1908, "Pillage the Bog": 2026, "Raugrin Triome": 2134, "Roaring Furnace // Steaming Sauna": 2249, "Savai Triome": 2308, "Sunfall": 2647, "Sylvan Caryatid": 2680, "Unmoored Ego": 2972, "Valki, God of Lies": 3006, "Ziatora's Proving Ground": 3198, "Casualties of War_SB": 403, "Culling Ritual_SB": 588, "Kambal, Consul of Allocation_SB": 1445, "Sire of Insanity_SB": 2464, "Fable of the Mirror-Breaker_SB": 908, "Invasion of Ixalan": 1386, "Cityscape Leveler_SB": 477, "Pick Your Poison_SB": 2020, "Scrapshooter_SB": 2336, "Agent of Treachery": 41, "Chained to the Rocks": 435, "Entity Tracker": 858, "High Noon": 1287, "Hinterland Harbor": 1290, "Nylea's Presence": 1880, "Overlord of the Boilerbilges": 1949, "Trumpeting Carnosaur": 2910, "Deafening Clarion_SB": 624, "Lightning Helix_SB": 1602, "Kick in the Door": 1488, "Mishra's Research Desk": 1754, "Rockface Village": 2254, "Violent Urge": 3035, "Grafdigger's Cage_SB": 1178, "Lithomantic Barrage_SB": 1620, "Dark Petition": 602, "Emergent Ultimatum": 837, "Impulse": 1344, "Lush Portico": 1655, "Omniscience": 1910, "Soul Partition": 2528, "Strict Proctor": 2628, "Approach of the Second Sun_SB": 91, "Emergent Ultimatum_SB": 838, "Nine Lives_SB": 1843, "Abrupt Decay": 5, "Angel of Serenity": 69, "Moon-Blessed Cleric": 1775, "Sunpetal Grove": 2654, "Ruric Thar, the Unbowed_SB": 2283, "Thornspire Verge": 2811, "Glarb, Calamity's Augur": 1115, "Kroxa and Kunoros": 1535, "Noxious Gearhulk": 1870, "Sanctuary Warden": 2298, "Charred Foyer // Warped Space_SB": 460, "Kutzil's Flanker_SB": 1544, "Brokers Hideout": 337, "Cabaretti Courtyard": 362, "Cosmic Rebirth": 550, "Escape to the Wilds": 870, "Lotus Cobra": 1643, "Nissa, Resurgent Animist": 1848, "Risen Reef": 2236, "Containment Priest_SB": 537, "Anoint with Affliction": 82, "Blot Out_SB": 271, "Mazemind Tome_SB": 1709, "Nine Lives": 1842, "Peer into the Abyss": 1992, "Dig Through Time_SB": 691, "Grand Abolisher_SB": 1180, "Otawara, Soaring City_SB": 1931, "Zacama, Primal Calamity_SB": 3188, "Vaultborn Tyrant": 3021, "Lion Sash": 1617, "Knight of Autumn_SB": 1502, "Voice of Resurgence_SB": 3050, "Shapers' Sanctuary_SB": 2400, "Abhorrent Oculus": 1, "Glacial Fortress": 1112, "Heliod, the Radiant Dawn": 1265, "Nimble Larcenist": 1840, "Sulfur Falls": 2639, "Entity Tracker_SB": 859, "Heliod's Intervention_SB": 1263, "Krenko's Buzzcrusher_SB": 1530, "Supreme Verdict_SB": 2662, "Titan of Industry_SB": 2852, "Adeline, Resplendent Cathar": 18, "Coppercoat Vanguard": 542, "Dauntless Bodyguard": 607, "Extraction Specialist": 903, "Hopeful Initiate": 1304, "Kytheon, Hero of Akros": 1548, "Recruitment Officer": 2165, "Sheltered by Ghosts": 2411, "Thalia's Lieutenant": 2746, "Doomskar_SB": 723, "Hengegate Pathway": 1270, "Horned Loch-Whale": 1307, "Shark Typhoon": 2403, "Kenrith, the Returned King_SB": 1481, "Thassa's Oracle_SB": 2752, "Prismari Command_SB": 2062, "All That Glitters": 53, "Aqueous Form": 92, "Audacity": 147, "Combat Research": 513, "Curious Obsession": 594, "Ethereal Armor": 880, "Gladecover Scout": 1113, "Kaya's Ghostform": 1460, "Light-Paws, Emperor's Voice": 1598, "Seachrome Coast": 2344, "Shardmage's Rescue": 2401, "Stubborn Denial": 2632, "Toadstool Admirer": 2857, "Break the Spell_SB": 318, "Doorkeeper Thrull_SB": 724, "Slip Out the Back_SB": 2495, "Warbriar Blessing_SB": 3088, "Lightning Strike": 1604, "Wish": 3138, "Galvanic Iteration_SB": 1060, "Lier, Disciple of the Drowned_SB": 1590, "Bonecrusher Giant": 284, "Dreadhorde Arcanist": 748, "Stern Dismissal": 2602, "Bond of Insight": 280, "Lightning Strike_SB": 1605, "Ral, Crackling Wit_SB": 2119, "Baneslayer Angel_SB": 182, "Lyra Dawnbringer_SB": 1657, "Roaring Furnace && Steaming Sauna": 2247, "Agent of Treachery_SB": 42, "Elspeth Conquers Death_SB": 821, "Shipwreck Marsh": 2423, "Depopulate_SB": 668, "Obliterating Bolt_SB": 1887, "Ghitu Lavarunner": 1088, "Light Up the Stage": 1595, "Play with Fire": 2033, "Screaming Nemesis": 2339, "Soul-Scar Mage": 2534, "Wizard's Lightning": 3152, "Adarkar Wastes": 17, "Invasion of Gobakhan": 1384, "Mausoleum Wanderer": 1703, "Rattlechains": 2132, "Spell Queller": 2552, "Supreme Phantom": 2660, "Destroy Evil_SB": 680, "Enduring Innocence_SB": 851, "Skyclave Apparition_SB": 2476, "Split Up_SB": 2575, "Three Steps Ahead_SB": 2828, "Dokuchi Silencer_SB": 715, "Silundi Vision": 2448, "Elspeth's Smite": 822, "Welcoming Vampire": 3113, "Welcoming Vampire_SB": 3114, "Boros Charm": 294, "Inspiring Vantage": 1370, "Needleverge Pathway": 1822, "Skewer the Critics": 2468, "Deflecting Palm_SB": 650, "Leyline of Combustion_SB": 1579, "Redcap Melee_SB": 2168, "Searing Blood_SB": 2351, "Akroan Crusader": 50, "Clever Lumimancer": 489, "Defiant Strike": 648, "Expedite": 888, "Gods Willing_SB": 1168, "Light of Hope_SB": 1597, "Loran's Escape_SB": 1636, "Sheltered by Ghosts_SB": 2412, "Smash to Smithereens_SB": 2498, "Wild Slash": 3126, "Witchstalker Frenzy": 3142, "Showdown of the Skalds_SB": 2434, "Kaito Shizuki_SB": 1437, "Selfless Spirit_SB": 2377, "Cache Grab": 363, "Gilded Goose": 1106, "Tarrian's Journal": 2707, "Traverse the Ulvenwald": 2894, "Vinereap Mentor": 3034, "Abrupt Decay_SB": 6, "Lay Down Arms": 1561, "Prairie Stream": 2055, "Woodland Cemetery": 3158, "Hazoret the Fervent": 1248, "Charred Foyer && Warped Space_SB": 459, "Deadly Cover-Up_SB": 621, "Kalitas, Traitor of Ghet_SB": 1443, "Dreadmaw's Ire_SB": 753, "Eat to Extinction_SB": 788, "Vivien, Monsters' Advocate_SB": 3046, "Yasharn, Implacable Earth_SB": 3174, "Archfiend of the Dross_SB": 110, "Cling to Dust": 492, "Volcanic Spite": 3058, "Untimely Malfunction_SB": 2981, "Bishop of Wings": 223, "Emeria's Call": 839, "Giada, Font of Hope": 1093, "Inspiring Overseer": 1369, "Kayla's Reconstruction": 1468, "Realmwalker": 2149, "Resplendent Angel": 2201, "Righteous Valkyrie": 2229, "Faerie Mastermind": 919, "Silver Raven": 2449, "Unable to Scream_SB": 2944, "Shacklegeist": 2391, "Spectral Sailor": 2548, "Dreadhorde Invasion": 750, "Unable to Scream": 2943, "Summary Dismissal_SB": 2641, "Obzedat, Ghost Council": 1893, "Pest Control_SB": 2001, "Ritual of Soot_SB": 2241, "Charming Prince": 457, "Ajani, Sleeper Agent_SB": 46, "Reidane, God of the Worthy_SB": 2181, "Nahiri, the Harbinger_SB": 1807, "Hired Claw": 1291, "Bonecrusher Giant_SB": 285, "Fiery Temper": 973, "Hollow One": 1296, "Insolent Neonate": 1367, "Ovalchase Daredevil": 1942, "Restless Vents": 2213, "Scrapheap Scrounger": 2334, "Smuggler's Copter": 2502, "Voldaren Epicure": 3060, "Liliana of the Veil_SB": 1608, "Aloe Alchemist": 55, "Atarka's Command": 141, "Burning-Tree Emissary": 355, "Copperline Gorge": 543, "Cunning Coyote": 590, "Karplusan Forest": 1453, "Reckless Bushwhacker": 2153, "Zurgo Bellstriker": 3207, "Destructive Revelry_SB": 681, "Cling to Dust_SB": 493, "Trostani, Three Whispers": 2909, "Boseiju, Who Endures_SB": 301, "Filter Out_SB": 977, "Divine Smite_SB": 712, "Reckless Impulse": 2155, "Kari Zev's Expertise_SB": 1450, "Rampaging Ferocidon_SB": 2127, "Oath of Nissa": 1882, "Scrapshooter": 2335, "Fog_SB": 1007, "Kenrith's Transformation_SB": 1479, "Pithing Needle_SB": 2030, "Questing Beast_SB": 2091, "Skysovereign, Consul Flagship_SB": 2483, "Wolfwillow Haven_SB": 3156, "Soul-Guide Lantern_SB": 2533, "Necromentia_SB": 1819, "Temporary Lockdown": 2730, "Cryptic Coat": 583, "Darksteel Citadel": 606, "Ensoul Artifact": 856, "Legion Extruder": 1570, "Shadowspear": 2394, "Shrapnel Blast": 2435, "Voltage Surge_SB": 3065, "Alpine Moon_SB": 58, "Improbable Alliance_SB": 1343, "Brave the Elements": 313, "Reflector Mage": 2171, "Veteran Survivor": 3029, "Wedding Announcement_SB": 3111, "Alpha Authority": 56, "Cartouche of Solidarity": 385, "Gryff's Boon": 1204, "Leyline of Sanctity": 1583, "Optimistic Scavenger": 1917, "Sentinel's Eyes": 2381, "Warbriar Blessing": 3087, "Invasion of Gobakhan_SB": 1385, "Demonic Ruckus": 659, "Hammerhand": 1223, "Mirrex": 1746, "Storm Herald": 2612, "March of Otherworldly Light_SB": 1682, "The Meathook Massacre": 2774, "Kroxa, Titan of Death's Hunger_SB": 1538, "Ygra, Eater of All_SB": 3178, "Soul Partition_SB": 2529, "Beseech the Mirror": 214, "Rush of Dread": 2284, "The End_SB": 2764, "Witchstalker Frenzy_SB": 3143, "Access Tunnel": 11, "Declaration in Stone_SB": 640, "Devouring Light_SB": 685, "Haywire Mite": 1245, "Bonny Pall, Clearcutter": 286, "Path to the World Tree": 1983, "Nahiri, the Harbinger": 1806, "Caustic Bronco": 412, "Furnace Reins": 1051, "Settle the Wreckage": 2389, "Vivien Reid_SB": 3043, "Fallaji Archaeologist": 924, "Neoform": 1825, "No One Left Behind": 1859, "Thundertrap Trainer": 2838, "Undercity Sewers": 2952, "Glissa Sunslayer_SB": 1125, "Arboreal Grazer": 98, "Dragonlord Dromoka": 736, "Bloodletter of Aclazotz_SB": 261, "Collision // Colossus": 506, "Pawpatch Recruit": 1988, "Questing Druid": 2092, "Snakeskin Veil": 2505, "Cindervines_SB": 472, "Split Up": 2574, "Come Back Wrong_SB": 514, "Chandra, Awakened Inferno_SB": 445, "Castle Vantress": 402, "Cleansing Nova": 483, "Confounding Riddle": 526, "Coveted Falcon": 556, "Idyllic Tutor": 1329, "Rest in Peace": 2203, "Solemnity": 2518, "Palace Siege_SB": 1967, "Unmoored Ego_SB": 2973, "Big Score": 219, "Dwarven Mine": 784, "Indomitable Creativity": 1347, "Snow-Covered Mountain": 2510, "Sundown Pass": 2646, "Worldspine Wurm_SB": 3162, "Xenagos, God of Revels_SB": 3170, "Cathar Commando": 406, "Isolated Chapel": 1402, "Loran of the Third Path": 1633, "Tenacious Underdog": 2733, "Rush of Dread_SB": 2285, "Blood Baron of Vizkopa_SB": 251, "Molten Collapse": 1764, "Change the Equation": 453, "Drown in the Loch": 770, "Negate": 1823, "Restless Reef": 2210, "Torrential Gearhulk": 2877, "Chrome Host Seedshark_SB": 468, "Test of Talents_SB": 2743, "March of Wretched Sorrow": 1685, "Misery's Shadow": 1751, "Clifftop Retreat": 491, "Xander's Lounge": 3168, "Hallowed Moonlight_SB": 1221, "Valgavoth, Terror Eater_SB": 3004, "Wear // Tear_SB": 3105, "Fauna Shaman": 938, "Aclazotz, Deepest Betrayal": 13, "Make Disappear": 1670, "Tishana's Tidebinder": 2849, "Ray of Enfeeblement_SB": 2136, "Tishana's Tidebinder_SB": 2850, "Phyrexian Censor_SB": 2010, "Jace, Wielder of Mysteries_SB": 1415, "Assimilation Aegis": 140, "Candy Trail": 376, "Case of the Filched Falcon": 389, "Disruption Protocol": 704, "Dusk Rose Reliquary": 780, "Fomori Vault": 1008, "Golos, Tireless Pilgrim": 1172, "Inventors' Fair": 1390, "Lantern of the Lost": 1553, "Metallic Rebuke": 1724, "Moonsnare Prototype": 1778, "Prophetic Prism": 2072, "The Book of Exalted Deeds": 2759, "The Enigma Jewel": 2765, "Tyrite Sanctum": 2925, "Whir of Invention": 3120, "Citizen's Crowbar_SB": 475, "Ashiok, Dream Render": 128, "Bonebind Orator": 283, "Crashing Drawbridge": 565, "Deathrite Shaman": 632, "Fiend Artisan": 968, "Insidious Fungus": 1365, "Insidious Roots": 1366, "Moss-Pit Skeleton": 1780, "Osteomancer Adept": 1929, "Rubblebelt Maverick": 2272, "Seed of Hope": 2363, "Shigeki, Jukai Visionary": 2420, "Snarling Gorehound": 2507, "Squirming Emergence": 2586, "Tyvar, Jubilant Brawler": 2929, "Unstoppable Slasher_SB": 2976, "Coordinated Assault": 540, "Case of the Gateway Express": 390, "Gleeful Demolition": 1121, "Imodane's Recruiter": 1336, "Knight-Errant of Eos": 1508, "Resolute Reinforcements": 2199, "The Wandering Rescuer": 2793, "Venerated Loxodon": 3025, "Warden of the Inner Sky": 3090, "Breaking // Entering": 319, "Founding the Third Path": 1026, "Fraying Sanity": 1038, "Jace, the Perfected Mind": 1416, "Maddening Cacophony": 1660, "Soul-Guide Lantern": 2532, "Tasha's Hideous Laughter": 2708, "Bontu's Last Reckoning_SB": 288, "Rite of the Moth": 2239, "Valgavoth's Faithful": 3000, "Starfield of Nyx": 2592, "Anger of the Gods": 72, "Aetherflux Reservoir": 28, "Assassin's Trophy": 137, "Careful Cultivation": 379, "Courier's Briefcase": 554, "Esika's Chariot": 871, "Rockfall Vale": 2256, "Tear Asunder": 2710, "The World Tree": 2796, "Radiant Flames_SB": 2103, "Void Winnower_SB": 3056, "Twisted Fealty_SB": 2922, "Carrot Cake": 384, "Regal Caracal": 2176, "Westvale Abbey": 3118, "Settle the Wreckage_SB": 2390, "Spelunking": 2555, "Brimaz, King of Oreskos_SB": 327, "Cragcrown Pathway": 560, "Dragonhawk, Fate's Tempest": 735, "Obliterating Bolt": 1886, "Reckless Stormseeker": 2158, "Sentinel of the Nameless City": 2379, "The Akroan War": 2754, "The Huntsman's Redemption": 2770, "Klothys, God of Destiny_SB": 1500, "Screaming Nemesis_SB": 2340, "Brutal Cathar": 343, "Containment Priest": 536, "Extraction Specialist_SB": 904, "Narset, Enlightened Master_SB": 1812, "Dark Betrayal_SB": 601, "Leyline of Resonance_SB": 1582, "Izzet Charm": 1406, "Saheeli, Sublime Artificer_SB": 2291, "Irrigated Farmland": 1397, "Cut Down": 597, "Tomik, Wielder of Law": 2866, "Virtue of Persistence_SB": 3040, "Snow-Covered Swamp": 2512, "Elspeth, Sun's Champion_SB": 827, "Lovestruck Beast": 1646, "Cruelclaw's Heist": 574, "Outrageous Robbery_SB": 1941, "Voracious Hydra_SB": 3068, "Crackling Drake": 557, "Castle Garenbrig": 399, "Ulamog, the Ceaseless Hunger": 2935, "Monstrous Emergence_SB": 1771, "Prowling Serpopard_SB": 2078, "Angrath, the Flame-Chained_SB": 74, "Angel of Serenity_SB": 70, "Up the Beanstalk_SB": 2986, "Nebelgast Herald": 1817, "Eidolon of Rhetoric_SB": 800, "Hallowed Moonlight": 1220, "Rewind": 2222, "Blossoming Defense_SB": 269, "Castle Embereth": 398, "Scavenger Grounds": 2318, "Grisly Salvage": 1197, "Pack Rat": 1961, "Raffine's Informant": 2105, "Silence": 2444, "Sorin, Vengeful Bloodlord": 2526, "Witherbloom Command": 3145, "Hagra Mauling": 1215, "Liliana of the Veil": 1607, "Murderous Rider": 1794, "Restless Cottage": 2207, "Sorin the Mirthless": 2524, "The End": 2763, "Ancient Cornucopia": 66, "Selfless Glyphweaver_SB": 2373, "Tolsimir, Friend to Wolves_SB": 2863, "Quick Study": 2094, "Torpor Orb_SB": 2876, "Reflector Mage_SB": 2172, "Collision // Colossus_SB": 507, "Obstinate Baloth_SB": 1891, "Finale of Devastation": 979, "Kitsa, Otterball Elite": 1498, "Lavaspur Boots": 1558, "Mox Amber": 1785, "Retraction Helix": 2215, "Springleaf Drum": 2581, "Valley Floodcaller": 3007, "Wishclaw Talisman": 3139, "Altar of the Brood_SB": 62, "Kaito, Bane of Nightmares_SB": 1439, "Mox Amber_SB": 1786, "Retraction Helix_SB": 2216, "Forge Devil_SB": 1017, "Agatha's Soul Cauldron_SB": 40, "Fires of Invention": 982, "The Scarab God": 2784, "Cruelclaw's Heist_SB": 575, "Malicious Eclipse_SB": 1674, "Altanak, the Thrice-Called": 61, "Attack-in-the-Box": 145, "Balemurk Leech": 172, "Broodspinner": 338, "Cackling Slasher": 364, "Cathartic Parting": 408, "Coordinated Clobbering": 541, "Flesh Burrower": 992, "Frantic Strength": 1036, "Glimmerlight": 1122, "Grasping Longneck": 1185, "Grievous Wound": 1194, "Innocuous Rat": 1358, "Leyline of the Void": 1586, "Meathook Massacre II": 1710, "Overgrown Zealot": 1946, "Saw": 2312, "Slavering Branchsnapper": 2486, "Spectral Snatcher": 2549, "Spineseeker Centipede": 2563, "Sporogenic Infection": 2579, "Strangled Cemetery": 2624, "Terramorphic Expanse": 2737, "Twitching Doll": 2923, "Valgavoth's Lair": 3001, "Wary Watchdog": 3096, "Winter, Misanthropic Guide": 3137, "Conductive Machete_SB": 524, "Fanatic of the Harrowing_SB": 927, "Final Vengeance_SB": 978, "Friendly Teddy_SB": 1042, "Give In to Violence_SB": 1109, "Manifest Dread_SB": 1676, "Murder_SB": 1791, "Tormod's Crypt_SB": 2875, "Change the Equation_SB": 454, "Devout Decree_SB": 686, "Cemetery Desecrator": 428, "Escape Tunnel": 869, "Dreams of Steel and Oil_SB": 761, "Insatiable Avarice_SB": 1361, "Chandra, Dressed to Kill": 446, "Obosh, the Preypiercer_SB": 1889, "Adeline, Resplendent Cathar_SB": 19, "Jadar, Ghoulcaller of Nephalia_SB": 1417, "Flip the Switch": 996, "Get Out": 1084, "Phantom Interference": 2003, "Temple of Epiphany": 2722, "Unctus, Grand Metatect": 2949, "Snow-Covered Island": 2509, "Kaya, Spirits' Justice_SB": 1467, "Feed the Swarm": 953, "Crumb and Get It": 576, "Favored Hoplite": 939, "Gods Willing": 1167, "Illuminator Virtuoso": 1334, "Boros Charm_SB": 295, "Dewdrop Cure_SB": 688, "Flowstone Infusion_SB": 1005, "Aftermath Analyst": 34, "Annie Joins Up": 79, "Doppelgang": 725, "Lumra, Bellow of the Woods": 1652, "Phylath, World Sculptor": 2006, "Port of Karfell": 2046, "Riveteers Overlook": 2244, "Thundering Falls": 2837, "Worldsoul's Rage": 3160, "Exquisite Firecraft_SB": 898, "Skullcrack_SB": 2474, "Rotten Reunion_SB": 2264, "Cathartic Pyre": 409, "Lotus Field_SB": 1645, "Arasta of the Endless Web_SB": 97, "Scavenging Ooze_SB": 2324, "Tyrranax Rex_SB": 2927, "Innkeeper's Talent": 1356, "Liliana, the Last Hope": 1612, "Shadowy Backstreet": 2396, "Legion's End_SB": 1573, "Day's Undoing_SB": 616, "Adanto Vanguard": 15, "Homestead Courage": 1298, "Sejiri Shelter": 2370, "Adanto Vanguard_SB": 16, "Shardmage's Rescue_SB": 2402, "Skrelv, Defector Mite": 2472, "Slip Out the Back": 2494, "Staggering Insight": 2589, "Hushbringer_SB": 1322, "Natural State_SB": 1816, "Otherworldly Gaze": 1933, "Detention Sphere": 683, "Nowhere to Run_SB": 1869, "Discontinuity_SB": 697, "Hostile Hostel": 1311, "Voyaging Satyr": 3071, "Polukranos Reborn_SB": 2041, "Ulamog, the Ceaseless Hunger_SB": 2936, "Unlucky Witness": 2971, "Thalia, Heretic Cathar": 2749, "Virtue of Loyalty_SB": 3038, "Behold the Beyond": 209, "Yavimaya Coast": 3176, "Perilous Voyage_SB": 1998, "Mirrorshell Crab": 1748, "Omen Hawker": 1901, "Horned Loch-Whale_SB": 1308, "Strict Proctor_SB": 2629, "Go Blank": 1136, "Hostile Investigator": 1312, "Nissa, Ascended Animist": 1846, "Rankle's Prank": 2130, "Repudiate // Replicate": 2194, "Thrun, Breaker of Silence": 2831, "Wrenn and Realmbreaker": 3165, "Colossal Skyturtle_SB": 510, "Song of Totentanz_SB": 2521, "Metamorphic Alteration": 1727, "Aven Interrupter_SB": 154, "Giant Killer_SB": 1097, "Ashiok, Nightmare Muse": 130, "Deploy the Gatewatch": 666, "Interplanar Beacon": 1373, "Kaya, Intangible Slayer": 1463, "Lukka, Coppercoat Outcast": 1649, "Narset of the Ancient Way": 1810, "Overgrown Farmland": 1944, "Paradise Druid": 1972, "Tamiyo, Collector of Tales": 2699, "Tamiyo, Compleated Sage": 2701, "The Eternal Wanderer": 2766, "Ugin, the Spirit Dragon": 2933, "Vraska, Betrayal's Sting": 3074, "Bloodchief's Thirst": 257, "Preacher of the Schism": 2056, "Archangel Elspeth_SB": 104, "Klothys, God of Destiny": 1499, "Lilah, Undefeated Slickshot": 1606, "Green Sun's Twilight": 1192, "Railway Brawler": 2108, "Tyrranax Rex": 2926, "Vorinclex, Monstrous Raider": 3069, "Invasion of Ixalan_SB": 1387, "Keen-Eyed Curator_SB": 1474, "Kogla, the Titan Ape_SB": 1516, "Nullhide Ferox_SB": 1874, "The Kenriths' Royal Funeral_SB": 2773, "Outland Liberator_SB": 1938, "Geistlight Snare": 1078, "Katilda, Dawnhart Martyr": 1455, "Katilda, Dawnhart Martyr_SB": 1456, "Third Path Iconoclast": 2805, "Outland Liberator": 1937, "Highway Robbery": 1289, "Shambling Vent": 2399, "Knight of Grace_SB": 1506, "Gideon, Ally of Zendikar": 1102, "Exorcise_SB": 886, "Clockwork Percussionist": 494, "Atarka's Command_SB": 142, "Questing Druid_SB": 2093, "Agadeem's Awakening": 36, "Drowned Catacomb": 771, "Soaring Thought-Thief": 2513, "Thieves' Guild Enforcer": 2800, "Nighthawk Scavenger_SB": 1836, "Collective Brutality": 501, "Detention Sphere_SB": 684, "Barkchannel Pathway": 191, "Cenote Scout": 432, "Deeproot Elite": 645, "Deeproot Pilgrimage": 646, "Forensic Researcher": 1012, "Kiora's Follower": 1490, "Kitesail Larcenist": 1494, "Kumena, Tyrant of Orazca": 1541, "Merfolk Trickster": 1723, "Three Tree City": 2829, "Vodalian Hexcatcher": 3048, "Forensic Researcher_SB": 1013, "Heroic Intervention_SB": 1278, "Kopala, Warden of Waves_SB": 1522, "Lost in the Maze_SB": 1641, "Prophet of Kruphix_SB": 2071, "Demolition Field": 654, "Hope Tender_SB": 1303, "Snow-Covered Forest": 2508, "Ferocious Werefox_SB": 960, "Thing in the Ice_SB": 2803, "Tolsimir, Friend to Wolves": 2862, "Helping Hand": 1269, "Jace, Vryn's Prodigy": 1413, "Monastery Mentor": 1768, "Unexpected Fangs_SB": 2958, "Starnheim Unleashed_SB": 2593, "Callous Bloodmage": 370, "Linvala, the Preserver_SB": 1616, "Nylea's Intervention_SB": 1879, "Chord of Calling": 466, "Dwynen's Elite": 785, "Elvish Clancaller": 830, "Elvish Warmaster": 833, "Jaspera Sentinel": 1419, "Leaf-Crowned Visionary": 1565, "Secluded Courtyard": 2358, "Shaman of the Pack": 2398, "Tyvar, the Pummeler": 2930, "Pause for Reflection_SB": 1985, "Phyrexian Revoker_SB": 2016, "Reclamation Sage_SB": 2163, "Sentinel of Lost Lore_SB": 2378, "Soulless Jailer_SB": 2537, "Roiling Vortex_SB": 2259, "Blossoming Defense": 268, "Giant Growth": 1095, "Thud": 2833, "Snakeskin Veil_SB": 2506, "Beanstalk Giant": 203, "Bedeck // Bedazzle": 206, "Clever Impersonator": 488, "Greater Tanuki": 1191, "Herd Migration": 1275, "Quintorius Kand": 2098, "Spark Double": 2543, "Spinewoods Armadillo": 2564, "Consign // Oblivion_SB": 531, "Keruga, the Macrosage_SB": 1483, "Mirrorshell Crab_SB": 1749, "Quakebringer_SB": 2089, "Vanquish the Horde_SB": 3019, "Drannith Ruins": 742, "Faerie Dreamthief": 917, "Spell Stutter": 2553, "Kaito, Dancing Shadow_SB": 1441, "Overlord of the Balemurk_SB": 1948, "Plumecreed Escort_SB": 2038, "Void Rend": 3054, "Magma Opus": 1668, "Mystic Monastery": 1799, "Warrant // Warden": 3095, "Reduce // Rubble_SB": 2170, "Leyline of Hope": 1580, "Speaker of the Heavens": 2545, "Authority of the Consuls_SB": 152, "Possibility Storm": 2052, "Sunset Revelry": 2655, "Blind Obedience_SB": 248, "Outlaws' Merriment_SB": 1939, "Rip Apart_SB": 2231, "Archon of Sun's Grace": 115, "Omen of the Sun": 1906, "Seal Away": 2345, "Starfall Invocation_SB": 2591, "Collateral Damage": 497, "Eidolon of the Great Revel": 801, "Eidolon of the Great Revel_SB": 802, "Unchained Berserker_SB": 2947, "Rootbound Crag": 2262, "Wandering Mind": 3085, "Surge of Salvation_SB": 2666, "Bitter Reunion": 227, "Emry, Lurker of the Loch": 843, "Jeskai Ascendancy": 1423, "Restless Spire": 2212, "Saheeli, Sublime Artificer": 2290, "Tormod's Crypt": 2874, "Say Its Name": 2314, "Witherbloom Command_SB": 3146, "Kumena's Speaker": 1540, "Tidebinder Mage_SB": 2842, "Dazzling Theater // Prop Room": 618, "Restless Bivouac": 2206, "Sanguine Evangelist": 2302, "Siege Veteran": 2439, "Warleader's Call": 3091, "Yotian Frontliner": 3181, "Aurelia, the Law Above_SB": 150, "Ratchet Bomb_SB": 2131, "Metamorphic Alteration_SB": 1728, "Unlicensed Hearse": 2968, "Takenuma, Abandoned Mire_SB": 2692, "Fry_SB": 1046, "Barrier Breach_SB": 193, "End the Festivities_SB": 845, "Goblin Chainwhirler_SB": 1146, "Razorkin Needlehead_SB": 2139, "Sunspine Lynx_SB": 2659, "Banefire_SB": 180, "Battle Cry Goblin": 198, "Call of the Death-Dweller": 369, "Conspicuous Snoop": 532, "Goblin Chainwhirler": 1145, "Goblin Piledriver": 1152, "Goblin Ringleader": 1154, "Goblin Trashmaster": 1160, "Legion Loyalist": 1572, "Rundvelt Hordemaster": 2277, "Skirk Prospector": 2469, "Squee, Dubious Monarch": 2584, "Fecund Greenshell": 949, "Ipnu Rivulet": 1394, "Obscura Storefront": 1890, "Bloodchief's Thirst_SB": 258, "Lukka, Coppercoat Outcast_SB": 1650, "Experimental Frenzy_SB": 895, "Declaration in Stone": 639, "Brave the Elements_SB": 314, "Bontu's Monument": 289, "Hashep Oasis": 1236, "Thought-Knot Seer": 2815, "Arlinn, the Pack's Hope_SB": 119, "Eldrazi Obligator_SB": 809, "Thought-Knot Seer_SB": 2816, "Kazuul's Fury": 1471, "Tail Swipe": 2688, "Experimental Synthesizer": 896, "Metropolis Reformer": 1730, "Consign // Oblivion": 530, "Creative Outburst": 569, "Dragonskull Summit": 739, "Bedeck // Bedazzle_SB": 207, "Splitskin Doll": 2576, "Deep-Cavern Bat": 642, "Virtue of Persistence": 3039, "Chandra, Acolyte of Flame_SB": 444, "Echoing Deeps": 791, "Ill-Timed Explosion": 1331, "Maestros Theater": 1663, "Mystic Sanctuary": 1801, "Scapeshift": 2316, "Snow-Covered Plains": 2511, "Splendid Reclamation": 2573, "The Autonomous Furnace": 2756, "The Hunter Maze": 2769, "Extract the Truth_SB": 902, "Circle of Dreams Druid": 473, "Elvish Visionary": 832, "Reclamation Sage": 2162, "Deathrite Shaman_SB": 633, "Bushwhack": 360, "Cavalier of Flame": 417, "Vraska, Betrayal's Sting_SB": 3075, "Imposing Sovereign": 1341, "Ruric Thar, the Unbowed": 2282, "Discontinuity": 696, "Sphinx's Revelation": 2558, "Tale's End": 2693, "Urza's Sylex_SB": 2995, "Chandra, Acolyte of Flame": 443, "Exquisite Firecraft": 897, "Gruul Charm": 1200, "Leyline of Combustion": 1578, "Rampaging Ferocidon": 2126, "Razorkin Needlehead": 2138, "Scorching Dragonfire": 2325, "Torbran, Thane of Red Fell": 2869, "Scorching Dragonfire_SB": 2326, "Regal Caracal_SB": 2177, "Braids, Arisen Nightmare": 308, "Disturbing Mirth": 707, "Hopeless Nightmare": 1306, "Spiteful Hexmage": 2572, "Treacherous Blessing": 2895, "Haunted Ridge_SB": 1243, "Surge of Salvation": 2665, "Arabella, Abandoned Doll": 93, "Giant Killer": 1096, "Tears of Valakut_SB": 2712, "Thalia, Guardian of Thraben_SB": 2748, "Ertai Resurrected": 866, "Lazav, the Multifarious": 1563, "Nashi, Searcher in the Dark": 1815, "Slogurk, the Overslime": 2497, "Can't Stay Away": 375, "Kalitas, Traitor of Ghet": 1442, "Basri Ket_SB": 195, "Unwanted Remake_SB": 2982, "Luminarch Aspirant": 1651, "Roaring Furnace // Steaming Sauna_SB": 2250, "Not on My Watch_SB": 1864, "Fanatical Offering": 930, "Vraska, Golgari Queen_SB": 3077, "Get Out_SB": 1085, "Fateful Absence": 936, "Doppelgang_SB": 726, "Grand Abolisher": 1179, "Holy Cow": 1297, "Archangel of Tithes_SB": 105, "Conclave Tribunal_SB": 523, "Metropolis Reformer_SB": 1731, "Shalai, Voice of Plenty_SB": 2397, "Bolas's Citadel": 274, "Catacomb Sifter": 404, "Popular Egotist": 2042, "Priest of Forgotten Gods": 2059, "Prosperous Innkeeper": 2073, "Woe Strider": 3153, "Camellia, the Seedmiser": 373, "Experimental Confectioner": 894, "Trail of Crumbs": 2884, "Urgent Necropsy": 2992, "Cemetery Illuminator": 430, "Cemetery Illuminator_SB": 431, "Balmor, Battlemage Captain": 173, "Shore Up_SB": 2430, "Solemnity_SB": 2519, "Soul Search_SB": 2530, "Bag of Holding": 168, "Gideon of the Trials": 1099, "Jace, Architect of Thought": 1411, "Teferi, Master of Time": 2717, "Cleansing Nova_SB": 484, "Eerie Ultimatum_SB": 796, "Inspired Ultimatum_SB": 1368, "Nicol Bolas, Dragon-God_SB": 1831, "Sarkhan the Masterless_SB": 2303, "Thief of Sanity_SB": 2799, "Botanical Brawler": 302, "Bristly Bill, Spine Sower": 334, "Conclave Mentor": 522, "Hardened Scales": 1230, "Kodama of the West Tree": 1512, "Ozolith, the Shattered Spire": 1959, "Stonecoil Serpent": 2611, "Wrenn's Resolve_SB": 3167, "Jace Reawakened": 1408, "Teferi, Hero of Dominaria_SB": 2716, "Chandra, Torch of Defiance_SB": 452, "Archangel Avacyn_SB": 102, "Boon-Bringer Valkyrie_SB": 293, "Kazandu Mammoth": 1470, "Restless Prairie": 2209, "Thalia, Heretic Cathar_SB": 2750, "Rabid Gnaw": 2101, "Shock": 2425, "Vraska, Golgari Queen": 3076, "Scourge of the Skyclaves": 2331, "Strangle": 2622, "Prosperous Thief": 2075, "Rottenmouth Viper": 2265, "Phyrexian Dragon Engine": 2011, "The Akroan War_SB": 2755, "Azorius Charm": 162, "Scavenger Grounds_SB": 2319, "Fortified Beachhead": 1019, "The Scorpion God_SB": 2786, "Painful Truths_SB": 1965, "Bloodsoaked Champion": 262, "Dire Tactics": 695, "General Kudro of Drannith": 1079, "Jirina, Dauntless General": 1427, "Sorin, Vengeful Bloodlord_SB": 2527, "Fortified Village": 1020, "Cragplate Baloth": 561, "Goldvein Hydra": 1169, "Grapple with the Past": 1182, "Nightveil Predator": 1837, "Rhonas the Indomitable": 2223, "Samut, Voice of Dissent": 2297, "Soulflayer": 2536, "Urborg Scavengers": 2990, "Zetalpa, Primal Dawn": 3196, "Collective Brutality_SB": 502, "Savage Summoning_SB": 2307, "Depopulate": 667, "Sprite Dragon": 2582, "Approach of the Second Sun": 90, "Fading Hope": 914, "Consuming Tide_SB": 534, "The Cruelty of Gix_SB": 2762, "Long Goodbye_SB": 1629, "Tocasia's Welcome_SB": 2859, "Golgari Charm_SB": 1170, "Growth Spiral": 1198, "Realm-Cloaked Giant": 2147, "Sea Gate Restoration": 2342, "Hoarding Broodlord_SB": 1294, "Shoot the Sheriff_SB": 2428, "Faerie Mastermind_SB": 920, "Duelist of the Mind": 775, "Steamcore Scholar": 2598, "Ashen Rider": 125, "Despark_SB": 674, "Elesh Norn_SB": 818, "Enduring Vitality": 853, "Kona, Rescue Beastie": 1521, "Portal to Phyrexia": 2050, "Selfless Savior": 2374, "Seraphic Steed": 2382, "Survivors' Encampment": 2670, "The Restoration of Eiganjo": 2782, "Kutzil, Malamet Exemplar_SB": 1546, "Selfless Savior_SB": 2375, "Path of Peril": 1981, "Drag to the Roots": 733, "Noxious Grasp_SB": 1872, "Intrepid Adversary": 1381, "Kaya, Orzhov Usurper_SB": 1466, "Kozilek's Return_SB": 1526, "Alchemist's Gambit": 51, "Chandra, Hope's Beacon": 448, "Zoraline, Cosmos Caller": 3203, "Castle Locthwain_SB": 401, "Renegade Rallier": 2190, "Edgar, Charmed Groom_SB": 793, "Play with Fire_SB": 2034, "Blot Out": 270, "Lively Dirge": 1621, "Stormchaser's Talent": 2615, "Atraxa, Grand Unifier_SB": 144, "Dawnbringer Cleric_SB": 611, "Zareth San, the Trickster_SB": 3193, "Rhonas the Indomitable_SB": 2224, "Whisperwood Elemental_SB": 3122, "Bond of Revival": 281, "Blazemire Verge_SB": 240, "Loran's Escape": 1635, "Den of the Bugbear_SB": 663, "Dispel_SB": 702, "Satoru, the Infiltrator": 2305, "Kitesail Larcenist_SB": 1495, "Keen-Eyed Curator": 1473, "Viashino Pyromancer": 3030, "Armored Scrapgorger": 121, "Eldrazi Displacer": 807, "Weathered Runestone_SB": 3107, "Blessed Defiance_SB": 246, "Eidolon of Blossoms": 798, "Wrenn's Resolve": 3166, "Dream Trawler_SB": 757, "Selfless Glyphweaver": 2372, "Pest Control": 2000, "Restless Fortress": 2208, "Kaya, Intangible Slayer_SB": 1464, "Renounce the Guilds_SB": 2192, "Fireblade Charger": 980, "Zoyowa Lava-Tongue": 3204, "Exuberant Fuseling_SB": 906, "Reckless Bushwhacker_SB": 2154, "Squee, Dubious Monarch_SB": 2585, "Field of Ruin_SB": 967, "Citywide Bust_SB": 478, "Tyvar, the Pummeler_SB": 2931, "Maximize Velocity_SB": 1705, "Experiment One": 891, "Unclaimed Territory": 2948, "Werewolf Pack Leader": 3117, "Rakdos Joins Up": 2113, "Orazca Puzzle-Door": 1920, "Monastery Mentor_SB": 1769, "Enduring Bondwarden": 846, "Hangarback Walker": 1224, "Quirion Beastcaller": 2099, "Bolas's Citadel_SB": 275, "Catacomb Sifter_SB": 405, "Collected Company_SB": 500, "Popular Egotist_SB": 2043, "Prosperous Innkeeper_SB": 2074, "Woe Strider_SB": 3154, "Elvish Archivist_SB": 829, "Izoni, Center of the Web": 1405, "Demon of Dark Schemes_SB": 655, "Fblthp, the Lost": 940, "Teshar, Ancestor's Apostle": 2742, "Arid Archway": 118, "Blue Sun's Twilight": 272, "Clifftop Lookout": 490, "Conduit Pylons": 525, "Dreamdew Entrancer": 758, "Dreamroot Cascade": 759, "Outcaster Greenblade": 1935, "Ugin, the Spirit Dragon_SB": 2934, "Silent Gravestone_SB": 2446, "Korvold, Fae-Cursed King": 1523, "Guardian of Faith": 1205, "Withering Torment": 3147, "Phyrexian Vindicator_SB": 2017, "Suncleanser_SB": 2643, "Gates of Istfell": 1071, "Fateful Absence_SB": 937, "No More Lies_SB": 1858, "Portal to Phyrexia_SB": 2051, "Selfless Spirit": 2376, "Debt to the Kami": 634, "Debt to the Kami_SB": 635, "Release to the Wind": 2182, "Gyruda, Doom of Depths_SB": 1214, "Angelfire Ignition": 71, "Tenth District Legionnaire": 2735, "Steel Seraph_SB": 2601, "Status // Statue_SB": 2595, "Lofty Denial": 1626, "Lofty Denial_SB": 1627, "Colossal Skyturtle": 509, "Cyclonic Rift": 599, "Restless Vinestalk": 2214, "Rona's Vortex": 2260, "Calix, Guided by Fate": 368, "Generous Visitor": 1080, "Jukai Naturalist": 1430, "Spirited Companion": 2571, "Curse of Silence_SB": 595, "Nighthawk Scavenger": 1835, "Thousand-Faced Shadow": 2820, "Gyruda, Doom of Depths": 1213, "Consecrate // Consume_SB": 528, "Commercial District": 515, "Cease // Desist_SB": 426, "Archon of Absolution_SB": 112, "Case of the Gateway Express_SB": 391, "Cityscape Leveler": 476, "Hidden Necropolis": 1279, "Temple of Malady": 2723, "Temple of Malice": 2724, "Untimely Malfunction": 2980, "Empyrean Eagle": 840, "Koma, Cosmos Serpent_SB": 1520, "Memory Deluge_SB": 1716, "Touch the Spirit Realm": 2879, "Scorching Shot_SB": 2328, "Brimaz, King of Oreskos": 326, "Collector's Cage": 504, "The Birth of Meletis": 2758, "Warping Wail_SB": 3094, "Forsaken Miner": 1018, "Undead Sprinter": 2950, "Chandra, Dressed to Kill_SB": 447, "Roaring Furnace && Steaming Sauna_SB": 2248, "Bloodtithe Collector": 264, "Kitnap": 1496, "Chandra, Torch of Defiance": 451, "Magebane Lizard": 1666, "Goddric, Cloaked Reveler": 1165, "Languish": 1551, "Bonders' Enclave": 282, "Nicol Bolas, Dragon-God": 1830, "Shadowspear_SB": 2395, "Gleaming Geardrake": 1120, "Zoetic Glyph": 3200, "Cryptic Coat_SB": 584, "Vampires' Vengeance_SB": 3015, "Destiny Spinner_SB": 678, "Blood Crypt_SB": 253, "Break Out": 317, "Evolving Adaptive": 883, "Pelt Collector": 1995, "Voltaic Brawler": 3066, "Wildfire Wickerfolk": 3128, "Embercleave_SB": 835, "Kraul Harpooner_SB": 1527, "Vengeful Possession_SB": 3027, "Demilich": 652, "Glarb, Calamity's Augur_SB": 1116, "Ingenious Prodigy": 1354, "Bamboo Grove Archer_SB": 175, "Sunken Citadel_SB": 2651, "Mastermind's Acquisition_SB": 1701, "Pick Your Poison": 2019, "Tomik, Distinguished Advokist_SB": 2865, "Season of the Burrow_SB": 2355, "Spinner of Souls": 2565, "Abyssal Harvester": 8, "Zur, Eternal Schemer_SB": 3206, "Burst Lightning": 358, "Blast Zone_SB": 238, "Lantern of the Lost_SB": 1554, "Scab-Clan Berserker_SB": 2315, "Knight-Errant of Eos_SB": 1509, "Boltwave": 276, "Elenda, Saint of Dusk": 814, "Yasharn, Implacable Earth": 3173, "Elenda, Saint of Dusk_SB": 815, "Serra Paragon": 2383, "Waste Not_SB": 3098, "High Fae Trickster_SB": 1286, "Slaughter Games_SB": 2485, "Syr Ginger, the Meal Ender": 2685, "Kaito, Cunning Infiltrator": 1440, "Brass Knuckles": 311, "Fabrication Foundry": 910, "Ingenious Smith": 1355, "Leyline Axe": 1575, "Metalwork Colossus": 1726, "Sanctum of Ugin": 2299, "Simulacrum Synthesizer": 2460, "The Irencrag": 2771, "Wedding Invitation": 3112, "Metallic Rebuke_SB": 1725, "Mystic Forge_SB": 1798, "Defabricate": 647, "Varragoth, Bloodsky Sire": 3020, "Emrakul, the Promised End": 841, "Fervent Champion": 962, "Goblin Tomb Raider": 1158, "Stern Dismissal_SB": 2603, "Scrawling Crawler": 2338, "Evangel of Synthesis": 881, "Raffine, Scheming Seer": 2107, "Void Rend_SB": 3055, "Expedition Map": 889, "Dropkick Bomber": 768, "Searslicer Goblin": 2352, "Goblin Ringleader_SB": 1155, "Kiora, the Rising Tide": 1492, "Fragmentize_SB": 1033, "Tainted Indulgence": 2690, "Zombify": 3201, "Creeping Chill": 570, "Driven // Despair": 764, "Haunted Dead": 1241, "Narcomoeba": 1809, "Prized Amalgam": 2063, "Silversmote Ghoul": 2456, "Tome Scour": 2864, "Wail of the Forgotten": 3079, "Huskburster Swarm_SB": 1324, "Blooming Blast": 266, "Gallia of the Endless Dance": 1058, "Cemetery Gatekeeper_SB": 429, "Mission Briefing": 1755, "Not on My Watch": 1863, "Dawnbringer Cleric": 610, "Elspeth, Sun's Champion": 826, "Camellia, the Seedmiser_SB": 374, "Trail of Crumbs_SB": 2885, "Curator of Destinies_SB": 592, "Joust Through_SB": 1429, "Annul": 80, "Torment of Hailfire_SB": 2872, "Blast Zone": 237, "Waste Not": 3097, "Drake Hatcher_SB": 740, "Ral, Crackling Wit": 2118, "Hanweir Battlements": 1226, "Response // Resurgence_SB": 2202, "Scorn-Blade Berserker": 2329, "Stitcher's Supplier": 2606, "Essence Channeler": 874, "Fountain of Renewal": 1028, "Gifted Aetherborn": 1104, "Heliod, Sun-Crowned": 1264, "Hooded Blightfang": 1301, "Indulging Patrician": 1349, "Revival // Revenge": 2221, "Scoured Barrens": 2330, "Vampire of the Dire Moon": 3013, "Vito, Thorn of the Dusk Rose": 3042, "Voice of the Blessed": 3053, "Tinybones, Bauble Burglar": 2846, "Deathmark_SB": 630, "Lava Axe_SB": 1556, "Skrelv's Hive": 2470, "Flicker of Fate_SB": 994, "Bandit's Talent": 177, "Pyroclasm": 2084, "Kykar, Zephyr Awakener": 1547, "Infestation Sage": 1352, "Bulk Up": 348, "Saiba Cryptomancer": 2292, "Saiba Cryptomancer_SB": 2293, "Ajani, Sleeper Agent": 45, "Nahiri, the Unforgiving_SB": 1808, "Imposing Sovereign_SB": 1342, "Jirina, Dauntless General_SB": 1428, "Alms of the Vein": 54, "Demand Answers": 651, "Grab the Prize": 1176, "Markov Baron": 1690, "Nullpriest of Oblivion": 1875, "Skullcrack": 2473, "Halana and Alena, Partners": 1217, "Blacksmith's Talent": 232, "Colossus Hammer": 511, "Kellan, the Fae-Blooded": 1477, "Resolute Strike": 2200, "Sigarda's Aid": 2441, "Thud_SB": 2834, "Herald of Eternal Dawn_SB": 1272, "Genesis Wave": 1081, "Lush Oasis": 1654, "Samut, Tyrant Smasher": 2295, "Bouncer's Beatdown_SB": 306, "Soulstone Sanctuary": 2540, "Parting Gust": 1977, "Youthful Valkyrie": 3186, "Temple of Plenty": 2726, "Peer into the Abyss_SB": 1993, "Day of Judgment": 612, "Gideon Blackblade": 1098, "Gideon's Triumph": 1100, "Liliana, Dreadhorde General": 1610, "Urza's Sylex": 2994, "Voracious Hydra": 3067, "Banner of Kinship": 188, "Elvish Archdruid": 828, "Citanul Stalwart": 474, "Sylvan Messenger_SB": 2681, "Innkeeper's Talent_SB": 1357, "Hornet Queen_SB": 1309, "Cut // Ribbons": 596, "Skrelv's Hive_SB": 2471, "Maelstrom Pulse": 1661, "The Cruelty of Gix": 2761, "The Witch's Vanity": 2795, "Blitz of the Thunder-Raptor": 249, "Long River's Pull": 1630, "Unsubstantiate": 2977, "Sugar Coat_SB": 2638, "Unsubstantiate_SB": 2978, "Haunted Cloak": 1240, "Swiftfoot Boots": 2675, "Dread Fugue": 744, "Flameblade Adept": 988, "Ox of Agonas": 1957, "Ill-Timed Explosion_SB": 1332, "Omnath, Locus of Creation_SB": 1909, "Scrapwork Mutt": 2337, "Tyvar's Stand": 2928, "Faithful Mending": 922, "Shadows' Verdict_SB": 2393, "Spawn of Mayhem": 2544, "Karn, Scion of Urza_SB": 1452, "Dusk Legion Duelist": 779, "Bristlebud Farmer": 331, "Phyrexian Obliterator_SB": 2015, "Make Disappear_SB": 1671, "Hooting Mandrills": 1302, "Tasigur, the Golden Fang": 2709, "Toxrill, the Corrosive_SB": 2883, "Calamity, Galloping Inferno": 367, "Charming Scoundrel": 458, "Deflecting Palm": 649, "Fallaji Vanguard": 925, "Fortune, Loyal Steed": 1021, "Furycalm Snarl": 1053, "Hellspur Posse Boss": 1267, "Panharmonicon": 1970, "Requisition Raid": 2197, "Temple of Triumph": 2728, "Terror of the Peaks": 2740, "Witty Roastmaster": 3151, "Aetherstorm Roc_SB": 32, "Anim Pakal, Thousandth Moon_SB": 78, "Chance for Glory_SB": 441, "Demonic Ruckus_SB": 660, "Impact Tremors_SB": 1339, "Lunarch Veteran": 1653, "Skyclave Cleric": 2477, "Ajani, Strength of the Pride_SB": 48, "Davriel, Rogue Shadowmage_SB": 609, "The Raven Man_SB": 2780, "Expansion // Explosion": 887, "Seasons Past": 2357, "Haughty Djinn_SB": 1239, "Foundry Street Denizen": 1027, "Gruul Charm_SB": 1201, "Masked Vandal_SB": 1694, "Brass's Tunnel-Grinder": 312, "Goblin Instigator": 1148, "Raise the Past": 2109, "Chained to the Rocks_SB": 436, "Ascendant Spirit": 124, "Faceless Haven": 911, "Plumecreed Escort": 2037, "Fading Hope_SB": 915, "Icon of Ancestry_SB": 1327, "Kellan, Planar Trailblazer": 1476, "Thassa's Oracle": 2751, "Anguished Unmaking": 75, "Oath of Kaya": 1881, "Blessed Alliance_SB": 244, "Day of Judgment_SB": 613, "Mystic Repeal_SB": 1800, "Reasonable Doubt_SB": 2151, "Rottenmouth Viper_SB": 2266, "Topplegeist": 2868, "Niv-Mizzet, Visionary_SB": 1856, "Maelstrom Pulse_SB": 1662, "Thing in the Ice": 2802, "Witness Protection_SB": 3150, "Requisition Raid_SB": 2198, "Heaped Harvest": 1254, "Thassa, God of the Sea": 2753, "Phyrexian Arena_SB": 2008, "Hostile Investigator_SB": 1313, "Harvester of Misery_SB": 1235, "Tibalt's Trickery": 2839, "Tibalt's Trickery_SB": 2840, "Slaughter Games": 2484, "Idol of Endurance": 1328, "Phyrexian Censor": 2009, "Niko Aris": 1838, "Academy Loremaster": 10, "Dust Animus_SB": 783, "Chainsaw": 437, "Fountainport Bell": 1030, "Glint-Nest Crane": 1123, "Hammer of Purphoros": 1222, "Triton Tactics_SB": 2906, "Sixth Sense": 2467, "Sram, Senior Edificer": 2587, "Alpha Authority_SB": 57, "Shrapnel Blast_SB": 2436, "Scattered Groves": 2317, "Arboreal Grazer_SB": 99, "Vein Ripper": 3022, "Thought Erasure": 2814, "Spring-Loaded Sawblades": 2580, "Kaya's Ghostform_SB": 1461, "Wear Down_SB": 3106, "Culling Ritual": 587, "Blood Baron of Vizkopa": 250, "Crystal Barricade_SB": 586, "Turn the Earth_SB": 2916, "Tenacious Underdog_SB": 2734, "Bala Ged Recovery_SB": 171, "Dowsing Device": 731, "Push // Pull": 2081, "Skyknight Squire": 2479, "Llanowar Visionary": 1624, "Burst Lightning_SB": 359, "Royal Treatment": 2269, "Seal Away_SB": 2346, "Ajani, Caller of the Pride": 44, "Burrowguard Mentor": 357, "Dryad Militant": 773, "Fleecemane Lion": 990, "Kutzil, Malamet Exemplar": 1545, "Melira, the Living Cure": 1713, "Wilt-Leaf Liege": 3131, "Sire of Seven Deaths": 2465, "Niv-Mizzet, Supreme_SB": 1855, "Connive // Concoct_SB": 527, "Torrential Gearhulk_SB": 2878, "Fatal Grudge": 933, "Oracle of Tragedy": 1919, "Questing Beast": 2090, "Striped Riverwinder": 2630, "Think Twice": 2804, "Sphinx's Revelation_SB": 2559, "Commit // Memory": 516, "Herald of Eternal Dawn": 1271, "Hullbreaker Horror": 1318, "Boltwave_SB": 277, "Festering Gulch": 963, "Gingerbread Cabin": 1107, "Outrageous Robbery": 1940, "Indomitable Creativity_SB": 1348, "Mech Hangar": 1711, "Chandra, Hope's Beacon_SB": 449, "Heliod's Intervention": 1262, "Legion's Landing": 1574, "Maskwood Nexus": 1695, "Volatile Fault": 3057, "Balustrade Wurm": 174, "Reality Shift": 2145, "Deputy of Detention": 669, "Embercleave": 834, "Lukka, Bound to Ruin_SB": 1648, "Choked Estuary": 465, "Ego Drain": 797, "Faerie Fencing": 918, "Obyra, Dreaming Duelist": 1892, "Shineshadow Snarl": 2422, "Sleep-Cursed Faerie": 2488, "Sunken Hollow": 2652, "Talion, the Kindly Lord": 2696, "Talion's Messenger": 2695, "Twining Twins": 2919, "Crippling Fear_SB": 571, "Flashfreeze_SB": 989, "Phantom Interference_SB": 2004, "Blessed Alliance": 243, "Builder's Talent": 345, "Worldspine Wurm": 3161, "Assemble the Legion_SB": 139, "Runed Halo_SB": 2281, "Fanatical Firebrand": 928, "Goblin Warchief": 1161, "Krenko, Mob Boss": 1532, "Betrayer's Bargain_SB": 216, "By Force_SB": 361, "Strangle_SB": 2623, "Exuberant Fuseling": 905, "Goblin Rabblemaster": 1153, "Collateral Damage_SB": 498, "Tibalt, Rakish Instigator_SB": 2841, "Game Trail": 1062, "Glorybringer": 1130, "Cankerbloom_SB": 377, "Aspect of Hydra": 135, "Hunter's Talent": 1320, "Nullhide Ferox": 1873, "Steel Leaf Champion": 2599, "Garruk's Uprising_SB": 1066, "Ghalta, Primal Hunger_SB": 1087, "Ram Through_SB": 2123, "Apostle of Purifying Light_SB": 89, "Chaplain of Alms_SB": 456, "Healer's Hawk_SB": 1253, "Karametra's Blessing_SB": 1449, "Crawling Barrens": 568, "Desecration Demon": 672, "Evolved Sleeper": 882, "Ifnir Deadlands": 1330, "Kaervek, the Punisher": 1433, "Memorial to Folly": 1714, "Power Word Kill": 2053, "Ob Nixilis Reignited_SB": 1883, "Abrade": 3, "Dazzling Angel": 617, "Divine Smite": 711, "Exemplar of Light": 885, "Firemane Avenger": 981, "Wind-Scarred Crag": 3134, "Bomat Courier": 278, "Falkenrath Gorger": 923, "Foreboding Ruins": 1011, "Forerunner of Slaughter": 1014, "Olivia, Mobilized for War": 1900, "Unlicensed Disintegration": 2967, "Rakdos Charm_SB": 2111, "Shock_SB": 2426, "Transgress the Mind_SB": 2889, "Briarbridge Tracker": 322, "Hard-Hitting Question": 1228, "Subterranean Schooner": 2636, "Teething Wurmlet": 2714, "Tough Cookie": 2880, "Vineglimmer Snarl": 3033, "Briarbridge Tracker_SB": 323, "Hard-Hitting Question_SB": 1229, "Island_SB": 1400, "Unsummon_SB": 2979, "Night of the Sweets' Revenge": 1834, "Rampage of the Clans": 2124, "Hangarback Walker_SB": 1225, "Royal Treatment_SB": 2270, "The Filigree Sylex_SB": 2767, "Earthshaker Khenra": 787, "Mirran Banesplitter": 1745, "Rimrock Knight": 2230, "Aethersphere Harvester_SB": 31, "Burning Hands_SB": 353, "Azorius Guildgate": 163, "Boros Guildgate": 297, "Dimir Guildgate": 692, "Gate Colossus": 1068, "Gatebreaker Ram": 1069, "Gates Ablaze": 1070, "Gateway Plaza": 1072, "Glaive of the Guildpact": 1114, "Golgari Guildgate": 1171, "Gruul Guildgate": 1202, "Guild Summit": 1208, "Hour of Promise": 1314, "Izzet Guildgate": 1407, "Maze's End": 1707, "Open the Gates": 1913, "Orzhov Guildgate": 1924, "Plaza of Harmony": 2035, "Rakdos Guildgate": 2112, "Selesnya Guildgate": 2371, "Simic Guildgate": 2457, "Thran Portal": 2823, "Archway Angel_SB": 116, "Broken Bond_SB": 336, "Crackling Perimeter_SB": 559, "Enigma Drake": 854, "Strategic Planning": 2627, "Tolarian Terror": 2860, "Wandering Fumarole": 3084, "Essence Scatter_SB": 877, "Frantic Firebolt_SB": 1034, "Absorb": 7, "Behold the Multiverse": 210, "Saw It Coming": 2313, "Thirst for Discovery": 2807, "Garruk's Uprising": 1065, "Inscription of Abundance": 1362, "Primal Might": 2060, "Experiment One_SB": 892, "Garruk's Harbinger_SB": 1064, "Cast Down": 394, "Mishra's Foundry": 1753, "Ultimate Price": 2938, "Unexpected Fangs": 2957, "Vadmir, New Blood": 2997, "Drown in Sorrow_SB": 769, "Extract a Confession_SB": 901, "Pilfer_SB": 2024, "Toxin Analysis_SB": 2882, "Witch's Vengeance_SB": 3141, "Shoot the Sheriff": 2427, "Smoldering Marsh": 2501, "Bandit's Talent_SB": 178, "Banehound": 181, "Curator of Mysteries": 593, "Mire Triton": 1744, "Disfigure_SB": 700, "Rush of Vitality_SB": 2286, "Goblin Blast-Runner": 1142, "Implement of Combustion": 1340, "Krenko, Baron of Tin Street": 1531, "Voltage Surge": 3064, "Sunshot Militia_SB": 2657, "Angel of Invention": 68, "Combat Celebrant": 512, "God-Pharaoh's Gift": 1163, "Refurbish": 2173, "Abhorrent Oculus_SB": 2, "Arashin Cleric_SB": 95, "Essence Scatter": 876, "Flow of Knowledge": 1002, "Haughty Djinn": 1238, "Shore Up": 2429, "Mocking Sprite_SB": 1759, "Quick Study_SB": 2095, "See Double_SB": 2361, "Shifting Grift_SB": 2419, "Spinner of Souls_SB": 2566, "Seal from Existence": 2347, "Ghostly Dancers_SB": 1092, "Seal from Existence_SB": 2348, "Blacklance Paragon": 231, "Brineborn Cutthroat": 328, "Cunning Nightbonder": 591, "Reasonable Doubt": 2150, "Sea-Dasher Octopus": 2343, "Slitherwisp": 2496, "Ashiok's Erasure_SB": 127, "Spectral Adversary_SB": 2547, "Kitesail Freebooter_SB": 1493, "Fires of Victory": 983, "Frostboil Snarl": 1044, "Stern Lesson": 2604, "Roast_SB": 2251, "Badlands Revival": 167, "Fertile Thicket": 961, "Festerleech": 964, "Foul Orchard": 1023, "Ghalta, Primal Hunger": 1086, "Gix's Command": 1110, "Hedge Shredder": 1260, "Hero's Downfall": 1276, "Jungle Hollow": 1431, "Long Goodbye": 1628, "Quilled Greatwurm": 2097, "Slice from the Shadows": 2490, "Frantic Strength_SB": 1037, "Savor_SB": 2311, "Stab_SB": 2588, "Vraska's Fall_SB": 3073, "Alesha, Who Laughs at Fate": 52, "Davriel, Rogue Shadowmage": 608, "Fell": 957, "Grasp of Darkness": 1183, "Master of Cruelties": 1699, "Rakdos, the Muscle": 2115, "Razorlash Transmogrant": 2140, "Razortrap Gorge": 2141, "Seize the Spoils": 2369, "Illness in the Ranks_SB": 1333, "Kaervek, the Spiteful_SB": 1434, "Painful Quandary_SB": 1963, "Eddymurk Crab": 792, "Ephara's Dispersal": 861, "Stormwing Entity": 2621, "Gnarled Scarhide": 1131, "Madcap Skills": 1659, "Minotaur Skullcleaver": 1743, "Mogis's Marauder": 1762, "Rakdos Cackler": 2110, "Rakdos Shred-Freak": 2114, "Spike Jester": 2561, "Tormented Hero": 2873, "Doom Blade_SB": 720, "Ultimate Price_SB": 2939, "Consuming Aberration": 533, "Contaminated Aquifer": 538, "Didn't Say Please": 689, "Dismal Backwater": 701, "Dreadwaters": 754, "Duskmantle Guildmage": 782, "Fell Specter": 958, "Gnawing Vermin": 1134, "Jhessian Thief": 1426, "Mind Carver": 1736, "Mind Drain": 1737, "Murder": 1790, "Nezumi Informant": 1828, "Orzhov Racketeers": 1925, "Painful Quandary": 1962, "Paranoid Delusions": 1975, "Pilfered Plans": 2025, "Psychic Strike": 2079, "Razzle-Dazzler": 2143, "Read the Bones": 2144, "Short Bow": 2432, "Sleep": 2487, "The Mindskinner": 2778, "Typhoid Rats": 2924, "Wall of Frost": 3083, "Witness Protection": 3149, "Aspect of Lamprey_SB": 136, "Blood Pact_SB": 254, "Crypt Incursion_SB": 581, "Dreadwaters_SB": 755, "Frogify_SB": 1043, "Professor's Warning_SB": 2065, "Rogue's Gloves_SB": 2257, "Sinister Possession_SB": 2462, "Solemn Simulacrum_SB": 2517, "Sphinx of Magosi_SB": 2556, "Thieving Otter_SB": 2801, "Unlikely Aid_SB": 2970, "Zombify_SB": 3202, "Coruscation Mage": 549, "Giant Cindermaw_SB": 1094, "Lightning Mare_SB": 1603, "Wrangle_SB": 3164, "Ancient Imperiosaur": 67, "Belligerent Yearling": 212, "Fight Rigging": 974, "Hulking Raptor": 1317, "Intrepid Paleontologist": 1382, "Ixalli's Lorekeeper": 1404, "Otepec Huntmaster": 1932, "Palani's Hatcher": 1969, "Pugnacious Hammerskull": 2080, "Regisaur Alpha": 2179, "Restless Ridgeline": 2211, "Shifting Ceratops": 2417, "Triumphant Chomp": 2907, "Shifting Ceratops_SB": 2418, "Thrashing Brontodon_SB": 2826, "Triumphant Chomp_SB": 2908, "Frenzied Goblin": 1040, "Goblin Boarders": 1143, "Goblin Heelcutter": 1147, "Goblin Negotiation": 1151, "Goblin Surprise": 1156, "Goblinslide": 1162, "Guttersnipe": 1211, "Hellraiser Goblin": 1266, "Impact Tremors": 1338, "Pyrewild Shaman": 2083, "Redcap Gutter-Dweller": 2166, "Rigging Runner": 2228, "Subterranean Scout": 2637, "Thrill of Possibility": 2830, "War Squeak": 3086, "Zada, Hedron Grinder": 3189, "Frenzied Goblin_SB": 1041, "Goblin Boarders_SB": 1144, "Goblin Surprise_SB": 1157, "Rundvelt Hordemaster_SB": 2278, "Searslicer Goblin_SB": 2353, "Siege-Gang Commander_SB": 2440, "Cruel Somnophage": 573, "Mercurial Spelldancer": 1721, "Mind Sculpt": 1738, "Ruin Crab": 2274, "Sign in Blood": 2443, "Syr Konrad, the Grim": 2687, "Bitter Chill_SB": 226, "Chart a Course_SB": 461, "Sphinx's Tutelage_SB": 2560, "Terisian Mindbreaker_SB": 2736, "Armored Kincaller": 120, "Burning Sun Cavalry": 354, "Captivating Cave": 378, "Cavern Stomper": 421, "Colossadactyl": 508, "Dinotomaton": 694, "Disturbed Slumber": 706, "Earthshaker Dreadmaw": 786, "Hidden Nursery": 1280, "Itzquinth, Firstborn of Gishath": 1403, "Nurturing Bristleback": 1876, "Over the Edge": 1943, "Panicked Altisaur": 1971, "Pathfinding Axejaw": 1984, "Poison Dart Frog": 2039, "Promising Vein": 2070, "Rampaging Ceratops": 2125, "Rumbling Rockslide": 2276, "Scytheclaw Raptor": 2341, "Seeker of Sunlight": 2365, "Seismic Monstrosaur": 2367, "The Skullspore Nexus": 2787, "Walk with the Ancestors": 3082, "Bristling Backwoods": 332, "Deeproot Champion": 644, "Quirion Dryad": 2100, "Temple of Abandon": 2720, "Domri's Ambush_SB": 718, "Abandoned Campground": 0, "Dollmaker's Shop // Porcelain Gallery": 717, "Grand Entryway // Elegant Rotunda": 1181, "Gremlin Tamer": 1193, "Inquisitive Glimmer": 1359, "Lionheart Glimmer": 1619, "Niko, Light of Hope": 1839, "Oppressive Rays": 1915, "Builder's Talent_SB": 346, "Divine Resilience_SB": 710, "Fear of Impostors_SB": 943, "Kitnap_SB": 1497, "Minor Misstep_SB": 1742, "Paladin Class_SB": 1968, "Stay Hidden, Stay Silent_SB": 2596, "Bedlam Reveler": 208, "Warlord's Fury": 3093, "Ox of Agonas_SB": 1958, "Feed the Cycle": 951, "Honored Dreyleader": 1300, "Necroblossom Snarl": 1818, "Savor": 2310, "Thornvault Forager": 2812, "Valley Rotcaller": 3009, "Feed the Cycle_SB": 952, "Life Goes On_SB": 1591, "Ayara, First of Locthwain": 159, "Brain Maggot": 309, "Erebos, Bleak-Hearted": 863, "Foulmire Knight": 1025, "Gray Merchant of Asphodel": 1188, "Infernal Grasp": 1351, "Phyrexian Arena": 2007, "Underworld Dreams": 2956, "Warlock Class": 3092, "Corrupt_SB": 548, "Power Word Kill_SB": 2054, "Whack_SB": 3119, "Cinder Glade": 469, "Enter the Unknown": 857, "Mirrorwing Dragon": 1750, "Season of Growth": 2354, "Silverfur Partisan": 2453, "Young Pyromancer": 3184, "Temur Battle Rage_SB": 2732, "Turn Inside Out_SB": 2915, "Unnatural Moonrise_SB": 2974, "Arcane Infusion": 100, "Peculiar Lighthouse": 1991, "Secrets of the Key": 2359, "Xenagos, God of Revels": 3169, "Aetherize_SB": 30, "Into the Roil_SB": 1379, "Volcanic Spite_SB": 3059, "Zetalpa, Primal Dawn_SB": 3197, "Flame-Blessed Bolt_SB": 987, "Ral, Izzet Viceroy_SB": 2120, "You See a Guard Approach_SB": 3182, "Adult Gold Dragon": 21, "Aether Hub": 27, "Attune with Aether": 146, "Gather the Pack": 1075, "Lotleth Troll": 1642, "Cragplate Baloth_SB": 562, "Plains_SB": 2032, "Sporeweb Weaver_SB": 2578, "Beastie Beatdown": 205, "Footfall Crater": 1009, "Omnivorous Flytrap": 1911, "Patchwork Beastie": 1980, "Return to Nature_SB": 2220, "Alseid of Life's Bounty": 60, "Hateful Eidolon": 1237, "Karametra's Blessing": 1448, "Agent of the Fates_SB": 43, "Dead Weight_SB": 619, "Eriette of the Charmed Apple_SB": 864, "Pacifism_SB": 1960, "Case of the Crimson Pulse": 387, "Vindictive Flamestoker_SB": 3032, "Bristling Hydra": 333, "Electrostatic Pummeler": 812, "Fling": 995, "Ghor-Clan Rampager": 1089, "Harnessed Lightning": 1233, "Invigorated Rampage": 1391, "Servant of the Conduit": 2385, "Axebane Ferox_SB": 157, "Deathgorge Scavenger_SB": 629, "Gruul Spellbreaker_SB": 1203, "Insult // Injury_SB": 1372, "Sorcerous Spyglass_SB": 2523, "Wilt_SB": 3133, "Legion Angel": 1568, "Legion Angel_SB": 1569, "Gideon's Triumph_SB": 1101, "Cast Out": 395, "Demonic Pact": 658, "Doom Foretold": 721, "Evolving Wilds": 884, "Hopeful Vigil": 1305, "Kaya's Wrath": 1462, "Sigil of the Empty Throne": 2442, "Spirit-Sister's Call": 2570, "Temple of Silence": 2727, "Trial of Ambition": 2902, "Banishing Light_SB": 186, "Cast Out_SB": 396, "Dreadhorde Invasion_SB": 751, "Trespasser's Curse_SB": 2901, "Arashin Foremost": 96, "Blood-Chin Rager": 256, "Chief of the Edge": 463, "Gutterbones": 1210, "Mardu Strike Leader": 1687, "Mardu Woe-Reaper": 1688, "Rally the Ranks": 2121, "Secure the Wastes": 2360, "Usher of the Fallen": 2996, "Garruk's Harbinger": 1063, "Lifecrafter's Bestiary": 1594, "Feed the Clan_SB": 950, "Skylasher_SB": 2480, "Skyreaping_SB": 2481, "Gala Greeters": 1057, "Good-Fortune Unicorn": 1173, "Mossborn Hydra": 1781, "Ochre Jelly": 1894, "Ornery Tumblewagg": 1922, "Sylvan Scavenging": 2683, "Wildwood Scourge": 3129, "Gaea's Gift_SB": 1056, "Gnarlid Colony_SB": 1132, "Inscription of Abundance_SB": 1363, "Trash the Town_SB": 2893, "Burn Bright": 349, "Chimney Rabble": 464, "Domri, Anarch of Bolas": 719, "Fissure Wizard": 985, "Goblin Arsonist": 1141, "Goblin Javelineer": 1149, "Goblin Morningstar": 1150, "Goblin Trailblazer": 1159, "Grumgully, the Generous": 1199, "Heraldic Banner": 1273, "Hobgoblin Bandit Lord": 1295, "Hulking Bugbear": 1316, "Renata, Called to the Hunt": 2188, "Return of the Wildspeaker": 2218, "Rhythm of the Wild": 2225, "Subira, Tulzidi Caravanner": 2634, "You See a Pair of Goblins": 3183, "Krenko, Mob Boss_SB": 1533, "Krenko, Tin Street Kingpin_SB": 1534, "Drannith Healer": 741, "Drannith Stinger": 743, "Flourishing Fox": 1001, "Go for Blood": 1138, "Reptilian Reflection": 2193, "Valiant Rescuer": 3005, "Zenith Flare": 3194, "Irencrag Pyromancer_SB": 1395, "Blazing Volley": 241, "Cinderclasm": 470, "Crash Through": 564, "Death-Rattle Oni": 627, "Electrickery": 811, "Kessig Flamebreather": 1484, "Seismic Wave": 2368, "Stolen Vitality": 2609, "Burn Down the House_SB": 351, "Smoldering Egg_SB": 2500, "Swamp_SB": 2672, "Edgewall Inn": 794, "Edgewall Innkeeper": 795, "Lucky Clover": 1647, "Midnight Reaper": 1733, "Order of Midnight": 1921, "Smitten Swordmaster": 2499, "Massacre Girl_SB": 1696, "Stormkeld Vanguard_SB": 2617, "Mephitic Draught": 1720, "Tithing Blade": 2856, "Corpses of the Lost_SB": 547, "Doom Foretold_SB": 722, "Life of Toshiro Umezawa_SB": 1592, "Burn Down the House": 350, "Flame-Blessed Bolt": 986, "Refute": 2174, "Vampires' Vengeance": 3014, "Pelakka Wurm_SB": 1994, "Boon of the Wish-Giver": 292, "Frostveil Ambush": 1045, "Memory Leak": 1718, "Startling Development": 2594, "Eroded Canyon": 865, "Essence Capture": 873, "Galvanize": 1061, "Mind Spiral": 1739, "Pit of Offerings": 2029, "Scorching Shot": 2327, "Slick Sequence": 2491, "Winged Words": 3136, "Into the Fire_SB": 1376, "Tolarian Terror_SB": 2861, "Wildfire Howl_SB": 3127, "Banishing Light": 185, "Flowerfoot Swordmaster": 1003, "Mabel, Heir to Cragflame": 1658, "Seedglaive Mentor": 2364, "Whiskervale Forerunner": 3121, "Abzan Charm": 9, "Deathmist Raptor": 631, "Den Protector": 661, "Mastery of the Unseen": 1702, "Sandsteppe Citadel": 2300, "Satyr Wayfinder": 2306, "Siege Rhino": 2438, "Unyielding Gatekeeper": 2984, "Azure Beastbinder": 164, "Disfigure": 699, "Gossip's Talent": 1175, "Karumonix, the Rat King": 1454, "Lord Skitter, Sewer King": 1637, "Persistent Marshstalker": 1999, "Piper of the Swarm": 2028, "Shoreline Looter": 2431, "Tangled Colony": 2703, "Vren, the Relentless": 3078, "Bring the Ending_SB": 329, "Pile On_SB": 2023, "Tangled Colony_SB": 2704, "No Witnesses": 1860, "Port Town": 2045, "Temple of Enlightenment": 2721, "Jace, Architect of Thought_SB": 1412, "No Witnesses_SB": 1861, "Nahiri's Resolve": 1803, "Thousand Moons Smithy": 2819, "Tinker's Tote": 2844, "Dusk Rose Reliquary_SB": 781, "Unidentified Hovership_SB": 2963, "Gnarlroot Trapper": 1133, "Jace, Vryn's Prodigy_SB": 1414, "Valley Floodcaller_SB": 3008, "Valorous Stance_SB": 3012, "Pillage the Bog_SB": 2027, "Aether Channeler": 24, "Decimator of the Provinces": 637, "Elder Deep-Fiend": 804, "Fierce Empath": 969, "Foul Emissary": 1022, "Sublime Epiphany": 2635, "Unauthorized Exit": 2945, "Fiery Annihilation_SB": 970, "Arahbo, the First Fang": 94, "Felidar Cub": 955, "Feline Sovereign": 956, "Sacred Cat": 2288, "Savannah Lions": 2309, "Lion Sash_SB": 1618, "Reckless Stormseeker_SB": 2159, "Archfiend of Depravity": 107, "Archfiend of Depravity_SB": 108, "Fade from History_SB": 913, "Loot, Exuberant Explorer": 1631, "Notion Thief": 1865, "Quicken": 2096, "Banish into Fable": 183, "The Celestus": 2760, "Reluctant Role Model": 2185, "Furnace Punisher": 1050, "March of Swirling Mist": 1683, "Faceless Haven_SB": 912, "Invasive Surgery_SB": 1389, "The Scarab God_SB": 2785, "Pieces of the Puzzle": 2022, "Michiko's Reign of Truth": 1732, "Rite of Oblivion": 2237, "Anthem of Champions_SB": 86, "Shatterskull Smashing": 2407, "Tinybones, the Pickpocket": 2847, "Stormsplitter": 2620, "Thousand-Year Storm": 2821, "Cathartic Pyre_SB": 410, "Tamiyo, Collector of Tales_SB": 2700, "Fear of Abduction": 941, "Blue Sun's Twilight_SB": 273, "Overwhelming Remorse_SB": 1956, "Brotherhood's End": 340, "Return the Favor_SB": 2219, "Gloomshrieker": 1128, "Dennick, Pious Apprentice_SB": 664, "Agatha of the Vile Cauldron": 37, "Bard Class": 190, "Hajar, Loyal Bodyguard": 1216, "Migloz, Maze Crusher": 1735, "Ruby, Daring Tracker": 2273, "Samut, Vizier of Naktamun": 2296, "Targ Nar, Demon-Fang Gnoll": 2706, "Xenagos, the Reveler": 3171, "Dollmaker's Shop && Porcelain Gallery": 716, "Kami of Transience": 1446, "Surgical Suite && Hospital Room_SB": 2667, "Sire of Seven Deaths_SB": 2466, "Regal Bunnicorn": 2175, "Dissection Tools": 705, "Protect the Negotiators_SB": 2077, "Ashiok, Wicked Manipulator": 133, "Ajani, Strength of the Pride": 47, "Case of the Uneaten Feast": 393, "Trelasarra, Moon Dancer": 2900, "Floriferous Vinewall": 1000, "Eldritch Evolution": 810, "Hauntwoods Shrieker": 1244, "Urborg Lhurgoyf": 2989, "Aether Channeler_SB": 25, "Zephyr Sentinel_SB": 3195, "Tectonic Hazard_SB": 2713, "Kambal, Consul of Allocation": 1444, "Surrak Dragonclaw": 2668, "Stubborn Denial_SB": 2633, "Frantic Scapegoat": 1035, "Ritual of Soot": 2240, "Callous Sell-Sword_SB": 372, "Inscription of Ruin": 1364, "Harmonious Archon": 1232, "Sandstorm Salvager": 2301, "Toby, Beastie Befriender": 2858, "Kayla's Reconstruction_SB": 1469, "Destroy Evil": 679, "Serra Paragon_SB": 2384, "Filter Out": 976, "Nissa, Vastwood Seer": 1849, "Heartflame Duelist": 1256, "Inspiring Veteran": 1371, "Knight of Dusk's Shadow": 1503, "Knight of the Ebon Legion": 1507, "Tournament Grounds": 2881, "Venerable Knight": 3024, "Worthy Knight": 3163, "Knight of Dusk's Shadow_SB": 1504, "Woodland Bellower": 3157, "Breeding Pool_SB": 321, "Chance for Glory": 440, "Collector's Vault": 505, "Teferi, Who Slows the Sunset": 2718, "Bag of Holding_SB": 169, "Zirda, the Dawnwaker_SB": 3199, "Ashen Rider_SB": 126, "Despise_SB": 676, "Lifebane Zombie_SB": 1593, "Sunspine Lynx": 2658, "Light Up the Stage_SB": 1596, "Weaver of Harmony": 3108, "Isolate_SB": 1401, "God-Pharaoh's Statue_SB": 1164, "Smuggler's Surprise_SB": 2504, "Wakeroot Elemental_SB": 3081, "Cindervines": 471, "The Flame of Keld": 2768, "Fetid Pools": 965, "Silvergill Adept": 2454, "Triton Shorestalker": 2905, "Isareth the Awakener": 1398, "Dreadbore": 746, "Nicol Bolas, the Ravager": 1832, "Omen of the Forge": 1904, "The Kami War": 2772, "Wakeroot Elemental": 3080, "Legion Extruder_SB": 1571, "This Town Ain't Big Enough": 2809, "Lost Legacy_SB": 1640, "The Mightstone and Weakstone_SB": 2777, "Remorseful Cleric": 2186, "Kogla and Yidaro_SB": 1514, "Nissa, Who Shakes the World": 1850, "Sylvan Awakening": 2679, "Nahiri's Warcrafting_SB": 1804, "Depala, Pilot Exemplar": 665, "Magda, Brazen Outlaw": 1664, "Magda, the Hoardmaster": 1665, "Roaming Throne": 2246, "Toolcraft Exemplar": 2867, "Veteran Motorist": 3028, "The Royal Scions": 2783, "Unauthorized Exit_SB": 2946, "Bilious Skulldweller": 220, "Chevill, Bane of Monsters": 462, "Fynn, the Fangbearer": 1054, "Ghost Vacuum": 1090, "Heroic Intervention": 1277, "Malakir Rebirth": 1672, "Wasteland Viper": 3100, "Infectious Bite_SB": 1350, "Akal Pakal, First Among Equals": 49, "Courser of Kruphix": 555, "Simic Manipulator": 2458, "Timestream Navigator": 2843, "Azure Beastbinder_SB": 165, "Mockingbird_SB": 1761, "Simic Manipulator_SB": 2459, "Trygon Predator_SB": 2912, "Vivien, Champion of the Wilds_SB": 3045, "Caretaker's Talent_SB": 381, "Fountainport_SB": 1031, "Rite of Oblivion_SB": 2238, "Kogla, the Titan Ape": 1515, "Vivien, Arkbow Ranger": 3044, "Cavalier of Thorns_SB": 419, "Ulvenwald Oddity_SB": 2941, "Crumbling Vestige": 578, "Kemba, Kha Enduring": 1478, "Kogla and Yidaro": 1513, "Trumpeting Carnosaur_SB": 2911, "Dusk // Dawn_SB": 778, "Last Breath_SB": 1555, "Thunderherd Migration": 2835, "Boros Elite": 296, "Guardian of New Benalia": 1207, "Mobilized District": 1758, "Precinct Captain": 2058, "Soldier of the Pantheon": 2516, "Spellbook Vendor": 2554, "Sungold Sentinel": 2649, "Banisher Priest_SB": 184, "Bounty Agent_SB": 307, "Rally the Ranks_SB": 2122, "Wicked Wolf_SB": 3124, "Overlord of the Mistmoors_SB": 1954, "Surge of Righteousness_SB": 2664, "Fear of Isolation": 944, "Tinybones Joins Up": 2845, "Built to Smash": 347, "Wayward Guide-Beast": 3103, "Voldaren Thrillseeker_SB": 3062, "Renegade Tactics": 2191, "Siphon Insight_SB": 2463, "Imodane's Recruiter_SB": 1337, "Glorious Protector_SB": 1129, "Into the Story": 1380, "Niambi, Esteemed Speaker_SB": 1829, "The Wandering Rescuer_SB": 2794, "Syr Ginger, the Meal Ender_SB": 2686, "Lavinia, Azorius Renegade_SB": 1560, "Demonic Counsel": 657, "Augur of Bolas": 149, "Essence Flux": 875, "Apostle of Purifying Light": 88, "Glass Casket": 1117, "Thran Power Suit": 2824, "Titania, Voice of Gaea_SB": 2855, "Treacherous Blessing_SB": 2896, "Umori, the Collector_SB": 2942, "Glass Casket_SB": 1118, "Ojer Axonil, Deepest Might": 1898, "Grasp of Darkness_SB": 1184, "Necrotic Wound": 1820, "Souls of the Lost": 2538, "Necrotic Wound_SB": 1821, "Souls of the Lost_SB": 2539, "Kappa Tech-Wrecker": 1447, "Eldrazi Displacer_SB": 808, "Experimental Augury": 893, "Fleeting Spirit": 991, "Lore Drakkis": 1638, "Open the Omenpaths": 1914, "Vadrok, Apex of Thunder": 2998, "Crucible of Worlds": 572, "Destiny Spinner": 677, "Sin Collector_SB": 2461, "Cult Conscript": 589, "Cleansing Wildfire_SB": 486, "Vanish into Eternity_SB": 3016, "Mutavault_SB": 1797, "Mukotai Ambusher_SB": 1789, "Tribute to Horobi": 2903, "Hunter's Talent_SB": 1321, "Remorseful Cleric_SB": 2187, "Vengeful Possession": 3026, "Hidetsugu's Second Rite_SB": 1285, "Nurturing Pixie": 1877, "Malcolm, Alluring Scoundrel": 1673, "Preacher of the Schism_SB": 2057, "Pia Nalaar, Consul of Revival": 2018, "Showdown of the Skalds": 2433, "Bassara Tower Archer": 197, "Cloudsteel Kirin": 495, "Lizard Blades": 1622, "Searing Blood": 2350, "Bomat Courier_SB": 279, "Magma Spray_SB": 1669, "Stalactite Stalker": 2590, "Lamplight Phoenix_SB": 1550, "Thirst for Meaning": 2808, "Biting-Palm Ninja": 224, "Dokuchi Silencer": 714, "Silver-Fur Master": 2450, "Massacre Wurm_SB": 1698, "Pawpatch Recruit_SB": 1989, "Soul Transfer": 2531, "Omen of the Dead": 1902, "Sentinel of the Nameless City_SB": 2380, "Sharp-Eyed Rookie": 2405, "Ayara's Oathsworn": 158, "Council of the Absolute_SB": 552, "Spirit of the Labyrinth_SB": 2569, "Adventurous Impulse": 22, "Arcane Proxy": 101, "Chrome Host Seedshark": 467, "See the Truth": 2362, "Ambitious Farmhand": 63, "Cascading Cataracts": 386, "Helpful Hunter": 1268, "Thalia's Lancers": 2745, "Wilt-Leaf Liege_SB": 3132, "Cavalier of Dawn": 416, "Kotose, the Silent Spider": 1525, "Marina Vendrell": 1689, "Barkhide Troll": 192, "Gather Courage": 1073, "Tribute to the World Tree": 2904, "Setessan Tactics_SB": 2388, "Fanatic of Mogis": 926, "Solphim, Mayhem Dominus": 2520, "Thalia and The Gitrog Monster": 2744, "Cosmic Rebirth_SB": 551, "Dreadbore_SB": 747, "Oblivious Bookworm": 1888, "Cerulean Drake_SB": 434, "Lavabrink Venturer_SB": 1557, "Prosperous Thief_SB": 2076, "Recommission": 2164, "Augur of Autumn_SB": 148, "Shatterskull Smashing_SB": 2408, "Bladehold War-Whip": 235, "Nahiri, Forged in Fury": 1805, "Sword of Forge and Frontier": 2677, "Rebel Salvo_SB": 2152, "Bloodthirsty Conqueror": 263, "Dina, Soul Steeper": 693, "Dryad of the Ilysian Grove": 774, "Iridescent Vinelasher": 1396, "Jaddi Offshoot": 1418, "Mirrorpool": 1747, "Retreat to Hagra": 2217, "Bristly Bill, Spine Sower_SB": 335, "Undergrowth Champion_SB": 2955, "Silverback Elder": 2451, "Silverback Elder_SB": 2452, "Celestial Armor": 427, "Deputy of Detention_SB": 670, "Floodpits Drowner_SB": 999, "Massacre Wurm": 1697, "Etali, Primal Conqueror": 878, "Gifted Aetherborn_SB": 1105, "Perilous Snare": 1996, "Repurposing Bay_SB": 2196, "Patchwork Automaton": 1979, "Mendicant Core, Guidelight": 1719, "Voyager Glidecar": 3070, "Momentum Breaker_SB": 1767, "Hare Apparent": 1231, "Chaplain of Alms": 455, "Rune of Might": 2279, "Birgi, God of Storytelling": 221, "Crater's Claws": 566, "Zurgo Bellstriker_SB": 3208, "Liliana, Heretical Healer_SB": 1611, "Sab-Sunen, Luxa Embodied": 2287, "Greasewrench Goblin": 1190, "Moonshaker Cavalry_SB": 1777, "Zareth San, the Trickster": 3192, "Grim Bauble": 1195, "Momentum Breaker": 1766, "Oildeep Gearhulk_SB": 1897, "Count on Luck_SB": 553, "Monument to Endurance_SB": 1774, "Shacklegeist_SB": 2392, "Valor's Flagship": 3011, "Grim Bauble_SB": 1196, "Coalstoke Gearhulk": 496, "Ossification_SB": 1928, "Djeru's Renunciation": 713, "Marauding Mako": 1679, "Monument to Endurance": 1773, "Sunbillow Verge": 2642, "Ketramose, the New Dawn_SB": 1486, "Mastermind's Acquisition": 1700, "Behold the Multiverse_SB": 211, "Memory Guardian": 1717, "Brightglass Gearhulk": 325, "Dredger's Insight": 763, "Azor, the Lawbringer": 160, "Archfiend's Vessel": 111, "Merfolk Secretkeeper": 1722, "Dreadhorde Arcanist_SB": 749, "Mukotai Ambusher": 1788, "Bloodghast": 259, "Molt Tender": 1763, "Driven // Despair_SB": 765, "Ashiok, Wicked Manipulator_SB": 134, "Anim Pakal, Thousandth Moon": 77, "Basri, Tomorrow's Champion": 196, "Urza's Ruinous Blast_SB": 2993, "The Speed Demon": 2788, "Intimidation Tactics_SB": 1375, "Oildeep Gearhulk": 1896, "Optimistic Scavenger_SB": 1918, "Virtue of Strength": 3041, "Bonny Pall, Clearcutter_SB": 287, "Roxanne, Starfall Savant_SB": 2268, "Willowrush Verge": 3130, "Freestrider Lookout": 1039, "Ketramose, the New Dawn": 1485, "Scrabbling Claws": 2332, "Mosswood Dreadknight_SB": 1783, "Commune with Spirits": 519, "Goro-Goro, Disciple of Ryusei": 1174, "Kari Zev, Skyship Raider": 1451, "Radha, Heart of Keld": 2102, "Redshift, Rocketeer Chief": 2169, "Bleachbone Verge": 242, "Detention Chariot": 682, "Tune Up": 2913, "Kaya the Inexorable_SB": 1458, "Thundering Broodwagon": 2836, "Fearless Swashbuckler": 946, "Gastal Thrillroller": 1067, "Ashiok, Nightmare Weaver": 132, "Leyline Binding_SB": 1577, "Jace's Defeat_SB": 1410, "Hazoret, Godseeker": 1250, "Boommobile": 290, "Hedron Archive": 1261, "Paradox Engine": 1973, "Portal of Sanctuary": 2049, "Repurposing Bay": 2195, "Terrarion": 2738, "The Mightstone and Weakstone": 2776, "Thran Spider": 2825, "Workshop Assistant": 3159, "Liberator, Urza's Battlethopter_SB": 1588, "Noxious Gearhulk_SB": 1871, "Shrapnel Slinger_SB": 2437, "Norin, Swift Survivalist": 1862, "Mindlink Mech_SB": 1740, "Wastewood Verge": 3101, "Murderous Cut": 1792, "Anguished Unmaking_SB": 76, "Drownyard Temple": 772, "Quag Feast": 2088, "Avishkar Raceway": 155, "Fuel the Flames_SB": 1048, "Skycrash_SB": 2478, "Ashiok, Nightmare Muse_SB": 131, "Eaten Alive_SB": 789, "Benthic Biomancer": 213, "Mindspring Merfolk": 1741, "Biting-Palm Ninja_SB": 225, "Kazuul's Toll Collector": 1472, "Immersturm Raider": 1335, "The Speed Demon_SB": 2789, "Burnout Bashtronaut": 356, "Draconautics Engineer": 732, "Howlsquad Heavy": 1315, "Volley Veteran_SB": 3063, "Harrier Strix": 1234, "Hypnotic Grifter": 1325, "The Reality Chip": 2781, "Training Grounds": 2886, "Basilisk Collar_SB": 194, "Swiftfoot Boots_SB": 2676, "Overprotect_SB": 1955, "Stock Up": 2607, "Liliana, the Last Hope_SB": 1613, "Riverpyre Verge": 2243, "Concealing Curtains": 521, "Riptide Gearhulk_SB": 2235, "Blade Historian": 233, "Pyre of Heroes": 2082, "Night Clubber_SB": 1833, "Aegis Turtle_SB": 23, "Cleansing Wildfire": 485, "Crumble to Dust": 577, "Encroaching Wastes": 844, "Gnottvold Slumbermound": 1135, "Haphazard Bombardment": 1227, "Jaya's Greeting": 1420, "Ravager Wurm": 2135, "Rowan, Scholar of Sparks": 2267, "Rubble Reading": 2271, "Sheltered Thicket": 2410, "Structural Distortion": 2631, "Sylvan Primordial": 2682, "Territory Forge": 2739, "Twin Bolt": 2918, "Herbology Instructor_SB": 1274, "Nissa's Defeat_SB": 1845, "Peak Eruption_SB": 1990, "Scrabbling Claws_SB": 2333, "Analyze the Pollen": 64, "Ride's End": 2226, "Battle at the Bridge": 199, "Spire of Industry": 2567, "Battle at the Bridge_SB": 200, "Murderous Cut_SB": 1793, "Borrowed Hostility": 299, "Barbed Batterfist": 189, "Webstrike Elite": 3109, "Commit // Memory_SB": 517, "Yahenni's Expertise": 3172, "Demilich_SB": 653, "Progenitor Mimic": 2069, "Banefire": 179, "Steel Seraph": 2600, "Violent Urge_SB": 3036, "Boon of Boseiju": 291, "Esika's Chariot_SB": 872, "Fighter Class": 975, "Chainsaw_SB": 438, "Nettle Guard_SB": 1826, "Sword of Forge and Frontier_SB": 2678, "Champion of the Perished": 439, "Cryptbreaker": 582, "Dark Salvation": 603, "Dread Wanderer": 745, "Relentless Dead": 2183, "Wayward Servant": 3104, "Zahur, Glory's Past": 3191, "Commune with Dinosaurs": 518, "Marauding Raptor": 1680, "Rampaging Raptor": 2128, "Regal Imperiosaur": 2178, "Ripjaw Raptor": 2232, "Expedition Map_SB": 890, "Stock Up_SB": 2608, "Maximize Velocity": 1704, "Birgi, God of Storytelling_SB": 222, "Samut's Sprint": 2294, "Omen of the Dead_SB": 1903, "Lost Jitte": 1639, "Lazav, Wearer of Faces": 1562, "Medomai the Ageless": 1712, "Fires of Victory_SB": 984, "Riptide Gearhulk": 2234, "Carnage Tyrant": 382, "Gather Courage_SB": 1074, "Etali, Primal Conqueror_SB": 879, "Feather, the Redeemed": 947, "Feather, the Redeemed_SB": 948, "Dewdrop Cure": 687, "Healer's Hawk": 1252, "Linden, the Steadfast Queen": 1614, "Rogue's Passage": 2258, "Ruin-Lurker Bat": 2275, "Afterburner Expert": 33, "Satoru Umezawa": 2304, "Cry of the Carnarium": 579, "Kaya, Orzhov Usurper": 1465, "Calamity's Wake_SB": 366, "Tamiyo's Safekeeping": 2697, "Nissa, Ascended Animist_SB": 1847, "Keruga, the Macrosage": 1482, "Twinshot Sniper": 2920, "Twinshot Sniper_SB": 2921, "Anzrag, the Quake-Mole": 87, "Out of Air_SB": 1934, "Adorned Pouncer": 20, "Open the Armory": 1912, "Roadside Reliquary": 2245, "Spontaneous Mutation_SB": 2577, "Sunder the Gateway": 2644, "Knight of Grace": 1505, "Swan Song_SB": 2673, "Enduring Tenacity_SB": 852, "Bladestitched Skaab": 236, "Lazotep Reaver": 1564, "Rocketeer Boostbuggy": 2253, "Chandra, Spark Hunter_SB": 450, "Azor, the Lawbringer_SB": 161, "Phoenix Chick": 2005, "Mortify": 1779, "Agatha&#39;s Soul Cauldron": 38, "Stitcher&#39;s Supplier": 2605, "Titan&#39;s Strength": 2853, "Dredger&#39;s Insight": 762, "Day&#39;s Undoing": 614, "Fog": 1006, "Gaea&#39;s Blessing": 1055, "Haze of Pollen": 1247, "Spara&#39;s Headquarters": 2541, "Union of the Third Path": 2964, "Winds of Qal Sisma": 3135, "Carnage Tyrant_SB": 383, "Dovin&#39;s Veto_SB": 728, "Kroxa, Titan of Death&#39;s Hunger": 1536, "Valor&#39;s Flagship": 3010, "Artist&#39;s Talent": 122, "Proft&#39;s Eidetic Memory": 2066, "Brotherhood&#39;s End_SB": 339, "Kolaghan&#39;s Command_SB": 1517, "Agadeem&#39;s Awakening // Agadeem, the Undercrypt": 35, "Bearer of Silence": 204, "Wasteland Strangler": 3099, "Reality Smasher_SB": 2146, "Bandit&#39;s Talent": 176, "Nine-Lives Familiar": 1844, "Kaya&#39;s Wrath_SB": 1459, "Dovin&#39;s Veto": 727, "Raffine&#39;s Tower": 2104, "Fuel the Flames": 1047, "Gix's Command_SB": 1111, "Sorin the Mirthless_SB": 2525, "Graf Reaver_SB": 1177, "Kraul Whipcracker_SB": 1528, "Dive Down_SB": 709, "Fear of Impostors": 942, "Riptide Chimera": 2233, "Witchstalker_SB": 3144, "Blood Spatter Analysis": 255, "Soul-Scar Mage_SB": 2535, "Demonic Bargain": 656, "Osseous Sticktwister": 1926, "Korvold, Fae-Cursed King_SB": 1524, "Dive Down": 708, "Jace Reawakened_SB": 1409, "Blessed Defiance": 245, "Seasoned Hallowblade": 2356, "The Mycosynth Gardens": 2779, "Alrund's Epiphany": 59, "Loot, the Pathfinder": 1632, "Burning Earth_SB": 352, "Fugitive Codebreaker": 1049, "Tireless Tracker_SB": 2848, "Flowstone Infusion": 1004, "Invasion of New Phyrexia_SB": 1388, "Tangled Florahedron": 2705, "Healer of the Glade_SB": 1251, "Tale's End_SB": 2694, "Gisa, the Hellraiser_SB": 1108, "Ride's End_SB": 2227, "Omen of the Sun_SB": 1907, "Enduring Courage": 847, "Beseech the Mirror_SB": 215, "Forbidden Friendship": 1010, "Collective Effort_SB": 503, "Perilous Snare_SB": 1997, "Seeker of the Way_SB": 2366, "Redcap Melee": 2167, "Setessan Champion": 2386, "Trapped in the Screen": 2891, "Trapped in the Screen_SB": 2892, "Cryptolith Rite": 585, "Knockout Blow": 1510, "Bottomless Pool && Locker Room": 304, "Bottomless Pool && Locker Room_SB": 305, "Hidetsugu's Second Rite": 1284, "Eidolon of Blossoms_SB": 799, "Incubation Druid": 1345, "Kaya the Inexorable": 1457, "Mistrise Village": 1756, "Ral Zarek": 2117, "Tamiyo, Field Researcher": 2702, "Kunoros, Hound of Athreos_SB": 1542, "Qarsi Revenant": 2086, "Qarsi Revenant_SB": 2087, "Descendant of Storms": 671, "Tersa Lightshatter": 2741, "Dragonfire Blade": 734, "Lavaspur Boots_SB": 1559, "Cease // Desist": 425, "Cram Session": 563, "Insatiable Avarice": 1360, "The Biblioplex": 2757, "Valgavoth's Onslaught": 3002, "Containment Breach_SB": 535, "Environmental Sciences_SB": 860, "Introduction to Annihilation_SB": 1383, "Mascot Exhibition_SB": 1692, "Pest Summoning_SB": 2002, "Elspeth, Storm Slayer": 824, "United Battlefront": 2965, "Voice of Victory": 3051, "Sunder the Gateway_SB": 2645, "Voice of Victory_SB": 3052, "Mox Jasper": 1787, "Mistrise Village_SB": 1757, "Desperate Measures": 675, "Caustic Exhale": 414, "Dispelling Exhale": 703, "Foul-Tongue Invocation": 1024, "Marang River Regent": 1678, "Scavenger Regent": 2320, "Silumgar's Scorn": 2447, "Caustic Exhale_SB": 415, "Strategic Betrayal_SB": 2626, "Sunpearl Kirin": 2653, "Cori-Steel Cutter_SB": 546, "Cori-Steel Cutter": 545, "Wild Ride": 3125, "History of Benalia": 1292, "Rot-Curse Rakshasa": 2263, "Strategic Betrayal": 2625, "Treasure Map": 2898, "Archangel Elspeth": 103, "Painter's Studio && Defaced Gallery": 1966, "This Town Ain't Big Enough_SB": 2810, "Cori Mountain Monastery": 544, "Murderous Rider_SB": 1795, "Gurmag Angler": 1209, "Jaya, Fiery Negotiator": 1421, "Stormscale Scion": 2618, "Stormscale Scion_SB": 2619, "Of One Mind": 1895, "Banishing Slash": 187, "Songcrafter Mage": 2522, "Warden of the Grove": 3089, "Surrak, Elusive Hunter_SB": 2669, "United Battlefront_SB": 2966, "Icon of Ancestry": 1326, "White Sun's Twilight_SB": 3123, "Paradoxical Outcome_SB": 1974, "Masked Vandal": 1693, "Fanatical Firebrand_SB": 929, "Scavenger's Talent_SB": 2322, "Liliana, Death's Majesty": 1609, "Runed Halo": 2280, "Decadent Dragon_SB": 636, "Shiko, Paragon of the Way": 2421, "Undead Sprinter_SB": 2951, "Boros Reckoner": 298, "Elspeth, Storm Slayer_SB": 825, "Craterhoof Behemoth": 567, "Phyrexian Obliterator": 2014, "Decisive Denial": 638, "Ebondeath, Dracolich": 790, "Ertai's Scorn": 868, "Rakshasa's Bargain": 2116, "Unwind": 2983, "Awaken the Honored Dead_SB": 156, "Gaze of Granite_SB": 1076, "Lutri, the Spellchaser_SB": 1656, "Specter's Shriek_SB": 2546, "Jeskai Revelation": 1424, "Ray of Frost_SB": 2137, "Deafening Silence": 625, "Dragonlord Silumgar": 738, "Painful Truths": 1964, "Supreme Will": 2663, "Contraband Kingpin_SB": 539, "Village Rites": 3031, "Yathan Roadwatcher": 3175, "Stormchaser's Talent_SB": 2616, "Ugin, Eye of the Storms": 2932, "Robber of the Rich_SB": 2252, "Sokenzan, Crucible of Defiance_SB": 2515}}