{"vocabulary": {"Castle Ardenvale": 417, "Change the Equation": 473, "Deduce": 666, "Deserted Beach": 701, "Dovin's Veto": 759, "Eiganjo, Seat of the Empire": 832, "Farewell": 961, "Field of Ruin": 997, "Fountainport": 1062, "Get Lost": 1116, "Hall of Storm Giants": 1264, "Hallowed Fountain": 1265, "High Noon": 1337, "Island": 1452, "March of Otherworldly Light": 1741, "Memory Deluge": 1775, "No More Lies": 1921, "Otawara, Soaring City": 1997, "Plains": 2098, "Raugrin Triome": 2202, "Restless Anchorage": 2272, "Settle the Wreckage": 2457, "Sunken Citadel": 2716, "Supreme Verdict": 2726, "Teferi, Hero of Dominaria": 2782, "Temporary Lockdown": 2798, "The Wandering Emperor": 2860, "Three Steps Ahead": 2895, "Aether Gust_SB": 29, "Ashiok, Dream Render_SB": 136, "Beza, the Bounding Spring_SB": 229, "Dovin's Veto_SB": 760, "Hullbreaker Horror_SB": 1370, "Kaheera, the Orphanguard_SB": 1489, "Knockout Blow_SB": 1569, "Mystical Dispute_SB": 1865, "Narset, Parter of Veils_SB": 1878, "Shark Typhoon_SB": 2473, "Agatha's Soul Cauldron": 41, "Blackcleave Cliffs": 242, "Blightstep Pathway": 261, "Blood Crypt": 267, "Bloodtithe Harvester": 280, "Duress": 805, "Fable of the Mirror-Breaker": 938, "Fatal Push": 964, "Fear of Missing Out": 975, "Hive of the Eye Tyrant": 1342, "Marvin, Murderous Mimic": 1752, "Mountain": 1847, "Mutavault": 1859, "Raucous Theater": 2201, "Sokenzan, Crucible of Defiance": 2586, "Swamp": 2736, "Takenuma, Abandoned Mire": 2757, "Thoughtseize": 2885, "Torch the Tower": 2939, "Tree of Perdition": 2969, "Voldaren Thrillseeker": 3131, "Bitter Triumph_SB": 241, "Duress_SB": 806, "Go for the Throat_SB": 1184, "Hazoret the Fervent_SB": 1297, "Jegantha, the Wellspring_SB": 1475, "Ob Nixilis, the Adversary_SB": 1949, "Redcap Melee_SB": 2235, "Unlicensed Hearse_SB": 3039, "Withering Torment_SB": 3219, "Boseiju, Who Endures": 317, "Cavalier of Thorns": 437, "Elvish Mystic": 860, "Forest": 1049, "Invasion of Ixalan": 1438, "Kiora, Behemoth Beckoner": 1549, "Lair of the Hydra": 1606, "Leyline of the Guildpact": 1645, "Llanowar Elves": 1683, "Nykthos, Shrine to Nyx": 1942, "Oath of Nissa": 1946, "Old-Growth Troll": 1964, "Outcaster Trailblazer": 2003, "Storm the Festival": 2683, "Ulvenwald Oddity": 3012, "Cityscape Leveler_SB": 500, "Emrakul, the Promised End_SB": 873, "Pick Your Poison_SB": 2087, "Polukranos Reborn_SB": 2108, "Scrapshooter_SB": 2404, "Setessan Petitioner_SB": 2455, "The Stone Brain_SB": 2859, "Floodfarm Verge": 1031, "Portable Hole": 2114, "Farewell_SB": 962, "High Noon_SB": 1338, "Bitter Triumph": 240, "Blooming Marsh": 283, "Cache Grab": 383, "Concealed Courtyard": 547, "Esika's Chariot": 901, "Godless Shrine": 1210, "Greasefang, Okiba Boss": 1235, "Grisly Salvage": 1243, "Liliana of the Veil": 1667, "Overgrown Tomb": 2012, "Overlord of the Balemurk": 2014, "Parhelion II": 2042, "Raffine's Informant": 2171, "Razorverge Thicket": 2210, "Say Its Name": 2384, "Skysovereign, Consul Flagship": 2554, "Temple Garden": 2786, "Abrupt Decay_SB": 7, "Deafening Silence_SB": 653, "Fatal Push_SB": 965, "Surge of Salvation_SB": 2731, "Temporary Lockdown_SB": 2799, "Callous Sell-Sword": 391, "Claim // Fame": 502, "Den of the Bugbear": 691, "Dreadmaw's Ire": 781, "Emberheart Challenger": 867, "Heartfire Hero": 1303, "Infuriate": 1407, "Kumano Faces Kakkazan": 1596, "Manifold Mouse": 1737, "Monastery Swiftspear": 1832, "Monstrous Rage": 1834, "Ramunap Ruins": 2196, "Slickshot Show-Off": 2564, "Sulfurous Springs": 2705, "Claim // Fame_SB": 503, "Feed the Swarm_SB": 984, "Reckless Rage_SB": 2224, "Sheoldred's Edict_SB": 2483, "Thoughtseize_SB": 2886, "Anointed Peacekeeper": 90, "Archon of Emeria": 120, "Aven Interrupter": 163, "Branchloft Pathway": 328, "Brushland": 359, "Collected Company": 522, "Enduring Innocence": 881, "Kellan, Daring Traveler": 1530, "Shefet Dunes": 2478, "Skyclave Apparition": 2547, "Thalia, Guardian of Thraben": 2816, "Voice of Resurgence": 3121, "Werefox Bodyguard": 3187, "Anointed Peacekeeper_SB": 91, "Brutal Cathar_SB": 361, "Elite Spellbinder_SB": 849, "Gideon, Ally of Zendikar_SB": 1144, "Portable Hole_SB": 2115, "The Wandering Emperor_SB": 2861, "Werefox Bodyguard_SB": 3188, "Cryptic Coat": 608, "Darksteel Citadel": 633, "Ensoul Artifact": 887, "Inti, Seneschal of the Sun": 1427, "Legion Extruder": 1629, "Riverglide Pathway": 2310, "Shadowspear": 2462, "Shivan Reef": 2493, "Shrapnel Blast": 2504, "Smuggler's Copter": 2574, "Spell Pierce": 2620, "Spirebluff Canal": 2639, "Spyglass Siren": 2654, "Steam Vents": 2668, "Voldaren Epicure": 3130, "Zoetic Glyph": 3272, "Disdainful Stroke_SB": 729, "Magebane Lizard_SB": 1726, "Rending Volley_SB": 2256, "Voltage Surge_SB": 3135, "Undead Sprinter": 3022, "Chandra's Defeat_SB": 461, "Kolaghan's Command_SB": 1576, "Pyroclasm_SB": 2154, "Ancestral Anger": 69, "Reckless Rage": 2223, "Turn Inside Out": 2985, "Ghost Vacuum_SB": 1127, "Urabrask's Forge_SB": 3058, "Polukranos Reborn": 2107, "Arasta of the Endless Web_SB": 103, "Nylea's Intervention_SB": 1943, "Obstinate Baloth_SB": 1955, "Ulamog, the Ceaseless Hunger_SB": 3008, "Dreadhorde Arcanist": 777, "Titan's Strength": 2921, "Torch the Tower_SB": 2940, "Adarkar Wastes": 20, "Enduring Curiosity": 879, "Geistlight Snare": 1111, "Hengegate Pathway": 1318, "Katilda, Dawnhart Martyr": 1511, "Mausoleum Wanderer": 1762, "Rattlechains": 2200, "Seachrome Coast": 2412, "Shacklegeist": 2459, "Sheltered by Ghosts": 2480, "Spectral Sailor": 2618, "Spell Queller": 2622, "Supreme Phantom": 2725, "Enduring Innocence_SB": 882, "Katilda, Dawnhart Martyr_SB": 1512, "Rest in Peace_SB": 2271, "Skyclave Apparition_SB": 2548, "Three Steps Ahead_SB": 2896, "Castle Vantress": 423, "Censor": 452, "Clearwater Pathway": 510, "Cling to Dust": 515, "Consider": 556, "Deadly Cover-Up": 648, "Dig Through Time": 721, "Drown in the Loch": 798, "Extinction Event": 930, "Gloomlake Verge": 1170, "Heartless Act": 1305, "Narset, Parter of Veils": 1877, "Negate": 1887, "Restless Reef": 2277, "Shark Typhoon": 2472, "Sheoldred's Edict": 2482, "Shipwreck Marsh": 2491, "The End": 2831, "Torrential Gearhulk": 2946, "Watery Grave": 3174, "Annul_SB": 87, "Archfiend of the Dross_SB": 117, "Go Blank_SB": 1181, "Kalitas, Traitor of Ghet_SB": 1497, "Metamorphic Alteration_SB": 1788, "Narset's Reversal_SB": 1875, "Negate_SB": 1888, "Path of Peril_SB": 2049, "The Meathook Massacre_SB": 2844, "Thought Distortion_SB": 2881, "Can't Stay Away": 395, "Caves of Koilos": 443, "Darkbore Pathway": 631, "Traverse the Ulvenwald": 2964, "Knight of Autumn_SB": 1560, "Liliana of the Veil_SB": 1668, "Sheoldred, the Apocalypse_SB": 2485, "Vanishing Verse_SB": 3087, "Monstrous Emergence_SB": 1833, "Archfiend of the Dross": 116, "Blazemire Verge": 253, "Bloodletter of Aclazotz": 275, "Castle Locthwain": 421, "Go for the Throat": 1183, "Haunted Ridge": 1291, "Unholy Annex && Ritual Chamber": 3031, "Unstoppable Slasher": 3045, "Urborg, Tomb of Yawgmoth": 3061, "Damping Sphere_SB": 627, "Extinction Event_SB": 931, "Hidetsugu Consumes All_SB": 1333, "Reckoner Bankbuster_SB": 2228, "Atraxa, Grand Unifier": 151, "Careful Cultivation": 399, "Courier's Briefcase": 578, "Cragcrown Pathway": 585, "Mana Confluence": 1734, "Mirrex": 1807, "Reckoner Bankbuster": 2227, "Rockfall Vale": 2323, "Transmogrify": 2960, "Back to Nature_SB": 176, "Collective Brutality": 524, "Witherbloom Command": 3216, "Kutzil's Flanker_SB": 1601, "Leyline of the Void_SB": 1647, "Arclight Phoenix": 124, "Artist's Talent": 130, "Brazen Borrower": 333, "Fiery Impulse": 1002, "Ledger Shredder": 1625, "Lightning Axe": 1659, "Opt": 1983, "Picklock Prankster": 2088, "Proft's Eidetic Memory": 2135, "Sleight of Hand": 2561, "Stormcarved Coast": 2684, "Treasure Cruise": 2967, "Abrade_SB": 4, "Brazen Borrower_SB": 334, "Brotherhood's End_SB": 358, "Crackling Drake_SB": 583, "Fable of the Mirror-Breaker_SB": 939, "Horned Loch-Whale": 1357, "Lotus Field": 1704, "Meticulous Archive": 1789, "Strict Proctor": 2693, "Thespian's Stage": 2866, "Enduring Curiosity_SB": 880, "Curious Obsession": 620, "Invasion of Gobakhan": 1436, "Shardmage's Rescue": 2470, "Settle the Wreckage_SB": 2458, "Split Up": 2645, "Split Up_SB": 2646, "Pithing Needle_SB": 2097, "Cauldron Familiar": 432, "Claim the Firstborn": 504, "Deadly Dispute": 650, "Kroxa, Titan of Death's Hunger": 1594, "Mayhem Devil": 1765, "Scavenger's Talent": 2390, "Witch's Oven": 3211, "Ygra, Eater of All": 3248, "Haywire Mite_SB": 1295, "Pawpatch Formation_SB": 2055, "Case of the Stashed Skeleton": 412, "Hidetsugu Consumes All": 1332, "Ob Nixilis, the Adversary": 1948, "Volcanic Spite": 3128, "Battlefield Forge": 212, "Elegant Parlor": 842, "Sacred Foundry": 2356, "Elesh Norn, Mother of Machines_SB": 846, "Loran of the Third Path_SB": 1694, "Ghitu Lavarunner": 1124, "Light Up the Stage": 1655, "Play with Fire": 2100, "Skewer the Critics": 2538, "Soul-Scar Mage": 2605, "Spikefield Hazard": 2633, "Wizard's Lightning": 3223, "End the Festivities_SB": 876, "Goblin Chainwhirler_SB": 1190, "Kari Zev's Expertise_SB": 1506, "Rampaging Ferocidon_SB": 2194, "Razorkin Needlehead_SB": 2207, "Roiling Vortex_SB": 2326, "Sunspine Lynx_SB": 2724, "Witchstalker Frenzy_SB": 3214, "All That Glitters": 56, "Alpha Authority": 59, "Audacity": 156, "Cartouche of Solidarity": 405, "Ethereal Armor": 910, "Gladecover Scout": 1154, "Gryff's Boon": 1251, "Hammerhand": 1269, "Kaya's Ghostform": 1515, "Light-Paws, Emperor's Voice": 1658, "Optimistic Scavenger": 1984, "Sentinel's Eyes": 2449, "Skrelv, Defector Mite": 2542, "Sram, Senior Edificer": 2658, "Adanto Vanguard_SB": 19, "Boseiju, Who Endures_SB": 318, "Containment Priest_SB": 565, "Shardmage's Rescue_SB": 2471, "Sheltered by Ghosts_SB": 2481, "Prismari Command_SB": 2130, "Geier Reach Sanitarium": 1110, "Hullbreaker Horror": 1369, "Indomitable Creativity": 1399, "Omen of the Sea": 1970, "Skrelv's Hive": 2540, "Change the Equation_SB": 474, "Supreme Verdict_SB": 2727, "Yorion, Sky Nomad_SB": 3251, "Into the Flood Maw": 1430, "Banefire_SB": 191, "Prismari Command": 2129, "Young Pyromancer_SB": 3257, "Wedding Announcement": 3182, "Get Lost_SB": 1117, "Breeding Pool": 338, "Cavern of Souls": 441, "Elesh Norn, Mother of Machines": 845, "Enigmatic Incarnation": 886, "Glasspool Mimic": 1160, "Hushwood Verge": 1374, "Indatha Triome": 1398, "Knight of Autumn": 1559, "Kroxa and Kunoros": 1593, "Leyline Binding": 1636, "Nowhere to Run": 1932, "Noxious Gearhulk": 1934, "Overlord of the Floodpits": 2018, "Overlord of the Hauntwoods": 2020, "Ruric Thar, the Unbowed": 2348, "Sanctuary Warden": 2365, "Spara's Headquarters": 2612, "Titan of Industry": 2919, "Up the Beanstalk": 3055, "Vanishing Verse": 3086, "Zagoth Triome": 3262, "Zur, Eternal Schemer": 3277, "Agent of Treachery_SB": 44, "Archon of Emeria_SB": 121, "Heartless Act_SB": 1306, "Brightclimb Pathway": 342, "Sentinel of the Nameless City": 2447, "Doorkeeper Thrull_SB": 756, "Aetherflux Reservoir": 31, "Bala Ged Recovery": 180, "Botanical Sanctum": 320, "Cathartic Pyre": 430, "Fae of Wishes": 947, "Hidden Strings": 1331, "Ketria Triome": 1544, "Lier, Disciple of the Drowned": 1649, "Pore Over the Pages": 2111, "Sylvan Scrying": 2750, "Vizier of Tumbling Sands": 3119, "Aetherflux Reservoir_SB": 32, "Dig Through Time_SB": 722, "Grand Abolisher_SB": 1226, "Into the Flood Maw_SB": 1431, "Silence_SB": 2515, "Ascendant Spirit": 131, "Faceless Haven": 942, "Icon of Ancestry": 1378, "Snow-Covered Island": 2581, "Faceless Haven_SB": 943, "Fading Hope_SB": 946, "Icon of Ancestry_SB": 1379, "Lofty Denial_SB": 1687, "Unable to Scream_SB": 3016, "Wish": 3209, "Filter Out_SB": 1009, "Finale of Revelation_SB": 1012, "Sunfall_SB": 2714, "Thassa's Oracle_SB": 2821, "Chandra, Torch of Defiance_SB": 472, "Lightning Axe_SB": 1660, "Archdruid's Charm": 112, "Dark Petition": 629, "Emergent Ultimatum": 868, "Impulse": 1396, "Lush Portico": 1715, "Omniscience": 1976, "Soul Partition": 2599, "Approach of the Second Sun_SB": 97, "Emergent Ultimatum_SB": 869, "Nine Lives_SB": 1908, "Sphinx of the Final Word_SB": 2627, "Darkslick Shores": 632, "Faerie Miscreant": 952, "Floodpits Drowner": 1032, "Kaito Shizuki": 1490, "Kaito, Bane of Nightmares": 1492, "Mockingbird": 1821, "Moon-Circuit Hacker": 1839, "Ornithopter": 1990, "Cut Down_SB": 624, "Dokuchi Silencer_SB": 745, "Beza, the Bounding Spring": 228, "Bonny Pall, Clearcutter": 303, "Chained to the Rocks": 454, "Entity Tracker": 889, "Jetmir's Garden": 1477, "Lightning Helix": 1661, "Nylea's Presence": 1944, "Overlord of the Boilerbilges": 2016, "Roaring Furnace && Steaming Sauna": 2315, "Stomping Ground": 2680, "Thornspire Verge": 2879, "Chandra, Awakened Inferno_SB": 465, "Krenko's Buzzcrusher_SB": 1588, "Nezahal, Primal Tide_SB": 1891, "Adeline, Resplendent Cathar": 21, "Brutal Cathar": 360, "Coppercoat Vanguard": 569, "Dauntless Bodyguard": 634, "Hopeful Initiate": 1354, "Kytheon, Hero of Akros": 1605, "Recruitment Officer": 2232, "Thalia's Lieutenant": 2815, "Declaration in Stone_SB": 665, "Metamorphic Alteration": 1787, "Sorin the Mirthless": 2595, "Languish_SB": 1610, "Acererak the Archlich": 14, "Gwenna, Eyes of Gaea": 1258, "Honest Rutstein": 1349, "Kinnan, Bonder Prodigy": 1547, "Plaza of Heroes": 2103, "Relic of Legends": 2251, "Rona, Herald of Invasion": 2328, "Tranquil Frillback": 2957, "Assassin's Trophy_SB": 145, "Tranquil Frillback_SB": 2958, "Yasharn, Implacable Earth_SB": 3246, "Molten Collapse": 1826, "Invoke Despair_SB": 1446, "Ritual of Soot_SB": 2309, "Unholy Annex && Ritual Chamber_SB": 3032, "Beanstalk Giant": 214, "Clever Impersonator": 511, "Fabled Passage": 940, "Greater Tanuki": 1237, "Quintorius Kand": 2165, "Raffine's Tower": 2172, "Spark Double": 2613, "Spinewoods Armadillo": 2635, "Trumpeting Carnosaur": 2981, "Virtue of Persistence": 3110, "Bedeck // Bedazzle_SB": 217, "Consign // Oblivion_SB": 558, "Dragonlord Dromoka_SB": 767, "Gyruda, Doom of Depths_SB": 1260, "Keruga, the Macrosage_SB": 1540, "Roaring Furnace && Steaming Sauna_SB": 2316, "Saheeli, Sublime Artificer_SB": 2358, "Glarb, Calamity's Augur": 1156, "Nimble Larcenist": 1905, "Sylvan Caryatid": 2746, "Aclazotz, Deepest Betrayal": 15, "Bandit's Talent": 188, "Demolition Field": 683, "Foulmire Knight": 1058, "Go Blank": 1180, "Graveyard Trespasser": 1232, "Hostile Investigator": 1362, "Sheoldred, the Apocalypse": 2484, "Waste Not": 3169, "Aloe Alchemist": 58, "Atarka's Command": 149, "Burning-Tree Emissary": 374, "Copperline Gorge": 570, "Cunning Coyote": 615, "Karplusan Forest": 1509, "Reckless Bushwhacker": 2220, "Wild Slash": 3197, "Zurgo Bellstriker": 3279, "Destructive Revelry_SB": 709, "Shapers' Sanctuary_SB": 2469, "Wedding Announcement_SB": 3183, "Glissa Sunslayer": 1167, "Tenacious Underdog": 2802, "Cruelclaw's Heist_SB": 599, "Cry of the Carnarium_SB": 605, "Deadly Cover-Up_SB": 649, "Gaea's Revenge_SB": 1089, "Anger of the Gods_SB": 77, "Galvanic Iteration_SB": 1093, "Lier, Disciple of the Drowned_SB": 1650, "Otawara, Soaring City_SB": 1998, "Thespian's Stage_SB": 2867, "Kutzil's Flanker": 1600, "Ruric Thar, the Unbowed_SB": 2349, "Cacophony Scamp": 385, "Leyline of Resonance": 1641, "Dreadhorde Arcanist_SB": 778, "Case of the Filched Falcon": 409, "Mirrorshell Crab": 1810, "Omen Hawker": 1966, "The Enigma Jewel": 2833, "Unable to Scream": 3015, "Blossoming Defense": 284, "Felonious Rage": 990, "Questing Druid": 2159, "Flicker of Fate": 1027, "Overlord of the Mistmoors": 2021, "Hallowed Moonlight_SB": 1267, "Heliod's Intervention_SB": 1311, "March of Wretched Sorrow": 1745, "Misery's Shadow_SB": 1814, "Soaring Thought-Thief": 2585, "Thieves' Guild Enforcer": 2869, "Tinybones, the Pickpocket": 2915, "Underground River": 3025, "Weathered Runestone_SB": 3179, "Lukka, Coppercoat Outcast": 1709, "Valgavoth, Terror Eater": 3072, "Kroxa, Titan of Death's Hunger_SB": 1595, "Legion's End_SB": 1632, "Consuming Fervor": 562, "Snakeskin Veil": 2577, "Thud": 2901, "Blossoming Defense_SB": 285, "Case of the Crimson Pulse_SB": 408, "Blade of the Oni": 247, "Scavenging Ooze": 2391, "Scourge of the Skyclaves": 2399, "Agent of Treachery": 43, "Krenko's Buzzcrusher": 1587, "Linvala, the Preserver": 1675, "Xander's Lounge": 3240, "Bishop of Wings": 235, "Giada, Font of Hope": 1130, "Inspiring Overseer": 1422, "Kayla's Reconstruction": 1523, "Resplendent Angel": 2268, "Righteous Valkyrie": 2296, "Destroy Evil_SB": 708, "Reidane, God of the Worthy_SB": 2248, "Unlucky Witness": 3041, "Jwari Disruption": 1486, "Alpine Moon_SB": 61, "Beacon Bolt_SB": 213, "Fires of Victory_SB": 1017, "Proft's Eidetic Memory_SB": 2136, "Selfless Spirit": 2444, "Dromoka's Command_SB": 795, "Heliod, the Radiant Dawn": 1313, "Renegade Rallier": 2257, "Rotten Reunion_SB": 2331, "Nine Lives": 1907, "Peer into the Abyss": 2060, "Solemnity_SB": 2590, "Zacama, Primal Calamity_SB": 3260, "Demilich": 681, "Galvanic Iteration": 1092, "Pieces of the Puzzle": 2089, "Temporal Trespass": 2796, "Chandra, Dressed to Kill": 466, "Eidolon of the Great Revel": 830, "Goblin Chainwhirler": 1189, "Hired Claw": 1341, "Magebane Lizard": 1725, "Ojer Axonil, Deepest Might": 1961, "Rampaging Ferocidon": 2193, "Razorkin Needlehead": 2206, "Screaming Nemesis": 2407, "Leyline of Combustion_SB": 1639, "Scorching Shot_SB": 2396, "Nighthawk Scavenger_SB": 1901, "Nowhere to Run_SB": 1933, "Moon-Blessed Cleric": 1837, "Nimble Larcenist_SB": 1906, "Inspiring Vantage": 1423, "Kolaghan's Command": 1575, "Leyline of Sanctity_SB": 1644, "Chrome Host Seedshark_SB": 491, "Bonecrusher Giant": 300, "Blade of the Oni_SB": 248, "Ray of Enfeeblement_SB": 2204, "Parting Gust_SB": 2044, "Veteran Survivor": 3101, "Emeria's Call": 870, "Snow-Covered Plains": 2583, "Devout Decree_SB": 715, "Tocasia's Welcome_SB": 2927, "Abrade": 3, "Blast Zone": 251, "Languish": 1609, "Bloodletter of Aclazotz_SB": 276, "Unstoppable Slasher_SB": 3046, "Arboreal Grazer": 104, "Hedge Maze": 1307, "Path of Peril": 2048, "Temple of Mystery": 2792, "Adanto Vanguard": 18, "Demonic Ruckus": 688, "Needleverge Pathway": 1886, "Kellan, the Fae-Blooded_SB": 1534, "Wear // Tear_SB": 3177, "Caustic Bronco": 433, "Graveyard Trespasser_SB": 1233, "Nahiri, the Harbinger_SB": 1870, "Aftermath Analyst": 38, "Bring to Light": 348, "Brokers Hideout": 355, "Cabaretti Courtyard": 382, "Creosote Heath": 594, "Dryad's Revival": 803, "Echoing Deeps": 820, "Lotus Cobra": 1703, "Lumra, Bellow of the Woods": 1712, "Lush Oasis": 1714, "Maestros Theater": 1722, "Mystic Sanctuary": 1864, "Nissa, Resurgent Animist": 1912, "Obscura Storefront": 1954, "Omnath, Locus of Creation": 1973, "Omnath, Locus of the Roil": 1975, "Port of Karfell": 2113, "Risen Reef": 2303, "Riveteers Overlook": 2312, "Scapeshift": 2386, "Spelunking": 2625, "Splendid Reclamation": 2644, "The Hunter Maze": 2838, "Valki, God of Lies": 3075, "Atraxa, Grand Unifier_SB": 152, "Kenrith, the Returned King_SB": 1538, "Unmoored Ego_SB": 3043, "Exorcise_SB": 917, "Agatha of the Vile Cauldron": 40, "Bard Class": 201, "Domri, Anarch of Bolas": 749, "Gallia of the Endless Dance": 1091, "Hajar, Loyal Bodyguard": 1262, "Halana and Alena, Partners": 1263, "Itzquinth, Firstborn of Gishath": 1456, "Klothys, God of Destiny": 1557, "Migloz, Maze Crusher": 1795, "Mox Amber": 1849, "Ruby, Daring Tracker": 2340, "Samut, Vizier of Naktamun": 2363, "Samut, Voice of Dissent": 2364, "Targ Nar, Demon-Fang Gnoll": 2773, "Xenagos, the Reveler": 3243, "Cindervines_SB": 495, "Fog_SB": 1040, "Grafdigger's Cage_SB": 1224, "Lithomantic Barrage_SB": 1680, "Tamiyo's Safekeeping_SB": 2765, "Torpor Orb_SB": 2945, "Absorb": 8, "Pest Control": 2069, "Shambling Vent": 2468, "Void Rend": 3124, "Might of the Meek": 1794, "Screaming Nemesis_SB": 2408, "Fires of Invention": 1015, "Kenrith, the Returned King": 1537, "Path to the World Tree": 2050, "Roaring Furnace // Steaming Sauna": 2317, "Lightning Helix_SB": 1662, "Unholy Annex // Ritual Chamber": 3033, "Unholy Annex // Ritual Chamber_SB": 3034, "Get Out_SB": 1119, "Anoint with Affliction_SB": 89, "Ratchet Bomb_SB": 2199, "Ral, Crackling Wit_SB": 2185, "Authority of the Consuls_SB": 161, "Gloomshrieker": 1171, "Siege Rhino": 2508, "Touch the Spirit Realm": 2948, "Ziatora's Proving Ground": 3270, "Notion Thief_SB": 1930, "Fateful Absence": 966, "Baneslayer Angel_SB": 193, "Elite Spellbinder": 848, "Virtue of Loyalty": 3108, "Guardian of Faith_SB": 1253, "Invasion of Gobakhan_SB": 1437, "Test of Talents_SB": 2812, "Rotten Reunion": 2330, "Noxious Grasp_SB": 1936, "Extraction Specialist_SB": 935, "Isolate_SB": 1454, "Ill-Timed Explosion": 1383, "Caretaker's Talent": 400, "Carrot Cake": 404, "Sundown Pass": 2712, "Sunfall": 2713, "Invoke Despair": 1445, "March of Wretched Sorrow_SB": 1746, "Shadows' Verdict_SB": 2461, "Chandra, Awakened Inferno": 464, "Deathcap Glade": 655, "Hinterland Harbor": 1340, "Savai Triome": 2377, "Deputy of Detention_SB": 699, "Elspeth Conquers Death_SB": 850, "Abhorrent Oculus": 1, "Cryptic Coat_SB": 609, "Untimely Malfunction_SB": 3051, "Shoot the Sheriff": 2496, "The Celestus": 2828, "The Meathook Massacre": 2843, "Aclazotz, Deepest Betrayal_SB": 16, "Illness in the Ranks_SB": 1385, "Virulent Plague_SB": 3113, "Ghost Vacuum": 1126, "Unlicensed Hearse": 3038, "Blot Out_SB": 287, "Underground Mortuary": 3024, "Withering Torment": 3218, "General Kudro of Drannith": 1113, "Jirina, Dauntless General": 1480, "Jirina, Dauntless General_SB": 1481, "Illuminator Virtuoso": 1386, "Loran's Escape": 1695, "Blessed Defiance_SB": 260, "Light of Hope_SB": 1657, "Loran's Escape_SB": 1696, "Discontinuity": 727, "Sphinx's Revelation": 2628, "Dust Animus_SB": 812, "Summary Dismissal_SB": 2708, "Anoint with Affliction": 88, "Misery's Shadow": 1813, "Restless Prairie": 2276, "Sorin the Mirthless_SB": 2596, "Caustic Bronco_SB": 434, "Angrath, the Flame-Chained_SB": 79, "Restless Vents": 2280, "Cathar Commando_SB": 428, "Gifted Aetherborn": 1145, "Kalitas, Traitor of Ghet": 1496, "Brave the Elements": 331, "Containment Priest": 564, "Rockface Village": 2321, "Dark Betrayal_SB": 628, "Phantom Interference": 2071, "Archangel of Wrath": 111, "Beseech the Mirror": 225, "Demonic Pact": 687, "Disturbing Mirth": 737, "Doom Foretold": 751, "Harmless Offering": 1279, "Hopeless Nightmare": 1356, "Kaya's Wrath": 1517, "Rite of Oblivion": 2305, "Shattered Sanctum": 2475, "Tinybones Joins Up": 2913, "Treacherous Blessing": 2965, "Trial of Ambition": 2972, "Pest Control_SB": 2070, "Slaughter Games_SB": 2557, "Castle Garenbrig": 420, "Goldvein Hydra": 1213, "Pick Your Poison": 2086, "Ulamog, the Ceaseless Hunger": 3007, "Vaultborn Tyrant": 3091, "Vorinclex": 3139, "Vorinclex, Monstrous Raider": 3140, "Wolfwillow Haven": 3226, "Kogla, the Titan Ape_SB": 1574, "Nissa, Ascended Animist_SB": 1911, "Nullhide Ferox_SB": 1938, "Turn the Earth_SB": 2987, "Cut Down": 623, "Doomsday Excruciator": 753, "Ipnu Rivulet": 1447, "Jace, the Perfected Mind": 1470, "Supreme Will": 2728, "The Filigree Sylex_SB": 2835, "Lantern of the Lost_SB": 1612, "Baleful Mastery": 182, "Confounding Riddle": 553, "Hagra Mauling": 1261, "Overlord of the Floodpits_SB": 2019, "Divine Smite_SB": 742, "Eldritch Evolution": 839, "Surge of Salvation": 2730, "Kaya, Orzhov Usurper_SB": 1521, "Scrapshooter": 2403, "Balustrade Wurm_SB": 186, "Elder Gargaroth_SB": 835, "Lair of the Hydra_SB": 1607, "Fiery Impulse_SB": 1003, "Abrupt Decay": 6, "Ancient Cornucopia": 70, "Deafening Clarion": 651, "Niv-Mizzet Reborn": 1915, "Niv-Mizzet, Supreme": 1918, "Pillage the Bog": 2093, "The Scarab God": 2853, "Unmoored Ego": 3042, "Culling Ritual_SB": 613, "Elspeth, Sun's Champion_SB": 855, "March of Otherworldly Light_SB": 1742, "Collective Brutality_SB": 525, "Tear Asunder_SB": 2778, "Overlord of the Mistmoors_SB": 2022, "Tishana's Tidebinder_SB": 2918, "Hostile Hostel": 1361, "Vivien, Arkbow Ranger": 3116, "Keen-Eyed Curator_SB": 1529, "Tail Swipe_SB": 2755, "Leyline of the Void": 1646, "Clifftop Retreat": 514, "Isolated Chapel": 1455, "Woodland Cemetery": 3229, "Fading Hope": 945, "Icingdeath, Frost Tyrant": 1377, "Malcolm, Alluring Scoundrel": 1732, "Sleep-Cursed Faerie": 2560, "Obliterating Bolt_SB": 1951, "Homestead Courage": 1348, "Unchained Berserker_SB": 3019, "Cave of the Frost Dragon": 439, "Shadowy Backstreet": 2464, "Battle Cry Goblin": 209, "Call of the Death-Dweller": 389, "Conspicuous Snoop": 559, "Fireblade Charger": 1013, "Rundvelt Hordemaster": 2344, "Skirk Prospector": 2539, "Agatha's Soul Cauldron_SB": 42, "Squee, Dubious Monarch_SB": 2656, "Big Score": 230, "Rakdos Joins Up": 2179, "Liliana, Death's Majesty": 1669, "Pelakka Predation": 2062, "Valgavoth's Faithful": 3070, "Liliana, the Last Hope_SB": 1673, "Altanak, the Thrice-Called": 64, "The World Tree": 2865, "Worldsoul's Rage": 3232, "Zacama, Primal Calamity": 3259, "Radiant Flames_SB": 2170, "The Scarab God_SB": 2854, "Thalia, Heretic Cathar": 2818, "Extraction Specialist": 934, "Reflector Mage": 2238, "Requisition Raid_SB": 2265, "Spell Pierce_SB": 2621, "Raze the Effigy_SB": 2205, "Recommission": 2231, "Thalia, Guardian of Thraben_SB": 2817, "Steamcore Scholar": 2669, "Twinferno": 2990, "Collision // Colossus_SB": 530, "Deputy of Detention": 698, "Ghostly Dancers": 1128, "Destiny Spinner_SB": 706, "Blot Out": 286, "Chimil, the Inner Sun": 485, "Bile Blight_SB": 231, "Meathook Massacre II_SB": 1770, "Case of the Crimson Pulse": 407, "Witchstalker Frenzy": 3213, "Metallic Rebuke": 1784, "The Royal Scions": 2852, "Untimely Malfunction": 3050, "Metallic Rebuke_SB": 1785, "Hallowed Moonlight": 1266, "Elspeth's Smite": 852, "Ondu Inversion": 1978, "Sunpetal Grove": 2719, "Metropolis Reformer_SB": 1791, "Dragonskull Summit": 768, "Drowned Catacomb": 799, "Emrakul, the Promised End": 872, "Rootbound Crag": 2329, "Yasharn, Implacable Earth": 3245, "Despark_SB": 702, "Kambal, Consul of Allocation_SB": 1499, "Lightning Strike": 1664, "Thing in the Ice_SB": 2872, "Mazemind Tome": 1767, "Glistening Deluge_SB": 1169, "Legion Loyalist": 1631, "Goblin Ringleader_SB": 1199, "Reckless Bushwhacker_SB": 2221, "The End_SB": 2832, "Third Path Iconoclast_SB": 2875, "Dromoka's Command": 794, "Keen-Eyed Curator": 1528, "Tyvar, the Pummeler": 3003, "Adeline, Resplendent Cathar_SB": 22, "Voice of Resurgence_SB": 3122, "Vein Ripper": 3092, "Bloodchief's Thirst": 272, "Treasure Cruise_SB": 2968, "Deep-Cavern Bat": 667, "Neoform": 1889, "Oracle of Tragedy": 1986, "Otherworldly Gaze": 2000, "Satyr Wayfinder": 2375, "Soulflayer": 2607, "Striped Riverwinder": 2695, "Stubborn Denial": 2697, "Urborg Scavengers": 3060, "Zetalpa, Primal Dawn": 3268, "Deep-Cavern Bat_SB": 668, "Golgari Charm_SB": 1215, "Witherbloom Command_SB": 3217, "Zetalpa, Primal Dawn_SB": 3269, "Sanguine Evangelist_SB": 2371, "Voyaging Satyr_SB": 3143, "Chandra, Hope's Beacon": 468, "Sire of Insanity_SB": 2534, "Westvale Abbey": 3190, "Skrelv's Hive_SB": 2541, "Epic Downfall_SB": 892, "Claim the Firstborn_SB": 505, "Elder Gargaroth": 834, "Marina Vendrell": 1749, "Tolsimir, Friend to Wolves": 2930, "Callous Bloodmage": 390, "Crackling Drake": 582, "Cynical Loner": 626, "Restless Fortress": 2275, "Rite of the Moth": 2307, "The Restoration of Eiganjo": 2851, "Fracture_SB": 1065, "Case of the Gateway Express": 410, "Gleeful Demolition": 1162, "Imodane's Recruiter": 1388, "Knight-Errant of Eos": 1566, "Novice Inspector": 1931, "Resolute Reinforcements": 2266, "Thraben Inspector": 2890, "Venerated Loxodon": 3096, "Warden of the Inner Sky": 3161, "Pawpatch Recruit": 2056, "Fry_SB": 1079, "Deafening Clarion_SB": 652, "Gifted Aetherborn_SB": 1146, "Imposing Sovereign": 1393, "Behold the Multiverse_SB": 222, "Experimental Augury": 924, "Ral, Crackling Wit": 2184, "Thundering Falls": 2905, "Boon-Bringer Valkyrie_SB": 310, "Inescapable Blaze_SB": 1402, "Hazoret the Fervent": 1296, "Aetherling": 34, "Nahiri, the Harbinger": 1869, "Innkeeper's Talent_SB": 1411, "Tyvar, the Pummeler_SB": 3004, "Castle Embereth": 419, "Lost Legacy_SB": 1700, "The Cruelty of Gix": 2829, "Necromentia_SB": 1883, "Stern Dismissal": 2673, "Arid Archway": 125, "Barkchannel Pathway": 202, "Blue Sun's Twilight": 288, "Clifftop Lookout": 513, "Conduit Pylons": 552, "Dreamdew Entrancer": 787, "Dreamroot Cascade": 788, "Fecund Greenshell": 979, "Insidious Fungus": 1418, "Outcaster Greenblade": 2002, "Pawpatch Formation": 2054, "Magma Opus": 1727, "Stern Lesson": 2675, "Sublime Epiphany": 2700, "Unauthorized Exit": 3017, "Preacher of the Schism": 2124, "Llanowar Wastes": 1685, "Mosswood Dreadknight": 1845, "Faithful Mending": 953, "Souls of the Lost": 2609, "Stitcher's Supplier": 2676, "Tainted Indulgence": 2756, "Stubborn Denial_SB": 2698, "Urabrask's Forge": 3057, "Detention Sphere_SB": 712, "Cenote Scout": 451, "Deeproot Pilgrimage": 671, "Kumena, Tyrant of Orazca": 1598, "Kumena's Speaker": 1597, "Merfolk Trickster": 1783, "Tishana's Tidebinder": 2917, "Triton Tactics": 2976, "Vodalian Hexcatcher": 3120, "Eaten by Piranhas_SB": 819, "Masked Vandal_SB": 1753, "Furnace Reins_SB": 1085, "Virtue of Persistence_SB": 3111, "Abraded Bluffs": 5, "Furycalm Snarl": 1086, "Magda, the Hoardmaster": 1724, "Skullcrack_SB": 2545, "Smash to Smithereens_SB": 2570, "Soul-Guide Lantern_SB": 2604, "Tormod's Crypt_SB": 2944, "Demonic Counsel": 686, "Founding the Third Path": 1059, "Silence": 2514, "Tome Scour": 2932, "Tormod's Crypt": 2943, "Undercity Sewers": 3023, "Professor Onyx_SB": 2132, "Tome Scour_SB": 2933, "Ashiok, Dream Render": 135, "Glacial Fortress": 1153, "Irrigated Farmland": 1450, "Quick Study": 2161, "Valgavoth, Terror Eater_SB": 3073, "Ashiok, Nightmare Muse": 137, "Cling to Dust_SB": 516, "Day's Undoing_SB": 643, "Long Goodbye_SB": 1689, "Foundry Street Denizen": 1060, "Kari Zev's Expertise": 1505, "Wildfire Wickerfolk": 3199, "Domri's Ambush_SB": 748, "Glorious End_SB": 1172, "Gruul Charm_SB": 1248, "Klothys, God of Destiny_SB": 1558, "Commercial District": 542, "Temur Battle Rage": 2800, "Goblin Instigator": 1192, "Hobgoblin Bandit Lord": 1344, "Questing Druid_SB": 2160, "Linvala, the Preserver_SB": 1676, "Kenrith's Transformation_SB": 1536, "Questing Beast_SB": 2158, "Skysovereign, Consul Flagship_SB": 2555, "Wolfwillow Haven_SB": 3227, "Fauna Shaman": 968, "Sorin, Vengeful Bloodlord": 2597, "Elvish Archivist": 857, "Garruk, Unleashed": 1100, "Gilded Goose": 1147, "Haywire Mite": 1294, "Restless Cottage": 2274, "Trail of Crumbs": 2954, "Vraan, Executioner Thane_SB": 3144, "Vraska, Golgari Queen_SB": 3149, "Davriel, Rogue Shadowmage_SB": 636, "Saiba Cryptomancer": 2359, "Staggering Insight": 2660, "Toadstool Admirer": 2925, "Slip Out the Back_SB": 2567, "Approach of the Second Sun": 96, "Authority of the Consuls": 160, "Doomskar": 754, "Gideon's Intervention": 1139, "Ixalan's Binding": 1457, "Leyline of Sanctity": 1643, "Rest in Peace": 2270, "Search for Azcanta": 2417, "Solemnity": 2589, "Sorcerous Spyglass": 2593, "Coveted Falcon_SB": 581, "Devastating Mastery_SB": 713, "Gideon's Intervention_SB": 1140, "Cityscape Leveler": 499, "Vivien Reid_SB": 3115, "Molten Collapse_SB": 1827, "Key to the City": 1545, "Rush of Dread": 2351, "Fog": 1039, "Toxin Analysis": 2951, "Assassin's Trophy": 144, "Festering Gulch": 994, "Bloodchief's Thirst_SB": 273, "Swan Song_SB": 2738, "Selfless Spirit_SB": 2445, "Rewind": 2289, "Lava Axe": 1614, "Forest_SB": 1050, "Pack Rat": 2029, "Break Out": 335, "Royal Treatment": 2336, "Lightning Strike_SB": 1665, "Twisted Fealty_SB": 2995, "Embereth Shieldbreaker_SB": 866, "Emry, Lurker of the Loch": 874, "Faerie Mastermind": 950, "Retraction Helix": 2282, "Valley Floodcaller": 3077, "Jace, Wielder of Mysteries_SB": 1469, "Lavinia, Azorius Renegade_SB": 1618, "Mox Amber_SB": 1850, "Retraction Helix_SB": 2283, "Youthful Valkyrie": 3258, "Lion Sash_SB": 1678, "Blast Zone_SB": 252, "Jace, Vryn's Prodigy_SB": 1468, "Rockface Village_SB": 2322, "Soul Transfer": 2602, "Angel of Serenity": 73, "Regal Caracal_SB": 2244, "Bandit's Talent_SB": 189, "Sorcerous Spyglass_SB": 2594, "Sweltering Suns_SB": 2740, "Mosswood Dreadknight_SB": 1846, "Murderous Rider_SB": 1858, "Loran of the Third Path": 1693, "Anzrag, the Quake-Mole": 93, "Obliterating Bolt": 1950, "Reckless Stormseeker": 2225, "The Akroan War": 2823, "The Huntsman's Redemption": 2839, "The Akroan War_SB": 2824, "Rakdos, the Muscle": 2181, "Soul Search_SB": 2601, "Feldon, Ronom Excavator": 985, "Kari Zev, Skyship Raider": 1507, "Sprite Dragon": 2653, "Make Disappear": 1729, "Collision // Colossus": 529, "Bitter Reunion": 239, "Charming Prince": 478, "Delney, Streetwise Lookout": 679, "Parting Gust": 2043, "Prosperous Innkeeper": 2142, "Reidane, God of the Worthy": 2247, "Sanguine Evangelist": 2370, "Toby, Beastie Befriender": 2926, "Aven Interrupter_SB": 164, "Stern Dismissal_SB": 2674, "Reflector Mage_SB": 2239, "Outland Liberator": 2004, "Outland Liberator_SB": 2005, "Satoru, the Infiltrator": 2374, "Deathrite Shaman": 659, "Forsaken Miner": 1052, "Insidious Roots": 1419, "Priest of Forgotten Gods": 2127, "Rubblebelt Maverick": 2339, "Scrapheap Scrounger": 2402, "Tyvar, Jubilant Brawler": 3002, "Niv-Mizzet, Parun": 1916, "Niv-Mizzet, Parun_SB": 1917, "Arabella, Abandoned Doll": 99, "Embercleave": 864, "The Wandering Rescuer": 2862, "Ertai Resurrected": 897, "Lazav, the Multifarious": 1621, "Nashi, Searcher in the Dark": 1879, "Slogurk, the Overslime": 2569, "Teshar, Ancestor's Apostle": 2810, "Titania, Voice of Gaea": 2922, "Anafenza, the Foremost_SB": 67, "Ertai Resurrected_SB": 898, "Nicol Bolas, the Ravager_SB": 1897, "Talion, the Kindly Lord_SB": 2763, "Titania, Voice of Gaea_SB": 2923, "Feed the Cycle": 981, "Fires of Victory": 1016, "Koma, Cosmos Serpent": 1577, "Pyroclasm": 2153, "Valakut Awakening": 3069, "Behold the Beyond": 220, "Koma, Cosmos Serpent_SB": 1578, "Azor, the Lawbringer_SB": 171, "Karametra's Blessing_SB": 1504, "Kaya's Ghostform_SB": 1516, "Skrelv, Defector Mite_SB": 2543, "Giant Killer": 1133, "Lofty Denial": 1686, "Nebelgast Herald": 1881, "Patrician Geist": 2052, "Blue Sun's Twilight_SB": 289, "Exclusion Mage_SB": 915, "Unsubstantiate_SB": 3048, "Castle Ardenvale_SB": 418, "Zoraline, Cosmos Caller": 3275, "Fragmentize_SB": 1066, "Void Rend_SB": 3125, "Kaito Shizuki_SB": 1491, "Kaito, Bane of Nightmares_SB": 1493, "Footfall Crater": 1043, "Omnivorous Flytrap": 1977, "Patchwork Beastie": 2047, "Seed of Hope": 2431, "Migloz, Maze Crusher_SB": 1796, "Ossification": 1994, "Bolas's Citadel": 290, "Catacomb Sifter": 425, "Woe Strider": 3224, "Status // Statue_SB": 2666, "Snow-Covered Mountain": 2582, "Rottenmouth Viper": 2332, "Sawblade Skinripper": 2383, "Kraul Harpooner_SB": 1585, "Test of Talents": 2811, "Abuelo's Awakening": 9, "Fallaji Archaeologist": 955, "Sea Gate Restoration": 2410, "Thirst for Meaning": 2877, "Elspeth's Smite_SB": 853, "Glimmerburst": 1163, "Portal to Phyrexia": 2117, "Memory Deluge_SB": 1776, "Mirrex_SB": 1808, "Silver-Fur Master": 2519, "Floodpits Drowner_SB": 1033, "Gleaming Geardrake": 1161, "Lost Jitte": 1699, "Lay Down Arms": 1619, "Bloodsoaked Champion": 277, "Dire Tactics": 726, "Hostage Taker": 1360, "Casualties of War_SB": 424, "Warbriar Blessing": 3159, "Bonecrusher Giant_SB": 301, "Chandra, Dressed to Kill_SB": 467, "Kaito, Dancing Shadow_SB": 1495, "Ashiok, Nightmare Muse_SB": 138, "Kutzil, Malamet Exemplar_SB": 1603, "Detention Sphere": 711, "Trostani, Three Whispers": 2980, "Hostile Investigator_SB": 1363, "Flip the Switch": 1030, "Lazotep Plating": 1622, "Anger of the Gods": 76, "Royal Treatment_SB": 2337, "Dazzling Reflection_SB": 645, "Ahn-Crop Crasher_SB": 46, "Voracious Hydra_SB": 3138, "Dream Trawler": 785, "Maskwood Nexus": 1754, "Dream Trawler_SB": 786, "Surge of Righteousness_SB": 2729, "Highway Robbery": 1339, "Assemble the Players": 147, "Scavenging Ooze_SB": 2392, "Ledger Shredder_SB": 1626, "Kaya the Inexorable": 1513, "Scorching Dragonfire": 2393, "Despise": 703, "Elvish Rejuvenator": 861, "Glimpse the Core": 1165, "Sanctum of Ugin": 2366, "Shrine of the Forsaken Gods": 2507, "Ugin, the Spirit Dragon": 3005, "World Breaker": 3231, "Spatial Contortion_SB": 2614, "Jeskai Ascendancy": 1476, "Lavaspur Boots": 1617, "Mishra's Research Desk": 1816, "Restless Spire": 2279, "Biting-Palm Ninja": 236, "Dokuchi Silencer": 744, "Thousand-Faced Shadow": 2888, "Prosperous Thief": 2144, "Sulfur Falls": 2704, "Entity Tracker_SB": 890, "Marina Vendrell_SB": 1750, "Shivan Devastator": 2492, "Avabruck Caretaker": 162, "Starfield of Nyx": 2663, "Angel of Serenity_SB": 74, "Demon of Dark Schemes_SB": 684, "Harvester of Misery_SB": 1284, "Progenitor Mimic_SB": 2138, "Valki, God of Lies_SB": 3076, "Defabricate": 672, "Nahiri, the Unforgiving": 1871, "Extract the Truth_SB": 933, "Soul Partition_SB": 2600, "Lion Sash": 1677, "Archon of Absolution_SB": 119, "Garruk's Harbinger_SB": 1097, "Sandstalker Moloch_SB": 2367, "Diamond Pick-Axe": 718, "Experimental Confectioner": 925, "Elspeth, Sun's Champion": 854, "Blood Baron of Vizkopa_SB": 266, "Grand Abolisher": 1225, "Portent Tracker": 2119, "Leyline of Hope": 1640, "Metropolis Reformer": 1790, "Dawn's Truce_SB": 637, "Kambal, Profiteering Mayor_SB": 1500, "Charge Through": 477, "Chord of Calling": 488, "Fight as One": 1006, "Gods Willing": 1211, "Leonin Lightscribe": 1634, "March of Burgeoning Life": 1740, "Overgrown Farmland": 2011, "Season of Growth": 2422, "Tamiyo's Safekeeping": 2764, "Unwanted Remake": 3052, "Venerated Rotpriest": 3097, "Warriors' Lesson": 3167, "Collected Company_SB": 523, "Moon-Blessed Cleric_SB": 1838, "Silverfur Partisan_SB": 2523, "Thalia, Heretic Cathar_SB": 2819, "Scorching Dragonfire_SB": 2394, "Glissa Sunslayer_SB": 1168, "Mogis, God of Slaughter_SB": 1824, "Bedevil": 218, "Gala Greeters": 1090, "Jinnie Fay, Jetmir's Second": 1479, "Act of Treason_SB": 17, "Heroic Intervention_SB": 1326, "Consecrate // Consume_SB": 555, "Bloody Betrayal_SB": 281, "Knight of Grace_SB": 1564, "Evolved Sleeper": 912, "Tomik, Wielder of Law": 2935, "Sorin, Vengeful Bloodlord_SB": 2598, "Up the Beanstalk_SB": 3056, "Silundi Vision": 2517, "Flamecache Gecko": 1022, "Gev, Scaled Scorch": 1120, "Iridescent Vinelasher": 1449, "Okiba Reckoner Raid": 1963, "Brimaz, King of Oreskos_SB": 345, "Thrun, Breaker of Silence_SB": 2900, "Doppelgang": 757, "Broken Bond_SB": 354, "Cosmic Rebirth_SB": 575, "Slickshot Show-Off_SB": 2565, "Mazemind Tome_SB": 1768, "Ashen Rider": 132, "Combustible Gearhulk": 538, "Bonny Pall, Clearcutter_SB": 304, "Borborygmos Enraged_SB": 311, "Massacre Wurm_SB": 1757, "Rakdos, the Showstopper_SB": 2182, "Day's Undoing": 642, "Dragonlord Dromoka": 766, "Ghalta, Stampede Tyrant": 1123, "Smuggler's Surprise": 2575, "Velomachus Lorehold": 3093, "Realm-Cloaked Giant_SB": 2215, "Tyrranax Rex_SB": 3000, "Hooting Mandrills": 1352, "No One Left Behind": 1923, "Tasigur, the Golden Fang": 2776, "Thundertrap Trainer": 2906, "Yavimaya Coast": 3247, "Tolarian Terror_SB": 2929, "Splitskin Doll": 2647, "Luminarch Aspirant": 1711, "Hexgold Halberd_SB": 1328, "Lotus Field_SB": 1705, "Werewolf Pack Leader": 3189, "Vivien, Monsters' Advocate_SB": 3118, "Temporal Trespass_SB": 2797, "Declaration in Stone": 664, "Devouring Light_SB": 714, "Yorion, Sky Nomad": 3250, "Slip Out the Back": 2566, "Access Tunnel": 13, "Shakedown Heavy": 2465, "Kellan, Inquisitive Prodigy": 1531, "Restless Vinestalk": 2281, "Scavenger Grounds": 2388, "Welcoming Vampire": 3185, "Vinereap Mentor": 3105, "Mountain_SB": 1848, "Reclamation Sage_SB": 2230, "Colossal Skyturtle": 532, "Joint Exploration": 1482, "Realm-Cloaked Giant": 2214, "Sweltering Suns": 2739, "Experimental Synthesizer": 927, "Obosh, the Preypiercer_SB": 1953, "Zareth San, the Trickster_SB": 3265, "Annihilating Glare": 85, "Charred Foyer && Warped Space_SB": 480, "Dreadmaw's Ire_SB": 782, "Prairie Stream": 2123, "Teferi, Hero of Dominaria_SB": 2783, "Ashen Rider_SB": 133, "Carnage Tyrant_SB": 403, "Cavern of Souls_SB": 442, "Forge Devil_SB": 1051, "Lovestruck Beast": 1706, "Annul": 86, "Phyrexian Dragon Engine": 2079, "Azor, the Lawbringer": 170, "Aven Mindcensor_SB": 165, "Noxious Gearhulk_SB": 1935, "Blind Obedience": 262, "Collector's Vault": 528, "Boros Charm": 312, "Exquisite Firecraft_SB": 929, "Searing Blood_SB": 2419, "Spirit of the Labyrinth_SB": 2640, "Twinferno_SB": 2991, "Innkeeper's Talent": 1410, "Murderous Rider": 1857, "Vraska, Betrayal's Sting": 3146, "Prowling Serpopard_SB": 2147, "Abhorrent Oculus_SB": 2, "Torbran, Thane of Red Fell": 2938, "Leyline of Combustion": 1638, "Faerie Mastermind_SB": 951, "Jace, Vryn's Prodigy": 1467, "Commune with Dinosaurs": 545, "Ghalta, Primal Hunger": 1121, "Hulking Raptor": 1368, "Marauding Raptor": 1739, "Otepec Huntmaster": 1999, "Pugnacious Hammerskull": 2149, "Rampaging Raptor": 2195, "Ripjaw Raptor": 2299, "Infernal Grasp_SB": 1405, "Calamity, Galloping Inferno": 387, "Portal to Phyrexia_SB": 2118, "Defiler of Vigor": 675, "Garruk's Uprising": 1098, "Gemrazer": 1112, "Hardened Scales": 1277, "Ornery Tumblewagg": 1989, "Questing Beast": 2157, "Railway Brawler": 2174, "Ranger Class": 2197, "The Great Henge": 2837, "The Skullspore Nexus": 2856, "Yorvo, Lord of Garenbrig": 3252, "Ram Through_SB": 2190, "Bontu's Last Reckoning_SB": 305, "Chandra, Torch of Defiance": 471, "Heroic Reinforcements": 1327, "Monastery Mentor": 1830, "Stormchaser's Talent": 2685, "Third Path Iconoclast": 2874, "Bushy Bodyguard": 380, "Camellia, the Seedmiser": 393, "Giant Opportunity": 1135, "Hollow Scavenger": 1346, "Honored Dreyleader": 1350, "Ifnir Deadlands": 1382, "Tear Asunder": 2777, "Valley Rotcaller": 3079, "Wicked Wolf": 3195, "Overprotect_SB": 2023, "Calix, Guided by Fate": 388, "Generous Visitor": 1114, "Jukai Naturalist": 1484, "Spirited Companion": 2642, "Unflinching Courage": 3030, "Valgavoth's Lair": 3071, "Weaver of Harmony": 3180, "Bubble Smuggler": 362, "Growing Dread": 1244, "Hauntwoods Shrieker": 1293, "Long Goodbye": 1688, "Paranormal Analyst": 2041, "Vannifar, Evolved Enigma": 3088, "Atsushi, the Blazing Sky": 153, "Bonehoard Dracosaur": 302, "Dragon Tempest": 764, "Grafdigger's Cage": 1223, "Invasion of Tarkir": 1441, "Manaform Hellkite": 1735, "Reckless Impulse": 2222, "Shatterskull Smashing": 2476, "Wrenn's Resolve": 3238, "Tears of Valakut_SB": 2779, "Harness by Force_SB": 1281, "Burning Anger": 370, "Colossification": 534, "Grapple with the Past": 1228, "Storm Herald": 2682, "Commencement of Festivities": 541, "Defend the Hearth": 673, "Growth Spiral": 1245, "Sphinx's Tutelage": 2630, "Sultai Charm": 2706, "Winds of Qal Sisma": 3206, "Folio of Fancies_SB": 1041, "Sultai Charm_SB": 2707, "Armed and Armored": 127, "Consulate Dreadnought": 560, "Giant Ox": 1136, "Hotshot Mechanic": 1364, "Ingenious Smith": 1409, "Mech Hangar": 1771, "Surgehacker Mech": 2732, "Toolcraft Exemplar": 2936, "Unidentified Hovership": 3035, "Turntimber Symbiosis": 2988, "Archdruid's Charm_SB": 113, "Cemetery Prowler_SB": 450, "Goldvein Hydra_SB": 1214, "Kaya, Spirits' Justice_SB": 1522, "Professor's Warning": 2133, "Enduring Courage": 878, "Commit // Memory_SB": 544, "Murderous Cut_SB": 1856, "Crumb and Get It": 600, "Defiant Strike": 674, "Favored Hoplite": 969, "Sejiri Shelter": 2438, "Crumb and Get It_SB": 601, "Baral, Chief of Compliance": 199, "Invigorated Rampage": 1444, "Colossus Hammer": 535, "Kellan, the Fae-Blooded": 1533, "Kemba, Kha Enduring": 1535, "Open the Armory": 1979, "Resolute Strike": 2267, "Sigarda's Aid": 2511, "Thud_SB": 2902, "Deification": 678, "Elspeth Resplendent": 851, "Gideon Blackblade": 1137, "Gideon of the Trials": 1138, "Gideon's Triumph": 1141, "Oath of Kaya": 1945, "The Birth of Meletis": 2826, "Urza's Sylex": 3064, "Yahenni's Expertise": 3244, "Sunset Revelry_SB": 2721, "Empyrean Eagle": 871, "Hanged Executioner": 1272, "Rally of Wings": 2187, "Skycat Sovereign": 2546, "Topplegeist": 2937, "Watcher of the Spheres": 3173, "Errant and Giada_SB": 896, "Patch Up_SB": 2045, "Remorseful Cleric_SB": 2254, "Dictate of Kruphix": 719, "Notion Thief": 1929, "Slitherwisp": 2568, "Blacklance Paragon_SB": 244, "Cunning Nightbonder_SB": 617, "Shadowspear_SB": 2463, "Exuberant Fuseling": 936, "Frenzied Goblin": 1073, "Goblin Piledriver": 1196, "Goblin Rabblemaster": 1197, "Dewdrop Cure_SB": 717, "Adult Gold Dragon": 24, "Savage Summoning_SB": 2376, "Mystic Monastery": 1862, "Warrant // Warden": 3166, "Reduce // Rubble_SB": 2237, "Jadar, Ghoulcaller of Nephalia_SB": 1471, "Angrath's Rampage_SB": 78, "Selfless Glyphweaver": 2440, "Temple of Epiphany": 2789, "Get Out": 1118, "Secrets of the Key": 2427, "Azure Beastbinder": 174, "Bounding Krasis": 324, "Decimator of the Provinces": 663, "Elder Deep-Fiend": 833, "Fierce Empath": 1000, "Nissa, Vastwood Seer": 1913, "Reclamation Sage": 2229, "Rishkar, Peema Renegade": 2304, "Skylasher_SB": 2552, "Archangel Elspeth_SB": 109, "Chromanticore": 489, "Cragplate Baloth": 586, "Oketra the True": 1962, "Tarrian's Journal": 2774, "Dreams of Steel and Oil_SB": 790, "Rush of Adrenaline": 2350, "Ulcerate_SB": 3009, "Phyrexian Fleshgorger": 2080, "Phyrexian Fleshgorger_SB": 2081, "Silverquill Silencer": 2525, "Dreams of Steel and Oil": 789, "March of Swirling Mist_SB": 1744, "Velomachus Lorehold_SB": 3094, "Titan of Industry_SB": 2920, "Kick in the Door": 1546, "Violent Urge": 3106, "Charred Foyer // Warped Space_SB": 481, "Cosmic Rebirth": 574, "Escape to the Wilds": 900, "Doomskar_SB": 755, "Overlord of the Boilerbilges_SB": 2017, "Aqueous Form": 98, "Combat Research": 537, "Break the Spell_SB": 336, "Warbriar Blessing_SB": 3160, "Bond of Insight": 296, "Lyra Dawnbringer_SB": 1716, "Depopulate_SB": 697, "Welcoming Vampire_SB": 3186, "Deflecting Palm_SB": 677, "Akroan Crusader": 53, "Clever Lumimancer": 512, "Expedite": 919, "Gods Willing_SB": 1212, "Showdown of the Skalds_SB": 2503, "Dreadhorde Invasion": 779, "Realmwalker": 2216, "Obzedat, Ghost Council": 1957, "Silver Raven": 2518, "Eat to Extinction_SB": 817, "Ajani, Sleeper Agent_SB": 49, "Fiery Temper": 1004, "Hollow One": 1345, "Insolent Neonate": 1420, "Ovalchase Daredevil": 2009, "Improbable Alliance_SB": 1395, "Hushbringer_SB": 1373, "Agadeem's Awakening": 39, "Clockwork Percussionist": 517, "Atarka's Command_SB": 150, "Dwarven Mine": 813, "Gideon, Ally of Zendikar": 1143, "Worldspine Wurm_SB": 3234, "Xenagos, God of Revels_SB": 3242, "Voyaging Satyr": 3142, "Natural State_SB": 1880, "Snow-Covered Swamp": 2584, "Perilous Voyage_SB": 2067, "Discontinuity_SB": 728, "Virtue of Loyalty_SB": 3109, "Cruelclaw's Heist": 598, "Escape Tunnel": 899, "Insatiable Avarice_SB": 1414, "Malicious Eclipse_SB": 1733, "Cathar Commando": 427, "Rush of Dread_SB": 2352, "Cemetery Desecrator": 446, "The Kenriths' Royal Funeral_SB": 2842, "Coordinated Assault": 567, "Breaking // Entering": 337, "Fraying Sanity": 1071, "Maddening Cacophony": 1719, "Soul-Guide Lantern": 2603, "Tasha's Hideous Laughter": 2775, "Cleansing Nova": 506, "Coveted Falcon": 580, "Idyllic Tutor": 1381, "Palace Siege_SB": 2033, "Come Back Wrong_SB": 539, "Bonebind Orator": 299, "Crashing Drawbridge": 589, "Fiend Artisan": 999, "Moss-Pit Skeleton": 1843, "Osteomancer Adept": 1996, "Shigeki, Jukai Visionary": 2489, "Snarling Gorehound": 2579, "Squirming Emergence": 2657, "Ygra, Eater of All_SB": 3249, "Assimilation Aegis": 148, "Candy Trail": 396, "Disruption Protocol": 734, "Dusk Rose Reliquary": 809, "Fomori Vault": 1042, "Golos, Tireless Pilgrim": 1217, "Inventors' Fair": 1443, "Lantern of the Lost": 1611, "Moonsnare Prototype": 1841, "Prophetic Prism": 2141, "The Book of Exalted Deeds": 2827, "Tyrite Sanctum": 2998, "Whir of Invention": 3192, "Citizen's Crowbar_SB": 498, "Outrageous Robbery_SB": 2008, "Giant Killer_SB": 1134, "Deploy the Gatewatch": 695, "Interplanar Beacon": 1426, "Kaya, Intangible Slayer": 1518, "Narset of the Ancient Way": 1874, "Paradise Druid": 2038, "Tamiyo, Collector of Tales": 2766, "Tamiyo, Compleated Sage": 2768, "The Eternal Wanderer": 2834, "Nissa, Ascended Animist": 1910, "Rankle's Prank": 2198, "Repudiate // Replicate": 2261, "Thrun, Breaker of Silence": 2899, "Wrenn and Realmbreaker": 3237, "Colossal Skyturtle_SB": 533, "Song of Totentanz_SB": 2592, "Lilah, Undefeated Slickshot": 1666, "Horned Loch-Whale_SB": 1358, "Strict Proctor_SB": 2694, "Green Sun's Twilight": 1238, "Tyrranax Rex": 2999, "Invasion of Ixalan_SB": 1439, "Phyrexian Censor_SB": 2078, "Leyline of Resonance_SB": 1642, "Furnace Reins": 1084, "Void Winnower_SB": 3126, "Eidolon of Rhetoric_SB": 829, "Unctus, Grand Metatect": 3021, "Feed the Swarm": 983, "Boros Charm_SB": 313, "Flowstone Infusion_SB": 1038, "Annie Joins Up": 84, "Phylath, World Sculptor": 2074, "Liliana, the Last Hope": 1672, "Regal Caracal": 2243, "Izzet Charm": 1460, "Finale of Devastation": 1011, "Kitsa, Otterball Elite": 1556, "Springleaf Drum": 2652, "Wishclaw Talisman": 3210, "Altar of the Brood_SB": 65, "Attack-in-the-Box": 154, "Balemurk Leech": 183, "Broodspinner": 356, "Cackling Slasher": 384, "Cathartic Parting": 429, "Coordinated Clobbering": 568, "Flesh Burrower": 1026, "Frantic Strength": 1069, "Glimmerlight": 1164, "Grasping Longneck": 1231, "Grievous Wound": 1240, "Innocuous Rat": 1412, "Meathook Massacre II": 1769, "Overgrown Zealot": 2013, "Saw": 2381, "Slavering Branchsnapper": 2558, "Spectral Snatcher": 2619, "Spineseeker Centipede": 2634, "Sporogenic Infection": 2650, "Strangled Cemetery": 2691, "Terramorphic Expanse": 2806, "Twitching Doll": 2996, "Wary Watchdog": 3168, "Winter, Misanthropic Guide": 3208, "Conductive Machete_SB": 551, "Fanatic of the Harrowing_SB": 958, "Final Vengeance_SB": 1010, "Friendly Teddy_SB": 1075, "Give In to Violence_SB": 1150, "Manifest Dread_SB": 1736, "Murder_SB": 1854, "Selfless Glyphweaver_SB": 2441, "Tolsimir, Friend to Wolves_SB": 2931, "Narset, Enlightened Master_SB": 1876, "Dragonhawk, Fate's Tempest": 765, "Unexpected Fangs_SB": 3029, "Starnheim Unleashed_SB": 2664, "Tidebinder Mage_SB": 2910, "Goblin Ringleader": 1198, "Goblin Trashmaster": 1204, "Squee, Dubious Monarch": 2655, "Lukka, Coppercoat Outcast_SB": 1710, "Experimental Frenzy_SB": 926, "Brave the Elements_SB": 332, "Bontu's Monument": 306, "Hashep Oasis": 1285, "Thought-Knot Seer": 2883, "Arlinn, the Pack's Hope_SB": 126, "Eldrazi Obligator_SB": 838, "Thought-Knot Seer_SB": 2884, "Saheeli, Sublime Artificer": 2357, "Dazzling Theater // Prop Room": 646, "Restless Bivouac": 2273, "Siege Veteran": 2509, "Warleader's Call": 3162, "Yotian Frontliner": 3253, "Aurelia, the Law Above_SB": 159, "Helping Hand": 1317, "Hope Tender_SB": 1353, "Dwynen's Elite": 814, "Elvish Clancaller": 859, "Elvish Warmaster": 863, "Jaspera Sentinel": 1473, "Leaf-Crowned Visionary": 1624, "Secluded Courtyard": 2426, "Shaman of the Pack": 2467, "Pause for Reflection_SB": 2053, "Phyrexian Revoker_SB": 2083, "Sentinel of Lost Lore_SB": 2446, "Soulless Jailer_SB": 2608, "Ferocious Werefox_SB": 991, "Deeproot Elite": 670, "Forensic Researcher": 1046, "Kiora's Follower": 1548, "Kitesail Larcenist": 1552, "Three Tree City": 2897, "Forensic Researcher_SB": 1047, "Kopala, Warden of Waves_SB": 1580, "Lost in the Maze_SB": 1701, "Prophet of Kruphix_SB": 2140, "Snow-Covered Forest": 2580, "Consign // Oblivion": 557, "Creative Outburst": 592, "Vanquish the Horde_SB": 3089, "Takenuma, Abandoned Mire_SB": 2758, "Barrier Breach_SB": 204, "Kazuul's Fury": 1526, "Tail Swipe": 2754, "Giant Growth": 1132, "Snakeskin Veil_SB": 2578, "Bedeck // Bedazzle": 216, "Herd Migration": 1323, "Mirrorshell Crab_SB": 1811, "Quakebringer_SB": 2156, "Drannith Ruins": 771, "Faerie Dreamthief": 948, "Spell Stutter": 2623, "Overlord of the Balemurk_SB": 2015, "Plumecreed Escort_SB": 2105, "Speaker of the Heavens": 2616, "Possibility Storm": 2120, "Sunset Revelry": 2720, "Blind Obedience_SB": 263, "Outlaws' Merriment_SB": 2006, "Rip Apart_SB": 2298, "Archon of Sun's Grace": 122, "Omen of the Sun": 1971, "Seal Away": 2413, "Starfall Invocation_SB": 2662, "Collateral Damage": 520, "Eidolon of the Great Revel_SB": 831, "Wandering Mind": 3157, "Chandra, Acolyte of Flame_SB": 463, "The Autonomous Furnace": 2825, "Bushwhack": 379, "Circle of Dreams Druid": 496, "Elvish Visionary": 862, "Deathrite Shaman_SB": 660, "Cavalier of Flame": 436, "Vraska, Betrayal's Sting_SB": 3147, "Tale's End": 2759, "Urza's Sylex_SB": 3065, "Chandra, Acolyte of Flame": 462, "Exquisite Firecraft": 928, "Gruul Charm": 1247, "Braids, Arisen Nightmare": 326, "Spiteful Hexmage": 2643, "Haunted Ridge_SB": 1292, "Basri Ket_SB": 206, "Unwanted Remake_SB": 3053, "Roaring Furnace // Steaming Sauna_SB": 2318, "Not on My Watch_SB": 1928, "Fanatical Offering": 960, "Doppelgang_SB": 758, "Holy Cow": 1347, "Archangel of Tithes_SB": 110, "Conclave Tribunal_SB": 550, "Shalai, Voice of Plenty_SB": 2466, "Popular Egotist": 2109, "Cemetery Illuminator": 448, "Cemetery Illuminator_SB": 449, "Balmor, Battlemage Captain": 184, "Shore Up_SB": 2499, "Bag of Holding": 178, "Jace, Architect of Thought": 1465, "Teferi, Master of Time": 2784, "Cleansing Nova_SB": 507, "Eerie Ultimatum_SB": 825, "Inspired Ultimatum_SB": 1421, "Nicol Bolas, Dragon-God_SB": 1895, "Sarkhan the Masterless_SB": 2372, "Thief of Sanity_SB": 2868, "Botanical Brawler": 319, "Bristly Bill, Spine Sower": 352, "Conclave Mentor": 549, "Kodama of the West Tree": 1570, "Ozolith, the Shattered Spire": 2027, "Stonecoil Serpent": 2681, "Urgent Necropsy": 3062, "Archangel Avacyn_SB": 108, "Wrenn's Resolve_SB": 3239, "Jace Reawakened": 1462, "Rabid Gnaw": 2168, "Shock": 2494, "Kazandu Mammoth": 1525, "Strangle": 2689, "Vraska, Golgari Queen": 3148, "Azorius Charm": 172, "Scavenger Grounds_SB": 2389, "Fortified Beachhead": 1053, "The Scorpion God_SB": 2855, "Painful Truths_SB": 2032, "Fortified Village": 1054, "Nightveil Predator": 1902, "Rhonas the Indomitable": 2290, "Depopulate": 696, "Consuming Tide_SB": 563, "The Cruelty of Gix_SB": 2830, "Maximize Velocity_SB": 1764, "Field of Ruin_SB": 998, "Eidolon of Blossoms": 827, "Bond of Revival": 297, "Rhonas the Indomitable_SB": 2291, "Whisperwood Elemental_SB": 3194, "Blazemire Verge_SB": 254, "Citywide Bust_SB": 501, "Hoarding Broodlord_SB": 1343, "Enduring Vitality": 884, "Kona, Rescue Beastie": 1579, "Selfless Savior": 2442, "Seraphic Steed": 2450, "Survivors' Encampment": 2735, "Selfless Savior_SB": 2443, "Elesh Norn_SB": 847, "Zoyowa Lava-Tongue": 3276, "Exuberant Fuseling_SB": 937, "Kaya, Intangible Slayer_SB": 1519, "Renounce the Guilds_SB": 2259, "Duelist of the Mind": 804, "Orazca Puzzle-Door": 1987, "Monastery Mentor_SB": 1831, "Enduring Bondwarden": 877, "Hangarback Walker": 1270, "Quirion Beastcaller": 2166, "Bolas's Citadel_SB": 291, "Catacomb Sifter_SB": 426, "Popular Egotist_SB": 2110, "Prosperous Innkeeper_SB": 2143, "Woe Strider_SB": 3225, "Elvish Archivist_SB": 858, "Ugin, the Spirit Dragon_SB": 3006, "Fblthp, the Lost": 970, "Shoot the Sheriff_SB": 2497, "Armored Scrapgorger": 129, "Eldrazi Displacer": 836, "Viashino Pyromancer": 3102, "Dawnbringer Cleric_SB": 639, "Den of the Bugbear_SB": 692, "Dispel_SB": 733, "Kitesail Larcenist_SB": 1553, "Suncleanser_SB": 2710, "Debt to the Kami": 661, "Debt to the Kami_SB": 662, "Release to the Wind": 2249, "Angelfire Ignition": 75, "Tenth District Legionnaire": 2804, "Steel Seraph_SB": 2672, "Izoni, Center of the Web": 1459, "Lively Dirge": 1681, "Drag to the Roots": 763, "Castle Locthwain_SB": 422, "Edgar, Charmed Groom_SB": 822, "Play with Fire_SB": 2101, "Silent Gravestone_SB": 2516, "Gates of Istfell": 1105, "Fateful Absence_SB": 967, "No More Lies_SB": 1922, "Korvold, Fae-Cursed King": 1581, "Guardian of Faith": 1252, "Phyrexian Vindicator_SB": 2084, "Kozilek's Return_SB": 1584, "Alchemist's Gambit": 54, "Intrepid Adversary": 1434, "Experiment One": 922, "Unclaimed Territory": 3020, "Cyclonic Rift": 625, "Rona's Vortex": 2327, "Curse of Silence_SB": 621, "Nighthawk Scavenger": 1900, "Gyruda, Doom of Depths": 1259, "Cease // Desist_SB": 444, "Case of the Gateway Express_SB": 411, "Hidden Necropolis": 1329, "Temple of Malady": 2790, "Temple of Malice": 2791, "Brimaz, King of Oreskos": 344, "Collector's Cage": 527, "Warping Wail_SB": 3165, "Kitnap": 1554, "Bloodtithe Collector": 279, "Goddric, Cloaked Reveler": 1209, "Bonders' Enclave": 298, "Nicol Bolas, Dragon-God": 1894, "Vampires' Vengeance_SB": 3084, "Blood Crypt_SB": 268, "Evolving Adaptive": 913, "Pelt Collector": 2064, "Voltaic Brawler": 3136, "Embercleave_SB": 865, "Vengeful Possession_SB": 3099, "Ingenious Prodigy": 1408, "Glarb, Calamity's Augur_SB": 1157, "Tomik, Distinguished Advokist_SB": 2934, "Bamboo Grove Archer_SB": 187, "Sunken Citadel_SB": 2717, "Mastermind's Acquisition_SB": 1760, "Season of the Burrow_SB": 2423, "Spinner of Souls": 2636, "Abyssal Harvester": 10, "Zur, Eternal Schemer_SB": 3278, "Burst Lightning": 377, "Scab-Clan Berserker_SB": 2385, "Knight-Errant of Eos_SB": 1567, "Boltwave": 292, "Elenda, Saint of Dusk": 843, "Elenda, Saint of Dusk_SB": 844, "Serra Paragon": 2451, "Waste Not_SB": 3170, "High Fae Trickster_SB": 1336, "Fervent Champion": 993, "Goblin Tomb Raider": 1202, "Leyline Axe": 1635, "Kaito, Cunning Infiltrator": 1494, "Scrawling Crawler": 2406, "Brass Knuckles": 329, "Fabrication Foundry": 941, "Metalwork Colossus": 1786, "Simulacrum Synthesizer": 2530, "The Irencrag": 2840, "Wedding Invitation": 3184, "Mystic Forge_SB": 1861, "Varragoth, Bloodsky Sire": 3090, "Syr Ginger, the Meal Ender": 2751, "Saiba Cryptomancer_SB": 2360, "Nahiri, the Unforgiving_SB": 1872, "Ajani, Sleeper Agent": 48, "Alms of the Vein": 57, "Demand Answers": 680, "Grab the Prize": 1221, "Markov Baron": 1751, "Nullpriest of Oblivion": 1939, "Skullcrack": 2544, "Expedition Map": 920, "Evangel of Synthesis": 911, "Kiora, the Rising Tide": 1550, "Raffine, Scheming Seer": 2173, "Dropkick Bomber": 796, "Searslicer Goblin": 2420, "Creeping Chill": 593, "Driven // Despair": 792, "Haunted Dead": 1290, "Narcomoeba": 1873, "Prized Amalgam": 2131, "Silversmote Ghoul": 2526, "Wail of the Forgotten": 3151, "Huskburster Swarm_SB": 1375, "Zombify": 3273, "Blooming Blast": 282, "Cemetery Gatekeeper_SB": 447, "Mission Briefing": 1817, "Not on My Watch": 1927, "Dawnbringer Cleric": 638, "Camellia, the Seedmiser_SB": 394, "Trail of Crumbs_SB": 2955, "Bulk Up": 366, "Voracious Hydra": 3137, "Hornet Queen_SB": 1359, "Cut // Ribbons": 622, "Blacksmith's Talent": 245, "Herald of Eternal Dawn_SB": 1320, "Temple of Plenty": 2793, "Peer into the Abyss_SB": 2061, "The Witch's Vanity": 2864, "Day of Judgment": 640, "Liliana, Dreadhorde General": 1670, "Hanweir Battlements": 1273, "Response // Resurgence_SB": 2269, "Scorn-Blade Berserker": 2397, "Essence Channeler": 904, "Fountain of Renewal": 1061, "Heliod, Sun-Crowned": 1312, "Hooded Blightfang": 1351, "Indulging Patrician": 1401, "Revival // Revenge": 2288, "Scoured Barrens": 2398, "Vampire of the Dire Moon": 3082, "Vito, Thorn of the Dusk Rose": 3114, "Voice of the Blessed": 3123, "Deathmark_SB": 657, "Tinybones, Bauble Burglar": 2914, "Lava Axe_SB": 1615, "Flicker of Fate_SB": 1028, "Kykar, Zephyr Awakener": 1604, "Infestation Sage": 1406, "Ill-Timed Explosion_SB": 1384, "Omnath, Locus of Creation_SB": 1974, "Scrapwork Mutt": 2405, "Tyvar's Stand": 3001, "Spawn of Mayhem": 2615, "Karn, Scion of Urza_SB": 1508, "Banner of Kinship": 198, "Elvish Archdruid": 856, "Citanul Stalwart": 497, "Sylvan Messenger_SB": 2747, "Joust Through_SB": 1483, "Maelstrom Pulse": 1720, "Genesis Wave": 1115, "Samut, Tyrant Smasher": 2362, "Bouncer's Beatdown_SB": 323, "Soulstone Sanctuary": 2611, "Torment of Hailfire_SB": 2941, "Drake Hatcher_SB": 769, "Curator of Destinies_SB": 618, "Blitz of the Thunder-Raptor": 264, "Long River's Pull": 1690, "Unsubstantiate": 3047, "Sugar Coat_SB": 2703, "Imposing Sovereign_SB": 1394, "Haunted Cloak": 1289, "Swiftfoot Boots": 2741, "Dread Fugue": 773, "Flameblade Adept": 1021, "Ox of Agonas": 2025, "Lunarch Veteran": 1713, "Skyclave Cleric": 2549, "Ajani, Strength of the Pride_SB": 51, "Dusk Legion Duelist": 808, "Make Disappear_SB": 1730, "Toxrill, the Corrosive_SB": 2953, "The Raven Man_SB": 2849, "Expansion // Explosion": 918, "Seasons Past": 2425, "Haughty Djinn_SB": 1288, "Charming Scoundrel": 479, "Deflecting Palm": 676, "Fallaji Vanguard": 956, "Fortune, Loyal Steed": 1055, "Hellspur Posse Boss": 1315, "Panharmonicon": 2036, "Requisition Raid": 2264, "Temple of Triumph": 2795, "Terror of the Peaks": 2809, "Witty Roastmaster": 3222, "Aetherstorm Roc_SB": 36, "Anim Pakal, Thousandth Moon_SB": 83, "Chance for Glory_SB": 460, "Demonic Ruckus_SB": 689, "Impact Tremors_SB": 1391, "Bristlebud Farmer": 349, "Phyrexian Obliterator_SB": 2082, "Brass's Tunnel-Grinder": 330, "Raise the Past": 2175, "Chained to the Rocks_SB": 455, "Plumecreed Escort": 2104, "Kellan, Planar Trailblazer": 1532, "Maelstrom Pulse_SB": 1721, "Anguished Unmaking": 80, "Blessed Alliance_SB": 258, "Day of Judgment_SB": 641, "Thassa's Oracle": 2820, "Niv-Mizzet, Visionary_SB": 1920, "Mystic Repeal_SB": 1863, "Reasonable Doubt_SB": 2218, "Rottenmouth Viper_SB": 2333, "Thing in the Ice": 2871, "Witness Protection_SB": 3221, "Heaped Harvest": 1302, "Thassa, God of the Sea": 2822, "Phyrexian Arena_SB": 2076, "Tibalt's Trickery": 2907, "Tibalt's Trickery_SB": 2908, "Slaughter Games": 2556, "Idol of Endurance": 1380, "Phyrexian Censor": 2077, "Niko Aris": 1903, "Academy Loremaster": 12, "Chainsaw": 456, "Fountainport Bell": 1063, "Glint-Nest Crane": 1166, "Hammer of Purphoros": 1268, "Scattered Groves": 2387, "Arboreal Grazer_SB": 105, "Shrapnel Blast_SB": 2505, "Sixth Sense": 2537, "Alpha Authority_SB": 60, "Triton Tactics_SB": 2977, "Blood Baron of Vizkopa": 265, "Crystal Barricade_SB": 611, "Thought Erasure": 2882, "Culling Ritual": 612, "Wear Down_SB": 3178, "Spring-Loaded Sawblades": 2651, "Bala Ged Recovery_SB": 181, "Tenacious Underdog_SB": 2803, "Push // Pull": 2150, "Dowsing Device": 761, "Burst Lightning_SB": 378, "Llanowar Visionary": 1684, "Skyknight Squire": 2551, "Niv-Mizzet, Supreme_SB": 1919, "Sire of Seven Deaths": 2535, "Ajani, Caller of the Pride": 47, "Burrowguard Mentor": 376, "Dryad Militant": 801, "Fleecemane Lion": 1024, "Kutzil, Malamet Exemplar": 1602, "Melira, the Living Cure": 1773, "Wilt-Leaf Liege": 3202, "Seal Away_SB": 2414, "Chandra, Hope's Beacon_SB": 469, "Choked Estuary": 487, "Ego Drain": 826, "Faerie Fencing": 949, "Obyra, Dreaming Duelist": 1956, "Shineshadow Snarl": 2490, "Sunken Hollow": 2718, "Talion, the Kindly Lord": 2762, "Talion's Messenger": 2761, "Twining Twins": 2992, "Crippling Fear_SB": 595, "Flashfreeze_SB": 1023, "Phantom Interference_SB": 2072, "Blessed Alliance": 257, "Builder's Talent": 363, "Worldspine Wurm": 3233, "Assemble the Legion_SB": 146, "Runed Halo_SB": 2347, "Fanatical Firebrand": 959, "Goblin Warchief": 1205, "Krenko, Mob Boss": 1590, "Betrayer's Bargain_SB": 227, "By Force_SB": 381, "Strangle_SB": 2690, "Collateral Damage_SB": 521, "Tibalt, Rakish Instigator_SB": 2909, "Game Trail": 1095, "Glorybringer": 1174, "Cankerbloom_SB": 397, "Aspect of Hydra": 142, "Hunter's Talent": 1371, "Nullhide Ferox": 1937, "Steel Leaf Champion": 2670, "Garruk's Uprising_SB": 1099, "Ghalta, Primal Hunger_SB": 1122, "Indomitable Creativity_SB": 1400, "Balustrade Wurm": 185, "Apostle of Purifying Light_SB": 95, "Chaplain of Alms_SB": 476, "Healer's Hawk_SB": 1301, "Lukka, Bound to Ruin_SB": 1708, "Heliod's Intervention": 1310, "Legion's Landing": 1633, "Volatile Fault": 3127, "Herald of Eternal Dawn": 1319, "Cast Down": 414, "Desecration Demon": 700, "Kaervek, the Punisher": 1487, "Mishra's Foundry": 1815, "Ultimate Price": 3010, "Unexpected Fangs": 3028, "Vadmir, New Blood": 3067, "Extract a Confession_SB": 932, "Kitesail Freebooter_SB": 1551, "Pilfer_SB": 2091, "Bedlam Reveler": 219, "Frostboil Snarl": 1077, "Warlord's Fury": 3164, "Ox of Agonas_SB": 2026, "Dazzling Angel": 644, "Divine Smite": 741, "Exemplar of Light": 916, "Firemane Avenger": 1014, "Wind-Scarred Crag": 3205, "Edgewall Inn": 823, "Edgewall Innkeeper": 824, "Lucky Clover": 1707, "Midnight Reaper": 1793, "Necroblossom Snarl": 1882, "Order of Midnight": 1988, "Smitten Swordmaster": 2571, "Disfigure_SB": 731, "Massacre Girl_SB": 1755, "Stormkeld Vanguard_SB": 2686, "Gray Merchant of Asphodel": 1234, "Mephitic Draught": 1780, "Tithing Blade": 2924, "Warlock Class": 3163, "Corpses of the Lost_SB": 571, "Doom Foretold_SB": 752, "Life of Toshiro Umezawa_SB": 1652, "Burn Down the House": 368, "Flame-Blessed Bolt": 1019, "Refute": 2241, "Vampires' Vengeance": 3083, "Pelakka Wurm_SB": 2063, "Boon of the Wish-Giver": 309, "Drannith Healer": 770, "Drannith Stinger": 772, "Flourishing Fox": 1035, "Frostveil Ambush": 1078, "Go for Blood": 1182, "Memory Leak": 1778, "Startling Development": 2665, "Valiant Rescuer": 3074, "Zenith Flare": 3266, "Enigma Drake": 885, "Ephara's Dispersal": 891, "Eroded Canyon": 895, "Essence Capture": 903, "Galvanize": 1094, "Mind Spiral": 1800, "Peculiar Lighthouse": 2059, "Pit of Offerings": 2096, "Scorching Shot": 2395, "Shore Up": 2498, "Slick Sequence": 2563, "Tolarian Terror": 2928, "Winged Words": 3207, "Into the Fire_SB": 1429, "Wildfire Howl_SB": 3198, "Burn Bright": 367, "Chimney Rabble": 486, "Fissure Wizard": 1018, "Goblin Arsonist": 1185, "Goblin Javelineer": 1193, "Goblin Morningstar": 1194, "Goblin Trailblazer": 1203, "Grumgully, the Generous": 1246, "Heraldic Banner": 1321, "Hulking Bugbear": 1367, "Renata, Called to the Hunt": 2255, "Return of the Wildspeaker": 2285, "Rhythm of the Wild": 2292, "Subira, Tulzidi Caravanner": 2699, "You See a Pair of Goblins": 3255, "Krenko, Mob Boss_SB": 1591, "Krenko, Tin Street Kingpin_SB": 1592, "Banishing Light": 196, "Flowerfoot Swordmaster": 1037, "Mabel, Heir to Cragflame": 1717, "Seedglaive Mentor": 2432, "Short Bow": 2501, "Whiskervale Forerunner": 3193, "Abzan Charm": 11, "Deathmist Raptor": 658, "Den Protector": 690, "Mastery of the Unseen": 1761, "Sandsteppe Citadel": 2368, "Temple of Silence": 2794, "Unyielding Gatekeeper": 3054, "Drown in Sorrow_SB": 797, "Disfigure": 730, "Gnawing Vermin": 1178, "Gossip's Talent": 1220, "Karumonix, the Rat King": 1510, "Lord Skitter, Sewer King": 1697, "Persistent Marshstalker": 2068, "Piper of the Swarm": 2095, "Shoreline Looter": 2500, "Tangled Colony": 2770, "Vren, the Relentless": 3150, "Bring the Ending_SB": 347, "Pile On_SB": 2090, "Tangled Colony_SB": 2771, "No Witnesses": 1924, "Port Town": 2112, "Temple of Enlightenment": 2788, "Jace, Architect of Thought_SB": 1466, "No Witnesses_SB": 1925, "Ayara, First of Locthwain": 169, "Brain Maggot": 327, "Erebos, Bleak-Hearted": 893, "Infernal Grasp": 1404, "Phyrexian Arena": 2075, "Underworld Dreams": 3027, "Corrupt_SB": 572, "Power Word Kill_SB": 2122, "Whack_SB": 3191, "Cinder Glade": 492, "Enter the Unknown": 888, "Mirrorwing Dragon": 1812, "Silverfur Partisan": 2522, "Temple of Abandon": 2787, "Young Pyromancer": 3256, "Zada, Hedron Grinder": 3261, "Temur Battle Rage_SB": 2801, "Turn Inside Out_SB": 2986, "Unnatural Moonrise_SB": 3044, "Night of the Sweets' Revenge": 1899, "Savor": 2379, "Thornvault Forager": 2880, "Tough Cookie": 2949, "Feed the Cycle_SB": 982, "Life Goes On_SB": 1651, "Savor_SB": 2380, "Abandoned Campground": 0, "Dollmaker's Shop // Porcelain Gallery": 747, "Grand Entryway // Elegant Rotunda": 1227, "Gremlin Tamer": 1239, "Inquisitive Glimmer": 1413, "Lionheart Glimmer": 1679, "Niko, Light of Hope": 1904, "Oppressive Rays": 1982, "Builder's Talent_SB": 364, "Divine Resilience_SB": 740, "Fear of Impostors_SB": 973, "Kitnap_SB": 1555, "Minor Misstep_SB": 1803, "Paladin Class_SB": 2034, "Stay Hidden, Stay Silent_SB": 2667, "Badlands Revival": 177, "Fertile Thicket": 992, "Festerleech": 995, "Foul Orchard": 1057, "Gix's Command": 1151, "Golgari Guildgate": 1216, "Hedge Shredder": 1308, "Hero's Downfall": 1324, "Jungle Hollow": 1485, "Quilled Greatwurm": 2164, "Slice from the Shadows": 2562, "Frantic Strength_SB": 1070, "Stab_SB": 2659, "Vraska's Fall_SB": 3145, "Alesha, Who Laughs at Fate": 55, "Davriel, Rogue Shadowmage": 635, "Fell": 988, "Grasp of Darkness": 1229, "Master of Cruelties": 1758, "Razorlash Transmogrant": 2208, "Razortrap Gorge": 2209, "Seize the Spoils": 2437, "Kaervek, the Spiteful_SB": 1488, "Painful Quandary_SB": 2031, "Witch's Vengeance_SB": 3212, "Eddymurk Crab": 821, "Haughty Djinn": 1287, "Stormwing Entity": 2688, "Gnarled Scarhide": 1175, "Madcap Skills": 1718, "Minotaur Skullcleaver": 1804, "Mogis's Marauder": 1823, "Rakdos Cackler": 2176, "Rakdos Shred-Freak": 2180, "Spike Jester": 2632, "Tormented Hero": 2942, "Doom Blade_SB": 750, "Ultimate Price_SB": 3011, "Consuming Aberration": 561, "Contaminated Aquifer": 566, "Didn't Say Please": 720, "Dimir Guildgate": 723, "Dismal Backwater": 732, "Dreadwaters": 783, "Duskmantle Guildmage": 811, "Fell Specter": 989, "Jhessian Thief": 1478, "Mind Carver": 1797, "Mind Drain": 1798, "Murder": 1853, "Nezumi Informant": 1892, "Orzhov Racketeers": 1992, "Painful Quandary": 2030, "Paranoid Delusions": 2040, "Pilfered Plans": 2092, "Psychic Strike": 2148, "Razzle-Dazzler": 2211, "Read the Bones": 2212, "Sleep": 2559, "The Mindskinner": 2847, "Typhoid Rats": 2997, "Wall of Frost": 3155, "Witness Protection": 3220, "Aspect of Lamprey_SB": 143, "Blood Pact_SB": 269, "Crypt Incursion_SB": 606, "Dreadwaters_SB": 784, "Frogify_SB": 1076, "Mocking Sprite_SB": 1820, "Professor's Warning_SB": 2134, "Rogue's Gloves_SB": 2324, "Sinister Possession_SB": 2532, "Solemn Simulacrum_SB": 2588, "Sphinx of Magosi_SB": 2626, "Thieving Otter_SB": 2870, "Unlikely Aid_SB": 3040, "Zombify_SB": 3274, "Coruscation Mage": 573, "Aethersphere Harvester_SB": 35, "Burning Hands_SB": 372, "Giant Cindermaw_SB": 1131, "Lightning Mare_SB": 1663, "Wrangle_SB": 3236, "Ancient Imperiosaur": 71, "Belligerent Yearling": 223, "Fight Rigging": 1005, "Intrepid Paleontologist": 1435, "Ixalli's Lorekeeper": 1458, "Palani's Hatcher": 2035, "Regisaur Alpha": 2246, "Restless Ridgeline": 2278, "Shifting Ceratops": 2486, "Triumphant Chomp": 2978, "Shifting Ceratops_SB": 2487, "Thrashing Brontodon_SB": 2894, "Triumphant Chomp_SB": 2979, "Goblin Boarders": 1187, "Goblin Heelcutter": 1191, "Goblin Negotiation": 1195, "Goblin Surprise": 1200, "Goblinslide": 1206, "Guttersnipe": 1257, "Hellraiser Goblin": 1314, "Impact Tremors": 1390, "Pyrewild Shaman": 2152, "Redcap Gutter-Dweller": 2233, "Rigging Runner": 2295, "Subterranean Scout": 2702, "Thrill of Possibility": 2898, "War Squeak": 3158, "Frenzied Goblin_SB": 1074, "Goblin Boarders_SB": 1188, "Goblin Surprise_SB": 1201, "Rundvelt Hordemaster_SB": 2345, "Searslicer Goblin_SB": 2421, "Siege-Gang Commander_SB": 2510, "Cruel Somnophage": 597, "Mercurial Spelldancer": 1781, "Mind Sculpt": 1799, "Ruin Crab": 2341, "Sign in Blood": 2513, "Syr Konrad, the Grim": 2753, "Bitter Chill_SB": 238, "Chart a Course_SB": 482, "See Double_SB": 2429, "Sphinx's Tutelage_SB": 2631, "Terisian Mindbreaker_SB": 2805, "Armored Kincaller": 128, "Burning Sun Cavalry": 373, "Captivating Cave": 398, "Cavern Stomper": 440, "Colossadactyl": 531, "Dinotomaton": 725, "Disturbed Slumber": 736, "Earthshaker Dreadmaw": 815, "Hidden Nursery": 1330, "Nurturing Bristleback": 1940, "Over the Edge": 2010, "Panicked Altisaur": 2037, "Pathfinding Axejaw": 2051, "Poison Dart Frog": 2106, "Promising Vein": 2139, "Rampaging Ceratops": 2192, "Rumbling Rockslide": 2343, "Scytheclaw Raptor": 2409, "Seeker of Sunlight": 2433, "Seismic Monstrosaur": 2435, "Walk with the Ancestors": 3154, "Bristling Backwoods": 350, "Deeproot Champion": 669, "Quirion Dryad": 2167, "Blazing Volley": 255, "Cinderclasm": 493, "Crash Through": 588, "Death-Rattle Oni": 654, "Electrickery": 840, "Kessig Flamebreather": 1541, "Seismic Wave": 2436, "Stolen Vitality": 2679, "Burn Down the House_SB": 369, "Smoldering Egg_SB": 2572, "Swamp_SB": 2737, "Cast Out": 415, "Reptilian Reflection": 2260, "Irencrag Pyromancer_SB": 1448, "Nahiri's Resolve": 1866, "Thousand Moons Smithy": 2887, "Tinker's Tote": 2912, "Dusk Rose Reliquary_SB": 810, "Unidentified Hovership_SB": 3036, "Vindictive Flamestoker_SB": 3103, "Bomat Courier": 294, "Falkenrath Gorger": 954, "Foreboding Ruins": 1045, "Forerunner of Slaughter": 1048, "Olivia, Mobilized for War": 1965, "Unlicensed Disintegration": 3037, "Rakdos Charm_SB": 2177, "Shock_SB": 2495, "Transgress the Mind_SB": 2959, "Briarbridge Tracker": 340, "Hard-Hitting Question": 1275, "Subterranean Schooner": 2701, "Teething Wurmlet": 2781, "Vineglimmer Snarl": 3104, "Briarbridge Tracker_SB": 341, "Hard-Hitting Question_SB": 1276, "Island_SB": 1453, "Unsummon_SB": 3049, "Gingerbread Cabin": 1148, "Rampage of the Clans": 2191, "Hangarback Walker_SB": 1271, "Earthshaker Khenra": 816, "Mirran Banesplitter": 1806, "Rimrock Knight": 2297, "Azorius Guildgate": 173, "Boros Guildgate": 315, "Gate Colossus": 1102, "Gatebreaker Ram": 1103, "Gates Ablaze": 1104, "Gateway Plaza": 1106, "Glaive of the Guildpact": 1155, "Gruul Guildgate": 1249, "Guild Summit": 1255, "Hour of Promise": 1365, "Izzet Guildgate": 1461, "Maze's End": 1766, "Open the Gates": 1980, "Orzhov Guildgate": 1991, "Plaza of Harmony": 2102, "Rakdos Guildgate": 2178, "Selesnya Guildgate": 2439, "Simic Guildgate": 2527, "Thran Portal": 2891, "Archway Angel_SB": 123, "Crackling Perimeter_SB": 584, "Strategic Planning": 2692, "Wandering Fumarole": 3156, "Essence Scatter_SB": 907, "Frantic Firebolt_SB": 1067, "Behold the Multiverse": 221, "Saw It Coming": 2382, "Thirst for Discovery": 2876, "Inscription of Abundance": 1415, "Primal Might": 2128, "Experiment One_SB": 923, "Toxin Analysis_SB": 2952, "Smoldering Marsh": 2573, "Banehound": 192, "Curator of Mysteries": 619, "Mire Triton": 1805, "Rush of Vitality_SB": 2353, "Goblin Blast-Runner": 1186, "Implement of Combustion": 1392, "Krenko, Baron of Tin Street": 1589, "Voltage Surge": 3134, "Sunshot Militia_SB": 2722, "Essence Scatter": 906, "Flow of Knowledge": 1036, "Quick Study_SB": 2162, "Shifting Grift_SB": 2488, "Crawling Barrens": 591, "Memorial to Folly": 1774, "Power Word Kill": 2121, "Ob Nixilis Reignited_SB": 1947, "Blacklance Paragon": 243, "Brineborn Cutthroat": 346, "Cunning Nightbonder": 616, "Reasonable Doubt": 2217, "Sea-Dasher Octopus": 2411, "Ashiok's Erasure_SB": 134, "Spectral Adversary_SB": 2617, "Arcane Infusion": 106, "Xenagos, God of Revels": 3241, "Aetherize_SB": 33, "Into the Roil_SB": 1432, "Volcanic Spite_SB": 3129, "Flame-Blessed Bolt_SB": 1020, "Ral, Izzet Viceroy_SB": 2186, "You See a Guard Approach_SB": 3254, "Aether Hub": 30, "Attune with Aether": 155, "Gather the Pack": 1109, "Lotleth Troll": 1702, "Cragplate Baloth_SB": 587, "Plains_SB": 2099, "Sporeweb Weaver_SB": 2649, "Beastie Beatdown": 215, "Return to Nature_SB": 2287, "Alseid of Life's Bounty": 63, "Hateful Eidolon": 1286, "Karametra's Blessing": 1503, "Agent of the Fates_SB": 45, "Dead Weight_SB": 647, "Eriette of the Charmed Apple_SB": 894, "Pacifism_SB": 2028, "Evolving Wilds": 914, "Good-Fortune Unicorn": 1218, "Mossborn Hydra": 1844, "Ochre Jelly": 1958, "Sylvan Scavenging": 2749, "Wildwood Scourge": 3200, "Gaea's Gift_SB": 1088, "Gnarlid Colony_SB": 1176, "Inscription of Abundance_SB": 1416, "Trash the Town_SB": 2963, "Bristling Hydra": 351, "Electrostatic Pummeler": 841, "Fling": 1029, "Ghor-Clan Rampager": 1125, "Harnessed Lightning": 1282, "Servant of the Conduit": 2453, "Axebane Ferox_SB": 167, "Deathgorge Scavenger_SB": 656, "Gruul Spellbreaker_SB": 1250, "Insult // Injury_SB": 1425, "Wilt_SB": 3204, "Legion Angel": 1627, "Legion Angel_SB": 1628, "Gideon's Triumph_SB": 1142, "Hopeful Vigil": 1355, "Sigil of the Empty Throne": 2512, "Spirit-Sister's Call": 2641, "Banishing Light_SB": 197, "Cast Out_SB": 416, "Dreadhorde Invasion_SB": 780, "Trespasser's Curse_SB": 2971, "Arashin Foremost": 102, "Blood-Chin Rager": 271, "Chief of the Edge": 484, "Gutterbones": 1256, "Mardu Strike Leader": 1747, "Mardu Woe-Reaper": 1748, "Rally the Ranks": 2188, "Secure the Wastes": 2428, "Usher of the Fallen": 3066, "Garruk's Harbinger": 1096, "Lifecrafter's Bestiary": 1654, "Feed the Clan_SB": 980, "Skyreaping_SB": 2553, "Roast_SB": 2319, "Reality Shift": 2213, "Commit // Memory": 543, "Think Twice": 2873, "Sphinx's Revelation_SB": 2629, "Angel of Invention": 72, "Combat Celebrant": 536, "God-Pharaoh's Gift": 1207, "Refurbish": 2240, "Arashin Cleric_SB": 101, "Spinner of Souls_SB": 2637, "Seal from Existence": 2415, "Ghostly Dancers_SB": 1129, "Seal from Existence_SB": 2416, "Connive // Concoct_SB": 554, "Torrential Gearhulk_SB": 2947, "Outrageous Robbery": 2007, "Boltwave_SB": 293, "Fatal Grudge": 963, "Gnarlroot Trapper": 1177, "Valley Floodcaller_SB": 3078, "Valorous Stance_SB": 3081, "Pillage the Bog_SB": 2094, "Aether Channeler": 27, "Foul Emissary": 1056, "Fiery Annihilation_SB": 1001, "Reckless Stormseeker_SB": 2226, "Arahbo, the First Fang": 100, "Felidar Cub": 986, "Feline Sovereign": 987, "Sacred Cat": 2355, "Savannah Lions": 2378, "Archfiend of Depravity": 114, "Archfiend of Depravity_SB": 115, "Fade from History_SB": 944, "Loot, Exuberant Explorer": 1691, "Quicken": 2163, "Banish into Fable": 194, "Reluctant Role Model": 2252, "Furnace Punisher": 1083, "March of Swirling Mist": 1743, "Invasive Surgery_SB": 1442, "Stormsplitter": 2687, "Thousand-Year Storm": 2889, "Cathartic Pyre_SB": 431, "Tamiyo, Collector of Tales_SB": 2767, "Anthem of Champions_SB": 92, "Michiko's Reign of Truth": 1792, "Fear of Abduction": 971, "Overwhelming Remorse_SB": 2024, "Brotherhood's End": 357, "Return the Favor_SB": 2286, "Dennick, Pious Apprentice_SB": 693, "Dissection Tools": 735, "Sire of Seven Deaths_SB": 2536, "Dollmaker's Shop && Porcelain Gallery": 746, "Kami of Transience": 1501, "Surgical Suite && Hospital Room_SB": 2733, "Regal Bunnicorn": 2242, "Ashiok, Wicked Manipulator": 140, "Protect the Negotiators_SB": 2146, "Ajani, Strength of the Pride": 50, "Case of the Uneaten Feast": 413, "Trelasarra, Moon Dancer": 2970, "Floriferous Vinewall": 1034, "Urborg Lhurgoyf": 3059, "Aether Channeler_SB": 28, "Zephyr Sentinel_SB": 3267, "Kambal, Consul of Allocation": 1498, "Tectonic Hazard_SB": 2780, "Harmonious Archon": 1280, "Sandstorm Salvager": 2369, "Kayla's Reconstruction_SB": 1524, "Surrak Dragonclaw": 2734, "Frantic Scapegoat": 1068, "Ritual of Soot": 2308, "Inscription of Ruin": 1417, "Callous Sell-Sword_SB": 392, "Breeding Pool_SB": 339, "Woodland Bellower": 3228, "Destroy Evil": 707, "Serra Paragon_SB": 2452, "Heartflame Duelist": 1304, "Inspiring Veteran": 1424, "Knight of Dusk's Shadow": 1561, "Knight of the Ebon Legion": 1565, "Tournament Grounds": 2950, "Venerable Knight": 3095, "Worthy Knight": 3235, "Knight of Dusk's Shadow_SB": 1562, "Filter Out": 1008, "Chance for Glory": 459, "Teferi, Who Slows the Sunset": 2785, "Bag of Holding_SB": 179, "Zirda, the Dawnwaker_SB": 3271, "Despise_SB": 704, "Lifebane Zombie_SB": 1653, "Sunspine Lynx": 2723, "Light Up the Stage_SB": 1656, "Cindervines": 494, "God-Pharaoh's Statue_SB": 1208, "Smuggler's Surprise_SB": 2576, "Wakeroot Elemental_SB": 3153, "The Flame of Keld": 2836, "Fetid Pools": 996, "Silvergill Adept": 2524, "Triton Shorestalker": 2975, "Wakeroot Elemental": 3152, "Dreadbore": 775, "Nicol Bolas, the Ravager": 1896, "Omen of the Forge": 1969, "The Kami War": 2841, "Isareth the Awakener": 1451, "This Town Ain't Big Enough": 2878, "Legion Extruder_SB": 1630, "Remorseful Cleric": 2253, "Nissa, Who Shakes the World": 1914, "Bilious Skulldweller": 232, "Chevill, Bane of Monsters": 483, "Fynn, the Fangbearer": 1087, "Heroic Intervention": 1325, "Malakir Rebirth": 1731, "Wasteland Viper": 3171, "Infectious Bite_SB": 1403, "Unauthorized Exit_SB": 3018, "Nahiri's Warcrafting_SB": 1867, "Akal Pakal, First Among Equals": 52, "Courser of Kruphix": 579, "Simic Manipulator": 2528, "Timestream Navigator": 2911, "Azure Beastbinder_SB": 175, "Mockingbird_SB": 1822, "Simic Manipulator_SB": 2529, "Trygon Predator_SB": 2983, "Vivien, Champion of the Wilds_SB": 3117, "Caretaker's Talent_SB": 401, "Fountainport_SB": 1064, "Rite of Oblivion_SB": 2306, "Depala, Pilot Exemplar": 694, "Magda, Brazen Outlaw": 1723, "Roaming Throne": 2314, "Veteran Motorist": 3100, "Kogla, the Titan Ape": 1573, "Cavalier of Thorns_SB": 438, "Ulvenwald Oddity_SB": 3013, "Crumbling Vestige": 603, "Sylvan Awakening": 2745, "The Mightstone and Weakstone_SB": 2846, "Kogla and Yidaro_SB": 1572, "Kogla and Yidaro": 1571, "Trumpeting Carnosaur_SB": 2982, "Dusk // Dawn_SB": 807, "Last Breath_SB": 1613, "Thunderherd Migration": 2903, "Boros Elite": 314, "Guardian of New Benalia": 1254, "Mobilized District": 1819, "Precinct Captain": 2126, "Soldier of the Pantheon": 2587, "Spellbook Vendor": 2624, "Sungold Sentinel": 2715, "Banisher Priest_SB": 195, "Bounty Agent_SB": 325, "Rally the Ranks_SB": 2189, "Wicked Wolf_SB": 3196, "Renegade Tactics": 2258, "Fear of Isolation": 974, "Built to Smash": 365, "Wayward Guide-Beast": 3175, "Voldaren Thrillseeker_SB": 3132, "Siphon Insight_SB": 2533, "Imodane's Recruiter_SB": 1389, "Glorious Protector_SB": 1173, "Niambi, Esteemed Speaker_SB": 1893, "The Wandering Rescuer_SB": 2863, "Into the Story": 1433, "Syr Ginger, the Meal Ender_SB": 2752, "Augur of Bolas": 158, "Essence Flux": 905, "Apostle of Purifying Light": 94, "Glass Casket": 1158, "Thran Power Suit": 2892, "Treacherous Blessing_SB": 2966, "Umori, the Collector_SB": 3014, "Glass Casket_SB": 1159, "Grasp of Darkness_SB": 1230, "Necrotic Wound": 1884, "Necrotic Wound_SB": 1885, "Souls of the Lost_SB": 2610, "Kappa Tech-Wrecker": 1502, "Eldrazi Displacer_SB": 837, "Fleeting Spirit": 1025, "Lore Drakkis": 1698, "Open the Omenpaths": 1981, "Vadrok, Apex of Thunder": 3068, "Crucible of Worlds": 596, "Destiny Spinner": 705, "Sin Collector_SB": 2531, "Cult Conscript": 614, "Mutavault_SB": 1860, "Mukotai Ambusher_SB": 1852, "Cleansing Wildfire_SB": 509, "Vanish into Eternity_SB": 3085, "Tribute to Horobi": 2973, "Hunter's Talent_SB": 1372, "Vengeful Possession": 3098, "Hidetsugu's Second Rite_SB": 1335, "Nurturing Pixie": 1941, "Preacher of the Schism_SB": 2125, "Pia Nalaar, Consul of Revival": 2085, "Showdown of the Skalds": 2502, "Bassara Tower Archer": 208, "Cloudsteel Kirin": 518, "Lizard Blades": 1682, "Searing Blood": 2418, "Bomat Courier_SB": 295, "Magma Spray_SB": 1728, "Stalactite Stalker": 2661, "Lamplight Phoenix_SB": 1608, "Pawpatch Recruit_SB": 2057, "Omen of the Dead": 1967, "Sentinel of the Nameless City_SB": 2448, "Sharp-Eyed Rookie": 2474, "Ayara's Oathsworn": 168, "Council of the Absolute_SB": 576, "Adventurous Impulse": 25, "Arcane Proxy": 107, "Chrome Host Seedshark": 490, "See the Truth": 2430, "Ambitious Farmhand": 66, "Cascading Cataracts": 406, "Helpful Hunter": 1316, "Thalia's Lancers": 2814, "Wilt-Leaf Liege_SB": 3203, "Augur of Autumn_SB": 157, "Lavabrink Venturer_SB": 1616, "Thalia and The Gitrog Monster": 2813, "Dreadbore_SB": 776, "Cavalier of Dawn": 435, "Kotose, the Silent Spider": 1583, "Fanatic of Mogis": 957, "Solphim, Mayhem Dominus": 2591, "Shatterskull Smashing_SB": 2477, "Prosperous Thief_SB": 2145, "Barkhide Troll": 203, "Gather Courage": 1107, "Tribute to the World Tree": 2974, "Setessan Tactics_SB": 2456, "Oblivious Bookworm": 1952, "Cerulean Drake_SB": 453, "Bloodthirsty Conqueror": 278, "Dina, Soul Steeper": 724, "Dryad of the Ilysian Grove": 802, "Jaddi Offshoot": 1472, "Mirrorpool": 1809, "Retreat to Hagra": 2284, "Bristly Bill, Spine Sower_SB": 353, "Undergrowth Champion_SB": 3026, "Bladehold War-Whip": 249, "Nahiri, Forged in Fury": 1868, "Sword of Forge and Frontier": 2743, "Rebel Salvo_SB": 2219, "Silverback Elder": 2520, "Silverback Elder_SB": 2521, "Celestial Armor": 445, "Etali, Primal Conqueror": 908, "Massacre Wurm": 1756, "Perilous Snare": 2065, "Repurposing Bay_SB": 2263, "Mendicant Core, Guidelight": 1779, "Voyager Glidecar": 3141, "Patchwork Automaton": 2046, "Momentum Breaker_SB": 1829, "Birgi, God of Storytelling": 233, "Crater's Claws": 590, "Zurgo Bellstriker_SB": 3280, "Zareth San, the Trickster": 3264, "Hare Apparent": 1278, "Greasewrench Goblin": 1236, "Moonshaker Cavalry_SB": 1840, "Grim Bauble": 1241, "Momentum Breaker": 1828, "Oildeep Gearhulk_SB": 1960, "Count on Luck_SB": 577, "Valor's Flagship": 3080, "Shacklegeist_SB": 2460, "Monument to Endurance_SB": 1836, "Chaplain of Alms": 475, "Rune of Might": 2346, "Liliana, Heretical Healer_SB": 1671, "Sab-Sunen, Luxa Embodied": 2354, "Archfiend's Vessel": 118, "Merfolk Secretkeeper": 1782, "Brightglass Gearhulk": 343, "Dredger's Insight": 791, "Coalstoke Gearhulk": 519, "Ossification_SB": 1995, "Memory Guardian": 1777, "Grim Bauble_SB": 1242, "Djeru's Renunciation": 743, "Marauding Mako": 1738, "Monument to Endurance": 1835, "Sunbillow Verge": 2709, "Mastermind's Acquisition": 1759, "Ketramose, the New Dawn_SB": 1543, "Mukotai Ambusher": 1851, "Bloodghast": 274, "Molt Tender": 1825, "Driven // Despair_SB": 793, "Ashiok, Wicked Manipulator_SB": 141, "Anim Pakal, Thousandth Moon": 82, "Basri, Tomorrow's Champion": 207, "Urza's Ruinous Blast_SB": 3063, "The Speed Demon": 2857, "Intimidation Tactics_SB": 1428, "Oildeep Gearhulk": 1959, "Virtue of Strength": 3112, "Roxanne, Starfall Savant_SB": 2335, "Optimistic Scavenger_SB": 1985, "Freestrider Lookout": 1072, "Ketramose, the New Dawn": 1542, "Scrabbling Claws": 2400, "Willowrush Verge": 3201, "Commune with Spirits": 546, "Goro-Goro, Disciple of Ryusei": 1219, "Radha, Heart of Keld": 2169, "Redshift, Rocketeer Chief": 2236, "Bleachbone Verge": 256, "Detention Chariot": 710, "Tune Up": 2984, "Kaya the Inexorable_SB": 1514, "Thundering Broodwagon": 2904, "Fearless Swashbuckler": 976, "Gastal Thrillroller": 1101, "Ashiok, Nightmare Weaver": 139, "Hazoret, Godseeker": 1298, "Leyline Binding_SB": 1637, "Jace's Defeat_SB": 1464, "Norin, Swift Survivalist": 1926, "Mindlink Mech_SB": 1801, "Wastewood Verge": 3172, "Avishkar Raceway": 166, "Fuel the Flames_SB": 1081, "Skycrash_SB": 2550, "Murderous Cut": 1855, "Anguished Unmaking_SB": 81, "Drownyard Temple": 800, "Quag Feast": 2155, "Boommobile": 307, "Hedron Archive": 1309, "Paradox Engine": 2039, "Portal of Sanctuary": 2116, "Repurposing Bay": 2262, "Terrarion": 2807, "The Mightstone and Weakstone": 2845, "Thran Spider": 2893, "Workshop Assistant": 3230, "Liberator, Urza's Battlethopter_SB": 1648, "Shrapnel Slinger_SB": 2506, "Benthic Biomancer": 224, "Mindspring Merfolk": 1802, "Eaten Alive_SB": 818, "Biting-Palm Ninja_SB": 237, "Kazuul's Toll Collector": 1527, "Immersturm Raider": 1387, "The Speed Demon_SB": 2858, "Burnout Bashtronaut": 375, "Draconautics Engineer": 762, "Howlsquad Heavy": 1366, "Volley Veteran_SB": 3133, "Harrier Strix": 1283, "Hypnotic Grifter": 1376, "The Reality Chip": 2850, "Training Grounds": 2956, "Basilisk Collar_SB": 205, "Swiftfoot Boots_SB": 2742, "Stock Up": 2677, "Riverpyre Verge": 2311, "Concealing Curtains": 548, "Blade Historian": 246, "Pyre of Heroes": 2151, "Night Clubber_SB": 1898, "Riptide Gearhulk_SB": 2302, "Aegis Turtle_SB": 26, "Ride's End": 2293, "Analyze the Pollen": 68, "Cleansing Wildfire": 508, "Crumble to Dust": 602, "Encroaching Wastes": 875, "Gnottvold Slumbermound": 1179, "Haphazard Bombardment": 1274, "Jaya's Greeting": 1474, "Ravager Wurm": 2203, "Rowan, Scholar of Sparks": 2334, "Rubble Reading": 2338, "Sheltered Thicket": 2479, "Structural Distortion": 2696, "Sylvan Primordial": 2748, "Territory Forge": 2808, "Twin Bolt": 2989, "Herbology Instructor_SB": 1322, "Nissa's Defeat_SB": 1909, "Peak Eruption_SB": 2058, "Scrabbling Claws_SB": 2401, "Battle at the Bridge": 210, "Spire of Industry": 2638, "Battle at the Bridge_SB": 211, "Borrowed Hostility": 316, "Barbed Batterfist": 200, "Webstrike Elite": 3181, "Demilich_SB": 682, "Progenitor Mimic": 2137, "Banefire": 190, "Steel Seraph": 2671, "Regal Imperiosaur": 2245, "Violent Urge_SB": 3107, "Boon of Boseiju": 308, "Esika's Chariot_SB": 902, "Champion of the Perished": 458, "Cryptbreaker": 607, "Dark Salvation": 630, "Dread Wanderer": 774, "Relentless Dead": 2250, "Wayward Servant": 3176, "Zahur, Glory's Past": 3263, "Fighter Class": 1007, "Chainsaw_SB": 457, "Nettle Guard_SB": 1890, "Sword of Forge and Frontier_SB": 2744, "Expedition Map_SB": 921, "Stock Up_SB": 2678, "Maximize Velocity": 1763, "Birgi, God of Storytelling_SB": 234, "Samut's Sprint": 2361, "Omen of the Dead_SB": 1968, "Lazav, Wearer of Faces": 1620, "Medomai the Ageless": 1772, "Riptide Gearhulk": 2301, "Carnage Tyrant": 402, "Gather Courage_SB": 1108, "Etali, Primal Conqueror_SB": 909, "Feather, the Redeemed": 977, "Feather, the Redeemed_SB": 978, "Dewdrop Cure": 716, "Healer's Hawk": 1300, "Linden, the Steadfast Queen": 1674, "Rogue's Passage": 2325, "Ruin-Lurker Bat": 2342, "Afterburner Expert": 37, "Keruga, the Macrosage": 1539, "Twinshot Sniper": 2993, "Twinshot Sniper_SB": 2994, "Adorned Pouncer": 23, "Roadside Reliquary": 2313, "Satoru Umezawa": 2373, "Out of Air_SB": 2001, "Cry of the Carnarium": 604, "Kaya, Orzhov Usurper": 1520, "Calamity's Wake_SB": 386, "Spontaneous Mutation_SB": 2648, "Sunder the Gateway": 2711, "Knight of Grace": 1563, "Bladestitched Skaab": 250, "Lazotep Reaver": 1623, "Enduring Tenacity_SB": 883, "Rocketeer Boostbuggy": 2320, "Chandra, Spark Hunter_SB": 470, "Phoenix Chick": 2073, "Mortify": 1842, "Gix's Command_SB": 1152, "Fuel the Flames": 1080, "Graf Reaver_SB": 1222, "Kraul Whipcracker_SB": 1586, "Dive Down_SB": 739, "Fear of Impostors": 972, "Riptide Chimera": 2300, "Witchstalker_SB": 3215, "Demonic Bargain": 685, "Soul-Scar Mage_SB": 2606, "Blood Spatter Analysis": 270, "Osseous Sticktwister": 1993, "Korvold, Fae-Cursed King_SB": 1582, "Dive Down": 738, "Jace Reawakened_SB": 1463, "Blessed Defiance": 259, "Seasoned Hallowblade": 2424, "The Mycosynth Gardens": 2848, "Alrund's Epiphany": 62, "Loot, the Pathfinder": 1692, "Burning Earth_SB": 371, "Fugitive Codebreaker": 1082, "Tireless Tracker_SB": 2916, "Invasion of New Phyrexia_SB": 1440, "Tangled Florahedron": 2772, "Healer of the Glade_SB": 1299, "Tale's End_SB": 2760, "Omen of the Sun_SB": 1972, "Gisa, the Hellraiser_SB": 1149, "Ride's End_SB": 2294, "Seeker of the Way_SB": 2434, "Redcap Melee": 2234, "Commence the Endgame_SB": 540, "Beseech the Mirror_SB": 226, "Forbidden Friendship": 1044, "Collective Effort_SB": 526, "Perilous Snare_SB": 2066, "Setessan Champion": 2454, "Trapped in the Screen": 2961, "Trapped in the Screen_SB": 2962, "Cryptolith Rite": 610, "Bottomless Pool && Locker Room": 321, "Bottomless Pool && Locker Room_SB": 322, "Eidolon of Blossoms_SB": 828, "Knockout Blow": 1568, "Hidetsugu's Second Rite": 1334, "Incubation Druid": 1397, "Mistrise Village": 1818, "Ral Zarek": 2183, "Tamiyo, Field Researcher": 2769, "Kunoros, Hound of Athreos_SB": 1599}}