{"vocabulary": {"Anointed Peacekeeper": 86, "Archon of Emeria": 116, "Aven Interrupter": 158, "Branchloft Pathway": 322, "Brushland": 353, "Collected Company": 516, "Eiganjo, Seat of the Empire": 827, "Elvish Mystic": 855, "Enduring Innocence": 874, "Kellan, Daring Traveler": 1519, "Llanowar Elves": 1667, "Plains": 2082, "Razorverge Thicket": 2195, "Shefet Dunes": 2464, "Skyclave Apparition": 2533, "Temple Garden": 2776, "Thalia, Guardian of Thraben": 2805, "Voice of Resurgence": 3110, "Werefox Bodyguard": 3177, "Anointed Peacekeeper_SB": 87, "Brutal Cathar_SB": 355, "Elite Spellbinder_SB": 844, "Gideon, Ally of Zendikar_SB": 1135, "Guardian of Faith_SB": 1241, "Portable Hole_SB": 2099, "The Wandering Emperor_SB": 2851, "Unlicensed Hearse_SB": 3028, "Werefox Bodyguard_SB": 3178, "Abrupt Decay": 5, "Aftermath Analyst": 35, "Altanak, the Thrice-Called": 61, "Brokers Hideout": 349, "Castle Garenbrig": 413, "Fatal Push": 958, "Festering Gulch": 987, "Forest": 1042, "Into the Flood Maw": 1418, "Island": 1441, "Lotus Cobra": 1687, "Lotus Field": 1688, "Lumra, Bellow of the Woods": 1696, "Memory Deluge": 1760, "Nissa, Resurgent Animist": 1897, "Obscura Storefront": 1939, "Pillage the Bog": 2077, "Port of Karfell": 2097, "Riveteers Overlook": 2297, "Spelunking": 2610, "Swamp": 2727, "Urborg, Tomb of Yawgmoth": 3050, "Culling Ritual_SB": 609, "Dark Betrayal_SB": 623, "Into the Flood Maw_SB": 1419, "Mystical Dispute_SB": 1851, "Ray of Enfeeblement_SB": 2189, "Thought Distortion_SB": 2872, "Unmoored Ego_SB": 3032, "Battlefield Forge": 206, "Case of the Gateway Express": 404, "Den of the Bugbear": 686, "Gleeful Demolition": 1153, "Imodane's Recruiter": 1376, "Inspiring Vantage": 1411, "Knight-Errant of Eos": 1553, "Mirrex": 1792, "Needleverge Pathway": 1872, "Novice Inspector": 1916, "Resolute Reinforcements": 2251, "Sacred Foundry": 2342, "Sokenzan, Crucible of Defiance": 2572, "Thraben Inspector": 2881, "Venerated Loxodon": 3086, "Voldaren Epicure": 3121, "Warden of the Inner Sky": 3151, "Aven Interrupter_SB": 159, "Containment Priest_SB": 559, "Get Lost_SB": 1110, "Invasion of Gobakhan_SB": 1426, "Reidane, God of the Worthy_SB": 2233, "Rending Volley_SB": 2241, "Rest in Peace_SB": 2256, "Torch the Tower_SB": 2929, "Boseiju, Who Endures": 311, "Dromoka's Command": 791, "Elite Spellbinder": 843, "Virtue of Loyalty": 3098, "Blazemire Verge": 246, "Breeding Pool": 332, "Bring to Light": 342, "Deafening Clarion": 645, "Detention Sphere": 708, "Fable of the Mirror-Breaker": 931, "Fabled Passage": 933, "Floodfarm Verge": 1024, "Godless Shrine": 1198, "Hallowed Fountain": 1254, "Hostage Taker": 1349, "Hushwood Verge": 1363, "Indatha Triome": 1386, "Jetmir's Garden": 1466, "Ketria Triome": 1532, "Klothys, God of Destiny": 1544, "Knight of Autumn": 1546, "Kolaghan's Command": 1562, "Leyline Binding": 1620, "Lightning Helix": 1645, "Mountain": 1832, "Nahiri, the Harbinger": 1855, "Niv-Mizzet Reborn": 1900, "Niv-Mizzet, Supreme": 1903, "Omnath, Locus of Creation": 1959, "Overgrown Tomb": 1996, "Raffine's Tower": 2157, "Raugrin Triome": 2187, "Roaring Furnace // Steaming Sauna": 2302, "Savai Triome": 2362, "Spara's Headquarters": 2598, "Steam Vents": 2653, "Stomping Ground": 2665, "Sunfall": 2703, "Sylvan Caryatid": 2737, "Unmoored Ego": 3031, "Up the Beanstalk": 3044, "Valki, God of Lies": 3065, "Vanishing Verse": 3076, "Watery Grave": 3164, "Ziatora's Proving Ground": 3261, "Casualties of War_SB": 417, "Elesh Norn, Mother of Machines_SB": 841, "Fatal Push_SB": 959, "Kambal, Consul of Allocation_SB": 1488, "Krenko's Buzzcrusher_SB": 1574, "Notion Thief_SB": 1915, "Thoughtseize_SB": 2877, "Yorion, Sky Nomad_SB": 3242, "Agatha's Soul Cauldron": 38, "Blackcleave Cliffs": 235, "Blightstep Pathway": 254, "Blood Crypt": 260, "Bloodtithe Harvester": 273, "Duress": 801, "Fear of Missing Out": 969, "Fountainport": 1056, "Go for the Throat": 1171, "Hive of the Eye Tyrant": 1331, "Mutavault": 1845, "Raucous Theater": 2186, "Restless Vents": 2265, "Shivan Devastator": 2479, "Takenuma, Abandoned Mire": 2748, "Thoughtseize": 2876, "Torch the Tower": 2928, "Tree of Perdition": 2957, "Voldaren Thrillseeker": 3122, "Abrade_SB": 4, "Chandra's Defeat_SB": 457, "Duress_SB": 802, "Feed the Swarm_SB": 978, "Grafdigger's Cage_SB": 1212, "Hazoret the Fervent_SB": 1285, "Jegantha, the Wellspring_SB": 1464, "Ob Nixilis, the Adversary_SB": 1934, "Bloodletter of Aclazotz": 268, "Castle Locthwain": 414, "Field of Ruin": 990, "Graveyard Trespasser": 1220, "Invoke Despair": 1434, "Reckoner Bankbuster": 2212, "Sheoldred's Edict": 2468, "Unholy Annex // Ritual Chamber": 3020, "Unstoppable Slasher": 3034, "Ashiok, Dream Render_SB": 132, "Caustic Bronco_SB": 427, "Cut Down_SB": 620, "Go Blank_SB": 1169, "Invoke Despair_SB": 1435, "March of Wretched Sorrow_SB": 1731, "Misery's Shadow_SB": 1798, "Sheoldred, the Apocalypse_SB": 2471, "The Meathook Massacre_SB": 2834, "Atraxa, Grand Unifier": 146, "Bitter Triumph": 233, "Case of the Stashed Skeleton": 406, "Haunted Ridge": 1279, "Hidetsugu Consumes All": 1320, "Ob Nixilis, the Adversary": 1933, "Transmogrify": 2948, "Damping Sphere_SB": 622, "Extinction Event_SB": 924, "Hidetsugu Consumes All_SB": 1321, "Urabrask's Forge_SB": 3047, "Valgavoth, Terror Eater_SB": 3063, "Withering Torment_SB": 3211, "Cavern of Souls": 436, "Sheoldred, the Apocalypse": 2470, "Archfiend of the Dross": 112, "Heartless Act": 1293, "Sulfurous Springs": 2694, "Anger of the Gods_SB": 73, "Anoint with Affliction_SB": 85, "Reckoner Bankbuster_SB": 2213, "Castle Ardenvale": 411, "Castle Vantress": 416, "Deduce": 661, "Deserted Beach": 697, "Dovin's Veto": 755, "Farewell": 955, "Get Lost": 1109, "Hall of Storm Giants": 1253, "High Noon": 1325, "March of Otherworldly Light": 1726, "Meticulous Archive": 1774, "No More Lies": 1906, "Otawara, Soaring City": 1981, "Restless Anchorage": 2257, "Shark Typhoon": 2458, "Sunken Citadel": 2706, "Supreme Verdict": 2717, "Teferi, Hero of Dominaria": 2772, "Temporary Lockdown": 2788, "The Wandering Emperor": 2850, "Three Steps Ahead": 2886, "Beza, the Bounding Spring_SB": 223, "Dovin's Veto_SB": 756, "Hullbreaker Horror_SB": 1359, "Leyline of Sanctity_SB": 1628, "March of Otherworldly Light_SB": 1727, "Narset, Parter of Veils_SB": 1864, "Supreme Verdict_SB": 2718, "Abhorrent Oculus": 1, "Beza, the Bounding Spring": 222, "Chained to the Rocks": 450, "Elesh Norn, Mother of Machines": 840, "Enigmatic Incarnation": 879, "Glasspool Mimic": 1151, "Heliod, the Radiant Dawn": 1301, "Nylea's Presence": 1929, "Overlord of the Boilerbilges": 2000, "Overlord of the Hauntwoods": 2003, "Portable Hole": 2098, "Sanctuary Warden": 2351, "Thornspire Verge": 2870, "Titan of Industry": 2910, "Tranquil Frillback": 2945, "Archon of Emeria_SB": 117, "Chandra, Awakened Inferno_SB": 460, "Knockout Blow_SB": 1556, "Ruric Thar, the Unbowed_SB": 2335, "Avabruck Caretaker": 157, "Glarb, Calamity's Augur": 1147, "Gloomlake Verge": 1159, "Kroxa and Kunoros": 1579, "Kutzil's Flanker": 1586, "Moon-Blessed Cleric": 1822, "Nowhere to Run": 1917, "Noxious Gearhulk": 1919, "Overlord of the Balemurk": 1998, "Overlord of the Floodpits": 2002, "Starfield of Nyx": 2648, "Zagoth Triome": 3253, "Zur, Eternal Schemer": 3268, "Agent of Treachery_SB": 41, "Angel of Serenity_SB": 70, "Demon of Dark Schemes_SB": 679, "Harvester of Misery_SB": 1272, "High Noon_SB": 1326, "Progenitor Mimic_SB": 2121, "Sire of Insanity_SB": 2521, "Valki, God of Lies_SB": 3066, "Arclight Phoenix": 120, "Artist's Talent": 126, "Brazen Borrower": 327, "Consider": 550, "Fiery Impulse": 995, "Ledger Shredder": 1609, "Lightning Axe": 1643, "Opt": 1967, "Picklock Prankster": 2072, "Proft's Eidetic Memory": 2118, "Riverglide Pathway": 2295, "Shivan Reef": 2480, "Sleight of Hand": 2547, "Spell Pierce": 2605, "Spirebluff Canal": 2624, "Stormcarved Coast": 2669, "Treasure Cruise": 2955, "Annul_SB": 83, "Brazen Borrower_SB": 328, "Negate_SB": 1874, "Proft's Eidetic Memory_SB": 2119, "Thassa's Oracle_SB": 2810, "Third Path Iconoclast_SB": 2865, "Censor": 448, "Defabricate": 667, "Hengegate Pathway": 1306, "Horned Loch-Whale": 1346, "Rewind": 2274, "Settle the Wreckage": 2443, "Strict Proctor": 2682, "Thespian's Stage": 2856, "Aether Gust_SB": 27, "Dragonlord Dromoka_SB": 764, "Dream Trawler_SB": 783, "Enduring Curiosity_SB": 873, "Lion Sash": 1661, "Archon of Absolution_SB": 115, "Garruk's Harbinger_SB": 1090, "Sandstalker Moloch_SB": 2353, "Withering Torment": 3210, "Concealed Courtyard": 541, "Elegant Parlor": 837, "Greasefang, Okiba Boss": 1223, "Parhelion II": 2027, "Skysovereign, Consul Flagship": 2540, "Cathar Commando_SB": 421, "Leyline of the Void_SB": 1631, "Vanishing Verse_SB": 3077, "Adarkar Wastes": 18, "Enduring Curiosity": 872, "Invasion of Gobakhan": 1425, "Mausoleum Wanderer": 1748, "Rattlechains": 2185, "Seachrome Coast": 2398, "Sheltered by Ghosts": 2466, "Spell Queller": 2607, "Supreme Phantom": 2716, "Wedding Announcement": 3172, "Disdainful Stroke_SB": 725, "Enduring Innocence_SB": 875, "Ghost Vacuum_SB": 1120, "Skyclave Apparition_SB": 2534, "Split Up_SB": 2631, "Three Steps Ahead_SB": 2887, "Despise": 700, "Unholy Annex && Ritual Chamber": 3018, "Magebane Lizard_SB": 1710, "Unholy Annex && Ritual Chamber_SB": 3019, "Ancestral Anger": 65, "Callous Sell-Sword": 385, "Claim // Fame": 496, "Emberheart Challenger": 860, "Heartfire Hero": 1291, "Infuriate": 1394, "Kumano Faces Kakkazan": 1582, "Manifold Mouse": 1721, "Monastery Swiftspear": 1817, "Monstrous Rage": 1819, "Ramunap Ruins": 2181, "Slickshot Show-Off": 2550, "Claim // Fame_SB": 497, "Reckless Rage_SB": 2209, "Sheoldred's Edict_SB": 2469, "Anoint with Affliction": 84, "Bonecrusher Giant": 293, "Kroxa, Titan of Death's Hunger": 1580, "Extract the Truth_SB": 926, "Pyroclasm_SB": 2137, "Skysovereign, Consul Flagship_SB": 2541, "The End_SB": 2822, "Dromoka's Command_SB": 792, "Volcanic Spite": 3119, "Heartless Act_SB": 1294, "Archdruid's Charm": 108, "Bala Ged Recovery": 175, "Dark Petition": 624, "Emergent Ultimatum": 861, "Fae of Wishes": 940, "Hidden Strings": 1319, "Impulse": 1384, "Lier, Disciple of the Drowned": 1633, "Lush Portico": 1699, "Mana Confluence": 1718, "Nine Lives": 1892, "Omniscience": 1961, "Pore Over the Pages": 2095, "Soul Partition": 2585, "Sylvan Scrying": 2741, "Vizier of Tumbling Sands": 3108, "Approach of the Second Sun_SB": 93, "Emergent Ultimatum_SB": 862, "Nine Lives_SB": 1893, "Path of Peril_SB": 2034, "Silence_SB": 2501, "Soul Partition_SB": 2586, "Sphinx of the Final Word_SB": 2612, "Temporary Lockdown_SB": 2789, "Adeline, Resplendent Cathar": 19, "Brutal Cathar": 354, "Coppercoat Vanguard": 563, "Dauntless Bodyguard": 629, "Hopeful Initiate": 1343, "Mockingbird": 1806, "Recruitment Officer": 2217, "Thalia's Lieutenant": 2804, "Sheltered by Ghosts_SB": 2467, "Wedding Announcement_SB": 3173, "Darksteel Citadel": 628, "Diamond Pick-Axe": 714, "Ensoul Artifact": 880, "Fading Hope": 938, "Gleaming Geardrake": 1152, "Shadowspear": 2448, "Shrapnel Blast": 2491, "Smuggler's Copter": 2560, "Spyglass Siren": 2639, "Thundering Falls": 2896, "Zoetic Glyph": 3263, "Rampaging Ferocidon_SB": 2179, "Stubborn Denial_SB": 2687, "Blooming Marsh": 276, "Cauldron Familiar": 425, "Deadly Dispute": 644, "Mayhem Devil": 1751, "Scavenger's Talent": 2375, "Witch's Oven": 3203, "Ygra, Eater of All": 3239, "Furnace Reins_SB": 1079, "Haywire Mite_SB": 1283, "Pawpatch Formation_SB": 2039, "Galvanic Iteration": 1085, "Temporal Trespass": 2786, "Spell Pierce_SB": 2606, "Young Pyromancer_SB": 3248, "Cache Grab": 377, "Darkbore Pathway": 626, "Experimental Confectioner": 918, "Gilded Goose": 1138, "Insidious Roots": 1407, "Priest of Forgotten Gods": 2111, "Trail of Crumbs": 2942, "Tyvar, Jubilant Brawler": 2988, "Abrupt Decay_SB": 6, "Agatha's Soul Cauldron_SB": 39, "Assassin's Trophy_SB": 141, "Blade of the Oni": 240, "Change the Equation": 468, "Narset, Parter of Veils": 1863, "The Celestus": 2818, "Divine Smite_SB": 739, "Kutzil's Flanker_SB": 1587, "Shark Typhoon_SB": 2459, "Liliana of the Veil_SB": 1652, "Elspeth, Sun's Champion": 850, "Irrigated Farmland": 1439, "Blade of the Oni_SB": 241, "Nahiri, the Unforgiving": 1857, "Deadly Cover-Up": 642, "Shambling Vent": 2454, "Blood Baron of Vizkopa_SB": 259, "Chrome Host Seedshark_SB": 485, "Farewell_SB": 956, "Charge Through": 472, "Chord of Calling": 482, "Delney, Streetwise Lookout": 674, "Fight as One": 999, "Gods Willing": 1199, "Illuminator Virtuoso": 1374, "Leonin Lightscribe": 1618, "March of Burgeoning Life": 1725, "Overgrown Farmland": 1995, "Season of Growth": 2408, "Sunpetal Grove": 2710, "Tamiyo's Safekeeping": 2754, "Unwanted Remake": 3041, "Venerated Rotpriest": 3087, "Warriors' Lesson": 3157, "Collected Company_SB": 517, "Deafening Silence_SB": 647, "Moon-Blessed Cleric_SB": 1823, "Silverfur Partisan_SB": 2510, "Thalia, Heretic Cathar_SB": 2808, "Marvin, Murderous Mimic": 1736, "Bitter Triumph_SB": 234, "Ghitu Lavarunner": 1117, "Light Up the Stage": 1639, "Play with Fire": 2084, "Skewer the Critics": 2525, "Soul-Scar Mage": 2591, "Spikefield Hazard": 2618, "Wizard's Lightning": 3215, "Kari Zev's Expertise_SB": 1494, "Redcap Melee_SB": 2220, "Screaming Nemesis_SB": 2394, "Weathered Runestone_SB": 3169, "Liliana, Death's Majesty": 1653, "Valgavoth, Terror Eater": 3062, "Atraxa, Grand Unifier_SB": 147, "Unholy Annex // Ritual Chamber_SB": 3021, "Esika's Chariot": 895, "Grisly Salvage": 1231, "Liliana of the Veil": 1651, "Raffine's Informant": 2156, "Say Its Name": 2368, "Sorin, Vengeful Bloodlord": 2583, "Surge of Salvation_SB": 2721, "Reckless Rage": 2208, "Titan's Strength": 2912, "Dreadmaw's Ire": 778, "Inti, Seneschal of the Sun": 1415, "Rockface Village": 2306, "Claim the Firstborn": 498, "Unlucky Witness": 3030, "Back to Nature_SB": 171, "Kolaghan's Command_SB": 1563, "Aetherflux Reservoir": 29, "Botanical Sanctum": 314, "Cathartic Pyre": 423, "Dig Through Time": 717, "Aetherflux Reservoir_SB": 30, "Boseiju, Who Endures_SB": 312, "Brotherhood's End_SB": 352, "Dig Through Time_SB": 718, "Elder Gargaroth_SB": 830, "Grand Abolisher_SB": 1214, "Can't Stay Away": 389, "Grand Abolisher": 1213, "Traverse the Ulvenwald": 2952, "Witherbloom Command": 3208, "Pick Your Poison_SB": 2071, "Beacon Bolt_SB": 207, "Arboreal Grazer": 100, "Behold the Beyond": 214, "Chandra, Hope's Beacon": 463, "Hedge Maze": 1295, "Lair of the Hydra": 1592, "Portent Tracker": 2103, "Temple of Mystery": 2782, "Narset's Reversal_SB": 1861, "Sunfall_SB": 2704, "Tear Asunder_SB": 2768, "Bishop of Wings": 228, "Giada, Font of Hope": 1123, "Inspiring Overseer": 1410, "Kayla's Reconstruction": 1512, "Leyline of Hope": 1624, "Metropolis Reformer": 1775, "Resplendent Angel": 2253, "Righteous Valkyrie": 2281, "Surge of Salvation": 2720, "Dawn's Truce_SB": 632, "Settle the Wreckage_SB": 2444, "Baneslayer Angel_SB": 186, "Geier Reach Sanitarium": 1103, "Kaheera, the Orphanguard_SB": 1478, "Noxious Grasp_SB": 1921, "Ancient Cornucopia": 66, "Dragonskull Summit": 765, "Drowned Catacomb": 796, "Extinction Event": 923, "Glacial Fortress": 1144, "Hinterland Harbor": 1328, "Isolated Chapel": 1444, "Molten Collapse": 1811, "Rootbound Crag": 2314, "Deafening Clarion_SB": 646, "Emrakul, the Promised End_SB": 866, "Kambal, Profiteering Mayor_SB": 1489, "Klothys, God of Destiny_SB": 1545, "Lightning Helix_SB": 1646, "Prismari Command_SB": 2114, "Loran of the Third Path_SB": 1678, "Scorching Dragonfire": 2379, "Scorching Dragonfire_SB": 2380, "Hostile Investigator": 1351, "Chandra, Torch of Defiance_SB": 467, "Crackling Drake_SB": 579, "Restless Cottage": 2259, "Glissa Sunslayer_SB": 1157, "Mogis, God of Slaughter_SB": 1809, "Outland Liberator_SB": 1989, "Bedevil": 212, "Eldritch Evolution": 834, "Gala Greeters": 1083, "Jinnie Fay, Jetmir's Second": 1468, "Woodland Cemetery": 3221, "Act of Treason_SB": 15, "Claim the Firstborn_SB": 499, "Heroic Intervention_SB": 1314, "Blast Zone": 244, "Split Up": 2630, "Consecrate // Consume_SB": 549, "Elspeth's Smite_SB": 848, "Summary Dismissal_SB": 2697, "Urabrask's Forge": 3046, "Shapers' Sanctuary_SB": 2455, "Sprite Dragon": 2638, "Bloody Betrayal_SB": 274, "Caves of Koilos": 438, "Shattered Sanctum": 2461, "Knight of Grace_SB": 1551, "Outland Liberator": 1988, "Bloodsoaked Champion": 270, "Brightclimb Pathway": 336, "Dire Tactics": 722, "Evolved Sleeper": 906, "General Kudro of Drannith": 1106, "Jirina, Dauntless General": 1469, "Kytheon, Hero of Akros": 1591, "Thalia, Heretic Cathar": 2807, "Tomik, Wielder of Law": 2924, "Graveyard Trespasser_SB": 1221, "Sorin, Vengeful Bloodlord_SB": 2584, "Cry of the Carnarium_SB": 601, "Brimaz, King of Oreskos_SB": 339, "Parting Gust_SB": 2029, "Clearwater Pathway": 504, "Darkslick Shores": 627, "Faerie Miscreant": 945, "Floodpits Drowner": 1025, "Kaito Shizuki": 1479, "Kaito, Bane of Nightmares": 1481, "Moon-Circuit Hacker": 1824, "Ornithopter": 1974, "Dokuchi Silencer_SB": 742, "Misery's Shadow": 1797, "Archfiend of the Dross_SB": 113, "Arid Archway": 121, "Barkchannel Pathway": 196, "Blue Sun's Twilight": 281, "Clifftop Lookout": 507, "Conduit Pylons": 546, "Dreamdew Entrancer": 784, "Dreamroot Cascade": 785, "Fecund Greenshell": 973, "Insidious Fungus": 1406, "Ipnu Rivulet": 1436, "Negate": 1873, "Outcaster Greenblade": 1986, "Pawpatch Formation": 2038, "Spinewoods Armadillo": 2620, "Up the Beanstalk_SB": 3045, "Fable of the Mirror-Breaker_SB": 932, "Flicker of Fate": 1020, "Overlord of the Mistmoors": 2004, "Heliod's Intervention_SB": 1299, "Kroxa, Titan of Death's Hunger_SB": 1581, "Molten Collapse_SB": 1812, "Glistening Deluge_SB": 1158, "Cling to Dust": 509, "Entity Tracker": 882, "Burning-Tree Emissary": 368, "Flamecache Gecko": 1015, "Gev, Scaled Scorch": 1113, "Hired Claw": 1329, "Iridescent Vinelasher": 1438, "Okiba Reckoner Raid": 1949, "Reckless Bushwhacker": 2205, "Peer into the Abyss": 2044, "Sweltering Suns_SB": 2731, "Zacama, Primal Calamity_SB": 3251, "Commercial District": 536, "Silundi Vision": 2504, "Wish": 3201, "Galvanic Iteration_SB": 1086, "Lier, Disciple of the Drowned_SB": 1634, "Thespian's Stage_SB": 2857, "Turn Inside Out": 2972, "Aloe Alchemist": 55, "Atarka's Command": 144, "Copperline Gorge": 564, "Cragcrown Pathway": 581, "Cunning Coyote": 611, "Karplusan Forest": 1497, "Reckless Stormseeker": 2210, "Destructive Revelry_SB": 706, "Pithing Needle_SB": 2081, "Loran of the Third Path": 1677, "Cavalier of Thorns": 432, "Invasion of Ixalan": 1427, "Kiora, Behemoth Beckoner": 1536, "Leyline of the Guildpact": 1629, "Nykthos, Shrine to Nyx": 1927, "Old-Growth Troll": 1950, "Outcaster Trailblazer": 1987, "Polukranos Reborn": 2091, "Storm the Festival": 2668, "Ulvenwald Oddity": 2998, "Cityscape Leveler_SB": 494, "Scrapshooter_SB": 2390, "Setessan Petitioner_SB": 2441, "The Stone Brain_SB": 2849, "Thrun, Breaker of Silence_SB": 2891, "Fires of Invention": 1008, "Kenrith, the Returned King": 1525, "Tolsimir, Friend to Wolves": 2920, "Touch the Spirit Realm": 2937, "Keruga, the Macrosage_SB": 1528, "Krenko's Buzzcrusher": 1573, "Roaring Furnace && Steaming Sauna": 2300, "Yasharn, Implacable Earth": 3236, "Saheeli, Sublime Artificer_SB": 2344, "Doppelgang": 753, "Lush Oasis": 1698, "Fading Hope_SB": 939, "Cacophony Scamp": 379, "Felonious Rage": 983, "Leyline of Resonance": 1625, "Might of the Meek": 1779, "Slickshot Show-Off_SB": 2551, "Ascendant Spirit": 127, "Cryptic Coat": 604, "Curious Obsession": 616, "Faceless Haven": 935, "Geistlight Snare": 1104, "Shacklegeist": 2445, "Snow-Covered Island": 2567, "Spectral Sailor": 2603, "Cryptic Coat_SB": 605, "Faceless Haven_SB": 936, "Lofty Denial_SB": 1671, "Unable to Scream_SB": 3002, "Cabaretti Courtyard": 376, "The World Tree": 2855, "Broken Bond_SB": 348, "Cosmic Rebirth_SB": 572, "Acererak the Archlich": 12, "Gwenna, Eyes of Gaea": 1247, "Honest Rutstein": 1338, "Kinnan, Bonder Prodigy": 1534, "Plaza of Heroes": 2087, "Relic of Legends": 2236, "Rona, Herald of Invasion": 2313, "Tranquil Frillback_SB": 2946, "Prismari Command": 2113, "Mazemind Tome": 1753, "Mazemind Tome_SB": 1754, "Ashen Rider": 128, "Combustible Gearhulk": 532, "Bonny Pall, Clearcutter_SB": 297, "Borborygmos Enraged_SB": 304, "Massacre Wurm_SB": 1743, "Rakdos, the Showstopper_SB": 2167, "Day's Undoing": 637, "Jwari Disruption": 1475, "Blossoming Defense": 277, "Dreadhorde Arcanist": 774, "Questing Druid": 2144, "Dragonlord Dromoka": 763, "Dream Trawler": 782, "Elder Gargaroth": 829, "Ghalta, Stampede Tyrant": 1116, "Smuggler's Surprise": 2561, "Velomachus Lorehold": 3083, "Ertai Resurrected_SB": 892, "Niv-Mizzet, Parun_SB": 1902, "Realm-Cloaked Giant_SB": 2200, "Tyrranax Rex_SB": 2986, "Voyaging Satyr_SB": 3133, "Lightning Axe_SB": 1644, "Haywire Mite": 1282, "End the Festivities_SB": 869, "Goblin Chainwhirler_SB": 1178, "Razorkin Needlehead_SB": 2192, "Roiling Vortex_SB": 2311, "Sunspine Lynx_SB": 2715, "Witchstalker Frenzy_SB": 3206, "Discontinuity": 723, "Surge of Righteousness_SB": 2719, "Fallaji Archaeologist": 948, "Founding the Third Path": 1053, "Hooting Mandrills": 1341, "Neoform": 1875, "No One Left Behind": 1908, "Otherworldly Gaze": 1984, "Tasigur, the Golden Fang": 2766, "Undercity Sewers": 3010, "Underground Mortuary": 3011, "Cut Down": 619, "Deadly Cover-Up_SB": 643, "Thundertrap Trainer": 2897, "Yavimaya Coast": 3238, "Tolarian Terror_SB": 2919, "Legion Extruder": 1613, "Voltage Surge_SB": 3126, "Drown in the Loch": 795, "Oracle of Tragedy": 1970, "Untimely Malfunction_SB": 3040, "Prosperous Innkeeper": 2125, "Restless Prairie": 2261, "Sanguine Evangelist": 2356, "Splitskin Doll": 2632, "Lion Sash_SB": 1662, "Thalia, Guardian of Thraben_SB": 2806, "Brave the Elements": 325, "Extraction Specialist": 927, "Luminarch Aspirant": 1695, "Declaration in Stone_SB": 660, "Extraction Specialist_SB": 928, "Agent of Treachery": 40, "Thing in the Ice_SB": 2862, "Caustic Bronco": 426, "Witherbloom Command_SB": 3209, "Fracture_SB": 1059, "Go for the Throat_SB": 1172, "Castle Embereth": 412, "Witchstalker Frenzy": 3205, "Ahn-Crop Crasher_SB": 43, "Hexgold Halberd_SB": 1316, "Collision // Colossus": 523, "Pawpatch Recruit": 2040, "Snakeskin Veil": 2563, "Cindervines_SB": 489, "Highway Robbery": 1327, "Demolition Field": 678, "Elspeth's Smite": 847, "Omen of the Sea": 1956, "Bonny Pall, Clearcutter": 296, "Fiery Impulse_SB": 996, "Lotus Field_SB": 1689, "Kalitas, Traitor of Ghet_SB": 1486, "Declaration in Stone": 659, "Veteran Survivor": 3091, "Devouring Light_SB": 710, "Emeria's Call": 863, "Tyvar, the Pummeler": 2989, "Werewolf Pack Leader": 3179, "Kraul Harpooner_SB": 1571, "Vivien, Monsters' Advocate_SB": 3107, "Temporal Trespass_SB": 2787, "Bitter Reunion": 232, "Yorion, Sky Nomad": 3241, "Languish_SB": 1595, "Arabella, Abandoned Doll": 95, "Blot Out_SB": 280, "Slip Out the Back": 2552, "Underground River": 3012, "Access Tunnel": 11, "Shakedown Heavy": 2451, "Kellan, Inquisitive Prodigy": 1520, "Restless Vinestalk": 2266, "Scavenger Grounds": 2372, "Welcoming Vampire": 3175, "Llanowar Wastes": 1669, "Vinereap Mentor": 3095, "Mountain_SB": 1833, "Nimble Larcenist_SB": 1891, "Trostani, Three Whispers": 2967, "Reclamation Sage_SB": 2215, "Zurgo Bellstriker": 3270, "Royal Treatment_SB": 2322, "Colossal Skyturtle": 526, "Fog": 1032, "Joint Exploration": 1471, "Realm-Cloaked Giant": 2199, "Sweltering Suns": 2730, "Fog_SB": 1033, "Necromentia_SB": 1869, "Experimental Synthesizer": 920, "Screaming Nemesis": 2393, "Case of the Crimson Pulse_SB": 402, "Obosh, the Preypiercer_SB": 1938, "Unchained Berserker_SB": 3005, "Faerie Mastermind": 943, "Metamorphic Alteration": 1772, "Cling to Dust_SB": 510, "Zareth San, the Trickster_SB": 3256, "Annihilating Glare": 81, "Charred Foyer && Warped Space_SB": 475, "Dreadmaw's Ire_SB": 779, "Obliterating Bolt_SB": 1936, "Beanstalk Giant": 208, "Clever Impersonator": 505, "Greater Tanuki": 1225, "Quintorius Kand": 2150, "Spark Double": 2599, "Trumpeting Carnosaur": 2968, "Virtue of Persistence": 3100, "Bedeck // Bedazzle_SB": 211, "Consign // Oblivion_SB": 552, "Gyruda, Doom of Depths_SB": 1249, "Roaring Furnace && Steaming Sauna_SB": 2301, "Knight of Autumn_SB": 1547, "Lay Down Arms": 1604, "Prairie Stream": 2107, "Teferi, Hero of Dominaria_SB": 2773, "Ashen Rider_SB": 129, "Carnage Tyrant_SB": 397, "Cavern of Souls_SB": 437, "Linvala, the Preserver_SB": 1660, "Nezahal, Primal Tide_SB": 1877, "Forge Devil_SB": 1044, "Lovestruck Beast": 1690, "Sentinel of the Nameless City": 2433, "The Akroan War": 2812, "The Huntsman's Redemption": 2829, "Annul": 82, "Voracious Hydra_SB": 3129, "Soul-Guide Lantern_SB": 2590, "Banefire_SB": 184, "Obliterating Bolt": 1935, "Phyrexian Dragon Engine": 2063, "The Akroan War_SB": 2813, "Collision // Colossus_SB": 524, "Ritual of Soot_SB": 2294, "Callous Bloodmage": 384, "Linvala, the Preserver": 1659, "Search for Azcanta": 2403, "Deathcap Glade": 649, "Glissa Sunslayer": 1156, "Innkeeper's Talent": 1397, "Mosswood Dreadknight": 1830, "Murderous Rider": 1843, "Path of Peril": 2033, "Preacher of the Schism": 2108, "Sorin the Mirthless": 2581, "Vraska, Betrayal's Sting": 3135, "Hallowed Moonlight": 1255, "Dust Animus_SB": 808, "Azor, the Lawbringer": 165, "Shipwreck Marsh": 2478, "Aven Mindcensor_SB": 160, "Noxious Gearhulk_SB": 1920, "Selfless Spirit_SB": 2431, "Blind Obedience": 255, "Caretaker's Talent": 394, "Carrot Cake": 398, "Collector's Vault": 522, "Authority of the Consuls_SB": 156, "Boros Charm": 305, "Lightning Strike": 1648, "Exquisite Firecraft_SB": 922, "Scorching Shot_SB": 2382, "Searing Blood_SB": 2405, "Wear // Tear_SB": 3167, "Spirit of the Labyrinth_SB": 2625, "Restless Reef": 2262, "Torrential Gearhulk": 2935, "Tormod's Crypt_SB": 2933, "Twinferno_SB": 2977, "Prowling Serpopard_SB": 2130, "Battle Cry Goblin": 203, "Call of the Death-Dweller": 383, "Conspicuous Snoop": 553, "Goblin Chainwhirler": 1177, "Rundvelt Hordemaster": 2329, "Skirk Prospector": 2526, "Reckless Bushwhacker_SB": 2206, "Jace, Vryn's Prodigy": 1455, "Mox Amber": 1834, "Retraction Helix": 2267, "Jace, Wielder of Mysteries_SB": 1457, "Retraction Helix_SB": 2268, "Case of the Filched Falcon": 403, "Demonic Counsel": 681, "Gifted Aetherborn": 1136, "March of Wretched Sorrow": 1730, "Scourge of the Skyclaves": 2385, "Gifted Aetherborn_SB": 1137, "Chandra, Dressed to Kill": 461, "Eidolon of the Great Revel": 825, "Magebane Lizard": 1709, "Rampaging Ferocidon": 2178, "Razorkin Needlehead": 2191, "Torbran, Thane of Red Fell": 2927, "Leyline of Combustion_SB": 1623, "Quick Study": 2146, "Leyline of Combustion": 1622, "Ojer Axonil, Deepest Might": 1947, "Test of Talents_SB": 2801, "Faerie Mastermind_SB": 944, "Aclazotz, Deepest Betrayal_SB": 14, "Abhorrent Oculus_SB": 2, "Chandra, Torch of Defiance": 466, "Heroic Reinforcements": 1315, "Monastery Mentor": 1815, "Snow-Covered Mountain": 2568, "Stormchaser's Talent": 2670, "Sundown Pass": 2702, "Third Path Iconoclast": 2864, "Doorkeeper Thrull_SB": 752, "Calamity, Galloping Inferno": 381, "Clifftop Retreat": 508, "Indomitable Creativity": 1387, "Sulfur Falls": 2693, "Valakut Awakening": 3058, "Vaultborn Tyrant": 3081, "Portal to Phyrexia_SB": 2102, "Defiler of Vigor": 670, "Garruk, Unleashed": 1093, "Garruk's Uprising": 1091, "Gemrazer": 1105, "Ghalta, Primal Hunger": 1114, "Hardened Scales": 1266, "Hulking Raptor": 1357, "Ornery Tumblewagg": 1973, "Questing Beast": 2142, "Railway Brawler": 2159, "Ranger Class": 2182, "The Great Henge": 2827, "The Skullspore Nexus": 2846, "Yorvo, Lord of Garenbrig": 3243, "Destiny Spinner_SB": 703, "Ram Through_SB": 2175, "Bontu's Last Reckoning_SB": 298, "Legion's End_SB": 1616, "Vein Ripper": 3082, "Harness by Force_SB": 1269, "Nowhere to Run_SB": 1918, "Raze the Effigy_SB": 2190, "Calix, Guided by Fate": 382, "Generous Visitor": 1107, "Jukai Naturalist": 1473, "Optimistic Scavenger": 1968, "Shardmage's Rescue": 2456, "Spirited Companion": 2627, "Unflinching Courage": 3017, "Valgavoth's Lair": 3060, "Weaver of Harmony": 3170, "Bubble Smuggler": 356, "Growing Dread": 1232, "Hauntwoods Shrieker": 1281, "Long Goodbye": 1672, "Paranormal Analyst": 2026, "Satoru, the Infiltrator": 2359, "Vannifar, Evolved Enigma": 3078, "Questing Beast_SB": 2143, "Atsushi, the Blazing Sky": 148, "Bonehoard Dracosaur": 295, "Dragon Tempest": 760, "Grafdigger's Cage": 1211, "Invasion of Tarkir": 1430, "Manaform Hellkite": 1719, "Reckless Impulse": 2207, "Shatterskull Smashing": 2462, "Wrenn's Resolve": 3229, "Fry_SB": 1073, "Sorcerous Spyglass_SB": 2580, "Tears of Valakut_SB": 2769, "Arasta of the Endless Web_SB": 99, "Monstrous Emergence_SB": 1818, "Bushy Bodyguard": 374, "Camellia, the Seedmiser": 387, "Feed the Cycle": 975, "Giant Opportunity": 1128, "Hollow Scavenger": 1335, "Honored Dreyleader": 1339, "Ifnir Deadlands": 1370, "Tear Asunder": 2767, "Valley Rotcaller": 3069, "Wicked Wolf": 3186, "Cruelclaw's Heist_SB": 595, "Overprotect_SB": 2006, "Vivien Reid_SB": 3104, "Commune with Dinosaurs": 539, "Itzquinth, Firstborn of Gishath": 1445, "Marauding Raptor": 1724, "Otepec Huntmaster": 1983, "Pugnacious Hammerskull": 2132, "Rampaging Raptor": 2180, "Ripjaw Raptor": 2284, "Rockfall Vale": 2308, "Commencement of Festivities": 535, "Defend the Hearth": 668, "Growth Spiral": 1233, "Sphinx's Tutelage": 2615, "Sultai Charm": 2695, "Tormod's Crypt": 2932, "Winds of Qal Sisma": 3198, "Folio of Fancies_SB": 1034, "Sultai Charm_SB": 2696, "Xander's Lounge": 3231, "Change the Equation_SB": 469, "Day's Undoing_SB": 638, "Hallowed Moonlight_SB": 1256, "Royal Treatment": 2321, "Burning Anger": 364, "Colossification": 528, "Grapple with the Past": 1216, "Storm Herald": 2667, "Tamiyo's Safekeeping_SB": 2755, "Aclazotz, Deepest Betrayal": 13, "Bandit's Talent": 181, "Go Blank": 1168, "Waste Not": 3159, "Infernal Grasp_SB": 1392, "Armed and Armored": 123, "Consulate Dreadnought": 554, "Giant Ox": 1129, "Hotshot Mechanic": 1353, "Ingenious Smith": 1396, "Mech Hangar": 1756, "Sram, Senior Edificer": 2643, "Surgehacker Mech": 2722, "Toolcraft Exemplar": 2925, "Unidentified Hovership": 3022, "Unlicensed Hearse": 3027, "Goldvein Hydra": 1201, "Turntimber Symbiosis": 2975, "Vivien, Arkbow Ranger": 3105, "Archdruid's Charm_SB": 109, "Cemetery Prowler_SB": 446, "Goldvein Hydra_SB": 1202, "Obstinate Baloth_SB": 1940, "Tail Swipe_SB": 2746, "Lukka, Coppercoat Outcast": 1693, "Oath of Nissa": 1931, "Seed of Hope": 2417, "Mox Amber_SB": 1835, "Stern Dismissal": 2658, "Ledger Shredder_SB": 1610, "Destroy Evil_SB": 705, "Kaya, Spirits' Justice_SB": 1511, "Voice of Resurgence_SB": 3111, "Professor's Warning": 2116, "Ral, Crackling Wit_SB": 2170, "Angel of Serenity": 69, "Enduring Courage": 871, "Nimble Larcenist": 1890, "Entity Tracker_SB": 883, "Reflector Mage": 2223, "Reflector Mage_SB": 2224, "Polukranos Reborn_SB": 2092, "Ashiok, Nightmare Muse": 133, "Commit // Memory_SB": 538, "Long Goodbye_SB": 1673, "Murderous Cut_SB": 1842, "Soaring Thought-Thief": 2571, "Thieves' Guild Enforcer": 2859, "Adanto Vanguard": 16, "Crumb and Get It": 596, "Defiant Strike": 669, "Favored Hoplite": 963, "Sejiri Shelter": 2424, "Adanto Vanguard_SB": 17, "Crumb and Get It_SB": 597, "Jirina, Dauntless General_SB": 1470, "Baral, Chief of Compliance": 193, "Niv-Mizzet, Parun": 1901, "Invigorated Rampage": 1433, "Blossoming Defense_SB": 278, "The Meathook Massacre": 2833, "Rakdos Joins Up": 2164, "Colossus Hammer": 529, "Fireblade Charger": 1006, "Kellan, the Fae-Blooded": 1522, "Kemba, Kha Enduring": 1523, "Open the Armory": 1963, "Resolute Strike": 2252, "Sigarda's Aid": 2497, "Snow-Covered Plains": 2569, "Thud": 2892, "Light of Hope_SB": 1641, "Loran's Escape_SB": 1680, "Thud_SB": 2893, "Deification": 673, "Doomskar": 750, "Elspeth Resplendent": 846, "Gideon Blackblade": 1130, "Gideon of the Trials": 1131, "Gideon's Triumph": 1132, "Oath of Kaya": 1930, "The Birth of Meletis": 2816, "Urza's Sylex": 3053, "Yahenni's Expertise": 3235, "Sunset Revelry_SB": 2712, "Empyrean Eagle": 864, "Hanged Executioner": 1261, "Rally of Wings": 2172, "Selfless Spirit": 2430, "Skycat Sovereign": 2532, "Topplegeist": 2926, "Watcher of the Spheres": 3163, "Errant and Giada_SB": 890, "Patch Up_SB": 2030, "Remorseful Cleric_SB": 2239, "Dictate of Kruphix": 715, "Ertai Resurrected": 891, "Make Disappear": 1713, "Notion Thief": 1914, "Slitherwisp": 2554, "Blacklance Paragon_SB": 237, "Cunning Nightbonder_SB": 613, "Adult Gold Dragon": 22, "Deep-Cavern Bat": 662, "Soulflayer": 2593, "Striped Riverwinder": 2684, "Urborg Scavengers": 3049, "Zetalpa, Primal Dawn": 3259, "Savage Summoning_SB": 2361, "Shadowspear_SB": 2449, "Innkeeper's Talent_SB": 1398, "Embercleave": 858, "Exuberant Fuseling": 929, "Foundry Street Denizen": 1054, "Frenzied Goblin": 1067, "Goblin Piledriver": 1184, "Goblin Rabblemaster": 1185, "Legion Loyalist": 1615, "Dewdrop Cure_SB": 713, "Requisition Raid_SB": 2250, "Torpor Orb_SB": 2934, "Mystic Monastery": 1848, "Warrant // Warden": 3156, "Reduce // Rubble_SB": 2222, "Rockface Village_SB": 2307, "Kaito Shizuki_SB": 1480, "Adeline, Resplendent Cathar_SB": 20, "Jadar, Ghoulcaller of Nephalia_SB": 1459, "Phantom Interference": 2055, "Otawara, Soaring City_SB": 1982, "Bloodchief's Thirst": 265, "Hazoret the Fervent": 1284, "Questing Druid_SB": 2145, "Angrath's Rampage_SB": 74, "Temple of Epiphany": 2779, "Selfless Glyphweaver": 2426, "Anger of the Gods": 72, "Careful Cultivation": 393, "Courier's Briefcase": 575, "Flip the Switch": 1023, "Get Out": 1111, "Secrets of the Key": 2413, "Kari Zev, Skyship Raider": 1495, "Shadowy Backstreet": 2450, "Azure Beastbinder": 169, "Bounding Krasis": 318, "Decimator of the Provinces": 658, "Elder Deep-Fiend": 828, "Fierce Empath": 993, "Keen-Eyed Curator": 1517, "Nissa, Vastwood Seer": 1898, "Reclamation Sage": 2214, "Rishkar, Peema Renegade": 2289, "Tishana's Tidebinder": 2908, "Keen-Eyed Curator_SB": 1518, "Skylasher_SB": 2538, "Archangel Elspeth_SB": 106, "Nighthawk Scavenger_SB": 1886, "Kalitas, Traitor of Ghet": 1485, "Languish": 1594, "Bandit's Talent_SB": 182, "Wild Slash": 3189, "Metamorphic Alteration_SB": 1773, "Demilich": 676, "Chromanticore": 483, "Cragplate Baloth": 582, "Oketra the True": 1948, "Stitcher's Supplier": 2661, "Collective Brutality_SB": 519, "Murderous Rider_SB": 1844, "Dreams of Steel and Oil_SB": 787, "Tarrian's Journal": 2764, "The Cruelty of Gix": 2819, "Rush of Adrenaline": 2336, "Silverquill Silencer": 2512, "Ulcerate_SB": 2995, "Phyrexian Fleshgorger": 2064, "Phyrexian Fleshgorger_SB": 2065, "Epic Downfall_SB": 886, "Authority of the Consuls": 155, "Cave of the Frost Dragon": 434, "Ossification": 1978, "Reidane, God of the Worthy": 2232, "Scavenging Ooze": 2377, "Wolfwillow Haven": 3218, "Forest_SB": 1043, "Zacama, Primal Calamity": 3250, "March of Swirling Mist_SB": 1729, "Velomachus Lorehold_SB": 3084, "Dreams of Steel and Oil": 786, "Overlord of the Boilerbilges_SB": 2001, "Deep-Cavern Bat_SB": 663, "Titan of Industry_SB": 2911, "Kick in the Door": 1533, "Mishra's Research Desk": 1800, "Violent Urge": 3096, "Lithomantic Barrage_SB": 1664, "Charred Foyer // Warped Space_SB": 476, "Cosmic Rebirth": 571, "Escape to the Wilds": 894, "Risen Reef": 2288, "Doomskar_SB": 751, "Kenrith, the Returned King_SB": 1526, "All That Glitters": 53, "Aqueous Form": 94, "Audacity": 151, "Combat Research": 531, "Ethereal Armor": 904, "Gladecover Scout": 1145, "Kaya's Ghostform": 1504, "Light-Paws, Emperor's Voice": 1642, "Stubborn Denial": 2686, "Toadstool Admirer": 2915, "Break the Spell_SB": 330, "Slip Out the Back_SB": 2553, "Warbriar Blessing_SB": 3149, "Bond of Insight": 289, "Lightning Strike_SB": 1649, "Lyra Dawnbringer_SB": 1700, "Elspeth Conquers Death_SB": 845, "Depopulate_SB": 692, "Welcoming Vampire_SB": 3176, "Deflecting Palm_SB": 672, "Akroan Crusader": 50, "Clever Lumimancer": 506, "Expedite": 912, "Gods Willing_SB": 1200, "Smash to Smithereens_SB": 2556, "Showdown of the Skalds_SB": 2490, "Unable to Scream": 3001, "Dreadhorde Invasion": 776, "Obzedat, Ghost Council": 1942, "Pest Control_SB": 2053, "Silver Raven": 2505, "Yasharn, Implacable Earth_SB": 3237, "Eat to Extinction_SB": 813, "Realmwalker": 2201, "Charming Prince": 473, "Ajani, Sleeper Agent_SB": 46, "Scrapshooter": 2389, "Kenrith's Transformation_SB": 1524, "Wolfwillow Haven_SB": 3219, "Filter Out_SB": 1002, "Nahiri, the Harbinger_SB": 1856, "Bonecrusher Giant_SB": 294, "Fiery Temper": 997, "Hollow One": 1334, "Insolent Neonate": 1408, "Ovalchase Daredevil": 1993, "Scrapheap Scrounger": 2388, "Alpine Moon_SB": 58, "Improbable Alliance_SB": 1383, "Hushbringer_SB": 1362, "Agadeem's Awakening": 36, "Exorcise_SB": 910, "Clockwork Percussionist": 511, "Atarka's Command_SB": 145, "Big Score": 224, "Dwarven Mine": 809, "Gideon, Ally of Zendikar": 1134, "Worldspine Wurm_SB": 3225, "Xenagos, God of Revels_SB": 3233, "Homestead Courage": 1337, "Shardmage's Rescue_SB": 2457, "Gryff's Boon": 1239, "Skrelv, Defector Mite": 2529, "Staggering Insight": 2645, "Natural State_SB": 1866, "Snow-Covered Swamp": 2570, "Perilous Voyage_SB": 2050, "Voyaging Satyr": 3132, "Discontinuity_SB": 724, "Hostile Hostel": 1350, "Ulamog, the Ceaseless Hunger": 2993, "Ulamog, the Ceaseless Hunger_SB": 2994, "Virtue of Loyalty_SB": 3099, "Katilda, Dawnhart Martyr": 1499, "Katilda, Dawnhart Martyr_SB": 1500, "Devout Decree_SB": 711, "Cemetery Desecrator": 442, "Cruelclaw's Heist": 594, "Escape Tunnel": 893, "Insatiable Avarice_SB": 1402, "Malicious Eclipse_SB": 1717, "The End": 2821, "Cathar Commando": 420, "Tenacious Underdog": 2791, "Rush of Dread_SB": 2338, "The Kenriths' Royal Funeral_SB": 2832, "Coordinated Assault": 561, "The Wandering Rescuer": 2852, "Breaking // Entering": 331, "Fraying Sanity": 1065, "Jace, the Perfected Mind": 1458, "Maddening Cacophony": 1703, "Soul-Guide Lantern": 2589, "Tasha's Hideous Laughter": 2765, "Come Back Wrong_SB": 533, "Rite of the Moth": 2292, "Valgavoth's Faithful": 3059, "Ashiok, Dream Render": 131, "Bonebind Orator": 292, "Crashing Drawbridge": 586, "Deathrite Shaman": 653, "Fiend Artisan": 992, "Moss-Pit Skeleton": 1828, "Osteomancer Adept": 1980, "Rubblebelt Maverick": 2324, "Shigeki, Jukai Visionary": 2475, "Snarling Gorehound": 2565, "Squirming Emergence": 2642, "Unstoppable Slasher_SB": 3035, "Assimilation Aegis": 143, "Candy Trail": 390, "Disruption Protocol": 731, "Dusk Rose Reliquary": 805, "Fomori Vault": 1035, "Golos, Tireless Pilgrim": 1205, "Inventors' Fair": 1432, "Lantern of the Lost": 1596, "Metallic Rebuke": 1769, "Moonsnare Prototype": 1826, "Prophetic Prism": 2124, "The Book of Exalted Deeds": 2817, "The Enigma Jewel": 2823, "Tyrite Sanctum": 2984, "Whir of Invention": 3182, "Citizen's Crowbar_SB": 492, "Alpha Authority": 56, "Demonic Ruckus": 683, "Hammerhand": 1258, "Sentinel's Eyes": 2435, "Cartouche of Solidarity": 399, "Leyline of Sanctity": 1627, "Warbriar Blessing": 3148, "Ygra, Eater of All_SB": 3240, "Cleansing Nova": 500, "Confounding Riddle": 547, "Coveted Falcon": 577, "Idyllic Tutor": 1369, "Rest in Peace": 2255, "Solemnity": 2575, "Palace Siege_SB": 2017, "Beseech the Mirror": 219, "Rush of Dread": 2337, "Assassin's Trophy": 140, "Nissa, Ascended Animist": 1895, "Rankle's Prank": 2183, "Repudiate // Replicate": 2246, "Thrun, Breaker of Silence": 2890, "Wrenn and Realmbreaker": 3228, "Colossal Skyturtle_SB": 527, "Song of Totentanz_SB": 2578, "Outrageous Robbery_SB": 1992, "Giant Killer_SB": 1127, "Twisted Fealty_SB": 2981, "Deploy the Gatewatch": 690, "Interplanar Beacon": 1414, "Kaya, Intangible Slayer": 1507, "Narset of the Ancient Way": 1860, "Paradise Druid": 2022, "Tamiyo, Collector of Tales": 2756, "Tamiyo, Compleated Sage": 2758, "The Eternal Wanderer": 2824, "Ugin, the Spirit Dragon": 2991, "Green Sun's Twilight": 1226, "Tyrranax Rex": 2985, "Vorinclex, Monstrous Raider": 3130, "Invasion of Ixalan_SB": 1428, "Kogla, the Titan Ape_SB": 1561, "Nullhide Ferox_SB": 1923, "Mirrorshell Crab": 1794, "Omen Hawker": 1952, "Horned Loch-Whale_SB": 1347, "Strict Proctor_SB": 2683, "Lilah, Undefeated Slickshot": 1650, "Fauna Shaman": 962, "Tishana's Tidebinder_SB": 2909, "Phyrexian Censor_SB": 2062, "Leyline of Resonance_SB": 1626, "Furnace Reins": 1078, "Bloodletter of Aclazotz_SB": 269, "Path to the World Tree": 2035, "Crackling Drake": 578, "Angrath, the Flame-Chained_SB": 75, "Nebelgast Herald": 1867, "Eidolon of Rhetoric_SB": 824, "Radiant Flames_SB": 2155, "Void Winnower_SB": 3117, "Unctus, Grand Metatect": 3007, "Feed the Swarm": 977, "Boros Charm_SB": 306, "Flowstone Infusion_SB": 1031, "Annie Joins Up": 80, "Phylath, World Sculptor": 2058, "Worldsoul's Rage": 3223, "Rotten Reunion_SB": 2316, "Scavenging Ooze_SB": 2378, "Liliana, the Last Hope": 1656, "Skullcrack_SB": 2531, "Virtue of Persistence_SB": 3101, "Regal Caracal": 2228, "Westvale Abbey": 3180, "Izzet Charm": 1448, "Finale of Devastation": 1004, "Kitsa, Otterball Elite": 1543, "Lavaspur Boots": 1601, "Springleaf Drum": 2637, "Valley Floodcaller": 3067, "Wishclaw Talisman": 3202, "Altar of the Brood_SB": 62, "Kaito, Bane of Nightmares_SB": 1482, "The Scarab God": 2843, "Attack-in-the-Box": 149, "Balemurk Leech": 177, "Broodspinner": 350, "Cackling Slasher": 378, "Cathartic Parting": 422, "Coordinated Clobbering": 562, "Flesh Burrower": 1019, "Frantic Strength": 1063, "Glimmerlight": 1154, "Grasping Longneck": 1219, "Grievous Wound": 1228, "Innocuous Rat": 1399, "Leyline of the Void": 1630, "Meathook Massacre II": 1755, "Overgrown Zealot": 1997, "Saw": 2366, "Slavering Branchsnapper": 2544, "Spectral Snatcher": 2604, "Spineseeker Centipede": 2619, "Sporogenic Infection": 2635, "Strangled Cemetery": 2678, "Terramorphic Expanse": 2795, "Twitching Doll": 2982, "Wary Watchdog": 3158, "Winter, Misanthropic Guide": 3200, "Conductive Machete_SB": 545, "Fanatic of the Harrowing_SB": 951, "Final Vengeance_SB": 1003, "Friendly Teddy_SB": 1069, "Give In to Violence_SB": 1141, "Manifest Dread_SB": 1720, "Murder_SB": 1840, "Hagra Mauling": 1250, "Selfless Glyphweaver_SB": 2427, "Tolsimir, Friend to Wolves_SB": 2921, "Elspeth, Sun's Champion_SB": 851, "Pack Rat": 2012, "Silence": 2500, "Dragonhawk, Fate's Tempest": 762, "Containment Priest": 558, "Narset, Enlightened Master_SB": 1862, "Unexpected Fangs_SB": 3016, "Starnheim Unleashed_SB": 2649, "Nylea's Intervention_SB": 1928, "Cenote Scout": 447, "Deeproot Pilgrimage": 666, "Kumena, Tyrant of Orazca": 1584, "Kumena's Speaker": 1583, "Vodalian Hexcatcher": 3109, "Tidebinder Mage_SB": 2901, "Goblin Ringleader": 1186, "Goblin Trashmaster": 1192, "Squee, Dubious Monarch": 2640, "Bloodchief's Thirst_SB": 266, "Lukka, Coppercoat Outcast_SB": 1694, "Experimental Frenzy_SB": 919, "Brave the Elements_SB": 326, "Bontu's Monument": 299, "Hashep Oasis": 1273, "Thought-Knot Seer": 2874, "Arlinn, the Pack's Hope_SB": 122, "Eldrazi Obligator_SB": 833, "Thought-Knot Seer_SB": 2875, "Emry, Lurker of the Loch": 867, "Jeskai Ascendancy": 1465, "Restless Spire": 2264, "Saheeli, Sublime Artificer": 2343, "Dazzling Theater // Prop Room": 640, "Restless Bivouac": 2258, "Siege Veteran": 2495, "Warleader's Call": 3152, "Yotian Frontliner": 3244, "Aurelia, the Law Above_SB": 154, "Dwynen's Elite": 810, "Elvish Clancaller": 854, "Elvish Warmaster": 857, "Jaspera Sentinel": 1461, "Leaf-Crowned Visionary": 1608, "Secluded Courtyard": 2412, "Shaman of the Pack": 2453, "Pause for Reflection_SB": 2037, "Phyrexian Revoker_SB": 2067, "Sentinel of Lost Lore_SB": 2432, "Soulless Jailer_SB": 2594, "Hope Tender_SB": 1342, "Collective Brutality": 518, "Helping Hand": 1305, "Ferocious Werefox_SB": 984, "Detention Sphere_SB": 709, "Deeproot Elite": 665, "Forensic Researcher": 1039, "Kiora's Follower": 1535, "Kitesail Larcenist": 1539, "Merfolk Trickster": 1768, "Three Tree City": 2888, "Forensic Researcher_SB": 1040, "Kopala, Warden of Waves_SB": 1566, "Lost in the Maze_SB": 1685, "Prophet of Kruphix_SB": 2123, "Snow-Covered Forest": 2566, "Consign // Oblivion": 551, "Creative Outburst": 589, "Magma Opus": 1711, "Vanquish the Horde_SB": 3079, "Takenuma, Abandoned Mire_SB": 2749, "Barrier Breach_SB": 198, "Kazuul's Fury": 1515, "Tail Swipe": 2745, "Giant Growth": 1125, "Snakeskin Veil_SB": 2564, "Bedeck // Bedazzle": 210, "Herd Migration": 1311, "Mirrorshell Crab_SB": 1795, "Quakebringer_SB": 2141, "Drannith Ruins": 768, "Faerie Dreamthief": 941, "Spell Stutter": 2608, "Kaito, Dancing Shadow_SB": 1484, "Overlord of the Balemurk_SB": 1999, "Plumecreed Escort_SB": 2089, "Void Rend": 3115, "Wandering Mind": 3146, "Speaker of the Heavens": 2601, "Possibility Storm": 2104, "Sunset Revelry": 2711, "Blind Obedience_SB": 256, "Outlaws' Merriment_SB": 1990, "Rip Apart_SB": 2283, "Archon of Sun's Grace": 118, "Omen of the Sun": 1957, "Seal Away": 2399, "Starfall Invocation_SB": 2647, "Collateral Damage": 514, "Eidolon of the Great Revel_SB": 826, "Ratchet Bomb_SB": 2184, "Chandra, Acolyte of Flame_SB": 459, "Echoing Deeps": 815, "Ill-Timed Explosion": 1371, "Maestros Theater": 1706, "Mystic Sanctuary": 1850, "Scapeshift": 2370, "Splendid Reclamation": 2629, "The Autonomous Furnace": 2814, "The Hunter Maze": 2828, "Bushwhack": 373, "Circle of Dreams Druid": 490, "Elvish Visionary": 856, "Deathrite Shaman_SB": 654, "Ruric Thar, the Unbowed": 2334, "Cavalier of Flame": 431, "Vraska, Betrayal's Sting_SB": 3136, "Imposing Sovereign": 1381, "Sphinx's Revelation": 2613, "Tale's End": 2750, "Urza's Sylex_SB": 3054, "Chandra, Acolyte of Flame": 458, "Exquisite Firecraft": 921, "Gruul Charm": 1235, "Regal Caracal_SB": 2229, "Braids, Arisen Nightmare": 320, "Disturbing Mirth": 734, "Hopeless Nightmare": 1345, "Spiteful Hexmage": 2628, "Treacherous Blessing": 2953, "Haunted Ridge_SB": 1280, "Giant Killer": 1126, "Basri Ket_SB": 200, "Unwanted Remake_SB": 3042, "Lazav, the Multifarious": 1606, "Nashi, Searcher in the Dark": 1865, "Slogurk, the Overslime": 2555, "Roaring Furnace // Steaming Sauna_SB": 2303, "Not on My Watch_SB": 1913, "Holy Cow": 1336, "Archangel of Tithes_SB": 107, "Conclave Tribunal_SB": 544, "Metropolis Reformer_SB": 1776, "Shalai, Voice of Plenty_SB": 2452, "Get Out_SB": 1112, "Fateful Absence": 960, "Doppelgang_SB": 754, "Fanatical Offering": 954, "Vraska, Golgari Queen_SB": 3138, "Bolas's Citadel": 283, "Catacomb Sifter": 418, "Popular Egotist": 2093, "Woe Strider": 3216, "Cemetery Illuminator": 444, "Cemetery Illuminator_SB": 445, "Balmor, Battlemage Captain": 178, "Shore Up_SB": 2486, "Solemnity_SB": 2576, "Bag of Holding": 173, "Jace, Architect of Thought": 1453, "Teferi, Master of Time": 2774, "Cleansing Nova_SB": 501, "Eerie Ultimatum_SB": 820, "Inspired Ultimatum_SB": 1409, "Nicol Bolas, Dragon-God_SB": 1881, "Sarkhan the Masterless_SB": 2357, "Soul Search_SB": 2587, "Thief of Sanity_SB": 2858, "Botanical Brawler": 313, "Bristly Bill, Spine Sower": 346, "Conclave Mentor": 543, "Kodama of the West Tree": 1557, "Ozolith, the Shattered Spire": 2010, "Stonecoil Serpent": 2666, "Urgent Necropsy": 3051, "Archangel Avacyn_SB": 104, "Boon-Bringer Valkyrie_SB": 303, "Wrenn's Resolve_SB": 3230, "Jace Reawakened": 1450, "Rabid Gnaw": 2153, "Shock": 2481, "Strangle": 2676, "Kazandu Mammoth": 1514, "Prosperous Thief": 2127, "Rottenmouth Viper": 2317, "Azorius Charm": 167, "Scavenger Grounds_SB": 2373, "Approach of the Second Sun": 92, "Fortified Beachhead": 1046, "Vraska, Golgari Queen": 3137, "Fortified Village": 1047, "Nightveil Predator": 1887, "Rhonas the Indomitable": 2275, "Samut, Voice of Dissent": 2350, "Depopulate": 691, "The Scorpion God_SB": 2845, "The Cruelty of Gix_SB": 2820, "Painful Truths_SB": 2015, "Consuming Tide_SB": 556, "Tocasia's Welcome_SB": 2917, "Maximize Velocity_SB": 1750, "Field of Ruin_SB": 991, "Eidolon of Blossoms": 822, "Bond of Revival": 290, "Rhonas the Indomitable_SB": 2276, "Whisperwood Elemental_SB": 3184, "Blazemire Verge_SB": 247, "Citywide Bust_SB": 495, "Tyvar, the Pummeler_SB": 2990, "Hoarding Broodlord_SB": 1332, "Sea Gate Restoration": 2396, "Enduring Vitality": 877, "Kona, Rescue Beastie": 1565, "Portal to Phyrexia": 2101, "Selfless Savior": 2428, "Seraphic Steed": 2436, "Survivors' Encampment": 2726, "The Restoration of Eiganjo": 2841, "Kutzil, Malamet Exemplar_SB": 1589, "Selfless Savior_SB": 2429, "Despark_SB": 698, "Elesh Norn_SB": 842, "Zoyowa Lava-Tongue": 3267, "Exuberant Fuseling_SB": 930, "Squee, Dubious Monarch_SB": 2641, "Pest Control": 2052, "Restless Fortress": 2260, "Kaya, Intangible Slayer_SB": 1508, "Kaya, Orzhov Usurper_SB": 1510, "Renounce the Guilds_SB": 2244, "Duelist of the Mind": 800, "Steamcore Scholar": 2654, "Enduring Bondwarden": 870, "Hangarback Walker": 1259, "Quirion Beastcaller": 2151, "Bolas's Citadel_SB": 284, "Catacomb Sifter_SB": 419, "Popular Egotist_SB": 2094, "Prosperous Innkeeper_SB": 2126, "Woe Strider_SB": 3217, "Elvish Archivist_SB": 853, "Orazca Puzzle-Door": 1971, "Monastery Mentor_SB": 1816, "Ugin, the Spirit Dragon_SB": 2992, "Fblthp, the Lost": 964, "Teshar, Ancestor's Apostle": 2800, "Shoot the Sheriff_SB": 2484, "Armored Scrapgorger": 125, "Eldrazi Displacer": 831, "Loran's Escape": 1679, "Blessed Defiance_SB": 253, "Viashino Pyromancer": 3092, "Dawnbringer Cleric_SB": 634, "Den of the Bugbear_SB": 687, "Dispel_SB": 729, "Kitesail Larcenist_SB": 1540, "Suncleanser_SB": 2699, "Lofty Denial": 1670, "Debt to the Kami": 655, "Debt to the Kami_SB": 656, "Release to the Wind": 2234, "Status // Statue_SB": 2651, "Angelfire Ignition": 71, "Tenth District Legionnaire": 2793, "Steel Seraph_SB": 2657, "Izoni, Center of the Web": 1447, "Silent Gravestone_SB": 2502, "Blot Out": 279, "Lively Dirge": 1665, "Renegade Rallier": 2242, "Play with Fire_SB": 2085, "Drag to the Roots": 759, "Zoraline, Cosmos Caller": 3266, "Castle Locthwain_SB": 415, "Edgar, Charmed Groom_SB": 817, "Golgari Charm_SB": 1203, "Gates of Istfell": 1098, "Fateful Absence_SB": 961, "No More Lies_SB": 1907, "Korvold, Fae-Cursed King": 1567, "Guardian of Faith": 1240, "Phyrexian Vindicator_SB": 2068, "Kozilek's Return_SB": 1570, "Alchemist's Gambit": 51, "Intrepid Adversary": 1422, "Experiment One": 915, "Unclaimed Territory": 3006, "Cyclonic Rift": 621, "Rona's Vortex": 2312, "Curse of Silence_SB": 617, "Nighthawk Scavenger": 1885, "Thousand-Faced Shadow": 2879, "Gyruda, Doom of Depths": 1248, "Cease // Desist_SB": 440, "Case of the Gateway Express_SB": 405, "Cityscape Leveler": 493, "Hidden Necropolis": 1317, "Temple of Malady": 2780, "Temple of Malice": 2781, "Untimely Malfunction": 3039, "Koma, Cosmos Serpent_SB": 1564, "Memory Deluge_SB": 1761, "Brimaz, King of Oreskos": 338, "Collector's Cage": 521, "Warping Wail_SB": 3155, "Kitnap": 1541, "Forsaken Miner": 1045, "Undead Sprinter": 3008, "Chandra, Dressed to Kill_SB": 462, "Bloodtithe Collector": 272, "Goddric, Cloaked Reveler": 1197, "Bonders' Enclave": 291, "Nicol Bolas, Dragon-God": 1880, "Vampires' Vengeance_SB": 3074, "Blood Crypt_SB": 261, "Break Out": 329, "Evolving Adaptive": 907, "Pelt Collector": 2047, "Voltaic Brawler": 3127, "Wildfire Wickerfolk": 3191, "Embercleave_SB": 859, "Vengeful Possession_SB": 3089, "Ingenious Prodigy": 1395, "Glarb, Calamity's Augur_SB": 1148, "Tomik, Distinguished Advokist_SB": 2923, "Pick Your Poison": 2070, "Bamboo Grove Archer_SB": 180, "Sunken Citadel_SB": 2707, "Mastermind's Acquisition_SB": 1746, "Season of the Burrow_SB": 2409, "Spinner of Souls": 2621, "Abyssal Harvester": 8, "Zur, Eternal Schemer_SB": 3269, "Burst Lightning": 371, "Blast Zone_SB": 245, "Lantern of the Lost_SB": 1597, "Scab-Clan Berserker_SB": 2369, "Knight-Errant of Eos_SB": 1554, "Boltwave": 285, "Elenda, Saint of Dusk": 838, "Elenda, Saint of Dusk_SB": 839, "Serra Paragon": 2437, "High Fae Trickster_SB": 1324, "Waste Not_SB": 3160, "Fervent Champion": 986, "Goblin Tomb Raider": 1190, "Leyline Axe": 1619, "Stern Dismissal_SB": 2659, "Kaito, Cunning Infiltrator": 1483, "Scrawling Crawler": 2392, "Brass Knuckles": 323, "Fabrication Foundry": 934, "Metalwork Colossus": 1771, "Sanctum of Ugin": 2352, "Simulacrum Synthesizer": 2517, "The Irencrag": 2830, "Wedding Invitation": 3174, "Metallic Rebuke_SB": 1770, "Mystic Forge_SB": 1847, "Varragoth, Bloodsky Sire": 3080, "Emrakul, the Promised End": 865, "Syr Ginger, the Meal Ender": 2742, "Slaughter Games_SB": 2543, "Saiba Cryptomancer": 2345, "Saiba Cryptomancer_SB": 2346, "Nahiri, the Unforgiving_SB": 1858, "Ajani, Sleeper Agent": 45, "Alms of the Vein": 54, "Demand Answers": 675, "Grab the Prize": 1209, "Markov Baron": 1735, "Nullpriest of Oblivion": 1924, "Skullcrack": 2530, "Expedition Map": 913, "Evangel of Synthesis": 905, "Kiora, the Rising Tide": 1537, "Raffine, Scheming Seer": 2158, "Fragmentize_SB": 1060, "Void Rend_SB": 3116, "Dropkick Bomber": 793, "Searslicer Goblin": 2406, "Goblin Ringleader_SB": 1187, "Ral, Crackling Wit": 2169, "Creeping Chill": 590, "Driven // Despair": 789, "Haunted Dead": 1278, "Narcomoeba": 1859, "Prized Amalgam": 2115, "Silversmote Ghoul": 2513, "Tome Scour": 2922, "Wail of the Forgotten": 3140, "Huskburster Swarm_SB": 1364, "Tainted Indulgence": 2747, "Zombify": 3264, "Blooming Blast": 275, "Gallia of the Endless Dance": 1084, "Cemetery Gatekeeper_SB": 443, "Mission Briefing": 1801, "Not on My Watch": 1912, "Dawnbringer Cleric": 633, "Camellia, the Seedmiser_SB": 388, "Trail of Crumbs_SB": 2943, "Bulk Up": 360, "Voracious Hydra": 3128, "Hornet Queen_SB": 1348, "Cut // Ribbons": 618, "Skrelv's Hive_SB": 2528, "Halana and Alena, Partners": 1252, "Blacksmith's Talent": 238, "Herald of Eternal Dawn_SB": 1308, "The Witch's Vanity": 2854, "Day of Judgment": 635, "Liliana, Dreadhorde General": 1654, "Hanweir Battlements": 1262, "Response // Resurgence_SB": 2254, "Scorn-Blade Berserker": 2383, "Essence Channeler": 898, "Fountain of Renewal": 1055, "Heliod, Sun-Crowned": 1300, "Hooded Blightfang": 1340, "Indulging Patrician": 1389, "Revival // Revenge": 2273, "Scoured Barrens": 2384, "Vampire of the Dire Moon": 3072, "Vito, Thorn of the Dusk Rose": 3103, "Voice of the Blessed": 3114, "Deathmark_SB": 651, "Tinybones, Bauble Burglar": 2905, "Lava Axe_SB": 1599, "Skrelv's Hive": 2527, "Flicker of Fate_SB": 1021, "Kykar, Zephyr Awakener": 1590, "Infestation Sage": 1393, "Pyroclasm": 2136, "Temple of Plenty": 2783, "Peer into the Abyss_SB": 2045, "Ill-Timed Explosion_SB": 1372, "Omnath, Locus of Creation_SB": 1960, "Scrapwork Mutt": 2391, "Tyvar's Stand": 2987, "Shadows' Verdict_SB": 2447, "Spawn of Mayhem": 2600, "Karn, Scion of Urza_SB": 1496, "Faithful Mending": 946, "Banner of Kinship": 192, "Elvish Archdruid": 852, "Citanul Stalwart": 491, "Sylvan Messenger_SB": 2738, "Joust Through_SB": 1472, "Maelstrom Pulse": 1704, "Genesis Wave": 1108, "Samut, Tyrant Smasher": 2348, "Bouncer's Beatdown_SB": 317, "Soulstone Sanctuary": 2597, "Parting Gust": 2028, "Youthful Valkyrie": 3249, "Torment of Hailfire_SB": 2930, "Drake Hatcher_SB": 766, "Curator of Destinies_SB": 614, "Blitz of the Thunder-Raptor": 257, "Long River's Pull": 1674, "Unsubstantiate": 3036, "Sugar Coat_SB": 2692, "Unsubstantiate_SB": 3037, "Imposing Sovereign_SB": 1382, "Haunted Cloak": 1277, "Swiftfoot Boots": 2732, "Dread Fugue": 770, "Flameblade Adept": 1014, "Ox of Agonas": 2008, "Lunarch Veteran": 1697, "Skyclave Cleric": 2535, "Ajani, Strength of the Pride_SB": 48, "Dusk Legion Duelist": 804, "Make Disappear_SB": 1714, "Toxrill, the Corrosive_SB": 2941, "Davriel, Rogue Shadowmage_SB": 631, "The Raven Man_SB": 2839, "Expansion // Explosion": 911, "Seasons Past": 2411, "Haughty Djinn_SB": 1276, "Charming Scoundrel": 474, "Deflecting Palm": 671, "Fallaji Vanguard": 949, "Fortune, Loyal Steed": 1048, "Furycalm Snarl": 1080, "Hellspur Posse Boss": 1303, "Panharmonicon": 2020, "Requisition Raid": 2249, "Temple of Triumph": 2785, "Terror of the Peaks": 2798, "Witty Roastmaster": 3214, "Aetherstorm Roc_SB": 33, "Anim Pakal, Thousandth Moon_SB": 79, "Chance for Glory_SB": 456, "Demonic Ruckus_SB": 684, "Impact Tremors_SB": 1379, "Bristlebud Farmer": 343, "Gruul Charm_SB": 1236, "Masked Vandal_SB": 1739, "Phyrexian Obliterator_SB": 2066, "Brass's Tunnel-Grinder": 324, "Goblin Instigator": 1180, "Raise the Past": 2160, "Chained to the Rocks_SB": 451, "Plumecreed Escort": 2088, "Icon of Ancestry_SB": 1367, "Kellan, Planar Trailblazer": 1521, "Maelstrom Pulse_SB": 1705, "Anguished Unmaking": 76, "Blessed Alliance_SB": 251, "Day of Judgment_SB": 636, "Thassa's Oracle": 2809, "Niv-Mizzet, Visionary_SB": 1905, "Mystic Repeal_SB": 1849, "Reasonable Doubt_SB": 2203, "Rottenmouth Viper_SB": 2318, "Thing in the Ice": 2861, "Witness Protection_SB": 3213, "Heaped Harvest": 1290, "Thassa, God of the Sea": 2811, "Phyrexian Arena_SB": 2060, "Hostile Investigator_SB": 1352, "Tibalt's Trickery": 2898, "Tibalt's Trickery_SB": 2899, "Slaughter Games": 2542, "Idol of Endurance": 1368, "Phyrexian Censor": 2061, "Niko Aris": 1888, "Academy Loremaster": 10, "Chainsaw": 452, "Fountainport Bell": 1057, "Glint-Nest Crane": 1155, "Hammer of Purphoros": 1257, "Scattered Groves": 2371, "Arboreal Grazer_SB": 101, "Shrapnel Blast_SB": 2492, "Sixth Sense": 2524, "Alpha Authority_SB": 57, "Triton Tactics_SB": 2964, "Blood Baron of Vizkopa": 258, "Crystal Barricade_SB": 607, "Thought Erasure": 2873, "Kaya's Ghostform_SB": 1505, "Culling Ritual": 608, "Wear Down_SB": 3168, "Spring-Loaded Sawblades": 2636, "Bala Ged Recovery_SB": 176, "Turn the Earth_SB": 2974, "Tenacious Underdog_SB": 2792, "Push // Pull": 2133, "Dowsing Device": 757, "Burst Lightning_SB": 372, "Llanowar Visionary": 1668, "Skyknight Squire": 2537, "Niv-Mizzet, Supreme_SB": 1904, "Sire of Seven Deaths": 2522, "Ajani, Caller of the Pride": 44, "Burrowguard Mentor": 370, "Dryad Militant": 798, "Fleecemane Lion": 1017, "Kutzil, Malamet Exemplar": 1588, "Melira, the Living Cure": 1758, "Wilt-Leaf Liege": 3194, "Seal Away_SB": 2400, "Chandra, Hope's Beacon_SB": 464, "Choked Estuary": 481, "Ego Drain": 821, "Faerie Fencing": 942, "Obyra, Dreaming Duelist": 1941, "Shineshadow Snarl": 2477, "Sleep-Cursed Faerie": 2546, "Sunken Hollow": 2708, "Talion, the Kindly Lord": 2753, "Talion's Messenger": 2752, "Twining Twins": 2978, "Crippling Fear_SB": 591, "Flashfreeze_SB": 1016, "Phantom Interference_SB": 2056, "Blessed Alliance": 250, "Builder's Talent": 357, "Worldspine Wurm": 3224, "Assemble the Legion_SB": 142, "Runed Halo_SB": 2333, "Fanatical Firebrand": 952, "Goblin Warchief": 1193, "Krenko, Mob Boss": 1576, "Betrayer's Bargain_SB": 221, "By Force_SB": 375, "Strangle_SB": 2677, "Collateral Damage_SB": 515, "Tibalt, Rakish Instigator_SB": 2900, "Indomitable Creativity_SB": 1388, "Game Trail": 1088, "Glorybringer": 1162, "Cankerbloom_SB": 391, "Balustrade Wurm": 179, "Reality Shift": 2198, "Aspect of Hydra": 138, "Hunter's Talent": 1360, "Nullhide Ferox": 1922, "Steel Leaf Champion": 2655, "Garruk's Uprising_SB": 1092, "Ghalta, Primal Hunger_SB": 1115, "Deputy of Detention": 693, "Lukka, Bound to Ruin_SB": 1692, "Heliod's Intervention": 1298, "Legion's Landing": 1617, "Maskwood Nexus": 1740, "Volatile Fault": 3118, "Herald of Eternal Dawn": 1307, "Apostle of Purifying Light_SB": 91, "Chaplain of Alms_SB": 471, "Healer's Hawk_SB": 1289, "Karametra's Blessing_SB": 1493, "Blacklance Paragon": 236, "Brineborn Cutthroat": 340, "Cast Down": 408, "Cunning Nightbonder": 612, "Power Word Kill": 2105, "Reasonable Doubt": 2202, "Sea-Dasher Octopus": 2397, "Shore Up": 2485, "Ashiok's Erasure_SB": 130, "Spectral Adversary_SB": 2602, "Crawling Barrens": 588, "Desecration Demon": 696, "Kaervek, the Punisher": 1476, "Memorial to Folly": 1759, "Ob Nixilis Reignited_SB": 1932, "Abrade": 3, "Blazing Volley": 248, "Cinderclasm": 487, "Crash Through": 585, "Death-Rattle Oni": 648, "Dismal Backwater": 728, "Electrickery": 835, "Kessig Flamebreather": 1529, "Seismic Wave": 2422, "Stolen Vitality": 2664, "Thrill of Possibility": 2889, "Tolarian Terror": 2918, "Burn Down the House_SB": 363, "Power Word Kill_SB": 2106, "Smoldering Egg_SB": 2558, "Swamp_SB": 2728, "Edgewall Inn": 818, "Edgewall Innkeeper": 819, "Foulmire Knight": 1052, "Lucky Clover": 1691, "Midnight Reaper": 1778, "Necroblossom Snarl": 1868, "Order of Midnight": 1972, "Smitten Swordmaster": 2557, "Disfigure_SB": 727, "Massacre Girl_SB": 1741, "Stormkeld Vanguard_SB": 2671, "Gray Merchant of Asphodel": 1222, "Mephitic Draught": 1765, "Tithing Blade": 2914, "Trial of Ambition": 2960, "Warlock Class": 3153, "Corpses of the Lost_SB": 568, "Doom Foretold_SB": 749, "Life of Toshiro Umezawa_SB": 1636, "Burn Down the House": 362, "Flame-Blessed Bolt": 1012, "Frostboil Snarl": 1071, "Refute": 2226, "Vampires' Vengeance": 3073, "Pelakka Wurm_SB": 2046, "Boon of the Wish-Giver": 302, "Drannith Healer": 767, "Drannith Stinger": 769, "Flourishing Fox": 1028, "Footfall Crater": 1036, "Frostveil Ambush": 1072, "Go for Blood": 1170, "Memory Leak": 1763, "Startling Development": 2650, "Valiant Rescuer": 3064, "Zenith Flare": 3257, "Enigma Drake": 878, "Ephara's Dispersal": 885, "Eroded Canyon": 889, "Essence Capture": 897, "Galvanize": 1087, "Mind Spiral": 1785, "Peculiar Lighthouse": 2043, "Pit of Offerings": 2080, "Scorching Shot": 2381, "Slick Sequence": 2549, "Winged Words": 3199, "Into the Fire_SB": 1417, "Wildfire Howl_SB": 3190, "Burn Bright": 361, "Chimney Rabble": 480, "Domri, Anarch of Bolas": 746, "Fissure Wizard": 1011, "Goblin Arsonist": 1173, "Goblin Javelineer": 1181, "Goblin Morningstar": 1182, "Goblin Trailblazer": 1191, "Grumgully, the Generous": 1234, "Heraldic Banner": 1309, "Hobgoblin Bandit Lord": 1333, "Hulking Bugbear": 1356, "Renata, Called to the Hunt": 2240, "Return of the Wildspeaker": 2270, "Rhythm of the Wild": 2277, "Subira, Tulzidi Caravanner": 2688, "You See a Pair of Goblins": 3246, "Krenko, Mob Boss_SB": 1577, "Krenko, Tin Street Kingpin_SB": 1578, "Banishing Light": 189, "Flowerfoot Swordmaster": 1030, "Mabel, Heir to Cragflame": 1701, "Seedglaive Mentor": 2418, "Short Bow": 2488, "Whiskervale Forerunner": 3183, "Abzan Charm": 9, "Deathmist Raptor": 652, "Den Protector": 685, "Mastery of the Unseen": 1747, "Sandsteppe Citadel": 2354, "Satyr Wayfinder": 2360, "Siege Rhino": 2494, "Temple of Silence": 2784, "Unyielding Gatekeeper": 3043, "Drown in Sorrow_SB": 794, "Disfigure": 726, "Gnawing Vermin": 1166, "Gossip's Talent": 1208, "Karumonix, the Rat King": 1498, "Lord Skitter, Sewer King": 1681, "Persistent Marshstalker": 2051, "Piper of the Swarm": 2079, "Shoreline Looter": 2487, "Tangled Colony": 2760, "Vren, the Relentless": 3139, "Bring the Ending_SB": 341, "Pile On_SB": 2074, "Tangled Colony_SB": 2761, "No Witnesses": 1909, "Port Town": 2096, "Temple of Enlightenment": 2778, "Jace, Architect of Thought_SB": 1454, "No Witnesses_SB": 1910, "Ayara, First of Locthwain": 164, "Brain Maggot": 321, "Erebos, Bleak-Hearted": 887, "Infernal Grasp": 1391, "Phyrexian Arena": 2059, "Underworld Dreams": 3014, "Corrupt_SB": 569, "Whack_SB": 3181, "Cinder Glade": 486, "Enter the Unknown": 881, "Mirrorwing Dragon": 1796, "Silverfur Partisan": 2509, "Temple of Abandon": 2777, "Young Pyromancer": 3247, "Zada, Hedron Grinder": 3252, "Temur Battle Rage_SB": 2790, "Turn Inside Out_SB": 2973, "Unnatural Moonrise_SB": 3033, "Night of the Sweets' Revenge": 1884, "Savor": 2364, "Thornvault Forager": 2871, "Tough Cookie": 2938, "Feed the Cycle_SB": 976, "Life Goes On_SB": 1635, "Savor_SB": 2365, "Abandoned Campground": 0, "Dollmaker's Shop // Porcelain Gallery": 744, "Grand Entryway // Elegant Rotunda": 1215, "Gremlin Tamer": 1227, "Inquisitive Glimmer": 1400, "Lionheart Glimmer": 1663, "Niko, Light of Hope": 1889, "Oppressive Rays": 1966, "Builder's Talent_SB": 358, "Divine Resilience_SB": 737, "Fear of Impostors_SB": 967, "Kitnap_SB": 1542, "Minor Misstep_SB": 1788, "Paladin Class_SB": 2018, "Stay Hidden, Stay Silent_SB": 2652, "Badlands Revival": 172, "Fertile Thicket": 985, "Festerleech": 988, "Foul Orchard": 1050, "Gix's Command": 1142, "Golgari Guildgate": 1204, "Hedge Shredder": 1296, "Hero's Downfall": 1312, "Jungle Hollow": 1474, "Quilled Greatwurm": 2149, "Slice from the Shadows": 2548, "Frantic Strength_SB": 1064, "Stab_SB": 2644, "Vraska's Fall_SB": 3134, "Mishra's Foundry": 1799, "Ultimate Price": 2996, "Unexpected Fangs": 3015, "Vadmir, New Blood": 3056, "Extract a Confession_SB": 925, "Kitesail Freebooter_SB": 1538, "Pilfer_SB": 2075, "Alesha, Who Laughs at Fate": 52, "Davriel, Rogue Shadowmage": 630, "Fell": 981, "Grasp of Darkness": 1217, "Master of Cruelties": 1744, "Rakdos, the Muscle": 2166, "Razorlash Transmogrant": 2193, "Razortrap Gorge": 2194, "Seize the Spoils": 2423, "Illness in the Ranks_SB": 1373, "Kaervek, the Spiteful_SB": 1477, "Painful Quandary_SB": 2014, "Witch's Vengeance_SB": 3204, "Eddymurk Crab": 816, "Haughty Djinn": 1275, "Stormwing Entity": 2675, "Gnarled Scarhide": 1163, "Madcap Skills": 1702, "Minotaur Skullcleaver": 1789, "Mogis's Marauder": 1808, "Rakdos Cackler": 2161, "Rakdos Shred-Freak": 2165, "Spike Jester": 2617, "Tormented Hero": 2931, "Doom Blade_SB": 747, "Ultimate Price_SB": 2997, "Consuming Aberration": 555, "Contaminated Aquifer": 560, "Didn't Say Please": 716, "Dimir Guildgate": 719, "Dreadwaters": 780, "Duskmantle Guildmage": 807, "Fell Specter": 982, "Jhessian Thief": 1467, "Mind Carver": 1782, "Mind Drain": 1783, "Murder": 1839, "Nezumi Informant": 1878, "Orzhov Racketeers": 1976, "Painful Quandary": 2013, "Paranoid Delusions": 2025, "Pilfered Plans": 2076, "Psychic Strike": 2131, "Razzle-Dazzler": 2196, "Read the Bones": 2197, "Sleep": 2545, "The Mindskinner": 2837, "Typhoid Rats": 2983, "Wall of Frost": 3144, "Witness Protection": 3212, "Aspect of Lamprey_SB": 139, "Blood Pact_SB": 262, "Crypt Incursion_SB": 602, "Dreadwaters_SB": 781, "Frogify_SB": 1070, "Mocking Sprite_SB": 1805, "Professor's Warning_SB": 2117, "Rogue's Gloves_SB": 2309, "Sinister Possession_SB": 2519, "Solemn Simulacrum_SB": 2574, "Sphinx of Magosi_SB": 2611, "Thieving Otter_SB": 2860, "Unlikely Aid_SB": 3029, "Zombify_SB": 3265, "Coruscation Mage": 570, "Aethersphere Harvester_SB": 32, "Burning Hands_SB": 366, "Giant Cindermaw_SB": 1124, "Lightning Mare_SB": 1647, "Wrangle_SB": 3227, "Ancient Imperiosaur": 67, "Belligerent Yearling": 217, "Fight Rigging": 998, "Intrepid Paleontologist": 1423, "Ixalli's Lorekeeper": 1446, "Palani's Hatcher": 2019, "Regisaur Alpha": 2231, "Restless Ridgeline": 2263, "Shifting Ceratops": 2472, "Triumphant Chomp": 2965, "Shifting Ceratops_SB": 2473, "Thrashing Brontodon_SB": 2885, "Triumphant Chomp_SB": 2966, "Goblin Boarders": 1175, "Goblin Heelcutter": 1179, "Goblin Negotiation": 1183, "Goblin Surprise": 1188, "Goblinslide": 1194, "Guttersnipe": 1246, "Hellraiser Goblin": 1302, "Impact Tremors": 1378, "Pyrewild Shaman": 2135, "Redcap Gutter-Dweller": 2218, "Rigging Runner": 2280, "Subterranean Scout": 2691, "War Squeak": 3147, "Frenzied Goblin_SB": 1068, "Goblin Boarders_SB": 1176, "Goblin Surprise_SB": 1189, "Rundvelt Hordemaster_SB": 2330, "Searslicer Goblin_SB": 2407, "Siege-Gang Commander_SB": 2496, "Cruel Somnophage": 593, "Mercurial Spelldancer": 1766, "Mind Sculpt": 1784, "Ruin Crab": 2326, "Sign in Blood": 2499, "Syr Konrad, the Grim": 2744, "Bitter Chill_SB": 231, "Chart a Course_SB": 477, "See Double_SB": 2415, "Sphinx's Tutelage_SB": 2616, "Terisian Mindbreaker_SB": 2794, "Armored Kincaller": 124, "Burning Sun Cavalry": 367, "Captivating Cave": 392, "Cavern Stomper": 435, "Colossadactyl": 525, "Dinotomaton": 721, "Disturbed Slumber": 733, "Earthshaker Dreadmaw": 811, "Hidden Nursery": 1318, "Nurturing Bristleback": 1925, "Over the Edge": 1994, "Panicked Altisaur": 2021, "Pathfinding Axejaw": 2036, "Poison Dart Frog": 2090, "Promising Vein": 2122, "Rampaging Ceratops": 2177, "Rumbling Rockslide": 2328, "Scytheclaw Raptor": 2395, "Seeker of Sunlight": 2419, "Seismic Monstrosaur": 2421, "Walk with the Ancestors": 3143, "Cast Out": 409, "Reptilian Reflection": 2245, "Irencrag Pyromancer_SB": 1437, "Nahiri's Resolve": 1852, "Thousand Moons Smithy": 2878, "Tinker's Tote": 2903, "Dusk Rose Reliquary_SB": 806, "Unidentified Hovership_SB": 3023, "Case of the Crimson Pulse": 401, "Vindictive Flamestoker_SB": 3093, "Garruk's Harbinger": 1089, "Inscription of Abundance": 1403, "Lifecrafter's Bestiary": 1638, "Feed the Clan_SB": 974, "Skyreaping_SB": 2539, "Dazzling Angel": 639, "Divine Smite": 738, "Exemplar of Light": 909, "Firemane Avenger": 1007, "Wind-Scarred Crag": 3197, "Bomat Courier": 287, "Falkenrath Gorger": 947, "Foreboding Ruins": 1038, "Forerunner of Slaughter": 1041, "Olivia, Mobilized for War": 1951, "Unlicensed Disintegration": 3026, "Rakdos Charm_SB": 2162, "Shock_SB": 2482, "Transgress the Mind_SB": 2947, "Briarbridge Tracker": 334, "Hard-Hitting Question": 1264, "Subterranean Schooner": 2690, "Teething Wurmlet": 2771, "Vineglimmer Snarl": 3094, "Briarbridge Tracker_SB": 335, "Hard-Hitting Question_SB": 1265, "Island_SB": 1442, "Unsummon_SB": 3038, "Gingerbread Cabin": 1139, "Rampage of the Clans": 2176, "Hangarback Walker_SB": 1260, "The Filigree Sylex_SB": 2825, "Earthshaker Khenra": 812, "Mirran Banesplitter": 1791, "Rimrock Knight": 2282, "Azorius Guildgate": 168, "Boros Guildgate": 308, "Gate Colossus": 1095, "Gatebreaker Ram": 1096, "Gates Ablaze": 1097, "Gateway Plaza": 1099, "Glaive of the Guildpact": 1146, "Gruul Guildgate": 1237, "Guild Summit": 1243, "Hour of Promise": 1354, "Izzet Guildgate": 1449, "Maze's End": 1752, "Open the Gates": 1964, "Orzhov Guildgate": 1975, "Plaza of Harmony": 2086, "Rakdos Guildgate": 2163, "Selesnya Guildgate": 2425, "Simic Guildgate": 2514, "Thran Portal": 2882, "Archway Angel_SB": 119, "Crackling Perimeter_SB": 580, "Strategic Planning": 2681, "Wandering Fumarole": 3145, "Essence Scatter_SB": 901, "Frantic Firebolt_SB": 1061, "Absorb": 7, "Behold the Multiverse": 215, "Saw It Coming": 2367, "Thirst for Discovery": 2866, "Primal Might": 2112, "Experiment One_SB": 916, "Bristling Backwoods": 344, "Deeproot Champion": 664, "Quirion Dryad": 2152, "Domri's Ambush_SB": 745, "Shoot the Sheriff": 2483, "Smoldering Marsh": 2559, "Banehound": 185, "Curator of Mysteries": 615, "Mire Triton": 1790, "Rush of Vitality_SB": 2339, "Goblin Blast-Runner": 1174, "Implement of Combustion": 1380, "Krenko, Baron of Tin Street": 1575, "Voltage Surge": 3125, "Sunshot Militia_SB": 2713, "Essence Scatter": 900, "Flow of Knowledge": 1029, "Quick Study_SB": 2147, "Shifting Grift_SB": 2474, "Fires of Victory": 1009, "Stern Lesson": 2660, "Roast_SB": 2304, "Arcane Infusion": 102, "Xenagos, God of Revels": 3232, "Aetherize_SB": 31, "Into the Roil_SB": 1420, "Volcanic Spite_SB": 3120, "Zetalpa, Primal Dawn_SB": 3260, "Flame-Blessed Bolt_SB": 1013, "Ral, Izzet Viceroy_SB": 2171, "You See a Guard Approach_SB": 3245, "Aether Hub": 28, "Attune with Aether": 150, "Gather the Pack": 1102, "Lotleth Troll": 1686, "Cragplate Baloth_SB": 583, "Plains_SB": 2083, "Sporeweb Weaver_SB": 2634, "Beastie Beatdown": 209, "Omnivorous Flytrap": 1962, "Patchwork Beastie": 2032, "Return to Nature_SB": 2272, "Alseid of Life's Bounty": 60, "Hateful Eidolon": 1274, "Karametra's Blessing": 1492, "Agent of the Fates_SB": 42, "Dead Weight_SB": 641, "Eriette of the Charmed Apple_SB": 888, "Pacifism_SB": 2011, "Evolving Wilds": 908, "Good-Fortune Unicorn": 1206, "Mossborn Hydra": 1829, "Ochre Jelly": 1943, "Sylvan Scavenging": 2740, "Wildwood Scourge": 3192, "Gaea's Gift_SB": 1082, "Gnarlid Colony_SB": 1164, "Inscription of Abundance_SB": 1404, "Trash the Town_SB": 2951, "Bristling Hydra": 345, "Electrostatic Pummeler": 836, "Fling": 1022, "Ghor-Clan Rampager": 1118, "Harnessed Lightning": 1270, "Servant of the Conduit": 2439, "Axebane Ferox_SB": 162, "Deathgorge Scavenger_SB": 650, "Gruul Spellbreaker_SB": 1238, "Insult // Injury_SB": 1413, "Wilt_SB": 3196, "Legion Angel": 1611, "Legion Angel_SB": 1612, "Gideon's Triumph_SB": 1133, "Demonic Pact": 682, "Doom Foretold": 748, "Hopeful Vigil": 1344, "Kaya's Wrath": 1506, "Sigil of the Empty Throne": 2498, "Spirit-Sister's Call": 2626, "Banishing Light_SB": 190, "Cast Out_SB": 410, "Dreadhorde Invasion_SB": 777, "Trespasser's Curse_SB": 2959, "Arashin Foremost": 98, "Blood-Chin Rager": 264, "Chief of the Edge": 479, "Gutterbones": 1245, "Mardu Strike Leader": 1732, "Mardu Woe-Reaper": 1733, "Rally the Ranks": 2173, "Secure the Wastes": 2414, "Usher of the Fallen": 3055, "Bedlam Reveler": 213, "Warlord's Fury": 3154, "Ox of Agonas_SB": 2009, "Toxin Analysis_SB": 2940, "Angel of Invention": 68, "Combat Celebrant": 530, "God-Pharaoh's Gift": 1195, "Refurbish": 2225, "Arashin Cleric_SB": 97, "Commit // Memory": 537, "Spinner of Souls_SB": 2622, "Think Twice": 2863, "Sphinx's Revelation_SB": 2614, "Seal from Existence": 2401, "Ghostly Dancers_SB": 1121, "Seal from Existence_SB": 2402, "Connive // Concoct_SB": 548, "Torrential Gearhulk_SB": 2936, "Outrageous Robbery": 1991, "Hullbreaker Horror": 1358, "Boltwave_SB": 286, "Fatal Grudge": 957, "Jace, Vryn's Prodigy_SB": 1456, "Gnarlroot Trapper": 1165, "Valley Floodcaller_SB": 3068, "Valorous Stance_SB": 3071, "Pillage the Bog_SB": 2078, "Aether Channeler": 25, "Foul Emissary": 1049, "Sublime Epiphany": 2689, "Unauthorized Exit": 3003, "Fiery Annihilation_SB": 994, "Arahbo, the First Fang": 96, "Felidar Cub": 979, "Feline Sovereign": 980, "Sacred Cat": 2341, "Savannah Lions": 2363, "Reckless Stormseeker_SB": 2211, "Archfiend of Depravity": 110, "Archfiend of Depravity_SB": 111, "Fade from History_SB": 937, "Loot, Exuberant Explorer": 1675, "Quicken": 2148, "Banish into Fable": 187, "Reluctant Role Model": 2237, "Furnace Punisher": 1077, "March of Swirling Mist": 1728, "Invasive Surgery_SB": 1431, "The Scarab God_SB": 2844, "Pieces of the Puzzle": 2073, "Agatha of the Vile Cauldron": 37, "Bard Class": 195, "Hajar, Loyal Bodyguard": 1251, "Migloz, Maze Crusher": 1780, "Ruby, Daring Tracker": 2325, "Samut, Vizier of Naktamun": 2349, "Targ Nar, Demon-Fang Gnoll": 2763, "Xenagos, the Reveler": 3234, "Stormsplitter": 2674, "Thousand-Year Storm": 2880, "Cathartic Pyre_SB": 424, "Tamiyo, Collector of Tales_SB": 2757, "Anthem of Champions_SB": 88, "Michiko's Reign of Truth": 1777, "Rite of Oblivion": 2290, "Tinybones, the Pickpocket": 2906, "Fear of Abduction": 965, "Blue Sun's Twilight_SB": 282, "Overwhelming Remorse_SB": 2007, "Brotherhood's End": 351, "Return the Favor_SB": 2271, "Gloomshrieker": 1160, "Dennick, Pious Apprentice_SB": 688, "Dissection Tools": 732, "Sire of Seven Deaths_SB": 2523, "Dollmaker's Shop && Porcelain Gallery": 743, "Kami of Transience": 1490, "Surgical Suite && Hospital Room_SB": 2723, "Regal Bunnicorn": 2227, "Ashiok, Wicked Manipulator": 136, "Protect the Negotiators_SB": 2129, "Ajani, Strength of the Pride": 47, "Case of the Uneaten Feast": 407, "Trelasarra, Moon Dancer": 2958, "Floriferous Vinewall": 1027, "Urborg Lhurgoyf": 3048, "Aether Channeler_SB": 26, "Kambal, Consul of Allocation": 1487, "Tectonic Hazard_SB": 2770, "Zephyr Sentinel_SB": 3258, "Harmonious Archon": 1268, "Sandstorm Salvager": 2355, "Toby, Beastie Befriender": 2916, "Kayla's Reconstruction_SB": 1513, "Surrak Dragonclaw": 2724, "Frantic Scapegoat": 1062, "Ritual of Soot": 2293, "Inscription of Ruin": 1405, "Callous Sell-Sword_SB": 386, "Destroy Evil": 704, "Serra Paragon_SB": 2438, "Breeding Pool_SB": 333, "Woodland Bellower": 3220, "Heartflame Duelist": 1292, "Inspiring Veteran": 1412, "Knight of Dusk's Shadow": 1548, "Knight of the Ebon Legion": 1552, "Tournament Grounds": 2939, "Venerable Knight": 3085, "Worthy Knight": 3226, "Knight of Dusk's Shadow_SB": 1549, "Filter Out": 1001, "Chance for Glory": 455, "Teferi, Who Slows the Sunset": 2775, "Bag of Holding_SB": 174, "Zirda, the Dawnwaker_SB": 3262, "Despise_SB": 701, "Lifebane Zombie_SB": 1637, "Sunspine Lynx": 2714, "Light Up the Stage_SB": 1640, "Isolate_SB": 1443, "God-Pharaoh's Statue_SB": 1196, "Smuggler's Surprise_SB": 2562, "Wakeroot Elemental_SB": 3142, "Cindervines": 488, "Fetid Pools": 989, "Silvergill Adept": 2511, "Triton Shorestalker": 2963, "The Flame of Keld": 2826, "Wakeroot Elemental": 3141, "Dreadbore": 772, "Isareth the Awakener": 1440, "Nicol Bolas, the Ravager": 1882, "Omen of the Forge": 1955, "The Kami War": 2831, "Legion Extruder_SB": 1614, "This Town Ain't Big Enough": 2868, "Lost Legacy_SB": 1684, "Remorseful Cleric": 2238, "Nissa, Who Shakes the World": 1899, "Nahiri's Warcrafting_SB": 1853, "Depala, Pilot Exemplar": 689, "Magda, Brazen Outlaw": 1707, "Magda, the Hoardmaster": 1708, "Roaming Throne": 2299, "Veteran Motorist": 3090, "The Royal Scions": 2842, "Unauthorized Exit_SB": 3004, "Bilious Skulldweller": 225, "Chevill, Bane of Monsters": 478, "Fynn, the Fangbearer": 1081, "Ghost Vacuum": 1119, "Heroic Intervention": 1313, "Malakir Rebirth": 1715, "Wasteland Viper": 3161, "Infectious Bite_SB": 1390, "Akal Pakal, First Among Equals": 49, "Courser of Kruphix": 576, "Simic Manipulator": 2515, "Timestream Navigator": 2902, "Azure Beastbinder_SB": 170, "Mockingbird_SB": 1807, "Simic Manipulator_SB": 2516, "Trygon Predator_SB": 2970, "Vivien, Champion of the Wilds_SB": 3106, "Caretaker's Talent_SB": 395, "Fountainport_SB": 1058, "Rite of Oblivion_SB": 2291, "Kogla, the Titan Ape": 1560, "Cavalier of Thorns_SB": 433, "Ulvenwald Oddity_SB": 2999, "Sylvan Awakening": 2736, "Crumbling Vestige": 599, "The Mightstone and Weakstone_SB": 2836, "Kogla and Yidaro_SB": 1559, "Kogla and Yidaro": 1558, "Trumpeting Carnosaur_SB": 2969, "Dusk // Dawn_SB": 803, "Last Breath_SB": 1598, "Thunderherd Migration": 2894, "Boros Elite": 307, "Guardian of New Benalia": 1242, "Mobilized District": 1804, "Precinct Captain": 2110, "Soldier of the Pantheon": 2573, "Spellbook Vendor": 2609, "Sungold Sentinel": 2705, "Banisher Priest_SB": 188, "Bounty Agent_SB": 319, "Rally the Ranks_SB": 2174, "Wicked Wolf_SB": 3187, "Overlord of the Mistmoors_SB": 2005, "Renegade Tactics": 2243, "Fear of Isolation": 968, "Tinybones Joins Up": 2904, "Built to Smash": 359, "Wayward Guide-Beast": 3165, "Voldaren Thrillseeker_SB": 3123, "Siphon Insight_SB": 2520, "Imodane's Recruiter_SB": 1377, "Glorious Protector_SB": 1161, "Into the Story": 1421, "Niambi, Esteemed Speaker_SB": 1879, "The Wandering Rescuer_SB": 2853, "Syr Ginger, the Meal Ender_SB": 2743, "Lavinia, Azorius Renegade_SB": 1603, "Augur of Bolas": 153, "Essence Flux": 899, "Apostle of Purifying Light": 90, "Glass Casket": 1149, "Thran Power Suit": 2883, "Titania, Voice of Gaea_SB": 2913, "Treacherous Blessing_SB": 2954, "Umori, the Collector_SB": 3000, "Glass Casket_SB": 1150, "Grasp of Darkness_SB": 1218, "Necrotic Wound": 1870, "Souls of the Lost": 2595, "Necrotic Wound_SB": 1871, "Souls of the Lost_SB": 2596, "Kappa Tech-Wrecker": 1491, "Eldrazi Displacer_SB": 832, "Experimental Augury": 917, "Fleeting Spirit": 1018, "Lore Drakkis": 1682, "Open the Omenpaths": 1965, "Vadrok, Apex of Thunder": 3057, "Crucible of Worlds": 592, "Destiny Spinner": 702, "Sin Collector_SB": 2518, "Cult Conscript": 610, "Mutavault_SB": 1846, "Mukotai Ambusher_SB": 1838, "Cleansing Wildfire_SB": 503, "Vanish into Eternity_SB": 3075, "Tribute to Horobi": 2961, "Hunter's Talent_SB": 1361, "Vengeful Possession": 3088, "Hidetsugu's Second Rite_SB": 1323, "Nurturing Pixie": 1926, "Malcolm, Alluring Scoundrel": 1716, "Preacher of the Schism_SB": 2109, "Pia Nalaar, Consul of Revival": 2069, "Showdown of the Skalds": 2489, "Bassara Tower Archer": 202, "Cloudsteel Kirin": 512, "Lizard Blades": 1666, "Searing Blood": 2404, "Bomat Courier_SB": 288, "Magma Spray_SB": 1712, "Stalactite Stalker": 2646, "Lamplight Phoenix_SB": 1593, "Thirst for Meaning": 2867, "Biting-Palm Ninja": 229, "Dokuchi Silencer": 741, "Silver-Fur Master": 2506, "Pawpatch Recruit_SB": 2041, "Soul Transfer": 2588, "Omen of the Dead": 1953, "Sentinel of the Nameless City_SB": 2434, "Ayara's Oathsworn": 163, "Sharp-Eyed Rookie": 2460, "Council of the Absolute_SB": 573, "Adventurous Impulse": 23, "Arcane Proxy": 103, "Chrome Host Seedshark": 484, "See the Truth": 2416, "Ambitious Farmhand": 63, "Cascading Cataracts": 400, "Helpful Hunter": 1304, "Thalia's Lancers": 2803, "Wilt-Leaf Liege_SB": 3195, "Augur of Autumn_SB": 152, "Lavabrink Venturer_SB": 1600, "Fanatic of Mogis": 950, "Solphim, Mayhem Dominus": 2577, "Thalia and The Gitrog Monster": 2802, "Dreadbore_SB": 773, "Recommission": 2216, "Shatterskull Smashing_SB": 2463, "Cavalier of Dawn": 430, "Kotose, the Silent Spider": 1569, "Marina Vendrell": 1734, "Prosperous Thief_SB": 2128, "Barkhide Troll": 197, "Gather Courage": 1100, "Tribute to the World Tree": 2962, "Setessan Tactics_SB": 2442, "Oblivious Bookworm": 1937, "Cerulean Drake_SB": 449, "Bladehold War-Whip": 242, "Nahiri, Forged in Fury": 1854, "Sword of Forge and Frontier": 2734, "Rebel Salvo_SB": 2204, "Bloodthirsty Conqueror": 271, "Dina, Soul Steeper": 720, "Dryad of the Ilysian Grove": 799, "Jaddi Offshoot": 1460, "Mirrorpool": 1793, "Retreat to Hagra": 2269, "Bristly Bill, Spine Sower_SB": 347, "Undergrowth Champion_SB": 3013, "Silverback Elder": 2507, "Silverback Elder_SB": 2508, "Celestial Armor": 441, "Deputy of Detention_SB": 694, "Etali, Primal Conqueror": 902, "Floodpits Drowner_SB": 1026, "Massacre Wurm": 1742, "Perilous Snare": 2048, "Repurposing Bay_SB": 2248, "Patchwork Automaton": 2031, "Momentum Breaker_SB": 1814, "Birgi, God of Storytelling": 226, "Crater's Claws": 587, "Zurgo Bellstriker_SB": 3271, "Greasewrench Goblin": 1224, "Moonshaker Cavalry_SB": 1825, "Zareth San, the Trickster": 3255, "Hare Apparent": 1267, "Mendicant Core, Guidelight": 1764, "Voyager Glidecar": 3131, "Valor's Flagship": 3070, "Grim Bauble": 1229, "Momentum Breaker": 1813, "Oildeep Gearhulk_SB": 1946, "Count on Luck_SB": 574, "Monument to Endurance_SB": 1821, "Shacklegeist_SB": 2446, "Chaplain of Alms": 470, "Rune of Might": 2331, "Sab-Sunen, Luxa Embodied": 2340, "Liliana, Heretical Healer_SB": 1655, "Dreadhorde Arcanist_SB": 775, "Archfiend's Vessel": 114, "Merfolk Secretkeeper": 1767, "Brightglass Gearhulk": 337, "Dredger's Insight": 788, "Coalstoke Gearhulk": 513, "Ossification_SB": 1979, "Memory Guardian": 1762, "Grim Bauble_SB": 1230, "Djeru's Renunciation": 740, "Marauding Mako": 1723, "Monument to Endurance": 1820, "Sunbillow Verge": 2698, "Ketramose, the New Dawn_SB": 1531, "Mastermind's Acquisition": 1745, "Behold the Multiverse_SB": 216, "Mukotai Ambusher": 1837, "Bloodghast": 267, "Molt Tender": 1810, "Driven // Despair_SB": 790, "Ashiok, Wicked Manipulator_SB": 137, "Anim Pakal, Thousandth Moon": 78, "Basri, Tomorrow's Champion": 201, "Urza's Ruinous Blast_SB": 3052, "The Speed Demon": 2847, "Intimidation Tactics_SB": 1416, "Oildeep Gearhulk": 1945, "Virtue of Strength": 3102, "Roxanne, Starfall Savant_SB": 2320, "Optimistic Scavenger_SB": 1969, "Freestrider Lookout": 1066, "Ketramose, the New Dawn": 1530, "Scrabbling Claws": 2386, "Mosswood Dreadknight_SB": 1831, "Willowrush Verge": 3193, "Commune with Spirits": 540, "Goro-Goro, Disciple of Ryusei": 1207, "Radha, Heart of Keld": 2154, "Redshift, Rocketeer Chief": 2221, "Bleachbone Verge": 249, "Detention Chariot": 707, "Tune Up": 2971, "Kaya the Inexorable_SB": 1503, "Thundering Broodwagon": 2895, "Fearless Swashbuckler": 970, "Gastal Thrillroller": 1094, "Ashiok, Nightmare Weaver": 135, "Hazoret, Godseeker": 1286, "Leyline Binding_SB": 1621, "Jace's Defeat_SB": 1452, "Norin, Swift Survivalist": 1911, "Mindlink Mech_SB": 1786, "Wastewood Verge": 3162, "Avishkar Raceway": 161, "Fuel the Flames_SB": 1075, "Skycrash_SB": 2536, "Murderous Cut": 1841, "Anguished Unmaking_SB": 77, "Drownyard Temple": 797, "Quag Feast": 2140, "Boommobile": 300, "Hedron Archive": 1297, "Paradox Engine": 2023, "Portal of Sanctuary": 2100, "Repurposing Bay": 2247, "Terrarion": 2796, "The Mightstone and Weakstone": 2835, "Thran Spider": 2884, "Workshop Assistant": 3222, "Liberator, Urza's Battlethopter_SB": 1632, "Shrapnel Slinger_SB": 2493, "Ashiok, Nightmare Muse_SB": 134, "Benthic Biomancer": 218, "Mindspring Merfolk": 1787, "Eaten Alive_SB": 814, "Biting-Palm Ninja_SB": 230, "Kazuul's Toll Collector": 1516, "Immersturm Raider": 1375, "The Speed Demon_SB": 2848, "Burnout Bashtronaut": 369, "Draconautics Engineer": 758, "Howlsquad Heavy": 1355, "Volley Veteran_SB": 3124, "Harrier Strix": 1271, "Hypnotic Grifter": 1365, "The Reality Chip": 2840, "Training Grounds": 2944, "Basilisk Collar_SB": 199, "Swiftfoot Boots_SB": 2733, "Stock Up": 2662, "Liliana, the Last Hope_SB": 1657, "Riverpyre Verge": 2296, "Concealing Curtains": 542, "Blade Historian": 239, "Pyre of Heroes": 2134, "Night Clubber_SB": 1883, "Riptide Gearhulk_SB": 2287, "Aegis Turtle_SB": 24, "Ride's End": 2278, "Analyze the Pollen": 64, "Cleansing Wildfire": 502, "Crumble to Dust": 598, "Encroaching Wastes": 868, "Gnottvold Slumbermound": 1167, "Haphazard Bombardment": 1263, "Jaya's Greeting": 1462, "Ravager Wurm": 2188, "Rowan, Scholar of Sparks": 2319, "Rubble Reading": 2323, "Sheltered Thicket": 2465, "Structural Distortion": 2685, "Sylvan Primordial": 2739, "Territory Forge": 2797, "Twin Bolt": 2976, "Herbology Instructor_SB": 1310, "Nissa's Defeat_SB": 1894, "Peak Eruption_SB": 2042, "Scrabbling Claws_SB": 2387, "Battle at the Bridge": 204, "Spire of Industry": 2623, "Battle at the Bridge_SB": 205, "Borrowed Hostility": 310, "Barbed Batterfist": 194, "Webstrike Elite": 3171, "Demilich_SB": 677, "Progenitor Mimic": 2120, "Banefire": 183, "Steel Seraph": 2656, "Boon of Boseiju": 301, "Esika's Chariot_SB": 896, "Violent Urge_SB": 3097, "Regal Imperiosaur": 2230, "Champion of the Perished": 454, "Cryptbreaker": 603, "Dark Salvation": 625, "Dread Wanderer": 771, "Relentless Dead": 2235, "Wayward Servant": 3166, "Zahur, Glory's Past": 3254, "Fighter Class": 1000, "Chainsaw_SB": 453, "Nettle Guard_SB": 1876, "Sword of Forge and Frontier_SB": 2735, "Expedition Map_SB": 914, "Stock Up_SB": 2663, "Maximize Velocity": 1749, "Birgi, God of Storytelling_SB": 227, "Samut's Sprint": 2347, "Omen of the Dead_SB": 1954, "Lost Jitte": 1683, "Lazav, Wearer of Faces": 1605, "Medomai the Ageless": 1757, "Fires of Victory_SB": 1010, "Riptide Gearhulk": 2286, "Carnage Tyrant": 396, "Gather Courage_SB": 1101, "Feather, the Redeemed": 971, "Feather, the Redeemed_SB": 972, "Etali, Primal Conqueror_SB": 903, "Dewdrop Cure": 712, "Healer's Hawk": 1288, "Linden, the Steadfast Queen": 1658, "Rogue's Passage": 2310, "Ruin-Lurker Bat": 2327, "Afterburner Expert": 34, "Adorned Pouncer": 21, "Roadside Reliquary": 2298, "Nissa, Ascended Animist_SB": 1896, "Keruga, the Macrosage": 1527, "Twinshot Sniper": 2979, "Twinshot Sniper_SB": 2980, "Anzrag, the Quake-Mole": 89, "Satoru Umezawa": 2358, "Cry of the Carnarium": 600, "Kaya, Orzhov Usurper": 1509, "Calamity's Wake_SB": 380, "Out of Air_SB": 1985, "Spontaneous Mutation_SB": 2633, "Sunder the Gateway": 2700, "Knight of Grace": 1550, "Swan Song_SB": 2729, "Bladestitched Skaab": 243, "Lazotep Reaver": 1607, "Enduring Tenacity_SB": 876, "Rocketeer Boostbuggy": 2305, "Chandra, Spark Hunter_SB": 465, "Azor, the Lawbringer_SB": 166, "Phoenix Chick": 2057, "Mortify": 1827, "Gix's Command_SB": 1143, "Sorin the Mirthless_SB": 2582, "Fuel the Flames": 1074, "Graf Reaver_SB": 1210, "Kraul Whipcracker_SB": 1572, "Dive Down_SB": 736, "Fear of Impostors": 966, "Riptide Chimera": 2285, "Witchstalker_SB": 3207, "Demonic Bargain": 680, "Soul-Scar Mage_SB": 2592, "Blood Spatter Analysis": 263, "Osseous Sticktwister": 1977, "Korvold, Fae-Cursed King_SB": 1568, "Dive Down": 735, "Jace Reawakened_SB": 1451, "Blessed Defiance": 252, "Seasoned Hallowblade": 2410, "The Mycosynth Gardens": 2838, "Burning Earth_SB": 365, "Alrund's Epiphany": 59, "Loot, the Pathfinder": 1676, "Fugitive Codebreaker": 1076, "Tireless Tracker_SB": 2907, "Invasion of New Phyrexia_SB": 1429, "Tangled Florahedron": 2762, "Healer of the Glade_SB": 1287, "Tale's End_SB": 2751, "Gisa, the Hellraiser_SB": 1140, "Ride's End_SB": 2279, "Omen of the Sun_SB": 1958, "Seeker of the Way_SB": 2420, "Redcap Melee": 2219, "Forbidden Friendship": 1037, "Collective Effort_SB": 520, "Perilous Snare_SB": 2049, "Commence the Endgame_SB": 534, "Beseech the Mirror_SB": 220, "Setessan Champion": 2440, "Trapped in the Screen": 2949, "Trapped in the Screen_SB": 2950, "Cryptolith Rite": 606, "Bottomless Pool && Locker Room": 315, "Bottomless Pool && Locker Room_SB": 316, "Eidolon of Blossoms_SB": 823, "Knockout Blow": 1555, "Hidetsugu's Second Rite": 1322, "Incubation Druid": 1385, "Kaya the Inexorable": 1502, "Mistrise Village": 1802, "Ral Zarek": 2168, "Tamiyo, Field Researcher": 2759, "Kunoros, Hound of Athreos_SB": 1585, "Qarsi Revenant": 2138, "Qarsi Revenant_SB": 2139, "Tersa Lightshatter": 2799, "Dragonfire Blade": 761, "Lavaspur Boots_SB": 1602, "Descendant of Storms": 695, "Cease // Desist": 439, "Cram Session": 584, "Insatiable Avarice": 1401, "The Biblioplex": 2815, "Valgavoth's Onslaught": 3061, "Containment Breach_SB": 557, "Environmental Sciences_SB": 884, "Introduction to Annihilation_SB": 1424, "Mascot Exhibition_SB": 1737, "Pest Summoning_SB": 2054, "Elspeth, Storm Slayer": 849, "United Battlefront": 3024, "Voice of Victory": 3112, "Sunder the Gateway_SB": 2701, "Voice of Victory_SB": 3113, "Mox Jasper": 1836, "Mistrise Village_SB": 1803, "Caustic Exhale": 428, "Dispelling Exhale": 730, "Foul-Tongue Invocation": 1051, "Marang River Regent": 1722, "Scavenger Regent": 2374, "Silumgar's Scorn": 2503, "Caustic Exhale_SB": 429, "Strategic Betrayal_SB": 2680, "Cori-Steel Cutter": 566, "Wild Ride": 3188, "Cori-Steel Cutter_SB": 567, "Desperate Measures": 699, "Sunpearl Kirin": 2709, "Katilda, Dawnhart Prime": 1501, "Songcrafter Mage": 2579, "Militia Bugler_SB": 1781, "Rot-Curse Rakshasa": 2315, "History of Benalia": 1330, "Strategic Betrayal": 2679, "Treasure Map": 2956, "Archangel Elspeth": 105, "Painter's Studio && Defaced Gallery": 2016, "This Town Ain't Big Enough_SB": 2869, "Banishing Slash": 191, "Of One Mind": 1944, "Stormscale Scion": 2672, "Stormscale Scion_SB": 2673, "Jaya, Fiery Negotiator": 1463, "Gurmag Angler": 1244, "Cori Mountain Monastery": 565, "Warden of the Grove": 3150, "Surrak, Elusive Hunter_SB": 2725, "United Battlefront_SB": 3025, "Paradoxical Outcome_SB": 2024, "Icon of Ancestry": 1366, "Fire Prophecy": 1005, "Ghostly Pilferer": 1122, "White Sun's Twilight_SB": 3185, "Masked Vandal": 1738, "Fanatical Firebrand_SB": 953, "Scavenger's Talent_SB": 2376, "Runed Halo": 2332, "Shiko, Paragon of the Way": 2476, "Decadent Dragon_SB": 657, "Undead Sprinter_SB": 3009, "Boros Reckoner": 309}}