{"vocabulary": {"Agatha's Soul Cauldron": 39, "Blackcleave Cliffs": 237, "Blightstep Pathway": 256, "Blood Crypt": 262, "Bloodtithe Harvester": 275, "Cavern of Souls": 438, "Duress": 803, "Fable of the Mirror-Breaker": 935, "Fatal Push": 961, "Fear of Missing Out": 972, "Fountainport": 1058, "Hive of the Eye Tyrant": 1333, "Marvin, Murderous Mimic": 1739, "Mountain": 1836, "Mutavault": 1849, "Raucous Theater": 2190, "Sokenzan, Crucible of Defiance": 2576, "Swamp": 2729, "Takenuma, Abandoned Mire": 2750, "Thoughtseize": 2880, "Tree of Perdition": 2962, "Voldaren Thrillseeker": 3126, "Chandra's Defeat_SB": 459, "Duress_SB": 804, "Feed the Swarm_SB": 981, "Grafdigger's Cage_SB": 1215, "Hazoret the Fervent_SB": 1287, "Jegantha, the Wellspring_SB": 1464, "Ob Nixilis, the Adversary_SB": 1939, "Torch the Tower_SB": 2934, "Archon of Emeria": 118, "Aven Interrupter": 161, "Boseiju, Who Endures": 312, "Branchloft Pathway": 323, "Brushland": 354, "Collected Company": 518, "Dromoka's Command": 793, "Eiganjo, Seat of the Empire": 829, "Elite Spellbinder": 845, "Elvish Mystic": 857, "Enduring Innocence": 877, "Kellan, Daring Traveler": 1519, "Llanowar Elves": 1669, "Plains": 2086, "Razorverge Thicket": 2199, "Shefet Dunes": 2467, "Skyclave Apparition": 2537, "Temple Garden": 2779, "Thalia, Guardian of Thraben": 2809, "Virtue of Loyalty": 3101, "Werefox Bodyguard": 3180, "Anointed Peacekeeper_SB": 89, "Brutal Cathar_SB": 356, "Dromoka's Command_SB": 794, "Elite Spellbinder_SB": 846, "Gideon, Ally of Zendikar_SB": 1136, "Portable Hole_SB": 2103, "Unlicensed Hearse_SB": 3031, "Werefox Bodyguard_SB": 3181, "Atraxa, Grand Unifier": 149, "Battlefield Forge": 208, "Bitter Triumph": 235, "Castle Locthwain": 416, "Caves of Koilos": 440, "Cling to Dust": 511, "Elegant Parlor": 839, "Godless Shrine": 1201, "Overlord of the Balemurk": 2002, "Rite of the Moth": 2296, "Sacred Foundry": 2345, "Shattered Sanctum": 2464, "Sundown Pass": 2705, "Valgavoth, Terror Eater": 3065, "Vanishing Verse": 3079, "Dark Betrayal_SB": 624, "Fracture_SB": 1061, "Go Blank_SB": 1172, "Liliana of the Veil_SB": 1654, "Loran of the Third Path_SB": 1680, "Lost Legacy_SB": 1686, "Reckoner Bankbuster_SB": 2217, "Vanishing Verse_SB": 3080, "Charming Prince": 475, "Delney, Streetwise Lookout": 675, "Forest": 1044, "Hushwood Verge": 1365, "Knight of Autumn": 1546, "Lush Portico": 1701, "Parting Gust": 2031, "Prosperous Innkeeper": 2129, "Reidane, God of the Worthy": 2236, "Restless Prairie": 2265, "Sanguine Evangelist": 2359, "Toby, Beastie Befriender": 2921, "Voice of Resurgence": 3114, "Aven Interrupter_SB": 162, "Guardian of Faith_SB": 1244, "Rest in Peace_SB": 2260, "Yorion, Sky Nomad_SB": 3245, "Aloe Alchemist": 56, "Atarka's Command": 147, "Burning-Tree Emissary": 369, "Copperline Gorge": 566, "Cragcrown Pathway": 582, "Cunning Coyote": 612, "Heartfire Hero": 1293, "Karplusan Forest": 1497, "Kumano Faces Kakkazan": 1583, "Lightning Strike": 1650, "Monastery Swiftspear": 1821, "Monstrous Rage": 1823, "Play with Fire": 2088, "Ramunap Ruins": 2185, "Reckless Bushwhacker": 2209, "Stomping Ground": 2670, "Zurgo Bellstriker": 3273, "Destructive Revelry_SB": 707, "Magebane Lizard_SB": 1712, "Pick Your Poison_SB": 2075, "Pithing Needle_SB": 2085, "Redcap Melee_SB": 2224, "Rending Volley_SB": 2245, "Screaming Nemesis_SB": 2397, "Shapers' Sanctuary_SB": 2458, "Den of the Bugbear": 687, "Ghitu Lavarunner": 1119, "Light Up the Stage": 1641, "Screaming Nemesis": 2396, "Slickshot Show-Off": 2554, "Soul-Scar Mage": 2595, "Wizard's Lightning": 3217, "Pyroclasm_SB": 2141, "Urabrask's Forge_SB": 3050, "Castle Ardenvale": 412, "Deduce": 662, "Deserted Beach": 698, "Dovin's Veto": 757, "Farewell": 958, "Field of Ruin": 993, "Floodfarm Verge": 1026, "Get Lost": 1111, "Hall of Storm Giants": 1255, "Hallowed Fountain": 1256, "Hengegate Pathway": 1308, "High Noon": 1327, "Island": 1442, "March of Otherworldly Light": 1728, "Memory Deluge": 1762, "Narset, Parter of Veils": 1867, "No More Lies": 1911, "Otawara, Soaring City": 1985, "Portable Hole": 2102, "Restless Anchorage": 2261, "Sunken Citadel": 2709, "Supreme Verdict": 2720, "Teferi, Hero of Dominaria": 2775, "The Wandering Emperor": 2854, "Three Steps Ahead": 2890, "Aether Gust_SB": 28, "Beza, the Bounding Spring_SB": 225, "Dovin's Veto_SB": 758, "Farewell_SB": 959, "Hullbreaker Horror_SB": 1361, "Kaheera, the Orphanguard_SB": 1478, "Mystical Dispute_SB": 1855, "Narset, Parter of Veils_SB": 1868, "Beza, the Bounding Spring": 224, "Bitter Reunion": 234, "Bonny Pall, Clearcutter": 298, "Breeding Pool": 333, "Chained to the Rocks": 452, "Elesh Norn, Mother of Machines": 842, "Enigmatic Incarnation": 882, "Glasspool Mimic": 1152, "Heliod, the Radiant Dawn": 1303, "Indatha Triome": 1387, "Jetmir's Garden": 1466, "Ketria Triome": 1532, "Kutzil's Flanker": 1587, "Leyline Binding": 1622, "Lightning Helix": 1647, "Nylea's Presence": 1934, "Overlord of the Boilerbilges": 2004, "Overlord of the Hauntwoods": 2007, "Raugrin Triome": 2191, "Roaring Furnace && Steaming Sauna": 2304, "Spara's Headquarters": 2602, "Thornspire Verge": 2874, "Titan of Industry": 2914, "Torch the Tower": 2933, "Up the Beanstalk": 3047, "Archon of Emeria_SB": 119, "Chandra, Awakened Inferno_SB": 462, "Elspeth Conquers Death_SB": 847, "High Noon_SB": 1328, "Knockout Blow_SB": 1556, "Nimble Larcenist_SB": 1896, "Tyvar, the Pummeler": 2994, "Parting Gust_SB": 2032, "Concealed Courtyard": 543, "Greasefang, Okiba Boss": 1226, "Kroxa, Titan of Death's Hunger": 1581, "Parhelion II": 2030, "Skysovereign, Consul Flagship": 2544, "Elesh Norn, Mother of Machines_SB": 843, "Kutzil's Flanker_SB": 1588, "Arclight Phoenix": 122, "Brazen Borrower": 328, "Consider": 552, "Fiery Impulse": 998, "Into the Flood Maw": 1419, "Ledger Shredder": 1611, "Lightning Axe": 1645, "Opt": 1971, "Picklock Prankster": 2076, "Proft's Eidetic Memory": 2122, "Riverglide Pathway": 2299, "Sleight of Hand": 2551, "Spell Pierce": 2610, "Spirebluff Canal": 2629, "Steam Vents": 2658, "Stormcarved Coast": 2674, "Treasure Cruise": 2960, "Abrade_SB": 4, "Annul_SB": 85, "Brotherhood's End_SB": 353, "Crackling Drake_SB": 580, "Negate_SB": 1878, "Third Path Iconoclast_SB": 2869, "Archfiend of the Dross": 114, "Blooming Marsh": 278, "Brightclimb Pathway": 337, "Cache Grab": 378, "Darkbore Pathway": 627, "Esika's Chariot": 898, "Mana Confluence": 1720, "Overgrown Tomb": 2000, "Raffine's Informant": 2160, "Sentinel of the Nameless City": 2436, "Traverse the Ulvenwald": 2957, "Witherbloom Command": 3210, "Deafening Silence_SB": 649, "Fatal Push_SB": 962, "Scrapshooter_SB": 2393, "Sheoldred, the Apocalypse_SB": 2474, "Temporary Lockdown_SB": 2792, "Bloodletter of Aclazotz": 270, "Go for the Throat": 1174, "Graveyard Trespasser": 1223, "Invoke Despair": 1435, "Reckoner Bankbuster": 2216, "Sheoldred's Edict": 2471, "Unholy Annex && Ritual Chamber": 3022, "Unstoppable Slasher": 3037, "Urborg, Tomb of Yawgmoth": 3053, "Ashiok, Dream Render_SB": 134, "Caustic Bronco_SB": 429, "Cut Down_SB": 621, "Invoke Despair_SB": 1436, "March of Wretched Sorrow_SB": 1733, "Misery's Shadow_SB": 1802, "The Meathook Massacre_SB": 2838, "Artist's Talent": 128, "Brazen Borrower_SB": 329, "Anoint with Affliction": 86, "Path of Peril_SB": 2037, "Adarkar Wastes": 19, "Adeline, Resplendent Cathar": 20, "Brutal Cathar": 355, "Coppercoat Vanguard": 565, "Dauntless Bodyguard": 630, "Hopeful Initiate": 1345, "Mockingbird": 1810, "Recruitment Officer": 2221, "Seachrome Coast": 2401, "Thalia's Lieutenant": 2808, "Veteran Survivor": 3094, "Declaration in Stone_SB": 661, "Reflector Mage_SB": 2228, "Wedding Announcement_SB": 3176, "Anger of the Gods_SB": 75, "Beacon Bolt_SB": 209, "Young Pyromancer_SB": 3251, "Cavalier of Thorns": 434, "Invasion of Ixalan": 1428, "Kiora, Behemoth Beckoner": 1536, "Lair of the Hydra": 1593, "Leyline of the Guildpact": 1631, "Nykthos, Shrine to Nyx": 1932, "Oath of Nissa": 1936, "Old-Growth Troll": 1954, "Outcaster Trailblazer": 1991, "Storm the Festival": 2673, "Ulvenwald Oddity": 3003, "Cityscape Leveler_SB": 496, "Emrakul, the Promised End_SB": 869, "Polukranos Reborn_SB": 2096, "Setessan Petitioner_SB": 2444, "The Stone Brain_SB": 2853, "Go for the Throat_SB": 1175, "Withering Torment_SB": 3213, "Fable of the Mirror-Breaker_SB": 936, "Archdruid's Charm": 110, "Bala Ged Recovery": 178, "Dark Petition": 625, "Emergent Ultimatum": 864, "Fae of Wishes": 944, "Hidden Strings": 1321, "Lier, Disciple of the Drowned": 1635, "Lotus Field": 1690, "Omniscience": 1965, "Pore Over the Pages": 2099, "Soul Partition": 2589, "Strict Proctor": 2685, "Sylvan Scrying": 2743, "Thespian's Stage": 2860, "Vizier of Tumbling Sands": 3112, "Approach of the Second Sun_SB": 95, "Emergent Ultimatum_SB": 865, "Languish_SB": 1596, "Nine Lives_SB": 1898, "Silence_SB": 2504, "Sphinx of the Final Word_SB": 2617, "Thought Distortion_SB": 2876, "Anointed Peacekeeper": 88, "Blazemire Verge": 248, "Haunted Ridge": 1281, "Heartless Act": 1295, "Sulfurous Springs": 2697, "Anoint with Affliction_SB": 87, "Damping Sphere_SB": 623, "Hidetsugu Consumes All_SB": 1323, "Abhorrent Oculus": 1, "Shivan Reef": 2482, "Stern Dismissal": 2663, "Prismari Command_SB": 2118, "Stern Dismissal_SB": 2664, "Enduring Curiosity": 875, "Invasion of Gobakhan": 1426, "Mausoleum Wanderer": 1750, "Rattlechains": 2189, "Sheltered by Ghosts": 2469, "Spell Queller": 2612, "Supreme Phantom": 2719, "Wedding Announcement": 3175, "Disdainful Stroke_SB": 726, "Enduring Innocence_SB": 878, "Get Lost_SB": 1112, "Ghost Vacuum_SB": 1122, "Skyclave Apparition_SB": 2538, "Split Up_SB": 2636, "Three Steps Ahead_SB": 2891, "Bonecrusher Giant": 295, "Castle Embereth": 414, "Witchstalker Frenzy": 3207, "Case of the Crimson Pulse_SB": 403, "Rampaging Ferocidon_SB": 2183, "Roiling Vortex_SB": 2315, "Witchstalker Frenzy_SB": 3208, "Agent of Treachery": 41, "Entity Tracker": 885, "Hinterland Harbor": 1330, "Sanctuary Warden": 2354, "Trumpeting Carnosaur": 2973, "Zagoth Triome": 3256, "Deafening Clarion_SB": 648, "Krenko's Buzzcrusher_SB": 1575, "Ruric Thar, the Unbowed_SB": 2338, "Clearwater Pathway": 506, "Darkslick Shores": 628, "Faerie Miscreant": 949, "Floodpits Drowner": 1027, "Gloomlake Verge": 1162, "Kaito Shizuki": 1479, "Kaito, Bane of Nightmares": 1481, "Moon-Circuit Hacker": 1828, "Ornithopter": 1978, "Watery Grave": 3167, "Aclazotz, Deepest Betrayal_SB": 15, "Dokuchi Silencer_SB": 743, "Spell Pierce_SB": 2611, "Callous Sell-Sword": 386, "Claim // Fame": 498, "Dreadmaw's Ire": 780, "Emberheart Challenger": 863, "Infuriate": 1395, "Manifold Mouse": 1723, "Claim // Fame_SB": 499, "Reckless Rage_SB": 2213, "Sheoldred's Edict_SB": 2472, "Thoughtseize_SB": 2881, "Molten Collapse": 1815, "Extinction Event_SB": 928, "Unholy Annex && Ritual Chamber_SB": 3023, "Censor": 450, "Change the Equation": 470, "Elspeth, Sun's Champion_SB": 853, "Enduring Curiosity_SB": 876, "Shark Typhoon_SB": 2462, "Bitter Triumph_SB": 236, "Kolaghan's Command_SB": 1563, "Inti, Seneschal of the Sun": 1416, "Rockface Village": 2310, "Thassa's Oracle_SB": 2814, "Case of the Gateway Express": 405, "Gleeful Demolition": 1154, "Imodane's Recruiter": 1377, "Inspiring Vantage": 1412, "Knight-Errant of Eos": 1553, "Needleverge Pathway": 1876, "Novice Inspector": 1921, "Resolute Reinforcements": 2255, "Thraben Inspector": 2885, "Venerated Loxodon": 3089, "Voldaren Epicure": 3125, "Warden of the Inner Sky": 3154, "Invasion of Gobakhan_SB": 1427, "Reidane, God of the Worthy_SB": 2237, "Deathrite Shaman": 655, "Forsaken Miner": 1047, "Insidious Roots": 1408, "Priest of Forgotten Gods": 2115, "Rubblebelt Maverick": 2328, "Scrapheap Scrounger": 2391, "Stitcher's Supplier": 2666, "Tyvar, Jubilant Brawler": 2993, "Agatha's Soul Cauldron_SB": 40, "Back to Nature_SB": 174, "Fog_SB": 1035, "Leyline of the Void_SB": 1633, "Outland Liberator": 1992, "Outland Liberator_SB": 1993, "Satoru, the Infiltrator": 2362, "Underground River": 3016, "Skewer the Critics": 2528, "Spikefield Hazard": 2623, "End the Festivities_SB": 872, "Goblin Chainwhirler_SB": 1181, "Kari Zev's Expertise_SB": 1494, "Razorkin Needlehead_SB": 2196, "Sunspine Lynx_SB": 2718, "Case of the Stashed Skeleton": 407, "Extinction Event": 927, "Hidetsugu Consumes All": 1322, "Ob Nixilis, the Adversary": 1938, "Transmogrify": 2953, "Volcanic Spite": 3123, "Untimely Malfunction_SB": 3043, "Arasta of the Endless Web_SB": 101, "Nylea's Intervention_SB": 1933, "Obstinate Baloth_SB": 1945, "Polukranos Reborn": 2095, "Skysovereign, Consul Flagship_SB": 2545, "Split Up": 2635, "Kalitas, Traitor of Ghet": 1485, "March of Wretched Sorrow": 1732, "The Wandering Emperor_SB": 2855, "Kolaghan's Command": 1562, "Sheoldred, the Apocalypse": 2473, "Chandra, Torch of Defiance_SB": 469, "Glarb, Calamity's Augur": 1148, "Kroxa and Kunoros": 1580, "Nowhere to Run": 1922, "Noxious Gearhulk": 1924, "Overlord of the Floodpits": 2006, "Zur, Eternal Schemer": 3271, "Glistening Deluge_SB": 1161, "Arboreal Grazer": 102, "Chandra, Hope's Beacon": 465, "Impulse": 1385, "Grand Abolisher_SB": 1217, "Leyline of Sanctity_SB": 1630, "Arabella, Abandoned Doll": 97, "Embercleave": 861, "The Wandering Rescuer": 2856, "Destroy Evil_SB": 706, "Thalia, Guardian of Thraben_SB": 2810, "Tormod's Crypt_SB": 2938, "Ancestral Anger": 67, "Reckless Rage": 2212, "Titan's Strength": 2916, "Geier Reach Sanitarium": 1105, "Horned Loch-Whale": 1348, "Meticulous Archive": 1776, "Shark Typhoon": 2461, "Abrupt Decay": 5, "Aftermath Analyst": 36, "Altanak, the Thrice-Called": 62, "Brokers Hideout": 350, "Castle Garenbrig": 415, "Festering Gulch": 990, "Lotus Cobra": 1689, "Lumra, Bellow of the Woods": 1698, "Nissa, Resurgent Animist": 1902, "Obscura Storefront": 1944, "Pillage the Bog": 2081, "Port of Karfell": 2101, "Riveteers Overlook": 2301, "Spelunking": 2615, "Culling Ritual_SB": 610, "Into the Flood Maw_SB": 1420, "Noxious Grasp_SB": 1926, "Swan Song_SB": 2731, "Botanical Sanctum": 315, "Dig Through Time": 718, "Niv-Mizzet, Parun": 1906, "Wish": 3203, "Aetherflux Reservoir_SB": 31, "Boseiju, Who Endures_SB": 313, "Galvanic Iteration_SB": 1088, "Lier, Disciple of the Drowned_SB": 1636, "Niv-Mizzet, Parun_SB": 1907, "Thespian's Stage_SB": 2861, "Cathar Commando_SB": 423, "Audacity": 154, "Blossoming Defense": 279, "Questing Druid": 2148, "Collision // Colossus_SB": 526, "Innkeeper's Talent_SB": 1399, "Nahiri, the Harbinger_SB": 1860, "Acererak the Archlich": 13, "Ertai Resurrected": 894, "Honest Rutstein": 1340, "Lazav, the Multifarious": 1607, "Nashi, Searcher in the Dark": 1869, "Plaza of Heroes": 2091, "Raffine's Tower": 2161, "Relic of Legends": 2240, "Rona, Herald of Invasion": 2317, "Slogurk, the Overslime": 2559, "Teshar, Ancestor's Apostle": 2803, "Titania, Voice of Gaea": 2917, "Xander's Lounge": 3234, "Ziatora's Proving Ground": 3264, "Anafenza, the Foremost_SB": 65, "Ertai Resurrected_SB": 895, "Nicol Bolas, the Ravager_SB": 1887, "Talion, the Kindly Lord_SB": 2756, "Titania, Voice of Gaea_SB": 2918, "Heartless Act_SB": 1296, "Virtue of Persistence_SB": 3104, "Nine Lives": 1897, "Peer into the Abyss": 2048, "Narset's Reversal_SB": 1865, "Otawara, Soaring City_SB": 1986, "Voyaging Satyr_SB": 3137, "Zacama, Primal Calamity_SB": 3254, "Cruelclaw's Heist_SB": 596, "The End_SB": 2826, "Mirrorshell Crab": 1798, "Omen Hawker": 1956, "The Enigma Jewel": 2827, "Unable to Scream": 3006, "Change the Equation_SB": 471, "Fading Hope_SB": 943, "Angel of Serenity": 71, "Moon-Blessed Cleric": 1826, "Sunpetal Grove": 2713, "Sprite Dragon": 2643, "Cryptic Coat": 605, "Darksteel Citadel": 629, "Ensoul Artifact": 883, "Legion Extruder": 1615, "Shadowspear": 2451, "Shrapnel Blast": 2493, "Smuggler's Copter": 2564, "Spyglass Siren": 2644, "Zoetic Glyph": 3266, "Voltage Surge_SB": 3130, "Selfless Spirit": 2433, "Nahiri, the Harbinger": 1859, "Cut Down": 620, "Fabled Passage": 937, "Feed the Cycle": 978, "Fires of Victory": 1011, "Indomitable Creativity": 1388, "Koma, Cosmos Serpent": 1564, "Negate": 1877, "Phantom Interference": 2059, "Prismari Command": 2117, "Pyroclasm": 2140, "Valakut Awakening": 3061, "Dig Through Time_SB": 719, "Behold the Beyond": 216, "Solemnity_SB": 2580, "Jwari Disruption": 1475, "The Filigree Sylex_SB": 2829, "Thing in the Ice_SB": 2866, "Temporary Lockdown": 2791, "Legion's End_SB": 1618, "Elder Gargaroth": 831, "Fires of Invention": 1010, "Kenrith, the Returned King": 1525, "Marina Vendrell": 1736, "Tolsimir, Friend to Wolves": 2925, "Touch the Spirit Realm": 2942, "Keruga, the Macrosage_SB": 1528, "Koma, Cosmos Serpent_SB": 1565, "Deputy of Detention": 694, "Omen of the Sea": 1960, "Path to the World Tree": 2038, "Settle the Wreckage": 2446, "Tranquil Frillback": 2950, "Azor, the Lawbringer_SB": 169, "Legion Loyalist": 1617, "Cindervines_SB": 491, "Pawpatch Formation_SB": 2043, "All That Glitters": 54, "Ethereal Armor": 907, "Gladecover Scout": 1146, "Gryff's Boon": 1242, "Light-Paws, Emperor's Voice": 1644, "Sentinel's Eyes": 2438, "Shardmage's Rescue": 2459, "Skrelv, Defector Mite": 2532, "Sram, Senior Edificer": 2648, "Toadstool Admirer": 2920, "Karametra's Blessing_SB": 1493, "Kaya's Ghostform_SB": 1505, "Skrelv, Defector Mite_SB": 2533, "Brave the Elements": 326, "Kytheon, Hero of Akros": 1592, "Ossification": 1982, "Ratchet Bomb_SB": 2188, "Ascendant Spirit": 129, "Faceless Haven": 939, "Lofty Denial": 1672, "Nebelgast Herald": 1871, "Patrician Geist": 2040, "Shacklegeist": 2448, "Snow-Covered Island": 2571, "Spectral Sailor": 2608, "Blue Sun's Twilight_SB": 284, "Exclusion Mage_SB": 912, "Unsubstantiate_SB": 3040, "Giant Killer": 1127, "Hallowed Moonlight": 1257, "Drown in the Loch": 797, "Faerie Mastermind": 947, "Restless Reef": 2266, "Soaring Thought-Thief": 2575, "Thieves' Guild Enforcer": 2863, "Kaito Shizuki_SB": 1480, "Kaito, Bane of Nightmares_SB": 1482, "Thalia, Heretic Cathar": 2811, "Castle Ardenvale_SB": 413, "Sheltered by Ghosts_SB": 2470, "Tocasia's Welcome_SB": 2922, "Collective Brutality": 520, "Knight of Autumn_SB": 1547, "Dreadhorde Arcanist": 776, "Break Out": 330, "Footfall Crater": 1038, "Omnivorous Flytrap": 1966, "Patchwork Beastie": 2035, "Seed of Hope": 2420, "Wildfire Wickerfolk": 3193, "Haywire Mite_SB": 1285, "Migloz, Maze Crusher_SB": 1783, "Sunfall": 2706, "Can't Stay Away": 390, "Faithful Mending": 950, "Otherworldly Gaze": 1988, "Stubborn Denial": 2689, "Zoraline, Cosmos Caller": 3269, "Fragmentize_SB": 1062, "Void Rend_SB": 3120, "Banefire_SB": 187, "Metallic Rebuke": 1771, "Bolas's Citadel": 285, "Catacomb Sifter": 420, "Gilded Goose": 1139, "Mayhem Devil": 1753, "Woe Strider": 3218, "Abrupt Decay_SB": 6, "Necromentia_SB": 1873, "Status // Statue_SB": 2656, "Galvanic Iteration": 1087, "Temporal Trespass": 2789, "Proft's Eidetic Memory_SB": 2123, "Snow-Covered Mountain": 2572, "Fiery Impulse_SB": 999, "Cauldron Familiar": 427, "Claim the Firstborn": 500, "Deadly Dispute": 646, "Rottenmouth Viper": 2321, "Sawblade Skinripper": 2371, "Scavenger's Talent": 2379, "Witch's Oven": 3205, "Claim the Firstborn_SB": 501, "Molten Collapse_SB": 1816, "Keen-Eyed Curator": 1517, "Kraul Harpooner_SB": 1572, "Yasharn, Implacable Earth_SB": 3240, "Turn Inside Out": 2977, "Rockface Village_SB": 2311, "Unlucky Witness": 3033, "Ygra, Eater of All": 3242, "Absorb": 7, "Castle Vantress": 418, "Glacial Fortress": 1145, "Irrigated Farmland": 1440, "Test of Talents": 2804, "Abuelo's Awakening": 8, "Emeria's Call": 866, "Fallaji Archaeologist": 952, "Sea Gate Restoration": 2399, "Thirst for Meaning": 2871, "Chrome Host Seedshark_SB": 487, "Elspeth's Smite_SB": 850, "Settle the Wreckage_SB": 2447, "Supreme Verdict_SB": 2721, "Silver-Fur Master": 2509, "Floodpits Drowner_SB": 1028, "Case of the Filched Falcon": 404, "Gleaming Geardrake": 1153, "Lost Jitte": 1685, "The Akroan War_SB": 2817, "Kari Zev, Skyship Raider": 1495, "Lay Down Arms": 1605, "The Celestus": 2822, "Divine Smite_SB": 740, "Misery's Shadow": 1801, "The Meathook Massacre": 2837, "Cry of the Carnarium_SB": 602, "Monstrous Emergence_SB": 1822, "Bloodsoaked Champion": 272, "Dire Tactics": 723, "General Kudro of Drannith": 1108, "Jirina, Dauntless General": 1469, "Containment Priest_SB": 561, "Graveyard Trespasser_SB": 1224, "Kambal, Consul of Allocation_SB": 1488, "Blade of the Oni": 242, "Lightning Axe_SB": 1646, "Glimmerburst": 1155, "Make Disappear": 1715, "Mirrex": 1795, "Portal to Phyrexia": 2105, "Fires of Victory_SB": 1012, "Memory Deluge_SB": 1763, "Mirrex_SB": 1796, "Test of Talents_SB": 2805, "Blade of the Oni_SB": 243, "Ray of Enfeeblement_SB": 2193, "Demilich": 677, "Metamorphic Alteration_SB": 1775, "Gwenna, Eyes of Gaea": 1249, "Kinnan, Bonder Prodigy": 1534, "Assassin's Trophy_SB": 143, "Tranquil Frillback_SB": 2951, "Bring to Light": 343, "Deafening Clarion": 647, "Hostage Taker": 1351, "Klothys, God of Destiny": 1544, "Niv-Mizzet Reborn": 1905, "Niv-Mizzet, Supreme": 1908, "Omnath, Locus of Creation": 1963, "Savai Triome": 2365, "Sylvan Caryatid": 2739, "Unmoored Ego": 3034, "Valki, God of Lies": 3068, "Casualties of War_SB": 419, "Notion Thief_SB": 1920, "Alpha Authority": 57, "Cartouche of Solidarity": 400, "Optimistic Scavenger": 1972, "Warbriar Blessing": 3152, "Tamiyo's Safekeeping_SB": 2758, "Caretaker's Talent": 395, "Carrot Cake": 399, "Overlord of the Mistmoors": 2008, "Heliod's Intervention_SB": 1301, "Sunfall_SB": 2707, "Liliana of the Veil": 1653, "Agent of Treachery_SB": 42, "Nezahal, Primal Tide_SB": 1881, "Isolate_SB": 1444, "Nowhere to Run_SB": 1923, "Deep-Cavern Bat": 663, "Woodland Cemetery": 3223, "Virulent Plague_SB": 3106, "Bonecrusher Giant_SB": 296, "Chandra, Dressed to Kill_SB": 464, "Cityscape Leveler": 495, "Fog": 1034, "Hedge Maze": 1297, "Temple of Mystery": 2785, "Dragonlord Dromoka_SB": 766, "Kaito, Dancing Shadow_SB": 1484, "Demonic Counsel": 682, "Doomsday Excruciator": 751, "Drowned Catacomb": 798, "Jace, the Perfected Mind": 1459, "Undercity Sewers": 3014, "Ashiok, Nightmare Muse_SB": 136, "Blast Zone": 246, "Demolition Field": 679, "The End": 2825, "Shadowy Backstreet": 2453, "Detention Sphere": 709, "Haywire Mite": 1284, "Trostani, Three Whispers": 2972, "Cave of the Frost Dragon": 436, "Loran of the Third Path": 1679, "Authority of the Consuls_SB": 159, "Barkchannel Pathway": 198, "Ruric Thar, the Unbowed": 2337, "Wolfwillow Haven": 3220, "Klothys, God of Destiny_SB": 1545, "Aclazotz, Deepest Betrayal": 14, "Bandit's Talent": 184, "Go Blank": 1171, "Waste Not": 3162, "Deadly Cover-Up_SB": 645, "Hostile Investigator_SB": 1354, "Kalitas, Traitor of Ghet_SB": 1486, "Curious Obsession": 617, "Geistlight Snare": 1106, "Cryptic Coat_SB": 606, "Faceless Haven_SB": 940, "Lofty Denial_SB": 1673, "Unable to Scream_SB": 3007, "Flip the Switch": 1025, "Ill-Timed Explosion": 1372, "Lazotep Plating": 1608, "The Akroan War": 2816, "Unauthorized Exit": 3008, "Lithomantic Barrage_SB": 1666, "Anger of the Gods": 74, "Roaring Furnace && Steaming Sauna_SB": 2305, "Royal Treatment": 2325, "Royal Treatment_SB": 2326, "Dazzling Reflection_SB": 641, "Kutzil, Malamet Exemplar_SB": 1590, "Ahn-Crop Crasher_SB": 44, "Voracious Hydra_SB": 3133, "Dream Trawler": 784, "Baneslayer Angel_SB": 189, "Discontinuity": 724, "Dream Trawler_SB": 785, "Surge of Righteousness_SB": 2722, "Lightning Helix_SB": 1648, "Deathcap Glade": 651, "Maskwood Nexus": 1742, "Masked Vandal_SB": 1741, "Arid Archway": 123, "Blue Sun's Twilight": 283, "Clifftop Lookout": 509, "Conduit Pylons": 548, "Dreamdew Entrancer": 786, "Dreamroot Cascade": 787, "Fading Hope": 942, "Fecund Greenshell": 976, "Insidious Fungus": 1407, "Ipnu Rivulet": 1437, "Outcaster Greenblade": 1990, "Pawpatch Formation": 2042, "Spinewoods Armadillo": 2625, "Highway Robbery": 1329, "The World Tree": 2859, "Assemble the Players": 145, "Scavenging Ooze": 2380, "Scavenging Ooze_SB": 2381, "Shipwreck Marsh": 2480, "Ledger Shredder_SB": 1612, "Kaya the Inexorable": 1502, "Krenko's Buzzcrusher": 1574, "Scorching Dragonfire": 2382, "Despise": 701, "Elvish Rejuvenator": 858, "Glimpse the Core": 1157, "Sanctum of Ugin": 2355, "Say Its Name": 2372, "Shrine of the Forsaken Gods": 2496, "Ugin, the Spirit Dragon": 2996, "Ulamog, the Ceaseless Hunger": 2998, "World Breaker": 3225, "Spatial Contortion_SB": 2604, "Emry, Lurker of the Loch": 870, "Jeskai Ascendancy": 1465, "Lavaspur Boots": 1602, "Mishra's Research Desk": 1804, "Mox Amber": 1838, "Restless Spire": 2268, "Retraction Helix": 2271, "Tormod's Crypt": 2937, "Surge of Salvation_SB": 2724, "Biting-Palm Ninja": 231, "Dokuchi Silencer": 742, "Thousand-Faced Shadow": 2883, "Prosperous Thief": 2131, "Nimble Larcenist": 1895, "Sulfur Falls": 2696, "Entity Tracker_SB": 886, "Linvala, the Preserver_SB": 1662, "March of Otherworldly Light_SB": 1729, "Marina Vendrell_SB": 1737, "Metamorphic Alteration": 1774, "Unmoored Ego_SB": 3035, "Restless Vents": 2269, "Shivan Devastator": 2481, "Roaring Furnace // Steaming Sauna": 2306, "Withering Torment": 3212, "Unholy Annex // Ritual Chamber": 3024, "Avabruck Caretaker": 160, "Starfield of Nyx": 2653, "Angel of Serenity_SB": 72, "Demon of Dark Schemes_SB": 680, "Harvester of Misery_SB": 1274, "Progenitor Mimic_SB": 2125, "Sire of Insanity_SB": 2524, "Valki, God of Lies_SB": 3069, "Defabricate": 668, "Rewind": 2278, "Valgavoth, Terror Eater_SB": 3066, "Soul Partition_SB": 2590, "Extract the Truth_SB": 930, "Lion Sash": 1663, "Archon of Absolution_SB": 117, "Garruk's Harbinger_SB": 1092, "Sandstalker Moloch_SB": 2356, "Nahiri, the Unforgiving": 1861, "Diamond Pick-Axe": 715, "Thundering Falls": 2900, "Stubborn Denial_SB": 2690, "Experimental Confectioner": 922, "Trail of Crumbs": 2947, "Elspeth, Sun's Champion": 852, "Furnace Reins_SB": 1081, "Deadly Cover-Up": 644, "Shambling Vent": 2457, "Blood Baron of Vizkopa_SB": 261, "Weathered Runestone_SB": 3172, "Liliana, Death's Majesty": 1655, "Atraxa, Grand Unifier_SB": 150, "Unholy Annex // Ritual Chamber_SB": 3025, "Grisly Salvage": 1234, "Sorin, Vengeful Bloodlord": 2587, "Aetherflux Reservoir": 30, "Cathartic Pyre": 425, "Elder Gargaroth_SB": 832, "Grand Abolisher": 1216, "Portent Tracker": 2107, "Tear Asunder_SB": 2771, "Bishop of Wings": 230, "Giada, Font of Hope": 1124, "Inspiring Overseer": 1411, "Kayla's Reconstruction": 1512, "Leyline of Hope": 1626, "Metropolis Reformer": 1777, "Resplendent Angel": 2257, "Righteous Valkyrie": 2285, "Surge of Salvation": 2723, "Dawn's Truce_SB": 633, "Ancient Cornucopia": 68, "Dragonskull Summit": 767, "Isolated Chapel": 1445, "Rootbound Crag": 2318, "Kambal, Profiteering Mayor_SB": 1489, "Charge Through": 474, "Chord of Calling": 484, "Fight as One": 1002, "Gods Willing": 1202, "Illuminator Virtuoso": 1375, "Leonin Lightscribe": 1620, "March of Burgeoning Life": 1727, "Overgrown Farmland": 1999, "Season of Growth": 2411, "Tamiyo's Safekeeping": 2757, "Unwanted Remake": 3044, "Venerated Rotpriest": 3090, "Warriors' Lesson": 3160, "Collected Company_SB": 519, "Moon-Blessed Cleric_SB": 1827, "Silverfur Partisan_SB": 2513, "Thalia, Heretic Cathar_SB": 2812, "Scorching Dragonfire_SB": 2383, "Hostile Investigator": 1353, "Restless Cottage": 2263, "Glissa Sunslayer_SB": 1160, "Mogis, God of Slaughter_SB": 1813, "Bedevil": 214, "Eldritch Evolution": 836, "Gala Greeters": 1085, "Jinnie Fay, Jetmir's Second": 1468, "Act of Treason_SB": 16, "Heroic Intervention_SB": 1316, "Urabrask's Forge": 3049, "Consecrate // Consume_SB": 551, "Summary Dismissal_SB": 2700, "Archfiend of the Dross_SB": 115, "Bloody Betrayal_SB": 276, "Knight of Grace_SB": 1551, "Evolved Sleeper": 909, "Tomik, Wielder of Law": 2929, "Sorin, Vengeful Bloodlord_SB": 2588, "Up the Beanstalk_SB": 3048, "Flicker of Fate": 1022, "Kroxa, Titan of Death's Hunger_SB": 1582, "Flamecache Gecko": 1017, "Gev, Scaled Scorch": 1115, "Hired Claw": 1331, "Iridescent Vinelasher": 1439, "Okiba Reckoner Raid": 1953, "Sweltering Suns_SB": 2733, "Commercial District": 538, "Silundi Vision": 2507, "Brimaz, King of Oreskos_SB": 340, "Yasharn, Implacable Earth": 3239, "Reckless Stormseeker": 2214, "Saheeli, Sublime Artificer_SB": 2347, "Cacophony Scamp": 380, "Felonious Rage": 986, "Leyline of Resonance": 1627, "Might of the Meek": 1781, "Slickshot Show-Off_SB": 2555, "Doppelgang": 755, "Lush Oasis": 1700, "Thrun, Breaker of Silence_SB": 2895, "Cabaretti Courtyard": 377, "Broken Bond_SB": 349, "Cosmic Rebirth_SB": 573, "Mazemind Tome": 1755, "Mazemind Tome_SB": 1756, "Dragonlord Dromoka": 765, "Ghalta, Stampede Tyrant": 1118, "Smuggler's Surprise": 2565, "Velomachus Lorehold": 3086, "Realm-Cloaked Giant_SB": 2204, "Tyrranax Rex_SB": 2991, "Ashen Rider": 130, "Combustible Gearhulk": 534, "Bonny Pall, Clearcutter_SB": 299, "Borborygmos Enraged_SB": 306, "Massacre Wurm_SB": 1745, "Rakdos, the Showstopper_SB": 2171, "Day's Undoing": 638, "Founding the Third Path": 1055, "Hooting Mandrills": 1343, "Neoform": 1879, "No One Left Behind": 1913, "Tasigur, the Golden Fang": 2769, "Underground Mortuary": 3015, "Thundertrap Trainer": 2901, "Yavimaya Coast": 3241, "Tolarian Terror_SB": 2924, "Oracle of Tragedy": 1974, "Splitskin Doll": 2637, "Lion Sash_SB": 1664, "Caustic Bronco": 428, "Extraction Specialist": 931, "Luminarch Aspirant": 1697, "Extraction Specialist_SB": 932, "Witherbloom Command_SB": 3211, "Hexgold Halberd_SB": 1318, "Collision // Colossus": 525, "Pawpatch Recruit": 2044, "Snakeskin Veil": 2567, "Elspeth's Smite": 849, "Lotus Field_SB": 1691, "Werewolf Pack Leader": 3182, "Vivien, Monsters' Advocate_SB": 3111, "Temporal Trespass_SB": 2790, "Declaration in Stone": 660, "Devouring Light_SB": 711, "Access Tunnel": 12, "Yorion, Sky Nomad": 3244, "Blot Out_SB": 282, "Slip Out the Back": 2556, "Shakedown Heavy": 2454, "Welcoming Vampire": 3178, "Llanowar Wastes": 1671, "Vinereap Mentor": 3098, "Mountain_SB": 1837, "Kellan, Inquisitive Prodigy": 1520, "Restless Vinestalk": 2270, "Scavenger Grounds": 2376, "Reclamation Sage_SB": 2219, "Colossal Skyturtle": 528, "Joint Exploration": 1471, "Realm-Cloaked Giant": 2203, "Sweltering Suns": 2732, "Experimental Synthesizer": 924, "Obosh, the Preypiercer_SB": 1943, "Unchained Berserker_SB": 3010, "Cling to Dust_SB": 512, "Zareth San, the Trickster_SB": 3259, "Annihilating Glare": 83, "Charred Foyer && Warped Space_SB": 477, "Prairie Stream": 2111, "Teferi, Hero of Dominaria_SB": 2776, "Dreadmaw's Ire_SB": 781, "Obliterating Bolt_SB": 1941, "Beanstalk Giant": 210, "Clever Impersonator": 507, "Greater Tanuki": 1228, "Quintorius Kand": 2154, "Spark Double": 2603, "Virtue of Persistence": 3103, "Bedeck // Bedazzle_SB": 213, "Consign // Oblivion_SB": 554, "Gyruda, Doom of Depths_SB": 1251, "Forge Devil_SB": 1046, "Lovestruck Beast": 1692, "The Huntsman's Redemption": 2833, "Annul": 84, "Ashen Rider_SB": 131, "Carnage Tyrant_SB": 398, "Cavern of Souls_SB": 439, "Soul-Guide Lantern_SB": 2594, "Obliterating Bolt": 1940, "Phyrexian Dragon Engine": 2067, "Callous Bloodmage": 385, "Linvala, the Preserver": 1661, "Search for Azcanta": 2406, "Ritual of Soot_SB": 2298, "Selfless Spirit_SB": 2434, "Dust Animus_SB": 810, "Azor, the Lawbringer": 168, "Aven Mindcensor_SB": 163, "Noxious Gearhulk_SB": 1925, "Battle Cry Goblin": 205, "Call of the Death-Dweller": 384, "Conspicuous Snoop": 555, "Goblin Chainwhirler": 1180, "Rundvelt Hordemaster": 2333, "Skirk Prospector": 2529, "Reckless Bushwhacker_SB": 2210, "Torrential Gearhulk": 2940, "Boros Charm": 307, "Exquisite Firecraft_SB": 926, "Scorching Shot_SB": 2385, "Searing Blood_SB": 2408, "Wear // Tear_SB": 3170, "Spirit of the Labyrinth_SB": 2630, "Blind Obedience": 257, "Collector's Vault": 524, "Twinferno_SB": 2982, "Glissa Sunslayer": 1159, "Innkeeper's Talent": 1398, "Mosswood Dreadknight": 1834, "Murderous Rider": 1847, "Path of Peril": 2036, "Preacher of the Schism": 2112, "Sorin the Mirthless": 2585, "Vraska, Betrayal's Sting": 3139, "Gifted Aetherborn": 1137, "Scourge of the Skyclaves": 2388, "Gifted Aetherborn_SB": 1138, "Prowling Serpopard_SB": 2134, "Abhorrent Oculus_SB": 2, "Chandra, Dressed to Kill": 463, "Eidolon of the Great Revel": 827, "Magebane Lizard": 1711, "Rampaging Ferocidon": 2182, "Razorkin Needlehead": 2195, "Torbran, Thane of Red Fell": 2932, "Leyline of Combustion_SB": 1625, "Quick Study": 2150, "Leyline of Combustion": 1624, "Ojer Axonil, Deepest Might": 1951, "Faerie Mastermind_SB": 948, "Jace, Vryn's Prodigy": 1456, "Jace, Wielder of Mysteries_SB": 1458, "Retraction Helix_SB": 2272, "Commune with Dinosaurs": 541, "Ghalta, Primal Hunger": 1116, "Hulking Raptor": 1359, "Itzquinth, Firstborn of Gishath": 1446, "Marauding Raptor": 1726, "Otepec Huntmaster": 1987, "Pugnacious Hammerskull": 2136, "Rampaging Raptor": 2184, "Ripjaw Raptor": 2288, "Rockfall Vale": 2312, "Infernal Grasp_SB": 1393, "Calamity, Galloping Inferno": 382, "Clifftop Retreat": 510, "Vaultborn Tyrant": 3084, "Portal to Phyrexia_SB": 2106, "Defiler of Vigor": 671, "Garruk, Unleashed": 1095, "Garruk's Uprising": 1093, "Gemrazer": 1107, "Hardened Scales": 1268, "Ornery Tumblewagg": 1977, "Questing Beast": 2146, "Railway Brawler": 2163, "Ranger Class": 2186, "The Great Henge": 2831, "The Skullspore Nexus": 2850, "Yorvo, Lord of Garenbrig": 3246, "Destiny Spinner_SB": 704, "Ram Through_SB": 2179, "Bontu's Last Reckoning_SB": 300, "Vein Ripper": 3085, "Chandra, Torch of Defiance": 468, "Heroic Reinforcements": 1317, "Monastery Mentor": 1819, "Stormchaser's Talent": 2675, "Third Path Iconoclast": 2868, "Doorkeeper Thrull_SB": 754, "Bushy Bodyguard": 375, "Camellia, the Seedmiser": 388, "Giant Opportunity": 1129, "Hollow Scavenger": 1337, "Honored Dreyleader": 1341, "Ifnir Deadlands": 1371, "Tear Asunder": 2770, "Valley Rotcaller": 3072, "Wicked Wolf": 3188, "Overprotect_SB": 2010, "Vivien Reid_SB": 3108, "Calix, Guided by Fate": 383, "Generous Visitor": 1109, "Jukai Naturalist": 1473, "Spirited Companion": 2632, "Unflinching Courage": 3021, "Valgavoth's Lair": 3063, "Weaver of Harmony": 3173, "Bubble Smuggler": 357, "Growing Dread": 1235, "Hauntwoods Shrieker": 1283, "Long Goodbye": 1674, "Paranormal Analyst": 2029, "Vannifar, Evolved Enigma": 3081, "Questing Beast_SB": 2147, "Atsushi, the Blazing Sky": 151, "Bonehoard Dracosaur": 297, "Dragon Tempest": 762, "Grafdigger's Cage": 1214, "Invasion of Tarkir": 1431, "Manaform Hellkite": 1721, "Reckless Impulse": 2211, "Shatterskull Smashing": 2465, "Wrenn's Resolve": 3232, "Fry_SB": 1075, "Sorcerous Spyglass_SB": 2584, "Tears of Valakut_SB": 2772, "Harness by Force_SB": 1271, "Raze the Effigy_SB": 2194, "Day's Undoing_SB": 639, "Hallowed Moonlight_SB": 1258, "Burning Anger": 365, "Colossification": 530, "Grapple with the Past": 1219, "Storm Herald": 2672, "Commencement of Festivities": 537, "Defend the Hearth": 669, "Growth Spiral": 1236, "Sphinx's Tutelage": 2620, "Sultai Charm": 2698, "Winds of Qal Sisma": 3200, "Folio of Fancies_SB": 1036, "Sultai Charm_SB": 2699, "Armed and Armored": 125, "Consulate Dreadnought": 556, "Giant Ox": 1130, "Hotshot Mechanic": 1355, "Ingenious Smith": 1397, "Mech Hangar": 1758, "Surgehacker Mech": 2725, "Toolcraft Exemplar": 2930, "Unidentified Hovership": 3026, "Unlicensed Hearse": 3030, "Goldvein Hydra": 1204, "Turntimber Symbiosis": 2980, "Vivien, Arkbow Ranger": 3109, "Archdruid's Charm_SB": 111, "Cemetery Prowler_SB": 448, "Goldvein Hydra_SB": 1205, "Tail Swipe_SB": 2748, "Lukka, Coppercoat Outcast": 1695, "Mox Amber_SB": 1839, "Kaya, Spirits' Justice_SB": 1511, "Voice of Resurgence_SB": 3115, "Professor's Warning": 2120, "Ral, Crackling Wit_SB": 2174, "Enduring Courage": 874, "Reflector Mage": 2227, "Ashiok, Nightmare Muse": 135, "Commit // Memory_SB": 540, "Long Goodbye_SB": 1675, "Murderous Cut_SB": 1846, "Baral, Chief of Compliance": 195, "Adanto Vanguard": 17, "Crumb and Get It": 597, "Defiant Strike": 670, "Favored Hoplite": 966, "Sejiri Shelter": 2427, "Adanto Vanguard_SB": 18, "Crumb and Get It_SB": 598, "Jirina, Dauntless General_SB": 1470, "Invigorated Rampage": 1434, "Blossoming Defense_SB": 280, "Shadowspear_SB": 2452, "Colossus Hammer": 531, "Fireblade Charger": 1008, "Kellan, the Fae-Blooded": 1522, "Kemba, Kha Enduring": 1523, "Open the Armory": 1967, "Resolute Strike": 2256, "Sigarda's Aid": 2500, "Snow-Covered Plains": 2573, "Thud": 2896, "Light of Hope_SB": 1643, "Loran's Escape_SB": 1682, "Thud_SB": 2897, "Rakdos Joins Up": 2168, "Deification": 674, "Doomskar": 752, "Elspeth Resplendent": 848, "Gideon Blackblade": 1131, "Gideon of the Trials": 1132, "Gideon's Triumph": 1133, "Oath of Kaya": 1935, "The Birth of Meletis": 2820, "Urza's Sylex": 3056, "Yahenni's Expertise": 3238, "Sunset Revelry_SB": 2715, "Empyrean Eagle": 867, "Hanged Executioner": 1263, "Rally of Wings": 2176, "Skycat Sovereign": 2536, "Topplegeist": 2931, "Watcher of the Spheres": 3166, "Errant and Giada_SB": 893, "Patch Up_SB": 2033, "Remorseful Cleric_SB": 2243, "Dictate of Kruphix": 716, "Notion Thief": 1919, "Slitherwisp": 2558, "Blacklance Paragon_SB": 239, "Cunning Nightbonder_SB": 614, "Exuberant Fuseling": 933, "Foundry Street Denizen": 1056, "Frenzied Goblin": 1069, "Goblin Piledriver": 1187, "Goblin Rabblemaster": 1188, "Dewdrop Cure_SB": 714, "Requisition Raid_SB": 2254, "Torpor Orb_SB": 2939, "Adult Gold Dragon": 23, "Soulflayer": 2597, "Striped Riverwinder": 2687, "Urborg Scavengers": 3052, "Zetalpa, Primal Dawn": 3262, "Savage Summoning_SB": 2364, "Mystic Monastery": 1852, "Warrant // Warden": 3159, "Reduce // Rubble_SB": 2226, "Adeline, Resplendent Cathar_SB": 21, "Jadar, Ghoulcaller of Nephalia_SB": 1460, "Bloodchief's Thirst": 267, "Hazoret the Fervent": 1286, "Questing Druid_SB": 2149, "Angrath's Rampage_SB": 76, "Selfless Glyphweaver": 2429, "Temple of Epiphany": 2782, "Careful Cultivation": 394, "Courier's Briefcase": 576, "Get Out": 1113, "Secrets of the Key": 2416, "Azure Beastbinder": 172, "Bounding Krasis": 319, "Decimator of the Provinces": 659, "Elder Deep-Fiend": 830, "Fierce Empath": 996, "Nissa, Vastwood Seer": 1903, "Reclamation Sage": 2218, "Rishkar, Peema Renegade": 2293, "Tishana's Tidebinder": 2912, "Keen-Eyed Curator_SB": 1518, "Skylasher_SB": 2542, "Archangel Elspeth_SB": 108, "Nighthawk Scavenger_SB": 1891, "Wild Slash": 3191, "Languish": 1595, "Bandit's Talent_SB": 185, "Chromanticore": 485, "Cragplate Baloth": 583, "Oketra the True": 1952, "Collective Brutality_SB": 521, "Murderous Rider_SB": 1848, "Tarrian's Journal": 2767, "Dreams of Steel and Oil_SB": 789, "Rush of Adrenaline": 2339, "The Cruelty of Gix": 2823, "Epic Downfall_SB": 889, "Ulcerate_SB": 3000, "Silverquill Silencer": 2515, "Phyrexian Fleshgorger": 2068, "Phyrexian Fleshgorger_SB": 2069, "Authority of the Consuls": 158, "Forest_SB": 1045, "Dreams of Steel and Oil": 788, "Zacama, Primal Calamity": 3253, "March of Swirling Mist_SB": 1731, "Velomachus Lorehold_SB": 3087, "Deep-Cavern Bat_SB": 664, "Overlord of the Boilerbilges_SB": 2005, "Charred Foyer // Warped Space_SB": 478, "Kick in the Door": 1533, "Violent Urge": 3099, "Cosmic Rebirth": 572, "Escape to the Wilds": 897, "Risen Reef": 2292, "Titan of Industry_SB": 2915, "Doomskar_SB": 753, "Kenrith, the Returned King_SB": 1526, "Aqueous Form": 96, "Combat Research": 533, "Kaya's Ghostform": 1504, "Break the Spell_SB": 331, "Slip Out the Back_SB": 2557, "Warbriar Blessing_SB": 3153, "Bond of Insight": 291, "Lightning Strike_SB": 1651, "Lyra Dawnbringer_SB": 1702, "Depopulate_SB": 693, "Welcoming Vampire_SB": 3179, "Deflecting Palm_SB": 673, "Akroan Crusader": 51, "Clever Lumimancer": 508, "Expedite": 916, "Gods Willing_SB": 1203, "Smash to Smithereens_SB": 2560, "Showdown of the Skalds_SB": 2492, "Obzedat, Ghost Council": 1947, "Pest Control_SB": 2057, "Realmwalker": 2205, "Silver Raven": 2508, "Eat to Extinction_SB": 815, "Dreadhorde Invasion": 778, "Ajani, Sleeper Agent_SB": 47, "Scrapshooter": 2392, "Kenrith's Transformation_SB": 1524, "Wolfwillow Haven_SB": 3221, "Filter Out_SB": 1005, "Fiery Temper": 1000, "Hollow One": 1336, "Insolent Neonate": 1409, "Ovalchase Daredevil": 1997, "Alpine Moon_SB": 59, "Improbable Alliance_SB": 1384, "Hushbringer_SB": 1364, "Agadeem's Awakening": 37, "Exorcise_SB": 914, "Clockwork Percussionist": 513, "Atarka's Command_SB": 148, "Big Score": 226, "Dwarven Mine": 811, "Gideon, Ally of Zendikar": 1135, "Worldspine Wurm_SB": 3228, "Xenagos, God of Revels_SB": 3236, "Voyaging Satyr": 3136, "Staggering Insight": 2650, "Natural State_SB": 1870, "Snow-Covered Swamp": 2574, "Katilda, Dawnhart Martyr": 1499, "Katilda, Dawnhart Martyr_SB": 1500, "Perilous Voyage_SB": 2054, "Discontinuity_SB": 725, "Hostile Hostel": 1352, "Ulamog, the Ceaseless Hunger_SB": 2999, "Virtue of Loyalty_SB": 3102, "Cemetery Desecrator": 444, "Cruelclaw's Heist": 595, "Escape Tunnel": 896, "Insatiable Avarice_SB": 1403, "Malicious Eclipse_SB": 1719, "Devout Decree_SB": 712, "Cathar Commando": 422, "Tenacious Underdog": 2794, "Rush of Dread_SB": 2341, "Homestead Courage": 1339, "Shardmage's Rescue_SB": 2460, "The Kenriths' Royal Funeral_SB": 2836, "Deploy the Gatewatch": 691, "Interplanar Beacon": 1415, "Kaya, Intangible Slayer": 1507, "Narset of the Ancient Way": 1864, "Paradise Druid": 2026, "Tamiyo, Collector of Tales": 2759, "Tamiyo, Compleated Sage": 2761, "The Eternal Wanderer": 2828, "Coordinated Assault": 563, "Breaking // Entering": 332, "Fraying Sanity": 1067, "Maddening Cacophony": 1705, "Soul-Guide Lantern": 2593, "Tasha's Hideous Laughter": 2768, "Come Back Wrong_SB": 535, "Valgavoth's Faithful": 3062, "Ashiok, Dream Render": 133, "Bonebind Orator": 294, "Crashing Drawbridge": 587, "Fiend Artisan": 995, "Moss-Pit Skeleton": 1832, "Osteomancer Adept": 1984, "Shigeki, Jukai Visionary": 2478, "Snarling Gorehound": 2569, "Squirming Emergence": 2647, "Unstoppable Slasher_SB": 3038, "Demonic Ruckus": 684, "Hammerhand": 1260, "Leyline of Sanctity": 1629, "Ygra, Eater of All_SB": 3243, "Cleansing Nova": 502, "Confounding Riddle": 549, "Coveted Falcon": 578, "Idyllic Tutor": 1370, "Rest in Peace": 2259, "Solemnity": 2579, "Palace Siege_SB": 2021, "Assimilation Aegis": 146, "Candy Trail": 391, "Disruption Protocol": 732, "Dusk Rose Reliquary": 807, "Fomori Vault": 1037, "Golos, Tireless Pilgrim": 1208, "Inventors' Fair": 1433, "Lantern of the Lost": 1597, "Moonsnare Prototype": 1830, "Prophetic Prism": 2128, "The Book of Exalted Deeds": 2821, "Tyrite Sanctum": 2989, "Whir of Invention": 3185, "Citizen's Crowbar_SB": 494, "Beseech the Mirror": 221, "Rush of Dread": 2340, "Assassin's Trophy": 142, "Nissa, Ascended Animist": 1900, "Rankle's Prank": 2187, "Repudiate // Replicate": 2250, "Thrun, Breaker of Silence": 2894, "Wrenn and Realmbreaker": 3231, "Colossal Skyturtle_SB": 529, "Song of Totentanz_SB": 2582, "Outrageous Robbery_SB": 1996, "Giant Killer_SB": 1128, "Twisted Fealty_SB": 2986, "Green Sun's Twilight": 1229, "Tyrranax Rex": 2990, "Vorinclex, Monstrous Raider": 3134, "Invasion of Ixalan_SB": 1429, "Kogla, the Titan Ape_SB": 1561, "Nullhide Ferox_SB": 1928, "Horned Loch-Whale_SB": 1349, "Strict Proctor_SB": 2686, "Lilah, Undefeated Slickshot": 1652, "Fauna Shaman": 965, "Tishana's Tidebinder_SB": 2913, "Phyrexian Censor_SB": 2066, "Leyline of Resonance_SB": 1628, "Furnace Reins": 1080, "Bloodletter of Aclazotz_SB": 271, "Crackling Drake": 579, "Angrath, the Flame-Chained_SB": 77, "Radiant Flames_SB": 2159, "Void Winnower_SB": 3121, "Eidolon of Rhetoric_SB": 826, "Unctus, Grand Metatect": 3012, "Feed the Swarm": 980, "Boros Charm_SB": 308, "Flowstone Infusion_SB": 1033, "Annie Joins Up": 82, "Phylath, World Sculptor": 2062, "Worldsoul's Rage": 3226, "Skullcrack_SB": 2535, "Rotten Reunion_SB": 2320, "Liliana, the Last Hope": 1658, "Regal Caracal": 2232, "Westvale Abbey": 3183, "Finale of Devastation": 1007, "The Scarab God": 2847, "Izzet Charm": 1449, "Attack-in-the-Box": 152, "Balemurk Leech": 180, "Broodspinner": 351, "Cackling Slasher": 379, "Cathartic Parting": 424, "Coordinated Clobbering": 564, "Flesh Burrower": 1021, "Frantic Strength": 1065, "Glimmerlight": 1156, "Grasping Longneck": 1222, "Grievous Wound": 1231, "Innocuous Rat": 1400, "Leyline of the Void": 1632, "Meathook Massacre II": 1757, "Overgrown Zealot": 2001, "Saw": 2369, "Slavering Branchsnapper": 2548, "Spectral Snatcher": 2609, "Spineseeker Centipede": 2624, "Sporogenic Infection": 2640, "Strangled Cemetery": 2681, "Terramorphic Expanse": 2798, "Twitching Doll": 2987, "Wary Watchdog": 3161, "Winter, Misanthropic Guide": 3202, "Conductive Machete_SB": 547, "Fanatic of the Harrowing_SB": 955, "Final Vengeance_SB": 1006, "Friendly Teddy_SB": 1071, "Give In to Violence_SB": 1142, "Manifest Dread_SB": 1722, "Murder_SB": 1844, "Kitsa, Otterball Elite": 1543, "Springleaf Drum": 2642, "Valley Floodcaller": 3070, "Wishclaw Talisman": 3204, "Altar of the Brood_SB": 63, "Dragonhawk, Fate's Tempest": 764, "Hagra Mauling": 1252, "Selfless Glyphweaver_SB": 2430, "Tolsimir, Friend to Wolves_SB": 2926, "Containment Priest": 560, "Pack Rat": 2016, "Silence": 2503, "Narset, Enlightened Master_SB": 1866, "Unexpected Fangs_SB": 3020, "Starnheim Unleashed_SB": 2654, "Experimental Frenzy_SB": 923, "Cenote Scout": 449, "Deeproot Pilgrimage": 667, "Kumena, Tyrant of Orazca": 1585, "Kumena's Speaker": 1584, "Vodalian Hexcatcher": 3113, "Tidebinder Mage_SB": 2905, "Goblin Ringleader": 1189, "Goblin Trashmaster": 1195, "Squee, Dubious Monarch": 2645, "Lukka, Coppercoat Outcast_SB": 1696, "Brave the Elements_SB": 327, "Bontu's Monument": 301, "Hashep Oasis": 1275, "Thought-Knot Seer": 2878, "Arlinn, the Pack's Hope_SB": 124, "Eldrazi Obligator_SB": 835, "Thought-Knot Seer_SB": 2879, "Bloodchief's Thirst_SB": 268, "Snow-Covered Forest": 2570, "Saheeli, Sublime Artificer": 2346, "Dazzling Theater // Prop Room": 642, "Restless Bivouac": 2262, "Siege Veteran": 2498, "Warleader's Call": 3155, "Yotian Frontliner": 3247, "Aurelia, the Law Above_SB": 157, "Helping Hand": 1307, "Dwynen's Elite": 812, "Elvish Clancaller": 856, "Elvish Warmaster": 860, "Jaspera Sentinel": 1462, "Leaf-Crowned Visionary": 1610, "Secluded Courtyard": 2415, "Shaman of the Pack": 2456, "Pause for Reflection_SB": 2041, "Phyrexian Revoker_SB": 2071, "Sentinel of Lost Lore_SB": 2435, "Soulless Jailer_SB": 2598, "Hope Tender_SB": 1344, "Ferocious Werefox_SB": 987, "Detention Sphere_SB": 710, "Deeproot Elite": 666, "Forensic Researcher": 1041, "Kiora's Follower": 1535, "Kitesail Larcenist": 1539, "Merfolk Trickster": 1770, "Three Tree City": 2892, "Forensic Researcher_SB": 1042, "Kopala, Warden of Waves_SB": 1567, "Lost in the Maze_SB": 1687, "Prophet of Kruphix_SB": 2127, "Consign // Oblivion": 553, "Creative Outburst": 590, "Magma Opus": 1713, "Vanquish the Horde_SB": 3082, "Takenuma, Abandoned Mire_SB": 2751, "Barrier Breach_SB": 200, "Kazuul's Fury": 1515, "Tail Swipe": 2747, "Bedeck // Bedazzle": 212, "Herd Migration": 1313, "Mirrorshell Crab_SB": 1799, "Quakebringer_SB": 2145, "Drannith Ruins": 770, "Faerie Dreamthief": 945, "Spell Stutter": 2613, "Overlord of the Balemurk_SB": 2003, "Plumecreed Escort_SB": 2093, "Void Rend": 3119, "Wandering Mind": 3150, "Speaker of the Heavens": 2606, "Possibility Storm": 2108, "Sunset Revelry": 2714, "Blind Obedience_SB": 258, "Outlaws' Merriment_SB": 1994, "Rip Apart_SB": 2287, "Archon of Sun's Grace": 120, "Omen of the Sun": 1961, "Seal Away": 2402, "Starfall Invocation_SB": 2652, "Collateral Damage": 516, "Eidolon of the Great Revel_SB": 828, "Giant Growth": 1126, "Snakeskin Veil_SB": 2568, "Chandra, Acolyte of Flame_SB": 461, "Echoing Deeps": 817, "Maestros Theater": 1708, "Mystic Sanctuary": 1854, "Scapeshift": 2374, "Splendid Reclamation": 2634, "The Autonomous Furnace": 2818, "The Hunter Maze": 2832, "Bushwhack": 374, "Circle of Dreams Druid": 492, "Elvish Visionary": 859, "Deathrite Shaman_SB": 656, "Cavalier of Flame": 433, "Vraska, Betrayal's Sting_SB": 3140, "Imposing Sovereign": 1382, "Gruul Charm": 1238, "Chandra, Acolyte of Flame": 460, "Exquisite Firecraft": 925, "Sphinx's Revelation": 2618, "Tale's End": 2752, "Urza's Sylex_SB": 3057, "Regal Caracal_SB": 2233, "Braids, Arisen Nightmare": 321, "Disturbing Mirth": 735, "Hopeless Nightmare": 1347, "Spiteful Hexmage": 2633, "Treacherous Blessing": 2958, "Haunted Ridge_SB": 1282, "Basri Ket_SB": 202, "Unwanted Remake_SB": 3045, "Roaring Furnace // Steaming Sauna_SB": 2307, "Not on My Watch_SB": 1918, "Get Out_SB": 1114, "Fateful Absence": 963, "Doppelgang_SB": 756, "Holy Cow": 1338, "Archangel of Tithes_SB": 109, "Conclave Tribunal_SB": 546, "Metropolis Reformer_SB": 1778, "Shalai, Voice of Plenty_SB": 2455, "Fanatical Offering": 957, "Vraska, Golgari Queen_SB": 3142, "Popular Egotist": 2097, "Urgent Necropsy": 3054, "Cemetery Illuminator": 446, "Cemetery Illuminator_SB": 447, "Balmor, Battlemage Captain": 181, "Shore Up_SB": 2488, "Bag of Holding": 176, "Jace, Architect of Thought": 1454, "Teferi, Master of Time": 2777, "Cleansing Nova_SB": 503, "Eerie Ultimatum_SB": 822, "Inspired Ultimatum_SB": 1410, "Nicol Bolas, Dragon-God_SB": 1885, "Sarkhan the Masterless_SB": 2360, "Soul Search_SB": 2591, "Wrenn's Resolve_SB": 3233, "Thief of Sanity_SB": 2862, "Botanical Brawler": 314, "Bristly Bill, Spine Sower": 347, "Conclave Mentor": 545, "Kodama of the West Tree": 1557, "Ozolith, the Shattered Spire": 2014, "Stonecoil Serpent": 2671, "Jace Reawakened": 1451, "Archangel Avacyn_SB": 106, "Boon-Bringer Valkyrie_SB": 305, "Rabid Gnaw": 2157, "Shock": 2483, "Kazandu Mammoth": 1514, "Strangle": 2679, "Vraska, Golgari Queen": 3141, "Azorius Charm": 170, "Scavenger Grounds_SB": 2377, "Fortified Beachhead": 1048, "Approach of the Second Sun": 94, "Fortified Village": 1049, "Nightveil Predator": 1892, "Rhonas the Indomitable": 2279, "Samut, Voice of Dissent": 2353, "Depopulate": 692, "The Scorpion God_SB": 2849, "Painful Truths_SB": 2019, "The Cruelty of Gix_SB": 2824, "Consuming Tide_SB": 558, "Maximize Velocity_SB": 1752, "Field of Ruin_SB": 994, "Eidolon of Blossoms": 824, "Bond of Revival": 292, "Rhonas the Indomitable_SB": 2280, "Whisperwood Elemental_SB": 3187, "Blazemire Verge_SB": 249, "Citywide Bust_SB": 497, "Tyvar, the Pummeler_SB": 2995, "Hoarding Broodlord_SB": 1334, "Enduring Vitality": 880, "Kona, Rescue Beastie": 1566, "Selfless Savior": 2431, "Seraphic Steed": 2439, "Survivors' Encampment": 2728, "The Restoration of Eiganjo": 2845, "Selfless Savior_SB": 2432, "Despark_SB": 699, "Elesh Norn_SB": 844, "Zoyowa Lava-Tongue": 3270, "Exuberant Fuseling_SB": 934, "Squee, Dubious Monarch_SB": 2646, "Pest Control": 2056, "Restless Fortress": 2264, "Kaya, Intangible Slayer_SB": 1508, "Kaya, Orzhov Usurper_SB": 1510, "Renounce the Guilds_SB": 2248, "Duelist of the Mind": 802, "Steamcore Scholar": 2659, "Orazca Puzzle-Door": 1975, "Monastery Mentor_SB": 1820, "Enduring Bondwarden": 873, "Hangarback Walker": 1261, "Quirion Beastcaller": 2155, "Bolas's Citadel_SB": 286, "Catacomb Sifter_SB": 421, "Popular Egotist_SB": 2098, "Prosperous Innkeeper_SB": 2130, "Woe Strider_SB": 3219, "Elvish Archivist_SB": 855, "Ugin, the Spirit Dragon_SB": 2997, "Fblthp, the Lost": 967, "Shoot the Sheriff_SB": 2486, "Armored Scrapgorger": 127, "Eldrazi Displacer": 833, "Loran's Escape": 1681, "Blessed Defiance_SB": 255, "Viashino Pyromancer": 3095, "Dawnbringer Cleric_SB": 635, "Den of the Bugbear_SB": 688, "Dispel_SB": 730, "Kitesail Larcenist_SB": 1540, "Suncleanser_SB": 2702, "Debt to the Kami": 657, "Debt to the Kami_SB": 658, "Release to the Wind": 2238, "Angelfire Ignition": 73, "Tenth District Legionnaire": 2796, "Steel Seraph_SB": 2662, "Izoni, Center of the Web": 1448, "Silent Gravestone_SB": 2505, "Blot Out": 281, "Lively Dirge": 1667, "Renegade Rallier": 2246, "Drag to the Roots": 761, "Castle Locthwain_SB": 417, "Edgar, Charmed Groom_SB": 819, "Play with Fire_SB": 2089, "Golgari Charm_SB": 1206, "Gates of Istfell": 1100, "Fateful Absence_SB": 964, "No More Lies_SB": 1912, "Korvold, Fae-Cursed King": 1568, "Guardian of Faith": 1243, "Phyrexian Vindicator_SB": 2072, "Kozilek's Return_SB": 1571, "Alchemist's Gambit": 52, "Intrepid Adversary": 1423, "Experiment One": 919, "Unclaimed Territory": 3011, "Cyclonic Rift": 622, "Rona's Vortex": 2316, "Curse of Silence_SB": 618, "Nighthawk Scavenger": 1890, "Cease // Desist_SB": 442, "Case of the Gateway Express_SB": 406, "Hidden Necropolis": 1319, "Temple of Malady": 2783, "Temple of Malice": 2784, "Untimely Malfunction": 3042, "Brimaz, King of Oreskos": 339, "Collector's Cage": 523, "Warping Wail_SB": 3158, "Gyruda, Doom of Depths": 1250, "Kitnap": 1541, "Undead Sprinter": 3013, "Bloodtithe Collector": 274, "Goddric, Cloaked Reveler": 1200, "Bonders' Enclave": 293, "Nicol Bolas, Dragon-God": 1884, "Vampires' Vengeance_SB": 3077, "Blood Crypt_SB": 263, "Evolving Adaptive": 910, "Pelt Collector": 2051, "Voltaic Brawler": 3131, "Embercleave_SB": 862, "Vengeful Possession_SB": 3092, "Ingenious Prodigy": 1396, "Glarb, Calamity's Augur_SB": 1149, "Tomik, Distinguished Advokist_SB": 2928, "Pick Your Poison": 2074, "Bamboo Grove Archer_SB": 183, "Sunken Citadel_SB": 2710, "Mastermind's Acquisition_SB": 1748, "Season of the Burrow_SB": 2412, "Spinner of Souls": 2626, "Abyssal Harvester": 9, "Zur, Eternal Schemer_SB": 3272, "Burst Lightning": 372, "Blast Zone_SB": 247, "Lantern of the Lost_SB": 1598, "Scab-Clan Berserker_SB": 2373, "Knight-Errant of Eos_SB": 1554, "Boltwave": 287, "Elenda, Saint of Dusk": 840, "Elenda, Saint of Dusk_SB": 841, "Serra Paragon": 2440, "High Fae Trickster_SB": 1326, "Waste Not_SB": 3163, "Fervent Champion": 989, "Goblin Tomb Raider": 1193, "Leyline Axe": 1621, "Kaito, Cunning Infiltrator": 1483, "Scrawling Crawler": 2395, "Brass Knuckles": 324, "Fabrication Foundry": 938, "Metalwork Colossus": 1773, "Simulacrum Synthesizer": 2520, "The Irencrag": 2834, "Wedding Invitation": 3177, "Metallic Rebuke_SB": 1772, "Mystic Forge_SB": 1851, "Varragoth, Bloodsky Sire": 3083, "Emrakul, the Promised End": 868, "Syr Ginger, the Meal Ender": 2744, "Slaughter Games_SB": 2547, "Saiba Cryptomancer": 2348, "Saiba Cryptomancer_SB": 2349, "Nahiri, the Unforgiving_SB": 1862, "Ajani, Sleeper Agent": 46, "Alms of the Vein": 55, "Demand Answers": 676, "Grab the Prize": 1212, "Markov Baron": 1738, "Nullpriest of Oblivion": 1929, "Skullcrack": 2534, "Expedition Map": 917, "Evangel of Synthesis": 908, "Kiora, the Rising Tide": 1537, "Raffine, Scheming Seer": 2162, "Dropkick Bomber": 795, "Searslicer Goblin": 2409, "Goblin Ringleader_SB": 1190, "Ral, Crackling Wit": 2173, "Creeping Chill": 591, "Driven // Despair": 791, "Haunted Dead": 1280, "Narcomoeba": 1863, "Prized Amalgam": 2119, "Silversmote Ghoul": 2516, "Tome Scour": 2927, "Wail of the Forgotten": 3144, "Huskburster Swarm_SB": 1366, "Tainted Indulgence": 2749, "Zombify": 3267, "Blooming Blast": 277, "Gallia of the Endless Dance": 1086, "Cemetery Gatekeeper_SB": 445, "Mission Briefing": 1805, "Not on My Watch": 1917, "Dawnbringer Cleric": 634, "Camellia, the Seedmiser_SB": 389, "Trail of Crumbs_SB": 2948, "Bulk Up": 361, "Voracious Hydra": 3132, "Hornet Queen_SB": 1350, "Cut // Ribbons": 619, "Skrelv's Hive_SB": 2531, "Halana and Alena, Partners": 1254, "Blacksmith's Talent": 240, "Herald of Eternal Dawn_SB": 1310, "Temple of Plenty": 2786, "Peer into the Abyss_SB": 2049, "The Witch's Vanity": 2858, "Day of Judgment": 636, "Liliana, Dreadhorde General": 1656, "Hanweir Battlements": 1264, "Response // Resurgence_SB": 2258, "Scorn-Blade Berserker": 2386, "Essence Channeler": 901, "Fountain of Renewal": 1057, "Heliod, Sun-Crowned": 1302, "Hooded Blightfang": 1342, "Indulging Patrician": 1390, "Revival // Revenge": 2277, "Scoured Barrens": 2387, "Vampire of the Dire Moon": 3075, "Vito, Thorn of the Dusk Rose": 3107, "Voice of the Blessed": 3118, "Deathmark_SB": 653, "Tinybones, Bauble Burglar": 2909, "Lava Axe_SB": 1600, "Skrelv's Hive": 2530, "Flicker of Fate_SB": 1023, "Kykar, Zephyr Awakener": 1591, "Infestation Sage": 1394, "Ill-Timed Explosion_SB": 1373, "Omnath, Locus of Creation_SB": 1964, "Scrapwork Mutt": 2394, "Tyvar's Stand": 2992, "Shadows' Verdict_SB": 2450, "Spawn of Mayhem": 2605, "Karn, Scion of Urza_SB": 1496, "Maelstrom Pulse": 1706, "Banner of Kinship": 194, "Elvish Archdruid": 854, "Citanul Stalwart": 493, "Sylvan Messenger_SB": 2740, "Joust Through_SB": 1472, "Genesis Wave": 1110, "Samut, Tyrant Smasher": 2351, "Bouncer's Beatdown_SB": 318, "Soulstone Sanctuary": 2601, "Youthful Valkyrie": 3252, "Torment of Hailfire_SB": 2935, "Drake Hatcher_SB": 768, "Curator of Destinies_SB": 615, "Blitz of the Thunder-Raptor": 259, "Long River's Pull": 1676, "Unsubstantiate": 3039, "Sugar Coat_SB": 2695, "Imposing Sovereign_SB": 1383, "Haunted Cloak": 1279, "Swiftfoot Boots": 2734, "Flameblade Adept": 1016, "Ox of Agonas": 2012, "Dread Fugue": 772, "Lunarch Veteran": 1699, "Skyclave Cleric": 2539, "Ajani, Strength of the Pride_SB": 49, "Davriel, Rogue Shadowmage_SB": 632, "The Raven Man_SB": 2843, "Dusk Legion Duelist": 806, "Make Disappear_SB": 1716, "Expansion // Explosion": 915, "Seasons Past": 2414, "Haughty Djinn_SB": 1278, "Charming Scoundrel": 476, "Deflecting Palm": 672, "Fallaji Vanguard": 953, "Fortune, Loyal Steed": 1050, "Furycalm Snarl": 1082, "Hellspur Posse Boss": 1305, "Panharmonicon": 2024, "Requisition Raid": 2253, "Temple of Triumph": 2788, "Terror of the Peaks": 2801, "Witty Roastmaster": 3216, "Aetherstorm Roc_SB": 34, "Anim Pakal, Thousandth Moon_SB": 81, "Chance for Glory_SB": 458, "Demonic Ruckus_SB": 685, "Impact Tremors_SB": 1380, "Toxrill, the Corrosive_SB": 2946, "Bristlebud Farmer": 344, "Phyrexian Obliterator_SB": 2070, "Gruul Charm_SB": 1239, "Brass's Tunnel-Grinder": 325, "Goblin Instigator": 1183, "Raise the Past": 2164, "Chained to the Rocks_SB": 453, "Plumecreed Escort": 2092, "Icon of Ancestry_SB": 1368, "Kellan, Planar Trailblazer": 1521, "Anguished Unmaking": 78, "Blessed Alliance_SB": 253, "Day of Judgment_SB": 637, "Maelstrom Pulse_SB": 1707, "Thassa's Oracle": 2813, "Niv-Mizzet, Visionary_SB": 1910, "Mystic Repeal_SB": 1853, "Reasonable Doubt_SB": 2207, "Rottenmouth Viper_SB": 2322, "Thing in the Ice": 2865, "Witness Protection_SB": 3215, "Phyrexian Arena_SB": 2064, "Tibalt's Trickery": 2902, "Tibalt's Trickery_SB": 2903, "Heaped Harvest": 1292, "Thassa, God of the Sea": 2815, "Slaughter Games": 2546, "Idol of Endurance": 1369, "Phyrexian Censor": 2065, "Niko Aris": 1893, "Academy Loremaster": 11, "Chainsaw": 454, "Fountainport Bell": 1059, "Glint-Nest Crane": 1158, "Hammer of Purphoros": 1259, "Scattered Groves": 2375, "Arboreal Grazer_SB": 103, "Shrapnel Blast_SB": 2494, "Sixth Sense": 2527, "Alpha Authority_SB": 58, "Triton Tactics_SB": 2969, "Blood Baron of Vizkopa": 260, "Crystal Barricade_SB": 608, "Thought Erasure": 2877, "Culling Ritual": 609, "Wear Down_SB": 3171, "Spring-Loaded Sawblades": 2641, "Bala Ged Recovery_SB": 179, "Turn the Earth_SB": 2979, "Tenacious Underdog_SB": 2795, "Push // Pull": 2137, "Dowsing Device": 759, "Burst Lightning_SB": 373, "Llanowar Visionary": 1670, "Skyknight Squire": 2541, "Niv-Mizzet, Supreme_SB": 1909, "Sire of Seven Deaths": 2525, "Ajani, Caller of the Pride": 45, "Burrowguard Mentor": 371, "Dryad Militant": 800, "Fleecemane Lion": 1019, "Kutzil, Malamet Exemplar": 1589, "Melira, the Living Cure": 1760, "Wilt-Leaf Liege": 3196, "Seal Away_SB": 2403, "Chandra, Hope's Beacon_SB": 466, "Choked Estuary": 483, "Ego Drain": 823, "Faerie Fencing": 946, "Obyra, Dreaming Duelist": 1946, "Shineshadow Snarl": 2479, "Sleep-Cursed Faerie": 2550, "Sunken Hollow": 2711, "Talion, the Kindly Lord": 2755, "Talion's Messenger": 2754, "Twining Twins": 2983, "Crippling Fear_SB": 592, "Flashfreeze_SB": 1018, "Phantom Interference_SB": 2060, "Blessed Alliance": 252, "Builder's Talent": 358, "Worldspine Wurm": 3227, "Assemble the Legion_SB": 144, "Runed Halo_SB": 2336, "Fanatical Firebrand": 956, "Goblin Warchief": 1196, "Krenko, Mob Boss": 1577, "Betrayer's Bargain_SB": 223, "By Force_SB": 376, "Strangle_SB": 2680, "Collateral Damage_SB": 517, "Tibalt, Rakish Instigator_SB": 2904, "Game Trail": 1090, "Glorybringer": 1165, "Cankerbloom_SB": 392, "Indomitable Creativity_SB": 1389, "Balustrade Wurm": 182, "Reality Shift": 2202, "Aspect of Hydra": 140, "Hunter's Talent": 1362, "Nullhide Ferox": 1927, "Steel Leaf Champion": 2660, "Garruk's Uprising_SB": 1094, "Ghalta, Primal Hunger_SB": 1117, "Lukka, Bound to Ruin_SB": 1694, "Heliod's Intervention": 1300, "Legion's Landing": 1619, "Volatile Fault": 3122, "Herald of Eternal Dawn": 1309, "Apostle of Purifying Light_SB": 93, "Chaplain of Alms_SB": 473, "Healer's Hawk_SB": 1291, "Blacklance Paragon": 238, "Brineborn Cutthroat": 341, "Cast Down": 409, "Cunning Nightbonder": 613, "Power Word Kill": 2109, "Reasonable Doubt": 2206, "Sea-Dasher Octopus": 2400, "Shore Up": 2487, "Ashiok's Erasure_SB": 132, "Spectral Adversary_SB": 2607, "Crawling Barrens": 589, "Desecration Demon": 697, "Kaervek, the Punisher": 1476, "Memorial to Folly": 1761, "Ob Nixilis Reignited_SB": 1937, "Abrade": 3, "Blazing Volley": 250, "Cinderclasm": 489, "Crash Through": 586, "Death-Rattle Oni": 650, "Dismal Backwater": 729, "Electrickery": 837, "Kessig Flamebreather": 1529, "Seismic Wave": 2425, "Stolen Vitality": 2669, "Thrill of Possibility": 2893, "Tolarian Terror": 2923, "Burn Down the House_SB": 364, "Power Word Kill_SB": 2110, "Smoldering Egg_SB": 2562, "Swamp_SB": 2730, "Edgewall Inn": 820, "Edgewall Innkeeper": 821, "Foulmire Knight": 1054, "Lucky Clover": 1693, "Midnight Reaper": 1780, "Necroblossom Snarl": 1872, "Order of Midnight": 1976, "Smitten Swordmaster": 2561, "Disfigure_SB": 728, "Massacre Girl_SB": 1743, "Stormkeld Vanguard_SB": 2676, "Gray Merchant of Asphodel": 1225, "Mephitic Draught": 1767, "Tithing Blade": 2919, "Trial of Ambition": 2965, "Warlock Class": 3156, "Corpses of the Lost_SB": 569, "Doom Foretold_SB": 750, "Life of Toshiro Umezawa_SB": 1638, "Burn Down the House": 363, "Flame-Blessed Bolt": 1014, "Frostboil Snarl": 1073, "Refute": 2230, "Vampires' Vengeance": 3076, "Pelakka Wurm_SB": 2050, "Boon of the Wish-Giver": 304, "Drannith Healer": 769, "Drannith Stinger": 771, "Flourishing Fox": 1030, "Frostveil Ambush": 1074, "Go for Blood": 1173, "Memory Leak": 1765, "Startling Development": 2655, "Valiant Rescuer": 3067, "Zenith Flare": 3260, "Enigma Drake": 881, "Ephara's Dispersal": 888, "Eroded Canyon": 892, "Essence Capture": 900, "Galvanize": 1089, "Mind Spiral": 1788, "Peculiar Lighthouse": 2047, "Pit of Offerings": 2084, "Scorching Shot": 2384, "Slick Sequence": 2553, "Winged Words": 3201, "Into the Fire_SB": 1418, "Wildfire Howl_SB": 3192, "Burn Bright": 362, "Chimney Rabble": 482, "Domri, Anarch of Bolas": 747, "Fissure Wizard": 1013, "Goblin Arsonist": 1176, "Goblin Javelineer": 1184, "Goblin Morningstar": 1185, "Goblin Trailblazer": 1194, "Grumgully, the Generous": 1237, "Heraldic Banner": 1311, "Hobgoblin Bandit Lord": 1335, "Hulking Bugbear": 1358, "Renata, Called to the Hunt": 2244, "Return of the Wildspeaker": 2274, "Rhythm of the Wild": 2281, "Subira, Tulzidi Caravanner": 2691, "You See a Pair of Goblins": 3249, "Krenko, Mob Boss_SB": 1578, "Krenko, Tin Street Kingpin_SB": 1579, "Banishing Light": 192, "Flowerfoot Swordmaster": 1032, "Mabel, Heir to Cragflame": 1703, "Seedglaive Mentor": 2421, "Short Bow": 2490, "Whiskervale Forerunner": 3186, "Abzan Charm": 10, "Deathmist Raptor": 654, "Den Protector": 686, "Mastery of the Unseen": 1749, "Sandsteppe Citadel": 2357, "Satyr Wayfinder": 2363, "Siege Rhino": 2497, "Temple of Silence": 2787, "Unyielding Gatekeeper": 3046, "Drown in Sorrow_SB": 796, "Disfigure": 727, "Gnawing Vermin": 1169, "Gossip's Talent": 1211, "Karumonix, the Rat King": 1498, "Lord Skitter, Sewer King": 1683, "Persistent Marshstalker": 2055, "Piper of the Swarm": 2083, "Shoreline Looter": 2489, "Tangled Colony": 2763, "Vren, the Relentless": 3143, "Bring the Ending_SB": 342, "Pile On_SB": 2078, "Tangled Colony_SB": 2764, "No Witnesses": 1914, "Port Town": 2100, "Temple of Enlightenment": 2781, "Jace, Architect of Thought_SB": 1455, "No Witnesses_SB": 1915, "Ayara, First of Locthwain": 167, "Brain Maggot": 322, "Erebos, Bleak-Hearted": 890, "Infernal Grasp": 1392, "Phyrexian Arena": 2063, "Underworld Dreams": 3018, "Corrupt_SB": 570, "Whack_SB": 3184, "Cinder Glade": 488, "Enter the Unknown": 884, "Mirrorwing Dragon": 1800, "Silverfur Partisan": 2512, "Temple of Abandon": 2780, "Young Pyromancer": 3250, "Zada, Hedron Grinder": 3255, "Temur Battle Rage_SB": 2793, "Turn Inside Out_SB": 2978, "Unnatural Moonrise_SB": 3036, "Night of the Sweets' Revenge": 1889, "Savor": 2367, "Thornvault Forager": 2875, "Tough Cookie": 2943, "Feed the Cycle_SB": 979, "Life Goes On_SB": 1637, "Savor_SB": 2368, "Abandoned Campground": 0, "Dollmaker's Shop // Porcelain Gallery": 745, "Grand Entryway // Elegant Rotunda": 1218, "Gremlin Tamer": 1230, "Inquisitive Glimmer": 1401, "Lionheart Glimmer": 1665, "Niko, Light of Hope": 1894, "Oppressive Rays": 1970, "Builder's Talent_SB": 359, "Divine Resilience_SB": 738, "Fear of Impostors_SB": 970, "Kitnap_SB": 1542, "Minor Misstep_SB": 1791, "Paladin Class_SB": 2022, "Stay Hidden, Stay Silent_SB": 2657, "Badlands Revival": 175, "Fertile Thicket": 988, "Festerleech": 991, "Foul Orchard": 1052, "Gix's Command": 1143, "Golgari Guildgate": 1207, "Hedge Shredder": 1298, "Hero's Downfall": 1314, "Jungle Hollow": 1474, "Quilled Greatwurm": 2153, "Slice from the Shadows": 2552, "Frantic Strength_SB": 1066, "Stab_SB": 2649, "Vraska's Fall_SB": 3138, "Mishra's Foundry": 1803, "Ultimate Price": 3001, "Unexpected Fangs": 3019, "Vadmir, New Blood": 3059, "Extract a Confession_SB": 929, "Kitesail Freebooter_SB": 1538, "Pilfer_SB": 2079, "Alesha, Who Laughs at Fate": 53, "Davriel, Rogue Shadowmage": 631, "Fell": 984, "Grasp of Darkness": 1220, "Master of Cruelties": 1746, "Rakdos, the Muscle": 2170, "Razorlash Transmogrant": 2197, "Razortrap Gorge": 2198, "Seize the Spoils": 2426, "Illness in the Ranks_SB": 1374, "Kaervek, the Spiteful_SB": 1477, "Painful Quandary_SB": 2018, "Witch's Vengeance_SB": 3206, "Eddymurk Crab": 818, "Haughty Djinn": 1277, "Stormwing Entity": 2678, "Gnarled Scarhide": 1166, "Madcap Skills": 1704, "Minotaur Skullcleaver": 1792, "Mogis's Marauder": 1812, "Rakdos Cackler": 2165, "Rakdos Shred-Freak": 2169, "Spike Jester": 2622, "Tormented Hero": 2936, "Doom Blade_SB": 748, "Ultimate Price_SB": 3002, "Consuming Aberration": 557, "Contaminated Aquifer": 562, "Didn't Say Please": 717, "Dimir Guildgate": 720, "Dreadwaters": 782, "Duskmantle Guildmage": 809, "Fell Specter": 985, "Jhessian Thief": 1467, "Mind Carver": 1785, "Mind Drain": 1786, "Murder": 1843, "Nezumi Informant": 1882, "Orzhov Racketeers": 1980, "Painful Quandary": 2017, "Paranoid Delusions": 2028, "Pilfered Plans": 2080, "Psychic Strike": 2135, "Razzle-Dazzler": 2200, "Read the Bones": 2201, "Sleep": 2549, "The Mindskinner": 2841, "Typhoid Rats": 2988, "Wall of Frost": 3148, "Witness Protection": 3214, "Aspect of Lamprey_SB": 141, "Blood Pact_SB": 264, "Crypt Incursion_SB": 603, "Dreadwaters_SB": 783, "Frogify_SB": 1072, "Mocking Sprite_SB": 1809, "Professor's Warning_SB": 2121, "Rogue's Gloves_SB": 2313, "Sinister Possession_SB": 2522, "Solemn Simulacrum_SB": 2578, "Sphinx of Magosi_SB": 2616, "Thieving Otter_SB": 2864, "Unlikely Aid_SB": 3032, "Zombify_SB": 3268, "Coruscation Mage": 571, "Aethersphere Harvester_SB": 33, "Burning Hands_SB": 367, "Giant Cindermaw_SB": 1125, "Lightning Mare_SB": 1649, "Wrangle_SB": 3230, "Ancient Imperiosaur": 69, "Belligerent Yearling": 219, "Fight Rigging": 1001, "Intrepid Paleontologist": 1424, "Ixalli's Lorekeeper": 1447, "Palani's Hatcher": 2023, "Regisaur Alpha": 2235, "Restless Ridgeline": 2267, "Shifting Ceratops": 2475, "Triumphant Chomp": 2970, "Shifting Ceratops_SB": 2476, "Thrashing Brontodon_SB": 2889, "Triumphant Chomp_SB": 2971, "Goblin Boarders": 1178, "Goblin Heelcutter": 1182, "Goblin Negotiation": 1186, "Goblin Surprise": 1191, "Goblinslide": 1197, "Guttersnipe": 1248, "Hellraiser Goblin": 1304, "Impact Tremors": 1379, "Pyrewild Shaman": 2139, "Redcap Gutter-Dweller": 2222, "Rigging Runner": 2284, "Subterranean Scout": 2694, "War Squeak": 3151, "Frenzied Goblin_SB": 1070, "Goblin Boarders_SB": 1179, "Goblin Surprise_SB": 1192, "Rundvelt Hordemaster_SB": 2334, "Searslicer Goblin_SB": 2410, "Siege-Gang Commander_SB": 2499, "Cruel Somnophage": 594, "Mercurial Spelldancer": 1768, "Mind Sculpt": 1787, "Ruin Crab": 2330, "Sign in Blood": 2502, "Syr Konrad, the Grim": 2746, "Bitter Chill_SB": 233, "Chart a Course_SB": 479, "See Double_SB": 2418, "Sphinx's Tutelage_SB": 2621, "Terisian Mindbreaker_SB": 2797, "Armored Kincaller": 126, "Burning Sun Cavalry": 368, "Captivating Cave": 393, "Cavern Stomper": 437, "Colossadactyl": 527, "Dinotomaton": 722, "Disturbed Slumber": 734, "Earthshaker Dreadmaw": 813, "Hidden Nursery": 1320, "Nurturing Bristleback": 1930, "Over the Edge": 1998, "Panicked Altisaur": 2025, "Pathfinding Axejaw": 2039, "Poison Dart Frog": 2094, "Promising Vein": 2126, "Rampaging Ceratops": 2181, "Rumbling Rockslide": 2332, "Scytheclaw Raptor": 2398, "Seeker of Sunlight": 2422, "Seismic Monstrosaur": 2424, "Walk with the Ancestors": 3147, "Bristling Backwoods": 345, "Deeproot Champion": 665, "Quirion Dryad": 2156, "Domri's Ambush_SB": 746, "Cast Out": 410, "Reptilian Reflection": 2249, "Irencrag Pyromancer_SB": 1438, "Nahiri's Resolve": 1856, "Thousand Moons Smithy": 2882, "Tinker's Tote": 2907, "Dusk Rose Reliquary_SB": 808, "Unidentified Hovership_SB": 3027, "Case of the Crimson Pulse": 402, "Vindictive Flamestoker_SB": 3096, "Garruk's Harbinger": 1091, "Inscription of Abundance": 1404, "Lifecrafter's Bestiary": 1640, "Feed the Clan_SB": 977, "Skyreaping_SB": 2543, "Dazzling Angel": 640, "Divine Smite": 739, "Exemplar of Light": 913, "Firemane Avenger": 1009, "Wind-Scarred Crag": 3199, "Bomat Courier": 289, "Falkenrath Gorger": 951, "Foreboding Ruins": 1040, "Forerunner of Slaughter": 1043, "Olivia, Mobilized for War": 1955, "Unlicensed Disintegration": 3029, "Rakdos Charm_SB": 2166, "Shock_SB": 2484, "Transgress the Mind_SB": 2952, "Briarbridge Tracker": 335, "Hard-Hitting Question": 1266, "Subterranean Schooner": 2693, "Teething Wurmlet": 2774, "Vineglimmer Snarl": 3097, "Briarbridge Tracker_SB": 336, "Hard-Hitting Question_SB": 1267, "Island_SB": 1443, "Unsummon_SB": 3041, "Gingerbread Cabin": 1140, "Rampage of the Clans": 2180, "Hangarback Walker_SB": 1262, "Earthshaker Khenra": 814, "Mirran Banesplitter": 1794, "Rimrock Knight": 2286, "Azorius Guildgate": 171, "Boros Guildgate": 310, "Gate Colossus": 1097, "Gatebreaker Ram": 1098, "Gates Ablaze": 1099, "Gateway Plaza": 1101, "Glaive of the Guildpact": 1147, "Gruul Guildgate": 1240, "Guild Summit": 1246, "Hour of Promise": 1356, "Izzet Guildgate": 1450, "Maze's End": 1754, "Open the Gates": 1968, "Orzhov Guildgate": 1979, "Plaza of Harmony": 2090, "Rakdos Guildgate": 2167, "Selesnya Guildgate": 2428, "Simic Guildgate": 2517, "Thran Portal": 2886, "Archway Angel_SB": 121, "Crackling Perimeter_SB": 581, "Strategic Planning": 2684, "Wandering Fumarole": 3149, "Essence Scatter_SB": 904, "Frantic Firebolt_SB": 1063, "Behold the Multiverse": 217, "Saw It Coming": 2370, "Thirst for Discovery": 2870, "Primal Might": 2116, "Experiment One_SB": 920, "Toxin Analysis_SB": 2945, "Shoot the Sheriff": 2485, "Smoldering Marsh": 2563, "Banehound": 188, "Curator of Mysteries": 616, "Mire Triton": 1793, "Rush of Vitality_SB": 2342, "Goblin Blast-Runner": 1177, "Implement of Combustion": 1381, "Krenko, Baron of Tin Street": 1576, "Voltage Surge": 3129, "Sunshot Militia_SB": 2716, "Essence Scatter": 903, "Flow of Knowledge": 1031, "Quick Study_SB": 2151, "Shifting Grift_SB": 2477, "Stern Lesson": 2665, "Roast_SB": 2308, "Arcane Infusion": 104, "Xenagos, God of Revels": 3235, "Aetherize_SB": 32, "Into the Roil_SB": 1421, "Volcanic Spite_SB": 3124, "Zetalpa, Primal Dawn_SB": 3263, "Flame-Blessed Bolt_SB": 1015, "Ral, Izzet Viceroy_SB": 2175, "You See a Guard Approach_SB": 3248, "Aether Hub": 29, "Attune with Aether": 153, "Gather the Pack": 1104, "Lotleth Troll": 1688, "Cragplate Baloth_SB": 584, "Plains_SB": 2087, "Sporeweb Weaver_SB": 2639, "Beastie Beatdown": 211, "Return to Nature_SB": 2276, "Alseid of Life's Bounty": 61, "Hateful Eidolon": 1276, "Karametra's Blessing": 1492, "Agent of the Fates_SB": 43, "Dead Weight_SB": 643, "Eriette of the Charmed Apple_SB": 891, "Pacifism_SB": 2015, "Evolving Wilds": 911, "Good-Fortune Unicorn": 1209, "Mossborn Hydra": 1833, "Ochre Jelly": 1948, "Sylvan Scavenging": 2742, "Wildwood Scourge": 3194, "Gaea's Gift_SB": 1084, "Gnarlid Colony_SB": 1167, "Inscription of Abundance_SB": 1405, "Trash the Town_SB": 2956, "Bristling Hydra": 346, "Electrostatic Pummeler": 838, "Fling": 1024, "Ghor-Clan Rampager": 1120, "Harnessed Lightning": 1272, "Servant of the Conduit": 2442, "Axebane Ferox_SB": 165, "Deathgorge Scavenger_SB": 652, "Gruul Spellbreaker_SB": 1241, "Insult // Injury_SB": 1414, "Wilt_SB": 3198, "Legion Angel": 1613, "Legion Angel_SB": 1614, "Gideon's Triumph_SB": 1134, "Demonic Pact": 683, "Doom Foretold": 749, "Hopeful Vigil": 1346, "Kaya's Wrath": 1506, "Sigil of the Empty Throne": 2501, "Spirit-Sister's Call": 2631, "Banishing Light_SB": 193, "Cast Out_SB": 411, "Dreadhorde Invasion_SB": 779, "Trespasser's Curse_SB": 2964, "Arashin Foremost": 100, "Blood-Chin Rager": 266, "Chief of the Edge": 481, "Gutterbones": 1247, "Mardu Strike Leader": 1734, "Mardu Woe-Reaper": 1735, "Rally the Ranks": 2177, "Secure the Wastes": 2417, "Usher of the Fallen": 3058, "Bedlam Reveler": 215, "Warlord's Fury": 3157, "Ox of Agonas_SB": 2013, "Commit // Memory": 539, "Angel of Invention": 70, "Combat Celebrant": 532, "God-Pharaoh's Gift": 1198, "Refurbish": 2229, "Arashin Cleric_SB": 99, "Think Twice": 2867, "Sphinx's Revelation_SB": 2619, "Spinner of Souls_SB": 2627, "Seal from Existence": 2404, "Ghostly Dancers_SB": 1123, "Seal from Existence_SB": 2405, "Connive // Concoct_SB": 550, "Torrential Gearhulk_SB": 2941, "Outrageous Robbery": 1995, "Hullbreaker Horror": 1360, "Boltwave_SB": 288, "Fatal Grudge": 960, "Jace, Vryn's Prodigy_SB": 1457, "Gnarlroot Trapper": 1168, "Valley Floodcaller_SB": 3071, "Valorous Stance_SB": 3074, "Pillage the Bog_SB": 2082, "Aether Channeler": 26, "Foul Emissary": 1051, "Sublime Epiphany": 2692, "Fiery Annihilation_SB": 997, "Reckless Stormseeker_SB": 2215, "Arahbo, the First Fang": 98, "Felidar Cub": 982, "Feline Sovereign": 983, "Sacred Cat": 2344, "Savannah Lions": 2366, "Archfiend of Depravity": 112, "Archfiend of Depravity_SB": 113, "Fade from History_SB": 941, "Loot, Exuberant Explorer": 1677, "Quicken": 2152, "Banish into Fable": 190, "Reluctant Role Model": 2241, "Furnace Punisher": 1079, "March of Swirling Mist": 1730, "Invasive Surgery_SB": 1432, "The Scarab God_SB": 2848, "Pieces of the Puzzle": 2077, "Stormsplitter": 2677, "Thousand-Year Storm": 2884, "Cathartic Pyre_SB": 426, "Tamiyo, Collector of Tales_SB": 2760, "Michiko's Reign of Truth": 1779, "Rite of Oblivion": 2294, "Tinybones, the Pickpocket": 2910, "Agatha of the Vile Cauldron": 38, "Bard Class": 197, "Hajar, Loyal Bodyguard": 1253, "Migloz, Maze Crusher": 1782, "Ruby, Daring Tracker": 2329, "Samut, Vizier of Naktamun": 2352, "Targ Nar, Demon-Fang Gnoll": 2766, "Xenagos, the Reveler": 3237, "Fear of Abduction": 968, "Overwhelming Remorse_SB": 2011, "Brotherhood's End": 352, "Return the Favor_SB": 2275, "Gloomshrieker": 1163, "Dennick, Pious Apprentice_SB": 689, "Anthem of Champions_SB": 90, "Sire of Seven Deaths_SB": 2526, "Dissection Tools": 733, "Dollmaker's Shop && Porcelain Gallery": 744, "Kami of Transience": 1490, "Surgical Suite && Hospital Room_SB": 2726, "Regal Bunnicorn": 2231, "Ashiok, Wicked Manipulator": 138, "Protect the Negotiators_SB": 2133, "Ajani, Strength of the Pride": 48, "Case of the Uneaten Feast": 408, "Trelasarra, Moon Dancer": 2963, "Floriferous Vinewall": 1029, "Urborg Lhurgoyf": 3051, "Aether Channeler_SB": 27, "Zephyr Sentinel_SB": 3261, "Kambal, Consul of Allocation": 1487, "Tectonic Hazard_SB": 2773, "Harmonious Archon": 1270, "Sandstorm Salvager": 2358, "Kayla's Reconstruction_SB": 1513, "Surrak Dragonclaw": 2727, "Frantic Scapegoat": 1064, "Ritual of Soot": 2297, "Inscription of Ruin": 1406, "Callous Sell-Sword_SB": 387, "Destroy Evil": 705, "Serra Paragon_SB": 2441, "Breeding Pool_SB": 334, "Woodland Bellower": 3222, "Heartflame Duelist": 1294, "Inspiring Veteran": 1413, "Knight of Dusk's Shadow": 1548, "Knight of the Ebon Legion": 1552, "Tournament Grounds": 2944, "Venerable Knight": 3088, "Worthy Knight": 3229, "Knight of Dusk's Shadow_SB": 1549, "Filter Out": 1004, "Chance for Glory": 457, "Teferi, Who Slows the Sunset": 2778, "Bag of Holding_SB": 177, "Zirda, the Dawnwaker_SB": 3265, "Despise_SB": 702, "Lifebane Zombie_SB": 1639, "Sunspine Lynx": 2717, "Light Up the Stage_SB": 1642, "God-Pharaoh's Statue_SB": 1199, "Smuggler's Surprise_SB": 2566, "Wakeroot Elemental_SB": 3146, "Cindervines": 490, "Fetid Pools": 992, "Silvergill Adept": 2514, "Triton Shorestalker": 2968, "The Flame of Keld": 2830, "Wakeroot Elemental": 3145, "Dreadbore": 774, "Nicol Bolas, the Ravager": 1886, "Omen of the Forge": 1959, "The Kami War": 2835, "Isareth the Awakener": 1441, "Legion Extruder_SB": 1616, "This Town Ain't Big Enough": 2872, "Remorseful Cleric": 2242, "Nissa, Who Shakes the World": 1904, "Nahiri's Warcrafting_SB": 1857, "Depala, Pilot Exemplar": 690, "Magda, Brazen Outlaw": 1709, "Magda, the Hoardmaster": 1710, "Roaming Throne": 2303, "Veteran Motorist": 3093, "The Royal Scions": 2846, "Unauthorized Exit_SB": 3009, "Bilious Skulldweller": 227, "Chevill, Bane of Monsters": 480, "Fynn, the Fangbearer": 1083, "Ghost Vacuum": 1121, "Heroic Intervention": 1315, "Malakir Rebirth": 1717, "Wasteland Viper": 3164, "Infectious Bite_SB": 1391, "Akal Pakal, First Among Equals": 50, "Courser of Kruphix": 577, "Simic Manipulator": 2518, "Timestream Navigator": 2906, "Azure Beastbinder_SB": 173, "Mockingbird_SB": 1811, "Simic Manipulator_SB": 2519, "Trygon Predator_SB": 2975, "Vivien, Champion of the Wilds_SB": 3110, "Caretaker's Talent_SB": 396, "Fountainport_SB": 1060, "Rite of Oblivion_SB": 2295, "Kogla, the Titan Ape": 1560, "Cavalier of Thorns_SB": 435, "Ulvenwald Oddity_SB": 3004, "Sylvan Awakening": 2738, "Crumbling Vestige": 600, "The Mightstone and Weakstone_SB": 2840, "Kogla and Yidaro_SB": 1559, "Kogla and Yidaro": 1558, "Trumpeting Carnosaur_SB": 2974, "Last Breath_SB": 1599, "Dusk // Dawn_SB": 805, "Thunderherd Migration": 2898, "Boros Elite": 309, "Guardian of New Benalia": 1245, "Mobilized District": 1808, "Precinct Captain": 2114, "Soldier of the Pantheon": 2577, "Spellbook Vendor": 2614, "Sungold Sentinel": 2708, "Banisher Priest_SB": 191, "Bounty Agent_SB": 320, "Rally the Ranks_SB": 2178, "Wicked Wolf_SB": 3189, "Overlord of the Mistmoors_SB": 2009, "Renegade Tactics": 2247, "Fear of Isolation": 971, "Tinybones Joins Up": 2908, "Built to Smash": 360, "Wayward Guide-Beast": 3168, "Voldaren Thrillseeker_SB": 3127, "Siphon Insight_SB": 2523, "Glorious Protector_SB": 1164, "Imodane's Recruiter_SB": 1378, "Into the Story": 1422, "Niambi, Esteemed Speaker_SB": 1883, "The Wandering Rescuer_SB": 2857, "Lavinia, Azorius Renegade_SB": 1604, "Syr Ginger, the Meal Ender_SB": 2745, "Augur of Bolas": 156, "Essence Flux": 902, "Apostle of Purifying Light": 92, "Glass Casket": 1150, "Thran Power Suit": 2887, "Treacherous Blessing_SB": 2959, "Umori, the Collector_SB": 3005, "Glass Casket_SB": 1151, "Grasp of Darkness_SB": 1221, "Necrotic Wound": 1874, "Souls of the Lost": 2599, "Necrotic Wound_SB": 1875, "Souls of the Lost_SB": 2600, "Kappa Tech-Wrecker": 1491, "Eldrazi Displacer_SB": 834, "Experimental Augury": 921, "Fleeting Spirit": 1020, "Lore Drakkis": 1684, "Open the Omenpaths": 1969, "Vadrok, Apex of Thunder": 3060, "Crucible of Worlds": 593, "Destiny Spinner": 703, "Sin Collector_SB": 2521, "Cult Conscript": 611, "Mutavault_SB": 1850, "Mukotai Ambusher_SB": 1842, "Cleansing Wildfire_SB": 505, "Vanish into Eternity_SB": 3078, "Tribute to Horobi": 2966, "Hunter's Talent_SB": 1363, "Vengeful Possession": 3091, "Hidetsugu's Second Rite_SB": 1325, "Nurturing Pixie": 1931, "Malcolm, Alluring Scoundrel": 1718, "Preacher of the Schism_SB": 2113, "Pia Nalaar, Consul of Revival": 2073, "Showdown of the Skalds": 2491, "Bassara Tower Archer": 204, "Cloudsteel Kirin": 514, "Lizard Blades": 1668, "Searing Blood": 2407, "Bomat Courier_SB": 290, "Magma Spray_SB": 1714, "Stalactite Stalker": 2651, "Lamplight Phoenix_SB": 1594, "Pawpatch Recruit_SB": 2045, "Soul Transfer": 2592, "Omen of the Dead": 1957, "Sentinel of the Nameless City_SB": 2437, "Ayara's Oathsworn": 166, "Sharp-Eyed Rookie": 2463, "Council of the Absolute_SB": 574, "Adventurous Impulse": 24, "Arcane Proxy": 105, "Chrome Host Seedshark": 486, "See the Truth": 2419, "Ambitious Farmhand": 64, "Cascading Cataracts": 401, "Helpful Hunter": 1306, "Thalia's Lancers": 2807, "Wilt-Leaf Liege_SB": 3197, "Augur of Autumn_SB": 155, "Lavabrink Venturer_SB": 1601, "Thalia and The Gitrog Monster": 2806, "Dreadbore_SB": 775, "Cavalier of Dawn": 432, "Kotose, the Silent Spider": 1570, "Fanatic of Mogis": 954, "Solphim, Mayhem Dominus": 2581, "Shatterskull Smashing_SB": 2466, "Recommission": 2220, "Prosperous Thief_SB": 2132, "Barkhide Troll": 199, "Gather Courage": 1102, "Tribute to the World Tree": 2967, "Setessan Tactics_SB": 2445, "Oblivious Bookworm": 1942, "Cerulean Drake_SB": 451, "Bladehold War-Whip": 244, "Nahiri, Forged in Fury": 1858, "Sword of Forge and Frontier": 2736, "Rebel Salvo_SB": 2208, "Bloodthirsty Conqueror": 273, "Dina, Soul Steeper": 721, "Dryad of the Ilysian Grove": 801, "Jaddi Offshoot": 1461, "Mirrorpool": 1797, "Retreat to Hagra": 2273, "Bristly Bill, Spine Sower_SB": 348, "Undergrowth Champion_SB": 3017, "Silverback Elder": 2510, "Silverback Elder_SB": 2511, "Celestial Armor": 443, "Etali, Primal Conqueror": 905, "Deputy of Detention_SB": 695, "Massacre Wurm": 1744, "Perilous Snare": 2052, "Repurposing Bay_SB": 2252, "Momentum Breaker_SB": 1818, "Patchwork Automaton": 2034, "Birgi, God of Storytelling": 228, "Crater's Claws": 588, "Zurgo Bellstriker_SB": 3274, "Greasewrench Goblin": 1227, "Moonshaker Cavalry_SB": 1829, "Hare Apparent": 1269, "Zareth San, the Trickster": 3258, "Mendicant Core, Guidelight": 1766, "Voyager Glidecar": 3135, "Grim Bauble": 1232, "Momentum Breaker": 1817, "Oildeep Gearhulk_SB": 1950, "Count on Luck_SB": 575, "Shacklegeist_SB": 2449, "Monument to Endurance_SB": 1825, "Valor's Flagship": 3073, "Sab-Sunen, Luxa Embodied": 2343, "Liliana, Heretical Healer_SB": 1657, "Chaplain of Alms": 472, "Rune of Might": 2335, "Brightglass Gearhulk": 338, "Dredger's Insight": 790, "Dreadhorde Arcanist_SB": 777, "Archfiend's Vessel": 116, "Merfolk Secretkeeper": 1769, "Coalstoke Gearhulk": 515, "Ossification_SB": 1983, "Memory Guardian": 1764, "Grim Bauble_SB": 1233, "Djeru's Renunciation": 741, "Marauding Mako": 1725, "Monument to Endurance": 1824, "Sunbillow Verge": 2701, "Mastermind's Acquisition": 1747, "Behold the Multiverse_SB": 218, "Ketramose, the New Dawn_SB": 1531, "Mukotai Ambusher": 1841, "Bloodghast": 269, "Molt Tender": 1814, "Driven // Despair_SB": 792, "Ashiok, Wicked Manipulator_SB": 139, "Anim Pakal, Thousandth Moon": 80, "Basri, Tomorrow's Champion": 203, "Urza's Ruinous Blast_SB": 3055, "The Speed Demon": 2851, "Intimidation Tactics_SB": 1417, "Oildeep Gearhulk": 1949, "Optimistic Scavenger_SB": 1973, "Virtue of Strength": 3105, "Roxanne, Starfall Savant_SB": 2324, "Willowrush Verge": 3195, "Freestrider Lookout": 1068, "Ketramose, the New Dawn": 1530, "Scrabbling Claws": 2389, "Mosswood Dreadknight_SB": 1835, "Commune with Spirits": 542, "Goro-Goro, Disciple of Ryusei": 1210, "Radha, Heart of Keld": 2158, "Redshift, Rocketeer Chief": 2225, "Bleachbone Verge": 251, "Detention Chariot": 708, "Tune Up": 2976, "Kaya the Inexorable_SB": 1503, "Thundering Broodwagon": 2899, "Fearless Swashbuckler": 973, "Gastal Thrillroller": 1096, "Ashiok, Nightmare Weaver": 137, "Jace's Defeat_SB": 1453, "Leyline Binding_SB": 1623, "Hazoret, Godseeker": 1288, "Norin, Swift Survivalist": 1916, "Mindlink Mech_SB": 1789, "Wastewood Verge": 3165, "Avishkar Raceway": 164, "Fuel the Flames_SB": 1077, "Skycrash_SB": 2540, "Murderous Cut": 1845, "Anguished Unmaking_SB": 79, "Drownyard Temple": 799, "Quag Feast": 2144, "Boommobile": 302, "Hedron Archive": 1299, "Paradox Engine": 2027, "Portal of Sanctuary": 2104, "Repurposing Bay": 2251, "Terrarion": 2799, "The Mightstone and Weakstone": 2839, "Thran Spider": 2888, "Workshop Assistant": 3224, "Liberator, Urza's Battlethopter_SB": 1634, "Shrapnel Slinger_SB": 2495, "Benthic Biomancer": 220, "Mindspring Merfolk": 1790, "Eaten Alive_SB": 816, "Biting-Palm Ninja_SB": 232, "Kazuul's Toll Collector": 1516, "Immersturm Raider": 1376, "The Speed Demon_SB": 2852, "Harrier Strix": 1273, "Hypnotic Grifter": 1367, "The Reality Chip": 2844, "Training Grounds": 2949, "Basilisk Collar_SB": 201, "Burnout Bashtronaut": 370, "Draconautics Engineer": 760, "Howlsquad Heavy": 1357, "Volley Veteran_SB": 3128, "Swiftfoot Boots_SB": 2735, "Stock Up": 2667, "Liliana, the Last Hope_SB": 1659, "Riverpyre Verge": 2300, "Concealing Curtains": 544, "Riptide Gearhulk_SB": 2291, "Blade Historian": 241, "Pyre of Heroes": 2138, "Night Clubber_SB": 1888, "Aegis Turtle_SB": 25, "Ride's End": 2282, "Analyze the Pollen": 66, "Cleansing Wildfire": 504, "Crumble to Dust": 599, "Encroaching Wastes": 871, "Gnottvold Slumbermound": 1170, "Haphazard Bombardment": 1265, "Jaya's Greeting": 1463, "Ravager Wurm": 2192, "Rowan, Scholar of Sparks": 2323, "Rubble Reading": 2327, "Sheltered Thicket": 2468, "Structural Distortion": 2688, "Sylvan Primordial": 2741, "Territory Forge": 2800, "Twin Bolt": 2981, "Herbology Instructor_SB": 1312, "Nissa's Defeat_SB": 1899, "Peak Eruption_SB": 2046, "Scrabbling Claws_SB": 2390, "Battle at the Bridge": 206, "Spire of Industry": 2628, "Battle at the Bridge_SB": 207, "Borrowed Hostility": 311, "Barbed Batterfist": 196, "Webstrike Elite": 3174, "Demilich_SB": 678, "Progenitor Mimic": 2124, "Banefire": 186, "Steel Seraph": 2661, "Violent Urge_SB": 3100, "Boon of Boseiju": 303, "Esika's Chariot_SB": 899, "Regal Imperiosaur": 2234, "Champion of the Perished": 456, "Cryptbreaker": 604, "Dark Salvation": 626, "Dread Wanderer": 773, "Relentless Dead": 2239, "Wayward Servant": 3169, "Zahur, Glory's Past": 3257, "Fighter Class": 1003, "Chainsaw_SB": 455, "Nettle Guard_SB": 1880, "Sword of Forge and Frontier_SB": 2737, "Expedition Map_SB": 918, "Stock Up_SB": 2668, "Maximize Velocity": 1751, "Birgi, God of Storytelling_SB": 229, "Samut's Sprint": 2350, "Omen of the Dead_SB": 1958, "Lazav, Wearer of Faces": 1606, "Medomai the Ageless": 1759, "Riptide Gearhulk": 2290, "Carnage Tyrant": 397, "Gather Courage_SB": 1103, "Etali, Primal Conqueror_SB": 906, "Feather, the Redeemed": 974, "Feather, the Redeemed_SB": 975, "Dewdrop Cure": 713, "Healer's Hawk": 1290, "Linden, the Steadfast Queen": 1660, "Rogue's Passage": 2314, "Ruin-Lurker Bat": 2331, "Afterburner Expert": 35, "Adorned Pouncer": 22, "Roadside Reliquary": 2302, "Nissa, Ascended Animist_SB": 1901, "Keruga, the Macrosage": 1527, "Twinshot Sniper": 2984, "Twinshot Sniper_SB": 2985, "Anzrag, the Quake-Mole": 91, "Satoru Umezawa": 2361, "Cry of the Carnarium": 601, "Kaya, Orzhov Usurper": 1509, "Calamity's Wake_SB": 381, "Out of Air_SB": 1989, "Spontaneous Mutation_SB": 2638, "Sunder the Gateway": 2703, "Knight of Grace": 1550, "Bladestitched Skaab": 245, "Lazotep Reaver": 1609, "Enduring Tenacity_SB": 879, "Rocketeer Boostbuggy": 2309, "Chandra, Spark Hunter_SB": 467, "Phoenix Chick": 2061, "Mortify": 1831, "Gix's Command_SB": 1144, "Sorin the Mirthless_SB": 2586, "Fuel the Flames": 1076, "Graf Reaver_SB": 1213, "Kraul Whipcracker_SB": 1573, "Dive Down_SB": 737, "Fear of Impostors": 969, "Riptide Chimera": 2289, "Witchstalker_SB": 3209, "Demonic Bargain": 681, "Blood Spatter Analysis": 265, "Soul-Scar Mage_SB": 2596, "Osseous Sticktwister": 1981, "Korvold, Fae-Cursed King_SB": 1569, "Dive Down": 736, "Jace Reawakened_SB": 1452, "Blessed Defiance": 254, "Seasoned Hallowblade": 2413, "The Mycosynth Gardens": 2842, "Alrund's Epiphany": 60, "Loot, the Pathfinder": 1678, "Burning Earth_SB": 366, "Fugitive Codebreaker": 1078, "Tireless Tracker_SB": 2911, "Invasion of New Phyrexia_SB": 1430, "Tangled Florahedron": 2765, "Healer of the Glade_SB": 1289, "Tale's End_SB": 2753, "Gisa, the Hellraiser_SB": 1141, "Ride's End_SB": 2283, "Omen of the Sun_SB": 1962, "Seeker of the Way_SB": 2423, "Redcap Melee": 2223, "Commence the Endgame_SB": 536, "Beseech the Mirror_SB": 222, "Forbidden Friendship": 1039, "Collective Effort_SB": 522, "Perilous Snare_SB": 2053, "Setessan Champion": 2443, "Trapped in the Screen": 2954, "Trapped in the Screen_SB": 2955, "Cryptolith Rite": 607, "Bottomless Pool && Locker Room": 316, "Bottomless Pool && Locker Room_SB": 317, "Eidolon of Blossoms_SB": 825, "Knockout Blow": 1555, "Hidetsugu's Second Rite": 1324, "Incubation Druid": 1386, "Mistrise Village": 1806, "Ral Zarek": 2172, "Tamiyo, Field Researcher": 2762, "Kunoros, Hound of Athreos_SB": 1586, "Qarsi Revenant": 2142, "Qarsi Revenant_SB": 2143, "Tersa Lightshatter": 2802, "Dragonfire Blade": 763, "Lavaspur Boots_SB": 1603, "Descendant of Storms": 696, "Cease // Desist": 441, "Cram Session": 585, "Insatiable Avarice": 1402, "The Biblioplex": 2819, "Valgavoth's Onslaught": 3064, "Containment Breach_SB": 559, "Environmental Sciences_SB": 887, "Introduction to Annihilation_SB": 1425, "Mascot Exhibition_SB": 1740, "Pest Summoning_SB": 2058, "Mox Jasper": 1840, "Mistrise Village_SB": 1807, "Elspeth, Storm Slayer": 851, "United Battlefront": 3028, "Voice of Victory": 3116, "Sunder the Gateway_SB": 2704, "Voice of Victory_SB": 3117, "Caustic Exhale": 430, "Dispelling Exhale": 731, "Foul-Tongue Invocation": 1053, "Marang River Regent": 1724, "Scavenger Regent": 2378, "Silumgar's Scorn": 2506, "Caustic Exhale_SB": 431, "Strategic Betrayal_SB": 2683, "Cori-Steel Cutter": 567, "Wild Ride": 3190, "Cori-Steel Cutter_SB": 568, "Desperate Measures": 700, "Katilda, Dawnhart Prime": 1501, "Songcrafter Mage": 2583, "Militia Bugler_SB": 1784, "Sunpearl Kirin": 2712, "History of Benalia": 1332, "Rot-Curse Rakshasa": 2319, "Strategic Betrayal": 2682, "Archangel Elspeth": 107, "Painter's Studio && Defaced Gallery": 2020, "This Town Ain't Big Enough_SB": 2873, "Treasure Map": 2961}}