{"vocabulary": {"Battlefield Forge": 203, "Bitter Triumph": 229, "Blackcleave Cliffs": 231, "Blightstep Pathway": 249, "Bloodtithe Harvester": 268, "Concealed Courtyard": 532, "Fable of the Mirror-Breaker": 923, "Fatal Push": 950, "Fear of Missing Out": 961, "Godless Shrine": 1186, "Greasefang, Okiba Boss": 1211, "Liliana of the Veil": 1634, "Overlord of the Balemurk": 1978, "Parhelion II": 2007, "Sacred Foundry": 2321, "Sheoldred, the Apocalypse": 2448, "Skysovereign, Consul Flagship": 2517, "Swamp": 2705, "Takenuma, Abandoned Mire": 2725, "Thoughtseize": 2852, "Duress_SB": 791, "Elesh Norn, Mother of Machines_SB": 831, "Get Lost_SB": 1100, "Kutzil's Flanker_SB": 1571, "Portable Hole_SB": 2080, "Reckoner Bankbuster_SB": 2192, "Unlicensed Hearse_SB": 3004, "Blooming Marsh": 270, "Boseiju, Who Endures": 304, "Castle Locthwain": 407, "Caustic Bronco": 419, "Deathcap Glade": 640, "Field of Ruin": 982, "Forest": 1031, "Glissa Sunslayer": 1144, "Hive of the Eye Tyrant": 1318, "Innkeeper's Talent": 1384, "Llanowar Wastes": 1652, "Mosswood Dreadknight": 1813, "Murderous Rider": 1825, "Mutavault": 1827, "Overgrown Tomb": 1976, "Path of Peril": 2013, "Pillage the Bog": 2058, "Preacher of the Schism": 2088, "Restless Cottage": 2238, "Sheoldred's Edict": 2446, "Sorin the Mirthless": 2558, "Underground Mortuary": 2987, "Urborg, Tomb of Yawgmoth": 3026, "Vraska, Betrayal's Sting": 3108, "Anoint with Affliction_SB": 82, "Back to Nature_SB": 168, "Damping Sphere_SB": 614, "Extinction Event_SB": 916, "Leyline of the Void_SB": 1614, "Path of Peril_SB": 2014, "Castle Ardenvale": 404, "Deduce": 653, "Deserted Beach": 688, "Dovin's Veto": 744, "Eiganjo, Seat of the Empire": 817, "Farewell": 947, "Floodfarm Verge": 1014, "Fountainport": 1045, "Get Lost": 1099, "Hall of Storm Giants": 1241, "Hallowed Fountain": 1242, "Hallowed Moonlight": 1243, "Hengegate Pathway": 1294, "Irrigated Farmland": 1426, "Island": 1428, "Jwari Disruption": 1461, "March of Otherworldly Light": 1710, "Memory Deluge": 1745, "Meticulous Archive": 1759, "Narset, Parter of Veils": 1844, "No More Lies": 1887, "Omen of the Sea": 1936, "Otawara, Soaring City": 1961, "Plains": 2063, "Restless Anchorage": 2236, "Rewind": 2253, "Shark Typhoon": 2436, "Sunfall": 2681, "Supreme Verdict": 2695, "Teferi, Hero of Dominaria": 2749, "Temporary Lockdown": 2764, "The Wandering Emperor": 2826, "Three Steps Ahead": 2862, "Aether Gust_SB": 26, "Beza, the Bounding Spring_SB": 219, "Chrome Host Seedshark_SB": 477, "Dovin's Veto_SB": 745, "Dust Animus_SB": 797, "High Noon_SB": 1313, "Hullbreaker Horror_SB": 1346, "Knockout Blow_SB": 1540, "Mystical Dispute_SB": 1833, "Rest in Peace_SB": 2235, "Yorion, Sky Nomad_SB": 3214, "Blood Crypt": 255, "Callous Sell-Sword": 378, "Claim // Fame": 488, "Den of the Bugbear": 677, "Dreadmaw's Ire": 767, "Emberheart Challenger": 851, "Heartfire Hero": 1279, "Infuriate": 1381, "Kumano Faces Kakkazan": 1566, "Manifold Mouse": 1705, "Monastery Swiftspear": 1801, "Monstrous Rage": 1803, "Mountain": 1815, "Ramunap Ruins": 2160, "Slickshot Show-Off": 2527, "Sokenzan, Crucible of Defiance": 2549, "Sulfurous Springs": 2672, "Claim // Fame_SB": 489, "Feed the Swarm_SB": 970, "Hazoret the Fervent_SB": 1273, "Jegantha, the Wellspring_SB": 1451, "Ob Nixilis, the Adversary_SB": 1915, "Reckless Rage_SB": 2188, "Sheoldred's Edict_SB": 2447, "Thoughtseize_SB": 2853, "Adarkar Wastes": 17, "Curious Obsession": 608, "Geistlight Snare": 1094, "Mausoleum Wanderer": 1733, "Rattlechains": 2164, "Seachrome Coast": 2377, "Shacklegeist": 2424, "Sheltered by Ghosts": 2444, "Slip Out the Back": 2529, "Spectral Sailor": 2581, "Spell Pierce": 2583, "Spell Queller": 2585, "Supreme Phantom": 2694, "Enduring Innocence_SB": 866, "Selfless Spirit_SB": 2410, "Skyclave Apparition_SB": 2511, "Adeline, Resplendent Cathar": 18, "Brutal Cathar": 347, "Cavern of Souls": 429, "Coppercoat Vanguard": 554, "Dauntless Bodyguard": 621, "Hopeful Initiate": 1330, "Mockingbird": 1791, "Recruitment Officer": 2196, "Thalia, Guardian of Thraben": 2781, "Thalia's Lieutenant": 2780, "Anointed Peacekeeper_SB": 84, "Containment Priest_SB": 550, "Wedding Announcement_SB": 3145, "Atraxa, Grand Unifier": 143, "Azor, the Lawbringer": 162, "Bonny Pall, Clearcutter": 290, "Breeding Pool": 325, "Elesh Norn, Mother of Machines": 830, "Enigmatic Incarnation": 870, "Glarb, Calamity's Augur": 1135, "Glasspool Mimic": 1139, "Gloomlake Verge": 1147, "Go for the Throat": 1159, "High Noon": 1312, "Hushwood Verge": 1350, "Indatha Triome": 1373, "Jetmir's Garden": 1454, "Knight of Autumn": 1530, "Kroxa and Kunoros": 1563, "Leyline Binding": 1603, "Nowhere to Run": 1898, "Overgrown Farmland": 1975, "Overlord of the Boilerbilges": 1980, "Overlord of the Floodpits": 1982, "Overlord of the Hauntwoods": 1983, "Raffine's Tower": 2136, "Sanctuary Warden": 2330, "Shipwreck Marsh": 2456, "Skyclave Apparition": 2510, "Spara's Headquarters": 2575, "Temple Garden": 2753, "Titan of Industry": 2886, "Up the Beanstalk": 3020, "Vanishing Verse": 3051, "Watery Grave": 3136, "Zagoth Triome": 3225, "Zur, Eternal Schemer": 3240, "Agent of Treachery_SB": 40, "Archon of Emeria_SB": 114, "Aven Mindcensor_SB": 156, "Demon of Dark Schemes_SB": 670, "Noxious Gearhulk_SB": 1901, "Temporary Lockdown_SB": 2765, "Ancestral Anger": 63, "Turn Inside Out": 2948, "Fatal Push_SB": 951, "Hidetsugu Consumes All_SB": 1308, "Untimely Malfunction_SB": 3016, "Witchstalker Frenzy_SB": 3178, "Battle Cry Goblin": 200, "Cacophony Scamp": 372, "Call of the Death-Dweller": 376, "Conspicuous Snoop": 544, "Goblin Chainwhirler": 1165, "Rundvelt Hordemaster": 2308, "Skirk Prospector": 2503, "Ghost Vacuum_SB": 1108, "Go for the Throat_SB": 1160, "Reckless Bushwhacker_SB": 2185, "Redcap Melee_SB": 2199, "Case of the Stashed Skeleton": 399, "Duress": 790, "Haunted Ridge": 1267, "Hidetsugu Consumes All": 1307, "Ob Nixilis, the Adversary": 1914, "Reckoner Bankbuster": 2191, "Torch the Tower": 2904, "Transmogrify": 2924, "Abrade_SB": 4, "Go Blank_SB": 1157, "Urabrask's Forge_SB": 3023, "Boros Charm": 298, "Inspiring Vantage": 1398, "Lightning Helix": 1628, "Lightning Strike": 1631, "Play with Fire": 2065, "Skewer the Critics": 2502, "Soul-Scar Mage": 2568, "Exquisite Firecraft_SB": 914, "Roiling Vortex_SB": 2290, "Scorching Shot_SB": 2361, "Searing Blood_SB": 2384, "Sheltered by Ghosts_SB": 2445, "Wear // Tear_SB": 3139, "Bishop of Wings": 224, "Branchloft Pathway": 315, "Brushland": 346, "Collected Company": 508, "Elvish Mystic": 846, "Emeria's Call": 854, "Giada, Font of Hope": 1111, "Inspiring Overseer": 1397, "Kayla's Reconstruction": 1497, "Llanowar Elves": 1650, "Razorverge Thicket": 2174, "Resplendent Angel": 2232, "Righteous Valkyrie": 2260, "Carnage Tyrant_SB": 390, "Leyline of Sanctity_SB": 1611, "Pick Your Poison_SB": 2052, "Spirit of the Labyrinth_SB": 2603, "Access Tunnel": 11, "Bloodletter of Aclazotz": 263, "Graveyard Trespasser": 1208, "Heartless Act": 1281, "Invoke Despair": 1421, "Unholy Annex // Ritual Chamber": 2996, "Unstoppable Slasher": 3010, "Ashiok, Dream Render_SB": 129, "Cut Down_SB": 612, "Invoke Despair_SB": 1422, "The Meathook Massacre_SB": 2810, "Beza, the Bounding Spring": 218, "Blast Zone": 239, "Blind Obedience": 250, "Caretaker's Talent": 387, "Carrot Cake": 391, "Collector's Vault": 514, "Elspeth, Sun's Champion": 841, "Sunken Citadel": 2684, "Authority of the Consuls_SB": 153, "Chandra, Awakened Inferno_SB": 453, "Heliod's Intervention_SB": 1287, "Settle the Wreckage_SB": 2423, "Censor": 441, "Change the Equation": 461, "Clearwater Pathway": 496, "Cling to Dust": 501, "Deadly Cover-Up": 633, "Dig Through Time": 706, "Drown in the Loch": 784, "Negate": 1854, "Restless Reef": 2241, "Torrential Gearhulk": 2911, "Undercity Sewers": 2986, "Kalitas, Traitor of Ghet_SB": 1472, "Narset, Parter of Veils_SB": 1845, "Negate_SB": 1855, "Thought Distortion_SB": 2848, "Leyline of Resonance": 1608, "Titan's Strength": 2888, "Case of the Crimson Pulse_SB": 395, "Tormod's Crypt_SB": 2909, "Twinferno_SB": 2953, "Young Pyromancer_SB": 3220, "Cavalier of Thorns": 425, "Invasion of Ixalan": 1414, "Kiora, Behemoth Beckoner": 1520, "Lair of the Hydra": 1576, "Leyline of the Guildpact": 1612, "Nykthos, Shrine to Nyx": 1908, "Old-Growth Troll": 1930, "Outcaster Trailblazer": 1967, "Polukranos Reborn": 2072, "Storm the Festival": 2646, "Ulvenwald Oddity": 2974, "Cityscape Leveler_SB": 486, "Elder Gargaroth_SB": 820, "Prowling Serpopard_SB": 2109, "Scrapshooter_SB": 2369, "Setessan Petitioner_SB": 2420, "The Stone Brain_SB": 2825, "Caustic Bronco_SB": 420, "March of Wretched Sorrow_SB": 1715, "Brazen Borrower": 320, "Darkslick Shores": 619, "Faerie Miscreant": 937, "Floodpits Drowner": 1015, "Kaito Shizuki": 1465, "Kaito, Bane of Nightmares": 1467, "Moon-Circuit Hacker": 1807, "Ornithopter": 1954, "Underground River": 2988, "Aclazotz, Deepest Betrayal_SB": 14, "Spell Pierce_SB": 2584, "Abrupt Decay": 5, "Botanical Sanctum": 307, "Consider": 541, "Fae of Wishes": 932, "Fallaji Archaeologist": 940, "Jace, Vryn's Prodigy": 1442, "Mana Confluence": 1702, "Mox Amber": 1816, "Plaza of Heroes": 2068, "Proft's Eidetic Memory": 2098, "Retraction Helix": 2246, "Rona, Herald of Invasion": 2292, "Tyvar, Jubilant Brawler": 2964, "Abrupt Decay_SB": 6, "Glissa Sunslayer_SB": 1145, "Heartless Act_SB": 1282, "Jace, Wielder of Mysteries_SB": 1444, "Retraction Helix_SB": 2247, "Reckless Rage": 2187, "Blazemire Verge": 241, "Unholy Annex && Ritual Chamber": 2994, "Anger of the Gods_SB": 71, "Arclight Phoenix": 117, "Artist's Talent": 123, "Fiery Impulse": 987, "Galvanic Iteration": 1074, "Lightning Axe": 1626, "Opt": 1947, "Picklock Prankster": 2053, "Riverglide Pathway": 2274, "Shivan Reef": 2458, "Sleight of Hand": 2524, "Spirebluff Canal": 2602, "Steam Vents": 2631, "Stormcarved Coast": 2647, "Temporal Trespass": 2763, "Treasure Cruise": 2931, "Annul_SB": 80, "Brazen Borrower_SB": 321, "Proft's Eidetic Memory_SB": 2099, "Third Path Iconoclast_SB": 2841, "Torch the Tower_SB": 2905, "Elegant Parlor": 827, "Kroxa, Titan of Death's Hunger": 1564, "Charred Foyer && Warped Space_SB": 467, "Liliana of the Veil_SB": 1635, "Vanishing Verse_SB": 3052, "Cathar Commando_SB": 414, "Magebane Lizard_SB": 1694, "Demonic Counsel": 672, "Gifted Aetherborn": 1124, "March of Wretched Sorrow": 1714, "Scourge of the Skyclaves": 2364, "Gifted Aetherborn_SB": 1125, "Archon of Emeria": 113, "Aven Interrupter": 154, "Dromoka's Command": 780, "Elite Spellbinder": 833, "Enduring Innocence": 865, "Kellan, Daring Traveler": 1504, "Shefet Dunes": 2442, "Virtue of Loyalty": 3071, "Werefox Bodyguard": 3149, "Brutal Cathar_SB": 348, "Dromoka's Command_SB": 781, "Elite Spellbinder_SB": 834, "Gideon, Ally of Zendikar_SB": 1123, "The Wandering Emperor_SB": 2827, "Werefox Bodyguard_SB": 3150, "Day's Undoing": 628, "Portable Hole": 2079, "Shark Typhoon_SB": 2437, "Stern Dismissal": 2636, "Chandra's Defeat_SB": 450, "Ledger Shredder_SB": 1594, "Into the Flood Maw": 1405, "Beacon Bolt_SB": 204, "Thassa's Oracle_SB": 2786, "Ghitu Lavarunner": 1105, "Light Up the Stage": 1622, "Spikefield Hazard": 2596, "Wizard's Lightning": 3187, "End the Festivities_SB": 860, "Goblin Chainwhirler_SB": 1166, "Kari Zev's Expertise_SB": 1479, "Rampaging Ferocidon_SB": 2158, "Razorkin Needlehead_SB": 2171, "Rending Volley_SB": 2220, "Sunspine Lynx_SB": 2693, "Enduring Curiosity": 863, "Smuggler's Copter": 2537, "Spyglass Siren": 2617, "Disdainful Stroke_SB": 714, "Faerie Mastermind_SB": 936, "Invasion of Gobakhan": 1412, "Wedding Announcement": 3144, "Split Up_SB": 2609, "Three Steps Ahead_SB": 2863, "Ledger Shredder": 1593, "Abhorrent Oculus_SB": 2, "Brotherhood's End_SB": 345, "Crackling Drake_SB": 570, "Fable of the Mirror-Breaker_SB": 924, "Commune with Dinosaurs": 530, "Copperline Gorge": 555, "Cragcrown Pathway": 572, "Ghalta, Primal Hunger": 1103, "Hulking Raptor": 1344, "Itzquinth, Firstborn of Gishath": 1432, "Karplusan Forest": 1482, "Marauding Raptor": 1709, "Otepec Huntmaster": 1963, "Pugnacious Hammerskull": 2111, "Rampaging Raptor": 2159, "Reckless Stormseeker": 2189, "Ripjaw Raptor": 2263, "Rockfall Vale": 2287, "Stomping Ground": 2643, "Cavern of Souls_SB": 430, "Klothys, God of Destiny_SB": 1529, "Pithing Needle_SB": 2062, "The Akroan War_SB": 2789, "Tranquil Frillback_SB": 2922, "Reidane, God of the Worthy_SB": 2212, "Chandra, Torch of Defiance": 459, "Heroic Reinforcements": 1303, "Monastery Mentor": 1799, "Snow-Covered Island": 2544, "Snow-Covered Mountain": 2545, "Stormchaser's Talent": 2648, "Sundown Pass": 2680, "Third Path Iconoclast": 2840, "Doorkeeper Thrull_SB": 741, "Lightning Helix_SB": 1629, "Sunfall_SB": 2682, "Calamity, Galloping Inferno": 374, "Chained to the Rocks": 443, "Clifftop Retreat": 500, "Glacial Fortress": 1132, "Indomitable Creativity": 1374, "Ketria Triome": 1516, "Mirrex": 1777, "Prismari Command": 2093, "Raugrin Triome": 2166, "Sulfur Falls": 2671, "Valakut Awakening": 3034, "Vaultborn Tyrant": 3056, "Volcanic Spite": 3092, "Portal to Phyrexia_SB": 2083, "Supreme Verdict_SB": 2696, "Valgavoth, Terror Eater_SB": 3039, "Castle Garenbrig": 406, "Defiler of Vigor": 662, "Garruk, Unleashed": 1082, "Garruk's Uprising": 1080, "Gemrazer": 1095, "Hardened Scales": 1254, "Ornery Tumblewagg": 1953, "Questing Beast": 2121, "Railway Brawler": 2138, "Ranger Class": 2161, "The Great Henge": 2803, "The Skullspore Nexus": 2822, "Yorvo, Lord of Garenbrig": 3215, "Destiny Spinner_SB": 693, "Ram Through_SB": 2154, "Anointed Peacekeeper": 83, "Voice of Resurgence": 3083, "Loran of the Third Path_SB": 1661, "Bonecrusher Giant": 287, "Inti, Seneschal of the Sun": 1402, "Restless Vents": 2244, "Screaming Nemesis": 2372, "Bontu's Last Reckoning_SB": 292, "Kolaghan's Command_SB": 1547, "Legion's End_SB": 1600, "Pyroclasm_SB": 2116, "Archfiend of the Dross": 109, "Extinction Event": 915, "Vein Ripper": 3057, "Blot Out_SB": 274, "Anoint with Affliction": 81, "Virtue of Persistence": 3073, "Grafdigger's Cage_SB": 1200, "Harness by Force_SB": 1257, "Nowhere to Run_SB": 1899, "Raze the Effigy_SB": 2169, "The End_SB": 2798, "Withering Torment_SB": 3183, "Brightclimb Pathway": 329, "Caves of Koilos": 431, "Dire Tactics": 711, "Extraction Specialist": 919, "General Kudro of Drannith": 1096, "Kytheon, Hero of Akros": 1575, "Veteran Survivor": 3064, "Aven Interrupter_SB": 155, "Calix, Guided by Fate": 375, "Generous Visitor": 1097, "Jukai Naturalist": 1459, "Optimistic Scavenger": 1948, "Shardmage's Rescue": 2434, "Spirited Companion": 2605, "Unflinching Courage": 2993, "Valgavoth's Lair": 3036, "Weaver of Harmony": 3142, "Deafening Silence_SB": 638, "Declaration in Stone_SB": 652, "Abhorrent Oculus": 1, "Altanak, the Thrice-Called": 59, "Bubble Smuggler": 349, "Drowned Catacomb": 785, "Growing Dread": 1220, "Hauntwoods Shrieker": 1269, "Hedge Maze": 1283, "Hinterland Harbor": 1315, "Long Goodbye": 1655, "Paranormal Analyst": 2006, "Satoru, the Infiltrator": 2338, "Say Its Name": 2347, "Vannifar, Evolved Enigma": 3053, "Cling to Dust_SB": 502, "Heroic Intervention_SB": 1302, "Questing Beast_SB": 2122, "Test of Talents_SB": 2777, "Unable to Scream_SB": 2978, "Atsushi, the Blazing Sky": 145, "Bonehoard Dracosaur": 289, "Dragon Tempest": 749, "Grafdigger's Cage": 1199, "Invasion of Tarkir": 1417, "Manaform Hellkite": 1703, "Reckless Impulse": 2186, "Shatterskull Smashing": 2440, "Shivan Devastator": 2457, "Wrenn's Resolve": 3201, "Fry_SB": 1062, "Sorcerous Spyglass_SB": 2557, "Tears of Valakut_SB": 2746, "Guardian of Faith_SB": 1229, "Arasta of the Endless Web_SB": 96, "Emrakul, the Promised End_SB": 857, "Monstrous Emergence_SB": 1802, "Bushy Bodyguard": 367, "Camellia, the Seedmiser": 380, "Feed the Cycle": 967, "Giant Opportunity": 1116, "Hollow Scavenger": 1322, "Honored Dreyleader": 1326, "Ifnir Deadlands": 1357, "Tear Asunder": 2744, "Valley Rotcaller": 3044, "Vinereap Mentor": 3068, "Wicked Wolf": 3158, "Ygra, Eater of All": 3211, "Cruelclaw's Heist_SB": 587, "Noxious Grasp_SB": 1902, "Overprotect_SB": 1986, "Soul-Guide Lantern_SB": 2567, "Vivien Reid_SB": 3077, "Commencement of Festivities": 526, "Defend the Hearth": 660, "Growth Spiral": 1221, "Pawpatch Formation": 2018, "Sphinx's Tutelage": 2593, "Sultai Charm": 2673, "Tormod's Crypt": 2908, "Winds of Qal Sisma": 3170, "Ertai Resurrected_SB": 883, "Folio of Fancies_SB": 1023, "Pawpatch Formation_SB": 2019, "Sultai Charm_SB": 2674, "Ancient Cornucopia": 64, "Bring to Light": 335, "Deafening Clarion": 636, "Fabled Passage": 925, "Kolaghan's Command": 1546, "Molten Collapse": 1795, "Niv-Mizzet Reborn": 1881, "Niv-Mizzet, Supreme": 1884, "Omnath, Locus of Creation": 1939, "Savai Triome": 2341, "Sylvan Caryatid": 2714, "Tolsimir, Friend to Wolves": 2896, "Unmoored Ego": 3007, "Valki, God of Lies": 3041, "Xander's Lounge": 3203, "Deafening Clarion_SB": 637, "Kambal, Consul of Allocation_SB": 1474, "Krenko's Buzzcrusher_SB": 1558, "Blade of the Oni": 236, "Unholy Annex // Ritual Chamber_SB": 2997, "Change the Equation_SB": 462, "Day's Undoing_SB": 629, "Dream Trawler_SB": 772, "Hallowed Moonlight_SB": 1244, "Screaming Nemesis_SB": 2373, "Blossoming Defense": 271, "Royal Treatment": 2300, "Obliterating Bolt_SB": 1917, "Burning Anger": 357, "Colossal Skyturtle": 518, "Colossification": 520, "Grapple with the Past": 1204, "Haywire Mite": 1270, "Otherworldly Gaze": 1964, "Storm Herald": 2645, "Traverse the Ulvenwald": 2928, "Yavimaya Coast": 3210, "Boseiju, Who Endures_SB": 305, "Haywire Mite_SB": 1271, "Lightning Axe_SB": 1627, "Tamiyo's Safekeeping_SB": 2732, "Cauldron Familiar": 418, "Claim the Firstborn": 490, "Darkbore Pathway": 618, "Deadly Dispute": 635, "Mayhem Devil": 1736, "Scavenger's Talent": 2354, "Witch's Oven": 3175, "Aclazotz, Deepest Betrayal": 13, "Bandit's Talent": 178, "Geier Reach Sanitarium": 1093, "Go Blank": 1156, "Hostile Investigator": 1338, "Waste Not": 3131, "Lukka, Coppercoat Outcast": 1676, "Oath of Nissa": 1912, "Seed of Hope": 2396, "Aetherflux Reservoir_SB": 29, "Into the Flood Maw_SB": 1406, "Mox Amber_SB": 1817, "Rockface Village": 2285, "Infernal Grasp_SB": 1379, "Armed and Armored": 120, "Consulate Dreadnought": 545, "Darksteel Citadel": 620, "Giant Ox": 1117, "Hotshot Mechanic": 1340, "Ingenious Smith": 1383, "Mech Hangar": 1741, "Sram, Senior Edificer": 2621, "Surgehacker Mech": 2700, "Toolcraft Exemplar": 2901, "Unidentified Hovership": 2998, "Unlicensed Hearse": 3003, "March of Otherworldly Light_SB": 1711, "Furnace Reins_SB": 1068, "Dreadhorde Arcanist": 763, "Thing in the Ice_SB": 2838, "Sheoldred, the Apocalypse_SB": 2449, "Goldvein Hydra": 1189, "Turntimber Symbiosis": 2951, "Vivien, Arkbow Ranger": 3078, "Archdruid's Charm_SB": 106, "Cemetery Prowler_SB": 439, "Goldvein Hydra_SB": 1190, "Obstinate Baloth_SB": 1921, "Tail Swipe_SB": 2723, "Fiery Impulse_SB": 988, "Lay Down Arms": 1588, "Prairie Stream": 2087, "Quick Study": 2125, "Search for Azcanta": 2382, "Enduring Curiosity_SB": 864, "Farewell_SB": 948, "Ashiok, Nightmare Muse": 130, "Commit // Memory_SB": 529, "Long Goodbye_SB": 1656, "Murderous Cut_SB": 1824, "Notion Thief_SB": 1896, "Soaring Thought-Thief": 2548, "Thieves' Guild Enforcer": 2835, "Highway Robbery": 1314, "Prismari Command_SB": 2094, "Bala Ged Recovery": 172, "Hidden Strings": 1306, "Lier, Disciple of the Drowned": 1616, "Lotus Field": 1671, "Pore Over the Pages": 2076, "Sylvan Scrying": 2718, "Thespian's Stage": 2832, "Vizier of Tumbling Sands": 3081, "Wish": 3173, "Galvanic Iteration_SB": 1075, "Lier, Disciple of the Drowned_SB": 1617, "Thespian's Stage_SB": 2833, "Dokuchi Silencer_SB": 731, "Trostani, Three Whispers": 2943, "Unholy Annex && Ritual Chamber_SB": 2995, "Professor's Warning": 2096, "Agatha's Soul Cauldron": 37, "Marvin, Murderous Mimic": 1721, "Raucous Theater": 2165, "Tree of Perdition": 2933, "Voldaren Thrillseeker": 3095, "Flicker of Fate": 1010, "Nylea's Presence": 1910, "Overlord of the Mistmoors": 1984, "Sunpetal Grove": 2688, "Woodland Cemetery": 3193, "Yorion, Sky Nomad": 3213, "Bitter Triumph_SB": 230, "Polukranos Reborn_SB": 2073, "Brave the Elements": 318, "Sanguine Evangelist": 2335, "Thornspire Verge": 2846, "Molten Collapse_SB": 1796, "Restless Prairie": 2240, "Divine Smite_SB": 728, "Vivien, Monsters' Advocate_SB": 3080, "Ral, Crackling Wit_SB": 2149, "Baneslayer Angel_SB": 183, "Elspeth's Smite_SB": 838, "Brimaz, King of Oreskos_SB": 332, "Kaheera, the Orphanguard_SB": 1464, "Angel of Serenity": 67, "Enduring Courage": 862, "Linvala, the Preserver": 1642, "Nimble Larcenist": 1871, "Roaring Furnace && Steaming Sauna": 2279, "Entity Tracker_SB": 874, "Ruric Thar, the Unbowed_SB": 2314, "Reflector Mage": 2202, "Reflector Mage_SB": 2203, "Detention Sphere": 698, "Nahiri, the Harbinger": 1837, "Ziatora's Proving Ground": 3233, "Parting Gust_SB": 2009, "Voice of Resurgence_SB": 3084, "Chandra, Dressed to Kill": 454, "Eidolon of the Great Revel": 815, "Hired Claw": 1316, "Leyline of Combustion": 1605, "Magebane Lizard": 1693, "Ojer Axonil, Deepest Might": 1928, "Rampaging Ferocidon": 2157, "Razorkin Needlehead": 2170, "Castle Vantress": 409, "Split Up": 2608, "Destroy Evil_SB": 695, "Kaya, Spirits' Justice_SB": 1496, "Knight of Autumn_SB": 1531, "Unlucky Witness": 3006, "Hostage Taker": 1336, "Krenko's Buzzcrusher": 1557, "Aloe Alchemist": 53, "Atarka's Command": 141, "Burning-Tree Emissary": 361, "Cunning Coyote": 603, "Reckless Bushwhacker": 2184, "Zurgo Bellstriker": 3242, "Claim the Firstborn_SB": 491, "Destructive Revelry_SB": 696, "Shapers' Sanctuary_SB": 2433, "Spelunking": 2588, "Noxious Gearhulk": 1900, "Glistening Deluge_SB": 1146, "Mazemind Tome": 1738, "Cryptic Coat": 596, "Ensoul Artifact": 871, "Legion Extruder": 1597, "Shadowspear": 2427, "Shrapnel Blast": 2469, "Voldaren Epicure": 3094, "Voltage Surge_SB": 3099, "Torbran, Thane of Red Fell": 2903, "Leyline of Combustion_SB": 1606, "Kutzil's Flanker": 1570, "Entity Tracker": 873, "Raffine's Informant": 2135, "Welcoming Vampire": 3147, "Misery's Shadow_SB": 1783, "Callous Bloodmage": 377, "Moon-Blessed Cleric": 1806, "Nimble Larcenist_SB": 1872, "Annul": 79, "Case of the Filched Falcon": 396, "Adanto Vanguard": 15, "Crumb and Get It": 588, "Defiant Strike": 661, "Dragonskull Summit": 754, "Favored Hoplite": 955, "Illuminator Virtuoso": 1361, "Sejiri Shelter": 2403, "Adanto Vanguard_SB": 16, "Crumb and Get It_SB": 589, "Jirina, Dauntless General_SB": 1457, "Baral, Chief of Compliance": 190, "Niv-Mizzet, Parun": 1882, "Thundering Falls": 2872, "Nine Lives_SB": 1874, "Invigorated Rampage": 1420, "Snakeskin Veil": 2540, "Blossoming Defense_SB": 272, "The Meathook Massacre": 2809, "Necromentia_SB": 1850, "Rakdos Joins Up": 2143, "Urabrask's Forge": 3022, "Valgavoth, Terror Eater": 3038, "Sire of Insanity_SB": 2498, "Colossus Hammer": 521, "Fireblade Charger": 997, "Kellan, the Fae-Blooded": 1506, "Kemba, Kha Enduring": 1507, "Open the Armory": 1943, "Resolute Strike": 2231, "Sigarda's Aid": 2475, "Snow-Covered Plains": 2546, "Thud": 2868, "Light of Hope_SB": 1624, "Loran's Escape_SB": 1663, "Surge of Salvation_SB": 2699, "Thud_SB": 2869, "Deification": 665, "Doomskar": 739, "Elspeth Resplendent": 836, "Gideon Blackblade": 1118, "Gideon of the Trials": 1119, "Gideon's Triumph": 1120, "Oath of Kaya": 1911, "Shambling Vent": 2432, "Shattered Sanctum": 2439, "The Birth of Meletis": 2792, "Urza's Sylex": 3029, "Yahenni's Expertise": 3207, "Sunset Revelry_SB": 2690, "Empyrean Eagle": 855, "Hanged Executioner": 1249, "Rally of Wings": 2151, "Selfless Spirit": 2409, "Skycat Sovereign": 2509, "Topplegeist": 2902, "Watcher of the Spheres": 3135, "Errant and Giada_SB": 881, "Fading Hope_SB": 931, "Patch Up_SB": 2010, "Remorseful Cleric_SB": 2218, "Dictate of Kruphix": 704, "Ertai Resurrected": 882, "Faerie Mastermind": 935, "Make Disappear": 1697, "Notion Thief": 1895, "Slitherwisp": 2531, "Blacklance Paragon_SB": 233, "Cunning Nightbonder_SB": 605, "Pawpatch Recruit": 2020, "Cindervines_SB": 481, "Adult Gold Dragon": 21, "Deep-Cavern Bat": 654, "Grisly Salvage": 1219, "Soulflayer": 2570, "Striped Riverwinder": 2662, "Urborg Scavengers": 3025, "Zetalpa, Primal Dawn": 3231, "Savage Summoning_SB": 2340, "Tear Asunder_SB": 2745, "Unmoored Ego_SB": 3008, "Gleaming Geardrake": 1140, "Shadowspear_SB": 2428, "Innkeeper's Talent_SB": 1385, "Embercleave": 849, "Exuberant Fuseling": 921, "Foundry Street Denizen": 1043, "Frenzied Goblin": 1056, "Goblin Piledriver": 1172, "Goblin Rabblemaster": 1173, "Legion Loyalist": 1599, "Dewdrop Cure_SB": 703, "Invasion of Gobakhan_SB": 1413, "Requisition Raid_SB": 2229, "Thalia, Guardian of Thraben_SB": 2782, "Torpor Orb_SB": 2910, "Neoform": 1856, "No One Left Behind": 1889, "Thundertrap Trainer": 2873, "Clever Impersonator": 497, "Horned Loch-Whale": 1333, "Mystic Monastery": 1830, "Quintorius Kand": 2129, "Spark Double": 2576, "Trumpeting Carnosaur": 2944, "Warrant // Warden": 3129, "Keruga, the Macrosage_SB": 1512, "Reduce // Rubble_SB": 2201, "Rockface Village_SB": 2286, "Questing Druid": 2123, "Strict Proctor": 2660, "Archfiend of the Dross_SB": 110, "Thrun, Breaker of Silence_SB": 2867, "Kaito Shizuki_SB": 1466, "Adeline, Resplendent Cathar_SB": 19, "Jadar, Ghoulcaller of Nephalia_SB": 1446, "Case of the Gateway Express": 397, "Gleeful Demolition": 1141, "Imodane's Recruiter": 1363, "Knight-Errant of Eos": 1537, "Needleverge Pathway": 1853, "Novice Inspector": 1897, "Resolute Reinforcements": 2230, "Thraben Inspector": 2857, "Venerated Loxodon": 3060, "Warden of the Inner Sky": 3124, "Thalia, Heretic Cathar_SB": 2784, "Phantom Interference": 2035, "Impulse": 1371, "Dig Through Time_SB": 707, "Niv-Mizzet, Parun_SB": 1883, "Silence_SB": 2479, "Acererak the Archlich": 12, "Gwenna, Eyes of Gaea": 1235, "Honest Rutstein": 1325, "Kinnan, Bonder Prodigy": 1518, "Relic of Legends": 2215, "Tranquil Frillback": 2921, "Otawara, Soaring City_SB": 1962, "Temple of Epiphany": 2756, "Narset's Reversal_SB": 1842, "Outland Liberator": 1968, "Outland Liberator_SB": 1969, "Arboreal Grazer": 97, "Archdruid's Charm": 105, "Dark Petition": 616, "Emergent Ultimatum": 852, "Omniscience": 1941, "Approach of the Second Sun_SB": 90, "Emergent Ultimatum_SB": 853, "Sphinx of the Final Word_SB": 2590, "Voyaging Satyr_SB": 3106, "Discontinuity": 712, "Dream Trawler": 771, "Settle the Wreckage": 2422, "Surge of Righteousness_SB": 2697, "Selfless Glyphweaver": 2405, "Silundi Vision": 2482, "Angrath's Rampage_SB": 72, "Deadly Cover-Up_SB": 634, "Anger of the Gods": 70, "Sweltering Suns_SB": 2708, "Hazoret the Fervent": 1272, "Careful Cultivation": 386, "Courier's Briefcase": 566, "Esika's Chariot": 887, "Declaration in Stone": 651, "Forge Devil_SB": 1033, "Questing Druid_SB": 2124, "Cry of the Carnarium_SB": 593, "Bloodchief's Thirst": 260, "Misery's Shadow": 1782, "Agatha's Soul Cauldron_SB": 38, "Assassin's Trophy_SB": 138, "Fracture_SB": 1048, "Ritual of Soot_SB": 2273, "Devouring Light_SB": 700, "Flip the Switch": 1013, "Get Out": 1101, "Secrets of the Key": 2392, "Kari Zev, Skyship Raider": 1480, "Shadowy Backstreet": 2429, "Demolition Field": 669, "Kalitas, Traitor of Ghet": 1471, "Languish": 1578, "Bandit's Talent_SB": 179, "Wild Slash": 3161, "Metamorphic Alteration_SB": 1758, "Archangel Elspeth_SB": 103, "Kroxa, Titan of Death's Hunger_SB": 1565, "Nighthawk Scavenger_SB": 1867, "Demilich": 667, "Ashen Rider_SB": 126, "Yasharn, Implacable Earth": 3208, "Azure Beastbinder": 166, "Barkchannel Pathway": 193, "Bounding Krasis": 311, "Decimator of the Provinces": 649, "Dreamroot Cascade": 774, "Elder Deep-Fiend": 818, "Fierce Empath": 985, "Insidious Fungus": 1393, "Keen-Eyed Curator": 1502, "Nissa, Vastwood Seer": 1879, "Reclamation Sage": 2193, "Restless Vinestalk": 2245, "Rishkar, Peema Renegade": 2268, "Sentinel of the Nameless City": 2412, "Tishana's Tidebinder": 2884, "Keen-Eyed Curator_SB": 1503, "Sandstalker Moloch_SB": 2332, "Skylasher_SB": 2515, "Chromanticore": 475, "Cragplate Baloth": 573, "Oketra the True": 1929, "Stitcher's Supplier": 2639, "Collective Brutality_SB": 511, "Murderous Rider_SB": 1826, "Cache Grab": 370, "Gilded Goose": 1126, "Tarrian's Journal": 2741, "Dreams of Steel and Oil_SB": 776, "Rush of Adrenaline": 2315, "The Cruelty of Gix": 2795, "Epic Downfall_SB": 877, "Felonious Rage": 975, "Might of the Meek": 1764, "Slickshot Show-Off_SB": 2528, "Ulcerate_SB": 2971, "Silverquill Silencer": 2489, "Phyrexian Fleshgorger": 2044, "Phyrexian Fleshgorger_SB": 2045, "Graveyard Trespasser_SB": 1209, "Authority of the Consuls": 152, "Cave of the Frost Dragon": 427, "Ossification": 1958, "Reidane, God of the Worthy": 2211, "Scavenging Ooze": 2356, "Wolfwillow Haven": 3190, "Forest_SB": 1032, "Dreams of Steel and Oil": 775, "Elder Gargaroth": 819, "Kenrith, the Returned King": 1509, "Smuggler's Surprise": 2538, "Temple of Mystery": 2759, "Zacama, Primal Calamity": 3222, "Dragonlord Dromoka_SB": 753, "Languish_SB": 1579, "March of Swirling Mist_SB": 1713, "Realm-Cloaked Giant_SB": 2179, "Velomachus Lorehold_SB": 3058, "Deep-Cavern Bat_SB": 655, "Nezahal, Primal Tide_SB": 1858, "Overlord of the Boilerbilges_SB": 1981, "Nine Lives": 1873, "Peer into the Abyss": 2024, "Soul Partition": 2562, "Grand Abolisher_SB": 1202, "Zacama, Primal Calamity_SB": 3223, "Lion Sash": 1644, "Roaring Furnace // Steaming Sauna": 2281, "Charred Foyer // Warped Space_SB": 468, "Kick in the Door": 1517, "Mishra's Research Desk": 1785, "Violent Urge": 3069, "Lithomantic Barrage_SB": 1647, "Agent of Treachery": 39, "Lush Portico": 1682, "Brokers Hideout": 342, "Cabaretti Courtyard": 369, "Cosmic Rebirth": 562, "Escape to the Wilds": 886, "Lotus Cobra": 1670, "Nissa, Resurgent Animist": 1878, "Risen Reef": 2267, "Mazemind Tome_SB": 1739, "Heliod, the Radiant Dawn": 1289, "Titan of Industry_SB": 2887, "Casualties of War_SB": 410, "Culling Ritual_SB": 601, "Doomskar_SB": 740, "Kenrith, the Returned King_SB": 1510, "All That Glitters": 51, "Aqueous Form": 91, "Audacity": 148, "Combat Research": 523, "Ethereal Armor": 896, "Gladecover Scout": 1133, "Kaya's Ghostform": 1489, "Light-Paws, Emperor's Voice": 1625, "Stubborn Denial": 2664, "Toadstool Admirer": 2891, "Break the Spell_SB": 323, "Slip Out the Back_SB": 2530, "Warbriar Blessing_SB": 3122, "Bond of Insight": 283, "Lightning Strike_SB": 1632, "Lyra Dawnbringer_SB": 1684, "Elspeth Conquers Death_SB": 835, "Depopulate_SB": 683, "Elspeth's Smite": 837, "Welcoming Vampire_SB": 3148, "Deflecting Palm_SB": 664, "Akroan Crusader": 48, "Clever Lumimancer": 498, "Expedite": 904, "Gods Willing_SB": 1188, "Smash to Smithereens_SB": 2533, "Witchstalker Frenzy": 3177, "Showdown of the Skalds_SB": 2468, "Dreadmaw's Ire_SB": 768, "Eat to Extinction_SB": 802, "Yasharn, Implacable Earth_SB": 3209, "Realmwalker": 2180, "Unable to Scream": 2977, "Silver Raven": 2483, "Summary Dismissal_SB": 2675, "Obzedat, Ghost Council": 1923, "Pest Control_SB": 2033, "Charming Prince": 465, "Ajani, Sleeper Agent_SB": 44, "Nahiri, the Harbinger_SB": 1838, "Bonecrusher Giant_SB": 288, "Fiery Temper": 989, "Hollow One": 1321, "Insolent Neonate": 1395, "Ovalchase Daredevil": 1973, "Scrapheap Scrounger": 2367, "Dreadhorde Invasion": 765, "Filter Out_SB": 993, "Scrapshooter": 2368, "Fog_SB": 1022, "Kenrith's Transformation_SB": 1508, "Skysovereign, Consul Flagship_SB": 2518, "Wolfwillow Haven_SB": 3191, "Alpine Moon_SB": 56, "Improbable Alliance_SB": 1370, "Alpha Authority": 54, "Cartouche of Solidarity": 392, "Gryff's Boon": 1227, "Leyline of Sanctity": 1610, "Sentinel's Eyes": 2414, "Warbriar Blessing": 3121, "Demonic Ruckus": 674, "Hammerhand": 1246, "Ygra, Eater of All_SB": 3212, "Soul Partition_SB": 2563, "Beseech the Mirror": 215, "Rush of Dread": 2316, "Path to the World Tree": 2015, "Collision // Colossus": 515, "Furnace Reins": 1067, "Dragonlord Dromoka": 752, "Bloodletter of Aclazotz_SB": 264, "Come Back Wrong_SB": 524, "Cleansing Nova": 492, "Confounding Riddle": 538, "Coveted Falcon": 568, "Idyllic Tutor": 1356, "Rest in Peace": 2234, "Solemnity": 2552, "Palace Siege_SB": 1997, "Big Score": 220, "Dwarven Mine": 798, "Worldspine Wurm_SB": 3197, "Xenagos, God of Revels_SB": 3205, "Cathar Commando": 413, "Isolated Chapel": 1431, "Loran of the Third Path": 1660, "Tenacious Underdog": 2767, "Rush of Dread_SB": 2317, "Blood Baron of Vizkopa_SB": 254, "Fauna Shaman": 954, "Ray of Enfeeblement_SB": 2168, "Tishana's Tidebinder_SB": 2885, "Phyrexian Censor_SB": 2042, "Assimilation Aegis": 140, "Candy Trail": 383, "Disruption Protocol": 720, "Dusk Rose Reliquary": 794, "Fomori Vault": 1024, "Golos, Tireless Pilgrim": 1193, "Inventors' Fair": 1419, "Lantern of the Lost": 1580, "Metallic Rebuke": 1754, "Moonsnare Prototype": 1809, "Prophetic Prism": 2103, "The Book of Exalted Deeds": 2793, "The Enigma Jewel": 2799, "Tyrite Sanctum": 2960, "Whir of Invention": 3154, "Citizen's Crowbar_SB": 484, "Ashiok, Dream Render": 128, "Bonebind Orator": 286, "Crashing Drawbridge": 577, "Deathrite Shaman": 644, "Fiend Artisan": 984, "Insidious Roots": 1394, "Moss-Pit Skeleton": 1811, "Osteomancer Adept": 1960, "Rubblebelt Maverick": 2303, "Shigeki, Jukai Visionary": 2453, "Snarling Gorehound": 2542, "Squirming Emergence": 2620, "Unstoppable Slasher_SB": 3011, "Coordinated Assault": 552, "The Wandering Rescuer": 2828, "Breaking // Entering": 324, "Founding the Third Path": 1042, "Fraying Sanity": 1054, "Jace, the Perfected Mind": 1445, "Maddening Cacophony": 1687, "Soul-Guide Lantern": 2566, "Tasha's Hideous Laughter": 2742, "Rite of the Moth": 2271, "Valgavoth's Faithful": 3035, "Starfield of Nyx": 2626, "Aetherflux Reservoir": 28, "Assassin's Trophy": 137, "The World Tree": 2831, "Radiant Flames_SB": 2134, "Void Winnower_SB": 3090, "Voracious Hydra_SB": 3102, "Regal Caracal": 2207, "Westvale Abbey": 3152, "Dragonhawk, Fate's Tempest": 751, "Obliterating Bolt": 1916, "The Akroan War": 2788, "The Huntsman's Redemption": 2805, "Containment Priest": 549, "Extraction Specialist_SB": 920, "Elspeth, Sun's Champion_SB": 842, "Narset, Enlightened Master_SB": 1843, "Izzet Charm": 1435, "Saheeli, Sublime Artificer_SB": 2323, "Cut Down": 611, "Tomik, Wielder of Law": 2900, "Virtue of Persistence_SB": 3074, "Snow-Covered Swamp": 2547, "Castle Embereth": 405, "Scavenger Grounds": 2351, "Cruelclaw's Heist": 586, "Outrageous Robbery_SB": 1972, "Twisted Fealty_SB": 2957, "Dark Betrayal_SB": 615, "Leyline of Resonance_SB": 1609, "Crackling Drake": 569, "Ulamog, the Ceaseless Hunger": 2969, "Angrath, the Flame-Chained_SB": 73, "Angel of Serenity_SB": 68, "Up the Beanstalk_SB": 3021, "Nebelgast Herald": 1848, "Eidolon of Rhetoric_SB": 814, "Lovestruck Beast": 1673, "Pack Rat": 1992, "Silence": 2478, "Sorin, Vengeful Bloodlord": 2560, "Witherbloom Command": 3180, "Hagra Mauling": 1238, "The End": 2797, "Selfless Glyphweaver_SB": 2406, "Tolsimir, Friend to Wolves_SB": 2897, "Collision // Colossus_SB": 516, "Finale of Devastation": 995, "Kitsa, Otterball Elite": 1527, "Lavaspur Boots": 1585, "Springleaf Drum": 2615, "Valley Floodcaller": 3042, "Wishclaw Talisman": 3174, "Altar of the Brood_SB": 60, "Kaito, Bane of Nightmares_SB": 1468, "Fires of Invention": 999, "The Scarab God": 2819, "Malicious Eclipse_SB": 1701, "Attack-in-the-Box": 146, "Balemurk Leech": 174, "Broodspinner": 343, "Cackling Slasher": 371, "Cathartic Parting": 415, "Coordinated Clobbering": 553, "Flesh Burrower": 1009, "Frantic Strength": 1052, "Glimmerlight": 1142, "Grasping Longneck": 1207, "Grievous Wound": 1216, "Innocuous Rat": 1386, "Leyline of the Void": 1613, "Meathook Massacre II": 1740, "Overgrown Zealot": 1977, "Saw": 2345, "Slavering Branchsnapper": 2521, "Spectral Snatcher": 2582, "Spineseeker Centipede": 2597, "Sporogenic Infection": 2613, "Strangled Cemetery": 2656, "Terramorphic Expanse": 2771, "Twitching Doll": 2958, "Wary Watchdog": 3130, "Winter, Misanthropic Guide": 3172, "Conductive Machete_SB": 536, "Fanatic of the Harrowing_SB": 943, "Final Vengeance_SB": 994, "Friendly Teddy_SB": 1058, "Give In to Violence_SB": 1129, "Manifest Dread_SB": 1704, "Murder_SB": 1822, "Devout Decree_SB": 701, "Cemetery Desecrator": 435, "Escape Tunnel": 885, "Insatiable Avarice_SB": 1389, "Obosh, the Preypiercer_SB": 1919, "Unctus, Grand Metatect": 2983, "Feed the Swarm": 969, "Gods Willing": 1187, "Boros Charm_SB": 299, "Flowstone Infusion_SB": 1021, "Aftermath Analyst": 34, "Annie Joins Up": 78, "Doppelgang": 742, "Lumra, Bellow of the Woods": 1679, "Phylath, World Sculptor": 2038, "Port of Karfell": 2078, "Riveteers Overlook": 2276, "Worldsoul's Rage": 3195, "Skullcrack_SB": 2508, "Rotten Reunion_SB": 2295, "Cathartic Pyre": 416, "Lotus Field_SB": 1672, "Scavenging Ooze_SB": 2357, "Tyrranax Rex_SB": 2962, "Liliana, the Last Hope": 1639, "Homestead Courage": 1324, "Shardmage's Rescue_SB": 2435, "Skrelv, Defector Mite": 2506, "Staggering Insight": 2623, "Hushbringer_SB": 1349, "Natural State_SB": 1847, "Discontinuity_SB": 713, "Hostile Hostel": 1337, "Voyaging Satyr": 3105, "Ulamog, the Ceaseless Hunger_SB": 2970, "Thalia, Heretic Cathar": 2783, "Virtue of Loyalty_SB": 3072, "Behold the Beyond": 210, "Perilous Voyage_SB": 2030, "Nissa, Ascended Animist": 1876, "Rankle's Prank": 2162, "Repudiate // Replicate": 2225, "Thrun, Breaker of Silence": 2866, "Wrenn and Realmbreaker": 3200, "Colossal Skyturtle_SB": 519, "Song of Totentanz_SB": 2555, "Metamorphic Alteration": 1757, "Giant Killer_SB": 1115, "Mirrorshell Crab": 1779, "Omen Hawker": 1932, "Horned Loch-Whale_SB": 1334, "Strict Proctor_SB": 2661, "Deploy the Gatewatch": 681, "Interplanar Beacon": 1401, "Kaya, Intangible Slayer": 1492, "Narset of the Ancient Way": 1841, "Paradise Druid": 2002, "Tamiyo, Collector of Tales": 2733, "Tamiyo, Compleated Sage": 2735, "The Eternal Wanderer": 2800, "Ugin, the Spirit Dragon": 2967, "Klothys, God of Destiny": 1528, "Lilah, Undefeated Slickshot": 1633, "Green Sun's Twilight": 1214, "Tyrranax Rex": 2961, "Vorinclex, Monstrous Raider": 3103, "Invasion of Ixalan_SB": 1415, "Kogla, the Titan Ape_SB": 1545, "Nullhide Ferox_SB": 1904, "The Kenriths' Royal Funeral_SB": 2808, "Katilda, Dawnhart Martyr": 1484, "Katilda, Dawnhart Martyr_SB": 1485, "Gideon, Ally of Zendikar": 1122, "Knight of Grace_SB": 1535, "Exorcise_SB": 902, "Agadeem's Awakening": 35, "Clockwork Percussionist": 503, "Atarka's Command_SB": 142, "Collective Brutality": 510, "Ferocious Werefox_SB": 976, "Detention Sphere_SB": 699, "Cenote Scout": 440, "Deeproot Elite": 657, "Deeproot Pilgrimage": 658, "Forensic Researcher": 1028, "Kiora's Follower": 1519, "Kitesail Larcenist": 1523, "Kumena, Tyrant of Orazca": 1568, "Merfolk Trickster": 1753, "Three Tree City": 2864, "Vodalian Hexcatcher": 3082, "Forensic Researcher_SB": 1029, "Kopala, Warden of Waves_SB": 1550, "Lost in the Maze_SB": 1668, "Prophet of Kruphix_SB": 2102, "Snow-Covered Forest": 2543, "Hope Tender_SB": 1329, "Helping Hand": 1293, "Nylea's Intervention_SB": 1909, "Unexpected Fangs_SB": 2992, "Starnheim Unleashed_SB": 2627, "Linvala, the Preserver_SB": 1643, "Chord of Calling": 474, "Dwynen's Elite": 799, "Elvish Clancaller": 845, "Elvish Warmaster": 848, "Jaspera Sentinel": 1448, "Leaf-Crowned Visionary": 1592, "Secluded Courtyard": 2391, "Shaman of the Pack": 2431, "Tyvar, the Pummeler": 2965, "Pause for Reflection_SB": 2017, "Phyrexian Revoker_SB": 2048, "Reclamation Sage_SB": 2194, "Sentinel of Lost Lore_SB": 2411, "Soulless Jailer_SB": 2571, "Collateral Damage": 506, "Eidolon of the Great Revel_SB": 816, "Unchained Berserker_SB": 2981, "Giant Growth": 1113, "Snakeskin Veil_SB": 2541, "Beanstalk Giant": 205, "Bedeck // Bedazzle": 207, "Greater Tanuki": 1213, "Herd Migration": 1299, "Spinewoods Armadillo": 2598, "Consign // Oblivion_SB": 543, "Mirrorshell Crab_SB": 1780, "Quakebringer_SB": 2120, "Vanquish the Horde_SB": 3054, "Drannith Ruins": 757, "Faerie Dreamthief": 933, "Spell Stutter": 2586, "Kaito, Dancing Shadow_SB": 1470, "Overlord of the Balemurk_SB": 1979, "Plumecreed Escort_SB": 2070, "Rootbound Crag": 2293, "Wandering Mind": 3119, "Magma Opus": 1695, "Leyline of Hope": 1607, "Speaker of the Heavens": 2578, "Possibility Storm": 2084, "Sunset Revelry": 2689, "Blind Obedience_SB": 251, "Outlaws' Merriment_SB": 1970, "Rip Apart_SB": 2262, "Archon of Sun's Grace": 115, "Omen of the Sun": 1937, "Seal Away": 2378, "Starfall Invocation_SB": 2625, "Void Rend": 3088, "Ratchet Bomb_SB": 2163, "Bitter Reunion": 228, "Emry, Lurker of the Loch": 858, "Jeskai Ascendancy": 1452, "Restless Spire": 2243, "Saheeli, Sublime Artificer": 2322, "Witherbloom Command_SB": 3181, "Kumena's Speaker": 1567, "Tidebinder Mage_SB": 2877, "Dazzling Theater // Prop Room": 631, "Restless Bivouac": 2237, "Siege Veteran": 2473, "Warleader's Call": 3125, "Yotian Frontliner": 3216, "Aurelia, the Law Above_SB": 151, "Takenuma, Abandoned Mire_SB": 2726, "Kazuul's Fury": 1500, "Tail Swipe": 2722, "Barrier Breach_SB": 195, "Experimental Synthesizer": 912, "Banefire_SB": 181, "Goblin Ringleader": 1174, "Goblin Trashmaster": 1180, "Squee, Dubious Monarch": 2618, "Lukka, Coppercoat Outcast_SB": 1677, "Experimental Frenzy_SB": 911, "Brave the Elements_SB": 319, "Bontu's Monument": 293, "Hashep Oasis": 1261, "Thought-Knot Seer": 2850, "Arlinn, the Pack's Hope_SB": 119, "Eldrazi Obligator_SB": 823, "Thought-Knot Seer_SB": 2851, "Fecund Greenshell": 965, "Ipnu Rivulet": 1423, "Obscura Storefront": 1920, "Bloodchief's Thirst_SB": 261, "Metropolis Reformer": 1760, "Splitskin Doll": 2610, "Consign // Oblivion": 542, "Creative Outburst": 581, "Bedeck // Bedazzle_SB": 208, "Chandra, Acolyte of Flame_SB": 452, "Extract the Truth_SB": 918, "Echoing Deeps": 805, "Ill-Timed Explosion": 1358, "Maestros Theater": 1690, "Mystic Sanctuary": 1832, "Scapeshift": 2349, "Splendid Reclamation": 2607, "The Autonomous Furnace": 2790, "The Hunter Maze": 2804, "Circle of Dreams Druid": 482, "Elvish Visionary": 847, "Deathrite Shaman_SB": 645, "Bushwhack": 366, "Cavalier of Flame": 424, "Vraska, Betrayal's Sting_SB": 3109, "Imposing Sovereign": 1368, "Ruric Thar, the Unbowed": 2313, "Sphinx's Revelation": 2591, "Tale's End": 2727, "Urza's Sylex_SB": 3030, "Gruul Charm": 1223, "Scorching Dragonfire": 2358, "Scorching Dragonfire_SB": 2359, "Chandra, Acolyte of Flame": 451, "Exquisite Firecraft": 913, "Regal Caracal_SB": 2208, "Braids, Arisen Nightmare": 313, "Disturbing Mirth": 723, "Hopeless Nightmare": 1332, "Spiteful Hexmage": 2606, "Treacherous Blessing": 2929, "Haunted Ridge_SB": 1268, "Surge of Salvation": 2698, "Arabella, Abandoned Doll": 92, "Giant Killer": 1114, "Can't Stay Away": 382, "Lazav, the Multifarious": 1590, "Nashi, Searcher in the Dark": 1846, "Slogurk, the Overslime": 2532, "Basri Ket_SB": 197, "Unwanted Remake_SB": 3017, "Luminarch Aspirant": 1678, "Roaring Furnace // Steaming Sauna_SB": 2282, "Not on My Watch_SB": 1894, "Get Out_SB": 1102, "Fateful Absence": 952, "Doppelgang_SB": 743, "Grand Abolisher": 1201, "Holy Cow": 1323, "Archangel of Tithes_SB": 104, "Conclave Tribunal_SB": 535, "Metropolis Reformer_SB": 1761, "Shalai, Voice of Plenty_SB": 2430, "Fanatical Offering": 946, "Vraska, Golgari Queen_SB": 3111, "Bolas's Citadel": 277, "Catacomb Sifter": 411, "Popular Egotist": 2074, "Priest of Forgotten Gods": 2091, "Prosperous Innkeeper": 2104, "Woe Strider": 3188, "Experimental Confectioner": 910, "Trail of Crumbs": 2918, "Urgent Necropsy": 3027, "Cemetery Illuminator": 437, "Cemetery Illuminator_SB": 438, "Balmor, Battlemage Captain": 175, "Shore Up_SB": 2464, "Solemnity_SB": 2553, "Bag of Holding": 170, "Jace, Architect of Thought": 1440, "Teferi, Master of Time": 2751, "Cleansing Nova_SB": 493, "Eerie Ultimatum_SB": 810, "Inspired Ultimatum_SB": 1396, "Nicol Bolas, Dragon-God_SB": 1862, "Sarkhan the Masterless_SB": 2336, "Soul Search_SB": 2564, "Thief of Sanity_SB": 2834, "Botanical Brawler": 306, "Bristly Bill, Spine Sower": 339, "Conclave Mentor": 534, "Kodama of the West Tree": 1541, "Ozolith, the Shattered Spire": 1990, "Stonecoil Serpent": 2644, "Jace Reawakened": 1437, "Teferi, Hero of Dominaria_SB": 2750, "Chandra, Torch of Defiance_SB": 460, "Archangel Avacyn_SB": 101, "Boon-Bringer Valkyrie_SB": 297, "Wrenn's Resolve_SB": 3202, "Kazandu Mammoth": 1499, "Rabid Gnaw": 2132, "Shock": 2459, "Vraska, Golgari Queen": 3110, "Strangle": 2654, "Prosperous Thief": 2106, "Rottenmouth Viper": 2296, "Phyrexian Dragon Engine": 2043, "Azorius Charm": 164, "Scavenger Grounds_SB": 2352, "Fortified Beachhead": 1035, "The Scorpion God_SB": 2821, "Painful Truths_SB": 1995, "Bloodsoaked Champion": 265, "Jirina, Dauntless General": 1456, "Sorin, Vengeful Bloodlord_SB": 2561, "Fortified Village": 1036, "Nightveil Predator": 1868, "Rhonas the Indomitable": 2254, "Samut, Voice of Dissent": 2329, "Depopulate": 682, "Sprite Dragon": 2616, "Approach of the Second Sun": 89, "The Cruelty of Gix_SB": 2796, "Fading Hope": 930, "Consuming Tide_SB": 547, "Tocasia's Welcome_SB": 2893, "Golgari Charm_SB": 1191, "Realm-Cloaked Giant": 2178, "Sea Gate Restoration": 2375, "Hoarding Broodlord_SB": 1319, "Shoot the Sheriff_SB": 2462, "Duelist of the Mind": 789, "Steamcore Scholar": 2632, "Ashen Rider": 125, "Despark_SB": 689, "Elesh Norn_SB": 832, "Enduring Vitality": 868, "Kona, Rescue Beastie": 1549, "Portal to Phyrexia": 2082, "Selfless Savior": 2407, "Seraphic Steed": 2415, "Survivors' Encampment": 2704, "The Restoration of Eiganjo": 2817, "Kutzil, Malamet Exemplar_SB": 1573, "Selfless Savior_SB": 2408, "Drag to the Roots": 748, "Intrepid Adversary": 1409, "Kaya, Orzhov Usurper_SB": 1495, "Kozilek's Return_SB": 1554, "Alchemist's Gambit": 49, "Chandra, Hope's Beacon": 456, "Zoraline, Cosmos Caller": 3238, "Castle Locthwain_SB": 408, "Renegade Rallier": 2221, "Edgar, Charmed Groom_SB": 807, "Play with Fire_SB": 2066, "Blot Out": 273, "Lively Dirge": 1648, "Atraxa, Grand Unifier_SB": 144, "Dawnbringer Cleric_SB": 625, "Zareth San, the Trickster_SB": 3228, "Rhonas the Indomitable_SB": 2255, "Whisperwood Elemental_SB": 3156, "Blazemire Verge_SB": 242, "Bond of Revival": 284, "Loran's Escape": 1662, "Den of the Bugbear_SB": 678, "Dispel_SB": 718, "Kitesail Larcenist_SB": 1524, "Viashino Pyromancer": 3065, "Armored Scrapgorger": 122, "Eldrazi Displacer": 821, "Weathered Runestone_SB": 3141, "Blessed Defiance_SB": 248, "Pest Control": 2032, "Restless Fortress": 2239, "Kaya, Intangible Slayer_SB": 1493, "Renounce the Guilds_SB": 2223, "Eidolon of Blossoms": 812, "Zoyowa Lava-Tongue": 3239, "Exuberant Fuseling_SB": 922, "Squee, Dubious Monarch_SB": 2619, "Field of Ruin_SB": 983, "Citywide Bust_SB": 487, "Tyvar, the Pummeler_SB": 2966, "Maximize Velocity_SB": 1735, "Experiment One": 907, "Unclaimed Territory": 2982, "Werewolf Pack Leader": 3151, "Orazca Puzzle-Door": 1951, "Monastery Mentor_SB": 1800, "Enduring Bondwarden": 861, "Hangarback Walker": 1247, "Quirion Beastcaller": 2130, "Bolas's Citadel_SB": 278, "Catacomb Sifter_SB": 412, "Collected Company_SB": 509, "Popular Egotist_SB": 2075, "Prosperous Innkeeper_SB": 2105, "Woe Strider_SB": 3189, "Elvish Archivist_SB": 844, "Izoni, Center of the Web": 1434, "Fblthp, the Lost": 956, "Teshar, Ancestor's Apostle": 2776, "Arid Archway": 118, "Blue Sun's Twilight": 275, "Clifftop Lookout": 499, "Conduit Pylons": 537, "Dreamdew Entrancer": 773, "Outcaster Greenblade": 1966, "Ugin, the Spirit Dragon_SB": 2968, "Silent Gravestone_SB": 2480, "Korvold, Fae-Cursed King": 1551, "Guardian of Faith": 1228, "Withering Torment": 3182, "Phyrexian Vindicator_SB": 2049, "Suncleanser_SB": 2677, "Gates of Istfell": 1087, "Fateful Absence_SB": 953, "No More Lies_SB": 1888, "Debt to the Kami": 646, "Debt to the Kami_SB": 647, "Release to the Wind": 2213, "Gyruda, Doom of Depths_SB": 1237, "Angelfire Ignition": 69, "Tenth District Legionnaire": 2769, "Steel Seraph_SB": 2635, "Status // Statue_SB": 2629, "Lofty Denial": 1653, "Lofty Denial_SB": 1654, "Cyclonic Rift": 613, "Rona's Vortex": 2291, "Curse of Silence_SB": 609, "Nighthawk Scavenger": 1866, "Thousand-Faced Shadow": 2855, "Gyruda, Doom of Depths": 1236, "Consecrate // Consume_SB": 540, "Commercial District": 527, "Cease // Desist_SB": 433, "Archon of Absolution_SB": 112, "Case of the Gateway Express_SB": 398, "Cityscape Leveler": 485, "Hidden Necropolis": 1304, "Temple of Malady": 2757, "Temple of Malice": 2758, "Untimely Malfunction": 3015, "Koma, Cosmos Serpent_SB": 1548, "Memory Deluge_SB": 1746, "Touch the Spirit Realm": 2913, "Brimaz, King of Oreskos": 331, "Collector's Cage": 513, "Warping Wail_SB": 3128, "Forsaken Miner": 1034, "Undead Sprinter": 2984, "Chandra, Dressed to Kill_SB": 455, "Roaring Furnace && Steaming Sauna_SB": 2280, "Bloodtithe Collector": 267, "Kitnap": 1525, "Goddric, Cloaked Reveler": 1185, "Bonders' Enclave": 285, "Nicol Bolas, Dragon-God": 1861, "Zoetic Glyph": 3235, "Cryptic Coat_SB": 597, "Vampires' Vengeance_SB": 3049, "Blood Crypt_SB": 256, "Break Out": 322, "Evolving Adaptive": 899, "Pelt Collector": 2027, "Voltaic Brawler": 3100, "Wildfire Wickerfolk": 3163, "Embercleave_SB": 850, "Kraul Harpooner_SB": 1555, "Vengeful Possession_SB": 3062, "Ingenious Prodigy": 1382, "Glarb, Calamity's Augur_SB": 1136, "Bamboo Grove Archer_SB": 177, "Sunken Citadel_SB": 2685, "Mastermind's Acquisition_SB": 1731, "Pick Your Poison": 2051, "Tomik, Distinguished Advokist_SB": 2899, "Season of the Burrow_SB": 2388, "Spinner of Souls": 2599, "Abyssal Harvester": 8, "Zur, Eternal Schemer_SB": 3241, "Burst Lightning": 364, "Blast Zone_SB": 240, "Lantern of the Lost_SB": 1581, "Scab-Clan Berserker_SB": 2348, "Knight-Errant of Eos_SB": 1538, "Boltwave": 279, "Elenda, Saint of Dusk": 828, "Elenda, Saint of Dusk_SB": 829, "Serra Paragon": 2416, "Waste Not_SB": 3132, "High Fae Trickster_SB": 1311, "Slaughter Games_SB": 2520, "Syr Ginger, the Meal Ender": 2719, "Kaito, Cunning Infiltrator": 1469, "Brass Knuckles": 316, "Fabrication Foundry": 926, "Leyline Axe": 1602, "Metalwork Colossus": 1756, "Sanctum of Ugin": 2331, "Simulacrum Synthesizer": 2494, "The Irencrag": 2806, "Wedding Invitation": 3146, "Metallic Rebuke_SB": 1755, "Mystic Forge_SB": 1829, "Defabricate": 659, "Varragoth, Bloodsky Sire": 3055, "Emrakul, the Promised End": 856, "Fervent Champion": 978, "Goblin Tomb Raider": 1178, "Stern Dismissal_SB": 2637, "Scrawling Crawler": 2371, "Evangel of Synthesis": 897, "Raffine, Scheming Seer": 2137, "Void Rend_SB": 3089, "Expedition Map": 905, "Dropkick Bomber": 782, "Searslicer Goblin": 2385, "Goblin Ringleader_SB": 1175, "Blooming Blast": 269, "Gallia of the Endless Dance": 1073, "Cemetery Gatekeeper_SB": 436, "Creeping Chill": 582, "Driven // Despair": 778, "Haunted Dead": 1266, "Narcomoeba": 1840, "Prized Amalgam": 2095, "Silversmote Ghoul": 2490, "Tome Scour": 2898, "Wail of the Forgotten": 3113, "Huskburster Swarm_SB": 1351, "Kiora, the Rising Tide": 1521, "Tainted Indulgence": 2724, "Zombify": 3236, "Fragmentize_SB": 1049, "Dawnbringer Cleric": 624, "Camellia, the Seedmiser_SB": 381, "Trail of Crumbs_SB": 2919, "Mission Briefing": 1786, "Not on My Watch": 1893, "Torment of Hailfire_SB": 2906, "Drake Hatcher_SB": 755, "Ral, Crackling Wit": 2148, "Hanweir Battlements": 1250, "Response // Resurgence_SB": 2233, "Scorn-Blade Berserker": 2362, "Essence Channeler": 890, "Fountain of Renewal": 1044, "Heliod, Sun-Crowned": 1288, "Hooded Blightfang": 1327, "Indulging Patrician": 1376, "Revival // Revenge": 2252, "Scoured Barrens": 2363, "Vampire of the Dire Moon": 3047, "Vito, Thorn of the Dusk Rose": 3076, "Voice of the Blessed": 3087, "Deathmark_SB": 642, "Tinybones, Bauble Burglar": 2881, "Curator of Destinies_SB": 606, "Joust Through_SB": 1458, "Lava Axe_SB": 1583, "Skrelv's Hive": 2504, "Flicker of Fate_SB": 1011, "Kykar, Zephyr Awakener": 1574, "Infestation Sage": 1380, "Pyroclasm": 2115, "Saiba Cryptomancer": 2324, "Saiba Cryptomancer_SB": 2325, "Ajani, Sleeper Agent": 43, "Nahiri, the Unforgiving_SB": 1839, "Bulk Up": 353, "Alms of the Vein": 52, "Demand Answers": 666, "Grab the Prize": 1197, "Markov Baron": 1720, "Nullpriest of Oblivion": 1905, "Skullcrack": 2507, "Imposing Sovereign_SB": 1369, "Halana and Alena, Partners": 1240, "Blacksmith's Talent": 234, "Herald of Eternal Dawn_SB": 1296, "Temple of Plenty": 2760, "Peer into the Abyss_SB": 2025, "Genesis Wave": 1098, "Lush Oasis": 1681, "Samut, Tyrant Smasher": 2327, "Bouncer's Beatdown_SB": 310, "Soulstone Sanctuary": 2574, "Parting Gust": 2008, "Youthful Valkyrie": 3221, "The Witch's Vanity": 2830, "Voracious Hydra": 3101, "Banner of Kinship": 189, "Elvish Archdruid": 843, "Citanul Stalwart": 483, "Sylvan Messenger_SB": 2715, "Day of Judgment": 626, "Liliana, Dreadhorde General": 1637, "Hornet Queen_SB": 1335, "Cut // Ribbons": 610, "Skrelv's Hive_SB": 2505, "Maelstrom Pulse": 1688, "Blitz of the Thunder-Raptor": 252, "Long River's Pull": 1657, "Unsubstantiate": 3012, "Sugar Coat_SB": 2670, "Unsubstantiate_SB": 3013, "Haunted Cloak": 1265, "Swiftfoot Boots": 2709, "Dread Fugue": 759, "Flameblade Adept": 1005, "Ox of Agonas": 1988, "Ill-Timed Explosion_SB": 1359, "Omnath, Locus of Creation_SB": 1940, "Scrapwork Mutt": 2370, "Tyvar's Stand": 2963, "Faithful Mending": 938, "Shadows' Verdict_SB": 2426, "Spawn of Mayhem": 2577, "Karn, Scion of Urza_SB": 1481, "Dusk Legion Duelist": 793, "Bristlebud Farmer": 336, "Phyrexian Obliterator_SB": 2047, "Make Disappear_SB": 1698, "Hooting Mandrills": 1328, "Tasigur, the Golden Fang": 2743, "Toxrill, the Corrosive_SB": 2917, "Charming Scoundrel": 466, "Deflecting Palm": 663, "Fallaji Vanguard": 941, "Fortune, Loyal Steed": 1037, "Furycalm Snarl": 1069, "Hellspur Posse Boss": 1291, "Panharmonicon": 2000, "Requisition Raid": 2228, "Temple of Triumph": 2762, "Terror of the Peaks": 2774, "Witty Roastmaster": 3186, "Aetherstorm Roc_SB": 32, "Anim Pakal, Thousandth Moon_SB": 77, "Chance for Glory_SB": 449, "Demonic Ruckus_SB": 675, "Impact Tremors_SB": 1366, "Lunarch Veteran": 1680, "Skyclave Cleric": 2512, "Ajani, Strength of the Pride_SB": 46, "Davriel, Rogue Shadowmage_SB": 623, "The Raven Man_SB": 2815, "Expansion // Explosion": 903, "Seasons Past": 2390, "Haughty Djinn_SB": 1264, "Gruul Charm_SB": 1224, "Masked Vandal_SB": 1724, "Brass's Tunnel-Grinder": 317, "Goblin Instigator": 1168, "Raise the Past": 2139, "Chained to the Rocks_SB": 444, "Ascendant Spirit": 124, "Faceless Haven": 927, "Plumecreed Escort": 2069, "Icon of Ancestry_SB": 1354, "Kellan, Planar Trailblazer": 1505, "Thassa's Oracle": 2785, "Anguished Unmaking": 74, "Blessed Alliance_SB": 246, "Day of Judgment_SB": 627, "Mystic Repeal_SB": 1831, "Reasonable Doubt_SB": 2182, "Rottenmouth Viper_SB": 2297, "Niv-Mizzet, Visionary_SB": 1886, "Maelstrom Pulse_SB": 1689, "Thing in the Ice": 2837, "Witness Protection_SB": 3185, "Phyrexian Arena_SB": 2040, "Hostile Investigator_SB": 1339, "Harvester of Misery_SB": 1260, "Tibalt's Trickery": 2874, "Tibalt's Trickery_SB": 2875, "Heaped Harvest": 1278, "Thassa, God of the Sea": 2787, "Slaughter Games": 2519, "Idol of Endurance": 1355, "Phyrexian Censor": 2041, "Niko Aris": 1869, "Academy Loremaster": 10, "Chainsaw": 445, "Fountainport Bell": 1046, "Glint-Nest Crane": 1143, "Hammer of Purphoros": 1245, "Triton Tactics_SB": 2940, "Shrapnel Blast_SB": 2470, "Sixth Sense": 2501, "Alpha Authority_SB": 55, "Scattered Groves": 2350, "Arboreal Grazer_SB": 98, "Thought Erasure": 2849, "Spring-Loaded Sawblades": 2614, "Kaya's Ghostform_SB": 1490, "Wear Down_SB": 3140, "Culling Ritual": 600, "Blood Baron of Vizkopa": 253, "Crystal Barricade_SB": 599, "Turn the Earth_SB": 2950, "Tenacious Underdog_SB": 2768, "Bala Ged Recovery_SB": 173, "Dowsing Device": 746, "Push // Pull": 2112, "Skyknight Squire": 2514, "Llanowar Visionary": 1651, "Burst Lightning_SB": 365, "Seal Away_SB": 2379, "Ajani, Caller of the Pride": 42, "Burrowguard Mentor": 363, "Dryad Militant": 787, "Fleecemane Lion": 1007, "Kutzil, Malamet Exemplar": 1572, "Melira, the Living Cure": 1743, "Wilt-Leaf Liege": 3166, "Sire of Seven Deaths": 2499, "Niv-Mizzet, Supreme_SB": 1885, "Connive // Concoct_SB": 539, "Torrential Gearhulk_SB": 2912, "Fatal Grudge": 949, "Oracle of Tragedy": 1950, "Think Twice": 2839, "Sphinx's Revelation_SB": 2592, "Commit // Memory": 528, "Herald of Eternal Dawn": 1295, "Hullbreaker Horror": 1345, "Boltwave_SB": 280, "Balustrade Wurm": 176, "Indomitable Creativity_SB": 1375, "Chandra, Hope's Beacon_SB": 457, "Heliod's Intervention": 1286, "Legion's Landing": 1601, "Maskwood Nexus": 1725, "Volatile Fault": 3091, "Festering Gulch": 979, "Gingerbread Cabin": 1127, "Outrageous Robbery": 1971, "Reality Shift": 2177, "Deputy of Detention": 684, "Lukka, Bound to Ruin_SB": 1675, "Angel of Invention": 66, "Combat Celebrant": 522, "God-Pharaoh's Gift": 1183, "Refurbish": 2204, "Arashin Cleric_SB": 94, "Choked Estuary": 473, "Ego Drain": 811, "Faerie Fencing": 934, "Obyra, Dreaming Duelist": 1922, "Shineshadow Snarl": 2455, "Sleep-Cursed Faerie": 2523, "Sunken Hollow": 2686, "Talion, the Kindly Lord": 2730, "Talion's Messenger": 2729, "Twining Twins": 2954, "Crippling Fear_SB": 583, "Flashfreeze_SB": 1006, "Phantom Interference_SB": 2036, "Blessed Alliance": 245, "Builder's Talent": 350, "Worldspine Wurm": 3196, "Assemble the Legion_SB": 139, "Runed Halo_SB": 2312, "Fanatical Firebrand": 944, "Goblin Warchief": 1181, "Krenko, Mob Boss": 1560, "Betrayer's Bargain_SB": 217, "By Force_SB": 368, "Strangle_SB": 2655, "Collateral Damage_SB": 507, "Tibalt, Rakish Instigator_SB": 2876, "Game Trail": 1077, "Glorybringer": 1150, "Cankerbloom_SB": 384, "Aspect of Hydra": 135, "Hunter's Talent": 1347, "Nullhide Ferox": 1903, "Steel Leaf Champion": 2633, "Garruk's Uprising_SB": 1081, "Ghalta, Primal Hunger_SB": 1104, "Cast Down": 401, "Desecration Demon": 687, "Evolved Sleeper": 898, "Kaervek, the Punisher": 1462, "Mishra's Foundry": 1784, "Ultimate Price": 2972, "Unexpected Fangs": 2991, "Vadmir, New Blood": 3032, "Extract a Confession_SB": 917, "Kitesail Freebooter_SB": 1522, "Pilfer_SB": 2056, "Crawling Barrens": 580, "Memorial to Folly": 1744, "Power Word Kill": 2085, "Ob Nixilis Reignited_SB": 1913, "Abrade": 3, "Dazzling Angel": 630, "Divine Smite": 727, "Exemplar of Light": 901, "Firemane Avenger": 998, "Wind-Scarred Crag": 3169, "Bomat Courier": 281, "Falkenrath Gorger": 939, "Foreboding Ruins": 1027, "Forerunner of Slaughter": 1030, "Olivia, Mobilized for War": 1931, "Unlicensed Disintegration": 3002, "Rakdos Charm_SB": 2141, "Shock_SB": 2460, "Transgress the Mind_SB": 2923, "Briarbridge Tracker": 327, "Hard-Hitting Question": 1252, "Subterranean Schooner": 2668, "Teething Wurmlet": 2748, "Tough Cookie": 2914, "Vineglimmer Snarl": 3067, "Briarbridge Tracker_SB": 328, "Hard-Hitting Question_SB": 1253, "Island_SB": 1429, "Unsummon_SB": 3014, "Night of the Sweets' Revenge": 1865, "Rampage of the Clans": 2155, "Hangarback Walker_SB": 1248, "Royal Treatment_SB": 2301, "The Filigree Sylex_SB": 2801, "Earthshaker Khenra": 801, "Mirran Banesplitter": 1776, "Rimrock Knight": 2261, "Aethersphere Harvester_SB": 31, "Burning Hands_SB": 359, "Azorius Guildgate": 165, "Boros Guildgate": 301, "Dimir Guildgate": 708, "Gate Colossus": 1084, "Gatebreaker Ram": 1085, "Gates Ablaze": 1086, "Gateway Plaza": 1088, "Glaive of the Guildpact": 1134, "Golgari Guildgate": 1192, "Gruul Guildgate": 1225, "Guild Summit": 1231, "Hour of Promise": 1341, "Izzet Guildgate": 1436, "Maze's End": 1737, "Open the Gates": 1944, "Orzhov Guildgate": 1955, "Plaza of Harmony": 2067, "Rakdos Guildgate": 2142, "Selesnya Guildgate": 2404, "Simic Guildgate": 2491, "Thran Portal": 2858, "Archway Angel_SB": 116, "Broken Bond_SB": 341, "Crackling Perimeter_SB": 571, "Enigma Drake": 869, "Strategic Planning": 2659, "Tolarian Terror": 2894, "Wandering Fumarole": 3118, "Essence Scatter_SB": 893, "Frantic Firebolt_SB": 1050, "Absorb": 7, "Behold the Multiverse": 211, "Saw It Coming": 2346, "Thirst for Discovery": 2842, "Inscription of Abundance": 1390, "Primal Might": 2092, "Experiment One_SB": 908, "Garruk's Harbinger_SB": 1079, "Drown in Sorrow_SB": 783, "Toxin Analysis_SB": 2916, "Witch's Vengeance_SB": 3176, "Shoot the Sheriff": 2461, "Smoldering Marsh": 2536, "Banehound": 182, "Curator of Mysteries": 607, "Mire Triton": 1775, "Disfigure_SB": 716, "Rush of Vitality_SB": 2318, "Spinner of Souls_SB": 2600, "Goblin Blast-Runner": 1162, "Implement of Combustion": 1367, "Krenko, Baron of Tin Street": 1559, "Voltage Surge": 3098, "Sunshot Militia_SB": 2691, "Seal from Existence": 2380, "Ghostly Dancers_SB": 1109, "Seal from Existence_SB": 2381, "Essence Scatter": 892, "Flow of Knowledge": 1019, "Haughty Djinn": 1263, "Shore Up": 2463, "Mocking Sprite_SB": 1790, "Quick Study_SB": 2126, "See Double_SB": 2394, "Shifting Grift_SB": 2452, "Apostle of Purifying Light_SB": 88, "Chaplain of Alms_SB": 464, "Healer's Hawk_SB": 1277, "Karametra's Blessing_SB": 1478, "Bedlam Reveler": 209, "Frostboil Snarl": 1060, "Warlord's Fury": 3127, "Ox of Agonas_SB": 1989, "Abandoned Campground": 0, "Dollmaker's Shop // Porcelain Gallery": 733, "Grand Entryway // Elegant Rotunda": 1203, "Gremlin Tamer": 1215, "Inquisitive Glimmer": 1387, "Lionheart Glimmer": 1646, "Niko, Light of Hope": 1870, "Oppressive Rays": 1946, "Builder's Talent_SB": 351, "Divine Resilience_SB": 726, "Fear of Impostors_SB": 959, "Kitnap_SB": 1526, "Minor Misstep_SB": 1773, "Paladin Class_SB": 1998, "Stay Hidden, Stay Silent_SB": 2630, "Badlands Revival": 169, "Fertile Thicket": 977, "Festerleech": 980, "Foul Orchard": 1039, "Gix's Command": 1130, "Hedge Shredder": 1284, "Hero's Downfall": 1300, "Jungle Hollow": 1460, "Quilled Greatwurm": 2128, "Slice from the Shadows": 2525, "Frantic Strength_SB": 1053, "Savor_SB": 2344, "Stab_SB": 2622, "Vraska's Fall_SB": 3107, "Alesha, Who Laughs at Fate": 50, "Davriel, Rogue Shadowmage": 622, "Fell": 973, "Grasp of Darkness": 1205, "Master of Cruelties": 1729, "Rakdos, the Muscle": 2145, "Razorlash Transmogrant": 2172, "Razortrap Gorge": 2173, "Seize the Spoils": 2402, "Illness in the Ranks_SB": 1360, "Kaervek, the Spiteful_SB": 1463, "Painful Quandary_SB": 1994, "Eddymurk Crab": 806, "Ephara's Dispersal": 876, "Stormwing Entity": 2653, "Gnarled Scarhide": 1151, "Madcap Skills": 1686, "Minotaur Skullcleaver": 1774, "Mogis's Marauder": 1793, "Rakdos Cackler": 2140, "Rakdos Shred-Freak": 2144, "Spike Jester": 2595, "Tormented Hero": 2907, "Doom Blade_SB": 736, "Ultimate Price_SB": 2973, "Consuming Aberration": 546, "Contaminated Aquifer": 551, "Didn't Say Please": 705, "Dismal Backwater": 717, "Dreadwaters": 769, "Duskmantle Guildmage": 796, "Fell Specter": 974, "Gnawing Vermin": 1154, "Jhessian Thief": 1455, "Mind Carver": 1767, "Mind Drain": 1768, "Murder": 1821, "Nezumi Informant": 1859, "Orzhov Racketeers": 1956, "Painful Quandary": 1993, "Paranoid Delusions": 2005, "Pilfered Plans": 2057, "Psychic Strike": 2110, "Razzle-Dazzler": 2175, "Read the Bones": 2176, "Short Bow": 2466, "Sleep": 2522, "The Mindskinner": 2813, "Typhoid Rats": 2959, "Wall of Frost": 3117, "Witness Protection": 3184, "Aspect of Lamprey_SB": 136, "Blood Pact_SB": 257, "Crypt Incursion_SB": 594, "Dreadwaters_SB": 770, "Frogify_SB": 1059, "Professor's Warning_SB": 2097, "Rogue's Gloves_SB": 2288, "Sinister Possession_SB": 2496, "Solemn Simulacrum_SB": 2551, "Sphinx of Magosi_SB": 2589, "Thieving Otter_SB": 2836, "Unlikely Aid_SB": 3005, "Zombify_SB": 3237, "Coruscation Mage": 561, "Giant Cindermaw_SB": 1112, "Lightning Mare_SB": 1630, "Wrangle_SB": 3199, "Ancient Imperiosaur": 65, "Belligerent Yearling": 213, "Fight Rigging": 990, "Intrepid Paleontologist": 1410, "Ixalli's Lorekeeper": 1433, "Palani's Hatcher": 1999, "Regisaur Alpha": 2210, "Restless Ridgeline": 2242, "Shifting Ceratops": 2450, "Triumphant Chomp": 2941, "Shifting Ceratops_SB": 2451, "Thrashing Brontodon_SB": 2861, "Triumphant Chomp_SB": 2942, "Goblin Boarders": 1163, "Goblin Heelcutter": 1167, "Goblin Negotiation": 1171, "Goblin Surprise": 1176, "Goblinslide": 1182, "Guttersnipe": 1234, "Hellraiser Goblin": 1290, "Impact Tremors": 1365, "Pyrewild Shaman": 2114, "Redcap Gutter-Dweller": 2197, "Rigging Runner": 2259, "Subterranean Scout": 2669, "Thrill of Possibility": 2865, "War Squeak": 3120, "Zada, Hedron Grinder": 3224, "Frenzied Goblin_SB": 1057, "Goblin Boarders_SB": 1164, "Goblin Surprise_SB": 1177, "Rundvelt Hordemaster_SB": 2309, "Searslicer Goblin_SB": 2386, "Siege-Gang Commander_SB": 2474, "Cruel Somnophage": 585, "Mercurial Spelldancer": 1751, "Mind Sculpt": 1769, "Ruin Crab": 2305, "Sign in Blood": 2477, "Syr Konrad, the Grim": 2721, "Bitter Chill_SB": 227, "Chart a Course_SB": 469, "Sphinx's Tutelage_SB": 2594, "Terisian Mindbreaker_SB": 2770, "Armored Kincaller": 121, "Burning Sun Cavalry": 360, "Captivating Cave": 385, "Cavern Stomper": 428, "Colossadactyl": 517, "Dinotomaton": 710, "Disturbed Slumber": 722, "Earthshaker Dreadmaw": 800, "Hidden Nursery": 1305, "Nurturing Bristleback": 1906, "Over the Edge": 1974, "Panicked Altisaur": 2001, "Pathfinding Axejaw": 2016, "Poison Dart Frog": 2071, "Promising Vein": 2101, "Rampaging Ceratops": 2156, "Rumbling Rockslide": 2307, "Scytheclaw Raptor": 2374, "Seeker of Sunlight": 2398, "Seismic Monstrosaur": 2400, "Walk with the Ancestors": 3116, "Bristling Backwoods": 337, "Deeproot Champion": 656, "Quirion Dryad": 2131, "Temple of Abandon": 2754, "Domri's Ambush_SB": 734, "Necroblossom Snarl": 1849, "Savor": 2343, "Thornvault Forager": 2847, "Feed the Cycle_SB": 968, "Life Goes On_SB": 1618, "Blacklance Paragon": 232, "Brineborn Cutthroat": 333, "Cunning Nightbonder": 604, "Reasonable Doubt": 2181, "Sea-Dasher Octopus": 2376, "Ashiok's Erasure_SB": 127, "Spectral Adversary_SB": 2580, "Cinder Glade": 478, "Enter the Unknown": 872, "Mirrorwing Dragon": 1781, "Season of Growth": 2387, "Silverfur Partisan": 2487, "Young Pyromancer": 3219, "Temur Battle Rage_SB": 2766, "Turn Inside Out_SB": 2949, "Unnatural Moonrise_SB": 3009, "No Witnesses": 1890, "Port Town": 2077, "Refute": 2205, "Temple of Enlightenment": 2755, "Jace, Architect of Thought_SB": 1441, "No Witnesses_SB": 1891, "Ayara, First of Locthwain": 161, "Brain Maggot": 314, "Erebos, Bleak-Hearted": 878, "Foulmire Knight": 1041, "Gray Merchant of Asphodel": 1210, "Infernal Grasp": 1378, "Phyrexian Arena": 2039, "Underworld Dreams": 2990, "Warlock Class": 3126, "Corrupt_SB": 560, "Power Word Kill_SB": 2086, "Whack_SB": 3153, "Fires of Victory": 1000, "Stern Lesson": 2638, "Roast_SB": 2283, "Arcane Infusion": 99, "Peculiar Lighthouse": 2023, "Xenagos, God of Revels": 3204, "Aetherize_SB": 30, "Into the Roil_SB": 1407, "Volcanic Spite_SB": 3093, "Zetalpa, Primal Dawn_SB": 3232, "Flame-Blessed Bolt_SB": 1004, "Ral, Izzet Viceroy_SB": 2150, "You See a Guard Approach_SB": 3217, "Aether Hub": 27, "Attune with Aether": 147, "Gather the Pack": 1091, "Lotleth Troll": 1669, "Cragplate Baloth_SB": 574, "Plains_SB": 2064, "Sporeweb Weaver_SB": 2612, "Beastie Beatdown": 206, "Footfall Crater": 1025, "Omnivorous Flytrap": 1942, "Patchwork Beastie": 2012, "Return to Nature_SB": 2251, "Alseid of Life's Bounty": 58, "Hateful Eidolon": 1262, "Karametra's Blessing": 1477, "Agent of the Fates_SB": 41, "Dead Weight_SB": 632, "Eriette of the Charmed Apple_SB": 879, "Pacifism_SB": 1991, "Evolving Wilds": 900, "Gala Greeters": 1072, "Good-Fortune Unicorn": 1194, "Mossborn Hydra": 1812, "Ochre Jelly": 1924, "Sylvan Scavenging": 2717, "Wildwood Scourge": 3164, "Gaea's Gift_SB": 1071, "Gnarlid Colony_SB": 1152, "Inscription of Abundance_SB": 1391, "Trash the Town_SB": 2927, "Bristling Hydra": 338, "Electrostatic Pummeler": 826, "Fling": 1012, "Ghor-Clan Rampager": 1106, "Harnessed Lightning": 1258, "Servant of the Conduit": 2418, "Axebane Ferox_SB": 159, "Deathgorge Scavenger_SB": 641, "Gruul Spellbreaker_SB": 1226, "Insult // Injury_SB": 1400, "Wilt_SB": 3168, "Legion Angel": 1595, "Legion Angel_SB": 1596, "Gideon's Triumph_SB": 1121, "Cast Out": 402, "Demonic Pact": 673, "Doom Foretold": 737, "Hopeful Vigil": 1331, "Kaya's Wrath": 1491, "Sigil of the Empty Throne": 2476, "Spirit-Sister's Call": 2604, "Temple of Silence": 2761, "Trial of Ambition": 2936, "Banishing Light_SB": 187, "Cast Out_SB": 403, "Dreadhorde Invasion_SB": 766, "Trespasser's Curse_SB": 2935, "Arashin Foremost": 95, "Blood-Chin Rager": 259, "Chief of the Edge": 471, "Gutterbones": 1233, "Mardu Strike Leader": 1717, "Mardu Woe-Reaper": 1718, "Rally the Ranks": 2152, "Secure the Wastes": 2393, "Usher of the Fallen": 3031, "Garruk's Harbinger": 1078, "Lifecrafter's Bestiary": 1621, "Feed the Clan_SB": 966, "Skyreaping_SB": 2516, "Case of the Crimson Pulse": 394, "Vindictive Flamestoker_SB": 3066, "Eroded Canyon": 880, "Essence Capture": 889, "Galvanize": 1076, "Mind Spiral": 1770, "Pit of Offerings": 2061, "Scorching Shot": 2360, "Slick Sequence": 2526, "Winged Words": 3171, "Into the Fire_SB": 1404, "Tolarian Terror_SB": 2895, "Wildfire Howl_SB": 3162, "Nahiri's Resolve": 1834, "Thousand Moons Smithy": 2854, "Tinker's Tote": 2879, "Dusk Rose Reliquary_SB": 795, "Unidentified Hovership_SB": 2999, "Drannith Healer": 756, "Drannith Stinger": 758, "Flourishing Fox": 1018, "Go for Blood": 1158, "Reptilian Reflection": 2224, "Valiant Rescuer": 3040, "Zenith Flare": 3229, "Irencrag Pyromancer_SB": 1424, "Blazing Volley": 243, "Cinderclasm": 479, "Crash Through": 576, "Death-Rattle Oni": 639, "Electrickery": 825, "Kessig Flamebreather": 1513, "Seismic Wave": 2401, "Stolen Vitality": 2642, "Burn Down the House_SB": 356, "Smoldering Egg_SB": 2535, "Swamp_SB": 2706, "Edgewall Inn": 808, "Edgewall Innkeeper": 809, "Lucky Clover": 1674, "Midnight Reaper": 1763, "Order of Midnight": 1952, "Smitten Swordmaster": 2534, "Massacre Girl_SB": 1726, "Stormkeld Vanguard_SB": 2649, "Mephitic Draught": 1750, "Tithing Blade": 2890, "Corpses of the Lost_SB": 559, "Doom Foretold_SB": 738, "Life of Toshiro Umezawa_SB": 1619, "Burn Down the House": 355, "Flame-Blessed Bolt": 1003, "Vampires' Vengeance": 3048, "Pelakka Wurm_SB": 2026, "Boon of the Wish-Giver": 296, "Frostveil Ambush": 1061, "Memory Leak": 1748, "Startling Development": 2628, "Burn Bright": 354, "Chimney Rabble": 472, "Domri, Anarch of Bolas": 735, "Fissure Wizard": 1002, "Goblin Arsonist": 1161, "Goblin Javelineer": 1169, "Goblin Morningstar": 1170, "Goblin Trailblazer": 1179, "Grumgully, the Generous": 1222, "Heraldic Banner": 1297, "Hobgoblin Bandit Lord": 1320, "Hulking Bugbear": 1343, "Renata, Called to the Hunt": 2219, "Return of the Wildspeaker": 2249, "Rhythm of the Wild": 2256, "Subira, Tulzidi Caravanner": 2666, "You See a Pair of Goblins": 3218, "Krenko, Mob Boss_SB": 1561, "Krenko, Tin Street Kingpin_SB": 1562, "Banishing Light": 186, "Flowerfoot Swordmaster": 1020, "Mabel, Heir to Cragflame": 1685, "Seedglaive Mentor": 2397, "Whiskervale Forerunner": 3155, "Abzan Charm": 9, "Deathmist Raptor": 643, "Den Protector": 676, "Mastery of the Unseen": 1732, "Sandsteppe Citadel": 2333, "Satyr Wayfinder": 2339, "Siege Rhino": 2472, "Unyielding Gatekeeper": 3019, "Disfigure": 715, "Gossip's Talent": 1196, "Karumonix, the Rat King": 1483, "Lord Skitter, Sewer King": 1664, "Persistent Marshstalker": 2031, "Piper of the Swarm": 2060, "Shoreline Looter": 2465, "Tangled Colony": 2737, "Vren, the Relentless": 3112, "Bring the Ending_SB": 334, "Pile On_SB": 2055, "Tangled Colony_SB": 2738, "Gnarlroot Trapper": 1153, "Jace, Vryn's Prodigy_SB": 1443, "Valley Floodcaller_SB": 3043, "Valorous Stance_SB": 3046, "Pillage the Bog_SB": 2059, "Aether Channeler": 24, "Foul Emissary": 1038, "Sublime Epiphany": 2667, "Unauthorized Exit": 2979, "Fiery Annihilation_SB": 986, "Arahbo, the First Fang": 93, "Felidar Cub": 971, "Feline Sovereign": 972, "Sacred Cat": 2320, "Savannah Lions": 2342, "Lion Sash_SB": 1645, "Reckless Stormseeker_SB": 2190, "Archfiend of Depravity": 107, "Archfiend of Depravity_SB": 108, "Fade from History_SB": 929, "Loot, Exuberant Explorer": 1658, "Quicken": 2127, "Banish into Fable": 184, "The Celestus": 2794, "Reluctant Role Model": 2216, "Furnace Punisher": 1066, "March of Swirling Mist": 1712, "Faceless Haven_SB": 928, "Invasive Surgery_SB": 1418, "The Scarab God_SB": 2820, "Pieces of the Puzzle": 2054, "Michiko's Reign of Truth": 1762, "Rite of Oblivion": 2269, "Anthem of Champions_SB": 85, "Tinybones, the Pickpocket": 2882, "Stormsplitter": 2652, "Thousand-Year Storm": 2856, "Cathartic Pyre_SB": 417, "Tamiyo, Collector of Tales_SB": 2734, "Fear of Abduction": 957, "Blue Sun's Twilight_SB": 276, "Overwhelming Remorse_SB": 1987, "Brotherhood's End": 344, "Return the Favor_SB": 2250, "Gloomshrieker": 1148, "Dennick, Pious Apprentice_SB": 679, "Agatha of the Vile Cauldron": 36, "Bard Class": 192, "Hajar, Loyal Bodyguard": 1239, "Migloz, Maze Crusher": 1765, "Ruby, Daring Tracker": 2304, "Samut, Vizier of Naktamun": 2328, "Targ Nar, Demon-Fang Gnoll": 2740, "Xenagos, the Reveler": 3206, "Dollmaker's Shop && Porcelain Gallery": 732, "Kami of Transience": 1475, "Surgical Suite && Hospital Room_SB": 2701, "Sire of Seven Deaths_SB": 2500, "Regal Bunnicorn": 2206, "Dissection Tools": 721, "Protect the Negotiators_SB": 2108, "Ashiok, Wicked Manipulator": 133, "Ajani, Strength of the Pride": 45, "Case of the Uneaten Feast": 400, "Trelasarra, Moon Dancer": 2934, "Floriferous Vinewall": 1017, "Eldritch Evolution": 824, "Urborg Lhurgoyf": 3024, "Aether Channeler_SB": 25, "Zephyr Sentinel_SB": 3230, "Tectonic Hazard_SB": 2747, "Kambal, Consul of Allocation": 1473, "Surrak Dragonclaw": 2702, "Stubborn Denial_SB": 2665, "Frantic Scapegoat": 1051, "Callous Sell-Sword_SB": 379, "Ritual of Soot": 2272, "Inscription of Ruin": 1392, "Harmonious Archon": 1256, "Sandstorm Salvager": 2334, "Toby, Beastie Befriender": 2892, "Kayla's Reconstruction_SB": 1498, "Destroy Evil": 694, "Serra Paragon_SB": 2417, "Filter Out": 992, "Heartflame Duelist": 1280, "Inspiring Veteran": 1399, "Knight of Dusk's Shadow": 1532, "Knight of the Ebon Legion": 1536, "Tournament Grounds": 2915, "Venerable Knight": 3059, "Worthy Knight": 3198, "Knight of Dusk's Shadow_SB": 1533, "Woodland Bellower": 3192, "Breeding Pool_SB": 326, "Chance for Glory": 448, "Teferi, Who Slows the Sunset": 2752, "Bag of Holding_SB": 171, "Zirda, the Dawnwaker_SB": 3234, "Despise_SB": 691, "Lifebane Zombie_SB": 1620, "Sunspine Lynx": 2692, "Light Up the Stage_SB": 1623, "Isolate_SB": 1430, "God-Pharaoh's Statue_SB": 1184, "Smuggler's Surprise_SB": 2539, "Wakeroot Elemental_SB": 3115, "Cindervines": 480, "The Flame of Keld": 2802, "Fetid Pools": 981, "Silvergill Adept": 2488, "Triton Shorestalker": 2939, "Isareth the Awakener": 1427, "Dreadbore": 761, "Nicol Bolas, the Ravager": 1863, "Omen of the Forge": 1935, "The Kami War": 2807, "Wakeroot Elemental": 3114, "Legion Extruder_SB": 1598, "This Town Ain't Big Enough": 2844, "Lost Legacy_SB": 1667, "The Mightstone and Weakstone_SB": 2812, "Remorseful Cleric": 2217, "Kogla and Yidaro_SB": 1543, "Nissa, Who Shakes the World": 1880, "Sylvan Awakening": 2713, "Nahiri's Warcrafting_SB": 1835, "Depala, Pilot Exemplar": 680, "Magda, Brazen Outlaw": 1691, "Magda, the Hoardmaster": 1692, "Roaming Throne": 2278, "Veteran Motorist": 3063, "The Royal Scions": 2818, "Unauthorized Exit_SB": 2980, "Bilious Skulldweller": 221, "Chevill, Bane of Monsters": 470, "Fynn, the Fangbearer": 1070, "Ghost Vacuum": 1107, "Heroic Intervention": 1301, "Malakir Rebirth": 1699, "Wasteland Viper": 3133, "Infectious Bite_SB": 1377, "Akal Pakal, First Among Equals": 47, "Courser of Kruphix": 567, "Simic Manipulator": 2492, "Timestream Navigator": 2878, "Azure Beastbinder_SB": 167, "Mockingbird_SB": 1792, "Simic Manipulator_SB": 2493, "Trygon Predator_SB": 2946, "Vivien, Champion of the Wilds_SB": 3079, "Caretaker's Talent_SB": 388, "Fountainport_SB": 1047, "Rite of Oblivion_SB": 2270, "Kogla, the Titan Ape": 1544, "Cavalier of Thorns_SB": 426, "Ulvenwald Oddity_SB": 2975, "Crumbling Vestige": 591, "Kogla and Yidaro": 1542, "Trumpeting Carnosaur_SB": 2945, "Dusk // Dawn_SB": 792, "Last Breath_SB": 1582, "Thunderherd Migration": 2870, "Boros Elite": 300, "Guardian of New Benalia": 1230, "Mobilized District": 1789, "Precinct Captain": 2090, "Soldier of the Pantheon": 2550, "Spellbook Vendor": 2587, "Sungold Sentinel": 2683, "Banisher Priest_SB": 185, "Bounty Agent_SB": 312, "Rally the Ranks_SB": 2153, "Wicked Wolf_SB": 3159, "Overlord of the Mistmoors_SB": 1985, "Fear of Isolation": 960, "Tinybones Joins Up": 2880, "Built to Smash": 352, "Wayward Guide-Beast": 3137, "Voldaren Thrillseeker_SB": 3096, "Renegade Tactics": 2222, "Siphon Insight_SB": 2497, "Imodane's Recruiter_SB": 1364, "Glorious Protector_SB": 1149, "Niambi, Esteemed Speaker_SB": 1860, "The Wandering Rescuer_SB": 2829, "Into the Story": 1408, "Lavinia, Azorius Renegade_SB": 1587, "Syr Ginger, the Meal Ender_SB": 2720, "Augur of Bolas": 150, "Essence Flux": 891, "Apostle of Purifying Light": 87, "Glass Casket": 1137, "Thran Power Suit": 2859, "Titania, Voice of Gaea_SB": 2889, "Treacherous Blessing_SB": 2930, "Umori, the Collector_SB": 2976, "Glass Casket_SB": 1138, "Grasp of Darkness_SB": 1206, "Necrotic Wound": 1851, "Souls of the Lost": 2572, "Necrotic Wound_SB": 1852, "Souls of the Lost_SB": 2573, "Kappa Tech-Wrecker": 1476, "Eldrazi Displacer_SB": 822, "Experimental Augury": 909, "Fleeting Spirit": 1008, "Lore Drakkis": 1665, "Open the Omenpaths": 1945, "Vadrok, Apex of Thunder": 3033, "Crucible of Worlds": 584, "Destiny Spinner": 692, "Sin Collector_SB": 2495, "Cult Conscript": 602, "Cleansing Wildfire_SB": 495, "Vanish into Eternity_SB": 3050, "Mutavault_SB": 1828, "Mukotai Ambusher_SB": 1820, "Tribute to Horobi": 2937, "Hunter's Talent_SB": 1348, "Vengeful Possession": 3061, "Hidetsugu's Second Rite_SB": 1310, "Nurturing Pixie": 1907, "Preacher of the Schism_SB": 2089, "Malcolm, Alluring Scoundrel": 1700, "Pia Nalaar, Consul of Revival": 2050, "Showdown of the Skalds": 2467, "Bassara Tower Archer": 199, "Cloudsteel Kirin": 504, "Lizard Blades": 1649, "Searing Blood": 2383, "Bomat Courier_SB": 282, "Magma Spray_SB": 1696, "Stalactite Stalker": 2624, "Lamplight Phoenix_SB": 1577, "Thirst for Meaning": 2843, "Biting-Palm Ninja": 225, "Dokuchi Silencer": 730, "Silver-Fur Master": 2484, "Massacre Wurm_SB": 1728, "Pawpatch Recruit_SB": 2021, "Soul Transfer": 2565, "Omen of the Dead": 1933, "Sentinel of the Nameless City_SB": 2413, "Sharp-Eyed Rookie": 2438, "Ayara's Oathsworn": 160, "Council of the Absolute_SB": 564, "Adventurous Impulse": 22, "Arcane Proxy": 100, "Chrome Host Seedshark": 476, "See the Truth": 2395, "Ambitious Farmhand": 61, "Cascading Cataracts": 393, "Helpful Hunter": 1292, "Thalia's Lancers": 2779, "Wilt-Leaf Liege_SB": 3167, "Barkhide Troll": 194, "Gather Courage": 1089, "Tribute to the World Tree": 2938, "Setessan Tactics_SB": 2421, "Cavalier of Dawn": 423, "Kotose, the Silent Spider": 1553, "Marina Vendrell": 1719, "Fanatic of Mogis": 942, "Solphim, Mayhem Dominus": 2554, "Thalia and The Gitrog Monster": 2778, "Cosmic Rebirth_SB": 563, "Dreadbore_SB": 762, "Oblivious Bookworm": 1918, "Cerulean Drake_SB": 442, "Lavabrink Venturer_SB": 1584, "Prosperous Thief_SB": 2107, "Recommission": 2195, "Augur of Autumn_SB": 149, "Shatterskull Smashing_SB": 2441, "Bladehold War-Whip": 237, "Nahiri, Forged in Fury": 1836, "Sword of Forge and Frontier": 2711, "Rebel Salvo_SB": 2183, "Bloodthirsty Conqueror": 266, "Dina, Soul Steeper": 709, "Dryad of the Ilysian Grove": 788, "Iridescent Vinelasher": 1425, "Jaddi Offshoot": 1447, "Mirrorpool": 1778, "Retreat to Hagra": 2248, "Bristly Bill, Spine Sower_SB": 340, "Undergrowth Champion_SB": 2989, "Celestial Armor": 434, "Silverback Elder": 2485, "Silverback Elder_SB": 2486, "Deputy of Detention_SB": 685, "Etali, Primal Conqueror": 894, "Floodpits Drowner_SB": 1016, "Massacre Wurm": 1727, "Perilous Snare": 2028, "Repurposing Bay_SB": 2227, "Mendicant Core, Guidelight": 1749, "Voyager Glidecar": 3104, "Patchwork Automaton": 2011, "Birgi, God of Storytelling": 222, "Crater's Claws": 578, "Zurgo Bellstriker_SB": 3243, "Hare Apparent": 1255, "Chaplain of Alms": 463, "Rune of Might": 2310, "Momentum Breaker_SB": 1798, "Liliana, Heretical Healer_SB": 1638, "Sab-Sunen, Luxa Embodied": 2319, "Greasewrench Goblin": 1212, "Moonshaker Cavalry_SB": 1808, "Zareth San, the Trickster": 3227, "Grim Bauble": 1217, "Momentum Breaker": 1797, "Oildeep Gearhulk_SB": 1927, "Count on Luck_SB": 565, "Monument to Endurance_SB": 1805, "Shacklegeist_SB": 2425, "Valor's Flagship": 3045, "Ossification_SB": 1959, "Grim Bauble_SB": 1218, "Coalstoke Gearhulk": 505, "Djeru's Renunciation": 729, "Marauding Mako": 1708, "Monument to Endurance": 1804, "Sunbillow Verge": 2676, "Ketramose, the New Dawn_SB": 1515, "Mastermind's Acquisition": 1730, "Behold the Multiverse_SB": 212, "Memory Guardian": 1747, "Brightglass Gearhulk": 330, "Dredger's Insight": 777, "Archfiend's Vessel": 111, "Merfolk Secretkeeper": 1752, "Dreadhorde Arcanist_SB": 764, "Mukotai Ambusher": 1819, "Bloodghast": 262, "Molt Tender": 1794, "Driven // Despair_SB": 779, "Ashiok, Wicked Manipulator_SB": 134, "Anim Pakal, Thousandth Moon": 76, "Basri, Tomorrow's Champion": 198, "Urza's Ruinous Blast_SB": 3028, "The Speed Demon": 2823, "Intimidation Tactics_SB": 1403, "Oildeep Gearhulk": 1926, "Optimistic Scavenger_SB": 1949, "Virtue of Strength": 3075, "Bonny Pall, Clearcutter_SB": 291, "Roxanne, Starfall Savant_SB": 2299, "Willowrush Verge": 3165, "Freestrider Lookout": 1055, "Ketramose, the New Dawn": 1514, "Scrabbling Claws": 2365, "Mosswood Dreadknight_SB": 1814, "Commune with Spirits": 531, "Goro-Goro, Disciple of Ryusei": 1195, "Radha, Heart of Keld": 2133, "Redshift, Rocketeer Chief": 2200, "Bleachbone Verge": 244, "Detention Chariot": 697, "Tune Up": 2947, "Kaya the Inexorable_SB": 1488, "Thundering Broodwagon": 2871, "Fearless Swashbuckler": 962, "Gastal Thrillroller": 1083, "Leyline Binding_SB": 1604, "Ashiok, Nightmare Weaver": 132, "Jace's Defeat_SB": 1439, "Hazoret, Godseeker": 1274, "Boommobile": 294, "Hedron Archive": 1285, "Paradox Engine": 2003, "Portal of Sanctuary": 2081, "Repurposing Bay": 2226, "Terrarion": 2772, "The Mightstone and Weakstone": 2811, "Thran Spider": 2860, "Workshop Assistant": 3194, "Liberator, Urza's Battlethopter_SB": 1615, "Shrapnel Slinger_SB": 2471, "Norin, Swift Survivalist": 1892, "Mindlink Mech_SB": 1771, "Wastewood Verge": 3134, "Murderous Cut": 1823, "Anguished Unmaking_SB": 75, "Drownyard Temple": 786, "Quag Feast": 2119, "Avishkar Raceway": 157, "Fuel the Flames_SB": 1064, "Skycrash_SB": 2513, "Ashiok, Nightmare Muse_SB": 131, "Benthic Biomancer": 214, "Mindspring Merfolk": 1772, "Eaten Alive_SB": 803, "Biting-Palm Ninja_SB": 226, "Kazuul's Toll Collector": 1501, "Immersturm Raider": 1362, "The Speed Demon_SB": 2824, "Harrier Strix": 1259, "Hypnotic Grifter": 1352, "The Reality Chip": 2816, "Training Grounds": 2920, "Basilisk Collar_SB": 196, "Burnout Bashtronaut": 362, "Draconautics Engineer": 747, "Howlsquad Heavy": 1342, "Volley Veteran_SB": 3097, "Swiftfoot Boots_SB": 2710, "Stock Up": 2640, "Liliana, the Last Hope_SB": 1640, "Riverpyre Verge": 2275, "Concealing Curtains": 533, "Blade Historian": 235, "Pyre of Heroes": 2113, "Night Clubber_SB": 1864, "Riptide Gearhulk_SB": 2266, "Aegis Turtle_SB": 23, "Cleansing Wildfire": 494, "Crumble to Dust": 590, "Encroaching Wastes": 859, "Gnottvold Slumbermound": 1155, "Haphazard Bombardment": 1251, "Jaya's Greeting": 1449, "Ravager Wurm": 2167, "Rowan, Scholar of Sparks": 2298, "Rubble Reading": 2302, "Sheltered Thicket": 2443, "Structural Distortion": 2663, "Sylvan Primordial": 2716, "Territory Forge": 2773, "Twin Bolt": 2952, "Herbology Instructor_SB": 1298, "Nissa's Defeat_SB": 1875, "Peak Eruption_SB": 2022, "Scrabbling Claws_SB": 2366, "Analyze the Pollen": 62, "Ride's End": 2257, "Battle at the Bridge": 201, "Spire of Industry": 2601, "Battle at the Bridge_SB": 202, "Borrowed Hostility": 303, "Barbed Batterfist": 191, "Webstrike Elite": 3143, "Demilich_SB": 668, "Progenitor Mimic": 2100, "Banefire": 180, "Steel Seraph": 2634, "Violent Urge_SB": 3070, "Boon of Boseiju": 295, "Esika's Chariot_SB": 888, "Fighter Class": 991, "Chainsaw_SB": 446, "Nettle Guard_SB": 1857, "Sword of Forge and Frontier_SB": 2712, "Champion of the Perished": 447, "Cryptbreaker": 595, "Dark Salvation": 617, "Dread Wanderer": 760, "Relentless Dead": 2214, "Wayward Servant": 3138, "Zahur, Glory's Past": 3226, "Regal Imperiosaur": 2209, "Expedition Map_SB": 906, "Stock Up_SB": 2641, "Maximize Velocity": 1734, "Birgi, God of Storytelling_SB": 223, "Samut's Sprint": 2326, "Omen of the Dead_SB": 1934, "Lost Jitte": 1666, "Lazav, Wearer of Faces": 1589, "Medomai the Ageless": 1742, "Fires of Victory_SB": 1001, "Riptide Gearhulk": 2265, "Gather Courage_SB": 1090, "Carnage Tyrant": 389, "Feather, the Redeemed": 963, "Feather, the Redeemed_SB": 964, "Etali, Primal Conqueror_SB": 895, "Dewdrop Cure": 702, "Healer's Hawk": 1276, "Linden, the Steadfast Queen": 1641, "Rogue's Passage": 2289, "Ruin-Lurker Bat": 2306, "Afterburner Expert": 33, "Satoru Umezawa": 2337, "Cry of the Carnarium": 592, "Kaya, Orzhov Usurper": 1494, "Calamity's Wake_SB": 373, "Keruga, the Macrosage": 1511, "Twinshot Sniper": 2955, "Twinshot Sniper_SB": 2956, "Anzrag, the Quake-Mole": 86, "Tamiyo's Safekeeping": 2731, "Nissa, Ascended Animist_SB": 1877, "Out of Air_SB": 1965, "Adorned Pouncer": 20, "Roadside Reliquary": 2277, "Spontaneous Mutation_SB": 2611, "Sunder the Gateway": 2678, "Knight of Grace": 1534, "Swan Song_SB": 2707, "Rocketeer Boostbuggy": 2284, "Bladestitched Skaab": 238, "Lazotep Reaver": 1591, "Enduring Tenacity_SB": 867, "Chandra, Spark Hunter_SB": 458, "Azor, the Lawbringer_SB": 163, "Phoenix Chick": 2037, "Mortify": 1810, "Fuel the Flames": 1063, "Gix's Command_SB": 1131, "Sorin the Mirthless_SB": 2559, "Graf Reaver_SB": 1198, "Kraul Whipcracker_SB": 1556, "Dive Down_SB": 725, "Fear of Impostors": 958, "Riptide Chimera": 2264, "Witchstalker_SB": 3179, "Soul-Scar Mage_SB": 2569, "Blood Spatter Analysis": 258, "Demonic Bargain": 671, "Osseous Sticktwister": 1957, "Korvold, Fae-Cursed King_SB": 1552, "Dive Down": 724, "Jace Reawakened_SB": 1438, "Blessed Defiance": 247, "Seasoned Hallowblade": 2389, "The Mycosynth Gardens": 2814, "Burning Earth_SB": 358, "Alrund's Epiphany": 57, "Loot, the Pathfinder": 1659, "Fugitive Codebreaker": 1065, "Tireless Tracker_SB": 2883, "Invasion of New Phyrexia_SB": 1416, "Tangled Florahedron": 2739, "Healer of the Glade_SB": 1275, "Tale's End_SB": 2728, "Gisa, the Hellraiser_SB": 1128, "Ride's End_SB": 2258, "Omen of the Sun_SB": 1938, "Beseech the Mirror_SB": 216, "Commence the Endgame_SB": 525, "Forbidden Friendship": 1026, "Collective Effort_SB": 512, "Perilous Snare_SB": 2029, "Seeker of the Way_SB": 2399, "Redcap Melee": 2198, "Setessan Champion": 2419, "Trapped in the Screen": 2925, "Trapped in the Screen_SB": 2926, "Cryptolith Rite": 598, "Bottomless Pool && Locker Room": 308, "Bottomless Pool && Locker Room_SB": 309, "Knockout Blow": 1539, "Hidetsugu's Second Rite": 1309, "Eidolon of Blossoms_SB": 813, "Incubation Druid": 1372, "Kaya the Inexorable": 1487, "Mistrise Village": 1787, "Ral Zarek": 2147, "Tamiyo, Field Researcher": 2736, "Kunoros, Hound of Athreos_SB": 1569, "Qarsi Revenant": 2117, "Qarsi Revenant_SB": 2118, "Tersa Lightshatter": 2775, "Dragonfire Blade": 750, "Lavaspur Boots_SB": 1586, "Descendant of Storms": 686, "Cease // Desist": 432, "Cram Session": 575, "Insatiable Avarice": 1388, "The Biblioplex": 2791, "Valgavoth's Onslaught": 3037, "Containment Breach_SB": 548, "Environmental Sciences_SB": 875, "Introduction to Annihilation_SB": 1411, "Mascot Exhibition_SB": 1722, "Pest Summoning_SB": 2034, "Elspeth, Storm Slayer": 839, "United Battlefront": 3000, "Voice of Victory": 3085, "Sunder the Gateway_SB": 2679, "Voice of Victory_SB": 3086, "Mox Jasper": 1818, "Mistrise Village_SB": 1788, "Desperate Measures": 690, "Caustic Exhale": 421, "Dispelling Exhale": 719, "Foul-Tongue Invocation": 1040, "Marang River Regent": 1707, "Scavenger Regent": 2353, "Silumgar's Scorn": 2481, "Caustic Exhale_SB": 422, "Strategic Betrayal_SB": 2658, "Cori-Steel Cutter": 557, "Wild Ride": 3160, "Cori-Steel Cutter_SB": 558, "Katilda, Dawnhart Prime": 1486, "Songcrafter Mage": 2556, "Militia Bugler_SB": 1766, "Sunpearl Kirin": 2687, "Rot-Curse Rakshasa": 2294, "History of Benalia": 1317, "Strategic Betrayal": 2657, "Treasure Map": 2932, "Archangel Elspeth": 102, "Painter's Studio && Defaced Gallery": 1996, "This Town Ain't Big Enough_SB": 2845, "Jaya, Fiery Negotiator": 1450, "Gurmag Angler": 1232, "Cori Mountain Monastery": 556, "Stormscale Scion": 2650, "Stormscale Scion_SB": 2651, "Of One Mind": 1925, "Banishing Slash": 188, "Warden of the Grove": 3123, "Surrak, Elusive Hunter_SB": 2703, "United Battlefront_SB": 3001, "White Sun's Twilight_SB": 3157, "Icon of Ancestry": 1353, "Fire Prophecy": 996, "Ghostly Pilferer": 1110, "Paradoxical Outcome_SB": 2004, "Masked Vandal": 1723, "Fanatical Firebrand_SB": 945, "Scavenger's Talent_SB": 2355, "Liliana, Death's Majesty": 1636, "Runed Halo": 2311, "Shiko, Paragon of the Way": 2454, "Decadent Dragon_SB": 648, "Undead Sprinter_SB": 2985, "Boros Reckoner": 302, "Mantis Rider": 1706, "Mardu Siegebreaker": 1716, "Craterhoof Behemoth": 579, "Phyrexian Obliterator": 2046, "Decisive Denial": 650, "Ebondeath, Dracolich": 804, "Ertai's Scorn": 884, "Rakshasa's Bargain": 2146, "Unwind": 3018, "Awaken the Honored Dead_SB": 158, "Gaze of Granite_SB": 1092, "Lutri, the Spellchaser_SB": 1683, "Specter's Shriek_SB": 2579, "Elspeth, Storm Slayer_SB": 840, "Jeskai Revelation": 1453}}