{"vocabulary": {"Arclight Phoenix": 116, "Artist's Talent": 121, "Consider": 527, "Fiery Impulse": 962, "Into the Flood Maw": 1366, "Island": 1388, "Lightning Axe": 1586, "Opt": 1906, "Otawara, Soaring City": 1920, "Picklock Prankster": 2010, "Proft's Eidetic Memory": 2055, "Riverglide Pathway": 2228, "Shivan Reef": 2411, "Sleight of Hand": 2476, "Sokenzan, Crucible of Defiance": 2501, "Spell Pierce": 2535, "Spirebluff Canal": 2553, "Steam Vents": 2582, "Stormcarved Coast": 2598, "Torch the Tower": 2851, "Treasure Cruise": 2878, "Abrade_SB": 4, "Annul_SB": 80, "Chandra's Defeat_SB": 438, "Into the Flood Maw_SB": 1367, "Ledger Shredder_SB": 1554, "Negate_SB": 1814, "Third Path Iconoclast_SB": 2788, "Torch the Tower_SB": 2852, "Brazen Borrower": 312, "Hall of Storm Giants": 1208, "Ledger Shredder": 1553, "Anger of the Gods_SB": 71, "Beacon Bolt_SB": 199, "Brazen Borrower_SB": 313, "Mystical Dispute_SB": 1792, "Prismari Command_SB": 2051, "Fable of the Mirror-Breaker_SB": 899, "Bitter Triumph": 224, "Blackcleave Cliffs": 226, "Blazemire Verge": 235, "Blightstep Pathway": 243, "Blood Crypt": 248, "Bloodtithe Harvester": 261, "Blooming Marsh": 263, "Castle Locthwain": 396, "Cauldron Familiar": 407, "Claim the Firstborn": 478, "Deadly Dispute": 618, "Fable of the Mirror-Breaker": 898, "Fatal Push": 925, "Fountainport": 1019, "Mayhem Devil": 1695, "Overgrown Tomb": 1935, "Scavenger's Talent": 2308, "Swamp": 2653, "Witch's Oven": 3115, "Ygra, Eater of All": 3151, "Haywire Mite_SB": 1236, "Jegantha, the Wellspring_SB": 1411, "Kolaghan's Command_SB": 1507, "Molten Collapse_SB": 1755, "Ob Nixilis, the Adversary_SB": 1874, "Pawpatch Formation_SB": 1976, "Thoughtseize_SB": 2800, "Unlicensed Hearse_SB": 2948, "Deduce": 636, "Indomitable Creativity": 1336, "Mountain": 1774, "Negate": 1813, "Phantom Interference": 1992, "Prismari Command": 2050, "Shark Typhoon": 2390, "Temple of Epiphany": 2704, "Three Steps Ahead": 2809, "Valgavoth, Terror Eater": 2982, "Volcanic Spite": 3035, "Ashiok, Dream Render_SB": 127, "Fiery Impulse_SB": 963, "Hullbreaker Horror_SB": 1308, "Narset, Parter of Veils_SB": 1804, "Narset's Reversal_SB": 1801, "Rending Volley_SB": 2174, "Callous Sell-Sword": 367, "Claim // Fame": 476, "Den of the Bugbear": 657, "Dreadmaw's Ire": 744, "Emberheart Challenger": 827, "Heartfire Hero": 1244, "Infuriate": 1342, "Kumano Faces Kakkazan": 1526, "Manifold Mouse": 1664, "Monastery Swiftspear": 1760, "Monstrous Rage": 1762, "Rockface Village": 2239, "Slickshot Show-Off": 2479, "Sulfurous Springs": 2623, "Thoughtseize": 2799, "Claim // Fame_SB": 477, "Cut Down_SB": 595, "Feed the Swarm_SB": 945, "Go for the Throat_SB": 1130, "Hazoret the Fervent_SB": 1238, "Magebane Lizard_SB": 1654, "Urabrask's Forge_SB": 2967, "Archon of Emeria": 112, "Aven Interrupter": 151, "Branchloft Pathway": 307, "Brushland": 338, "Collected Company": 496, "Dromoka's Command": 757, "Eiganjo, Seat of the Empire": 794, "Elite Spellbinder": 810, "Elvish Mystic": 822, "Enduring Innocence": 841, "Kellan, Daring Traveler": 1464, "Llanowar Elves": 1610, "Plains": 2020, "Razorverge Thicket": 2128, "Shefet Dunes": 2396, "Skyclave Apparition": 2462, "Temple Garden": 2701, "Thalia, Guardian of Thraben": 2729, "Voice of Resurgence": 3026, "Werefox Bodyguard": 3091, "Anointed Peacekeeper_SB": 84, "Brutal Cathar_SB": 340, "Dromoka's Command_SB": 758, "Elesh Norn, Mother of Machines_SB": 808, "Gideon, Ally of Zendikar_SB": 1093, "Guardian of Faith_SB": 1196, "Portable Hole_SB": 2037, "The Wandering Emperor_SB": 2774, "Werefox Bodyguard_SB": 3092, "Ramunap Ruins": 2116, "Ghost Vacuum_SB": 1080, "Reckless Rage_SB": 2142, "Withering Torment_SB": 3123, "Ancestral Anger": 63, "Reckless Rage": 2141, "Titan's Strength": 2835, "Fatal Push_SB": 926, "Rockface Village_SB": 2240, "Abhorrent Oculus": 1, "Botanical Sanctum": 299, "Breeding Pool": 317, "Darkslick Shores": 602, "Fallaji Archaeologist": 915, "Neoform": 1815, "No One Left Behind": 1848, "Thundertrap Trainer": 2820, "Undercity Sewers": 2932, "Watery Grave": 3078, "Abrupt Decay_SB": 6, "Aether Gust_SB": 26, "Disdainful Stroke_SB": 693, "Duress_SB": 768, "Glissa Sunslayer_SB": 1115, "Pick Your Poison_SB": 2009, "Anointed Peacekeeper": 83, "Boseiju, Who Endures": 296, "Outland Liberator": 1927, "Elite Spellbinder_SB": 811, "Outland Liberator_SB": 1928, "Professor's Warning": 2053, "Turn Inside Out": 2895, "Sheoldred's Edict_SB": 2401, "Clearwater Pathway": 484, "Enduring Curiosity": 839, "Faerie Miscreant": 912, "Floodpits Drowner": 990, "Gloomlake Verge": 1117, "Kaito, Bane of Nightmares": 1427, "Mockingbird": 1750, "Moon-Circuit Hacker": 1766, "Mutavault": 1786, "Spyglass Siren": 2568, "Underground River": 2934, "Aclazotz, Deepest Betrayal_SB": 14, "Anoint with Affliction_SB": 82, "Enduring Curiosity_SB": 840, "Extinction Event_SB": 891, "Heartless Act_SB": 1247, "Spell Pierce_SB": 2536, "Bishop of Wings": 219, "Giada, Font of Hope": 1083, "Inspiring Overseer": 1358, "Kayla's Reconstruction": 1457, "Mana Confluence": 1662, "Resplendent Angel": 2186, "Righteous Valkyrie": 2214, "Back to Nature_SB": 164, "Containment Priest_SB": 535, "Deafening Silence_SB": 621, "Reidane, God of the Worthy_SB": 2166, "Rest in Peace_SB": 2189, "Voice of Resurgence_SB": 3027, "Castle Ardenvale": 393, "Castle Vantress": 398, "Deserted Beach": 668, "Discontinuity": 691, "Dovin's Veto": 722, "Dream Trawler": 748, "Farewell": 922, "Hallowed Fountain": 1209, "Hengegate Pathway": 1259, "Impulse": 1333, "Irrigated Farmland": 1386, "Lotus Field": 1631, "March of Otherworldly Light": 1669, "Memory Deluge": 1704, "No More Lies": 1846, "Restless Anchorage": 2190, "Settle the Wreckage": 2376, "Strict Proctor": 2611, "Sunfall": 2630, "Teferi, Hero of Dominaria": 2697, "The Wandering Emperor": 2773, "Thespian's Stage": 2779, "Chandra, Awakened Inferno_SB": 441, "Dovin's Veto_SB": 723, "Dream Trawler_SB": 749, "Farewell_SB": 923, "Get Lost_SB": 1072, "Knockout Blow_SB": 1500, "Surge of Righteousness_SB": 2646, "Thought Distortion_SB": 2795, "Bring to Light": 327, "Extinction Event": 890, "Fabled Passage": 900, "Floodfarm Verge": 989, "Forest": 1005, "Godless Shrine": 1156, "Hushwood Verge": 1312, "Indatha Triome": 1335, "Jetmir's Garden": 1414, "Ketria Triome": 1476, "Leyline Binding": 1563, "Lightning Helix": 1588, "Nahiri, the Harbinger": 1796, "Niv-Mizzet Reborn": 1840, "Niv-Mizzet, Supreme": 1843, "Omnath, Locus of Creation": 1898, "Raffine's Tower": 2093, "Raugrin Triome": 2121, "Savai Triome": 2295, "Selfless Glyphweaver": 2359, "Spara's Headquarters": 2527, "Sylvan Caryatid": 2662, "Thornspire Verge": 2793, "Unmoored Ego": 2951, "Up the Beanstalk": 2964, "Valki, God of Lies": 2985, "Vanishing Verse": 2995, "Ziatora's Proving Ground": 3172, "Deafening Clarion_SB": 620, "Go Blank_SB": 1127, "Kambal, Consul of Allocation_SB": 1434, "Krenko's Buzzcrusher_SB": 1518, "Notion Thief_SB": 1855, "Trostani, Three Whispers": 2890, "Cavern of Souls": 418, "Drowned Catacomb": 762, "Flicker of Fate": 985, "Glacial Fortress": 1102, "Go for the Throat": 1129, "Overlord of the Floodpits": 1941, "Overlord of the Hauntwoods": 1942, "Overlord of the Mistmoors": 1943, "Spelunking": 2540, "Sunpetal Grove": 2637, "Woodland Cemetery": 3133, "Zagoth Triome": 3164, "Zur, Eternal Schemer": 3179, "Damping Sphere_SB": 597, "Heliod's Intervention_SB": 1252, "High Noon_SB": 1277, "Vanishing Verse_SB": 2996, "Battlefield Forge": 198, "Concealed Courtyard": 518, "Elegant Parlor": 804, "Fear of Missing Out": 936, "Greasefang, Okiba Boss": 1179, "Kroxa, Titan of Death's Hunger": 1524, "Overlord of the Balemurk": 1937, "Parhelion II": 1965, "Sacred Foundry": 2275, "Skysovereign, Consul Flagship": 2469, "Takenuma, Abandoned Mire": 2673, "Reckoner Bankbuster_SB": 2146, "Day's Undoing": 611, "Field of Ruin": 957, "Get Lost": 1071, "Narset, Parter of Veils": 1803, "Portable Hole": 2036, "Sunken Citadel": 2633, "Supreme Verdict": 2644, "Beza, the Bounding Spring_SB": 214, "Kaheera, the Orphanguard_SB": 1424, "Kutzil's Flanker_SB": 1531, "Shark Typhoon_SB": 2391, "Cathar Commando_SB": 403, "Atarka's Command": 139, "Blossoming Defense": 264, "Copperline Gorge": 540, "Cragcrown Pathway": 557, "Ghitu Lavarunner": 1077, "Karplusan Forest": 1442, "Play with Fire": 2022, "Questing Druid": 2080, "Soul-Scar Mage": 2520, "Stomping Ground": 2594, "Wizard's Lightning": 3127, "Grafdigger's Cage_SB": 1168, "Pyroclasm_SB": 2073, "Blade of the Oni": 230, "Bloodletter of Aclazotz": 256, "Duress": 767, "Haunted Ridge": 1232, "Heartless Act": 1246, "Sheoldred, the Apocalypse": 2402, "Unholy Annex && Ritual Chamber": 2939, "Unstoppable Slasher": 2954, "Urborg, Tomb of Yawgmoth": 2970, "Invoke Despair_SB": 1382, "Darkbore Pathway": 601, "Hive of the Eye Tyrant": 1282, "Case of the Crimson Pulse_SB": 384, "Leyline of the Void_SB": 1574, "Arboreal Grazer": 97, "Archdruid's Charm": 105, "Bala Ged Recovery": 168, "Dark Petition": 599, "Emergent Ultimatum": 828, "Fae of Wishes": 907, "Hedge Maze": 1248, "Hidden Strings": 1270, "Lair of the Hydra": 1536, "Lier, Disciple of the Drowned": 1576, "Omniscience": 1900, "Pore Over the Pages": 2033, "Sylvan Scrying": 2666, "Vizier of Tumbling Sands": 3024, "Approach of the Second Sun_SB": 90, "Emergent Ultimatum_SB": 829, "Leyline of Sanctity_SB": 1571, "Sphinx of the Final Word_SB": 2542, "Temporary Lockdown_SB": 2713, "Voyaging Satyr_SB": 3049, "Horned Loch-Whale": 1296, "Meticulous Archive": 1718, "Anger of the Gods": 70, "Dig Through Time": 685, "Niv-Mizzet, Parun": 1841, "Wish": 3113, "Aetherflux Reservoir_SB": 29, "Elder Gargaroth_SB": 797, "Galvanic Iteration_SB": 1049, "Lier, Disciple of the Drowned_SB": 1577, "Nine Lives_SB": 1833, "Silence_SB": 2432, "Sweltering Suns_SB": 2656, "Crackling Drake_SB": 555, "Proft's Eidetic Memory_SB": 2056, "Thassa's Oracle_SB": 2734, "Raffine's Informant": 2092, "Loran of the Third Path_SB": 1621, "Light Up the Stage": 1582, "Skewer the Critics": 2455, "Spikefield Hazard": 2547, "End the Festivities_SB": 836, "Goblin Chainwhirler_SB": 1136, "Kari Zev's Expertise_SB": 1439, "Rampaging Ferocidon_SB": 2114, "Razorkin Needlehead_SB": 2125, "Redcap Melee_SB": 2153, "Roiling Vortex_SB": 2244, "Sunspine Lynx_SB": 2642, "Witchstalker Frenzy_SB": 3118, "Archfiend of the Dross": 108, "Bonecrusher Giant": 280, "Angrath's Rampage_SB": 72, "Sheoldred, the Apocalypse_SB": 2403, "Galvanic Iteration": 1048, "Temporal Trespass": 2711, "Graveyard Trespasser": 1176, "Invoke Despair": 1381, "Mazemind Tome": 1697, "Sheoldred's Edict": 2400, "Deadly Cover-Up_SB": 617, "Silundi Vision": 2435, "Thespian's Stage_SB": 2780, "Adarkar Wastes": 17, "Adeline, Resplendent Cathar": 18, "Coppercoat Vanguard": 539, "Dauntless Bodyguard": 604, "Declaration in Stone": 634, "Extraction Specialist": 894, "Recruitment Officer": 2150, "Seachrome Coast": 2331, "Sheltered by Ghosts": 2398, "Thalia's Lieutenant": 2728, "Veteran Survivor": 3007, "Declaration in Stone_SB": 635, "Reflector Mage_SB": 2157, "Wedding Announcement_SB": 3087, "Necromentia_SB": 1809, "Hazoret the Fervent": 1237, "Lay Down Arms": 1548, "Prairie Stream": 2044, "Quick Study": 2082, "Reckoner Bankbuster": 2145, "Path of Peril_SB": 1971, "The Meathook Massacre_SB": 2757, "Atraxa, Grand Unifier": 141, "Careful Cultivation": 375, "Courier's Briefcase": 551, "Esika's Chariot": 862, "Mirrex": 1736, "Rockfall Vale": 2241, "Transmogrify": 2871, "Hidetsugu Consumes All_SB": 1272, "Inti, Seneschal of the Sun": 1363, "Liliana of the Veil_SB": 1595, "Unholy Annex && Ritual Chamber_SB": 2940, "Lightning Strike": 1591, "Niv-Mizzet, Parun_SB": 1842, "Pillage the Bog": 2015, "Elspeth's Smite_SB": 814, "Emrakul, the Promised End_SB": 833, "Invasion of Gobakhan": 1373, "Mausoleum Wanderer": 1692, "Rattlechains": 2119, "Spell Queller": 2537, "Supreme Phantom": 2643, "Wedding Announcement": 3086, "Destroy Evil_SB": 675, "Enduring Innocence_SB": 842, "Skyclave Apparition_SB": 2463, "Split Up_SB": 2560, "Three Steps Ahead_SB": 2810, "Nylea's Presence": 1869, "Yorion, Sky Nomad": 3153, "Sunfall_SB": 2631, "Yorion, Sky Nomad_SB": 3154, "Brotherhood's End_SB": 337, "Gleeful Demolition": 1111, "Imodane's Recruiter": 1325, "Inspiring Vantage": 1359, "Knight-Errant of Eos": 1497, "Needleverge Pathway": 1812, "Novice Inspector": 1856, "Resolute Reinforcements": 2184, "Thraben Inspector": 2804, "Venerated Loxodon": 3003, "Voldaren Epicure": 3037, "Warden of the Inner Sky": 3067, "Forge Devil_SB": 1007, "Invasion of Gobakhan_SB": 1374, "High Noon": 1276, "Charred Foyer && Warped Space_SB": 455, "Aloe Alchemist": 53, "Burning-Tree Emissary": 351, "Cunning Coyote": 587, "Reckless Bushwhacker": 2138, "Cindervines_SB": 469, "Questing Druid_SB": 2081, "Access Tunnel": 11, "Caustic Bronco_SB": 409, "Cry of the Carnarium_SB": 577, "Kalitas, Traitor of Ghet_SB": 1432, "March of Wretched Sorrow_SB": 1674, "Case of the Stashed Skeleton": 388, "Hidetsugu Consumes All": 1271, "Ob Nixilis, the Adversary": 1873, "Soul-Guide Lantern_SB": 2519, "Cavalier of Thorns": 414, "Invasion of Ixalan": 1375, "Kiora, Behemoth Beckoner": 1480, "Leyline of the Guildpact": 1572, "Nykthos, Shrine to Nyx": 1867, "Old-Growth Troll": 1889, "Outcaster Trailblazer": 1926, "Polukranos Reborn": 2029, "Storm the Festival": 2597, "Ulvenwald Oddity": 2920, "Cityscape Leveler_SB": 474, "Scrapshooter_SB": 2323, "Setessan Petitioner_SB": 2374, "The Stone Brain_SB": 2772, "Thrun, Breaker of Silence_SB": 2814, "Acererak the Archlich": 12, "Glissa Sunslayer": 1114, "Gwenna, Eyes of Gaea": 1202, "Honest Rutstein": 1288, "Kinnan, Bonder Prodigy": 1478, "Plaza of Heroes": 2025, "Relic of Legends": 2169, "Rona, Herald of Invasion": 2246, "Agatha's Soul Cauldron_SB": 38, "Assassin's Trophy_SB": 136, "Tranquil Frillback_SB": 2869, "Bloodchief's Thirst": 253, "Lightning Axe_SB": 1587, "Misery's Shadow": 1741, "Brave the Elements": 310, "Hopeful Initiate": 1293, "Devouring Light_SB": 680, "Cryptic Coat": 580, "Darksteel Citadel": 603, "Ensoul Artifact": 847, "Legion Extruder": 1557, "Shadowspear": 2381, "Shrapnel Blast": 2422, "Smuggler's Copter": 2489, "Voltage Surge_SB": 3042, "Caves of Koilos": 420, "Shattered Sanctum": 2393, "Fracture_SB": 1022, "Glistening Deluge_SB": 1116, "Ritual of Soot_SB": 2227, "Sunset Revelry_SB": 2639, "Cling to Dust": 489, "Untimely Malfunction_SB": 2960, "Welcoming Vampire": 3089, "Knight of Autumn_SB": 1491, "Tranquil Frillback": 2868, "Tamiyo's Safekeeping_SB": 2680, "Censor": 429, "Flip the Switch": 988, "Get Out": 1073, "Secrets of the Key": 2346, "Valakut Awakening": 2978, "Kaya, Spirits' Justice_SB": 1456, "Kari Zev, Skyship Raider": 1440, "Screaming Nemesis": 2326, "Raucous Theater": 2120, "Shadowy Backstreet": 2383, "Sanguine Evangelist": 2289, "Bandit's Talent": 174, "Demolition Field": 649, "Geier Reach Sanitarium": 1066, "Go Blank": 1126, "Kalitas, Traitor of Ghet": 1431, "Languish": 1538, "Liliana of the Veil": 1594, "Waste Not": 3074, "Bandit's Talent_SB": 175, "Eidolon of the Great Revel": 792, "Hired Claw": 1280, "Ojer Axonil, Deepest Might": 1887, "Wild Slash": 3102, "Destructive Revelry_SB": 676, "Scorching Shot_SB": 2315, "Shapers' Sanctuary_SB": 2387, "Metamorphic Alteration_SB": 1717, "Annul": 79, "Agatha's Soul Cauldron": 37, "Marvin, Murderous Mimic": 1680, "Tree of Perdition": 2880, "Voldaren Thrillseeker": 3038, "Bitter Triumph_SB": 225, "Elesh Norn, Mother of Machines": 807, "Enigmatic Incarnation": 846, "Glasspool Mimic": 1109, "Kroxa and Kunoros": 1523, "Nowhere to Run": 1857, "Noxious Gearhulk": 1859, "Overlord of the Boilerbilges": 1939, "Sanctuary Warden": 2284, "Titan of Industry": 2833, "Archon of Emeria_SB": 113, "Ruric Thar, the Unbowed_SB": 2268, "Haywire Mite": 1235, "Temporary Lockdown": 2712, "Oath of Nissa": 1871, "Arasta of the Endless Web_SB": 96, "Obstinate Baloth_SB": 1880, "Tail Swipe_SB": 2671, "Virtue of Loyalty": 3014, "Archangel Elspeth_SB": 103, "Kutzil's Flanker": 1530, "Linvala, the Preserver": 1602, "Zurgo Bellstriker": 3181, "Claim the Firstborn_SB": 479, "Stern Dismissal": 2587, "Baneslayer Angel_SB": 179, "Kroxa, Titan of Death's Hunger_SB": 1525, "Ashen Rider_SB": 124, "Nimble Larcenist_SB": 1831, "Anoint with Affliction": 81, "Drown in the Loch": 761, "Faerie Mastermind": 910, "Jwari Disruption": 1421, "Kaito Shizuki": 1425, "Restless Reef": 2195, "Soaring Thought-Thief": 2500, "Thieves' Guild Enforcer": 2782, "Change the Equation_SB": 450, "Nighthawk Scavenger_SB": 1826, "Brutal Cathar": 339, "Kytheon, Hero of Akros": 1535, "Abrupt Decay": 5, "Beza, the Bounding Spring": 213, "Clifftop Retreat": 488, "Deadly Cover-Up": 616, "Deafening Clarion": 619, "Kolaghan's Command": 1506, "Molten Collapse": 1754, "Xander's Lounge": 3143, "Yasharn, Implacable Earth": 3148, "Azure Beastbinder": 162, "Barkchannel Pathway": 188, "Bonny Pall, Clearcutter": 282, "Bounding Krasis": 303, "Decimator of the Provinces": 632, "Dreamroot Cascade": 751, "Elder Deep-Fiend": 795, "Fierce Empath": 960, "Insidious Fungus": 1354, "Keen-Eyed Curator": 1462, "Nissa, Vastwood Seer": 1838, "Reclamation Sage": 2147, "Restless Vinestalk": 2199, "Rishkar, Peema Renegade": 2222, "Sentinel of the Nameless City": 2366, "Tishana's Tidebinder": 2831, "Yavimaya Coast": 3150, "Keen-Eyed Curator_SB": 1463, "Sandstalker Moloch_SB": 2286, "Skylasher_SB": 2467, "Demilich": 647, "Ornithopter": 1913, "Chromanticore": 463, "Cragplate Baloth": 558, "Oketra the True": 1888, "Soulflayer": 2522, "Stitcher's Supplier": 2590, "Urborg Scavengers": 2969, "Zetalpa, Primal Dawn": 3170, "Collective Brutality_SB": 499, "Murderous Rider_SB": 1785, "Dreams of Steel and Oil_SB": 753, "Cache Grab": 359, "Camellia, the Seedmiser": 369, "Gilded Goose": 1096, "Llanowar Wastes": 1612, "Tarrian's Journal": 2689, "Traverse the Ulvenwald": 2875, "Vinereap Mentor": 3011, "The Cruelty of Gix": 2743, "Sire of Insanity_SB": 2451, "Rush of Adrenaline": 2269, "Caustic Bronco": 408, "Brightclimb Pathway": 321, "Silverquill Silencer": 2442, "Cacophony Scamp": 361, "Felonious Rage": 950, "Leyline of Resonance": 1568, "Might of the Meek": 1723, "Slickshot Show-Off_SB": 2480, "Ulcerate_SB": 2917, "Phyrexian Fleshgorger": 2001, "Phyrexian Fleshgorger_SB": 2002, "Epic Downfall_SB": 853, "Search for Azcanta": 2336, "Deathcap Glade": 623, "Pawpatch Formation": 1975, "Graveyard Trespasser_SB": 1177, "Furnace Reins_SB": 1042, "Tear Asunder_SB": 2693, "Parting Gust_SB": 1967, "Authority of the Consuls": 149, "Caretaker's Talent": 376, "Cave of the Frost Dragon": 416, "Ossification": 1917, "Reidane, God of the Worthy": 2165, "Scavenging Ooze": 2310, "Wolfwillow Haven": 3130, "Forest_SB": 1006, "Young Pyromancer_SB": 3159, "Elder Gargaroth": 796, "Kenrith, the Returned King": 1469, "Smuggler's Surprise": 2490, "Temple of Mystery": 2707, "Turntimber Symbiosis": 2898, "Zacama, Primal Calamity": 3161, "Dragonlord Dromoka_SB": 730, "Ertai Resurrected_SB": 858, "Languish_SB": 1539, "March of Swirling Mist_SB": 1672, "Realm-Cloaked Giant_SB": 2133, "Velomachus Lorehold_SB": 3001, "Urabrask's Forge": 2966, "Dreams of Steel and Oil": 752, "Mosswood Dreadknight": 1772, "Underground Mortuary": 2933, "Unholy Annex // Ritual Chamber": 2941, "Omen of the Sea": 1895, "Cavern of Souls_SB": 419, "Nezahal, Primal Tide_SB": 1817, "Overlord of the Boilerbilges_SB": 1940, "Unholy Annex // Ritual Chamber_SB": 2942, "Deep-Cavern Bat_SB": 638, "Vaultborn Tyrant": 2999, "Knight of Autumn": 1490, "Lion Sash": 1604, "Angel of Serenity": 67, "Heliod, the Radiant Dawn": 1254, "Nimble Larcenist": 1830, "Roaring Furnace // Steaming Sauna": 2235, "Sulfur Falls": 2622, "Entity Tracker_SB": 850, "Supreme Verdict_SB": 2645, "Titan of Industry_SB": 2834, "Agent of Treachery": 39, "Chained to the Rocks": 431, "Entity Tracker": 849, "Hinterland Harbor": 1279, "Trumpeting Carnosaur": 2891, "Lightning Helix_SB": 1589, "Kick in the Door": 1477, "Mishra's Research Desk": 1744, "Violent Urge": 3012, "Lithomantic Barrage_SB": 1607, "Lush Portico": 1642, "Soul Partition": 2514, "Hostage Taker": 1299, "Krenko's Buzzcrusher": 1517, "Moon-Blessed Cleric": 1765, "Glarb, Calamity's Augur": 1105, "Charred Foyer // Warped Space_SB": 456, "Brokers Hideout": 334, "Cabaretti Courtyard": 358, "Cosmic Rebirth": 547, "Escape to the Wilds": 861, "Lotus Cobra": 1630, "Nissa, Resurgent Animist": 1837, "Risen Reef": 2221, "Blot Out_SB": 267, "Nine Lives": 1832, "Peer into the Abyss": 1981, "Dig Through Time_SB": 686, "Grand Abolisher_SB": 1170, "Otawara, Soaring City_SB": 1921, "Zacama, Primal Calamity_SB": 3162, "Misery's Shadow_SB": 1742, "Casualties of War_SB": 399, "Culling Ritual_SB": 585, "Doomskar_SB": 718, "Kenrith, the Returned King_SB": 1470, "Mazemind Tome_SB": 1698, "All That Glitters": 51, "Aqueous Form": 91, "Audacity": 145, "Combat Research": 510, "Curious Obsession": 591, "Ethereal Armor": 871, "Gladecover Scout": 1103, "Kaya's Ghostform": 1449, "Light-Paws, Emperor's Voice": 1585, "Shardmage's Rescue": 2388, "Stubborn Denial": 2615, "Toadstool Admirer": 2838, "Break the Spell_SB": 315, "Doorkeeper Thrull_SB": 719, "Slip Out the Back_SB": 2482, "Warbriar Blessing_SB": 3065, "Dreadhorde Arcanist": 740, "Bond of Insight": 276, "Lightning Strike_SB": 1592, "Ral, Crackling Wit_SB": 2106, "Lyra Dawnbringer_SB": 1644, "Roaring Furnace && Steaming Sauna": 2233, "Agent of Treachery_SB": 40, "Elspeth Conquers Death_SB": 812, "Shipwreck Marsh": 2410, "Depopulate_SB": 663, "Obliterating Bolt_SB": 1876, "Dokuchi Silencer_SB": 710, "Elspeth's Smite": 813, "Welcoming Vampire_SB": 3090, "Boros Charm": 290, "Deflecting Palm_SB": 645, "Leyline of Combustion_SB": 1566, "Searing Blood_SB": 2338, "Akroan Crusader": 48, "Clever Lumimancer": 486, "Defiant Strike": 643, "Expedite": 879, "Gods Willing_SB": 1158, "Light of Hope_SB": 1584, "Loran's Escape_SB": 1623, "Sheltered by Ghosts_SB": 2399, "Smash to Smithereens_SB": 2485, "Witchstalker Frenzy": 3117, "Showdown of the Skalds_SB": 2421, "Kaito Shizuki_SB": 1426, "Selfless Spirit_SB": 2364, "Dreadmaw's Ire_SB": 745, "Eat to Extinction_SB": 779, "Vivien, Monsters' Advocate_SB": 3023, "Yasharn, Implacable Earth_SB": 3149, "Archfiend of the Dross_SB": 109, "Emeria's Call": 830, "Realmwalker": 2134, "Fiery Temper": 964, "Hollow One": 1285, "Insolent Neonate": 1356, "Ovalchase Daredevil": 1932, "Restless Vents": 2198, "Scrapheap Scrounger": 2321, "Shacklegeist": 2378, "Spectral Sailor": 2533, "Dreadhorde Invasion": 742, "Unable to Scream": 2923, "Summary Dismissal_SB": 2624, "Obzedat, Ghost Council": 1882, "Pest Control_SB": 1990, "Charming Prince": 453, "Ajani, Sleeper Agent_SB": 44, "Nahiri, the Harbinger_SB": 1797, "Bonecrusher Giant_SB": 281, "Silver Raven": 2436, "Unable to Scream_SB": 2924, "Scrapshooter": 2322, "Fog_SB": 997, "Kenrith's Transformation_SB": 1468, "Pithing Needle_SB": 2019, "Questing Beast_SB": 2079, "Skysovereign, Consul Flagship_SB": 2470, "Wolfwillow Haven_SB": 3131, "Cling to Dust_SB": 490, "Boseiju, Who Endures_SB": 297, "Filter Out_SB": 968, "Divine Smite_SB": 707, "Reckless Impulse": 2140, "Alpine Moon_SB": 56, "Improbable Alliance_SB": 1332, "Reflector Mage": 2156, "Alpha Authority": 54, "Demonic Ruckus": 654, "Gryff's Boon": 1194, "Hammerhand": 1213, "Optimistic Scavenger": 1907, "Sentinel's Eyes": 2368, "Storm Herald": 2596, "March of Otherworldly Light_SB": 1670, "Cartouche of Solidarity": 381, "Leyline of Sanctity": 1570, "Warbriar Blessing": 3064, "Soul Partition_SB": 2515, "Beseech the Mirror": 210, "Rush of Dread": 2270, "The End_SB": 2746, "The Meathook Massacre": 2756, "Ygra, Eater of All_SB": 3152, "Path to the World Tree": 1972, "Collision // Colossus": 503, "Pawpatch Recruit": 1977, "Snakeskin Veil": 2492, "Furnace Reins": 1041, "Vivien Reid_SB": 3020, "Dragonlord Dromoka": 729, "Bloodletter of Aclazotz_SB": 257, "Cleansing Nova": 480, "Confounding Riddle": 524, "Coveted Falcon": 553, "Idyllic Tutor": 1318, "Rest in Peace": 2188, "Solemnity": 2504, "Palace Siege_SB": 1956, "Unmoored Ego_SB": 2952, "Big Score": 215, "Dwarven Mine": 775, "Snow-Covered Mountain": 2497, "Sundown Pass": 2629, "Worldspine Wurm_SB": 3137, "Xenagos, God of Revels_SB": 3145, "Cathar Commando": 402, "Isolated Chapel": 1391, "Loran of the Third Path": 1620, "Tenacious Underdog": 2715, "Rush of Dread_SB": 2271, "Blood Baron of Vizkopa_SB": 247, "Change the Equation": 449, "Torrential Gearhulk": 2858, "Chrome Host Seedshark_SB": 465, "Test of Talents_SB": 2725, "March of Wretched Sorrow": 1673, "Hallowed Moonlight_SB": 1211, "Valgavoth, Terror Eater_SB": 2983, "Wear // Tear_SB": 3081, "Fauna Shaman": 929, "Aclazotz, Deepest Betrayal": 13, "Make Disappear": 1657, "Ray of Enfeeblement_SB": 2123, "Tishana's Tidebinder_SB": 2832, "Phyrexian Censor_SB": 1999, "Assassin's Trophy": 135, "Tear Asunder": 2692, "The World Tree": 2778, "Radiant Flames_SB": 2091, "Void Winnower_SB": 3033, "Split Up": 2559, "Rite of the Moth": 2225, "Valgavoth's Faithful": 2979, "Assimilation Aegis": 138, "Candy Trail": 372, "Case of the Filched Falcon": 385, "Disruption Protocol": 699, "Dusk Rose Reliquary": 771, "Fomori Vault": 998, "Golos, Tireless Pilgrim": 1162, "Inventors' Fair": 1379, "Lantern of the Lost": 1540, "Metallic Rebuke": 1713, "Moonsnare Prototype": 1768, "Prophetic Prism": 2060, "The Book of Exalted Deeds": 2741, "The Enigma Jewel": 2747, "Tyrite Sanctum": 2906, "Whir of Invention": 3096, "Citizen's Crowbar_SB": 472, "Ashiok, Dream Render": 126, "Bonebind Orator": 279, "Crashing Drawbridge": 562, "Deathrite Shaman": 627, "Fiend Artisan": 959, "Insidious Roots": 1355, "Moss-Pit Skeleton": 1770, "Osteomancer Adept": 1919, "Rubblebelt Maverick": 2257, "Seed of Hope": 2350, "Shigeki, Jukai Visionary": 2407, "Snarling Gorehound": 2494, "Squirming Emergence": 2571, "Tyvar, Jubilant Brawler": 2910, "Unstoppable Slasher_SB": 2955, "Coordinated Assault": 537, "Case of the Gateway Express": 386, "The Wandering Rescuer": 2775, "Jace, Wielder of Mysteries_SB": 1404, "Breaking // Entering": 316, "Founding the Third Path": 1016, "Fraying Sanity": 1028, "Jace, the Perfected Mind": 1405, "Maddening Cacophony": 1647, "Soul-Guide Lantern": 2518, "Tasha's Hideous Laughter": 2690, "Bontu's Last Reckoning_SB": 284, "Aetherflux Reservoir": 28, "Come Back Wrong_SB": 511, "Starfield of Nyx": 2577, "Dragonhawk, Fate's Tempest": 728, "Obliterating Bolt": 1875, "Reckless Stormseeker": 2143, "The Akroan War": 2736, "The Huntsman's Redemption": 2752, "Klothys, God of Destiny_SB": 1489, "Hallowed Moonlight": 1210, "Carrot Cake": 380, "Regal Caracal": 2161, "Westvale Abbey": 3094, "Settle the Wreckage_SB": 2377, "Brimaz, King of Oreskos_SB": 324, "Screaming Nemesis_SB": 2327, "Containment Priest": 534, "Extraction Specialist_SB": 895, "Narset, Enlightened Master_SB": 1802, "Izzet Charm": 1395, "Saheeli, Sublime Artificer_SB": 2277, "Cut Down": 594, "Tomik, Wielder of Law": 2847, "Elspeth, Sun's Champion_SB": 818, "Virtue of Persistence_SB": 3017, "Snow-Covered Swamp": 2499, "Blossoming Defense_SB": 265, "Cruelclaw's Heist": 571, "Outrageous Robbery_SB": 1931, "Twisted Fealty_SB": 2903, "Voracious Hydra_SB": 3045, "Lovestruck Beast": 1633, "Crackling Drake": 554, "Angrath, the Flame-Chained_SB": 73, "Angel of Serenity_SB": 68, "Up the Beanstalk_SB": 2965, "Nebelgast Herald": 1807, "Eidolon of Rhetoric_SB": 791, "Castle Garenbrig": 395, "Ulamog, the Ceaseless Hunger": 2915, "Monstrous Emergence_SB": 1761, "Prowling Serpopard_SB": 2066, "Castle Embereth": 394, "Scavenger Grounds": 2305, "Grisly Salvage": 1187, "Pack Rat": 1951, "Silence": 2431, "Sorin, Vengeful Bloodlord": 2512, "Witherbloom Command": 3120, "Hagra Mauling": 1205, "Murderous Rider": 1784, "Restless Cottage": 2192, "Sorin the Mirthless": 2510, "The End": 2745, "Rewind": 2207, "Ancient Cornucopia": 64, "Selfless Glyphweaver_SB": 2360, "Tolsimir, Friend to Wolves_SB": 2844, "Torpor Orb_SB": 2857, "Dark Betrayal_SB": 598, "Leyline of Resonance_SB": 1569, "Snow-Covered Island": 2496, "Finale of Devastation": 970, "Kitsa, Otterball Elite": 1487, "Lavaspur Boots": 1545, "Mox Amber": 1775, "Retraction Helix": 2200, "Springleaf Drum": 2566, "Valley Floodcaller": 2986, "Wishclaw Talisman": 3114, "Altar of the Brood_SB": 60, "Kaito, Bane of Nightmares_SB": 1428, "Mox Amber_SB": 1776, "Retraction Helix_SB": 2201, "Fires of Invention": 974, "The Scarab God": 2766, "Cruelclaw's Heist_SB": 572, "Malicious Eclipse_SB": 1661, "Altanak, the Thrice-Called": 59, "Attack-in-the-Box": 143, "Balemurk Leech": 170, "Broodspinner": 335, "Cackling Slasher": 360, "Cathartic Parting": 404, "Coordinated Clobbering": 538, "Flesh Burrower": 984, "Frantic Strength": 1026, "Glimmerlight": 1112, "Grasping Longneck": 1175, "Grievous Wound": 1184, "Innocuous Rat": 1347, "Leyline of the Void": 1573, "Meathook Massacre II": 1699, "Overgrown Zealot": 1936, "Saw": 2299, "Slavering Branchsnapper": 2473, "Spectral Snatcher": 2534, "Spineseeker Centipede": 2548, "Sporogenic Infection": 2564, "Strangled Cemetery": 2607, "Terramorphic Expanse": 2719, "Twitching Doll": 2904, "Valgavoth's Lair": 2980, "Wary Watchdog": 3073, "Winter, Misanthropic Guide": 3112, "Conductive Machete_SB": 522, "Fanatic of the Harrowing_SB": 918, "Final Vengeance_SB": 969, "Friendly Teddy_SB": 1032, "Give In to Violence_SB": 1099, "Manifest Dread_SB": 1663, "Murder_SB": 1781, "Tormod's Crypt_SB": 2856, "Devout Decree_SB": 681, "Cemetery Desecrator": 424, "Escape Tunnel": 860, "Insatiable Avarice_SB": 1350, "Chandra, Dressed to Kill": 442, "Obosh, the Preypiercer_SB": 1878, "Adeline, Resplendent Cathar_SB": 19, "Jadar, Ghoulcaller of Nephalia_SB": 1406, "Unctus, Grand Metatect": 2929, "Feed the Swarm": 944, "Crumb and Get It": 573, "Favored Hoplite": 930, "Gods Willing": 1157, "Illuminator Virtuoso": 1323, "Boros Charm_SB": 291, "Dewdrop Cure_SB": 683, "Flowstone Infusion_SB": 996, "Aftermath Analyst": 34, "Annie Joins Up": 78, "Doppelgang": 720, "Lumra, Bellow of the Woods": 1639, "Phylath, World Sculptor": 1995, "Port of Karfell": 2035, "Riveteers Overlook": 2230, "Thundering Falls": 2819, "Worldsoul's Rage": 3135, "Exquisite Firecraft_SB": 889, "Skullcrack_SB": 2461, "Rotten Reunion_SB": 2249, "Cathartic Pyre": 405, "Lotus Field_SB": 1632, "Scavenging Ooze_SB": 2311, "Tyrranax Rex_SB": 2908, "Innkeeper's Talent": 1345, "Liliana, the Last Hope": 1599, "Legion's End_SB": 1560, "Day's Undoing_SB": 612, "Adanto Vanguard": 15, "Homestead Courage": 1287, "Sejiri Shelter": 2357, "Adanto Vanguard_SB": 16, "Shardmage's Rescue_SB": 2389, "Skrelv, Defector Mite": 2459, "Slip Out the Back": 2481, "Staggering Insight": 2574, "Hushbringer_SB": 1311, "Natural State_SB": 1806, "Otherworldly Gaze": 1923, "Behold the Beyond": 205, "Perilous Voyage_SB": 1987, "Nowhere to Run_SB": 1858, "Discontinuity_SB": 692, "Hostile Hostel": 1300, "Voyaging Satyr": 3048, "Polukranos Reborn_SB": 2030, "Ulamog, the Ceaseless Hunger_SB": 2916, "Unlucky Witness": 2950, "Detention Sphere": 678, "Thalia, Heretic Cathar": 2731, "Virtue of Loyalty_SB": 3015, "Collision // Colossus_SB": 504, "Hostile Investigator": 1301, "Nissa, Ascended Animist": 1835, "Rankle's Prank": 2117, "Repudiate // Replicate": 2179, "Thrun, Breaker of Silence": 2813, "Wrenn and Realmbreaker": 3140, "Colossal Skyturtle_SB": 507, "Song of Totentanz_SB": 2507, "Metamorphic Alteration": 1716, "Aven Interrupter_SB": 152, "Giant Killer_SB": 1087, "Mirrorshell Crab": 1738, "Omen Hawker": 1891, "Horned Loch-Whale_SB": 1297, "Strict Proctor_SB": 2612, "Ashiok, Nightmare Muse": 128, "Deploy the Gatewatch": 661, "Interplanar Beacon": 1362, "Kaya, Intangible Slayer": 1452, "Lukka, Coppercoat Outcast": 1636, "Narset of the Ancient Way": 1800, "Overgrown Farmland": 1934, "Paradise Druid": 1961, "Tamiyo, Collector of Tales": 2681, "Tamiyo, Compleated Sage": 2683, "The Eternal Wanderer": 2748, "Ugin, the Spirit Dragon": 2913, "Vraska, Betrayal's Sting": 3051, "Preacher of the Schism": 2045, "Klothys, God of Destiny": 1488, "Lilah, Undefeated Slickshot": 1593, "Green Sun's Twilight": 1182, "Railway Brawler": 2095, "Tyrranax Rex": 2907, "Vorinclex, Monstrous Raider": 3046, "Invasion of Ixalan_SB": 1376, "Kogla, the Titan Ape_SB": 1505, "Nullhide Ferox_SB": 1863, "The Kenriths' Royal Funeral_SB": 2755, "Geistlight Snare": 1067, "Katilda, Dawnhart Martyr": 1444, "Katilda, Dawnhart Martyr_SB": 1445, "Highway Robbery": 1278, "Third Path Iconoclast": 2787, "Gideon, Ally of Zendikar": 1092, "Shambling Vent": 2386, "Knight of Grace_SB": 1495, "Clockwork Percussionist": 491, "Atarka's Command_SB": 140, "Agadeem's Awakening": 35, "Exorcise_SB": 877, "Collective Brutality": 498, "Ferocious Werefox_SB": 951, "Cenote Scout": 428, "Deeproot Elite": 640, "Deeproot Pilgrimage": 641, "Forensic Researcher": 1002, "Kiora's Follower": 1479, "Kitesail Larcenist": 1483, "Kumena, Tyrant of Orazca": 1528, "Merfolk Trickster": 1712, "Three Tree City": 2811, "Vodalian Hexcatcher": 3025, "Forensic Researcher_SB": 1003, "Heroic Intervention_SB": 1267, "Kopala, Warden of Waves_SB": 1510, "Lost in the Maze_SB": 1628, "Prophet of Kruphix_SB": 2059, "Snow-Covered Forest": 2495, "Detention Sphere_SB": 679, "Hope Tender_SB": 1292, "Helping Hand": 1258, "Jace, Vryn's Prodigy": 1402, "Monastery Mentor": 1758, "Thing in the Ice_SB": 2785, "Tolsimir, Friend to Wolves": 2843, "Nylea's Intervention_SB": 1868, "Unexpected Fangs_SB": 2938, "Starnheim Unleashed_SB": 2578, "Callous Bloodmage": 366, "Linvala, the Preserver_SB": 1603, "Chord of Calling": 462, "Dwynen's Elite": 776, "Elvish Clancaller": 821, "Elvish Warmaster": 824, "Jaspera Sentinel": 1408, "Leaf-Crowned Visionary": 1552, "Secluded Courtyard": 2345, "Shaman of the Pack": 2385, "Tyvar, the Pummeler": 2911, "Pause for Reflection_SB": 1974, "Phyrexian Revoker_SB": 2005, "Reclamation Sage_SB": 2148, "Sentinel of Lost Lore_SB": 2365, "Soulless Jailer_SB": 2523, "Giant Growth": 1085, "Thud": 2815, "Snakeskin Veil_SB": 2493, "Beanstalk Giant": 200, "Bedeck // Bedazzle": 202, "Clever Impersonator": 485, "Greater Tanuki": 1181, "Herd Migration": 1264, "Quintorius Kand": 2086, "Spark Double": 2528, "Spinewoods Armadillo": 2549, "Consign // Oblivion_SB": 529, "Keruga, the Macrosage_SB": 1472, "Mirrorshell Crab_SB": 1739, "Quakebringer_SB": 2077, "Vanquish the Horde_SB": 2997, "Drannith Ruins": 734, "Faerie Dreamthief": 908, "Spell Stutter": 2538, "Kaito, Dancing Shadow_SB": 1430, "Overlord of the Balemurk_SB": 1938, "Plumecreed Escort_SB": 2027, "Rootbound Crag": 2247, "Wandering Mind": 3062, "Magma Opus": 1655, "Mystic Monastery": 1789, "Warrant // Warden": 3072, "Reduce // Rubble_SB": 2155, "Leyline of Hope": 1567, "Speaker of the Heavens": 2530, "Authority of the Consuls_SB": 150, "Possibility Storm": 2041, "Sunset Revelry": 2638, "Blind Obedience_SB": 244, "Outlaws' Merriment_SB": 1929, "Rip Apart_SB": 2216, "Archon of Sun's Grace": 114, "Omen of the Sun": 1896, "Seal Away": 2332, "Starfall Invocation_SB": 2576, "Void Rend": 3031, "Ratchet Bomb_SB": 2118, "Surge of Salvation_SB": 2648, "Bitter Reunion": 223, "Emry, Lurker of the Loch": 834, "Jeskai Ascendancy": 1412, "Restless Spire": 2197, "Saheeli, Sublime Artificer": 2276, "Tormod's Crypt": 2855, "Say Its Name": 2301, "Witherbloom Command_SB": 3121, "Kumena's Speaker": 1527, "Tidebinder Mage_SB": 2824, "Dazzling Theater // Prop Room": 614, "Restless Bivouac": 2191, "Siege Veteran": 2426, "Warleader's Call": 3068, "Yotian Frontliner": 3155, "Aurelia, the Law Above_SB": 148, "Collateral Damage": 494, "Eidolon of the Great Revel_SB": 793, "Unchained Berserker_SB": 2927, "Unlicensed Hearse": 2947, "Takenuma, Abandoned Mire_SB": 2674, "Fry_SB": 1036, "Barrier Breach_SB": 190, "Experimental Synthesizer": 887, "Kazuul's Fury": 1460, "Tail Swipe": 2670, "Banefire_SB": 177, "Battle Cry Goblin": 195, "Call of the Death-Dweller": 365, "Conspicuous Snoop": 530, "Goblin Chainwhirler": 1135, "Goblin Piledriver": 1142, "Goblin Ringleader": 1144, "Goblin Trashmaster": 1150, "Legion Loyalist": 1559, "Rundvelt Hordemaster": 2262, "Skirk Prospector": 2456, "Squee, Dubious Monarch": 2569, "Lukka, Coppercoat Outcast_SB": 1637, "Experimental Frenzy_SB": 886, "Brave the Elements_SB": 311, "Bontu's Monument": 285, "Hashep Oasis": 1226, "Thought-Knot Seer": 2797, "Arlinn, the Pack's Hope_SB": 118, "Eldrazi Obligator_SB": 800, "Thought-Knot Seer_SB": 2798, "Fecund Greenshell": 940, "Ipnu Rivulet": 1383, "Obscura Storefront": 1879, "Bloodchief's Thirst_SB": 254, "Metropolis Reformer": 1719, "Splitskin Doll": 2561, "Consign // Oblivion": 528, "Creative Outburst": 566, "Dragonskull Summit": 731, "Bedeck // Bedazzle_SB": 203, "Deep-Cavern Bat": 637, "Virtue of Persistence": 3016, "Chandra, Acolyte of Flame_SB": 440, "Extract the Truth_SB": 893, "Echoing Deeps": 782, "Ill-Timed Explosion": 1320, "Maestros Theater": 1650, "Mystic Sanctuary": 1791, "Scapeshift": 2303, "Snow-Covered Plains": 2498, "Splendid Reclamation": 2558, "The Autonomous Furnace": 2738, "The Hunter Maze": 2751, "Circle of Dreams Druid": 470, "Elvish Visionary": 823, "Deathrite Shaman_SB": 628, "Bushwhack": 356, "Cavalier of Flame": 413, "Vraska, Betrayal's Sting_SB": 3052, "Imposing Sovereign": 1330, "Ruric Thar, the Unbowed": 2267, "Gruul Charm": 1190, "Leyline of Combustion": 1565, "Rampaging Ferocidon": 2113, "Razorkin Needlehead": 2124, "Scorching Dragonfire": 2312, "Torbran, Thane of Red Fell": 2850, "Scorching Dragonfire_SB": 2313, "Sphinx's Revelation": 2543, "Tale's End": 2675, "Urza's Sylex_SB": 2974, "Chandra, Acolyte of Flame": 439, "Exquisite Firecraft": 888, "Regal Caracal_SB": 2162, "Braids, Arisen Nightmare": 305, "Disturbing Mirth": 702, "Hopeless Nightmare": 1295, "Spiteful Hexmage": 2557, "Treacherous Blessing": 2876, "Haunted Ridge_SB": 1233, "Surge of Salvation": 2647, "Arabella, Abandoned Doll": 92, "Giant Killer": 1086, "Tears of Valakut_SB": 2694, "Thalia, Guardian of Thraben_SB": 2730, "Ertai Resurrected": 857, "Lazav, the Multifarious": 1550, "Nashi, Searcher in the Dark": 1805, "Slogurk, the Overslime": 2484, "Can't Stay Away": 371, "Basri Ket_SB": 192, "Unwanted Remake_SB": 2961, "Roaring Furnace // Steaming Sauna_SB": 2236, "Luminarch Aspirant": 1638, "Not on My Watch_SB": 1853, "Get Out_SB": 1074, "Fateful Absence": 927, "Doppelgang_SB": 721, "Grand Abolisher": 1169, "Holy Cow": 1286, "Archangel of Tithes_SB": 104, "Conclave Tribunal_SB": 521, "Metropolis Reformer_SB": 1720, "Shalai, Voice of Plenty_SB": 2384, "Fanatical Offering": 921, "Vraska, Golgari Queen_SB": 3054, "Bolas's Citadel": 270, "Catacomb Sifter": 400, "Popular Egotist": 2031, "Priest of Forgotten Gods": 2048, "Prosperous Innkeeper": 2061, "Woe Strider": 3128, "Experimental Confectioner": 885, "Trail of Crumbs": 2865, "Cemetery Illuminator": 426, "Cemetery Illuminator_SB": 427, "Balmor, Battlemage Captain": 171, "Shore Up_SB": 2417, "Solemnity_SB": 2505, "Bag of Holding": 166, "Gideon of the Trials": 1089, "Jace, Architect of Thought": 1400, "Teferi, Master of Time": 2699, "Cleansing Nova_SB": 481, "Eerie Ultimatum_SB": 787, "Inspired Ultimatum_SB": 1357, "Nicol Bolas, Dragon-God_SB": 1821, "Sarkhan the Masterless_SB": 2290, "Soul Search_SB": 2516, "Thief of Sanity_SB": 2781, "Botanical Brawler": 298, "Bristly Bill, Spine Sower": 331, "Conclave Mentor": 520, "Hardened Scales": 1220, "Kodama of the West Tree": 1501, "Ozolith, the Shattered Spire": 1949, "Stonecoil Serpent": 2595, "Urgent Necropsy": 2971, "Archangel Avacyn_SB": 101, "Boon-Bringer Valkyrie_SB": 289, "Wrenn's Resolve_SB": 3142, "Jace Reawakened": 1397, "Teferi, Hero of Dominaria_SB": 2698, "Chandra, Torch of Defiance_SB": 448, "Kazandu Mammoth": 1459, "Restless Prairie": 2194, "Thalia, Heretic Cathar_SB": 2732, "Rabid Gnaw": 2089, "Shock": 2412, "Vraska, Golgari Queen": 3053, "Scourge of the Skyclaves": 2318, "Strangle": 2605, "Prosperous Thief": 2063, "Rottenmouth Viper": 2250, "Phyrexian Dragon Engine": 2000, "The Akroan War_SB": 2737, "Azorius Charm": 160, "Scavenger Grounds_SB": 2306, "The Scorpion God_SB": 2768, "Approach of the Second Sun": 89, "Bloodsoaked Champion": 258, "Dire Tactics": 690, "General Kudro of Drannith": 1068, "Jirina, Dauntless General": 1416, "Sorin, Vengeful Bloodlord_SB": 2513, "Fortified Village": 1010, "Goldvein Hydra": 1159, "Grapple with the Past": 1172, "Nightveil Predator": 1827, "Rhonas the Indomitable": 2208, "Samut, Voice of Dissent": 2283, "Savage Summoning_SB": 2294, "Depopulate": 662, "Sprite Dragon": 2567, "Painful Truths_SB": 1954, "Fortified Beachhead": 1009, "Fading Hope": 905, "Consuming Tide_SB": 532, "The Cruelty of Gix_SB": 2744, "Long Goodbye_SB": 1616, "Tocasia's Welcome_SB": 2840, "Golgari Charm_SB": 1160, "Growth Spiral": 1188, "Realm-Cloaked Giant": 2132, "Sea Gate Restoration": 2329, "Hoarding Broodlord_SB": 1283, "Faerie Mastermind_SB": 911, "Shoot the Sheriff_SB": 2415, "Duelist of the Mind": 766, "Steamcore Scholar": 2583, "Ashen Rider": 123, "Despark_SB": 669, "Elesh Norn_SB": 809, "Enduring Vitality": 844, "Kona, Rescue Beastie": 1509, "Portal to Phyrexia": 2039, "Selfless Savior": 2361, "Seraphic Steed": 2369, "Survivors' Encampment": 2652, "The Restoration of Eiganjo": 2764, "Kutzil, Malamet Exemplar_SB": 1533, "Selfless Savior_SB": 2362, "Path of Peril": 1970, "Noxious Grasp_SB": 1861, "Drag to the Roots": 726, "Intrepid Adversary": 1370, "Kaya, Orzhov Usurper_SB": 1455, "Kozilek's Return_SB": 1514, "Alchemist's Gambit": 49, "Chandra, Hope's Beacon": 444, "Edgar, Charmed Groom_SB": 784, "Renegade Rallier": 2175, "Zoraline, Cosmos Caller": 3177, "Castle Locthwain_SB": 397, "Play with Fire_SB": 2023, "Blot Out": 266, "Lively Dirge": 1608, "Stormchaser's Talent": 2599, "Atraxa, Grand Unifier_SB": 142, "Dawnbringer Cleric_SB": 608, "Zareth San, the Trickster_SB": 3167, "Rhonas the Indomitable_SB": 2209, "Whisperwood Elemental_SB": 3098, "Blazemire Verge_SB": 236, "Bond of Revival": 277, "Loran's Escape": 1622, "Den of the Bugbear_SB": 658, "Dispel_SB": 697, "Satoru, the Infiltrator": 2292, "Kitesail Larcenist_SB": 1484, "Viashino Pyromancer": 3008, "Armored Scrapgorger": 120, "Eldrazi Displacer": 798, "Weathered Runestone_SB": 3083, "Blessed Defiance_SB": 242, "Eidolon of Blossoms": 789, "Pest Control": 1989, "Restless Fortress": 2193, "Kaya, Intangible Slayer_SB": 1453, "Renounce the Guilds_SB": 2177, "Fireblade Charger": 972, "Zoyowa Lava-Tongue": 3178, "Exuberant Fuseling_SB": 897, "Reckless Bushwhacker_SB": 2139, "Squee, Dubious Monarch_SB": 2570, "Wrenn's Resolve": 3141, "Field of Ruin_SB": 958, "Citywide Bust_SB": 475, "Tyvar, the Pummeler_SB": 2912, "Maximize Velocity_SB": 1694, "Experiment One": 882, "Unclaimed Territory": 2928, "Werewolf Pack Leader": 3093, "Rakdos Joins Up": 2100, "Orazca Puzzle-Door": 1910, "Monastery Mentor_SB": 1759, "Enduring Bondwarden": 837, "Hangarback Walker": 1214, "Quirion Beastcaller": 2087, "Bolas's Citadel_SB": 271, "Catacomb Sifter_SB": 401, "Collected Company_SB": 497, "Popular Egotist_SB": 2032, "Prosperous Innkeeper_SB": 2062, "Woe Strider_SB": 3129, "Elvish Archivist_SB": 820, "Izoni, Center of the Web": 1394, "Demon of Dark Schemes_SB": 650, "Fblthp, the Lost": 931, "Teshar, Ancestor's Apostle": 2724, "Arid Archway": 117, "Blue Sun's Twilight": 268, "Clifftop Lookout": 487, "Conduit Pylons": 523, "Dreamdew Entrancer": 750, "Outcaster Greenblade": 1925, "Ugin, the Spirit Dragon_SB": 2914, "Silent Gravestone_SB": 2433, "Korvold, Fae-Cursed King": 1511, "Guardian of Faith": 1195, "Withering Torment": 3122, "Phyrexian Vindicator_SB": 2006, "Suncleanser_SB": 2626, "Gates of Istfell": 1060, "Fateful Absence_SB": 928, "No More Lies_SB": 1847, "Portal to Phyrexia_SB": 2040, "Selfless Spirit": 2363, "Debt to the Kami": 629, "Debt to the Kami_SB": 630, "Release to the Wind": 2167, "Gyruda, Doom of Depths_SB": 1204, "Angelfire Ignition": 69, "Tenth District Legionnaire": 2717, "Steel Seraph_SB": 2586, "Status // Statue_SB": 2580, "Lofty Denial": 1613, "Lofty Denial_SB": 1614, "Colossal Skyturtle": 506, "Cyclonic Rift": 596, "Rona's Vortex": 2245, "Calix, Guided by Fate": 364, "Generous Visitor": 1069, "Jukai Naturalist": 1419, "Spirited Companion": 2556, "Curse of Silence_SB": 592, "Nighthawk Scavenger": 1825, "Thousand-Faced Shadow": 2802, "Gyruda, Doom of Depths": 1203, "Consecrate // Consume_SB": 526, "Commercial District": 513, "Cease // Desist_SB": 422, "Archon of Absolution_SB": 111, "Case of the Gateway Express_SB": 387, "Cityscape Leveler": 473, "Hidden Necropolis": 1268, "Temple of Malady": 2705, "Temple of Malice": 2706, "Untimely Malfunction": 2959, "Empyrean Eagle": 831, "Koma, Cosmos Serpent_SB": 1508, "Memory Deluge_SB": 1705, "Touch the Spirit Realm": 2860, "Brimaz, King of Oreskos": 323, "Collector's Cage": 501, "The Birth of Meletis": 2740, "Warping Wail_SB": 3071, "Roaring Furnace && Steaming Sauna_SB": 2234, "Forsaken Miner": 1008, "Undead Sprinter": 2930, "Chandra, Dressed to Kill_SB": 443, "Bloodtithe Collector": 260, "Kitnap": 1485, "Chandra, Torch of Defiance": 447, "Magebane Lizard": 1653, "Goddric, Cloaked Reveler": 1155, "Bonders' Enclave": 278, "Nicol Bolas, Dragon-God": 1820, "Shadowspear_SB": 2382, "Gleaming Geardrake": 1110, "Zoetic Glyph": 3174, "Cryptic Coat_SB": 581, "Vampires' Vengeance_SB": 2993, "Destiny Spinner_SB": 673, "Blood Crypt_SB": 249, "Break Out": 314, "Evolving Adaptive": 874, "Pelt Collector": 1984, "Voltaic Brawler": 3043, "Wildfire Wickerfolk": 3104, "Embercleave_SB": 826, "Kraul Harpooner_SB": 1515, "Vengeful Possession_SB": 3005, "Ingenious Prodigy": 1343, "Glarb, Calamity's Augur_SB": 1106, "Bamboo Grove Archer_SB": 173, "Sunken Citadel_SB": 2634, "Mastermind's Acquisition_SB": 1690, "Pick Your Poison": 2008, "Tomik, Distinguished Advokist_SB": 2846, "Season of the Burrow_SB": 2342, "Spinner of Souls": 2550, "Abyssal Harvester": 8, "Zur, Eternal Schemer_SB": 3180, "Burst Lightning": 354, "Blast Zone_SB": 234, "Lantern of the Lost_SB": 1541, "Scab-Clan Berserker_SB": 2302, "Knight-Errant of Eos_SB": 1498, "Boltwave": 272, "Elenda, Saint of Dusk": 805, "Elenda, Saint of Dusk_SB": 806, "Serra Paragon": 2370, "Waste Not_SB": 3075, "High Fae Trickster_SB": 1275, "Slaughter Games_SB": 2472, "Syr Ginger, the Meal Ender": 2667, "Kaito, Cunning Infiltrator": 1429, "Brass Knuckles": 308, "Fabrication Foundry": 901, "Ingenious Smith": 1344, "Leyline Axe": 1562, "Metalwork Colossus": 1715, "Sanctum of Ugin": 2285, "Simulacrum Synthesizer": 2447, "The Irencrag": 2753, "Wedding Invitation": 3088, "Metallic Rebuke_SB": 1714, "Mystic Forge_SB": 1788, "Defabricate": 642, "Varragoth, Bloodsky Sire": 2998, "Emrakul, the Promised End": 832, "Fervent Champion": 953, "Goblin Tomb Raider": 1148, "Stern Dismissal_SB": 2588, "Scrawling Crawler": 2325, "Evangel of Synthesis": 872, "Raffine, Scheming Seer": 2094, "Void Rend_SB": 3032, "Expedition Map": 880, "Dropkick Bomber": 759, "Searslicer Goblin": 2339, "Goblin Ringleader_SB": 1145, "Blooming Blast": 262, "Gallia of the Endless Dance": 1047, "Cemetery Gatekeeper_SB": 425, "Creeping Chill": 567, "Driven // Despair": 755, "Haunted Dead": 1231, "Narcomoeba": 1799, "Prized Amalgam": 2052, "Silversmote Ghoul": 2443, "Tome Scour": 2845, "Wail of the Forgotten": 3056, "Huskburster Swarm_SB": 1313, "Kiora, the Rising Tide": 1481, "Tainted Indulgence": 2672, "Zombify": 3175, "Fragmentize_SB": 1023, "Dawnbringer Cleric": 607, "Elspeth, Sun's Champion": 817, "Camellia, the Seedmiser_SB": 370, "Trail of Crumbs_SB": 2866, "Mission Briefing": 1745, "Not on My Watch": 1852, "Curator of Destinies_SB": 589, "Joust Through_SB": 1418, "Torment of Hailfire_SB": 2853, "Blast Zone": 233, "Drake Hatcher_SB": 732, "Ral, Crackling Wit": 2105, "Hanweir Battlements": 1216, "Response // Resurgence_SB": 2187, "Scorn-Blade Berserker": 2316, "Essence Channeler": 865, "Fountain of Renewal": 1018, "Gifted Aetherborn": 1094, "Heliod, Sun-Crowned": 1253, "Hooded Blightfang": 1290, "Indulging Patrician": 1338, "Revival // Revenge": 2206, "Scoured Barrens": 2317, "Vampire of the Dire Moon": 2991, "Vito, Thorn of the Dusk Rose": 3019, "Voice of the Blessed": 3030, "Deathmark_SB": 625, "Tinybones, Bauble Burglar": 2828, "Imposing Sovereign_SB": 1331, "Jirina, Dauntless General_SB": 1417, "Lava Axe_SB": 1543, "Skrelv's Hive": 2457, "Flicker of Fate_SB": 986, "Kykar, Zephyr Awakener": 1534, "Infestation Sage": 1341, "Pyroclasm": 2072, "Saiba Cryptomancer": 2278, "Saiba Cryptomancer_SB": 2279, "Ajani, Sleeper Agent": 43, "Nahiri, the Unforgiving_SB": 1798, "Bulk Up": 344, "Alms of the Vein": 52, "Demand Answers": 646, "Grab the Prize": 1166, "Markov Baron": 1679, "Nullpriest of Oblivion": 1864, "Skullcrack": 2460, "Halana and Alena, Partners": 1207, "Blacksmith's Talent": 228, "Colossus Hammer": 508, "Kellan, the Fae-Blooded": 1466, "Resolute Strike": 2185, "Sigarda's Aid": 2428, "Thud_SB": 2816, "Herald of Eternal Dawn_SB": 1261, "Genesis Wave": 1070, "Lush Oasis": 1641, "Samut, Tyrant Smasher": 2281, "Bouncer's Beatdown_SB": 302, "Soulstone Sanctuary": 2526, "Parting Gust": 1966, "Youthful Valkyrie": 3160, "The Witch's Vanity": 2777, "Voracious Hydra": 3044, "Banner of Kinship": 185, "Elvish Archdruid": 819, "Citanul Stalwart": 471, "Sylvan Messenger_SB": 2663, "Day of Judgment": 609, "Gideon Blackblade": 1088, "Gideon's Triumph": 1090, "Liliana, Dreadhorde General": 1597, "Urza's Sylex": 2973, "Innkeeper's Talent_SB": 1346, "Hornet Queen_SB": 1298, "Cut // Ribbons": 593, "Skrelv's Hive_SB": 2458, "Maelstrom Pulse": 1648, "Temple of Plenty": 2708, "Peer into the Abyss_SB": 1982, "Blitz of the Thunder-Raptor": 245, "Long River's Pull": 1617, "Unsubstantiate": 2956, "Sugar Coat_SB": 2621, "Unsubstantiate_SB": 2957, "Dread Fugue": 736, "Flameblade Adept": 980, "Ox of Agonas": 1947, "Ill-Timed Explosion_SB": 1321, "Omnath, Locus of Creation_SB": 1899, "Scrapwork Mutt": 2324, "Tyvar's Stand": 2909, "Haunted Cloak": 1230, "Swiftfoot Boots": 2657, "Faithful Mending": 913, "Shadows' Verdict_SB": 2380, "Spawn of Mayhem": 2529, "Karn, Scion of Urza_SB": 1441, "Dusk Legion Duelist": 770, "Bristlebud Farmer": 328, "Phyrexian Obliterator_SB": 2004, "Make Disappear_SB": 1658, "Hooting Mandrills": 1291, "Tasigur, the Golden Fang": 2691, "Toxrill, the Corrosive_SB": 2864, "Calamity, Galloping Inferno": 363, "Charming Scoundrel": 454, "Deflecting Palm": 644, "Fallaji Vanguard": 916, "Fortune, Loyal Steed": 1011, "Furycalm Snarl": 1043, "Hellspur Posse Boss": 1256, "Panharmonicon": 1959, "Requisition Raid": 2182, "Temple of Triumph": 2710, "Terror of the Peaks": 2722, "Witty Roastmaster": 3126, "Aetherstorm Roc_SB": 32, "Anim Pakal, Thousandth Moon_SB": 77, "Chance for Glory_SB": 437, "Demonic Ruckus_SB": 655, "Impact Tremors_SB": 1328, "Lunarch Veteran": 1640, "Skyclave Cleric": 2464, "Ajani, Strength of the Pride_SB": 46, "Davriel, Rogue Shadowmage_SB": 606, "The Raven Man_SB": 2762, "Expansion // Explosion": 878, "Seasons Past": 2344, "Haughty Djinn_SB": 1229, "Foundry Street Denizen": 1017, "Gruul Charm_SB": 1191, "Masked Vandal_SB": 1683, "Brass's Tunnel-Grinder": 309, "Goblin Instigator": 1138, "Raise the Past": 2096, "Chained to the Rocks_SB": 432, "Ascendant Spirit": 122, "Faceless Haven": 902, "Plumecreed Escort": 2026, "Fading Hope_SB": 906, "Icon of Ancestry_SB": 1316, "Kellan, Planar Trailblazer": 1465, "Thassa's Oracle": 2733, "Anguished Unmaking": 74, "Oath of Kaya": 1870, "Blessed Alliance_SB": 240, "Day of Judgment_SB": 610, "Mystic Repeal_SB": 1790, "Reasonable Doubt_SB": 2136, "Rottenmouth Viper_SB": 2251, "Topplegeist": 2849, "Niv-Mizzet, Visionary_SB": 1845, "Maelstrom Pulse_SB": 1649, "Thing in the Ice": 2784, "Witness Protection_SB": 3125, "Dust Animus_SB": 774, "Tibalt's Trickery": 2821, "Tibalt's Trickery_SB": 2822, "Requisition Raid_SB": 2183, "Heaped Harvest": 1243, "Thassa, God of the Sea": 2735, "Slaughter Games": 2471, "Idol of Endurance": 1317, "Phyrexian Censor": 1998, "Niko Aris": 1828, "Academy Loremaster": 10, "Phyrexian Arena_SB": 1997, "Hostile Investigator_SB": 1302, "Harvester of Misery_SB": 1225, "Chainsaw": 433, "Fountainport Bell": 1020, "Glint-Nest Crane": 1113, "Hammer of Purphoros": 1212, "Triton Tactics_SB": 2887, "Sixth Sense": 2454, "Sram, Senior Edificer": 2572, "Alpha Authority_SB": 55, "Shrapnel Blast_SB": 2423, "Scattered Groves": 2304, "Arboreal Grazer_SB": 98, "Vein Ripper": 3000, "Thought Erasure": 2796, "Spring-Loaded Sawblades": 2565, "Kaya's Ghostform_SB": 1450, "Wear Down_SB": 3082, "Culling Ritual": 584, "Blood Baron of Vizkopa": 246, "Crystal Barricade_SB": 583, "Turn the Earth_SB": 2897, "Tenacious Underdog_SB": 2716, "Bala Ged Recovery_SB": 169, "Dowsing Device": 724, "Push // Pull": 2069, "Skyknight Squire": 2466, "Llanowar Visionary": 1611, "Burst Lightning_SB": 355, "Ajani, Caller of the Pride": 42, "Burrowguard Mentor": 353, "Dryad Militant": 764, "Fleecemane Lion": 982, "Kutzil, Malamet Exemplar": 1532, "Melira, the Living Cure": 1702, "Wilt-Leaf Liege": 3107, "Royal Treatment": 2254, "Seal Away_SB": 2333, "Sire of Seven Deaths": 2452, "Niv-Mizzet, Supreme_SB": 1844, "Connive // Concoct_SB": 525, "Torrential Gearhulk_SB": 2859, "Fatal Grudge": 924, "Oracle of Tragedy": 1909, "Questing Beast": 2078, "Striped Riverwinder": 2613, "Think Twice": 2786, "Sphinx's Revelation_SB": 2544, "Commit // Memory": 514, "Herald of Eternal Dawn": 1260, "Hullbreaker Horror": 1307, "Boltwave_SB": 273, "Festering Gulch": 954, "Gingerbread Cabin": 1097, "Outrageous Robbery": 1930, "Indomitable Creativity_SB": 1337, "Mech Hangar": 1700, "Chandra, Hope's Beacon_SB": 445, "Heliod's Intervention": 1251, "Legion's Landing": 1561, "Maskwood Nexus": 1684, "Volatile Fault": 3034, "Balustrade Wurm": 172, "Reality Shift": 2131, "Deputy of Detention": 664, "Embercleave": 825, "Lukka, Bound to Ruin_SB": 1635, "Choked Estuary": 461, "Ego Drain": 788, "Faerie Fencing": 909, "Obyra, Dreaming Duelist": 1881, "Shineshadow Snarl": 2409, "Sleep-Cursed Faerie": 2475, "Sunken Hollow": 2635, "Talion, the Kindly Lord": 2678, "Talion's Messenger": 2677, "Twining Twins": 2900, "Crippling Fear_SB": 568, "Flashfreeze_SB": 981, "Phantom Interference_SB": 1993, "Blessed Alliance": 239, "Builder's Talent": 341, "Worldspine Wurm": 3136, "Assemble the Legion_SB": 137, "Runed Halo_SB": 2266, "Fanatical Firebrand": 919, "Goblin Warchief": 1151, "Krenko, Mob Boss": 1520, "Betrayer's Bargain_SB": 212, "By Force_SB": 357, "Strangle_SB": 2606, "Exuberant Fuseling": 896, "Goblin Rabblemaster": 1143, "Collateral Damage_SB": 495, "Tibalt, Rakish Instigator_SB": 2823, "Game Trail": 1051, "Glorybringer": 1120, "Cankerbloom_SB": 373, "Aspect of Hydra": 133, "Hunter's Talent": 1309, "Nullhide Ferox": 1862, "Steel Leaf Champion": 2584, "Garruk's Uprising_SB": 1055, "Ghalta, Primal Hunger_SB": 1076, "Ram Through_SB": 2110, "Apostle of Purifying Light_SB": 88, "Chaplain of Alms_SB": 452, "Healer's Hawk_SB": 1242, "Karametra's Blessing_SB": 1438, "Cast Down": 390, "Desecration Demon": 667, "Evolved Sleeper": 873, "Kaervek, the Punisher": 1422, "Mishra's Foundry": 1743, "Ultimate Price": 2918, "Unexpected Fangs": 2937, "Vadmir, New Blood": 2976, "Extract a Confession_SB": 892, "Kitesail Freebooter_SB": 1482, "Pilfer_SB": 2013, "Crawling Barrens": 565, "Ifnir Deadlands": 1319, "Memorial to Folly": 1703, "Power Word Kill": 2042, "Ob Nixilis Reignited_SB": 1872, "Abrade": 3, "Dazzling Angel": 613, "Divine Smite": 706, "Exemplar of Light": 876, "Firemane Avenger": 973, "Wind-Scarred Crag": 3110, "Bomat Courier": 274, "Falkenrath Gorger": 914, "Foreboding Ruins": 1001, "Forerunner of Slaughter": 1004, "Olivia, Mobilized for War": 1890, "Unlicensed Disintegration": 2946, "Rakdos Charm_SB": 2098, "Shock_SB": 2413, "Transgress the Mind_SB": 2870, "Briarbridge Tracker": 319, "Hard-Hitting Question": 1218, "Subterranean Schooner": 2619, "Teething Wurmlet": 2696, "Tough Cookie": 2861, "Vineglimmer Snarl": 3010, "Briarbridge Tracker_SB": 320, "Hard-Hitting Question_SB": 1219, "Island_SB": 1389, "Unsummon_SB": 2958, "Night of the Sweets' Revenge": 1824, "Rampage of the Clans": 2111, "Hangarback Walker_SB": 1215, "Royal Treatment_SB": 2255, "The Filigree Sylex_SB": 2749, "Earthshaker Khenra": 778, "Mirran Banesplitter": 1735, "Rimrock Knight": 2215, "Aethersphere Harvester_SB": 31, "Burning Hands_SB": 349, "Azorius Guildgate": 161, "Boros Guildgate": 293, "Dimir Guildgate": 687, "Gate Colossus": 1057, "Gatebreaker Ram": 1058, "Gates Ablaze": 1059, "Gateway Plaza": 1061, "Glaive of the Guildpact": 1104, "Golgari Guildgate": 1161, "Gruul Guildgate": 1192, "Guild Summit": 1198, "Hour of Promise": 1303, "Izzet Guildgate": 1396, "Maze's End": 1696, "Open the Gates": 1903, "Orzhov Guildgate": 1914, "Plaza of Harmony": 2024, "Rakdos Guildgate": 2099, "Selesnya Guildgate": 2358, "Simic Guildgate": 2444, "Thran Portal": 2805, "Archway Angel_SB": 115, "Broken Bond_SB": 333, "Crackling Perimeter_SB": 556, "Enigma Drake": 845, "Strategic Planning": 2610, "Tolarian Terror": 2841, "Wandering Fumarole": 3061, "Essence Scatter_SB": 868, "Frantic Firebolt_SB": 1024, "Absorb": 7, "Behold the Multiverse": 206, "Saw It Coming": 2300, "Thirst for Discovery": 2789, "Garruk's Uprising": 1054, "Inscription of Abundance": 1351, "Primal Might": 2049, "Experiment One_SB": 883, "Garruk's Harbinger_SB": 1053, "Drown in Sorrow_SB": 760, "Toxin Analysis_SB": 2863, "Witch's Vengeance_SB": 3116, "Shoot the Sheriff": 2414, "Smoldering Marsh": 2488, "Banehound": 178, "Curator of Mysteries": 590, "Mire Triton": 1734, "Disfigure_SB": 695, "Rush of Vitality_SB": 2272, "Goblin Blast-Runner": 1132, "Implement of Combustion": 1329, "Krenko, Baron of Tin Street": 1519, "Voltage Surge": 3041, "Sunshot Militia_SB": 2640, "Essence Scatter": 867, "Flow of Knowledge": 994, "Haughty Djinn": 1228, "Shore Up": 2416, "Mocking Sprite_SB": 1749, "Quick Study_SB": 2083, "See Double_SB": 2348, "Shifting Grift_SB": 2406, "Angel of Invention": 66, "Combat Celebrant": 509, "God-Pharaoh's Gift": 1153, "Refurbish": 2158, "Abhorrent Oculus_SB": 2, "Arashin Cleric_SB": 94, "Seal from Existence": 2334, "Ghostly Dancers_SB": 1081, "Seal from Existence_SB": 2335, "Spinner of Souls_SB": 2551, "Blacklance Paragon": 227, "Brineborn Cutthroat": 325, "Cunning Nightbonder": 588, "Reasonable Doubt": 2135, "Sea-Dasher Octopus": 2330, "Slitherwisp": 2483, "Ashiok's Erasure_SB": 125, "Spectral Adversary_SB": 2532, "Fires of Victory": 975, "Frostboil Snarl": 1034, "Stern Lesson": 2589, "Roast_SB": 2237, "Alesha, Who Laughs at Fate": 50, "Davriel, Rogue Shadowmage": 605, "Fell": 948, "Grasp of Darkness": 1173, "Master of Cruelties": 1688, "Rakdos, the Muscle": 2102, "Razorlash Transmogrant": 2126, "Razortrap Gorge": 2127, "Seize the Spoils": 2356, "Illness in the Ranks_SB": 1322, "Kaervek, the Spiteful_SB": 1423, "Painful Quandary_SB": 1953, "Eddymurk Crab": 783, "Ephara's Dispersal": 852, "Stormwing Entity": 2604, "Gnarled Scarhide": 1121, "Madcap Skills": 1646, "Minotaur Skullcleaver": 1733, "Mogis's Marauder": 1752, "Rakdos Cackler": 2097, "Rakdos Shred-Freak": 2101, "Spike Jester": 2546, "Tormented Hero": 2854, "Doom Blade_SB": 715, "Ultimate Price_SB": 2919, "Consuming Aberration": 531, "Contaminated Aquifer": 536, "Didn't Say Please": 684, "Dismal Backwater": 696, "Dreadwaters": 746, "Duskmantle Guildmage": 773, "Fell Specter": 949, "Gnawing Vermin": 1124, "Jhessian Thief": 1415, "Mind Carver": 1726, "Mind Drain": 1727, "Murder": 1780, "Nezumi Informant": 1818, "Orzhov Racketeers": 1915, "Painful Quandary": 1952, "Paranoid Delusions": 1964, "Pilfered Plans": 2014, "Psychic Strike": 2067, "Razzle-Dazzler": 2129, "Read the Bones": 2130, "Short Bow": 2419, "Sleep": 2474, "The Mindskinner": 2760, "Typhoid Rats": 2905, "Wall of Frost": 3060, "Witness Protection": 3124, "Aspect of Lamprey_SB": 134, "Blood Pact_SB": 250, "Crypt Incursion_SB": 578, "Dreadwaters_SB": 747, "Frogify_SB": 1033, "Professor's Warning_SB": 2054, "Rogue's Gloves_SB": 2242, "Sinister Possession_SB": 2449, "Solemn Simulacrum_SB": 2503, "Sphinx of Magosi_SB": 2541, "Thieving Otter_SB": 2783, "Unlikely Aid_SB": 2949, "Zombify_SB": 3176, "Coruscation Mage": 546, "Giant Cindermaw_SB": 1084, "Lightning Mare_SB": 1590, "Wrangle_SB": 3139, "Ancient Imperiosaur": 65, "Belligerent Yearling": 208, "Fight Rigging": 965, "Hulking Raptor": 1306, "Intrepid Paleontologist": 1371, "Ixalli's Lorekeeper": 1393, "Otepec Huntmaster": 1922, "Palani's Hatcher": 1958, "Pugnacious Hammerskull": 2068, "Regisaur Alpha": 2164, "Restless Ridgeline": 2196, "Shifting Ceratops": 2404, "Triumphant Chomp": 2888, "Shifting Ceratops_SB": 2405, "Thrashing Brontodon_SB": 2808, "Triumphant Chomp_SB": 2889, "Frenzied Goblin": 1030, "Goblin Boarders": 1133, "Goblin Heelcutter": 1137, "Goblin Negotiation": 1141, "Goblin Surprise": 1146, "Goblinslide": 1152, "Guttersnipe": 1201, "Hellraiser Goblin": 1255, "Impact Tremors": 1327, "Pyrewild Shaman": 2071, "Redcap Gutter-Dweller": 2151, "Rigging Runner": 2213, "Subterranean Scout": 2620, "Thrill of Possibility": 2812, "War Squeak": 3063, "Zada, Hedron Grinder": 3163, "Frenzied Goblin_SB": 1031, "Goblin Boarders_SB": 1134, "Goblin Surprise_SB": 1147, "Rundvelt Hordemaster_SB": 2263, "Searslicer Goblin_SB": 2340, "Siege-Gang Commander_SB": 2427, "Cruel Somnophage": 570, "Mercurial Spelldancer": 1710, "Mind Sculpt": 1728, "Ruin Crab": 2259, "Sign in Blood": 2430, "Syr Konrad, the Grim": 2669, "Bitter Chill_SB": 222, "Chart a Course_SB": 457, "Sphinx's Tutelage_SB": 2545, "Terisian Mindbreaker_SB": 2718, "Armored Kincaller": 119, "Burning Sun Cavalry": 350, "Captivating Cave": 374, "Cavern Stomper": 417, "Colossadactyl": 505, "Dinotomaton": 689, "Disturbed Slumber": 701, "Earthshaker Dreadmaw": 777, "Ghalta, Primal Hunger": 1075, "Hidden Nursery": 1269, "Itzquinth, Firstborn of Gishath": 1392, "Nurturing Bristleback": 1865, "Over the Edge": 1933, "Panicked Altisaur": 1960, "Pathfinding Axejaw": 1973, "Poison Dart Frog": 2028, "Promising Vein": 2058, "Rampaging Ceratops": 2112, "Rumbling Rockslide": 2261, "Scytheclaw Raptor": 2328, "Seeker of Sunlight": 2352, "Seismic Monstrosaur": 2354, "The Skullspore Nexus": 2769, "Walk with the Ancestors": 3059, "Bristling Backwoods": 329, "Deeproot Champion": 639, "Quirion Dryad": 2088, "Temple of Abandon": 2702, "Domri's Ambush_SB": 713, "Bedlam Reveler": 204, "Warlord's Fury": 3070, "Ox of Agonas_SB": 1948, "Badlands Revival": 165, "Fertile Thicket": 952, "Festerleech": 955, "Foul Orchard": 1013, "Gix's Command": 1100, "Hedge Shredder": 1249, "Hero's Downfall": 1265, "Jungle Hollow": 1420, "Long Goodbye": 1615, "Quilled Greatwurm": 2085, "Slice from the Shadows": 2477, "Frantic Strength_SB": 1027, "Savor_SB": 2298, "Stab_SB": 2573, "Vraska's Fall_SB": 3050, "Abandoned Campground": 0, "Dollmaker's Shop // Porcelain Gallery": 712, "Grand Entryway // Elegant Rotunda": 1171, "Gremlin Tamer": 1183, "Inquisitive Glimmer": 1348, "Lionheart Glimmer": 1606, "Niko, Light of Hope": 1829, "Oppressive Rays": 1905, "Builder's Talent_SB": 342, "Divine Resilience_SB": 705, "Fear of Impostors_SB": 934, "Kitnap_SB": 1486, "Minor Misstep_SB": 1732, "Paladin Class_SB": 1957, "Stay Hidden, Stay Silent_SB": 2581, "Cinder Glade": 466, "Enter the Unknown": 848, "Mirrorwing Dragon": 1740, "Season of Growth": 2341, "Silverfur Partisan": 2440, "Young Pyromancer": 3158, "Temur Battle Rage_SB": 2714, "Turn Inside Out_SB": 2896, "Unnatural Moonrise_SB": 2953, "Feed the Cycle": 942, "Honored Dreyleader": 1289, "Necroblossom Snarl": 1808, "Savor": 2297, "Thornvault Forager": 2794, "Valley Rotcaller": 2988, "Feed the Cycle_SB": 943, "Life Goes On_SB": 1578, "Flame-Blessed Bolt_SB": 979, "Ral, Izzet Viceroy_SB": 2107, "You See a Guard Approach_SB": 3156, "Adult Gold Dragon": 21, "Aether Hub": 27, "Attune with Aether": 144, "Gather the Pack": 1064, "Lotleth Troll": 1629, "Cragplate Baloth_SB": 559, "Plains_SB": 2021, "Sporeweb Weaver_SB": 2563, "Beastie Beatdown": 201, "Footfall Crater": 999, "Omnivorous Flytrap": 1901, "Patchwork Beastie": 1969, "Return to Nature_SB": 2205, "Alseid of Life's Bounty": 58, "Hateful Eidolon": 1227, "Karametra's Blessing": 1437, "Agent of the Fates_SB": 41, "Dead Weight_SB": 615, "Eriette of the Charmed Apple_SB": 855, "Pacifism_SB": 1950, "Case of the Crimson Pulse": 383, "Vindictive Flamestoker_SB": 3009, "Evolving Wilds": 875, "Gala Greeters": 1046, "Good-Fortune Unicorn": 1163, "Mossborn Hydra": 1771, "Ochre Jelly": 1883, "Ornery Tumblewagg": 1912, "Sylvan Scavenging": 2665, "Wildwood Scourge": 3105, "Gaea's Gift_SB": 1045, "Gnarlid Colony_SB": 1122, "Inscription of Abundance_SB": 1352, "Trash the Town_SB": 2874, "Legion Angel": 1555, "Legion Angel_SB": 1556, "Gideon's Triumph_SB": 1091, "Cast Out": 391, "Demonic Pact": 653, "Doom Foretold": 716, "Hopeful Vigil": 1294, "Kaya's Wrath": 1451, "Sigil of the Empty Throne": 2429, "Spirit-Sister's Call": 2555, "Temple of Silence": 2709, "Trial of Ambition": 2883, "Banishing Light_SB": 183, "Cast Out_SB": 392, "Dreadhorde Invasion_SB": 743, "Trespasser's Curse_SB": 2882, "Arashin Foremost": 95, "Blood-Chin Rager": 252, "Chief of the Edge": 459, "Gutterbones": 1200, "Mardu Strike Leader": 1676, "Mardu Woe-Reaper": 1677, "Rally the Ranks": 2108, "Secure the Wastes": 2347, "Usher of the Fallen": 2975, "Garruk's Harbinger": 1052, "Lifecrafter's Bestiary": 1581, "Feed the Clan_SB": 941, "Skyreaping_SB": 2468, "Bristling Hydra": 330, "Electrostatic Pummeler": 803, "Fling": 987, "Ghor-Clan Rampager": 1078, "Harnessed Lightning": 1223, "Invigorated Rampage": 1380, "Servant of the Conduit": 2372, "Axebane Ferox_SB": 155, "Deathgorge Scavenger_SB": 624, "Gruul Spellbreaker_SB": 1193, "Insult // Injury_SB": 1361, "Sorcerous Spyglass_SB": 2509, "Wilt_SB": 3109, "Drannith Healer": 733, "Drannith Stinger": 735, "Flourishing Fox": 993, "Go for Blood": 1128, "Reptilian Reflection": 2178, "Valiant Rescuer": 2984, "Zenith Flare": 3168, "Irencrag Pyromancer_SB": 1384, "Ayara, First of Locthwain": 157, "Brain Maggot": 306, "Erebos, Bleak-Hearted": 854, "Foulmire Knight": 1015, "Gray Merchant of Asphodel": 1178, "Infernal Grasp": 1340, "Phyrexian Arena": 1996, "Underworld Dreams": 2936, "Warlock Class": 3069, "Corrupt_SB": 545, "Power Word Kill_SB": 2043, "Whack_SB": 3095, "Nahiri's Resolve": 1793, "Thousand Moons Smithy": 2801, "Tinker's Tote": 2826, "Dusk Rose Reliquary_SB": 772, "Unidentified Hovership_SB": 2943, "No Witnesses": 1849, "Port Town": 2034, "Refute": 2159, "Temple of Enlightenment": 2703, "Jace, Architect of Thought_SB": 1401, "No Witnesses_SB": 1850, "Disfigure": 694, "Gossip's Talent": 1165, "Karumonix, the Rat King": 1443, "Lord Skitter, Sewer King": 1624, "Persistent Marshstalker": 1988, "Piper of the Swarm": 2017, "Shoreline Looter": 2418, "Tangled Colony": 2685, "Vren, the Relentless": 3055, "Bring the Ending_SB": 326, "Pile On_SB": 2012, "Tangled Colony_SB": 2686, "Abzan Charm": 9, "Deathmist Raptor": 626, "Den Protector": 656, "Mastery of the Unseen": 1691, "Sandsteppe Citadel": 2287, "Satyr Wayfinder": 2293, "Siege Rhino": 2425, "Unyielding Gatekeeper": 2963, "Banishing Light": 182, "Flowerfoot Swordmaster": 995, "Mabel, Heir to Cragflame": 1645, "Seedglaive Mentor": 2351, "Whiskervale Forerunner": 3097, "Burn Bright": 345, "Chimney Rabble": 460, "Domri, Anarch of Bolas": 714, "Fissure Wizard": 977, "Goblin Arsonist": 1131, "Goblin Javelineer": 1139, "Goblin Morningstar": 1140, "Goblin Trailblazer": 1149, "Grumgully, the Generous": 1189, "Heraldic Banner": 1262, "Hobgoblin Bandit Lord": 1284, "Hulking Bugbear": 1305, "Renata, Called to the Hunt": 2173, "Return of the Wildspeaker": 2203, "Rhythm of the Wild": 2210, "Subira, Tulzidi Caravanner": 2617, "You See a Pair of Goblins": 3157, "Krenko, Mob Boss_SB": 1521, "Krenko, Tin Street Kingpin_SB": 1522, "Eroded Canyon": 856, "Essence Capture": 864, "Galvanize": 1050, "Mind Spiral": 1729, "Peculiar Lighthouse": 1980, "Pit of Offerings": 2018, "Scorching Shot": 2314, "Slick Sequence": 2478, "Winged Words": 3111, "Into the Fire_SB": 1365, "Tolarian Terror_SB": 2842, "Wildfire Howl_SB": 3103, "Arcane Infusion": 99, "Xenagos, God of Revels": 3144, "Aetherize_SB": 30, "Into the Roil_SB": 1368, "Volcanic Spite_SB": 3036, "Zetalpa, Primal Dawn_SB": 3171, "Boon of the Wish-Giver": 288, "Frostveil Ambush": 1035, "Memory Leak": 1707, "Startling Development": 2579, "Burn Down the House": 346, "Flame-Blessed Bolt": 978, "Vampires' Vengeance": 2992, "Pelakka Wurm_SB": 1983, "Mephitic Draught": 1709, "Tithing Blade": 2837, "Corpses of the Lost_SB": 544, "Doom Foretold_SB": 717, "Life of Toshiro Umezawa_SB": 1579, "Edgewall Inn": 785, "Edgewall Innkeeper": 786, "Lucky Clover": 1634, "Midnight Reaper": 1722, "Order of Midnight": 1911, "Smitten Swordmaster": 2486, "Massacre Girl_SB": 1685, "Stormkeld Vanguard_SB": 2600, "Blazing Volley": 237, "Cinderclasm": 467, "Crash Through": 561, "Death-Rattle Oni": 622, "Electrickery": 802, "Kessig Flamebreather": 1473, "Seismic Wave": 2355, "Stolen Vitality": 2593, "Burn Down the House_SB": 347, "Smoldering Egg_SB": 2487, "Swamp_SB": 2654, "Gnarlroot Trapper": 1123, "Jace, Vryn's Prodigy_SB": 1403, "Valley Floodcaller_SB": 2987, "Valorous Stance_SB": 2990, "Pillage the Bog_SB": 2016, "Aether Channeler": 24, "Foul Emissary": 1012, "Arahbo, the First Fang": 93, "Felidar Cub": 946, "Feline Sovereign": 947, "Sacred Cat": 2274, "Savannah Lions": 2296, "Lion Sash_SB": 1605, "Sublime Epiphany": 2618, "Unauthorized Exit": 2925, "Fiery Annihilation_SB": 961, "Reckless Stormseeker_SB": 2144, "Archfiend of Depravity": 106, "Archfiend of Depravity_SB": 107, "Fade from History_SB": 904, "Loot, Exuberant Explorer": 1618, "Notion Thief": 1854, "Quicken": 2084, "Banish into Fable": 180, "The Celestus": 2742, "Reluctant Role Model": 2170, "Furnace Punisher": 1040, "March of Swirling Mist": 1671, "Faceless Haven_SB": 903, "Invasive Surgery_SB": 1378, "The Scarab God_SB": 2767, "Pieces of the Puzzle": 2011, "Michiko's Reign of Truth": 1721, "Rite of Oblivion": 2223, "Shatterskull Smashing": 2394, "Tinybones, the Pickpocket": 2829, "Anthem of Champions_SB": 85, "Fear of Abduction": 932, "Blue Sun's Twilight_SB": 269, "Overwhelming Remorse_SB": 1946, "Brotherhood's End": 336, "Return the Favor_SB": 2204, "Gloomshrieker": 1118, "Dennick, Pious Apprentice_SB": 659, "Agatha of the Vile Cauldron": 36, "Bard Class": 187, "Hajar, Loyal Bodyguard": 1206, "Migloz, Maze Crusher": 1724, "Ruby, Daring Tracker": 2258, "Samut, Vizier of Naktamun": 2282, "Targ Nar, Demon-Fang Gnoll": 2688, "Xenagos, the Reveler": 3146, "Stormsplitter": 2603, "Thousand-Year Storm": 2803, "Cathartic Pyre_SB": 406, "Tamiyo, Collector of Tales_SB": 2682, "Dollmaker's Shop && Porcelain Gallery": 711, "Kami of Transience": 1435, "Surgical Suite && Hospital Room_SB": 2649, "Sire of Seven Deaths_SB": 2453, "Regal Bunnicorn": 2160, "Dissection Tools": 700, "Protect the Negotiators_SB": 2065, "Ashiok, Wicked Manipulator": 131, "Ajani, Strength of the Pride": 45, "Case of the Uneaten Feast": 389, "Trelasarra, Moon Dancer": 2881, "Floriferous Vinewall": 992, "Eldritch Evolution": 801, "Hauntwoods Shrieker": 1234, "Urborg Lhurgoyf": 2968, "Aether Channeler_SB": 25, "Zephyr Sentinel_SB": 3169, "Kambal, Consul of Allocation": 1433, "Tectonic Hazard_SB": 2695, "Stubborn Denial_SB": 2616, "Surrak Dragonclaw": 2650, "Frantic Scapegoat": 1025, "Callous Sell-Sword_SB": 368, "Ritual of Soot": 2226, "Inscription of Ruin": 1353, "Harmonious Archon": 1222, "Sandstorm Salvager": 2288, "Toby, Beastie Befriender": 2839, "Kayla's Reconstruction_SB": 1458, "Destroy Evil": 674, "Serra Paragon_SB": 2371, "Filter Out": 967, "Heartflame Duelist": 1245, "Inspiring Veteran": 1360, "Knight of Dusk's Shadow": 1492, "Knight of the Ebon Legion": 1496, "Tournament Grounds": 2862, "Venerable Knight": 3002, "Worthy Knight": 3138, "Knight of Dusk's Shadow_SB": 1493, "Woodland Bellower": 3132, "Breeding Pool_SB": 318, "Chance for Glory": 436, "Collector's Vault": 502, "Teferi, Who Slows the Sunset": 2700, "Bag of Holding_SB": 167, "Zirda, the Dawnwaker_SB": 3173, "Despise_SB": 671, "Lifebane Zombie_SB": 1580, "Sunspine Lynx": 2641, "Light Up the Stage_SB": 1583, "Weaver of Harmony": 3084, "Isolate_SB": 1390, "God-Pharaoh's Statue_SB": 1154, "Smuggler's Surprise_SB": 2491, "Wakeroot Elemental_SB": 3058, "Cindervines": 468, "The Flame of Keld": 2750, "Fetid Pools": 956, "Silvergill Adept": 2441, "Triton Shorestalker": 2886, "Isareth the Awakener": 1387, "Dreadbore": 738, "Nicol Bolas, the Ravager": 1822, "Omen of the Forge": 1894, "The Kami War": 2754, "Wakeroot Elemental": 3057, "Legion Extruder_SB": 1558, "This Town Ain't Big Enough": 2791, "Lost Legacy_SB": 1627, "The Mightstone and Weakstone_SB": 2759, "Remorseful Cleric": 2171, "Kogla and Yidaro_SB": 1503, "Nissa, Who Shakes the World": 1839, "Sylvan Awakening": 2661, "Nahiri's Warcrafting_SB": 1794, "Depala, Pilot Exemplar": 660, "Magda, Brazen Outlaw": 1651, "Magda, the Hoardmaster": 1652, "Roaming Throne": 2232, "Toolcraft Exemplar": 2848, "Veteran Motorist": 3006, "The Royal Scions": 2765, "Unauthorized Exit_SB": 2926, "Bilious Skulldweller": 216, "Chevill, Bane of Monsters": 458, "Fynn, the Fangbearer": 1044, "Ghost Vacuum": 1079, "Heroic Intervention": 1266, "Malakir Rebirth": 1659, "Wasteland Viper": 3076, "Infectious Bite_SB": 1339, "Akal Pakal, First Among Equals": 47, "Courser of Kruphix": 552, "Simic Manipulator": 2445, "Timestream Navigator": 2825, "Azure Beastbinder_SB": 163, "Mockingbird_SB": 1751, "Simic Manipulator_SB": 2446, "Trygon Predator_SB": 2893, "Vivien, Champion of the Wilds_SB": 3022, "Caretaker's Talent_SB": 377, "Fountainport_SB": 1021, "Rite of Oblivion_SB": 2224, "Kogla, the Titan Ape": 1504, "Vivien, Arkbow Ranger": 3021, "Cavalier of Thorns_SB": 415, "Ulvenwald Oddity_SB": 2921, "Crumbling Vestige": 575, "Kemba, Kha Enduring": 1467, "Kogla and Yidaro": 1502, "Trumpeting Carnosaur_SB": 2892, "Dusk // Dawn_SB": 769, "Last Breath_SB": 1542, "Thunderherd Migration": 2817, "Boros Elite": 292, "Guardian of New Benalia": 1197, "Mobilized District": 1748, "Precinct Captain": 2047, "Soldier of the Pantheon": 2502, "Spellbook Vendor": 2539, "Sungold Sentinel": 2632, "Banisher Priest_SB": 181, "Bounty Agent_SB": 304, "Rally the Ranks_SB": 2109, "Wicked Wolf_SB": 3100, "Overlord of the Mistmoors_SB": 1944, "Fear of Isolation": 935, "Tinybones Joins Up": 2827, "Built to Smash": 343, "Wayward Guide-Beast": 3079, "Voldaren Thrillseeker_SB": 3039, "Renegade Tactics": 2176, "Siphon Insight_SB": 2450, "Imodane's Recruiter_SB": 1326, "Glorious Protector_SB": 1119, "Into the Story": 1369, "Niambi, Esteemed Speaker_SB": 1819, "The Wandering Rescuer_SB": 2776, "Syr Ginger, the Meal Ender_SB": 2668, "Lavinia, Azorius Renegade_SB": 1547, "Demonic Counsel": 652, "Augur of Bolas": 147, "Essence Flux": 866, "Apostle of Purifying Light": 87, "Glass Casket": 1107, "Thran Power Suit": 2806, "Titania, Voice of Gaea_SB": 2836, "Treacherous Blessing_SB": 2877, "Umori, the Collector_SB": 2922, "Glass Casket_SB": 1108, "Grasp of Darkness_SB": 1174, "Necrotic Wound": 1810, "Souls of the Lost": 2524, "Necrotic Wound_SB": 1811, "Souls of the Lost_SB": 2525, "Kappa Tech-Wrecker": 1436, "Eldrazi Displacer_SB": 799, "Experimental Augury": 884, "Fleeting Spirit": 983, "Lore Drakkis": 1625, "Open the Omenpaths": 1904, "Vadrok, Apex of Thunder": 2977, "Crucible of Worlds": 569, "Destiny Spinner": 672, "Sin Collector_SB": 2448, "Cult Conscript": 586, "Cleansing Wildfire_SB": 483, "Vanish into Eternity_SB": 2994, "Mutavault_SB": 1787, "Mukotai Ambusher_SB": 1779, "Tribute to Horobi": 2884, "Hunter's Talent_SB": 1310, "Remorseful Cleric_SB": 2172, "Vengeful Possession": 3004, "Hidetsugu's Second Rite_SB": 1274, "Nurturing Pixie": 1866, "Malcolm, Alluring Scoundrel": 1660, "Preacher of the Schism_SB": 2046, "Pia Nalaar, Consul of Revival": 2007, "Showdown of the Skalds": 2420, "Bassara Tower Archer": 194, "Cloudsteel Kirin": 492, "Lizard Blades": 1609, "Searing Blood": 2337, "Bomat Courier_SB": 275, "Magma Spray_SB": 1656, "Stalactite Stalker": 2575, "Lamplight Phoenix_SB": 1537, "Thirst for Meaning": 2790, "Biting-Palm Ninja": 220, "Dokuchi Silencer": 709, "Silver-Fur Master": 2437, "Massacre Wurm_SB": 1687, "Pawpatch Recruit_SB": 1978, "Soul Transfer": 2517, "Omen of the Dead": 1892, "Sentinel of the Nameless City_SB": 2367, "Sharp-Eyed Rookie": 2392, "Ayara's Oathsworn": 156, "Council of the Absolute_SB": 549, "Spirit of the Labyrinth_SB": 2554, "Adventurous Impulse": 22, "Arcane Proxy": 100, "Chrome Host Seedshark": 464, "See the Truth": 2349, "Ambitious Farmhand": 61, "Cascading Cataracts": 382, "Helpful Hunter": 1257, "Thalia's Lancers": 2727, "Wilt-Leaf Liege_SB": 3108, "Barkhide Troll": 189, "Gather Courage": 1062, "Tribute to the World Tree": 2885, "Setessan Tactics_SB": 2375, "Thalia and The Gitrog Monster": 2726, "Cosmic Rebirth_SB": 548, "Dreadbore_SB": 739, "Cavalier of Dawn": 412, "Kotose, the Silent Spider": 1513, "Marina Vendrell": 1678, "Fanatic of Mogis": 917, "Solphim, Mayhem Dominus": 2506, "Oblivious Bookworm": 1877, "Cerulean Drake_SB": 430, "Lavabrink Venturer_SB": 1544, "Prosperous Thief_SB": 2064, "Recommission": 2149, "Augur of Autumn_SB": 146, "Shatterskull Smashing_SB": 2395, "Bladehold War-Whip": 231, "Nahiri, Forged in Fury": 1795, "Sword of Forge and Frontier": 2659, "Rebel Salvo_SB": 2137, "Bloodthirsty Conqueror": 259, "Dina, Soul Steeper": 688, "Dryad of the Ilysian Grove": 765, "Iridescent Vinelasher": 1385, "Jaddi Offshoot": 1407, "Mirrorpool": 1737, "Retreat to Hagra": 2202, "Bristly Bill, Spine Sower_SB": 332, "Undergrowth Champion_SB": 2935, "Silverback Elder": 2438, "Silverback Elder_SB": 2439, "Celestial Armor": 423, "Deputy of Detention_SB": 665, "Etali, Primal Conqueror": 869, "Floodpits Drowner_SB": 991, "Massacre Wurm": 1686, "Gifted Aetherborn_SB": 1095, "Perilous Snare": 1985, "Repurposing Bay_SB": 2181, "Mendicant Core, Guidelight": 1708, "Voyager Glidecar": 3047, "Patchwork Automaton": 1968, "Birgi, God of Storytelling": 217, "Crater's Claws": 563, "Zurgo Bellstriker_SB": 3182, "Hare Apparent": 1221, "Chaplain of Alms": 451, "Rune of Might": 2264, "Momentum Breaker_SB": 1757, "Liliana, Heretical Healer_SB": 1598, "Sab-Sunen, Luxa Embodied": 2273, "Greasewrench Goblin": 1180, "Moonshaker Cavalry_SB": 1767, "Zareth San, the Trickster": 3166, "Grim Bauble": 1185, "Momentum Breaker": 1756, "Oildeep Gearhulk_SB": 1886, "Count on Luck_SB": 550, "Monument to Endurance_SB": 1764, "Shacklegeist_SB": 2379, "Valor's Flagship": 2989, "Grim Bauble_SB": 1186, "Ossification_SB": 1918, "Coalstoke Gearhulk": 493, "Djeru's Renunciation": 708, "Marauding Mako": 1667, "Monument to Endurance": 1763, "Sunbillow Verge": 2625, "Ketramose, the New Dawn_SB": 1475, "Mastermind's Acquisition": 1689, "Behold the Multiverse_SB": 207, "Memory Guardian": 1706, "Azor, the Lawbringer": 158, "Archfiend's Vessel": 110, "Merfolk Secretkeeper": 1711, "Dreadhorde Arcanist_SB": 741, "Brightglass Gearhulk": 322, "Dredger's Insight": 754, "Mukotai Ambusher": 1778, "Bloodghast": 255, "Molt Tender": 1753, "Driven // Despair_SB": 756, "Ashiok, Wicked Manipulator_SB": 132, "Anim Pakal, Thousandth Moon": 76, "Basri, Tomorrow's Champion": 193, "Urza's Ruinous Blast_SB": 2972, "The Speed Demon": 2770, "Intimidation Tactics_SB": 1364, "Oildeep Gearhulk": 1885, "Optimistic Scavenger_SB": 1908, "Virtue of Strength": 3018, "Bonny Pall, Clearcutter_SB": 283, "Roxanne, Starfall Savant_SB": 2253, "Freestrider Lookout": 1029, "Ketramose, the New Dawn": 1474, "Scrabbling Claws": 2319, "Mosswood Dreadknight_SB": 1773, "Willowrush Verge": 3106, "Commune with Spirits": 517, "Goro-Goro, Disciple of Ryusei": 1164, "Radha, Heart of Keld": 2090, "Redshift, Rocketeer Chief": 2154, "Bleachbone Verge": 238, "Detention Chariot": 677, "Tune Up": 2894, "Kaya the Inexorable_SB": 1448, "Thundering Broodwagon": 2818, "Fearless Swashbuckler": 937, "Gastal Thrillroller": 1056, "Leyline Binding_SB": 1564, "Ashiok, Nightmare Weaver": 130, "Jace's Defeat_SB": 1399, "Hazoret, Godseeker": 1239, "Boommobile": 286, "Hedron Archive": 1250, "Paradox Engine": 1962, "Portal of Sanctuary": 2038, "Repurposing Bay": 2180, "Terrarion": 2720, "The Mightstone and Weakstone": 2758, "Thran Spider": 2807, "Workshop Assistant": 3134, "Liberator, Urza's Battlethopter_SB": 1575, "Noxious Gearhulk_SB": 1860, "Shrapnel Slinger_SB": 2424, "Norin, Swift Survivalist": 1851, "Mindlink Mech_SB": 1730, "Wastewood Verge": 3077, "Murderous Cut": 1782, "Anguished Unmaking_SB": 75, "Drownyard Temple": 763, "Quag Feast": 2076, "Avishkar Raceway": 153, "Fuel the Flames_SB": 1038, "Skycrash_SB": 2465, "Ashiok, Nightmare Muse_SB": 129, "Benthic Biomancer": 209, "Mindspring Merfolk": 1731, "Eaten Alive_SB": 780, "Biting-Palm Ninja_SB": 221, "Kazuul's Toll Collector": 1461, "Immersturm Raider": 1324, "The Speed Demon_SB": 2771, "Harrier Strix": 1224, "Hypnotic Grifter": 1314, "The Reality Chip": 2763, "Training Grounds": 2867, "Basilisk Collar_SB": 191, "Burnout Bashtronaut": 352, "Draconautics Engineer": 725, "Howlsquad Heavy": 1304, "Volley Veteran_SB": 3040, "Swiftfoot Boots_SB": 2658, "Overprotect_SB": 1945, "Stock Up": 2591, "Liliana, the Last Hope_SB": 1600, "Riverpyre Verge": 2229, "Concealing Curtains": 519, "Riptide Gearhulk_SB": 2220, "Blade Historian": 229, "Pyre of Heroes": 2070, "Night Clubber_SB": 1823, "Aegis Turtle_SB": 23, "Cleansing Wildfire": 482, "Crumble to Dust": 574, "Encroaching Wastes": 835, "Gnottvold Slumbermound": 1125, "Haphazard Bombardment": 1217, "Jaya's Greeting": 1409, "Ravager Wurm": 2122, "Rowan, Scholar of Sparks": 2252, "Rubble Reading": 2256, "Sheltered Thicket": 2397, "Structural Distortion": 2614, "Sylvan Primordial": 2664, "Territory Forge": 2721, "Twin Bolt": 2899, "Herbology Instructor_SB": 1263, "Nissa's Defeat_SB": 1834, "Peak Eruption_SB": 1979, "Scrabbling Claws_SB": 2320, "Analyze the Pollen": 62, "Ride's End": 2211, "Battle at the Bridge": 196, "Spire of Industry": 2552, "Battle at the Bridge_SB": 197, "Murderous Cut_SB": 1783, "Borrowed Hostility": 295, "Barbed Batterfist": 186, "Webstrike Elite": 3085, "Yahenni's Expertise": 3147, "Commit // Memory_SB": 515, "Demilich_SB": 648, "Progenitor Mimic": 2057, "Banefire": 176, "Steel Seraph": 2585, "Violent Urge_SB": 3013, "Boon of Boseiju": 287, "Esika's Chariot_SB": 863, "Fighter Class": 966, "Chainsaw_SB": 434, "Nettle Guard_SB": 1816, "Sword of Forge and Frontier_SB": 2660, "Champion of the Perished": 435, "Cryptbreaker": 579, "Dark Salvation": 600, "Dread Wanderer": 737, "Relentless Dead": 2168, "Wayward Servant": 3080, "Zahur, Glory's Past": 3165, "Commune with Dinosaurs": 516, "Marauding Raptor": 1668, "Rampaging Raptor": 2115, "Regal Imperiosaur": 2163, "Ripjaw Raptor": 2217, "Expedition Map_SB": 881, "Stock Up_SB": 2592, "Maximize Velocity": 1693, "Birgi, God of Storytelling_SB": 218, "Samut's Sprint": 2280, "Omen of the Dead_SB": 1893, "Lost Jitte": 1626, "Lazav, Wearer of Faces": 1549, "Medomai the Ageless": 1701, "Fires of Victory_SB": 976, "Riptide Gearhulk": 2219, "Gather Courage_SB": 1063, "Carnage Tyrant": 378, "Feather, the Redeemed": 938, "Feather, the Redeemed_SB": 939, "Etali, Primal Conqueror_SB": 870, "Dewdrop Cure": 682, "Healer's Hawk": 1241, "Linden, the Steadfast Queen": 1601, "Rogue's Passage": 2243, "Ruin-Lurker Bat": 2260, "Afterburner Expert": 33, "Satoru Umezawa": 2291, "Cry of the Carnarium": 576, "Kaya, Orzhov Usurper": 1454, "Calamity's Wake_SB": 362, "Keruga, the Macrosage": 1471, "Twinshot Sniper": 2901, "Twinshot Sniper_SB": 2902, "Anzrag, the Quake-Mole": 86, "Tamiyo's Safekeeping": 2679, "Nissa, Ascended Animist_SB": 1836, "Out of Air_SB": 1924, "Adorned Pouncer": 20, "Open the Armory": 1902, "Roadside Reliquary": 2231, "Spontaneous Mutation_SB": 2562, "Sunder the Gateway": 2627, "Knight of Grace": 1494, "Swan Song_SB": 2655, "Rocketeer Boostbuggy": 2238, "Bladestitched Skaab": 232, "Lazotep Reaver": 1551, "Enduring Tenacity_SB": 843, "Chandra, Spark Hunter_SB": 446, "Azor, the Lawbringer_SB": 159, "Phoenix Chick": 1994, "Mortify": 1769, "Fuel the Flames": 1037, "Gix's Command_SB": 1101, "Sorin the Mirthless_SB": 2511, "Graf Reaver_SB": 1167, "Kraul Whipcracker_SB": 1516, "Fear of Impostors": 933, "Riptide Chimera": 2218, "Dive Down_SB": 704, "Witchstalker_SB": 3119, "Soul-Scar Mage_SB": 2521, "Blood Spatter Analysis": 251, "Demonic Bargain": 651, "Osseous Sticktwister": 1916, "Korvold, Fae-Cursed King_SB": 1512, "Dive Down": 703, "Jace Reawakened_SB": 1398, "Blessed Defiance": 241, "Seasoned Hallowblade": 2343, "The Mycosynth Gardens": 2761, "Alrund's Epiphany": 57, "Loot, the Pathfinder": 1619, "Burning Earth_SB": 348, "Fugitive Codebreaker": 1039, "Tireless Tracker_SB": 2830, "Invasion of New Phyrexia_SB": 1377, "Tangled Florahedron": 2687, "Healer of the Glade_SB": 1240, "Tale's End_SB": 2676, "Gisa, the Hellraiser_SB": 1098, "Ride's End_SB": 2212, "Omen of the Sun_SB": 1897, "Enduring Courage": 838, "Beseech the Mirror_SB": 211, "Commence the Endgame_SB": 512, "Forbidden Friendship": 1000, "Collective Effort_SB": 500, "Perilous Snare_SB": 1986, "Seeker of the Way_SB": 2353, "Redcap Melee": 2152, "Setessan Champion": 2373, "Trapped in the Screen": 2872, "Trapped in the Screen_SB": 2873, "Cryptolith Rite": 582, "Bottomless Pool && Locker Room": 300, "Bottomless Pool && Locker Room_SB": 301, "Knockout Blow": 1499, "Hidetsugu's Second Rite": 1273, "Eidolon of Blossoms_SB": 790, "Incubation Druid": 1334, "Kaya the Inexorable": 1447, "Mistrise Village": 1746, "Ral Zarek": 2104, "Tamiyo, Field Researcher": 2684, "Kunoros, Hound of Athreos_SB": 1529, "Qarsi Revenant": 2074, "Qarsi Revenant_SB": 2075, "Tersa Lightshatter": 2723, "Dragonfire Blade": 727, "Lavaspur Boots_SB": 1546, "Descendant of Storms": 666, "Cease // Desist": 421, "Cram Session": 560, "Insatiable Avarice": 1349, "The Biblioplex": 2739, "Valgavoth's Onslaught": 2981, "Containment Breach_SB": 533, "Environmental Sciences_SB": 851, "Introduction to Annihilation_SB": 1372, "Mascot Exhibition_SB": 1681, "Pest Summoning_SB": 1991, "Elspeth, Storm Slayer": 815, "United Battlefront": 2944, "Voice of Victory": 3028, "Sunder the Gateway_SB": 2628, "Voice of Victory_SB": 3029, "Mox Jasper": 1777, "Mistrise Village_SB": 1747, "Caustic Exhale": 410, "Dispelling Exhale": 698, "Foul-Tongue Invocation": 1014, "Marang River Regent": 1666, "Scavenger Regent": 2307, "Silumgar's Scorn": 2434, "Caustic Exhale_SB": 411, "Strategic Betrayal_SB": 2609, "Cori-Steel Cutter": 542, "Wild Ride": 3101, "Cori-Steel Cutter_SB": 543, "Desperate Measures": 670, "Katilda, Dawnhart Prime": 1446, "Songcrafter Mage": 2508, "Militia Bugler_SB": 1725, "Sunpearl Kirin": 2636, "Rot-Curse Rakshasa": 2248, "History of Benalia": 1281, "Strategic Betrayal": 2608, "Treasure Map": 2879, "Archangel Elspeth": 102, "Painter's Studio && Defaced Gallery": 1955, "This Town Ain't Big Enough_SB": 2792, "Cori Mountain Monastery": 541, "Gurmag Angler": 1199, "Jaya, Fiery Negotiator": 1410, "Stormscale Scion": 2601, "Stormscale Scion_SB": 2602, "Of One Mind": 1884, "Banishing Slash": 184, "United Battlefront_SB": 2945, "Warden of the Grove": 3066, "Surrak, Elusive Hunter_SB": 2651, "Ghostly Pilferer": 1082, "Icon of Ancestry": 1315, "Fire Prophecy": 971, "White Sun's Twilight_SB": 3099, "Paradoxical Outcome_SB": 1963, "Masked Vandal": 1682, "Fanatical Firebrand_SB": 920, "Scavenger's Talent_SB": 2309, "Liliana, Death's Majesty": 1596, "Runed Halo": 2265, "Decadent Dragon_SB": 631, "Shiko, Paragon of the Way": 2408, "Undead Sprinter_SB": 2931, "Boros Reckoner": 294, "Mantis Rider": 1665, "Mardu Siegebreaker": 1675, "Craterhoof Behemoth": 564, "Phyrexian Obliterator": 2003, "Decisive Denial": 633, "Ebondeath, Dracolich": 781, "Ertai's Scorn": 859, "Rakshasa's Bargain": 2103, "Unwind": 2962, "Awaken the Honored Dead_SB": 154, "Carnage Tyrant_SB": 379, "Gaze of Granite_SB": 1065, "Lutri, the Spellchaser_SB": 1643, "Specter's Shriek_SB": 2531, "Elspeth, Storm Slayer_SB": 816, "Jeskai Revelation": 1413}}