{"vocabulary": {"Agatha's Soul Cauldron": 38, "Blackcleave Cliffs": 236, "Blazemire Verge": 247, "Blightstep Pathway": 255, "Blood Crypt": 261, "Bloodtithe Harvester": 274, "Duress": 802, "Fable of the Mirror-Breaker": 933, "Fatal Push": 960, "Fear of Missing Out": 971, "Fountainport": 1058, "Hive of the Eye Tyrant": 1334, "Inti, Seneschal of the Sun": 1418, "Mountain": 1836, "Mutavault": 1849, "Raucous Theater": 2190, "Sokenzan, Crucible of Defiance": 2577, "Swamp": 2733, "Takenuma, Abandoned Mire": 2754, "Thoughtseize": 2882, "Tree of Perdition": 2963, "Voldaren Thrillseeker": 3128, "Chandra's Defeat_SB": 458, "Duress_SB": 803, "Extinction Event_SB": 926, "Feed the Swarm_SB": 980, "Ghost Vacuum_SB": 1122, "Hazoret the Fervent_SB": 1288, "Jegantha, the Wellspring_SB": 1467, "Ob Nixilis, the Adversary_SB": 1938, "Torch the Tower_SB": 2935, "Withering Torment_SB": 3217, "Archfiend of the Dross": 112, "Haunted Ridge": 1282, "Heartless Act": 1296, "Sheoldred, the Apocalypse": 2474, "Sulfurous Springs": 2700, "Torch the Tower": 2934, "Unholy Annex && Ritual Chamber": 3024, "Unstoppable Slasher": 3040, "Urborg, Tomb of Yawgmoth": 3056, "Abrade_SB": 4, "Anger of the Gods_SB": 73, "Damping Sphere_SB": 623, "Hidetsugu Consumes All_SB": 1324, "Invoke Despair_SB": 1438, "Reckoner Bankbuster_SB": 2217, "Unlicensed Hearse_SB": 3034, "Arclight Phoenix": 120, "Artist's Talent": 126, "Brazen Borrower": 328, "Consider": 551, "Fiery Impulse": 997, "Hall of Storm Giants": 1256, "Highway Robbery": 1330, "Island": 1444, "Lightning Axe": 1646, "Opt": 1971, "Otawara, Soaring City": 1985, "Picklock Prankster": 2076, "Proft's Eidetic Memory": 2122, "Riverglide Pathway": 2299, "Sleight of Hand": 2552, "Spell Pierce": 2611, "Spirebluff Canal": 2630, "Steam Vents": 2659, "Stormcarved Coast": 2675, "Treasure Cruise": 2961, "Annul_SB": 83, "Banefire_SB": 185, "Beacon Bolt_SB": 208, "Brazen Borrower_SB": 329, "Brotherhood's End_SB": 353, "Mystical Dispute_SB": 1855, "Negate_SB": 1878, "Prismari Command_SB": 2118, "Proft's Eidetic Memory_SB": 2123, "Battlefield Forge": 207, "Bitter Triumph": 234, "Concealed Courtyard": 542, "Elegant Parlor": 838, "Godless Shrine": 1201, "Greasefang, Okiba Boss": 1226, "Kroxa, Titan of Death's Hunger": 1583, "Overlord of the Balemurk": 2002, "Parhelion II": 2031, "Sacred Foundry": 2346, "Skysovereign, Consul Flagship": 2545, "Cut Down_SB": 621, "Kutzil's Flanker_SB": 1590, "Leyline of the Void_SB": 1634, "Loran of the Third Path_SB": 1681, "Portable Hole_SB": 2103, "Arboreal Grazer": 100, "Arid Archway": 121, "Barkchannel Pathway": 197, "Blue Sun's Twilight": 282, "Boseiju, Who Endures": 312, "Botanical Sanctum": 315, "Breeding Pool": 333, "Clifftop Lookout": 508, "Conduit Pylons": 547, "Dreamdew Entrancer": 785, "Dreamroot Cascade": 786, "Fading Hope": 940, "Fecund Greenshell": 975, "Forest": 1044, "Glasspool Mimic": 1153, "Insidious Fungus": 1409, "Ipnu Rivulet": 1439, "Lair of the Hydra": 1595, "Negate": 1877, "Outcaster Greenblade": 1990, "Pawpatch Formation": 2042, "Spelunking": 2616, "Spinewoods Armadillo": 2626, "Aether Gust_SB": 27, "Back to Nature_SB": 172, "Disdainful Stroke_SB": 726, "Yorion, Sky Nomad_SB": 3249, "Ancestral Anger": 65, "Callous Sell-Sword": 386, "Claim // Fame": 497, "Den of the Bugbear": 687, "Dreadhorde Arcanist": 775, "Emberheart Challenger": 862, "Heartfire Hero": 1294, "Kumano Faces Kakkazan": 1585, "Monastery Swiftspear": 1821, "Monstrous Rage": 1823, "Ramunap Ruins": 2185, "Reckless Rage": 2212, "Slickshot Show-Off": 2555, "Titan's Strength": 2918, "Dark Betrayal_SB": 624, "Fatal Push_SB": 961, "Thoughtseize_SB": 2883, "Urabrask's Forge_SB": 3053, "Dreadmaw's Ire": 779, "Infuriate": 1397, "Manifold Mouse": 1724, "Claim // Fame_SB": 498, "Reckless Rage_SB": 2213, "Sheoldred's Edict_SB": 2473, "Go for the Throat": 1174, "Anoint with Affliction_SB": 85, "Magebane Lizard_SB": 1713, "Bonecrusher Giant": 294, "Castle Embereth": 413, "Ghitu Lavarunner": 1119, "Light Up the Stage": 1642, "Play with Fire": 2088, "Soul-Scar Mage": 2596, "Witchstalker Frenzy": 3211, "Wizard's Lightning": 3221, "Ahn-Crop Crasher_SB": 43, "Rampaging Ferocidon_SB": 2183, "Witchstalker Frenzy_SB": 3212, "Go Blank_SB": 1172, "Path of Peril_SB": 2038, "Cavalier of Thorns": 433, "Elvish Mystic": 856, "Invasion of Ixalan": 1430, "Kiora, Behemoth Beckoner": 1539, "Leyline of the Guildpact": 1632, "Llanowar Elves": 1670, "Nykthos, Shrine to Nyx": 1931, "Oath of Nissa": 1935, "Old-Growth Troll": 1954, "Outcaster Trailblazer": 1991, "Storm the Festival": 2674, "Ulvenwald Oddity": 3004, "Cityscape Leveler_SB": 495, "Emrakul, the Promised End_SB": 868, "Pick Your Poison_SB": 2075, "Polukranos Reborn_SB": 2096, "Scrapshooter_SB": 2394, "Setessan Petitioner_SB": 2445, "The Stone Brain_SB": 2855, "Cathar Commando_SB": 422, "Elesh Norn, Mother of Machines_SB": 842, "Kolaghan's Command_SB": 1566, "Vanishing Verse_SB": 3083, "Cauldron Familiar": 426, "Claim the Firstborn": 499, "Deadly Dispute": 645, "Mayhem Devil": 1755, "Overgrown Tomb": 2000, "Scavenger's Talent": 2379, "Thornspire Verge": 2876, "Witch's Oven": 3209, "Ygra, Eater of All": 3246, "Abrupt Decay_SB": 6, "Haywire Mite_SB": 1286, "Atraxa, Grand Unifier": 147, "Case of the Stashed Skeleton": 407, "Cling to Dust": 510, "Extinction Event": 925, "Hidetsugu Consumes All": 1323, "Ob Nixilis, the Adversary": 1937, "Reckoner Bankbuster": 2216, "The World Tree": 2861, "Transmogrify": 2954, "Volcanic Spite": 3125, "Untimely Malfunction_SB": 3046, "Assemble the Players": 143, "Aven Interrupter": 159, "Brushland": 354, "Collected Company": 517, "Eiganjo, Seat of the Empire": 828, "Enduring Innocence": 876, "Hushwood Verge": 1366, "Kellan, Daring Traveler": 1522, "Knight of Autumn": 1549, "Lush Portico": 1702, "Parting Gust": 2032, "Plains": 2086, "Prosperous Innkeeper": 2129, "Razorverge Thicket": 2199, "Restless Prairie": 2265, "Sanguine Evangelist": 2360, "Scavenging Ooze": 2381, "Skyclave Apparition": 2538, "Temple Garden": 2782, "Voice of Resurgence": 3116, "Werefox Bodyguard": 3183, "Archon of Emeria_SB": 117, "Get Lost_SB": 1112, "Knight of Autumn_SB": 1550, "Reidane, God of the Worthy_SB": 2237, "Scavenging Ooze_SB": 2382, "Scorching Dragonfire": 2383, "Graveyard Trespasser_SB": 1224, "Blade of the Oni": 241, "Ashiok, Dream Render_SB": 132, "Sheoldred, the Apocalypse_SB": 2475, "Clearwater Pathway": 505, "Darkslick Shores": 628, "Faerie Mastermind": 945, "Floodpits Drowner": 1027, "Kaito, Bane of Nightmares": 1484, "Phantom Interference": 2059, "Sheoldred's Edict": 2472, "Shipwreck Marsh": 2482, "Underground River": 3018, "Watery Grave": 3170, "Archon of Emeria": 116, "Branchloft Pathway": 323, "Dromoka's Command": 792, "Elite Spellbinder": 844, "Shefet Dunes": 2468, "Thalia, Guardian of Thraben": 2811, "Virtue of Loyalty": 3104, "Anointed Peacekeeper_SB": 87, "Brutal Cathar_SB": 356, "Dromoka's Command_SB": 793, "Elite Spellbinder_SB": 845, "Gideon, Ally of Zendikar_SB": 1137, "Werefox Bodyguard_SB": 3184, "Ledger Shredder": 1612, "Shivan Reef": 2484, "Crackling Drake_SB": 580, "Ledger Shredder_SB": 1613, "Thassa's Oracle_SB": 2816, "Brightclimb Pathway": 337, "Kaya the Inexorable": 1505, "Savai Triome": 2366, "The Wandering Emperor": 2856, "Vanishing Verse": 3082, "Destroy Evil_SB": 706, "High Noon_SB": 1329, "Liliana of the Veil_SB": 1655, "Rest in Peace_SB": 2260, "Temporary Lockdown_SB": 2795, "Bloodletter of Aclazotz": 269, "Castle Locthwain": 415, "Field of Ruin": 992, "Graveyard Trespasser": 1223, "Invoke Despair": 1437, "Caustic Bronco_SB": 428, "March of Wretched Sorrow_SB": 1734, "Misery's Shadow_SB": 1802, "The Meathook Massacre_SB": 2840, "Bring to Light": 343, "Deafening Clarion": 646, "Detention Sphere": 709, "Fabled Passage": 935, "Floodfarm Verge": 1026, "Hallowed Fountain": 1257, "Hostage Taker": 1352, "Indatha Triome": 1389, "Jetmir's Garden": 1469, "Ketria Triome": 1535, "Kolaghan's Command": 1565, "Krenko's Buzzcrusher": 1576, "Leyline Binding": 1623, "Lightning Helix": 1648, "Nahiri, the Harbinger": 1859, "Niv-Mizzet Reborn": 1904, "Niv-Mizzet, Supreme": 1907, "Omnath, Locus of Creation": 1963, "Pillage the Bog": 2081, "Raffine's Tower": 2161, "Raugrin Triome": 2191, "Roaring Furnace && Steaming Sauna": 2304, "Spara's Headquarters": 2603, "Stomping Ground": 2671, "Sunfall": 2709, "Sylvan Caryatid": 2743, "Unmoored Ego": 3037, "Up the Beanstalk": 3050, "Valki, God of Lies": 3071, "Ziatora's Proving Ground": 3268, "Casualties of War_SB": 418, "Culling Ritual_SB": 610, "Kambal, Consul of Allocation_SB": 1491, "Hullbreaker Horror_SB": 1362, "Adarkar Wastes": 18, "Enduring Curiosity": 874, "Get Lost": 1111, "Hengegate Pathway": 1309, "Invasion of Gobakhan": 1428, "Mausoleum Wanderer": 1752, "No More Lies": 1910, "Rattlechains": 2189, "Seachrome Coast": 2402, "Sheltered by Ghosts": 2470, "Spell Queller": 2613, "Supreme Phantom": 2722, "Wedding Announcement": 3178, "Enduring Innocence_SB": 877, "Skyclave Apparition_SB": 2539, "Split Up_SB": 2637, "Three Steps Ahead_SB": 2893, "Acererak the Archlich": 12, "Blooming Marsh": 277, "Gwenna, Eyes of Gaea": 1250, "Honest Rutstein": 1341, "Kinnan, Bonder Prodigy": 1537, "Plaza of Heroes": 2091, "Relic of Legends": 2240, "Rona, Herald of Invasion": 2317, "Tranquil Frillback": 2951, "Assassin's Trophy_SB": 141, "Tranquil Frillback_SB": 2952, "Grafdigger's Cage_SB": 1215, "Third Path Iconoclast_SB": 2871, "Despise": 701, "Unholy Annex && Ritual Chamber_SB": 3025, "Mana Confluence": 1721, "Smuggler's Copter": 2565, "Bitter Triumph_SB": 235, "Beza, the Bounding Spring": 223, "Bitter Reunion": 233, "Bonny Pall, Clearcutter": 297, "Chained to the Rocks": 451, "Elesh Norn, Mother of Machines": 841, "Enigmatic Incarnation": 881, "Heliod, the Radiant Dawn": 1304, "High Noon": 1328, "Kutzil's Flanker": 1589, "March of Otherworldly Light": 1729, "Nylea's Presence": 1933, "Overlord of the Boilerbilges": 2004, "Overlord of the Hauntwoods": 2007, "Portable Hole": 2102, "Titan of Industry": 2916, "Chandra, Awakened Inferno_SB": 461, "Dovin's Veto_SB": 757, "Elspeth Conquers Death_SB": 846, "Knockout Blow_SB": 1559, "Nimble Larcenist_SB": 1895, "Molten Collapse": 1815, "Narset, Parter of Veils_SB": 1868, "Adeline, Resplendent Cathar": 19, "Anointed Peacekeeper": 86, "Cavern of Souls": 437, "Coppercoat Vanguard": 564, "Hopeful Initiate": 1346, "Mockingbird": 1810, "Recruitment Officer": 2221, "Thalia's Lieutenant": 2810, "Veteran Survivor": 3097, "Declaration in Stone_SB": 661, "Reflector Mage_SB": 2228, "Sheltered by Ghosts_SB": 2471, "Wedding Announcement_SB": 3179, "The Wandering Emperor_SB": 2857, "Deserted Beach": 698, "Geistlight Snare": 1106, "Restless Anchorage": 2261, "Shacklegeist": 2449, "Spectral Sailor": 2609, "Enduring Curiosity_SB": 875, "Altanak, the Thrice-Called": 61, "Archdruid's Charm": 108, "Castle Garenbrig": 414, "Elvish Rejuvenator": 857, "Glimpse the Core": 1157, "Sanctum of Ugin": 2356, "Say Its Name": 2372, "Shrine of the Forsaken Gods": 2498, "Sunken Citadel": 2712, "Ugin, the Spirit Dragon": 2997, "Ulamog, the Ceaseless Hunger": 2999, "World Breaker": 3229, "Collision // Colossus_SB": 525, "Obstinate Baloth_SB": 1944, "Spatial Contortion_SB": 2605, "Emry, Lurker of the Loch": 869, "Fallaji Archaeologist": 950, "Inspiring Vantage": 1414, "Jeskai Ascendancy": 1468, "Lavaspur Boots": 1604, "Mishra's Research Desk": 1804, "Mox Amber": 1838, "Restless Spire": 2268, "Retraction Helix": 2271, "Tormod's Crypt": 2938, "Fiery Impulse_SB": 998, "Pyroclasm_SB": 2141, "Rending Volley_SB": 2245, "Spell Pierce_SB": 2612, "Surge of Salvation_SB": 2727, "Trostani, Three Whispers": 2973, "Anoint with Affliction": 84, "Misery's Shadow": 1801, "Cry of the Carnarium_SB": 602, "Ascendant Spirit": 127, "Cryptic Coat": 605, "Curious Obsession": 617, "Faceless Haven": 937, "Snow-Covered Island": 2572, "Cryptic Coat_SB": 606, "Faceless Haven_SB": 938, "Fading Hope_SB": 941, "Lofty Denial_SB": 1674, "Unable to Scream_SB": 3008, "Baneslayer Angel_SB": 187, "Biting-Palm Ninja": 230, "Dokuchi Silencer": 742, "Moon-Circuit Hacker": 1828, "Ornithopter": 1978, "Restless Reef": 2266, "Satoru, the Infiltrator": 2363, "Silver-Fur Master": 2511, "Thousand-Faced Shadow": 2885, "Glistening Deluge_SB": 1161, "Faerie Miscreant": 947, "Gloomlake Verge": 1162, "Kaito Shizuki": 1482, "Prosperous Thief": 2131, "Aclazotz, Deepest Betrayal_SB": 14, "Dokuchi Silencer_SB": 743, "Kaito Shizuki_SB": 1483, "Abhorrent Oculus": 1, "Angel of Serenity": 69, "Glacial Fortress": 1146, "Moon-Blessed Cleric": 1826, "Nimble Larcenist": 1894, "Overlord of the Floodpits": 2006, "Ruric Thar, the Unbowed": 2338, "Sulfur Falls": 2699, "Sunpetal Grove": 2716, "Zagoth Triome": 3260, "Entity Tracker_SB": 885, "Krenko's Buzzcrusher_SB": 1577, "Linvala, the Preserver_SB": 1663, "March of Otherworldly Light_SB": 1730, "Marina Vendrell_SB": 1738, "Supreme Verdict_SB": 2724, "Thought Distortion_SB": 2878, "Cut Down": 620, "Deduce": 662, "Demonic Counsel": 682, "Make Disappear": 1716, "Metamorphic Alteration": 1776, "Undercity Sewers": 3016, "Into the Flood Maw_SB": 1422, "Galvanic Iteration": 1087, "Into the Flood Maw": 1421, "Temporal Trespass": 2792, "Fable of the Mirror-Breaker_SB": 934, "Agent of Treachery_SB": 41, "Case of the Gateway Express": 405, "Gleeful Demolition": 1155, "Imodane's Recruiter": 1379, "Knight-Errant of Eos": 1556, "Mirrex": 1796, "Needleverge Pathway": 1876, "Novice Inspector": 1920, "Resolute Reinforcements": 2255, "Thraben Inspector": 2887, "Venerated Loxodon": 3092, "Voldaren Epicure": 3127, "Warden of the Inner Sky": 3157, "Aven Interrupter_SB": 160, "Containment Priest_SB": 560, "Invasion of Gobakhan_SB": 1429, "Unholy Annex // Ritual Chamber": 3026, "Abrupt Decay": 5, "Aftermath Analyst": 35, "Brokers Hideout": 350, "Festering Gulch": 989, "Lotus Cobra": 1690, "Lotus Field": 1691, "Lumra, Bellow of the Woods": 1699, "Memory Deluge": 1764, "Nissa, Resurgent Animist": 1901, "Obscura Storefront": 1943, "Port of Karfell": 2101, "Riveteers Overlook": 2301, "Ray of Enfeeblement_SB": 2193, "Unmoored Ego_SB": 3038, "Klothys, God of Destiny": 1547, "Roaring Furnace // Steaming Sauna": 2306, "Notion Thief_SB": 1919, "Guardian of Faith_SB": 1244, "Restless Vents": 2269, "Shivan Devastator": 2483, "Valgavoth, Terror Eater_SB": 3069, "Avabruck Caretaker": 158, "Glarb, Calamity's Augur": 1149, "Kroxa and Kunoros": 1582, "Nowhere to Run": 1921, "Noxious Gearhulk": 1923, "Starfield of Nyx": 2654, "Zur, Eternal Schemer": 3275, "Angel of Serenity_SB": 70, "Demon of Dark Schemes_SB": 680, "Harvester of Misery_SB": 1275, "Progenitor Mimic_SB": 2125, "Ruric Thar, the Unbowed_SB": 2339, "Sire of Insanity_SB": 2526, "Valki, God of Lies_SB": 3072, "Castle Ardenvale": 412, "Castle Vantress": 417, "Dovin's Veto": 756, "Farewell": 957, "Meticulous Archive": 1778, "Shark Typhoon": 2462, "Supreme Verdict": 2723, "Teferi, Hero of Dominaria": 2778, "Temporary Lockdown": 2794, "Three Steps Ahead": 2892, "Beza, the Bounding Spring_SB": 224, "Leyline of Sanctity_SB": 1631, "Sanctuary Warden": 2355, "Censor": 449, "Defabricate": 668, "Horned Loch-Whale": 1349, "Rewind": 2278, "Settle the Wreckage": 2447, "Strict Proctor": 2688, "Thespian's Stage": 2862, "Dragonlord Dromoka_SB": 765, "Dream Trawler_SB": 784, "Withering Torment": 3216, "Lion Sash": 1664, "Archon of Absolution_SB": 115, "Garruk's Harbinger_SB": 1092, "Sandstalker Moloch_SB": 2357, "Bala Ged Recovery": 176, "Dark Petition": 625, "Emergent Ultimatum": 863, "Fae of Wishes": 942, "Hidden Strings": 1322, "Impulse": 1387, "Lier, Disciple of the Drowned": 1636, "Nine Lives": 1896, "Omniscience": 1965, "Pore Over the Pages": 2099, "Soul Partition": 2590, "Sylvan Scrying": 2747, "Vizier of Tumbling Sands": 3114, "Approach of the Second Sun_SB": 93, "Emergent Ultimatum_SB": 864, "Nine Lives_SB": 1897, "Silence_SB": 2506, "Soul Partition_SB": 2591, "Sphinx of the Final Word_SB": 2618, "Nahiri, the Unforgiving": 1861, "Extract the Truth_SB": 928, "Skysovereign, Consul Flagship_SB": 2546, "The End_SB": 2828, "Heartless Act_SB": 1297, "Brutal Cathar": 355, "Dauntless Bodyguard": 630, "Darksteel Citadel": 629, "Diamond Pick-Axe": 715, "Ensoul Artifact": 882, "Gleaming Geardrake": 1154, "Shadowspear": 2452, "Shrapnel Blast": 2495, "Spyglass Siren": 2645, "Thundering Falls": 2902, "Zoetic Glyph": 3270, "Stubborn Denial_SB": 2693, "Furnace Reins_SB": 1081, "Pawpatch Formation_SB": 2043, "Cache Grab": 378, "Darkbore Pathway": 627, "Experimental Confectioner": 920, "Gilded Goose": 1140, "Insidious Roots": 1410, "Priest of Forgotten Gods": 2115, "Trail of Crumbs": 2948, "Tyvar, Jubilant Brawler": 2994, "Agatha's Soul Cauldron_SB": 39, "Change the Equation": 469, "Narset, Parter of Veils": 1867, "The Celestus": 2824, "Divine Smite_SB": 740, "Shark Typhoon_SB": 2463, "Elspeth, Sun's Champion": 851, "Irrigated Farmland": 1442, "Blade of the Oni_SB": 242, "Young Pyromancer_SB": 3255, "Charge Through": 473, "Chord of Calling": 483, "Delney, Streetwise Lookout": 675, "Fight as One": 1001, "Gods Willing": 1202, "Illuminator Virtuoso": 1377, "Leonin Lightscribe": 1621, "March of Burgeoning Life": 1728, "Overgrown Farmland": 1999, "Season of Growth": 2412, "Tamiyo's Safekeeping": 2760, "Unwanted Remake": 3047, "Venerated Rotpriest": 3093, "Warriors' Lesson": 3163, "Collected Company_SB": 518, "Deafening Silence_SB": 648, "Moon-Blessed Cleric_SB": 1827, "Silverfur Partisan_SB": 2515, "Thalia, Heretic Cathar_SB": 2814, "Marvin, Murderous Mimic": 1740, "Skewer the Critics": 2530, "Spikefield Hazard": 2624, "Kari Zev's Expertise_SB": 1497, "Redcap Melee_SB": 2224, "Screaming Nemesis_SB": 2398, "Weathered Runestone_SB": 3175, "Liliana, Death's Majesty": 1656, "Valgavoth, Terror Eater": 3068, "Atraxa, Grand Unifier_SB": 148, "Unholy Annex // Ritual Chamber_SB": 3027, "Esika's Chariot": 897, "Grisly Salvage": 1234, "Liliana of the Veil": 1654, "Raffine's Informant": 2160, "Sorin, Vengeful Bloodlord": 2588, "Rockface Village": 2310, "Unlucky Witness": 3036, "Aetherflux Reservoir": 29, "Cathartic Pyre": 424, "Dig Through Time": 718, "Aetherflux Reservoir_SB": 30, "Boseiju, Who Endures_SB": 313, "Dig Through Time_SB": 719, "Elder Gargaroth_SB": 831, "Grand Abolisher_SB": 1217, "Can't Stay Away": 390, "Grand Abolisher": 1216, "Traverse the Ulvenwald": 2958, "Witherbloom Command": 3214, "Behold the Beyond": 215, "Chandra, Hope's Beacon": 464, "Hedge Maze": 1298, "Portent Tracker": 2107, "Temple of Mystery": 2788, "Narset's Reversal_SB": 1865, "Sunfall_SB": 2710, "Tear Asunder_SB": 2774, "Bishop of Wings": 229, "Giada, Font of Hope": 1125, "Inspiring Overseer": 1413, "Kayla's Reconstruction": 1515, "Leyline of Hope": 1627, "Metropolis Reformer": 1779, "Resplendent Angel": 2257, "Righteous Valkyrie": 2285, "Surge of Salvation": 2726, "Dawn's Truce_SB": 633, "Settle the Wreckage_SB": 2448, "Geier Reach Sanitarium": 1105, "Kaheera, the Orphanguard_SB": 1481, "Noxious Grasp_SB": 1925, "Ancient Cornucopia": 66, "Dragonskull Summit": 766, "Drowned Catacomb": 797, "Hinterland Harbor": 1331, "Isolated Chapel": 1447, "Rootbound Crag": 2318, "Deafening Clarion_SB": 647, "Kambal, Profiteering Mayor_SB": 1492, "Klothys, God of Destiny_SB": 1548, "Lightning Helix_SB": 1649, "Scorching Dragonfire_SB": 2384, "Hostile Investigator": 1354, "Chandra, Torch of Defiance_SB": 468, "Restless Cottage": 2263, "Glissa Sunslayer_SB": 1160, "Mogis, God of Slaughter_SB": 1813, "Outland Liberator_SB": 1993, "Bedevil": 213, "Eldritch Evolution": 835, "Gala Greeters": 1085, "Jinnie Fay, Jetmir's Second": 1471, "Woodland Cemetery": 3227, "Act of Treason_SB": 15, "Claim the Firstborn_SB": 500, "Heroic Intervention_SB": 1317, "Deadly Cover-Up": 643, "Shambling Vent": 2458, "Blood Baron of Vizkopa_SB": 260, "Chrome Host Seedshark_SB": 486, "Farewell_SB": 958, "Blast Zone": 245, "Split Up": 2636, "Consecrate // Consume_SB": 550, "Elspeth's Smite_SB": 849, "Summary Dismissal_SB": 2703, "Urabrask's Forge": 3052, "Shapers' Sanctuary_SB": 2459, "Sprite Dragon": 2644, "Bloody Betrayal_SB": 275, "Caves of Koilos": 439, "Shattered Sanctum": 2465, "Knight of Grace_SB": 1554, "Outland Liberator": 1992, "Bloodsoaked Champion": 271, "Dire Tactics": 723, "Evolved Sleeper": 908, "General Kudro of Drannith": 1108, "Jirina, Dauntless General": 1472, "Kytheon, Hero of Akros": 1594, "Thalia, Heretic Cathar": 2813, "Tomik, Wielder of Law": 2930, "Sorin, Vengeful Bloodlord_SB": 2589, "Archfiend of the Dross_SB": 113, "Flicker of Fate": 1022, "Overlord of the Mistmoors": 2008, "Heliod's Intervention_SB": 1302, "Kroxa, Titan of Death's Hunger_SB": 1584, "Molten Collapse_SB": 1816, "Brimaz, King of Oreskos_SB": 340, "Parting Gust_SB": 2033, "Turn Inside Out": 2978, "Entity Tracker": 884, "Burning-Tree Emissary": 369, "Flamecache Gecko": 1017, "Gev, Scaled Scorch": 1115, "Hired Claw": 1332, "Iridescent Vinelasher": 1441, "Okiba Reckoner Raid": 1953, "Reckless Bushwhacker": 2209, "Peer into the Abyss": 2048, "Sweltering Suns_SB": 2737, "Zacama, Primal Calamity_SB": 3258, "Commercial District": 537, "Silundi Vision": 2509, "Wish": 3207, "Galvanic Iteration_SB": 1088, "Lier, Disciple of the Drowned_SB": 1637, "Thespian's Stage_SB": 2863, "Up the Beanstalk_SB": 3051, "Polukranos Reborn": 2095, "Thrun, Breaker of Silence_SB": 2897, "Fires of Invention": 1010, "Kenrith, the Returned King": 1528, "Tolsimir, Friend to Wolves": 2926, "Touch the Spirit Realm": 2943, "Keruga, the Macrosage_SB": 1531, "Aloe Alchemist": 55, "Atarka's Command": 145, "Copperline Gorge": 565, "Cragcrown Pathway": 582, "Cunning Coyote": 612, "Karplusan Forest": 1500, "Reckless Stormseeker": 2214, "Destructive Revelry_SB": 707, "Pithing Needle_SB": 2085, "Loran of the Third Path": 1680, "Saheeli, Sublime Artificer_SB": 2348, "Yasharn, Implacable Earth": 3243, "Doppelgang": 754, "Lush Oasis": 1701, "Cacophony Scamp": 380, "Felonious Rage": 985, "Leyline of Resonance": 1628, "Might of the Meek": 1783, "Slickshot Show-Off_SB": 2556, "Cabaretti Courtyard": 377, "Broken Bond_SB": 349, "Cosmic Rebirth_SB": 573, "Prismari Command": 2117, "Dragonlord Dromoka": 764, "Dream Trawler": 783, "Elder Gargaroth": 830, "Ghalta, Stampede Tyrant": 1118, "Smuggler's Surprise": 2566, "Velomachus Lorehold": 3089, "Ertai Resurrected_SB": 894, "Niv-Mizzet, Parun_SB": 1906, "Realm-Cloaked Giant_SB": 2204, "Tyrranax Rex_SB": 2992, "Voyaging Satyr_SB": 3139, "Ashen Rider": 128, "Combustible Gearhulk": 533, "Bonny Pall, Clearcutter_SB": 298, "Borborygmos Enraged_SB": 305, "Massacre Wurm_SB": 1747, "Rakdos, the Showstopper_SB": 2171, "Day's Undoing": 638, "Jwari Disruption": 1478, "Blossoming Defense": 278, "Questing Druid": 2148, "Mazemind Tome": 1757, "Mazemind Tome_SB": 1758, "End the Festivities_SB": 871, "Goblin Chainwhirler_SB": 1181, "Razorkin Needlehead_SB": 2196, "Roiling Vortex_SB": 2315, "Sunspine Lynx_SB": 2721, "Discontinuity": 724, "Surge of Righteousness_SB": 2725, "Lightning Axe_SB": 1647, "Deadly Cover-Up_SB": 644, "Neoform": 1879, "Otherworldly Gaze": 1988, "Thundertrap Trainer": 2903, "Yavimaya Coast": 3245, "Tolarian Terror_SB": 2925, "Legion Extruder": 1616, "Voltage Surge_SB": 3132, "Drown in the Loch": 796, "No One Left Behind": 1912, "Oracle of Tragedy": 1974, "Haywire Mite": 1285, "Founding the Third Path": 1055, "Hooting Mandrills": 1344, "Tasigur, the Golden Fang": 2772, "Underground Mortuary": 3017, "Witherbloom Command_SB": 3215, "Caustic Bronco": 427, "Splitskin Doll": 2638, "Lion Sash_SB": 1665, "Thalia, Guardian of Thraben_SB": 2812, "Brave the Elements": 326, "Extraction Specialist": 929, "Luminarch Aspirant": 1698, "Extraction Specialist_SB": 930, "Agent of Treachery": 40, "Thing in the Ice_SB": 2868, "Hexgold Halberd_SB": 1319, "Fracture_SB": 1061, "Go for the Throat_SB": 1175, "Collision // Colossus": 524, "Pawpatch Recruit": 2044, "Snakeskin Veil": 2568, "Cindervines_SB": 490, "Demolition Field": 679, "Elspeth's Smite": 848, "Omen of the Sea": 1960, "Lotus Field_SB": 1692, "Kalitas, Traitor of Ghet_SB": 1489, "Emeria's Call": 865, "Tyvar, the Pummeler": 2995, "Werewolf Pack Leader": 3185, "Kraul Harpooner_SB": 1574, "Vivien, Monsters' Advocate_SB": 3113, "Temporal Trespass_SB": 2793, "Declaration in Stone": 660, "Devouring Light_SB": 711, "Languish_SB": 1598, "Arabella, Abandoned Doll": 95, "Blot Out_SB": 281, "Yorion, Sky Nomad": 3248, "Slip Out the Back": 2557, "Access Tunnel": 11, "Shakedown Heavy": 2455, "Kellan, Inquisitive Prodigy": 1523, "Restless Vinestalk": 2270, "Scavenger Grounds": 2376, "Welcoming Vampire": 3181, "Llanowar Wastes": 1672, "Vinereap Mentor": 3101, "Mountain_SB": 1837, "Reclamation Sage_SB": 2219, "Zurgo Bellstriker": 3277, "Royal Treatment_SB": 2326, "Colossal Skyturtle": 527, "Fog": 1034, "Joint Exploration": 1474, "Realm-Cloaked Giant": 2203, "Sweltering Suns": 2736, "Fog_SB": 1035, "Necromentia_SB": 1873, "Experimental Synthesizer": 922, "Screaming Nemesis": 2397, "Case of the Crimson Pulse_SB": 403, "Obosh, the Preypiercer_SB": 1942, "Unchained Berserker_SB": 3011, "Cling to Dust_SB": 511, "Zareth San, the Trickster_SB": 3263, "Annihilating Glare": 81, "Charred Foyer && Warped Space_SB": 476, "Dreadmaw's Ire_SB": 780, "Obliterating Bolt_SB": 1940, "Beanstalk Giant": 209, "Clever Impersonator": 506, "Greater Tanuki": 1228, "Quintorius Kand": 2154, "Spark Double": 2604, "Trumpeting Carnosaur": 2974, "Virtue of Persistence": 3106, "Bedeck // Bedazzle_SB": 212, "Consign // Oblivion_SB": 553, "Gyruda, Doom of Depths_SB": 1252, "Roaring Furnace && Steaming Sauna_SB": 2305, "Lay Down Arms": 1607, "Prairie Stream": 2111, "Teferi, Hero of Dominaria_SB": 2779, "Ashen Rider_SB": 129, "Carnage Tyrant_SB": 398, "Cavern of Souls_SB": 438, "Nezahal, Primal Tide_SB": 1881, "Forge Devil_SB": 1046, "Lovestruck Beast": 1693, "Sentinel of the Nameless City": 2437, "The Akroan War": 2818, "The Huntsman's Redemption": 2835, "Annul": 82, "Voracious Hydra_SB": 3135, "Soul-Guide Lantern_SB": 2595, "Obliterating Bolt": 1939, "Phyrexian Dragon Engine": 2067, "The Akroan War_SB": 2819, "Ritual of Soot_SB": 2298, "Callous Bloodmage": 385, "Linvala, the Preserver": 1662, "Search for Azcanta": 2407, "Selfless Spirit_SB": 2435, "Azor, the Lawbringer": 166, "Aven Mindcensor_SB": 161, "Noxious Gearhulk_SB": 1924, "Hallowed Moonlight": 1258, "Dust Animus_SB": 809, "Battle Cry Goblin": 204, "Call of the Death-Dweller": 384, "Conspicuous Snoop": 554, "Goblin Chainwhirler": 1180, "Rundvelt Hordemaster": 2333, "Skirk Prospector": 2531, "Reckless Bushwhacker_SB": 2210, "Blind Obedience": 256, "Caretaker's Talent": 395, "Carrot Cake": 399, "Collector's Vault": 523, "Authority of the Consuls_SB": 157, "Boros Charm": 306, "Lightning Strike": 1651, "Exquisite Firecraft_SB": 924, "Scorching Shot_SB": 2386, "Searing Blood_SB": 2409, "Wear // Tear_SB": 3173, "Spirit of the Labyrinth_SB": 2631, "Gifted Aetherborn": 1138, "March of Wretched Sorrow": 1733, "Scourge of the Skyclaves": 2389, "Gifted Aetherborn_SB": 1139, "Torrential Gearhulk": 2941, "Tormod's Crypt_SB": 2939, "Twinferno_SB": 2983, "Deathcap Glade": 650, "Glissa Sunslayer": 1159, "Innkeeper's Talent": 1400, "Mosswood Dreadknight": 1834, "Murderous Rider": 1847, "Path of Peril": 2037, "Preacher of the Schism": 2112, "Sorin the Mirthless": 2586, "Vraska, Betrayal's Sting": 3141, "Prowling Serpopard_SB": 2134, "Case of the Filched Falcon": 404, "Abhorrent Oculus_SB": 2, "Chandra, Dressed to Kill": 462, "Eidolon of the Great Revel": 826, "Magebane Lizard": 1712, "Rampaging Ferocidon": 2182, "Razorkin Needlehead": 2195, "Torbran, Thane of Red Fell": 2933, "Leyline of Combustion_SB": 1626, "Quick Study": 2150, "Leyline of Combustion": 1625, "Ojer Axonil, Deepest Might": 1951, "Test of Talents_SB": 2807, "Faerie Mastermind_SB": 946, "Jace, Vryn's Prodigy": 1458, "Jace, Wielder of Mysteries_SB": 1460, "Retraction Helix_SB": 2272, "Commune with Dinosaurs": 540, "Ghalta, Primal Hunger": 1116, "Hulking Raptor": 1360, "Itzquinth, Firstborn of Gishath": 1448, "Marauding Raptor": 1727, "Otepec Huntmaster": 1987, "Pugnacious Hammerskull": 2136, "Rampaging Raptor": 2184, "Ripjaw Raptor": 2288, "Rockfall Vale": 2312, "Infernal Grasp_SB": 1395, "Chandra, Torch of Defiance": 467, "Heroic Reinforcements": 1318, "Monastery Mentor": 1819, "Snow-Covered Mountain": 2573, "Stormchaser's Talent": 2676, "Sundown Pass": 2708, "Third Path Iconoclast": 2870, "Doorkeeper Thrull_SB": 753, "Calamity, Galloping Inferno": 382, "Clifftop Retreat": 509, "Indomitable Creativity": 1390, "Valakut Awakening": 3064, "Vaultborn Tyrant": 3087, "Portal to Phyrexia_SB": 2106, "Defiler of Vigor": 671, "Garruk, Unleashed": 1095, "Garruk's Uprising": 1093, "Gemrazer": 1107, "Hardened Scales": 1269, "Ornery Tumblewagg": 1977, "Questing Beast": 2146, "Railway Brawler": 2163, "Ranger Class": 2186, "The Great Henge": 2833, "The Skullspore Nexus": 2852, "Yorvo, Lord of Garenbrig": 3250, "Destiny Spinner_SB": 704, "Ram Through_SB": 2179, "Bontu's Last Reckoning_SB": 299, "Legion's End_SB": 1619, "Vein Ripper": 3088, "Harness by Force_SB": 1272, "Nowhere to Run_SB": 1922, "Raze the Effigy_SB": 2194, "Calix, Guided by Fate": 383, "Generous Visitor": 1109, "Jukai Naturalist": 1476, "Optimistic Scavenger": 1972, "Shardmage's Rescue": 2460, "Spirited Companion": 2633, "Unflinching Courage": 3023, "Valgavoth's Lair": 3066, "Weaver of Harmony": 3176, "Bubble Smuggler": 357, "Growing Dread": 1235, "Hauntwoods Shrieker": 1284, "Long Goodbye": 1675, "Paranormal Analyst": 2030, "Vannifar, Evolved Enigma": 3084, "Questing Beast_SB": 2147, "Atsushi, the Blazing Sky": 149, "Bonehoard Dracosaur": 296, "Dragon Tempest": 761, "Grafdigger's Cage": 1214, "Invasion of Tarkir": 1433, "Manaform Hellkite": 1722, "Reckless Impulse": 2211, "Shatterskull Smashing": 2466, "Wrenn's Resolve": 3236, "Fry_SB": 1075, "Sorcerous Spyglass_SB": 2585, "Tears of Valakut_SB": 2775, "Bushy Bodyguard": 375, "Camellia, the Seedmiser": 388, "Feed the Cycle": 977, "Giant Opportunity": 1130, "Hollow Scavenger": 1338, "Honored Dreyleader": 1342, "Ifnir Deadlands": 1373, "Tear Asunder": 2773, "Valley Rotcaller": 3075, "Wicked Wolf": 3192, "Cruelclaw's Heist_SB": 596, "Overprotect_SB": 2010, "Vivien Reid_SB": 3110, "Arasta of the Endless Web_SB": 99, "Monstrous Emergence_SB": 1822, "Aclazotz, Deepest Betrayal": 13, "Bandit's Talent": 182, "Go Blank": 1171, "Waste Not": 3165, "Change the Equation_SB": 470, "Day's Undoing_SB": 639, "Hallowed Moonlight_SB": 1259, "Royal Treatment": 2325, "Burning Anger": 365, "Colossification": 529, "Grapple with the Past": 1219, "Storm Herald": 2673, "Tamiyo's Safekeeping_SB": 2761, "Commencement of Festivities": 536, "Defend the Hearth": 669, "Growth Spiral": 1236, "Sphinx's Tutelage": 2621, "Sultai Charm": 2701, "Winds of Qal Sisma": 3204, "Folio of Fancies_SB": 1036, "Sultai Charm_SB": 2702, "Armed and Armored": 123, "Consulate Dreadnought": 555, "Giant Ox": 1131, "Hotshot Mechanic": 1356, "Ingenious Smith": 1399, "Mech Hangar": 1760, "Sram, Senior Edificer": 2649, "Surgehacker Mech": 2728, "Toolcraft Exemplar": 2931, "Unidentified Hovership": 3028, "Unlicensed Hearse": 3033, "Goldvein Hydra": 1204, "Turntimber Symbiosis": 2981, "Vivien, Arkbow Ranger": 3111, "Archdruid's Charm_SB": 109, "Cemetery Prowler_SB": 447, "Goldvein Hydra_SB": 1205, "Tail Swipe_SB": 2752, "Xander's Lounge": 3238, "Lukka, Coppercoat Outcast": 1696, "Seed of Hope": 2421, "Mox Amber_SB": 1839, "Stern Dismissal": 2664, "Kaya, Spirits' Justice_SB": 1514, "Voice of Resurgence_SB": 3117, "Ral, Crackling Wit_SB": 2174, "Professor's Warning": 2120, "Enduring Courage": 873, "Reflector Mage": 2227, "Ashiok, Nightmare Muse": 133, "Commit // Memory_SB": 539, "Long Goodbye_SB": 1676, "Murderous Cut_SB": 1846, "Soaring Thought-Thief": 2576, "Thieves' Guild Enforcer": 2865, "Baral, Chief of Compliance": 194, "Niv-Mizzet, Parun": 1905, "Adanto Vanguard": 16, "Crumb and Get It": 597, "Defiant Strike": 670, "Favored Hoplite": 965, "Sejiri Shelter": 2428, "Adanto Vanguard_SB": 17, "Crumb and Get It_SB": 598, "Jirina, Dauntless General_SB": 1473, "Invigorated Rampage": 1436, "Blossoming Defense_SB": 279, "Rakdos Joins Up": 2168, "Deification": 674, "Doomskar": 751, "Elspeth Resplendent": 847, "Gideon Blackblade": 1132, "Gideon of the Trials": 1133, "Gideon's Triumph": 1134, "Oath of Kaya": 1934, "The Birth of Meletis": 2822, "Urza's Sylex": 3059, "Yahenni's Expertise": 3242, "Sunset Revelry_SB": 2718, "Empyrean Eagle": 866, "Hanged Executioner": 1264, "Rally of Wings": 2176, "Selfless Spirit": 2434, "Skycat Sovereign": 2537, "Topplegeist": 2932, "Watcher of the Spheres": 3169, "Errant and Giada_SB": 892, "Patch Up_SB": 2034, "Remorseful Cleric_SB": 2243, "Dictate of Kruphix": 716, "Ertai Resurrected": 893, "Notion Thief": 1918, "Slitherwisp": 2559, "Blacklance Paragon_SB": 238, "Cunning Nightbonder_SB": 614, "Adult Gold Dragon": 22, "Deep-Cavern Bat": 663, "Soulflayer": 2598, "Striped Riverwinder": 2690, "Urborg Scavengers": 3055, "Zetalpa, Primal Dawn": 3266, "Savage Summoning_SB": 2365, "The Meathook Massacre": 2839, "Shadowspear_SB": 2453, "Innkeeper's Talent_SB": 1401, "Embercleave": 860, "Exuberant Fuseling": 931, "Foundry Street Denizen": 1056, "Frenzied Goblin": 1069, "Goblin Piledriver": 1187, "Goblin Rabblemaster": 1188, "Legion Loyalist": 1618, "Dewdrop Cure_SB": 714, "Requisition Raid_SB": 2254, "Torpor Orb_SB": 2940, "Colossus Hammer": 530, "Fireblade Charger": 1008, "Kellan, the Fae-Blooded": 1525, "Kemba, Kha Enduring": 1526, "Open the Armory": 1967, "Resolute Strike": 2256, "Sigarda's Aid": 2502, "Snow-Covered Plains": 2574, "Thud": 2898, "Light of Hope_SB": 1644, "Loran's Escape_SB": 1683, "Thud_SB": 2899, "Mystic Monastery": 1852, "Warrant // Warden": 3162, "Reduce // Rubble_SB": 2226, "Rockface Village_SB": 2311, "Adeline, Resplendent Cathar_SB": 20, "Jadar, Ghoulcaller of Nephalia_SB": 1462, "Otawara, Soaring City_SB": 1986, "Bloodchief's Thirst": 266, "Hazoret the Fervent": 1287, "Questing Druid_SB": 2149, "Angrath's Rampage_SB": 74, "Selfless Glyphweaver": 2430, "Temple of Epiphany": 2785, "Anger of the Gods": 72, "Careful Cultivation": 394, "Courier's Briefcase": 576, "Flip the Switch": 1025, "Get Out": 1113, "Secrets of the Key": 2417, "Kari Zev, Skyship Raider": 1498, "Shadowy Backstreet": 2454, "Azure Beastbinder": 170, "Bounding Krasis": 319, "Decimator of the Provinces": 659, "Elder Deep-Fiend": 829, "Fierce Empath": 995, "Keen-Eyed Curator": 1520, "Nissa, Vastwood Seer": 1902, "Reclamation Sage": 2218, "Rishkar, Peema Renegade": 2293, "Tishana's Tidebinder": 2914, "Keen-Eyed Curator_SB": 1521, "Skylasher_SB": 2543, "Archangel Elspeth_SB": 106, "Nighthawk Scavenger_SB": 1890, "Kalitas, Traitor of Ghet": 1488, "Languish": 1597, "Bandit's Talent_SB": 183, "Demilich": 677, "Metamorphic Alteration_SB": 1777, "Wild Slash": 3195, "Chromanticore": 484, "Cragplate Baloth": 583, "Oketra the True": 1952, "Stitcher's Supplier": 2667, "Collective Brutality_SB": 520, "Murderous Rider_SB": 1848, "Tarrian's Journal": 2770, "Dreams of Steel and Oil_SB": 788, "The Cruelty of Gix": 2825, "Rush of Adrenaline": 2340, "Ulcerate_SB": 3001, "Epic Downfall_SB": 888, "Phyrexian Fleshgorger": 2068, "Phyrexian Fleshgorger_SB": 2069, "Silverquill Silencer": 2517, "Authority of the Consuls": 156, "Cave of the Frost Dragon": 435, "Ossification": 1982, "Reidane, God of the Worthy": 2236, "Dreams of Steel and Oil": 787, "Zacama, Primal Calamity": 3257, "March of Swirling Mist_SB": 1732, "Velomachus Lorehold_SB": 3090, "Overlord of the Boilerbilges_SB": 2005, "Deep-Cavern Bat_SB": 664, "Titan of Industry_SB": 2917, "Kick in the Door": 1536, "Violent Urge": 3102, "Lithomantic Barrage_SB": 1667, "Charred Foyer // Warped Space_SB": 477, "Cosmic Rebirth": 572, "Escape to the Wilds": 896, "Risen Reef": 2292, "Doomskar_SB": 752, "Kenrith, the Returned King_SB": 1529, "Wolfwillow Haven": 3224, "Forest_SB": 1045, "All That Glitters": 53, "Aqueous Form": 94, "Audacity": 152, "Combat Research": 532, "Ethereal Armor": 906, "Gladecover Scout": 1147, "Kaya's Ghostform": 1507, "Light-Paws, Emperor's Voice": 1645, "Stubborn Denial": 2692, "Toadstool Admirer": 2921, "Break the Spell_SB": 331, "Slip Out the Back_SB": 2558, "Warbriar Blessing_SB": 3155, "Bond of Insight": 290, "Lightning Strike_SB": 1652, "Lyra Dawnbringer_SB": 1703, "Depopulate_SB": 693, "Welcoming Vampire_SB": 3182, "Deflecting Palm_SB": 673, "Akroan Crusader": 50, "Clever Lumimancer": 507, "Expedite": 914, "Gods Willing_SB": 1203, "Smash to Smithereens_SB": 2561, "Showdown of the Skalds_SB": 2494, "Unable to Scream": 3007, "Dreadhorde Invasion": 777, "Obzedat, Ghost Council": 1946, "Pest Control_SB": 2057, "Silver Raven": 2510, "Yasharn, Implacable Earth_SB": 3244, "Eat to Extinction_SB": 814, "Realmwalker": 2205, "Charming Prince": 474, "Ajani, Sleeper Agent_SB": 46, "Scrapshooter": 2393, "Kenrith's Transformation_SB": 1527, "Wolfwillow Haven_SB": 3225, "Filter Out_SB": 1004, "Nahiri, the Harbinger_SB": 1860, "Bonecrusher Giant_SB": 295, "Fiery Temper": 999, "Hollow One": 1337, "Insolent Neonate": 1411, "Ovalchase Daredevil": 1997, "Scrapheap Scrounger": 2392, "Alpine Moon_SB": 58, "Improbable Alliance_SB": 1386, "Hushbringer_SB": 1365, "Agadeem's Awakening": 36, "Exorcise_SB": 912, "Clockwork Percussionist": 512, "Atarka's Command_SB": 146, "Big Score": 225, "Dwarven Mine": 810, "Gideon, Ally of Zendikar": 1136, "Worldspine Wurm_SB": 3232, "Xenagos, God of Revels_SB": 3240, "Homestead Courage": 1340, "Shardmage's Rescue_SB": 2461, "Gryff's Boon": 1242, "Skrelv, Defector Mite": 2534, "Staggering Insight": 2651, "Natural State_SB": 1870, "Snow-Covered Swamp": 2575, "Perilous Voyage_SB": 2054, "Voyaging Satyr": 3138, "Discontinuity_SB": 725, "Hostile Hostel": 1353, "Ulamog, the Ceaseless Hunger_SB": 3000, "Virtue of Loyalty_SB": 3105, "Katilda, Dawnhart Martyr": 1502, "Katilda, Dawnhart Martyr_SB": 1503, "Devout Decree_SB": 712, "Cemetery Desecrator": 443, "Cruelclaw's Heist": 595, "Escape Tunnel": 895, "Insatiable Avarice_SB": 1405, "Malicious Eclipse_SB": 1720, "The End": 2827, "Cathar Commando": 421, "Tenacious Underdog": 2797, "Rush of Dread_SB": 2342, "The Kenriths' Royal Funeral_SB": 2838, "Coordinated Assault": 562, "The Wandering Rescuer": 2858, "Breaking // Entering": 332, "Fraying Sanity": 1067, "Jace, the Perfected Mind": 1461, "Maddening Cacophony": 1706, "Soul-Guide Lantern": 2594, "Tasha's Hideous Laughter": 2771, "Come Back Wrong_SB": 534, "Rite of the Moth": 2296, "Valgavoth's Faithful": 3065, "Ashiok, Dream Render": 131, "Bonebind Orator": 293, "Crashing Drawbridge": 587, "Deathrite Shaman": 654, "Fiend Artisan": 994, "Moss-Pit Skeleton": 1832, "Osteomancer Adept": 1984, "Rubblebelt Maverick": 2328, "Shigeki, Jukai Visionary": 2479, "Snarling Gorehound": 2570, "Squirming Emergence": 2648, "Unstoppable Slasher_SB": 3041, "Assimilation Aegis": 144, "Candy Trail": 391, "Disruption Protocol": 732, "Dusk Rose Reliquary": 806, "Fomori Vault": 1037, "Golos, Tireless Pilgrim": 1208, "Inventors' Fair": 1435, "Lantern of the Lost": 1599, "Metallic Rebuke": 1773, "Moonsnare Prototype": 1830, "Prophetic Prism": 2128, "The Book of Exalted Deeds": 2823, "The Enigma Jewel": 2829, "Tyrite Sanctum": 2990, "Whir of Invention": 3188, "Citizen's Crowbar_SB": 493, "Alpha Authority": 56, "Demonic Ruckus": 684, "Hammerhand": 1261, "Sentinel's Eyes": 2439, "Cartouche of Solidarity": 400, "Leyline of Sanctity": 1630, "Warbriar Blessing": 3154, "Ygra, Eater of All_SB": 3247, "Cleansing Nova": 501, "Confounding Riddle": 548, "Coveted Falcon": 578, "Idyllic Tutor": 1372, "Rest in Peace": 2259, "Solemnity": 2580, "Palace Siege_SB": 2021, "Beseech the Mirror": 220, "Rush of Dread": 2341, "Assassin's Trophy": 140, "Nissa, Ascended Animist": 1899, "Rankle's Prank": 2187, "Repudiate // Replicate": 2250, "Thrun, Breaker of Silence": 2896, "Wrenn and Realmbreaker": 3235, "Colossal Skyturtle_SB": 528, "Song of Totentanz_SB": 2583, "Outrageous Robbery_SB": 1996, "Giant Killer_SB": 1129, "Twisted Fealty_SB": 2987, "Deploy the Gatewatch": 691, "Interplanar Beacon": 1417, "Kaya, Intangible Slayer": 1510, "Narset of the Ancient Way": 1864, "Paradise Druid": 2026, "Tamiyo, Collector of Tales": 2762, "Tamiyo, Compleated Sage": 2764, "The Eternal Wanderer": 2830, "Green Sun's Twilight": 1229, "Tyrranax Rex": 2991, "Vorinclex, Monstrous Raider": 3136, "Invasion of Ixalan_SB": 1431, "Kogla, the Titan Ape_SB": 1564, "Nullhide Ferox_SB": 1927, "Mirrorshell Crab": 1798, "Omen Hawker": 1956, "Horned Loch-Whale_SB": 1350, "Strict Proctor_SB": 2689, "Lilah, Undefeated Slickshot": 1653, "Fauna Shaman": 964, "Tishana's Tidebinder_SB": 2915, "Phyrexian Censor_SB": 2066, "Leyline of Resonance_SB": 1629, "Furnace Reins": 1080, "Bloodletter of Aclazotz_SB": 270, "Path to the World Tree": 2039, "Crackling Drake": 579, "Angrath, the Flame-Chained_SB": 75, "Nebelgast Herald": 1871, "Eidolon of Rhetoric_SB": 825, "Radiant Flames_SB": 2159, "Void Winnower_SB": 3123, "Unctus, Grand Metatect": 3013, "Feed the Swarm": 979, "Boros Charm_SB": 307, "Flowstone Infusion_SB": 1033, "Annie Joins Up": 80, "Phylath, World Sculptor": 2062, "Worldsoul's Rage": 3230, "Rotten Reunion_SB": 2320, "Liliana, the Last Hope": 1659, "Skullcrack_SB": 2536, "Virtue of Persistence_SB": 3107, "Regal Caracal": 2232, "Westvale Abbey": 3186, "Izzet Charm": 1451, "Finale of Devastation": 1006, "Kitsa, Otterball Elite": 1546, "Springleaf Drum": 2643, "Valley Floodcaller": 3073, "Wishclaw Talisman": 3208, "Altar of the Brood_SB": 62, "Kaito, Bane of Nightmares_SB": 1485, "The Scarab God": 2849, "Attack-in-the-Box": 150, "Balemurk Leech": 178, "Broodspinner": 351, "Cackling Slasher": 379, "Cathartic Parting": 423, "Coordinated Clobbering": 563, "Flesh Burrower": 1021, "Frantic Strength": 1065, "Glimmerlight": 1156, "Grasping Longneck": 1222, "Grievous Wound": 1231, "Innocuous Rat": 1402, "Leyline of the Void": 1633, "Meathook Massacre II": 1759, "Overgrown Zealot": 2001, "Saw": 2370, "Slavering Branchsnapper": 2549, "Spectral Snatcher": 2610, "Spineseeker Centipede": 2625, "Sporogenic Infection": 2641, "Strangled Cemetery": 2684, "Terramorphic Expanse": 2801, "Twitching Doll": 2988, "Wary Watchdog": 3164, "Winter, Misanthropic Guide": 3206, "Conductive Machete_SB": 546, "Fanatic of the Harrowing_SB": 953, "Final Vengeance_SB": 1005, "Friendly Teddy_SB": 1071, "Give In to Violence_SB": 1143, "Manifest Dread_SB": 1723, "Murder_SB": 1844, "Hagra Mauling": 1253, "Selfless Glyphweaver_SB": 2431, "Tolsimir, Friend to Wolves_SB": 2927, "Elspeth, Sun's Champion_SB": 852, "Pack Rat": 2016, "Silence": 2505, "Dragonhawk, Fate's Tempest": 763, "Containment Priest": 559, "Narset, Enlightened Master_SB": 1866, "Unexpected Fangs_SB": 3022, "Starnheim Unleashed_SB": 2655, "Nylea's Intervention_SB": 1932, "Cenote Scout": 448, "Deeproot Pilgrimage": 667, "Kumena, Tyrant of Orazca": 1587, "Kumena's Speaker": 1586, "Vodalian Hexcatcher": 3115, "Tidebinder Mage_SB": 2907, "Goblin Ringleader": 1189, "Goblin Trashmaster": 1195, "Squee, Dubious Monarch": 2646, "Bloodchief's Thirst_SB": 267, "Lukka, Coppercoat Outcast_SB": 1697, "Experimental Frenzy_SB": 921, "Brave the Elements_SB": 327, "Bontu's Monument": 300, "Hashep Oasis": 1276, "Thought-Knot Seer": 2880, "Arlinn, the Pack's Hope_SB": 122, "Eldrazi Obligator_SB": 834, "Thought-Knot Seer_SB": 2881, "Saheeli, Sublime Artificer": 2347, "Dazzling Theater // Prop Room": 641, "Restless Bivouac": 2262, "Siege Veteran": 2500, "Warleader's Call": 3158, "Yotian Frontliner": 3251, "Aurelia, the Law Above_SB": 155, "Dwynen's Elite": 811, "Elvish Clancaller": 855, "Elvish Warmaster": 859, "Jaspera Sentinel": 1464, "Leaf-Crowned Visionary": 1611, "Secluded Courtyard": 2416, "Shaman of the Pack": 2457, "Pause for Reflection_SB": 2041, "Phyrexian Revoker_SB": 2071, "Sentinel of Lost Lore_SB": 2436, "Soulless Jailer_SB": 2599, "Hope Tender_SB": 1345, "Collective Brutality": 519, "Helping Hand": 1308, "Ferocious Werefox_SB": 986, "Detention Sphere_SB": 710, "Deeproot Elite": 666, "Forensic Researcher": 1041, "Kiora's Follower": 1538, "Kitesail Larcenist": 1542, "Merfolk Trickster": 1772, "Three Tree City": 2894, "Forensic Researcher_SB": 1042, "Kopala, Warden of Waves_SB": 1569, "Lost in the Maze_SB": 1688, "Prophet of Kruphix_SB": 2127, "Snow-Covered Forest": 2571, "Consign // Oblivion": 552, "Creative Outburst": 590, "Magma Opus": 1714, "Vanquish the Horde_SB": 3085, "Takenuma, Abandoned Mire_SB": 2755, "Barrier Breach_SB": 199, "Kazuul's Fury": 1518, "Tail Swipe": 2751, "Giant Growth": 1127, "Snakeskin Veil_SB": 2569, "Bedeck // Bedazzle": 211, "Herd Migration": 1314, "Mirrorshell Crab_SB": 1799, "Quakebringer_SB": 2145, "Drannith Ruins": 769, "Faerie Dreamthief": 943, "Spell Stutter": 2614, "Kaito, Dancing Shadow_SB": 1487, "Overlord of the Balemurk_SB": 2003, "Plumecreed Escort_SB": 2093, "Void Rend": 3121, "Wandering Mind": 3152, "Speaker of the Heavens": 2607, "Possibility Storm": 2108, "Sunset Revelry": 2717, "Blind Obedience_SB": 257, "Outlaws' Merriment_SB": 1994, "Rip Apart_SB": 2287, "Archon of Sun's Grace": 118, "Omen of the Sun": 1961, "Seal Away": 2403, "Starfall Invocation_SB": 2653, "Collateral Damage": 515, "Eidolon of the Great Revel_SB": 827, "Ratchet Bomb_SB": 2188, "Chandra, Acolyte of Flame_SB": 460, "Echoing Deeps": 816, "Ill-Timed Explosion": 1374, "Maestros Theater": 1709, "Mystic Sanctuary": 1854, "Scapeshift": 2374, "Splendid Reclamation": 2635, "The Autonomous Furnace": 2820, "The Hunter Maze": 2834, "Bushwhack": 374, "Circle of Dreams Druid": 491, "Elvish Visionary": 858, "Deathrite Shaman_SB": 655, "Cavalier of Flame": 432, "Vraska, Betrayal's Sting_SB": 3142, "Imposing Sovereign": 1384, "Sphinx's Revelation": 2619, "Tale's End": 2756, "Urza's Sylex_SB": 3060, "Chandra, Acolyte of Flame": 459, "Exquisite Firecraft": 923, "Gruul Charm": 1238, "Regal Caracal_SB": 2233, "Braids, Arisen Nightmare": 321, "Disturbing Mirth": 735, "Hopeless Nightmare": 1348, "Spiteful Hexmage": 2634, "Treacherous Blessing": 2959, "Haunted Ridge_SB": 1283, "Giant Killer": 1128, "Basri Ket_SB": 201, "Unwanted Remake_SB": 3048, "Lazav, the Multifarious": 1609, "Nashi, Searcher in the Dark": 1869, "Slogurk, the Overslime": 2560, "Roaring Furnace // Steaming Sauna_SB": 2307, "Not on My Watch_SB": 1917, "Holy Cow": 1339, "Archangel of Tithes_SB": 107, "Conclave Tribunal_SB": 545, "Metropolis Reformer_SB": 1780, "Shalai, Voice of Plenty_SB": 2456, "Get Out_SB": 1114, "Fateful Absence": 962, "Doppelgang_SB": 755, "Fanatical Offering": 956, "Vraska, Golgari Queen_SB": 3144, "Bolas's Citadel": 284, "Catacomb Sifter": 419, "Popular Egotist": 2097, "Woe Strider": 3222, "Cemetery Illuminator": 445, "Cemetery Illuminator_SB": 446, "Balmor, Battlemage Captain": 179, "Shore Up_SB": 2490, "Solemnity_SB": 2581, "Bag of Holding": 174, "Jace, Architect of Thought": 1456, "Teferi, Master of Time": 2780, "Cleansing Nova_SB": 502, "Eerie Ultimatum_SB": 821, "Inspired Ultimatum_SB": 1412, "Nicol Bolas, Dragon-God_SB": 1885, "Sarkhan the Masterless_SB": 2361, "Soul Search_SB": 2592, "Thief of Sanity_SB": 2864, "Botanical Brawler": 314, "Bristly Bill, Spine Sower": 347, "Conclave Mentor": 544, "Kodama of the West Tree": 1560, "Ozolith, the Shattered Spire": 2014, "Stonecoil Serpent": 2672, "Urgent Necropsy": 3057, "Archangel Avacyn_SB": 104, "Boon-Bringer Valkyrie_SB": 304, "Wrenn's Resolve_SB": 3237, "Jace Reawakened": 1453, "Rabid Gnaw": 2157, "Shock": 2485, "Strangle": 2682, "Kazandu Mammoth": 1517, "Rottenmouth Viper": 2321, "Azorius Charm": 168, "Scavenger Grounds_SB": 2377, "Approach of the Second Sun": 92, "Fortified Beachhead": 1048, "Vraska, Golgari Queen": 3143, "Fortified Village": 1049, "Nightveil Predator": 1891, "Rhonas the Indomitable": 2279, "Samut, Voice of Dissent": 2354, "Depopulate": 692, "The Scorpion God_SB": 2851, "The Cruelty of Gix_SB": 2826, "Painful Truths_SB": 2019, "Consuming Tide_SB": 557, "Tocasia's Welcome_SB": 2923, "Maximize Velocity_SB": 1754, "Field of Ruin_SB": 993, "Eidolon of Blossoms": 823, "Citywide Bust_SB": 496, "Tyvar, the Pummeler_SB": 2996, "Rhonas the Indomitable_SB": 2280, "Whisperwood Elemental_SB": 3190, "Blazemire Verge_SB": 248, "Bond of Revival": 291, "Hoarding Broodlord_SB": 1335, "Sea Gate Restoration": 2400, "Enduring Vitality": 879, "Kona, Rescue Beastie": 1568, "Portal to Phyrexia": 2105, "Selfless Savior": 2432, "Seraphic Steed": 2440, "Survivors' Encampment": 2732, "The Restoration of Eiganjo": 2847, "Kutzil, Malamet Exemplar_SB": 1592, "Selfless Savior_SB": 2433, "Despark_SB": 699, "Elesh Norn_SB": 843, "Zoyowa Lava-Tongue": 3274, "Exuberant Fuseling_SB": 932, "Squee, Dubious Monarch_SB": 2647, "Pest Control": 2056, "Restless Fortress": 2264, "Kaya, Intangible Slayer_SB": 1511, "Kaya, Orzhov Usurper_SB": 1513, "Renounce the Guilds_SB": 2248, "Duelist of the Mind": 801, "Steamcore Scholar": 2660, "Enduring Bondwarden": 872, "Hangarback Walker": 1262, "Quirion Beastcaller": 2155, "Bolas's Citadel_SB": 285, "Catacomb Sifter_SB": 420, "Popular Egotist_SB": 2098, "Prosperous Innkeeper_SB": 2130, "Woe Strider_SB": 3223, "Elvish Archivist_SB": 854, "Orazca Puzzle-Door": 1975, "Monastery Mentor_SB": 1820, "Ugin, the Spirit Dragon_SB": 2998, "Fblthp, the Lost": 966, "Teshar, Ancestor's Apostle": 2806, "Shoot the Sheriff_SB": 2488, "Armored Scrapgorger": 125, "Eldrazi Displacer": 832, "Loran's Escape": 1682, "Blessed Defiance_SB": 254, "Viashino Pyromancer": 3098, "Dawnbringer Cleric_SB": 635, "Den of the Bugbear_SB": 688, "Dispel_SB": 730, "Kitesail Larcenist_SB": 1543, "Suncleanser_SB": 2705, "Lofty Denial": 1673, "Debt to the Kami": 656, "Debt to the Kami_SB": 657, "Release to the Wind": 2238, "Status // Statue_SB": 2657, "Angelfire Ignition": 71, "Tenth District Legionnaire": 2799, "Steel Seraph_SB": 2663, "Izoni, Center of the Web": 1450, "Silent Gravestone_SB": 2507, "Blot Out": 280, "Lively Dirge": 1668, "Renegade Rallier": 2246, "Play with Fire_SB": 2089, "Drag to the Roots": 760, "Zoraline, Cosmos Caller": 3273, "Castle Locthwain_SB": 416, "Edgar, Charmed Groom_SB": 818, "Golgari Charm_SB": 1206, "Gates of Istfell": 1100, "Fateful Absence_SB": 963, "No More Lies_SB": 1911, "Korvold, Fae-Cursed King": 1570, "Guardian of Faith": 1243, "Phyrexian Vindicator_SB": 2072, "Kozilek's Return_SB": 1573, "Alchemist's Gambit": 51, "Intrepid Adversary": 1425, "Experiment One": 917, "Unclaimed Territory": 3012, "Cyclonic Rift": 622, "Rona's Vortex": 2316, "Curse of Silence_SB": 618, "Nighthawk Scavenger": 1889, "Gyruda, Doom of Depths": 1251, "Cease // Desist_SB": 441, "Case of the Gateway Express_SB": 406, "Cityscape Leveler": 494, "Hidden Necropolis": 1320, "Temple of Malady": 2786, "Temple of Malice": 2787, "Untimely Malfunction": 3045, "Koma, Cosmos Serpent_SB": 1567, "Memory Deluge_SB": 1765, "Brimaz, King of Oreskos": 339, "Collector's Cage": 522, "Warping Wail_SB": 3161, "Kitnap": 1544, "Forsaken Miner": 1047, "Undead Sprinter": 3014, "Chandra, Dressed to Kill_SB": 463, "Bloodtithe Collector": 273, "Goddric, Cloaked Reveler": 1200, "Bonders' Enclave": 292, "Nicol Bolas, Dragon-God": 1884, "Vampires' Vengeance_SB": 3080, "Blood Crypt_SB": 262, "Break Out": 330, "Evolving Adaptive": 909, "Pelt Collector": 2051, "Voltaic Brawler": 3133, "Wildfire Wickerfolk": 3197, "Embercleave_SB": 861, "Vengeful Possession_SB": 3095, "Ingenious Prodigy": 1398, "Glarb, Calamity's Augur_SB": 1150, "Tomik, Distinguished Advokist_SB": 2929, "Pick Your Poison": 2074, "Bamboo Grove Archer_SB": 181, "Sunken Citadel_SB": 2713, "Mastermind's Acquisition_SB": 1750, "Season of the Burrow_SB": 2413, "Spinner of Souls": 2627, "Abyssal Harvester": 8, "Zur, Eternal Schemer_SB": 3276, "Burst Lightning": 372, "Blast Zone_SB": 246, "Lantern of the Lost_SB": 1600, "Scab-Clan Berserker_SB": 2373, "Knight-Errant of Eos_SB": 1557, "Boltwave": 286, "Elenda, Saint of Dusk": 839, "Elenda, Saint of Dusk_SB": 840, "Serra Paragon": 2441, "High Fae Trickster_SB": 1327, "Waste Not_SB": 3166, "Fervent Champion": 988, "Goblin Tomb Raider": 1193, "Leyline Axe": 1622, "Stern Dismissal_SB": 2665, "Kaito, Cunning Infiltrator": 1486, "Scrawling Crawler": 2396, "Brass Knuckles": 324, "Fabrication Foundry": 936, "Metalwork Colossus": 1775, "Simulacrum Synthesizer": 2522, "The Irencrag": 2836, "Wedding Invitation": 3180, "Metallic Rebuke_SB": 1774, "Mystic Forge_SB": 1851, "Varragoth, Bloodsky Sire": 3086, "Emrakul, the Promised End": 867, "Syr Ginger, the Meal Ender": 2748, "Slaughter Games_SB": 2548, "Saiba Cryptomancer": 2349, "Saiba Cryptomancer_SB": 2350, "Nahiri, the Unforgiving_SB": 1862, "Ajani, Sleeper Agent": 45, "Alms of the Vein": 54, "Demand Answers": 676, "Grab the Prize": 1212, "Markov Baron": 1739, "Nullpriest of Oblivion": 1928, "Skullcrack": 2535, "Expedition Map": 915, "Evangel of Synthesis": 907, "Kiora, the Rising Tide": 1540, "Raffine, Scheming Seer": 2162, "Fragmentize_SB": 1062, "Void Rend_SB": 3122, "Dropkick Bomber": 794, "Searslicer Goblin": 2410, "Goblin Ringleader_SB": 1190, "Ral, Crackling Wit": 2173, "Creeping Chill": 591, "Driven // Despair": 790, "Haunted Dead": 1281, "Narcomoeba": 1863, "Prized Amalgam": 2119, "Silversmote Ghoul": 2518, "Tome Scour": 2928, "Wail of the Forgotten": 3146, "Huskburster Swarm_SB": 1367, "Tainted Indulgence": 2753, "Zombify": 3271, "Blooming Blast": 276, "Gallia of the Endless Dance": 1086, "Cemetery Gatekeeper_SB": 444, "Mission Briefing": 1805, "Not on My Watch": 1916, "Dawnbringer Cleric": 634, "Camellia, the Seedmiser_SB": 389, "Trail of Crumbs_SB": 2949, "Bulk Up": 361, "Voracious Hydra": 3134, "Hornet Queen_SB": 1351, "Cut // Ribbons": 619, "Skrelv's Hive_SB": 2533, "Halana and Alena, Partners": 1255, "Blacksmith's Talent": 239, "Herald of Eternal Dawn_SB": 1311, "Temple of Plenty": 2789, "Peer into the Abyss_SB": 2049, "The Witch's Vanity": 2860, "Day of Judgment": 636, "Liliana, Dreadhorde General": 1657, "Hanweir Battlements": 1265, "Response // Resurgence_SB": 2258, "Scorn-Blade Berserker": 2387, "Essence Channeler": 900, "Fountain of Renewal": 1057, "Heliod, Sun-Crowned": 1303, "Hooded Blightfang": 1343, "Indulging Patrician": 1392, "Revival // Revenge": 2277, "Scoured Barrens": 2388, "Vampire of the Dire Moon": 3078, "Vito, Thorn of the Dusk Rose": 3109, "Voice of the Blessed": 3120, "Deathmark_SB": 652, "Tinybones, Bauble Burglar": 2911, "Lava Axe_SB": 1602, "Skrelv's Hive": 2532, "Flicker of Fate_SB": 1023, "Kykar, Zephyr Awakener": 1593, "Infestation Sage": 1396, "Pyroclasm": 2140, "Ill-Timed Explosion_SB": 1375, "Omnath, Locus of Creation_SB": 1964, "Scrapwork Mutt": 2395, "Tyvar's Stand": 2993, "Shadows' Verdict_SB": 2451, "Spawn of Mayhem": 2606, "Karn, Scion of Urza_SB": 1499, "Faithful Mending": 948, "Banner of Kinship": 193, "Elvish Archdruid": 853, "Citanul Stalwart": 492, "Sylvan Messenger_SB": 2744, "Joust Through_SB": 1475, "Maelstrom Pulse": 1707, "Genesis Wave": 1110, "Samut, Tyrant Smasher": 2352, "Bouncer's Beatdown_SB": 318, "Soulstone Sanctuary": 2602, "Youthful Valkyrie": 3256, "Torment of Hailfire_SB": 2936, "Drake Hatcher_SB": 767, "Curator of Destinies_SB": 615, "Blitz of the Thunder-Raptor": 258, "Long River's Pull": 1677, "Unsubstantiate": 3042, "Sugar Coat_SB": 2698, "Unsubstantiate_SB": 3043, "Imposing Sovereign_SB": 1385, "Haunted Cloak": 1280, "Swiftfoot Boots": 2738, "Dread Fugue": 771, "Flameblade Adept": 1016, "Ox of Agonas": 2012, "Lunarch Veteran": 1700, "Skyclave Cleric": 2540, "Ajani, Strength of the Pride_SB": 48, "Dusk Legion Duelist": 805, "Make Disappear_SB": 1717, "Toxrill, the Corrosive_SB": 2947, "Davriel, Rogue Shadowmage_SB": 632, "The Raven Man_SB": 2845, "Expansion // Explosion": 913, "Seasons Past": 2415, "Haughty Djinn_SB": 1279, "Charming Scoundrel": 475, "Deflecting Palm": 672, "Fallaji Vanguard": 951, "Fortune, Loyal Steed": 1050, "Furycalm Snarl": 1082, "Hellspur Posse Boss": 1306, "Panharmonicon": 2024, "Requisition Raid": 2253, "Temple of Triumph": 2791, "Terror of the Peaks": 2804, "Witty Roastmaster": 3220, "Aetherstorm Roc_SB": 33, "Anim Pakal, Thousandth Moon_SB": 79, "Chance for Glory_SB": 457, "Demonic Ruckus_SB": 685, "Impact Tremors_SB": 1382, "Bristlebud Farmer": 344, "Gruul Charm_SB": 1239, "Masked Vandal_SB": 1743, "Phyrexian Obliterator_SB": 2070, "Brass's Tunnel-Grinder": 325, "Goblin Instigator": 1183, "Raise the Past": 2164, "Chained to the Rocks_SB": 452, "Plumecreed Escort": 2092, "Icon of Ancestry_SB": 1370, "Kellan, Planar Trailblazer": 1524, "Maelstrom Pulse_SB": 1708, "Anguished Unmaking": 76, "Blessed Alliance_SB": 252, "Day of Judgment_SB": 637, "Thassa's Oracle": 2815, "Niv-Mizzet, Visionary_SB": 1909, "Mystic Repeal_SB": 1853, "Reasonable Doubt_SB": 2207, "Rottenmouth Viper_SB": 2322, "Thing in the Ice": 2867, "Witness Protection_SB": 3219, "Heaped Harvest": 1293, "Thassa, God of the Sea": 2817, "Phyrexian Arena_SB": 2064, "Hostile Investigator_SB": 1355, "Tibalt's Trickery": 2904, "Tibalt's Trickery_SB": 2905, "Slaughter Games": 2547, "Idol of Endurance": 1371, "Phyrexian Censor": 2065, "Niko Aris": 1892, "Academy Loremaster": 10, "Chainsaw": 453, "Fountainport Bell": 1059, "Glint-Nest Crane": 1158, "Hammer of Purphoros": 1260, "Scattered Groves": 2375, "Arboreal Grazer_SB": 101, "Shrapnel Blast_SB": 2496, "Sixth Sense": 2529, "Alpha Authority_SB": 57, "Triton Tactics_SB": 2970, "Blood Baron of Vizkopa": 259, "Crystal Barricade_SB": 608, "Thought Erasure": 2879, "Kaya's Ghostform_SB": 1508, "Culling Ritual": 609, "Wear Down_SB": 3174, "Spring-Loaded Sawblades": 2642, "Bala Ged Recovery_SB": 177, "Turn the Earth_SB": 2980, "Tenacious Underdog_SB": 2798, "Push // Pull": 2137, "Dowsing Device": 758, "Burst Lightning_SB": 373, "Llanowar Visionary": 1671, "Skyknight Squire": 2542, "Niv-Mizzet, Supreme_SB": 1908, "Sire of Seven Deaths": 2527, "Ajani, Caller of the Pride": 44, "Burrowguard Mentor": 371, "Dryad Militant": 799, "Fleecemane Lion": 1019, "Kutzil, Malamet Exemplar": 1591, "Melira, the Living Cure": 1762, "Wilt-Leaf Liege": 3200, "Seal Away_SB": 2404, "Bristling Backwoods": 345, "Deeproot Champion": 665, "Quirion Dryad": 2156, "Restless Ridgeline": 2267, "Temple of Abandon": 2783, "Domri's Ambush_SB": 746, "Chandra, Hope's Beacon_SB": 465, "Choked Estuary": 482, "Ego Drain": 822, "Faerie Fencing": 944, "Obyra, Dreaming Duelist": 1945, "Shineshadow Snarl": 2481, "Sleep-Cursed Faerie": 2551, "Sunken Hollow": 2714, "Talion, the Kindly Lord": 2759, "Talion's Messenger": 2758, "Twining Twins": 2984, "Crippling Fear_SB": 592, "Flashfreeze_SB": 1018, "Phantom Interference_SB": 2060, "Blessed Alliance": 251, "Builder's Talent": 358, "Worldspine Wurm": 3231, "Assemble the Legion_SB": 142, "Runed Halo_SB": 2337, "Fanatical Firebrand": 954, "Goblin Warchief": 1196, "Krenko, Mob Boss": 1579, "Betrayer's Bargain_SB": 222, "By Force_SB": 376, "Strangle_SB": 2683, "Collateral Damage_SB": 516, "Tibalt, Rakish Instigator_SB": 2906, "Indomitable Creativity_SB": 1391, "Game Trail": 1090, "Glorybringer": 1165, "Cankerbloom_SB": 392, "Balustrade Wurm": 180, "Reality Shift": 2202, "Aspect of Hydra": 138, "Hunter's Talent": 1363, "Nullhide Ferox": 1926, "Steel Leaf Champion": 2661, "Garruk's Uprising_SB": 1094, "Ghalta, Primal Hunger_SB": 1117, "Deputy of Detention": 694, "Lukka, Bound to Ruin_SB": 1695, "Heliod's Intervention": 1301, "Legion's Landing": 1620, "Maskwood Nexus": 1744, "Volatile Fault": 3124, "Herald of Eternal Dawn": 1310, "Apostle of Purifying Light_SB": 91, "Chaplain of Alms_SB": 472, "Healer's Hawk_SB": 1292, "Karametra's Blessing_SB": 1496, "Blacklance Paragon": 237, "Brineborn Cutthroat": 341, "Cast Down": 409, "Cunning Nightbonder": 613, "Power Word Kill": 2109, "Reasonable Doubt": 2206, "Sea-Dasher Octopus": 2401, "Shore Up": 2489, "Ashiok's Erasure_SB": 130, "Spectral Adversary_SB": 2608, "Crawling Barrens": 589, "Desecration Demon": 697, "Kaervek, the Punisher": 1479, "Memorial to Folly": 1763, "Ob Nixilis Reignited_SB": 1936, "Abrade": 3, "Blazing Volley": 249, "Cinderclasm": 488, "Crash Through": 586, "Death-Rattle Oni": 649, "Dismal Backwater": 729, "Electrickery": 836, "Kessig Flamebreather": 1532, "Seismic Wave": 2426, "Stolen Vitality": 2670, "Thrill of Possibility": 2895, "Tolarian Terror": 2924, "Burn Down the House_SB": 364, "Power Word Kill_SB": 2110, "Smoldering Egg_SB": 2563, "Swamp_SB": 2734, "Edgewall Inn": 819, "Edgewall Innkeeper": 820, "Foulmire Knight": 1054, "Lucky Clover": 1694, "Midnight Reaper": 1782, "Necroblossom Snarl": 1872, "Order of Midnight": 1976, "Smitten Swordmaster": 2562, "Disfigure_SB": 728, "Massacre Girl_SB": 1745, "Stormkeld Vanguard_SB": 2677, "Gray Merchant of Asphodel": 1225, "Mephitic Draught": 1769, "Tithing Blade": 2920, "Trial of Ambition": 2966, "Warlock Class": 3159, "Corpses of the Lost_SB": 569, "Doom Foretold_SB": 750, "Life of Toshiro Umezawa_SB": 1639, "Burn Down the House": 363, "Flame-Blessed Bolt": 1014, "Frostboil Snarl": 1073, "Refute": 2230, "Vampires' Vengeance": 3079, "Pelakka Wurm_SB": 2050, "Boon of the Wish-Giver": 303, "Drannith Healer": 768, "Drannith Stinger": 770, "Flourishing Fox": 1030, "Footfall Crater": 1038, "Frostveil Ambush": 1074, "Go for Blood": 1173, "Memory Leak": 1767, "Startling Development": 2656, "Valiant Rescuer": 3070, "Zenith Flare": 3264, "Enigma Drake": 880, "Ephara's Dispersal": 887, "Eroded Canyon": 891, "Essence Capture": 899, "Galvanize": 1089, "Mind Spiral": 1789, "Peculiar Lighthouse": 2047, "Pit of Offerings": 2084, "Scorching Shot": 2385, "Slick Sequence": 2554, "Winged Words": 3205, "Into the Fire_SB": 1420, "Wildfire Howl_SB": 3196, "Burn Bright": 362, "Chimney Rabble": 481, "Domri, Anarch of Bolas": 747, "Fissure Wizard": 1013, "Goblin Arsonist": 1176, "Goblin Javelineer": 1184, "Goblin Morningstar": 1185, "Goblin Trailblazer": 1194, "Grumgully, the Generous": 1237, "Heraldic Banner": 1312, "Hobgoblin Bandit Lord": 1336, "Hulking Bugbear": 1359, "Renata, Called to the Hunt": 2244, "Return of the Wildspeaker": 2274, "Rhythm of the Wild": 2281, "Subira, Tulzidi Caravanner": 2694, "You See a Pair of Goblins": 3253, "Krenko, Mob Boss_SB": 1580, "Krenko, Tin Street Kingpin_SB": 1581, "Banishing Light": 190, "Flowerfoot Swordmaster": 1032, "Mabel, Heir to Cragflame": 1704, "Seedglaive Mentor": 2422, "Short Bow": 2492, "Whiskervale Forerunner": 3189, "Abzan Charm": 9, "Deathmist Raptor": 653, "Den Protector": 686, "Mastery of the Unseen": 1751, "Sandsteppe Citadel": 2358, "Satyr Wayfinder": 2364, "Siege Rhino": 2499, "Temple of Silence": 2790, "Unyielding Gatekeeper": 3049, "Drown in Sorrow_SB": 795, "Disfigure": 727, "Gnawing Vermin": 1169, "Gossip's Talent": 1211, "Karumonix, the Rat King": 1501, "Lord Skitter, Sewer King": 1684, "Persistent Marshstalker": 2055, "Piper of the Swarm": 2083, "Shoreline Looter": 2491, "Tangled Colony": 2766, "Vren, the Relentless": 3145, "Bring the Ending_SB": 342, "Pile On_SB": 2078, "Tangled Colony_SB": 2767, "No Witnesses": 1913, "Port Town": 2100, "Temple of Enlightenment": 2784, "Jace, Architect of Thought_SB": 1457, "No Witnesses_SB": 1914, "Ayara, First of Locthwain": 165, "Brain Maggot": 322, "Erebos, Bleak-Hearted": 889, "Infernal Grasp": 1394, "Phyrexian Arena": 2063, "Underworld Dreams": 3020, "Corrupt_SB": 570, "Whack_SB": 3187, "Cinder Glade": 487, "Enter the Unknown": 883, "Mirrorwing Dragon": 1800, "Silverfur Partisan": 2514, "Young Pyromancer": 3254, "Zada, Hedron Grinder": 3259, "Temur Battle Rage_SB": 2796, "Turn Inside Out_SB": 2979, "Unnatural Moonrise_SB": 3039, "Night of the Sweets' Revenge": 1888, "Savor": 2368, "Thornvault Forager": 2877, "Tough Cookie": 2944, "Feed the Cycle_SB": 978, "Life Goes On_SB": 1638, "Savor_SB": 2369, "Abandoned Campground": 0, "Dollmaker's Shop // Porcelain Gallery": 745, "Grand Entryway // Elegant Rotunda": 1218, "Gremlin Tamer": 1230, "Inquisitive Glimmer": 1403, "Lionheart Glimmer": 1666, "Niko, Light of Hope": 1893, "Oppressive Rays": 1970, "Builder's Talent_SB": 359, "Divine Resilience_SB": 738, "Fear of Impostors_SB": 969, "Kitnap_SB": 1545, "Minor Misstep_SB": 1792, "Paladin Class_SB": 2022, "Stay Hidden, Stay Silent_SB": 2658, "Badlands Revival": 173, "Fertile Thicket": 987, "Festerleech": 990, "Foul Orchard": 1052, "Gix's Command": 1144, "Golgari Guildgate": 1207, "Hedge Shredder": 1299, "Hero's Downfall": 1315, "Jungle Hollow": 1477, "Quilled Greatwurm": 2153, "Slice from the Shadows": 2553, "Frantic Strength_SB": 1066, "Stab_SB": 2650, "Vraska's Fall_SB": 3140, "Mishra's Foundry": 1803, "Ultimate Price": 3002, "Unexpected Fangs": 3021, "Vadmir, New Blood": 3062, "Extract a Confession_SB": 927, "Kitesail Freebooter_SB": 1541, "Pilfer_SB": 2079, "Alesha, Who Laughs at Fate": 52, "Davriel, Rogue Shadowmage": 631, "Fell": 983, "Grasp of Darkness": 1220, "Master of Cruelties": 1748, "Rakdos, the Muscle": 2170, "Razorlash Transmogrant": 2197, "Razortrap Gorge": 2198, "Seize the Spoils": 2427, "Illness in the Ranks_SB": 1376, "Kaervek, the Spiteful_SB": 1480, "Painful Quandary_SB": 2018, "Witch's Vengeance_SB": 3210, "Eddymurk Crab": 817, "Haughty Djinn": 1278, "Stormwing Entity": 2681, "Gnarled Scarhide": 1166, "Madcap Skills": 1705, "Minotaur Skullcleaver": 1793, "Mogis's Marauder": 1812, "Rakdos Cackler": 2165, "Rakdos Shred-Freak": 2169, "Spike Jester": 2623, "Tormented Hero": 2937, "Doom Blade_SB": 748, "Ultimate Price_SB": 3003, "Consuming Aberration": 556, "Contaminated Aquifer": 561, "Didn't Say Please": 717, "Dimir Guildgate": 720, "Dreadwaters": 781, "Duskmantle Guildmage": 808, "Fell Specter": 984, "Jhessian Thief": 1470, "Mind Carver": 1786, "Mind Drain": 1787, "Murder": 1843, "Nezumi Informant": 1882, "Orzhov Racketeers": 1980, "Painful Quandary": 2017, "Paranoid Delusions": 2029, "Pilfered Plans": 2080, "Psychic Strike": 2135, "Razzle-Dazzler": 2200, "Read the Bones": 2201, "Sleep": 2550, "The Mindskinner": 2843, "Typhoid Rats": 2989, "Wall of Frost": 3150, "Witness Protection": 3218, "Aspect of Lamprey_SB": 139, "Blood Pact_SB": 263, "Crypt Incursion_SB": 603, "Dreadwaters_SB": 782, "Frogify_SB": 1072, "Mocking Sprite_SB": 1809, "Professor's Warning_SB": 2121, "Rogue's Gloves_SB": 2313, "Sinister Possession_SB": 2524, "Solemn Simulacrum_SB": 2579, "Sphinx of Magosi_SB": 2617, "Thieving Otter_SB": 2866, "Unlikely Aid_SB": 3035, "Zombify_SB": 3272, "Coruscation Mage": 571, "Aethersphere Harvester_SB": 32, "Burning Hands_SB": 367, "Giant Cindermaw_SB": 1126, "Lightning Mare_SB": 1650, "Wrangle_SB": 3234, "Ancient Imperiosaur": 67, "Belligerent Yearling": 218, "Fight Rigging": 1000, "Intrepid Paleontologist": 1426, "Ixalli's Lorekeeper": 1449, "Palani's Hatcher": 2023, "Regisaur Alpha": 2235, "Shifting Ceratops": 2476, "Triumphant Chomp": 2971, "Shifting Ceratops_SB": 2477, "Thrashing Brontodon_SB": 2891, "Triumphant Chomp_SB": 2972, "Goblin Boarders": 1178, "Goblin Heelcutter": 1182, "Goblin Negotiation": 1186, "Goblin Surprise": 1191, "Goblinslide": 1197, "Guttersnipe": 1249, "Hellraiser Goblin": 1305, "Impact Tremors": 1381, "Pyrewild Shaman": 2139, "Redcap Gutter-Dweller": 2222, "Rigging Runner": 2284, "Subterranean Scout": 2697, "War Squeak": 3153, "Frenzied Goblin_SB": 1070, "Goblin Boarders_SB": 1179, "Goblin Surprise_SB": 1192, "Rundvelt Hordemaster_SB": 2334, "Searslicer Goblin_SB": 2411, "Siege-Gang Commander_SB": 2501, "Cruel Somnophage": 594, "Mercurial Spelldancer": 1770, "Mind Sculpt": 1788, "Ruin Crab": 2330, "Sign in Blood": 2504, "Syr Konrad, the Grim": 2750, "Bitter Chill_SB": 232, "Chart a Course_SB": 478, "See Double_SB": 2419, "Sphinx's Tutelage_SB": 2622, "Terisian Mindbreaker_SB": 2800, "Armored Kincaller": 124, "Burning Sun Cavalry": 368, "Captivating Cave": 393, "Cavern Stomper": 436, "Colossadactyl": 526, "Dinotomaton": 722, "Disturbed Slumber": 734, "Earthshaker Dreadmaw": 812, "Hidden Nursery": 1321, "Nurturing Bristleback": 1929, "Over the Edge": 1998, "Panicked Altisaur": 2025, "Pathfinding Axejaw": 2040, "Poison Dart Frog": 2094, "Promising Vein": 2126, "Rampaging Ceratops": 2181, "Rumbling Rockslide": 2332, "Scytheclaw Raptor": 2399, "Seeker of Sunlight": 2423, "Seismic Monstrosaur": 2425, "Walk with the Ancestors": 3149, "Cast Out": 410, "Reptilian Reflection": 2249, "Irencrag Pyromancer_SB": 1440, "Nahiri's Resolve": 1856, "Thousand Moons Smithy": 2884, "Tinker's Tote": 2909, "Dusk Rose Reliquary_SB": 807, "Unidentified Hovership_SB": 3029, "Case of the Crimson Pulse": 402, "Vindictive Flamestoker_SB": 3099, "Garruk's Harbinger": 1091, "Inscription of Abundance": 1406, "Lifecrafter's Bestiary": 1641, "Feed the Clan_SB": 976, "Skyreaping_SB": 2544, "Dazzling Angel": 640, "Divine Smite": 739, "Exemplar of Light": 911, "Firemane Avenger": 1009, "Wind-Scarred Crag": 3203, "Bomat Courier": 288, "Falkenrath Gorger": 949, "Foreboding Ruins": 1040, "Forerunner of Slaughter": 1043, "Olivia, Mobilized for War": 1955, "Unlicensed Disintegration": 3032, "Rakdos Charm_SB": 2166, "Shock_SB": 2486, "Transgress the Mind_SB": 2953, "Briarbridge Tracker": 335, "Hard-Hitting Question": 1267, "Subterranean Schooner": 2696, "Teething Wurmlet": 2777, "Vineglimmer Snarl": 3100, "Briarbridge Tracker_SB": 336, "Hard-Hitting Question_SB": 1268, "Island_SB": 1445, "Unsummon_SB": 3044, "Gingerbread Cabin": 1141, "Rampage of the Clans": 2180, "Hangarback Walker_SB": 1263, "The Filigree Sylex_SB": 2831, "Earthshaker Khenra": 813, "Mirran Banesplitter": 1795, "Rimrock Knight": 2286, "Azorius Guildgate": 169, "Boros Guildgate": 309, "Gate Colossus": 1097, "Gatebreaker Ram": 1098, "Gates Ablaze": 1099, "Gateway Plaza": 1101, "Glaive of the Guildpact": 1148, "Gruul Guildgate": 1240, "Guild Summit": 1246, "Hour of Promise": 1357, "Izzet Guildgate": 1452, "Maze's End": 1756, "Open the Gates": 1968, "Orzhov Guildgate": 1979, "Plaza of Harmony": 2090, "Rakdos Guildgate": 2167, "Selesnya Guildgate": 2429, "Simic Guildgate": 2519, "Thran Portal": 2888, "Archway Angel_SB": 119, "Crackling Perimeter_SB": 581, "Strategic Planning": 2687, "Wandering Fumarole": 3151, "Essence Scatter_SB": 903, "Frantic Firebolt_SB": 1063, "Absorb": 7, "Behold the Multiverse": 216, "Saw It Coming": 2371, "Thirst for Discovery": 2872, "Primal Might": 2116, "Experiment One_SB": 918, "Toxin Analysis_SB": 2946, "Shoot the Sheriff": 2487, "Smoldering Marsh": 2564, "Banehound": 186, "Curator of Mysteries": 616, "Mire Triton": 1794, "Rush of Vitality_SB": 2343, "Goblin Blast-Runner": 1177, "Implement of Combustion": 1383, "Krenko, Baron of Tin Street": 1578, "Voltage Surge": 3131, "Sunshot Militia_SB": 2719, "Essence Scatter": 902, "Flow of Knowledge": 1031, "Quick Study_SB": 2151, "Shifting Grift_SB": 2478, "Fires of Victory": 1011, "Stern Lesson": 2666, "Roast_SB": 2308, "Arcane Infusion": 102, "Xenagos, God of Revels": 3239, "Aetherize_SB": 31, "Into the Roil_SB": 1423, "Volcanic Spite_SB": 3126, "Zetalpa, Primal Dawn_SB": 3267, "Flame-Blessed Bolt_SB": 1015, "Ral, Izzet Viceroy_SB": 2175, "You See a Guard Approach_SB": 3252, "Aether Hub": 28, "Attune with Aether": 151, "Gather the Pack": 1104, "Lotleth Troll": 1689, "Cragplate Baloth_SB": 584, "Plains_SB": 2087, "Sporeweb Weaver_SB": 2640, "Beastie Beatdown": 210, "Omnivorous Flytrap": 1966, "Patchwork Beastie": 2036, "Return to Nature_SB": 2276, "Alseid of Life's Bounty": 60, "Hateful Eidolon": 1277, "Karametra's Blessing": 1495, "Agent of the Fates_SB": 42, "Dead Weight_SB": 642, "Eriette of the Charmed Apple_SB": 890, "Pacifism_SB": 2015, "Evolving Wilds": 910, "Good-Fortune Unicorn": 1209, "Mossborn Hydra": 1833, "Ochre Jelly": 1947, "Sylvan Scavenging": 2746, "Wildwood Scourge": 3198, "Gaea's Gift_SB": 1084, "Gnarlid Colony_SB": 1167, "Inscription of Abundance_SB": 1407, "Trash the Town_SB": 2957, "Bristling Hydra": 346, "Electrostatic Pummeler": 837, "Fling": 1024, "Ghor-Clan Rampager": 1120, "Harnessed Lightning": 1273, "Servant of the Conduit": 2443, "Axebane Ferox_SB": 163, "Deathgorge Scavenger_SB": 651, "Gruul Spellbreaker_SB": 1241, "Insult // Injury_SB": 1416, "Wilt_SB": 3202, "Legion Angel": 1614, "Legion Angel_SB": 1615, "Gideon's Triumph_SB": 1135, "Demonic Pact": 683, "Doom Foretold": 749, "Hopeful Vigil": 1347, "Kaya's Wrath": 1509, "Sigil of the Empty Throne": 2503, "Spirit-Sister's Call": 2632, "Banishing Light_SB": 191, "Cast Out_SB": 411, "Dreadhorde Invasion_SB": 778, "Trespasser's Curse_SB": 2965, "Arashin Foremost": 98, "Blood-Chin Rager": 265, "Chief of the Edge": 480, "Gutterbones": 1248, "Mardu Strike Leader": 1735, "Mardu Woe-Reaper": 1736, "Rally the Ranks": 2177, "Secure the Wastes": 2418, "Usher of the Fallen": 3061, "Bedlam Reveler": 214, "Warlord's Fury": 3160, "Ox of Agonas_SB": 2013, "Commit // Memory": 538, "Think Twice": 2869, "Sphinx's Revelation_SB": 2620, "Angel of Invention": 68, "Combat Celebrant": 531, "God-Pharaoh's Gift": 1198, "Refurbish": 2229, "Arashin Cleric_SB": 97, "Seal from Existence": 2405, "Ghostly Dancers_SB": 1123, "Seal from Existence_SB": 2406, "Spinner of Souls_SB": 2628, "Outrageous Robbery": 1995, "Connive // Concoct_SB": 549, "Torrential Gearhulk_SB": 2942, "Hullbreaker Horror": 1361, "Boltwave_SB": 287, "Fatal Grudge": 959, "Jace, Vryn's Prodigy_SB": 1459, "Gnarlroot Trapper": 1168, "Valley Floodcaller_SB": 3074, "Valorous Stance_SB": 3077, "Pillage the Bog_SB": 2082, "Aether Channeler": 25, "Foul Emissary": 1051, "Sublime Epiphany": 2695, "Unauthorized Exit": 3009, "Fiery Annihilation_SB": 996, "Reckless Stormseeker_SB": 2215, "Arahbo, the First Fang": 96, "Felidar Cub": 981, "Feline Sovereign": 982, "Sacred Cat": 2345, "Savannah Lions": 2367, "Archfiend of Depravity": 110, "Archfiend of Depravity_SB": 111, "Fade from History_SB": 939, "Loot, Exuberant Explorer": 1678, "Quicken": 2152, "Banish into Fable": 188, "Reluctant Role Model": 2241, "Furnace Punisher": 1079, "March of Swirling Mist": 1731, "Invasive Surgery_SB": 1434, "The Scarab God_SB": 2850, "Pieces of the Puzzle": 2077, "Agatha of the Vile Cauldron": 37, "Bard Class": 196, "Hajar, Loyal Bodyguard": 1254, "Migloz, Maze Crusher": 1784, "Ruby, Daring Tracker": 2329, "Samut, Vizier of Naktamun": 2353, "Targ Nar, Demon-Fang Gnoll": 2769, "Xenagos, the Reveler": 3241, "Stormsplitter": 2680, "Thousand-Year Storm": 2886, "Cathartic Pyre_SB": 425, "Tamiyo, Collector of Tales_SB": 2763, "Michiko's Reign of Truth": 1781, "Rite of Oblivion": 2294, "Anthem of Champions_SB": 88, "Tinybones, the Pickpocket": 2912, "Fear of Abduction": 967, "Blue Sun's Twilight_SB": 283, "Overwhelming Remorse_SB": 2011, "Brotherhood's End": 352, "Return the Favor_SB": 2275, "Gloomshrieker": 1163, "Dennick, Pious Apprentice_SB": 689, "Sire of Seven Deaths_SB": 2528, "Dissection Tools": 733, "Dollmaker's Shop && Porcelain Gallery": 744, "Kami of Transience": 1493, "Surgical Suite && Hospital Room_SB": 2729, "Regal Bunnicorn": 2231, "Protect the Negotiators_SB": 2133, "Ashiok, Wicked Manipulator": 136, "Ajani, Strength of the Pride": 47, "Case of the Uneaten Feast": 408, "Trelasarra, Moon Dancer": 2964, "Floriferous Vinewall": 1029, "Urborg Lhurgoyf": 3054, "Aether Channeler_SB": 26, "Zephyr Sentinel_SB": 3265, "Kambal, Consul of Allocation": 1490, "Tectonic Hazard_SB": 2776, "Harmonious Archon": 1271, "Sandstorm Salvager": 2359, "Toby, Beastie Befriender": 2922, "Kayla's Reconstruction_SB": 1516, "Surrak Dragonclaw": 2730, "Frantic Scapegoat": 1064, "Ritual of Soot": 2297, "Inscription of Ruin": 1408, "Callous Sell-Sword_SB": 387, "Breeding Pool_SB": 334, "Woodland Bellower": 3226, "Destroy Evil": 705, "Serra Paragon_SB": 2442, "Filter Out": 1003, "Heartflame Duelist": 1295, "Inspiring Veteran": 1415, "Knight of Dusk's Shadow": 1551, "Knight of the Ebon Legion": 1555, "Tournament Grounds": 2945, "Venerable Knight": 3091, "Worthy Knight": 3233, "Knight of Dusk's Shadow_SB": 1552, "Chance for Glory": 456, "Teferi, Who Slows the Sunset": 2781, "Bag of Holding_SB": 175, "Zirda, the Dawnwaker_SB": 3269, "Despise_SB": 702, "Lifebane Zombie_SB": 1640, "Sunspine Lynx": 2720, "Light Up the Stage_SB": 1643, "Isolate_SB": 1446, "Cindervines": 489, "God-Pharaoh's Statue_SB": 1199, "Smuggler's Surprise_SB": 2567, "Wakeroot Elemental_SB": 3148, "The Flame of Keld": 2832, "Fetid Pools": 991, "Silvergill Adept": 2516, "Triton Shorestalker": 2969, "Wakeroot Elemental": 3147, "Dreadbore": 773, "Nicol Bolas, the Ravager": 1886, "Omen of the Forge": 1959, "The Kami War": 2837, "Isareth the Awakener": 1443, "This Town Ain't Big Enough": 2874, "Legion Extruder_SB": 1617, "Lost Legacy_SB": 1687, "Remorseful Cleric": 2242, "Nissa, Who Shakes the World": 1903, "Bilious Skulldweller": 226, "Chevill, Bane of Monsters": 479, "Fynn, the Fangbearer": 1083, "Ghost Vacuum": 1121, "Heroic Intervention": 1316, "Malakir Rebirth": 1718, "Wasteland Viper": 3167, "Infectious Bite_SB": 1393, "The Royal Scions": 2848, "Unauthorized Exit_SB": 3010, "Nahiri's Warcrafting_SB": 1857, "Akal Pakal, First Among Equals": 49, "Courser of Kruphix": 577, "Simic Manipulator": 2520, "Timestream Navigator": 2908, "Azure Beastbinder_SB": 171, "Mockingbird_SB": 1811, "Simic Manipulator_SB": 2521, "Trygon Predator_SB": 2976, "Vivien, Champion of the Wilds_SB": 3112, "Caretaker's Talent_SB": 396, "Fountainport_SB": 1060, "Rite of Oblivion_SB": 2295, "Depala, Pilot Exemplar": 690, "Magda, Brazen Outlaw": 1710, "Magda, the Hoardmaster": 1711, "Roaming Throne": 2303, "Veteran Motorist": 3096, "Kogla, the Titan Ape": 1563, "Cavalier of Thorns_SB": 434, "Ulvenwald Oddity_SB": 3005, "Crumbling Vestige": 600, "Sylvan Awakening": 2742, "The Mightstone and Weakstone_SB": 2842, "Kogla and Yidaro_SB": 1562, "Kogla and Yidaro": 1561, "Trumpeting Carnosaur_SB": 2975, "Dusk // Dawn_SB": 804, "Last Breath_SB": 1601, "Thunderherd Migration": 2900, "Boros Elite": 308, "Guardian of New Benalia": 1245, "Mobilized District": 1808, "Precinct Captain": 2114, "Soldier of the Pantheon": 2578, "Spellbook Vendor": 2615, "Sungold Sentinel": 2711, "Banisher Priest_SB": 189, "Bounty Agent_SB": 320, "Rally the Ranks_SB": 2178, "Wicked Wolf_SB": 3193, "Overlord of the Mistmoors_SB": 2009, "Renegade Tactics": 2247, "Fear of Isolation": 970, "Tinybones Joins Up": 2910, "Built to Smash": 360, "Wayward Guide-Beast": 3171, "Voldaren Thrillseeker_SB": 3129, "Siphon Insight_SB": 2525, "Imodane's Recruiter_SB": 1380, "Glorious Protector_SB": 1164, "Into the Story": 1424, "Niambi, Esteemed Speaker_SB": 1883, "The Wandering Rescuer_SB": 2859, "Syr Ginger, the Meal Ender_SB": 2749, "Lavinia, Azorius Renegade_SB": 1606, "Augur of Bolas": 154, "Essence Flux": 901, "Apostle of Purifying Light": 90, "Glass Casket": 1151, "Thran Power Suit": 2889, "Titania, Voice of Gaea_SB": 2919, "Treacherous Blessing_SB": 2960, "Umori, the Collector_SB": 3006, "Glass Casket_SB": 1152, "Grasp of Darkness_SB": 1221, "Necrotic Wound": 1874, "Souls of the Lost": 2600, "Necrotic Wound_SB": 1875, "Souls of the Lost_SB": 2601, "Kappa Tech-Wrecker": 1494, "Eldrazi Displacer_SB": 833, "Experimental Augury": 919, "Fleeting Spirit": 1020, "Lore Drakkis": 1685, "Open the Omenpaths": 1969, "Vadrok, Apex of Thunder": 3063, "Crucible of Worlds": 593, "Destiny Spinner": 703, "Sin Collector_SB": 2523, "Cult Conscript": 611, "Mutavault_SB": 1850, "Mukotai Ambusher_SB": 1842, "Cleansing Wildfire_SB": 504, "Vanish into Eternity_SB": 3081, "Tribute to Horobi": 2967, "Hunter's Talent_SB": 1364, "Vengeful Possession": 3094, "Hidetsugu's Second Rite_SB": 1326, "Nurturing Pixie": 1930, "Malcolm, Alluring Scoundrel": 1719, "Preacher of the Schism_SB": 2113, "Pia Nalaar, Consul of Revival": 2073, "Showdown of the Skalds": 2493, "Bassara Tower Archer": 203, "Cloudsteel Kirin": 513, "Lizard Blades": 1669, "Searing Blood": 2408, "Bomat Courier_SB": 289, "Magma Spray_SB": 1715, "Stalactite Stalker": 2652, "Lamplight Phoenix_SB": 1596, "Thirst for Meaning": 2873, "Pawpatch Recruit_SB": 2045, "Soul Transfer": 2593, "Omen of the Dead": 1957, "Sentinel of the Nameless City_SB": 2438, "Sharp-Eyed Rookie": 2464, "Ayara's Oathsworn": 164, "Council of the Absolute_SB": 574, "Adventurous Impulse": 23, "Arcane Proxy": 103, "Chrome Host Seedshark": 485, "See the Truth": 2420, "Ambitious Farmhand": 63, "Cascading Cataracts": 401, "Helpful Hunter": 1307, "Thalia's Lancers": 2809, "Wilt-Leaf Liege_SB": 3201, "Augur of Autumn_SB": 153, "Lavabrink Venturer_SB": 1603, "Cavalier of Dawn": 431, "Kotose, the Silent Spider": 1572, "Marina Vendrell": 1737, "Fanatic of Mogis": 952, "Solphim, Mayhem Dominus": 2582, "Thalia and The Gitrog Monster": 2808, "Dreadbore_SB": 774, "Recommission": 2220, "Shatterskull Smashing_SB": 2467, "Barkhide Troll": 198, "Gather Courage": 1102, "Tribute to the World Tree": 2968, "Setessan Tactics_SB": 2446, "Prosperous Thief_SB": 2132, "Oblivious Bookworm": 1941, "Cerulean Drake_SB": 450, "Bloodthirsty Conqueror": 272, "Dina, Soul Steeper": 721, "Dryad of the Ilysian Grove": 800, "Jaddi Offshoot": 1463, "Mirrorpool": 1797, "Retreat to Hagra": 2273, "Bristly Bill, Spine Sower_SB": 348, "Undergrowth Champion_SB": 3019, "Bladehold War-Whip": 243, "Nahiri, Forged in Fury": 1858, "Sword of Forge and Frontier": 2740, "Rebel Salvo_SB": 2208, "Silverback Elder": 2512, "Silverback Elder_SB": 2513, "Celestial Armor": 442, "Etali, Primal Conqueror": 904, "Deputy of Detention_SB": 695, "Floodpits Drowner_SB": 1028, "Massacre Wurm": 1746, "Perilous Snare": 2052, "Repurposing Bay_SB": 2252, "Mendicant Core, Guidelight": 1768, "Voyager Glidecar": 3137, "Patchwork Automaton": 2035, "Momentum Breaker_SB": 1818, "Birgi, God of Storytelling": 227, "Crater's Claws": 588, "Zurgo Bellstriker_SB": 3278, "Zareth San, the Trickster": 3262, "Hare Apparent": 1270, "Greasewrench Goblin": 1227, "Moonshaker Cavalry_SB": 1829, "Grim Bauble": 1232, "Momentum Breaker": 1817, "Oildeep Gearhulk_SB": 1950, "Count on Luck_SB": 575, "Valor's Flagship": 3076, "Shacklegeist_SB": 2450, "Monument to Endurance_SB": 1825, "Chaplain of Alms": 471, "Rune of Might": 2335, "Liliana, Heretical Healer_SB": 1658, "Sab-Sunen, Luxa Embodied": 2344, "Dreadhorde Arcanist_SB": 776, "Archfiend's Vessel": 114, "Merfolk Secretkeeper": 1771, "Brightglass Gearhulk": 338, "Dredger's Insight": 789, "Coalstoke Gearhulk": 514, "Ossification_SB": 1983, "Memory Guardian": 1766, "Grim Bauble_SB": 1233, "Djeru's Renunciation": 741, "Marauding Mako": 1726, "Monument to Endurance": 1824, "Sunbillow Verge": 2704, "Mastermind's Acquisition": 1749, "Behold the Multiverse_SB": 217, "Ketramose, the New Dawn_SB": 1534, "Mukotai Ambusher": 1841, "Bloodghast": 268, "Molt Tender": 1814, "Driven // Despair_SB": 791, "Ashiok, Wicked Manipulator_SB": 137, "Anim Pakal, Thousandth Moon": 78, "Basri, Tomorrow's Champion": 202, "Urza's Ruinous Blast_SB": 3058, "The Speed Demon": 2853, "Intimidation Tactics_SB": 1419, "Oildeep Gearhulk": 1949, "Virtue of Strength": 3108, "Roxanne, Starfall Savant_SB": 2324, "Optimistic Scavenger_SB": 1973, "Freestrider Lookout": 1068, "Ketramose, the New Dawn": 1533, "Scrabbling Claws": 2390, "Mosswood Dreadknight_SB": 1835, "Willowrush Verge": 3199, "Commune with Spirits": 541, "Goro-Goro, Disciple of Ryusei": 1210, "Radha, Heart of Keld": 2158, "Redshift, Rocketeer Chief": 2225, "Bleachbone Verge": 250, "Detention Chariot": 708, "Tune Up": 2977, "Kaya the Inexorable_SB": 1506, "Thundering Broodwagon": 2901, "Fearless Swashbuckler": 972, "Gastal Thrillroller": 1096, "Ashiok, Nightmare Weaver": 135, "Hazoret, Godseeker": 1289, "Leyline Binding_SB": 1624, "Jace's Defeat_SB": 1455, "Norin, Swift Survivalist": 1915, "Mindlink Mech_SB": 1790, "Wastewood Verge": 3168, "Avishkar Raceway": 162, "Fuel the Flames_SB": 1077, "Skycrash_SB": 2541, "Murderous Cut": 1845, "Anguished Unmaking_SB": 77, "Drownyard Temple": 798, "Quag Feast": 2144, "Boommobile": 301, "Hedron Archive": 1300, "Paradox Engine": 2027, "Portal of Sanctuary": 2104, "Repurposing Bay": 2251, "Terrarion": 2802, "The Mightstone and Weakstone": 2841, "Thran Spider": 2890, "Workshop Assistant": 3228, "Liberator, Urza's Battlethopter_SB": 1635, "Shrapnel Slinger_SB": 2497, "Ashiok, Nightmare Muse_SB": 134, "Benthic Biomancer": 219, "Mindspring Merfolk": 1791, "Eaten Alive_SB": 815, "Biting-Palm Ninja_SB": 231, "Kazuul's Toll Collector": 1519, "Immersturm Raider": 1378, "The Speed Demon_SB": 2854, "Burnout Bashtronaut": 370, "Draconautics Engineer": 759, "Howlsquad Heavy": 1358, "Volley Veteran_SB": 3130, "Harrier Strix": 1274, "Hypnotic Grifter": 1368, "The Reality Chip": 2846, "Training Grounds": 2950, "Basilisk Collar_SB": 200, "Swiftfoot Boots_SB": 2739, "Stock Up": 2668, "Liliana, the Last Hope_SB": 1660, "Riverpyre Verge": 2300, "Concealing Curtains": 543, "Riptide Gearhulk_SB": 2291, "Blade Historian": 240, "Pyre of Heroes": 2138, "Night Clubber_SB": 1887, "Aegis Turtle_SB": 24, "Ride's End": 2282, "Analyze the Pollen": 64, "Cleansing Wildfire": 503, "Crumble to Dust": 599, "Encroaching Wastes": 870, "Gnottvold Slumbermound": 1170, "Haphazard Bombardment": 1266, "Jaya's Greeting": 1465, "Ravager Wurm": 2192, "Rowan, Scholar of Sparks": 2323, "Rubble Reading": 2327, "Sheltered Thicket": 2469, "Structural Distortion": 2691, "Sylvan Primordial": 2745, "Territory Forge": 2803, "Twin Bolt": 2982, "Herbology Instructor_SB": 1313, "Nissa's Defeat_SB": 1898, "Peak Eruption_SB": 2046, "Scrabbling Claws_SB": 2391, "Battle at the Bridge": 205, "Spire of Industry": 2629, "Battle at the Bridge_SB": 206, "Borrowed Hostility": 311, "Barbed Batterfist": 195, "Webstrike Elite": 3177, "Demilich_SB": 678, "Progenitor Mimic": 2124, "Banefire": 184, "Steel Seraph": 2662, "Boon of Boseiju": 302, "Esika's Chariot_SB": 898, "Violent Urge_SB": 3103, "Regal Imperiosaur": 2234, "Champion of the Perished": 455, "Cryptbreaker": 604, "Dark Salvation": 626, "Dread Wanderer": 772, "Relentless Dead": 2239, "Wayward Servant": 3172, "Zahur, Glory's Past": 3261, "Fighter Class": 1002, "Chainsaw_SB": 454, "Nettle Guard_SB": 1880, "Sword of Forge and Frontier_SB": 2741, "Expedition Map_SB": 916, "Stock Up_SB": 2669, "Maximize Velocity": 1753, "Birgi, God of Storytelling_SB": 228, "Samut's Sprint": 2351, "Omen of the Dead_SB": 1958, "Lost Jitte": 1686, "Lazav, Wearer of Faces": 1608, "Medomai the Ageless": 1761, "Fires of Victory_SB": 1012, "Riptide Gearhulk": 2290, "Carnage Tyrant": 397, "Gather Courage_SB": 1103, "Etali, Primal Conqueror_SB": 905, "Feather, the Redeemed": 973, "Feather, the Redeemed_SB": 974, "Dewdrop Cure": 713, "Healer's Hawk": 1291, "Linden, the Steadfast Queen": 1661, "Rogue's Passage": 2314, "Ruin-Lurker Bat": 2331, "Afterburner Expert": 34, "Adorned Pouncer": 21, "Roadside Reliquary": 2302, "Nissa, Ascended Animist_SB": 1900, "Keruga, the Macrosage": 1530, "Twinshot Sniper": 2985, "Twinshot Sniper_SB": 2986, "Anzrag, the Quake-Mole": 89, "Satoru Umezawa": 2362, "Cry of the Carnarium": 601, "Kaya, Orzhov Usurper": 1512, "Calamity's Wake_SB": 381, "Out of Air_SB": 1989, "Spontaneous Mutation_SB": 2639, "Sunder the Gateway": 2706, "Knight of Grace": 1553, "Swan Song_SB": 2735, "Bladestitched Skaab": 244, "Lazotep Reaver": 1610, "Enduring Tenacity_SB": 878, "Rocketeer Boostbuggy": 2309, "Chandra, Spark Hunter_SB": 466, "Azor, the Lawbringer_SB": 167, "Phoenix Chick": 2061, "Mortify": 1831, "Gix's Command_SB": 1145, "Sorin the Mirthless_SB": 2587, "Fuel the Flames": 1076, "Graf Reaver_SB": 1213, "Kraul Whipcracker_SB": 1575, "Dive Down_SB": 737, "Fear of Impostors": 968, "Riptide Chimera": 2289, "Witchstalker_SB": 3213, "Demonic Bargain": 681, "Soul-Scar Mage_SB": 2597, "Blood Spatter Analysis": 264, "Osseous Sticktwister": 1981, "Korvold, Fae-Cursed King_SB": 1571, "Dive Down": 736, "Jace Reawakened_SB": 1454, "Blessed Defiance": 253, "Seasoned Hallowblade": 2414, "The Mycosynth Gardens": 2844, "Alrund's Epiphany": 59, "Loot, the Pathfinder": 1679, "Burning Earth_SB": 366, "Fugitive Codebreaker": 1078, "Tireless Tracker_SB": 2913, "Invasion of New Phyrexia_SB": 1432, "Tangled Florahedron": 2768, "Healer of the Glade_SB": 1290, "Tale's End_SB": 2757, "Gisa, the Hellraiser_SB": 1142, "Ride's End_SB": 2283, "Omen of the Sun_SB": 1962, "Seeker of the Way_SB": 2424, "Redcap Melee": 2223, "Forbidden Friendship": 1039, "Collective Effort_SB": 521, "Perilous Snare_SB": 2053, "Beseech the Mirror_SB": 221, "Commence the Endgame_SB": 535, "Setessan Champion": 2444, "Trapped in the Screen": 2955, "Trapped in the Screen_SB": 2956, "Cryptolith Rite": 607, "Bottomless Pool && Locker Room": 316, "Bottomless Pool && Locker Room_SB": 317, "Eidolon of Blossoms_SB": 824, "Knockout Blow": 1558, "Hidetsugu's Second Rite": 1325, "Incubation Druid": 1388, "Mistrise Village": 1806, "Ral Zarek": 2172, "Tamiyo, Field Researcher": 2765, "Kunoros, Hound of Athreos_SB": 1588, "Cease // Desist": 440, "Cram Session": 585, "Insatiable Avarice": 1404, "The Biblioplex": 2821, "Valgavoth's Onslaught": 3067, "Containment Breach_SB": 558, "Environmental Sciences_SB": 886, "Introduction to Annihilation_SB": 1427, "Mascot Exhibition_SB": 1741, "Pest Summoning_SB": 2058, "Qarsi Revenant": 2142, "Qarsi Revenant_SB": 2143, "Tersa Lightshatter": 2805, "Dragonfire Blade": 762, "Lavaspur Boots_SB": 1605, "Descendant of Storms": 696, "Mox Jasper": 1840, "Mistrise Village_SB": 1807, "Elspeth, Storm Slayer": 850, "United Battlefront": 3030, "Voice of Victory": 3118, "Sunder the Gateway_SB": 2707, "Voice of Victory_SB": 3119, "Desperate Measures": 700, "Caustic Exhale": 429, "Dispelling Exhale": 731, "Foul-Tongue Invocation": 1053, "Marang River Regent": 1725, "Scavenger Regent": 2378, "Silumgar's Scorn": 2508, "Caustic Exhale_SB": 430, "Strategic Betrayal_SB": 2686, "Cori-Steel Cutter": 567, "Wild Ride": 3194, "Cori-Steel Cutter_SB": 568, "Katilda, Dawnhart Prime": 1504, "Songcrafter Mage": 2584, "Militia Bugler_SB": 1785, "Sunpearl Kirin": 2715, "History of Benalia": 1333, "Rot-Curse Rakshasa": 2319, "Strategic Betrayal": 2685, "Archangel Elspeth": 105, "Painter's Studio && Defaced Gallery": 2020, "This Town Ain't Big Enough_SB": 2875, "Treasure Map": 2962, "Banishing Slash": 192, "Of One Mind": 1948, "Stormscale Scion": 2678, "Stormscale Scion_SB": 2679, "Jaya, Fiery Negotiator": 1466, "Gurmag Angler": 1247, "Cori Mountain Monastery": 566, "United Battlefront_SB": 3031, "Warden of the Grove": 3156, "Surrak, Elusive Hunter_SB": 2731, "Icon of Ancestry": 1369, "Fire Prophecy": 1007, "Ghostly Pilferer": 1124, "White Sun's Twilight_SB": 3191, "Paradoxical Outcome_SB": 2028, "Masked Vandal": 1742, "Fanatical Firebrand_SB": 955, "Scavenger's Talent_SB": 2380, "Runed Halo": 2336, "Shiko, Paragon of the Way": 2480, "Decadent Dragon_SB": 658, "Undead Sprinter_SB": 3015, "Boros Reckoner": 310}}