{"vocabulary": {"Change the Equation": 487, "Deduce": 686, "Deserted Beach": 722, "Dovin's Veto": 782, "Eiganjo, Seat of the Empire": 859, "Farewell": 994, "Field of Ruin": 1030, "Floodfarm Verge": 1065, "Fountainport": 1096, "Get Lost": 1151, "Hall of Storm Giants": 1304, "Hallowed Fountain": 1305, "Island": 1496, "March of Otherworldly Light": 1795, "Memory Deluge": 1829, "No More Lies": 1980, "Otawara, Soaring City": 2057, "Plains": 2159, "Portable Hole": 2175, "Restless Anchorage": 2336, "Supreme Verdict": 2801, "Teferi, Hero of Dominaria": 2857, "The Wandering Emperor": 2936, "Three Steps Ahead": 2972, "Beza, the Bounding Spring_SB": 239, "Dovin's Veto_SB": 783, "Farewell_SB": 995, "High Noon_SB": 1379, "Hullbreaker Horror_SB": 1414, "Kaheera, the Orphanguard_SB": 1537, "Knockout Blow_SB": 1618, "Mystical Dispute_SB": 1923, "Shark Typhoon_SB": 2545, "Castle Ardenvale": 430, "Castle Vantress": 436, "High Noon": 1378, "Irrigated Farmland": 1494, "Narset, Parter of Veils": 1935, "Shark Typhoon": 2544, "Temporary Lockdown": 2873, "Chrome Host Seedshark_SB": 506, "Rest in Peace_SB": 2335, "Absorb": 8, "Censor": 466, "Hallowed Moonlight": 1306, "Hengegate Pathway": 1360, "Meticulous Archive": 1844, "Settle the Wreckage": 2528, "Sunken Citadel": 2791, "Aether Gust_SB": 30, "Damping Sphere_SB": 647, "Narset, Parter of Veils_SB": 1936, "Not on My Watch_SB": 1987, "Sphinx of the Final Word_SB": 2701, "Supreme Verdict_SB": 2802, "Torpor Orb_SB": 3023, "Adeline, Resplendent Cathar": 22, "Brutal Cathar": 371, "Cavern of Souls": 455, "Coppercoat Vanguard": 590, "Dauntless Bodyguard": 654, "Elite Spellbinder": 877, "Hopeful Initiate": 1396, "Imposing Sovereign": 1437, "Mutavault": 1916, "Recruitment Officer": 2295, "Thalia, Guardian of Thraben": 2891, "Thalia's Lieutenant": 2890, "Cathar Commando_SB": 442, "Deafening Silence_SB": 673, "Elite Spellbinder_SB": 878, "Portable Hole_SB": 2176, "Wedding Announcement_SB": 3264, "Archfiend of the Dross": 122, "Bloodletter of Aclazotz": 285, "Castle Locthwain": 434, "Duress": 830, "Fatal Push": 997, "Go for the Throat": 1222, "Graveyard Trespasser": 1271, "Reckoner Bankbuster": 2290, "Sheoldred's Edict": 2554, "Swamp": 2811, "Takenuma, Abandoned Mire": 2832, "Thoughtseize": 2962, "Unholy Annex // Ritual Chamber": 3110, "Unstoppable Slasher": 3122, "Urborg, Tomb of Yawgmoth": 3138, "Cruelclaw's Heist_SB": 620, "Extinction Event_SB": 964, "Go Blank_SB": 1220, "Invoke Despair_SB": 1490, "Misery's Shadow_SB": 1870, "Path of Peril_SB": 2110, "The End_SB": 2907, "The Meathook Massacre_SB": 2920, "Unlicensed Hearse_SB": 3116, "Atraxa, Grand Unifier": 159, "Beza, the Bounding Spring": 238, "Boseiju, Who Endures": 330, "Chained to the Rocks": 468, "Enigmatic Incarnation": 916, "Entity Tracker": 920, "Fable of the Mirror-Breaker": 971, "Forest": 1083, "Glasspool Mimic": 1199, "Hushwood Verge": 1418, "Indatha Triome": 1441, "Jetmir's Garden": 1525, "Ketria Triome": 1594, "Knight of Autumn": 1609, "Leyline Binding": 1686, "Mana Confluence": 1788, "Moon-Blessed Cleric": 1892, "Nylea's Presence": 2003, "Overlord of the Boilerbilges": 2076, "Overlord of the Hauntwoods": 2080, "Overlord of the Mistmoors": 2081, "Raugrin Triome": 2264, "Roaring Furnace // Steaming Sauna": 2381, "Sacred Foundry": 2424, "Savai Triome": 2446, "Skyclave Apparition": 2619, "Steam Vents": 2742, "Stomping Ground": 2754, "Temple Garden": 2861, "Torch the Tower": 3017, "Up the Beanstalk": 3132, "Chandra, Awakened Inferno_SB": 479, "Elesh Norn, Mother of Machines_SB": 875, "Elspeth Conquers Death_SB": 879, "Get Lost_SB": 1152, "Linvala, the Preserver_SB": 1728, "Nimble Larcenist_SB": 1965, "Reckoner Bankbuster_SB": 2291, "Ruric Thar, the Unbowed_SB": 2417, "Yorion, Sky Nomad_SB": 3334, "Ahn-Crop Crasher": 48, "Atarka's Command": 157, "Bomat Courier": 306, "Bonecrusher Giant": 312, "Burning-Tree Emissary": 385, "Castle Embereth": 432, "Copperline Gorge": 591, "Cragcrown Pathway": 606, "Den of the Bugbear": 711, "Embercleave": 894, "Kari Zev, Skyship Raider": 1555, "Karplusan Forest": 1558, "Kumano Faces Kakkazan": 1645, "Legion Loyalist": 1680, "Lightning Strike": 1715, "Monastery Swiftspear": 1887, "Mountain": 1903, "Play with Fire": 2161, "Reckless Bushwhacker": 2283, "Screaming Nemesis": 2476, "Sokenzan, Crucible of Defiance": 2658, "Zurgo Bellstriker": 3362, "Destructive Revelry_SB": 730, "Kari Zev's Expertise_SB": 1554, "Magebane Lizard_SB": 1780, "Magma Spray_SB": 1782, "Pick Your Poison_SB": 2148, "Pithing Needle_SB": 2158, "Rampaging Ferocidon_SB": 2256, "Scorching Shot_SB": 2465, "Screaming Nemesis_SB": 2477, "Skullcrack_SB": 2617, "Sunspine Lynx_SB": 2799, "Split Up": 2719, "Detention Sphere_SB": 733, "Kutzil's Flanker_SB": 1650, "Summary Dismissal_SB": 2783, "Adarkar Wastes": 21, "Curious Obsession": 640, "Enduring Curiosity": 909, "Enduring Innocence": 911, "Geistlight Snare": 1146, "Katilda, Dawnhart Martyr": 1560, "Mausoleum Wanderer": 1816, "Rattlechains": 2262, "Seachrome Coast": 2482, "Shacklegeist": 2530, "Spectral Sailor": 2691, "Spell Pierce": 2693, "Spell Queller": 2695, "Supreme Phantom": 2800, "Skyclave Apparition_SB": 2620, "The Wandering Emperor_SB": 2937, "Tocasia's Welcome_SB": 3005, "Arclight Phoenix": 131, "Artist's Talent": 137, "Brazen Borrower": 344, "Consider": 577, "Fiery Impulse": 1035, "Into the Flood Maw": 1474, "Ledger Shredder": 1674, "Lightning Axe": 1710, "Opt": 2043, "Picklock Prankster": 2149, "Proft's Eidetic Memory": 2197, "Riverglide Pathway": 2374, "Shivan Reef": 2565, "Sleight of Hand": 2633, "Spirebluff Canal": 2713, "Stormcarved Coast": 2758, "Treasure Cruise": 3044, "Anger of the Gods_SB": 81, "Ashiok, Dream Render_SB": 144, "Chandra's Defeat_SB": 475, "Crackling Drake_SB": 604, "Negate_SB": 1947, "Prismari Command_SB": 2191, "Ancestral Anger": 72, "Blackcleave Cliffs": 252, "Blood Crypt": 277, "Callous Sell-Sword": 403, "Claim // Fame": 517, "Dreadhorde Arcanist": 802, "Emberheart Challenger": 897, "Heartfire Hero": 1345, "Monstrous Rage": 1889, "Ramunap Ruins": 2258, "Reckless Rage": 2286, "Slickshot Show-Off": 2636, "Sulfurous Springs": 2780, "Titan's Strength": 2998, "Claim // Fame_SB": 518, "Fatal Push_SB": 998, "Feed the Swarm_SB": 1017, "Hazoret the Fervent_SB": 1338, "Jegantha, the Wellspring_SB": 1523, "Ob Nixilis, the Adversary_SB": 2009, "Thoughtseize_SB": 2963, "Bitter Triumph": 250, "Blightstep Pathway": 271, "Case of the Stashed Skeleton": 425, "Extinction Event": 963, "Haunted Ridge": 1332, "Ob Nixilis, the Adversary": 2008, "Rakdos Joins Up": 2242, "Transmogrify": 3039, "Duress_SB": 831, "Hidetsugu Consumes All_SB": 1375, "Torch the Tower_SB": 3018, "Urabrask's Forge_SB": 3135, "Blooming Marsh": 294, "Cache Grab": 394, "Can't Stay Away": 407, "Concealed Courtyard": 567, "Darkbore Pathway": 651, "Esika's Chariot": 934, "Godless Shrine": 1249, "Greasefang, Okiba Boss": 1274, "Grisly Salvage": 1282, "Overgrown Tomb": 2072, "Overlord of the Balemurk": 2074, "Parhelion II": 2103, "Raffine's Informant": 2234, "Razorverge Thicket": 2272, "Skysovereign, Consul Flagship": 2626, "Traverse the Ulvenwald": 3041, "Witherbloom Command": 3299, "Knight of Autumn_SB": 1610, "Split Up_SB": 2720, "Angel of Serenity": 77, "Breeding Pool": 349, "Raffine's Tower": 2235, "Sunpetal Grove": 2794, "Ziatora's Proving Ground": 3353, "Archon of Emeria_SB": 127, "Thought Distortion_SB": 2958, "Caretaker's Talent": 413, "Carrot Cake": 417, "Chandra, Awakened Inferno": 478, "Elegant Parlor": 871, "Sunfall": 2788, "Settle the Wreckage_SB": 2529, "Wear // Tear_SB": 3258, "Hidetsugu Consumes All": 1374, "Abrade_SB": 4, "Bloodtithe Harvester": 290, "Cauldron Familiar": 446, "Claim the Firstborn": 519, "Deadly Dispute": 670, "Kroxa, Titan of Death's Hunger": 1643, "Mayhem Devil": 1819, "Scavenger's Talent": 2459, "Witch's Oven": 3294, "Ygra, Eater of All": 3331, "Haywire Mite_SB": 1336, "Leyline of the Void_SB": 1698, "Vraska, Golgari Queen_SB": 3228, "Altanak, the Thrice-Called": 67, "Say Its Name": 2453, "Sheoldred, the Apocalypse": 2556, "Abrupt Decay_SB": 7, "Temporary Lockdown_SB": 2874, "Battlefield Forge": 221, "Clever Lumimancer": 527, "Defiant Strike": 694, "Favored Hoplite": 1002, "Gods Willing": 1250, "Homestead Courage": 1390, "Illuminator Virtuoso": 1430, "Inspiring Vantage": 1467, "Leyline of Resonance": 1692, "Needleverge Pathway": 1945, "Spikefield Hazard": 2707, "Turn Inside Out": 3062, "Case of the Crimson Pulse_SB": 421, "Light of Hope_SB": 1708, "Loran's Escape_SB": 1748, "Reckless Rage_SB": 2287, "Rending Volley_SB": 2320, "Anointed Peacekeeper": 94, "Archon of Emeria": 126, "Aven Interrupter": 171, "Branchloft Pathway": 339, "Brushland": 370, "Cave of the Frost Dragon": 453, "Collected Company": 538, "Elvish Mystic": 890, "Keen-Eyed Curator": 1578, "Kellan, Daring Traveler": 1580, "Llanowar Elves": 1735, "Voice of Resurgence": 3200, "Werefox Bodyguard": 3268, "Anointed Peacekeeper_SB": 95, "Gideon, Ally of Zendikar_SB": 1180, "Werefox Bodyguard_SB": 3269, "Yasharn, Implacable Earth_SB": 3329, "Blazemire Verge": 263, "Hive of the Eye Tyrant": 1384, "Molten Collapse_SB": 1882, "Camellia, the Seedmiser": 405, "Deathcap Glade": 675, "Gilded Goose": 1183, "Tarrian's Journal": 2848, "Thornvault Forager": 2956, "Trail of Crumbs": 3033, "Vinereap Mentor": 3183, "Bitter Triumph_SB": 251, "Pawpatch Formation_SB": 2116, "Manifold Mouse": 1791, "Redcap Melee_SB": 2299, "Jwari Disruption": 1534, "Brazen Borrower_SB": 345, "Disdainful Stroke_SB": 752, "Fable of the Mirror-Breaker_SB": 972, "Pyroclasm_SB": 2216, "Liliana of the Veil_SB": 1719, "Abhorrent Oculus": 1, "Heliod, the Radiant Dawn": 1355, "Marina Vendrell": 1803, "Spara's Headquarters": 2684, "Sunfall_SB": 2789, "Archdruid's Charm": 118, "Bala Ged Recovery": 188, "Dark Petition": 649, "Emergent Ultimatum": 898, "Fae of Wishes": 980, "Hidden Strings": 1373, "Impulse": 1440, "Lier, Disciple of the Drowned": 1700, "Lotus Field": 1756, "Lush Portico": 1769, "Omniscience": 2036, "Pore Over the Pages": 2172, "Strict Proctor": 2768, "Sylvan Scrying": 2825, "Thespian's Stage": 2942, "Vizier of Tumbling Sands": 3198, "Approach of the Second Sun_SB": 101, "Emergent Ultimatum_SB": 899, "Into the Flood Maw_SB": 1475, "Leyline of Sanctity_SB": 1695, "Nine Lives_SB": 1967, "Silence_SB": 2587, "Zacama, Primal Calamity_SB": 3343, "Arboreal Grazer": 109, "Botanical Sanctum": 333, "Hedge Maze": 1349, "Lair of the Hydra": 1655, "Peer into the Abyss": 2121, "Temple of Mystery": 2867, "Dragonlord Dromoka_SB": 790, "Elesh Norn, Mother of Machines": 874, "Gloomlake Verge": 1209, "Linvala, the Preserver": 1727, "Nowhere to Run": 1991, "Titan of Industry": 2996, "Zagoth Triome": 3345, "Zur, Eternal Schemer": 3360, "Hinterland Harbor": 1381, "Krenko's Buzzcrusher_SB": 1637, "Change the Equation_SB": 488, "Nezahal, Primal Tide_SB": 1950, "Dreamroot Cascade": 813, "Izzet Charm": 1505, "Otherworldly Gaze": 2060, "Ral, Crackling Wit": 2246, "Thing in the Ice": 2947, "Back to Nature_SB": 184, "Ral, Crackling Wit_SB": 2247, "Soul-Guide Lantern_SB": 2676, "Might of the Meek": 1849, "Omen of the Sea": 2030, "Brightclimb Pathway": 353, "History of Benalia": 1383, "Mirrex": 1862, "Shattered Sanctum": 2547, "Tocasia's Welcome": 3004, "Vanishing Verse": 3164, "Virtue of Loyalty": 3186, "Blessed Alliance_SB": 268, "Destroy Evil_SB": 729, "Hostile Investigator_SB": 1406, "March of Otherworldly Light_SB": 1796, "Chevill, Bane of Monsters": 497, "Fabled Passage": 973, "Freestrider Lookout": 1106, "Gifted Aetherborn": 1181, "Iridescent Vinelasher": 1493, "Mosswood Dreadknight": 1901, "Restless Cottage": 2338, "Vraska, Golgari Queen": 3227, "Anoint with Affliction_SB": 93, "Assassin's Trophy_SB": 153, "Tyrranax Rex_SB": 3077, "Liliana of the Veil": 1718, "Aclazotz, Deepest Betrayal": 16, "Cling to Dust": 530, "Demolition Field": 703, "Invoke Despair": 1489, "Kalitas, Traitor of Ghet": 1544, "March of Wretched Sorrow": 1799, "The Meathook Massacre": 2919, "Blot Out_SB": 299, "Kalitas, Traitor of Ghet_SB": 1545, "Ghitu Lavarunner": 1159, "Light Up the Stage": 1706, "Soul-Scar Mage": 2677, "Wizard's Lightning": 3306, "Isolate_SB": 1498, "Narset's Reversal_SB": 1933, "Rockface Village": 2385, "Declaration in Stone": 684, "Extraction Specialist": 967, "Kytheon, Hero of Akros": 1654, "Brutal Cathar_SB": 372, "Declaration in Stone_SB": 685, "Extraction Specialist_SB": 968, "Dreadmaw's Ire": 806, "Infuriate": 1450, "Inti, Seneschal of the Sun": 1471, "Deep-Cavern Bat_SB": 688, "Furnace Reins_SB": 1119, "Rockface Village_SB": 2386, "Assassin's Trophy": 152, "Bring to Light": 359, "Deadly Cover-Up": 668, "Deafening Clarion": 671, "Lightning Helix": 1712, "Molten Collapse": 1881, "Niv-Mizzet Reborn": 1974, "Niv-Mizzet, Supreme": 1977, "Omnath, Locus of Creation": 2033, "Sylvan Caryatid": 2821, "Tolsimir, Friend to Wolves": 3008, "Unmoored Ego": 3119, "Valki, God of Lies": 3153, "Culling Ritual_SB": 633, "Lightning Helix_SB": 1713, "Notion Thief_SB": 1989, "Boros Charm": 325, "Searing Blood": 2489, "Shock": 2566, "Deflecting Palm_SB": 697, "End the Festivities_SB": 906, "Roiling Vortex_SB": 2390, "Shefet Dunes": 2550, "Experimental Synthesizer": 960, "Gleeful Demolition": 1201, "Implement of Combustion": 1436, "Painter's Studio // Defaced Gallery": 2093, "Voldaren Epicure": 3209, "Natural State_SB": 1938, "Tormod's Crypt_SB": 3022, "Jegantha, the Wellspring": 1522, "Leyline of the Void": 1697, "Urabrask's Forge": 3134, "Cunning Nightbonder": 636, "Darkslick Shores": 652, "Errant and Giada": 927, "Faerie Mastermind": 983, "Plumecreed Escort": 2165, "Shipwreck Marsh": 2563, "Slitherwisp": 2640, "Watery Grave": 3255, "Cleansing Nova_SB": 522, "Containment Priest_SB": 586, "Metropolis Reformer_SB": 1846, "Tishana's Tidebinder_SB": 2995, "Vanishing Verse_SB": 3165, "Zareth San, the Trickster_SB": 3348, "Collision // Colossus": 545, "Pawpatch Recruit": 2117, "Questing Druid": 2221, "Snakeskin Veil": 2649, "Thornspire Verge": 2955, "Cindervines_SB": 510, "Concealed Weapon": 568, "Skysovereign, Consul Flagship_SB": 2627, "Clearwater Pathway": 525, "Devious Cover-Up": 735, "Dig Through Time": 743, "Drown in the Loch": 823, "Negate": 1946, "Restless Reef": 2341, "Torrential Gearhulk": 3024, "Undercity Sewers": 3100, "Valgavoth, Terror Eater_SB": 3151, "Horned Loch-Whale": 1399, "Enduring Curiosity_SB": 910, "Ancient Cornucopia": 74, "Brokers Hideout": 366, "Cabaretti Courtyard": 393, "Escape to the Wilds": 933, "Ill-Timed Explosion": 1427, "Kenrith, the Returned King": 1587, "Lotus Cobra": 1755, "Lumra, Bellow of the Woods": 1765, "Nissa, Resurgent Animist": 1971, "Port of Karfell": 2174, "Riveteers Overlook": 2376, "Spelunking": 2699, "The World Tree": 2941, "Worldsoul's Rage": 3315, "Deafening Clarion_SB": 672, "Titania, Voice of Gaea_SB": 3000, "Stern Dismissal": 2747, "Annul_SB": 91, "Inspired Idea_SB": 1464, "Lightning Axe_SB": 1711, "Thing in the Ice_SB": 2948, "Dream Trawler": 810, "Grafdigger's Cage_SB": 1263, "Hallowed Moonlight_SB": 1307, "Aftermath Analyst": 40, "Coati Scavenger": 535, "Echoing Deeps": 846, "Mystic Sanctuary": 1922, "Obscura Storefront": 2014, "Scapeshift": 2455, "Splendid Reclamation": 2718, "The Hunter Maze": 2914, "Atraxa, Grand Unifier_SB": 160, "Mockingbird": 1876, "Wedding Announcement": 3263, "Enduring Innocence_SB": 912, "Invasion of Gobakhan_SB": 1481, "Beacon Bolt": 222, "Prismari Command": 2190, "Spell Stutter": 2697, "Cryptic Coat_SB": 630, "Ratchet Bomb_SB": 2261, "The Filigree Sylex_SB": 2911, "Weathered Runestone_SB": 3260, "Caves of Koilos": 457, "Deep-Cavern Bat": 687, "Preacher of the Schism": 2185, "Scrapshooter_SB": 2473, "Sheoldred, the Apocalypse_SB": 2557, "Bishop of Wings": 245, "Emeria's Call": 900, "Giada, Font of Hope": 1165, "Kayla's Reconstruction": 1573, "Metropolis Reformer": 1845, "Resplendent Angel": 2332, "Righteous Valkyrie": 2360, "Reidane, God of the Worthy_SB": 2312, "Valgavoth, Terror Eater": 3150, "Heartless Act_SB": 1348, "Third Path Iconoclast_SB": 2951, "Geier Reach Sanitarium": 1145, "Beanstalk Giant": 224, "Consign // Oblivion": 578, "Greater Tanuki": 1276, "Quintorius Kand": 2227, "Release to the Wind": 2313, "Spark Double": 2685, "Spinewoods Armadillo": 2709, "Trumpeting Carnosaur": 3058, "Virtue of Persistence": 3188, "Cease // Desist_SB": 458, "Keruga, the Macrosage_SB": 1590, "Mirrorshell Crab_SB": 1867, "Roaring Furnace // Steaming Sauna_SB": 2382, "Virtue of Persistence_SB": 3189, "Big Score": 240, "Dwarven Mine": 839, "Indomitable Creativity": 1442, "Sundown Pass": 2787, "Alpine Moon_SB": 64, "Chandra, Acolyte of Flame_SB": 477, "Overlord of the Mistmoors_SB": 2082, "Go Blank": 1219, "Kaervek, the Punisher": 1535, "Waste Not": 3250, "Collective Brutality_SB": 541, "Graveyard Trespasser_SB": 1272, "Necromentia_SB": 1942, "Volcanic Spite": 3207, "All That Glitters": 59, "Demonic Ruckus": 708, "Escape Velocity": 932, "Ethereal Armor": 943, "Gryff's Boon": 1291, "Light-Paws, Emperor's Voice": 1709, "Optimistic Scavenger": 2044, "Sentinel's Eyes": 2520, "Shardmage's Rescue": 2542, "Sheltered by Ghosts": 2552, "Sram, Senior Edificer": 2732, "Abzan Advantage_SB": 11, "Restless Prairie": 2340, "Tyvar, the Pummeler": 3080, "Ajani, Sleeper Agent_SB": 52, "Elspeth Resplendent_SB": 881, "Keen-Eyed Curator_SB": 1579, "Kraul Harpooner_SB": 1634, "Archangel Avacyn": 113, "Baneslayer Angel": 201, "Blot Out": 298, "Pest Control": 2130, "Sejiri Shelter": 2509, "Shambling Vent": 2540, "Kunoros, Hound of Athreos_SB": 1648, "Legion's End_SB": 1682, "Lukka, Coppercoat Outcast_SB": 1763, "Sire of Insanity_SB": 2606, "Withering Torment_SB": 3302, "Gix, Yawgmoth Praetor": 1190, "Glissa Sunslayer": 1206, "Innkeeper's Talent": 1453, "Llanowar Wastes": 1737, "Questing Beast": 2219, "Tranquil Frillback": 3036, "Urgent Necropsy": 3139, "Vraska, Betrayal's Sting": 3225, "Deadly Cover-Up_SB": 669, "Despise_SB": 725, "Gix's Command_SB": 1189, "Sarulf, Realm Eater_SB": 2441, "Tear Asunder_SB": 2853, "Vivien, Arkbow Ranger_SB": 3195, "Nowhere to Run_SB": 1992, "Agatha's Soul Cauldron": 43, "Fear of Missing Out": 1008, "Marvin, Murderous Mimic": 1806, "Raucous Theater": 2263, "Tree of Perdition": 3046, "Voldaren Thrillseeker": 3210, "Chandra, Hope's Beacon_SB": 483, "Rakdos Charm_SB": 2240, "Cacophony Scamp": 396, "Invasion of Gobakhan": 1480, "Case of the Filched Falcon": 422, "Cryptic Coat": 629, "Darksteel Citadel": 653, "Ensoul Artifact": 917, "Gleaming Geardrake": 1200, "Legion Extruder": 1678, "Shrapnel Blast": 2576, "Smuggler's Copter": 2646, "Spyglass Siren": 2728, "Zoetic Glyph": 3355, "Brotherhood's End_SB": 369, "The Akroan War_SB": 2899, "Cavalier of Thorns": 451, "Invasion of Ixalan": 1482, "Kiora, Behemoth Beckoner": 1599, "Leyline of the Guildpact": 1696, "Nykthos, Shrine to Nyx": 2001, "Old-Growth Troll": 2024, "Outcaster Trailblazer": 2063, "Storm the Festival": 2757, "Ulvenwald Oddity": 3089, "Arasta of the Endless Web_SB": 108, "Cityscape Leveler_SB": 515, "Emrakul, the Promised End_SB": 903, "Nylea's Intervention_SB": 2002, "Obstinate Baloth_SB": 2015, "Polukranos Reborn_SB": 2169, "Setessan Petitioner_SB": 2526, "The Stone Brain_SB": 2935, "Misery's Shadow": 1869, "Ghost Vacuum_SB": 1162, "Arid Archway": 132, "Crumbling Vestige": 624, "Idyllic Tutor": 1425, "Mirrorpool": 1865, "Mortuary Mire": 1898, "Scattered Groves": 2456, "The Fair Basilica": 2910, "Elder Gargaroth_SB": 864, "Heartless Act": 1347, "Kolaghan's Command": 1624, "Sorin the Mirthless_SB": 2668, "Hostile Hostel": 1404, "Oath of Nissa": 2006, "Polukranos Reborn": 2168, "Sunken Citadel_SB": 2792, "Krenko's Buzzcrusher": 1636, "Arasta of the Endless Web": 107, "Koma, Cosmos Serpent": 1626, "Kutzil's Flanker": 1649, "Overlord of the Floodpits": 2078, "Ruric Thar, the Unbowed": 2416, "Westvale Abbey": 3271, "Sheoldred's Edict_SB": 2555, "Kolaghan's Command_SB": 1625, "Lovestruck Beast_SB": 1759, "Outland Liberator_SB": 2065, "Scavenging Ooze_SB": 2461, "Tamiyo's Safekeeping_SB": 2840, "Helping Hand": 1359, "Lunar Convocation": 1766, "Okiba Reckoner Raid": 2023, "Rowan's Grim Search": 2399, "Zoraline, Cosmos Caller": 3358, "Bitter Reunion": 249, "Skrelv's Hive_SB": 2613, "Chandra, Hope's Beacon": 482, "Dragonlord Dromoka": 789, "Nine Lives": 1966, "Soul Partition": 2671, "Fog_SB": 1074, "Grand Abolisher_SB": 1265, "Voyaging Satyr_SB": 3222, "Path to the World Tree": 2111, "Rootbound Crag": 2393, "Tranquil Frillback_SB": 3037, "Inspiring Overseer": 1466, "Guardian of Faith_SB": 1293, "Shapers' Sanctuary_SB": 2541, "Not on My Watch": 1986, "Abrupt Decay": 6, "Bloodchief's Thirst": 282, "Fecund Greenshell": 1012, "Glarb, Calamity's Augur": 1194, "Ipnu Rivulet": 1491, "Pillage the Bog": 2154, "Thought Distortion": 2957, "Bloodchief's Thirst_SB": 283, "Cityscape Leveler": 514, "Wolfwillow Haven": 3309, "Coveted Falcon": 601, "Leyline of Sanctity": 1694, "Mirrormade": 1864, "Authority of the Consuls_SB": 169, "Soul Partition_SB": 2672, "Ertai Resurrected": 929, "Kaito, Bane of Nightmares": 1540, "Lazav, Wearer of Faces": 1669, "The End": 2906, "Tishana's Tidebinder": 2994, "Underground River": 3102, "Filter Out_SB": 1042, "Test of Talents_SB": 2887, "Unlucky Witness": 3118, "Elspeth's Smite_SB": 883, "Rottenmouth Viper": 2396, "Brave the Elements": 342, "Soldier of the Pantheon": 2659, "Imposing Sovereign_SB": 1438, "Clifftop Retreat": 529, "Fires of Invention": 1048, "Touch the Spirit Realm": 3027, "Floodpits Drowner": 1066, "Kaito Shizuki": 1538, "Nighthawk Scavenger": 1959, "Soaring Thought-Thief": 2657, "Thieves' Guild Enforcer": 2945, "Cut Down_SB": 644, "Pyroclasm": 2215, "Kroxa, Titan of Death's Hunger_SB": 1644, "Demonic Counsel": 706, "Metamorphic Alteration": 1842, "Rush of Dread": 2419, "Go for the Throat_SB": 1223, "Scrapshooter": 2472, "Hope Tender_SB": 1395, "Blast Zone_SB": 262, "Fiery Impulse_SB": 1036, "Three Steps Ahead_SB": 2973, "Infernal Grasp": 1447, "Kayla's Command": 1572, "Realmwalker": 2279, "Vito, Thorn of the Dusk Rose": 3192, "Ajani, Strength of the Pride_SB": 54, "Kayla's Reconstruction_SB": 1574, "Setessan Petitioner": 2525, "Prowling Serpopard_SB": 2209, "Elspeth, Sun's Champion": 884, "Shadows' Verdict_SB": 2532, "Slip Out the Back": 2638, "Snow-Covered Island": 2653, "Into the Story": 1477, "Crypt Incursion_SB": 627, "Blossoming Tortoise": 297, "Cascading Cataracts": 419, "Castle Garenbrig": 433, "Golos, Tireless Pilgrim": 1256, "Insidious Fungus": 1461, "Leyline of Mutation": 1691, "Wakeroot Elemental": 3232, "Gruff Triplets_SB": 1285, "Hornet Queen_SB": 1401, "Ulamog, the Ceaseless Hunger_SB": 3085, "Kitsa, Otterball Elite": 1606, "Beacon Bolt_SB": 223, "Analyze the Pollen": 71, "Commune with the Gods": 566, "Valgavoth's Onslaught": 3149, "Cavern of Souls_SB": 456, "Glissa Sunslayer_SB": 1207, "Rotting Regisaur_SB": 2398, "Boseiju, Who Endures_SB": 331, "Elspeth, Sun's Champion_SB": 885, "Bonecrusher Giant_SB": 313, "Galvanic Iteration": 1126, "Temporal Trespass": 2871, "Young Pyromancer_SB": 3340, "Klothys, God of Destiny": 1607, "Arabella, Abandoned Doll": 103, "Imodane's Recruiter": 1432, "Knight-Errant of Eos": 1616, "Novice Inspector": 1990, "Thraben Inspector": 2967, "Venerated Loxodon": 3174, "Warden of the Inner Sky": 3241, "Unmoored Ego_SB": 3120, "Viashino Pyromancer": 3180, "Bedeck // Bedazzle": 226, "Clever Impersonator": 526, "Creative Outburst": 613, "Xander's Lounge": 3323, "Doomskar_SB": 778, "Stormkeld Vanguard_SB": 2760, "Vanquish the Horde_SB": 3167, "Brimaz, King of Oreskos_SB": 356, "Iymrith, Desert Doom": 1503, "Aven Interrupter_SB": 172, "Eidolon of Rhetoric_SB": 856, "Lukka, Coppercoat Outcast": 1762, "Mox Amber": 1905, "Plaza of Heroes": 2164, "Retraction Helix": 2346, "Rona, Herald of Invasion": 2392, "Seed of Hope": 2502, "Thundertrap Trainer": 2983, "Tyvar, Jubilant Brawler": 3079, "Aetherflux Reservoir_SB": 33, "Mox Amber_SB": 1906, "Retraction Helix_SB": 2347, "Spell Pierce_SB": 2694, "Undead Sprinter": 3099, "Temur Battle Rage": 2875, "Search for Glory": 2488, "Depopulate_SB": 717, "Ashiok, Dream Render": 143, "Desert of the Indomitable": 721, "Vaultborn Tyrant": 3169, "Nahiri, the Harbinger_SB": 1928, "Worldspine Wurm_SB": 3317, "Xenagos, God of Revels_SB": 3325, "Founding the Third Path": 1093, "Hooting Mandrills": 1394, "Neoform": 1948, "Stubborn Denial": 2772, "Tasigur, the Golden Fang": 2850, "Wail of the Forgotten": 3231, "Chandra, Dressed to Kill_SB": 481, "Feed the Cycle": 1014, "Woodland Cemetery": 3312, "Agatha of the Vile Cauldron": 42, "Bard Class": 210, "Domri, Anarch of Bolas": 772, "Gallia of the Endless Dance": 1125, "Hajar, Loyal Bodyguard": 1302, "Halana and Alena, Partners": 1303, "Itzquinth, Firstborn of Gishath": 1500, "Migloz, Maze Crusher": 1850, "Rockfall Vale": 2387, "Ruby, Daring Tracker": 2407, "Samut, Vizier of Naktamun": 2431, "Samut, Voice of Dissent": 2432, "Shadowspear": 2533, "Targ Nar, Demon-Fang Gnoll": 2847, "Xenagos, the Reveler": 3326, "Lithomantic Barrage_SB": 1732, "Discontinuity": 749, "Agent of Treachery": 45, "Noxious Grasp_SB": 1995, "Blast Zone": 261, "Shoot the Sheriff": 2568, "The Celestus": 2903, "March of Wretched Sorrow_SB": 1800, "Battle Cry Goblin": 218, "Call of the Death-Dweller": 400, "Conspicuous Snoop": 580, "Fireblade Charger": 1046, "Goblin Chainwhirler": 1228, "Rundvelt Hordemaster": 2412, "Skirk Prospector": 2611, "Agatha's Soul Cauldron_SB": 44, "Shoot the Sheriff_SB": 2569, "Heliod's Intervention_SB": 1353, "Kazuul's Fury": 1576, "Pawpatch Formation": 2115, "Reckless Bushwhacker_SB": 2284, "Caustic Bronco_SB": 448, "Crumb and Get It": 621, "Loran's Escape": 1747, "Blessed Defiance_SB": 270, "Rite of the Moth": 2371, "Valgavoth's Faithful": 3147, "Collective Brutality": 540, "Elder Gargaroth": 863, "Koma, Cosmos Serpent_SB": 1627, "Eidolon of Rhetoric": 855, "Deputy of Detention_SB": 719, "Destiny Spinner_SB": 727, "Discovery // Dispersal": 751, "Mirrorshell Crab": 1866, "Warrant // Warden_SB": 3247, "Yavimaya Coast": 3330, "Colossal Dreadmaw_SB": 548, "Dewdrop Cure_SB": 739, "Flamecache Gecko_SB": 1056, "Kaya, Orzhov Usurper_SB": 1570, "Pest Control_SB": 2131, "Path of Peril": 2109, "Casualties of War": 437, "Gaze of Granite": 1144, "Professor Onyx": 2193, "Ruinous Path": 2410, "Seasons Past": 2496, "Carnage Tyrant_SB": 416, "Fade from History_SB": 977, "Feed the Clan_SB": 1013, "Life Goes On_SB": 1702, "Lost Legacy_SB": 1752, "Shifting Ceratops_SB": 2559, "Urborg Scavengers": 3137, "Zareth San, the Trickster": 3347, "Murderous Cut_SB": 1913, "Audacity": 164, "Gladecover Scout": 1192, "Glaring Aegis": 1196, "Hammerhand": 1309, "Kaya's Ghostform": 1564, "Skrelv, Defector Mite": 2614, "Dromoka's Command_SB": 820, "Glacial Fortress": 1191, "Boon-Bringer Valkyrie_SB": 322, "Commit // Memory_SB": 563, "Shock_SB": 2567, "Wild Slash_SB": 3279, "Eldrazi Displacer": 865, "Siege Rhino": 2580, "Acererak the Archlich": 15, "Gwenna, Eyes of Gaea": 1298, "Honest Rutstein": 1391, "Lazav, the Multifarious": 1670, "Nashi, Searcher in the Dark": 1937, "Relic of Legends": 2315, "Slogurk, the Overslime": 2641, "The Reality Chip": 2926, "Elas il-Kor, Sadistic Pilgrim_SB": 861, "Jirina, Dauntless General_SB": 1529, "Kutzil, Malamet Exemplar_SB": 1652, "Thalia, Guardian of Thraben_SB": 2892, "Lava Axe": 1663, "Dreadmaw's Ire_SB": 807, "Gods Willing_SB": 1251, "The Cruelty of Gix": 2904, "Untimely Malfunction_SB": 3128, "Chainsaw": 470, "Unsubstantiate": 3124, "Fry_SB": 1113, "Clockwork Percussionist": 532, "Combat Courier": 554, "Heartfire": 1344, "Metallic Rebuke_SB": 1840, "Voltage Surge_SB": 3214, "Nahiri, the Harbinger": 1927, "Abrade": 3, "Sanctuary Warden": 2433, "Angel of Serenity_SB": 78, "Duelist of the Mind": 829, "Evangel of Synthesis": 944, "Overgrown Farmland": 2071, "Parting Gust": 2104, "Aclazotz, Deepest Betrayal_SB": 17, "Valakut Awakening": 3146, "Dreadhorde Arcanist_SB": 803, "Hanged Executioner_SB": 1313, "Doomsday Excruciator": 776, "Jace, the Perfected Mind": 1516, "Enter the God-Eternals_SB": 918, "Gideon of the Trials": 1173, "Gideon of the Trials_SB": 1174, "Blossoming Defense": 295, "Murderous Rider": 1914, "Cling to Dust_SB": 531, "Karn's Sylex_SB": 1556, "Liliana, the Last Hope_SB": 1725, "Liliana, Waker of the Dead_SB": 1723, "Pilfer_SB": 2152, "Omnath, Locus of the Roil": 2035, "Risen Reef": 2367, "Roaming Throne": 2378, "Giant Growth": 1167, "Witchstalker Frenzy": 3296, "Klothys, God of Destiny_SB": 1608, "Hostage Taker_SB": 1403, "Canyon Slough": 410, "Witchstalker Frenzy_SB": 3297, "Claim the Firstborn_SB": 520, "Balustrade Wurm_SB": 194, "Questing Beast_SB": 2220, "Tail Swipe_SB": 2830, "Scourge of the Skyclaves": 2468, "Unholy Annex // Ritual Chamber_SB": 3111, "Imodane's Recruiter_SB": 1433, "Thought-Knot Seer_SB": 2961, "Warping Wail_SB": 3245, "Dream Trawler_SB": 811, "Katilda, Dawnhart Martyr_SB": 1561, "Kroxa and Kunoros": 1642, "Callous Bloodmage_SB": 402, "Casualties of War_SB": 438, "Entity Tracker_SB": 921, "Saheeli, Sublime Artificer_SB": 2426, "Lofty Denial_SB": 1739, "Blade of the Oni": 257, "Unholy Annex && Ritual Chamber": 3108, "Sheltered by Ghosts_SB": 2553, "Banefire": 198, "Behold the Multiverse": 231, "Sulfur Falls": 2779, "Thundering Falls": 2982, "Noxious Gearhulk": 1993, "Agent of Treachery_SB": 46, "Skewer the Critics": 2610, "Goblin Chainwhirler_SB": 1229, "Razorkin Needlehead_SB": 2269, "Unlicensed Hearse": 3115, "Bandit's Talent": 196, "Languish": 1658, "Bandit's Talent_SB": 197, "Thassa's Oracle_SB": 2896, "Careful Cultivation": 412, "Courier's Briefcase": 599, "Loran of the Third Path_SB": 1746, "Aetherling_SB": 36, "Archon of Sun's Grace_SB": 129, "Sea Gate Restoration": 2480, "Containment Priest": 585, "Thalia, Heretic Cathar": 2893, "Veteran Survivor": 3179, "Kambal, Consul of Allocation_SB": 1547, "Soul Search_SB": 2673, "Jadar, Ghoulcaller of Nephalia": 1517, "Legion's Landing": 1683, "Toby, Beastie Befriender": 3003, "Faithful Mending": 986, "Stitcher's Supplier": 2750, "Void Rend_SB": 3204, "Luminarch Aspirant": 1764, "Voice of Resurgence_SB": 3201, "Regal Caracal_SB": 2308, "Sentinel of the Nameless City": 2518, "Drannith Magistrate": 795, "Grand Abolisher": 1264, "Loran of the Third Path": 1745, "The Wandering Rescuer": 2938, "Dawn's Truce_SB": 657, "Eerie Interlude_SB": 851, "Ossification_SB": 2055, "Unwanted Remake_SB": 3130, "Roaring Furnace && Steaming Sauna": 2379, "Drowned Catacomb": 824, "Jace, Wielder of Mysteries": 1514, "Hired Claw": 1382, "Ojer Axonil, Deepest Might": 2021, "Razorkin Needlehead": 2268, "Bonny Pall, Clearcutter": 315, "Azorius Charm": 180, "Rewind": 2353, "Lantern of the Lost_SB": 1661, "Fog": 1073, "Niv-Mizzet, Parun_SB": 1976, "Aloe Alchemist": 61, "Cunning Coyote": 635, "Solemnity_SB": 2662, "Nimble Larcenist": 1964, "Vein Ripper": 3170, "Mazemind Tome": 1821, "Alpha Authority": 62, "Cartouche of Solidarity": 418, "Toadstool Admirer": 3002, "Warbriar Blessing": 3239, "Blade of the Oni_SB": 258, "Ray of Enfeeblement_SB": 2266, "Cut Down": 643, "Reflector Mage": 2302, "Callous Bloodmage": 401, "Trial of Ambition": 3049, "Malcolm, Alluring Scoundrel": 1786, "Glimmerburst": 1202, "Make Disappear": 1783, "Portal to Phyrexia": 2178, "Fires of Victory_SB": 1050, "Memory Deluge_SB": 1830, "Mirrex_SB": 1863, "Test of Talents": 2886, "Sawblade Skinripper": 2452, "Dromoka's Command": 819, "Faerie Miscreant": 985, "Moon-Circuit Hacker": 1894, "Ornithopter": 2050, "Silver-Fur Master": 2591, "Floodpits Drowner_SB": 1067, "Kaito Shizuki_SB": 1539, "Snow-Covered Mountain": 2654, "Ascendant Spirit": 139, "Faceless Haven": 975, "Spectral Adversary": 2689, "Blue Sun's Twilight_SB": 301, "Cemetery Illuminator_SB": 463, "Vren, the Relentless_SB": 3230, "Eidolon of the Great Revel": 857, "Rampaging Ferocidon": 2255, "Torbran, Thane of Red Fell": 3016, "Goblin Rabblemaster": 1236, "Grumgully, the Generous": 1286, "Hobgoblin Bandit Lord": 1386, "Legion Warboss": 1681, "Metallic Mimic": 1838, "Squee, Dubious Monarch": 2729, "Nissa, Who Shakes the World": 1973, "Metallic Rebuke": 1839, "Reality Shift_SB": 2276, "Stubborn Denial_SB": 2773, "Jace, Vryn's Prodigy_SB": 1513, "Barkchannel Pathway": 211, "Empyrean Eagle": 901, "Phantom Interference": 2132, "Selfless Spirit": 2515, "Selfless Spirit_SB": 2516, "Necromentia": 1941, "Bloodletter of Aclazotz_SB": 286, "Gifted Aetherborn_SB": 1182, "Ancestral Anger_SB": 73, "Exquisite Firecraft_SB": 962, "Lord Skitter, Sewer King": 1749, "Pack Rat": 2089, "Fracture_SB": 1099, "Fear of Impostors": 1005, "Scorching Dragonfire": 2462, "Dire Tactics": 748, "General Kudro of Drannith": 1148, "Hugs, Grisly Guardian": 1410, "Muerra, Trash Tactician": 1907, "Roxanne, Starfall Savant": 2401, "Tatyova, Benthic Druid": 2851, "Vren, the Relentless": 3229, "Ertai Resurrected_SB": 930, "Blossoming Defense_SB": 296, "Questing Druid_SB": 2222, "Rottenmouth Viper_SB": 2397, "Sign in Blood": 2585, "Approach of the Second Sun": 100, "Colossal Skyturtle": 549, "Zacama, Primal Calamity": 3342, "Stormsplitter_SB": 2762, "Toxin Analysis": 3030, "Chord of Calling": 503, "Dwynen's Elite": 840, "Elvish Warmaster": 893, "Gnarlroot Trapper": 1216, "Jaspera Sentinel": 1520, "Leaf-Crowned Visionary": 1673, "Reclamation Sage": 2292, "Scavenging Ooze": 2460, "Secluded Courtyard": 2497, "Shaman of the Pack": 2539, "Three Tree City": 2974, "Knight of Dusk's Shadow_SB": 1612, "Lavinia, Azorius Renegade_SB": 1667, "Soulless Jailer_SB": 2680, "Thrun, Breaker of Silence_SB": 2977, "Maestros Theater": 1776, "Elspeth's Smite": 882, "Spell Queller_SB": 2696, "Restless Vents": 2344, "Wandering Mind": 3237, "Cleansing Nova": 521, "Lofty Denial": 1738, "Temple of Epiphany": 2864, "Culling Ritual": 632, "Kotose, the Silent Spider": 1632, "Yasharn, Implacable Earth": 3328, "Radiant Flames_SB": 2232, "Deputy of Detention": 718, "Spirited Companion": 2716, "Zur, Eternal Schemer_SB": 3361, "Chimil, the Inner Sun_SB": 500, "Beseech the Mirror": 235, "Candy Trail": 408, "Festering Gulch": 1027, "Gingerbread Cabin": 1185, "Hidden Necropolis": 1371, "Underground Mortuary": 3101, "Banefire_SB": 199, "Proft's Eidetic Memory_SB": 2198, "Elas il-Kor, Sadistic Pilgrim": 860, "Archdruid's Charm_SB": 119, "Field of Ruin_SB": 1031, "Dust Animus_SB": 838, "Den of the Bugbear_SB": 712, "Showdown of the Skalds_SB": 2575, "Feed the Swarm": 1016, "Hullbreaker Horror": 1413, "Redcap Heelslasher_SB": 2297, "Tinybones, the Pickpocket": 2992, "Chandra, Dressed to Kill": 480, "Dryad's Revival": 828, "Artist's Talent_SB": 138, "Break Out": 346, "Footfall Crater": 1077, "Omnivorous Flytrap": 2037, "Patchwork Beastie": 2108, "Wildfire Wickerfolk": 3281, "Migloz, Maze Crusher_SB": 1851, "Winter's Intervention": 3290, "Nighthawk Scavenger_SB": 1960, "Hopeless Nightmare": 1398, "Come Back Wrong_SB": 558, "Brass Knuckles": 340, "Fabrication Foundry": 974, "Fomori Vault": 1076, "Gilded Pinions": 1184, "Glass Casket": 1197, "Ingenious Smith": 1452, "Inventors' Fair": 1487, "Lavaspur Boots": 1666, "Metalwork Colossus": 1841, "Moonsnare Prototype": 1896, "Mystic Forge": 1918, "Sanctum of Ugin": 2434, "Simulacrum Synthesizer": 2602, "The Irencrag": 2916, "Thousand Moons Smithy": 2964, "Wedding Invitation": 3265, "Glass Casket_SB": 1198, "Mystic Forge_SB": 1919, "Shadowspear_SB": 2534, "Bonders' Enclave": 310, "Voyaging Satyr": 3221, "Nicol Bolas, Dragon-God_SB": 1954, "Bloodtithe Harvester_SB": 291, "Tale's End": 2834, "Innkeeper's Talent_SB": 1454, "Royal Treatment_SB": 2404, "Caustic Bronco": 447, "Protect the Negotiators_SB": 2208, "Charming Prince": 492, "Prosperous Innkeeper": 2204, "Reidane, God of the Worthy": 2311, "Sanguine Evangelist": 2438, "Archfiend of the Dross_SB": 123, "Metamorphic Alteration_SB": 1843, "Mystic Monastery": 1920, "Warrant // Warden": 3246, "Reduce // Rubble_SB": 2301, "Devout Decree_SB": 737, "Vivien, Champion of the Wilds_SB": 3196, "Liliana, Death's Majesty": 1720, "Combat Thresher": 556, "Flicker of Fate": 1061, "Phyrexian Fleshgorger": 2141, "Scrollshift": 2478, "Shadowy Backstreet": 2535, "Oath of Kaya_SB": 2005, "Languish_SB": 1659, "Ritual of Soot_SB": 2373, "Thespian's Stage_SB": 2943, "Decimator of the Provinces": 683, "Fauna Shaman": 1001, "Serra Paragon": 2522, "Shalai, Voice of Plenty": 2537, "Turntimber Symbiosis": 3065, "Welcoming Vampire": 3266, "Ashen Rider": 140, "Borborygmos Enraged": 323, "Icon of Ancestry": 1422, "Fading Hope_SB": 979, "Fountainport_SB": 1098, "Icon of Ancestry_SB": 1423, "Unable to Scream_SB": 3093, "Dragonlord Silumgar": 791, "Renegade Rallier": 2321, "Dokuchi Silencer_SB": 768, "Surge of Salvation_SB": 2806, "Wish": 3292, "Galvanic Iteration_SB": 1127, "Lier, Disciple of the Drowned_SB": 1701, "Otawara, Soaring City_SB": 2058, "Silverback Elder_SB": 2593, "Duskwatch Recruiter": 837, "Haywire Mite": 1335, "Toski, Bearer of Secrets_SB": 3026, "Parting Gust_SB": 2105, "Abuelo's Awakening": 9, "Fallaji Archaeologist": 988, "Radical Idea": 2233, "Thirst for Meaning": 2953, "Monstrous Emergence_SB": 1888, "Adanto Vanguard_SB": 20, "Shardmage's Rescue_SB": 2543, "Skrelv's Hive": 2612, "Chandra, Torch of Defiance_SB": 486, "Doorkeeper Thrull_SB": 779, "Aetherflux Reservoir": 32, "Cathartic Pyre": 444, "Dig Through Time_SB": 744, "Faceless Haven_SB": 976, "Finale of Revelation_SB": 1045, "Kinnan, Bonder Prodigy": 1597, "Sorin the Mirthless": 2667, "Unholy Annex && Ritual Chamber_SB": 3109, "Bedeck // Bedazzle_SB": 227, "Consign // Oblivion_SB": 579, "Gyruda, Doom of Depths_SB": 1300, "Roaring Furnace && Steaming Sauna_SB": 2380, "Foulmire Knight": 1092, "Hostile Investigator": 1405, "Wild Slash": 3278, "Tenacious Underdog": 2877, "Cry of the Carnarium_SB": 626, "Gaea's Revenge_SB": 1123, "Omen Hawker": 2026, "The Enigma Jewel": 2908, "Unable to Scream": 3092, "Felonious Rage": 1023, "Magebane Lizard": 1779, "Leyline of Combustion_SB": 1689, "Consuming Fervor": 583, "Thud": 2978, "Rotten Reunion_SB": 2395, "Demilich": 701, "Pieces of the Puzzle": 2150, "Snow-Covered Plains": 2655, "Unstoppable Slasher_SB": 3123, "Gloomshrieker": 1210, "Void Rend": 3203, "Creosote Heath": 615, "Lush Oasis": 1768, "Kenrith, the Returned King_SB": 1588, "Adanto Vanguard": 19, "Kellan, the Fae-Blooded_SB": 1584, "Exorcise_SB": 950, "Fateful Absence": 999, "Baneslayer Angel_SB": 202, "Get Out_SB": 1154, "Jirina, Dauntless General": 1528, "Rotten Reunion": 2394, "Illness in the Ranks_SB": 1429, "Virulent Plague_SB": 3191, "Ghost Vacuum": 1161, "Withering Torment": 3301, "Divine Smite_SB": 765, "Baleful Mastery": 190, "Confounding Riddle": 574, "Hagra Mauling": 1301, "Overlord of the Floodpits_SB": 2079, "Sphinx's Revelation": 2702, "Anoint with Affliction": 92, "Angrath, the Flame-Chained_SB": 83, "Surge of Salvation": 2805, "Dark Betrayal_SB": 648, "Archangel of Wrath": 117, "Demonic Pact": 707, "Disturbing Mirth": 760, "Doom Foretold": 774, "Harmless Offering": 1320, "Kaya's Wrath": 1566, "Rite of Oblivion": 2369, "Tinybones Joins Up": 2990, "Treacherous Blessing": 3042, "Slaughter Games_SB": 2629, "Goldvein Hydra": 1252, "Pick Your Poison": 2147, "Ulamog, the Ceaseless Hunger": 3084, "Vorinclex": 3218, "Vorinclex, Monstrous Raider": 3219, "Kogla, the Titan Ape_SB": 1623, "Nissa, Ascended Animist_SB": 1970, "Nullhide Ferox_SB": 1997, "Turn the Earth_SB": 3064, "Supreme Will": 2803, "Lair of the Hydra_SB": 1656, "Eldritch Evolution": 868, "The Scarab God": 2929, "Vivien, Arkbow Ranger": 3194, "Isolated Chapel": 1499, "Fading Hope": 978, "Icingdeath, Frost Tyrant": 1421, "Sleep-Cursed Faerie": 2632, "Obliterating Bolt_SB": 2011, "Recommission": 2294, "Squee, Dubious Monarch_SB": 2730, "Pelakka Predation": 2123, "The Scarab God_SB": 2930, "Requisition Raid_SB": 2329, "Raze the Effigy_SB": 2267, "Steamcore Scholar": 2743, "Twinferno": 3067, "Collision // Colossus_SB": 546, "Ghostly Dancers": 1163, "Chimil, the Inner Sun": 499, "Bile Blight_SB": 241, "Meathook Massacre II_SB": 1824, "Case of the Crimson Pulse": 420, "Unchained Berserker_SB": 3096, "The Royal Scions": 2928, "Untimely Malfunction": 3127, "Ondu Inversion": 2038, "Dragonskull Summit": 792, "Emrakul, the Promised End": 902, "Despark_SB": 723, "Glistening Deluge_SB": 1208, "Goblin Ringleader_SB": 1238, "Adeline, Resplendent Cathar_SB": 23, "Treasure Cruise_SB": 3045, "Oracle of Tragedy": 2046, "Satyr Wayfinder": 2444, "Soulflayer": 2679, "Striped Riverwinder": 2770, "Zetalpa, Primal Dawn": 3351, "Golgari Charm_SB": 1254, "Witherbloom Command_SB": 3300, "Zetalpa, Primal Dawn_SB": 3352, "Sanguine Evangelist_SB": 2439, "Epic Downfall_SB": 923, "Crackling Drake": 603, "Cynical Loner": 646, "Restless Fortress": 2339, "The Restoration of Eiganjo": 2927, "Case of the Gateway Express": 423, "Resolute Reinforcements": 2330, "Behold the Multiverse_SB": 232, "Experimental Augury": 957, "Inescapable Blaze_SB": 1445, "Hazoret the Fervent": 1337, "Tyvar, the Pummeler_SB": 3081, "Blue Sun's Twilight": 300, "Clifftop Lookout": 528, "Conduit Pylons": 573, "Dreamdew Entrancer": 812, "Outcaster Greenblade": 2062, "Magma Opus": 1781, "Stern Lesson": 2749, "Sublime Epiphany": 2775, "Unauthorized Exit": 3094, "Aetherling": 35, "Souls of the Lost": 2681, "Tainted Indulgence": 2831, "Cenote Scout": 465, "Deeproot Pilgrimage": 691, "Kumena, Tyrant of Orazca": 1647, "Kumena's Speaker": 1646, "Merfolk Trickster": 1837, "Triton Tactics": 3053, "Vodalian Hexcatcher": 3199, "Eaten by Piranhas_SB": 845, "Masked Vandal_SB": 1807, "Abraded Bluffs": 5, "Furycalm Snarl": 1120, "Magda, the Hoardmaster": 1778, "Smash to Smithereens_SB": 2642, "Silence": 2586, "Tome Scour": 3010, "Tormod's Crypt": 3021, "Professor Onyx_SB": 2194, "Tome Scour_SB": 3011, "Quick Study": 2223, "Ashiok, Nightmare Muse": 145, "Day's Undoing_SB": 663, "Long Goodbye_SB": 1741, "Foundry Street Denizen": 1094, "Kari Zev's Expertise": 1553, "Domri's Ambush_SB": 771, "Glorious End_SB": 1211, "Gruul Charm_SB": 1288, "Commercial District": 561, "Goblin Instigator": 1231, "Kenrith's Transformation_SB": 1586, "Wolfwillow Haven_SB": 3310, "Sorin, Vengeful Bloodlord": 2669, "Elvish Archivist": 887, "Garruk, Unleashed": 1134, "Vraan, Executioner Thane_SB": 3223, "Davriel, Rogue Shadowmage_SB": 656, "Saiba Cryptomancer": 2427, "Staggering Insight": 2734, "Slip Out the Back_SB": 2639, "Authority of the Consuls": 168, "Doomskar": 777, "Gideon's Intervention": 1175, "Ixalan's Binding": 1501, "Rest in Peace": 2334, "Search for Azcanta": 2487, "Solemnity": 2661, "Sorcerous Spyglass": 2665, "Coveted Falcon_SB": 602, "Devastating Mastery_SB": 734, "Gideon's Intervention_SB": 1176, "Vivien Reid_SB": 3193, "Key to the City": 1595, "Swan Song_SB": 2813, "Forest_SB": 1084, "Royal Treatment": 2403, "Lightning Strike_SB": 1716, "Twisted Fealty_SB": 3072, "Embereth Shieldbreaker_SB": 896, "Emry, Lurker of the Loch": 904, "Valley Floodcaller": 3155, "Jace, Wielder of Mysteries_SB": 1515, "Youthful Valkyrie": 3341, "Lion Sash_SB": 1730, "Soul Transfer": 2674, "Sorcerous Spyglass_SB": 2666, "Sweltering Suns_SB": 2815, "Mosswood Dreadknight_SB": 1902, "Murderous Rider_SB": 1915, "Anzrag, the Quake-Mole": 97, "Obliterating Bolt": 2010, "Reckless Stormseeker": 2288, "The Akroan War": 2898, "The Huntsman's Redemption": 2915, "Rakdos, the Muscle": 2244, "Feldon, Ronom Excavator": 1018, "Sprite Dragon": 2727, "Delney, Streetwise Lookout": 699, "Stern Dismissal_SB": 2748, "Reflector Mage_SB": 2303, "Outland Liberator": 2064, "Satoru, the Infiltrator": 2443, "Deathrite Shaman": 679, "Forsaken Miner": 1086, "Insidious Roots": 1462, "Priest of Forgotten Gods": 2188, "Rubblebelt Maverick": 2406, "Scrapheap Scrounger": 2471, "Niv-Mizzet, Parun": 1975, "Teshar, Ancestor's Apostle": 2885, "Titania, Voice of Gaea": 2999, "Anafenza, the Foremost_SB": 70, "Nicol Bolas, the Ravager_SB": 1956, "Talion, the Kindly Lord_SB": 2838, "Fires of Victory": 1049, "Behold the Beyond": 230, "Azor, the Lawbringer_SB": 179, "Karametra's Blessing_SB": 1552, "Kaya's Ghostform_SB": 1565, "Skrelv, Defector Mite_SB": 2615, "Giant Killer": 1168, "Nebelgast Herald": 1939, "Patrician Geist": 2113, "Exclusion Mage_SB": 948, "Unsubstantiate_SB": 3125, "Castle Ardenvale_SB": 431, "Fragmentize_SB": 1100, "Kaito, Bane of Nightmares_SB": 1541, "Ossification": 2054, "Bolas's Citadel": 302, "Catacomb Sifter": 439, "Woe Strider": 3307, "Status // Statue_SB": 2740, "Lost Jitte": 1751, "Lay Down Arms": 1668, "Bloodsoaked Champion": 287, "Hostage Taker": 1402, "Kaito, Dancing Shadow_SB": 1543, "Ashiok, Nightmare Muse_SB": 146, "Detention Sphere": 732, "Trostani, Three Whispers": 3057, "Flip the Switch": 1064, "Lazotep Plating": 1671, "Anger of the Gods": 80, "Dazzling Reflection_SB": 665, "Ahn-Crop Crasher_SB": 49, "Voracious Hydra_SB": 3217, "Maskwood Nexus": 1808, "Surge of Righteousness_SB": 2804, "Highway Robbery": 1380, "Assemble the Players": 155, "Ledger Shredder_SB": 1675, "Kaya the Inexorable": 1562, "Despise": 724, "Elvish Rejuvenator": 891, "Glimpse the Core": 1204, "Shrine of the Forsaken Gods": 2579, "Ugin, the Spirit Dragon": 3082, "World Breaker": 3314, "Spatial Contortion_SB": 2686, "Jeskai Ascendancy": 1524, "Mishra's Research Desk": 1872, "Restless Spire": 2343, "Biting-Palm Ninja": 246, "Dokuchi Silencer": 767, "Thousand-Faced Shadow": 2965, "Prosperous Thief": 2206, "Marina Vendrell_SB": 1804, "Shivan Devastator": 2564, "Avabruck Caretaker": 170, "Starfield of Nyx": 2737, "Demon of Dark Schemes_SB": 704, "Harvester of Misery_SB": 1325, "Progenitor Mimic_SB": 2200, "Valki, God of Lies_SB": 3154, "Defabricate": 692, "Nahiri, the Unforgiving": 1929, "Extract the Truth_SB": 966, "Lion Sash": 1729, "Archon of Absolution_SB": 125, "Garruk's Harbinger_SB": 1131, "Sandstalker Moloch_SB": 2435, "Diamond Pick-Axe": 740, "Experimental Confectioner": 958, "Blood Baron of Vizkopa_SB": 276, "Portent Tracker": 2180, "Leyline of Hope": 1690, "Kambal, Profiteering Mayor_SB": 1548, "Charge Through": 491, "Fight as One": 1039, "Leonin Lightscribe": 1684, "March of Burgeoning Life": 1794, "Season of Growth": 2493, "Tamiyo's Safekeeping": 2839, "Unwanted Remake": 3129, "Venerated Rotpriest": 3175, "Warriors' Lesson": 3248, "Collected Company_SB": 539, "Moon-Blessed Cleric_SB": 1893, "Silverfur Partisan_SB": 2595, "Thalia, Heretic Cathar_SB": 2894, "Scorching Dragonfire_SB": 2463, "Mogis, God of Slaughter_SB": 1879, "Bedevil": 228, "Gala Greeters": 1124, "Jinnie Fay, Jetmir's Second": 1527, "Act of Treason_SB": 18, "Heroic Intervention_SB": 1368, "Consecrate // Consume_SB": 576, "Bloody Betrayal_SB": 292, "Knight of Grace_SB": 1614, "Evolved Sleeper": 945, "Tomik, Wielder of Law": 3013, "Sorin, Vengeful Bloodlord_SB": 2670, "Up the Beanstalk_SB": 3133, "Silundi Vision": 2589, "Flamecache Gecko": 1055, "Gev, Scaled Scorch": 1155, "Doppelgang": 780, "Broken Bond_SB": 365, "Cosmic Rebirth_SB": 596, "Slickshot Show-Off_SB": 2637, "Ghalta, Stampede Tyrant": 1158, "Smuggler's Surprise": 2647, "Velomachus Lorehold": 3171, "Realm-Cloaked Giant_SB": 2278, "Combustible Gearhulk": 557, "Bonny Pall, Clearcutter_SB": 316, "Borborygmos Enraged_SB": 324, "Massacre Wurm_SB": 1811, "Rakdos, the Showstopper_SB": 2245, "Day's Undoing": 662, "Mazemind Tome_SB": 1822, "Tolarian Terror_SB": 3007, "No One Left Behind": 1982, "Splitskin Doll": 2721, "Hexgold Halberd_SB": 1370, "Lotus Field_SB": 1757, "Werewolf Pack Leader": 3270, "Vivien, Monsters' Advocate_SB": 3197, "Temporal Trespass_SB": 2872, "Devouring Light_SB": 736, "Yorion, Sky Nomad": 3333, "Access Tunnel": 14, "Shakedown Heavy": 2536, "Kellan, Inquisitive Prodigy": 1581, "Restless Vinestalk": 2345, "Scavenger Grounds": 2457, "Mountain_SB": 1904, "Reclamation Sage_SB": 2293, "Joint Exploration": 1530, "Realm-Cloaked Giant": 2277, "Sweltering Suns": 2814, "Obosh, the Preypiercer_SB": 2013, "Annihilating Glare": 89, "Charred Foyer && Warped Space_SB": 494, "Prairie Stream": 2184, "Teferi, Hero of Dominaria_SB": 2858, "Ashen Rider_SB": 141, "Forge Devil_SB": 1085, "Lovestruck Beast": 1758, "Annul": 90, "Phyrexian Dragon Engine": 2140, "Azor, the Lawbringer": 178, "Aven Mindcensor_SB": 173, "Noxious Gearhulk_SB": 1994, "Blind Obedience": 272, "Collector's Vault": 544, "Searing Blood_SB": 2490, "Spirit of the Labyrinth_SB": 2714, "Twinferno_SB": 3068, "Abhorrent Oculus_SB": 2, "Leyline of Combustion": 1688, "Faerie Mastermind_SB": 984, "Jace, Vryn's Prodigy": 1512, "Commune with Dinosaurs": 564, "Ghalta, Primal Hunger": 1156, "Hulking Raptor": 1412, "Marauding Raptor": 1793, "Otepec Huntmaster": 2059, "Pugnacious Hammerskull": 2211, "Rampaging Raptor": 2257, "Ripjaw Raptor": 2363, "Infernal Grasp_SB": 1448, "Calamity, Galloping Inferno": 398, "Portal to Phyrexia_SB": 2179, "Defiler of Vigor": 695, "Garruk's Uprising": 1132, "Gemrazer": 1147, "Hardened Scales": 1318, "Ornery Tumblewagg": 2049, "Railway Brawler": 2237, "Ranger Class": 2259, "The Great Henge": 2913, "The Skullspore Nexus": 2932, "Yorvo, Lord of Garenbrig": 3335, "Ram Through_SB": 2252, "Bontu's Last Reckoning_SB": 317, "Chandra, Torch of Defiance": 485, "Heroic Reinforcements": 1369, "Monastery Mentor": 1885, "Stormchaser's Talent": 2759, "Third Path Iconoclast": 2950, "Bushy Bodyguard": 391, "Giant Opportunity": 1170, "Hollow Scavenger": 1388, "Honored Dreyleader": 1392, "Ifnir Deadlands": 1426, "Tear Asunder": 2852, "Valley Rotcaller": 3157, "Wicked Wolf": 3276, "Overprotect_SB": 2083, "Calix, Guided by Fate": 399, "Generous Visitor": 1149, "Jukai Naturalist": 1532, "Unflinching Courage": 3107, "Valgavoth's Lair": 3148, "Weaver of Harmony": 3261, "Bubble Smuggler": 373, "Growing Dread": 1283, "Hauntwoods Shrieker": 1334, "Long Goodbye": 1740, "Paranormal Analyst": 2102, "Vannifar, Evolved Enigma": 3166, "Atsushi, the Blazing Sky": 161, "Bonehoard Dracosaur": 314, "Dragon Tempest": 787, "Grafdigger's Cage": 1262, "Invasion of Tarkir": 1485, "Manaform Hellkite": 1789, "Reckless Impulse": 2285, "Shatterskull Smashing": 2548, "Wrenn's Resolve": 3321, "Tears of Valakut_SB": 2854, "Harness by Force_SB": 1322, "Burning Anger": 381, "Colossification": 551, "Grapple with the Past": 1267, "Storm Herald": 2756, "Commencement of Festivities": 560, "Defend the Hearth": 693, "Growth Spiral": 1284, "Sphinx's Tutelage": 2704, "Sultai Charm": 2781, "Winds of Qal Sisma": 3288, "Folio of Fancies_SB": 1075, "Sultai Charm_SB": 2782, "Armed and Armored": 134, "Consulate Dreadnought": 581, "Giant Ox": 1171, "Hotshot Mechanic": 1407, "Mech Hangar": 1825, "Surgehacker Mech": 2807, "Toolcraft Exemplar": 3014, "Unidentified Hovership": 3112, "Cemetery Prowler_SB": 464, "Goldvein Hydra_SB": 1253, "Kaya, Spirits' Justice_SB": 1571, "Professor's Warning": 2195, "Enduring Courage": 908, "Crumb and Get It_SB": 622, "Baral, Chief of Compliance": 208, "Invigorated Rampage": 1488, "Deification": 698, "Elspeth Resplendent": 880, "Gideon Blackblade": 1172, "Gideon's Triumph": 1177, "Oath of Kaya": 2004, "The Birth of Meletis": 2901, "Urza's Sylex": 3141, "Yahenni's Expertise": 3327, "Sunset Revelry_SB": 2796, "Hanged Executioner": 1312, "Rally of Wings": 2249, "Skycat Sovereign": 2618, "Topplegeist": 3015, "Watcher of the Spheres": 3254, "Errant and Giada_SB": 928, "Patch Up_SB": 2106, "Remorseful Cleric_SB": 2318, "Dictate of Kruphix": 741, "Notion Thief": 1988, "Blacklance Paragon_SB": 254, "Cunning Nightbonder_SB": 637, "Adult Gold Dragon": 25, "Savage Summoning_SB": 2445, "Exuberant Fuseling": 969, "Frenzied Goblin": 1107, "Goblin Piledriver": 1235, "Colossus Hammer": 552, "Kellan, the Fae-Blooded": 1583, "Kemba, Kha Enduring": 1585, "Open the Armory": 2039, "Resolute Strike": 2331, "Sigarda's Aid": 2583, "Thud_SB": 2979, "Jadar, Ghoulcaller of Nephalia_SB": 1518, "Angrath's Rampage_SB": 82, "Selfless Glyphweaver": 2511, "Get Out": 1153, "Secrets of the Key": 2498, "Azure Beastbinder": 182, "Bounding Krasis": 335, "Elder Deep-Fiend": 862, "Fierce Empath": 1033, "Nissa, Vastwood Seer": 1972, "Rishkar, Peema Renegade": 2368, "Skylasher_SB": 2624, "Archangel Elspeth_SB": 115, "Chromanticore": 504, "Cragplate Baloth": 607, "Oketra the True": 2022, "Dreams of Steel and Oil_SB": 815, "Rush of Adrenaline": 2418, "Ulcerate_SB": 3086, "Silverquill Silencer": 2597, "Phyrexian Fleshgorger_SB": 2142, "Dreams of Steel and Oil": 814, "March of Swirling Mist_SB": 1798, "Velomachus Lorehold_SB": 3172, "Overlord of the Boilerbilges_SB": 2077, "Charred Foyer // Warped Space_SB": 495, "Kick in the Door": 1596, "Violent Urge": 3184, "Cosmic Rebirth": 595, "Titan of Industry_SB": 2997, "Aqueous Form": 102, "Combat Research": 555, "Break the Spell_SB": 347, "Warbriar Blessing_SB": 3240, "Bond of Insight": 308, "Lyra Dawnbringer_SB": 1770, "Welcoming Vampire_SB": 3267, "Akroan Crusader": 56, "Expedite": 952, "Dreadhorde Invasion": 804, "Obzedat, Ghost Council": 2017, "Eat to Extinction_SB": 843, "Silver Raven": 2590, "Fiery Temper": 1037, "Hollow One": 1387, "Insolent Neonate": 1463, "Ovalchase Daredevil": 2069, "Improbable Alliance_SB": 1439, "Hushbringer_SB": 1417, "Agadeem's Awakening": 41, "Atarka's Command_SB": 158, "Gideon, Ally of Zendikar": 1179, "Snow-Covered Swamp": 2656, "Perilous Voyage_SB": 2128, "Discontinuity_SB": 750, "Virtue of Loyalty_SB": 3187, "Cemetery Desecrator": 460, "Cruelclaw's Heist": 619, "Escape Tunnel": 931, "Insatiable Avarice_SB": 1457, "Malicious Eclipse_SB": 1787, "Cathar Commando": 441, "Rush of Dread_SB": 2420, "The Kenriths' Royal Funeral_SB": 2918, "Deploy the Gatewatch": 715, "Interplanar Beacon": 1470, "Kaya, Intangible Slayer": 1567, "Narset of the Ancient Way": 1932, "Paradise Druid": 2099, "Tamiyo, Collector of Tales": 2841, "Tamiyo, Compleated Sage": 2843, "The Eternal Wanderer": 2909, "Coordinated Assault": 588, "Breaking // Entering": 348, "Fraying Sanity": 1105, "Maddening Cacophony": 1773, "Soul-Guide Lantern": 2675, "Tasha's Hideous Laughter": 2849, "Bonebind Orator": 311, "Crashing Drawbridge": 610, "Fiend Artisan": 1032, "Moss-Pit Skeleton": 1899, "Osteomancer Adept": 2056, "Shigeki, Jukai Visionary": 2561, "Snarling Gorehound": 2651, "Squirming Emergence": 2731, "Ygra, Eater of All_SB": 3332, "Palace Siege_SB": 2094, "Assimilation Aegis": 156, "Disruption Protocol": 757, "Dusk Rose Reliquary": 834, "Lantern of the Lost": 1660, "Prophetic Prism": 2203, "The Book of Exalted Deeds": 2902, "Tyrite Sanctum": 3075, "Whir of Invention": 3273, "Citizen's Crowbar_SB": 513, "Nissa, Ascended Animist": 1969, "Rankle's Prank": 2260, "Repudiate // Replicate": 2325, "Thrun, Breaker of Silence": 2976, "Wrenn and Realmbreaker": 3320, "Colossal Skyturtle_SB": 550, "Song of Totentanz_SB": 2664, "Outrageous Robbery_SB": 2068, "Giant Killer_SB": 1169, "Green Sun's Twilight": 1277, "Tyrranax Rex": 3076, "Invasion of Ixalan_SB": 1483, "Horned Loch-Whale_SB": 1400, "Strict Proctor_SB": 2769, "Lilah, Undefeated Slickshot": 1717, "Phyrexian Censor_SB": 2139, "Leyline of Resonance_SB": 1693, "Furnace Reins": 1118, "Void Winnower_SB": 3205, "Unctus, Grand Metatect": 3098, "Boros Charm_SB": 326, "Flowstone Infusion_SB": 1072, "Annie Joins Up": 88, "Phylath, World Sculptor": 2135, "Liliana, the Last Hope": 1724, "Regal Caracal": 2307, "Finale of Devastation": 1044, "Attack-in-the-Box": 162, "Balemurk Leech": 191, "Broodspinner": 367, "Cackling Slasher": 395, "Cathartic Parting": 443, "Coordinated Clobbering": 589, "Flesh Burrower": 1060, "Frantic Strength": 1103, "Glimmerlight": 1203, "Grasping Longneck": 1270, "Grievous Wound": 1279, "Innocuous Rat": 1455, "Meathook Massacre II": 1823, "Overgrown Zealot": 2073, "Saw": 2450, "Slavering Branchsnapper": 2630, "Spectral Snatcher": 2692, "Spineseeker Centipede": 2708, "Sporogenic Infection": 2724, "Strangled Cemetery": 2766, "Terramorphic Expanse": 2881, "Twitching Doll": 3073, "Wary Watchdog": 3249, "Winter, Misanthropic Guide": 3291, "Conductive Machete_SB": 572, "Fanatic of the Harrowing_SB": 991, "Final Vengeance_SB": 1043, "Friendly Teddy_SB": 1109, "Give In to Violence_SB": 1187, "Manifest Dread_SB": 1790, "Murder_SB": 1911, "Springleaf Drum": 2726, "Wishclaw Talisman": 3293, "Altar of the Brood_SB": 68, "Dragonhawk, Fate's Tempest": 788, "Selfless Glyphweaver_SB": 2512, "Tolsimir, Friend to Wolves_SB": 3009, "Narset, Enlightened Master_SB": 1934, "Unexpected Fangs_SB": 3106, "Starnheim Unleashed_SB": 2738, "Experimental Frenzy_SB": 959, "Tidebinder Mage_SB": 2987, "Goblin Ringleader": 1237, "Goblin Trashmaster": 1243, "Brave the Elements_SB": 343, "Bontu's Monument": 318, "Hashep Oasis": 1326, "Thought-Knot Seer": 2960, "Arlinn, the Pack's Hope_SB": 133, "Eldrazi Obligator_SB": 867, "Snow-Covered Forest": 2652, "Saheeli, Sublime Artificer": 2425, "Dazzling Theater // Prop Room": 666, "Restless Bivouac": 2337, "Siege Veteran": 2581, "Warleader's Call": 3242, "Yotian Frontliner": 3336, "Aurelia, the Law Above_SB": 167, "Elvish Clancaller": 889, "Pause for Reflection_SB": 2114, "Phyrexian Revoker_SB": 2144, "Sentinel of Lost Lore_SB": 2517, "Ferocious Werefox_SB": 1024, "Deeproot Elite": 690, "Forensic Researcher": 1080, "Kiora's Follower": 1598, "Kitesail Larcenist": 1602, "Forensic Researcher_SB": 1081, "Kopala, Warden of Waves_SB": 1629, "Lost in the Maze_SB": 1753, "Prophet of Kruphix_SB": 2202, "Takenuma, Abandoned Mire_SB": 2833, "Barrier Breach_SB": 213, "Tail Swipe": 2829, "Herd Migration": 1365, "Quakebringer_SB": 2218, "Drannith Ruins": 796, "Faerie Dreamthief": 981, "Overlord of the Balemurk_SB": 2075, "Plumecreed Escort_SB": 2166, "Speaker of the Heavens": 2688, "Possibility Storm": 2181, "Sunset Revelry": 2795, "Blind Obedience_SB": 273, "Outlaws' Merriment_SB": 2066, "Rip Apart_SB": 2362, "Archon of Sun's Grace": 128, "Omen of the Sun": 2031, "Seal Away": 2483, "Starfall Invocation_SB": 2736, "Collateral Damage": 536, "Eidolon of the Great Revel_SB": 858, "Snakeskin Veil_SB": 2650, "The Autonomous Furnace": 2900, "Bushwhack": 390, "Circle of Dreams Druid": 511, "Elvish Visionary": 892, "Deathrite Shaman_SB": 680, "Cavalier of Flame": 450, "Vraska, Betrayal's Sting_SB": 3226, "Gruul Charm": 1287, "Chandra, Acolyte of Flame": 476, "Exquisite Firecraft": 961, "Urza's Sylex_SB": 3142, "Braids, Arisen Nightmare": 337, "Spiteful Hexmage": 2717, "Haunted Ridge_SB": 1333, "Basri Ket_SB": 215, "Doppelgang_SB": 781, "Holy Cow": 1389, "Archangel of Tithes_SB": 116, "Conclave Tribunal_SB": 571, "Shalai, Voice of Plenty_SB": 2538, "Fanatical Offering": 993, "Popular Egotist": 2170, "Cemetery Illuminator": 462, "Balmor, Battlemage Captain": 192, "Shore Up_SB": 2571, "Bag of Holding": 186, "Jace, Architect of Thought": 1510, "Teferi, Master of Time": 2859, "Eerie Ultimatum_SB": 852, "Inspired Ultimatum_SB": 1465, "Sarkhan the Masterless_SB": 2440, "Wrenn's Resolve_SB": 3322, "Thief of Sanity_SB": 2944, "Botanical Brawler": 332, "Bristly Bill, Spine Sower": 363, "Conclave Mentor": 570, "Kodama of the West Tree": 1619, "Ozolith, the Shattered Spire": 2087, "Stonecoil Serpent": 2755, "Jace Reawakened": 1507, "Archangel Avacyn_SB": 114, "Rabid Gnaw": 2230, "Kazandu Mammoth": 1575, "Strangle": 2764, "Scavenger Grounds_SB": 2458, "Fortified Beachhead": 1087, "Fortified Village": 1088, "Nightveil Predator": 1961, "Rhonas the Indomitable": 2354, "Depopulate": 716, "The Scorpion God_SB": 2931, "Painful Truths_SB": 2092, "The Cruelty of Gix_SB": 2905, "Consuming Tide_SB": 584, "Maximize Velocity_SB": 1818, "Eidolon of Blossoms": 854, "Bond of Revival": 309, "Rhonas the Indomitable_SB": 2355, "Whisperwood Elemental_SB": 3275, "Blazemire Verge_SB": 264, "Citywide Bust_SB": 516, "Hoarding Broodlord_SB": 1385, "Enduring Vitality": 914, "Kona, Rescue Beastie": 1628, "Selfless Savior": 2513, "Seraphic Steed": 2521, "Survivors' Encampment": 2810, "Selfless Savior_SB": 2514, "Elesh Norn_SB": 876, "Zoyowa Lava-Tongue": 3359, "Exuberant Fuseling_SB": 970, "Kaya, Intangible Slayer_SB": 1568, "Renounce the Guilds_SB": 2323, "Orazca Puzzle-Door": 2047, "Monastery Mentor_SB": 1886, "Enduring Bondwarden": 907, "Hangarback Walker": 1310, "Quirion Beastcaller": 2228, "Bolas's Citadel_SB": 303, "Catacomb Sifter_SB": 440, "Popular Egotist_SB": 2171, "Prosperous Innkeeper_SB": 2205, "Woe Strider_SB": 3308, "Elvish Archivist_SB": 888, "Ugin, the Spirit Dragon_SB": 3083, "Fblthp, the Lost": 1003, "Armored Scrapgorger": 136, "Dawnbringer Cleric_SB": 659, "Dispel_SB": 756, "Kitesail Larcenist_SB": 1603, "Suncleanser_SB": 2785, "Debt to the Kami": 681, "Debt to the Kami_SB": 682, "Angelfire Ignition": 79, "Tenth District Legionnaire": 2879, "Steel Seraph_SB": 2746, "Izoni, Center of the Web": 1504, "Lively Dirge": 1733, "Play with Fire_SB": 2162, "Drag to the Roots": 786, "Castle Locthwain_SB": 435, "Edgar, Charmed Groom_SB": 848, "Silent Gravestone_SB": 2588, "Gates of Istfell": 1139, "Fateful Absence_SB": 1000, "No More Lies_SB": 1981, "Korvold, Fae-Cursed King": 1630, "Guardian of Faith": 1292, "Phyrexian Vindicator_SB": 2145, "Kozilek's Return_SB": 1633, "Alchemist's Gambit": 57, "Intrepid Adversary": 1478, "Experiment One": 955, "Unclaimed Territory": 3097, "Cyclonic Rift": 645, "Rona's Vortex": 2391, "Curse of Silence_SB": 641, "Gyruda, Doom of Depths": 1299, "Case of the Gateway Express_SB": 424, "Temple of Malady": 2865, "Temple of Malice": 2866, "Brimaz, King of Oreskos": 355, "Collector's Cage": 543, "Kitnap": 1604, "Bloodtithe Collector": 289, "Goddric, Cloaked Reveler": 1248, "Nicol Bolas, Dragon-God": 1953, "Vampires' Vengeance_SB": 3162, "Blood Crypt_SB": 278, "Evolving Adaptive": 946, "Pelt Collector": 2125, "Voltaic Brawler": 3215, "Embercleave_SB": 895, "Vengeful Possession_SB": 3177, "Glarb, Calamity's Augur_SB": 1195, "Ingenious Prodigy": 1451, "Tomik, Distinguished Advokist_SB": 3012, "Bamboo Grove Archer_SB": 195, "Mastermind's Acquisition_SB": 1814, "Season of the Burrow_SB": 2494, "Spinner of Souls": 2710, "Abyssal Harvester": 10, "Burst Lightning": 388, "Scab-Clan Berserker_SB": 2454, "Knight-Errant of Eos_SB": 1617, "Boltwave": 304, "Elenda, Saint of Dusk": 872, "Elenda, Saint of Dusk_SB": 873, "Waste Not_SB": 3251, "High Fae Trickster_SB": 1377, "Fervent Champion": 1026, "Goblin Tomb Raider": 1241, "Leyline Axe": 1685, "Kaito, Cunning Infiltrator": 1542, "Scrawling Crawler": 2475, "Varragoth, Bloodsky Sire": 3168, "Syr Ginger, the Meal Ender": 2826, "Ajani, Sleeper Agent": 51, "Nahiri, the Unforgiving_SB": 1930, "Saiba Cryptomancer_SB": 2428, "Alms of the Vein": 60, "Demand Answers": 700, "Grab the Prize": 1260, "Markov Baron": 1805, "Nullpriest of Oblivion": 1998, "Skullcrack": 2616, "Kiora, the Rising Tide": 1600, "Raffine, Scheming Seer": 2236, "Expedition Map": 953, "Dropkick Bomber": 821, "Searslicer Goblin": 2491, "Bulk Up": 377, "Creeping Chill": 614, "Driven // Despair": 817, "Haunted Dead": 1331, "Narcomoeba": 1931, "Prized Amalgam": 2192, "Silversmote Ghoul": 2598, "Huskburster Swarm_SB": 1419, "Zombify": 3356, "Mission Briefing": 1873, "Dawnbringer Cleric": 658, "Camellia, the Seedmiser_SB": 406, "Trail of Crumbs_SB": 3034, "Blooming Blast": 293, "Cemetery Gatekeeper_SB": 461, "Voracious Hydra": 3216, "Cut // Ribbons": 642, "Blacksmith's Talent": 255, "Herald of Eternal Dawn_SB": 1362, "Temple of Plenty": 2868, "Peer into the Abyss_SB": 2122, "The Witch's Vanity": 2940, "Day of Judgment": 660, "Liliana, Dreadhorde General": 1721, "Hanweir Battlements": 1314, "Response // Resurgence_SB": 2333, "Scorn-Blade Berserker": 2466, "Essence Channeler": 937, "Fountain of Renewal": 1095, "Heliod, Sun-Crowned": 1354, "Hooded Blightfang": 1393, "Indulging Patrician": 1444, "Revival // Revenge": 2352, "Scoured Barrens": 2467, "Vampire of the Dire Moon": 3160, "Voice of the Blessed": 3202, "Tinybones, Bauble Burglar": 2991, "Deathmark_SB": 677, "Lava Axe_SB": 1664, "Flicker of Fate_SB": 1062, "Kykar, Zephyr Awakener": 1653, "Infestation Sage": 1449, "Ill-Timed Explosion_SB": 1428, "Omnath, Locus of Creation_SB": 2034, "Scrapwork Mutt": 2474, "Tyvar's Stand": 3078, "Spawn of Mayhem": 2687, "Karn, Scion of Urza_SB": 1557, "Banner of Kinship": 207, "Elvish Archdruid": 886, "Citanul Stalwart": 512, "Sylvan Messenger_SB": 2822, "Maelstrom Pulse": 1774, "Genesis Wave": 1150, "Samut, Tyrant Smasher": 2430, "Bouncer's Beatdown_SB": 334, "Joust Through_SB": 1531, "Soulstone Sanctuary": 2683, "Torment of Hailfire_SB": 3019, "Drake Hatcher_SB": 793, "Curator of Destinies_SB": 638, "Blitz of the Thunder-Raptor": 274, "Long River's Pull": 1742, "Sugar Coat_SB": 2778, "Haunted Cloak": 1330, "Swiftfoot Boots": 2816, "Flameblade Adept": 1054, "Ox of Agonas": 2085, "Dread Fugue": 798, "Lunarch Veteran": 1767, "Skyclave Cleric": 2621, "The Raven Man_SB": 2925, "Dusk Legion Duelist": 833, "Make Disappear_SB": 1784, "Toxrill, the Corrosive_SB": 3032, "Expansion // Explosion": 951, "Haughty Djinn_SB": 1329, "Charming Scoundrel": 493, "Deflecting Palm": 696, "Fallaji Vanguard": 989, "Fortune, Loyal Steed": 1089, "Hellspur Posse Boss": 1357, "Panharmonicon": 2097, "Requisition Raid": 2328, "Temple of Triumph": 2870, "Terror of the Peaks": 2884, "Witty Roastmaster": 3305, "Aetherstorm Roc_SB": 38, "Anim Pakal, Thousandth Moon_SB": 87, "Chance for Glory_SB": 474, "Demonic Ruckus_SB": 709, "Impact Tremors_SB": 1435, "Bristlebud Farmer": 360, "Phyrexian Obliterator_SB": 2143, "Brass's Tunnel-Grinder": 341, "Raise the Past": 2238, "Chained to the Rocks_SB": 469, "Kellan, Planar Trailblazer": 1582, "Anguished Unmaking": 84, "Day of Judgment_SB": 661, "Maelstrom Pulse_SB": 1775, "Thassa's Oracle": 2895, "Mystic Repeal_SB": 1921, "Niv-Mizzet, Visionary_SB": 1979, "Reasonable Doubt_SB": 2281, "Witness Protection_SB": 3304, "Heaped Harvest": 1343, "Thassa, God of the Sea": 2897, "Phyrexian Arena_SB": 2137, "Tibalt's Trickery": 2984, "Tibalt's Trickery_SB": 2985, "Slaughter Games": 2628, "Idol of Endurance": 1424, "Phyrexian Censor": 2138, "Niko Aris": 1962, "Academy Loremaster": 13, "Fountainport Bell": 1097, "Glint-Nest Crane": 1205, "Hammer of Purphoros": 1308, "Arboreal Grazer_SB": 110, "Shrapnel Blast_SB": 2577, "Sixth Sense": 2609, "Alpha Authority_SB": 63, "Triton Tactics_SB": 3054, "Blood Baron of Vizkopa": 275, "Crystal Barricade_SB": 631, "Thought Erasure": 2959, "Wear Down_SB": 3259, "Spring-Loaded Sawblades": 2725, "Bala Ged Recovery_SB": 189, "Tenacious Underdog_SB": 2878, "Push // Pull": 2212, "Dowsing Device": 784, "Burst Lightning_SB": 389, "Llanowar Visionary": 1736, "Skyknight Squire": 2623, "Sire of Seven Deaths": 2607, "Niv-Mizzet, Supreme_SB": 1978, "Ajani, Caller of the Pride": 50, "Burrowguard Mentor": 387, "Dryad Militant": 826, "Fleecemane Lion": 1058, "Kutzil, Malamet Exemplar": 1651, "Melira, the Living Cure": 1827, "Wilt-Leaf Liege": 3284, "Seal Away_SB": 2484, "Choked Estuary": 502, "Ego Drain": 853, "Faerie Fencing": 982, "Obyra, Dreaming Duelist": 2016, "Shineshadow Snarl": 2562, "Sunken Hollow": 2793, "Talion, the Kindly Lord": 2837, "Talion's Messenger": 2836, "Twining Twins": 3069, "Crippling Fear_SB": 616, "Flashfreeze_SB": 1057, "Phantom Interference_SB": 2133, "Blessed Alliance": 267, "Builder's Talent": 374, "Worldspine Wurm": 3316, "Assemble the Legion_SB": 154, "Runed Halo_SB": 2415, "Fanatical Firebrand": 992, "Goblin Warchief": 1244, "Krenko, Mob Boss": 1639, "Betrayer's Bargain_SB": 237, "By Force_SB": 392, "Strangle_SB": 2765, "Collateral Damage_SB": 537, "Tibalt, Rakish Instigator_SB": 2986, "Game Trail": 1129, "Glorybringer": 1213, "Cankerbloom_SB": 409, "Aspect of Hydra": 150, "Hunter's Talent": 1415, "Nullhide Ferox": 1996, "Steel Leaf Champion": 2744, "Garruk's Uprising_SB": 1133, "Ghalta, Primal Hunger_SB": 1157, "Indomitable Creativity_SB": 1443, "Balustrade Wurm": 193, "Reality Shift": 2275, "Apostle of Purifying Light_SB": 99, "Chaplain of Alms_SB": 490, "Healer's Hawk_SB": 1342, "Lukka, Bound to Ruin_SB": 1761, "Heliod's Intervention": 1352, "Volatile Fault": 3206, "Herald of Eternal Dawn": 1361, "Cast Down": 427, "Desecration Demon": 720, "Mishra's Foundry": 1871, "Ultimate Price": 3087, "Unexpected Fangs": 3105, "Vadmir, New Blood": 3144, "Extract a Confession_SB": 965, "Kitesail Freebooter_SB": 1601, "Bedlam Reveler": 229, "Frostboil Snarl": 1111, "Warlord's Fury": 3244, "Ox of Agonas_SB": 2086, "Dazzling Angel": 664, "Divine Smite": 764, "Exemplar of Light": 949, "Firemane Avenger": 1047, "Wind-Scarred Crag": 3287, "Edgewall Inn": 849, "Edgewall Innkeeper": 850, "Lucky Clover": 1760, "Midnight Reaper": 1848, "Necroblossom Snarl": 1940, "Order of Midnight": 2048, "Smitten Swordmaster": 2643, "Disfigure_SB": 754, "Massacre Girl_SB": 1809, "Gray Merchant of Asphodel": 1273, "Mephitic Draught": 1834, "Tithing Blade": 3001, "Warlock Class": 3243, "Corpses of the Lost_SB": 592, "Doom Foretold_SB": 775, "Life of Toshiro Umezawa_SB": 1703, "Burn Down the House": 379, "Flame-Blessed Bolt": 1052, "Refute": 2305, "Vampires' Vengeance": 3161, "Pelakka Wurm_SB": 2124, "Boon of the Wish-Giver": 321, "Drannith Healer": 794, "Drannith Stinger": 797, "Flourishing Fox": 1069, "Frostveil Ambush": 1112, "Go for Blood": 1221, "Memory Leak": 1832, "Startling Development": 2739, "Valiant Rescuer": 3152, "Zenith Flare": 3349, "Enigma Drake": 915, "Ephara's Dispersal": 922, "Eroded Canyon": 926, "Essence Capture": 936, "Galvanize": 1128, "Mind Spiral": 1855, "Peculiar Lighthouse": 2120, "Pit of Offerings": 2157, "Scorching Shot": 2464, "Shore Up": 2570, "Slick Sequence": 2635, "Tolarian Terror": 3006, "Winged Words": 3289, "Into the Fire_SB": 1473, "Wildfire Howl_SB": 3280, "Burn Bright": 378, "Chimney Rabble": 501, "Fissure Wizard": 1051, "Goblin Arsonist": 1224, "Goblin Javelineer": 1232, "Goblin Morningstar": 1233, "Goblin Trailblazer": 1242, "Heraldic Banner": 1363, "Hulking Bugbear": 1411, "Renata, Called to the Hunt": 2319, "Return of the Wildspeaker": 2349, "Rhythm of the Wild": 2356, "Subira, Tulzidi Caravanner": 2774, "You See a Pair of Goblins": 3338, "Krenko, Mob Boss_SB": 1640, "Krenko, Tin Street Kingpin_SB": 1641, "Banishing Light": 205, "Flowerfoot Swordmaster": 1071, "Mabel, Heir to Cragflame": 1771, "Seedglaive Mentor": 2503, "Short Bow": 2573, "Whiskervale Forerunner": 3274, "Abzan Charm": 12, "Deathmist Raptor": 678, "Den Protector": 710, "Mastery of the Unseen": 1815, "Sandsteppe Citadel": 2436, "Temple of Silence": 2869, "Unyielding Gatekeeper": 3131, "Drown in Sorrow_SB": 822, "Disfigure": 753, "Gnawing Vermin": 1217, "Gossip's Talent": 1259, "Karumonix, the Rat King": 1559, "Persistent Marshstalker": 2129, "Piper of the Swarm": 2156, "Shoreline Looter": 2572, "Tangled Colony": 2844, "Bring the Ending_SB": 358, "Pile On_SB": 2151, "Tangled Colony_SB": 2845, "No Witnesses": 1983, "Port Town": 2173, "Temple of Enlightenment": 2863, "Jace, Architect of Thought_SB": 1511, "No Witnesses_SB": 1984, "Ayara, First of Locthwain": 177, "Brain Maggot": 338, "Erebos, Bleak-Hearted": 924, "Phyrexian Arena": 2136, "Underworld Dreams": 3104, "Corrupt_SB": 593, "Power Word Kill_SB": 2183, "Whack_SB": 3272, "Cinder Glade": 507, "Enter the Unknown": 919, "Mirrorwing Dragon": 1868, "Silverfur Partisan": 2594, "Temple of Abandon": 2862, "Young Pyromancer": 3339, "Zada, Hedron Grinder": 3344, "Temur Battle Rage_SB": 2876, "Turn Inside Out_SB": 3063, "Unnatural Moonrise_SB": 3121, "Night of the Sweets' Revenge": 1958, "Savor": 2448, "Tough Cookie": 3028, "Feed the Cycle_SB": 1015, "Savor_SB": 2449, "Abandoned Campground": 0, "Dollmaker's Shop // Porcelain Gallery": 770, "Grand Entryway // Elegant Rotunda": 1266, "Gremlin Tamer": 1278, "Inquisitive Glimmer": 1456, "Lionheart Glimmer": 1731, "Niko, Light of Hope": 1963, "Oppressive Rays": 2042, "Builder's Talent_SB": 375, "Divine Resilience_SB": 763, "Fear of Impostors_SB": 1006, "Kitnap_SB": 1605, "Minor Misstep_SB": 1858, "Paladin Class_SB": 2095, "Stay Hidden, Stay Silent_SB": 2741, "Badlands Revival": 185, "Fertile Thicket": 1025, "Festerleech": 1028, "Foul Orchard": 1091, "Gix's Command": 1188, "Golgari Guildgate": 1255, "Hedge Shredder": 1350, "Hero's Downfall": 1366, "Jungle Hollow": 1533, "Quilled Greatwurm": 2226, "Slice from the Shadows": 2634, "Frantic Strength_SB": 1104, "Stab_SB": 2733, "Vraska's Fall_SB": 3224, "Alesha, Who Laughs at Fate": 58, "Davriel, Rogue Shadowmage": 655, "Fell": 1021, "Grasp of Darkness": 1268, "Master of Cruelties": 1812, "Razorlash Transmogrant": 2270, "Razortrap Gorge": 2271, "Seize the Spoils": 2508, "Kaervek, the Spiteful_SB": 1536, "Painful Quandary_SB": 2091, "Witch's Vengeance_SB": 3295, "Eddymurk Crab": 847, "Haughty Djinn": 1328, "Stormwing Entity": 2763, "Gnarled Scarhide": 1214, "Madcap Skills": 1772, "Minotaur Skullcleaver": 1859, "Mogis's Marauder": 1878, "Rakdos Cackler": 2239, "Rakdos Shred-Freak": 2243, "Spike Jester": 2706, "Tormented Hero": 3020, "Doom Blade_SB": 773, "Ultimate Price_SB": 3088, "Consuming Aberration": 582, "Contaminated Aquifer": 587, "Didn't Say Please": 742, "Dimir Guildgate": 745, "Dismal Backwater": 755, "Dreadwaters": 808, "Duskmantle Guildmage": 836, "Fell Specter": 1022, "Jhessian Thief": 1526, "Mind Carver": 1852, "Mind Drain": 1853, "Murder": 1910, "Nezumi Informant": 1951, "Orzhov Racketeers": 2052, "Painful Quandary": 2090, "Paranoid Delusions": 2101, "Pilfered Plans": 2153, "Psychic Strike": 2210, "Razzle-Dazzler": 2273, "Read the Bones": 2274, "Sleep": 2631, "The Mindskinner": 2923, "Typhoid Rats": 3074, "Wall of Frost": 3235, "Witness Protection": 3303, "Aspect of Lamprey_SB": 151, "Blood Pact_SB": 279, "Dreadwaters_SB": 809, "Frogify_SB": 1110, "Mocking Sprite_SB": 1875, "Professor's Warning_SB": 2196, "Rogue's Gloves_SB": 2388, "Sinister Possession_SB": 2604, "Solemn Simulacrum_SB": 2660, "Sphinx of Magosi_SB": 2700, "Thieving Otter_SB": 2946, "Unlikely Aid_SB": 3117, "Zombify_SB": 3357, "Coruscation Mage": 594, "Aethersphere Harvester_SB": 37, "Burning Hands_SB": 383, "Giant Cindermaw_SB": 1166, "Lightning Mare_SB": 1714, "Wrangle_SB": 3319, "Ancient Imperiosaur": 75, "Belligerent Yearling": 233, "Fight Rigging": 1038, "Intrepid Paleontologist": 1479, "Ixalli's Lorekeeper": 1502, "Palani's Hatcher": 2096, "Regisaur Alpha": 2310, "Restless Ridgeline": 2342, "Shifting Ceratops": 2558, "Triumphant Chomp": 3055, "Thrashing Brontodon_SB": 2971, "Triumphant Chomp_SB": 3056, "Goblin Boarders": 1226, "Goblin Heelcutter": 1230, "Goblin Negotiation": 1234, "Goblin Surprise": 1239, "Goblinslide": 1245, "Guttersnipe": 1297, "Hellraiser Goblin": 1356, "Impact Tremors": 1434, "Pyrewild Shaman": 2214, "Redcap Gutter-Dweller": 2296, "Rigging Runner": 2359, "Subterranean Scout": 2777, "Thrill of Possibility": 2975, "War Squeak": 3238, "Frenzied Goblin_SB": 1108, "Goblin Boarders_SB": 1227, "Goblin Surprise_SB": 1240, "Rundvelt Hordemaster_SB": 2413, "Searslicer Goblin_SB": 2492, "Siege-Gang Commander_SB": 2582, "Cruel Somnophage": 618, "Mercurial Spelldancer": 1835, "Mind Sculpt": 1854, "Ruin Crab": 2408, "Syr Konrad, the Grim": 2828, "Bitter Chill_SB": 248, "Chart a Course_SB": 496, "See Double_SB": 2500, "Sphinx's Tutelage_SB": 2705, "Terisian Mindbreaker_SB": 2880, "Armored Kincaller": 135, "Burning Sun Cavalry": 384, "Captivating Cave": 411, "Cavern Stomper": 454, "Colossadactyl": 547, "Dinotomaton": 747, "Disturbed Slumber": 759, "Earthshaker Dreadmaw": 841, "Hidden Nursery": 1372, "Nurturing Bristleback": 1999, "Over the Edge": 2070, "Panicked Altisaur": 2098, "Pathfinding Axejaw": 2112, "Poison Dart Frog": 2167, "Promising Vein": 2201, "Rampaging Ceratops": 2254, "Rumbling Rockslide": 2411, "Scytheclaw Raptor": 2479, "Seeker of Sunlight": 2504, "Seismic Monstrosaur": 2506, "Walk with the Ancestors": 3234, "Bristling Backwoods": 361, "Deeproot Champion": 689, "Quirion Dryad": 2229, "Blazing Volley": 265, "Cinderclasm": 508, "Crash Through": 609, "Death-Rattle Oni": 674, "Electrickery": 869, "Kessig Flamebreather": 1591, "Seismic Wave": 2507, "Stolen Vitality": 2753, "Burn Down the House_SB": 380, "Smoldering Egg_SB": 2644, "Swamp_SB": 2812, "Cast Out": 428, "Reptilian Reflection": 2324, "Irencrag Pyromancer_SB": 1492, "Nahiri's Resolve": 1924, "Tinker's Tote": 2989, "Dusk Rose Reliquary_SB": 835, "Unidentified Hovership_SB": 3113, "Vindictive Flamestoker_SB": 3181, "Falkenrath Gorger": 987, "Foreboding Ruins": 1079, "Forerunner of Slaughter": 1082, "Olivia, Mobilized for War": 2025, "Unlicensed Disintegration": 3114, "Transgress the Mind_SB": 3038, "Briarbridge Tracker": 351, "Hard-Hitting Question": 1316, "Subterranean Schooner": 2776, "Teething Wurmlet": 2856, "Vineglimmer Snarl": 3182, "Briarbridge Tracker_SB": 352, "Hard-Hitting Question_SB": 1317, "Island_SB": 1497, "Unsummon_SB": 3126, "Rampage of the Clans": 2253, "Hangarback Walker_SB": 1311, "Earthshaker Khenra": 842, "Mirran Banesplitter": 1861, "Rimrock Knight": 2361, "Azorius Guildgate": 181, "Boros Guildgate": 328, "Gate Colossus": 1136, "Gatebreaker Ram": 1137, "Gates Ablaze": 1138, "Gateway Plaza": 1140, "Glaive of the Guildpact": 1193, "Gruul Guildgate": 1289, "Guild Summit": 1295, "Hour of Promise": 1408, "Izzet Guildgate": 1506, "Maze's End": 1820, "Open the Gates": 2040, "Orzhov Guildgate": 2051, "Plaza of Harmony": 2163, "Rakdos Guildgate": 2241, "Selesnya Guildgate": 2510, "Simic Guildgate": 2599, "Thran Portal": 2968, "Archway Angel_SB": 130, "Crackling Perimeter_SB": 605, "Strategic Planning": 2767, "Wandering Fumarole": 3236, "Essence Scatter_SB": 940, "Frantic Firebolt_SB": 1101, "Saw It Coming": 2451, "Thirst for Discovery": 2952, "Inscription of Abundance": 1458, "Primal Might": 2189, "Experiment One_SB": 956, "Toxin Analysis_SB": 3031, "Smoldering Marsh": 2645, "Banehound": 200, "Curator of Mysteries": 639, "Mire Triton": 1860, "Rush of Vitality_SB": 2421, "Goblin Blast-Runner": 1225, "Krenko, Baron of Tin Street": 1638, "Voltage Surge": 3213, "Sunshot Militia_SB": 2797, "Essence Scatter": 939, "Flow of Knowledge": 1070, "Quick Study_SB": 2224, "Shifting Grift_SB": 2560, "Crawling Barrens": 612, "Memorial to Folly": 1828, "Power Word Kill": 2182, "Ob Nixilis Reignited_SB": 2007, "Blacklance Paragon": 253, "Brineborn Cutthroat": 357, "Reasonable Doubt": 2280, "Sea-Dasher Octopus": 2481, "Ashiok's Erasure_SB": 142, "Spectral Adversary_SB": 2690, "Arcane Infusion": 111, "Xenagos, God of Revels": 3324, "Aetherize_SB": 34, "Into the Roil_SB": 1476, "Volcanic Spite_SB": 3208, "Flame-Blessed Bolt_SB": 1053, "Ral, Izzet Viceroy_SB": 2248, "You See a Guard Approach_SB": 3337, "Aether Hub": 31, "Attune with Aether": 163, "Gather the Pack": 1143, "Lotleth Troll": 1754, "Cragplate Baloth_SB": 608, "Plains_SB": 2160, "Sporeweb Weaver_SB": 2723, "Beastie Beatdown": 225, "Return to Nature_SB": 2351, "Alseid of Life's Bounty": 66, "Hateful Eidolon": 1327, "Karametra's Blessing": 1551, "Agent of the Fates_SB": 47, "Dead Weight_SB": 667, "Eriette of the Charmed Apple_SB": 925, "Pacifism_SB": 2088, "Evolving Wilds": 947, "Good-Fortune Unicorn": 1257, "Mossborn Hydra": 1900, "Ochre Jelly": 2018, "Sylvan Scavenging": 2824, "Wildwood Scourge": 3282, "Gaea's Gift_SB": 1122, "Gnarlid Colony_SB": 1215, "Inscription of Abundance_SB": 1459, "Trash the Town_SB": 3040, "Bristling Hydra": 362, "Electrostatic Pummeler": 870, "Fling": 1063, "Ghor-Clan Rampager": 1160, "Harnessed Lightning": 1323, "Servant of the Conduit": 2524, "Axebane Ferox_SB": 175, "Deathgorge Scavenger_SB": 676, "Gruul Spellbreaker_SB": 1290, "Insult // Injury_SB": 1469, "Wilt_SB": 3286, "Legion Angel": 1676, "Legion Angel_SB": 1677, "Gideon's Triumph_SB": 1178, "Hopeful Vigil": 1397, "Sigil of the Empty Throne": 2584, "Spirit-Sister's Call": 2715, "Banishing Light_SB": 206, "Cast Out_SB": 429, "Dreadhorde Invasion_SB": 805, "Trespasser's Curse_SB": 3048, "Arashin Foremost": 106, "Blood-Chin Rager": 281, "Chief of the Edge": 498, "Gutterbones": 1296, "Mardu Strike Leader": 1801, "Mardu Woe-Reaper": 1802, "Rally the Ranks": 2250, "Secure the Wastes": 2499, "Usher of the Fallen": 3143, "Garruk's Harbinger": 1130, "Lifecrafter's Bestiary": 1705, "Skyreaping_SB": 2625, "Roast_SB": 2383, "Commit // Memory": 562, "Think Twice": 2949, "Sphinx's Revelation_SB": 2703, "Angel of Invention": 76, "Combat Celebrant": 553, "God-Pharaoh's Gift": 1246, "Refurbish": 2304, "Arashin Cleric_SB": 105, "Spinner of Souls_SB": 2711, "Seal from Existence": 2485, "Ghostly Dancers_SB": 1164, "Seal from Existence_SB": 2486, "Connive // Concoct_SB": 575, "Torrential Gearhulk_SB": 3025, "Outrageous Robbery": 2067, "Boltwave_SB": 305, "Fatal Grudge": 996, "Valley Floodcaller_SB": 3156, "Valorous Stance_SB": 3159, "Pillage the Bog_SB": 2155, "Aether Channeler": 28, "Foul Emissary": 1090, "Fiery Annihilation_SB": 1034, "Reckless Stormseeker_SB": 2289, "Arahbo, the First Fang": 104, "Felidar Cub": 1019, "Feline Sovereign": 1020, "Sacred Cat": 2423, "Savannah Lions": 2447, "Archfiend of Depravity": 120, "Archfiend of Depravity_SB": 121, "Loot, Exuberant Explorer": 1743, "Quicken": 2225, "Banish into Fable": 203, "Reluctant Role Model": 2316, "Furnace Punisher": 1117, "March of Swirling Mist": 1797, "Invasive Surgery_SB": 1486, "Stormsplitter": 2761, "Thousand-Year Storm": 2966, "Cathartic Pyre_SB": 445, "Tamiyo, Collector of Tales_SB": 2842, "Anthem of Champions_SB": 96, "Michiko's Reign of Truth": 1847, "Fear of Abduction": 1004, "Overwhelming Remorse_SB": 2084, "Brotherhood's End": 368, "Return the Favor_SB": 2350, "Dennick, Pious Apprentice_SB": 713, "Dissection Tools": 758, "Sire of Seven Deaths_SB": 2608, "Dollmaker's Shop && Porcelain Gallery": 769, "Kami of Transience": 1549, "Surgical Suite && Hospital Room_SB": 2808, "Regal Bunnicorn": 2306, "Ashiok, Wicked Manipulator": 148, "Ajani, Strength of the Pride": 53, "Case of the Uneaten Feast": 426, "Trelasarra, Moon Dancer": 3047, "Floriferous Vinewall": 1068, "Urborg Lhurgoyf": 3136, "Aether Channeler_SB": 29, "Zephyr Sentinel_SB": 3350, "Kambal, Consul of Allocation": 1546, "Tectonic Hazard_SB": 2855, "Harmonious Archon": 1321, "Sandstorm Salvager": 2437, "Surrak Dragonclaw": 2809, "Frantic Scapegoat": 1102, "Ritual of Soot": 2372, "Inscription of Ruin": 1460, "Callous Sell-Sword_SB": 404, "Destroy Evil": 728, "Serra Paragon_SB": 2523, "Breeding Pool_SB": 350, "Woodland Bellower": 3311, "Heartflame Duelist": 1346, "Inspiring Veteran": 1468, "Knight of Dusk's Shadow": 1611, "Knight of the Ebon Legion": 1615, "Tournament Grounds": 3029, "Venerable Knight": 3173, "Worthy Knight": 3318, "Filter Out": 1041, "Chance for Glory": 473, "Teferi, Who Slows the Sunset": 2860, "Bag of Holding_SB": 187, "Zirda, the Dawnwaker_SB": 3354, "Lifebane Zombie_SB": 1704, "Sunspine Lynx": 2798, "Light Up the Stage_SB": 1707, "God-Pharaoh's Statue_SB": 1247, "Smuggler's Surprise_SB": 2648, "Wakeroot Elemental_SB": 3233, "Cindervines": 509, "Fetid Pools": 1029, "Silvergill Adept": 2596, "Triton Shorestalker": 3052, "The Flame of Keld": 2912, "Dreadbore": 800, "Isareth the Awakener": 1495, "Nicol Bolas, the Ravager": 1955, "Omen of the Forge": 2029, "The Kami War": 2917, "Legion Extruder_SB": 1679, "This Town Ain't Big Enough": 2954, "Remorseful Cleric": 2317, "Nahiri's Warcrafting_SB": 1925, "Unauthorized Exit_SB": 3095, "Bilious Skulldweller": 242, "Fynn, the Fangbearer": 1121, "Heroic Intervention": 1367, "Malakir Rebirth": 1785, "Wasteland Viper": 3252, "Infectious Bite_SB": 1446, "Akal Pakal, First Among Equals": 55, "Courser of Kruphix": 600, "Simic Manipulator": 2600, "Timestream Navigator": 2988, "Azure Beastbinder_SB": 183, "Mockingbird_SB": 1877, "Simic Manipulator_SB": 2601, "Trygon Predator_SB": 3060, "Caretaker's Talent_SB": 414, "Rite of Oblivion_SB": 2370, "Kogla, the Titan Ape": 1622, "Cavalier of Thorns_SB": 452, "Ulvenwald Oddity_SB": 3090, "Depala, Pilot Exemplar": 714, "Magda, Brazen Outlaw": 1777, "Veteran Motorist": 3178, "Sylvan Awakening": 2820, "The Mightstone and Weakstone_SB": 2922, "Kogla and Yidaro_SB": 1621, "Kogla and Yidaro": 1620, "Trumpeting Carnosaur_SB": 3059, "Last Breath_SB": 1662, "Dusk // Dawn_SB": 832, "Thunderherd Migration": 2980, "Boros Elite": 327, "Guardian of New Benalia": 1294, "Mobilized District": 1874, "Precinct Captain": 2187, "Spellbook Vendor": 2698, "Sungold Sentinel": 2790, "Banisher Priest_SB": 204, "Bounty Agent_SB": 336, "Rally the Ranks_SB": 2251, "Wicked Wolf_SB": 3277, "Renegade Tactics": 2322, "Fear of Isolation": 1007, "Built to Smash": 376, "Wayward Guide-Beast": 3256, "Voldaren Thrillseeker_SB": 3211, "Siphon Insight_SB": 2605, "Glorious Protector_SB": 1212, "Niambi, Esteemed Speaker_SB": 1952, "The Wandering Rescuer_SB": 2939, "Syr Ginger, the Meal Ender_SB": 2827, "Augur of Bolas": 166, "Essence Flux": 938, "Apostle of Purifying Light": 98, "Thran Power Suit": 2969, "Treacherous Blessing_SB": 3043, "Umori, the Collector_SB": 3091, "Grasp of Darkness_SB": 1269, "Necrotic Wound": 1943, "Necrotic Wound_SB": 1944, "Souls of the Lost_SB": 2682, "Kappa Tech-Wrecker": 1550, "Eldrazi Displacer_SB": 866, "Fleeting Spirit": 1059, "Lore Drakkis": 1750, "Open the Omenpaths": 2041, "Vadrok, Apex of Thunder": 3145, "Crucible of Worlds": 617, "Destiny Spinner": 726, "Sin Collector_SB": 2603, "Cult Conscript": 634, "Mutavault_SB": 1917, "Mukotai Ambusher_SB": 1909, "Cleansing Wildfire_SB": 524, "Vanish into Eternity_SB": 3163, "Tribute to Horobi": 3050, "Hunter's Talent_SB": 1416, "Vengeful Possession": 3176, "Hidetsugu's Second Rite_SB": 1376, "Nurturing Pixie": 2000, "Preacher of the Schism_SB": 2186, "Pia Nalaar, Consul of Revival": 2146, "Showdown of the Skalds": 2574, "Bassara Tower Archer": 217, "Cloudsteel Kirin": 533, "Lizard Blades": 1734, "Bomat Courier_SB": 307, "Stalactite Stalker": 2735, "Lamplight Phoenix_SB": 1657, "Pawpatch Recruit_SB": 2118, "Omen of the Dead": 2027, "Sentinel of the Nameless City_SB": 2519, "Sharp-Eyed Rookie": 2546, "Ayara's Oathsworn": 176, "Council of the Absolute_SB": 597, "Adventurous Impulse": 26, "Arcane Proxy": 112, "Chrome Host Seedshark": 505, "See the Truth": 2501, "Wilt-Leaf Liege_SB": 3285, "Ambitious Farmhand": 69, "Helpful Hunter": 1358, "Thalia's Lancers": 2889, "Augur of Autumn_SB": 165, "Lavabrink Venturer_SB": 1665, "Cavalier of Dawn": 449, "Fanatic of Mogis": 990, "Solphim, Mayhem Dominus": 2663, "Thalia and The Gitrog Monster": 2888, "Dreadbore_SB": 801, "Shatterskull Smashing_SB": 2549, "Prosperous Thief_SB": 2207, "Barkhide Troll": 212, "Gather Courage": 1141, "Tribute to the World Tree": 3051, "Setessan Tactics_SB": 2527, "Oblivious Bookworm": 2012, "Cerulean Drake_SB": 467, "Bladehold War-Whip": 259, "Nahiri, Forged in Fury": 1926, "Sword of Forge and Frontier": 2818, "Rebel Salvo_SB": 2282, "Bloodthirsty Conqueror": 288, "Dina, Soul Steeper": 746, "Dryad of the Ilysian Grove": 827, "Jaddi Offshoot": 1519, "Retreat to Hagra": 2348, "Bristly Bill, Spine Sower_SB": 364, "Undergrowth Champion_SB": 3103, "Silverback Elder": 2592, "Celestial Armor": 459, "Etali, Primal Conqueror": 941, "Massacre Wurm": 1810, "Perilous Snare": 2126, "Repurposing Bay_SB": 2327, "Momentum Breaker_SB": 1884, "Patchwork Automaton": 2107, "Birgi, God of Storytelling": 243, "Crater's Claws": 611, "Zurgo Bellstriker_SB": 3363, "Greasewrench Goblin": 1275, "Moonshaker Cavalry_SB": 1895, "Hare Apparent": 1319, "Mendicant Core, Guidelight": 1833, "Voyager Glidecar": 3220, "Grim Bauble": 1280, "Momentum Breaker": 1883, "Oildeep Gearhulk_SB": 2020, "Count on Luck_SB": 598, "Valor's Flagship": 3158, "Monument to Endurance_SB": 1891, "Shacklegeist_SB": 2531, "Chaplain of Alms": 489, "Rune of Might": 2414, "Sab-Sunen, Luxa Embodied": 2422, "Liliana, Heretical Healer_SB": 1722, "Archfiend's Vessel": 124, "Merfolk Secretkeeper": 1836, "Brightglass Gearhulk": 354, "Dredger's Insight": 816, "Coalstoke Gearhulk": 534, "Memory Guardian": 1831, "Grim Bauble_SB": 1281, "Djeru's Renunciation": 766, "Marauding Mako": 1792, "Monument to Endurance": 1890, "Sunbillow Verge": 2784, "Mastermind's Acquisition": 1813, "Ketramose, the New Dawn_SB": 1593, "Mukotai Ambusher": 1908, "Bloodghast": 284, "Molt Tender": 1880, "Driven // Despair_SB": 818, "Ashiok, Wicked Manipulator_SB": 149, "Anim Pakal, Thousandth Moon": 86, "Basri, Tomorrow's Champion": 216, "Urza's Ruinous Blast_SB": 3140, "The Speed Demon": 2933, "Intimidation Tactics_SB": 1472, "Oildeep Gearhulk": 2019, "Optimistic Scavenger_SB": 2045, "Virtue of Strength": 3190, "Roxanne, Starfall Savant_SB": 2402, "Willowrush Verge": 3283, "Ketramose, the New Dawn": 1592, "Scrabbling Claws": 2469, "Commune with Spirits": 565, "Goro-Goro, Disciple of Ryusei": 1258, "Radha, Heart of Keld": 2231, "Redshift, Rocketeer Chief": 2300, "Bleachbone Verge": 266, "Detention Chariot": 731, "Tune Up": 3061, "Kaya the Inexorable_SB": 1563, "Thundering Broodwagon": 2981, "Fearless Swashbuckler": 1009, "Gastal Thrillroller": 1135, "Ashiok, Nightmare Weaver": 147, "Hazoret, Godseeker": 1339, "Leyline Binding_SB": 1687, "Jace's Defeat_SB": 1509, "Norin, Swift Survivalist": 1985, "Mindlink Mech_SB": 1856, "Wastewood Verge": 3253, "Avishkar Raceway": 174, "Fuel the Flames_SB": 1115, "Skycrash_SB": 2622, "Murderous Cut": 1912, "Anguished Unmaking_SB": 85, "Drownyard Temple": 825, "Quag Feast": 2217, "Boommobile": 319, "Hedron Archive": 1351, "Paradox Engine": 2100, "Portal of Sanctuary": 2177, "Repurposing Bay": 2326, "Terrarion": 2882, "The Mightstone and Weakstone": 2921, "Thran Spider": 2970, "Workshop Assistant": 3313, "Liberator, Urza's Battlethopter_SB": 1699, "Shrapnel Slinger_SB": 2578, "Benthic Biomancer": 234, "Mindspring Merfolk": 1857, "Eaten Alive_SB": 844, "Biting-Palm Ninja_SB": 247, "Kazuul's Toll Collector": 1577, "Immersturm Raider": 1431, "The Speed Demon_SB": 2934, "Burnout Bashtronaut": 386, "Draconautics Engineer": 785, "Howlsquad Heavy": 1409, "Volley Veteran_SB": 3212, "Harrier Strix": 1324, "Hypnotic Grifter": 1420, "Training Grounds": 3035, "Basilisk Collar_SB": 214, "Swiftfoot Boots_SB": 2817, "Stock Up": 2751, "Riverpyre Verge": 2375, "Concealing Curtains": 569, "Riptide Gearhulk_SB": 2366, "Blade Historian": 256, "Pyre of Heroes": 2213, "Night Clubber_SB": 1957, "Aegis Turtle_SB": 27, "Ride's End": 2357, "Cleansing Wildfire": 523, "Crumble to Dust": 623, "Encroaching Wastes": 905, "Gnottvold Slumbermound": 1218, "Haphazard Bombardment": 1315, "Jaya's Greeting": 1521, "Ravager Wurm": 2265, "Rowan, Scholar of Sparks": 2400, "Rubble Reading": 2405, "Sheltered Thicket": 2551, "Structural Distortion": 2771, "Sylvan Primordial": 2823, "Territory Forge": 2883, "Twin Bolt": 3066, "Herbology Instructor_SB": 1364, "Nissa's Defeat_SB": 1968, "Peak Eruption_SB": 2119, "Scrabbling Claws_SB": 2470, "Battle at the Bridge": 219, "Spire of Industry": 2712, "Battle at the Bridge_SB": 220, "Borrowed Hostility": 329, "Barbed Batterfist": 209, "Webstrike Elite": 3262, "Demilich_SB": 702, "Progenitor Mimic": 2199, "Steel Seraph": 2745, "Violent Urge_SB": 3185, "Boon of Boseiju": 320, "Esika's Chariot_SB": 935, "Regal Imperiosaur": 2309, "Champion of the Perished": 472, "Cryptbreaker": 628, "Dark Salvation": 650, "Dread Wanderer": 799, "Relentless Dead": 2314, "Wayward Servant": 3257, "Zahur, Glory's Past": 3346, "Fighter Class": 1040, "Chainsaw_SB": 471, "Nettle Guard_SB": 1949, "Sword of Forge and Frontier_SB": 2819, "Expedition Map_SB": 954, "Stock Up_SB": 2752, "Maximize Velocity": 1817, "Birgi, God of Storytelling_SB": 244, "Samut's Sprint": 2429, "Omen of the Dead_SB": 2028, "Medomai the Ageless": 1826, "Riptide Gearhulk": 2365, "Carnage Tyrant": 415, "Gather Courage_SB": 1142, "Etali, Primal Conqueror_SB": 942, "Feather, the Redeemed": 1010, "Feather, the Redeemed_SB": 1011, "Dewdrop Cure": 738, "Healer's Hawk": 1341, "Linden, the Steadfast Queen": 1726, "Rogue's Passage": 2389, "Ruin-Lurker Bat": 2409, "Afterburner Expert": 39, "Keruga, the Macrosage": 1589, "Twinshot Sniper": 3070, "Twinshot Sniper_SB": 3071, "Adorned Pouncer": 24, "Roadside Reliquary": 2377, "Satoru Umezawa": 2442, "Out of Air_SB": 2061, "Cry of the Carnarium": 625, "Kaya, Orzhov Usurper": 1569, "Calamity's Wake_SB": 397, "Spontaneous Mutation_SB": 2722, "Sunder the Gateway": 2786, "Knight of Grace": 1613, "Bladestitched Skaab": 260, "Lazotep Reaver": 1672, "Enduring Tenacity_SB": 913, "Rocketeer Boostbuggy": 2384, "Chandra, Spark Hunter_SB": 484, "Phoenix Chick": 2134, "Mortify": 1897, "Fuel the Flames": 1114, "Graf Reaver_SB": 1261, "Kraul Whipcracker_SB": 1635, "Dive Down_SB": 762, "Riptide Chimera": 2364, "Witchstalker_SB": 3298, "Demonic Bargain": 705, "Blood Spatter Analysis": 280, "Soul-Scar Mage_SB": 2678, "Osseous Sticktwister": 2053, "Korvold, Fae-Cursed King_SB": 1631, "Dive Down": 761, "Jace Reawakened_SB": 1508, "Blessed Defiance": 269, "Seasoned Hallowblade": 2495, "The Mycosynth Gardens": 2924, "Burning Earth_SB": 382, "Alrund's Epiphany": 65, "Loot, the Pathfinder": 1744, "Fugitive Codebreaker": 1116, "Tireless Tracker_SB": 2993, "Invasion of New Phyrexia_SB": 1484, "Tangled Florahedron": 2846, "Healer of the Glade_SB": 1340, "Tale's End_SB": 2835, "Omen of the Sun_SB": 2032, "Gisa, the Hellraiser_SB": 1186, "Ride's End_SB": 2358, "Seeker of the Way_SB": 2505, "Redcap Melee": 2298, "Commence the Endgame_SB": 559, "Beseech the Mirror_SB": 236, "Forbidden Friendship": 1078, "Collective Effort_SB": 542, "Perilous Snare_SB": 2127}}