{"vocabulary": {"Blazemire Verge": 248, "Breeding Pool": 333, "Bring to Light": 343, "Deafening Clarion": 647, "Elesh Norn, Mother of Machines": 842, "Fable of the Mirror-Breaker": 934, "Fabled Passage": 936, "Floodfarm Verge": 1027, "Forest": 1045, "Godless Shrine": 1203, "Hallowed Fountain": 1259, "Hostage Taker": 1354, "Hushwood Verge": 1368, "Indatha Triome": 1391, "Island": 1446, "Jetmir's Garden": 1471, "Ketria Triome": 1537, "Klothys, God of Destiny": 1549, "Knight of Autumn": 1551, "Kolaghan's Command": 1567, "Leyline Binding": 1626, "Lightning Helix": 1651, "Molten Collapse": 1819, "Mountain": 1840, "Nahiri, the Harbinger": 1863, "Niv-Mizzet Reborn": 1908, "Niv-Mizzet, Supreme": 1911, "Omnath, Locus of Creation": 1967, "Overgrown Tomb": 2004, "Pillage the Bog": 2085, "Plains": 2090, "Raffine's Tower": 2165, "Raugrin Triome": 2195, "Sacred Foundry": 2349, "Savai Triome": 2369, "Spara's Headquarters": 2605, "Steam Vents": 2661, "Stomping Ground": 2673, "Sunfall": 2711, "Swamp": 2735, "Sylvan Caryatid": 2745, "Unmoored Ego": 3039, "Up the Beanstalk": 3052, "Valki, God of Lies": 3073, "Vanishing Verse": 3084, "Watery Grave": 3173, "Ziatora's Proving Ground": 3271, "Casualties of War_SB": 418, "Fatal Push_SB": 962, "Kambal, Consul of Allocation_SB": 1493, "Krenko's Buzzcrusher_SB": 1579, "Notion Thief_SB": 1923, "Thoughtseize_SB": 2886, "Yorion, Sky Nomad_SB": 3252, "Brazen Borrower": 328, "Clearwater Pathway": 505, "Darkslick Shores": 628, "Faerie Miscreant": 948, "Fatal Push": 961, "Floodpits Drowner": 1028, "Gloomlake Verge": 1164, "Hall of Storm Giants": 1258, "Kaito Shizuki": 1484, "Kaito, Bane of Nightmares": 1486, "Mockingbird": 1814, "Moon-Circuit Hacker": 1832, "Mutavault": 1853, "Ornithopter": 1982, "Otawara, Soaring City": 1989, "Thoughtseize": 2885, "Aclazotz, Deepest Betrayal_SB": 15, "Aether Gust_SB": 28, "Anoint with Affliction_SB": 86, "Disdainful Stroke_SB": 726, "Dokuchi Silencer_SB": 743, "Spell Pierce_SB": 2614, "Unlicensed Hearse_SB": 3036, "Blackcleave Cliffs": 237, "Blightstep Pathway": 256, "Blood Crypt": 262, "Callous Sell-Sword": 386, "Claim // Fame": 497, "Den of the Bugbear": 687, "Dreadmaw's Ire": 780, "Emberheart Challenger": 863, "Heartfire Hero": 1296, "Infuriate": 1399, "Kumano Faces Kakkazan": 1587, "Manifold Mouse": 1727, "Monastery Swiftspear": 1825, "Monstrous Rage": 1827, "Ramunap Ruins": 2189, "Slickshot Show-Off": 2557, "Sokenzan, Crucible of Defiance": 2579, "Sulfurous Springs": 2702, "Claim // Fame_SB": 498, "Feed the Swarm_SB": 981, "Hazoret the Fervent_SB": 1290, "Jegantha, the Wellspring_SB": 1469, "Ob Nixilis, the Adversary_SB": 1942, "Reckless Rage_SB": 2217, "Sheoldred's Edict_SB": 2476, "Anointed Peacekeeper": 87, "Archon of Emeria": 117, "Aven Interrupter": 160, "Branchloft Pathway": 323, "Brushland": 354, "Collected Company": 517, "Eiganjo, Seat of the Empire": 829, "Elvish Mystic": 857, "Enduring Innocence": 877, "Kellan, Daring Traveler": 1524, "Llanowar Elves": 1673, "Razorverge Thicket": 2203, "Shefet Dunes": 2471, "Skyclave Apparition": 2540, "Temple Garden": 2784, "Thalia, Guardian of Thraben": 2814, "Voice of Resurgence": 3119, "Werefox Bodyguard": 3186, "Anointed Peacekeeper_SB": 88, "Brutal Cathar_SB": 356, "Elite Spellbinder_SB": 846, "Gideon, Ally of Zendikar_SB": 1138, "Portable Hole_SB": 2107, "The Wandering Emperor_SB": 2860, "Werefox Bodyguard_SB": 3187, "Atraxa, Grand Unifier": 148, "Beza, the Bounding Spring": 224, "Bitter Reunion": 234, "Bonny Pall, Clearcutter": 298, "Boseiju, Who Endures": 312, "Chained to the Rocks": 451, "Enigmatic Incarnation": 882, "Get Lost": 1112, "Glasspool Mimic": 1154, "Heliod, the Radiant Dawn": 1306, "High Noon": 1330, "Kutzil's Flanker": 1591, "March of Otherworldly Light": 1732, "Nylea's Presence": 1937, "Overlord of the Boilerbilges": 2008, "Overlord of the Hauntwoods": 2011, "Portable Hole": 2106, "Roaring Furnace && Steaming Sauna": 2308, "Thornspire Verge": 2879, "Titan of Industry": 2919, "Torch the Tower": 2937, "Archon of Emeria_SB": 118, "Chandra, Awakened Inferno_SB": 461, "Chandra's Defeat_SB": 458, "Dovin's Veto_SB": 758, "Elspeth Conquers Death_SB": 847, "High Noon_SB": 1331, "Knockout Blow_SB": 1561, "Nimble Larcenist_SB": 1899, "Reckoner Bankbuster_SB": 2221, "Rest in Peace_SB": 2264, "Castle Embereth": 413, "Ghitu Lavarunner": 1120, "Light Up the Stage": 1645, "Play with Fire": 2092, "Screaming Nemesis": 2400, "Soul-Scar Mage": 2598, "Wizard's Lightning": 3224, "Magebane Lizard_SB": 1716, "Pyroclasm_SB": 2145, "Rending Volley_SB": 2249, "Urabrask's Forge_SB": 3055, "Bitter Triumph": 235, "Bloodtithe Harvester": 275, "Concealed Courtyard": 542, "Fear of Missing Out": 972, "Greasefang, Okiba Boss": 1228, "Hive of the Eye Tyrant": 1336, "Overlord of the Balemurk": 2006, "Parhelion II": 2035, "Skysovereign, Consul Flagship": 2547, "Snow-Covered Mountain": 2575, "Destroy Evil_SB": 706, "Duress_SB": 804, "Extinction Event_SB": 927, "Kolaghan's Command_SB": 1568, "Torch the Tower_SB": 2938, "Adarkar Wastes": 19, "Enduring Curiosity": 875, "Hengegate Pathway": 1311, "Invasion of Gobakhan": 1430, "Mausoleum Wanderer": 1755, "No More Lies": 1914, "Rattlechains": 2193, "Seachrome Coast": 2405, "Sheltered by Ghosts": 2473, "Spectral Sailor": 2611, "Spell Queller": 2615, "Supreme Phantom": 2724, "The Wandering Emperor": 2859, "Wedding Announcement": 3181, "Enduring Innocence_SB": 878, "Get Lost_SB": 1113, "Ghost Vacuum_SB": 1123, "Split Up_SB": 2639, "Arclight Phoenix": 121, "Artist's Talent": 127, "Consider": 551, "Fiery Impulse": 998, "Ledger Shredder": 1615, "Lightning Axe": 1649, "Opt": 1975, "Picklock Prankster": 2080, "Proft's Eidetic Memory": 2126, "Riverglide Pathway": 2303, "Sleight of Hand": 2554, "Spell Pierce": 2613, "Spirebluff Canal": 2632, "Stormcarved Coast": 2677, "Treasure Cruise": 2964, "Annul_SB": 84, "Brotherhood's End_SB": 353, "Crackling Drake_SB": 580, "Fable of the Mirror-Breaker_SB": 935, "Fiery Impulse_SB": 999, "Mystical Dispute_SB": 1859, "Negate_SB": 1882, "Pithing Needle_SB": 2089, "Redcap Melee_SB": 2228, "Bloodletter of Aclazotz": 270, "Castle Locthwain": 415, "Duress": 803, "Field of Ruin": 993, "Graveyard Trespasser": 1225, "Invoke Despair": 1439, "Reckoner Bankbuster": 2220, "Sheoldred's Edict": 2475, "Takenuma, Abandoned Mire": 2756, "Unholy Annex && Ritual Chamber": 3026, "Unstoppable Slasher": 3042, "Urborg, Tomb of Yawgmoth": 3058, "Caustic Bronco_SB": 428, "Cut Down_SB": 621, "Go Blank_SB": 1174, "Invoke Despair_SB": 1440, "March of Wretched Sorrow_SB": 1737, "The Meathook Massacre_SB": 2843, "Silver-Fur Master": 2513, "Floodpits Drowner_SB": 1029, "Kaito Shizuki_SB": 1485, "Ancestral Anger": 66, "Turn Inside Out": 2981, "Rockface Village_SB": 2315, "Cauldron Familiar": 426, "Claim the Firstborn": 499, "Deadly Dispute": 646, "Fountainport": 1059, "Mayhem Devil": 1758, "Rottenmouth Viper": 2325, "Sawblade Skinripper": 2375, "Scavenger's Talent": 2383, "Witch's Oven": 3212, "Claim the Firstborn_SB": 500, "Leyline of the Void_SB": 1637, "Molten Collapse_SB": 1820, "Blooming Marsh": 278, "Kroxa, Titan of Death's Hunger": 1585, "Unlucky Witness": 3038, "Ygra, Eater of All": 3249, "Bitter Triumph_SB": 236, "Haywire Mite_SB": 1288, "Path of Peril_SB": 2042, "Pawpatch Formation_SB": 2047, "Absorb": 7, "Castle Ardenvale": 412, "Castle Vantress": 417, "Change the Equation": 469, "Deserted Beach": 698, "Dovin's Veto": 757, "Farewell": 958, "Glacial Fortress": 1147, "Irrigated Farmland": 1444, "Jwari Disruption": 1480, "Memory Deluge": 1767, "Meticulous Archive": 1781, "Omen of the Sea": 1964, "Restless Anchorage": 2265, "Supreme Verdict": 2725, "Teferi, Hero of Dominaria": 2780, "Temporary Lockdown": 2796, "Test of Talents": 2809, "Three Steps Ahead": 2895, "Kutzil's Flanker_SB": 1592, "Narset, Parter of Veils_SB": 1872, "Battlefield Forge": 208, "Elegant Parlor": 839, "Elesh Norn, Mother of Machines_SB": 843, "Vanishing Verse_SB": 3085, "Deduce": 662, "Glimmerburst": 1157, "Indomitable Creativity": 1392, "Make Disappear": 1719, "Mirrex": 1799, "Negate": 1881, "Portal to Phyrexia": 2109, "Prismari Command": 2121, "Shivan Reef": 2486, "Sunken Citadel": 2714, "Valgavoth, Terror Eater": 3070, "Volcanic Spite": 3128, "Change the Equation_SB": 470, "Fires of Victory_SB": 1013, "Memory Deluge_SB": 1768, "Mirrex_SB": 1800, "Test of Talents_SB": 2810, "Three Steps Ahead_SB": 2896, "Rockface Village": 2314, "Titan's Strength": 2921, "Dromoka's Command": 793, "Elite Spellbinder": 845, "Keen-Eyed Curator": 1522, "Restless Prairie": 2269, "Tyvar, the Pummeler": 2998, "Kraul Harpooner_SB": 1576, "Outland Liberator_SB": 1997, "Yasharn, Implacable Earth_SB": 3247, "Archdruid's Charm": 109, "Bala Ged Recovery": 177, "Dark Petition": 625, "Emergent Ultimatum": 864, "Fae of Wishes": 943, "Hidden Strings": 1324, "Impulse": 1389, "Lier, Disciple of the Drowned": 1639, "Lotus Field": 1694, "Lush Portico": 1705, "Mana Confluence": 1724, "Omniscience": 1969, "Pore Over the Pages": 2103, "Soul Partition": 2592, "Strict Proctor": 2690, "Sylvan Scrying": 2749, "Thespian's Stage": 2865, "Vizier of Tumbling Sands": 3117, "Approach of the Second Sun_SB": 94, "Emergent Ultimatum_SB": 865, "Languish_SB": 1600, "Nine Lives_SB": 1901, "Silence_SB": 2508, "Sphinx of the Final Word_SB": 2620, "Temporary Lockdown_SB": 2797, "Thought Distortion_SB": 2881, "Agatha's Soul Cauldron": 39, "Marvin, Murderous Mimic": 1743, "Raucous Theater": 2194, "Tree of Perdition": 2966, "Voldaren Thrillseeker": 3131, "Hidetsugu Consumes All_SB": 1326, "Abuelo's Awakening": 8, "Dig Through Time": 718, "Emeria's Call": 866, "Faithful Mending": 949, "Fallaji Archaeologist": 951, "Sea Gate Restoration": 2403, "Shark Typhoon": 2465, "Thirst for Meaning": 2876, "Chrome Host Seedshark_SB": 486, "Elspeth's Smite_SB": 850, "Grand Abolisher_SB": 1219, "Leyline of Sanctity_SB": 1634, "Settle the Wreckage_SB": 2451, "Supreme Verdict_SB": 2726, "Lay Down Arms": 1609, "Narset, Parter of Veils": 1871, "Settle the Wreckage": 2450, "The Celestus": 2827, "Beza, the Bounding Spring_SB": 225, "Divine Smite_SB": 740, "Hullbreaker Horror_SB": 1364, "Kaheera, the Orphanguard_SB": 1483, "Narset's Reversal_SB": 1869, "Dromoka's Command_SB": 794, "Archfiend of the Dross": 113, "Cut Down": 620, "Go for the Throat": 1176, "Heartless Act": 1298, "Misery's Shadow": 1805, "The Meathook Massacre": 2842, "Ashiok, Dream Render_SB": 133, "Cry of the Carnarium_SB": 602, "Sheoldred, the Apocalypse_SB": 2478, "The End_SB": 2831, "Cavalier of Thorns": 433, "Invasion of Ixalan": 1432, "Kiora, Behemoth Beckoner": 1541, "Lair of the Hydra": 1597, "Leyline of the Guildpact": 1635, "Nykthos, Shrine to Nyx": 1935, "Old-Growth Troll": 1958, "Outcaster Trailblazer": 1995, "Polukranos Reborn": 2099, "Storm the Festival": 2676, "Ulvenwald Oddity": 3007, "Arasta of the Endless Web_SB": 100, "Emrakul, the Promised End_SB": 869, "Monstrous Emergence_SB": 1826, "Nylea's Intervention_SB": 1936, "Obstinate Baloth_SB": 1948, "Pick Your Poison_SB": 2079, "Setessan Petitioner_SB": 2448, "The Stone Brain_SB": 2858, "Haunted Ridge": 1284, "Anger of the Gods_SB": 74, "Adeline, Resplendent Cathar": 20, "Bloodsoaked Champion": 272, "Brightclimb Pathway": 337, "Brutal Cathar": 355, "Cavern of Souls": 437, "Caves of Koilos": 439, "Coppercoat Vanguard": 564, "Dauntless Bodyguard": 630, "Dire Tactics": 723, "General Kudro of Drannith": 1109, "Hopeful Initiate": 1348, "Jirina, Dauntless General": 1474, "Kytheon, Hero of Akros": 1596, "Recruitment Officer": 2225, "Thalia, Heretic Cathar": 2816, "Thalia's Lieutenant": 2813, "Veteran Survivor": 3099, "Containment Priest_SB": 560, "Graveyard Trespasser_SB": 1226, "Loran of the Third Path_SB": 1684, "Wedding Announcement_SB": 3182, "Anoint with Affliction": 85, "Blade of the Oni": 242, "Into the Flood Maw": 1423, "Sprite Dragon": 2646, "Abrade_SB": 4, "Brazen Borrower_SB": 329, "Lightning Axe_SB": 1650, "Proft's Eidetic Memory_SB": 2127, "Thassa's Oracle_SB": 2819, "Cruelclaw's Heist_SB": 596, "Misery's Shadow_SB": 1806, "Parting Gust_SB": 2037, "Galvanic Iteration_SB": 1089, "Into the Flood Maw_SB": 1424, "Zacama, Primal Calamity_SB": 3261, "Case of the Filched Falcon": 404, "Cryptic Coat": 605, "Darksteel Citadel": 629, "Ensoul Artifact": 883, "Gleaming Geardrake": 1155, "Inti, Seneschal of the Sun": 1420, "Legion Extruder": 1619, "Lost Jitte": 1689, "Shrapnel Blast": 2497, "Smuggler's Copter": 2567, "Spyglass Siren": 2647, "Voldaren Epicure": 3130, "Rampaging Ferocidon_SB": 2187, "The Akroan War_SB": 2822, "Prismari Command_SB": 2122, "Shattered Sanctum": 2468, "Fracture_SB": 1062, "Bonecrusher Giant": 295, "Kari Zev, Skyship Raider": 1500, "Reckless Rage": 2216, "Case of the Crimson Pulse_SB": 403, "Reidane, God of the Worthy_SB": 2241, "Declaration in Stone_SB": 661, "Blade of the Oni_SB": 243, "Damping Sphere_SB": 623, "Ray of Enfeeblement_SB": 2197, "Case of the Stashed Skeleton": 407, "Cling to Dust": 510, "Extinction Event": 926, "Hidetsugu Consumes All": 1325, "Ob Nixilis, the Adversary": 1941, "Transmogrify": 2957, "Untimely Malfunction_SB": 3048, "Skyclave Apparition_SB": 2541, "Demilich": 677, "Third Path Iconoclast_SB": 2874, "Farewell_SB": 959, "Go for the Throat_SB": 1177, "Liliana of the Veil_SB": 1658, "Beacon Bolt_SB": 209, "Virtue of Loyalty": 3106, "Metamorphic Alteration_SB": 1780, "Acererak the Archlich": 13, "Botanical Sanctum": 315, "Gwenna, Eyes of Gaea": 1252, "Honest Rutstein": 1343, "Kinnan, Bonder Prodigy": 1539, "Plaza of Heroes": 2095, "Relic of Legends": 2244, "Rona, Herald of Invasion": 2321, "Tranquil Frillback": 2954, "Assassin's Trophy_SB": 142, "Back to Nature_SB": 173, "Tranquil Frillback_SB": 2955, "Dreadhorde Arcanist": 776, "Guardian of Faith_SB": 1246, "Angel of Serenity": 70, "Moon-Blessed Cleric": 1830, "Sunpetal Grove": 2718, "Ruric Thar, the Unbowed_SB": 2342, "Unholy Annex && Ritual Chamber_SB": 3027, "All That Glitters": 54, "Alpha Authority": 57, "Audacity": 153, "Cartouche of Solidarity": 400, "Ethereal Armor": 907, "Gladecover Scout": 1148, "Gryff's Boon": 1244, "Light-Paws, Emperor's Voice": 1648, "Optimistic Scavenger": 1976, "Sentinel's Eyes": 2442, "Shardmage's Rescue": 2463, "Skrelv, Defector Mite": 2536, "Toadstool Admirer": 2924, "Warbriar Blessing": 3157, "Invasion of Gobakhan_SB": 1431, "Tamiyo's Safekeeping_SB": 2763, "Withering Torment_SB": 3220, "Caretaker's Talent": 395, "Carrot Cake": 399, "Overlord of the Mistmoors": 2012, "Heliod's Intervention_SB": 1304, "Sunfall_SB": 2712, "Drown in the Loch": 797, "Faerie Mastermind": 946, "Restless Reef": 2270, "Soaring Thought-Thief": 2578, "Thieves' Guild Enforcer": 2868, "Underground River": 3020, "Nowhere to Run_SB": 1926, "Glarb, Calamity's Augur": 1150, "Kroxa and Kunoros": 1584, "Nowhere to Run": 1925, "Noxious Gearhulk": 1927, "Overlord of the Floodpits": 2010, "Sanctuary Warden": 2358, "Zagoth Triome": 3263, "Zur, Eternal Schemer": 3278, "Agent of Treachery_SB": 42, "Nezahal, Primal Tide_SB": 1885, "Isolate_SB": 1448, "Arboreal Grazer": 101, "Fog": 1035, "Hedge Maze": 1300, "Temple of Mystery": 2790, "Dragonlord Dromoka_SB": 766, "Niv-Mizzet, Parun_SB": 1910, "Voyaging Satyr_SB": 3142, "Liliana of the Veil": 1657, "March of Wretched Sorrow": 1736, "Sheoldred, the Apocalypse": 2477, "Spikefield Hazard": 2626, "Bonecrusher Giant_SB": 296, "Chandra, Dressed to Kill_SB": 463, "Witchstalker Frenzy_SB": 3215, "Cityscape Leveler": 494, "Cityscape Leveler_SB": 495, "Polukranos Reborn_SB": 2100, "Scrapshooter_SB": 2397, "Deep-Cavern Bat": 663, "Woodland Cemetery": 3230, "Virulent Plague_SB": 3111, "Kaito, Dancing Shadow_SB": 1489, "Demonic Counsel": 682, "Doomsday Excruciator": 751, "Drowned Catacomb": 798, "Jace, the Perfected Mind": 1463, "Undercity Sewers": 3018, "Ashiok, Nightmare Muse_SB": 135, "Abhorrent Oculus": 1, "Hinterland Harbor": 1333, "Deafening Clarion_SB": 648, "Kutzil, Malamet Exemplar_SB": 1594, "Blast Zone": 246, "Demolition Field": 679, "The End": 2830, "Inspiring Vantage": 1416, "Shadowy Backstreet": 2457, "Detention Sphere": 709, "Haywire Mite": 1287, "Nahiri, the Harbinger_SB": 1864, "Cathar Commando_SB": 422, "Trostani, Three Whispers": 2976, "Cave of the Frost Dragon": 435, "Loran of the Third Path": 1683, "Novice Inspector": 1924, "Ossification": 1986, "Reidane, God of the Worthy": 2240, "Thraben Inspector": 2890, "Authority of the Consuls_SB": 158, "Galvanic Iteration": 1088, "Temporal Trespass": 2794, "Heartless Act_SB": 1299, "Virtue of Persistence_SB": 3109, "Barkchannel Pathway": 198, "Copperline Gorge": 565, "Ruric Thar, the Unbowed": 2341, "Wolfwillow Haven": 3227, "Klothys, God of Destiny_SB": 1550, "Aclazotz, Deepest Betrayal": 14, "Bandit's Talent": 183, "Geier Reach Sanitarium": 1106, "Go Blank": 1173, "Waste Not": 3168, "Deadly Cover-Up_SB": 645, "Hostile Investigator_SB": 1357, "Kalitas, Traitor of Ghet_SB": 1491, "Ascendant Spirit": 128, "Curious Obsession": 617, "Faceless Haven": 938, "Geistlight Snare": 1107, "Shacklegeist": 2452, "Snow-Covered Island": 2574, "Cryptic Coat_SB": 606, "Faceless Haven_SB": 939, "Fading Hope_SB": 942, "Lofty Denial_SB": 1677, "Unable to Scream_SB": 3011, "Flip the Switch": 1026, "Ill-Timed Explosion": 1376, "Lazotep Plating": 1612, "The Akroan War": 2821, "Unauthorized Exit": 3012, "Lithomantic Barrage_SB": 1670, "Anger of the Gods": 73, "Roaring Furnace && Steaming Sauna_SB": 2309, "Aloe Alchemist": 56, "Atarka's Command": 146, "Burning-Tree Emissary": 369, "Cragcrown Pathway": 582, "Cunning Coyote": 612, "Karplusan Forest": 1502, "Reckless Bushwhacker": 2213, "Royal Treatment": 2329, "Zurgo Bellstriker": 3280, "Destructive Revelry_SB": 707, "Royal Treatment_SB": 2330, "Shapers' Sanctuary_SB": 2462, "Nine Lives": 1900, "Peer into the Abyss": 2052, "Dazzling Reflection_SB": 641, "Solemnity_SB": 2583, "Banefire_SB": 186, "Chandra, Torch of Defiance_SB": 468, "Glistening Deluge_SB": 1163, "Blossoming Defense": 279, "Questing Druid": 2152, "Collision // Colossus_SB": 525, "Innkeeper's Talent_SB": 1403, "Arabella, Abandoned Doll": 96, "Case of the Gateway Express": 405, "Embercleave": 861, "Gleeful Demolition": 1156, "Imodane's Recruiter": 1381, "Knight-Errant of Eos": 1558, "Needleverge Pathway": 1880, "The Wandering Rescuer": 2861, "Venerated Loxodon": 3094, "Warden of the Inner Sky": 3160, "Thalia, Guardian of Thraben_SB": 2815, "Tormod's Crypt_SB": 2942, "Kalitas, Traitor of Ghet": 1490, "Horned Loch-Whale": 1351, "Enduring Curiosity_SB": 876, "Abrupt Decay": 5, "Aftermath Analyst": 36, "Altanak, the Thrice-Called": 62, "Brokers Hideout": 350, "Castle Garenbrig": 414, "Festering Gulch": 990, "Lotus Cobra": 1693, "Lumra, Bellow of the Woods": 1702, "Nissa, Resurgent Animist": 1905, "Obscura Storefront": 1947, "Port of Karfell": 2105, "Riveteers Overlook": 2305, "Spelunking": 2618, "Culling Ritual_SB": 610, "Noxious Grasp_SB": 1929, "Swan Song_SB": 2737, "Niv-Mizzet, Parun": 1909, "Wish": 3210, "Aetherflux Reservoir_SB": 31, "Boseiju, Who Endures_SB": 313, "Lier, Disciple of the Drowned_SB": 1640, "Thespian's Stage_SB": 2866, "Grafdigger's Cage_SB": 1217, "Shadowspear": 2455, "Voltage Surge_SB": 3135, "Witchstalker Frenzy": 3214, "Ahn-Crop Crasher_SB": 44, "Agent of Treachery": 41, "Entity Tracker": 885, "Trumpeting Carnosaur": 2977, "Lightning Helix_SB": 1652, "Voracious Hydra_SB": 3138, "Censor": 449, "Dream Trawler": 784, "Baneslayer Angel_SB": 188, "Discontinuity": 724, "Dream Trawler_SB": 785, "Surge of Righteousness_SB": 2727, "Deathcap Glade": 651, "Maskwood Nexus": 1747, "Masked Vandal_SB": 1746, "Abrupt Decay_SB": 6, "Oath of Nissa": 1939, "Dark Betrayal_SB": 624, "Arid Archway": 122, "Blue Sun's Twilight": 283, "Clifftop Lookout": 508, "Conduit Pylons": 547, "Dreamdew Entrancer": 786, "Dreamroot Cascade": 787, "Fading Hope": 941, "Fecund Greenshell": 976, "Insidious Fungus": 1411, "Ipnu Rivulet": 1441, "Outcaster Greenblade": 1994, "Pawpatch Formation": 2046, "Spinewoods Armadillo": 2628, "Highway Robbery": 1332, "The World Tree": 2864, "Assemble the Players": 144, "Parting Gust": 2036, "Prosperous Innkeeper": 2133, "Sanguine Evangelist": 2363, "Scavenging Ooze": 2384, "Knight of Autumn_SB": 1552, "Scavenging Ooze_SB": 2385, "Phantom Interference": 2063, "Shipwreck Marsh": 2484, "Ledger Shredder_SB": 1616, "Kaya the Inexorable": 1507, "Krenko's Buzzcrusher": 1578, "Scorching Dragonfire": 2386, "Despise": 701, "Reflector Mage_SB": 2232, "Sheltered by Ghosts_SB": 2474, "Elvish Rejuvenator": 858, "Glimpse the Core": 1159, "Sanctum of Ugin": 2359, "Say Its Name": 2376, "Shrine of the Forsaken Gods": 2500, "Ugin, the Spirit Dragon": 3000, "Ulamog, the Ceaseless Hunger": 3002, "World Breaker": 3232, "Spatial Contortion_SB": 2607, "Emry, Lurker of the Loch": 870, "Jeskai Ascendancy": 1470, "Lavaspur Boots": 1606, "Mishra's Research Desk": 1808, "Mox Amber": 1842, "Restless Spire": 2272, "Retraction Helix": 2275, "Tormod's Crypt": 2941, "Surge of Salvation_SB": 2729, "Nimble Larcenist": 1898, "Sulfur Falls": 2701, "Entity Tracker_SB": 886, "Linvala, the Preserver_SB": 1666, "March of Otherworldly Light_SB": 1733, "Marina Vendrell_SB": 1741, "Prosperous Thief": 2135, "Biting-Palm Ninja": 231, "Dokuchi Silencer": 742, "Satoru, the Infiltrator": 2366, "Thousand-Faced Shadow": 2888, "Metamorphic Alteration": 1779, "Unholy Annex // Ritual Chamber": 3028, "Roaring Furnace // Steaming Sauna": 2310, "Restless Vents": 2273, "Shivan Devastator": 2485, "Resolute Reinforcements": 2259, "Aven Interrupter_SB": 161, "Valgavoth, Terror Eater_SB": 3071, "Avabruck Caretaker": 159, "Starfield of Nyx": 2656, "Angel of Serenity_SB": 71, "Demon of Dark Schemes_SB": 680, "Harvester of Misery_SB": 1277, "Progenitor Mimic_SB": 2129, "Sire of Insanity_SB": 2528, "Valki, God of Lies_SB": 3074, "Defabricate": 668, "Rewind": 2282, "Lion Sash": 1667, "Archon of Absolution_SB": 116, "Garruk's Harbinger_SB": 1093, "Sandstalker Moloch_SB": 2360, "Unmoored Ego_SB": 3040, "Withering Torment": 3219, "Soul Partition_SB": 2593, "Extract the Truth_SB": 929, "Skysovereign, Consul Flagship_SB": 2548, "Diamond Pick-Axe": 715, "Thundering Falls": 2905, "Zoetic Glyph": 3273, "Stubborn Denial_SB": 2695, "Young Pyromancer_SB": 3258, "Shark Typhoon_SB": 2466, "Elspeth, Sun's Champion": 852, "Nahiri, the Unforgiving": 1865, "Cache Grab": 378, "Darkbore Pathway": 627, "Experimental Confectioner": 921, "Gilded Goose": 1141, "Insidious Roots": 1412, "Priest of Forgotten Gods": 2119, "Trail of Crumbs": 2951, "Tyvar, Jubilant Brawler": 2997, "Agatha's Soul Cauldron_SB": 40, "Dragonskull Summit": 767, "Consecrate // Consume_SB": 550, "Charge Through": 473, "Chord of Calling": 483, "Delney, Streetwise Lookout": 675, "Fight as One": 1002, "Gods Willing": 1204, "Illuminator Virtuoso": 1379, "Leonin Lightscribe": 1624, "March of Burgeoning Life": 1731, "Overgrown Farmland": 2003, "Season of Growth": 2415, "Tamiyo's Safekeeping": 2762, "Unwanted Remake": 3049, "Venerated Rotpriest": 3095, "Warriors' Lesson": 3166, "Collected Company_SB": 518, "Deafening Silence_SB": 649, "Moon-Blessed Cleric_SB": 1831, "Silverfur Partisan_SB": 2517, "Thalia, Heretic Cathar_SB": 2817, "Skewer the Critics": 2532, "Kari Zev's Expertise_SB": 1499, "Screaming Nemesis_SB": 2401, "Weathered Runestone_SB": 3178, "Liliana, Death's Majesty": 1659, "Atraxa, Grand Unifier_SB": 149, "Unholy Annex // Ritual Chamber_SB": 3029, "Esika's Chariot": 898, "Grisly Salvage": 1236, "Raffine's Informant": 2164, "Sorin, Vengeful Bloodlord": 2590, "Aetherflux Reservoir": 30, "Cathartic Pyre": 424, "Dig Through Time_SB": 719, "Elder Gargaroth_SB": 832, "Can't Stay Away": 390, "Grand Abolisher": 1218, "Traverse the Ulvenwald": 2961, "Witherbloom Command": 3217, "Behold the Beyond": 216, "Chandra, Hope's Beacon": 464, "Portent Tracker": 2111, "Tear Asunder_SB": 2776, "Bishop of Wings": 230, "Giada, Font of Hope": 1126, "Inspiring Overseer": 1415, "Kayla's Reconstruction": 1517, "Leyline of Hope": 1630, "Metropolis Reformer": 1782, "Resplendent Angel": 2261, "Righteous Valkyrie": 2289, "Surge of Salvation": 2728, "Dawn's Truce_SB": 633, "Ancient Cornucopia": 67, "Isolated Chapel": 1449, "Rootbound Crag": 2322, "Kambal, Profiteering Mayor_SB": 1494, "Scorching Dragonfire_SB": 2387, "Hostile Investigator": 1356, "Restless Cottage": 2267, "Glissa Sunslayer_SB": 1162, "Mogis, God of Slaughter_SB": 1817, "Bedevil": 214, "Eldritch Evolution": 836, "Gala Greeters": 1086, "Jinnie Fay, Jetmir's Second": 1473, "Act of Treason_SB": 16, "Heroic Intervention_SB": 1319, "Deadly Cover-Up": 644, "Shambling Vent": 2461, "Blood Baron of Vizkopa_SB": 261, "Split Up": 2638, "Summary Dismissal_SB": 2705, "Urabrask's Forge": 3054, "Furnace Reins_SB": 1082, "Bloody Betrayal_SB": 276, "Knight of Grace_SB": 1556, "Outland Liberator": 1996, "Evolved Sleeper": 909, "Tomik, Wielder of Law": 2933, "Sorin, Vengeful Bloodlord_SB": 2591, "Brimaz, King of Oreskos_SB": 340, "Archfiend of the Dross_SB": 114, "Flicker of Fate": 1023, "Kroxa, Titan of Death's Hunger_SB": 1586, "Flamecache Gecko": 1018, "Gev, Scaled Scorch": 1116, "Hired Claw": 1334, "Iridescent Vinelasher": 1443, "Okiba Reckoner Raid": 1957, "Sweltering Suns_SB": 2739, "Commercial District": 537, "Silundi Vision": 2511, "Up the Beanstalk_SB": 3053, "Reckless Stormseeker": 2218, "Thrun, Breaker of Silence_SB": 2900, "Fires of Invention": 1011, "Kenrith, the Returned King": 1530, "Tolsimir, Friend to Wolves": 2929, "Touch the Spirit Realm": 2946, "Keruga, the Macrosage_SB": 1533, "Yasharn, Implacable Earth": 3246, "Doppelgang": 755, "Lush Oasis": 1704, "Cacophony Scamp": 380, "Felonious Rage": 986, "Leyline of Resonance": 1631, "Might of the Meek": 1786, "Slickshot Show-Off_SB": 2558, "Cabaretti Courtyard": 377, "Broken Bond_SB": 349, "Cosmic Rebirth_SB": 573, "Saheeli, Sublime Artificer_SB": 2351, "Mazemind Tome": 1760, "Mazemind Tome_SB": 1761, "Ashen Rider": 129, "Combustible Gearhulk": 533, "Bonny Pall, Clearcutter_SB": 299, "Borborygmos Enraged_SB": 306, "Massacre Wurm_SB": 1750, "Rakdos, the Showstopper_SB": 2175, "Day's Undoing": 638, "Dragonlord Dromoka": 765, "Elder Gargaroth": 831, "Ghalta, Stampede Tyrant": 1119, "Smuggler's Surprise": 2568, "Velomachus Lorehold": 3091, "Ertai Resurrected_SB": 895, "Realm-Cloaked Giant_SB": 2208, "Tyrranax Rex_SB": 2995, "End the Festivities_SB": 872, "Goblin Chainwhirler_SB": 1183, "Razorkin Needlehead_SB": 2200, "Roiling Vortex_SB": 2319, "Sunspine Lynx_SB": 2723, "Founding the Third Path": 1056, "Hooting Mandrills": 1346, "Neoform": 1883, "No One Left Behind": 1916, "Otherworldly Gaze": 1992, "Tasigur, the Golden Fang": 2774, "Underground Mortuary": 3019, "Thundertrap Trainer": 2906, "Yavimaya Coast": 3248, "Tolarian Terror_SB": 2928, "Oracle of Tragedy": 1978, "Splitskin Doll": 2640, "Lion Sash_SB": 1668, "Caustic Bronco": 427, "Brave the Elements": 326, "Extraction Specialist": 930, "Luminarch Aspirant": 1701, "Extraction Specialist_SB": 931, "Thing in the Ice_SB": 2871, "Witherbloom Command_SB": 3218, "Hexgold Halberd_SB": 1321, "Collision // Colossus": 524, "Pawpatch Recruit": 2048, "Snakeskin Veil": 2570, "Cindervines_SB": 490, "Elspeth's Smite": 849, "Lotus Field_SB": 1695, "Declaration in Stone": 660, "Devouring Light_SB": 711, "Werewolf Pack Leader": 3188, "Vivien, Monsters' Advocate_SB": 3116, "Temporal Trespass_SB": 2795, "Slip Out the Back": 2559, "Yorion, Sky Nomad": 3251, "Access Tunnel": 12, "Shakedown Heavy": 2458, "Blot Out_SB": 282, "Welcoming Vampire": 3184, "Llanowar Wastes": 1675, "Vinereap Mentor": 3103, "Mountain_SB": 1841, "Kellan, Inquisitive Prodigy": 1525, "Restless Vinestalk": 2274, "Scavenger Grounds": 2380, "Reclamation Sage_SB": 2223, "Colossal Skyturtle": 527, "Joint Exploration": 1476, "Realm-Cloaked Giant": 2207, "Sweltering Suns": 2738, "Fog_SB": 1036, "Necromentia_SB": 1877, "Experimental Synthesizer": 923, "Obosh, the Preypiercer_SB": 1946, "Unchained Berserker_SB": 3014, "Cling to Dust_SB": 511, "Zareth San, the Trickster_SB": 3266, "Annihilating Glare": 82, "Charred Foyer && Warped Space_SB": 476, "Prairie Stream": 2115, "Teferi, Hero of Dominaria_SB": 2781, "Dreadmaw's Ire_SB": 781, "Obliterating Bolt_SB": 1944, "Beanstalk Giant": 210, "Clever Impersonator": 506, "Greater Tanuki": 1230, "Quintorius Kand": 2158, "Spark Double": 2606, "Virtue of Persistence": 3108, "Bedeck // Bedazzle_SB": 213, "Consign // Oblivion_SB": 553, "Gyruda, Doom of Depths_SB": 1254, "Forge Devil_SB": 1047, "Lovestruck Beast": 1696, "Sentinel of the Nameless City": 2440, "The Huntsman's Redemption": 2838, "Annul": 83, "Ashen Rider_SB": 130, "Carnage Tyrant_SB": 398, "Cavern of Souls_SB": 438, "Soul-Guide Lantern_SB": 2597, "Obliterating Bolt": 1943, "Phyrexian Dragon Engine": 2071, "Callous Bloodmage": 385, "Linvala, the Preserver": 1665, "Ritual of Soot_SB": 2302, "Search for Azcanta": 2410, "Glissa Sunslayer": 1161, "Innkeeper's Talent": 1402, "Mosswood Dreadknight": 1838, "Murderous Rider": 1851, "Path of Peril": 2041, "Preacher of the Schism": 2116, "Sorin the Mirthless": 2588, "Vraska, Betrayal's Sting": 3144, "Azor, the Lawbringer": 167, "Aven Mindcensor_SB": 162, "Noxious Gearhulk_SB": 1928, "Hallowed Moonlight": 1260, "Dust Animus_SB": 810, "Selfless Spirit_SB": 2438, "Blind Obedience": 257, "Collector's Vault": 523, "Boros Charm": 307, "Lightning Strike": 1654, "Exquisite Firecraft_SB": 925, "Scorching Shot_SB": 2389, "Searing Blood_SB": 2412, "Wear // Tear_SB": 3176, "Spirit of the Labyrinth_SB": 2633, "Torrential Gearhulk": 2944, "Twinferno_SB": 2986, "Prowling Serpopard_SB": 2138, "Battle Cry Goblin": 205, "Call of the Death-Dweller": 384, "Conspicuous Snoop": 554, "Goblin Chainwhirler": 1182, "Rundvelt Hordemaster": 2337, "Skirk Prospector": 2533, "Reckless Bushwhacker_SB": 2214, "Jace, Vryn's Prodigy": 1460, "Jace, Wielder of Mysteries_SB": 1462, "Retraction Helix_SB": 2276, "Gifted Aetherborn": 1139, "Scourge of the Skyclaves": 2392, "Gifted Aetherborn_SB": 1140, "Chandra, Dressed to Kill": 462, "Eidolon of the Great Revel": 827, "Magebane Lizard": 1715, "Rampaging Ferocidon": 2186, "Razorkin Needlehead": 2199, "Torbran, Thane of Red Fell": 2936, "Leyline of Combustion_SB": 1629, "Quick Study": 2154, "Leyline of Combustion": 1628, "Ojer Axonil, Deepest Might": 1955, "Faerie Mastermind_SB": 947, "Abhorrent Oculus_SB": 2, "Infernal Grasp_SB": 1397, "Calamity, Galloping Inferno": 382, "Clifftop Retreat": 509, "Valakut Awakening": 3066, "Vaultborn Tyrant": 3089, "Portal to Phyrexia_SB": 2110, "Defiler of Vigor": 671, "Garruk, Unleashed": 1096, "Garruk's Uprising": 1094, "Gemrazer": 1108, "Ghalta, Primal Hunger": 1117, "Hardened Scales": 1271, "Hulking Raptor": 1362, "Ornery Tumblewagg": 1981, "Questing Beast": 2150, "Railway Brawler": 2167, "Ranger Class": 2190, "The Great Henge": 2836, "The Skullspore Nexus": 2855, "Yorvo, Lord of Garenbrig": 3253, "Destiny Spinner_SB": 704, "Ram Through_SB": 2183, "Bontu's Last Reckoning_SB": 300, "Legion's End_SB": 1622, "Vein Ripper": 3090, "Chandra, Torch of Defiance": 467, "Heroic Reinforcements": 1320, "Monastery Mentor": 1823, "Stormchaser's Talent": 2678, "Sundown Pass": 2710, "Third Path Iconoclast": 2873, "Doorkeeper Thrull_SB": 754, "Bushy Bodyguard": 375, "Camellia, the Seedmiser": 388, "Feed the Cycle": 978, "Giant Opportunity": 1131, "Hollow Scavenger": 1340, "Honored Dreyleader": 1344, "Ifnir Deadlands": 1375, "Tear Asunder": 2775, "Valley Rotcaller": 3077, "Wicked Wolf": 3195, "Overprotect_SB": 2014, "Vivien Reid_SB": 3113, "Calix, Guided by Fate": 383, "Generous Visitor": 1110, "Jukai Naturalist": 1478, "Spirited Companion": 2635, "Unflinching Courage": 3025, "Valgavoth's Lair": 3068, "Weaver of Harmony": 3179, "Bubble Smuggler": 357, "Growing Dread": 1237, "Hauntwoods Shrieker": 1286, "Long Goodbye": 1678, "Paranormal Analyst": 2034, "Vannifar, Evolved Enigma": 3086, "Questing Beast_SB": 2151, "Atsushi, the Blazing Sky": 150, "Bonehoard Dracosaur": 297, "Dragon Tempest": 762, "Grafdigger's Cage": 1216, "Invasion of Tarkir": 1435, "Manaform Hellkite": 1725, "Reckless Impulse": 2215, "Shatterskull Smashing": 2469, "Wrenn's Resolve": 3239, "Fry_SB": 1076, "Sorcerous Spyglass_SB": 2587, "Tears of Valakut_SB": 2777, "Commune with Dinosaurs": 540, "Itzquinth, Firstborn of Gishath": 1450, "Marauding Raptor": 1730, "Otepec Huntmaster": 1991, "Pugnacious Hammerskull": 2140, "Rampaging Raptor": 2188, "Ripjaw Raptor": 2292, "Rockfall Vale": 2316, "Harness by Force_SB": 1274, "Raze the Effigy_SB": 2198, "Day's Undoing_SB": 639, "Hallowed Moonlight_SB": 1261, "Burning Anger": 365, "Colossification": 529, "Grapple with the Past": 1221, "Storm Herald": 2675, "Commencement of Festivities": 536, "Defend the Hearth": 669, "Growth Spiral": 1238, "Sphinx's Tutelage": 2623, "Sultai Charm": 2703, "Winds of Qal Sisma": 3207, "Folio of Fancies_SB": 1037, "Sultai Charm_SB": 2704, "Armed and Armored": 124, "Consulate Dreadnought": 555, "Giant Ox": 1132, "Hotshot Mechanic": 1358, "Ingenious Smith": 1401, "Mech Hangar": 1763, "Sram, Senior Edificer": 2651, "Surgehacker Mech": 2730, "Toolcraft Exemplar": 2934, "Unidentified Hovership": 3030, "Unlicensed Hearse": 3035, "Goldvein Hydra": 1206, "Turntimber Symbiosis": 2984, "Vivien, Arkbow Ranger": 3114, "Archdruid's Charm_SB": 110, "Cemetery Prowler_SB": 447, "Goldvein Hydra_SB": 1207, "Tail Swipe_SB": 2754, "Xander's Lounge": 3241, "Lukka, Coppercoat Outcast": 1699, "Seed of Hope": 2424, "Mox Amber_SB": 1843, "Stern Dismissal": 2666, "Kaya, Spirits' Justice_SB": 1516, "Voice of Resurgence_SB": 3120, "Professor's Warning": 2124, "Ral, Crackling Wit_SB": 2178, "Enduring Courage": 874, "Reflector Mage": 2231, "Ashiok, Nightmare Muse": 134, "Commit // Memory_SB": 539, "Long Goodbye_SB": 1679, "Murderous Cut_SB": 1850, "Adanto Vanguard": 17, "Crumb and Get It": 597, "Defiant Strike": 670, "Favored Hoplite": 966, "Sejiri Shelter": 2431, "Adanto Vanguard_SB": 18, "Crumb and Get It_SB": 598, "Jirina, Dauntless General_SB": 1475, "Baral, Chief of Compliance": 195, "Invigorated Rampage": 1438, "Blossoming Defense_SB": 280, "Colossus Hammer": 530, "Fireblade Charger": 1009, "Kellan, the Fae-Blooded": 1527, "Kemba, Kha Enduring": 1528, "Open the Armory": 1971, "Resolute Strike": 2260, "Sigarda's Aid": 2504, "Snow-Covered Plains": 2576, "Thud": 2901, "Light of Hope_SB": 1647, "Loran's Escape_SB": 1686, "Thud_SB": 2902, "Rakdos Joins Up": 2172, "Deification": 674, "Doomskar": 752, "Elspeth Resplendent": 848, "Gideon Blackblade": 1133, "Gideon of the Trials": 1134, "Gideon's Triumph": 1135, "Oath of Kaya": 1938, "The Birth of Meletis": 2825, "Urza's Sylex": 3061, "Yahenni's Expertise": 3245, "Sunset Revelry_SB": 2720, "Empyrean Eagle": 867, "Hanged Executioner": 1266, "Rally of Wings": 2180, "Selfless Spirit": 2437, "Skycat Sovereign": 2539, "Topplegeist": 2935, "Watcher of the Spheres": 3172, "Errant and Giada_SB": 893, "Patch Up_SB": 2038, "Remorseful Cleric_SB": 2247, "Dictate of Kruphix": 716, "Ertai Resurrected": 894, "Notion Thief": 1922, "Slitherwisp": 2561, "Blacklance Paragon_SB": 239, "Cunning Nightbonder_SB": 614, "Shadowspear_SB": 2456, "Exuberant Fuseling": 932, "Foundry Street Denizen": 1057, "Frenzied Goblin": 1070, "Goblin Piledriver": 1189, "Goblin Rabblemaster": 1190, "Legion Loyalist": 1621, "Dewdrop Cure_SB": 714, "Requisition Raid_SB": 2258, "Torpor Orb_SB": 2943, "Adult Gold Dragon": 23, "Soulflayer": 2600, "Striped Riverwinder": 2692, "Urborg Scavengers": 3057, "Zetalpa, Primal Dawn": 3269, "Savage Summoning_SB": 2368, "Mystic Monastery": 1856, "Warrant // Warden": 3165, "Reduce // Rubble_SB": 2230, "Adeline, Resplendent Cathar_SB": 21, "Jadar, Ghoulcaller of Nephalia_SB": 1464, "Otawara, Soaring City_SB": 1990, "Bloodchief's Thirst": 267, "Hazoret the Fervent": 1289, "Questing Druid_SB": 2153, "Angrath's Rampage_SB": 75, "Temple of Epiphany": 2787, "Selfless Glyphweaver": 2433, "Careful Cultivation": 394, "Courier's Briefcase": 576, "Get Out": 1114, "Secrets of the Key": 2420, "Azure Beastbinder": 171, "Bounding Krasis": 319, "Decimator of the Provinces": 659, "Elder Deep-Fiend": 830, "Fierce Empath": 996, "Nissa, Vastwood Seer": 1906, "Reclamation Sage": 2222, "Rishkar, Peema Renegade": 2297, "Tishana's Tidebinder": 2917, "Keen-Eyed Curator_SB": 1523, "Skylasher_SB": 2545, "Archangel Elspeth_SB": 107, "Nighthawk Scavenger_SB": 1894, "Languish": 1599, "Bandit's Talent_SB": 184, "Wild Slash": 3198, "Chromanticore": 484, "Cragplate Baloth": 583, "Oketra the True": 1956, "Stitcher's Supplier": 2669, "Collective Brutality_SB": 520, "Murderous Rider_SB": 1852, "Dreams of Steel and Oil_SB": 789, "Tarrian's Journal": 2772, "The Cruelty of Gix": 2828, "Rush of Adrenaline": 2343, "Silverquill Silencer": 2519, "Ulcerate_SB": 3004, "Phyrexian Fleshgorger": 2072, "Phyrexian Fleshgorger_SB": 2073, "Epic Downfall_SB": 889, "Forest_SB": 1046, "Dreams of Steel and Oil": 788, "Zacama, Primal Calamity": 3260, "March of Swirling Mist_SB": 1735, "Velomachus Lorehold_SB": 3092, "Authority of the Consuls": 157, "Overlord of the Boilerbilges_SB": 2009, "Deep-Cavern Bat_SB": 664, "Kick in the Door": 1538, "Violent Urge": 3104, "Charred Foyer // Warped Space_SB": 477, "Cosmic Rebirth": 572, "Escape to the Wilds": 897, "Risen Reef": 2296, "Doomskar_SB": 753, "Titan of Industry_SB": 2920, "Aqueous Form": 95, "Combat Research": 532, "Kaya's Ghostform": 1509, "Stubborn Denial": 2694, "Break the Spell_SB": 331, "Slip Out the Back_SB": 2560, "Warbriar Blessing_SB": 3158, "Kenrith, the Returned King_SB": 1531, "Bond of Insight": 291, "Lightning Strike_SB": 1655, "Lyra Dawnbringer_SB": 1706, "Depopulate_SB": 693, "Welcoming Vampire_SB": 3185, "Deflecting Palm_SB": 673, "Akroan Crusader": 51, "Clever Lumimancer": 507, "Expedite": 915, "Gods Willing_SB": 1205, "Smash to Smithereens_SB": 2563, "Showdown of the Skalds_SB": 2496, "Unable to Scream": 3010, "Dreadhorde Invasion": 778, "Obzedat, Ghost Council": 1950, "Pest Control_SB": 2061, "Silver Raven": 2512, "Eat to Extinction_SB": 815, "Realmwalker": 2209, "Charming Prince": 474, "Ajani, Sleeper Agent_SB": 47, "Scrapshooter": 2396, "Kenrith's Transformation_SB": 1529, "Wolfwillow Haven_SB": 3228, "Filter Out_SB": 1005, "Fiery Temper": 1000, "Hollow One": 1339, "Insolent Neonate": 1413, "Ovalchase Daredevil": 2001, "Scrapheap Scrounger": 2395, "Alpine Moon_SB": 59, "Improbable Alliance_SB": 1388, "Hushbringer_SB": 1367, "Agadeem's Awakening": 37, "Exorcise_SB": 913, "Clockwork Percussionist": 512, "Atarka's Command_SB": 147, "Big Score": 226, "Dwarven Mine": 811, "Gideon, Ally of Zendikar": 1137, "Worldspine Wurm_SB": 3235, "Xenagos, God of Revels_SB": 3243, "Homestead Courage": 1342, "Shardmage's Rescue_SB": 2464, "Staggering Insight": 2653, "Natural State_SB": 1874, "Snow-Covered Swamp": 2577, "Perilous Voyage_SB": 2058, "Voyaging Satyr": 3141, "Discontinuity_SB": 725, "Hostile Hostel": 1355, "Ulamog, the Ceaseless Hunger_SB": 3003, "Virtue of Loyalty_SB": 3107, "Katilda, Dawnhart Martyr": 1504, "Katilda, Dawnhart Martyr_SB": 1505, "Devout Decree_SB": 712, "Cemetery Desecrator": 443, "Cruelclaw's Heist": 595, "Escape Tunnel": 896, "Insatiable Avarice_SB": 1407, "Malicious Eclipse_SB": 1723, "Cathar Commando": 421, "Tenacious Underdog": 2799, "Rush of Dread_SB": 2345, "The Kenriths' Royal Funeral_SB": 2841, "Coordinated Assault": 562, "Breaking // Entering": 332, "Fraying Sanity": 1068, "Maddening Cacophony": 1709, "Soul-Guide Lantern": 2596, "Tasha's Hideous Laughter": 2773, "Come Back Wrong_SB": 534, "Rite of the Moth": 2300, "Valgavoth's Faithful": 3067, "Ashiok, Dream Render": 132, "Bonebind Orator": 294, "Crashing Drawbridge": 587, "Deathrite Shaman": 655, "Fiend Artisan": 995, "Moss-Pit Skeleton": 1836, "Osteomancer Adept": 1988, "Rubblebelt Maverick": 2332, "Shigeki, Jukai Visionary": 2482, "Snarling Gorehound": 2572, "Squirming Emergence": 2650, "Unstoppable Slasher_SB": 3043, "Assimilation Aegis": 145, "Candy Trail": 391, "Disruption Protocol": 732, "Dusk Rose Reliquary": 807, "Fomori Vault": 1038, "Golos, Tireless Pilgrim": 1210, "Inventors' Fair": 1437, "Lantern of the Lost": 1601, "Metallic Rebuke": 1776, "Moonsnare Prototype": 1834, "Prophetic Prism": 2132, "The Book of Exalted Deeds": 2826, "The Enigma Jewel": 2832, "Tyrite Sanctum": 2993, "Whir of Invention": 3191, "Citizen's Crowbar_SB": 493, "Demonic Ruckus": 684, "Hammerhand": 1263, "Leyline of Sanctity": 1633, "Ygra, Eater of All_SB": 3250, "Cleansing Nova": 501, "Confounding Riddle": 548, "Coveted Falcon": 578, "Idyllic Tutor": 1374, "Rest in Peace": 2263, "Solemnity": 2582, "Palace Siege_SB": 2025, "Beseech the Mirror": 221, "Rush of Dread": 2344, "Assassin's Trophy": 141, "Nissa, Ascended Animist": 1903, "Rankle's Prank": 2191, "Repudiate // Replicate": 2254, "Thrun, Breaker of Silence": 2899, "Wrenn and Realmbreaker": 3238, "Colossal Skyturtle_SB": 528, "Song of Totentanz_SB": 2585, "Outrageous Robbery_SB": 2000, "Giant Killer_SB": 1130, "Twisted Fealty_SB": 2990, "Deploy the Gatewatch": 691, "Interplanar Beacon": 1419, "Kaya, Intangible Slayer": 1512, "Narset of the Ancient Way": 1868, "Paradise Druid": 2030, "Tamiyo, Collector of Tales": 2764, "Tamiyo, Compleated Sage": 2766, "The Eternal Wanderer": 2833, "Green Sun's Twilight": 1231, "Tyrranax Rex": 2994, "Vorinclex, Monstrous Raider": 3139, "Invasion of Ixalan_SB": 1433, "Kogla, the Titan Ape_SB": 1566, "Nullhide Ferox_SB": 1931, "Mirrorshell Crab": 1802, "Omen Hawker": 1960, "Horned Loch-Whale_SB": 1352, "Strict Proctor_SB": 2691, "Lilah, Undefeated Slickshot": 1656, "Fauna Shaman": 965, "Tishana's Tidebinder_SB": 2918, "Phyrexian Censor_SB": 2070, "Leyline of Resonance_SB": 1632, "Furnace Reins": 1081, "Bloodletter of Aclazotz_SB": 271, "Path to the World Tree": 2043, "Crackling Drake": 579, "Angrath, the Flame-Chained_SB": 76, "Nebelgast Herald": 1875, "Eidolon of Rhetoric_SB": 826, "Radiant Flames_SB": 2163, "Void Winnower_SB": 3126, "Unctus, Grand Metatect": 3016, "Feed the Swarm": 980, "Boros Charm_SB": 308, "Flowstone Infusion_SB": 1034, "Annie Joins Up": 81, "Phylath, World Sculptor": 2066, "Worldsoul's Rage": 3233, "Rotten Reunion_SB": 2324, "Liliana, the Last Hope": 1662, "Skullcrack_SB": 2538, "Regal Caracal": 2236, "Westvale Abbey": 3189, "Izzet Charm": 1453, "Finale of Devastation": 1007, "Kitsa, Otterball Elite": 1548, "Springleaf Drum": 2645, "Valley Floodcaller": 3075, "Wishclaw Talisman": 3211, "Altar of the Brood_SB": 63, "Kaito, Bane of Nightmares_SB": 1487, "The Scarab God": 2852, "Attack-in-the-Box": 151, "Balemurk Leech": 179, "Broodspinner": 351, "Cackling Slasher": 379, "Cathartic Parting": 423, "Coordinated Clobbering": 563, "Flesh Burrower": 1022, "Frantic Strength": 1066, "Glimmerlight": 1158, "Grasping Longneck": 1224, "Grievous Wound": 1233, "Innocuous Rat": 1404, "Leyline of the Void": 1636, "Meathook Massacre II": 1762, "Overgrown Zealot": 2005, "Saw": 2373, "Slavering Branchsnapper": 2551, "Spectral Snatcher": 2612, "Spineseeker Centipede": 2627, "Sporogenic Infection": 2643, "Strangled Cemetery": 2686, "Terramorphic Expanse": 2803, "Twitching Doll": 2991, "Wary Watchdog": 3167, "Winter, Misanthropic Guide": 3209, "Conductive Machete_SB": 546, "Fanatic of the Harrowing_SB": 954, "Final Vengeance_SB": 1006, "Friendly Teddy_SB": 1072, "Give In to Violence_SB": 1144, "Manifest Dread_SB": 1726, "Murder_SB": 1848, "Hagra Mauling": 1255, "Selfless Glyphweaver_SB": 2434, "Tolsimir, Friend to Wolves_SB": 2930, "Elspeth, Sun's Champion_SB": 853, "Pack Rat": 2020, "Silence": 2507, "Dragonhawk, Fate's Tempest": 764, "Containment Priest": 559, "Narset, Enlightened Master_SB": 1870, "Unexpected Fangs_SB": 3024, "Starnheim Unleashed_SB": 2657, "Cenote Scout": 448, "Deeproot Pilgrimage": 667, "Kumena, Tyrant of Orazca": 1589, "Kumena's Speaker": 1588, "Vodalian Hexcatcher": 3118, "Tidebinder Mage_SB": 2910, "Goblin Ringleader": 1191, "Goblin Trashmaster": 1197, "Squee, Dubious Monarch": 2648, "Bloodchief's Thirst_SB": 268, "Lukka, Coppercoat Outcast_SB": 1700, "Experimental Frenzy_SB": 922, "Brave the Elements_SB": 327, "Bontu's Monument": 301, "Hashep Oasis": 1278, "Thought-Knot Seer": 2883, "Arlinn, the Pack's Hope_SB": 123, "Eldrazi Obligator_SB": 835, "Thought-Knot Seer_SB": 2884, "Saheeli, Sublime Artificer": 2350, "Dazzling Theater // Prop Room": 642, "Restless Bivouac": 2266, "Siege Veteran": 2502, "Warleader's Call": 3161, "Yotian Frontliner": 3254, "Aurelia, the Law Above_SB": 156, "Dwynen's Elite": 812, "Elvish Clancaller": 856, "Elvish Warmaster": 860, "Jaspera Sentinel": 1466, "Leaf-Crowned Visionary": 1614, "Secluded Courtyard": 2419, "Shaman of the Pack": 2460, "Pause for Reflection_SB": 2045, "Phyrexian Revoker_SB": 2075, "Sentinel of Lost Lore_SB": 2439, "Soulless Jailer_SB": 2601, "Hope Tender_SB": 1347, "Collective Brutality": 519, "Helping Hand": 1310, "Ferocious Werefox_SB": 987, "Detention Sphere_SB": 710, "Deeproot Elite": 666, "Forensic Researcher": 1042, "Kiora's Follower": 1540, "Kitesail Larcenist": 1544, "Merfolk Trickster": 1775, "Three Tree City": 2897, "Forensic Researcher_SB": 1043, "Kopala, Warden of Waves_SB": 1571, "Lost in the Maze_SB": 1691, "Prophet of Kruphix_SB": 2131, "Snow-Covered Forest": 2573, "Consign // Oblivion": 552, "Creative Outburst": 590, "Magma Opus": 1717, "Vanquish the Horde_SB": 3087, "Takenuma, Abandoned Mire_SB": 2757, "Barrier Breach_SB": 200, "Kazuul's Fury": 1520, "Tail Swipe": 2753, "Giant Growth": 1128, "Snakeskin Veil_SB": 2571, "Bedeck // Bedazzle": 212, "Herd Migration": 1316, "Mirrorshell Crab_SB": 1803, "Quakebringer_SB": 2149, "Drannith Ruins": 770, "Faerie Dreamthief": 944, "Spell Stutter": 2616, "Overlord of the Balemurk_SB": 2007, "Plumecreed Escort_SB": 2097, "Void Rend": 3124, "Wandering Mind": 3155, "Speaker of the Heavens": 2609, "Possibility Storm": 2112, "Sunset Revelry": 2719, "Blind Obedience_SB": 258, "Outlaws' Merriment_SB": 1998, "Rip Apart_SB": 2291, "Archon of Sun's Grace": 119, "Omen of the Sun": 1965, "Seal Away": 2406, "Starfall Invocation_SB": 2655, "Collateral Damage": 515, "Eidolon of the Great Revel_SB": 828, "Ratchet Bomb_SB": 2192, "Chandra, Acolyte of Flame_SB": 460, "Echoing Deeps": 817, "Maestros Theater": 1712, "Mystic Sanctuary": 1858, "Scapeshift": 2378, "Splendid Reclamation": 2637, "The Autonomous Furnace": 2823, "The Hunter Maze": 2837, "Bushwhack": 374, "Circle of Dreams Druid": 491, "Elvish Visionary": 859, "Deathrite Shaman_SB": 656, "Cavalier of Flame": 432, "Vraska, Betrayal's Sting_SB": 3145, "Imposing Sovereign": 1386, "Sphinx's Revelation": 2621, "Tale's End": 2758, "Urza's Sylex_SB": 3062, "Chandra, Acolyte of Flame": 459, "Exquisite Firecraft": 924, "Gruul Charm": 1240, "Regal Caracal_SB": 2237, "Braids, Arisen Nightmare": 321, "Disturbing Mirth": 735, "Hopeless Nightmare": 1350, "Spiteful Hexmage": 2636, "Treacherous Blessing": 2962, "Haunted Ridge_SB": 1285, "Giant Killer": 1129, "Basri Ket_SB": 202, "Unwanted Remake_SB": 3050, "Lazav, the Multifarious": 1611, "Nashi, Searcher in the Dark": 1873, "Slogurk, the Overslime": 2562, "Roaring Furnace // Steaming Sauna_SB": 2311, "Not on My Watch_SB": 1921, "Holy Cow": 1341, "Archangel of Tithes_SB": 108, "Conclave Tribunal_SB": 545, "Metropolis Reformer_SB": 1783, "Shalai, Voice of Plenty_SB": 2459, "Get Out_SB": 1115, "Fateful Absence": 963, "Doppelgang_SB": 756, "Fanatical Offering": 957, "Vraska, Golgari Queen_SB": 3147, "Bolas's Citadel": 285, "Catacomb Sifter": 419, "Popular Egotist": 2101, "Woe Strider": 3225, "Cemetery Illuminator": 445, "Cemetery Illuminator_SB": 446, "Balmor, Battlemage Captain": 180, "Shore Up_SB": 2492, "Bag of Holding": 175, "Jace, Architect of Thought": 1458, "Teferi, Master of Time": 2782, "Cleansing Nova_SB": 502, "Eerie Ultimatum_SB": 822, "Inspired Ultimatum_SB": 1414, "Nicol Bolas, Dragon-God_SB": 1889, "Sarkhan the Masterless_SB": 2364, "Soul Search_SB": 2594, "Thief of Sanity_SB": 2867, "Botanical Brawler": 314, "Bristly Bill, Spine Sower": 347, "Conclave Mentor": 544, "Kodama of the West Tree": 1562, "Ozolith, the Shattered Spire": 2018, "Stonecoil Serpent": 2674, "Urgent Necropsy": 3059, "Archangel Avacyn_SB": 105, "Boon-Bringer Valkyrie_SB": 305, "Wrenn's Resolve_SB": 3240, "Jace Reawakened": 1455, "Rabid Gnaw": 2161, "Shock": 2487, "Strangle": 2684, "Kazandu Mammoth": 1519, "Azorius Charm": 169, "Scavenger Grounds_SB": 2381, "Approach of the Second Sun": 93, "Fortified Beachhead": 1049, "Vraska, Golgari Queen": 3146, "Fortified Village": 1050, "Nightveil Predator": 1895, "Rhonas the Indomitable": 2283, "Samut, Voice of Dissent": 2357, "Depopulate": 692, "The Scorpion God_SB": 2854, "The Cruelty of Gix_SB": 2829, "Painful Truths_SB": 2023, "Consuming Tide_SB": 557, "Tocasia's Welcome_SB": 2926, "Maximize Velocity_SB": 1757, "Field of Ruin_SB": 994, "Eidolon of Blossoms": 824, "Bond of Revival": 292, "Rhonas the Indomitable_SB": 2284, "Whisperwood Elemental_SB": 3193, "Blazemire Verge_SB": 249, "Citywide Bust_SB": 496, "Tyvar, the Pummeler_SB": 2999, "Hoarding Broodlord_SB": 1337, "Enduring Vitality": 880, "Kona, Rescue Beastie": 1570, "Selfless Savior": 2435, "Seraphic Steed": 2443, "Survivors' Encampment": 2734, "The Restoration of Eiganjo": 2850, "Selfless Savior_SB": 2436, "Despark_SB": 699, "Elesh Norn_SB": 844, "Zoyowa Lava-Tongue": 3277, "Exuberant Fuseling_SB": 933, "Squee, Dubious Monarch_SB": 2649, "Pest Control": 2060, "Restless Fortress": 2268, "Kaya, Intangible Slayer_SB": 1513, "Kaya, Orzhov Usurper_SB": 1515, "Renounce the Guilds_SB": 2252, "Duelist of the Mind": 802, "Steamcore Scholar": 2662, "Orazca Puzzle-Door": 1979, "Monastery Mentor_SB": 1824, "Enduring Bondwarden": 873, "Hangarback Walker": 1264, "Quirion Beastcaller": 2159, "Bolas's Citadel_SB": 286, "Catacomb Sifter_SB": 420, "Popular Egotist_SB": 2102, "Prosperous Innkeeper_SB": 2134, "Woe Strider_SB": 3226, "Elvish Archivist_SB": 855, "Ugin, the Spirit Dragon_SB": 3001, "Fblthp, the Lost": 967, "Teshar, Ancestor's Apostle": 2808, "Shoot the Sheriff_SB": 2490, "Armored Scrapgorger": 126, "Eldrazi Displacer": 833, "Loran's Escape": 1685, "Blessed Defiance_SB": 255, "Viashino Pyromancer": 3100, "Dawnbringer Cleric_SB": 635, "Den of the Bugbear_SB": 688, "Dispel_SB": 730, "Kitesail Larcenist_SB": 1545, "Suncleanser_SB": 2707, "Lofty Denial": 1676, "Debt to the Kami": 657, "Debt to the Kami_SB": 658, "Release to the Wind": 2242, "Status // Statue_SB": 2659, "Angelfire Ignition": 72, "Tenth District Legionnaire": 2801, "Steel Seraph_SB": 2665, "Izoni, Center of the Web": 1452, "Silent Gravestone_SB": 2509, "Blot Out": 281, "Lively Dirge": 1671, "Renegade Rallier": 2250, "Drag to the Roots": 761, "Zoraline, Cosmos Caller": 3276, "Castle Locthwain_SB": 416, "Edgar, Charmed Groom_SB": 819, "Play with Fire_SB": 2093, "Golgari Charm_SB": 1208, "Gates of Istfell": 1101, "Fateful Absence_SB": 964, "No More Lies_SB": 1915, "Korvold, Fae-Cursed King": 1572, "Guardian of Faith": 1245, "Phyrexian Vindicator_SB": 2076, "Kozilek's Return_SB": 1575, "Alchemist's Gambit": 52, "Intrepid Adversary": 1427, "Experiment One": 918, "Unclaimed Territory": 3015, "Cyclonic Rift": 622, "Rona's Vortex": 2320, "Curse of Silence_SB": 618, "Nighthawk Scavenger": 1893, "Cease // Desist_SB": 441, "Case of the Gateway Express_SB": 406, "Hidden Necropolis": 1322, "Temple of Malady": 2788, "Temple of Malice": 2789, "Untimely Malfunction": 3047, "Koma, Cosmos Serpent_SB": 1569, "Brimaz, King of Oreskos": 339, "Collector's Cage": 522, "Warping Wail_SB": 3164, "Gyruda, Doom of Depths": 1253, "Kitnap": 1546, "Forsaken Miner": 1048, "Undead Sprinter": 3017, "Bloodtithe Collector": 274, "Goddric, Cloaked Reveler": 1202, "Bonders' Enclave": 293, "Nicol Bolas, Dragon-God": 1888, "Vampires' Vengeance_SB": 3082, "Blood Crypt_SB": 263, "Break Out": 330, "Evolving Adaptive": 910, "Pelt Collector": 2055, "Voltaic Brawler": 3136, "Wildfire Wickerfolk": 3200, "Embercleave_SB": 862, "Vengeful Possession_SB": 3097, "Ingenious Prodigy": 1400, "Glarb, Calamity's Augur_SB": 1151, "Tomik, Distinguished Advokist_SB": 2932, "Pick Your Poison": 2078, "Bamboo Grove Archer_SB": 182, "Sunken Citadel_SB": 2715, "Mastermind's Acquisition_SB": 1753, "Season of the Burrow_SB": 2416, "Spinner of Souls": 2629, "Abyssal Harvester": 9, "Zur, Eternal Schemer_SB": 3279, "Burst Lightning": 372, "Blast Zone_SB": 247, "Lantern of the Lost_SB": 1602, "Scab-Clan Berserker_SB": 2377, "Knight-Errant of Eos_SB": 1559, "Boltwave": 287, "Elenda, Saint of Dusk": 840, "Elenda, Saint of Dusk_SB": 841, "Serra Paragon": 2444, "High Fae Trickster_SB": 1329, "Waste Not_SB": 3169, "Fervent Champion": 989, "Goblin Tomb Raider": 1195, "Leyline Axe": 1625, "Stern Dismissal_SB": 2667, "Kaito, Cunning Infiltrator": 1488, "Scrawling Crawler": 2399, "Brass Knuckles": 324, "Fabrication Foundry": 937, "Metalwork Colossus": 1778, "Simulacrum Synthesizer": 2524, "The Irencrag": 2839, "Wedding Invitation": 3183, "Metallic Rebuke_SB": 1777, "Mystic Forge_SB": 1855, "Varragoth, Bloodsky Sire": 3088, "Emrakul, the Promised End": 868, "Syr Ginger, the Meal Ender": 2750, "Slaughter Games_SB": 2550, "Saiba Cryptomancer": 2352, "Saiba Cryptomancer_SB": 2353, "Nahiri, the Unforgiving_SB": 1866, "Ajani, Sleeper Agent": 46, "Alms of the Vein": 55, "Demand Answers": 676, "Grab the Prize": 1214, "Markov Baron": 1742, "Nullpriest of Oblivion": 1932, "Skullcrack": 2537, "Expedition Map": 916, "Evangel of Synthesis": 908, "Kiora, the Rising Tide": 1542, "Raffine, Scheming Seer": 2166, "Fragmentize_SB": 1063, "Void Rend_SB": 3125, "Dropkick Bomber": 795, "Searslicer Goblin": 2413, "Goblin Ringleader_SB": 1192, "Ral, Crackling Wit": 2177, "Creeping Chill": 591, "Driven // Despair": 791, "Haunted Dead": 1283, "Narcomoeba": 1867, "Prized Amalgam": 2123, "Silversmote Ghoul": 2520, "Tome Scour": 2931, "Wail of the Forgotten": 3149, "Huskburster Swarm_SB": 1369, "Tainted Indulgence": 2755, "Zombify": 3274, "Blooming Blast": 277, "Gallia of the Endless Dance": 1087, "Cemetery Gatekeeper_SB": 444, "Mission Briefing": 1809, "Not on My Watch": 1920, "Dawnbringer Cleric": 634, "Camellia, the Seedmiser_SB": 389, "Trail of Crumbs_SB": 2952, "Bulk Up": 361, "Voracious Hydra": 3137, "Hornet Queen_SB": 1353, "Cut // Ribbons": 619, "Skrelv's Hive_SB": 2535, "Halana and Alena, Partners": 1257, "Blacksmith's Talent": 240, "Herald of Eternal Dawn_SB": 1313, "Temple of Plenty": 2791, "Peer into the Abyss_SB": 2053, "The Witch's Vanity": 2863, "Day of Judgment": 636, "Liliana, Dreadhorde General": 1660, "Hanweir Battlements": 1267, "Response // Resurgence_SB": 2262, "Scorn-Blade Berserker": 2390, "Essence Channeler": 901, "Fountain of Renewal": 1058, "Heliod, Sun-Crowned": 1305, "Hooded Blightfang": 1345, "Indulging Patrician": 1394, "Revival // Revenge": 2281, "Scoured Barrens": 2391, "Vampire of the Dire Moon": 3080, "Vito, Thorn of the Dusk Rose": 3112, "Voice of the Blessed": 3123, "Deathmark_SB": 653, "Tinybones, Bauble Burglar": 2914, "Lava Axe_SB": 1604, "Skrelv's Hive": 2534, "Flicker of Fate_SB": 1024, "Kykar, Zephyr Awakener": 1595, "Infestation Sage": 1398, "Pyroclasm": 2144, "Ill-Timed Explosion_SB": 1377, "Omnath, Locus of Creation_SB": 1968, "Scrapwork Mutt": 2398, "Tyvar's Stand": 2996, "Shadows' Verdict_SB": 2454, "Spawn of Mayhem": 2608, "Karn, Scion of Urza_SB": 1501, "Banner of Kinship": 194, "Elvish Archdruid": 854, "Citanul Stalwart": 492, "Sylvan Messenger_SB": 2746, "Joust Through_SB": 1477, "Maelstrom Pulse": 1710, "Genesis Wave": 1111, "Samut, Tyrant Smasher": 2355, "Bouncer's Beatdown_SB": 318, "Soulstone Sanctuary": 2604, "Youthful Valkyrie": 3259, "Torment of Hailfire_SB": 2939, "Drake Hatcher_SB": 768, "Curator of Destinies_SB": 615, "Blitz of the Thunder-Raptor": 259, "Long River's Pull": 1680, "Unsubstantiate": 3044, "Sugar Coat_SB": 2700, "Unsubstantiate_SB": 3045, "Imposing Sovereign_SB": 1387, "Haunted Cloak": 1282, "Swiftfoot Boots": 2740, "Dread Fugue": 772, "Flameblade Adept": 1017, "Ox of Agonas": 2016, "Lunarch Veteran": 1703, "Skyclave Cleric": 2542, "Ajani, Strength of the Pride_SB": 49, "Dusk Legion Duelist": 806, "Make Disappear_SB": 1720, "Toxrill, the Corrosive_SB": 2950, "Davriel, Rogue Shadowmage_SB": 632, "The Raven Man_SB": 2848, "Expansion // Explosion": 914, "Seasons Past": 2418, "Haughty Djinn_SB": 1281, "Charming Scoundrel": 475, "Deflecting Palm": 672, "Fallaji Vanguard": 952, "Fortune, Loyal Steed": 1051, "Furycalm Snarl": 1083, "Hellspur Posse Boss": 1308, "Panharmonicon": 2028, "Requisition Raid": 2257, "Temple of Triumph": 2793, "Terror of the Peaks": 2806, "Witty Roastmaster": 3223, "Aetherstorm Roc_SB": 34, "Anim Pakal, Thousandth Moon_SB": 80, "Chance for Glory_SB": 457, "Demonic Ruckus_SB": 685, "Impact Tremors_SB": 1384, "Bristlebud Farmer": 344, "Gruul Charm_SB": 1241, "Phyrexian Obliterator_SB": 2074, "Brass's Tunnel-Grinder": 325, "Goblin Instigator": 1185, "Raise the Past": 2168, "Chained to the Rocks_SB": 452, "Plumecreed Escort": 2096, "Icon of Ancestry_SB": 1372, "Kellan, Planar Trailblazer": 1526, "Maelstrom Pulse_SB": 1711, "Anguished Unmaking": 77, "Blessed Alliance_SB": 253, "Day of Judgment_SB": 637, "Thassa's Oracle": 2818, "Niv-Mizzet, Visionary_SB": 1913, "Mystic Repeal_SB": 1857, "Reasonable Doubt_SB": 2211, "Rottenmouth Viper_SB": 2326, "Thing in the Ice": 2870, "Witness Protection_SB": 3222, "Heaped Harvest": 1295, "Thassa, God of the Sea": 2820, "Phyrexian Arena_SB": 2068, "Tibalt's Trickery": 2907, "Tibalt's Trickery_SB": 2908, "Slaughter Games": 2549, "Idol of Endurance": 1373, "Phyrexian Censor": 2069, "Niko Aris": 1896, "Academy Loremaster": 11, "Chainsaw": 453, "Fountainport Bell": 1060, "Glint-Nest Crane": 1160, "Hammer of Purphoros": 1262, "Scattered Groves": 2379, "Arboreal Grazer_SB": 102, "Shrapnel Blast_SB": 2498, "Sixth Sense": 2531, "Alpha Authority_SB": 58, "Triton Tactics_SB": 2973, "Blood Baron of Vizkopa": 260, "Crystal Barricade_SB": 608, "Thought Erasure": 2882, "Kaya's Ghostform_SB": 1510, "Culling Ritual": 609, "Wear Down_SB": 3177, "Spring-Loaded Sawblades": 2644, "Bala Ged Recovery_SB": 178, "Turn the Earth_SB": 2983, "Tenacious Underdog_SB": 2800, "Push // Pull": 2141, "Dowsing Device": 759, "Burst Lightning_SB": 373, "Llanowar Visionary": 1674, "Skyknight Squire": 2544, "Niv-Mizzet, Supreme_SB": 1912, "Sire of Seven Deaths": 2529, "Ajani, Caller of the Pride": 45, "Burrowguard Mentor": 371, "Dryad Militant": 800, "Fleecemane Lion": 1020, "Kutzil, Malamet Exemplar": 1593, "Melira, the Living Cure": 1765, "Wilt-Leaf Liege": 3203, "Seal Away_SB": 2407, "Chandra, Hope's Beacon_SB": 465, "Choked Estuary": 482, "Ego Drain": 823, "Faerie Fencing": 945, "Obyra, Dreaming Duelist": 1949, "Shineshadow Snarl": 2483, "Sleep-Cursed Faerie": 2553, "Sunken Hollow": 2716, "Talion, the Kindly Lord": 2761, "Talion's Messenger": 2760, "Twining Twins": 2987, "Crippling Fear_SB": 592, "Flashfreeze_SB": 1019, "Phantom Interference_SB": 2064, "Blessed Alliance": 252, "Builder's Talent": 358, "Worldspine Wurm": 3234, "Assemble the Legion_SB": 143, "Runed Halo_SB": 2340, "Fanatical Firebrand": 955, "Goblin Warchief": 1198, "Krenko, Mob Boss": 1581, "Betrayer's Bargain_SB": 223, "By Force_SB": 376, "Strangle_SB": 2685, "Collateral Damage_SB": 516, "Tibalt, Rakish Instigator_SB": 2909, "Indomitable Creativity_SB": 1393, "Game Trail": 1091, "Glorybringer": 1167, "Cankerbloom_SB": 392, "Balustrade Wurm": 181, "Bristling Backwoods": 345, "Deeproot Champion": 665, "Quirion Dryad": 2160, "Restless Ridgeline": 2271, "Temple of Abandon": 2785, "Domri's Ambush_SB": 746, "Reality Shift": 2206, "Aspect of Hydra": 139, "Hunter's Talent": 1365, "Nullhide Ferox": 1930, "Steel Leaf Champion": 2663, "Garruk's Uprising_SB": 1095, "Ghalta, Primal Hunger_SB": 1118, "Deputy of Detention": 694, "Lukka, Bound to Ruin_SB": 1698, "Heliod's Intervention": 1303, "Legion's Landing": 1623, "Volatile Fault": 3127, "Herald of Eternal Dawn": 1312, "Apostle of Purifying Light_SB": 92, "Chaplain of Alms_SB": 472, "Healer's Hawk_SB": 1294, "Karametra's Blessing_SB": 1498, "Blacklance Paragon": 238, "Brineborn Cutthroat": 341, "Cast Down": 409, "Cunning Nightbonder": 613, "Power Word Kill": 2113, "Reasonable Doubt": 2210, "Sea-Dasher Octopus": 2404, "Shore Up": 2491, "Ashiok's Erasure_SB": 131, "Spectral Adversary_SB": 2610, "Crawling Barrens": 589, "Desecration Demon": 697, "Kaervek, the Punisher": 1481, "Memorial to Folly": 1766, "Ob Nixilis Reignited_SB": 1940, "Abrade": 3, "Blazing Volley": 250, "Cinderclasm": 488, "Crash Through": 586, "Death-Rattle Oni": 650, "Dismal Backwater": 729, "Electrickery": 837, "Kessig Flamebreather": 1534, "Seismic Wave": 2429, "Stolen Vitality": 2672, "Thrill of Possibility": 2898, "Tolarian Terror": 2927, "Burn Down the House_SB": 364, "Power Word Kill_SB": 2114, "Smoldering Egg_SB": 2565, "Swamp_SB": 2736, "Edgewall Inn": 820, "Edgewall Innkeeper": 821, "Foulmire Knight": 1055, "Lucky Clover": 1697, "Midnight Reaper": 1785, "Necroblossom Snarl": 1876, "Order of Midnight": 1980, "Smitten Swordmaster": 2564, "Disfigure_SB": 728, "Massacre Girl_SB": 1748, "Stormkeld Vanguard_SB": 2679, "Gray Merchant of Asphodel": 1227, "Mephitic Draught": 1772, "Tithing Blade": 2923, "Trial of Ambition": 2969, "Warlock Class": 3162, "Corpses of the Lost_SB": 569, "Doom Foretold_SB": 750, "Life of Toshiro Umezawa_SB": 1642, "Burn Down the House": 363, "Flame-Blessed Bolt": 1015, "Frostboil Snarl": 1074, "Refute": 2234, "Vampires' Vengeance": 3081, "Pelakka Wurm_SB": 2054, "Boon of the Wish-Giver": 304, "Drannith Healer": 769, "Drannith Stinger": 771, "Flourishing Fox": 1031, "Footfall Crater": 1039, "Frostveil Ambush": 1075, "Go for Blood": 1175, "Memory Leak": 1770, "Startling Development": 2658, "Valiant Rescuer": 3072, "Zenith Flare": 3267, "Enigma Drake": 881, "Ephara's Dispersal": 888, "Eroded Canyon": 892, "Essence Capture": 900, "Galvanize": 1090, "Mind Spiral": 1792, "Peculiar Lighthouse": 2051, "Pit of Offerings": 2088, "Scorching Shot": 2388, "Slick Sequence": 2556, "Winged Words": 3208, "Into the Fire_SB": 1422, "Wildfire Howl_SB": 3199, "Burn Bright": 362, "Chimney Rabble": 481, "Domri, Anarch of Bolas": 747, "Fissure Wizard": 1014, "Goblin Arsonist": 1178, "Goblin Javelineer": 1186, "Goblin Morningstar": 1187, "Goblin Trailblazer": 1196, "Grumgully, the Generous": 1239, "Heraldic Banner": 1314, "Hobgoblin Bandit Lord": 1338, "Hulking Bugbear": 1361, "Renata, Called to the Hunt": 2248, "Return of the Wildspeaker": 2278, "Rhythm of the Wild": 2285, "Subira, Tulzidi Caravanner": 2696, "You See a Pair of Goblins": 3256, "Krenko, Mob Boss_SB": 1582, "Krenko, Tin Street Kingpin_SB": 1583, "Banishing Light": 191, "Flowerfoot Swordmaster": 1033, "Mabel, Heir to Cragflame": 1707, "Seedglaive Mentor": 2425, "Short Bow": 2494, "Whiskervale Forerunner": 3192, "Abzan Charm": 10, "Deathmist Raptor": 654, "Den Protector": 686, "Mastery of the Unseen": 1754, "Sandsteppe Citadel": 2361, "Satyr Wayfinder": 2367, "Siege Rhino": 2501, "Temple of Silence": 2792, "Unyielding Gatekeeper": 3051, "Drown in Sorrow_SB": 796, "Disfigure": 727, "Gnawing Vermin": 1171, "Gossip's Talent": 1213, "Karumonix, the Rat King": 1503, "Lord Skitter, Sewer King": 1687, "Persistent Marshstalker": 2059, "Piper of the Swarm": 2087, "Shoreline Looter": 2493, "Tangled Colony": 2768, "Vren, the Relentless": 3148, "Bring the Ending_SB": 342, "Pile On_SB": 2082, "Tangled Colony_SB": 2769, "No Witnesses": 1917, "Port Town": 2104, "Temple of Enlightenment": 2786, "Jace, Architect of Thought_SB": 1459, "No Witnesses_SB": 1918, "Ayara, First of Locthwain": 166, "Brain Maggot": 322, "Erebos, Bleak-Hearted": 890, "Infernal Grasp": 1396, "Phyrexian Arena": 2067, "Underworld Dreams": 3022, "Corrupt_SB": 570, "Whack_SB": 3190, "Cinder Glade": 487, "Enter the Unknown": 884, "Mirrorwing Dragon": 1804, "Silverfur Partisan": 2516, "Young Pyromancer": 3257, "Zada, Hedron Grinder": 3262, "Temur Battle Rage_SB": 2798, "Turn Inside Out_SB": 2982, "Unnatural Moonrise_SB": 3041, "Night of the Sweets' Revenge": 1892, "Savor": 2371, "Thornvault Forager": 2880, "Tough Cookie": 2947, "Feed the Cycle_SB": 979, "Life Goes On_SB": 1641, "Savor_SB": 2372, "Abandoned Campground": 0, "Dollmaker's Shop // Porcelain Gallery": 745, "Grand Entryway // Elegant Rotunda": 1220, "Gremlin Tamer": 1232, "Inquisitive Glimmer": 1405, "Lionheart Glimmer": 1669, "Niko, Light of Hope": 1897, "Oppressive Rays": 1974, "Builder's Talent_SB": 359, "Divine Resilience_SB": 738, "Fear of Impostors_SB": 970, "Kitnap_SB": 1547, "Minor Misstep_SB": 1795, "Paladin Class_SB": 2026, "Stay Hidden, Stay Silent_SB": 2660, "Badlands Revival": 174, "Fertile Thicket": 988, "Festerleech": 991, "Foul Orchard": 1053, "Gix's Command": 1145, "Golgari Guildgate": 1209, "Hedge Shredder": 1301, "Hero's Downfall": 1317, "Jungle Hollow": 1479, "Quilled Greatwurm": 2157, "Slice from the Shadows": 2555, "Frantic Strength_SB": 1067, "Stab_SB": 2652, "Vraska's Fall_SB": 3143, "Mishra's Foundry": 1807, "Ultimate Price": 3005, "Unexpected Fangs": 3023, "Vadmir, New Blood": 3064, "Extract a Confession_SB": 928, "Kitesail Freebooter_SB": 1543, "Pilfer_SB": 2083, "Alesha, Who Laughs at Fate": 53, "Davriel, Rogue Shadowmage": 631, "Fell": 984, "Grasp of Darkness": 1222, "Master of Cruelties": 1751, "Rakdos, the Muscle": 2174, "Razorlash Transmogrant": 2201, "Razortrap Gorge": 2202, "Seize the Spoils": 2430, "Illness in the Ranks_SB": 1378, "Kaervek, the Spiteful_SB": 1482, "Painful Quandary_SB": 2022, "Witch's Vengeance_SB": 3213, "Eddymurk Crab": 818, "Haughty Djinn": 1280, "Stormwing Entity": 2683, "Gnarled Scarhide": 1168, "Madcap Skills": 1708, "Minotaur Skullcleaver": 1796, "Mogis's Marauder": 1816, "Rakdos Cackler": 2169, "Rakdos Shred-Freak": 2173, "Spike Jester": 2625, "Tormented Hero": 2940, "Doom Blade_SB": 748, "Ultimate Price_SB": 3006, "Consuming Aberration": 556, "Contaminated Aquifer": 561, "Didn't Say Please": 717, "Dimir Guildgate": 720, "Dreadwaters": 782, "Duskmantle Guildmage": 809, "Fell Specter": 985, "Jhessian Thief": 1472, "Mind Carver": 1789, "Mind Drain": 1790, "Murder": 1847, "Nezumi Informant": 1886, "Orzhov Racketeers": 1984, "Painful Quandary": 2021, "Paranoid Delusions": 2033, "Pilfered Plans": 2084, "Psychic Strike": 2139, "Razzle-Dazzler": 2204, "Read the Bones": 2205, "Sleep": 2552, "The Mindskinner": 2846, "Typhoid Rats": 2992, "Wall of Frost": 3153, "Witness Protection": 3221, "Aspect of Lamprey_SB": 140, "Blood Pact_SB": 264, "Crypt Incursion_SB": 603, "Dreadwaters_SB": 783, "Frogify_SB": 1073, "Mocking Sprite_SB": 1813, "Professor's Warning_SB": 2125, "Rogue's Gloves_SB": 2317, "Sinister Possession_SB": 2526, "Solemn Simulacrum_SB": 2581, "Sphinx of Magosi_SB": 2619, "Thieving Otter_SB": 2869, "Unlikely Aid_SB": 3037, "Zombify_SB": 3275, "Coruscation Mage": 571, "Aethersphere Harvester_SB": 33, "Burning Hands_SB": 367, "Giant Cindermaw_SB": 1127, "Lightning Mare_SB": 1653, "Wrangle_SB": 3237, "Ancient Imperiosaur": 68, "Belligerent Yearling": 219, "Fight Rigging": 1001, "Intrepid Paleontologist": 1428, "Ixalli's Lorekeeper": 1451, "Palani's Hatcher": 2027, "Regisaur Alpha": 2239, "Shifting Ceratops": 2479, "Triumphant Chomp": 2974, "Shifting Ceratops_SB": 2480, "Thrashing Brontodon_SB": 2894, "Triumphant Chomp_SB": 2975, "Goblin Boarders": 1180, "Goblin Heelcutter": 1184, "Goblin Negotiation": 1188, "Goblin Surprise": 1193, "Goblinslide": 1199, "Guttersnipe": 1251, "Hellraiser Goblin": 1307, "Impact Tremors": 1383, "Pyrewild Shaman": 2143, "Redcap Gutter-Dweller": 2226, "Rigging Runner": 2288, "Subterranean Scout": 2699, "War Squeak": 3156, "Frenzied Goblin_SB": 1071, "Goblin Boarders_SB": 1181, "Goblin Surprise_SB": 1194, "Rundvelt Hordemaster_SB": 2338, "Searslicer Goblin_SB": 2414, "Siege-Gang Commander_SB": 2503, "Cruel Somnophage": 594, "Mercurial Spelldancer": 1773, "Mind Sculpt": 1791, "Ruin Crab": 2334, "Sign in Blood": 2506, "Syr Konrad, the Grim": 2752, "Bitter Chill_SB": 233, "Chart a Course_SB": 478, "See Double_SB": 2422, "Sphinx's Tutelage_SB": 2624, "Terisian Mindbreaker_SB": 2802, "Armored Kincaller": 125, "Burning Sun Cavalry": 368, "Captivating Cave": 393, "Cavern Stomper": 436, "Colossadactyl": 526, "Dinotomaton": 722, "Disturbed Slumber": 734, "Earthshaker Dreadmaw": 813, "Hidden Nursery": 1323, "Nurturing Bristleback": 1933, "Over the Edge": 2002, "Panicked Altisaur": 2029, "Pathfinding Axejaw": 2044, "Poison Dart Frog": 2098, "Promising Vein": 2130, "Rampaging Ceratops": 2185, "Rumbling Rockslide": 2336, "Scytheclaw Raptor": 2402, "Seeker of Sunlight": 2426, "Seismic Monstrosaur": 2428, "Walk with the Ancestors": 3152, "Cast Out": 410, "Reptilian Reflection": 2253, "Irencrag Pyromancer_SB": 1442, "Nahiri's Resolve": 1860, "Thousand Moons Smithy": 2887, "Tinker's Tote": 2912, "Dusk Rose Reliquary_SB": 808, "Unidentified Hovership_SB": 3031, "Case of the Crimson Pulse": 402, "Vindictive Flamestoker_SB": 3101, "Garruk's Harbinger": 1092, "Inscription of Abundance": 1408, "Lifecrafter's Bestiary": 1644, "Feed the Clan_SB": 977, "Skyreaping_SB": 2546, "Dazzling Angel": 640, "Divine Smite": 739, "Exemplar of Light": 912, "Firemane Avenger": 1010, "Wind-Scarred Crag": 3206, "Bomat Courier": 289, "Falkenrath Gorger": 950, "Foreboding Ruins": 1041, "Forerunner of Slaughter": 1044, "Olivia, Mobilized for War": 1959, "Unlicensed Disintegration": 3034, "Rakdos Charm_SB": 2170, "Shock_SB": 2488, "Transgress the Mind_SB": 2956, "Briarbridge Tracker": 335, "Hard-Hitting Question": 1269, "Subterranean Schooner": 2698, "Teething Wurmlet": 2779, "Vineglimmer Snarl": 3102, "Briarbridge Tracker_SB": 336, "Hard-Hitting Question_SB": 1270, "Island_SB": 1447, "Unsummon_SB": 3046, "Gingerbread Cabin": 1142, "Rampage of the Clans": 2184, "Hangarback Walker_SB": 1265, "The Filigree Sylex_SB": 2834, "Earthshaker Khenra": 814, "Mirran Banesplitter": 1798, "Rimrock Knight": 2290, "Azorius Guildgate": 170, "Boros Guildgate": 310, "Gate Colossus": 1098, "Gatebreaker Ram": 1099, "Gates Ablaze": 1100, "Gateway Plaza": 1102, "Glaive of the Guildpact": 1149, "Gruul Guildgate": 1242, "Guild Summit": 1248, "Hour of Promise": 1359, "Izzet Guildgate": 1454, "Maze's End": 1759, "Open the Gates": 1972, "Orzhov Guildgate": 1983, "Plaza of Harmony": 2094, "Rakdos Guildgate": 2171, "Selesnya Guildgate": 2432, "Simic Guildgate": 2521, "Thran Portal": 2891, "Archway Angel_SB": 120, "Crackling Perimeter_SB": 581, "Strategic Planning": 2689, "Wandering Fumarole": 3154, "Essence Scatter_SB": 904, "Frantic Firebolt_SB": 1064, "Behold the Multiverse": 217, "Saw It Coming": 2374, "Thirst for Discovery": 2875, "Primal Might": 2120, "Experiment One_SB": 919, "Toxin Analysis_SB": 2949, "Shoot the Sheriff": 2489, "Smoldering Marsh": 2566, "Banehound": 187, "Curator of Mysteries": 616, "Mire Triton": 1797, "Rush of Vitality_SB": 2346, "Goblin Blast-Runner": 1179, "Implement of Combustion": 1385, "Krenko, Baron of Tin Street": 1580, "Voltage Surge": 3134, "Sunshot Militia_SB": 2721, "Essence Scatter": 903, "Flow of Knowledge": 1032, "Quick Study_SB": 2155, "Shifting Grift_SB": 2481, "Fires of Victory": 1012, "Stern Lesson": 2668, "Roast_SB": 2312, "Arcane Infusion": 103, "Xenagos, God of Revels": 3242, "Aetherize_SB": 32, "Into the Roil_SB": 1425, "Volcanic Spite_SB": 3129, "Zetalpa, Primal Dawn_SB": 3270, "Flame-Blessed Bolt_SB": 1016, "Ral, Izzet Viceroy_SB": 2179, "You See a Guard Approach_SB": 3255, "Aether Hub": 29, "Attune with Aether": 152, "Gather the Pack": 1105, "Lotleth Troll": 1692, "Cragplate Baloth_SB": 584, "Plains_SB": 2091, "Sporeweb Weaver_SB": 2642, "Beastie Beatdown": 211, "Omnivorous Flytrap": 1970, "Patchwork Beastie": 2040, "Return to Nature_SB": 2280, "Alseid of Life's Bounty": 61, "Hateful Eidolon": 1279, "Karametra's Blessing": 1497, "Agent of the Fates_SB": 43, "Dead Weight_SB": 643, "Eriette of the Charmed Apple_SB": 891, "Pacifism_SB": 2019, "Evolving Wilds": 911, "Good-Fortune Unicorn": 1211, "Mossborn Hydra": 1837, "Ochre Jelly": 1951, "Sylvan Scavenging": 2748, "Wildwood Scourge": 3201, "Gaea's Gift_SB": 1085, "Gnarlid Colony_SB": 1169, "Inscription of Abundance_SB": 1409, "Trash the Town_SB": 2960, "Bristling Hydra": 346, "Electrostatic Pummeler": 838, "Fling": 1025, "Ghor-Clan Rampager": 1121, "Harnessed Lightning": 1275, "Servant of the Conduit": 2446, "Axebane Ferox_SB": 164, "Deathgorge Scavenger_SB": 652, "Gruul Spellbreaker_SB": 1243, "Insult // Injury_SB": 1418, "Wilt_SB": 3205, "Legion Angel": 1617, "Legion Angel_SB": 1618, "Gideon's Triumph_SB": 1136, "Demonic Pact": 683, "Doom Foretold": 749, "Hopeful Vigil": 1349, "Kaya's Wrath": 1511, "Sigil of the Empty Throne": 2505, "Spirit-Sister's Call": 2634, "Banishing Light_SB": 192, "Cast Out_SB": 411, "Dreadhorde Invasion_SB": 779, "Trespasser's Curse_SB": 2968, "Arashin Foremost": 99, "Blood-Chin Rager": 266, "Chief of the Edge": 480, "Gutterbones": 1250, "Mardu Strike Leader": 1738, "Mardu Woe-Reaper": 1739, "Rally the Ranks": 2181, "Secure the Wastes": 2421, "Usher of the Fallen": 3063, "Bedlam Reveler": 215, "Warlord's Fury": 3163, "Ox of Agonas_SB": 2017, "Commit // Memory": 538, "Think Twice": 2872, "Sphinx's Revelation_SB": 2622, "Angel of Invention": 69, "Combat Celebrant": 531, "God-Pharaoh's Gift": 1200, "Refurbish": 2233, "Arashin Cleric_SB": 98, "Spinner of Souls_SB": 2630, "Seal from Existence": 2408, "Ghostly Dancers_SB": 1124, "Seal from Existence_SB": 2409, "Connive // Concoct_SB": 549, "Torrential Gearhulk_SB": 2945, "Outrageous Robbery": 1999, "Hullbreaker Horror": 1363, "Boltwave_SB": 288, "Fatal Grudge": 960, "Jace, Vryn's Prodigy_SB": 1461, "Gnarlroot Trapper": 1170, "Valley Floodcaller_SB": 3076, "Valorous Stance_SB": 3079, "Pillage the Bog_SB": 2086, "Aether Channeler": 26, "Foul Emissary": 1052, "Sublime Epiphany": 2697, "Fiery Annihilation_SB": 997, "Reckless Stormseeker_SB": 2219, "Arahbo, the First Fang": 97, "Felidar Cub": 982, "Feline Sovereign": 983, "Sacred Cat": 2348, "Savannah Lions": 2370, "Archfiend of Depravity": 111, "Archfiend of Depravity_SB": 112, "Fade from History_SB": 940, "Loot, Exuberant Explorer": 1681, "Quicken": 2156, "Banish into Fable": 189, "Reluctant Role Model": 2245, "Furnace Punisher": 1080, "March of Swirling Mist": 1734, "Invasive Surgery_SB": 1436, "The Scarab God_SB": 2853, "Pieces of the Puzzle": 2081, "Agatha of the Vile Cauldron": 38, "Bard Class": 197, "Hajar, Loyal Bodyguard": 1256, "Migloz, Maze Crusher": 1787, "Ruby, Daring Tracker": 2333, "Samut, Vizier of Naktamun": 2356, "Targ Nar, Demon-Fang Gnoll": 2771, "Xenagos, the Reveler": 3244, "Stormsplitter": 2682, "Thousand-Year Storm": 2889, "Cathartic Pyre_SB": 425, "Tamiyo, Collector of Tales_SB": 2765, "Anthem of Champions_SB": 89, "Michiko's Reign of Truth": 1784, "Rite of Oblivion": 2298, "Tinybones, the Pickpocket": 2915, "Fear of Abduction": 968, "Blue Sun's Twilight_SB": 284, "Overwhelming Remorse_SB": 2015, "Brotherhood's End": 352, "Return the Favor_SB": 2279, "Gloomshrieker": 1165, "Dennick, Pious Apprentice_SB": 689, "Dissection Tools": 733, "Sire of Seven Deaths_SB": 2530, "Dollmaker's Shop && Porcelain Gallery": 744, "Kami of Transience": 1495, "Surgical Suite && Hospital Room_SB": 2731, "Regal Bunnicorn": 2235, "Ashiok, Wicked Manipulator": 137, "Protect the Negotiators_SB": 2137, "Ajani, Strength of the Pride": 48, "Case of the Uneaten Feast": 408, "Trelasarra, Moon Dancer": 2967, "Floriferous Vinewall": 1030, "Urborg Lhurgoyf": 3056, "Aether Channeler_SB": 27, "Zephyr Sentinel_SB": 3268, "Kambal, Consul of Allocation": 1492, "Tectonic Hazard_SB": 2778, "Harmonious Archon": 1273, "Sandstorm Salvager": 2362, "Toby, Beastie Befriender": 2925, "Kayla's Reconstruction_SB": 1518, "Surrak Dragonclaw": 2732, "Frantic Scapegoat": 1065, "Ritual of Soot": 2301, "Inscription of Ruin": 1410, "Callous Sell-Sword_SB": 387, "Destroy Evil": 705, "Serra Paragon_SB": 2445, "Breeding Pool_SB": 334, "Woodland Bellower": 3229, "Heartflame Duelist": 1297, "Inspiring Veteran": 1417, "Knight of Dusk's Shadow": 1553, "Knight of the Ebon Legion": 1557, "Tournament Grounds": 2948, "Venerable Knight": 3093, "Worthy Knight": 3236, "Knight of Dusk's Shadow_SB": 1554, "Filter Out": 1004, "Chance for Glory": 456, "Teferi, Who Slows the Sunset": 2783, "Bag of Holding_SB": 176, "Zirda, the Dawnwaker_SB": 3272, "Despise_SB": 702, "Lifebane Zombie_SB": 1643, "Sunspine Lynx": 2722, "Light Up the Stage_SB": 1646, "God-Pharaoh's Statue_SB": 1201, "Smuggler's Surprise_SB": 2569, "Wakeroot Elemental_SB": 3151, "Cindervines": 489, "Fetid Pools": 992, "Silvergill Adept": 2518, "Triton Shorestalker": 2972, "The Flame of Keld": 2835, "Wakeroot Elemental": 3150, "Dreadbore": 774, "Isareth the Awakener": 1445, "Nicol Bolas, the Ravager": 1890, "Omen of the Forge": 1963, "The Kami War": 2840, "Legion Extruder_SB": 1620, "This Town Ain't Big Enough": 2877, "Lost Legacy_SB": 1690, "The Royal Scions": 2851, "Remorseful Cleric": 2246, "Nissa, Who Shakes the World": 1907, "Bilious Skulldweller": 227, "Chevill, Bane of Monsters": 479, "Fynn, the Fangbearer": 1084, "Ghost Vacuum": 1122, "Heroic Intervention": 1318, "Malakir Rebirth": 1721, "Wasteland Viper": 3170, "Infectious Bite_SB": 1395, "Unauthorized Exit_SB": 3013, "Nahiri's Warcrafting_SB": 1861, "Akal Pakal, First Among Equals": 50, "Courser of Kruphix": 577, "Simic Manipulator": 2522, "Timestream Navigator": 2911, "Azure Beastbinder_SB": 172, "Mockingbird_SB": 1815, "Simic Manipulator_SB": 2523, "Trygon Predator_SB": 2979, "Vivien, Champion of the Wilds_SB": 3115, "Caretaker's Talent_SB": 396, "Fountainport_SB": 1061, "Rite of Oblivion_SB": 2299, "Kogla, the Titan Ape": 1565, "Cavalier of Thorns_SB": 434, "Ulvenwald Oddity_SB": 3008, "Depala, Pilot Exemplar": 690, "Magda, Brazen Outlaw": 1713, "Magda, the Hoardmaster": 1714, "Roaming Throne": 2307, "Veteran Motorist": 3098, "Crumbling Vestige": 600, "Sylvan Awakening": 2744, "The Mightstone and Weakstone_SB": 2845, "Kogla and Yidaro_SB": 1564, "Kogla and Yidaro": 1563, "Trumpeting Carnosaur_SB": 2978, "Dusk // Dawn_SB": 805, "Last Breath_SB": 1603, "Thunderherd Migration": 2903, "Boros Elite": 309, "Guardian of New Benalia": 1247, "Mobilized District": 1812, "Precinct Captain": 2118, "Soldier of the Pantheon": 2580, "Spellbook Vendor": 2617, "Sungold Sentinel": 2713, "Banisher Priest_SB": 190, "Bounty Agent_SB": 320, "Rally the Ranks_SB": 2182, "Wicked Wolf_SB": 3196, "Overlord of the Mistmoors_SB": 2013, "Renegade Tactics": 2251, "Fear of Isolation": 971, "Tinybones Joins Up": 2913, "Built to Smash": 360, "Wayward Guide-Beast": 3174, "Voldaren Thrillseeker_SB": 3132, "Siphon Insight_SB": 2527, "Imodane's Recruiter_SB": 1382, "Glorious Protector_SB": 1166, "Niambi, Esteemed Speaker_SB": 1887, "The Wandering Rescuer_SB": 2862, "Into the Story": 1426, "Syr Ginger, the Meal Ender_SB": 2751, "Lavinia, Azorius Renegade_SB": 1608, "Augur of Bolas": 155, "Essence Flux": 902, "Apostle of Purifying Light": 91, "Glass Casket": 1152, "Thran Power Suit": 2892, "Titania, Voice of Gaea_SB": 2922, "Treacherous Blessing_SB": 2963, "Umori, the Collector_SB": 3009, "Glass Casket_SB": 1153, "Grasp of Darkness_SB": 1223, "Necrotic Wound": 1878, "Souls of the Lost": 2602, "Necrotic Wound_SB": 1879, "Souls of the Lost_SB": 2603, "Experimental Augury": 920, "Fleeting Spirit": 1021, "Lore Drakkis": 1688, "Open the Omenpaths": 1973, "Vadrok, Apex of Thunder": 3065, "Kappa Tech-Wrecker": 1496, "Eldrazi Displacer_SB": 834, "Crucible of Worlds": 593, "Destiny Spinner": 703, "Sin Collector_SB": 2525, "Cult Conscript": 611, "Mutavault_SB": 1854, "Mukotai Ambusher_SB": 1846, "Cleansing Wildfire_SB": 504, "Vanish into Eternity_SB": 3083, "Tribute to Horobi": 2970, "Hunter's Talent_SB": 1366, "Vengeful Possession": 3096, "Hidetsugu's Second Rite_SB": 1328, "Nurturing Pixie": 1934, "Malcolm, Alluring Scoundrel": 1722, "Preacher of the Schism_SB": 2117, "Pia Nalaar, Consul of Revival": 2077, "Showdown of the Skalds": 2495, "Bassara Tower Archer": 204, "Cloudsteel Kirin": 513, "Lizard Blades": 1672, "Searing Blood": 2411, "Bomat Courier_SB": 290, "Magma Spray_SB": 1718, "Stalactite Stalker": 2654, "Lamplight Phoenix_SB": 1598, "Pawpatch Recruit_SB": 2049, "Soul Transfer": 2595, "Omen of the Dead": 1961, "Sentinel of the Nameless City_SB": 2441, "Ayara's Oathsworn": 165, "Sharp-Eyed Rookie": 2467, "Council of the Absolute_SB": 574, "Adventurous Impulse": 24, "Arcane Proxy": 104, "Chrome Host Seedshark": 485, "See the Truth": 2423, "Ambitious Farmhand": 64, "Cascading Cataracts": 401, "Helpful Hunter": 1309, "Thalia's Lancers": 2812, "Wilt-Leaf Liege_SB": 3204, "Augur of Autumn_SB": 154, "Lavabrink Venturer_SB": 1605, "Thalia and The Gitrog Monster": 2811, "Dreadbore_SB": 775, "Fanatic of Mogis": 953, "Solphim, Mayhem Dominus": 2584, "Cavalier of Dawn": 431, "Kotose, the Silent Spider": 1574, "Marina Vendrell": 1740, "Shatterskull Smashing_SB": 2470, "Recommission": 2224, "Prosperous Thief_SB": 2136, "Barkhide Troll": 199, "Gather Courage": 1103, "Tribute to the World Tree": 2971, "Setessan Tactics_SB": 2449, "Oblivious Bookworm": 1945, "Cerulean Drake_SB": 450, "Bladehold War-Whip": 244, "Nahiri, Forged in Fury": 1862, "Sword of Forge and Frontier": 2742, "Rebel Salvo_SB": 2212, "Bloodthirsty Conqueror": 273, "Dina, Soul Steeper": 721, "Dryad of the Ilysian Grove": 801, "Jaddi Offshoot": 1465, "Mirrorpool": 1801, "Retreat to Hagra": 2277, "Bristly Bill, Spine Sower_SB": 348, "Undergrowth Champion_SB": 3021, "Silverback Elder": 2514, "Silverback Elder_SB": 2515, "Celestial Armor": 442, "Deputy of Detention_SB": 695, "Etali, Primal Conqueror": 905, "Massacre Wurm": 1749, "Perilous Snare": 2056, "Repurposing Bay_SB": 2256, "Patchwork Automaton": 2039, "Momentum Breaker_SB": 1822, "Birgi, God of Storytelling": 228, "Crater's Claws": 588, "Zurgo Bellstriker_SB": 3281, "Greasewrench Goblin": 1229, "Moonshaker Cavalry_SB": 1833, "Zareth San, the Trickster": 3265, "Hare Apparent": 1272, "Mendicant Core, Guidelight": 1771, "Voyager Glidecar": 3140, "Grim Bauble": 1234, "Momentum Breaker": 1821, "Oildeep Gearhulk_SB": 1954, "Count on Luck_SB": 575, "Valor's Flagship": 3078, "Shacklegeist_SB": 2453, "Monument to Endurance_SB": 1829, "Sab-Sunen, Luxa Embodied": 2347, "Liliana, Heretical Healer_SB": 1661, "Chaplain of Alms": 471, "Rune of Might": 2339, "Brightglass Gearhulk": 338, "Dredger's Insight": 790, "Dreadhorde Arcanist_SB": 777, "Archfiend's Vessel": 115, "Merfolk Secretkeeper": 1774, "Coalstoke Gearhulk": 514, "Ossification_SB": 1987, "Memory Guardian": 1769, "Grim Bauble_SB": 1235, "Djeru's Renunciation": 741, "Marauding Mako": 1729, "Monument to Endurance": 1828, "Sunbillow Verge": 2706, "Ketramose, the New Dawn_SB": 1536, "Mastermind's Acquisition": 1752, "Behold the Multiverse_SB": 218, "Mukotai Ambusher": 1845, "Bloodghast": 269, "Molt Tender": 1818, "Driven // Despair_SB": 792, "Ashiok, Wicked Manipulator_SB": 138, "Anim Pakal, Thousandth Moon": 79, "Basri, Tomorrow's Champion": 203, "Urza's Ruinous Blast_SB": 3060, "The Speed Demon": 2856, "Intimidation Tactics_SB": 1421, "Oildeep Gearhulk": 1953, "Virtue of Strength": 3110, "Roxanne, Starfall Savant_SB": 2328, "Optimistic Scavenger_SB": 1977, "Freestrider Lookout": 1069, "Ketramose, the New Dawn": 1535, "Scrabbling Claws": 2393, "Mosswood Dreadknight_SB": 1839, "Willowrush Verge": 3202, "Commune with Spirits": 541, "Goro-Goro, Disciple of Ryusei": 1212, "Radha, Heart of Keld": 2162, "Redshift, Rocketeer Chief": 2229, "Bleachbone Verge": 251, "Detention Chariot": 708, "Tune Up": 2980, "Kaya the Inexorable_SB": 1508, "Thundering Broodwagon": 2904, "Fearless Swashbuckler": 973, "Gastal Thrillroller": 1097, "Ashiok, Nightmare Weaver": 136, "Hazoret, Godseeker": 1291, "Leyline Binding_SB": 1627, "Jace's Defeat_SB": 1457, "Norin, Swift Survivalist": 1919, "Mindlink Mech_SB": 1793, "Wastewood Verge": 3171, "Avishkar Raceway": 163, "Fuel the Flames_SB": 1078, "Skycrash_SB": 2543, "Murderous Cut": 1849, "Anguished Unmaking_SB": 78, "Drownyard Temple": 799, "Quag Feast": 2148, "Boommobile": 302, "Hedron Archive": 1302, "Paradox Engine": 2031, "Portal of Sanctuary": 2108, "Repurposing Bay": 2255, "Terrarion": 2804, "The Mightstone and Weakstone": 2844, "Thran Spider": 2893, "Workshop Assistant": 3231, "Liberator, Urza's Battlethopter_SB": 1638, "Shrapnel Slinger_SB": 2499, "Benthic Biomancer": 220, "Mindspring Merfolk": 1794, "Eaten Alive_SB": 816, "Biting-Palm Ninja_SB": 232, "Kazuul's Toll Collector": 1521, "Immersturm Raider": 1380, "The Speed Demon_SB": 2857, "Burnout Bashtronaut": 370, "Draconautics Engineer": 760, "Howlsquad Heavy": 1360, "Volley Veteran_SB": 3133, "Harrier Strix": 1276, "Hypnotic Grifter": 1370, "The Reality Chip": 2849, "Training Grounds": 2953, "Basilisk Collar_SB": 201, "Swiftfoot Boots_SB": 2741, "Stock Up": 2670, "Liliana, the Last Hope_SB": 1663, "Riverpyre Verge": 2304, "Concealing Curtains": 543, "Riptide Gearhulk_SB": 2295, "Blade Historian": 241, "Pyre of Heroes": 2142, "Night Clubber_SB": 1891, "Aegis Turtle_SB": 25, "Ride's End": 2286, "Analyze the Pollen": 65, "Cleansing Wildfire": 503, "Crumble to Dust": 599, "Encroaching Wastes": 871, "Gnottvold Slumbermound": 1172, "Haphazard Bombardment": 1268, "Jaya's Greeting": 1467, "Ravager Wurm": 2196, "Rowan, Scholar of Sparks": 2327, "Rubble Reading": 2331, "Sheltered Thicket": 2472, "Structural Distortion": 2693, "Sylvan Primordial": 2747, "Territory Forge": 2805, "Twin Bolt": 2985, "Herbology Instructor_SB": 1315, "Nissa's Defeat_SB": 1902, "Peak Eruption_SB": 2050, "Scrabbling Claws_SB": 2394, "Battle at the Bridge": 206, "Spire of Industry": 2631, "Battle at the Bridge_SB": 207, "Borrowed Hostility": 311, "Barbed Batterfist": 196, "Webstrike Elite": 3180, "Demilich_SB": 678, "Progenitor Mimic": 2128, "Banefire": 185, "Steel Seraph": 2664, "Violent Urge_SB": 3105, "Boon of Boseiju": 303, "Esika's Chariot_SB": 899, "Regal Imperiosaur": 2238, "Champion of the Perished": 455, "Cryptbreaker": 604, "Dark Salvation": 626, "Dread Wanderer": 773, "Relentless Dead": 2243, "Wayward Servant": 3175, "Zahur, Glory's Past": 3264, "Fighter Class": 1003, "Chainsaw_SB": 454, "Nettle Guard_SB": 1884, "Sword of Forge and Frontier_SB": 2743, "Expedition Map_SB": 917, "Stock Up_SB": 2671, "Maximize Velocity": 1756, "Birgi, God of Storytelling_SB": 229, "Samut's Sprint": 2354, "Omen of the Dead_SB": 1962, "Lazav, Wearer of Faces": 1610, "Medomai the Ageless": 1764, "Riptide Gearhulk": 2294, "Carnage Tyrant": 397, "Gather Courage_SB": 1104, "Etali, Primal Conqueror_SB": 906, "Feather, the Redeemed": 974, "Feather, the Redeemed_SB": 975, "Dewdrop Cure": 713, "Healer's Hawk": 1293, "Linden, the Steadfast Queen": 1664, "Rogue's Passage": 2318, "Ruin-Lurker Bat": 2335, "Afterburner Expert": 35, "Keruga, the Macrosage": 1532, "Twinshot Sniper": 2988, "Twinshot Sniper_SB": 2989, "Anzrag, the Quake-Mole": 90, "Nissa, Ascended Animist_SB": 1904, "Adorned Pouncer": 22, "Roadside Reliquary": 2306, "Satoru Umezawa": 2365, "Out of Air_SB": 1993, "Cry of the Carnarium": 601, "Kaya, Orzhov Usurper": 1514, "Calamity's Wake_SB": 381, "Spontaneous Mutation_SB": 2641, "Sunder the Gateway": 2708, "Knight of Grace": 1555, "Bladestitched Skaab": 245, "Lazotep Reaver": 1613, "Enduring Tenacity_SB": 879, "Rocketeer Boostbuggy": 2313, "Chandra, Spark Hunter_SB": 466, "Azor, the Lawbringer_SB": 168, "Phoenix Chick": 2065, "Mortify": 1835, "Gix's Command_SB": 1146, "Sorin the Mirthless_SB": 2589, "Fuel the Flames": 1077, "Graf Reaver_SB": 1215, "Kraul Whipcracker_SB": 1577, "Fear of Impostors": 969, "Riptide Chimera": 2293, "Dive Down_SB": 737, "Witchstalker_SB": 3216, "Demonic Bargain": 681, "Soul-Scar Mage_SB": 2599, "Blood Spatter Analysis": 265, "Osseous Sticktwister": 1985, "Korvold, Fae-Cursed King_SB": 1573, "Dive Down": 736, "Jace Reawakened_SB": 1456, "Blessed Defiance": 254, "Seasoned Hallowblade": 2417, "The Mycosynth Gardens": 2847, "Alrund's Epiphany": 60, "Loot, the Pathfinder": 1682, "Burning Earth_SB": 366, "Fugitive Codebreaker": 1079, "Tireless Tracker_SB": 2916, "Invasion of New Phyrexia_SB": 1434, "Tangled Florahedron": 2770, "Healer of the Glade_SB": 1292, "Tale's End_SB": 2759, "Gisa, the Hellraiser_SB": 1143, "Ride's End_SB": 2287, "Omen of the Sun_SB": 1966, "Seeker of the Way_SB": 2427, "Redcap Melee": 2227, "Forbidden Friendship": 1040, "Collective Effort_SB": 521, "Perilous Snare_SB": 2057, "Commence the Endgame_SB": 535, "Beseech the Mirror_SB": 222, "Setessan Champion": 2447, "Trapped in the Screen": 2958, "Trapped in the Screen_SB": 2959, "Cryptolith Rite": 607, "Bottomless Pool && Locker Room": 316, "Bottomless Pool && Locker Room_SB": 317, "Eidolon of Blossoms_SB": 825, "Knockout Blow": 1560, "Hidetsugu's Second Rite": 1327, "Incubation Druid": 1390, "Mistrise Village": 1810, "Ral Zarek": 2176, "Tamiyo, Field Researcher": 2767, "Kunoros, Hound of Athreos_SB": 1590, "Cease // Desist": 440, "Cram Session": 585, "Insatiable Avarice": 1406, "The Biblioplex": 2824, "Valgavoth's Onslaught": 3069, "Containment Breach_SB": 558, "Environmental Sciences_SB": 887, "Introduction to Annihilation_SB": 1429, "Mascot Exhibition_SB": 1744, "Pest Summoning_SB": 2062, "Qarsi Revenant": 2146, "Qarsi Revenant_SB": 2147, "Tersa Lightshatter": 2807, "Dragonfire Blade": 763, "Lavaspur Boots_SB": 1607, "Descendant of Storms": 696, "Mox Jasper": 1844, "Mistrise Village_SB": 1811, "Elspeth, Storm Slayer": 851, "United Battlefront": 3032, "Voice of Victory": 3121, "Sunder the Gateway_SB": 2709, "Voice of Victory_SB": 3122, "Caustic Exhale": 429, "Dispelling Exhale": 731, "Foul-Tongue Invocation": 1054, "Marang River Regent": 1728, "Scavenger Regent": 2382, "Silumgar's Scorn": 2510, "Caustic Exhale_SB": 430, "Strategic Betrayal_SB": 2688, "Cori-Steel Cutter": 567, "Wild Ride": 3197, "Cori-Steel Cutter_SB": 568, "Desperate Measures": 700, "Katilda, Dawnhart Prime": 1506, "Songcrafter Mage": 2586, "Militia Bugler_SB": 1788, "Sunpearl Kirin": 2717, "Rot-Curse Rakshasa": 2323, "History of Benalia": 1335, "Strategic Betrayal": 2687, "Archangel Elspeth": 106, "Painter's Studio && Defaced Gallery": 2024, "This Town Ain't Big Enough_SB": 2878, "Treasure Map": 2965, "Stormscale Scion": 2680, "Stormscale Scion_SB": 2681, "Banishing Slash": 193, "Of One Mind": 1952, "Jaya, Fiery Negotiator": 1468, "Gurmag Angler": 1249, "Cori Mountain Monastery": 566, "Warden of the Grove": 3159, "Surrak, Elusive Hunter_SB": 2733, "United Battlefront_SB": 3033, "White Sun's Twilight_SB": 3194, "Icon of Ancestry": 1371, "Fire Prophecy": 1008, "Ghostly Pilferer": 1125, "Paradoxical Outcome_SB": 2032, "Masked Vandal": 1745, "Fanatical Firebrand_SB": 956}}