{"vocabulary": {"Copperline Gorge": 520, "Emberheart Challenger": 787, "Heartfire Hero": 1248, "Innkeeper's Talent": 1366, "Karplusan Forest": 1472, "Manifold Mouse": 1681, "Might of the Meek": 1727, "Monastery Swiftspear": 1778, "Monstrous Rage": 1783, "Mountain": 1795, "Questing Druid": 2070, "Restless Ridgeline": 2193, "Rockface Village": 2233, "Shock": 2401, "Slickshot Show-Off": 2464, "Snakeskin Veil": 2472, "Thornspire Verge": 2785, "Ghost Vacuum_SB": 1080, "Obliterating Bolt_SB": 1869, "Pawpatch Formation_SB": 1958, "Pick Your Poison_SB": 1995, "Scorching Shot_SB": 2322, "Torch the Tower_SB": 2858, "Urabrask's Forge_SB": 2972, "Blazing Crescendo": 227, "Cacophony Scamp": 355, "Callous Sell-Sword": 364, "Forest": 999, "Leyline of Resonance": 1575, "Torch the Tower": 2857, "Turn Inside Out": 2896, "Betrayer's Bargain_SB": 201, "Lithomantic Barrage_SB": 1604, "Pyroclasm_SB": 2063, "Anoint with Affliction": 75, "Blooming Marsh": 253, "Cut Down": 573, "Deep-Cavern Bat": 614, "Demolition Field": 633, "Duress": 736, "Ghost Vacuum": 1079, "Glissa Sunslayer": 1121, "Go for the Throat": 1131, "Hunter's Talent": 1333, "Liliana of the Veil": 1595, "Llanowar Wastes": 1614, "Mosswood Dreadknight": 1793, "Restless Cottage": 2187, "Sheoldred, the Apocalypse": 2392, "Swamp": 2640, "Tear Asunder": 2679, "Unstoppable Slasher": 2959, "Aclazotz, Deepest Betrayal_SB": 12, "Caustic Bronco_SB": 406, "Duress_SB": 737, "Gix's Command_SB": 1102, "Nissa, Ascended Animist_SB": 1840, "Tear Asunder_SB": 2680, "Tranquil Frillback_SB": 2871, "Unholy Annex && Ritual Chamber_SB": 2940, "Adarkar Wastes": 15, "Battlefield Forge": 187, "Case of the Gateway Express": 390, "Clockwork Percussionist": 474, "Gleeful Demolition": 1117, "Imodane's Recruiter": 1347, "Inspiring Vantage": 1380, "Knight-Errant of Eos": 1514, "Novice Inspector": 1856, "Painter's Studio && Defaced Gallery": 1944, "Plains": 2009, "Resolute Reinforcements": 2177, "Sanguine Evangelist": 2287, "Seachrome Coast": 2338, "Shivan Reef": 2400, "Spirebluff Canal": 2528, "Spyglass Siren": 2543, "Warden of the Inner Sky": 3103, "Destroy Evil_SB": 651, "Get Lost_SB": 1065, "Lightning Helix_SB": 1590, "Protect the Negotiators_SB": 2053, "Rest in Peace_SB": 2182, "Calamity, Galloping Inferno": 360, "Cavern of Souls": 410, "Commercial District": 500, "Fountainport": 1010, "Glimpse the Core": 1120, "Outcaster Trailblazer": 1911, "Overlord of the Boilerbilges": 1923, "Overlord of the Hauntwoods": 1927, "Roxanne, Starfall Savant": 2248, "Scorching Dragonfire": 2319, "Smuggler's Surprise": 2470, "Trumpeting Carnosaur": 2889, "Up the Beanstalk": 2968, "Brotherhood's End_SB": 332, "Scorching Dragonfire_SB": 2320, "Bitter Triumph": 213, "Darkslick Shores": 582, "Enduring Curiosity": 794, "Faerie Mastermind": 879, "Gix, Yawgmoth Praetor": 1103, "Gloomlake Verge": 1125, "Insatiable Avarice": 1371, "Island": 1423, "Phantom Interference": 1975, "Phyrexian Arena": 1981, "Preacher of the Schism": 2033, "Proft's Eidetic Memory": 2044, "Restless Reef": 2191, "Teferi, Temporal Pilgrim": 2684, "Three Steps Ahead": 2806, "Underground River": 2932, "Cut Down_SB": 574, "Malicious Eclipse_SB": 1678, "Negate_SB": 1822, "Soul-Guide Lantern_SB": 2490, "Withering Torment_SB": 3156, "Archfiend of the Dross": 97, "Caustic Bronco": 405, "Mirrex": 1742, "Sentinel of the Nameless City": 2369, "Tranquil Frillback": 2870, "Underground Mortuary": 2931, "Unholy Annex && Ritual Chamber": 2939, "Virtue of Persistence": 3057, "Anoint with Affliction_SB": 76, "Choking Miasma_SB": 449, "Cruelclaw's Heist_SB": 551, "Disfigure_SB": 667, "Liliana of the Veil_SB": 1596, "Aclazotz, Deepest Betrayal": 11, "Gix's Command": 1101, "Pillage the Bog": 2003, "Outrageous Robbery_SB": 1916, "Doppelgang": 694, "Elegant Parlor": 768, "Get Lost": 1064, "Hedge Maze": 1257, "Hushwood Verge": 1336, "Leyline Binding": 1571, "Lush Portico": 1651, "Overlord of the Mistmoors": 1929, "Pawpatch Formation": 1957, "Spelunking": 2517, "Sunfall": 2615, "Elspeth's Smite_SB": 777, "Exorcise_SB": 845, "Sheltered by Ghosts": 2387, "Sheltered by Ghosts_SB": 2388, "Bloodletter of Aclazotz": 243, "Sheoldred's Edict": 2390, "Sunken Citadel": 2618, "Sheoldred's Edict_SB": 2391, "Undercity Sewers": 2930, "Disdainful Stroke_SB": 663, "Sheoldred, the Apocalypse_SB": 2393, "Tishana's Tidebinder_SB": 2838, "Deadly Cover-Up": 600, "Deduce": 612, "Doomsday Excruciator": 691, "Harvester of Misery": 1226, "Jace, the Perfected Mind": 1433, "Malicious Eclipse": 1677, "Tishana's Tidebinder": 2837, "Change the Equation_SB": 435, "Chrome Host Seedshark_SB": 451, "Disfigure": 666, "Ertai Resurrected": 819, "Ertai Resurrected_SB": 820, "Harvester of Misery_SB": 1227, "Archangel of Wrath": 93, "Atraxa, Grand Unifier": 136, "Beza, the Bounding Spring": 202, "Brushland": 334, "Fabled Passage": 869, "Herd Migration": 1274, "Invasion of Tolvada": 1412, "Long Goodbye": 1618, "Shadowy Backstreet": 2380, "Temporary Lockdown": 2698, "Beza, the Bounding Spring_SB": 203, "Jace, the Perfected Mind_SB": 1434, "Long Goodbye_SB": 1619, "Temporary Lockdown_SB": 2699, "Into the Flood Maw": 1387, "Chimil, the Inner Sun": 445, "Elspeth's Smite": 776, "Parting Gust": 1953, "The Eternal Wanderer": 2725, "Urza's Sylex": 2985, "White Sun's Twilight": 3129, "Exorcise": 844, "Boon-Bringer Valkyrie_SB": 273, "Floodfarm Verge": 980, "Negate": 1821, "No More Lies": 1843, "Overlord of the Floodpits": 1925, "Restless Anchorage": 2183, "Stoic Sphinx_SB": 2583, "Archangel Elspeth": 89, "Caretaker's Talent": 380, "Carrot Cake": 385, "Elesh Norn, Mother of Machines": 773, "Enduring Innocence": 796, "Lay Down Arms": 1553, "Loran of the Third Path": 1628, "Toby, Beastie Befriender": 2846, "Virtue of Loyalty": 3055, "Not on My Watch_SB": 1855, "Serra Paragon_SB": 2373, "Split Up_SB": 2535, "The Stone Brain_SB": 2764, "Amalia Benavides Aguirre": 48, "Case of the Uneaten Feast": 397, "Caves of Koilos": 413, "Concealed Courtyard": 503, "Darkstar Augur": 583, "Essence Channeler": 825, "Lunar Convocation": 1646, "Mudflat Village": 1799, "Restless Fortress": 2189, "Ruin-Lurker Bat": 2255, "Starscape Cleric": 2557, "Thran Portal": 2797, "Zoraline, Cosmos Caller": 3193, "Loran of the Third Path_SB": 1629, "Nowhere to Run_SB": 1858, "Pest Control_SB": 1972, "Starscape Cleric_SB": 2558, "Entity Tracker": 811, "Ethereal Armor": 835, "Fae Flight": 872, "Gremlin Tamer": 1176, "Inquisitive Glimmer": 1369, "Optimistic Scavenger": 1895, "Shardmage's Rescue": 2382, "Silent Hallcreeper": 2418, "Into the Flood Maw_SB": 1388, "Kitnap_SB": 1505, "Soul Partition_SB": 2485, "Abhorrent Oculus": 1, "Chart a Course": 441, "Curate": 567, "Haughty Djinn": 1229, "Helping Hand": 1266, "Meticulous Archive": 1719, "Picklock Prankster": 1996, "Recommission": 2143, "Sleight of Hand": 2459, "Steamcore Scholar": 2565, "Proft's Eidetic Memory_SB": 2045, "Farsight Ritual_SB": 894, "Analyze the Pollen": 55, "Bitter Reunion": 211, "Heaped Harvest": 1246, "Ill-Timed Explosion": 1344, "Archangel of Wrath_SB": 94, "Goddric, Cloaked Reveler": 1142, "Hired Claw": 1304, "Lightning Strike": 1591, "Urabrask's Forge": 2971, "Witchstalker Frenzy": 3153, "Screaming Nemesis_SB": 2332, "Yotian Frontliner": 3178, "Moment of Truth": 1773, "Soul Partition": 2484, "Kutzil's Flanker_SB": 1537, "Monastery Mentor_SB": 1777, "Confounding Riddle": 507, "Impulse": 1354, "Blackcleave Cliffs": 216, "Honest Rutstein": 1314, "Inti, Seneschal of the Sun": 1382, "Marchesa, Dealer of Death": 1688, "Plaza of Heroes": 2014, "Relic of Legends": 2162, "Rona, Herald of Invasion": 2243, "Sulfurous Springs": 2607, "Tinybones Joins Up": 2831, "Bitter Triumph_SB": 214, "Glistening Deluge_SB": 1123, "Hostile Investigator_SB": 1325, "Kaervek, the Punisher_SB": 1456, "Virtue of Persistence_SB": 3058, "Zur, Eternal Schemer": 3197, "Sunfall_SB": 2616, "Legions to Ashes": 1564, "Kaya, Intangible Slayer_SB": 1476, "Legions to Ashes_SB": 1565, "Sunspine Lynx_SB": 2623, "Snakeskin Veil_SB": 2473, "Mockingbird": 1761, "Cruelclaw's Heist": 550, "The Cruelty of Gix_SB": 2718, "Screaming Nemesis": 2331, "Witchstalker Frenzy_SB": 3154, "Builder's Talent": 337, "Collector's Vault": 488, "The Enigma Jewel": 2724, "Overlord of the Balemurk": 1921, "The Swarmweaver": 2766, "Picnic Ruiner": 1997, "Witch's Mark": 3150, "Tectonic Hazard_SB": 2682, "Faerie Mastermind_SB": 880, "Arabella, Abandoned Doll": 80, "Idyllic Beachfront": 1343, "Invasion of Gobakhan_SB": 1401, "Squee, Dubious Monarch": 2545, "Kaito, Bane of Nightmares": 1457, "Plumecreed Escort": 2015, "Come Back Wrong_SB": 499, "The End_SB": 2723, "Unholy Annex // Ritual Chamber": 2941, "Intrude on the Mind": 1393, "Nowhere to Run": 1857, "Withering Torment": 3155, "Insatiable Avarice_SB": 1372, "Phyrexian Fleshgorger_SB": 1987, "Season of Loss_SB": 2348, "Sheoldred": 2389, "Deadly Cover-Up_SB": 601, "Leyline of the Void_SB": 1581, "Season of Gathering_SB": 2346, "Dreams of Steel and Oil": 722, "Scrapshooter_SB": 2326, "Unholy Annex // Ritual Chamber_SB": 2942, "Abandoned Campground": 0, "Artist's Talent": 116, "Brass's Tunnel-Grinder": 298, "Capricious Hellraiser": 374, "Chandra, Hope's Beacon": 428, "Fires of Victory": 964, "Roaring Furnace // Steaming Sauna": 2230, "Season of Weaving": 2349, "Thundering Falls": 2821, "Ral, Crackling Wit_SB": 2102, "Virtue of Knowledge_SB": 3054, "Regal Bunnicorn": 2154, "Steel Seraph": 2569, "Subterranean Schooner": 2604, "Unidentified Hovership": 2943, "Zoetic Glyph": 3189, "Nissa, Ascended Animist": 1839, "Ruthless Negotiation_SB": 2271, "Blazemire Verge": 226, "Demonic Ruckus": 641, "Flowstone Infusion": 988, "Restless Vents": 2197, "Sunfire Torch": 2617, "Binding Negotiation_SB": 206, "Furnace Reins_SB": 1037, "Go for the Throat_SB": 1132, "Warleader's Call": 3108, "Song of Totentanz_SB": 2481, "Obliterating Bolt": 1868, "Legion Extruder": 1561, "Nurturing Pixie": 1860, "Painter's Studio // Defaced Gallery": 1946, "Restless Bivouac": 2185, "Ego Drain": 760, "Faerie Dreamthief": 876, "Faerie Fencing": 877, "Invasion of Amonkhet": 1394, "Obyra, Dreaming Duelist": 1874, "Season of Loss": 2347, "Sleep-Cursed Faerie": 2458, "Spell Stutter": 2512, "Invasion of Amonkhet_SB": 1395, "Spell Stutter_SB": 2513, "Talion's Messenger_SB": 2670, "Broodspinner": 329, "Cache Grab": 353, "Coati Scavenger": 478, "Drag to the Roots": 705, "Omnivorous Flytrap": 1890, "Vraska, Betrayal's Sting": 3090, "Baird, Argivian Recruiter": 160, "Dollmaker's Shop // Porcelain Gallery": 688, "Archangel Elspeth_SB": 90, "Lay Down Arms_SB": 1554, "Campus Renovation": 366, "Lightning Helix": 1589, "One with the Multiverse": 1892, "Portal to Phyrexia": 2027, "Restless Spire": 2195, "Abrade_SB": 4, "Blast Zone": 224, "Season of the Burrow": 2351, "Felonious Rage": 940, "Kaya, Intangible Slayer": 1475, "The End": 2722, "Cease // Desist_SB": 415, "Elesh Norn, Mother of Machines_SB": 774, "Rankle's Prank_SB": 2110, "Mirror Room // Fractured Realm": 1745, "Scrollshift": 2333, "Trapped in the Screen": 2874, "Get Out_SB": 1067, "No Witnesses_SB": 1848, "Gisa, the Hellraiser": 1096, "Assassin's Trophy_SB": 128, "Leyline of Hope": 1573, "Scoured Barrens": 2324, "Skrelv, Defector Mite": 2439, "Shoot the Sheriff_SB": 2404, "Shrouded Shepherd_SB": 2412, "Blossoming Tortoise": 255, "Goldvein Hydra": 1145, "Horned Loch-Whale": 1320, "Shore Up": 2405, "Yavimaya Coast": 3173, "Blot Out_SB": 257, "Haywire Mite_SB": 1238, "Knight of Dusk's Shadow_SB": 1511, "Lord Skitter, Sewer King_SB": 1633, "Getaway Glamer": 1068, "Requisition Raid_SB": 2176, "Fountainport_SB": 1012, "Twisted Fealty_SB": 2905, "Arcane Proxy": 86, "Bilious Skulldweller": 204, "Bring the Ending": 318, "Drown in Ichor": 728, "Experimental Augury": 849, "Infectious Inquiry": 1360, "Prologue to Phyresis": 2048, "Reject Imperfection": 2160, "Venser, Corpse Puppet": 3031, "Vraska's Fall": 3088, "Drown in Ichor_SB": 729, "Reject Imperfection_SB": 2161, "Serum Snare_SB": 2375, "Venser, Corpse Puppet_SB": 3032, "Vraska, Betrayal's Sting_SB": 3091, "Whisper of the Dross_SB": 3128, "Feather of Flight": 920, "Break the Spell_SB": 309, "Mishra's Foundry": 1753, "Rush of Dread": 2265, "Astor, Bearer of Blades": 131, "Blacksmith's Talent": 217, "Bladehold War-Whip": 220, "Chainsaw": 424, "Dissection Tools": 672, "Fear of Missing Out": 913, "Mabel, Heir to Cragflame": 1655, "Nettle Guard": 1825, "Rebel Salvo": 2135, "Fallaji Archaeologist": 886, "Founding the Third Path": 1007, "Lumra, Bellow of the Woods": 1645, "Restless Vinestalk": 2199, "Squirming Emergence": 2547, "Terror Tide": 2705, "The Cruelty of Gix": 2717, "Wail of the Forgotten": 3095, "Assimilation Aegis": 129, "Chrome Prowler": 452, "Combat Thresher": 497, "Cryptic Coat": 557, "Hidden Cataract": 1285, "Hidden Courtyard": 1286, "Liberator, Urza's Battlethopter": 1582, "Ossification": 1904, "Out Cold": 1908, "Simulacrum Synthesizer": 2427, "High Noon_SB": 1297, "Lost in the Maze_SB": 1637, "Spark Rupture_SB": 2502, "Case of the Crimson Pulse": 387, "Koth, Fire of Resistance": 1525, "Case of the Crimson Pulse_SB": 388, "Braids, Arisen Nightmare": 292, "Disturbing Mirth": 679, "Final Vengeance": 959, "Greedy Freebooter": 1171, "Hopeless Nightmare": 1318, "Rottenmouth Viper": 2246, "Scavenger's Talent": 2315, "Spiteful Hexmage": 2530, "Elusive Otter": 780, "Kitsa, Otterball Elite": 1506, "Meeting of Minds": 1709, "Pearl of Wisdom": 1961, "Ral, Crackling Wit": 2101, "Stoke the Flames": 2584, "Stormcatch Mentor": 2590, "Stormchaser's Talent": 2591, "Valley Floodcaller": 2999, "Audacity": 138, "Botanical Sanctum": 281, "Calix, Guided by Fate": 361, "Razorverge Thicket": 2127, "Royal Treatment": 2250, "Valgavoth's Lair": 2991, "Ossification_SB": 1905, "Altanak, the Thrice-Called": 47, "Balustrade Wurm": 166, "Enduring Courage": 792, "Patchwork Beastie": 1956, "Say Its Name": 2302, "The Skullspore Nexus": 2758, "Wrenn and Realmbreaker": 3165, "Obstinate Baloth_SB": 1873, "Questing Druid_SB": 2071, "Fireglass Mentor": 963, "Flamecache Gecko": 967, "Forsaken Miner": 1004, "Gev, Scaled Scorch": 1070, "Iridescent Vinelasher": 1419, "Laughing Jasper Flint": 1548, "Thought-Stalker Warlock": 2790, "Three Steps Ahead_SB": 2807, "Vren, the Relentless_SB": 3094, "Overlord of the Mistmoors_SB": 1930, "Split Up": 2534, "Season of the Burrow_SB": 2352, "Emberheart Challenger_SB": 788, "Witch's Mark_SB": 3151, "Glass Casket": 1110, "Protect the Negotiators": 2052, "Repel Calamity": 2170, "Splitskin Doll": 2536, "Stoic Sphinx": 2582, "No More Lies_SB": 1844, "Phyrexian Fleshgorger": 1986, "Doorkeeper Thrull_SB": 693, "Imodane's Recruiter_SB": 1348, "Assassin's Trophy": 127, "Freestrider Lookout": 1013, "Walk-In Closet && Forgotten Cellar_SB": 3098, "Serra Paragon": 2372, "Dreams of Steel and Oil_SB": 723, "Restless Prairie": 2190, "Demonic Counsel": 635, "Charming Scoundrel": 439, "Scorching Shot": 2321, "Fugitive Codebreaker_SB": 1027, "Squee, Dubious Monarch_SB": 2546, "Break Out": 307, "Wildfire Wickerfolk": 3136, "Twinferno": 2899, "Two-Headed Hunter": 2907, "Floodpits Drowner": 981, "Feed the Cycle": 924, "Arabella, Abandoned Doll_SB": 81, "Vengeful Possession_SB": 3028, "Pest Control": 1971, "Shoot the Sheriff": 2403, "Bushwhack": 351, "Enduring Vitality": 800, "Song of Totentanz": 2480, "Tarnation Vista": 2675, "This Town Ain't Big Enough": 2780, "Thundertrap Trainer": 2825, "Blue Sun's Twilight_SB": 258, "Dissection Tools_SB": 673, "Up the Beanstalk_SB": 2969, "Volcanic Spite_SB": 3073, "Sandstorm Verge": 2286, "The Eternal Wanderer_SB": 2726, "Silent Hallcreeper_SB": 2419, "Stormkeld Vanguard_SB": 2593, "Urgent Necropsy_SB": 2980, "Outrageous Robbery": 1915, "Pillage the Bog_SB": 2004, "The Swarmweaver_SB": 2767, "Enduring Innocence_SB": 797, "Long River's Pull": 1621, "Caretaker's Talent_SB": 381, "Cankerbloom": 371, "Cenote Scout": 418, "Keen-Eyed Curator": 1481, "Seed of Hope": 2358, "Violent Urge": 3048, "Overprotect": 1931, "Manifold Mouse_SB": 1682, "Doppelgang_SB": 695, "Argentum Masticore_SB": 106, "Abhorrent Oculus_SB": 2, "Fugitive Codebreaker": 1026, "Ancient Cornucopia": 59, "Not on My Watch": 1854, "Archdruid's Charm_SB": 96, "Ghostly Dancers_SB": 1082, "Thrun, Breaker of Silence_SB": 2819, "Virtue of Knowledge": 3053, "Horned Loch-Whale_SB": 1321, "Shore Up_SB": 2406, "Cheeky House-Mouse": 443, "The Wandering Rescuer": 2770, "Enduring Curiosity_SB": 795, "Micromancer": 1723, "Rona's Vortex": 2241, "Valgavoth, Terror Eater": 2994, "Case of the Filched Falcon": 389, "Parting Gust_SB": 1954, "Brotherhood's End": 331, "Hugs, Grisly Guardian": 1329, "Kogla and Yidaro": 1517, "Migloz, Maze Crusher": 1729, "Ojer Kaslem, Deepest Growth": 1880, "Volcanic Spite": 3072, "Clement, the Worrywort": 471, "Dour Port-Mage": 698, "Dreamdew Entrancer": 720, "Lilypad Village": 1599, "Long River Lurker": 1620, "Mistbreath Elder": 1755, "Oakhollow Village": 1864, "Pond Prophet": 2024, "Splash Portal": 2532, "Sunshower Druid": 2620, "Three Tree Scribe": 2810, "Valley Mightcaller": 3001, "Invasion of Ixalan": 1402, "Bristlebud Farmer_SB": 322, "Ill-Timed Explosion_SB": 1345, "Giant Growth": 1087, "Rockface Village_SB": 2234, "Azure Beastbinder": 155, "Drannith Ruins": 716, "Kaito, Bane of Nightmares_SB": 1458, "Breach the Multiverse_SB": 305, "Deep-Cavern Bat_SB": 615, "Escape Tunnel": 823, "Ephara's Dispersal": 813, "Kaito, Dancing Shadow_SB": 1462, "Thought-Stalker Warlock_SB": 2791, "Coppercoat Vanguard": 518, "Fortified Beachhead": 1005, "Harbin, Vanguard Aviator": 1213, "Recruitment Officer": 2145, "Valiant Veteran": 2996, "Bandit's Talent": 169, "Render Inert_SB": 2167, "Flowerfoot Swordmaster": 987, "Loran's Escape": 1630, "Rabid Gnaw": 2077, "Valley Questcaller": 3002, "Nettle Guard_SB": 1826, "Seedglaive Mentor_SB": 2359, "Dusk Rose Reliquary": 739, "Kellan, Daring Traveler": 1487, "Syr Ginger, the Meal Ender": 2658, "Teething Wurmlet": 2683, "Tough Cookie": 2863, "Anointed Peacekeeper_SB": 78, "Aven Interrupter_SB": 148, "Tail Swipe_SB": 2662, "Misery's Shadow": 1749, "Overlord of the Balemurk_SB": 1922, "Pick Your Poison": 1994, "Sharp-Eyed Rookie": 2384, "Archdruid's Charm": 95, "Pyroclasm": 2062, "Invasion of Tolvada_SB": 1413, "Metropolis Reformer_SB": 1722, "Etali's Favor": 829, "Disenchant_SB": 665, "Burrowguard Mentor": 348, "Finneas, Ace Archer": 961, "Hop to It": 1315, "Pawpatch Recruit": 1959, "Seasoned Warrenguard": 2354, "Dewdrop Cure_SB": 658, "Sunder the Gateway_SB": 2614, "Treeguard Duo_SB": 2881, "Agatha's Soul Cauldron": 28, "Blood Hustler": 236, "Fauna Shaman": 897, "Haywire Mite": 1237, "Kami of Whispered Hopes": 1466, "Likeness Looter": 1594, "Lively Dirge": 1606, "Nashi, Moon's Legacy": 1816, "Tyvar, Jubilant Brawler": 2917, "Annex Sentry": 69, "Crawling Chorus": 546, "Jawbone Duelist": 1436, "Skrelv's Hive": 2437, "Slaughter Singer": 2457, "The Seedcore": 2757, "Venerated Rotpriest": 3024, "Ajani, Sleeper Agent_SB": 38, "Surge of Salvation_SB": 2629, "Aftermath Analyst": 25, "Bristly Bill, Spine Sower": 324, "Case of the Locked Hothouse": 392, "Evolving Wilds": 841, "Festering Gulch": 944, "Nissa, Resurgent Animist": 1841, "Not Dead After All": 1852, "Urborg Repossession": 2974, "Fake Your Own Death_SB": 885, "Forest_SB": 1000, "Heaped Harvest_SB": 1247, "Swamp_SB": 2641, "Demand Answers": 632, "Dreadmaw's Ire_SB": 718, "Untimely Malfunction_SB": 2964, "Roaring Furnace && Steaming Sauna": 2228, "High Noon": 1296, "Magebane Lizard_SB": 1663, "Breeches, Eager Pillager": 310, "Captain Storm, Cosmium Raider": 377, "Goblin Tomb Raider": 1141, "Kitesail Larcenist": 1503, "Malcolm, Alluring Scoundrel": 1674, "Malcolm, the Eyes": 1676, "Reckless Lackey": 2138, "Roaming Throne": 2226, "Staunch Crewmate": 2563, "Roaming Throne_SB": 2227, "Beseech the Mirror": 197, "Rite of the Moth": 2218, "Valgavoth's Faithful": 2990, "Don't Make a Sound": 690, "Return the Favor": 2204, "Chainsaw_SB": 425, "Might of the Meek_SB": 1728, "Rabid Gnaw_SB": 2078, "Turn Inside Out_SB": 2897, "Phantom Interference_SB": 1976, "Shock_SB": 2402, "Hostile Investigator": 1324, "Scrapshooter": 2325, "Tyrranax Rex_SB": 2913, "Take Up the Shield": 2665, "Nashi, Searcher in the Dark": 1817, "Tinybones, the Pickpocket": 2834, "Jirina, Dauntless General_SB": 1444, "Rubblebelt Maverick": 2252, "Slime Against Humanity": 2466, "Balustrade Wurm_SB": 167, "Glissa Sunslayer_SB": 1122, "No Witnesses": 1847, "Spellgyre": 2515, "Virtue of Loyalty_SB": 3056, "Scales of Shale_SB": 2309, "Quick Study": 2073, "Explosive Derailment": 853, "Fell": 937, "Great Train Heist": 1167, "Kaervek, the Punisher": 1455, "Lazav, Familiar Stranger": 1555, "Magda, the Hoardmaster": 1661, "Vadmir, New Blood": 2988, "Vial Smasher, Gleeful Grenadier": 3040, "Niv-Mizzet, Supreme": 1842, "Soul Search_SB": 2487, "Blanchwood Prowler": 221, "Chupacabra Echo": 453, "Cruel Somnophage": 549, "Gnawing Vermin": 1129, "Hollow Scavenger": 1311, "Huskburster Swarm": 1337, "Urborg Lhurgoyf": 2973, "Writhing Necromass": 3170, "Hedge Shredder": 1258, "Terramorphic Expanse": 2703, "Grievous Wound_SB": 1180, "Terror Tide_SB": 2706, "Cathartic Parting_SB": 402, "Impulse_SB": 1355, "Lich-Knights' Conquest_SB": 1584, "Destroy Evil": 650, "Overlord of the Hauntwoods_SB": 1928, "Surge of Salvation": 2628, "Bovine Intervention_SB": 289, "Molten Collapse": 1766, "Piggy Bank": 1998, "Raucous Theater": 2118, "Voldaren Thrillseeker": 3075, "Agatha's Soul Cauldron_SB": 29, "Scatter Ray": 2311, "Blot Out": 256, "Ashiok, Wicked Manipulator_SB": 121, "Ghired, Mirror of the Wilds": 1075, "The Jolly Balloon Man": 2738, "Case of the Stashed Skeleton": 395, "Corpses of the Lost": 524, "Cult Conscript": 563, "Patchwork Banner": 1955, "Undead Sprinter": 2927, "Fear of Impostors": 906, "Ghostly Dancers": 1081, "Braided Net": 290, "Clay-Fired Bricks": 469, "Farsight Ritual": 893, "Ezrim, Agency Chief_SB": 866, "Kaya, Spirits' Justice": 1477, "Eddymurk Crab": 756, "Tolarian Terror": 2851, "Keen-Eyed Curator_SB": 1482, "Monstrous Emergence_SB": 1782, "Unable to Scream_SB": 2922, "Valley Flamecaller": 2998, "Sunspine Lynx": 2622, "Koth, Fire of Resistance_SB": 1526, "Aven Interrupter": 147, "Skrelv's Hive_SB": 2438, "Roaring Furnace && Steaming Sauna_SB": 2229, "Breach the Multiverse": 304, "Hidetsugu and Kairi": 1293, "Push // Pull": 2060, "Under the Skin": 2929, "Elusive Otter_SB": 781, "Ephara's Dispersal_SB": 814, "Innkeeper's Talent_SB": 1367, "Unyielding Gatekeeper": 2967, "Etali, Primal Conqueror_SB": 831, "Lightning Strike_SB": 1592, "Dollmaker's Shop && Porcelain Gallery": 687, "Restricted Office && Lecture Hall_SB": 2200, "Razorkin Needlehead_SB": 2123, "Season of Weaving_SB": 2350, "Cunning Coyote": 565, "Osteomancer Adept": 1906, "The Infamous Cruelclaw": 2735, "Tail Swipe": 2661, "Preacher of the Schism_SB": 2034, "Thraxodemon": 2801, "Fear of Lost Teeth": 912, "Invasion of Azgol": 1397, "The Witch's Vanity_SB": 2773, "Tinybones, the Pickpocket_SB": 2835, "Vaultborn Tyrant": 3019, "Decadent Dragon": 610, "Rakdos, Patron of Chaos": 2096, "Gingerbrute": 1095, "Marvin, Murderous Mimic": 1694, "Monstrous Emergence": 1781, "Surge Engine": 2626, "Kitesail Larcenist_SB": 1504, "Repulsive Mutation_SB": 2173, "Change the Equation": 434, "Valley Rotcaller": 3003, "Pitiless Carnage": 2006, "Sawblade Skinripper": 2300, "The Witch's Vanity": 2772, "The Infamous Cruelclaw_SB": 2736, "Lupinflower Village": 1649, "Pollen-Shield Hare": 2019, "Three Tree City": 2808, "Glass Casket_SB": 1111, "Ashiok, Wicked Manipulator": 120, "Final Showdown": 957, "Kutzil's Flanker": 1536, "Ingenious Prodigy": 1365, "Kaito, Dancing Shadow": 1461, "Darkstar Augur_SB": 584, "Plumecreed Escort_SB": 2016, "Tyvar's Stand_SB": 2916, "Captivating Cave": 378, "Teferi, Temporal Pilgrim_SB": 2685, "Aloe Alchemist": 46, "Yavimaya Iconoclast": 3174, "Embereth Veteran": 786, "Hearth Elemental": 1253, "Lavaspur Boots": 1551, "Mirran Banesplitter": 1741, "Phoenix Chick": 1979, "Hearth Elemental_SB": 1254, "Zoraline, Cosmos Caller_SB": 3194, "Neutralize the Guards_SB": 1828, "Shardmage's Rescue_SB": 2383, "Sword of Once and Future_SB": 2651, "Bloodletter of Aclazotz_SB": 244, "Spellbook Vendor": 2514, "Stenn, Paranoid Partisan": 2571, "Gremlin Tamer_SB": 1177, "Betrayer's Bargain": 200, "Corrupted Conviction": 528, "Braids, Arisen Nightmare_SB": 293, "Get Out": 1066, "Monastery Mentor": 1776, "Mountain_SB": 1796, "Misery's Shadow_SB": 1750, "Torch the Witness_SB": 2860, "Seized from Slumber": 2364, "Pugnacious Hammerskull_SB": 2058, "Wrenn's Resolve_SB": 3169, "Fear of Isolation": 910, "Glarb, Calamity's Augur": 1108, "Cavern of Souls_SB": 411, "Glarb, Calamity's Augur_SB": 1109, "Market Gnome": 1689, "Kambal, Profiteering Mayor_SB": 1465, "Warden of the Inner Sky_SB": 3104, "Lord Skitter, Sewer King": 1632, "Painter's Studio && Defaced Gallery_SB": 1945, "Wear Down_SB": 3119, "Planar Disruption_SB": 2012, "Scrollshift_SB": 2334, "Overprotect_SB": 1932, "Portent of Calamity": 2028, "The Irencrag": 2737, "Twitching Doll": 2906, "Floodpits Drowner_SB": 982, "Geological Appraiser": 1061, "Kogla and Yidaro_SB": 1518, "Lukka, Bound to Ruin_SB": 1640, "Roxanne, Starfall Savant_SB": 2249, "Sorcerous Spyglass_SB": 2483, "Black Sun's Twilight": 215, "Corrupt": 527, "Haunted Mire": 1233, "Iridescent Vinelasher_SB": 1420, "Overlord of the Boilerbilges_SB": 1924, "Errant and Giada": 817, "Werefox Bodyguard_SB": 3125, "Archfiend of the Dross_SB": 98, "Lost in the Maze": 1636, "Bristling Backwoods": 323, "Rugged Highlands": 2254, "Great Train Heist_SB": 1168, "Razortrap Gorge": 2126, "Fortune, Loyal Steed": 1006, "Frontier Seeker": 1021, "Unable to Scream": 2921, "Herbology Instructor_SB": 1272, "Valley Floodcaller_SB": 3000, "Phyrexian Arena_SB": 1982, "Jaya, Fiery Negotiator_SB": 1438, "Conduit Pylons": 504, "Hidden Grotto": 1287, "Heroic Reinforcements": 1281, "Maelstrom Pulse": 1659, "Scavenging Ooze": 2316, "Vivien Reid": 3063, "Liliana, Dreadhorde General_SB": 1598, "Maelstrom Pulse_SB": 1660, "No One Left Behind": 1845, "Unstoppable Slasher_SB": 2960, "Restless Ridgeline_SB": 2194, "Phyrexian Obliterator": 1990, "Back for Seconds_SB": 158, "Case of the Stashed Skeleton_SB": 396, "Homicide Investigator_SB": 1313, "Dreadmaw's Ire": 717, "Gix, Yawgmoth Praetor_SB": 1104, "Boros Charm": 275, "Raucous Carnival": 2116, "Llanowar Elves": 1609, "Spinewoods Armadillo": 2524, "Burst Lightning": 349, "Abyssal Harvester": 9, "Day of Judgment": 590, "Authority of the Consuls_SB": 145, "Devout Decree_SB": 656, "Flashfreeze_SB": 972, "Evangel of Synthesis": 838, "Zombify": 3191, "Desecration Demon_SB": 645, "Wail of the Forgotten_SB": 3096, "Soulstone Sanctuary": 2497, "Scavenging Ooze_SB": 2317, "Vivien Reid_SB": 3064, "Basilisk Collar_SB": 184, "Sun-Blessed Healer": 2609, "Temple of Triumph": 2697, "Campus Renovation_SB": 367, "Boltwave": 261, "Splitskin Doll_SB": 2537, "Virtue of Courage": 3051, "Heartflame Duelist_SB": 1252, "Slagstorm_SB": 2456, "Mazemind Tome": 1703, "Crystal Barricade_SB": 561, "Kellan, Planar Trailblazer": 1490, "Bloodthirsty Conqueror_SB": 248, "Spinner of Souls": 2526, "Feed the Swarm_SB": 928, "Kaito, Cunning Infiltrator_SB": 1460, "Opt": 1893, "Enduring Tenacity": 798, "Not Dead After All_SB": 1853, "Pitiless Carnage_SB": 2007, "Kiora, the Rising Tide": 1500, "Ghitu Lavarunner": 1077, "Thrill of Possibility": 2813, "Artist's Talent_SB": 117, "Blooming Blast_SB": 252, "Djeru and Hazoret": 686, "Elenda, Saint of Dusk": 770, "Garna, Bloodfist of Keld": 1046, "Hajar, Loyal Bodyguard": 1200, "Jodah, the Unifier": 1445, "Kellan, the Kid": 1493, "Secluded Courtyard": 2356, "Sigarda, Font of Blessings": 2416, "Faebloom Trick": 874, "Authority of the Consuls": 144, "Exemplar of Light": 842, "Fiendish Panda": 949, "Hinterland Sanctifier": 1302, "Elenda, Saint of Dusk_SB": 771, "Spectral Sailor": 2508, "Unsummon": 2961, "Azure Beastbinder_SB": 156, "Giant Cindermaw_SB": 1086, "Tithing Blade": 2843, "Fade from History_SB": 871, "Bloodthirsty Conqueror": 247, "Heartflame Duelist": 1251, "Viashino Pyromancer": 3041, "Abraded Bluffs": 5, "Ball Lightning": 163, "Bloodfeather Phoenix": 239, "Grab the Prize": 1154, "Lyra Dawnbringer_SB": 1653, "Virtue of Courage_SB": 3052, "Combat Research": 496, "Brineborn Cutthroat_SB": 317, "Ertai's Scorn_SB": 822, "Flow of Knowledge_SB": 986, "Haughty Djinn_SB": 1230, "Urza's Rebuff_SB": 2983, "Arid Archway": 108, "Felidar Retreat": 934, "Herald of Eternal Dawn": 1267, "Loot, Exuberant Explorer": 1624, "Mossborn Hydra": 1791, "Demolition Field_SB": 634, "Abyssal Harvester_SB": 10, "Painter's Studio // Defaced Gallery_SB": 1947, "Hero's Downfall": 1278, "Liliana, Dreadhorde General": 1597, "Temple of Malady": 2692, "Temple of Plenty": 2695, "Temple of Silence": 2696, "Mortify_SB": 1790, "White Sun's Twilight_SB": 3130, "Kaito, Cunning Infiltrator": 1459, "Sphinx of Forgotten Lore": 2518, "Aetherize_SB": 23, "Feldon's Cane_SB": 930, "Demonic Pact": 639, "Harmless Offering": 1222, "Torpor Orb_SB": 2862, "Cathar Commando": 400, "Knight of Grace": 1512, "Ajani, Caller of the Pride_SB": 35, "Ethereal Armor_SB": 836, "Reclamation Sage_SB": 2142, "Dead Weight": 595, "Gixian Puppeteer": 1106, "Revenge of the Rats": 2205, "Terror Ballista": 2704, "The Ancient One": 2715, "Razorlash Transmogrant_SB": 2125, "An Offer You Can't Refuse_SB": 54, "Trapped in the Screen_SB": 2875, "Llanowar Greenwidow": 1611, "Dragonhawk, Fate's Tempest": 708, "Zurgo and Ojutai": 3198, "Final Showdown_SB": 958, "Subterranean Schooner_SB": 2605, "Virtue of Strength": 3059, "War Squeak": 3101, "Worldsoul's Rage": 3161, "Hero's Downfall_SB": 1279, "Boros Charm_SB": 276, "Ashroot Animist": 124, "Green Sun's Twilight": 1172, "Lukka, Bound to Ruin": 1639, "Polukranos Reborn": 2022, "Ruby, Daring Tracker": 2253, "Terror of the Peaks": 2707, "Hard-Hitting Question_SB": 1219, "Muerra, Trash Tactician_SB": 1801, "Soulless Jailer_SB": 2494, "Refute": 2152, "Unwanted Remake": 2965, "Curator of Destinies_SB": 568, "Day of Judgment_SB": 591, "Aspirant's Ascent": 125, "Bloated Contaminator": 233, "Distorted Curiosity": 674, "Enter the Enigma": 809, "Fleeting Reflection": 976, "High Stride": 1298, "Infectious Bite": 1359, "Ivy, Gleeful Spellthief": 1426, "Aspirant's Ascent_SB": 126, "Bring the Ending_SB": 319, "Distorted Curiosity_SB": 675, "Enter the Enigma_SB": 810, "Fleeting Reflection_SB": 977, "High Stride_SB": 1299, "Prologue to Phyresis_SB": 2049, "This Town Ain't Big Enough_SB": 2781, "Anim Pakal, Thousandth Moon": 66, "Jirina, Dauntless General": 1443, "Deathmark_SB": 607, "Joust Through_SB": 1451, "Knight of Grace_SB": 1513, "Raise the Past_SB": 2092, "Insidious Roots": 1375, "Skyfisher Spider": 2448, "Arcanis the Omnipotent_SB": 88, "Feed the Cycle_SB": 925, "Insidious Fungus_SB": 1374, "Stab_SB": 2549, "Blooming Blast": 251, "Coruscation Mage": 531, "Firebrand Archer": 962, "Dazzling Denial": 593, "Empyrean Eagle": 789, "Healer's Hawk": 1245, "Temple of Deceit": 2689, "Requisition Raid": 2175, "Sentinel of the Nameless City_SB": 2370, "Doubling Season": 696, "Cathar Commando_SB": 401, "Elegant Parlor_SB": 769, "Thrun, Breaker of Silence": 2818, "Pawpatch Recruit_SB": 1960, "Abrade": 3, "Greed's Gambit": 1169, "Rankle's Prank": 2109, "Molten Collapse_SB": 1767, "Sire of Seven Deaths_SB": 2430, "Roaring Furnace // Steaming Sauna_SB": 2231, "Sheoldred_SB": 2394, "Invasion of Zendikar": 1414, "Chimil, the Inner Sun_SB": 446, "Annex Sentry_SB": 70, "Ajani's Pridemate": 33, "Arahbo, the First Fang": 83, "Banishing Light": 171, "Joust Through": 1450, "Prideful Parent": 2036, "Regal Caracal": 2156, "Savannah Lions": 2296, "Skyknight Squire": 2450, "Banishing Light_SB": 172, "Claws Out_SB": 468, "Ferocification_SB": 943, "Audacity_SB": 139, "Cease // Desist": 414, "Stormsplitter": 2594, "Hard-Hitting Question": 1218, "Starfall Invocation": 2555, "Brineborn Cutthroat": 316, "Overlord of the Floodpits_SB": 1926, "Desecration Demon": 644, "Coiling Rebirth": 480, "Cynical Loner": 576, "Etali, Primal Conqueror": 830, "Driver of the Dead": 726, "Gatekeeper of Malakir": 1056, "Ichor Drinker": 1340, "Infestation Sage": 1362, "Kalastria Highborn": 1463, "Nullpriest of Oblivion": 1859, "Pulse Tracker": 2059, "Vampire Nighthawk": 3010, "Vengeful Bloodwitch": 3026, "Undergrowth Recon": 2933, "Walk-In Closet // Forgotten Cellar": 3099, "Lost Jitte": 1634, "An Offer You Can't Refuse": 53, "Carnelian Orb of Dragonkind": 382, "Invasion of Tarkir": 1409, "Sarkhan, Soul Aflame": 2293, "Slagstorm": 2455, "Stingerback Terror": 2575, "Twinflame Tyrant": 2901, "Omniscience": 1889, "Drag to the Roots_SB": 706, "Unwanted Remake_SB": 2966, "Buried in the Garden": 342, "Clifftop Lookout": 472, "Fecund Greenshell": 922, "Genesis Wave": 1060, "Tender Wildguide": 2700, "Invasion of Regatha": 1407, "Pilfer_SB": 2002, "Urborg Scavengers_SB": 2977, "Luminous Rebuke": 1643, "Primal Might": 2037, "Arcanis the Omnipotent": 87, "Grand Entryway // Elegant Rotunda": 1161, "Moment of Craving_SB": 1771, "Bladecoil Serpent_SB": 219, "Tinybones, Bauble Burglar": 2833, "Sphinx of Forgotten Lore_SB": 2519, "Ashnod's Intervention": 123, "Barbed Batterfist": 176, "Bloodfeather Phoenix_SB": 240, "Koma, World-Eater": 1522, "The Elder Dragon War": 2720, "Witness Protection_SB": 3158, "Valgavoth, Terror Eater_SB": 2995, "Fear of Impostors_SB": 907, "Smash to Dust_SB": 2467, "Archangel of Tithes": 91, "Boon-Bringer Valkyrie": 272, "Giada, Font of Hope": 1083, "Guardian of Ghirapur": 1191, "Lyra Dawnbringer": 1652, "Resplendent Angel": 2178, "Youthful Valkyrie": 3179, "Witness Protection": 3157, "Calamity's Wake_SB": 359, "Fabrication Foundry": 870, "Fomori Vault": 992, "Fumigate": 1029, "The Mightstone and Weakstone": 2746, "Thran Spider": 2798, "Unstable Glyphbridge": 2956, "Hammerhand": 1210, "Sawblade Scamp": 2299, "Citanul Stalwart": 459, "Dwynen's Elite": 746, "Elvish Archdruid": 782, "Imperious Perfect": 1351, "Leaf-Crowned Visionary": 1557, "Llanowar Loamspeaker": 1612, "Surrak and Goreclaw": 2635, "Tyvar the Bellicose": 2914, "Tyvar, the Pummeler": 2918, "Dwynen, Gilt-Leaf Daen_SB": 748, "Unsummon_SB": 2962, "Deeproot Wayfinder": 618, "Restless Cottage_SB": 2188, "Surrak, the Hunt Caller": 2639, "Wildborn Preserver_SB": 3134, "Cityscape Leveler": 460, "Sire of Seven Deaths": 2429, "Searslicer Goblin": 2343, "Stromkirk Noble": 2601, "Reclamation Sage": 2141, "Case of the Locked Hothouse_SB": 393, "Bulk Up": 339, "Chandra, Flameshaper": 426, "Swiftblade Vindicator": 2643, "Commune with Evil": 501, "Leyline Axe": 1570, "Neglected Manor": 1823, "Sporogenic Infection": 2538, "Commune with Evil_SB": 502, "Fear of Missing Out_SB": 914, "Coppercoat Vanguard_SB": 519, "Garna, Bloodfist of Keld_SB": 1047, "Elas il-Kor, Sadistic Pilgrim": 764, "Helpful Hunter": 1265, "Knight of Dawn's Light": 1508, "Raise the Past": 2091, "Enduring Tenacity_SB": 799, "Leyline of Hope_SB": 1574, "Massacre Wurm_SB": 1698, "Burst Lightning_SB": 350, "Archmage of Runes": 99, "Ertai's Scorn": 821, "Essence Scatter": 827, "Flow of Knowledge": 985, "Metamorphic Blast": 1717, "Unauthorized Exit": 2923, "Harrier Strix_SB": 1225, "Strix Lookout_SB": 2598, "The Tale of Tamiyo_SB": 2769, "Twist Reality_SB": 2903, "Vampire Nighthawk_SB": 3011, "Runic Shot_SB": 2263, "Razorlash Transmogrant": 2124, "Huskburster Swarm_SB": 1338, "Invasion of Tarkir_SB": 1410, "Hearthborn Battler": 1255, "Contaminated Aquifer": 516, "Marauding Brinefang": 1686, "Soul-Guide Lantern": 2489, "Union of the Third Path": 2945, "Vanish into Eternity": 3014, "Deadly Riposte_SB": 603, "Vanish into Eternity_SB": 3015, "Dewdrop Cure": 657, "Elesh Norn": 772, "Goblin Surprise": 1140, "Irreverent Gremlin": 1422, "Krenko, Mob Boss": 1532, "Norin, Swift Survivalist": 1849, "Vicious Clown": 3043, "Wind-Scarred Crag": 3141, "Involuntary Employment_SB": 1418, "Agate-Blade Assassin": 27, "Jagged Barrens": 1435, "Outlaws' Fury": 1913, "Ravine Raider": 2120, "Scales of Shale": 2308, "Agate Assault_SB": 26, "Bake into a Pie_SB": 161, "Hazardous Blast_SB": 1239, "Azorius Guildgate": 154, "Beanstalk Wurm": 191, "Boros Guildgate": 277, "Circuitous Route": 458, "Dimir Guildgate": 661, "Eaten Alive": 752, "Expedition Map": 846, "Golgari Guildgate": 1148, "Gruul Guildgate": 1188, "Insidious Fungus": 1373, "Izzet Guildgate": 1430, "Maze's End": 1701, "Muldrotha, the Gravetide": 1802, "Orzhov Guildgate": 1902, "Rakdos Guildgate": 2093, "Selesnya Guildgate": 2366, "Simic Guildgate": 2426, "Tatyova, Benthic Druid": 2677, "Atraxa's Fall_SB": 135, "Brightblade Stoat_SB": 313, "Desperate Bloodseeker_SB": 648, "Savor_SB": 2298, "Thornwood Falls": 2787, "Candy Trail": 370, "Desperate Bloodseeker": 647, "Marauding Blight-Priest": 1685, "Moment of Craving": 1770, "Murder": 1804, "Savor": 2297, "Servant of the Stinger": 2376, "Sanguine Indulgence_SB": 2289, "Soul-Shackled Zombie_SB": 2492, "Deadly Brew": 598, "Defiled Crypt // Cadaver Lab": 627, "Jungle Hollow": 1454, "Osseous Sticktwister": 1903, "Strangled Cemetery": 2595, "Gloomfang Mauler": 1124, "Live or Die": 1605, "Possessed Goat": 2029, "Shroudstomper": 2413, "Tocasia's Dig Site": 2847, "Vile Mutilator": 3045, "Electrostatic Infantry": 767, "Fear of Being Hunted": 902, "Khenra Spellspear": 1497, "Frenzied Goblin_SB": 1016, "The Autonomous Furnace": 2716, "Wrenn's Resolve": 3168, "Impact Tremors": 1349, "Kindlespark Duo": 1498, "Ral's Reinforcements": 2100, "Rodeo Pyromancers": 2236, "Deadeye Duelist_SB": 597, "Skewer Slinger_SB": 2432, "Thunder Salvo_SB": 2820, "Midnight Mayhem": 1725, "Ratcatcher Trainee": 2114, "Scytheclaw Raptor_SB": 2337, "Bartolom\u00e9 del Presidio": 180, "Forlorn Flats": 1003, "Midnight Reaper": 1726, "Nezumi Linkbreaker": 1831, "Snarling Gorehound": 2475, "Vampire Gourmand": 3009, "Guardian of the Great Door": 1193, "Lonely Arroyo": 1617, "Norn's Inquisitor": 1851, "Spring-Loaded Sawblades": 2540, "Banner of Kinship": 173, "Baylen, the Haymaker": 189, "Blossoming Sands": 254, "Etched Cornfield": 833, "Hare Apparent": 1221, "Kayla's Reconstruction": 1480, "Hinterland Sanctifier_SB": 1303, "Dragon Fodder": 707, "Griffnaut Tracker_SB": 1181, "Keldon Strike Team_SB": 1484, "Prophetic Prism": 2051, "Souls of the Lost": 2495, "Rottenmouth Viper_SB": 2247, "Basilisk Collar": 183, "Ozolith, the Shattered Spire": 1940, "Ambush Wolf_SB": 50, "Dead Weight_SB": 596, "Fog of War_SB": 991, "Voracious Varmint_SB": 3081, "Aetherize": 22, "Peculiar Lighthouse": 1962, "Swiftwater Cliffs": 2646, "Tranquil Cove": 2868, "Tolarian Terror_SB": 2852, "Union of the Third Path_SB": 2946, "Hidetsugu's Second Rite": 1294, "Ghitu Lavarunner_SB": 1078, "Boulderbranch Golem": 286, "Fierce Empath": 951, "Galewind Moose": 1042, "Gossip's Talent": 1153, "Gruff Triplets": 1187, "Lush Oasis": 1650, "Mirage Mesa": 1739, "Outcaster Greenblade": 1910, "Tyrranax Rex": 2912, "Sunshower Druid_SB": 2621, "Render Inert": 2166, "Minor Misstep_SB": 1737, "Royal Treatment_SB": 2251, "Drag the Canal_SB": 703, "Scatter Ray_SB": 2312, "Stingerback Terror_SB": 2576, "Flamewake Phoenix_SB": 969, "Grand Entryway && Elegant Rotunda": 1160, "Karplusan Forest_SB": 1473, "The Huntsman's Redemption": 2733, "Argoth, Sanctum of Nature": 107, "Cosmic Rebirth": 534, "Elvish Regrower": 785, "Springbloom Druid": 2542, "Titania, Voice of Gaea": 2841, "Tolsimir, Midnight's Light": 2853, "Twisted Fealty": 2904, "Aegis Turtle_SB": 18, "Temple of Malice": 2693, "Night of the Sweets' Revenge": 1833, "Welcome to Sweettooth": 3123, "Cosmium Confluence_SB": 537, "See Double_SB": 2357, "Volatile Fault_SB": 3071, "The Filigree Sylex_SB": 2729, "Fiery Annihilation_SB": 953, "Armored Armadillo": 111, "Elvish Archivist": 783, "Toadstool Admirer": 2845, "Calix, Guided by Fate_SB": 362, "Divine Resilience_SB": 685, "Unflinching Courage_SB": 2938, "Valorous Stance_SB": 3008, "Bandit's Talent_SB": 170, "Tinybones Joins Up_SB": 2832, "Bonny Pall, Clearcutter_SB": 268, "Trygon Predator_SB": 2890, "Dwynen, Gilt-Leaf Daen": 747, "Lathril, Blade of the Elves": 1546, "Wildborn Preserver": 3133, "Ajani, Caller of the Pride": 34, "Angel of Vitality": 63, "Leonin Vanguard": 1566, "Extinguish the Light_SB": 860, "Nine-Lives Familiar": 1838, "Voracious Greatshark": 3080, "Anthem of Champions": 79, "Armasaur Guide": 110, "Biogenic Upgrade": 207, "Charming Prince": 438, "Dazzling Angel": 592, "Felidar Savior": 936, "Felling Blow": 939, "Gnarlid Colony": 1128, "Good-Fortune Unicorn": 1152, "Inspiring Call": 1377, "Inspiring Paladin": 1379, "Mild-Mannered Librarian": 1731, "Pacifism": 1941, "Wary Thespian": 3112, "Wildwood Scourge": 3137, "Rite of Replication": 2215, "Swiftfoot Boots_SB": 2645, "Urgent Necropsy": 2979, "Eaten by Piranhas_SB": 754, "Phyrexian Obliterator_SB": 1991, "Axebane Ferox_SB": 151, "Wrenn and Realmbreaker_SB": 3166, "Silver Scrutiny_SB": 2422, "Flourishing Bloom-Kin": 984, "Ghalta, Primal Hunger": 1072, "Hunter's Talent_SB": 1334, "Immersturm Predator": 1346, "Alesha, Who Laughs at Fate": 43, "Aurelia, the Law Above": 141, "Perforating Artist": 1966, "Ruthless Lawbringer": 2268, "Voldaren Thrillseeker_SB": 3076, "Highway Robbery": 1300, "Urabrask": 2970, "Crash Through": 544, "Drake Hatcher": 712, "Slick Sequence": 2462, "Feed the Swarm": 927, "Cryptic Coat_SB": 558, "Crawling Barrens": 545, "Mazemind Tome_SB": 1704, "Atraxa, Grand Unifier_SB": 137, "Phyrexian Censor": 1983, "Phyrexian Vindicator": 1992, "Volatile Fault": 3070, "Seal from Existence_SB": 2340, "Stasis Snare_SB": 2560, "Urborg Scavengers": 2976, "Zetalpa, Primal Dawn": 3185, "Chrome Host Seedshark": 450, "Ichormoon Gauntlet": 1341, "Jace Reawakened": 1431, "Jin-Gitaxias": 1442, "Temple of Epiphany": 2691, "Galvanize_SB": 1044, "Tocasia's Welcome": 2848, "Bonehoard Dracosaur": 265, "Dragonlord's Servant": 709, "Incinerator of the Guilty": 1356, "Kolaghan Warmonger": 1519, "Rivaz of the Claw": 2219, "Tyrant of Kher Ridges": 2909, "Push // Pull_SB": 2061, "Long River's Pull_SB": 1622, "Burglar Rat": 341, "Halo Forager": 1207, "Hidden Necropolis": 1288, "Macabre Waltz": 1657, "Mindsplice Apparatus": 1734, "Painful Quandary": 1942, "Psychic Whorl": 2055, "Rune-Scarred Demon": 2261, "The Key to the Vault": 2741, "The Rollercrusher Ride_SB": 2756, "Titania, Voice of Gaea_SB": 2842, "Dawn's Truce": 587, "Joint Exploration": 1449, "Vren, the Relentless": 3093, "Titania's Command_SB": 2840, "Colossal Rattlewurm": 493, "Creosote Heath": 548, "Desert's Due": 646, "Duelist of the Mind": 734, "Rattleback Apothecary": 2115, "Tatyova, Steward of Tides": 2678, "Tomb Trawler_SB": 2855, "Urza's Sylex_SB": 2986, "Rakdos Joins Up": 2094, "Nashi, Searcher in the Dark_SB": 1818, "Inspiration from Beyond": 1376, "Realmbreaker, the Invasion Tree_SB": 2133, "Grand Abolisher_SB": 1159, "Filter Out_SB": 955, "Kutzil, Malamet Exemplar": 1538, "Runic Shot": 2262, "Herald of Eternal Dawn_SB": 1268, "Sun-Blessed Healer_SB": 2610, "Mortify": 1789, "Assimilation Aegis_SB": 130, "Seeker's Folly": 2360, "Coveted Falcon": 541, "Drag to the Bottom": 704, "Greed's Gambit_SB": 1170, "Valgavoth's Onslaught": 2992, "Stab": 2548, "Vinereap Mentor": 3046, "Axebane Ferox": 150, "Ferocification": 942, "Dreadwing Scavenger": 719, "Broodspinner_SB": 330, "The Gitrog, Ravenous Ride_SB": 2730, "Collector's Cage": 486, "Invasion of Gobakhan": 1400, "Fiery Annihilation": 952, "Invasion of Arcavios": 1396, "Make Your Own Luck": 1671, "Beseech the Mirror_SB": 198, "Heroic Reinforcements_SB": 1282, "Peerless Recycling_SB": 1963, "Wing Commando": 3143, "Bloodfell Caves": 241, "Deathcap Marionette": 606, "Reasonable Doubt": 2134, "Third Path Iconoclast": 2776, "Essence Scatter_SB": 828, "Cerebral Confiscation_SB": 421, "Ruthless Negotiation": 2270, "Haunted Screen": 1235, "Prayer of Binding": 2032, "Furnace Reins": 1036, "Rona's Vortex_SB": 2242, "Bonny Pall, Clearcutter": 267, "River's Rebuke": 2220, "Koma, World-Eater_SB": 1523, "Primeval Bounty_SB": 2039, "River's Rebuke_SB": 2221, "Regal Caracal_SB": 2157, "Kiora, the Rising Tide_SB": 1501, "Rat Out_SB": 2112, "Plains_SB": 2010, "Faebloom Trick_SB": 875, "Throne of the Grim Captain": 2815, "Drana and Linvala_SB": 714, "The Kenriths' Royal Funeral_SB": 2740, "Saiba Cryptomancer": 2280, "Zoetic Glyph_SB": 3190, "Seized from Slumber_SB": 2365, "Tyvar's Stand": 2915, "Regal Bunnicorn_SB": 2155, "Inspiring Overseer": 1378, "Mischievous Pup": 1748, "Surgical Suite // Hospital Room": 2633, "Angel of Finality_SB": 62, "Kraul Whipcracker": 1527, "Wardens of the Cycle": 3105, "Badlands Revival": 159, "Bandit's Haul": 168, "Copper Host Crusher": 517, "Feed the Infection": 926, "Vinereap Mentor_SB": 3047, "Belligerent Yearling": 196, "Colossadactyl": 492, "Earthshaker Dreadmaw": 751, "Giant Cindermaw": 1085, "Itzquinth, Firstborn of Gishath": 1425, "Ixalli's Lorekeeper": 1428, "Rogue's Passage": 2237, "Scytheclaw Raptor": 2336, "Thrashing Brontodon": 2800, "Triumphant Chomp": 2887, "Armored Kincaller_SB": 113, "Ankle Biter": 68, "Fynn, the Fangbearer": 1038, "Nimraiser Paladin": 1837, "The Dross Pits": 2719, "The Hunter Maze": 2732, "At Knifepoint": 133, "Fanatical Firebrand": 889, "Hellspur Brute": 1261, "Caught in the Crossfire_SB": 403, "Mourner's Surprise_SB": 1797, "Seize the Secrets": 2362, "Soured Springs": 2499, "Unflinching Courage": 2937, "Sanguine Evangelist_SB": 2288, "Sandstorm Salvager": 2284, "Autonomous Assembler": 146, "Quintorius Kand": 2074, "Kayla's Command_SB": 1479, "Starfall Invocation_SB": 2556, "Stalactite Stalker": 2550, "Hired Claw_SB": 1305, "Luminous Rebuke_SB": 1644, "Massacre Wurm": 1697, "Felidar Retreat_SB": 935, "Dreamdew Entrancer_SB": 721, "Werefox Bodyguard": 3124, "Spinner of Souls_SB": 2527, "Gisa, the Hellraiser_SB": 1097, "Bitter Reunion_SB": 212, "Jace Reawakened_SB": 1432, "Dust Animus": 741, "Defabricate_SB": 620, "Steel Seraph_SB": 2570, "Dust Animus_SB": 742, "Gumdrop Poisoner_SB": 1198, "Archangel of Tithes_SB": 92, "Demonic Counsel_SB": 636, "Warleader's Call_SB": 3109, "Anointed Peacekeeper": 77, "Phyrexian Censor_SB": 1984, "Callous Sell-Sword_SB": 365, "Rat Out": 2111, "Herbology Instructor": 1271, "Restless Bivouac_SB": 2186, "Diabolic Intent": 659, "Lively Dirge_SB": 1607, "Molten Duplication": 1768, "Cavernous Maw": 412, "Forgotten Monument": 1002, "Titania's Command": 2839, "Scorn-Blade Berserker": 2323, "Imperious Perfect_SB": 1352, "Sandstorm Salvager_SB": 2285, "Tough Cookie_SB": 2864, "Urborg Repossession_SB": 2975, "Raucous Carnival_SB": 2117, "The Rollercrusher Ride": 2755, "Seize the Spoils": 2363, "Curious Forager": 569, "The Mycotyrant": 2751, "Thornvault Forager": 2786, "Sporogenic Infection_SB": 2539, "Grievous Wound": 1179, "Funeral Room // Awakening Hall_SB": 1032, "Rise of the Dark Realms_SB": 2213, "Canonized in Blood": 373, "Cemetery Recruitment": 417, "Diregraf Ghoul": 662, "Hungry Ghoul": 1332, "Mephitic Draught": 1715, "Offer Immortality": 1876, "Sanguine Syphoner": 2290, "Skeleton Archer": 2431, "Vampiric Rites": 3013, "Temple of Enlightenment": 2690, "Urza, Lord Protector": 2987, "Fumigate_SB": 1030, "Valkyrie's Call_SB": 2997, "Skystrike Officer": 2454, "Zephyr Sentinel": 3182, "Unidentified Hovership_SB": 2944, "Take Up the Shield_SB": 2666, "Mockingbird_SB": 1762, "Temple of Mystery": 2694, "Timely Interference": 2829, "Vesuvan Duplimancy": 3035, "Dive Down_SB": 681, "Scrawling Crawler_SB": 2329, "Hollow Marauder": 1309, "Overwhelming Remorse": 1935, "Stubborn Burrowfiend": 2602, "Dryad Militant_SB": 732, "Chandra, Hope's Beacon_SB": 429, "Bristlebud Farmer": 321, "Charred Foyer && Warped Space_SB": 440, "Akawalli, the Seething Tower": 41, "Absolving Lammasu_SB": 6, "Think Twice": 2774, "Micromancer_SB": 1724, "Coruscation Mage_SB": 532, "Dollmaker's Shop // Porcelain Gallery_SB": 689, "Bruse Tarl, Roving Rancher": 333, "Fblthp, Lost on the Range": 899, "Weakstone's Subjugation": 3116, "Fblthp, Lost on the Range_SB": 900, "Weakstone's Subjugation_SB": 3117, "Bottomless Pool && Locker Room": 282, "Tithing Blade_SB": 2844, "Hidetsugu's Second Rite_SB": 1295, "Invasion of Karsus_SB": 1405, "Mirror Room && Fractured Realm_SB": 1744, "Sword of Wealth and Power_SB": 2653, "Wildfire Howl_SB": 3135, "Zurgo and Ojutai_SB": 3199, "Mabel, Heir to Cragflame_SB": 1656, "Halo Forager_SB": 1208, "Ballyrush Banneret": 164, "Myrel, Shield of Argive_SB": 1810, "Siege Veteran_SB": 2414, "Soulstone Sanctuary_SB": 2498, "Ezrim, Agency Chief": 865, "Karn, Living Legacy": 1470, "Metropolis Reformer": 1721, "Krenko's Buzzcrusher_SB": 1531, "Blood Spatter Analysis": 238, "Final Vengeance_SB": 960, "Kellan, Inquisitive Prodigy": 1488, "Silverback Elder_SB": 2423, "Rundvelt Hordemaster": 2259, "Branchblight Stalker": 296, "Gitaxian Anatomist": 1098, "Goliath Hatchery": 1149, "Ichorspit Basilisk": 1342, "Lakeside Shack": 1543, "Maze's Mantle": 1702, "Meat Locker // Drowned Diner": 1705, "Mesmerizing Dose": 1716, "Paladin of Predation": 1948, "Plague Nurse": 2008, "Serum Snare": 2374, "Tainted Observer": 2664, "Tangled Islet": 2674, "Thrummingbird": 2817, "Tyrranax Atrocity": 2911, "Venomous Brutalizer": 3030, "Viral Spawning": 3050, "Vivisurgeon's Insight": 3065, "Angelic Intervention": 64, "Awaken the Woods": 149, "Omenpath Journey": 1888, "Poison Dart Frog": 2017, "Rampaging Baloths": 2104, "Migloz, Maze Crusher_SB": 1730, "Seraphic Steed": 2371, "Meticulous Excavation_SB": 1720, "Raging Battle Mouse": 2089, "Loran's Escape_SB": 1631, "Seeker's Folly_SB": 2361, "Realmbreaker, the Invasion Tree": 2132, "Undead Sprinter_SB": 2928, "Murky Sewer": 1807, "Deeproot Pilgrimage": 617, "Mistway Spy": 1758, "Vodalian Hexcatcher": 3067, "Grabby Giant": 1156, "Rite of the Dragoncaller": 2216, "Hulking Raptor": 1331, "Pugnacious Hammerskull": 2057, "Aegis Turtle": 17, "Ivy, Gleeful Spellthief_SB": 1427, "Venerated Rotpriest_SB": 3025, "Gwenna, Eyes of Gaea": 1199, "Halana and Alena, Partners": 1202, "Inga and Esika": 1364, "Melira, the Living Cure": 1710, "Myrel, Shield of Argive": 1809, "Elesh Norn_SB": 775, "Hajar, Loyal Bodyguard_SB": 1201, "Surrak and Goreclaw_SB": 2636, "Invasion of Kaldheim": 1403, "Pia Nalaar, Consul of Revival": 1993, "Doomsday Excruciator_SB": 692, "Guardian of New Benalia": 1192, "Crystal Grotto": 562, "Getaway Glamer_SB": 1069, "Bottomless Pool // Locker Room": 284, "Necrogen Communion": 1819, "Vraska Joins Up": 3087, "Thirsting Roots_SB": 2779, "Silver Scrutiny": 2421, "Battlefly Swarm": 188, "Seal from Existence": 2339, "Ghalta, Stampede Tyrant": 1074, "Solemn Simulacrum": 2477, "Vein Ripper": 3022, "Maha, Its Feathers Night_SB": 1669, "Jaya, Fiery Negotiator": 1437, "The Stone Brain": 2763, "Decadent Dragon_SB": 611, "Viashino Pyromancer_SB": 3042, "Defiled Crypt // Cadaver Lab_SB": 628, "Karn's Sylex_SB": 1469, "Sword of Once and Future": 2650, "Heraldic Banner": 1269, "Heraldic Banner_SB": 1270, "Thalia and The Gitrog Monster": 2711, "Surgical Suite && Hospital Room_SB": 2632, "Beastie Beatdown": 192, "Annie Joins Up": 72, "Huatli, Poet of Unity": 1328, "Island_SB": 1424, "Entity Tracker_SB": 812, "Rebel Salvo_SB": 2136, "Aether Channeler": 19, "Defiled Crypt && Cadaver Lab": 625, "Exuberant Fuseling": 864, "Thundertrap Trainer_SB": 2826, "Abuelo's Awakening": 7, "Kitsa, Otterball Elite_SB": 1507, "Rona, Herald of Invasion_SB": 2244, "Unnerving Grasp_SB": 2952, "Fear of Surveillance": 915, "Wilt-Leaf Liege_SB": 3140, "Skrelv, Defector Mite_SB": 2440, "Agrus Kos, Spirit of Justice": 32, "Muerra, Trash Tactician": 1800, "Kona, Rescue Beastie": 1524, "Time Stop": 2827, "Fleeting Flight_SB": 975, "Trash the Town_SB": 2877, "Crumb and Get It": 552, "Cankerbloom_SB": 372, "Quick Draw_SB": 2072, "Mechanized Warfare": 1708, "Smuggler's Surprise_SB": 2471, "Whisper of the Dross": 3127, "Vraska's Fall_SB": 3089, "Blasphemous Edict": 222, "Bottomless Pool // Locker Room_SB": 285, "The Princess Takes Flight_SB": 2752, "Anim Pakal, Thousandth Moon_SB": 67, "Adaptive Automaton": 14, "Three Tree Mascot": 2809, "Palani's Hatcher": 1949, "Temple of Abandon": 2688, "Hauntwoods Shrieker": 1236, "Mischievous Mystic": 1747, "Defiler of Flesh": 630, "Garruk's Uprising": 1048, "Zul Ashur, Lich Lord": 3196, "Kraul Whipcracker_SB": 1528, "Restless Reef_SB": 2192, "Lifecreed Duo": 1586, "At Knifepoint_SB": 134, "Monstrous Rage_SB": 1784, "Kellan's Lightblades_SB": 1486, "Blasphemous Edict_SB": 223, "Annie Flash, the Veteran_SB": 71, "Defiled Crypt && Cadaver Lab_SB": 626, "Cultivator's Caravan": 564, "Scene of the Crime": 2318, "Demonic Ruckus_SB": 642, "Impact Tremors_SB": 1350, "Conspiracy Unraveler": 512, "Matzalantli, the Great Door": 1699, "Reenact the Crime": 2151, "Coveted Falcon_SB": 542, "Wishclaw Talisman_SB": 3148, "Swooping Lookout": 2647, "Recruitment Officer_SB": 2146, "Oko, the Ringleader_SB": 1884, "Kambal, Profiteering Mayor": 1464, "Kaya, Spirits' Justice_SB": 1478, "Case of the Gateway Express_SB": 391, "Invasion of Theros": 1411, "Highway Robbery_SB": 1301, "Intrepid Paleontologist": 1391, "Bolt Bend_SB": 260, "Razorkin Needlehead": 2122, "Wishclaw Talisman": 3147, "Vaultborn Tyrant_SB": 3020, "Feldon's Cane": 929, "Neutralize the Guards": 1827, "Treasure Map": 2879, "Ayli, Eternal Pilgrim": 153, "Disturbing Conversion": 677, "Shipwreck Dowser": 2397, "Abuelo's Awakening_SB": 8, "Builder's Talent_SB": 338, "Eerie Interference_SB": 759, "Karumonix, the Rat King": 1474, "Persistent Marshstalker": 1970, "Untimely Malfunction": 2963, "Argentum Masticore": 105, "Hall of Tagsin": 1205, "Hedron Archive": 1259, "The Mycosynth Gardens": 2750, "Tomakul Honor Guard": 2854, "Imprisoned in the Moon_SB": 1353, "Inquisitive Glimmer_SB": 1370, "Refute_SB": 2153, "Bramble Familiar": 294, "Obstinate Baloth": 1872, "Felonious Rage_SB": 941, "Sphinx of the Final Word_SB": 2520, "Repulsive Mutation": 2172, "Sylvan Scavenging_SB": 2656, "Walk with the Ancestors": 3097, "Meathook Massacre II_SB": 1707, "Thundering Falls_SB": 2822, "Dowsing Device": 700, "Gleaming Geardrake": 1116, "Saheeli, Filigree Master": 2278, "Saheeli, Filigree Master_SB": 2279, "Dawn's Truce_SB": 588, "Case of the Ransacked Lab": 394, "The Surgical Bay": 2765, "The Tale of Tamiyo": 2768, "Enduring Courage_SB": 793, "War Squeak_SB": 3102, "Spirebluff Canal_SB": 2529, "Scrawling Crawler": 2328, "Ajani, Sleeper Agent": 37, "Charge of the Mites": 436, "Chandra, Flameshaper_SB": 427, "Choking Miasma": 448, "Expel the Interlopers": 847, "Bite Down": 209, "Bite Down_SB": 210, "Gaea's Gift": 1040, "Trash the Town": 2876, "Corsair Captain": 530, "Lost Jitte_SB": 1635, "Blazing Crescendo_SB": 228, "Rip, Spawn Hunter": 2210, "Funeral Room // Awakening Hall": 1031, "Outlaw Medic": 1912, "Wilt-Leaf Liege": 3139, "Thousand Moons Smithy_SB": 2795, "Blightbelly Rat": 231, "Unnatural Restoration": 2949, "Carnivorous Canopy_SB": 383, "Gaea's Gift_SB": 1041, "Give In to Violence_SB": 1100, "Cityscape Leveler_SB": 461, "Nahiri's Resolve_SB": 1813, "Scrapwork Mutt": 2327, "Brazen Collector": 303, "Generous Plunderer": 1059, "Ojer Axonil, Deepest Might": 1879, "Trial of Agony": 2882, "Zoyowa's Justice": 3195, "Ancestors' Aid_SB": 58, "Leyline of Resonance_SB": 1576, "Slickshot Show-Off_SB": 2465, "Malcolm, Alluring Scoundrel_SB": 1675, "Churning Reservoir": 454, "Magmatic Sprinter": 1665, "Sardian Cliffstomper": 2291, "Solphim, Mayhem Dominus": 2479, "The Monumental Facade": 2749, "Churning Reservoir_SB": 455, "Magmatic Sprinter_SB": 1666, "Monastery Swiftspear_SB": 1779, "Sardian Cliffstomper_SB": 2292, "Repel Calamity_SB": 2171, "Call a Surprise Witness": 363, "Samut, Vizier of Naktamun": 2281, "Trostani, Three Whispers": 2888, "Tribute to the World Tree_SB": 2885, "Fake Your Own Death": 884, "Taii Wakeen, Perfect Shot": 2660, "Unruly Catapult": 2953, "Glassworks // Shattered Yard_SB": 1113, "Hulking Metamorph": 1330, "Rest in Peace": 2181, "Surge Engine_SB": 2627, "Massacre Girl, Known Killer": 1695, "Rakdos, the Muscle": 2097, "Massacre Girl, Known Killer_SB": 1696, "Rakdos Joins Up_SB": 2095, "Rakdos, the Muscle_SB": 2098, "Ghalta and Mavren": 1071, "Hide in Plain Sight": 1291, "Manifest Dread": 1680, "Progenitus": 2046, "Threats Around Every Corner": 2803, "Crystal Barricade": 560, "Green Sun's Twilight_SB": 1173, "Break Down the Door": 306, "Bubble Smuggler": 336, "Cryptid Inspector": 559, "Cursed Windbreaker": 572, "Exit Specialist": 843, "Growing Dread": 1185, "Oblivious Bookworm": 1870, "Polukranos Reborn_SB": 2023, "Hazardroot Herbalist": 1240, "Head of the Homestead": 1243, "Rabbit Response": 2076, "Treeguard Duo": 2880, "Uncharted Haven": 2925, "Warren Elder": 3110, "Head of the Homestead_SB": 1244, "Grab the Prize_SB": 1155, "Stroke of Midnight_SB": 2600, "Delney, Streetwise Lookout": 631, "Stroke of Midnight": 2599, "Back for Seconds": 157, "Eriette's Tempting Apple": 815, "Experimental Confectioner": 850, "Feed the Cauldron": 923, "Gingerbread Hunter": 1094, "Greta, Sweettooth Scourge": 1178, "Mintstrosity": 1738, "Return from the Wilds": 2203, "Scream Puff": 2330, "Spider Food": 2521, "Sweettooth Witch": 2642, "Three Bowls of Porridge": 2805, "Candy Grapple_SB": 369, "Fell_SB": 938, "Murder_SB": 1805, "Sugar Rush_SB": 2606, "Ragged Playmate": 2087, "Fear of Surveillance_SB": 916, "Grand Entryway // Elegant Rotunda_SB": 1162, "Norin, Swift Survivalist_SB": 1850, "Ragged Playmate_SB": 2088, "Wandertale Mentor": 3100, "Vodalian Mindsinger_SB": 3068, "Leonin Vanguard_SB": 1567, "Ruin-Lurker Bat_SB": 2256, "The Millennium Calendar_SB": 2748, "Veteran Survivor_SB": 3038, "Corrupted Conviction_SB": 529, "Deadly Brew_SB": 599, "Lich-Knights' Conquest": 1583, "Cheeky House-Mouse_SB": 444, "Dryad Militant": 731, "Kutzil, Malamet Exemplar_SB": 1539, "Contagious Vorrac": 515, "Necrogen Rotpriest": 1820, "Armored Scrapgorger_SB": 115, "Invasion of Fiora_SB": 1399, "Ego Drain_SB": 761, "Vorinclex": 3082, "Rush of Dread_SB": 2266, "Magebane Lizard": 1662, "Final Flourish_SB": 956, "Time Stop_SB": 2828, "Infectious Inquiry_SB": 1361, "Unnatural Restoration_SB": 2950, "Satoru, the Infiltrator": 2294, "Founding the Third Path_SB": 1008, "Binding Negotiation": 205, "Vraska, the Silencer": 3092, "Fae Flight_SB": 873, "Invasion of Ergamon": 1398, "Beastie Beatdown_SB": 193, "Break Out_SB": 308, "Hearthborn Battler_SB": 1256, "Vengeful Possession": 3027, "Repair and Recharge": 2169, "Step Between Worlds_SB": 2572, "Hellspur Posse Boss": 1263, "Cynical Loner_SB": 577, "Hellspur Brute_SB": 1262, "Kellan, the Fae-Blooded": 1492, "Kemba, Kha Enduring": 1494, "Swiftfoot Boots": 2644, "Sword of Forge and Frontier": 2648, "Astor, Bearer of Blades_SB": 132, "Consuming Aberration": 514, "Knight of Dusk's Shadow": 1510, "No One Left Behind_SB": 1846, "Botanical Brawler": 280, "Dusk Legion Duelist": 738, "Railway Brawler": 2090, "Stocking the Pantry": 2579, "Tribute to the World Tree": 2884, "Collector's Cage_SB": 487, "Barkform Harvester": 177, "Rampaging Spiketail": 2106, "Evolved Sleeper": 839, "Friendly Teddy": 1018, "Consumed by Greed_SB": 513, "Hop to It_SB": 1316, "Dragonmaster Outcast": 710, "Skyfisher Spider_SB": 2449, "Chart a Course_SB": 442, "Johann's Stopgap_SB": 1447, "Let's Play a Game_SB": 1569, "Festerleech": 945, "Fallaji Archaeologist_SB": 887, "Shrouded Shepherd": 2411, "Kroxa and Kunoros": 1533, "Evolving Adaptive": 840, "Garruk's Uprising_SB": 1049, "Hexgold Halberd": 1284, "Surgical Suite && Hospital Room": 2631, "Quintorius Kand_SB": 2075, "Soul Search": 2486, "Daggerfang Duo": 578, "Deathbloom Gardener": 605, "Hoarding Recluse": 1308, "Maha, Its Feathers Night": 1668, "Moonstone Harbinger": 1788, "Pestilent Syphoner": 1973, "Ygra, Eater of All": 3175, "Pile On": 1999, "Bonehoard Dracosaur_SB": 266, "Llanowar Elves_SB": 1610, "Mosswood Dreadknight_SB": 1794, "Take for a Ride_SB": 2667, "Boltwave_SB": 262, "Fleeting Flight": 974, "Stormchaser's Talent_SB": 2592, "Cactarantula": 356, "Phyrexian Missionary": 1988, "Glimmerlight": 1119, "Ashnod's Harvester": 122, "Warhost's Frenzy": 3107, "Think Twice_SB": 2775, "Rustler Rampage": 2267, "Wojek Investigator": 3159, "Recommission_SB": 2144, "Searslicer Goblin_SB": 2344, "Felidar Cub": 932, "Oracle of Tragedy": 1898, "Tarrian's Journal": 2676, "Dusk Rose Reliquary_SB": 740, "Felidar Cub_SB": 933, "Knight-Errant of Eos_SB": 1515, "Ruthless Lawbringer_SB": 2269, "The Wandering Rescuer_SB": 2771, "Detective's Satchel": 653, "Torch the Witness": 2859, "Worldwalker Helm": 3162, "Forensic Gadgeteer_SB": 997, "Ice Out_SB": 1339, "Claim Jumper_SB": 464, "Mirrex_SB": 1743, "Tectonic Hazard": 2681, "Geralf, the Fleshwright": 1062, "Geralf, the Fleshwright_SB": 1063, "Vraan, Executioner Thane": 3086, "Eaten Alive_SB": 753, "Ojer Pakpatiq, Deepest Epoch": 1881, "Disturbing Conversion_SB": 678, "Lithomantic Barrage": 1603, "Enduring Vitality_SB": 801, "Audience with Trostani_SB": 140, "Leyline of the Void": 1580, "Sentinel of Lost Lore": 2367, "Wylie Duke, Atiin Hero": 3171, "Defiler of Dreams_SB": 629, "Omen Hawker": 1886, "All Will Be One": 45, "Into the Fire": 1386, "Invasion of Karsus": 1404, "Ob Nixilis, Captive Kingpin": 1866, "Cosmic Hunger": 533, "Paranormal Analyst": 1951, "Vannifar, Evolved Enigma": 3018, "Fog Bank_SB": 990, "Talion, the Kindly Lord_SB": 2672, "Surgical Suite // Hospital Room_SB": 2634, "Valgavoth's Onslaught_SB": 2993, "Extraordinary Journey": 862, "Gold Pan": 1144, "Extraordinary Journey_SB": 863, "Nurturing Pixie_SB": 1861, "Moonshaker Cavalry": 1787, "Balemurk Leech": 162, "Bashful Beastie": 182, "Cackling Slasher": 354, "Defiant Survivor": 624, "Fear of the Dark": 917, "Flesh Burrower": 978, "Give In to Violence": 1099, "Grasping Longneck": 1163, "Horrid Vigor": 1322, "Innocuous Rat": 1368, "Let's Play a Game": 1568, "Meathook Massacre II": 1706, "Wickerfolk Thresher": 3131, "Winter's Intervention": 3144, "Leyline of Transformation": 1578, "Saheeli's Lattice": 2277, "Hopeless Nightmare_SB": 1319, "Etali, Primal Storm_SB": 832, "Adamant Will": 13, "Goldvein Pick": 1147, "Moment of Triumph": 1772, "Pilfer": 2001, "Public Thoroughfare": 2056, "Undying Malice": 2935, "Cancel_SB": 368, "Opt_SB": 1894, "Connecting the Dots_SB": 509, "Bushwhack_SB": 352, "Mistbreath Elder_SB": 1756, "Polliwallop_SB": 2020, "Realmbreaker's Grasp_SB": 2131, "Stickytongue Sentinel_SB": 2574, "Tumbleweed Rising_SB": 2891, "Corpses of the Lost_SB": 525, "Analyze the Pollen_SB": 56, "Annihilating Glare": 73, "Fanatical Offering": 891, "Sword of Wealth and Power": 2652, "Makeshift Binding": 1672, "Dismal Backwater": 668, "Pelakka Wurm": 1964, "Extract a Confession_SB": 861, "Unauthorized Exit_SB": 2924, "Jump Scare_SB": 1453, "Progenitus_SB": 2047, "Harvestrite Host": 1228, "Cut Short_SB": 575, "Family Reunion_SB": 888, "Skulduggery": 2441, "Skulduggery_SB": 2442, "Lassoed by the Law": 1544, "Mabel's Mettle": 1654, "Minor Misstep": 1736, "Hopeful Vigil": 1317, "Central Elevator // Promising Stairs": 419, "Creeping Peeper": 547, "Dazzling Theater // Prop Room": 594, "Erratic Apparition": 818, "Fear of Abduction": 901, "Fear of Falling": 905, "Lionheart Glimmer": 1601, "Restricted Office // Lecture Hall": 2201, "Underwater Tunnel // Slimy Aquarium": 2934, "Stalked Researcher_SB": 2552, "Tunnel Surveyor_SB": 2895, "Ajani, Nacatl Pariah": 36, "Arena of Glory": 104, "Arid Mesa": 109, "Fable of the Mirror-Breaker": 867, "Flooded Strand": 979, "Galvanic Discharge": 1043, "Goblin Bombardment": 1133, "Guide of Souls": 1194, "Marsh Flats": 1693, "Ocelot Pride": 1875, "Phlage, Titan of Fire's Fury": 1978, "Ragavan, Nimble Pilferer": 2085, "Sacred Foundry": 2274, "Showdown of the Skalds": 2408, "Static Prison": 2561, "Thraben Charm": 2796, "Windswept Heath": 3142, "Drannith Magistrate_SB": 715, "Fear, Fire, Foes!_SB": 918, "Obsidian Charmaw_SB": 1871, "Orim's Chant_SB": 1900, "Showdown of the Skalds_SB": 2409, "Stony Silence_SB": 2586, "Surgical Extraction_SB": 2630, "Wear // Tear_SB": 3118, "Archon of Cruelty": 101, "Bloodstained Mire": 246, "Brazen Borrower": 301, "Counterspell": 540, "Faithless Looting": 883, "Fatal Push": 895, "Force of Negation": 993, "Misty Rainforest": 1759, "Persist": 1969, "Polluted Delta": 2021, "Psychic Frog": 2054, "Scalding Tarn": 2305, "Sink into Stupor": 2428, "Spell Snare": 2511, "Steam Vents": 2564, "Tamiyo, Inquisitive Student": 2673, "Thoughtseize": 2792, "Unearth": 2936, "Watery Grave": 3114, "Consign to Memory_SB": 511, "Fable of the Mirror-Breaker_SB": 868, "Harbinger of the Seas_SB": 1215, "Nihil Spellbomb_SB": 1835, "Stern Scolding_SB": 2573, "Blazing Rootwalla": 229, "Burning Inquiry": 344, "Detective's Phoenix": 652, "Flameblade Adept": 966, "Goblin Lore": 1137, "Hollow One": 1310, "Lightning Bolt": 1588, "Stomping Ground": 2585, "Street Wraith": 2596, "Vengevine": 3029, "Wooded Foothills": 3160, "Cursed Totem_SB": 571, "Meltdown_SB": 1712, "Barbarian Ring": 175, "Eidolon of the Great Revel": 762, "Flare of Duplication": 970, "Goblin Guide": 1136, "Lava Spike": 1550, "Rift Bolt": 2208, "Searing Blaze": 2341, "Skewer the Critics": 2433, "Skullcrack": 2444, "Sunbaked Canyon": 2611, "Ensnaring Bridge_SB": 807, "Faerie Macabre_SB": 878, "Smash to Smithereens_SB": 2468, "Amulet of Vigor": 52, "Arboreal Grazer": 85, "Boseiju, Who Endures": 278, "Crumbling Vestige": 554, "Dryad Arbor": 730, "Dryad of the Ilysian Grove": 733, "Echoing Deeps": 755, "Explore": 852, "Green Sun's Zenith": 1174, "Gruul Turf": 1190, "Hanweir Battlements": 1212, "Lotus Field": 1638, "Mirrorpool": 1746, "Otawara, Soaring City": 1907, "Primeval Titan": 2040, "Scapeshift": 2310, "Shifting Woodland": 2395, "Simic Growth Chamber": 2425, "Summoner's Pact": 2608, "Tolaria West": 2850, "Urza's Cave": 2981, "Urza's Saga": 2984, "Valakut, the Molten Pinnacle": 2989, "Vesuva": 3033, "Bojuka Bog_SB": 259, "Collector Ouphe_SB": 485, "Defense Grid_SB": 623, "Dismember_SB": 669, "Endurance_SB": 791, "Force of Vigor_SB": 994, "Tireless Tracker_SB": 2836, "Vampires' Vengeance_SB": 3012, "Blood Crypt": 235, "Dwarven Mine": 745, "Indomitable Creativity": 1358, "Jetmir's Garden": 1441, "Prismatic Ending": 2043, "Wrenn and Six": 3167, "Xander's Lounge": 3172, "Boseiju, Who Endures_SB": 279, "Damping Sphere_SB": 580, "Hurkyl's Recall_SB": 1335, "Toxic Deluge_SB": 2865, "Cling to Dust": 473, "Harbinger of the Seas": 1214, "Murktide Regent": 1806, "Preordain": 2035, "Thought Scour": 2789, "Engineered Explosives_SB": 804, "Mystical Dispute_SB": 1812, "Spell Pierce_SB": 2510, "The Meathook Massacre_SB": 2745, "Orcish Bowmasters": 1899, "Godless Shrine": 1143, "Phelia, Exuberant Shepherd": 1977, "Seasoned Pyromancer": 2353, "Thoughtseize_SB": 2793, "Wrath of the Skies_SB": 3163, "Den of the Bugbear": 643, "Devastating Summons": 654, "Foundry Street Denizen": 1009, "Goblin Bushwhacker": 1134, "Goblin Grenade": 1135, "Goblin Piledriver": 1139, "Legion Loyalist": 1563, "Mogg War Marshal": 1763, "Reckless Bushwhacker": 2137, "Skirk Prospector": 2434, "Sokenzan, Crucible of Defiance": 2476, "Blood Moon_SB": 237, "Magus of the Moon_SB": 1667, "Reality Hemorrhage_SB": 2129, "Shattering Spree_SB": 2386, "Tormod's Crypt_SB": 2861, "Ziatora's Proving Ground": 3187, "Terastodon_SB": 2701, "Veil of Summer_SB": 3021, "Consider": 510, "Graveyard Trespasser": 1164, "Exquisite Firecraft_SB": 855, "Searing Blood_SB": 2342, "Tunnel Ignus_SB": 2893, "Chained to the Rocks": 422, "Chained to the Rocks_SB": 423, "Ragavan, Nimble Pilferer_SB": 2086, "Vexing Bauble": 3039, "Colossal Skyturtle_SB": 494, "Generous Ent_SB": 1058, "Grist, the Hunger Tide_SB": 1184, "Hexdrinker_SB": 1283, "Giant Growth_SB": 1088, "Come Back Wrong": 498, "Glassworks // Shattered Yard": 1112, "Over the Edge_SB": 1917, "Poison Dart Frog_SB": 2018, "Beamtown Beatstick": 190, "Celestial Armor": 416, "Diamond Pick-Axe": 660, "Carrot Cake_SB": 386, "Edgewall Inn": 758, "Goliath Hatchery_SB": 1150, "Balmor, Battlemage Captain": 165, "Bria, Riptide Rogue": 312, "Freeze in Place": 1014, "Relic's Roar": 2163, "Run Away Together_SB": 2257, "Scalding Viper_SB": 2307, "Slice from the Shadows": 2461, "Talion, the Kindly Lord": 2671, "Harrier Strix": 1224, "Snaremaster Sprite": 2474, "Hardened Escort": 1220, "Holy Cow": 1312, "Living Phone": 1608, "Unsettling Twins": 2954, "Feather of Flight_SB": 921, "Possessed Goat_SB": 2030, "Raccoon Rallier_SB": 2079, "Rogue's Passage_SB": 2238, "The Jolly Balloon Man_SB": 2739, "Unsettling Twins_SB": 2955, "Hammerhand_SB": 1211, "Heartfire Hero_SB": 1249, "Inti, Seneschal of the Sun_SB": 1383, "Pests of Honor": 1974, "Three Blind Mice": 2804, "Dauntless Dismantler_SB": 586, "Phoenix Chick_SB": 1980, "Gleaming Barrier": 1114, "Gleaming Barrier_SB": 1115, "Solemn Simulacrum_SB": 2478, "Sure Strike_SB": 2625, "Twinferno_SB": 2900, "Ancestors' Aid": 57, "Dwarven Forge-Chanter": 744, "Furious Bellow": 1033, "Ghitu Amplifier": 1076, "Heartfire Immolator": 1250, "Sure Strike": 2624, "Whiskerquill Scribe": 3126, "Brambleguard Captain": 295, "Defabricate": 619, "Fear of Burning Alive": 904, "Iron-Fist Pulverizer": 1421, "Johann, Apprentice Sorcerer": 1448, "Keldon Flamesage": 1483, "Kraum, Violent Cacophony": 1529, "Molten Tributary": 1769, "Nightwhorl Hermit": 1834, "Pyrotechnic Performer": 2064, "Razzle-Dazzler": 2128, "Stop Cold": 2587, "Thopter Mechanic": 2784, "Vesuvan Drifter": 3034, "Involuntary Cooldown_SB": 1417, "Kellan, Planar Trailblazer_SB": 1491, "Mishra's Command_SB": 1752, "Out of Air_SB": 1909, "Plan the Heist_SB": 2011, "Sleight of Hand_SB": 2460, "Trick Shot_SB": 2886, "Violent Urge_SB": 3049, "The Filigree Sylex": 2728, "Charge of the Mites_SB": 437, "Grand Abolisher": 1158, "Unnerving Grasp": 2951, "Halo Hopper": 1209, "Hellspur Posse Boss_SB": 1264, "Make Your Move_SB": 1670, "Harbinger of the Tides": 1216, "Harbinger of the Tides_SB": 1217, "Fynn, the Fangbearer_SB": 1039, "Cat Collector": 399, "Bottomless Pool && Locker Room_SB": 283, "Pile On_SB": 2000, "Growing Rites of Itlimoc": 1186, "Feldon, Ronom Excavator": 931, "Roc Hunter": 2232, "Scalding Viper": 2306, "Adventuring Gear_SB": 16, "Fear of Being Hunted_SB": 903, "Trial of Agony_SB": 2883, "Vicious Clown_SB": 3044, "Into the Roil": 1389, "Into the Roil_SB": 1390, "Ayara, Widow of the Realm": 152, "Arachnoid Adaptation": 82, "Throw from the Saddle": 2816, "Longstalk Brawl_SB": 1623, "Thrill of Possibility_SB": 2814, "Season of Gathering": 2345, "Warren Warleader": 3111, "Horrid Vigor_SB": 1323, "Lionheart Glimmer_SB": 1602, "Omnivorous Flytrap_SB": 1891, "Seasoned Warrenguard_SB": 2355, "Jump Scare": 1452, "Niko, Light of Hope": 1836, "Stalked Researcher": 2551, "Tunnel Surveyor": 2894, "Fear of Isolation_SB": 911, "Splash Portal_SB": 2533, "Demonic Pact_SB": 640, "Rite of the Dragoncaller_SB": 2217, "Valorous Stance": 3007, "Lodestone Needle": 1616, "Sawblade Skinripper_SB": 2301, "Zephyr Singer": 3183, "Afterburner Expert": 24, "Draconautics Engineer": 701, "Dredger's Insight": 724, "Loot, the Pathfinder": 1626, "Molt Tender": 1765, "Restless Spire_SB": 2196, "Momentum Breaker": 1774, "Sunbillow Verge": 2612, "Grim Bauble": 1182, "Spell Pierce": 2509, "Bleachbone Verge": 230, "Intimidation Tactics": 1384, "Ketramose, the New Dawn": 1495, "Debris Beetle": 608, "Wastewood Verge": 3113, "Vein Ripper_SB": 3023, "Oildeep Gearhulk": 1877, "Haunt the Network_SB": 1232, "Bartolom\u00e9 del Presidio_SB": 181, "Lunar Convocation_SB": 1647, "Bloodghast": 242, "Valley Rotcaller_SB": 3004, "Oildeep Gearhulk_SB": 1878, "Gleeful Demolition_SB": 1118, "Monument to Endurance": 1785, "Ride's End": 2206, "Defend the Rider": 621, "Hazoret, Godseeker": 1242, "Willowrush Verge": 3138, "Outpace Oblivion_SB": 1914, "Thousand Moons Smithy": 2794, "Transmutation Font": 2873, "Braided Net_SB": 291, "Cunning Coyote_SB": 566, "Bounce Off": 287, "Greasewrench Goblin": 1166, "Marauding Mako": 1687, "Riverpyre Verge": 2225, "Scrounging Skyray": 2335, "Bounce Off_SB": 288, "Chandra, Spark Hunter_SB": 431, "Explosive Derailment_SB": 854, "Memory Guardian": 1713, "Mendicant Core, Guidelight": 1714, "Diversion Unit_SB": 683, "Tomik, Wielder of Law_SB": 2856, "Lightwheel Enhancements": 1593, "Engine Rat": 802, "Gonti, Night Minister": 1151, "Perilous Snare": 1967, "Teysa, Opulent Oligarch": 2710, "Gumdrop Poisoner": 1197, "Grim Bauble_SB": 1183, "Momentum Breaker_SB": 1775, "Optimistic Scavenger_SB": 1896, "The Aetherspark": 2713, "Brightglass Gearhulk": 315, "Voyager Glidecar": 3084, "Chandra, Spark Hunter": 430, "Intimidation Tactics_SB": 1385, "Captain Howler, Sea Scourge": 375, "Gastal Thrillroller": 1053, "Mishra's Command": 1751, "Phyrexian Dragon Engine": 1985, "Overgrown Zealot": 1920, "Riptide Gearhulk": 2211, "Transit Mage": 2872, "Conduit of Worlds_SB": 506, "Gastal Thrillroller_SB": 1054, "Lifecraft Engine": 1585, "Mindspring Merfolk": 1735, "Mu Yanling, Wind Rider": 1798, "Caelorna, Coral Tyrant_SB": 357, "Nesting Bot": 1824, "Lumbering Worldwagon": 1641, "Heliod, the Radiant Dawn": 1260, "Twinblade Blessing": 2898, "Overrun": 1933, "Diversion Unit": 682, "Muraganda Raceway": 1803, "Repurposing Bay": 2174, "Defend the Rider_SB": 622, "Zephyr Singer_SB": 3184, "Burnout Bashtronaut": 346, "Ratadrabik of Urborg": 2113, "Demonic Junker": 637, "Nexus of Becoming": 1829, "Restless Anchorage_SB": 2184, "Amonkhet Raceway": 51, "Gastal Thrillseeker": 1055, "The Last Ride": 2742, "The Speed Demon": 2760, "Ancient Vendetta_SB": 61, "Monument to Endurance_SB": 1786, "The Speed Demon_SB": 2761, "Voyage Home": 3083, "Esoteric Duplicator": 824, "Aether Syphon_SB": 21, "Invasion of Regatha_SB": 1408, "Ketramose, the New Dawn_SB": 1496, "Thunderous Velocipede": 2823, "Regal Imperiosaur": 2158, "Intrepid Paleontologist_SB": 1392, "Voyager Glidecar_SB": 3085, "Fuel the Flames": 1024, "Skycrash": 2446, "Broadside Barrage_SB": 327, "Fuel the Flames_SB": 1025, "Locust Spray": 1615, "Bringer of the Last Gift": 320, "Riverchurn Monument": 2222, "Skitterbeam Battalion": 2436, "Terisian Mindbreaker": 2702, "Agonasaur Rex": 30, "Tyrox, Saurid Tyrant": 2910, "Coalstoke Gearhulk_SB": 477, "Howlsquad Heavy": 1326, "Boosted Sloop": 274, "Broadside Barrage": 326, "Thopter Fabricator_SB": 2783, "Count on Luck_SB": 539, "Sandstalker Moloch_SB": 2282, "Spectacular Pileup": 2503, "Quag Feast": 2067, "Gastal Raider_SB": 1052, "Collision Course_SB": 491, "Pit Automaton": 2005, "Visage of Dread": 3061, "The Last Ride_SB": 2743, "Visage of Dread_SB": 3062, "Ride's End_SB": 2207, "Thalia and The Gitrog Monster_SB": 2712, "Zahur, Glory's Past": 3181, "Leaf-Crowned Visionary_SB": 1558, "Mossborn Hydra_SB": 1792, "Overrun_SB": 1934, "Painful Quandary_SB": 1943, "Wardens of the Cycle_SB": 3106, "Quag Feast_SB": 2068, "Red Sun's Twilight_SB": 2147, "Perilous Snare_SB": 1968, "Playful Shove": 2013, "Debris Beetle_SB": 609, "Mishra, Claimed by Gix": 1754, "Bloated Contaminator_SB": 234, "Melira, the Living Cure_SB": 1711, "The Aetherspark_SB": 2714, "Fearless Swashbuckler": 919, "Unctus, Grand Metatect": 2926, "Invasion of Mercadia": 1406, "Sazacap's Brew": 2304, "Webstrike Elite": 3121, "Webstrike Elite_SB": 3122, "Coiling Rebirth_SB": 481, "Soul of Windgrace": 2488, "Gas Guzzler": 1050, "Say Its Name_SB": 2303, "Spectral Interference_SB": 2507, "Stock Up": 2577, "Spectacular Pileup_SB": 2504, "Far Fortune, End Boss": 892, "Expel the Interlopers_SB": 848, "Flotsam // Jetsam_SB": 983, "Claim Jumper": 463, "Ancient Vendetta": 60, "Full Throttle_SB": 1028, "Loot, the Key to Everything_SB": 1625, "Loot, the Pathfinder_SB": 1627, "Spring-Loaded Sawblades_SB": 2541, "Unstable Glyphbridge_SB": 2957, "Urza's Command_SB": 2982, "Lassoed by the Law_SB": 1545, "Blast Zone_SB": 225, "Basri, Tomorrow's Champion": 185, "Skyseer's Chariot_SB": 2452, "Third Path Iconoclast_SB": 2777, "Dive Down": 680, "Shoreline Looter": 2407, "Engine Rat_SB": 803, "Essence Channeler_SB": 826, "Lunar Insight": 1648, "Jodah, the Unifier_SB": 1446, "Dropkick Bomber": 727, "Rampaging Raptor": 2105, "Agonasaur Rex_SB": 31, "Coalstoke Gearhulk": 476, "Visage Bandit": 3060, "Waxen Shapethief": 3115, "Dune Drifter": 735, "Sword of Forge and Frontier_SB": 2649, "Become Brutes": 194, "The Elder Dragon War_SB": 2721, "Veteran Survivor": 3037, "Kellan, Inquisitive Prodigy_SB": 1489, "Caradora, Heart of Alacria": 379, "Skyseer's Chariot": 2451, "Valor's Flagship": 3005, "Veteran Beastrider": 3036, "Threadbind Clique": 2802, "Twining Twins": 2902, "Boommobile_SB": 271, "Radiant Lotus_SB": 2082, "Boommobile": 270, "Forging the Anchor": 1001, "Radiant Lotus": 2081, "The Mightstone and Weakstone_SB": 2747, "Goldvein Hydra_SB": 1146, "Bloodthorn Flail": 249, "Flamewake Phoenix": 968, "Cryptcaller Chariot_SB": 556, "Volley Veteran": 3077, "Riptide Gearhulk_SB": 2212, "Riverchurn Monument_SB": 2223, "Spiteful Hexmage_SB": 2531, "Clamorous Ironclad": 467, "Furnace Host Charger": 1034, "Alania, Divergent Storm": 42, "Frolicking Familiar": 1019, "Wishing Well": 3149, "Resplendent Angel_SB": 2179, "Cephalopod Sentry": 420, "Tinker's Tote": 2830, "Thopter Fabricator": 2782, "Redshift, Rocketeer Chief": 2150, "Haunt the Network": 1231, "Sorcerous Spyglass": 2482, "Demonic Junker_SB": 638, "Halana and Alena, Partners_SB": 1203, "Valor's Flagship_SB": 3006, "Tocasia's Welcome_SB": 2849, "Stall Out": 2553, "Stall Out_SB": 2554, "Gloryheath Lynx": 1126, "Sovereign Okinec Ahau": 2500, "The Raven Man": 2753, "The Raven Man_SB": 2754, "Broodheart Engine": 328, "Bat Colony": 186, "Calamitous Cave-In": 358, "Gargantuan Leech": 1045, "Hidden Volcano": 1290, "Promising Vein": 2050, "Marketback Walker": 1691, "Sab-Sunen, Luxa Embodied": 2272, "Simian Simulacrum": 2424, "Sylvan Scavenging": 2655, "Mold Adder_SB": 1764, "Boom Box": 269, "Broadcast Rambler": 325, "Conduit of Worlds": 505, "Possession Engine": 2031, "Leyline Binding_SB": 1572, "Bulwark Ox": 340, "Reluctant Role Model": 2164, "Reluctant Role Model_SB": 2165, "The Goose Mother": 2731, "Marketback Walker_SB": 1692, "Daretti, Rocketeer Engineer": 581, "Threefold Thunderhulk": 2811, "Tune Up": 2892, "Meteor Golem_SB": 1718, "Burnout Bashtronaut_SB": 347, "Gastal Raider": 1051, "Oviya, Automech Artisan": 1939, "The Skullspore Nexus_SB": 2759, "Market Gnome_SB": 1690, "Cosmium Confluence": 536, "Festival of Embers": 946, "Hidden Nursery": 1289, "Skycrash_SB": 2447, "Nexus of Becoming_SB": 1830, "Sab-Sunen, Luxa Embodied_SB": 2273, "Earthrumbler": 750, "Collector's Vault_SB": 489, "Thran Spider_SB": 2799, "Akal Pakal, First Among Equals_SB": 40, "Deepfathom Echo": 616, "Forensic Researcher": 998, "Oko, the Ringleader": 1883, "Chitin Gravestalker": 447, "Starving Revenant_SB": 2559, "Steamcore Scholar_SB": 2566, "Ojer Pakpatiq, Deepest Epoch_SB": 1882, "Lavaspur Boots_SB": 1552, "Thunderous Velocipede_SB": 2824, "Stock Up_SB": 2578, "Fear of Infinity_SB": 909, "Dredger's Insight_SB": 725, "Fauna Shaman_SB": 898, "Barrow Naughty": 179, "Drag the Canal": 702, "Faerie Slumber Party": 881, "Mocking Sprite": 1760, "Spellscorn Coven": 2516, "Talion's Messenger": 2669, "Coerced to Kill": 479, "Etrata, Deadly Fugitive": 837, "Unstoppable Plan_SB": 2958, "Hoarding Broodlord": 1307, "Shadow-Rite Priest": 2378, "Training Grounds": 2867, "Nahiri's Warcrafting_SB": 1814, "Baral and Kari Zev": 174, "Enigma Drake": 805, "Eroded Canyon": 816, "Brightfield Glider": 314, "Congregation Gryff": 508, "Giant Beaver": 1084, "Lagorin, Soul of Alacria": 1541, "Miriam, Herd Whisperer": 1740, "Ornery Tumblewagg": 1901, "Trained Arynx": 2866, "Run Over_SB": 2258, "Vivisurgeon's Insight_SB": 3066, "Night Market": 1832, "Stockpiling Celebrant": 2580, "Carrion Locust_SB": 384, "Skullcap Snail_SB": 2443, "Stockpiling Celebrant_SB": 2581, "Overwhelming Remorse_SB": 1936, "Akal Pakal, First Among Equals": 39, "Forensic Gadgeteer": 996, "Deduce_SB": 613, "Wreck Remover_SB": 3164, "Brave the Wilds": 300, "Fountainport Bell": 1011, "Guidelight Optimizer": 1195, "Oaken Siren": 1863, "Machine Over Matter_SB": 1658, "Armored Scrapgorger": 114, "Spinewoods Paladin": 2525, "Phyrexian Missionary_SB": 1989, "Sunder the Gateway": 2613, "Malcator, Purity Overseer": 1673, "Tranquil Cove_SB": 2869, "Crumb and Get It_SB": 553, "Flame Lash": 965, "Exsanguinate": 856, "Exsanguinate_SB": 857, "Syr Ginger, the Meal Ender_SB": 2659, "Legion Extruder_SB": 1562, "Blade of the Oni": 218, "Blightstep Pathway": 232, "Bloodtithe Harvester": 250, "Mutavault": 1808, "Urborg, Tomb of Yawgmoth": 2978, "Extinction Event_SB": 859, "Go Blank_SB": 1130, "Hidetsugu Consumes All_SB": 1292, "Invoke Despair_SB": 1416, "Unlicensed Hearse_SB": 2948, "Breeding Pool": 311, "Enigmatic Incarnation": 806, "Indatha Triome": 1357, "Linvala, the Preserver": 1600, "Overgrown Tomb": 1919, "Savai Triome": 2295, "Skyclave Apparition": 2445, "Spara's Headquarters": 2501, "Vanishing Verse": 3016, "Zagoth Triome": 3180, "Archon of Emeria_SB": 102, "Knockout Blow_SB": 1516, "Ruric Thar, the Unbowed_SB": 2264, "Thought Distortion_SB": 2788, "Yorion, Sky Nomad_SB": 3177, "Cauldron Familiar": 404, "Claim the Firstborn": 465, "Deadly Dispute": 602, "Mayhem Devil": 1700, "Witch's Oven": 3152, "Ob Nixilis, the Adversary_SB": 1867, "Darksteel Citadel": 585, "Ensoul Artifact": 808, "Riverglide Pathway": 2224, "Shrapnel Blast": 2410, "Smuggler's Copter": 2469, "Voldaren Epicure": 3074, "Aether Gust_SB": 20, "Annul_SB": 74, "Rending Volley_SB": 2168, "Shadowspear_SB": 2379, "Voltage Surge_SB": 3078, "Cragcrown Pathway": 543, "Ramunap Ruins": 2107, "Reckless Rage": 2140, "Soul-Scar Mage": 2491, "Experimental Frenzy_SB": 851, "Hazoret the Fervent_SB": 1241, "Redcap Melee_SB": 2148, "Extinction Event": 858, "Anger of the Gods_SB": 65, "Fatal Push_SB": 896, "Gifted Aetherborn_SB": 1089, "Claim // Fame": 462, "Infuriate": 1363, "Kumano Faces Kakkazan": 1535, "Claim the Firstborn_SB": 466, "Grafdigger's Cage_SB": 1157, "Castle Locthwain": 398, "Clearwater Pathway": 470, "Field of Ruin": 948, "Geier Reach Sanitarium": 1057, "Hall of Storm Giants": 1204, "Hive of the Eye Tyrant": 1306, "Narset, Parter of Veils": 1815, "Omen of the Sea": 1887, "Paradoxical Outcome": 1950, "Shipwreck Marsh": 2398, "Takenuma, Abandoned Mire": 2668, "The Meathook Massacre": 2744, "Ashiok, Dream Render_SB": 118, "Weathered Runestone_SB": 3120, "Fetid Pools": 947, "Yorion, Sky Nomad": 3176, "Collective Brutality": 483, "Faithful Mending": 882, "Greasefang, Okiba Boss": 1165, "Hallowed Fountain": 1206, "Parhelion II": 1952, "Raffine's Tower": 2084, "Shattered Sanctum": 2385, "Skysovereign, Consul Flagship": 2453, "Stubborn Denial": 2603, "Tainted Indulgence": 2663, "Deafening Silence_SB": 604, "Dovin's Veto_SB": 699, "Silence_SB": 2417, "Vanishing Verse_SB": 3017, "Fear of Infinity": 908, "Krenko's Buzzcrusher": 1530, "Arclight Phoenix": 103, "Fiery Impulse": 954, "Izzet Charm": 1429, "Lightning Axe": 1587, "Prismari Command": 2041, "Spikefield Hazard": 2522, "Stormcarved Coast": 2589, "Treasure Cruise": 2878, "Dawnwing Marshal": 589, "Bishop of Wings": 208, "Branchloft Pathway": 297, "Cave of the Frost Dragon": 409, "Collected Company": 482, "Eiganjo, Seat of the Empire": 763, "Nykthos, Shrine to Nyx": 1862, "Overgrown Farmland": 1918, "Portable Hole": 2025, "Resplendent Marshal": 2180, "Righteous Valkyrie": 2209, "Temple Garden": 2687, "Archon of Absolution_SB": 100, "Brave the Elements_SB": 299, "Brutal Cathar_SB": 335, "Heroic Intervention_SB": 1280, "Reidane, God of the Worthy_SB": 2159, "Shapers' Sanctuary_SB": 2381, "Kroxa, Titan of Death's Hunger": 1534, "Ledger Shredder": 1560, "Brazen Borrower_SB": 302, "Prismari Command_SB": 2042, "Burner Rocket": 343, "Cloudspire Skycycle": 475, "Dynamite Diver": 749, "Guidelight Synergist": 1196, "Kolodin, Triumph Caster": 1521, "Count on Luck": 538, "Frenzied Goblin": 1015, "Doubling Season_SB": 697, "Fanatical Firebrand_SB": 890, "Howlsquad Heavy_SB": 1327, "Reckless Lackey_SB": 2139, "Rundvelt Hordemaster_SB": 2260, "District Mascot": 676, "Shivan Devastator": 2399, "Zimone, Paradox Sculptor": 3188, "Tyvar, the Pummeler_SB": 2919, "Zopandrel, Hunger Dominus_SB": 3192, "Aurelia, the Warleader": 142, "Gilded Ghoda": 1092, "Cavalier of Thorns": 408, "Elvish Mystic": 784, "Kiora, Behemoth Beckoner": 1499, "Lair of the Hydra": 1542, "Leyline of the Guildpact": 1579, "Oath of Nissa": 1865, "Old-Growth Troll": 1885, "Storm the Festival": 2588, "Ulvenwald Oddity": 2920, "Arasta of the Endless Web_SB": 84, "Emrakul, the Promised End_SB": 790, "Setessan Petitioner_SB": 2377, "Ashiok, Nightmare Muse_SB": 119, "Foreboding Ruins": 995, "Invoke Despair": 1415, "Kolaghan's Command_SB": 1520, "Haunted Ridge": 1234, "Bonecrusher Giant": 263, "Burning-Tree Emissary": 345, "Chandra, Torch of Defiance": 432, "Collision // Colossus": 490, "Gruul Spellbreaker": 1189, "Kami's Flare": 1467, "Pelt Collector": 1965, "Voltaic Brawler": 3079, "Zhur-Taa Goblin": 3186, "Bonecrusher Giant_SB": 264, "Chandra, Torch of Defiance_SB": 433, "Cindervines_SB": 457, "Kami's Flare_SB": 1468, "Roiling Vortex_SB": 2240, "Mana Confluence": 1679, "Barrier Breach_SB": 178, "Leyline of Sanctity_SB": 1577, "Colossus Hammer": 495, "Eldritch Evolution": 766, "Raffine's Informant": 2083, "Sigarda's Aid": 2415, "Soulflayer": 2493, "Sylvan Caryatid": 2654, "Bloodline Culling_SB": 245, "Collective Brutality_SB": 484, "Portable Hole_SB": 2026, "Furnace Punisher_SB": 1035, "Laughing Jasper Flint_SB": 1549, "Rocky Roads": 2235, "Lumbering Worldwagon_SB": 1642, "Cosmic Rebirth_SB": 535, "Mondrak, Glory Dominus_SB": 1780, "Become Brutes_SB": 195, "Goblin Oriflamme": 1138, "Drake Hatcher_SB": 713, "Eddymurk Crab_SB": 757, "Cindering Cutthroat_SB": 456, "Ravine Raider_SB": 2121, "Risky Shortcut_SB": 2214, "Spin Out_SB": 2523, "Steampath Charger_SB": 2567, "Devouring Sugarmaw": 655, "Amalia Benavides Aguirre_SB": 49, "Elas il-Kor, Sadistic Pilgrim_SB": 765, "Fiendish Panda_SB": 950, "Knight of Dawn's Light_SB": 1509, "Mimeoplasm, Revered One": 1732, "Etched Familiar": 834, "Spectral Interference": 2506, "Winter, Cursed Rider": 3145, "Radiant Grove": 2080, "Streetwise Negotiator_SB": 2597, "Map the Frontier": 1683, "Divine Resilience": 684, "Greenhouse // Rickety Gazebo": 1175, "Silken Strength": 2420, "Realm-Scorcher Hellkite": 2130, "Spyglass Siren_SB": 2544, "Sentinel of Lost Lore_SB": 2368, "Herd Migration_SB": 1275, "Kykar, Zephyr Awakener": 1540, "The Huntsman's Redemption_SB": 2734, "Lathril, Blade of the Elves_SB": 1547, "Armored Armadillo_SB": 112, "Gixian Infiltrator_SB": 1105, "Gloryheath Lynx_SB": 1127, "Threefold Thunderhulk_SB": 2812, "Primeval Bounty": 2038, "Cryptcaller Chariot": 555, "Steel Hellkite_SB": 2568, "Rangers' Refueler": 2108, "Mindsparker_SB": 1733, "Cursed Recording_SB": 570, "Thirsting Roots": 2778, "Gigantosaurus": 1090, "Llanowar Stalker": 1613, "Ghalta, Primal Hunger_SB": 1073, "Gigantosaurus_SB": 1091, "Disenchant": 664, "Captain Howler, Sea Scourge_SB": 376, "Karn, Living Legacy_SB": 1471, "Quaketusk Boar": 2069, "The Everflowing Well": 2727, "The Stasis Coffin": 2762, "Kellan Joins Up": 1485, "Ovika, Enigma Goliath_SB": 1938, "Bestow Greatness_SB": 199, "Leaping Ambush": 1559, "Raucous Theater_SB": 2119, "Flowstone Infusion_SB": 989, "Alesha, Who Laughs at Fate_SB": 44, "Lazav, Wearer of Faces_SB": 1556, "Harmless Offering_SB": 1223, "Return Triumphant": 2202, "Souls of the Lost_SB": 2496, "Slickshot Lockpicker_SB": 2463, "Flashfreeze": 971, "Interface Ace": 1381, "Sunpearl Kirin": 2619, "Synchronized Charge": 2657, "Heritage Reclamation_SB": 1277, "Magmatic Hellkite_SB": 1664, "Elspeth, Storm Slayer": 778, "Cori Mountain Monastery": 521, "Dispelling Exhale": 670, "Jeskai Revelation": 1439, "Marang River Regent": 1684, "Shiko, Paragon of the Way": 2396, "Rally the Monastery": 2103, "Surrak, Elusive Hunter": 2637, "Surrak, Elusive Hunter_SB": 2638, "Sandsteppe Citadel": 2283, "Skirmish Rhino": 2435, "Desperate Measures": 649, "Rot-Curse Rakshasa": 2245, "Auroral Procession": 143, "Opulent Palace": 1897, "Rakshasa's Bargain": 2099, "Glacial Dragonhunt": 1107, "Tersa Lightshatter": 2708, "Winternight Stories": 3146, "Cori-Steel Cutter": 522, "Tersa Lightshatter_SB": 2709, "Mistrise Village": 1757, "Jeskai Revelation_SB": 1440, "United Battlefront": 2947, "Elspeth, Storm Slayer_SB": 779, "Voice of Victory_SB": 3069, "Sage of the Skies_SB": 2276, "Herd Heirloom": 1273, "Rediscover the Way": 2149, "Roiling Dragonstorm": 2239, "Gilded Lotus_SB": 1093, "Static Snare": 2562, "Tempest Hawk": 2686, "Frontline Rush": 1022, "Cori-Steel Cutter_SB": 523, "Kishla Village": 1502, "Restless Vents_SB": 2198, "Dalkovan Encampment": 579, "Two-Headed Hunter_SB": 2908, "Mystic Monastery": 1811, "Frontier Bivouac": 1020, "Fresh Start_SB": 1017, "Frostcliff Siege": 1023, "Duty Beyond Death_SB": 743, "Qarsi Revenant_SB": 2066, "Scavenger Regent_SB": 2314, "Caustic Exhale": 407, "Disruptive Stormbrood": 671, "Dragonologist": 711, "Scavenger Regent": 2313, "Qarsi Revenant": 2065, "Spectral Denial": 2505, "Overwhelming Surge_SB": 1937, "Wild Ride": 3132, "Corroding Dragonstorm": 526, "Fleeting Effigy": 973, "Sage of the Skies": 2275, "Heritage Reclamation": 1276}}