{"vocabulary": {"Archangel of Wrath": 95, "Atraxa, Grand Unifier": 138, "Cavern of Souls": 411, "Fabled Passage": 870, "Forest": 1000, "Get Lost": 1062, "Hedge Maze": 1255, "Herd Migration": 1272, "Hushwood Verge": 1334, "Island": 1423, "Leyline Binding": 1571, "Lush Portico": 1651, "Meticulous Archive": 1720, "Mountain": 1795, "Overlord of the Hauntwoods": 1927, "Overlord of the Mistmoors": 1929, "Plains": 2012, "Sunfall": 2607, "Swamp": 2633, "Temporary Lockdown": 2691, "Up the Beanstalk": 2961, "Beza, the Bounding Spring_SB": 204, "Elspeth's Smite_SB": 779, "Get Lost_SB": 1063, "Jace, the Perfected Mind_SB": 1435, "Negate_SB": 1821, "Nissa, Ascended Animist_SB": 1840, "Obstinate Baloth_SB": 1873, "Tishana's Tidebinder_SB": 2830, "Tranquil Frillback_SB": 2864, "Case of the Stashed Skeleton": 397, "Corpses of the Lost": 525, "Cut Down": 575, "Deep-Cavern Bat": 615, "Demolition Field": 634, "Forsaken Miner": 1005, "Fountainport": 1011, "Gisa, the Hellraiser": 1093, "Gix, Yawgmoth Praetor": 1101, "Go for the Throat": 1129, "Sheoldred, the Apocalypse": 2384, "Tinybones Joins Up": 2823, "Tinybones, the Pickpocket": 2826, "Unstoppable Slasher": 2952, "Anoint with Affliction_SB": 77, "Cruelclaw's Heist_SB": 551, "Duress_SB": 738, "Ghost Vacuum_SB": 1078, "Unholy Annex && Ritual Chamber_SB": 2932, "Anoint with Affliction": 76, "Darkslick Shores": 583, "Enduring Curiosity": 795, "Ertai Resurrected": 820, "Faerie Mastermind": 880, "Gloomlake Verge": 1123, "Phantom Interference": 1976, "Restless Reef": 2191, "Spyglass Siren": 2535, "Three Steps Ahead": 2798, "Tishana's Tidebinder": 2829, "Underground River": 2924, "Aclazotz, Deepest Betrayal_SB": 12, "Disdainful Stroke_SB": 663, "Harvester of Misery_SB": 1225, "Sheoldred's Edict_SB": 2383, "Soul-Guide Lantern_SB": 2483, "Withering Torment_SB": 3150, "Kaito, Bane of Nightmares": 1457, "Preacher of the Schism": 2037, "Silent Hallcreeper": 2410, "Undercity Sewers": 2922, "Gix's Command_SB": 1100, "Vren, the Relentless_SB": 3088, "Fell_SB": 940, "Phyrexian Arena_SB": 1983, "Callous Sell-Sword": 366, "Copperline Gorge": 523, "Emberheart Challenger": 788, "Heartfire Hero": 1246, "Karplusan Forest": 1472, "Manifold Mouse": 1682, "Monastery Swiftspear": 1778, "Monstrous Rage": 1783, "Restless Ridgeline": 2193, "Rockface Village": 2232, "Royal Treatment": 2247, "Sazacap's Brew": 2298, "Shock": 2393, "Slickshot Show-Off": 2456, "Snakeskin Veil": 2465, "Thornspire Verge": 2777, "Turn Inside Out": 2889, "Obliterating Bolt_SB": 1869, "Pyroclasm_SB": 2067, "Snakeskin Veil_SB": 2466, "Urabrask's Forge_SB": 2965, "Wear Down_SB": 3115, "Witchstalker Frenzy_SB": 3148, "Archfiend of the Dross": 99, "Blooming Marsh": 254, "Caustic Bronco": 407, "Duress": 737, "Gix's Command": 1099, "Glissa Sunslayer": 1119, "Liliana of the Veil": 1595, "Llanowar Wastes": 1614, "Mosswood Dreadknight": 1793, "Restless Cottage": 2187, "Underground Mortuary": 2923, "Choking Miasma_SB": 450, "Disfigure_SB": 667, "Liliana of the Veil_SB": 1596, "Tear Asunder_SB": 2674, "Freestrider Lookout": 1014, "Ghost Vacuum": 1077, "Harvester of Misery": 1224, "Innkeeper's Talent": 1364, "Iridescent Vinelasher": 1419, "Virtue of Persistence": 3051, "Vraska, Betrayal's Sting": 3084, "Beza, the Bounding Spring": 203, "Caretaker's Talent": 382, "Enduring Innocence": 797, "Fortune, Loyal Steed": 1007, "Frontier Seeker": 1020, "Lay Down Arms": 1553, "Loran of the Third Path": 1628, "Mirrex": 1743, "Novice Inspector": 1856, "Virtue of Loyalty": 3049, "Boon-Bringer Valkyrie_SB": 275, "Destroy Evil_SB": 651, "Enduring Innocence_SB": 798, "Loran of the Third Path_SB": 1629, "Sunder the Gateway_SB": 2606, "Temporary Lockdown_SB": 2692, "Hired Claw": 1302, "Lightning Strike": 1591, "Mishra's Foundry": 1754, "Obliterating Bolt": 1868, "Squee, Dubious Monarch": 2537, "Urabrask's Forge": 2964, "Witchstalker Frenzy": 3147, "Jaya, Fiery Negotiator_SB": 1439, "Koth, Fire of Resistance_SB": 1526, "Lithomantic Barrage_SB": 1604, "Scorching Dragonfire_SB": 2312, "Torch the Tower_SB": 2850, "Battlefield Forge": 188, "Carrot Cake": 387, "Elegant Parlor": 769, "Inspiring Vantage": 1378, "Lightning Helix": 1589, "Sunken Citadel": 2610, "Torch the Tower": 2849, "Abrade_SB": 4, "Imodane's Recruiter_SB": 1346, "Rest in Peace_SB": 2182, "Might of the Meek": 1728, "Pawpatch Formation_SB": 1957, "Sunspine Lynx_SB": 2616, "Archangel Elspeth": 91, "Restless Bivouac": 2185, "Bonehoard Dracosaur_SB": 268, "Brotherhood's End_SB": 334, "Invasion of Gobakhan_SB": 1399, "Soul Partition": 2477, "Sorcerous Spyglass_SB": 2476, "Parting Gust": 1952, "Shadowy Backstreet": 2372, "Toby, Beastie Befriender": 2838, "Kaya, Intangible Slayer_SB": 1476, "Aclazotz, Deepest Betrayal": 11, "Caves of Koilos": 414, "Concealed Courtyard": 505, "Legions to Ashes": 1564, "Restless Fortress": 2189, "Zoraline, Cosmos Caller": 3187, "Hostile Investigator_SB": 1323, "Jace, the Perfected Mind": 1434, "Calamity, Galloping Inferno": 362, "Outcaster Trailblazer": 1911, "Overlord of the Boilerbilges": 1923, "Pyroclasm": 2066, "Smuggler's Surprise": 2463, "Spinewoods Armadillo": 2516, "Terror of the Peaks": 2700, "Brushland": 336, "Elspeth's Smite": 778, "Demonic Ruckus": 642, "Ethereal Armor": 836, "Shardmage's Rescue": 2374, "Sheltered by Ghosts": 2379, "Lightning Helix_SB": 1590, "Faerie Dreamthief": 877, "Faerie Fencing": 878, "Obyra, Dreaming Duelist": 1874, "Picklock Prankster": 1999, "Sheoldred's Edict": 2382, "Sleep-Cursed Faerie": 2450, "Spell Stutter": 2504, "Cut Down_SB": 576, "Ego Drain_SB": 762, "Glistening Deluge_SB": 1121, "Bloodletter of Aclazotz": 244, "Long Goodbye": 1618, "Nowhere to Run": 1857, "Overlord of the Balemurk": 1921, "Unholy Annex && Ritual Chamber": 2931, "Sheoldred_SB": 2386, "Sheoldred, the Apocalypse_SB": 2385, "Analyze the Pollen": 56, "Sentinel of the Nameless City": 2361, "Tranquil Frillback": 2863, "Goddric, Cloaked Reveler": 1140, "Squee, Dubious Monarch_SB": 2538, "Charming Scoundrel": 440, "Jaya, Fiery Negotiator": 1438, "Abhorrent Oculus": 1, "Adarkar Wastes": 15, "Chart a Course": 442, "Floodfarm Verge": 981, "Haughty Djinn": 1227, "Helping Hand": 1265, "Into the Flood Maw": 1385, "Moment of Truth": 1773, "Recommission": 2144, "Seachrome Coast": 2330, "Sleight of Hand": 2451, "Kutzil's Flanker_SB": 1537, "Monastery Mentor_SB": 1777, "Soul Partition_SB": 2478, "Blackcleave Cliffs": 217, "Blazemire Verge": 227, "Clockwork Percussionist": 475, "Defiled Crypt // Cadaver Lab": 628, "Disturbing Mirth": 678, "Fear of Missing Out": 915, "Final Vengeance": 961, "Pitiless Carnage": 2009, "Popular Egotist": 2028, "Raucous Theater": 2119, "Spiteful Hexmage": 2522, "Sulfurous Springs": 2599, "Caustic Bronco_SB": 408, "Go for the Throat_SB": 1130, "Audacity": 140, "Questing Druid": 2072, "Meathook Massacre II": 1707, "Tear Asunder": 2673, "The End_SB": 2714, "Sanguine Evangelist": 2281, "Break Out": 309, "Commercial District": 501, "Inti, Seneschal of the Sun": 1380, "Omnivorous Flytrap": 1890, "Patchwork Beastie": 1955, "Screaming Nemesis": 2323, "Seed of Hope": 2350, "Wildfire Wickerfolk": 3131, "Haywire Mite_SB": 1236, "Exorcise": 845, "Exorcise_SB": 846, "Serra Paragon_SB": 2365, "Deduce": 613, "Idyllic Beachfront": 1341, "No More Lies": 1843, "Overlord of the Floodpits": 1925, "Restless Anchorage": 2183, "Stoic Sphinx_SB": 2575, "Legions to Ashes_SB": 1565, "Make Your Own Luck": 1671, "Make Your Own Luck_SB": 1672, "Braids, Arisen Nightmare": 294, "Greedy Freebooter": 1169, "Hopeless Nightmare": 1316, "Restless Vents": 2197, "Undead Sprinter": 2919, "Nowhere to Run_SB": 1858, "Undead Sprinter_SB": 2920, "Betrayer's Bargain": 201, "Cacophony Scamp": 357, "Leyline of Resonance": 1575, "Witch's Mark": 3144, "Case of the Crimson Pulse_SB": 390, "Twisted Fealty_SB": 2898, "Case of the Gateway Express": 392, "Gleeful Demolition": 1115, "Imodane's Recruiter": 1345, "Knight-Errant of Eos": 1514, "Painter's Studio && Defaced Gallery": 1943, "Resolute Reinforcements": 2177, "Shivan Reef": 2392, "Spirebluff Canal": 2520, "Thran Portal": 2789, "Warden of the Inner Sky": 3098, "Yotian Frontliner": 3172, "Protect the Negotiators_SB": 2057, "Pick Your Poison_SB": 1998, "Scorching Shot_SB": 2314, "Disfigure": 666, "Negate": 1820, "Dreams of Steel and Oil_SB": 724, "Urgent Necropsy_SB": 2973, "Blot Out": 257, "Corrupted Conviction": 528, "Diabolic Intent": 659, "Enduring Vitality": 801, "Pillage the Bog": 2006, "Stormsplitter": 2586, "Glissa Sunslayer_SB": 1120, "Sword of Once and Future_SB": 2644, "Warleader's Call": 3103, "Deadly Cover-Up": 601, "Drag to the Bottom": 704, "Phyrexian Fleshgorger": 1988, "Soul of Windgrace": 2481, "The Cruelty of Gix": 2708, "Trumpeting Carnosaur": 2882, "Chandra, Hope's Beacon_SB": 430, "Leyline of the Void_SB": 1581, "Season of Gathering_SB": 2338, "Split Up": 2526, "The Eternal Wanderer": 2716, "Spelunking": 2509, "Breach the Multiverse_SB": 307, "Kaito, Bane of Nightmares_SB": 1458, "Season of the Burrow": 2343, "Unidentified Hovership": 2935, "Cease // Desist_SB": 416, "Sunfall_SB": 2608, "Unstoppable Slasher_SB": 2953, "Unholy Annex // Ritual Chamber": 2933, "Blot Out_SB": 258, "Embereth Veteran": 787, "Felonious Rage": 942, "Mirran Banesplitter": 1742, "Painter's Studio // Defaced Gallery": 1945, "Phoenix Chick": 1980, "Drannith Ruins_SB": 717, "Armored Scrapgorger": 116, "Axebane Ferox": 151, "Ghalta, Stampede Tyrant": 1072, "Glimpse the Core": 1118, "Green Sun's Twilight": 1170, "Llanowar Loamspeaker": 1612, "Nissa, Ascended Animist": 1839, "Railway Brawler": 2092, "Tyrranax Rex": 2904, "Vaultborn Tyrant": 3013, "Bite Down_SB": 211, "Hard-Hitting Question_SB": 1217, "Tyvar's Stand_SB": 2908, "Botanical Sanctum": 283, "Cease // Desist": 415, "Impulse": 1352, "Stormchaser's Talent": 2583, "The Huntsman's Redemption": 2724, "Valley Floodcaller": 2993, "Yavimaya Coast": 3167, "Into the Flood Maw_SB": 1386, "Ral, Crackling Wit_SB": 2103, "Kaya, Intangible Slayer": 1475, "Kaya, Spirits' Justice": 1477, "Surge of Salvation": 2621, "Overprotect": 1931, "Beseech the Mirror": 198, "Conduit Pylons": 507, "Escape Tunnel": 824, "Live or Die": 1605, "Rush of Dread": 2262, "Bandit's Talent_SB": 171, "Hopeless Nightmare_SB": 1317, "Rottenmouth Viper_SB": 2244, "Thought-Stalker Warlock_SB": 2783, "Valgavoth's Onslaught_SB": 2987, "Zur, Eternal Schemer": 3191, "Betrayer's Bargain_SB": 202, "Shock_SB": 2394, "Elusive Otter": 781, "Khenra Spellspear": 1498, "Kitsa, Otterball Elite": 1506, "Pearl of Wisdom": 1960, "Proft's Eidetic Memory": 2048, "Restless Spire": 2195, "Blue Sun's Twilight_SB": 259, "Tectonic Hazard_SB": 2676, "Third Path Iconoclast_SB": 2769, "Azure Beastbinder": 156, "Crystal Grotto": 563, "Invasion of Segovia": 1408, "Protect the Negotiators": 2056, "Regal Bunnicorn": 2154, "Caretaker's Talent_SB": 383, "Ancient Cornucopia": 60, "Doppelgang_SB": 694, "Brave the Wilds": 302, "Bushwhack": 353, "Cache Grab": 355, "Eddymurk Crab": 757, "Get Out": 1064, "This Town Ain't Big Enough": 2772, "Tolarian Terror": 2843, "Mountain_SB": 1796, "Three Steps Ahead_SB": 2799, "Bitter Triumph": 214, "Growing Dread": 1183, "Hauntwoods Shrieker": 1234, "Manifest Dread": 1681, "No One Left Behind": 1845, "Not Dead After All": 1852, "Oblivious Bookworm": 1870, "Satoru, the Infiltrator": 2288, "Splash Portal": 2524, "Valgavoth, Terror Eater": 2988, "Cankerbloom_SB": 374, "The Swarmweaver_SB": 2759, "Brotherhood's End": 333, "Coiling Rebirth": 481, "Enduring Courage": 793, "Rakdos Joins Up": 2096, "The Elder Dragon War": 2711, "Vein Ripper": 3016, "Deadly Cover-Up_SB": 602, "Ral, Crackling Wit": 2102, "Keen-Eyed Curator_SB": 1482, "Helga, Skittish Seer": 1258, "Floodpits Drowner": 982, "Malicious Eclipse_SB": 1679, "Hostile Investigator": 1322, "Phyrexian Missionary": 1990, "Fireglass Mentor": 965, "Flamecache Gecko": 969, "Gev, Scaled Scorch": 1068, "Laughing Jasper Flint": 1548, "Mudflat Village": 1799, "Thought-Stalker Warlock": 2782, "High Noon": 1294, "Elesh Norn, Mother of Machines_SB": 775, "Darkstar Augur": 584, "Elas il-Kor, Sadistic Pilgrim": 765, "Enduring Tenacity": 799, "Essence Channeler": 826, "Ruin-Lurker Bat": 2252, "Starscape Cleric": 2549, "Valley Rotcaller": 2997, "Dewdrop Cure_SB": 658, "Requisition Raid_SB": 2176, "Surge of Salvation_SB": 2622, "Boon-Bringer Valkyrie": 274, "Abandoned Campground": 0, "Ephara's Dispersal": 814, "Getaway Glamer": 1066, "Monastery Mentor": 1776, "Change the Equation_SB": 436, "Doorkeeper Thrull_SB": 692, "Ephara's Dispersal_SB": 815, "Sheltered by Ghosts_SB": 2380, "Founding the Third Path": 1008, "Lumra, Bellow of the Woods": 1645, "Squirming Emergence": 2539, "Terror Tide": 2698, "Wail of the Forgotten": 3089, "Goldvein Hydra_SB": 1144, "Destroy Evil": 650, "The Eternal Wanderer_SB": 2717, "Doppelgang": 693, "High Noon_SB": 1295, "Invasion of Tolvada_SB": 1413, "Picnic Ruiner": 2000, "Rockface Village_SB": 2233, "Elesh Norn_SB": 776, "Season of the Burrow_SB": 2344, "Blast Zone": 225, "Cityscape Leveler": 461, "Fomori Vault": 993, "Ill-Timed Explosion": 1342, "Simulacrum Synthesizer": 2419, "Skitterbeam Battalion": 2427, "Stern Lesson": 2564, "The Mightstone and Weakstone": 2737, "Thran Spider": 2790, "Thundering Falls": 2813, "Volcanic Spite": 3065, "Long River's Pull": 1621, "Mockingbird": 1761, "Razorkin Needlehead": 2123, "Sunspine Lynx": 2615, "Overlord of the Mistmoors_SB": 1930, "Cruelclaw's Heist": 550, "Spellgyre": 2507, "Stoic Sphinx": 2574, "Preacher of the Schism_SB": 2038, "Hajar, Loyal Bodyguard": 1198, "Honest Rutstein": 1312, "Plaza of Heroes": 2017, "Rakdos, the Muscle": 2099, "Ratadrabik of Urborg": 2114, "The Jolly Balloon Man": 2729, "Giant Growth": 1085, "Furnace Reins_SB": 1034, "Agatha's Soul Cauldron": 29, "Cheeky House-Mouse": 444, "Flowerfoot Swordmaster": 988, "Lost Jitte": 1634, "Mabel, Heir to Cragflame": 1655, "Nettle Guard": 1825, "Rabid Gnaw": 2079, "Raging Battle Mouse": 2091, "Voldaren Thrillseeker": 3068, "Parting Gust_SB": 1953, "Shardmage's Rescue_SB": 2375, "Builder's Talent": 339, "Steel Seraph": 2560, "Subterranean Schooner": 2596, "Zoetic Glyph": 3183, "Assimilation Aegis_SB": 132, "Not on My Watch_SB": 1855, "Abrade": 3, "Archangel Elspeth_SB": 92, "Koth, Fire of Resistance": 1525, "The Rollercrusher Ride": 2747, "Phyrexian Dragon Engine_SB": 1987, "Lay Down Arms_SB": 1554, "Magda, the Hoardmaster": 1661, "Vadmir, New Blood": 2982, "Vraan, Executioner Thane": 3080, "Archfiend of the Dross_SB": 100, "Calix, Guided by Fate": 363, "Entity Tracker": 812, "Fae Flight": 873, "Gremlin Tamer": 1174, "Optimistic Scavenger": 1895, "Razorverge Thicket": 2128, "Valgavoth's Lair": 2985, "Etali's Favor": 830, "Insatiable Avarice": 1369, "The Infamous Cruelclaw": 2726, "Lord Skitter, Sewer King_SB": 1633, "Untimely Malfunction_SB": 2957, "Feather of Flight": 922, "Highway Robbery": 1298, "Wrenn's Resolve": 3162, "Blazing Crescendo": 228, "Dreadmaw's Ire_SB": 719, "Gix, Yawgmoth Praetor_SB": 1102, "Virtue of Persistence_SB": 3052, "Wrenn and Realmbreaker_SB": 3160, "Geological Appraiser_SB": 1059, "Screaming Nemesis_SB": 2324, "Vengeful Possession_SB": 3022, "Don't Make a Sound": 689, "Doomsday Excruciator": 690, "Outrageous Robbery_SB": 1916, "Flow of Knowledge": 986, "Shore Up": 2397, "Abhorrent Oculus_SB": 2, "Faerie Mastermind_SB": 881, "Minor Misstep_SB": 1738, "Shore Up_SB": 2398, "Unauthorized Exit_SB": 2916, "Annie Joins Up": 73, "Djeru and Hazoret": 685, "Dragonhawk, Fate's Tempest": 709, "Etali, Primal Conqueror": 831, "Huatli, Poet of Unity": 1326, "Kogla and Yidaro": 1517, "Roxanne, Starfall Savant": 2245, "Bandit's Talent": 170, "Nurturing Pixie": 1860, "Rottenmouth Viper": 2243, "Tithing Blade": 2835, "Calamity's Wake_SB": 361, "Split Up_SB": 2527, "Dollmaker's Shop // Porcelain Gallery_SB": 688, "Commune with Evil": 503, "Rite of the Moth": 2217, "Splitskin Doll": 2528, "Valgavoth's Faithful": 2984, "Unwanted Remake_SB": 2959, "Malcolm, Alluring Scoundrel": 1675, "Steamcore Scholar": 2556, "Invasion of Amonkhet_SB": 1393, "Nemata, Primeval Warden": 1823, "Urgent Necropsy": 2972, "The Filigree Sylex_SB": 2720, "Hammerhand_SB": 1209, "Heaped Harvest": 1244, "Bring the Ending": 320, "Dismal Backwater": 668, "Distorted Curiosity": 673, "Drown in Ichor": 729, "Experimental Augury": 850, "Infectious Inquiry": 1358, "Malicious Eclipse": 1678, "Murky Sewer": 1807, "Prologue to Phyresis": 2052, "Reject Imperfection": 2160, "Season of Loss": 2339, "Vraska's Fall": 3082, "Infectious Inquiry_SB": 1359, "Pestilent Syphoner_SB": 1973, "Aftermath Analyst": 25, "Akawalli, the Seething Tower": 42, "Altanak, the Thrice-Called": 48, "Blanchwood Prowler": 222, "Breach the Multiverse": 306, "Bringer of the Last Gift": 322, "Maha, Its Feathers Night": 1668, "Rubblebelt Maverick": 2249, "Say Its Name": 2296, "Strangled Cemetery": 2587, "Terramorphic Expanse": 2696, "Uurg, Spawn of Turg": 2981, "Voracious Varmint": 3074, "Wary Watchdog": 3108, "Murder_SB": 1805, "Abraded Bluffs": 5, "Armored Armadillo": 113, "Draconic Destiny": 701, "Grand Entryway // Elegant Rotunda": 1159, "Loran's Escape": 1630, "Raucous Carnival": 2117, "Skrelv, Defector Mite": 2430, "Slumbering Keepguard": 2459, "War Squeak": 3096, "Griffnaut Tracker_SB": 1179, "Loran's Escape_SB": 1631, "Smash to Dust_SB": 2460, "Take Up the Shield_SB": 2659, "Broodspinner": 331, "Deathcap Marionette": 607, "Hollow Marauder": 1307, "Huskburster Swarm": 1335, "Jungle Hollow": 1454, "Overwhelming Remorse": 1935, "Writhing Necromass": 3164, "Desperate Bloodseeker_SB": 649, "Echo of Dusk_SB": 755, "Urborg Repossession_SB": 2968, "Voracious Varmint_SB": 3075, "Creosote Heath": 548, "Crystal Carapace": 562, "Etched Cornfield": 834, "Ghostly Dancers": 1079, "Hopeful Vigil": 1315, "Hunter's Talent": 1331, "Toadstool Admirer": 2837, "Petrify_SB": 1975, "Conceited Witch": 506, "Fear of Infinity": 910, "Glimmerlight": 1117, "Shoreline Looter": 2399, "The Witch's Vanity": 2764, "Extract a Confession_SB": 862, "Unable to Scream_SB": 2914, "Elesh Norn, Mother of Machines": 774, "Forlorn Flats": 1004, "Hero of the Dunes": 1275, "Phyrexian Rager": 1994, "Ruthless Lawbringer": 2265, "Scoured Barrens": 2316, "Skullcap Snail": 2434, "Unscrupulous Agent": 2945, "Candy Grapple_SB": 371, "Deadly Riposte_SB": 604, "Nettle Guard_SB": 1826, "Overwhelming Remorse_SB": 1936, "Tithing Blade_SB": 2836, "Vanish into Eternity_SB": 3009, "Gixian Infiltrator": 1103, "Jagged Barrens": 1436, "Sawblade Skinripper": 2294, "Not Dead After All_SB": 1853, "Unseal the Necropolis_SB": 2946, "Bonecache Overseer": 264, "Ichor Drinker": 1338, "Insidious Roots": 1373, "Izoni, Center of the Web": 1429, "Ozolith, the Shattered Spire": 1939, "Skyfisher Spider": 2440, "Snarling Gorehound": 2468, "Stubborn Burrowfiend": 2594, "Twitching Doll": 2899, "Urborg Repossession": 2967, "Lord Skitter, Sewer King": 1632, "Drag to the Bottom_SB": 705, "Enduring Curiosity_SB": 796, "Requisition Raid": 2175, "Third Path Iconoclast": 2768, "Artist's Talent_SB": 119, "Ill-Timed Explosion_SB": 1343, "Kellan, Inquisitive Prodigy": 1488, "Bonny Pall, Clearcutter_SB": 270, "Pest Control_SB": 1971, "Royal Treatment_SB": 2248, "Valley Floodcaller_SB": 2994, "Azure Beastbinder_SB": 157, "Kaervek, the Punisher_SB": 1456, "Invasion of Amonkhet": 1392, "Render Inert": 2166, "Rona's Vortex_SB": 2240, "Pawpatch Formation": 1956, "Skrelv's Hive_SB": 2429, "Shoot the Sheriff": 2395, "The Stone Brain_SB": 2756, "Dreadmaw's Ire": 718, "Karumonix, the Rat King": 1474, "Lilypad Village": 1599, "Nashi, Searcher in the Dark": 1816, "Persistent Marshstalker": 1969, "Vren, the Relentless": 3087, "Cryptic Coat_SB": 558, "Withering Torment": 3149, "Anzrag's Rampage_SB": 81, "Terisian Mindbreaker": 2695, "The Mindskinner": 2740, "Eliminate the Impossible_SB": 777, "No More Lies_SB": 1844, "Push // Pull": 2064, "Fade from History_SB": 872, "The Wandering Rescuer": 2762, "Aspirant's Ascent": 127, "Enter the Enigma": 810, "Ivy, Gleeful Spellthief": 1426, "Molten Duplication": 1768, "Take the Fall": 2661, "Venerated Rotpriest": 3018, "Ivy, Gleeful Spellthief_SB": 1427, "Flowstone Infusion": 989, "Archdruid's Charm": 97, "Arid Archway": 110, "Tyrranax Rex_SB": 2905, "Assassin's Trophy": 129, "Inquisitive Glimmer": 1367, "Kitnap_SB": 1505, "Pawpatch Recruit_SB": 1959, "Break the Spell_SB": 311, "Collector's Vault": 489, "Demonic Counsel": 636, "Reenact the Crime": 2151, "Treasure Map": 2872, "Karn's Sylex_SB": 1469, "Jodah, the Unifier": 1445, "Melira, the Living Cure": 1711, "Relic of Legends": 2162, "Rona, Herald of Invasion": 2241, "Sigarda, Font of Blessings": 2408, "Drana and Linvala_SB": 714, "Kellan, the Kid_SB": 1494, "Kutzil, Malamet Exemplar_SB": 1539, "Myrel, Shield of Argive_SB": 1810, "Skrelv, Defector Mite_SB": 2431, "The Wandering Rescuer_SB": 2763, "Tinybones Joins Up_SB": 2824, "Gishath, Sun's Avatar": 1095, "Restless Vinestalk": 2198, "Ojer Axonil, Deepest Might": 1879, "Geological Appraiser": 1058, "Roaring Furnace // Steaming Sauna": 2229, "Cavern of Souls_SB": 412, "Kogla and Yidaro_SB": 1518, "Up the Beanstalk_SB": 2962, "Vaultborn Tyrant_SB": 3014, "Torch the Witness": 2851, "Balustrade Wurm_SB": 168, "Dusk Rose Reliquary": 740, "Song of Totentanz_SB": 2474, "Ossification": 1904, "Fae Flight_SB": 874, "Ossification_SB": 1905, "Silent Hallcreeper_SB": 2411, "Braided Net": 292, "Chimil, the Inner Sun": 446, "Clay-Fired Bricks": 470, "Farsight Ritual": 894, "Defabricate_SB": 621, "Ezrim, Agency Chief_SB": 867, "Spellbook Vendor": 2506, "Stenn, Paranoid Partisan": 2562, "Gremlin Tamer_SB": 1175, "Dreams of Steel and Oil": 723, "Scrapshooter_SB": 2318, "Unholy Annex // Ritual Chamber_SB": 2934, "Amalia Benavides Aguirre": 49, "Case of the Uneaten Feast": 399, "Lunar Convocation": 1646, "Assimilation Aegis": 131, "Ezrim, Agency Chief": 866, "No Witnesses": 1847, "Season of Weaving": 2341, "The Everflowing Well": 2718, "Thousand Moons Smithy": 2786, "Unstable Glyphbridge": 2949, "Worldwalker Helm": 3156, "Spring-Loaded Sawblades_SB": 2533, "Change the Equation": 435, "Horned Loch-Whale": 1318, "Quick Study": 2075, "Teferi, Temporal Pilgrim": 2678, "The End": 2713, "Chrome Host Seedshark_SB": 452, "Feed the Cycle": 926, "Long Goodbye_SB": 1619, "The Cruelty of Gix_SB": 2709, "Season of Loss_SB": 2340, "Unidentified Hovership_SB": 2936, "Awaken the Woods": 150, "Bonny Pall, Clearcutter": 269, "Goldvein Hydra": 1143, "Nissa, Resurgent Animist": 1841, "Pick Your Poison": 1997, "Surge Engine": 2619, "Training Grounds": 2859, "Vorinclex": 3076, "Aftermath Analyst_SB": 26, "Training Grounds_SB": 2860, "Fortified Beachhead": 1006, "Harbin, Vanguard Aviator": 1211, "Recruitment Officer": 2146, "Zephyr Sentinel": 3176, "Regal Bunnicorn_SB": 2155, "Cryptic Coat": 557, "Valley Flamecaller": 2992, "Scales of Shale_SB": 2303, "Corpses of the Lost_SB": 526, "Bandit's Haul": 169, "Conduit of Worlds": 508, "Faunsbane Troll": 900, "The Goose Mother": 2722, "Stormkeld Vanguard_SB": 2585, "Get Out_SB": 1065, "Anointed Peacekeeper": 78, "Archangel of Tithes": 93, "Guardian of New Benalia": 1190, "Veteran Survivor": 3031, "Anointed Peacekeeper_SB": 79, "Tocasia's Welcome_SB": 2841, "Fugitive Codebreaker": 1023, "Slickshot Show-Off_SB": 2457, "Darkstar Augur_SB": 585, "Fallaji Archaeologist": 887, "Commercial District_SB": 502, "White Sun's Twilight": 3125, "Innkeeper's Talent_SB": 1365, "Restless Ridgeline_SB": 2194, "Drag the Canal": 702, "Arabella, Abandoned Doll": 82, "Case of the Gateway Express_SB": 393, "Patchwork Banner": 1954, "Kaito, Dancing Shadow_SB": 1462, "Rona's Vortex": 2239, "Invasion of Tolvada": 1412, "Archangel of Wrath_SB": 96, "Zur, Eternal Schemer_SB": 3192, "Crawling Chorus": 546, "Skrelv's Hive": 2428, "Sword of Forge and Frontier_SB": 2642, "Sword of Forge and Frontier": 2641, "Sword of Once and Future": 2643, "Unwanted Remake": 2958, "Fleeting Reflection": 977, "Reasonable Doubt": 2135, "Serum Snare": 2366, "The Seedcore": 2749, "Annex Sentry_SB": 71, "Bring the Ending_SB": 321, "Choking Miasma": 449, "Thrun, Breaker of Silence_SB": 2811, "Cenote Scout": 419, "Keen-Eyed Curator": 1481, "Scrapshooter": 2317, "Serra Paragon": 2364, "Seal from Existence": 2331, "Ertai Resurrected_SB": 821, "Jawbone Duelist": 1437, "Fountainport_SB": 1013, "Scorching Shot": 2313, "Emberheart Challenger_SB": 789, "Not on My Watch": 1854, "Binding Negotiation_SB": 207, "Restless Prairie": 2190, "Scrollshift": 2325, "Two-Headed Hunter": 2900, "Tyvar's Stand": 2907, "Valley Questcaller": 2996, "Render Inert_SB": 2167, "Dollmaker's Shop && Porcelain Gallery": 686, "Demolition Field_SB": 635, "Overlord of the Floodpits_SB": 1926, "Agatha's Soul Cauldron_SB": 30, "Lavaspur Boots_SB": 1552, "Overlord of the Balemurk_SB": 1922, "Torpor Orb_SB": 2854, "Deep-Cavern Bat_SB": 616, "Arabella, Abandoned Doll_SB": 83, "Restless Anchorage_SB": 2184, "Bitter Reunion": 212, "Molten Collapse": 1766, "Overlord of the Boilerbilges_SB": 1924, "Island_SB": 1424, "Invasion of Innistrad": 1400, "Long River's Pull_SB": 1622, "Pawpatch Recruit": 1958, "Hunter's Talent_SB": 1332, "Trial of Agony_SB": 2876, "Fugitive Codebreaker_SB": 1024, "Essence Scatter": 828, "Bitter Triumph_SB": 215, "Misery's Shadow_SB": 1751, "Seedglaive Mentor_SB": 2351, "Hugs, Grisly Guardian": 1327, "Lukka, Bound to Ruin": 1639, "Migloz, Maze Crusher": 1730, "Ojer Kaslem, Deepest Growth": 1880, "Seized from Slumber": 2356, "Quintorius Kand_SB": 2077, "Soul Search_SB": 2480, "Walk-In Closet && Forgotten Cellar": 3092, "Assassin's Trophy_SB": 130, "Osseous Sticktwister_SB": 1903, "Unable to Scream": 2913, "Horned Loch-Whale_SB": 1319, "No Witnesses_SB": 1848, "Cursed Recording": 571, "Fires of Victory": 966, "Piggy Bank": 2001, "Rankle's Prank": 2110, "Sunken Citadel_SB": 2611, "Farsight Ritual_SB": 895, "Bladecoil Serpent_SB": 220, "Scorching Dragonfire": 2311, "Phyrexian Arena": 1982, "Urza's Sylex": 2978, "Marchesa, Dealer of Death": 1689, "Curate": 568, "Proft's Eidetic Memory_SB": 2049, "Starscape Cleric_SB": 2550, "Confounding Riddle": 510, "The Enigma Jewel": 2715, "The Swarmweaver": 2758, "Plumecreed Escort": 2018, "Come Back Wrong_SB": 500, "Intrude on the Mind": 1391, "Insatiable Avarice_SB": 1370, "Phyrexian Fleshgorger_SB": 1989, "Sheoldred": 2381, "Artist's Talent": 118, "Brass's Tunnel-Grinder": 300, "Capricious Hellraiser": 376, "Chandra, Hope's Beacon": 429, "Virtue of Knowledge_SB": 3048, "Ruthless Negotiation_SB": 2268, "Sunfire Torch": 2609, "Legion Extruder": 1561, "Ego Drain": 761, "Spell Stutter_SB": 2505, "Talion's Messenger_SB": 2664, "Coati Scavenger": 479, "Drag to the Roots": 706, "Baird, Argivian Recruiter": 161, "Dollmaker's Shop // Porcelain Gallery": 687, "Campus Renovation": 368, "One with the Multiverse": 1892, "Portal to Phyrexia": 2031, "Rankle's Prank_SB": 2111, "Mirror Room // Fractured Realm": 1746, "Trapped in the Screen": 2867, "Leyline of Hope": 1573, "Shoot the Sheriff_SB": 2396, "Shrouded Shepherd_SB": 2404, "Blossoming Tortoise": 256, "Knight of Dusk's Shadow_SB": 1511, "Arcane Proxy": 88, "Bilious Skulldweller": 205, "Venser, Corpse Puppet": 3025, "Drown in Ichor_SB": 730, "Reject Imperfection_SB": 2161, "Serum Snare_SB": 2367, "Venser, Corpse Puppet_SB": 3026, "Vraska, Betrayal's Sting_SB": 3085, "Whisper of the Dross_SB": 3124, "Astor, Bearer of Blades": 133, "Blacksmith's Talent": 218, "Bladehold War-Whip": 221, "Chainsaw": 425, "Dissection Tools": 671, "Rebel Salvo": 2136, "Chrome Prowler": 453, "Combat Thresher": 498, "Hidden Cataract": 1283, "Hidden Courtyard": 1284, "Liberator, Urza's Battlethopter": 1582, "Out Cold": 1908, "Lost in the Maze_SB": 1637, "Spark Rupture_SB": 2495, "Case of the Crimson Pulse": 389, "Scavenger's Talent": 2307, "Meeting of Minds": 1710, "Stoke the Flames": 2576, "Stormcatch Mentor": 2582, "Questing Druid_SB": 2073, "Balustrade Wurm": 167, "The Skullspore Nexus": 2750, "Wrenn and Realmbreaker": 3159, "Glass Casket": 1108, "Repel Calamity": 2170, "Witch's Mark_SB": 3145, "Walk-In Closet && Forgotten Cellar_SB": 3093, "Twinferno": 2892, "Song of Totentanz": 2473, "Tarnation Vista": 2669, "Thundertrap Trainer": 2817, "Dissection Tools_SB": 672, "Volcanic Spite_SB": 3066, "Sandstorm Verge": 2280, "Outrageous Robbery": 1915, "Pillage the Bog_SB": 2007, "Pest Control": 1970, "Manifold Mouse_SB": 1683, "Cankerbloom": 373, "Violent Urge": 3042, "Argentum Masticore_SB": 108, "Archdruid's Charm_SB": 98, "Ghostly Dancers_SB": 1080, "Virtue of Knowledge": 3047, "Micromancer": 1724, "Case of the Filched Falcon": 391, "Invasion of Ixalan": 1401, "Bristlebud Farmer_SB": 324, "Drannith Ruins": 716, "Clement, the Worrywort": 472, "Dour Port-Mage": 697, "Dreamdew Entrancer": 721, "Long River Lurker": 1620, "Mistbreath Elder": 1756, "Oakhollow Village": 1864, "Pond Prophet": 2027, "Sunshower Druid": 2613, "Three Tree Scribe": 2802, "Valley Mightcaller": 2995, "Coppercoat Vanguard": 521, "Valiant Veteran": 2990, "Misery's Shadow": 1750, "Kellan, Daring Traveler": 1487, "Syr Ginger, the Meal Ender": 2651, "Teething Wurmlet": 2677, "Tough Cookie": 2855, "Aven Interrupter_SB": 149, "Tail Swipe_SB": 2655, "Bristly Bill, Spine Sower": 326, "Case of the Locked Hothouse": 394, "Evolving Wilds": 842, "Festering Gulch": 946, "Fake Your Own Death_SB": 886, "Forest_SB": 1001, "Heaped Harvest_SB": 1245, "Swamp_SB": 2634, "Sharp-Eyed Rookie": 2376, "Annex Sentry": 70, "Slaughter Singer": 2449, "Ajani, Sleeper Agent_SB": 39, "Disenchant_SB": 665, "Blood Hustler": 237, "Fauna Shaman": 898, "Haywire Mite": 1235, "Kami of Whispered Hopes": 1466, "Likeness Looter": 1594, "Lively Dirge": 1606, "Nashi, Moon's Legacy": 1815, "Tyvar, Jubilant Brawler": 2909, "Burrowguard Mentor": 350, "Finneas, Ace Archer": 963, "Hop to It": 1313, "Seasoned Warrenguard": 2346, "Treeguard Duo_SB": 2874, "Demand Answers": 633, "Metropolis Reformer_SB": 1723, "Magebane Lizard_SB": 1663, "Roaring Furnace && Steaming Sauna": 2227, "Breeches, Eager Pillager": 312, "Captain Storm, Cosmium Raider": 379, "Goblin Tomb Raider": 1139, "Kitesail Larcenist": 1503, "Malcolm, the Eyes": 1677, "Reckless Lackey": 2139, "Roaming Throne": 2225, "Staunch Crewmate": 2554, "Roaming Throne_SB": 2226, "Chupacabra Echo": 454, "Cruel Somnophage": 549, "Gnawing Vermin": 1127, "Hollow Scavenger": 1309, "Urborg Lhurgoyf": 2966, "Take Up the Shield": 2658, "Jirina, Dauntless General_SB": 1444, "Slime Against Humanity": 2458, "Explosive Derailment": 854, "Fell": 939, "Great Train Heist": 1165, "Kaervek, the Punisher": 1455, "Lazav, Familiar Stranger": 1555, "Vial Smasher, Gleeful Grenadier": 3034, "Niv-Mizzet, Supreme": 1842, "Hedge Shredder": 1256, "Grievous Wound_SB": 1178, "Terror Tide_SB": 2699, "Cathartic Parting_SB": 404, "Impulse_SB": 1353, "Lich-Knights' Conquest_SB": 1584, "Overlord of the Hauntwoods_SB": 1928, "Phantom Interference_SB": 1977, "Virtue of Loyalty_SB": 3050, "Return the Favor": 2203, "Chainsaw_SB": 426, "Might of the Meek_SB": 1729, "Rabid Gnaw_SB": 2080, "Turn Inside Out_SB": 2890, "Bovine Intervention_SB": 291, "Scatter Ray": 2305, "Ashiok, Wicked Manipulator_SB": 123, "Ghired, Mirror of the Wilds": 1073, "Cult Conscript": 564, "Fear of Impostors": 908, "Monstrous Emergence_SB": 1782, "Roaring Furnace && Steaming Sauna_SB": 2228, "Aven Interrupter": 148, "Hidetsugu and Kairi": 1291, "Under the Skin": 2921, "Elusive Otter_SB": 782, "Unyielding Gatekeeper": 2960, "Etali, Primal Conqueror_SB": 832, "Lightning Strike_SB": 1592, "Restricted Office && Lecture Hall_SB": 2199, "Season of Weaving_SB": 2342, "Razorkin Needlehead_SB": 2124, "Cunning Coyote": 566, "Osteomancer Adept": 1906, "Tail Swipe": 2654, "Thraxodemon": 2793, "Fear of Lost Teeth": 914, "Invasion of Azgol": 1395, "The Witch's Vanity_SB": 2765, "Tinybones, the Pickpocket_SB": 2827, "Decadent Dragon": 611, "Rakdos, Patron of Chaos": 2098, "Gingerbrute": 1092, "Marvin, Murderous Mimic": 1695, "Monstrous Emergence": 1781, "Kitesail Larcenist_SB": 1504, "Repulsive Mutation_SB": 2173, "The Infamous Cruelclaw_SB": 2727, "Lupinflower Village": 1649, "Pollen-Shield Hare": 2022, "Three Tree City": 2800, "Glass Casket_SB": 1109, "Ingenious Prodigy": 1363, "Kaito, Dancing Shadow": 1461, "Plumecreed Escort_SB": 2019, "Ashiok, Wicked Manipulator": 122, "Final Showdown": 959, "Kutzil's Flanker": 1536, "Captivating Cave": 380, "Teferi, Temporal Pilgrim_SB": 2679, "Aloe Alchemist": 47, "Yavimaya Iconoclast": 3168, "Hearth Elemental": 1251, "Lavaspur Boots": 1551, "Hearth Elemental_SB": 1252, "Zoraline, Cosmos Caller_SB": 3188, "Neutralize the Guards_SB": 1828, "Bloodletter of Aclazotz_SB": 245, "Braids, Arisen Nightmare_SB": 295, "Torch the Witness_SB": 2852, "Pugnacious Hammerskull_SB": 2062, "Wrenn's Resolve_SB": 3163, "Fear of Isolation": 912, "Glarb, Calamity's Augur": 1106, "Glarb, Calamity's Augur_SB": 1107, "Market Gnome": 1690, "Kambal, Profiteering Mayor_SB": 1465, "Warden of the Inner Sky_SB": 3099, "Painter's Studio && Defaced Gallery_SB": 1944, "Planar Disruption_SB": 2015, "Portent of Calamity": 2032, "The Irencrag": 2728, "Scrollshift_SB": 2326, "Overprotect_SB": 1932, "Floodpits Drowner_SB": 983, "Lukka, Bound to Ruin_SB": 1640, "Roxanne, Starfall Savant_SB": 2246, "Black Sun's Twilight": 216, "Corrupt": 527, "Haunted Mire": 1231, "Iridescent Vinelasher_SB": 1420, "Errant and Giada": 818, "Werefox Bodyguard_SB": 3121, "Lost in the Maze": 1636, "Bristling Backwoods": 325, "Rugged Highlands": 2251, "Great Train Heist_SB": 1166, "Razortrap Gorge": 2127, "Herbology Instructor_SB": 1271, "Hidden Grotto": 1285, "Maelstrom Pulse": 1659, "Scavenging Ooze": 2308, "Vivien Reid": 3057, "Liliana, Dreadhorde General_SB": 1598, "Maelstrom Pulse_SB": 1660, "Heroic Reinforcements": 1279, "Phyrexian Obliterator": 1992, "Back for Seconds_SB": 159, "Case of the Stashed Skeleton_SB": 398, "Homicide Investigator_SB": 1311, "Boros Charm": 277, "Burst Lightning": 351, "Llanowar Elves": 1609, "Abyssal Harvester": 9, "Day of Judgment": 591, "Authority of the Consuls_SB": 146, "Devout Decree_SB": 656, "Flashfreeze_SB": 974, "Evangel of Synthesis": 839, "Zombify": 3185, "Desecration Demon_SB": 646, "Wail of the Forgotten_SB": 3090, "Soulstone Sanctuary": 2490, "Scavenging Ooze_SB": 2309, "Vivien Reid_SB": 3058, "Basilisk Collar_SB": 185, "Sun-Blessed Healer": 2601, "Temple of Triumph": 2690, "Campus Renovation_SB": 369, "Boltwave": 262, "Virtue of Courage": 3045, "Heartflame Duelist_SB": 1250, "Slagstorm_SB": 2448, "Splitskin Doll_SB": 2529, "Mazemind Tome": 1704, "Crystal Barricade_SB": 561, "Bloodthirsty Conqueror_SB": 249, "Kellan, Planar Trailblazer": 1490, "Opt": 1893, "Faebloom Trick": 875, "Feed the Swarm_SB": 930, "Kaito, Cunning Infiltrator_SB": 1460, "Spinner of Souls": 2518, "Pitiless Carnage_SB": 2010, "Kiora, the Rising Tide": 1501, "Ghitu Lavarunner": 1075, "Thrill of Possibility": 2805, "Blooming Blast_SB": 253, "Elenda, Saint of Dusk": 771, "Garna, Bloodfist of Keld": 1043, "Kellan, the Kid": 1493, "Secluded Courtyard": 2348, "Authority of the Consuls": 145, "Exemplar of Light": 843, "Fiendish Panda": 951, "Hinterland Sanctifier": 1300, "Elenda, Saint of Dusk_SB": 772, "Combat Research": 497, "Spectral Sailor": 2500, "Unsummon": 2954, "Brineborn Cutthroat_SB": 319, "Ertai's Scorn_SB": 823, "Flow of Knowledge_SB": 987, "Haughty Djinn_SB": 1228, "Urza's Rebuff_SB": 2976, "Hero's Downfall": 1276, "Liliana, Dreadhorde General": 1597, "Temple of Malady": 2685, "Temple of Plenty": 2688, "Temple of Silence": 2689, "Mortify_SB": 1790, "White Sun's Twilight_SB": 3126, "Felidar Retreat": 936, "Herald of Eternal Dawn": 1266, "Loot, Exuberant Explorer": 1624, "Mossborn Hydra": 1791, "Giant Cindermaw_SB": 1084, "Bloodthirsty Conqueror": 248, "Heartflame Duelist": 1249, "Viashino Pyromancer": 3035, "Ball Lightning": 164, "Bloodfeather Phoenix": 240, "Grab the Prize": 1152, "Lyra Dawnbringer_SB": 1653, "Virtue of Courage_SB": 3046, "Abyssal Harvester_SB": 10, "Painter's Studio // Defaced Gallery_SB": 1946, "Kaito, Cunning Infiltrator": 1459, "Sphinx of Forgotten Lore": 2510, "Aetherize_SB": 23, "Feldon's Cane_SB": 932, "Demonic Pact": 640, "Harmless Offering": 1220, "Ethereal Armor_SB": 837, "Cathar Commando": 402, "Knight of Grace": 1512, "Ajani, Caller of the Pride_SB": 36, "Dead Weight": 596, "Gixian Puppeteer": 1105, "Revenge of the Rats": 2204, "Terror Ballista": 2697, "The Ancient One": 2706, "Razorlash Transmogrant_SB": 2126, "Reclamation Sage_SB": 2143, "An Offer You Can't Refuse_SB": 55, "Trapped in the Screen_SB": 2868, "Llanowar Greenwidow": 1611, "Final Showdown_SB": 960, "Subterranean Schooner_SB": 2597, "Virtue of Strength": 3053, "Worldsoul's Rage": 3155, "Hero's Downfall_SB": 1277, "Zurgo and Ojutai": 3193, "Refute": 2152, "Curator of Destinies_SB": 569, "Day of Judgment_SB": 592, "Ashroot Animist": 126, "Polukranos Reborn": 2025, "Ruby, Daring Tracker": 2250, "Muerra, Trash Tactician_SB": 1801, "Soulless Jailer_SB": 2487, "Boros Charm_SB": 278, "Anim Pakal, Thousandth Moon": 67, "Jirina, Dauntless General": 1443, "Deathmark_SB": 608, "Joust Through_SB": 1451, "Knight of Grace_SB": 1513, "Raise the Past_SB": 2094, "Arcanis the Omnipotent_SB": 90, "Feed the Cycle_SB": 927, "Insidious Fungus_SB": 1372, "Stab_SB": 2541, "Dazzling Denial": 594, "Empyrean Eagle": 790, "Healer's Hawk": 1243, "Blooming Blast": 252, "Coruscation Mage": 531, "Firebrand Archer": 964, "Bloated Contaminator": 234, "High Stride": 1296, "Infectious Bite": 1357, "Aspirant's Ascent_SB": 128, "Distorted Curiosity_SB": 674, "Enter the Enigma_SB": 811, "Fleeting Reflection_SB": 978, "High Stride_SB": 1297, "Prologue to Phyresis_SB": 2053, "This Town Ain't Big Enough_SB": 2773, "Greed's Gambit": 1167, "Molten Collapse_SB": 1767, "Sire of Seven Deaths_SB": 2422, "Temple of Deceit": 2682, "Sentinel of the Nameless City_SB": 2362, "Doubling Season": 695, "Cathar Commando_SB": 403, "Elegant Parlor_SB": 770, "Thrun, Breaker of Silence": 2810, "Buried in the Garden": 344, "Clifftop Lookout": 473, "Fecund Greenshell": 924, "Genesis Wave": 1057, "Invasion of Zendikar": 1414, "Tender Wildguide": 2693, "Roaring Furnace // Steaming Sauna_SB": 2230, "Chimil, the Inner Sun_SB": 447, "Pilfer_SB": 2005, "Urborg Scavengers_SB": 2970, "Ferocification_SB": 945, "Audacity_SB": 141, "Hard-Hitting Question": 1216, "Starfall Invocation": 2547, "Ajani's Pridemate": 34, "Arahbo, the First Fang": 85, "Banishing Light": 172, "Joust Through": 1450, "Prideful Parent": 2040, "Regal Caracal": 2156, "Savannah Lions": 2290, "Skyknight Squire": 2442, "Banishing Light_SB": 173, "Claws Out_SB": 469, "Brineborn Cutthroat": 318, "Desecration Demon": 645, "Cynical Loner": 578, "Driver of the Dead": 727, "Gatekeeper of Malakir": 1053, "Infestation Sage": 1360, "Kalastria Highborn": 1463, "Nullpriest of Oblivion": 1859, "Pulse Tracker": 2063, "Vampire Nighthawk": 3004, "Vengeful Bloodwitch": 3020, "Undergrowth Recon": 2925, "Walk-In Closet // Forgotten Cellar": 3094, "An Offer You Can't Refuse": 54, "Carnelian Orb of Dragonkind": 384, "Invasion of Tarkir": 1409, "Sarkhan, Soul Aflame": 2287, "Slagstorm": 2447, "Stingerback Terror": 2567, "Twinflame Tyrant": 2894, "Omniscience": 1889, "Drag to the Roots_SB": 707, "Witness Protection_SB": 3152, "Luminous Rebuke": 1643, "Primal Might": 2041, "Arcanis the Omnipotent": 89, "Moment of Craving_SB": 1771, "Invasion of Regatha": 1406, "Tinybones, Bauble Burglar": 2825, "Sphinx of Forgotten Lore_SB": 2511, "Ashnod's Intervention": 125, "Barbed Batterfist": 177, "Bloodfeather Phoenix_SB": 241, "Koma, World-Eater": 1522, "Valgavoth, Terror Eater_SB": 2989, "Fear of Impostors_SB": 909, "Giada, Font of Hope": 1081, "Guardian of Ghirapur": 1189, "Lyra Dawnbringer": 1652, "Resplendent Angel": 2178, "Youthful Valkyrie": 3173, "Witness Protection": 3151, "Fabrication Foundry": 871, "Fumigate": 1026, "Hammerhand": 1208, "Sawblade Scamp": 2293, "Citanul Stalwart": 460, "Dwynen's Elite": 746, "Elvish Archdruid": 783, "Imperious Perfect": 1349, "Leaf-Crowned Visionary": 1557, "Surrak and Goreclaw": 2628, "Tyvar the Bellicose": 2906, "Tyvar, the Pummeler": 2910, "Dwynen, Gilt-Leaf Daen_SB": 748, "Deeproot Wayfinder": 619, "Restless Cottage_SB": 2188, "Unsummon_SB": 2955, "Sire of Seven Deaths": 2421, "Surrak, the Hunt Caller": 2632, "Wildborn Preserver_SB": 3129, "Searslicer Goblin": 2335, "Stromkirk Noble": 2593, "Reclamation Sage": 2142, "Case of the Locked Hothouse_SB": 395, "Bulk Up": 341, "Chandra, Flameshaper": 427, "Leyline Axe": 1570, "Neglected Manor": 1822, "Sporogenic Infection": 2530, "Commune with Evil_SB": 504, "Fear of Missing Out_SB": 916, "Swiftblade Vindicator": 2636, "Archmage of Runes": 101, "Ertai's Scorn": 822, "Metamorphic Blast": 1718, "Unauthorized Exit": 2915, "Harrier Strix_SB": 1223, "Strix Lookout_SB": 2590, "The Tale of Tamiyo_SB": 2761, "Twist Reality_SB": 2896, "Helpful Hunter": 1264, "Knight of Dawn's Light": 1508, "Raise the Past": 2093, "Enduring Tenacity_SB": 800, "Leyline of Hope_SB": 1574, "Coppercoat Vanguard_SB": 522, "Garna, Bloodfist of Keld_SB": 1044, "Massacre Wurm_SB": 1699, "Burst Lightning_SB": 352, "Vampire Nighthawk_SB": 3005, "Runic Shot_SB": 2260, "Razorlash Transmogrant": 2125, "Huskburster Swarm_SB": 1336, "Hearthborn Battler": 1253, "Invasion of Tarkir_SB": 1410, "Guardian of the Great Door": 1191, "Lonely Arroyo": 1617, "Norn's Inquisitor": 1851, "Spring-Loaded Sawblades": 2532, "Electrostatic Infantry": 768, "Impact Tremors": 1347, "Kindlespark Duo": 1499, "Ral's Reinforcements": 2101, "Rodeo Pyromancers": 2235, "The Autonomous Furnace": 2707, "Deadeye Duelist_SB": 598, "Skewer Slinger_SB": 2424, "Thunder Salvo_SB": 2812, "Fear of Being Hunted": 904, "Frenzied Goblin_SB": 1017, "Gloomfang Mauler": 1122, "Possessed Goat": 2033, "Shroudstomper": 2405, "Tocasia's Dig Site": 2839, "Vile Mutilator": 3039, "Deadly Brew": 599, "Osseous Sticktwister": 1902, "Thornwood Falls": 2779, "Azorius Guildgate": 155, "Beanstalk Wurm": 192, "Boros Guildgate": 279, "Circuitous Route": 459, "Dimir Guildgate": 661, "Eaten Alive": 752, "Expedition Map": 847, "Golgari Guildgate": 1146, "Gruul Guildgate": 1186, "Insidious Fungus": 1371, "Izzet Guildgate": 1431, "Maze's End": 1702, "Muldrotha, the Gravetide": 1802, "Orzhov Guildgate": 1901, "Rakdos Guildgate": 2095, "Selesnya Guildgate": 2358, "Simic Guildgate": 2418, "Tatyova, Benthic Druid": 2671, "Atraxa's Fall_SB": 137, "Brightblade Stoat_SB": 315, "Savor_SB": 2292, "Agate-Blade Assassin": 28, "Outlaws' Fury": 1913, "Ravine Raider": 2121, "Scales of Shale": 2302, "Agate Assault_SB": 27, "Bake into a Pie_SB": 162, "Hazardous Blast_SB": 1237, "Dewdrop Cure": 657, "Elesh Norn": 773, "Goblin Surprise": 1138, "Irreverent Gremlin": 1422, "Krenko, Mob Boss": 1532, "Norin, Swift Survivalist": 1849, "Vicious Clown": 3037, "Wind-Scarred Crag": 3136, "Involuntary Employment_SB": 1418, "Contaminated Aquifer": 519, "Marauding Brinefang": 1687, "Soul-Guide Lantern": 2482, "Union of the Third Path": 2937, "Vanish into Eternity": 3008, "Candy Trail": 372, "Desperate Bloodseeker": 648, "Marauding Blight-Priest": 1686, "Moment of Craving": 1770, "Murder": 1804, "Savor": 2291, "Servant of the Stinger": 2368, "Sanguine Indulgence_SB": 2283, "Soul-Shackled Zombie_SB": 2485, "Midnight Mayhem": 1726, "Ratcatcher Trainee": 2115, "Scytheclaw Raptor_SB": 2329, "Dragon Fodder": 708, "Keldon Strike Team_SB": 1484, "Bartolom\u00e9 del Presidio": 181, "Midnight Reaper": 1727, "Nezumi Linkbreaker": 1831, "Vampire Gourmand": 3003, "Prophetic Prism": 2055, "Souls of the Lost": 2488, "Basilisk Collar": 184, "Ambush Wolf_SB": 51, "Dead Weight_SB": 597, "Fog of War_SB": 992, "Aetherize": 22, "Peculiar Lighthouse": 1961, "Swiftwater Cliffs": 2639, "Tranquil Cove": 2861, "Tolarian Terror_SB": 2844, "Union of the Third Path_SB": 2938, "Hidetsugu's Second Rite": 1292, "Ghitu Lavarunner_SB": 1076, "Boulderbranch Golem": 288, "Fierce Empath": 953, "Galewind Moose": 1039, "Gossip's Talent": 1151, "Gruff Triplets": 1185, "Lush Oasis": 1650, "Mirage Mesa": 1740, "Outcaster Greenblade": 1910, "Sunshower Druid_SB": 2614, "Banner of Kinship": 174, "Baylen, the Haymaker": 190, "Blossoming Sands": 255, "Hare Apparent": 1219, "Kayla's Reconstruction": 1480, "Hinterland Sanctifier_SB": 1301, "Drag the Canal_SB": 703, "Scatter Ray_SB": 2306, "Stingerback Terror_SB": 2568, "Flamewake Phoenix_SB": 971, "Grand Entryway && Elegant Rotunda": 1158, "Karplusan Forest_SB": 1473, "Argoth, Sanctum of Nature": 109, "Cosmic Rebirth": 534, "Elvish Regrower": 786, "Springbloom Druid": 2534, "Titania, Voice of Gaea": 2833, "Tolsimir, Midnight's Light": 2845, "Twisted Fealty": 2897, "Aegis Turtle_SB": 18, "Temple of Malice": 2686, "Night of the Sweets' Revenge": 1833, "Welcome to Sweettooth": 3119, "Cosmium Confluence_SB": 537, "See Double_SB": 2349, "Volatile Fault_SB": 3064, "Fiery Annihilation_SB": 955, "Elvish Archivist": 784, "Calix, Guided by Fate_SB": 364, "Divine Resilience_SB": 684, "Unflinching Courage_SB": 2930, "Valorous Stance_SB": 3002, "Immersturm Predator": 1344, "Trygon Predator_SB": 2883, "Dwynen, Gilt-Leaf Daen": 747, "Lathril, Blade of the Elves": 1546, "Wildborn Preserver": 3128, "Ajani, Caller of the Pride": 35, "Angel of Vitality": 64, "Leonin Vanguard": 1566, "Extinguish the Light_SB": 861, "Nine-Lives Familiar": 1838, "Voracious Greatshark": 3073, "Anthem of Champions": 80, "Armasaur Guide": 112, "Biogenic Upgrade": 208, "Charming Prince": 439, "Dazzling Angel": 593, "Felidar Savior": 938, "Felling Blow": 941, "Gnarlid Colony": 1126, "Good-Fortune Unicorn": 1150, "Inspiring Call": 1375, "Inspiring Paladin": 1377, "Mild-Mannered Librarian": 1732, "Pacifism": 1940, "Wary Thespian": 3107, "Wildwood Scourge": 3132, "Rite of Replication": 2214, "Swiftfoot Boots_SB": 2638, "Silver Scrutiny_SB": 2414, "Eaten by Piranhas_SB": 754, "Phyrexian Obliterator_SB": 1993, "Axebane Ferox_SB": 152, "Flourishing Bloom-Kin": 985, "Ghalta, Primal Hunger": 1070, "Alesha, Who Laughs at Fate": 44, "Aurelia, the Law Above": 143, "Perforating Artist": 1965, "Voldaren Thrillseeker_SB": 3069, "Urabrask": 2963, "Crash Through": 544, "Drake Hatcher": 712, "Slick Sequence": 2454, "Feed the Swarm": 929, "Crawling Barrens": 545, "Mazemind Tome_SB": 1705, "Atraxa, Grand Unifier_SB": 139, "Phyrexian Censor": 1984, "Phyrexian Vindicator": 1995, "Volatile Fault": 3063, "Seal from Existence_SB": 2332, "Stasis Snare_SB": 2552, "Urborg Scavengers": 2969, "Zetalpa, Primal Dawn": 3179, "Chrome Host Seedshark": 451, "Ichormoon Gauntlet": 1339, "Jace Reawakened": 1432, "Jin-Gitaxias": 1442, "Temple of Epiphany": 2684, "Galvanize_SB": 1041, "Tocasia's Welcome": 2840, "Bonehoard Dracosaur": 267, "Dragonlord's Servant": 710, "Incinerator of the Guilty": 1354, "Kolaghan Warmonger": 1519, "Rivaz of the Claw": 2218, "Tyrant of Kher Ridges": 2901, "Push // Pull_SB": 2065, "Burglar Rat": 343, "Halo Forager": 1205, "Hidden Necropolis": 1286, "Macabre Waltz": 1657, "Mindsplice Apparatus": 1735, "Painful Quandary": 1941, "Psychic Whorl": 2059, "Rune-Scarred Demon": 2258, "The Key to the Vault": 2732, "Joint Exploration": 1449, "Titania's Command_SB": 2832, "Dawn's Truce": 588, "Colossal Rattlewurm": 494, "Desert's Due": 647, "Duelist of the Mind": 735, "Rattleback Apothecary": 2116, "Tatyova, Steward of Tides": 2672, "Tomb Trawler_SB": 2847, "Urza's Sylex_SB": 2979, "The Rollercrusher Ride_SB": 2748, "Titania, Voice of Gaea_SB": 2834, "Nashi, Searcher in the Dark_SB": 1817, "Inspiration from Beyond": 1374, "Realmbreaker, the Invasion Tree_SB": 2134, "Grand Abolisher_SB": 1157, "Filter Out_SB": 957, "Kutzil, Malamet Exemplar": 1538, "Runic Shot": 2259, "Herald of Eternal Dawn_SB": 1267, "Sun-Blessed Healer_SB": 2602, "Seeker's Folly": 2352, "Mortify": 1789, "Coveted Falcon": 541, "Greed's Gambit_SB": 1168, "Valgavoth's Onslaught": 2986, "Stab": 2540, "Vinereap Mentor": 3040, "Ferocification": 944, "Dreadwing Scavenger": 720, "Broodspinner_SB": 332, "The Gitrog, Ravenous Ride_SB": 2721, "Collector's Cage": 487, "Invasion of Gobakhan": 1398, "Fiery Annihilation": 954, "Invasion of Arcavios": 1394, "Beseech the Mirror_SB": 199, "Heroic Reinforcements_SB": 1280, "Peerless Recycling_SB": 1962, "Wing Commando": 3138, "Bloodfell Caves": 242, "Essence Scatter_SB": 829, "Cerebral Confiscation_SB": 422, "Ruthless Negotiation": 2267, "Haunted Screen": 1233, "Prayer of Binding": 2036, "Furnace Reins": 1033, "River's Rebuke": 2219, "Koma, World-Eater_SB": 1523, "Primeval Bounty_SB": 2043, "River's Rebuke_SB": 2220, "Regal Caracal_SB": 2157, "Kiora, the Rising Tide_SB": 1502, "Rat Out_SB": 2113, "Plains_SB": 2013, "Faebloom Trick_SB": 876, "Throne of the Grim Captain": 2807, "The Kenriths' Royal Funeral_SB": 2731, "Saiba Cryptomancer": 2275, "Zoetic Glyph_SB": 3184, "Seized from Slumber_SB": 2357, "Inspiring Overseer": 1376, "Mischievous Pup": 1749, "Surgical Suite // Hospital Room": 2626, "Angel of Finality_SB": 63, "Belligerent Yearling": 197, "Colossadactyl": 493, "Earthshaker Dreadmaw": 751, "Giant Cindermaw": 1083, "Itzquinth, Firstborn of Gishath": 1425, "Ixalli's Lorekeeper": 1428, "Rogue's Passage": 2236, "Scytheclaw Raptor": 2328, "Thrashing Brontodon": 2792, "Triumphant Chomp": 2880, "Armored Kincaller_SB": 115, "Badlands Revival": 160, "Copper Host Crusher": 520, "Feed the Infection": 928, "Vinereap Mentor_SB": 3041, "Seize the Secrets": 2354, "Soured Springs": 2492, "Ankle Biter": 69, "Fynn, the Fangbearer": 1035, "Nimraiser Paladin": 1837, "The Dross Pits": 2710, "The Hunter Maze": 2723, "Kraul Whipcracker": 1527, "Wardens of the Cycle": 3100, "At Knifepoint": 135, "Fanatical Firebrand": 890, "Hellspur Brute": 1260, "Caught in the Crossfire_SB": 405, "Mourner's Surprise_SB": 1797, "Unflinching Courage": 2929, "Sanguine Evangelist_SB": 2282, "Sandstorm Salvager": 2278, "Hired Claw_SB": 1303, "Autonomous Assembler": 147, "Quintorius Kand": 2076, "Kayla's Command_SB": 1479, "Starfall Invocation_SB": 2548, "Luminous Rebuke_SB": 1644, "Massacre Wurm": 1698, "Stalactite Stalker": 2542, "Felidar Retreat_SB": 937, "Dreamdew Entrancer_SB": 722, "Werefox Bodyguard": 3120, "Spinner of Souls_SB": 2519, "Gisa, the Hellraiser_SB": 1094, "Bitter Reunion_SB": 213, "Jace Reawakened_SB": 1433, "Dust Animus": 742, "Steel Seraph_SB": 2561, "Dust Animus_SB": 743, "Gumdrop Poisoner_SB": 1196, "Archangel of Tithes_SB": 94, "Demonic Counsel_SB": 637, "Warleader's Call_SB": 3104, "Phyrexian Censor_SB": 1985, "Callous Sell-Sword_SB": 367, "Rat Out": 2112, "Lively Dirge_SB": 1607, "Herbology Instructor": 1270, "Restless Bivouac_SB": 2186, "Scorn-Blade Berserker": 2315, "Imperious Perfect_SB": 1350, "Sandstorm Salvager_SB": 2279, "Tough Cookie_SB": 2856, "Raucous Carnival_SB": 2118, "Cavernous Maw": 413, "Forgotten Monument": 1003, "Titania's Command": 2831, "Grievous Wound": 1177, "Funeral Room // Awakening Hall_SB": 1029, "Rise of the Dark Realms_SB": 2212, "Urza, Lord Protector": 2980, "Curious Forager": 570, "The Mycotyrant": 2743, "Thornvault Forager": 2778, "Sporogenic Infection_SB": 2531, "Seize the Spoils": 2355, "Canonized in Blood": 375, "Cemetery Recruitment": 418, "Diregraf Ghoul": 662, "Hungry Ghoul": 1330, "Mephitic Draught": 1716, "Offer Immortality": 1876, "Sanguine Syphoner": 2284, "Skeleton Archer": 2423, "Vampiric Rites": 3007, "Fumigate_SB": 1027, "Valkyrie's Call_SB": 2991, "Skystrike Officer": 2446, "Temple of Enlightenment": 2683, "Mockingbird_SB": 1762, "Temple of Mystery": 2687, "Timely Interference": 2821, "Vesuvan Duplimancy": 3029, "Dive Down_SB": 680, "Scrawling Crawler_SB": 2321, "Dryad Militant_SB": 733, "Bristlebud Farmer": 323, "Charred Foyer && Warped Space_SB": 441, "Absolving Lammasu_SB": 6, "Think Twice": 2766, "Micromancer_SB": 1725, "Coruscation Mage_SB": 532, "Bruse Tarl, Roving Rancher": 335, "Fblthp, Lost on the Range": 901, "Weakstone's Subjugation": 3112, "Fblthp, Lost on the Range_SB": 902, "Weakstone's Subjugation_SB": 3113, "Bottomless Pool && Locker Room": 284, "Hidetsugu's Second Rite_SB": 1293, "Invasion of Karsus_SB": 1404, "Mirror Room && Fractured Realm_SB": 1745, "Sword of Wealth and Power_SB": 2646, "Wildfire Howl_SB": 3130, "Zurgo and Ojutai_SB": 3194, "Halo Forager_SB": 1206, "Mabel, Heir to Cragflame_SB": 1656, "Ballyrush Banneret": 165, "Siege Veteran_SB": 2406, "Soulstone Sanctuary_SB": 2491, "Karn, Living Legacy": 1470, "Metropolis Reformer": 1722, "Krenko's Buzzcrusher_SB": 1531, "Silverback Elder_SB": 2415, "Blood Spatter Analysis": 239, "Final Vengeance_SB": 962, "Branchblight Stalker": 298, "Gitaxian Anatomist": 1096, "Goliath Hatchery": 1147, "Ichorspit Basilisk": 1340, "Lakeside Shack": 1543, "Maze's Mantle": 1703, "Meat Locker // Drowned Diner": 1706, "Mesmerizing Dose": 1717, "Paladin of Predation": 1947, "Plague Nurse": 2011, "Tainted Observer": 2657, "Tangled Islet": 2668, "Thrummingbird": 2809, "Tyrranax Atrocity": 2903, "Venomous Brutalizer": 3024, "Viral Spawning": 3044, "Vivisurgeon's Insight": 3059, "Angelic Intervention": 65, "Omenpath Journey": 1888, "Poison Dart Frog": 2020, "Rampaging Baloths": 2105, "Rundvelt Hordemaster": 2256, "Migloz, Maze Crusher_SB": 1731, "Seraphic Steed": 2363, "Meticulous Excavation_SB": 1721, "Seeker's Folly_SB": 2353, "Realmbreaker, the Invasion Tree": 2133, "Deeproot Pilgrimage": 618, "Mistway Spy": 1758, "Vodalian Hexcatcher": 3061, "Aegis Turtle": 17, "Venerated Rotpriest_SB": 3019, "Grabby Giant": 1154, "Rite of the Dragoncaller": 2215, "Hulking Raptor": 1329, "Pugnacious Hammerskull": 2061, "Gwenna, Eyes of Gaea": 1197, "Halana and Alena, Partners": 1200, "Inga and Esika": 1362, "Myrel, Shield of Argive": 1809, "Hajar, Loyal Bodyguard_SB": 1199, "Surrak and Goreclaw_SB": 2629, "Invasion of Kaldheim": 1402, "Pia Nalaar, Consul of Revival": 1996, "Doomsday Excruciator_SB": 691, "Getaway Glamer_SB": 1067, "Bottomless Pool // Locker Room": 286, "Necrogen Communion": 1818, "Vraska Joins Up": 3081, "Thirsting Roots_SB": 2771, "Silver Scrutiny": 2413, "Battlefly Swarm": 189, "Solemn Simulacrum": 2470, "Maha, Its Feathers Night_SB": 1669, "Viashino Pyromancer_SB": 3036, "The Stone Brain": 2755, "Decadent Dragon_SB": 612, "Defiled Crypt // Cadaver Lab_SB": 629, "Heraldic Banner": 1268, "Heraldic Banner_SB": 1269, "Thalia and The Gitrog Monster": 2702, "Surgical Suite && Hospital Room_SB": 2625, "Beastie Beatdown": 193, "Entity Tracker_SB": 813, "Rebel Salvo_SB": 2137, "Aether Channeler": 19, "Defiled Crypt && Cadaver Lab": 626, "Exuberant Fuseling": 865, "Thundertrap Trainer_SB": 2818, "Abuelo's Awakening": 7, "Kitsa, Otterball Elite_SB": 1507, "Rona, Herald of Invasion_SB": 2242, "Unnerving Grasp_SB": 2943, "Fear of Surveillance": 917, "Wilt-Leaf Liege_SB": 3135, "Kona, Rescue Beastie": 1524, "Time Stop": 2819, "Fleeting Flight_SB": 976, "Trash the Town_SB": 2870, "Crumb and Get It": 552, "Agrus Kos, Spirit of Justice": 33, "Muerra, Trash Tactician": 1800, "Quick Draw_SB": 2074, "Smuggler's Surprise_SB": 2464, "Whisper of the Dross": 3123, "Vraska's Fall_SB": 3083, "Blasphemous Edict": 223, "Bottomless Pool // Locker Room_SB": 287, "The Princess Takes Flight_SB": 2744, "Anim Pakal, Thousandth Moon_SB": 68, "Adaptive Automaton": 14, "Three Tree Mascot": 2801, "Palani's Hatcher": 1948, "Temple of Abandon": 2681, "Mischievous Mystic": 1748, "Defiler of Flesh": 631, "Garruk's Uprising": 1045, "Zul Ashur, Lich Lord": 3190, "Kraul Whipcracker_SB": 1528, "Mechanized Warfare": 1709, "Restless Reef_SB": 2192, "Lifecreed Duo": 1586, "At Knifepoint_SB": 136, "Monstrous Rage_SB": 1784, "Kellan's Lightblades_SB": 1486, "Blasphemous Edict_SB": 224, "Annie Flash, the Veteran_SB": 72, "Defiled Crypt && Cadaver Lab_SB": 627, "Cultivator's Caravan": 565, "Scene of the Crime": 2310, "Demonic Ruckus_SB": 643, "Impact Tremors_SB": 1348, "Conspiracy Unraveler": 515, "Matzalantli, the Great Door": 1700, "Coveted Falcon_SB": 542, "Wishclaw Talisman_SB": 3142, "Swooping Lookout": 2640, "Recruitment Officer_SB": 2147, "Oko, the Ringleader_SB": 1884, "Kambal, Profiteering Mayor": 1464, "Kaya, Spirits' Justice_SB": 1478, "Invasion of Theros": 1411, "Highway Robbery_SB": 1299, "Intrepid Paleontologist": 1389, "Bolt Bend_SB": 261, "Wishclaw Talisman": 3141, "Feldon's Cane": 931, "Neutralize the Guards": 1827, "Ayli, Eternal Pilgrim": 154, "Disturbing Conversion": 676, "Shipwreck Dowser": 2389, "Abuelo's Awakening_SB": 8, "Builder's Talent_SB": 340, "Eerie Interference_SB": 760, "Untimely Malfunction": 2956, "Imprisoned in the Moon_SB": 1351, "Inquisitive Glimmer_SB": 1368, "Refute_SB": 2153, "Argentum Masticore": 107, "Hall of Tagsin": 1203, "Hedron Archive": 1257, "The Mycosynth Gardens": 2742, "Tomakul Honor Guard": 2846, "Bramble Familiar": 296, "Obstinate Baloth": 1872, "Felonious Rage_SB": 943, "Sphinx of the Final Word_SB": 2512, "Repulsive Mutation": 2172, "Sylvan Scavenging_SB": 2649, "Walk with the Ancestors": 3091, "Meathook Massacre II_SB": 1708, "Thundering Falls_SB": 2814, "Dowsing Device": 699, "Gleaming Geardrake": 1114, "Saheeli, Filigree Master": 2273, "Saheeli, Filigree Master_SB": 2274, "Dawn's Truce_SB": 589, "Scrawling Crawler": 2320, "Case of the Ransacked Lab": 396, "The Surgical Bay": 2757, "The Tale of Tamiyo": 2760, "Enduring Courage_SB": 794, "War Squeak_SB": 3097, "Spirebluff Canal_SB": 2521, "Ajani, Sleeper Agent": 38, "Charge of the Mites": 437, "Chandra, Flameshaper_SB": 428, "Expel the Interlopers": 848, "Bite Down": 210, "Gaea's Gift": 1037, "Trash the Town": 2869, "Corsair Captain": 530, "Lost Jitte_SB": 1635, "Blazing Crescendo_SB": 229, "Rip, Spawn Hunter": 2209, "Funeral Room // Awakening Hall": 1028, "Outlaw Medic": 1912, "Wilt-Leaf Liege": 3134, "Thousand Moons Smithy_SB": 2787, "Blightbelly Rat": 232, "Unnatural Restoration": 2940, "Carnivorous Canopy_SB": 385, "Gaea's Gift_SB": 1038, "Give In to Violence_SB": 1098, "Cityscape Leveler_SB": 462, "Nahiri's Resolve_SB": 1812, "Scrapwork Mutt": 2319, "Brazen Collector": 305, "Generous Plunderer": 1056, "Trial of Agony": 2875, "Zoyowa's Justice": 3189, "Ancestors' Aid_SB": 59, "Leyline of Resonance_SB": 1576, "Churning Reservoir": 455, "Magmatic Sprinter": 1665, "Sardian Cliffstomper": 2285, "Solphim, Mayhem Dominus": 2472, "The Monumental Facade": 2741, "Churning Reservoir_SB": 456, "Magmatic Sprinter_SB": 1666, "Monastery Swiftspear_SB": 1779, "Sardian Cliffstomper_SB": 2286, "Malcolm, Alluring Scoundrel_SB": 1676, "Repel Calamity_SB": 2171, "Samut, Vizier of Naktamun": 2276, "Call a Surprise Witness": 365, "Trostani, Three Whispers": 2881, "Tribute to the World Tree_SB": 2878, "Taii Wakeen, Perfect Shot": 2653, "Unruly Catapult": 2944, "Glassworks // Shattered Yard_SB": 1111, "Hulking Metamorph": 1328, "Rest in Peace": 2181, "Surge Engine_SB": 2620, "Fake Your Own Death": 885, "Massacre Girl, Known Killer": 1696, "Massacre Girl, Known Killer_SB": 1697, "Rakdos Joins Up_SB": 2097, "Rakdos, the Muscle_SB": 2100, "Ghalta and Mavren": 1069, "Hide in Plain Sight": 1289, "Progenitus": 2050, "Threats Around Every Corner": 2795, "Crystal Barricade": 560, "Green Sun's Twilight_SB": 1171, "Break Down the Door": 308, "Bubble Smuggler": 338, "Cryptid Inspector": 559, "Cursed Windbreaker": 574, "Exit Specialist": 844, "Polukranos Reborn_SB": 2026, "Hazardroot Herbalist": 1238, "Head of the Homestead": 1241, "Rabbit Response": 2078, "Treeguard Duo": 2873, "Uncharted Haven": 2917, "Warren Elder": 3105, "Head of the Homestead_SB": 1242, "Grab the Prize_SB": 1153, "Stroke of Midnight_SB": 2592, "Delney, Streetwise Lookout": 632, "Stroke of Midnight": 2591, "Ragged Playmate": 2089, "Fear of Surveillance_SB": 918, "Grand Entryway // Elegant Rotunda_SB": 1160, "Norin, Swift Survivalist_SB": 1850, "Ragged Playmate_SB": 2090, "Wandertale Mentor": 3095, "Vodalian Mindsinger_SB": 3062, "Back for Seconds": 158, "Eriette's Tempting Apple": 816, "Experimental Confectioner": 851, "Feed the Cauldron": 925, "Gingerbread Hunter": 1091, "Greta, Sweettooth Scourge": 1176, "Mintstrosity": 1739, "Return from the Wilds": 2202, "Scream Puff": 2322, "Spider Food": 2513, "Sweettooth Witch": 2635, "Three Bowls of Porridge": 2797, "Sugar Rush_SB": 2598, "Leonin Vanguard_SB": 1567, "Ruin-Lurker Bat_SB": 2253, "The Millennium Calendar_SB": 2739, "Veteran Survivor_SB": 3032, "Lich-Knights' Conquest": 1583, "Corrupted Conviction_SB": 529, "Deadly Brew_SB": 600, "Cheeky House-Mouse_SB": 445, "Dryad Militant": 732, "Contagious Vorrac": 518, "Necrogen Rotpriest": 1819, "Armored Scrapgorger_SB": 117, "Invasion of Fiora_SB": 1397, "Rush of Dread_SB": 2263, "Magebane Lizard": 1662, "Final Flourish_SB": 958, "Time Stop_SB": 2820, "Unnatural Restoration_SB": 2941, "Founding the Third Path_SB": 1009, "Binding Negotiation": 206, "Vraska, the Silencer": 3086, "Invasion of Ergamon": 1396, "Beastie Beatdown_SB": 194, "Break Out_SB": 310, "Vengeful Possession": 3021, "Repair and Recharge": 2169, "Step Between Worlds_SB": 2563, "Hearthborn Battler_SB": 1254, "Hellspur Posse Boss": 1262, "Cynical Loner_SB": 579, "Hellspur Brute_SB": 1261, "Kellan, the Fae-Blooded": 1492, "Kemba, Kha Enduring": 1495, "Swiftfoot Boots": 2637, "Astor, Bearer of Blades_SB": 134, "Consuming Aberration": 517, "Knight of Dusk's Shadow": 1510, "No One Left Behind_SB": 1846, "Botanical Brawler": 282, "Dusk Legion Duelist": 739, "Stocking the Pantry": 2571, "Tribute to the World Tree": 2877, "Collector's Cage_SB": 488, "Barkform Harvester": 178, "Rampaging Spiketail": 2107, "Evolved Sleeper": 840, "Friendly Teddy": 1018, "Consumed by Greed_SB": 516, "Hop to It_SB": 1314, "Dragonmaster Outcast": 711, "Skyfisher Spider_SB": 2441, "Chart a Course_SB": 443, "Johann's Stopgap_SB": 1447, "Let's Play a Game_SB": 1569, "Festerleech": 947, "Fallaji Archaeologist_SB": 888, "Kroxa and Kunoros": 1533, "Shrouded Shepherd": 2403, "Evolving Adaptive": 841, "Garruk's Uprising_SB": 1046, "Hexgold Halberd": 1282, "Surgical Suite && Hospital Room": 2624, "Soul Search": 2479, "Daggerfang Duo": 580, "Deathbloom Gardener": 606, "Hoarding Recluse": 1306, "Moonstone Harbinger": 1788, "Pestilent Syphoner": 1972, "Ygra, Eater of All": 3169, "Pile On": 2002, "Llanowar Elves_SB": 1610, "Mosswood Dreadknight_SB": 1794, "Take for a Ride_SB": 2660, "Boltwave_SB": 263, "Fleeting Flight": 975, "Stormchaser's Talent_SB": 2584, "Cactarantula": 358, "Ashnod's Harvester": 124, "Warhost's Frenzy": 3102, "Think Twice_SB": 2767, "Rustler Rampage": 2264, "Wojek Investigator": 3153, "Recommission_SB": 2145, "Searslicer Goblin_SB": 2336, "Felidar Cub": 934, "Oracle of Tragedy": 1897, "Tarrian's Journal": 2670, "Dusk Rose Reliquary_SB": 741, "Felidar Cub_SB": 935, "Knight-Errant of Eos_SB": 1515, "Ruthless Lawbringer_SB": 2266, "Detective's Satchel": 653, "Forensic Gadgeteer_SB": 998, "Ice Out_SB": 1337, "Claim Jumper_SB": 465, "Mirrex_SB": 1744, "Tectonic Hazard": 2675, "Geralf, the Fleshwright": 1060, "Geralf, the Fleshwright_SB": 1061, "Eaten Alive_SB": 753, "Ojer Pakpatiq, Deepest Epoch": 1881, "Disturbing Conversion_SB": 677, "Lithomantic Barrage": 1603, "Enduring Vitality_SB": 802, "Audience with Trostani_SB": 142, "Leyline of the Void": 1580, "Sentinel of Lost Lore": 2359, "Wylie Duke, Atiin Hero": 3165, "Defiler of Dreams_SB": 630, "Omen Hawker": 1886, "All Will Be One": 46, "Into the Fire": 1384, "Invasion of Karsus": 1403, "Ob Nixilis, Captive Kingpin": 1866, "Cosmic Hunger": 533, "Paranormal Analyst": 1950, "Vannifar, Evolved Enigma": 3012, "Fog Bank_SB": 991, "Talion, the Kindly Lord_SB": 2666, "Surgical Suite // Hospital Room_SB": 2627, "Extraordinary Journey": 863, "Gold Pan": 1142, "Extraordinary Journey_SB": 864, "Nurturing Pixie_SB": 1861, "Moonshaker Cavalry": 1787, "Balemurk Leech": 163, "Bashful Beastie": 183, "Cackling Slasher": 356, "Defiant Survivor": 625, "Fear of the Dark": 919, "Flesh Burrower": 979, "Give In to Violence": 1097, "Grasping Longneck": 1161, "Horrid Vigor": 1320, "Innocuous Rat": 1366, "Let's Play a Game": 1568, "Wickerfolk Thresher": 3127, "Winter's Intervention": 3139, "Leyline of Transformation": 1578, "Saheeli's Lattice": 2272, "Etali, Primal Storm_SB": 833, "Adamant Will": 13, "Goldvein Pick": 1145, "Moment of Triumph": 1772, "Pilfer": 2004, "Public Thoroughfare": 2060, "Undying Malice": 2927, "Cancel_SB": 370, "Opt_SB": 1894, "Connecting the Dots_SB": 512, "Bushwhack_SB": 354, "Mistbreath Elder_SB": 1757, "Polliwallop_SB": 2023, "Realmbreaker's Grasp_SB": 2132, "Stickytongue Sentinel_SB": 2566, "Tumbleweed Rising_SB": 2884, "Analyze the Pollen_SB": 57, "Makeshift Binding": 1673, "Pelakka Wurm": 1963, "Jump Scare_SB": 1453, "Progenitus_SB": 2051, "Harvestrite Host": 1226, "Cut Short_SB": 577, "Family Reunion_SB": 889, "Annihilating Glare": 74, "Fanatical Offering": 892, "Sword of Wealth and Power": 2645, "Skulduggery": 2432, "Skulduggery_SB": 2433, "Mabel's Mettle": 1654, "Lassoed by the Law": 1544, "Minor Misstep": 1737, "Central Elevator // Promising Stairs": 420, "Creeping Peeper": 547, "Dazzling Theater // Prop Room": 595, "Erratic Apparition": 819, "Fear of Abduction": 903, "Fear of Falling": 907, "Lionheart Glimmer": 1601, "Restricted Office // Lecture Hall": 2200, "Underwater Tunnel // Slimy Aquarium": 2926, "Stalked Researcher_SB": 2544, "Tunnel Surveyor_SB": 2888, "Ajani, Nacatl Pariah": 37, "Arena of Glory": 106, "Arid Mesa": 111, "Blood Crypt": 236, "Bloodstained Mire": 247, "Chained to the Rocks": 423, "Fatal Push": 896, "Goblin Bombardment": 1131, "Godless Shrine": 1141, "Guide of Souls": 1192, "Marsh Flats": 1694, "Ocelot Pride": 1875, "Phelia, Exuberant Shepherd": 1978, "Phlage, Titan of Fire's Fury": 1979, "Sacred Foundry": 2271, "Seasoned Pyromancer": 2345, "Thoughtseize": 2784, "Thraben Charm": 2788, "Chained to the Rocks_SB": 424, "Drannith Magistrate_SB": 715, "Obsidian Charmaw_SB": 1871, "Orim's Chant_SB": 1899, "Ragavan, Nimble Pilferer_SB": 2088, "Stony Silence_SB": 2578, "Surgical Extraction_SB": 2623, "Wear // Tear_SB": 3114, "Wrath of the Skies_SB": 3157, "Blazing Rootwalla": 230, "Burning Inquiry": 346, "Detective's Phoenix": 652, "Faithless Looting": 884, "Flameblade Adept": 968, "Goblin Lore": 1135, "Hollow One": 1308, "Lightning Bolt": 1588, "Stomping Ground": 2577, "Street Wraith": 2588, "Vengevine": 3023, "Wooded Foothills": 3154, "Cursed Totem_SB": 573, "Meltdown_SB": 1713, "Barbarian Ring": 176, "Eidolon of the Great Revel": 763, "Flare of Duplication": 972, "Goblin Guide": 1134, "Lava Spike": 1550, "Rift Bolt": 2207, "Searing Blaze": 2333, "Skewer the Critics": 2425, "Skullcrack": 2436, "Sunbaked Canyon": 2603, "Ensnaring Bridge_SB": 808, "Faerie Macabre_SB": 879, "Smash to Smithereens_SB": 2461, "Amulet of Vigor": 53, "Arboreal Grazer": 87, "Boseiju, Who Endures": 280, "Crumbling Vestige": 554, "Dryad Arbor": 731, "Dryad of the Ilysian Grove": 734, "Echoing Deeps": 756, "Explore": 853, "Green Sun's Zenith": 1172, "Gruul Turf": 1188, "Hanweir Battlements": 1210, "Lotus Field": 1638, "Mirrorpool": 1747, "Misty Rainforest": 1759, "Otawara, Soaring City": 1907, "Primeval Titan": 2044, "Scapeshift": 2304, "Shifting Woodland": 2387, "Simic Growth Chamber": 2417, "Summoner's Pact": 2600, "Tolaria West": 2842, "Urza's Cave": 2974, "Urza's Saga": 2977, "Valakut, the Molten Pinnacle": 2983, "Vesuva": 3027, "Bojuka Bog_SB": 260, "Collector Ouphe_SB": 486, "Defense Grid_SB": 624, "Dismember_SB": 669, "Endurance_SB": 792, "Force of Vigor_SB": 995, "Tireless Tracker_SB": 2828, "Vampires' Vengeance_SB": 3006, "Archon of Cruelty": 103, "Dwarven Mine": 745, "Fable of the Mirror-Breaker": 868, "Flooded Strand": 980, "Indomitable Creativity": 1356, "Jetmir's Garden": 1441, "Persist": 1968, "Prismatic Ending": 2047, "Scalding Tarn": 2299, "Wrenn and Six": 3161, "Xander's Lounge": 3166, "Boseiju, Who Endures_SB": 281, "Damping Sphere_SB": 581, "Hurkyl's Recall_SB": 1333, "Toxic Deluge_SB": 2857, "Cling to Dust": 474, "Counterspell": 540, "Force of Negation": 994, "Harbinger of the Seas": 1212, "Murktide Regent": 1806, "Polluted Delta": 2024, "Preordain": 2039, "Psychic Frog": 2058, "Sink into Stupor": 2420, "Spell Snare": 2503, "Thought Scour": 2781, "Unearth": 2928, "Watery Grave": 3110, "Consign to Memory_SB": 514, "Engineered Explosives_SB": 805, "Mystical Dispute_SB": 1811, "Nihil Spellbomb_SB": 1835, "Spell Pierce_SB": 2502, "The Meathook Massacre_SB": 2736, "Brazen Borrower": 303, "Orcish Bowmasters": 1898, "Steam Vents": 2555, "Harbinger of the Seas_SB": 1213, "Stern Scolding_SB": 2565, "Galvanic Discharge": 1040, "Showdown of the Skalds_SB": 2401, "Thoughtseize_SB": 2785, "Den of the Bugbear": 644, "Devastating Summons": 654, "Foundry Street Denizen": 1010, "Goblin Bushwhacker": 1132, "Goblin Grenade": 1133, "Goblin Piledriver": 1137, "Legion Loyalist": 1563, "Mogg War Marshal": 1763, "Reckless Bushwhacker": 2138, "Skirk Prospector": 2426, "Sokenzan, Crucible of Defiance": 2469, "Blood Moon_SB": 238, "Magus of the Moon_SB": 1667, "Reality Hemorrhage_SB": 2130, "Shattering Spree_SB": 2378, "Tormod's Crypt_SB": 2853, "Ziatora's Proving Ground": 3181, "Terastodon_SB": 2694, "Veil of Summer_SB": 3015, "Consider": 513, "Graveyard Trespasser": 1162, "Exquisite Firecraft_SB": 856, "Searing Blood_SB": 2334, "Tunnel Ignus_SB": 2886, "Ragavan, Nimble Pilferer": 2087, "Showdown of the Skalds": 2400, "Static Prison": 2553, "Windswept Heath": 3137, "Fear, Fire, Foes!_SB": 920, "Vexing Bauble": 3033, "Colossal Skyturtle_SB": 495, "Generous Ent_SB": 1055, "Grist, the Hunger Tide_SB": 1182, "Hexdrinker_SB": 1281, "Tamiyo, Inquisitive Student": 2667, "Fable of the Mirror-Breaker_SB": 869, "Giant Growth_SB": 1086, "Come Back Wrong": 499, "Glassworks // Shattered Yard": 1110, "Slice from the Shadows": 2453, "Talion, the Kindly Lord": 2665, "Over the Edge_SB": 1917, "Poison Dart Frog_SB": 2021, "Beamtown Beatstick": 191, "Celestial Armor": 417, "Diamond Pick-Axe": 660, "Carrot Cake_SB": 388, "Edgewall Inn": 759, "Goliath Hatchery_SB": 1148, "Balmor, Battlemage Captain": 166, "Bria, Riptide Rogue": 314, "Freeze in Place": 1015, "Relic's Roar": 2163, "Run Away Together_SB": 2254, "Scalding Viper_SB": 2301, "Harrier Strix": 1222, "Snaremaster Sprite": 2467, "Hardened Escort": 1218, "Holy Cow": 1310, "Living Phone": 1608, "Unsettling Twins": 2947, "Feather of Flight_SB": 923, "Possessed Goat_SB": 2034, "Raccoon Rallier_SB": 2081, "Rogue's Passage_SB": 2237, "The Jolly Balloon Man_SB": 2730, "Unsettling Twins_SB": 2948, "Heartfire Hero_SB": 1247, "Inti, Seneschal of the Sun_SB": 1381, "Pests of Honor": 1974, "Three Blind Mice": 2796, "Dauntless Dismantler_SB": 587, "Phoenix Chick_SB": 1981, "Gleaming Barrier": 1112, "Gleaming Barrier_SB": 1113, "Solemn Simulacrum_SB": 2471, "Sure Strike_SB": 2618, "Twinferno_SB": 2893, "Ancestors' Aid": 58, "Dwarven Forge-Chanter": 744, "Furious Bellow": 1030, "Ghitu Amplifier": 1074, "Heartfire Immolator": 1248, "Sure Strike": 2617, "Whiskerquill Scribe": 3122, "Brambleguard Captain": 297, "Defabricate": 620, "Fear of Burning Alive": 906, "Iron-Fist Pulverizer": 1421, "Johann, Apprentice Sorcerer": 1448, "Keldon Flamesage": 1483, "Kraum, Violent Cacophony": 1529, "Molten Tributary": 1769, "Nightwhorl Hermit": 1834, "Pyrotechnic Performer": 2068, "Razzle-Dazzler": 2129, "Stop Cold": 2579, "Thopter Mechanic": 2776, "Vesuvan Drifter": 3028, "Involuntary Cooldown_SB": 1417, "Kellan, Planar Trailblazer_SB": 1491, "Mishra's Command_SB": 1753, "Out of Air_SB": 1909, "Plan the Heist_SB": 2014, "Sleight of Hand_SB": 2452, "Trick Shot_SB": 2879, "Violent Urge_SB": 3043, "The Filigree Sylex": 2719, "Halo Hopper": 1207, "Charge of the Mites_SB": 438, "Hellspur Posse Boss_SB": 1263, "Grand Abolisher": 1156, "Unnerving Grasp": 2942, "Make Your Move_SB": 1670, "Harbinger of the Tides": 1214, "Harbinger of the Tides_SB": 1215, "Fynn, the Fangbearer_SB": 1036, "Cat Collector": 401, "Bottomless Pool && Locker Room_SB": 285, "Pile On_SB": 2003, "Growing Rites of Itlimoc": 1184, "Feldon, Ronom Excavator": 933, "Roc Hunter": 2231, "Scalding Viper": 2300, "Adventuring Gear_SB": 16, "Fear of Being Hunted_SB": 905, "Vicious Clown_SB": 3038, "Into the Roil": 1387, "Into the Roil_SB": 1388, "Ayara, Widow of the Realm": 153, "Arachnoid Adaptation": 84, "Throw from the Saddle": 2808, "Longstalk Brawl_SB": 1623, "Thrill of Possibility_SB": 2806, "Season of Gathering": 2337, "Warren Warleader": 3106, "Horrid Vigor_SB": 1321, "Lionheart Glimmer_SB": 1602, "Omnivorous Flytrap_SB": 1891, "Seasoned Warrenguard_SB": 2347, "Jump Scare": 1452, "Niko, Light of Hope": 1836, "Stalked Researcher": 2543, "Tunnel Surveyor": 2887, "Fear of Isolation_SB": 913, "Splash Portal_SB": 2525, "Demonic Pact_SB": 641, "Rite of the Dragoncaller_SB": 2216, "Valorous Stance": 3001, "Lodestone Needle": 1616, "Sawblade Skinripper_SB": 2295, "Zephyr Singer": 3177, "Sunbillow Verge": 2604, "Grim Bauble": 1180, "Spell Pierce": 2501, "Momentum Breaker": 1774, "Debris Beetle": 609, "Wastewood Verge": 3109, "Vein Ripper_SB": 3017, "Bleachbone Verge": 231, "Intimidation Tactics": 1382, "Ketramose, the New Dawn": 1496, "Oildeep Gearhulk": 1877, "Haunt the Network_SB": 1230, "Bartolom\u00e9 del Presidio_SB": 182, "Lunar Convocation_SB": 1647, "Bloodghast": 243, "Valley Rotcaller_SB": 2998, "Oildeep Gearhulk_SB": 1878, "Outpace Oblivion_SB": 1914, "Gleeful Demolition_SB": 1116, "Monument to Endurance": 1785, "Ride's End": 2205, "Defend the Rider": 622, "Hazoret, Godseeker": 1240, "Willowrush Verge": 3133, "Afterburner Expert": 24, "Draconautics Engineer": 700, "Dredger's Insight": 725, "Loot, the Pathfinder": 1626, "Molt Tender": 1765, "Restless Spire_SB": 2196, "Transmutation Font": 2866, "Braided Net_SB": 293, "Cunning Coyote_SB": 567, "Chandra, Spark Hunter_SB": 432, "Explosive Derailment_SB": 855, "Bounce Off": 289, "Greasewrench Goblin": 1164, "Marauding Mako": 1688, "Riverpyre Verge": 2224, "Scrounging Skyray": 2327, "Bounce Off_SB": 290, "Memory Guardian": 1714, "Mendicant Core, Guidelight": 1715, "Diversion Unit_SB": 682, "Lightwheel Enhancements": 1593, "Tomik, Wielder of Law_SB": 2848, "Engine Rat": 803, "Gonti, Night Minister": 1149, "Perilous Snare": 1966, "Teysa, Opulent Oligarch": 2701, "Gumdrop Poisoner": 1195, "Grim Bauble_SB": 1181, "Momentum Breaker_SB": 1775, "Optimistic Scavenger_SB": 1896, "The Aetherspark": 2704, "Brightglass Gearhulk": 317, "Voyager Glidecar": 3078, "Chandra, Spark Hunter": 431, "Intimidation Tactics_SB": 1383, "Captain Howler, Sea Scourge": 377, "Gastal Thrillroller": 1050, "Mishra's Command": 1752, "Phyrexian Dragon Engine": 1986, "Overgrown Zealot": 1920, "Riptide Gearhulk": 2210, "Transit Mage": 2865, "Conduit of Worlds_SB": 509, "Heliod, the Radiant Dawn": 1259, "Twinblade Blessing": 2891, "Gastal Thrillroller_SB": 1051, "Lifecraft Engine": 1585, "Mindspring Merfolk": 1736, "Mu Yanling, Wind Rider": 1798, "Caelorna, Coral Tyrant_SB": 359, "Nesting Bot": 1824, "Lumbering Worldwagon": 1641, "Overrun": 1933, "Diversion Unit": 681, "Muraganda Raceway": 1803, "Repurposing Bay": 2174, "Defend the Rider_SB": 623, "Zephyr Singer_SB": 3178, "Burnout Bashtronaut": 348, "Demonic Junker": 638, "Nexus of Becoming": 1829, "Amonkhet Raceway": 52, "Gastal Thrillseeker": 1052, "The Last Ride": 2733, "The Speed Demon": 2752, "Ancient Vendetta_SB": 62, "Monument to Endurance_SB": 1786, "The Speed Demon_SB": 2753, "Quag Feast": 2069, "Gastal Raider_SB": 1049, "Esoteric Duplicator": 825, "Voyage Home": 3077, "Aether Syphon_SB": 21, "Ketramose, the New Dawn_SB": 1497, "Thunderous Velocipede": 2815, "Regal Imperiosaur": 2158, "Intrepid Paleontologist_SB": 1390, "Invasion of Regatha_SB": 1407, "Voyager Glidecar_SB": 3079, "Fuel the Flames": 1021, "Skycrash": 2438, "Broadside Barrage_SB": 329, "Fuel the Flames_SB": 1022, "Locust Spray": 1615, "Riverchurn Monument": 2221, "Agonasaur Rex": 31, "Tyrox, Saurid Tyrant": 2902, "Coalstoke Gearhulk_SB": 478, "Howlsquad Heavy": 1324, "Boosted Sloop": 276, "Broadside Barrage": 328, "Thopter Fabricator_SB": 2775, "Count on Luck_SB": 539, "Sandstalker Moloch_SB": 2277, "Spectacular Pileup": 2496, "Collision Course_SB": 492, "Ride's End_SB": 2206, "Thalia and The Gitrog Monster_SB": 2703, "Zahur, Glory's Past": 3175, "Leaf-Crowned Visionary_SB": 1558, "Mossborn Hydra_SB": 1792, "Overrun_SB": 1934, "Painful Quandary_SB": 1942, "Wardens of the Cycle_SB": 3101, "Quag Feast_SB": 2070, "Red Sun's Twilight_SB": 2148, "Perilous Snare_SB": 1967, "Playful Shove": 2016, "Debris Beetle_SB": 610, "Pit Automaton": 2008, "Visage of Dread": 3055, "The Last Ride_SB": 2734, "Visage of Dread_SB": 3056, "Mishra, Claimed by Gix": 1755, "Bloated Contaminator_SB": 235, "Melira, the Living Cure_SB": 1712, "The Aetherspark_SB": 2705, "Fearless Swashbuckler": 921, "Unctus, Grand Metatect": 2918, "Invasion of Mercadia": 1405, "Webstrike Elite": 3117, "Webstrike Elite_SB": 3118, "Coiling Rebirth_SB": 482, "Gas Guzzler": 1047, "Say Its Name_SB": 2297, "Spectral Interference_SB": 2499, "Stock Up": 2569, "Spectacular Pileup_SB": 2497, "Far Fortune, End Boss": 893, "Expel the Interlopers_SB": 849, "Flotsam // Jetsam_SB": 984, "Claim Jumper": 464, "Ancient Vendetta": 61, "Full Throttle_SB": 1025, "Loot, the Key to Everything_SB": 1625, "Loot, the Pathfinder_SB": 1627, "Unstable Glyphbridge_SB": 2950, "Urza's Command_SB": 2975, "Lassoed by the Law_SB": 1545, "Blast Zone_SB": 226, "Dive Down": 679, "Basri, Tomorrow's Champion": 186, "Skyseer's Chariot_SB": 2444, "Engine Rat_SB": 804, "Essence Channeler_SB": 827, "Lunar Insight": 1648, "Jodah, the Unifier_SB": 1446, "Dropkick Bomber": 728, "Coalstoke Gearhulk": 477, "Visage Bandit": 3054, "Waxen Shapethief": 3111, "Dune Drifter": 736, "Rampaging Raptor": 2106, "Agonasaur Rex_SB": 32, "Become Brutes": 195, "The Elder Dragon War_SB": 2712, "Kellan, Inquisitive Prodigy_SB": 1489, "Caradora, Heart of Alacria": 381, "Skyseer's Chariot": 2443, "Valor's Flagship": 2999, "Veteran Beastrider": 3030, "Threadbind Clique": 2794, "Twining Twins": 2895, "Boommobile_SB": 273, "Radiant Lotus_SB": 2084, "Boommobile": 272, "Forging the Anchor": 1002, "Radiant Lotus": 2083, "The Mightstone and Weakstone_SB": 2738, "Bloodthorn Flail": 250, "Flamewake Phoenix": 970, "Cryptcaller Chariot_SB": 556, "Volley Veteran": 3070, "Riptide Gearhulk_SB": 2211, "Riverchurn Monument_SB": 2222, "Spiteful Hexmage_SB": 2523, "Clamorous Ironclad": 468, "Furnace Host Charger": 1031, "Alania, Divergent Storm": 43, "Frolicking Familiar": 1019, "Wishing Well": 3143, "Resplendent Angel_SB": 2179, "Cephalopod Sentry": 421, "Tinker's Tote": 2822, "Thopter Fabricator": 2774, "Redshift, Rocketeer Chief": 2150, "Haunt the Network": 1229, "Sorcerous Spyglass": 2475, "Demonic Junker_SB": 639, "Stall Out": 2545, "Stall Out_SB": 2546, "Halana and Alena, Partners_SB": 1201, "Valor's Flagship_SB": 3000, "The Raven Man": 2745, "The Raven Man_SB": 2746, "Gloryheath Lynx": 1124, "Sovereign Okinec Ahau": 2493, "Boom Box": 271, "Broadcast Rambler": 327, "Possession Engine": 2035, "Broodheart Engine": 330, "Bat Colony": 187, "Calamitous Cave-In": 360, "Gargantuan Leech": 1042, "Hidden Volcano": 1288, "Promising Vein": 2054, "Marketback Walker": 1692, "Sab-Sunen, Luxa Embodied": 2269, "Simian Simulacrum": 2416, "Sylvan Scavenging": 2648, "Bulwark Ox": 342, "Reluctant Role Model": 2164, "Reluctant Role Model_SB": 2165, "Leyline Binding_SB": 1572, "Mold Adder_SB": 1764, "Oviya, Automech Artisan": 1938, "Marketback Walker_SB": 1693, "Burnout Bashtronaut_SB": 349, "Gastal Raider": 1048, "Daretti, Rocketeer Engineer": 582, "Threefold Thunderhulk": 2803, "Tune Up": 2885, "Meteor Golem_SB": 1719, "Market Gnome_SB": 1691, "The Skullspore Nexus_SB": 2751, "Cosmium Confluence": 536, "Festival of Embers": 948, "Hidden Nursery": 1287, "Skycrash_SB": 2439, "Nexus of Becoming_SB": 1830, "Sab-Sunen, Luxa Embodied_SB": 2270, "Earthrumbler": 750, "Collector's Vault_SB": 490, "Thran Spider_SB": 2791, "Akal Pakal, First Among Equals_SB": 41, "Deepfathom Echo": 617, "Forensic Researcher": 999, "Oko, the Ringleader": 1883, "Chitin Gravestalker": 448, "Starving Revenant_SB": 2551, "Steamcore Scholar_SB": 2557, "Ojer Pakpatiq, Deepest Epoch_SB": 1882, "Thunderous Velocipede_SB": 2816, "Fear of Infinity_SB": 911, "Stock Up_SB": 2570, "Dredger's Insight_SB": 726, "Fauna Shaman_SB": 899, "Barrow Naughty": 180, "Faerie Slumber Party": 882, "Mocking Sprite": 1760, "Spellscorn Coven": 2508, "Talion's Messenger": 2663, "Coerced to Kill": 480, "Etrata, Deadly Fugitive": 838, "Unstoppable Plan_SB": 2951, "Hoarding Broodlord": 1305, "Shadow-Rite Priest": 2370, "Nahiri's Warcrafting_SB": 1813, "Baral and Kari Zev": 175, "Enigma Drake": 806, "Eroded Canyon": 817, "Brightfield Glider": 316, "Congregation Gryff": 511, "Giant Beaver": 1082, "Lagorin, Soul of Alacria": 1541, "Miriam, Herd Whisperer": 1741, "Ornery Tumblewagg": 1900, "Trained Arynx": 2858, "Run Over_SB": 2255, "Vivisurgeon's Insight_SB": 3060, "Night Market": 1832, "Stockpiling Celebrant": 2572, "Carrion Locust_SB": 386, "Skullcap Snail_SB": 2435, "Stockpiling Celebrant_SB": 2573, "Akal Pakal, First Among Equals": 40, "Forensic Gadgeteer": 997, "Deduce_SB": 614, "Wreck Remover_SB": 3158, "Fountainport Bell": 1012, "Guidelight Optimizer": 1193, "Oaken Siren": 1863, "Machine Over Matter_SB": 1658, "Spinewoods Paladin": 2517, "Phyrexian Missionary_SB": 1991, "Sunder the Gateway": 2605, "Malcator, Purity Overseer": 1674, "Tranquil Cove_SB": 2862, "Crumb and Get It_SB": 553, "Flame Lash": 967, "Exsanguinate_SB": 858, "Exsanguinate": 857, "Syr Ginger, the Meal Ender_SB": 2652, "Legion Extruder_SB": 1562, "Blade of the Oni": 219, "Blightstep Pathway": 233, "Bloodtithe Harvester": 251, "Mutavault": 1808, "Urborg, Tomb of Yawgmoth": 2971, "Extinction Event_SB": 860, "Hidetsugu Consumes All_SB": 1290, "Unlicensed Hearse_SB": 2939, "Breeding Pool": 313, "Enigmatic Incarnation": 807, "Indatha Triome": 1355, "Linvala, the Preserver": 1600, "Overgrown Tomb": 1919, "Savai Triome": 2289, "Skyclave Apparition": 2437, "Spara's Headquarters": 2494, "Vanishing Verse": 3010, "Zagoth Triome": 3174, "Archon of Emeria_SB": 104, "Knockout Blow_SB": 1516, "Ruric Thar, the Unbowed_SB": 2261, "Thought Distortion_SB": 2780, "Yorion, Sky Nomad_SB": 3171, "Cauldron Familiar": 406, "Claim the Firstborn": 466, "Deadly Dispute": 603, "Mayhem Devil": 1701, "Witch's Oven": 3146, "Ob Nixilis, the Adversary_SB": 1867, "Darksteel Citadel": 586, "Ensoul Artifact": 809, "Riverglide Pathway": 2223, "Shrapnel Blast": 2402, "Smuggler's Copter": 2462, "Voldaren Epicure": 3067, "Aether Gust_SB": 20, "Annul_SB": 75, "Rending Volley_SB": 2168, "Shadowspear_SB": 2371, "Voltage Surge_SB": 3071, "Cragcrown Pathway": 543, "Ramunap Ruins": 2108, "Reckless Rage": 2141, "Soul-Scar Mage": 2484, "Experimental Frenzy_SB": 852, "Hazoret the Fervent_SB": 1239, "Redcap Melee_SB": 2149, "Anger of the Gods_SB": 66, "Invoke Despair_SB": 1416, "Takenuma, Abandoned Mire": 2662, "Go Blank_SB": 1128, "Claim // Fame": 463, "Infuriate": 1361, "Kumano Faces Kakkazan": 1535, "Claim the Firstborn_SB": 467, "Fatal Push_SB": 897, "Grafdigger's Cage_SB": 1155, "Extinction Event": 859, "Gifted Aetherborn_SB": 1087, "Castle Locthwain": 400, "Clearwater Pathway": 471, "Field of Ruin": 950, "Geier Reach Sanitarium": 1054, "Hall of Storm Giants": 1202, "Hive of the Eye Tyrant": 1304, "Narset, Parter of Veils": 1814, "Omen of the Sea": 1887, "Paradoxical Outcome": 1949, "Shipwreck Marsh": 2390, "The Meathook Massacre": 2735, "Ashiok, Dream Render_SB": 120, "Weathered Runestone_SB": 3116, "Fetid Pools": 949, "Yorion, Sky Nomad": 3170, "Arclight Phoenix": 105, "Fiery Impulse": 956, "Izzet Charm": 1430, "Lightning Axe": 1587, "Prismari Command": 2045, "Spikefield Hazard": 2514, "Stormcarved Coast": 2581, "Treasure Cruise": 2871, "Collective Brutality": 484, "Faithful Mending": 883, "Greasefang, Okiba Boss": 1163, "Hallowed Fountain": 1204, "Parhelion II": 1951, "Raffine's Tower": 2086, "Shattered Sanctum": 2377, "Skysovereign, Consul Flagship": 2445, "Stubborn Denial": 2595, "Tainted Indulgence": 2656, "Deafening Silence_SB": 605, "Dovin's Veto_SB": 698, "Silence_SB": 2409, "Vanishing Verse_SB": 3011, "Krenko's Buzzcrusher": 1530, "Bishop of Wings": 209, "Branchloft Pathway": 299, "Cave of the Frost Dragon": 410, "Collected Company": 483, "Eiganjo, Seat of the Empire": 764, "Nykthos, Shrine to Nyx": 1862, "Overgrown Farmland": 1918, "Portable Hole": 2029, "Resplendent Marshal": 2180, "Righteous Valkyrie": 2208, "Temple Garden": 2680, "Archon of Absolution_SB": 102, "Brave the Elements_SB": 301, "Brutal Cathar_SB": 337, "Heroic Intervention_SB": 1278, "Reidane, God of the Worthy_SB": 2159, "Shapers' Sanctuary_SB": 2373, "Dawnwing Marshal": 590, "Kroxa, Titan of Death's Hunger": 1534, "Ledger Shredder": 1560, "Brazen Borrower_SB": 304, "Prismari Command_SB": 2046, "Burner Rocket": 345, "Cloudspire Skycycle": 476, "Dynamite Diver": 749, "Guidelight Synergist": 1194, "Kolodin, Triumph Caster": 1521, "Count on Luck": 538, "Frenzied Goblin": 1016, "Doubling Season_SB": 696, "Fanatical Firebrand_SB": 891, "Howlsquad Heavy_SB": 1325, "Reckless Lackey_SB": 2140, "Rundvelt Hordemaster_SB": 2257, "District Mascot": 675, "Shivan Devastator": 2391, "Zimone, Paradox Sculptor": 3182, "Tyvar, the Pummeler_SB": 2911, "Zopandrel, Hunger Dominus_SB": 3186, "Aurelia, the Warleader": 144, "Gilded Ghoda": 1090, "Cavalier of Thorns": 409, "Elvish Mystic": 785, "Kiora, Behemoth Beckoner": 1500, "Lair of the Hydra": 1542, "Leyline of the Guildpact": 1579, "Oath of Nissa": 1865, "Old-Growth Troll": 1885, "Storm the Festival": 2580, "Ulvenwald Oddity": 2912, "Arasta of the Endless Web_SB": 86, "Emrakul, the Promised End_SB": 791, "Setessan Petitioner_SB": 2369, "Ashiok, Nightmare Muse_SB": 121, "Foreboding Ruins": 996, "Invoke Despair": 1415, "Kolaghan's Command_SB": 1520, "Haunted Ridge": 1232, "Bonecrusher Giant": 265, "Burning-Tree Emissary": 347, "Chandra, Torch of Defiance": 433, "Collision // Colossus": 491, "Gruul Spellbreaker": 1187, "Kami's Flare": 1467, "Pelt Collector": 1964, "Voltaic Brawler": 3072, "Zhur-Taa Goblin": 3180, "Bonecrusher Giant_SB": 266, "Chandra, Torch of Defiance_SB": 434, "Cindervines_SB": 458, "Kami's Flare_SB": 1468, "Roiling Vortex_SB": 2238, "Mana Confluence": 1680, "Barrier Breach_SB": 179, "Leyline of Sanctity_SB": 1577, "Colossus Hammer": 496, "Eldritch Evolution": 767, "Raffine's Informant": 2085, "Sigarda's Aid": 2407, "Soulflayer": 2486, "Sylvan Caryatid": 2647, "Bloodline Culling_SB": 246, "Collective Brutality_SB": 485, "Portable Hole_SB": 2030, "Furnace Punisher_SB": 1032, "Laughing Jasper Flint_SB": 1549, "Rocky Roads": 2234, "Lumbering Worldwagon_SB": 1642, "Cosmic Rebirth_SB": 535, "Mondrak, Glory Dominus_SB": 1780, "Become Brutes_SB": 196, "Goblin Oriflamme": 1136, "Drake Hatcher_SB": 713, "Eddymurk Crab_SB": 758, "Cindering Cutthroat_SB": 457, "Ravine Raider_SB": 2122, "Risky Shortcut_SB": 2213, "Spin Out_SB": 2515, "Steampath Charger_SB": 2558, "Devouring Sugarmaw": 655, "Amalia Benavides Aguirre_SB": 50, "Elas il-Kor, Sadistic Pilgrim_SB": 766, "Fiendish Panda_SB": 952, "Knight of Dawn's Light_SB": 1509, "Mimeoplasm, Revered One": 1733, "Etched Familiar": 835, "Spectral Interference": 2498, "Winter, Cursed Rider": 3140, "Radiant Grove": 2082, "Streetwise Negotiator_SB": 2589, "Divine Resilience": 683, "Greenhouse // Rickety Gazebo": 1173, "Silken Strength": 2412, "Map the Frontier": 1684, "Realm-Scorcher Hellkite": 2131, "Spyglass Siren_SB": 2536, "Sentinel of Lost Lore_SB": 2360, "Herd Migration_SB": 1273, "Kykar, Zephyr Awakener": 1540, "The Huntsman's Redemption_SB": 2725, "Lathril, Blade of the Elves_SB": 1547, "Armored Armadillo_SB": 114, "Gixian Infiltrator_SB": 1104, "Gloryheath Lynx_SB": 1125, "Threefold Thunderhulk_SB": 2804, "Primeval Bounty": 2042, "Cryptcaller Chariot": 555, "Rangers' Refueler": 2109, "Steel Hellkite_SB": 2559, "Mindsparker_SB": 1734, "Cursed Recording_SB": 572, "Thirsting Roots": 2770, "Gigantosaurus": 1088, "Llanowar Stalker": 1613, "Ghalta, Primal Hunger_SB": 1071, "Gigantosaurus_SB": 1089, "Disenchant": 664, "Captain Howler, Sea Scourge_SB": 378, "Karn, Living Legacy_SB": 1471, "Quaketusk Boar": 2071, "The Stasis Coffin": 2754, "Kellan Joins Up": 1485, "Ovika, Enigma Goliath_SB": 1937, "Leaping Ambush": 1559, "Bestow Greatness_SB": 200, "Raucous Theater_SB": 2120, "Flowstone Infusion_SB": 990, "Alesha, Who Laughs at Fate_SB": 45, "Lazav, Wearer of Faces_SB": 1556, "Harmless Offering_SB": 1221, "Return Triumphant": 2201, "Souls of the Lost_SB": 2489, "Slickshot Lockpicker_SB": 2455, "Flashfreeze": 973, "Interface Ace": 1379, "Sunpearl Kirin": 2612, "Synchronized Charge": 2650, "Heritage Reclamation_SB": 1274, "Magmatic Hellkite_SB": 1664, "Elspeth, Storm Slayer": 780, "Surrak, Elusive Hunter": 2630, "Surrak, Elusive Hunter_SB": 2631, "Rally the Monastery": 2104, "Cori Mountain Monastery": 524, "Dispelling Exhale": 670, "Jeskai Revelation": 1440, "Marang River Regent": 1685, "Shiko, Paragon of the Way": 2388}}