{"vocabulary": {"Blackcleave Cliffs": 218, "Callous Sell-Sword": 368, "Fugitive Codebreaker": 1031, "Go for the Throat": 1138, "Heartfire Hero": 1255, "Lightning Strike": 1603, "Manifold Mouse": 1693, "Might of the Meek": 1739, "Monastery Swiftspear": 1789, "Monstrous Rage": 1794, "Mountain": 1806, "Rabid Gnaw": 2096, "Rockface Village": 2250, "Shock": 2412, "Sulfurous Springs": 2621, "Urabrask's Forge": 2985, "Duress_SB": 742, "Go for the Throat_SB": 1139, "Lithomantic Barrage_SB": 1616, "Smash to Dust_SB": 2478, "Tectonic Hazard_SB": 2695, "Aclazotz, Deepest Betrayal": 11, "Beza, the Bounding Spring": 204, "Caves of Koilos": 416, "Concealed Courtyard": 508, "Cut Down": 578, "Deep-Cavern Bat": 619, "Fabled Passage": 874, "Fountainport": 1018, "Legions to Ashes": 1576, "Loran of the Third Path": 1640, "Mirrex": 1754, "Phyrexian Fleshgorger": 2004, "Plains": 2029, "Preacher of the Schism": 2054, "Restless Fortress": 2206, "Shadowy Backstreet": 2392, "Sheoldred, the Apocalypse": 2404, "Sheoldred's Edict": 2402, "Swamp": 2653, "Temporary Lockdown": 2710, "Virtue of Loyalty": 3070, "Virtue of Persistence": 3072, "Elspeth's Smite_SB": 783, "Kaya, Intangible Slayer_SB": 1488, "Liliana of the Veil_SB": 1608, "Sheoldred's Edict_SB": 2403, "Sunfall_SB": 2630, "Temporary Lockdown_SB": 2711, "Audacity": 141, "Cacophony Scamp": 359, "Copperline Gorge": 527, "Emberheart Challenger": 791, "Felonious Rage": 948, "Karplusan Forest": 1484, "Mirran Banesplitter": 1753, "Questing Druid": 2089, "Slickshot Show-Off": 2474, "Pick Your Poison_SB": 2015, "Scorching Shot_SB": 2334, "Sunspine Lynx_SB": 2638, "Urabrask's Forge_SB": 2986, "Archfiend of the Dross": 100, "Darkslick Shores": 587, "Duress": 741, "Ertai Resurrected": 824, "Forest": 1006, "Gix's Command": 1108, "Glarb, Calamity's Augur": 1115, "Hedge Maze": 1264, "Hostile Investigator": 1331, "Island": 1434, "Llanowar Wastes": 1626, "Long Goodbye": 1630, "Mosswood Dreadknight": 1804, "Restless Cottage": 2204, "Restless Reef": 2208, "Undercity Sewers": 2942, "Underground Mortuary": 2943, "Underground River": 2944, "Vren, the Relentless": 3110, "Anoint with Affliction_SB": 78, "Ertai Resurrected_SB": 825, "Glissa Sunslayer_SB": 1129, "Haywire Mite_SB": 1245, "Negate_SB": 1833, "Spellgyre_SB": 2526, "Tear Asunder_SB": 2693, "Tishana's Tidebinder_SB": 2850, "Vren, the Relentless_SB": 3111, "Innkeeper's Talent": 1373, "Restless Ridgeline": 2210, "Snakeskin Veil": 2483, "Witchstalker Frenzy": 3172, "Obliterating Bolt_SB": 1883, "Torch the Tower_SB": 2870, "Atraxa, Grand Unifier": 139, "Cavern of Souls": 413, "Deadly Cover-Up": 605, "Demolition Field": 639, "Heaped Harvest": 1253, "Lush Portico": 1663, "Pawpatch Formation": 1972, "Razorverge Thicket": 2145, "Spinewoods Armadillo": 2535, "Tarrian's Journal": 2689, "Urgent Necropsy": 2993, "Binding Negotiation_SB": 208, "Obstinate Baloth_SB": 1887, "Outrageous Robbery_SB": 1932, "Blanchwood Prowler": 223, "Blooming Marsh": 255, "Botanical Sanctum": 284, "Cruel Somnophage": 552, "Gnawing Vermin": 1136, "Hollow Marauder": 1316, "Honest Rutstein": 1321, "Mockingbird": 1772, "Outcaster Trailblazer": 1926, "Overwhelming Remorse": 1951, "Rubblebelt Maverick": 2267, "Souls of the Lost": 2506, "Urborg Lhurgoyf": 2987, "Yavimaya Coast": 3192, "Cut Down_SB": 579, "Dreams of Steel and Oil_SB": 728, "Glistening Deluge_SB": 1130, "Scrapshooter_SB": 2338, "Soulless Jailer_SB": 2505, "Terror Tide_SB": 2718, "Tranquil Frillback_SB": 2884, "Adarkar Wastes": 15, "Battlefield Forge": 189, "Case of the Gateway Express": 394, "Gleeful Demolition": 1124, "Imodane's Recruiter": 1354, "Inspiring Vantage": 1387, "Knight-Errant of Eos": 1526, "Novice Inspector": 1869, "Resolute Reinforcements": 2194, "Sanguine Evangelist": 2301, "Seachrome Coast": 2350, "Shivan Reef": 2411, "Spirebluff Canal": 2539, "Spyglass Siren": 2554, "Warden of the Inner Sky": 3121, "Warleader's Call": 3126, "Yotian Frontliner": 3197, "Destroy Evil_SB": 656, "Get Lost_SB": 1072, "Protect the Negotiators_SB": 2074, "Witchstalker Frenzy_SB": 3173, "Invasion of Gobakhan_SB": 1408, "Lightning Helix_SB": 1602, "Bitter Triumph": 215, "Fireglass Mentor": 971, "Flamecache Gecko": 976, "Forsaken Miner": 1011, "Gev, Scaled Scorch": 1077, "Hired Claw": 1311, "Iridescent Vinelasher": 1430, "Laughing Jasper Flint": 1560, "Mudflat Village": 1810, "Thought-Stalker Warlock": 2802, "Thran Portal": 2809, "Abrade_SB": 4, "Caught in the Crossfire_SB": 407, "Pawpatch Formation_SB": 1973, "Snakeskin Veil_SB": 2484, "Anoint with Affliction": 77, "Faerie Mastermind": 884, "Gix, Yawgmoth Praetor": 1110, "Phantom Interference": 1992, "Plumecreed Escort": 2035, "Three Steps Ahead": 2818, "Tishana's Tidebinder": 2849, "Aclazotz, Deepest Betrayal_SB": 12, "Disdainful Stroke_SB": 668, "Gix's Command_SB": 1109, "Harvester of Misery_SB": 1234, "Malicious Eclipse_SB": 1690, "Analyze the Pollen": 57, "Ancient Cornucopia": 61, "Archangel of Wrath": 96, "Herd Migration": 1281, "Invasion of Shandalar": 1418, "Invasion of Tolvada": 1423, "Jace, the Perfected Mind": 1445, "Kaya, Intangible Slayer": 1487, "Meticulous Archive": 1731, "Sunfall": 2629, "Tranquil Frillback": 2883, "Beza, the Bounding Spring_SB": 205, "Jace, the Perfected Mind_SB": 1446, "Lord Skitter, Sewer King_SB": 1645, "Nissa, Ascended Animist_SB": 1853, "Giant Growth": 1094, "Glissa Sunslayer": 1128, "Liliana of the Veil": 1607, "Sentinel of the Nameless City": 2381, "Tear Asunder": 2692, "Vraska, Betrayal's Sting": 3107, "Caustic Bronco_SB": 410, "Choking Miasma_SB": 453, "Soul-Guide Lantern_SB": 2501, "Demonic Ruckus": 647, "Flowstone Infusion": 995, "Restless Vents": 2214, "Sunfire Torch": 2631, "Furnace Reins_SB": 1042, "Pyroclasm_SB": 2084, "Staggering Size_SB": 2561, "Abrade": 3, "Agate-Blade Assassin": 28, "All Will Be One": 47, "Bloodfell Caves": 243, "Jagged Barrens": 1448, "Ob Nixilis, Captive Kingpin": 1880, "Raucous Theater": 2135, "Tectonic Hazard": 2694, "Torch the Tower": 2869, "Volcanic Spite": 3088, "Sanguine Evangelist_SB": 2302, "Cruelclaw's Heist": 553, "Harvester of Misery": 1233, "Pillage the Bog": 2023, "Cruelclaw's Heist_SB": 554, "The Cruelty of Gix_SB": 2728, "Leyline of Resonance": 1587, "Royal Treatment": 2265, "Thornspire Verge": 2797, "Turn Inside Out": 2909, "Brotherhood's End_SB": 336, "Brave the Wilds": 304, "Bushwhack": 355, "Cache Grab": 357, "Eddymurk Crab": 761, "Get Out": 1073, "Into the Flood Maw": 1394, "Sleight of Hand": 2470, "Stormchaser's Talent": 2603, "This Town Ain't Big Enough": 2792, "Tolarian Terror": 2863, "Up the Beanstalk": 2982, "Mountain_SB": 1807, "Three Steps Ahead_SB": 2819, "Season of the Burrow": 2363, "Unidentified Hovership": 2955, "Zoraline, Cosmos Caller": 3213, "Legions to Ashes_SB": 1577, "Loran of the Third Path_SB": 1641, "Season of Loss_SB": 2360, "Unidentified Hovership_SB": 2956, "Braids, Arisen Nightmare": 296, "Hopeless Nightmare": 1325, "Nowhere to Run": 1870, "Nurturing Pixie": 1874, "Phyrexian Missionary": 2006, "Surgical Suite && Hospital Room": 2646, "Tithing Blade": 2855, "Bandit's Talent_SB": 172, "Exorcise_SB": 850, "Ghost Vacuum_SB": 1087, "Shrouded Shepherd_SB": 2423, "The Stone Brain_SB": 2776, "Brotherhood's End": 335, "Calamity, Galloping Inferno": 364, "Commercial District": 504, "Glimpse the Core": 1127, "Roxanne, Starfall Savant": 2263, "Smuggler's Surprise": 2481, "Terror of the Peaks": 2719, "Trumpeting Carnosaur": 2902, "Vaultborn Tyrant": 3034, "Tyrranax Rex_SB": 2925, "Duelist of the Mind": 739, "Invasion of Amonkhet": 1401, "Proft's Eidetic Memory": 2065, "Steamcore Scholar": 2576, "Blot Out_SB": 259, "Hostile Investigator_SB": 1332, "Overlord of the Hauntwoods": 1943, "Overlord of the Mistmoors": 1945, "The End": 2732, "Zur, Eternal Schemer": 3217, "Archangel of Wrath_SB": 97, "Invasion of Shandalar_SB": 1419, "Rankle's Prank_SB": 2127, "The End_SB": 2733, "Valgavoth, Terror Eater_SB": 3010, "Enduring Innocence": 801, "Entity Tracker": 816, "Ethereal Armor": 840, "Fae Flight": 877, "Floodfarm Verge": 987, "Gremlin Tamer": 1183, "Inquisitive Glimmer": 1376, "Optimistic Scavenger": 1909, "Ossification": 1918, "Shardmage's Rescue": 2394, "Sheltered by Ghosts": 2399, "Kitnap_SB": 1517, "Ossification_SB": 1919, "Bitter Reunion": 213, "Blazemire Verge": 228, "Brass's Tunnel-Grinder": 302, "Coiling Rebirth": 484, "Fear of Missing Out": 921, "Lich-Knights' Conquest": 1595, "Overlord of the Balemurk": 1937, "Overlord of the Boilerbilges": 1939, "Cavern of Souls_SB": 414, "Enduring Courage_SB": 798, "Nowhere to Run_SB": 1871, "Rottenmouth Viper_SB": 2262, "Leyline Binding": 1583, "Doppelgang": 697, "Get Lost": 1071, "Hushwood Verge": 1343, "No More Lies": 1856, "Overlord of the Floodpits": 1941, "Elesh Norn, Mother of Machines_SB": 779, "Rest in Peace_SB": 2199, "Crumb and Get It": 555, "Restless Bivouac": 2202, "Break the Spell_SB": 313, "Dewdrop Cure_SB": 663, "Shardmage's Rescue_SB": 2395, "Abhorrent Oculus": 1, "Chart a Course": 445, "Elspeth's Smite": 782, "Haughty Djinn": 1236, "Helping Hand": 1274, "Moment of Truth": 1784, "Picklock Prankster": 2016, "Recommission": 2161, "Soul Partition": 2495, "Doorkeeper Thrull_SB": 696, "Kutzil's Flanker_SB": 1549, "Soul Partition_SB": 2496, "Artist's Talent": 119, "Capricious Hellraiser": 378, "Chandra, Hope's Beacon": 431, "Ill-Timed Explosion": 1351, "Pyroclasm": 2083, "Restless Spire": 2212, "Roaring Furnace && Steaming Sauna": 2244, "Season of Weaving": 2361, "Thundering Falls": 2833, "Fires of Victory_SB": 973, "Into the Flood Maw_SB": 1395, "Restless Ridgeline_SB": 2211, "Regal Bunnicorn": 2171, "Restless Anchorage": 2200, "Splitskin Doll": 2547, "Steel Seraph": 2580, "Subterranean Schooner": 2617, "Zoetic Glyph": 3209, "Inti, Seneschal of the Sun": 1388, "Lazav, Wearer of Faces": 1568, "Marchesa, Dealer of Death": 1699, "Plaza of Heroes": 2034, "Relic of Legends": 2179, "Rona, Herald of Invasion": 2259, "Tinybones Joins Up": 2843, "Bitter Triumph_SB": 216, "Kaervek, the Punisher_SB": 1468, "Virtue of Persistence_SB": 3073, "Archangel Elspeth": 92, "Caretaker's Talent": 384, "Carrot Cake": 389, "Elegant Parlor": 773, "Lay Down Arms": 1565, "Parting Gust": 1968, "Sunken Citadel": 2632, "The Eternal Wanderer": 2735, "Boon-Bringer Valkyrie_SB": 276, "Imodane's Recruiter_SB": 1355, "Not on My Watch_SB": 1868, "Sunder the Gateway_SB": 2628, "Malcolm, Alluring Scoundrel": 1686, "Archfiend of the Dross_SB": 101, "Breach the Multiverse": 308, "Collector's Vault": 492, "Conspiracy Unraveler": 518, "Gloomlake Verge": 1132, "Reenact the Crime": 2168, "Terror Tide": 2717, "The Cruelty of Gix": 2727, "The Tale of Tamiyo": 2780, "Vohar, Vodalian Desecrator": 3085, "Long Goodbye_SB": 1631, "Shoot the Sheriff": 2414, "Geological Appraiser": 1067, "Molten Collapse": 1777, "Undead Sprinter": 2939, "Screaming Nemesis_SB": 2344, "Harried Spearguard": 1230, "Painter's Studio && Defaced Gallery": 1959, "Phoenix Chick": 1996, "Felonious Rage_SB": 949, "Ferocification_SB": 951, "Wrenn's Resolve_SB": 3188, "Seed of Hope": 2370, "Long River's Pull_SB": 1634, "The Filigree Sylex_SB": 2739, "Cursed Recording": 574, "Fires of Victory": 972, "Ral, Crackling Wit": 2119, "The Everflowing Well": 2737, "Bonehoard Dracosaur_SB": 269, "Faerie Mastermind_SB": 885, "Frolicking Familiar_SB": 1027, "Scales of Shale_SB": 2323, "Bloodletter of Aclazotz": 245, "Demonic Counsel": 641, "Disfigure": 671, "Rush of Dread": 2280, "Unstoppable Slasher": 2973, "Phyrexian Arena_SB": 1999, "Sheoldred_SB": 2406, "Brushland": 338, "Fountainport_SB": 1020, "The Wandering Rescuer": 2782, "Dreadmaw's Ire_SB": 723, "Surge of Salvation_SB": 2644, "Chainsaw": 427, "Skrelv, Defector Mite": 2449, "Builder's Talent": 341, "Serra Paragon_SB": 2385, "Split Up_SB": 2546, "Enduring Curiosity": 799, "Cease // Desist_SB": 418, "Picnic Ruiner": 2017, "Witch's Mark": 3169, "Twisted Fealty_SB": 2918, "Emberheart Challenger_SB": 792, "Caustic Bronco": 409, "Lightning Helix": 1601, "Enduring Innocence_SB": 802, "Overlord of the Mistmoors_SB": 1946, "Aven Interrupter": 149, "Errant and Giada": 822, "Sleep-Cursed Faerie": 2469, "Zimone, All-Questioning": 3207, "High Noon_SB": 1304, "Cenote Scout": 421, "Floodpits Drowner": 988, "Hard-Hitting Question": 1225, "Jadelight Spelunker": 1447, "Merfolk Cave-Diver": 1727, "Mistbreath Elder": 1767, "Nicanzil, Current Conductor": 1844, "Vodalian Hexcatcher": 3083, "Cryptic Coat_SB": 561, "Deeproot Pilgrimage_SB": 623, "Sword of Once and Future_SB": 2664, "Unable to Scream_SB": 2934, "Roaring Furnace // Steaming Sauna_SB": 2247, "Shore Up": 2416, "Toby, Beastie Befriender": 2858, "Aven Interrupter_SB": 150, "Season of the Burrow_SB": 2364, "Monastery Mentor": 1787, "Monastery Mentor_SB": 1788, "Questing Druid_SB": 2090, "Deduce": 617, "Roaring Furnace // Steaming Sauna": 2246, "Don't Make a Sound": 693, "Kaito, Bane of Nightmares": 1469, "Fear of Impostors": 914, "Ghostly Dancers": 1088, "Mirror Room // Fractured Realm": 1757, "Rottenmouth Viper": 2261, "Silent Hallcreeper": 2429, "Virtue of Knowledge": 3068, "Beastie Beatdown": 194, "Betrayer's Bargain": 202, "Growing Dread": 1192, "Patchwork Beastie": 1971, "Scrapshooter": 2337, "Scrapwork Mutt": 2339, "Wildfire Wickerfolk": 3155, "Atraxa's Fall_SB": 138, "Choking Miasma": 452, "Thrun, Breaker of Silence_SB": 2831, "Calix, Guided by Fate": 365, "Combat Research": 500, "Elvish Archivist": 787, "Restless Vinestalk": 2215, "No More Lies_SB": 1857, "Fallaji Archaeologist": 891, "Founding the Third Path": 1015, "Wail of the Forgotten": 3112, "Enduring Vitality": 805, "Hearth Elemental": 1260, "Scalding Viper": 2320, "Scorching Dragonfire": 2331, "Slick Sequence": 2473, "Stormsplitter": 2606, "Hide in Plain Sight_SB": 1298, "Scorching Dragonfire_SB": 2332, "Virtue of Strength_SB": 3075, "Surge of Salvation": 2643, "Phantom Interference_SB": 1993, "Case of the Stashed Skeleton": 399, "Conduit Pylons": 510, "Corpses of the Lost": 528, "Darkstar Augur": 588, "Scorn-Blade Berserker": 2335, "Withering Torment_SB": 3175, "Lord Skitter, Sewer King": 1644, "Split Up": 2545, "Karn's Sylex_SB": 1481, "Nettle Guard_SB": 1838, "Zoraline, Cosmos Caller_SB": 3214, "Serra Paragon": 2384, "Dawn's Truce_SB": 593, "Phyrexian Vindicator_SB": 2012, "Altanak, the Thrice-Called": 49, "Say Its Name": 2316, "Song of Totentanz": 2491, "Valley Floodcaller": 3014, "Stormkeld Vanguard_SB": 2605, "Screaming Nemesis": 2343, "The Rollercrusher Ride": 2767, "Balustrade Wurm_SB": 169, "Ephara's Dispersal": 818, "Requisition Raid_SB": 2193, "Unwanted Remake_SB": 2980, "Change the Equation": 437, "Horned Loch-Whale": 1327, "Invasion of Arcavios": 1403, "Silver Scrutiny": 2432, "Change the Equation_SB": 438, "Doppelgang_SB": 698, "Lay Down Arms_SB": 1566, "Cheeky House-Mouse": 447, "Collector's Cage": 490, "Flowerfoot Swordmaster": 994, "Lavaspur Boots": 1563, "Lost Jitte": 1646, "Mabel, Heir to Cragflame": 1667, "Valley Questcaller": 3017, "Vengeful Possession_SB": 3043, "Leyline of the Void_SB": 1593, "Elesh Norn, Mother of Machines": 778, "Outrageous Robbery": 1931, "Exorcise": 849, "Mishra's Foundry": 1765, "Jaya, Fiery Negotiator_SB": 1451, "Nissa, Ascended Animist": 1852, "Sheoldred, the Apocalypse_SB": 2405, "Sugar Rush": 2619, "Disfigure_SB": 672, "Skullcap Snail_SB": 2454, "Unscrupulous Agent_SB": 2966, "Up the Beanstalk_SB": 2983, "Destroy Evil": 655, "Restless Prairie": 2207, "Scrollshift": 2345, "Atraxa, Grand Unifier_SB": 140, "Painter's Studio // Defaced Gallery": 1961, "Hearth Elemental_SB": 1261, "No Witnesses": 1860, "Render Inert": 2183, "Starfall Invocation": 2567, "Archangel Elspeth_SB": 93, "Deep-Cavern Bat_SB": 620, "Urza's Sylex_SB": 3000, "Essence Channeler": 830, "Lunar Convocation": 1658, "Ruin-Lurker Bat": 2270, "Dissection Tools_SB": 676, "Barbed Batterfist": 178, "Blacksmith's Talent": 219, "Bladehold War-Whip": 222, "Jor Kadeen, First Goldwarden": 1461, "Kellan, the Fae-Blooded": 1504, "Rebel Salvo": 2153, "Untimely Malfunction_SB": 2978, "Grand Abolisher_SB": 1166, "Bandit's Talent": 171, "Ruthless Negotiation": 2286, "Tinybones, the Pickpocket": 2846, "Phyrexian Obliterator_SB": 2009, "Thought-Stalker Warlock_SB": 2803, "Dreadmaw's Ire": 722, "Case of the Crimson Pulse_SB": 392, "Lightning Strike_SB": 1604, "Shock_SB": 2413, "Urgent Necropsy_SB": 2994, "Glass Casket_SB": 1118, "Rest in Peace": 2198, "Ezrim, Agency Chief": 870, "Unwanted Remake": 2979, "Balustrade Wurm": 168, "Fear of Being Hunted": 910, "Squee, Dubious Monarch": 2556, "Tyvar's Stand": 2927, "Charred Foyer // Warped Space_SB": 444, "Breach the Multiverse_SB": 309, "Conduit of Worlds_SB": 512, "Beseech the Mirror": 199, "Rite of the Moth": 2234, "Valgavoth, Terror Eater": 3009, "No Witnesses_SB": 1861, "Phyrexian Fleshgorger_SB": 2005, "Assassin's Trophy": 130, "Seized from Slumber": 2376, "White Sun's Twilight": 3149, "Cease // Desist": 417, "Ill-Timed Explosion_SB": 1352, "Azure Beastbinder": 157, "Crystal Grotto": 566, "Invasion of Segovia": 1417, "Protect the Negotiators": 2073, "Caretaker's Talent_SB": 385, "Spellgyre": 2525, "Teferi, Temporal Pilgrim": 2697, "Spiteful Hexmage": 2541, "Anointed Peacekeeper_SB": 80, "Torch the Witness": 2871, "Rona's Vortex": 2257, "Surgical Suite // Hospital Room": 2648, "Valgavoth's Faithful": 3005, "Rona's Vortex_SB": 2258, "Kitsa, Otterball Elite": 1518, "Matzalantli, the Great Door": 1710, "Push // Pull": 2081, "Osseous Sticktwister": 1916, "Razorlash Transmogrant_SB": 2143, "Agrus Kos, Spirit of Justice": 33, "Anim Pakal, Thousandth Moon": 68, "Annie Joins Up": 74, "Baylen, the Haymaker": 191, "Hugs, Grisly Guardian": 1336, "Kellan, Daring Traveler": 1499, "Pia Nalaar, Consul of Revival": 2013, "Rocco, Street Chef": 2249, "Defabricate_SB": 626, "Deadly Riposte_SB": 608, "Feather of Flight": 928, "Invasion of Theros": 1422, "Spellbook Vendor": 2524, "Toadstool Admirer": 2857, "Expel the Interlopers_SB": 853, "Virtue of Loyalty_SB": 3071, "Flowstone Infusion_SB": 996, "Giant Growth_SB": 1095, "Enduring Tenacity": 803, "Gumdrop Poisoner": 1204, "Vadmir, New Blood": 3003, "Vinereap Mentor": 3061, "Come Back Wrong_SB": 503, "Callous Sell-Sword_SB": 369, "The Eternal Wanderer_SB": 2736, "Negate": 1832, "Minor Misstep_SB": 1749, "Braided Net": 294, "Chimil, the Inner Sun": 449, "Clay-Fired Bricks": 473, "Farsight Ritual": 900, "Simulacrum Synthesizer": 2438, "Ezrim, Agency Chief_SB": 871, "Obliterating Bolt": 1882, "Sheltered by Ghosts_SB": 2400, "Lumra, Bellow of the Woods": 1657, "Squirming Emergence": 2558, "Kellan, Inquisitive Prodigy_SB": 1501, "Razorkin Needlehead_SB": 2141, "Witch's Mark_SB": 3170, "Chrome Host Seedshark_SB": 455, "Danitha, Benalia's Hope_SB": 585, "Wear Down_SB": 3138, "Contested Game Ball_SB": 523, "Case of the Uneaten Feast": 401, "Leyline of Hope": 1585, "Lupinflower Village": 1661, "Phyrexian Arena": 1998, "Starscape Cleric": 2569, "Blazing Crescendo": 229, "Charming Scoundrel": 442, "Goddric, Cloaked Reveler": 1149, "Wrenn's Resolve": 3187, "Koth, Fire of Resistance_SB": 1538, "Withering Torment": 3174, "Deadly Cover-Up_SB": 606, "Back for Seconds": 159, "Corrupt": 530, "Corrupted Conviction": 531, "Final Vengeance": 967, "Hidden Necropolis": 1294, "Lively Dirge": 1618, "Skullcap Snail": 2453, "The Dross Pits": 2729, "Unscrupulous Agent": 2965, "Candy Grapple_SB": 373, "Tithing Blade_SB": 2856, "Abraded Bluffs": 5, "Alania's Pathmaker": 44, "Banishing Light": 173, "Nahiri's Resolve": 1823, "Tinker's Tote": 2842, "Wind-Scarred Crag": 3160, "Disenchant_SB": 670, "Recommission_SB": 2162, "Volcanic Spite_SB": 3089, "Campus Renovation": 370, "Cityscape Leveler": 464, "Combat Thresher": 501, "Emerge from the Cocoon": 793, "Fear of Abduction": 909, "Galvanize": 1049, "Portal to Phyrexia": 2048, "Raucous Carnival": 2133, "Su-Chi Cave Guard": 2616, "Boulderbranch Golem_SB": 290, "Outlaw Medic_SB": 1928, "Scrollshift_SB": 2346, "Beanstalk Wurm": 193, "Blossoming Sands": 256, "Etched Cornfield": 838, "Getaway Glamer": 1075, "Hauntwoods Shrieker": 1243, "Manifest Dread": 1692, "Riftburst Hellion": 2224, "Rust Goliath": 2282, "Salvation Swan": 2295, "Threats Around Every Corner": 2815, "Valgavoth's Onslaught": 3007, "Monstrous Emergence_SB": 1793, "Neglected Manor": 1834, "Ruthless Lawbringer": 2284, "Scoured Barrens": 2336, "Stockpiling Celebrant": 2592, "Found Footage_SB": 1014, "Griffnaut Tracker_SB": 1188, "Dwarven Forge-Chanter": 748, "Urabrask": 2984, "Whirling Strike_SB": 3145, "Alabaster Host Intercessor": 43, "Fanatic of the Harrowing": 894, "Haunted Mire": 1240, "Jungle Hollow": 1466, "Nurturing Bristleback": 1873, "Radiant Grove": 2099, "Shroudstomper": 2424, "Spectral Snatcher": 2518, "Sunlit Marsh": 2634, "Fanatic of the Harrowing_SB": 895, "Urborg Repossession_SB": 2989, "Winter's Intervention_SB": 3164, "Pawpatch Recruit": 1974, "Manifold Mouse_SB": 1694, "Assimilation Aegis": 132, "Thundertrap Trainer": 2837, "Realmbreaker, the Invasion Tree_SB": 2151, "Unstable Glyphbridge_SB": 2971, "Kaito, Bane of Nightmares_SB": 1470, "Calamity's Wake_SB": 363, "Clockwork Percussionist": 478, "Disturbing Mirth": 682, "Greedy Freebooter": 1178, "Scavenger's Talent": 2327, "Dusk Rose Reliquary": 744, "High Noon": 1303, "Monstrous Emergence": 1792, "Bonny Pall, Clearcutter_SB": 271, "Ephara's Dispersal_SB": 819, "Get Out_SB": 1074, "Teferi, Temporal Pilgrim_SB": 2698, "The Wandering Rescuer_SB": 2783, "Blood Hustler": 238, "Desert's Due": 652, "Eroded Canyon": 821, "Gisa, the Hellraiser": 1102, "Intimidation Campaign": 1390, "Kaervek, the Punisher": 1467, "Lazav, Familiar Stranger": 1567, "Magda, the Hoardmaster": 1673, "Raven of Fell Omens": 2137, "Seize the Secrets": 2374, "Soured Springs": 2509, "Bring the Ending": 322, "Dismal Backwater": 673, "Distorted Curiosity": 677, "Drown in Ichor": 733, "Experimental Augury": 854, "Infectious Inquiry": 1367, "Murky Sewer": 1818, "Prologue to Phyresis": 2069, "Reject Imperfection": 2177, "Vraska's Fall": 3105, "Infectious Inquiry_SB": 1368, "Pestilent Syphoner_SB": 1989, "Vivisurgeon's Insight_SB": 3082, "Abandoned Campground": 0, "Fear of Isolation": 918, "Grand Entryway // Elegant Rotunda": 1168, "Hopeful Vigil": 1324, "Meat Locker // Drowned Diner": 1716, "The Princess Takes Flight": 2763, "Tranquil Cove": 2881, "Underwater Tunnel // Slimy Aquarium": 2946, "Ego Drain": 765, "Faerie Dreamthief": 881, "Faerie Fencing": 882, "Obyra, Dreaming Duelist": 1888, "Season of Loss": 2359, "Spell Stutter": 2522, "Invasion of Amonkhet_SB": 1402, "Spell Stutter_SB": 2523, "Talion's Messenger_SB": 2683, "Break Out": 311, "Keen-Eyed Curator_SB": 1494, "Make Your Own Luck": 1682, "Niv-Mizzet, Supreme": 1855, "Make Your Own Luck_SB": 1683, "Pest Control_SB": 1987, "Soul Search_SB": 2498, "The Infamous Cruelclaw": 2745, "Vein Ripper": 3037, "Deathcap Marionette": 611, "Desperate Bloodseeker": 653, "Gloomfang Mauler": 1131, "Possessed Goat": 2050, "Vile Mutilator": 3060, "Extract a Confession_SB": 866, "Make Your Move_SB": 1681, "Virtue of Courage": 3066, "Push // Pull_SB": 2082, "Ghalta, Stampede Tyrant": 1081, "Overgrown Zealot": 1936, "Bilious Skulldweller": 206, "Venser, Corpse Puppet": 3046, "Drag to the Bottom_SB": 709, "Drown in Ichor_SB": 734, "Reject Imperfection_SB": 2178, "Serum Snare_SB": 2387, "Venser, Corpse Puppet_SB": 3047, "Vraska, Betrayal's Sting_SB": 3108, "Whisper of the Dross_SB": 3148, "Feed the Cycle": 932, "Fade from History_SB": 876, "Annex Sentry_SB": 72, "Freestrider Lookout": 1021, "Ghost Vacuum": 1086, "Meathook Massacre II": 1717, "Zur, Eternal Schemer_SB": 3218, "Grievous Wound": 1186, "Razorkin Needlehead": 2140, "Vial Smasher, Gleeful Grenadier": 3055, "Scales of Shale": 2322, "Invasion of Tolvada_SB": 1424, "Unholy Annex && Ritual Chamber": 2951, "Unholy Annex && Ritual Chamber_SB": 2952, "Spelunking": 2528, "Market Gnome": 1700, "Zephyr Singer": 3202, "Preacher of the Schism_SB": 2055, "Nashi, Searcher in the Dark": 1828, "Betrayer's Bargain_SB": 203, "Loran's Escape": 1642, "Seedglaive Mentor_SB": 2371, "Valgavoth's Lair": 3006, "Idyllic Beachfront": 1350, "Ojer Kaslem, Deepest Growth": 1894, "Restless Cottage_SB": 2205, "Wrenn and Realmbreaker": 3184, "Undead Sprinter_SB": 2940, "Valley Flamecaller": 3013, "Overlord of the Balemurk_SB": 1938, "Torpor Orb_SB": 2874, "Elusive Otter": 784, "Otterball Antics": 1922, "Pearl of Wisdom": 1976, "Stormcatch Mentor": 2602, "Ral, Crackling Wit_SB": 2120, "Fortified Beachhead": 1012, "Harbin, Vanguard Aviator": 1220, "Recruitment Officer": 2163, "Werefox Bodyguard": 3143, "Zephyr Sentinel": 3201, "Cryptic Coat": 560, "Evolving Adaptive": 845, "Omnivorous Flytrap": 1904, "Stubborn Burrowfiend": 2614, "Fell_SB": 946, "Hunter's Talent_SB": 1341, "Trial of Agony_SB": 2896, "Wrenn and Realmbreaker_SB": 3185, "Bonny Pall, Clearcutter": 270, "Thornvault Forager": 2798, "Doomsday Excruciator": 694, "Drag the Canal": 706, "Intrude on the Mind": 1400, "Malicious Eclipse": 1689, "Essence Scatter": 832, "Sazacap's Brew": 2318, "Fortune, Loyal Steed": 1013, "Frontier Seeker": 1028, "Sorcerous Spyglass_SB": 2494, "Defiled Crypt // Cadaver Lab": 633, "Pitiless Carnage": 2026, "Popular Egotist": 2045, "Jaya, Fiery Negotiator": 1450, "Squee, Dubious Monarch_SB": 2557, "Ego Drain_SB": 766, "Stoic Sphinx_SB": 2595, "Drag to the Bottom": 708, "Soul of Windgrace": 2499, "Chandra, Hope's Beacon_SB": 432, "Season of Gathering_SB": 2358, "Blot Out": 258, "Diabolic Intent": 664, "Armored Scrapgorger": 117, "Axebane Ferox": 152, "Green Sun's Twilight": 1179, "Llanowar Loamspeaker": 1624, "Railway Brawler": 2109, "Tyrranax Rex": 2924, "Bite Down_SB": 212, "Hard-Hitting Question_SB": 1226, "Tyvar's Stand_SB": 2928, "Unholy Annex // Ritual Chamber": 2953, "Embereth Veteran": 790, "Drannith Ruins_SB": 721, "Unstoppable Slasher_SB": 2974, "Impulse": 1361, "The Huntsman's Redemption": 2743, "Kaya, Spirits' Justice": 1489, "Overprotect": 1947, "Escape Tunnel": 828, "Live or Die": 1617, "Hopeless Nightmare_SB": 1326, "Valgavoth's Onslaught_SB": 3008, "Cankerbloom_SB": 376, "Enduring Courage": 797, "Rakdos Joins Up": 2113, "The Elder Dragon War": 2730, "Khenra Spellspear": 1510, "Blue Sun's Twilight_SB": 260, "Third Path Iconoclast_SB": 2789, "Helga, Skittish Seer": 1267, "No One Left Behind": 1858, "Not Dead After All": 1865, "Oblivious Bookworm": 1884, "Satoru, the Infiltrator": 2308, "Splash Portal": 2543, "The Swarmweaver_SB": 2779, "Elas il-Kor, Sadistic Pilgrim": 769, "Valley Rotcaller": 3018, "Boon-Bringer Valkyrie": 275, "Rockface Village_SB": 2251, "Elesh Norn_SB": 780, "Long River's Pull": 1633, "Sunspine Lynx": 2637, "Stoic Sphinx": 2594, "Hajar, Loyal Bodyguard": 1207, "Rakdos, the Muscle": 2116, "Ratadrabik of Urborg": 2130, "The Jolly Balloon Man": 2748, "Blast Zone": 226, "Fomori Vault": 999, "Skitterbeam Battalion": 2446, "Stern Lesson": 2584, "The Mightstone and Weakstone": 2756, "Thran Spider": 2810, "Agatha's Soul Cauldron": 29, "Nettle Guard": 1837, "Raging Battle Mouse": 2108, "Voldaren Thrillseeker": 3091, "Parting Gust_SB": 1969, "Assimilation Aegis_SB": 133, "Koth, Fire of Resistance": 1537, "Phyrexian Dragon Engine_SB": 2003, "Vraan, Executioner Thane": 3103, "Goldvein Hydra_SB": 1153, "Pawpatch Recruit_SB": 1975, "Azure Beastbinder_SB": 158, "Gix, Yawgmoth Praetor_SB": 1111, "Geological Appraiser_SB": 1068, "Flow of Knowledge": 992, "Abhorrent Oculus_SB": 2, "Shore Up_SB": 2417, "Unauthorized Exit_SB": 2936, "Djeru and Hazoret": 689, "Dragonhawk, Fate's Tempest": 713, "Etali, Primal Conqueror": 835, "Huatli, Poet of Unity": 1335, "Kogla and Yidaro": 1529, "Dollmaker's Shop // Porcelain Gallery_SB": 692, "Commune with Evil": 506, "Nemata, Primeval Warden": 1835, "Hammerhand_SB": 1218, "Aftermath Analyst": 25, "Akawalli, the Seething Tower": 42, "Bringer of the Last Gift": 324, "Maha, Its Feathers Night": 1679, "Strangled Cemetery": 2607, "Terramorphic Expanse": 2715, "Uurg, Spawn of Turg": 3002, "Voracious Varmint": 3097, "Wary Watchdog": 3131, "Murder_SB": 1816, "Armored Armadillo": 114, "Draconic Destiny": 705, "Etali's Favor": 834, "Slumbering Keepguard": 2477, "War Squeak": 3119, "Loran's Escape_SB": 1643, "Take Up the Shield_SB": 2678, "Broodspinner": 333, "Huskburster Swarm": 1344, "Writhing Necromass": 3189, "Desperate Bloodseeker_SB": 654, "Echo of Dusk_SB": 759, "Voracious Varmint_SB": 3098, "Creosote Heath": 551, "Crystal Carapace": 565, "Hunter's Talent": 1340, "Petrify_SB": 1991, "Conceited Witch": 509, "Fear of Infinity": 916, "Glimmerlight": 1126, "Shoreline Looter": 2418, "The Witch's Vanity": 2784, "Forlorn Flats": 1010, "Hero of the Dunes": 1283, "Phyrexian Rager": 2010, "Overwhelming Remorse_SB": 1952, "Vanish into Eternity_SB": 3030, "Gixian Infiltrator": 1112, "Sawblade Skinripper": 2314, "Not Dead After All_SB": 1866, "Unseal the Necropolis_SB": 2967, "Bonecache Overseer": 265, "Ichor Drinker": 1347, "Insidious Roots": 1382, "Izoni, Center of the Web": 1440, "Ozolith, the Shattered Spire": 1955, "Skyfisher Spider": 2459, "Snarling Gorehound": 2486, "Twitching Doll": 2919, "Urborg Repossession": 2988, "Enduring Curiosity_SB": 800, "Requisition Raid": 2192, "Third Path Iconoclast": 2788, "Artist's Talent_SB": 120, "Kellan, Inquisitive Prodigy": 1500, "Royal Treatment_SB": 2266, "Valley Floodcaller_SB": 3015, "Skrelv's Hive_SB": 2448, "Karumonix, the Rat King": 1486, "Lilypad Village": 1611, "Persistent Marshstalker": 1985, "Anzrag's Rampage_SB": 82, "Terisian Mindbreaker": 2714, "The Mindskinner": 2759, "Eliminate the Impossible_SB": 781, "Insatiable Avarice": 1378, "Archdruid's Charm": 98, "Arid Archway": 111, "Highway Robbery": 1307, "Treasure Map": 2892, "Jodah, the Unifier": 1456, "Melira, the Living Cure": 1721, "Sigarda, Font of Blessings": 2427, "Drana and Linvala_SB": 718, "Kellan, the Kid_SB": 1506, "Kutzil, Malamet Exemplar_SB": 1551, "Myrel, Shield of Argive_SB": 1821, "Skrelv, Defector Mite_SB": 2450, "Tinybones Joins Up_SB": 2844, "Gishath, Sun's Avatar": 1104, "Aspirant's Ascent": 128, "Enter the Enigma": 814, "Ivy, Gleeful Spellthief": 1437, "Molten Duplication": 1779, "Take the Fall": 2680, "Venerated Rotpriest": 3039, "Ivy, Gleeful Spellthief_SB": 1438, "Ojer Axonil, Deepest Might": 1893, "Kogla and Yidaro_SB": 1530, "Vaultborn Tyrant_SB": 3035, "Song of Totentanz_SB": 2492, "Fae Flight_SB": 878, "Silent Hallcreeper_SB": 2430, "Stenn, Paranoid Partisan": 2582, "Gremlin Tamer_SB": 1184, "Dreams of Steel and Oil": 727, "Unholy Annex // Ritual Chamber_SB": 2954, "Amalia Benavides Aguirre": 50, "Thousand Moons Smithy": 2806, "Unstable Glyphbridge": 2970, "Worldwalker Helm": 3181, "Spring-Loaded Sawblades_SB": 2552, "Quick Study": 2092, "Awaken the Woods": 151, "Goldvein Hydra": 1152, "Nissa, Resurgent Animist": 1854, "Pick Your Poison": 2014, "Surge Engine": 2641, "Training Grounds": 2879, "Vorinclex": 3099, "Aftermath Analyst_SB": 26, "Training Grounds_SB": 2880, "Regal Bunnicorn_SB": 2172, "Corpses of the Lost_SB": 529, "Slickshot Show-Off_SB": 2475, "Bandit's Haul": 170, "Conduit of Worlds": 511, "Faunsbane Troll": 906, "The Goose Mother": 2741, "Anointed Peacekeeper": 79, "Archangel of Tithes": 94, "Guardian of New Benalia": 1199, "Veteran Survivor": 3052, "Tocasia's Welcome_SB": 2861, "Commercial District_SB": 505, "Innkeeper's Talent_SB": 1374, "Darkstar Augur_SB": 589, "Arabella, Abandoned Doll": 83, "Case of the Gateway Express_SB": 395, "Patchwork Banner": 1970, "Kaito, Dancing Shadow_SB": 1474, "Crawling Chorus": 549, "Skrelv's Hive": 2447, "Sword of Forge and Frontier_SB": 2662, "Sword of Forge and Frontier": 2661, "Sword of Once and Future": 2663, "Fleeting Reflection": 983, "Reasonable Doubt": 2152, "Serum Snare": 2386, "The Seedcore": 2769, "Bring the Ending_SB": 323, "Keen-Eyed Curator": 1493, "Jawbone Duelist": 1449, "Seal from Existence": 2351, "Scorching Shot": 2333, "Not on My Watch": 1867, "Two-Headed Hunter": 2920, "Render Inert_SB": 2184, "Demolition Field_SB": 640, "Overlord of the Floodpits_SB": 1942, "Dollmaker's Shop && Porcelain Gallery": 690, "Agatha's Soul Cauldron_SB": 30, "Lavaspur Boots_SB": 1564, "Arabella, Abandoned Doll_SB": 84, "Restless Anchorage_SB": 2201, "Overlord of the Boilerbilges_SB": 1940, "Island_SB": 1435, "Invasion of Innistrad": 1409, "Fugitive Codebreaker_SB": 1032, "Misery's Shadow_SB": 1762, "Lukka, Bound to Ruin": 1651, "Migloz, Maze Crusher": 1741, "Quintorius Kand_SB": 2094, "Walk-In Closet && Forgotten Cellar": 3115, "Assassin's Trophy_SB": 131, "Osseous Sticktwister_SB": 1917, "Unable to Scream": 2933, "Horned Loch-Whale_SB": 1328, "Piggy Bank": 2018, "Rankle's Prank": 2126, "Sunken Citadel_SB": 2633, "Farsight Ritual_SB": 901, "Bladecoil Serpent_SB": 221, "Urza's Sylex": 2999, "Curate": 571, "Proft's Eidetic Memory_SB": 2066, "Starscape Cleric_SB": 2570, "Confounding Riddle": 513, "The Enigma Jewel": 2734, "The Swarmweaver": 2778, "Insatiable Avarice_SB": 1379, "Virtue of Knowledge_SB": 3069, "Sheoldred": 2401, "Ruthless Negotiation_SB": 2287, "Legion Extruder": 1573, "Blossoming Tortoise": 257, "Knight of Dusk's Shadow_SB": 1523, "Meeting of Minds": 1720, "Stoke the Flames": 2596, "Baird, Argivian Recruiter": 162, "Dollmaker's Shop // Porcelain Gallery": 691, "One with the Multiverse": 1906, "Trapped in the Screen": 2887, "Shoot the Sheriff_SB": 2415, "Arcane Proxy": 89, "Astor, Bearer of Blades": 134, "Dissection Tools": 675, "Chrome Prowler": 456, "Hidden Cataract": 1291, "Hidden Courtyard": 1292, "Liberator, Urza's Battlethopter": 1594, "Out Cold": 1923, "Lost in the Maze_SB": 1649, "Spark Rupture_SB": 2512, "Case of the Crimson Pulse": 391, "Coati Scavenger": 482, "Drag to the Roots": 710, "The Skullspore Nexus": 2770, "Glass Casket": 1117, "Repel Calamity": 2187, "Walk-In Closet && Forgotten Cellar_SB": 3116, "Twinferno": 2912, "Tarnation Vista": 2688, "Sandstorm Verge": 2300, "Pillage the Bog_SB": 2024, "Pest Control": 1986, "Cankerbloom": 375, "Violent Urge": 3063, "Argentum Masticore_SB": 109, "Archdruid's Charm_SB": 99, "Ghostly Dancers_SB": 1089, "Micromancer": 1735, "Case of the Filched Falcon": 393, "Invasion of Ixalan": 1410, "Bristlebud Farmer_SB": 326, "Clement, the Worrywort": 475, "Dour Port-Mage": 701, "Dreamdew Entrancer": 725, "Long River Lurker": 1632, "Oakhollow Village": 1878, "Pond Prophet": 2044, "Sunshower Druid": 2635, "Three Tree Scribe": 2822, "Valley Mightcaller": 3016, "Drannith Ruins": 720, "Coppercoat Vanguard": 525, "Valiant Veteran": 3011, "Misery's Shadow": 1761, "Syr Ginger, the Meal Ender": 2670, "Teething Wurmlet": 2696, "Tough Cookie": 2875, "Tail Swipe_SB": 2674, "Sharp-Eyed Rookie": 2396, "Metropolis Reformer_SB": 1734, "Annex Sentry": 71, "Slaughter Singer": 2468, "Ajani, Sleeper Agent_SB": 39, "Burrowguard Mentor": 352, "Finneas, Ace Archer": 969, "Hop to It": 1322, "Seasoned Warrenguard": 2366, "Treeguard Duo_SB": 2894, "Bristly Bill, Spine Sower": 328, "Case of the Locked Hothouse": 396, "Evolving Wilds": 846, "Festering Gulch": 952, "Fake Your Own Death_SB": 890, "Forest_SB": 1007, "Heaped Harvest_SB": 1254, "Swamp_SB": 2654, "Breeches, Eager Pillager": 314, "Captain Storm, Cosmium Raider": 381, "Goblin Tomb Raider": 1148, "Kitesail Larcenist": 1515, "Malcolm, the Eyes": 1688, "Reckless Lackey": 2156, "Roaming Throne": 2242, "Staunch Crewmate": 2574, "Roaming Throne_SB": 2243, "Fauna Shaman": 904, "Haywire Mite": 1244, "Kami of Whispered Hopes": 1478, "Likeness Looter": 1606, "Nashi, Moon's Legacy": 1827, "Tyvar, Jubilant Brawler": 2929, "Demand Answers": 638, "Magebane Lizard_SB": 1675, "Take Up the Shield": 2677, "Jirina, Dauntless General_SB": 1455, "Slime Against Humanity": 2476, "Explosive Derailment": 858, "Fell": 945, "Great Train Heist": 1174, "Return the Favor": 2219, "Chainsaw_SB": 428, "Might of the Meek_SB": 1740, "Rabid Gnaw_SB": 2097, "Turn Inside Out_SB": 2910, "Chupacabra Echo": 457, "Hollow Scavenger": 1318, "Hedge Shredder": 1265, "Grievous Wound_SB": 1187, "Cathartic Parting_SB": 406, "Impulse_SB": 1362, "Lich-Knights' Conquest_SB": 1596, "Overlord of the Hauntwoods_SB": 1944, "Bovine Intervention_SB": 293, "Scatter Ray": 2325, "Ashiok, Wicked Manipulator_SB": 124, "Ghired, Mirror of the Wilds": 1082, "Cult Conscript": 567, "Roaring Furnace && Steaming Sauna_SB": 2245, "Hidetsugu and Kairi": 1300, "Under the Skin": 2941, "Elusive Otter_SB": 785, "Unyielding Gatekeeper": 2981, "Etali, Primal Conqueror_SB": 836, "Restricted Office && Lecture Hall_SB": 2216, "Season of Weaving_SB": 2362, "Cunning Coyote": 569, "Osteomancer Adept": 1920, "Tail Swipe": 2673, "Thraxodemon": 2813, "Fear of Lost Teeth": 920, "Invasion of Azgol": 1404, "The Witch's Vanity_SB": 2785, "Tinybones, the Pickpocket_SB": 2847, "Decadent Dragon": 615, "Rakdos, Patron of Chaos": 2115, "Gingerbrute": 1101, "Marvin, Murderous Mimic": 1705, "Kitesail Larcenist_SB": 1516, "Repulsive Mutation_SB": 2190, "The Infamous Cruelclaw_SB": 2746, "Pollen-Shield Hare": 2039, "Three Tree City": 2820, "Ashiok, Wicked Manipulator": 123, "Final Showdown": 965, "Kutzil's Flanker": 1548, "Ingenious Prodigy": 1372, "Kaito, Dancing Shadow": 1473, "Plumecreed Escort_SB": 2036, "Captivating Cave": 382, "Aloe Alchemist": 48, "Yavimaya Iconoclast": 3193, "Neutralize the Guards_SB": 1840, "Bloodletter of Aclazotz_SB": 246, "Braids, Arisen Nightmare_SB": 297, "Torch the Witness_SB": 2872, "Pugnacious Hammerskull_SB": 2079, "Glarb, Calamity's Augur_SB": 1116, "Kambal, Profiteering Mayor_SB": 1477, "Warden of the Inner Sky_SB": 3122, "Painter's Studio && Defaced Gallery_SB": 1960, "Planar Disruption_SB": 2032, "Overprotect_SB": 1948, "Portent of Calamity": 2049, "The Irencrag": 2747, "Floodpits Drowner_SB": 989, "Lukka, Bound to Ruin_SB": 1652, "Roxanne, Starfall Savant_SB": 2264, "Black Sun's Twilight": 217, "Iridescent Vinelasher_SB": 1431, "Werefox Bodyguard_SB": 3144, "Lost in the Maze": 1648, "Great Train Heist_SB": 1175, "Bristling Backwoods": 327, "Rugged Highlands": 2269, "Razortrap Gorge": 2144, "Herbology Instructor_SB": 1280, "Hidden Grotto": 1293, "Heroic Reinforcements": 1287, "Maelstrom Pulse": 1671, "Scavenging Ooze": 2328, "Vivien Reid": 3079, "Liliana, Dreadhorde General_SB": 1610, "Maelstrom Pulse_SB": 1672, "Phyrexian Obliterator": 2008, "Back for Seconds_SB": 160, "Case of the Stashed Skeleton_SB": 400, "Homicide Investigator_SB": 1320, "Boros Charm": 278, "Llanowar Elves": 1621, "Burst Lightning": 353, "Abyssal Harvester": 9, "Day of Judgment": 595, "Authority of the Consuls_SB": 147, "Devout Decree_SB": 661, "Flashfreeze_SB": 980, "Evangel of Synthesis": 843, "Zombify": 3211, "Desecration Demon_SB": 651, "Wail of the Forgotten_SB": 3113, "Soulstone Sanctuary": 2507, "Scavenging Ooze_SB": 2329, "Vivien Reid_SB": 3080, "Basilisk Collar_SB": 186, "Sun-Blessed Healer": 2623, "Temple of Triumph": 2709, "Campus Renovation_SB": 371, "Boltwave": 263, "Splitskin Doll_SB": 2548, "Heartflame Duelist_SB": 1259, "Slagstorm_SB": 2467, "Mazemind Tome": 1714, "Crystal Barricade_SB": 564, "Kellan, Planar Trailblazer": 1502, "Bloodthirsty Conqueror_SB": 250, "Spinner of Souls": 2537, "Feed the Swarm_SB": 936, "Kaito, Cunning Infiltrator_SB": 1472, "Opt": 1907, "Pitiless Carnage_SB": 2027, "Kiora, the Rising Tide": 1513, "Ghitu Lavarunner": 1084, "Thrill of Possibility": 2825, "Blooming Blast_SB": 254, "Elenda, Saint of Dusk": 775, "Garna, Bloodfist of Keld": 1052, "Kellan, the Kid": 1505, "Secluded Courtyard": 2368, "Faebloom Trick": 879, "Authority of the Consuls": 146, "Exemplar of Light": 847, "Fiendish Panda": 957, "Hinterland Sanctifier": 1309, "Elenda, Saint of Dusk_SB": 776, "Spectral Sailor": 2517, "Unsummon": 2975, "Giant Cindermaw_SB": 1093, "Bloodthirsty Conqueror": 249, "Heartflame Duelist": 1258, "Viashino Pyromancer": 3056, "Ball Lightning": 165, "Bloodfeather Phoenix": 241, "Grab the Prize": 1161, "Lyra Dawnbringer_SB": 1665, "Virtue of Courage_SB": 3067, "Brineborn Cutthroat_SB": 321, "Ertai's Scorn_SB": 827, "Flow of Knowledge_SB": 993, "Haughty Djinn_SB": 1237, "Urza's Rebuff_SB": 2997, "Felidar Retreat": 942, "Herald of Eternal Dawn": 1275, "Loot, Exuberant Explorer": 1636, "Mossborn Hydra": 1802, "Abyssal Harvester_SB": 10, "Painter's Studio // Defaced Gallery_SB": 1962, "Hero's Downfall": 1284, "Liliana, Dreadhorde General": 1609, "Temple of Malady": 2704, "Temple of Plenty": 2707, "Temple of Silence": 2708, "Mortify_SB": 1801, "White Sun's Twilight_SB": 3150, "Kaito, Cunning Infiltrator": 1471, "Sphinx of Forgotten Lore": 2529, "Aetherize_SB": 23, "Feldon's Cane_SB": 938, "Demonic Pact": 645, "Harmless Offering": 1229, "Cathar Commando": 404, "Knight of Grace": 1524, "Ajani, Caller of the Pride_SB": 36, "Ethereal Armor_SB": 841, "Reclamation Sage_SB": 2160, "Dead Weight": 600, "Gixian Puppeteer": 1114, "Revenge of the Rats": 2220, "Terror Ballista": 2716, "The Ancient One": 2725, "An Offer You Can't Refuse_SB": 56, "Trapped in the Screen_SB": 2888, "Llanowar Greenwidow": 1623, "Zurgo and Ojutai": 3219, "Final Showdown_SB": 966, "Subterranean Schooner_SB": 2618, "Virtue of Strength": 3074, "Worldsoul's Rage": 3180, "Hero's Downfall_SB": 1285, "Boros Charm_SB": 279, "Ashroot Animist": 127, "Polukranos Reborn": 2042, "Ruby, Daring Tracker": 2268, "Muerra, Trash Tactician_SB": 1812, "Refute": 2169, "Curator of Destinies_SB": 572, "Day of Judgment_SB": 596, "Bloated Contaminator": 235, "High Stride": 1305, "Infectious Bite": 1366, "Aspirant's Ascent_SB": 129, "Distorted Curiosity_SB": 678, "Enter the Enigma_SB": 815, "Fleeting Reflection_SB": 984, "High Stride_SB": 1306, "Prologue to Phyresis_SB": 2070, "This Town Ain't Big Enough_SB": 2793, "Jirina, Dauntless General": 1454, "Deathmark_SB": 612, "Joust Through_SB": 1463, "Knight of Grace_SB": 1525, "Raise the Past_SB": 2111, "Arcanis the Omnipotent_SB": 91, "Feed the Cycle_SB": 933, "Insidious Fungus_SB": 1381, "Stab_SB": 2560, "Blooming Blast": 253, "Coruscation Mage": 534, "Firebrand Archer": 970, "Dazzling Denial": 598, "Empyrean Eagle": 794, "Healer's Hawk": 1252, "Temple of Deceit": 2701, "Sentinel of the Nameless City_SB": 2382, "Doubling Season": 699, "Cathar Commando_SB": 405, "Elegant Parlor_SB": 774, "Thrun, Breaker of Silence": 2830, "Greed's Gambit": 1176, "Molten Collapse_SB": 1778, "Sire of Seven Deaths_SB": 2441, "Invasion of Zendikar": 1425, "Chimil, the Inner Sun_SB": 450, "Pilfer_SB": 2022, "Urborg Scavengers_SB": 2991, "Ajani's Pridemate": 34, "Arahbo, the First Fang": 86, "Joust Through": 1462, "Prideful Parent": 2057, "Regal Caracal": 2173, "Savannah Lions": 2310, "Skyknight Squire": 2461, "Banishing Light_SB": 174, "Claws Out_SB": 472, "Audacity_SB": 142, "Brineborn Cutthroat": 320, "Desecration Demon": 650, "Cynical Loner": 581, "Driver of the Dead": 731, "Gatekeeper of Malakir": 1062, "Infestation Sage": 1369, "Kalastria Highborn": 1475, "Nullpriest of Oblivion": 1872, "Pulse Tracker": 2080, "Vampire Nighthawk": 3025, "Vengeful Bloodwitch": 3041, "Undergrowth Recon": 2945, "Walk-In Closet // Forgotten Cellar": 3117, "An Offer You Can't Refuse": 55, "Carnelian Orb of Dragonkind": 386, "Invasion of Tarkir": 1420, "Sarkhan, Soul Aflame": 2307, "Slagstorm": 2466, "Stingerback Terror": 2587, "Twinflame Tyrant": 2914, "Omniscience": 1903, "Drag to the Roots_SB": 711, "Buried in the Garden": 346, "Clifftop Lookout": 476, "Fecund Greenshell": 930, "Genesis Wave": 1066, "Tender Wildguide": 2712, "Invasion of Regatha": 1415, "Luminous Rebuke": 1655, "Primal Might": 2058, "Arcanis the Omnipotent": 90, "Moment of Craving_SB": 1782, "Tinybones, Bauble Burglar": 2845, "Sphinx of Forgotten Lore_SB": 2530, "Ashnod's Intervention": 126, "Witness Protection_SB": 3177, "Bloodfeather Phoenix_SB": 242, "Koma, World-Eater": 1534, "Fear of Impostors_SB": 915, "Giada, Font of Hope": 1090, "Guardian of Ghirapur": 1198, "Lyra Dawnbringer": 1664, "Resplendent Angel": 2195, "Youthful Valkyrie": 3198, "Witness Protection": 3176, "Fabrication Foundry": 875, "Fumigate": 1034, "Hammerhand": 1217, "Sawblade Scamp": 2313, "Citanul Stalwart": 463, "Dwynen's Elite": 750, "Elvish Archdruid": 786, "Imperious Perfect": 1358, "Leaf-Crowned Visionary": 1569, "Surrak and Goreclaw": 2650, "Tyvar the Bellicose": 2926, "Tyvar, the Pummeler": 2930, "Dwynen, Gilt-Leaf Daen_SB": 752, "Unsummon_SB": 2976, "Deeproot Wayfinder": 624, "Surrak, the Hunt Caller": 2652, "Wildborn Preserver_SB": 3153, "Sire of Seven Deaths": 2440, "Searslicer Goblin": 2355, "Stromkirk Noble": 2613, "Reclamation Sage": 2159, "Case of the Locked Hothouse_SB": 397, "Bulk Up": 343, "Chandra, Flameshaper": 429, "Swiftblade Vindicator": 2656, "Leyline Axe": 1582, "Sporogenic Infection": 2549, "Commune with Evil_SB": 507, "Fear of Missing Out_SB": 922, "Coppercoat Vanguard_SB": 526, "Garna, Bloodfist of Keld_SB": 1053, "Helpful Hunter": 1273, "Knight of Dawn's Light": 1520, "Raise the Past": 2110, "Enduring Tenacity_SB": 804, "Leyline of Hope_SB": 1586, "Massacre Wurm_SB": 1709, "Burst Lightning_SB": 354, "Archmage of Runes": 102, "Ertai's Scorn": 826, "Metamorphic Blast": 1729, "Unauthorized Exit": 2935, "Harrier Strix_SB": 1232, "Strix Lookout_SB": 2610, "The Tale of Tamiyo_SB": 2781, "Twist Reality_SB": 2916, "Vampire Nighthawk_SB": 3026, "Runic Shot_SB": 2278, "Razorlash Transmogrant": 2142, "Huskburster Swarm_SB": 1345, "Invasion of Tarkir_SB": 1421, "Hearthborn Battler": 1262, "Contaminated Aquifer": 522, "Marauding Brinefang": 1697, "Soul-Guide Lantern": 2500, "Union of the Third Path": 2957, "Vanish into Eternity": 3029, "Dewdrop Cure": 662, "Elesh Norn": 777, "Goblin Surprise": 1147, "Irreverent Gremlin": 1433, "Krenko, Mob Boss": 1544, "Norin, Swift Survivalist": 1862, "Vicious Clown": 3058, "Involuntary Employment_SB": 1429, "Outlaws' Fury": 1929, "Ravine Raider": 2138, "Agate Assault_SB": 27, "Bake into a Pie_SB": 163, "Hazardous Blast_SB": 1246, "Azorius Guildgate": 156, "Boros Guildgate": 280, "Circuitous Route": 462, "Dimir Guildgate": 666, "Eaten Alive": 756, "Expedition Map": 851, "Golgari Guildgate": 1155, "Gruul Guildgate": 1195, "Insidious Fungus": 1380, "Izzet Guildgate": 1442, "Maze's End": 1712, "Muldrotha, the Gravetide": 1813, "Orzhov Guildgate": 1915, "Rakdos Guildgate": 2112, "Selesnya Guildgate": 2378, "Simic Guildgate": 2437, "Tatyova, Benthic Druid": 2690, "Brightblade Stoat_SB": 317, "Savor_SB": 2312, "Thornwood Falls": 2799, "Candy Trail": 374, "Marauding Blight-Priest": 1696, "Moment of Craving": 1781, "Murder": 1815, "Savor": 2311, "Servant of the Stinger": 2388, "Sanguine Indulgence_SB": 2303, "Soul-Shackled Zombie_SB": 2503, "Deadly Brew": 603, "Tocasia's Dig Site": 2859, "Electrostatic Infantry": 772, "Frenzied Goblin_SB": 1024, "The Autonomous Furnace": 2726, "Impact Tremors": 1356, "Kindlespark Duo": 1511, "Ral's Reinforcements": 2118, "Rodeo Pyromancers": 2253, "Deadeye Duelist_SB": 602, "Skewer Slinger_SB": 2443, "Thunder Salvo_SB": 2832, "Midnight Mayhem": 1737, "Ratcatcher Trainee": 2131, "Scytheclaw Raptor_SB": 2349, "Bartolom\u00e9 del Presidio": 182, "Midnight Reaper": 1738, "Nezumi Linkbreaker": 1843, "Vampire Gourmand": 3024, "Guardian of the Great Door": 1200, "Lonely Arroyo": 1629, "Norn's Inquisitor": 1864, "Spring-Loaded Sawblades": 2551, "Banner of Kinship": 175, "Hare Apparent": 1228, "Kayla's Reconstruction": 1492, "Hinterland Sanctifier_SB": 1310, "Dragon Fodder": 712, "Keldon Strike Team_SB": 1496, "Prophetic Prism": 2072, "Basilisk Collar": 185, "Ambush Wolf_SB": 52, "Dead Weight_SB": 601, "Fog of War_SB": 998, "Aetherize": 22, "Peculiar Lighthouse": 1977, "Swiftwater Cliffs": 2659, "Tolarian Terror_SB": 2864, "Union of the Third Path_SB": 2958, "Hidetsugu's Second Rite": 1301, "Ghitu Lavarunner_SB": 1085, "Boulderbranch Golem": 289, "Fierce Empath": 959, "Galewind Moose": 1047, "Gossip's Talent": 1160, "Gruff Triplets": 1194, "Lush Oasis": 1662, "Mirage Mesa": 1751, "Outcaster Greenblade": 1925, "Sunshower Druid_SB": 2636, "Drag the Canal_SB": 707, "Scatter Ray_SB": 2326, "Stingerback Terror_SB": 2588, "Flamewake Phoenix_SB": 978, "Grand Entryway && Elegant Rotunda": 1167, "Karplusan Forest_SB": 1485, "Argoth, Sanctum of Nature": 110, "Cosmic Rebirth": 537, "Elvish Regrower": 789, "Springbloom Druid": 2553, "Titania, Voice of Gaea": 2853, "Tolsimir, Midnight's Light": 2865, "Twisted Fealty": 2917, "Aegis Turtle_SB": 18, "Temple of Malice": 2705, "Night of the Sweets' Revenge": 1846, "Welcome to Sweettooth": 3142, "Cosmium Confluence_SB": 540, "See Double_SB": 2369, "Volatile Fault_SB": 3087, "Fiery Annihilation_SB": 961, "Calix, Guided by Fate_SB": 366, "Divine Resilience_SB": 688, "Unflinching Courage_SB": 2950, "Valorous Stance_SB": 3023, "Trygon Predator_SB": 2903, "Dwynen, Gilt-Leaf Daen": 751, "Lathril, Blade of the Elves": 1558, "Wildborn Preserver": 3152, "Ajani, Caller of the Pride": 35, "Angel of Vitality": 65, "Leonin Vanguard": 1578, "Extinguish the Light_SB": 865, "Nine-Lives Familiar": 1851, "Voracious Greatshark": 3096, "Anthem of Champions": 81, "Armasaur Guide": 113, "Biogenic Upgrade": 209, "Charming Prince": 441, "Dazzling Angel": 597, "Felidar Savior": 944, "Felling Blow": 947, "Gnarlid Colony": 1135, "Good-Fortune Unicorn": 1159, "Inspiring Call": 1384, "Inspiring Paladin": 1386, "Mild-Mannered Librarian": 1743, "Pacifism": 1956, "Wary Thespian": 3130, "Wildwood Scourge": 3156, "Rite of Replication": 2231, "Swiftfoot Boots_SB": 2658, "Eaten by Piranhas_SB": 758, "Axebane Ferox_SB": 153, "Silver Scrutiny_SB": 2433, "Flourishing Bloom-Kin": 991, "Ghalta, Primal Hunger": 1079, "Immersturm Predator": 1353, "Alesha, Who Laughs at Fate": 46, "Aurelia, the Law Above": 144, "Perforating Artist": 1981, "Voldaren Thrillseeker_SB": 3092, "Crash Through": 547, "Drake Hatcher": 716, "Feed the Swarm": 935, "Crawling Barrens": 548, "Mazemind Tome_SB": 1715, "Phyrexian Censor": 2000, "Phyrexian Vindicator": 2011, "Volatile Fault": 3086, "Seal from Existence_SB": 2352, "Stasis Snare_SB": 2572, "Urborg Scavengers": 2990, "Zetalpa, Primal Dawn": 3204, "Chrome Host Seedshark": 454, "Ichormoon Gauntlet": 1348, "Jace Reawakened": 1443, "Jin-Gitaxias": 1453, "Temple of Epiphany": 2703, "Galvanize_SB": 1050, "Tocasia's Welcome": 2860, "Bonehoard Dracosaur": 268, "Dragonlord's Servant": 714, "Incinerator of the Guilty": 1363, "Kolaghan Warmonger": 1531, "Rivaz of the Claw": 2235, "Tyrant of Kher Ridges": 2921, "Burglar Rat": 345, "Halo Forager": 1214, "Macabre Waltz": 1669, "Mindsplice Apparatus": 1746, "Painful Quandary": 1957, "Psychic Whorl": 2076, "Rune-Scarred Demon": 2276, "The Key to the Vault": 2751, "The Rollercrusher Ride_SB": 2768, "Titania, Voice of Gaea_SB": 2854, "Dawn's Truce": 592, "Joint Exploration": 1460, "Titania's Command_SB": 2852, "Colossal Rattlewurm": 497, "Rattleback Apothecary": 2132, "Tatyova, Steward of Tides": 2691, "Tomb Trawler_SB": 2867, "Nashi, Searcher in the Dark_SB": 1829, "Inspiration from Beyond": 1383, "Filter Out_SB": 963, "Kutzil, Malamet Exemplar": 1550, "Runic Shot": 2277, "Herald of Eternal Dawn_SB": 1276, "Sun-Blessed Healer_SB": 2624, "Mortify": 1800, "Seeker's Folly": 2372, "Coveted Falcon": 544, "Greed's Gambit_SB": 1177, "Stab": 2559, "Ferocification": 950, "Dreadwing Scavenger": 724, "Broodspinner_SB": 334, "The Gitrog, Ravenous Ride_SB": 2740, "Invasion of Gobakhan": 1407, "Fiery Annihilation": 960, "Beseech the Mirror_SB": 200, "Heroic Reinforcements_SB": 1288, "Peerless Recycling_SB": 1978, "Wing Commando": 3162, "Essence Scatter_SB": 833, "Cerebral Confiscation_SB": 424, "Haunted Screen": 1242, "Prayer of Binding": 2053, "Furnace Reins": 1041, "River's Rebuke": 2236, "Koma, World-Eater_SB": 1535, "Primeval Bounty_SB": 2060, "River's Rebuke_SB": 2237, "Regal Caracal_SB": 2174, "Kiora, the Rising Tide_SB": 1514, "Rat Out_SB": 2129, "Plains_SB": 2030, "Faebloom Trick_SB": 880, "Throne of the Grim Captain": 2827, "The Kenriths' Royal Funeral_SB": 2750, "Saiba Cryptomancer": 2294, "Zoetic Glyph_SB": 3210, "Seized from Slumber_SB": 2377, "Inspiring Overseer": 1385, "Mischievous Pup": 1760, "Angel of Finality_SB": 64, "Kraul Whipcracker": 1539, "Wardens of the Cycle": 3123, "Badlands Revival": 161, "Copper Host Crusher": 524, "Feed the Infection": 934, "Vinereap Mentor_SB": 3062, "Belligerent Yearling": 198, "Colossadactyl": 496, "Earthshaker Dreadmaw": 755, "Giant Cindermaw": 1092, "Itzquinth, Firstborn of Gishath": 1436, "Ixalli's Lorekeeper": 1439, "Rogue's Passage": 2254, "Scytheclaw Raptor": 2348, "Thrashing Brontodon": 2812, "Triumphant Chomp": 2900, "Armored Kincaller_SB": 116, "Ankle Biter": 70, "Fynn, the Fangbearer": 1043, "Nimraiser Paladin": 1850, "The Hunter Maze": 2742, "At Knifepoint": 136, "Fanatical Firebrand": 896, "Hellspur Brute": 1269, "Mourner's Surprise_SB": 1808, "Unflinching Courage": 2949, "Sandstorm Salvager": 2298, "Hired Claw_SB": 1312, "Autonomous Assembler": 148, "Quintorius Kand": 2093, "Kayla's Command_SB": 1491, "Starfall Invocation_SB": 2568, "Luminous Rebuke_SB": 1656, "Massacre Wurm": 1708, "Stalactite Stalker": 2562, "Felidar Retreat_SB": 943, "Dreamdew Entrancer_SB": 726, "Spinner of Souls_SB": 2538, "Gisa, the Hellraiser_SB": 1103, "Bitter Reunion_SB": 214, "Jace Reawakened_SB": 1444, "Dust Animus": 746, "Steel Seraph_SB": 2581, "Dust Animus_SB": 747, "Gumdrop Poisoner_SB": 1205, "Archangel of Tithes_SB": 95, "Demonic Counsel_SB": 642, "Warleader's Call_SB": 3127, "Phyrexian Censor_SB": 2001, "Rat Out": 2128, "Lively Dirge_SB": 1619, "Herbology Instructor": 1279, "Restless Bivouac_SB": 2203, "Imperious Perfect_SB": 1359, "Sandstorm Salvager_SB": 2299, "Tough Cookie_SB": 2876, "Raucous Carnival_SB": 2134, "Cavernous Maw": 415, "Forgotten Monument": 1009, "Titania's Command": 2851, "Funeral Room // Awakening Hall_SB": 1037, "Rise of the Dark Realms_SB": 2229, "Urza, Lord Protector": 3001, "Curious Forager": 573, "The Mycotyrant": 2762, "Sporogenic Infection_SB": 2550, "Seize the Spoils": 2375, "Canonized in Blood": 377, "Cemetery Recruitment": 420, "Diregraf Ghoul": 667, "Hungry Ghoul": 1339, "Mephitic Draught": 1726, "Offer Immortality": 1890, "Sanguine Syphoner": 2304, "Skeleton Archer": 2442, "Vampiric Rites": 3028, "Temple of Enlightenment": 2702, "Fumigate_SB": 1035, "Valkyrie's Call_SB": 3012, "Skystrike Officer": 2465, "Mockingbird_SB": 1773, "Temple of Mystery": 2706, "Timely Interference": 2841, "Vesuvan Duplimancy": 3050, "Dive Down_SB": 684, "Scrawling Crawler_SB": 2341, "Dryad Militant_SB": 737, "Bristlebud Farmer": 325, "Charred Foyer && Warped Space_SB": 443, "Absolving Lammasu_SB": 6, "Coruscation Mage_SB": 535, "Think Twice": 2786, "Micromancer_SB": 1736, "Bruse Tarl, Roving Rancher": 337, "Fblthp, Lost on the Range": 907, "Weakstone's Subjugation": 3135, "Fblthp, Lost on the Range_SB": 908, "Weakstone's Subjugation_SB": 3136, "Bottomless Pool && Locker Room": 285, "Hidetsugu's Second Rite_SB": 1302, "Invasion of Karsus_SB": 1413, "Mirror Room && Fractured Realm_SB": 1756, "Sword of Wealth and Power_SB": 2666, "Wildfire Howl_SB": 3154, "Zurgo and Ojutai_SB": 3220, "Mabel, Heir to Cragflame_SB": 1668, "Halo Forager_SB": 1215, "Ballyrush Banneret": 166, "Siege Veteran_SB": 2425, "Soulstone Sanctuary_SB": 2508, "Karn, Living Legacy": 1482, "Metropolis Reformer": 1733, "Krenko's Buzzcrusher_SB": 1543, "Final Vengeance_SB": 968, "Silverback Elder_SB": 2434, "Blood Spatter Analysis": 240, "Branchblight Stalker": 300, "Gitaxian Anatomist": 1105, "Goliath Hatchery": 1156, "Ichorspit Basilisk": 1349, "Lakeside Shack": 1555, "Maze's Mantle": 1713, "Mesmerizing Dose": 1728, "Paladin of Predation": 1963, "Plague Nurse": 2028, "Tainted Observer": 2676, "Tangled Islet": 2687, "Thrummingbird": 2829, "Tyrranax Atrocity": 2923, "Venomous Brutalizer": 3045, "Viral Spawning": 3065, "Vivisurgeon's Insight": 3081, "Angelic Intervention": 66, "Omenpath Journey": 1902, "Poison Dart Frog": 2037, "Rampaging Baloths": 2121, "Rundvelt Hordemaster": 2274, "Migloz, Maze Crusher_SB": 1742, "Seraphic Steed": 2383, "Meticulous Excavation_SB": 1732, "Seeker's Folly_SB": 2373, "Realmbreaker, the Invasion Tree": 2150, "Deeproot Pilgrimage": 622, "Mistway Spy": 1769, "Grabby Giant": 1163, "Rite of the Dragoncaller": 2232, "Hulking Raptor": 1338, "Pugnacious Hammerskull": 2078, "Aegis Turtle": 17, "Venerated Rotpriest_SB": 3040, "Gwenna, Eyes of Gaea": 1206, "Halana and Alena, Partners": 1209, "Inga and Esika": 1371, "Myrel, Shield of Argive": 1820, "Hajar, Loyal Bodyguard_SB": 1208, "Surrak and Goreclaw_SB": 2651, "Invasion of Kaldheim": 1411, "Doomsday Excruciator_SB": 695, "Getaway Glamer_SB": 1076, "Bottomless Pool // Locker Room": 287, "Necrogen Communion": 1830, "Vraska Joins Up": 3104, "Thirsting Roots_SB": 2791, "Battlefly Swarm": 190, "Solemn Simulacrum": 2488, "Maha, Its Feathers Night_SB": 1680, "The Stone Brain": 2775, "Decadent Dragon_SB": 616, "Viashino Pyromancer_SB": 3057, "Defiled Crypt // Cadaver Lab_SB": 634, "Heraldic Banner": 1277, "Heraldic Banner_SB": 1278, "Thalia and The Gitrog Monster": 2721, "Surgical Suite && Hospital Room_SB": 2647, "Rebel Salvo_SB": 2154, "Entity Tracker_SB": 817, "Aether Channeler": 19, "Defiled Crypt && Cadaver Lab": 631, "Exuberant Fuseling": 869, "Thundertrap Trainer_SB": 2838, "Abuelo's Awakening": 7, "Kitsa, Otterball Elite_SB": 1519, "Rona, Herald of Invasion_SB": 2260, "Unnerving Grasp_SB": 2963, "Fear of Surveillance": 923, "Wilt-Leaf Liege_SB": 3159, "Muerra, Trash Tactician": 1811, "Kona, Rescue Beastie": 1536, "Time Stop": 2839, "Fleeting Flight_SB": 982, "Trash the Town_SB": 2890, "Quick Draw_SB": 2091, "Smuggler's Surprise_SB": 2482, "Whisper of the Dross": 3147, "Vraska's Fall_SB": 3106, "Blasphemous Edict": 224, "Bottomless Pool // Locker Room_SB": 288, "The Princess Takes Flight_SB": 2764, "Anim Pakal, Thousandth Moon_SB": 69, "Adaptive Automaton": 14, "Three Tree Mascot": 2821, "Palani's Hatcher": 1964, "Temple of Abandon": 2700, "Mischievous Mystic": 1759, "Mechanized Warfare": 1719, "Defiler of Flesh": 636, "Garruk's Uprising": 1054, "Zul Ashur, Lich Lord": 3216, "Kraul Whipcracker_SB": 1540, "Restless Reef_SB": 2209, "Lifecreed Duo": 1598, "At Knifepoint_SB": 137, "Monstrous Rage_SB": 1795, "Kellan's Lightblades_SB": 1498, "Blasphemous Edict_SB": 225, "Annie Flash, the Veteran_SB": 73, "Defiled Crypt && Cadaver Lab_SB": 632, "Cultivator's Caravan": 568, "Scene of the Crime": 2330, "Demonic Ruckus_SB": 648, "Impact Tremors_SB": 1357, "Coveted Falcon_SB": 545, "Wishclaw Talisman_SB": 3167, "Swooping Lookout": 2660, "Recruitment Officer_SB": 2164, "Oko, the Ringleader_SB": 1898, "Kambal, Profiteering Mayor": 1476, "Kaya, Spirits' Justice_SB": 1490, "Highway Robbery_SB": 1308, "Intrepid Paleontologist": 1398, "Bolt Bend_SB": 262, "Wishclaw Talisman": 3166, "Feldon's Cane": 937, "Neutralize the Guards": 1839, "Ayli, Eternal Pilgrim": 155, "Disturbing Conversion": 680, "Shipwreck Dowser": 2408, "Abuelo's Awakening_SB": 8, "Builder's Talent_SB": 342, "Eerie Interference_SB": 764, "Untimely Malfunction": 2977, "Imprisoned in the Moon_SB": 1360, "Inquisitive Glimmer_SB": 1377, "Refute_SB": 2170, "Argentum Masticore": 108, "Hall of Tagsin": 1212, "Hedron Archive": 1266, "The Mycosynth Gardens": 2761, "Tomakul Honor Guard": 2866, "Obstinate Baloth": 1886, "Bramble Familiar": 298, "Sphinx of the Final Word_SB": 2531, "Walk with the Ancestors": 3114, "Meathook Massacre II_SB": 1718, "Repulsive Mutation": 2189, "Sylvan Scavenging_SB": 2669, "Thundering Falls_SB": 2834, "Dowsing Device": 703, "Gleaming Geardrake": 1123, "Saheeli, Filigree Master": 2292, "Saheeli, Filigree Master_SB": 2293, "Scrawling Crawler": 2340, "Case of the Ransacked Lab": 398, "The Surgical Bay": 2777, "War Squeak_SB": 3120, "Spirebluff Canal_SB": 2540, "Ajani, Sleeper Agent": 38, "Charge of the Mites": 439, "Chandra, Flameshaper_SB": 430, "Expel the Interlopers": 852, "Bite Down": 211, "Gaea's Gift": 1045, "Trash the Town": 2889, "Corsair Captain": 533, "Lost Jitte_SB": 1647, "Blazing Crescendo_SB": 230, "Rip, Spawn Hunter": 2226, "Funeral Room // Awakening Hall": 1036, "Outlaw Medic": 1927, "Wilt-Leaf Liege": 3158, "Thousand Moons Smithy_SB": 2807, "Blightbelly Rat": 233, "Unnatural Restoration": 2960, "Carnivorous Canopy_SB": 387, "Gaea's Gift_SB": 1046, "Give In to Violence_SB": 1107, "Cityscape Leveler_SB": 465, "Nahiri's Resolve_SB": 1824, "Brazen Collector": 307, "Generous Plunderer": 1065, "Trial of Agony": 2895, "Zoyowa's Justice": 3215, "Ancestors' Aid_SB": 60, "Leyline of Resonance_SB": 1588, "Churning Reservoir": 458, "Magmatic Sprinter": 1676, "Sardian Cliffstomper": 2305, "Solphim, Mayhem Dominus": 2490, "The Monumental Facade": 2760, "Churning Reservoir_SB": 459, "Magmatic Sprinter_SB": 1677, "Monastery Swiftspear_SB": 1790, "Sardian Cliffstomper_SB": 2306, "Malcolm, Alluring Scoundrel_SB": 1687, "Repel Calamity_SB": 2188, "Samut, Vizier of Naktamun": 2296, "Call a Surprise Witness": 367, "Trostani, Three Whispers": 2901, "Tribute to the World Tree_SB": 2898, "Taii Wakeen, Perfect Shot": 2672, "Unruly Catapult": 2964, "Glassworks // Shattered Yard_SB": 1120, "Hulking Metamorph": 1337, "Surge Engine_SB": 2642, "Fake Your Own Death": 889, "Massacre Girl, Known Killer": 1706, "Massacre Girl, Known Killer_SB": 1707, "Rakdos Joins Up_SB": 2114, "Rakdos, the Muscle_SB": 2117, "Ghalta and Mavren": 1078, "Hide in Plain Sight": 1297, "Progenitus": 2067, "Crystal Barricade": 563, "Green Sun's Twilight_SB": 1180, "Break Down the Door": 310, "Bubble Smuggler": 340, "Cryptid Inspector": 562, "Cursed Windbreaker": 577, "Exit Specialist": 848, "Polukranos Reborn_SB": 2043, "Hazardroot Herbalist": 1247, "Head of the Homestead": 1250, "Rabbit Response": 2095, "Treeguard Duo": 2893, "Uncharted Haven": 2937, "Warren Elder": 3128, "Head of the Homestead_SB": 1251, "Grab the Prize_SB": 1162, "Stroke of Midnight_SB": 2612, "Delney, Streetwise Lookout": 637, "Stroke of Midnight": 2611, "Ragged Playmate": 2106, "Fear of Surveillance_SB": 924, "Grand Entryway // Elegant Rotunda_SB": 1169, "Norin, Swift Survivalist_SB": 1863, "Ragged Playmate_SB": 2107, "Wandertale Mentor": 3118, "Vodalian Mindsinger_SB": 3084, "Eriette's Tempting Apple": 820, "Experimental Confectioner": 855, "Feed the Cauldron": 931, "Gingerbread Hunter": 1100, "Greta, Sweettooth Scourge": 1185, "Mintstrosity": 1750, "Return from the Wilds": 2218, "Scream Puff": 2342, "Spider Food": 2532, "Sweettooth Witch": 2655, "Three Bowls of Porridge": 2817, "Sugar Rush_SB": 2620, "Leonin Vanguard_SB": 1579, "Ruin-Lurker Bat_SB": 2271, "The Millennium Calendar_SB": 2758, "Veteran Survivor_SB": 3053, "Corrupted Conviction_SB": 532, "Deadly Brew_SB": 604, "Cheeky House-Mouse_SB": 448, "Dryad Militant": 736, "Contagious Vorrac": 521, "Necrogen Rotpriest": 1831, "Armored Scrapgorger_SB": 118, "Invasion of Fiora_SB": 1406, "Rush of Dread_SB": 2281, "Magebane Lizard": 1674, "Final Flourish_SB": 964, "Time Stop_SB": 2840, "Unnatural Restoration_SB": 2961, "Founding the Third Path_SB": 1016, "Binding Negotiation": 207, "Vraska, the Silencer": 3109, "Barkform Harvester": 179, "Rampaging Spiketail": 2123, "Invasion of Ergamon": 1405, "Beastie Beatdown_SB": 195, "Break Out_SB": 312, "Vengeful Possession": 3042, "Repair and Recharge": 2186, "Step Between Worlds_SB": 2583, "Hearthborn Battler_SB": 1263, "Hellspur Posse Boss": 1271, "Cynical Loner_SB": 582, "Hellspur Brute_SB": 1270, "Kemba, Kha Enduring": 1507, "Swiftfoot Boots": 2657, "Astor, Bearer of Blades_SB": 135, "Consuming Aberration": 520, "Knight of Dusk's Shadow": 1522, "No One Left Behind_SB": 1859, "Botanical Brawler": 283, "Dusk Legion Duelist": 743, "Stocking the Pantry": 2591, "Tribute to the World Tree": 2897, "Collector's Cage_SB": 491, "Dragonmaster Outcast": 715, "Evolved Sleeper": 844, "Friendly Teddy": 1025, "Consumed by Greed_SB": 519, "Hop to It_SB": 1323, "Skyfisher Spider_SB": 2460, "Chart a Course_SB": 446, "Johann's Stopgap_SB": 1458, "Let's Play a Game_SB": 1581, "Festerleech": 953, "Fallaji Archaeologist_SB": 892, "Kroxa and Kunoros": 1545, "Shrouded Shepherd": 2422, "Garruk's Uprising_SB": 1055, "Hexgold Halberd": 1290, "Soul Search": 2497, "Daggerfang Duo": 583, "Deathbloom Gardener": 610, "Hoarding Recluse": 1315, "Moonstone Harbinger": 1799, "Pestilent Syphoner": 1988, "Ygra, Eater of All": 3194, "Pile On": 2019, "Llanowar Elves_SB": 1622, "Mosswood Dreadknight_SB": 1805, "Take for a Ride_SB": 2679, "Boltwave_SB": 264, "Fleeting Flight": 981, "Stormchaser's Talent_SB": 2604, "Cactarantula": 360, "Ashnod's Harvester": 125, "Warhost's Frenzy": 3125, "Think Twice_SB": 2787, "Rustler Rampage": 2283, "Wojek Investigator": 3178, "Searslicer Goblin_SB": 2356, "Felidar Cub": 940, "Oracle of Tragedy": 1911, "Dusk Rose Reliquary_SB": 745, "Felidar Cub_SB": 941, "Knight-Errant of Eos_SB": 1527, "Ruthless Lawbringer_SB": 2285, "Detective's Satchel": 658, "Forensic Gadgeteer_SB": 1004, "Ice Out_SB": 1346, "Claim Jumper_SB": 468, "Mirrex_SB": 1755, "Geralf, the Fleshwright": 1069, "Geralf, the Fleshwright_SB": 1070, "Eaten Alive_SB": 757, "Ojer Pakpatiq, Deepest Epoch": 1895, "Disturbing Conversion_SB": 681, "Lithomantic Barrage": 1615, "Enduring Vitality_SB": 806, "Audience with Trostani_SB": 143, "Sentinel of Lost Lore": 2379, "Wylie Duke, Atiin Hero": 3190, "Defiler of Dreams_SB": 635, "Omen Hawker": 1900, "Leyline of the Void": 1592, "Into the Fire": 1393, "Invasion of Karsus": 1412, "Cosmic Hunger": 536, "Paranormal Analyst": 1966, "Vannifar, Evolved Enigma": 3033, "Fog Bank_SB": 997, "Surgical Suite // Hospital Room_SB": 2649, "Talion, the Kindly Lord_SB": 2685, "Extraordinary Journey": 867, "Gold Pan": 1151, "Extraordinary Journey_SB": 868, "Nurturing Pixie_SB": 1875, "Moonshaker Cavalry": 1798, "Balemurk Leech": 164, "Bashful Beastie": 184, "Cackling Slasher": 358, "Defiant Survivor": 630, "Fear of the Dark": 925, "Flesh Burrower": 985, "Give In to Violence": 1106, "Grasping Longneck": 1170, "Horrid Vigor": 1329, "Innocuous Rat": 1375, "Let's Play a Game": 1580, "Wickerfolk Thresher": 3151, "Winter's Intervention": 3163, "Leyline of Transformation": 1590, "Saheeli's Lattice": 2291, "Etali, Primal Storm_SB": 837, "Adamant Will": 13, "Goldvein Pick": 1154, "Moment of Triumph": 1783, "Pilfer": 2021, "Public Thoroughfare": 2077, "Undying Malice": 2947, "Cancel_SB": 372, "Opt_SB": 1908, "Connecting the Dots_SB": 515, "Bushwhack_SB": 356, "Mistbreath Elder_SB": 1768, "Polliwallop_SB": 2040, "Realmbreaker's Grasp_SB": 2149, "Stickytongue Sentinel_SB": 2586, "Tumbleweed Rising_SB": 2904, "Analyze the Pollen_SB": 58, "Makeshift Binding": 1684, "Pelakka Wurm": 1979, "Jump Scare_SB": 1465, "Progenitus_SB": 2068, "Harvestrite Host": 1235, "Cut Short_SB": 580, "Family Reunion_SB": 893, "Annihilating Glare": 75, "Fanatical Offering": 898, "Sword of Wealth and Power": 2665, "Skulduggery": 2451, "Skulduggery_SB": 2452, "Lassoed by the Law": 1556, "Mabel's Mettle": 1666, "Minor Misstep": 1748, "Central Elevator // Promising Stairs": 422, "Creeping Peeper": 550, "Dazzling Theater // Prop Room": 599, "Erratic Apparition": 823, "Fear of Falling": 913, "Lionheart Glimmer": 1613, "Restricted Office // Lecture Hall": 2217, "Stalked Researcher_SB": 2564, "Tunnel Surveyor_SB": 2908, "Ajani, Nacatl Pariah": 37, "Arena of Glory": 107, "Arid Mesa": 112, "Fable of the Mirror-Breaker": 872, "Flooded Strand": 986, "Galvanic Discharge": 1048, "Goblin Bombardment": 1140, "Guide of Souls": 1201, "Marsh Flats": 1704, "Ocelot Pride": 1889, "Phlage, Titan of Fire's Fury": 1995, "Ragavan, Nimble Pilferer": 2104, "Sacred Foundry": 2290, "Showdown of the Skalds": 2419, "Static Prison": 2573, "Thraben Charm": 2808, "Windswept Heath": 3161, "Drannith Magistrate_SB": 719, "Fear, Fire, Foes!_SB": 926, "Obsidian Charmaw_SB": 1885, "Orim's Chant_SB": 1913, "Showdown of the Skalds_SB": 2420, "Stony Silence_SB": 2598, "Surgical Extraction_SB": 2645, "Wear // Tear_SB": 3137, "Archon of Cruelty": 104, "Bloodstained Mire": 248, "Brazen Borrower": 305, "Counterspell": 543, "Faithless Looting": 888, "Fatal Push": 902, "Force of Negation": 1000, "Misty Rainforest": 1770, "Persist": 1984, "Polluted Delta": 2041, "Psychic Frog": 2075, "Scalding Tarn": 2319, "Sink into Stupor": 2439, "Spell Snare": 2521, "Steam Vents": 2575, "Tamiyo, Inquisitive Student": 2686, "Thoughtseize": 2804, "Unearth": 2948, "Watery Grave": 3133, "Consign to Memory_SB": 517, "Fable of the Mirror-Breaker_SB": 873, "Harbinger of the Seas_SB": 1222, "Nihil Spellbomb_SB": 1848, "Stern Scolding_SB": 2585, "Blazing Rootwalla": 231, "Burning Inquiry": 348, "Detective's Phoenix": 657, "Flameblade Adept": 975, "Goblin Lore": 1144, "Hollow One": 1317, "Lightning Bolt": 1600, "Stomping Ground": 2597, "Street Wraith": 2608, "Vengevine": 3044, "Wooded Foothills": 3179, "Cursed Totem_SB": 576, "Meltdown_SB": 1723, "Barbarian Ring": 177, "Eidolon of the Great Revel": 767, "Flare of Duplication": 979, "Goblin Guide": 1143, "Lava Spike": 1562, "Rift Bolt": 2223, "Searing Blaze": 2353, "Skewer the Critics": 2444, "Skullcrack": 2455, "Sunbaked Canyon": 2625, "Ensnaring Bridge_SB": 812, "Faerie Macabre_SB": 883, "Smash to Smithereens_SB": 2479, "Amulet of Vigor": 54, "Arboreal Grazer": 88, "Boseiju, Who Endures": 281, "Crumbling Vestige": 557, "Dryad Arbor": 735, "Dryad of the Ilysian Grove": 738, "Echoing Deeps": 760, "Explore": 857, "Green Sun's Zenith": 1181, "Gruul Turf": 1197, "Hanweir Battlements": 1219, "Lotus Field": 1650, "Mirrorpool": 1758, "Otawara, Soaring City": 1921, "Primeval Titan": 2061, "Scapeshift": 2324, "Shifting Woodland": 2407, "Simic Growth Chamber": 2436, "Summoner's Pact": 2622, "Tolaria West": 2862, "Urza's Cave": 2995, "Urza's Saga": 2998, "Valakut, the Molten Pinnacle": 3004, "Vesuva": 3048, "Bojuka Bog_SB": 261, "Collector Ouphe_SB": 489, "Defense Grid_SB": 629, "Dismember_SB": 674, "Endurance_SB": 796, "Force of Vigor_SB": 1001, "Tireless Tracker_SB": 2848, "Vampires' Vengeance_SB": 3027, "Blood Crypt": 237, "Dwarven Mine": 749, "Indomitable Creativity": 1365, "Jetmir's Garden": 1452, "Prismatic Ending": 2064, "Wrenn and Six": 3186, "Xander's Lounge": 3191, "Boseiju, Who Endures_SB": 282, "Damping Sphere_SB": 584, "Hurkyl's Recall_SB": 1342, "Toxic Deluge_SB": 2877, "Cling to Dust": 477, "Harbinger of the Seas": 1221, "Murktide Regent": 1817, "Preordain": 2056, "Thought Scour": 2801, "Engineered Explosives_SB": 809, "Mystical Dispute_SB": 1822, "Spell Pierce_SB": 2520, "The Meathook Massacre_SB": 2755, "Orcish Bowmasters": 1912, "Godless Shrine": 1150, "Phelia, Exuberant Shepherd": 1994, "Seasoned Pyromancer": 2365, "Thoughtseize_SB": 2805, "Wrath of the Skies_SB": 3182, "Den of the Bugbear": 649, "Devastating Summons": 659, "Foundry Street Denizen": 1017, "Goblin Bushwhacker": 1141, "Goblin Grenade": 1142, "Goblin Piledriver": 1146, "Legion Loyalist": 1575, "Mogg War Marshal": 1774, "Reckless Bushwhacker": 2155, "Skirk Prospector": 2445, "Sokenzan, Crucible of Defiance": 2487, "Blood Moon_SB": 239, "Magus of the Moon_SB": 1678, "Reality Hemorrhage_SB": 2147, "Shattering Spree_SB": 2398, "Tormod's Crypt_SB": 2873, "Ziatora's Proving Ground": 3206, "Terastodon_SB": 2713, "Veil of Summer_SB": 3036, "Consider": 516, "Graveyard Trespasser": 1171, "Exquisite Firecraft_SB": 860, "Searing Blood_SB": 2354, "Tunnel Ignus_SB": 2906, "Chained to the Rocks": 425, "Chained to the Rocks_SB": 426, "Ragavan, Nimble Pilferer_SB": 2105, "Vexing Bauble": 3054, "Colossal Skyturtle_SB": 498, "Generous Ent_SB": 1064, "Grist, the Hunger Tide_SB": 1191, "Hexdrinker_SB": 1289, "Over the Edge_SB": 1933, "Poison Dart Frog_SB": 2038, "Slice from the Shadows": 2472, "Talion, the Kindly Lord": 2684, "Come Back Wrong": 502, "Glassworks // Shattered Yard": 1119, "Beamtown Beatstick": 192, "Celestial Armor": 419, "Diamond Pick-Axe": 665, "Carrot Cake_SB": 390, "Edgewall Inn": 763, "Goliath Hatchery_SB": 1157, "Balmor, Battlemage Captain": 167, "Bria, Riptide Rogue": 316, "Freeze in Place": 1022, "Relic's Roar": 2180, "Run Away Together_SB": 2272, "Scalding Viper_SB": 2321, "Harrier Strix": 1231, "Snaremaster Sprite": 2485, "Hardened Escort": 1227, "Holy Cow": 1319, "Living Phone": 1620, "Unsettling Twins": 2968, "Feather of Flight_SB": 929, "Possessed Goat_SB": 2051, "Raccoon Rallier_SB": 2098, "Rogue's Passage_SB": 2255, "The Jolly Balloon Man_SB": 2749, "Unsettling Twins_SB": 2969, "Heartfire Hero_SB": 1256, "Inti, Seneschal of the Sun_SB": 1389, "Pests of Honor": 1990, "Three Blind Mice": 2816, "Dauntless Dismantler_SB": 591, "Phoenix Chick_SB": 1997, "Gleaming Barrier": 1121, "Gleaming Barrier_SB": 1122, "Solemn Simulacrum_SB": 2489, "Sure Strike_SB": 2640, "Twinferno_SB": 2913, "Ancestors' Aid": 59, "Furious Bellow": 1038, "Ghitu Amplifier": 1083, "Heartfire Immolator": 1257, "Sure Strike": 2639, "Whiskerquill Scribe": 3146, "Brambleguard Captain": 299, "Defabricate": 625, "Fear of Burning Alive": 912, "Iron-Fist Pulverizer": 1432, "Johann, Apprentice Sorcerer": 1459, "Keldon Flamesage": 1495, "Kraum, Violent Cacophony": 1541, "Molten Tributary": 1780, "Nightwhorl Hermit": 1847, "Pyrotechnic Performer": 2085, "Razzle-Dazzler": 2146, "Stop Cold": 2599, "Thopter Mechanic": 2796, "Vesuvan Drifter": 3049, "Involuntary Cooldown_SB": 1428, "Kellan, Planar Trailblazer_SB": 1503, "Mishra's Command_SB": 1764, "Out of Air_SB": 1924, "Plan the Heist_SB": 2031, "Sleight of Hand_SB": 2471, "Trick Shot_SB": 2899, "Violent Urge_SB": 3064, "The Filigree Sylex": 2738, "Halo Hopper": 1216, "Charge of the Mites_SB": 440, "Hellspur Posse Boss_SB": 1272, "Grand Abolisher": 1165, "Unnerving Grasp": 2962, "Fynn, the Fangbearer_SB": 1044, "Harbinger of the Tides": 1223, "Harbinger of the Tides_SB": 1224, "Cat Collector": 403, "Bottomless Pool && Locker Room_SB": 286, "Pile On_SB": 2020, "Growing Rites of Itlimoc": 1193, "Jump Scare": 1464, "Niko, Light of Hope": 1849, "Stalked Researcher": 2563, "Tunnel Surveyor": 2907, "Fear of Isolation_SB": 919, "Season of Gathering": 2357, "Warren Warleader": 3129, "Horrid Vigor_SB": 1330, "Lionheart Glimmer_SB": 1614, "Omnivorous Flytrap_SB": 1905, "Seasoned Warrenguard_SB": 2367, "Into the Roil": 1396, "Into the Roil_SB": 1397, "Ayara, Widow of the Realm": 154, "Arachnoid Adaptation": 85, "Throw from the Saddle": 2828, "Longstalk Brawl_SB": 1635, "Thrill of Possibility_SB": 2826, "Feldon, Ronom Excavator": 939, "Roc Hunter": 2248, "Adventuring Gear_SB": 16, "Fear of Being Hunted_SB": 911, "Vicious Clown_SB": 3059, "Splash Portal_SB": 2544, "Demonic Pact_SB": 646, "Rite of the Dragoncaller_SB": 2233, "Valorous Stance": 3022, "Lodestone Needle": 1628, "Sawblade Skinripper_SB": 2315, "Afterburner Expert": 24, "Draconautics Engineer": 704, "Dredger's Insight": 729, "Loot, the Pathfinder": 1638, "Molt Tender": 1776, "Restless Spire_SB": 2213, "Momentum Breaker": 1785, "Sunbillow Verge": 2626, "Grim Bauble": 1189, "Spell Pierce": 2519, "Defend the Rider": 627, "Hazoret, Godseeker": 1249, "Debris Beetle": 613, "Wastewood Verge": 3132, "Vein Ripper_SB": 3038, "Oildeep Gearhulk": 1891, "Haunt the Network_SB": 1239, "Bartolom\u00e9 del Presidio_SB": 183, "Lunar Convocation_SB": 1659, "Bloodghast": 244, "Valley Rotcaller_SB": 3019, "Oildeep Gearhulk_SB": 1892, "Gleeful Demolition_SB": 1125, "Monument to Endurance": 1796, "Ride's End": 2221, "Bleachbone Verge": 232, "Willowrush Verge": 3157, "Outpace Oblivion_SB": 1930, "Intimidation Tactics": 1391, "Ketramose, the New Dawn": 1508, "Transmutation Font": 2886, "Braided Net_SB": 295, "Cunning Coyote_SB": 570, "Chandra, Spark Hunter_SB": 434, "Explosive Derailment_SB": 859, "Bounce Off": 291, "Greasewrench Goblin": 1173, "Marauding Mako": 1698, "Riverpyre Verge": 2241, "Scrounging Skyray": 2347, "Bounce Off_SB": 292, "Lightwheel Enhancements": 1605, "Grim Bauble_SB": 1190, "Momentum Breaker_SB": 1786, "Tomik, Wielder of Law_SB": 2868, "Engine Rat": 807, "Gonti, Night Minister": 1158, "Perilous Snare": 1982, "Teysa, Opulent Oligarch": 2720, "Memory Guardian": 1724, "Mendicant Core, Guidelight": 1725, "Diversion Unit_SB": 686, "Brightglass Gearhulk": 319, "Voyager Glidecar": 3101, "Chandra, Spark Hunter": 433, "Intimidation Tactics_SB": 1392, "Optimistic Scavenger_SB": 1910, "Captain Howler, Sea Scourge": 379, "Gastal Thrillroller": 1059, "Mishra's Command": 1763, "Phyrexian Dragon Engine": 2002, "Riptide Gearhulk": 2227, "The Aetherspark": 2723, "Transit Mage": 2885, "Diversion Unit": 685, "Muraganda Raceway": 1814, "Nesting Bot": 1836, "Repurposing Bay": 2191, "Lumbering Worldwagon": 1653, "Gastal Thrillroller_SB": 1060, "Lifecraft Engine": 1597, "Mindspring Merfolk": 1747, "Mu Yanling, Wind Rider": 1809, "Caelorna, Coral Tyrant_SB": 361, "Overrun": 1949, "Heliod, the Radiant Dawn": 1268, "Twinblade Blessing": 2911, "The Speed Demon_SB": 2773, "Zephyr Singer_SB": 3203, "Burnout Bashtronaut": 350, "Defend the Rider_SB": 628, "Demonic Junker": 643, "Nexus of Becoming": 1841, "Amonkhet Raceway": 53, "Gastal Thrillseeker": 1061, "The Last Ride": 2752, "The Speed Demon": 2772, "Ancient Vendetta_SB": 63, "Monument to Endurance_SB": 1797, "Quag Feast": 2086, "Gastal Raider_SB": 1058, "Howlsquad Heavy": 1333, "Count on Luck_SB": 542, "Invasion of Regatha_SB": 1416, "Ketramose, the New Dawn_SB": 1509, "Thunderous Velocipede": 2835, "Regal Imperiosaur": 2175, "Intrepid Paleontologist_SB": 1399, "Voyager Glidecar_SB": 3102, "Fuel the Flames": 1029, "Skycrash": 2457, "Broadside Barrage_SB": 331, "Fuel the Flames_SB": 1030, "Locust Spray": 1627, "Riverchurn Monument": 2238, "Agonasaur Rex": 31, "Tyrox, Saurid Tyrant": 2922, "Esoteric Duplicator": 829, "Voyage Home": 3100, "Aether Syphon_SB": 21, "Spectacular Pileup": 2513, "Coalstoke Gearhulk_SB": 481, "Sandstalker Moloch_SB": 2297, "Boosted Sloop": 277, "Broadside Barrage": 330, "Thopter Fabricator_SB": 2795, "Ride's End_SB": 2222, "Thalia and The Gitrog Monster_SB": 2722, "Zahur, Glory's Past": 3200, "Leaf-Crowned Visionary_SB": 1570, "Mossborn Hydra_SB": 1803, "Overrun_SB": 1950, "Painful Quandary_SB": 1958, "Wardens of the Cycle_SB": 3124, "Quag Feast_SB": 2087, "Playful Shove": 2033, "Red Sun's Twilight_SB": 2165, "Perilous Snare_SB": 1983, "Debris Beetle_SB": 614, "Pit Automaton": 2025, "Visage of Dread": 3077, "The Last Ride_SB": 2753, "Visage of Dread_SB": 3078, "Fearless Swashbuckler": 927, "Unctus, Grand Metatect": 2938, "Mishra, Claimed by Gix": 1766, "Bloated Contaminator_SB": 236, "Melira, the Living Cure_SB": 1722, "The Aetherspark_SB": 2724, "Webstrike Elite": 3140, "Webstrike Elite_SB": 3141, "Coiling Rebirth_SB": 485, "Invasion of Mercadia": 1414, "Collision Course_SB": 495, "Gas Guzzler": 1056, "Say Its Name_SB": 2317, "Spectral Interference_SB": 2516, "Stock Up": 2589, "Spectacular Pileup_SB": 2514, "Far Fortune, End Boss": 899, "Flotsam // Jetsam_SB": 990, "Claim Jumper": 467, "Ancient Vendetta": 62, "Full Throttle_SB": 1033, "Loot, the Key to Everything_SB": 1637, "Loot, the Pathfinder_SB": 1639, "Urza's Command_SB": 2996, "Lassoed by the Law_SB": 1557, "Blast Zone_SB": 227, "Basri, Tomorrow's Champion": 187, "Skyseer's Chariot_SB": 2463, "Dive Down": 683, "Engine Rat_SB": 808, "Essence Channeler_SB": 831, "Lunar Insight": 1660, "Jodah, the Unifier_SB": 1457, "Dropkick Bomber": 732, "Coalstoke Gearhulk": 480, "Visage Bandit": 3076, "Waxen Shapethief": 3134, "Dune Drifter": 740, "Rampaging Raptor": 2122, "Agonasaur Rex_SB": 32, "Become Brutes": 196, "The Elder Dragon War_SB": 2731, "Caradora, Heart of Alacria": 383, "Skyseer's Chariot": 2462, "Valor's Flagship": 3020, "Veteran Beastrider": 3051, "Threadbind Clique": 2814, "Twining Twins": 2915, "Boommobile_SB": 274, "Radiant Lotus_SB": 2101, "Boommobile": 273, "Forging the Anchor": 1008, "Radiant Lotus": 2100, "The Mightstone and Weakstone_SB": 2757, "Bloodthorn Flail": 251, "Flamewake Phoenix": 977, "Cryptcaller Chariot_SB": 559, "Volley Veteran": 3093, "Riptide Gearhulk_SB": 2228, "Riverchurn Monument_SB": 2239, "Spiteful Hexmage_SB": 2542, "Clamorous Ironclad": 471, "Furnace Host Charger": 1039, "Alania, Divergent Storm": 45, "Frolicking Familiar": 1026, "Wishing Well": 3168, "Resplendent Angel_SB": 2196, "Cephalopod Sentry": 423, "Thopter Fabricator": 2794, "Haunt the Network": 1238, "Sorcerous Spyglass": 2493, "Demonic Junker_SB": 644, "Redshift, Rocketeer Chief": 2167, "Halana and Alena, Partners_SB": 1210, "Valor's Flagship_SB": 3021, "Stall Out": 2565, "Stall Out_SB": 2566, "Gloryheath Lynx": 1133, "Sovereign Okinec Ahau": 2510, "The Raven Man": 2765, "The Raven Man_SB": 2766, "Boom Box": 272, "Broadcast Rambler": 329, "Possession Engine": 2052, "Broodheart Engine": 332, "Bat Colony": 188, "Calamitous Cave-In": 362, "Gargantuan Leech": 1051, "Hidden Volcano": 1296, "Promising Vein": 2071, "Marketback Walker": 1702, "Sab-Sunen, Luxa Embodied": 2288, "Simian Simulacrum": 2435, "Sylvan Scavenging": 2668, "Bulwark Ox": 344, "Reluctant Role Model": 2181, "Reluctant Role Model_SB": 2182, "Leyline Binding_SB": 1584, "Mold Adder_SB": 1775, "Marketback Walker_SB": 1703, "Burnout Bashtronaut_SB": 351, "Gastal Raider": 1057, "Oviya, Automech Artisan": 1954, "Daretti, Rocketeer Engineer": 586, "Threefold Thunderhulk": 2823, "Tune Up": 2905, "Meteor Golem_SB": 1730, "Market Gnome_SB": 1701, "The Skullspore Nexus_SB": 2771, "Cosmium Confluence": 539, "Festival of Embers": 954, "Hidden Nursery": 1295, "Skycrash_SB": 2458, "Nexus of Becoming_SB": 1842, "Sab-Sunen, Luxa Embodied_SB": 2289, "Collector's Vault_SB": 493, "Thran Spider_SB": 2811, "Earthrumbler": 754, "Akal Pakal, First Among Equals_SB": 41, "Deepfathom Echo": 621, "Forensic Researcher": 1005, "Oko, the Ringleader": 1897, "Chitin Gravestalker": 451, "Starving Revenant_SB": 2571, "Steamcore Scholar_SB": 2577, "Ojer Pakpatiq, Deepest Epoch_SB": 1896, "Thunderous Velocipede_SB": 2836, "Fear of Infinity_SB": 917, "Stock Up_SB": 2590, "Dredger's Insight_SB": 730, "Fauna Shaman_SB": 905, "Barrow Naughty": 181, "Faerie Slumber Party": 886, "Mocking Sprite": 1771, "Spellscorn Coven": 2527, "Talion's Messenger": 2682, "Akal Pakal, First Among Equals": 40, "Forensic Gadgeteer": 1003, "Deduce_SB": 618, "Wreck Remover_SB": 3183, "Coerced to Kill": 483, "Etrata, Deadly Fugitive": 842, "Unstoppable Plan_SB": 2972, "Hoarding Broodlord": 1314, "Shadow-Rite Priest": 2390, "Nahiri's Warcrafting_SB": 1825, "Baral and Kari Zev": 176, "Enigma Drake": 810, "Brightfield Glider": 318, "Congregation Gryff": 514, "Giant Beaver": 1091, "Lagorin, Soul of Alacria": 1553, "Miriam, Herd Whisperer": 1752, "Ornery Tumblewagg": 1914, "Trained Arynx": 2878, "Run Over_SB": 2273, "Night Market": 1845, "Carrion Locust_SB": 388, "Stockpiling Celebrant_SB": 2593, "Fountainport Bell": 1019, "Guidelight Optimizer": 1202, "Oaken Siren": 1877, "Machine Over Matter_SB": 1670, "Spinewoods Paladin": 2536, "Phyrexian Missionary_SB": 2007, "Sunder the Gateway": 2627, "Malcator, Purity Overseer": 1685, "Tranquil Cove_SB": 2882, "Crumb and Get It_SB": 556, "Flame Lash": 974, "Exsanguinate_SB": 862, "Exsanguinate": 861, "Syr Ginger, the Meal Ender_SB": 2671, "Legion Extruder_SB": 1574, "Blade of the Oni": 220, "Blightstep Pathway": 234, "Bloodtithe Harvester": 252, "Mutavault": 1819, "Urborg, Tomb of Yawgmoth": 2992, "Extinction Event_SB": 864, "Go Blank_SB": 1137, "Hidetsugu Consumes All_SB": 1299, "Invoke Despair_SB": 1427, "Unlicensed Hearse_SB": 2959, "Breeding Pool": 315, "Enigmatic Incarnation": 811, "Indatha Triome": 1364, "Linvala, the Preserver": 1612, "Overgrown Tomb": 1935, "Savai Triome": 2309, "Skyclave Apparition": 2456, "Spara's Headquarters": 2511, "Vanishing Verse": 3031, "Zagoth Triome": 3199, "Archon of Emeria_SB": 105, "Knockout Blow_SB": 1528, "Ruric Thar, the Unbowed_SB": 2279, "Thought Distortion_SB": 2800, "Yorion, Sky Nomad_SB": 3196, "Cauldron Familiar": 408, "Claim the Firstborn": 469, "Deadly Dispute": 607, "Mayhem Devil": 1711, "Witch's Oven": 3171, "Ob Nixilis, the Adversary_SB": 1881, "Darksteel Citadel": 590, "Ensoul Artifact": 813, "Riverglide Pathway": 2240, "Shrapnel Blast": 2421, "Smuggler's Copter": 2480, "Voldaren Epicure": 3090, "Aether Gust_SB": 20, "Annul_SB": 76, "Rending Volley_SB": 2185, "Shadowspear_SB": 2391, "Voltage Surge_SB": 3094, "Cragcrown Pathway": 546, "Ramunap Ruins": 2124, "Reckless Rage": 2158, "Soul-Scar Mage": 2502, "Experimental Frenzy_SB": 856, "Hazoret the Fervent_SB": 1248, "Redcap Melee_SB": 2166, "Extinction Event": 863, "Anger of the Gods_SB": 67, "Fatal Push_SB": 903, "Gifted Aetherborn_SB": 1096, "Claim // Fame": 466, "Infuriate": 1370, "Kumano Faces Kakkazan": 1547, "Claim the Firstborn_SB": 470, "Grafdigger's Cage_SB": 1164, "Castle Locthwain": 402, "Clearwater Pathway": 474, "Field of Ruin": 956, "Geier Reach Sanitarium": 1063, "Hall of Storm Giants": 1211, "Hive of the Eye Tyrant": 1313, "Narset, Parter of Veils": 1826, "Omen of the Sea": 1901, "Paradoxical Outcome": 1965, "Shipwreck Marsh": 2409, "Takenuma, Abandoned Mire": 2681, "The Meathook Massacre": 2754, "Ashiok, Dream Render_SB": 121, "Weathered Runestone_SB": 3139, "Collective Brutality": 487, "Faithful Mending": 887, "Greasefang, Okiba Boss": 1172, "Hallowed Fountain": 1213, "Parhelion II": 1967, "Raffine's Tower": 2103, "Shattered Sanctum": 2397, "Skysovereign, Consul Flagship": 2464, "Stubborn Denial": 2615, "Tainted Indulgence": 2675, "Deafening Silence_SB": 609, "Dovin's Veto_SB": 702, "Silence_SB": 2428, "Vanishing Verse_SB": 3032, "Fetid Pools": 955, "Yorion, Sky Nomad": 3195, "Krenko's Buzzcrusher": 1542, "Arclight Phoenix": 106, "Fiery Impulse": 962, "Izzet Charm": 1441, "Lightning Axe": 1599, "Prismari Command": 2062, "Spikefield Hazard": 2533, "Stormcarved Coast": 2601, "Treasure Cruise": 2891, "Dawnwing Marshal": 594, "Bishop of Wings": 210, "Branchloft Pathway": 301, "Cave of the Frost Dragon": 412, "Collected Company": 486, "Eiganjo, Seat of the Empire": 768, "Nykthos, Shrine to Nyx": 1876, "Overgrown Farmland": 1934, "Portable Hole": 2046, "Resplendent Marshal": 2197, "Righteous Valkyrie": 2225, "Temple Garden": 2699, "Archon of Absolution_SB": 103, "Brave the Elements_SB": 303, "Brutal Cathar_SB": 339, "Heroic Intervention_SB": 1286, "Reidane, God of the Worthy_SB": 2176, "Shapers' Sanctuary_SB": 2393, "Kroxa, Titan of Death's Hunger": 1546, "Cavalier of Thorns": 411, "Elvish Mystic": 788, "Kiora, Behemoth Beckoner": 1512, "Lair of the Hydra": 1554, "Leyline of the Guildpact": 1591, "Oath of Nissa": 1879, "Old-Growth Troll": 1899, "Storm the Festival": 2600, "Ulvenwald Oddity": 2932, "Arasta of the Endless Web_SB": 87, "Emrakul, the Promised End_SB": 795, "Setessan Petitioner_SB": 2389, "Burner Rocket": 347, "Cloudspire Skycycle": 479, "Dynamite Diver": 753, "Guidelight Synergist": 1203, "Kolodin, Triumph Caster": 1533, "Count on Luck": 541, "Frenzied Goblin": 1023, "Doubling Season_SB": 700, "Fanatical Firebrand_SB": 897, "Howlsquad Heavy_SB": 1334, "Reckless Lackey_SB": 2157, "Rundvelt Hordemaster_SB": 2275, "District Mascot": 679, "Shivan Devastator": 2410, "Zimone, Paradox Sculptor": 3208, "Tyvar, the Pummeler_SB": 2931, "Zopandrel, Hunger Dominus_SB": 3212, "Aurelia, the Warleader": 145, "Gilded Ghoda": 1099, "Ledger Shredder": 1572, "Brazen Borrower_SB": 306, "Prismari Command_SB": 2063, "Ashiok, Nightmare Muse_SB": 122, "Foreboding Ruins": 1002, "Invoke Despair": 1426, "Kolaghan's Command_SB": 1532, "Haunted Ridge": 1241, "Mana Confluence": 1691, "Barrier Breach_SB": 180, "Leyline of Sanctity_SB": 1589, "Colossus Hammer": 499, "Eldritch Evolution": 771, "Raffine's Informant": 2102, "Sigarda's Aid": 2426, "Soulflayer": 2504, "Sylvan Caryatid": 2667, "Bloodline Culling_SB": 247, "Collective Brutality_SB": 488, "Portable Hole_SB": 2047, "Bonecrusher Giant": 266, "Burning-Tree Emissary": 349, "Chandra, Torch of Defiance": 435, "Collision // Colossus": 494, "Gruul Spellbreaker": 1196, "Kami's Flare": 1479, "Pelt Collector": 1980, "Voltaic Brawler": 3095, "Zhur-Taa Goblin": 3205, "Bonecrusher Giant_SB": 267, "Chandra, Torch of Defiance_SB": 436, "Cindervines_SB": 461, "Kami's Flare_SB": 1480, "Roiling Vortex_SB": 2256, "Furnace Punisher_SB": 1040, "Laughing Jasper Flint_SB": 1561, "Rocky Roads": 2252, "Lumbering Worldwagon_SB": 1654, "Cosmic Rebirth_SB": 538, "Mondrak, Glory Dominus_SB": 1791, "Become Brutes_SB": 197, "Cindering Cutthroat_SB": 460, "Ravine Raider_SB": 2139, "Risky Shortcut_SB": 2230, "Spin Out_SB": 2534, "Steampath Charger_SB": 2578, "Drake Hatcher_SB": 717, "Eddymurk Crab_SB": 762, "Goblin Oriflamme": 1145, "Devouring Sugarmaw": 660, "Amalia Benavides Aguirre_SB": 51, "Elas il-Kor, Sadistic Pilgrim_SB": 770, "Fiendish Panda_SB": 958, "Knight of Dawn's Light_SB": 1521, "Mimeoplasm, Revered One": 1744, "Etched Familiar": 839, "Spectral Interference": 2515, "Winter, Cursed Rider": 3165, "Streetwise Negotiator_SB": 2609, "Divine Resilience": 687, "Greenhouse // Rickety Gazebo": 1182, "Silken Strength": 2431, "Map the Frontier": 1695, "Realm-Scorcher Hellkite": 2148, "Sentinel of Lost Lore_SB": 2380, "Spyglass Siren_SB": 2555, "Herd Migration_SB": 1282, "Kykar, Zephyr Awakener": 1552, "The Huntsman's Redemption_SB": 2744, "Lathril, Blade of the Elves_SB": 1559, "Armored Armadillo_SB": 115, "Gixian Infiltrator_SB": 1113, "Gloryheath Lynx_SB": 1134, "Threefold Thunderhulk_SB": 2824, "Primeval Bounty": 2059, "Cryptcaller Chariot": 558, "Steel Hellkite_SB": 2579, "Rangers' Refueler": 2125, "Cursed Recording_SB": 575, "Mindsparker_SB": 1745, "Thirsting Roots": 2790, "Gigantosaurus": 1097, "Llanowar Stalker": 1625, "Ghalta, Primal Hunger_SB": 1080, "Gigantosaurus_SB": 1098, "Disenchant": 669, "Captain Howler, Sea Scourge_SB": 380, "Karn, Living Legacy_SB": 1483, "Quaketusk Boar": 2088, "The Stasis Coffin": 2774, "Kellan Joins Up": 1497, "Ovika, Enigma Goliath_SB": 1953, "Bestow Greatness_SB": 201, "Leaping Ambush": 1571, "Raucous Theater_SB": 2136}}