{"vocabulary": {"Abhorrent Oculus": 1, "Adarkar Wastes": 15, "Chart a Course": 440, "Floodfarm Verge": 975, "Haughty Djinn": 1221, "Helping Hand": 1258, "Into the Flood Maw": 1378, "Island": 1415, "Meticulous Archive": 1712, "Moment of Truth": 1766, "Phantom Interference": 1967, "Picklock Prankster": 1988, "Plains": 2001, "Recommission": 2133, "Seachrome Coast": 2325, "Sleight of Hand": 2446, "Soul Partition": 2471, "Three Steps Ahead": 2793, "Doorkeeper Thrull_SB": 690, "Elspeth's Smite_SB": 773, "Kutzil's Flanker_SB": 1529, "Negate_SB": 1814, "Soul Partition_SB": 2472, "Temporary Lockdown_SB": 2686, "Archangel Elspeth": 89, "Beza, the Bounding Spring": 202, "Caretaker's Talent": 380, "Carrot Cake": 385, "Demolition Field": 631, "Enduring Innocence": 792, "Exorcise": 840, "Fountainport": 1005, "Get Lost": 1056, "Lay Down Arms": 1545, "Parting Gust": 1945, "Sunfall": 2601, "Demolition Field_SB": 632, "Exorcise_SB": 841, "Jace, the Perfected Mind_SB": 1426, "Rest in Peace_SB": 2172, "Archfiend of the Dross": 97, "Bloodletter of Aclazotz": 243, "Caves of Koilos": 412, "Concealed Courtyard": 502, "Cruelclaw's Heist": 548, "Cut Down": 572, "Duress": 733, "Go for the Throat": 1123, "Legions to Ashes": 1556, "Liliana of the Veil": 1587, "Restless Fortress": 2179, "Shadowy Backstreet": 2367, "Swamp": 2627, "Unholy Annex && Ritual Chamber": 2925, "Unstoppable Slasher": 2945, "Virtue of Persistence": 3043, "Cruelclaw's Heist_SB": 549, "Ghost Vacuum_SB": 1072, "Kaya, Intangible Slayer_SB": 1468, "Legions to Ashes_SB": 1557, "Liliana of the Veil_SB": 1588, "Loran of the Third Path_SB": 1621, "Virtue of Persistence_SB": 3044, "Blooming Marsh": 253, "Caustic Bronco": 405, "Forest": 994, "Glissa Sunslayer": 1113, "Llanowar Wastes": 1606, "Mosswood Dreadknight": 1786, "Restless Cottage": 2177, "Sentinel of the Nameless City": 2356, "Sheoldred, the Apocalypse": 2379, "Tear Asunder": 2666, "Tranquil Frillback": 2857, "Underground Mortuary": 2917, "Anoint with Affliction_SB": 76, "Choking Miasma_SB": 448, "Disfigure_SB": 665, "Duress_SB": 734, "Gix's Command_SB": 1094, "Nissa, Ascended Animist_SB": 1832, "Tear Asunder_SB": 2667, "Tranquil Frillback_SB": 2858, "Deep-Cavern Bat": 612, "Dreams of Steel and Oil": 719, "Ghost Vacuum": 1071, "Hunter's Talent": 1324, "Aclazotz, Deepest Betrayal_SB": 12, "Caustic Bronco_SB": 406, "Scrapshooter_SB": 2313, "Unholy Annex && Ritual Chamber_SB": 2926, "Anoint with Affliction": 75, "Darkslick Shores": 580, "Disfigure": 664, "Enduring Curiosity": 790, "Ertai Resurrected": 815, "Faerie Mastermind": 875, "Gix, Yawgmoth Praetor": 1095, "Gloomlake Verge": 1117, "Kaito, Bane of Nightmares": 1449, "Restless Reef": 2181, "Shoot the Sheriff": 2390, "Silent Hallcreeper": 2405, "Stoic Sphinx": 2568, "Tishana's Tidebinder": 2824, "Underground River": 2918, "Disdainful Stroke_SB": 661, "Overlord of the Floodpits_SB": 1919, "Sheoldred, the Apocalypse_SB": 2380, "Tishana's Tidebinder_SB": 2825, "Blackcleave Cliffs": 216, "Blazemire Verge": 226, "Cavern of Souls": 409, "Inti, Seneschal of the Sun": 1373, "Mountain": 1788, "Sheoldred's Edict": 2377, "Sulfurous Springs": 2593, "Deep-Cavern Bat_SB": 613, "Urabrask's Forge_SB": 2958, "Withering Torment_SB": 3142, "Idyllic Beachfront": 1334, "Jace, the Perfected Mind": 1425, "Loran of the Third Path": 1620, "Sunken Citadel": 2604, "Boon-Bringer Valkyrie_SB": 273, "Serra Paragon_SB": 2360, "Archangel of Wrath": 93, "Atraxa, Grand Unifier": 136, "Fabled Passage": 865, "Hedge Maze": 1249, "Herd Migration": 1266, "Hushwood Verge": 1327, "Leyline Binding": 1563, "Lush Portico": 1643, "Overlord of the Hauntwoods": 1920, "Overlord of the Mistmoors": 1922, "Temporary Lockdown": 2685, "Up the Beanstalk": 2954, "Beza, the Bounding Spring_SB": 203, "Get Lost_SB": 1057, "Battlefield Forge": 187, "Demonic Ruckus": 639, "Emberheart Challenger": 783, "Ethereal Armor": 831, "Feather of Flight": 916, "Heartfire Hero": 1240, "Inspiring Vantage": 1371, "Manifold Mouse": 1674, "Monstrous Rage": 1776, "Optimistic Scavenger": 1887, "Shardmage's Rescue": 2369, "Sheltered by Ghosts": 2374, "Slickshot Show-Off": 2451, "Thran Portal": 2784, "Torch the Tower": 2844, "Destroy Evil_SB": 649, "Lightning Helix_SB": 1582, "Torch the Tower_SB": 2845, "Fireglass Mentor": 959, "Flamecache Gecko": 963, "Gev, Scaled Scorch": 1062, "Hired Claw": 1295, "Iridescent Vinelasher": 1411, "Laughing Jasper Flint": 1540, "Mudflat Village": 1792, "Restless Vents": 2187, "Thought-Stalker Warlock": 2777, "Cut Down_SB": 573, "Glistening Deluge_SB": 1115, "Scales of Shale_SB": 2298, "Sheoldred's Edict_SB": 2378, "Calamity, Galloping Inferno": 360, "Commercial District": 499, "Copperline Gorge": 519, "Glimpse the Core": 1112, "Karplusan Forest": 1464, "Obliterating Bolt": 1860, "Outcaster Trailblazer": 1904, "Overlord of the Boilerbilges": 1916, "Restless Ridgeline": 2183, "Roxanne, Starfall Savant": 2238, "Smuggler's Surprise": 2457, "Thornspire Verge": 2772, "Trumpeting Carnosaur": 2876, "Vaultborn Tyrant": 3005, "Balustrade Wurm_SB": 167, "Brotherhood's End_SB": 332, "Pick Your Poison_SB": 1987, "Pyroclasm_SB": 2055, "Sanguine Evangelist": 2276, "Long Goodbye": 1610, "Nowhere to Run": 1849, "Agatha's Soul Cauldron_SB": 29, "Lavaspur Boots_SB": 1544, "Elegant Parlor": 764, "Zur, Eternal Schemer": 3183, "Elesh Norn, Mother of Machines_SB": 770, "Leyline of the Void_SB": 1573, "Overlord of the Balemurk_SB": 1915, "Preacher of the Schism_SB": 2026, "Torpor Orb_SB": 2849, "Gix's Command": 1093, "Harvester of Misery_SB": 1219, "Kaervek, the Punisher_SB": 1448, "Malicious Eclipse_SB": 1671, "Dollmaker's Shop && Porcelain Gallery": 684, "Lightning Helix": 1581, "Mirrex": 1735, "Restless Bivouac": 2175, "Urabrask's Forge": 2957, "Abrade_SB": 4, "Bonehoard Dracosaur_SB": 266, "Invasion of Gobakhan_SB": 1392, "Sunder the Gateway_SB": 2600, "Case of the Gateway Express": 390, "Clockwork Percussionist": 473, "Gleeful Demolition": 1109, "Imodane's Recruiter": 1338, "Knight-Errant of Eos": 1506, "Novice Inspector": 1848, "Painter's Studio && Defaced Gallery": 1936, "Resolute Reinforcements": 2167, "Shivan Reef": 2387, "Spirebluff Canal": 2514, "Spyglass Siren": 2529, "Warden of the Inner Sky": 3090, "Arabella, Abandoned Doll_SB": 81, "Protect the Negotiators_SB": 2045, "Sheltered by Ghosts_SB": 2375, "Innkeeper's Talent": 1357, "Might of the Meek": 1720, "Monastery Swiftspear": 1771, "Questing Druid": 2060, "Rockface Village": 2223, "Shock": 2388, "Snakeskin Veil": 2459, "Obliterating Bolt_SB": 1861, "Pawpatch Formation_SB": 1950, "Scorching Shot_SB": 2309, "Monastery Mentor_SB": 1770, "Entity Tracker": 807, "Fae Flight": 868, "Gremlin Tamer": 1168, "Inquisitive Glimmer": 1360, "Proft's Eidetic Memory": 2036, "Restless Anchorage": 2173, "Enduring Curiosity_SB": 791, "No More Lies_SB": 1836, "Restless Anchorage_SB": 2174, "Deadly Cover-Up": 598, "Deduce": 610, "Doomsday Excruciator": 688, "Harvester of Misery": 1218, "Negate": 1813, "Undercity Sewers": 2916, "Chrome Host Seedshark_SB": 450, "Warleader's Call": 3095, "Yotian Frontliner": 3164, "Witchstalker Frenzy_SB": 3140, "Analyze the Pollen": 55, "Bitter Reunion": 211, "Doppelgang": 691, "Heaped Harvest": 1238, "Ill-Timed Explosion": 1335, "Spelunking": 2503, "Archangel of Wrath_SB": 94, "Song of Totentanz_SB": 2468, "Tectonic Hazard_SB": 2669, "Goddric, Cloaked Reveler": 1134, "Lightning Strike": 1583, "Screaming Nemesis": 2318, "Squee, Dubious Monarch": 2531, "Witchstalker Frenzy": 3139, "Lithomantic Barrage_SB": 1596, "Toby, Beastie Befriender": 2833, "Imodane's Recruiter_SB": 1339, "Get Out": 1058, "Sleep-Cursed Faerie": 2445, "Spell Stutter": 2498, "Withering Torment": 3141, "Cryptic Coat_SB": 556, "Brushland": 334, "Elspeth's Smite": 772, "Bitter Triumph": 213, "Forsaken Miner": 999, "Fear of Missing Out": 909, "Molten Collapse": 1759, "Pyroclasm": 2054, "Dreams of Steel and Oil_SB": 720, "Go for the Throat_SB": 1124, "Nowhere to Run_SB": 1850, "Overlord of the Boilerbilges_SB": 1917, "Ossification": 1897, "Ossification_SB": 1898, "Invasion of Innistrad": 1393, "Overlord of the Balemurk": 1914, "Render Inert": 2156, "Render Inert_SB": 2157, "Virtue of Loyalty": 3041, "Faerie Dreamthief": 872, "Faerie Fencing": 873, "Obyra, Dreaming Duelist": 1866, "Ego Drain_SB": 757, "Island_SB": 1416, "Cacophony Scamp": 355, "Callous Sell-Sword": 364, "Leyline of Resonance": 1567, "Turn Inside Out": 2883, "Witch's Mark": 3136, "Botanical Sanctum": 281, "Bushwhack": 351, "Cache Grab": 353, "Eddymurk Crab": 752, "Seed of Hope": 2345, "Stormchaser's Talent": 2577, "This Town Ain't Big Enough": 2767, "Tolarian Terror": 2838, "Yavimaya Coast": 3159, "Long River's Pull_SB": 1614, "Obstinate Baloth_SB": 1865, "Soul-Guide Lantern_SB": 2477, "The Filigree Sylex_SB": 2716, "Three Steps Ahead_SB": 2794, "Break Out": 307, "Omnivorous Flytrap": 1882, "Pawpatch Recruit": 1951, "Wildfire Wickerfolk": 3122, "Hunter's Talent_SB": 1325, "Trial of Agony_SB": 2870, "Twisted Fealty_SB": 2892, "Picnic Ruiner": 1989, "Make Your Own Luck": 1663, "Make Your Own Luck_SB": 1664, "Audacity": 138, "Giant Growth": 1079, "Sunspine Lynx_SB": 2610, "Long River's Pull": 1613, "Vren, the Relentless_SB": 3080, "Charming Scoundrel": 438, "Scorching Shot": 2308, "Fugitive Codebreaker_SB": 1019, "Squee, Dubious Monarch_SB": 2532, "Pawpatch Formation": 1949, "Split Up": 2520, "Draconic Destiny": 699, "Parting Gust_SB": 1946, "Essence Scatter": 823, "Preacher of the Schism": 2025, "Bitter Triumph_SB": 214, "Ertai Resurrected_SB": 816, "Unable to Scream_SB": 2908, "Case of the Crimson Pulse_SB": 388, "Arabella, Abandoned Doll": 80, "Into the Flood Maw_SB": 1379, "Kitnap_SB": 1497, "Mishra's Foundry": 1746, "Misery's Shadow_SB": 1743, "Cheeky House-Mouse": 442, "Flowerfoot Swordmaster": 982, "Loran's Escape": 1622, "Mabel, Heir to Cragflame": 1647, "Rabid Gnaw": 2067, "Nettle Guard_SB": 1818, "Seedglaive Mentor_SB": 2346, "Hugs, Grisly Guardian": 1320, "Kogla and Yidaro": 1509, "Lukka, Bound to Ruin": 1631, "Migloz, Maze Crusher": 1722, "Ojer Kaslem, Deepest Growth": 1872, "Seized from Slumber": 2351, "Quintorius Kand_SB": 2065, "Stormkeld Vanguard_SB": 2579, "Ephara's Dispersal_SB": 810, "Builder's Talent": 337, "Breach the Multiverse_SB": 305, "Soul Search_SB": 2474, "Coiling Rebirth": 479, "Raucous Theater": 2108, "The Infamous Cruelclaw": 2722, "Osseous Sticktwister_SB": 1896, "Untimely Malfunction_SB": 2950, "Feed the Cycle": 920, "Quick Study": 2063, "Assassin's Trophy": 127, "Freestrider Lookout": 1008, "Walk-In Closet && Forgotten Cellar": 3084, "Assassin's Trophy_SB": 128, "Ancient Cornucopia": 59, "Cursed Recording": 568, "Fires of Victory": 960, "Piggy Bank": 1990, "Scorching Dragonfire_SB": 2307, "Horned Loch-Whale": 1311, "No More Lies": 1835, "Spellgyre": 2501, "Unable to Scream": 2907, "Horned Loch-Whale_SB": 1312, "No Witnesses_SB": 1840, "Shore Up": 2392, "Requisition Raid_SB": 2166, "Beseech the Mirror": 197, "Rankle's Prank": 2099, "Rush of Dread": 2255, "Fountainport_SB": 1007, "Sunken Citadel_SB": 2605, "Faerie Mastermind_SB": 876, "Invasion of Tolvada": 1404, "Long Goodbye_SB": 1611, "Destroy Evil": 648, "Season of the Burrow": 2338, "Serra Paragon": 2359, "Season of the Burrow_SB": 2339, "Skrelv's Hive_SB": 2425, "Split Up_SB": 2521, "Farsight Ritual_SB": 890, "Archdruid's Charm": 95, "Enduring Courage": 788, "Invasion of Tolvada_SB": 1405, "Scorching Dragonfire": 2306, "Pillage the Bog": 1995, "Bladecoil Serpent_SB": 219, "The Cruelty of Gix_SB": 2705, "Blazing Crescendo": 227, "Betrayer's Bargain_SB": 201, "Insatiable Avarice": 1362, "Phyrexian Arena": 1973, "Teferi, Temporal Pilgrim": 2671, "Malicious Eclipse": 1670, "Change the Equation_SB": 434, "Aclazotz, Deepest Betrayal": 11, "Outrageous Robbery_SB": 1909, "Elesh Norn, Mother of Machines": 769, "Not on My Watch_SB": 1847, "The Stone Brain_SB": 2751, "Chimil, the Inner Sun": 444, "The Eternal Wanderer": 2712, "Urza's Sylex": 2971, "White Sun's Twilight": 3116, "Overlord of the Floodpits": 1918, "Stoic Sphinx_SB": 2569, "Honest Rutstein": 1305, "Marchesa, Dealer of Death": 1681, "Plaza of Heroes": 2006, "Relic of Legends": 2152, "Rona, Herald of Invasion": 2233, "Tinybones Joins Up": 2818, "Hostile Investigator_SB": 1316, "Curate": 565, "Steamcore Scholar": 2551, "Proft's Eidetic Memory_SB": 2037, "Screaming Nemesis_SB": 2319, "Amalia Benavides Aguirre": 48, "Case of the Uneaten Feast": 397, "Darkstar Augur": 581, "Essence Channeler": 821, "Lunar Convocation": 1638, "Ruin-Lurker Bat": 2245, "Starscape Cleric": 2543, "Zoraline, Cosmos Caller": 3179, "Pest Control_SB": 1964, "Starscape Cleric_SB": 2544, "Confounding Riddle": 506, "Impulse": 1345, "Sunfall_SB": 2602, "Snakeskin Veil_SB": 2460, "Mockingbird": 1754, "Collector's Vault": 487, "The Enigma Jewel": 2711, "The Swarmweaver": 2753, "Unholy Annex // Ritual Chamber": 2927, "Intrude on the Mind": 1384, "Insatiable Avarice_SB": 1363, "Phyrexian Fleshgorger_SB": 1979, "Season of Loss_SB": 2335, "Sheoldred": 2376, "Deadly Cover-Up_SB": 599, "Season of Gathering_SB": 2333, "Artist's Talent": 116, "Brass's Tunnel-Grinder": 298, "Capricious Hellraiser": 374, "Chandra, Hope's Beacon": 427, "Roaring Furnace // Steaming Sauna": 2220, "Season of Weaving": 2336, "Thundering Falls": 2808, "Ral, Crackling Wit_SB": 2092, "Virtue of Knowledge_SB": 3040, "Abandoned Campground": 0, "Plumecreed Escort": 2007, "Come Back Wrong_SB": 498, "The End_SB": 2710, "Unholy Annex // Ritual Chamber_SB": 2928, "Regal Bunnicorn": 2144, "Steel Seraph": 2555, "Subterranean Schooner": 2590, "Unidentified Hovership": 2929, "Zoetic Glyph": 3175, "Nissa, Ascended Animist": 1831, "Ruthless Negotiation_SB": 2261, "Flowstone Infusion": 983, "Sunfire Torch": 2603, "Binding Negotiation_SB": 206, "Furnace Reins_SB": 1029, "Legion Extruder": 1553, "Nurturing Pixie": 1852, "Painter's Studio // Defaced Gallery": 1938, "Ego Drain": 756, "Invasion of Amonkhet": 1385, "Season of Loss": 2334, "Invasion of Amonkhet_SB": 1386, "Spell Stutter_SB": 2499, "Talion's Messenger_SB": 2657, "Blossoming Tortoise": 255, "Goldvein Hydra": 1137, "Blot Out_SB": 257, "Haywire Mite_SB": 1230, "Knight of Dusk's Shadow_SB": 1503, "Lord Skitter, Sewer King_SB": 1625, "Broodspinner": 329, "Coati Scavenger": 477, "Drag to the Roots": 703, "Vraska, Betrayal's Sting": 3076, "Baird, Argivian Recruiter": 160, "Dollmaker's Shop // Porcelain Gallery": 685, "Archangel Elspeth_SB": 90, "Lay Down Arms_SB": 1546, "Campus Renovation": 366, "One with the Multiverse": 1884, "Portal to Phyrexia": 2019, "Restless Spire": 2185, "Blast Zone": 224, "Felonious Rage": 936, "Kaya, Intangible Slayer": 1467, "The End": 2709, "Cease // Desist_SB": 414, "Rankle's Prank_SB": 2100, "Mirror Room // Fractured Realm": 1738, "Scrollshift": 2320, "Trapped in the Screen": 2861, "Get Out_SB": 1059, "Gisa, the Hellraiser": 1088, "Leyline of Hope": 1565, "Scoured Barrens": 2311, "Skrelv, Defector Mite": 2426, "Shoot the Sheriff_SB": 2391, "Shrouded Shepherd_SB": 2399, "Getaway Glamer": 1060, "Arcane Proxy": 86, "Bilious Skulldweller": 204, "Bring the Ending": 318, "Drown in Ichor": 725, "Experimental Augury": 845, "Infectious Inquiry": 1351, "Prologue to Phyresis": 2040, "Reject Imperfection": 2150, "Venser, Corpse Puppet": 3017, "Vraska's Fall": 3074, "Drown in Ichor_SB": 726, "Reject Imperfection_SB": 2151, "Serum Snare_SB": 2362, "Venser, Corpse Puppet_SB": 3018, "Vraska, Betrayal's Sting_SB": 3077, "Whisper of the Dross_SB": 3115, "Break the Spell_SB": 309, "Astor, Bearer of Blades": 131, "Blacksmith's Talent": 217, "Bladehold War-Whip": 220, "Chainsaw": 423, "Dissection Tools": 669, "Nettle Guard": 1817, "Rebel Salvo": 2125, "Fallaji Archaeologist": 882, "Founding the Third Path": 1002, "Lumra, Bellow of the Woods": 1637, "Restless Vinestalk": 2189, "Squirming Emergence": 2533, "Terror Tide": 2692, "The Cruelty of Gix": 2704, "Wail of the Forgotten": 3081, "Assimilation Aegis": 129, "Chrome Prowler": 451, "Combat Thresher": 496, "Cryptic Coat": 555, "Hidden Cataract": 1276, "Hidden Courtyard": 1277, "Liberator, Urza's Battlethopter": 1574, "Out Cold": 1901, "Simulacrum Synthesizer": 2414, "High Noon_SB": 1288, "Lost in the Maze_SB": 1629, "Spark Rupture_SB": 2489, "Case of the Crimson Pulse": 387, "Koth, Fire of Resistance": 1517, "Braids, Arisen Nightmare": 292, "Disturbing Mirth": 676, "Final Vengeance": 955, "Greedy Freebooter": 1163, "Hopeless Nightmare": 1309, "Rottenmouth Viper": 2236, "Scavenger's Talent": 2302, "Spiteful Hexmage": 2516, "Elusive Otter": 776, "Kitsa, Otterball Elite": 1498, "Meeting of Minds": 1702, "Pearl of Wisdom": 1953, "Ral, Crackling Wit": 2091, "Stoke the Flames": 2570, "Stormcatch Mentor": 2576, "Valley Floodcaller": 2985, "Calix, Guided by Fate": 361, "Razorverge Thicket": 2117, "Royal Treatment": 2240, "Valgavoth's Lair": 2977, "Altanak, the Thrice-Called": 47, "Balustrade Wurm": 166, "Patchwork Beastie": 1948, "Say Its Name": 2291, "The Skullspore Nexus": 2745, "Wrenn and Realmbreaker": 3151, "Questing Druid_SB": 2061, "Overlord of the Mistmoors_SB": 1923, "Phyrexian Fleshgorger": 1978, "Glass Casket": 1102, "Protect the Negotiators": 2044, "Repel Calamity": 2160, "Splitskin Doll": 2522, "Emberheart Challenger_SB": 784, "Witch's Mark_SB": 3137, "Walk-In Closet && Forgotten Cellar_SB": 3085, "Restless Prairie": 2180, "Demonic Counsel": 633, "Twinferno": 2886, "Two-Headed Hunter": 2894, "Floodpits Drowner": 976, "Vengeful Possession_SB": 3014, "Silent Hallcreeper_SB": 2406, "Pest Control": 1963, "Enduring Vitality": 796, "Song of Totentanz": 2467, "Tarnation Vista": 2662, "Thundertrap Trainer": 2812, "Blue Sun's Twilight_SB": 258, "Dissection Tools_SB": 670, "Up the Beanstalk_SB": 2955, "Volcanic Spite_SB": 3059, "Sandstorm Verge": 2275, "The Eternal Wanderer_SB": 2713, "Urgent Necropsy_SB": 2966, "Outrageous Robbery": 1908, "Pillage the Bog_SB": 1996, "The Swarmweaver_SB": 2754, "Overprotect": 1924, "Manifold Mouse_SB": 1675, "Caretaker's Talent_SB": 381, "Cankerbloom": 371, "Cenote Scout": 417, "Keen-Eyed Curator": 1473, "Violent Urge": 3034, "Enduring Innocence_SB": 793, "Doppelgang_SB": 692, "Argentum Masticore_SB": 106, "Abhorrent Oculus_SB": 2, "Fugitive Codebreaker": 1018, "Not on My Watch": 1846, "Archdruid's Charm_SB": 96, "Ghostly Dancers_SB": 1074, "Thrun, Breaker of Silence_SB": 2806, "Virtue of Knowledge": 3039, "Shore Up_SB": 2393, "Rockface Village_SB": 2224, "The Wandering Rescuer": 2757, "Micromancer": 1716, "Rona's Vortex": 2231, "Valgavoth, Terror Eater": 2980, "Brotherhood's End": 331, "Volcanic Spite": 3058, "Case of the Filched Falcon": 389, "Invasion of Ixalan": 1394, "Bristlebud Farmer_SB": 322, "Ill-Timed Explosion_SB": 1336, "Clement, the Worrywort": 470, "Dour Port-Mage": 695, "Dreamdew Entrancer": 717, "Lilypad Village": 1591, "Long River Lurker": 1612, "Mistbreath Elder": 1748, "Oakhollow Village": 1856, "Pond Prophet": 2016, "Splash Portal": 2518, "Sunshower Druid": 2607, "Three Tree Scribe": 2797, "Valley Mightcaller": 2987, "Azure Beastbinder": 155, "Drannith Ruins": 713, "Kaito, Bane of Nightmares_SB": 1450, "Escape Tunnel": 819, "Ephara's Dispersal": 809, "Thought-Stalker Warlock_SB": 2778, "Kaito, Dancing Shadow_SB": 1454, "Coppercoat Vanguard": 517, "Fortified Beachhead": 1000, "Harbin, Vanguard Aviator": 1205, "Recruitment Officer": 2135, "Valiant Veteran": 2982, "Bandit's Talent": 169, "Dusk Rose Reliquary": 736, "Kellan, Daring Traveler": 1479, "Syr Ginger, the Meal Ender": 2645, "Teething Wurmlet": 2670, "Tough Cookie": 2850, "Anointed Peacekeeper_SB": 78, "Aven Interrupter_SB": 148, "Tail Swipe_SB": 2649, "Valley Questcaller": 2988, "Misery's Shadow": 1742, "Pick Your Poison": 1986, "Sharp-Eyed Rookie": 2371, "Metropolis Reformer_SB": 1715, "Burrowguard Mentor": 348, "Finneas, Ace Archer": 957, "Hop to It": 1306, "Seasoned Warrenguard": 2341, "Dewdrop Cure_SB": 656, "Treeguard Duo_SB": 2868, "Agatha's Soul Cauldron": 28, "Blood Hustler": 236, "Fauna Shaman": 893, "Haywire Mite": 1229, "Kami of Whispered Hopes": 1458, "Likeness Looter": 1586, "Lively Dirge": 1598, "Nashi, Moon's Legacy": 1808, "Tyvar, Jubilant Brawler": 2903, "Annex Sentry": 69, "Crawling Chorus": 544, "Jawbone Duelist": 1428, "Skrelv's Hive": 2424, "Slaughter Singer": 2444, "The Seedcore": 2744, "Venerated Rotpriest": 3010, "Ajani, Sleeper Agent_SB": 38, "Surge of Salvation_SB": 2616, "Aftermath Analyst": 25, "Bristly Bill, Spine Sower": 324, "Case of the Locked Hothouse": 392, "Evolving Wilds": 837, "Festering Gulch": 940, "Nissa, Resurgent Animist": 1833, "Not Dead After All": 1844, "Urborg Repossession": 2960, "Fake Your Own Death_SB": 881, "Forest_SB": 995, "Heaped Harvest_SB": 1239, "Swamp_SB": 2628, "Etali's Favor": 825, "Disenchant_SB": 663, "Demand Answers": 630, "Dreadmaw's Ire_SB": 715, "Roaring Furnace && Steaming Sauna": 2218, "High Noon": 1287, "Magebane Lizard_SB": 1655, "Breeches, Eager Pillager": 310, "Captain Storm, Cosmium Raider": 377, "Goblin Tomb Raider": 1133, "Kitesail Larcenist": 1495, "Malcolm, Alluring Scoundrel": 1667, "Malcolm, the Eyes": 1669, "Reckless Lackey": 2128, "Roaming Throne": 2216, "Staunch Crewmate": 2549, "Roaming Throne_SB": 2217, "Rite of the Moth": 2208, "Valgavoth's Faithful": 2976, "Don't Make a Sound": 687, "Return the Favor": 2194, "Chainsaw_SB": 424, "Might of the Meek_SB": 1721, "Rabid Gnaw_SB": 2068, "Turn Inside Out_SB": 2884, "Phantom Interference_SB": 1968, "Shock_SB": 2389, "Hostile Investigator": 1315, "Scrapshooter": 2312, "Tyrranax Rex_SB": 2899, "Take Up the Shield": 2652, "Nashi, Searcher in the Dark": 1809, "Tinybones, the Pickpocket": 2821, "Jirina, Dauntless General_SB": 1436, "Rubblebelt Maverick": 2242, "Slime Against Humanity": 2453, "Glissa Sunslayer_SB": 1114, "No Witnesses": 1839, "Virtue of Loyalty_SB": 3042, "Explosive Derailment": 849, "Fell": 933, "Great Train Heist": 1159, "Kaervek, the Punisher": 1447, "Lazav, Familiar Stranger": 1547, "Magda, the Hoardmaster": 1653, "Vadmir, New Blood": 2974, "Vial Smasher, Gleeful Grenadier": 3026, "Niv-Mizzet, Supreme": 1834, "Blanchwood Prowler": 221, "Chupacabra Echo": 452, "Cruel Somnophage": 547, "Gnawing Vermin": 1121, "Hollow Scavenger": 1302, "Huskburster Swarm": 1328, "Urborg Lhurgoyf": 2959, "Writhing Necromass": 3156, "Hedge Shredder": 1250, "Terramorphic Expanse": 2690, "Grievous Wound_SB": 1172, "Terror Tide_SB": 2693, "Cathartic Parting_SB": 402, "Impulse_SB": 1346, "Lich-Knights' Conquest_SB": 1576, "Overlord of the Hauntwoods_SB": 1921, "Surge of Salvation": 2615, "Bovine Intervention_SB": 289, "Voldaren Thrillseeker": 3061, "Scatter Ray": 2300, "Blot Out": 256, "Ashiok, Wicked Manipulator_SB": 121, "Ghired, Mirror of the Wilds": 1067, "The Jolly Balloon Man": 2725, "Case of the Stashed Skeleton": 395, "Corpses of the Lost": 523, "Cult Conscript": 561, "Patchwork Banner": 1947, "Undead Sprinter": 2913, "Fear of Impostors": 902, "Ghostly Dancers": 1073, "Braided Net": 290, "Clay-Fired Bricks": 468, "Farsight Ritual": 889, "Ezrim, Agency Chief_SB": 862, "Kaya, Spirits' Justice": 1469, "Keen-Eyed Curator_SB": 1474, "Monstrous Emergence_SB": 1775, "Valley Flamecaller": 2984, "Roaring Furnace && Steaming Sauna_SB": 2219, "Sunspine Lynx": 2609, "Koth, Fire of Resistance_SB": 1518, "Aven Interrupter": 147, "Breach the Multiverse": 304, "Hidetsugu and Kairi": 1284, "Push // Pull": 2052, "Under the Skin": 2915, "Elusive Otter_SB": 777, "Unyielding Gatekeeper": 2953, "Etali, Primal Conqueror_SB": 827, "Innkeeper's Talent_SB": 1358, "Lightning Strike_SB": 1584, "Restricted Office && Lecture Hall_SB": 2190, "Razorkin Needlehead_SB": 2113, "Season of Weaving_SB": 2337, "Cunning Coyote": 563, "Osteomancer Adept": 1899, "Tail Swipe": 2648, "Thraxodemon": 2788, "Fear of Lost Teeth": 908, "Invasion of Azgol": 1388, "The Witch's Vanity_SB": 2760, "Tinybones, the Pickpocket_SB": 2822, "Decadent Dragon": 608, "Rakdos, Patron of Chaos": 2086, "Gingerbrute": 1087, "Marvin, Murderous Mimic": 1687, "Monstrous Emergence": 1774, "Surge Engine": 2613, "Kitesail Larcenist_SB": 1496, "Repulsive Mutation_SB": 2163, "Change the Equation": 433, "Valley Rotcaller": 2989, "Lupinflower Village": 1641, "Pollen-Shield Hare": 2011, "Three Tree City": 2795, "Glass Casket_SB": 1103, "Ashiok, Wicked Manipulator": 120, "Final Showdown": 953, "Kutzil's Flanker": 1528, "Ingenious Prodigy": 1356, "Kaito, Dancing Shadow": 1453, "Darkstar Augur_SB": 582, "Plumecreed Escort_SB": 2008, "Tyvar's Stand_SB": 2902, "Pitiless Carnage": 1998, "Sawblade Skinripper": 2289, "The Witch's Vanity": 2759, "The Infamous Cruelclaw_SB": 2723, "Captivating Cave": 378, "Teferi, Temporal Pilgrim_SB": 2672, "Aloe Alchemist": 46, "Yavimaya Iconoclast": 3160, "Embereth Veteran": 782, "Hearth Elemental": 1245, "Lavaspur Boots": 1543, "Mirran Banesplitter": 1734, "Phoenix Chick": 1971, "Hearth Elemental_SB": 1246, "Zoraline, Cosmos Caller_SB": 3180, "Neutralize the Guards_SB": 1820, "Sword of Once and Future_SB": 2638, "Bloodletter of Aclazotz_SB": 244, "Shardmage's Rescue_SB": 2370, "Gremlin Tamer_SB": 1169, "Spellbook Vendor": 2500, "Stenn, Paranoid Partisan": 2557, "Monastery Mentor": 1769, "Mountain_SB": 1789, "Betrayer's Bargain": 200, "Corrupted Conviction": 526, "Braids, Arisen Nightmare_SB": 293, "Pugnacious Hammerskull_SB": 2050, "Torch the Witness_SB": 2847, "Wrenn's Resolve_SB": 3155, "Fear of Isolation": 906, "Glarb, Calamity's Augur": 1100, "Cavern of Souls_SB": 410, "Glarb, Calamity's Augur_SB": 1101, "Market Gnome": 1682, "Warden of the Inner Sky_SB": 3091, "Lord Skitter, Sewer King": 1624, "Kambal, Profiteering Mayor_SB": 1457, "Painter's Studio && Defaced Gallery_SB": 1937, "Planar Disruption_SB": 2004, "Scrollshift_SB": 2321, "Overprotect_SB": 1925, "Portent of Calamity": 2020, "The Irencrag": 2724, "Twitching Doll": 2893, "Floodpits Drowner_SB": 977, "Wear Down_SB": 3106, "Geological Appraiser": 1053, "Kogla and Yidaro_SB": 1510, "Lukka, Bound to Ruin_SB": 1632, "Roxanne, Starfall Savant_SB": 2239, "Sorcerous Spyglass_SB": 2470, "Black Sun's Twilight": 215, "Corrupt": 525, "Haunted Mire": 1225, "Iridescent Vinelasher_SB": 1412, "Errant and Giada": 813, "Werefox Bodyguard_SB": 3112, "Archfiend of the Dross_SB": 98, "Lost in the Maze": 1628, "Great Train Heist_SB": 1160, "Bristling Backwoods": 323, "Rugged Highlands": 2244, "Razortrap Gorge": 2116, "Fortune, Loyal Steed": 1001, "Frontier Seeker": 1014, "Herbology Instructor_SB": 1264, "Valley Floodcaller_SB": 2986, "Phyrexian Arena_SB": 1974, "Jaya, Fiery Negotiator_SB": 1430, "Conduit Pylons": 503, "Hidden Grotto": 1278, "Heroic Reinforcements": 1272, "No One Left Behind": 1837, "Unstoppable Slasher_SB": 2946, "Maelstrom Pulse": 1651, "Scavenging Ooze": 2303, "Vivien Reid": 3049, "Liliana, Dreadhorde General_SB": 1590, "Maelstrom Pulse_SB": 1652, "Restless Ridgeline_SB": 2184, "Phyrexian Obliterator": 1982, "Back for Seconds_SB": 158, "Case of the Stashed Skeleton_SB": 396, "Homicide Investigator_SB": 1304, "Dreadmaw's Ire": 714, "Burst Lightning": 349, "Gix, Yawgmoth Praetor_SB": 1096, "Boros Charm": 275, "Raucous Carnival": 2106, "Llanowar Elves": 1601, "Spinewoods Armadillo": 2510, "Abyssal Harvester": 9, "Soulstone Sanctuary": 2484, "Scavenging Ooze_SB": 2304, "Vivien Reid_SB": 3050, "Basilisk Collar_SB": 184, "Day of Judgment": 588, "Authority of the Consuls_SB": 145, "Devout Decree_SB": 654, "Flashfreeze_SB": 968, "Evangel of Synthesis": 834, "Zombify": 3177, "Desecration Demon_SB": 643, "Wail of the Forgotten_SB": 3082, "Sun-Blessed Healer": 2595, "Temple of Triumph": 2684, "Campus Renovation_SB": 367, "Boltwave": 261, "Splitskin Doll_SB": 2523, "Virtue of Courage": 3037, "Heartflame Duelist_SB": 1244, "Slagstorm_SB": 2443, "Mazemind Tome": 1696, "Crystal Barricade_SB": 559, "Bloodthirsty Conqueror_SB": 248, "Kellan, Planar Trailblazer": 1482, "Opt": 1885, "Kaito, Cunning Infiltrator_SB": 1452, "Feed the Swarm_SB": 924, "Spinner of Souls": 2512, "Enduring Tenacity": 794, "Not Dead After All_SB": 1845, "Pitiless Carnage_SB": 1999, "Kiora, the Rising Tide": 1492, "Ghitu Lavarunner": 1069, "Thrill of Possibility": 2800, "Artist's Talent_SB": 117, "Blooming Blast_SB": 252, "Djeru and Hazoret": 683, "Elenda, Saint of Dusk": 766, "Garna, Bloodfist of Keld": 1038, "Hajar, Loyal Bodyguard": 1192, "Jodah, the Unifier": 1437, "Kellan, the Kid": 1485, "Secluded Courtyard": 2343, "Sigarda, Font of Blessings": 2403, "Faebloom Trick": 870, "Authority of the Consuls": 144, "Exemplar of Light": 838, "Fiendish Panda": 945, "Hinterland Sanctifier": 1293, "Elenda, Saint of Dusk_SB": 767, "Spectral Sailor": 2494, "Unsummon": 2947, "Azure Beastbinder_SB": 156, "Arid Archway": 108, "Felidar Retreat": 930, "Herald of Eternal Dawn": 1259, "Loot, Exuberant Explorer": 1616, "Mossborn Hydra": 1784, "Giant Cindermaw_SB": 1078, "Tithing Blade": 2830, "Fade from History_SB": 867, "Bloodthirsty Conqueror": 247, "Heartflame Duelist": 1243, "Viashino Pyromancer": 3027, "Combat Research": 495, "Brineborn Cutthroat_SB": 317, "Ertai's Scorn_SB": 818, "Flow of Knowledge_SB": 981, "Haughty Djinn_SB": 1222, "Urza's Rebuff_SB": 2969, "Abraded Bluffs": 5, "Ball Lightning": 163, "Bloodfeather Phoenix": 239, "Grab the Prize": 1146, "Lyra Dawnbringer_SB": 1645, "Virtue of Courage_SB": 3038, "Temple of Malady": 2679, "Abyssal Harvester_SB": 10, "Painter's Studio // Defaced Gallery_SB": 1939, "Hero's Downfall": 1269, "Liliana, Dreadhorde General": 1589, "Temple of Plenty": 2682, "Temple of Silence": 2683, "Mortify_SB": 1783, "White Sun's Twilight_SB": 3117, "Kaito, Cunning Infiltrator": 1451, "Sphinx of Forgotten Lore": 2504, "Aetherize_SB": 23, "Feldon's Cane_SB": 926, "Demonic Pact": 637, "Harmless Offering": 1214, "Ethereal Armor_SB": 832, "Cathar Commando": 400, "Knight of Grace": 1504, "Ajani, Caller of the Pride_SB": 35, "Reclamation Sage_SB": 2132, "Dead Weight": 593, "Gixian Puppeteer": 1098, "Revenge of the Rats": 2195, "Terror Ballista": 2691, "The Ancient One": 2702, "Razorlash Transmogrant_SB": 2115, "Dragonhawk, Fate's Tempest": 706, "Zurgo and Ojutai": 3184, "Llanowar Greenwidow": 1603, "An Offer You Can't Refuse_SB": 54, "Trapped in the Screen_SB": 2862, "Final Showdown_SB": 954, "Subterranean Schooner_SB": 2591, "Virtue of Strength": 3045, "War Squeak": 3088, "Worldsoul's Rage": 3147, "Hero's Downfall_SB": 1270, "Refute": 2142, "Unwanted Remake": 2951, "Curator of Destinies_SB": 566, "Day of Judgment_SB": 589, "Ashroot Animist": 124, "Green Sun's Twilight": 1164, "Polukranos Reborn": 2014, "Ruby, Daring Tracker": 2243, "Terror of the Peaks": 2694, "Hard-Hitting Question_SB": 1211, "Muerra, Trash Tactician_SB": 1794, "Soulless Jailer_SB": 2481, "Boros Charm_SB": 276, "Aspirant's Ascent": 125, "Bloated Contaminator": 233, "Distorted Curiosity": 671, "Enter the Enigma": 805, "Fleeting Reflection": 971, "High Stride": 1289, "Infectious Bite": 1350, "Ivy, Gleeful Spellthief": 1418, "Aspirant's Ascent_SB": 126, "Bring the Ending_SB": 319, "Distorted Curiosity_SB": 672, "Enter the Enigma_SB": 806, "Fleeting Reflection_SB": 972, "High Stride_SB": 1290, "Prologue to Phyresis_SB": 2041, "This Town Ain't Big Enough_SB": 2768, "Abrade": 3, "Anim Pakal, Thousandth Moon": 66, "Jirina, Dauntless General": 1435, "Deathmark_SB": 605, "Joust Through_SB": 1443, "Knight of Grace_SB": 1505, "Raise the Past_SB": 2082, "Insidious Roots": 1366, "Skyfisher Spider": 2435, "Arcanis the Omnipotent_SB": 88, "Feed the Cycle_SB": 921, "Insidious Fungus_SB": 1365, "Stab_SB": 2535, "Dazzling Denial": 591, "Empyrean Eagle": 785, "Healer's Hawk": 1237, "Blooming Blast": 251, "Coruscation Mage": 529, "Firebrand Archer": 958, "Greed's Gambit": 1161, "Molten Collapse_SB": 1760, "Sire of Seven Deaths_SB": 2417, "Temple of Deceit": 2676, "Requisition Raid": 2165, "Sentinel of the Nameless City_SB": 2357, "Doubling Season": 693, "Cathar Commando_SB": 401, "Elegant Parlor_SB": 765, "Thrun, Breaker of Silence": 2805, "Pawpatch Recruit_SB": 1952, "Buried in the Garden": 342, "Clifftop Lookout": 471, "Fecund Greenshell": 918, "Genesis Wave": 1052, "Invasion of Zendikar": 1406, "Tender Wildguide": 2687, "Roaring Furnace // Steaming Sauna_SB": 2221, "Sheoldred_SB": 2381, "Chimil, the Inner Sun_SB": 445, "Pilfer_SB": 1994, "Urborg Scavengers_SB": 2963, "Annex Sentry_SB": 70, "Ajani's Pridemate": 33, "Arahbo, the First Fang": 83, "Banishing Light": 171, "Joust Through": 1442, "Prideful Parent": 2028, "Regal Caracal": 2146, "Savannah Lions": 2285, "Skyknight Squire": 2437, "Banishing Light_SB": 172, "Claws Out_SB": 467, "Ferocification_SB": 939, "Audacity_SB": 139, "Cease // Desist": 413, "Stormsplitter": 2580, "Starfall Invocation": 2541, "Hard-Hitting Question": 1210, "Brineborn Cutthroat": 316, "Desecration Demon": 642, "Cynical Loner": 575, "Etali, Primal Conqueror": 826, "Driver of the Dead": 723, "Gatekeeper of Malakir": 1048, "Ichor Drinker": 1331, "Infestation Sage": 1353, "Kalastria Highborn": 1455, "Nullpriest of Oblivion": 1851, "Pulse Tracker": 2051, "Vampire Nighthawk": 2996, "Vengeful Bloodwitch": 3012, "Undergrowth Recon": 2919, "Walk-In Closet // Forgotten Cellar": 3086, "Lost Jitte": 1626, "An Offer You Can't Refuse": 53, "Carnelian Orb of Dragonkind": 382, "Invasion of Tarkir": 1401, "Sarkhan, Soul Aflame": 2282, "Slagstorm": 2442, "Stingerback Terror": 2561, "Twinflame Tyrant": 2888, "Omniscience": 1881, "Drag to the Roots_SB": 704, "Unwanted Remake_SB": 2952, "Invasion of Regatha": 1399, "Luminous Rebuke": 1635, "Witness Protection_SB": 3144, "Primal Might": 2029, "Arcanis the Omnipotent": 87, "Grand Entryway // Elegant Rotunda": 1153, "Moment of Craving_SB": 1764, "Tinybones, Bauble Burglar": 2820, "Sphinx of Forgotten Lore_SB": 2505, "Ashnod's Intervention": 123, "Barbed Batterfist": 176, "Bloodfeather Phoenix_SB": 240, "Koma, World-Eater": 1514, "The Elder Dragon War": 2707, "Valgavoth, Terror Eater_SB": 2981, "Fear of Impostors_SB": 903, "Smash to Dust_SB": 2454, "Archangel of Tithes": 91, "Boon-Bringer Valkyrie": 272, "Giada, Font of Hope": 1075, "Guardian of Ghirapur": 1183, "Lyra Dawnbringer": 1644, "Resplendent Angel": 2168, "Youthful Valkyrie": 3165, "Witness Protection": 3143, "Calamity's Wake_SB": 359, "Fabrication Foundry": 866, "Fomori Vault": 987, "Fumigate": 1021, "The Mightstone and Weakstone": 2733, "Thran Spider": 2785, "Unstable Glyphbridge": 2942, "Hammerhand": 1202, "Sawblade Scamp": 2288, "Citanul Stalwart": 458, "Dwynen's Elite": 742, "Elvish Archdruid": 778, "Imperious Perfect": 1342, "Leaf-Crowned Visionary": 1549, "Llanowar Loamspeaker": 1604, "Surrak and Goreclaw": 2622, "Tyvar the Bellicose": 2900, "Tyvar, the Pummeler": 2904, "Dwynen, Gilt-Leaf Daen_SB": 744, "Deeproot Wayfinder": 616, "Restless Cottage_SB": 2178, "Unsummon_SB": 2948, "Cityscape Leveler": 459, "Sire of Seven Deaths": 2416, "Surrak, the Hunt Caller": 2626, "Wildborn Preserver_SB": 3120, "Searslicer Goblin": 2330, "Stromkirk Noble": 2587, "Reclamation Sage": 2131, "Case of the Locked Hothouse_SB": 393, "Bulk Up": 339, "Chandra, Flameshaper": 425, "Swiftblade Vindicator": 2630, "Commune with Evil": 500, "Leyline Axe": 1562, "Neglected Manor": 1815, "Sporogenic Infection": 2524, "Commune with Evil_SB": 501, "Fear of Missing Out_SB": 910, "Archmage of Runes": 99, "Ertai's Scorn": 817, "Flow of Knowledge": 980, "Metamorphic Blast": 1710, "Unauthorized Exit": 2909, "Harrier Strix_SB": 1217, "Strix Lookout_SB": 2584, "The Tale of Tamiyo_SB": 2756, "Twist Reality_SB": 2890, "Coppercoat Vanguard_SB": 518, "Garna, Bloodfist of Keld_SB": 1039, "Elas il-Kor, Sadistic Pilgrim": 760, "Helpful Hunter": 1257, "Knight of Dawn's Light": 1500, "Raise the Past": 2081, "Enduring Tenacity_SB": 795, "Leyline of Hope_SB": 1566, "Massacre Wurm_SB": 1691, "Burst Lightning_SB": 350, "Vampire Nighthawk_SB": 2997, "Runic Shot_SB": 2253, "Razorlash Transmogrant": 2114, "Huskburster Swarm_SB": 1329, "Invasion of Tarkir_SB": 1402, "Hearthborn Battler": 1247, "Contaminated Aquifer": 515, "Marauding Brinefang": 1679, "Soul-Guide Lantern": 2476, "Union of the Third Path": 2931, "Vanish into Eternity": 3000, "Deadly Riposte_SB": 601, "Vanish into Eternity_SB": 3001, "Dewdrop Cure": 655, "Elesh Norn": 768, "Goblin Surprise": 1132, "Irreverent Gremlin": 1414, "Krenko, Mob Boss": 1524, "Norin, Swift Survivalist": 1841, "Vicious Clown": 3029, "Wind-Scarred Crag": 3127, "Involuntary Employment_SB": 1410, "Agate-Blade Assassin": 27, "Jagged Barrens": 1427, "Outlaws' Fury": 1906, "Ravine Raider": 2110, "Scales of Shale": 2297, "Agate Assault_SB": 26, "Bake into a Pie_SB": 161, "Hazardous Blast_SB": 1231, "Azorius Guildgate": 154, "Beanstalk Wurm": 191, "Boros Guildgate": 277, "Circuitous Route": 457, "Dimir Guildgate": 659, "Eaten Alive": 748, "Expedition Map": 842, "Golgari Guildgate": 1140, "Gruul Guildgate": 1180, "Insidious Fungus": 1364, "Izzet Guildgate": 1422, "Maze's End": 1694, "Muldrotha, the Gravetide": 1795, "Orzhov Guildgate": 1894, "Rakdos Guildgate": 2083, "Selesnya Guildgate": 2353, "Simic Guildgate": 2413, "Tatyova, Benthic Druid": 2664, "Atraxa's Fall_SB": 135, "Brightblade Stoat_SB": 313, "Desperate Bloodseeker_SB": 646, "Savor_SB": 2287, "Thornwood Falls": 2774, "Deadly Brew": 596, "Defiled Crypt // Cadaver Lab": 625, "Jungle Hollow": 1446, "Osseous Sticktwister": 1895, "Strangled Cemetery": 2581, "Candy Trail": 370, "Desperate Bloodseeker": 645, "Marauding Blight-Priest": 1678, "Moment of Craving": 1763, "Murder": 1797, "Savor": 2286, "Servant of the Stinger": 2363, "Sanguine Indulgence_SB": 2278, "Soul-Shackled Zombie_SB": 2479, "Khenra Spellspear": 1489, "Electrostatic Infantry": 763, "Fear of Being Hunted": 898, "Frenzied Goblin_SB": 1011, "The Autonomous Furnace": 2703, "Wrenn's Resolve": 3154, "Impact Tremors": 1340, "Kindlespark Duo": 1490, "Ral's Reinforcements": 2090, "Rodeo Pyromancers": 2226, "Deadeye Duelist_SB": 595, "Skewer Slinger_SB": 2419, "Thunder Salvo_SB": 2807, "Midnight Mayhem": 1718, "Ratcatcher Trainee": 2104, "Scytheclaw Raptor_SB": 2324, "Gloomfang Mauler": 1116, "Live or Die": 1597, "Possessed Goat": 2021, "Shroudstomper": 2400, "Tocasia's Dig Site": 2834, "Vile Mutilator": 3031, "Bartolom\u00e9 del Presidio": 180, "Forlorn Flats": 998, "Midnight Reaper": 1719, "Nezumi Linkbreaker": 1823, "Snarling Gorehound": 2462, "Vampire Gourmand": 2995, "Guardian of the Great Door": 1185, "Lonely Arroyo": 1609, "Norn's Inquisitor": 1843, "Spring-Loaded Sawblades": 2526, "Banner of Kinship": 173, "Baylen, the Haymaker": 189, "Blossoming Sands": 254, "Etched Cornfield": 829, "Hare Apparent": 1213, "Kayla's Reconstruction": 1472, "Hinterland Sanctifier_SB": 1294, "Dragon Fodder": 705, "Griffnaut Tracker_SB": 1173, "Keldon Strike Team_SB": 1476, "Basilisk Collar": 183, "Souls of the Lost": 2482, "Rottenmouth Viper_SB": 2237, "Prophetic Prism": 2043, "Ozolith, the Shattered Spire": 1932, "Ambush Wolf_SB": 50, "Dead Weight_SB": 594, "Fog of War_SB": 986, "Voracious Varmint_SB": 3067, "Aetherize": 22, "Peculiar Lighthouse": 1954, "Swiftwater Cliffs": 2633, "Tranquil Cove": 2855, "Tolarian Terror_SB": 2839, "Union of the Third Path_SB": 2932, "Hidetsugu's Second Rite": 1285, "Ghitu Lavarunner_SB": 1070, "Boulderbranch Golem": 286, "Fierce Empath": 947, "Galewind Moose": 1034, "Gossip's Talent": 1145, "Gruff Triplets": 1179, "Lush Oasis": 1642, "Mirage Mesa": 1732, "Outcaster Greenblade": 1903, "Tyrranax Rex": 2898, "Sunshower Druid_SB": 2608, "Minor Misstep_SB": 1730, "Royal Treatment_SB": 2241, "Scatter Ray_SB": 2301, "Drag the Canal_SB": 701, "Stingerback Terror_SB": 2562, "Flamewake Phoenix_SB": 965, "Grand Entryway && Elegant Rotunda": 1152, "Karplusan Forest_SB": 1465, "Argoth, Sanctum of Nature": 107, "Cosmic Rebirth": 532, "Elvish Regrower": 781, "Springbloom Druid": 2528, "Titania, Voice of Gaea": 2828, "Tolsimir, Midnight's Light": 2840, "The Huntsman's Redemption": 2720, "Twisted Fealty": 2891, "Aegis Turtle_SB": 18, "Temple of Malice": 2680, "Night of the Sweets' Revenge": 1825, "Welcome to Sweettooth": 3110, "Cosmium Confluence_SB": 535, "See Double_SB": 2344, "Volatile Fault_SB": 3057, "Fiery Annihilation_SB": 949, "Armored Armadillo": 111, "Elvish Archivist": 779, "Toadstool Admirer": 2832, "Calix, Guided by Fate_SB": 362, "Divine Resilience_SB": 682, "Unflinching Courage_SB": 2924, "Valorous Stance_SB": 2994, "Anthem of Champions": 79, "Armasaur Guide": 110, "Biogenic Upgrade": 207, "Charming Prince": 437, "Dazzling Angel": 590, "Felidar Savior": 932, "Felling Blow": 935, "Gnarlid Colony": 1120, "Good-Fortune Unicorn": 1144, "Inspiring Call": 1368, "Inspiring Paladin": 1370, "Leonin Vanguard": 1558, "Mild-Mannered Librarian": 1724, "Pacifism": 1933, "Wary Thespian": 3099, "Wildborn Preserver": 3119, "Wildwood Scourge": 3123, "Bandit's Talent_SB": 170, "Tinybones Joins Up_SB": 2819, "Bonny Pall, Clearcutter_SB": 268, "Trygon Predator_SB": 2877, "Dwynen, Gilt-Leaf Daen": 743, "Lathril, Blade of the Elves": 1538, "Ajani, Caller of the Pride": 34, "Angel of Vitality": 63, "Extinguish the Light_SB": 856, "Nine-Lives Familiar": 1830, "Voracious Greatshark": 3066, "Rite of Replication": 2205, "Swiftfoot Boots_SB": 2632, "Silver Scrutiny_SB": 2409, "Urgent Necropsy": 2965, "Eaten by Piranhas_SB": 750, "Phyrexian Obliterator_SB": 1983, "Axebane Ferox_SB": 151, "Wrenn and Realmbreaker_SB": 3152, "Flourishing Bloom-Kin": 979, "Ghalta, Primal Hunger": 1064, "Immersturm Predator": 1337, "Alesha, Who Laughs at Fate": 43, "Aurelia, the Law Above": 141, "Perforating Artist": 1958, "Ruthless Lawbringer": 2258, "Voldaren Thrillseeker_SB": 3062, "Highway Robbery": 1291, "Urabrask": 2956, "Crash Through": 542, "Drake Hatcher": 709, "Slick Sequence": 2449, "Feed the Swarm": 923, "Crawling Barrens": 543, "Mazemind Tome_SB": 1697, "Atraxa, Grand Unifier_SB": 137, "Phyrexian Censor": 1975, "Phyrexian Vindicator": 1984, "Volatile Fault": 3056, "Seal from Existence_SB": 2327, "Stasis Snare_SB": 2546, "Urborg Scavengers": 2962, "Zetalpa, Primal Dawn": 3171, "Bonehoard Dracosaur": 265, "Dragonlord's Servant": 707, "Incinerator of the Guilty": 1347, "Kolaghan Warmonger": 1511, "Rivaz of the Claw": 2209, "Tyrant of Kher Ridges": 2895, "Push // Pull_SB": 2053, "Chrome Host Seedshark": 449, "Ichormoon Gauntlet": 1332, "Jace Reawakened": 1423, "Jin-Gitaxias": 1434, "Temple of Epiphany": 2678, "Galvanize_SB": 1036, "Tocasia's Welcome": 2835, "Joint Exploration": 1441, "Vren, the Relentless": 3079, "Titania's Command_SB": 2827, "Burglar Rat": 341, "Halo Forager": 1199, "Hidden Necropolis": 1279, "Macabre Waltz": 1649, "Mindsplice Apparatus": 1727, "Painful Quandary": 1934, "Psychic Whorl": 2047, "Rune-Scarred Demon": 2251, "The Key to the Vault": 2728, "The Rollercrusher Ride_SB": 2743, "Titania, Voice of Gaea_SB": 2829, "Dawn's Truce": 585, "Colossal Rattlewurm": 492, "Creosote Heath": 546, "Desert's Due": 644, "Duelist of the Mind": 731, "Rattleback Apothecary": 2105, "Tatyova, Steward of Tides": 2665, "Tomb Trawler_SB": 2842, "Urza's Sylex_SB": 2972, "Rakdos Joins Up": 2084, "Nashi, Searcher in the Dark_SB": 1810, "Inspiration from Beyond": 1367, "Kutzil, Malamet Exemplar": 1530, "Realmbreaker, the Invasion Tree_SB": 2123, "Grand Abolisher_SB": 1151, "Filter Out_SB": 951, "Runic Shot": 2252, "Herald of Eternal Dawn_SB": 1260, "Sun-Blessed Healer_SB": 2596, "Mortify": 1782, "Assimilation Aegis_SB": 130, "Seeker's Folly": 2347, "Coveted Falcon": 539, "Drag to the Bottom": 702, "Greed's Gambit_SB": 1162, "Valgavoth's Onslaught": 2978, "Stab": 2534, "Vinereap Mentor": 3032, "Axebane Ferox": 150, "Ferocification": 938, "Dreadwing Scavenger": 716, "Broodspinner_SB": 330, "The Gitrog, Ravenous Ride_SB": 2717, "Collector's Cage": 485, "Invasion of Gobakhan": 1391, "Fiery Annihilation": 948, "Invasion of Arcavios": 1387, "Beseech the Mirror_SB": 198, "Heroic Reinforcements_SB": 1273, "Peerless Recycling_SB": 1955, "Wing Commando": 3129, "Bloodfell Caves": 241, "Deathcap Marionette": 604, "Reasonable Doubt": 2124, "Third Path Iconoclast": 2763, "Essence Scatter_SB": 824, "Kiora, the Rising Tide_SB": 1493, "Ruthless Negotiation": 2260, "Haunted Screen": 1227, "Prayer of Binding": 2024, "Cerebral Confiscation_SB": 420, "Furnace Reins": 1028, "Rona's Vortex_SB": 2232, "Bonny Pall, Clearcutter": 267, "River's Rebuke": 2210, "Koma, World-Eater_SB": 1515, "Primeval Bounty_SB": 2031, "River's Rebuke_SB": 2211, "Regal Caracal_SB": 2147, "Rat Out_SB": 2102, "Plains_SB": 2002, "Faebloom Trick_SB": 871, "Saiba Cryptomancer": 2269, "Throne of the Grim Captain": 2802, "Drana and Linvala_SB": 711, "The Kenriths' Royal Funeral_SB": 2727, "Zoetic Glyph_SB": 3176, "Seized from Slumber_SB": 2352, "Tyvar's Stand": 2901, "Inspiring Overseer": 1369, "Mischievous Pup": 1741, "Surgical Suite // Hospital Room": 2620, "Angel of Finality_SB": 62, "Regal Bunnicorn_SB": 2145, "At Knifepoint": 133, "Fanatical Firebrand": 885, "Hellspur Brute": 1253, "Caught in the Crossfire_SB": 403, "Mourner's Surprise_SB": 1790, "Badlands Revival": 159, "Seize the Secrets": 2349, "Soured Springs": 2486, "Bandit's Haul": 168, "Copper Host Crusher": 516, "Feed the Infection": 922, "Vinereap Mentor_SB": 3033, "Belligerent Yearling": 196, "Colossadactyl": 491, "Earthshaker Dreadmaw": 747, "Giant Cindermaw": 1077, "Itzquinth, Firstborn of Gishath": 1417, "Ixalli's Lorekeeper": 1420, "Rogue's Passage": 2227, "Scytheclaw Raptor": 2323, "Thrashing Brontodon": 2787, "Triumphant Chomp": 2874, "Armored Kincaller_SB": 113, "Ankle Biter": 68, "Fynn, the Fangbearer": 1030, "Nimraiser Paladin": 1829, "The Dross Pits": 2706, "The Hunter Maze": 2719, "Kraul Whipcracker": 1519, "Wardens of the Cycle": 3092, "Unflinching Courage": 2923, "Sanguine Evangelist_SB": 2277, "Sandstorm Salvager": 2273, "Hired Claw_SB": 1296, "Autonomous Assembler": 146, "Quintorius Kand": 2064, "Kayla's Command_SB": 1471, "Starfall Invocation_SB": 2542, "Luminous Rebuke_SB": 1636, "Massacre Wurm": 1690, "Stalactite Stalker": 2536, "Felidar Retreat_SB": 931, "Dreamdew Entrancer_SB": 718, "Werefox Bodyguard": 3111, "Spinner of Souls_SB": 2513, "Gisa, the Hellraiser_SB": 1089, "Bitter Reunion_SB": 212, "Jace Reawakened_SB": 1424, "Dust Animus": 738, "Defabricate_SB": 618, "Steel Seraph_SB": 2556, "Dust Animus_SB": 739, "Gumdrop Poisoner_SB": 1190, "Archangel of Tithes_SB": 92, "Demonic Counsel_SB": 634, "Warleader's Call_SB": 3096, "Anointed Peacekeeper": 77, "Phyrexian Censor_SB": 1976, "Callous Sell-Sword_SB": 365, "Rat Out": 2101, "Molten Duplication": 1761, "Herbology Instructor": 1263, "Restless Bivouac_SB": 2176, "Diabolic Intent": 657, "Lively Dirge_SB": 1599, "Scorn-Blade Berserker": 2310, "Imperious Perfect_SB": 1343, "Sandstorm Salvager_SB": 2274, "Tough Cookie_SB": 2851, "Urborg Repossession_SB": 2961, "Raucous Carnival_SB": 2107, "The Rollercrusher Ride": 2742, "Cavernous Maw": 411, "Forgotten Monument": 997, "Titania's Command": 2826, "Grievous Wound": 1171, "Funeral Room // Awakening Hall_SB": 1024, "Rise of the Dark Realms_SB": 2203, "Urza, Lord Protector": 2973, "Curious Forager": 567, "The Mycotyrant": 2738, "Thornvault Forager": 2773, "Sporogenic Infection_SB": 2525, "Seize the Spoils": 2350, "Canonized in Blood": 373, "Cemetery Recruitment": 416, "Diregraf Ghoul": 660, "Hungry Ghoul": 1323, "Mephitic Draught": 1708, "Offer Immortality": 1868, "Sanguine Syphoner": 2279, "Skeleton Archer": 2418, "Vampiric Rites": 2999, "Temple of Enlightenment": 2677, "Fumigate_SB": 1022, "Valkyrie's Call_SB": 2983, "Skystrike Officer": 2441, "Zephyr Sentinel": 3168, "Unidentified Hovership_SB": 2930, "Take Up the Shield_SB": 2653, "Mockingbird_SB": 1755, "Temple of Mystery": 2681, "Timely Interference": 2816, "Vesuvan Duplimancy": 3021, "Dive Down_SB": 678, "Scrawling Crawler_SB": 2316, "Hollow Marauder": 1300, "Overwhelming Remorse": 1928, "Stubborn Burrowfiend": 2588, "Dryad Militant_SB": 729, "Chandra, Hope's Beacon_SB": 428, "Bristlebud Farmer": 321, "Charred Foyer && Warped Space_SB": 439, "Akawalli, the Seething Tower": 41, "Absolving Lammasu_SB": 6, "Dollmaker's Shop // Porcelain Gallery_SB": 686, "Think Twice": 2761, "Micromancer_SB": 1717, "Coruscation Mage_SB": 530, "Bruse Tarl, Roving Rancher": 333, "Fblthp, Lost on the Range": 895, "Weakstone's Subjugation": 3103, "Fblthp, Lost on the Range_SB": 896, "Weakstone's Subjugation_SB": 3104, "Bottomless Pool && Locker Room": 282, "Tithing Blade_SB": 2831, "Hidetsugu's Second Rite_SB": 1286, "Invasion of Karsus_SB": 1397, "Mirror Room && Fractured Realm_SB": 1737, "Sword of Wealth and Power_SB": 2640, "Wildfire Howl_SB": 3121, "Zurgo and Ojutai_SB": 3185, "Halo Forager_SB": 1200, "Mabel, Heir to Cragflame_SB": 1648, "Ballyrush Banneret": 164, "Myrel, Shield of Argive_SB": 1803, "Siege Veteran_SB": 2401, "Soulstone Sanctuary_SB": 2485, "Ezrim, Agency Chief": 861, "Karn, Living Legacy": 1462, "Metropolis Reformer": 1714, "Krenko's Buzzcrusher_SB": 1523, "Blood Spatter Analysis": 238, "Final Vengeance_SB": 956, "Kellan, Inquisitive Prodigy": 1480, "Rundvelt Hordemaster": 2249, "Silverback Elder_SB": 2410, "Branchblight Stalker": 296, "Gitaxian Anatomist": 1090, "Goliath Hatchery": 1141, "Ichorspit Basilisk": 1333, "Lakeside Shack": 1535, "Maze's Mantle": 1695, "Meat Locker // Drowned Diner": 1698, "Mesmerizing Dose": 1709, "Paladin of Predation": 1940, "Plague Nurse": 2000, "Serum Snare": 2361, "Tainted Observer": 2651, "Tangled Islet": 2661, "Thrummingbird": 2804, "Tyrranax Atrocity": 2897, "Venomous Brutalizer": 3016, "Viral Spawning": 3036, "Vivisurgeon's Insight": 3051, "Angelic Intervention": 64, "Awaken the Woods": 149, "Omenpath Journey": 1880, "Poison Dart Frog": 2009, "Rampaging Baloths": 2094, "Migloz, Maze Crusher_SB": 1723, "Seraphic Steed": 2358, "Meticulous Excavation_SB": 1713, "Raging Battle Mouse": 2079, "Loran's Escape_SB": 1623, "Seeker's Folly_SB": 2348, "Realmbreaker, the Invasion Tree": 2122, "Undead Sprinter_SB": 2914, "Murky Sewer": 1800, "Deeproot Pilgrimage": 615, "Mistway Spy": 1751, "Vodalian Hexcatcher": 3053, "Grabby Giant": 1148, "Rite of the Dragoncaller": 2206, "Hulking Raptor": 1322, "Pugnacious Hammerskull": 2049, "Aegis Turtle": 17, "Ivy, Gleeful Spellthief_SB": 1419, "Venerated Rotpriest_SB": 3011, "Gwenna, Eyes of Gaea": 1191, "Halana and Alena, Partners": 1194, "Inga and Esika": 1355, "Melira, the Living Cure": 1703, "Myrel, Shield of Argive": 1802, "Elesh Norn_SB": 771, "Hajar, Loyal Bodyguard_SB": 1193, "Surrak and Goreclaw_SB": 2623, "Invasion of Kaldheim": 1395, "Pia Nalaar, Consul of Revival": 1985, "Doomsday Excruciator_SB": 689, "Guardian of New Benalia": 1184, "Crystal Grotto": 560, "Getaway Glamer_SB": 1061, "Bottomless Pool // Locker Room": 284, "Necrogen Communion": 1811, "Vraska Joins Up": 3073, "Thirsting Roots_SB": 2766, "Silver Scrutiny": 2408, "Battlefly Swarm": 188, "Seal from Existence": 2326, "Ghalta, Stampede Tyrant": 1066, "Solemn Simulacrum": 2464, "Vein Ripper": 3008, "Maha, Its Feathers Night_SB": 1661, "Viashino Pyromancer_SB": 3028, "Jaya, Fiery Negotiator": 1429, "The Stone Brain": 2750, "Decadent Dragon_SB": 609, "Defiled Crypt // Cadaver Lab_SB": 626, "Karn's Sylex_SB": 1461, "Sword of Once and Future": 2637, "Heraldic Banner": 1261, "Heraldic Banner_SB": 1262, "Thalia and The Gitrog Monster": 2698, "Surgical Suite && Hospital Room_SB": 2619, "Beastie Beatdown": 192, "Annie Joins Up": 72, "Huatli, Poet of Unity": 1319, "Entity Tracker_SB": 808, "Rebel Salvo_SB": 2126, "Aether Channeler": 19, "Defiled Crypt && Cadaver Lab": 623, "Exuberant Fuseling": 860, "Thundertrap Trainer_SB": 2813, "Abuelo's Awakening": 7, "Kitsa, Otterball Elite_SB": 1499, "Rona, Herald of Invasion_SB": 2234, "Unnerving Grasp_SB": 2938, "Fear of Surveillance": 911, "Wilt-Leaf Liege_SB": 3126, "Skrelv, Defector Mite_SB": 2427, "Kona, Rescue Beastie": 1516, "Time Stop": 2814, "Fleeting Flight_SB": 970, "Trash the Town_SB": 2864, "Agrus Kos, Spirit of Justice": 32, "Muerra, Trash Tactician": 1793, "Crumb and Get It": 550, "Cankerbloom_SB": 372, "Quick Draw_SB": 2062, "Blasphemous Edict": 222, "Smuggler's Surprise_SB": 2458, "Whisper of the Dross": 3114, "Vraska's Fall_SB": 3075, "Bottomless Pool // Locker Room_SB": 285, "The Princess Takes Flight_SB": 2739, "Anim Pakal, Thousandth Moon_SB": 67, "Adaptive Automaton": 14, "Three Tree Mascot": 2796, "Palani's Hatcher": 1941, "Temple of Abandon": 2675, "Mechanized Warfare": 1701, "Mischievous Mystic": 1740, "Defiler of Flesh": 628, "Garruk's Uprising": 1040, "Zul Ashur, Lich Lord": 3182, "Kraul Whipcracker_SB": 1520, "Restless Reef_SB": 2182, "Hauntwoods Shrieker": 1228, "Lifecreed Duo": 1578, "At Knifepoint_SB": 134, "Monstrous Rage_SB": 1777, "Kellan's Lightblades_SB": 1478, "Blasphemous Edict_SB": 223, "Annie Flash, the Veteran_SB": 71, "Defiled Crypt && Cadaver Lab_SB": 624, "Cultivator's Caravan": 562, "Scene of the Crime": 2305, "Demonic Ruckus_SB": 640, "Impact Tremors_SB": 1341, "Conspiracy Unraveler": 511, "Matzalantli, the Great Door": 1692, "Reenact the Crime": 2141, "Coveted Falcon_SB": 540, "Wishclaw Talisman_SB": 3134, "Swooping Lookout": 2634, "Recruitment Officer_SB": 2136, "Oko, the Ringleader_SB": 1876, "Kambal, Profiteering Mayor": 1456, "Kaya, Spirits' Justice_SB": 1470, "Case of the Gateway Express_SB": 391, "Invasion of Theros": 1403, "Highway Robbery_SB": 1292, "Intrepid Paleontologist": 1382, "Bolt Bend_SB": 260, "Wishclaw Talisman": 3133, "Vaultborn Tyrant_SB": 3006, "Feldon's Cane": 925, "Neutralize the Guards": 1819, "Treasure Map": 2866, "Ayli, Eternal Pilgrim": 153, "Disturbing Conversion": 674, "Shipwreck Dowser": 2384, "Abuelo's Awakening_SB": 8, "Builder's Talent_SB": 338, "Eerie Interference_SB": 755, "Razorkin Needlehead": 2112, "Karumonix, the Rat King": 1466, "Persistent Marshstalker": 1962, "Untimely Malfunction": 2949, "Argentum Masticore": 105, "Hall of Tagsin": 1197, "Hedron Archive": 1251, "The Mycosynth Gardens": 2737, "Tomakul Honor Guard": 2841, "Imprisoned in the Moon_SB": 1344, "Inquisitive Glimmer_SB": 1361, "Refute_SB": 2143, "Bramble Familiar": 294, "Obstinate Baloth": 1864, "Felonious Rage_SB": 937, "Sphinx of the Final Word_SB": 2506, "Repulsive Mutation": 2162, "Sylvan Scavenging_SB": 2643, "Walk with the Ancestors": 3083, "Meathook Massacre II_SB": 1700, "Thundering Falls_SB": 2809, "Dowsing Device": 697, "Gleaming Geardrake": 1108, "Saheeli, Filigree Master": 2267, "Saheeli, Filigree Master_SB": 2268, "Dawn's Truce_SB": 586, "Case of the Ransacked Lab": 394, "The Surgical Bay": 2752, "The Tale of Tamiyo": 2755, "Enduring Courage_SB": 789, "War Squeak_SB": 3089, "Spirebluff Canal_SB": 2515, "Scrawling Crawler": 2315, "Ajani, Sleeper Agent": 37, "Charge of the Mites": 435, "Chandra, Flameshaper_SB": 426, "Choking Miasma": 447, "Expel the Interlopers": 843, "Bite Down": 209, "Bite Down_SB": 210, "Gaea's Gift": 1032, "Trash the Town": 2863, "Corsair Captain": 528, "Lost Jitte_SB": 1627, "Blazing Crescendo_SB": 228, "Rip, Spawn Hunter": 2200, "Funeral Room // Awakening Hall": 1023, "Outlaw Medic": 1905, "Wilt-Leaf Liege": 3125, "Thousand Moons Smithy_SB": 2782, "Blightbelly Rat": 231, "Unnatural Restoration": 2935, "Carnivorous Canopy_SB": 383, "Gaea's Gift_SB": 1033, "Give In to Violence_SB": 1092, "Cityscape Leveler_SB": 460, "Nahiri's Resolve_SB": 1805, "Scrapwork Mutt": 2314, "Brazen Collector": 303, "Generous Plunderer": 1051, "Ojer Axonil, Deepest Might": 1871, "Trial of Agony": 2869, "Zoyowa's Justice": 3181, "Ancestors' Aid_SB": 58, "Leyline of Resonance_SB": 1568, "Slickshot Show-Off_SB": 2452, "Churning Reservoir": 453, "Magmatic Sprinter": 1657, "Sardian Cliffstomper": 2280, "Solphim, Mayhem Dominus": 2466, "The Monumental Facade": 2736, "Churning Reservoir_SB": 454, "Magmatic Sprinter_SB": 1658, "Monastery Swiftspear_SB": 1772, "Sardian Cliffstomper_SB": 2281, "Repel Calamity_SB": 2161, "Malcolm, Alluring Scoundrel_SB": 1668, "Call a Surprise Witness": 363, "Samut, Vizier of Naktamun": 2270, "Trostani, Three Whispers": 2875, "Tribute to the World Tree_SB": 2872, "Fake Your Own Death": 880, "Taii Wakeen, Perfect Shot": 2647, "Unruly Catapult": 2939, "Glassworks // Shattered Yard_SB": 1105, "Hulking Metamorph": 1321, "Rest in Peace": 2171, "Surge Engine_SB": 2614, "Ghalta and Mavren": 1063, "Hide in Plain Sight": 1282, "Manifest Dread": 1673, "Progenitus": 2038, "Threats Around Every Corner": 2790, "Crystal Barricade": 558, "Green Sun's Twilight_SB": 1165, "Massacre Girl, Known Killer": 1688, "Rakdos, the Muscle": 2087, "Massacre Girl, Known Killer_SB": 1689, "Rakdos Joins Up_SB": 2085, "Rakdos, the Muscle_SB": 2088, "Hazardroot Herbalist": 1232, "Head of the Homestead": 1235, "Rabbit Response": 2066, "Treeguard Duo": 2867, "Uncharted Haven": 2911, "Warren Elder": 3097, "Head of the Homestead_SB": 1236, "Grab the Prize_SB": 1147, "Stroke of Midnight_SB": 2586, "Delney, Streetwise Lookout": 629, "Stroke of Midnight": 2585, "Back for Seconds": 157, "Eriette's Tempting Apple": 811, "Experimental Confectioner": 846, "Feed the Cauldron": 919, "Gingerbread Hunter": 1086, "Greta, Sweettooth Scourge": 1170, "Mintstrosity": 1731, "Return from the Wilds": 2193, "Scream Puff": 2317, "Spider Food": 2507, "Sweettooth Witch": 2629, "Three Bowls of Porridge": 2792, "Candy Grapple_SB": 369, "Fell_SB": 934, "Murder_SB": 1798, "Sugar Rush_SB": 2592, "Break Down the Door": 306, "Bubble Smuggler": 336, "Cryptid Inspector": 557, "Cursed Windbreaker": 571, "Exit Specialist": 839, "Growing Dread": 1177, "Oblivious Bookworm": 1862, "Polukranos Reborn_SB": 2015, "Ragged Playmate": 2077, "Fear of Surveillance_SB": 912, "Grand Entryway // Elegant Rotunda_SB": 1154, "Norin, Swift Survivalist_SB": 1842, "Ragged Playmate_SB": 2078, "Wandertale Mentor": 3087, "Vodalian Mindsinger_SB": 3054, "Corrupted Conviction_SB": 527, "Deadly Brew_SB": 597, "Leonin Vanguard_SB": 1559, "Ruin-Lurker Bat_SB": 2246, "The Millennium Calendar_SB": 2735, "Veteran Survivor_SB": 3024, "Lich-Knights' Conquest": 1575, "Cheeky House-Mouse_SB": 443, "Dryad Militant": 728, "Contagious Vorrac": 514, "Necrogen Rotpriest": 1812, "Armored Scrapgorger_SB": 115, "Invasion of Fiora_SB": 1390, "Kutzil, Malamet Exemplar_SB": 1531, "Vorinclex": 3068, "Rush of Dread_SB": 2256, "Magebane Lizard": 1654, "Final Flourish_SB": 952, "Time Stop_SB": 2815, "Infectious Inquiry_SB": 1352, "Unnatural Restoration_SB": 2936, "Satoru, the Infiltrator": 2283, "Founding the Third Path_SB": 1003, "Binding Negotiation": 205, "Vraska, the Silencer": 3078, "Fae Flight_SB": 869, "Invasion of Ergamon": 1389, "Beastie Beatdown_SB": 193, "Break Out_SB": 308, "Hearthborn Battler_SB": 1248, "Vengeful Possession": 3013, "Repair and Recharge": 2159, "Step Between Worlds_SB": 2558, "Hellspur Posse Boss": 1255, "Cynical Loner_SB": 576, "Hellspur Brute_SB": 1254, "Kellan, the Fae-Blooded": 1484, "Kemba, Kha Enduring": 1486, "Swiftfoot Boots": 2631, "Sword of Forge and Frontier": 2635, "Astor, Bearer of Blades_SB": 132, "Consuming Aberration": 513, "Knight of Dusk's Shadow": 1502, "No One Left Behind_SB": 1838, "Botanical Brawler": 280, "Dusk Legion Duelist": 735, "Railway Brawler": 2080, "Stocking the Pantry": 2565, "Tribute to the World Tree": 2871, "Collector's Cage_SB": 486, "Barkform Harvester": 177, "Rampaging Spiketail": 2096, "Evolved Sleeper": 835, "Friendly Teddy": 1012, "Consumed by Greed_SB": 512, "Hop to It_SB": 1307, "Dragonmaster Outcast": 708, "Skyfisher Spider_SB": 2436, "Chart a Course_SB": 441, "Johann's Stopgap_SB": 1439, "Let's Play a Game_SB": 1561, "Festerleech": 941, "Fallaji Archaeologist_SB": 883, "Kroxa and Kunoros": 1525, "Shrouded Shepherd": 2398, "Evolving Adaptive": 836, "Garruk's Uprising_SB": 1041, "Hexgold Halberd": 1275, "Surgical Suite && Hospital Room": 2618, "Soul Search": 2473, "Daggerfang Duo": 577, "Deathbloom Gardener": 603, "Hoarding Recluse": 1299, "Maha, Its Feathers Night": 1660, "Moonstone Harbinger": 1781, "Pestilent Syphoner": 1965, "Ygra, Eater of All": 3161, "Pile On": 1991, "Llanowar Elves_SB": 1602, "Mosswood Dreadknight_SB": 1787, "Take for a Ride_SB": 2654, "Boltwave_SB": 262, "Fleeting Flight": 969, "Stormchaser's Talent_SB": 2578, "Cactarantula": 356, "Phyrexian Missionary": 1980, "Glimmerlight": 1111, "Ashnod's Harvester": 122, "Warhost's Frenzy": 3094, "Think Twice_SB": 2762, "Rustler Rampage": 2257, "Wojek Investigator": 3145, "Recommission_SB": 2134, "Searslicer Goblin_SB": 2331, "The Wandering Rescuer_SB": 2758, "Felidar Cub": 928, "Oracle of Tragedy": 1890, "Tarrian's Journal": 2663, "Dusk Rose Reliquary_SB": 737, "Felidar Cub_SB": 929, "Knight-Errant of Eos_SB": 1507, "Ruthless Lawbringer_SB": 2259, "Detective's Satchel": 651, "Torch the Witness": 2846, "Worldwalker Helm": 3148, "Forensic Gadgeteer_SB": 992, "Ice Out_SB": 1330, "Claim Jumper_SB": 463, "Mirrex_SB": 1736, "Tectonic Hazard": 2668, "Geralf, the Fleshwright": 1054, "Geralf, the Fleshwright_SB": 1055, "Vraan, Executioner Thane": 3072, "Eaten Alive_SB": 749, "Ojer Pakpatiq, Deepest Epoch": 1873, "Disturbing Conversion_SB": 675, "Lithomantic Barrage": 1595, "Enduring Vitality_SB": 797, "Audience with Trostani_SB": 140, "Leyline of the Void": 1572, "Sentinel of Lost Lore": 2354, "Wylie Duke, Atiin Hero": 3157, "Defiler of Dreams_SB": 627, "Omen Hawker": 1878, "All Will Be One": 45, "Into the Fire": 1377, "Invasion of Karsus": 1396, "Ob Nixilis, Captive Kingpin": 1858, "Cosmic Hunger": 531, "Paranormal Analyst": 1943, "Vannifar, Evolved Enigma": 3004, "Fog Bank_SB": 985, "Talion, the Kindly Lord_SB": 2659, "Surgical Suite // Hospital Room_SB": 2621, "Valgavoth's Onslaught_SB": 2979, "Extraordinary Journey": 858, "Gold Pan": 1136, "Extraordinary Journey_SB": 859, "Nurturing Pixie_SB": 1853, "Moonshaker Cavalry": 1780, "Balemurk Leech": 162, "Bashful Beastie": 182, "Cackling Slasher": 354, "Defiant Survivor": 622, "Fear of the Dark": 913, "Flesh Burrower": 973, "Give In to Violence": 1091, "Grasping Longneck": 1155, "Horrid Vigor": 1313, "Innocuous Rat": 1359, "Let's Play a Game": 1560, "Meathook Massacre II": 1699, "Wickerfolk Thresher": 3118, "Winter's Intervention": 3130, "Leyline of Transformation": 1570, "Saheeli's Lattice": 2266, "Hopeless Nightmare_SB": 1310, "Etali, Primal Storm_SB": 828, "Adamant Will": 13, "Goldvein Pick": 1139, "Moment of Triumph": 1765, "Pilfer": 1993, "Public Thoroughfare": 2048, "Undying Malice": 2921, "Cancel_SB": 368, "Opt_SB": 1886, "Connecting the Dots_SB": 508, "Bushwhack_SB": 352, "Mistbreath Elder_SB": 1749, "Polliwallop_SB": 2012, "Realmbreaker's Grasp_SB": 2121, "Stickytongue Sentinel_SB": 2560, "Tumbleweed Rising_SB": 2878, "Corpses of the Lost_SB": 524, "Analyze the Pollen_SB": 56, "Makeshift Binding": 1665, "Dismal Backwater": 666, "Pelakka Wurm": 1956, "Extract a Confession_SB": 857, "Unauthorized Exit_SB": 2910, "Jump Scare_SB": 1445, "Progenitus_SB": 2039, "Harvestrite Host": 1220, "Cut Short_SB": 574, "Family Reunion_SB": 884, "Annihilating Glare": 73, "Fanatical Offering": 887, "Sword of Wealth and Power": 2639, "Skulduggery": 2428, "Skulduggery_SB": 2429, "Mabel's Mettle": 1646, "Lassoed by the Law": 1536, "Minor Misstep": 1729, "Hopeful Vigil": 1308, "Central Elevator // Promising Stairs": 418, "Creeping Peeper": 545, "Dazzling Theater // Prop Room": 592, "Erratic Apparition": 814, "Fear of Abduction": 897, "Fear of Falling": 901, "Lionheart Glimmer": 1593, "Restricted Office // Lecture Hall": 2191, "Underwater Tunnel // Slimy Aquarium": 2920, "Stalked Researcher_SB": 2538, "Tunnel Surveyor_SB": 2882, "Ajani, Nacatl Pariah": 36, "Arena of Glory": 104, "Arid Mesa": 109, "Blood Crypt": 235, "Bloodstained Mire": 246, "Chained to the Rocks": 421, "Fatal Push": 891, "Goblin Bombardment": 1125, "Godless Shrine": 1135, "Guide of Souls": 1186, "Marsh Flats": 1686, "Ocelot Pride": 1867, "Phelia, Exuberant Shepherd": 1969, "Phlage, Titan of Fire's Fury": 1970, "Sacred Foundry": 2264, "Seasoned Pyromancer": 2340, "Thoughtseize": 2779, "Thraben Charm": 2783, "Chained to the Rocks_SB": 422, "Drannith Magistrate_SB": 712, "Obsidian Charmaw_SB": 1863, "Orim's Chant_SB": 1892, "Ragavan, Nimble Pilferer_SB": 2076, "Stony Silence_SB": 2572, "Surgical Extraction_SB": 2617, "Wear // Tear_SB": 3105, "Wrath of the Skies_SB": 3149, "Blazing Rootwalla": 229, "Burning Inquiry": 344, "Detective's Phoenix": 650, "Faithless Looting": 879, "Flameblade Adept": 962, "Goblin Lore": 1129, "Hollow One": 1301, "Lightning Bolt": 1580, "Stomping Ground": 2571, "Street Wraith": 2582, "Vengevine": 3015, "Wooded Foothills": 3146, "Cursed Totem_SB": 570, "Meltdown_SB": 1705, "Barbarian Ring": 175, "Eidolon of the Great Revel": 758, "Flare of Duplication": 966, "Goblin Guide": 1128, "Lava Spike": 1542, "Rift Bolt": 2198, "Searing Blaze": 2328, "Skewer the Critics": 2420, "Skullcrack": 2431, "Sunbaked Canyon": 2597, "Ensnaring Bridge_SB": 803, "Faerie Macabre_SB": 874, "Smash to Smithereens_SB": 2455, "Amulet of Vigor": 52, "Arboreal Grazer": 85, "Boseiju, Who Endures": 278, "Crumbling Vestige": 552, "Dryad Arbor": 727, "Dryad of the Ilysian Grove": 730, "Echoing Deeps": 751, "Explore": 848, "Green Sun's Zenith": 1166, "Gruul Turf": 1182, "Hanweir Battlements": 1204, "Lotus Field": 1630, "Mirrorpool": 1739, "Misty Rainforest": 1752, "Otawara, Soaring City": 1900, "Primeval Titan": 2032, "Scapeshift": 2299, "Shifting Woodland": 2382, "Simic Growth Chamber": 2412, "Summoner's Pact": 2594, "Tolaria West": 2837, "Urza's Cave": 2967, "Urza's Saga": 2970, "Valakut, the Molten Pinnacle": 2975, "Vesuva": 3019, "Bojuka Bog_SB": 259, "Collector Ouphe_SB": 484, "Defense Grid_SB": 621, "Dismember_SB": 667, "Endurance_SB": 787, "Force of Vigor_SB": 989, "Tireless Tracker_SB": 2823, "Vampires' Vengeance_SB": 2998, "Archon of Cruelty": 101, "Dwarven Mine": 741, "Fable of the Mirror-Breaker": 863, "Flooded Strand": 974, "Indomitable Creativity": 1349, "Jetmir's Garden": 1433, "Persist": 1961, "Prismatic Ending": 2035, "Scalding Tarn": 2294, "Wrenn and Six": 3153, "Xander's Lounge": 3158, "Boseiju, Who Endures_SB": 279, "Damping Sphere_SB": 578, "Hurkyl's Recall_SB": 1326, "Toxic Deluge_SB": 2852, "Cling to Dust": 472, "Counterspell": 538, "Force of Negation": 988, "Harbinger of the Seas": 1206, "Murktide Regent": 1799, "Polluted Delta": 2013, "Preordain": 2027, "Psychic Frog": 2046, "Sink into Stupor": 2415, "Spell Snare": 2497, "Thought Scour": 2776, "Unearth": 2922, "Watery Grave": 3101, "Consign to Memory_SB": 510, "Engineered Explosives_SB": 800, "Mystical Dispute_SB": 1804, "Nihil Spellbomb_SB": 1827, "Spell Pierce_SB": 2496, "The Meathook Massacre_SB": 2732, "Brazen Borrower": 301, "Orcish Bowmasters": 1891, "Steam Vents": 2550, "Harbinger of the Seas_SB": 1207, "Stern Scolding_SB": 2559, "Galvanic Discharge": 1035, "Showdown of the Skalds_SB": 2396, "Thoughtseize_SB": 2780, "Den of the Bugbear": 641, "Devastating Summons": 652, "Foundry Street Denizen": 1004, "Goblin Bushwhacker": 1126, "Goblin Grenade": 1127, "Goblin Piledriver": 1131, "Legion Loyalist": 1555, "Mogg War Marshal": 1756, "Reckless Bushwhacker": 2127, "Skirk Prospector": 2421, "Sokenzan, Crucible of Defiance": 2463, "Blood Moon_SB": 237, "Magus of the Moon_SB": 1659, "Reality Hemorrhage_SB": 2119, "Shattering Spree_SB": 2373, "Tormod's Crypt_SB": 2848, "Ziatora's Proving Ground": 3173, "Terastodon_SB": 2688, "Veil of Summer_SB": 3007, "Consider": 509, "Graveyard Trespasser": 1156, "Exquisite Firecraft_SB": 851, "Searing Blood_SB": 2329, "Tunnel Ignus_SB": 2880, "Ragavan, Nimble Pilferer": 2075, "Showdown of the Skalds": 2395, "Static Prison": 2547, "Windswept Heath": 3128, "Fear, Fire, Foes!_SB": 914, "Vexing Bauble": 3025, "Colossal Skyturtle_SB": 493, "Generous Ent_SB": 1050, "Grist, the Hunger Tide_SB": 1176, "Hexdrinker_SB": 1274, "Tamiyo, Inquisitive Student": 2660, "Fable of the Mirror-Breaker_SB": 864, "Giant Growth_SB": 1080, "Come Back Wrong": 497, "Glassworks // Shattered Yard": 1104, "Slice from the Shadows": 2448, "Talion, the Kindly Lord": 2658, "Over the Edge_SB": 1910, "Poison Dart Frog_SB": 2010, "Beamtown Beatstick": 190, "Celestial Armor": 415, "Diamond Pick-Axe": 658, "Carrot Cake_SB": 386, "Edgewall Inn": 754, "Goliath Hatchery_SB": 1142, "Balmor, Battlemage Captain": 165, "Bria, Riptide Rogue": 312, "Freeze in Place": 1009, "Relic's Roar": 2153, "Run Away Together_SB": 2247, "Scalding Viper_SB": 2296, "Harrier Strix": 1216, "Snaremaster Sprite": 2461, "Hardened Escort": 1212, "Holy Cow": 1303, "Living Phone": 1600, "Unsettling Twins": 2940, "Feather of Flight_SB": 917, "Possessed Goat_SB": 2022, "Raccoon Rallier_SB": 2069, "Rogue's Passage_SB": 2228, "The Jolly Balloon Man_SB": 2726, "Unsettling Twins_SB": 2941, "Hammerhand_SB": 1203, "Heartfire Hero_SB": 1241, "Inti, Seneschal of the Sun_SB": 1374, "Pests of Honor": 1966, "Three Blind Mice": 2791, "Dauntless Dismantler_SB": 584, "Phoenix Chick_SB": 1972, "Gleaming Barrier": 1106, "Gleaming Barrier_SB": 1107, "Solemn Simulacrum_SB": 2465, "Sure Strike_SB": 2612, "Twinferno_SB": 2887, "Ancestors' Aid": 57, "Dwarven Forge-Chanter": 740, "Furious Bellow": 1025, "Ghitu Amplifier": 1068, "Heartfire Immolator": 1242, "Sure Strike": 2611, "Whiskerquill Scribe": 3113, "Brambleguard Captain": 295, "Defabricate": 617, "Fear of Burning Alive": 900, "Iron-Fist Pulverizer": 1413, "Johann, Apprentice Sorcerer": 1440, "Keldon Flamesage": 1475, "Kraum, Violent Cacophony": 1521, "Molten Tributary": 1762, "Nightwhorl Hermit": 1826, "Pyrotechnic Performer": 2056, "Razzle-Dazzler": 2118, "Stop Cold": 2573, "Thopter Mechanic": 2771, "Vesuvan Drifter": 3020, "Involuntary Cooldown_SB": 1409, "Kellan, Planar Trailblazer_SB": 1483, "Mishra's Command_SB": 1745, "Out of Air_SB": 1902, "Plan the Heist_SB": 2003, "Sleight of Hand_SB": 2447, "Trick Shot_SB": 2873, "Violent Urge_SB": 3035, "The Filigree Sylex": 2715, "Halo Hopper": 1201, "Charge of the Mites_SB": 436, "Hellspur Posse Boss_SB": 1256, "Grand Abolisher": 1150, "Unnerving Grasp": 2937, "Make Your Move_SB": 1662, "Harbinger of the Tides": 1208, "Harbinger of the Tides_SB": 1209, "Fynn, the Fangbearer_SB": 1031, "Cat Collector": 399, "Bottomless Pool && Locker Room_SB": 283, "Pile On_SB": 1992, "Growing Rites of Itlimoc": 1178, "Feldon, Ronom Excavator": 927, "Roc Hunter": 2222, "Scalding Viper": 2295, "Adventuring Gear_SB": 16, "Fear of Being Hunted_SB": 899, "Vicious Clown_SB": 3030, "Into the Roil": 1380, "Into the Roil_SB": 1381, "Ayara, Widow of the Realm": 152, "Arachnoid Adaptation": 82, "Throw from the Saddle": 2803, "Longstalk Brawl_SB": 1615, "Thrill of Possibility_SB": 2801, "Season of Gathering": 2332, "Warren Warleader": 3098, "Horrid Vigor_SB": 1314, "Lionheart Glimmer_SB": 1594, "Omnivorous Flytrap_SB": 1883, "Seasoned Warrenguard_SB": 2342, "Jump Scare": 1444, "Niko, Light of Hope": 1828, "Stalked Researcher": 2537, "Tunnel Surveyor": 2881, "Fear of Isolation_SB": 907, "Splash Portal_SB": 2519, "Demonic Pact_SB": 638, "Rite of the Dragoncaller_SB": 2207, "Valorous Stance": 2993, "Lodestone Needle": 1608, "Sawblade Skinripper_SB": 2290, "Zephyr Singer": 3169, "Sunbillow Verge": 2598, "Grim Bauble": 1174, "Spell Pierce": 2495, "Momentum Breaker": 1767, "Debris Beetle": 606, "Wastewood Verge": 3100, "Vein Ripper_SB": 3009, "Bleachbone Verge": 230, "Intimidation Tactics": 1375, "Ketramose, the New Dawn": 1487, "Oildeep Gearhulk": 1869, "Haunt the Network_SB": 1224, "Bartolom\u00e9 del Presidio_SB": 181, "Lunar Convocation_SB": 1639, "Bloodghast": 242, "Valley Rotcaller_SB": 2990, "Oildeep Gearhulk_SB": 1870, "Outpace Oblivion_SB": 1907, "Gleeful Demolition_SB": 1110, "Monument to Endurance": 1778, "Ride's End": 2196, "Defend the Rider": 619, "Hazoret, Godseeker": 1234, "Willowrush Verge": 3124, "Afterburner Expert": 24, "Draconautics Engineer": 698, "Dredger's Insight": 721, "Loot, the Pathfinder": 1618, "Molt Tender": 1758, "Restless Spire_SB": 2186, "Thousand Moons Smithy": 2781, "Transmutation Font": 2860, "Braided Net_SB": 291, "Cunning Coyote_SB": 564, "Chandra, Spark Hunter_SB": 430, "Explosive Derailment_SB": 850, "Bounce Off": 287, "Greasewrench Goblin": 1158, "Marauding Mako": 1680, "Riverpyre Verge": 2215, "Scrounging Skyray": 2322, "Bounce Off_SB": 288, "Memory Guardian": 1706, "Mendicant Core, Guidelight": 1707, "Diversion Unit_SB": 680, "Lightwheel Enhancements": 1585, "Tomik, Wielder of Law_SB": 2843, "Engine Rat": 798, "Gonti, Night Minister": 1143, "Perilous Snare": 1959, "Teysa, Opulent Oligarch": 2697, "Gumdrop Poisoner": 1189, "Grim Bauble_SB": 1175, "Momentum Breaker_SB": 1768, "Optimistic Scavenger_SB": 1888, "The Aetherspark": 2700, "Brightglass Gearhulk": 315, "Voyager Glidecar": 3070, "Chandra, Spark Hunter": 429, "Intimidation Tactics_SB": 1376, "Captain Howler, Sea Scourge": 375, "Gastal Thrillroller": 1045, "Mishra's Command": 1744, "Phyrexian Dragon Engine": 1977, "Overgrown Zealot": 1913, "Riptide Gearhulk": 2201, "Transit Mage": 2859, "Conduit of Worlds_SB": 505, "Heliod, the Radiant Dawn": 1252, "Twinblade Blessing": 2885, "Gastal Thrillroller_SB": 1046, "Lifecraft Engine": 1577, "Mindspring Merfolk": 1728, "Mu Yanling, Wind Rider": 1791, "Caelorna, Coral Tyrant_SB": 357, "Nesting Bot": 1816, "Lumbering Worldwagon": 1633, "Overrun": 1926, "Diversion Unit": 679, "Muraganda Raceway": 1796, "Repurposing Bay": 2164, "Defend the Rider_SB": 620, "Zephyr Singer_SB": 3170, "Burnout Bashtronaut": 346, "Ratadrabik of Urborg": 2103, "Demonic Junker": 635, "Nexus of Becoming": 1821, "Amonkhet Raceway": 51, "Gastal Thrillseeker": 1047, "The Last Ride": 2729, "The Speed Demon": 2747, "Ancient Vendetta_SB": 61, "Monument to Endurance_SB": 1779, "The Speed Demon_SB": 2748, "Quag Feast": 2057, "Gastal Raider_SB": 1044, "Esoteric Duplicator": 820, "Voyage Home": 3069, "Aether Syphon_SB": 21, "Ketramose, the New Dawn_SB": 1488, "Thunderous Velocipede": 2810, "Regal Imperiosaur": 2148, "Intrepid Paleontologist_SB": 1383, "Invasion of Regatha_SB": 1400, "Voyager Glidecar_SB": 3071, "Fuel the Flames": 1016, "Skycrash": 2433, "Broadside Barrage_SB": 327, "Fuel the Flames_SB": 1017, "Locust Spray": 1607, "Bringer of the Last Gift": 320, "Riverchurn Monument": 2212, "Skitterbeam Battalion": 2423, "Terisian Mindbreaker": 2689, "Agonasaur Rex": 30, "Tyrox, Saurid Tyrant": 2896, "Coalstoke Gearhulk_SB": 476, "Howlsquad Heavy": 1317, "Boosted Sloop": 274, "Broadside Barrage": 326, "Thopter Fabricator_SB": 2770, "Count on Luck_SB": 537, "Sandstalker Moloch_SB": 2271, "Spectacular Pileup": 2490, "Collision Course_SB": 490, "Ride's End_SB": 2197, "Thalia and The Gitrog Monster_SB": 2699, "Zahur, Glory's Past": 3167, "Leaf-Crowned Visionary_SB": 1550, "Mossborn Hydra_SB": 1785, "Overrun_SB": 1927, "Painful Quandary_SB": 1935, "Wardens of the Cycle_SB": 3093, "Quag Feast_SB": 2058, "Red Sun's Twilight_SB": 2137, "Perilous Snare_SB": 1960, "Playful Shove": 2005, "Debris Beetle_SB": 607, "Pit Automaton": 1997, "Visage of Dread": 3047, "The Last Ride_SB": 2730, "Visage of Dread_SB": 3048, "Mishra, Claimed by Gix": 1747, "Bloated Contaminator_SB": 234, "Melira, the Living Cure_SB": 1704, "The Aetherspark_SB": 2701, "Fearless Swashbuckler": 915, "Unctus, Grand Metatect": 2912, "Invasion of Mercadia": 1398, "Sazacap's Brew": 2293, "Webstrike Elite": 3108, "Webstrike Elite_SB": 3109, "Coiling Rebirth_SB": 480, "Soul of Windgrace": 2475, "Gas Guzzler": 1042, "Say Its Name_SB": 2292, "Spectral Interference_SB": 2493, "Stock Up": 2563, "Spectacular Pileup_SB": 2491, "Far Fortune, End Boss": 888, "Expel the Interlopers_SB": 844, "Flotsam // Jetsam_SB": 978, "Claim Jumper": 462, "Ancient Vendetta": 60, "Full Throttle_SB": 1020, "Loot, the Key to Everything_SB": 1617, "Loot, the Pathfinder_SB": 1619, "Spring-Loaded Sawblades_SB": 2527, "Unstable Glyphbridge_SB": 2943, "Urza's Command_SB": 2968, "Lassoed by the Law_SB": 1537, "Blast Zone_SB": 225, "Dive Down": 677, "Basri, Tomorrow's Champion": 185, "Skyseer's Chariot_SB": 2439, "Third Path Iconoclast_SB": 2764, "Shoreline Looter": 2394, "Engine Rat_SB": 799, "Essence Channeler_SB": 822, "Lunar Insight": 1640, "Jodah, the Unifier_SB": 1438, "Dropkick Bomber": 724, "Coalstoke Gearhulk": 475, "Visage Bandit": 3046, "Waxen Shapethief": 3102, "Dune Drifter": 732, "Rampaging Raptor": 2095, "Agonasaur Rex_SB": 31, "Sword of Forge and Frontier_SB": 2636, "Become Brutes": 194, "The Elder Dragon War_SB": 2708, "Veteran Survivor": 3023, "Kellan, Inquisitive Prodigy_SB": 1481, "Caradora, Heart of Alacria": 379, "Skyseer's Chariot": 2438, "Valor's Flagship": 2991, "Veteran Beastrider": 3022, "Threadbind Clique": 2789, "Twining Twins": 2889, "Boommobile_SB": 271, "Radiant Lotus_SB": 2072, "Boommobile": 270, "Forging the Anchor": 996, "Radiant Lotus": 2071, "The Mightstone and Weakstone_SB": 2734, "Goldvein Hydra_SB": 1138, "Bloodthorn Flail": 249, "Flamewake Phoenix": 964, "Cryptcaller Chariot_SB": 554, "Volley Veteran": 3063, "Riptide Gearhulk_SB": 2202, "Riverchurn Monument_SB": 2213, "Spiteful Hexmage_SB": 2517, "Clamorous Ironclad": 466, "Furnace Host Charger": 1026, "Alania, Divergent Storm": 42, "Frolicking Familiar": 1013, "Wishing Well": 3135, "Resplendent Angel_SB": 2169, "Cephalopod Sentry": 419, "Tinker's Tote": 2817, "Thopter Fabricator": 2769, "Redshift, Rocketeer Chief": 2140, "Haunt the Network": 1223, "Sorcerous Spyglass": 2469, "Demonic Junker_SB": 636, "Stall Out": 2539, "Stall Out_SB": 2540, "Halana and Alena, Partners_SB": 1195, "Valor's Flagship_SB": 2992, "Tocasia's Welcome_SB": 2836, "The Raven Man": 2740, "The Raven Man_SB": 2741, "Gloryheath Lynx": 1118, "Sovereign Okinec Ahau": 2487, "Boom Box": 269, "Broadcast Rambler": 325, "Conduit of Worlds": 504, "Possession Engine": 2023, "Bat Colony": 186, "Calamitous Cave-In": 358, "Gargantuan Leech": 1037, "Hidden Volcano": 1281, "Promising Vein": 2042, "Marketback Walker": 1684, "Sab-Sunen, Luxa Embodied": 2262, "Simian Simulacrum": 2411, "Sylvan Scavenging": 2642, "Mold Adder_SB": 1757, "Bulwark Ox": 340, "Reluctant Role Model": 2154, "Reluctant Role Model_SB": 2155, "The Goose Mother": 2718, "Leyline Binding_SB": 1564, "Broodheart Engine": 328, "Marketback Walker_SB": 1685, "Burnout Bashtronaut_SB": 347, "Gastal Raider": 1043, "Oviya, Automech Artisan": 1931, "Daretti, Rocketeer Engineer": 579, "Threefold Thunderhulk": 2798, "Tune Up": 2879, "Meteor Golem_SB": 1711, "Market Gnome_SB": 1683, "The Skullspore Nexus_SB": 2746, "Cosmium Confluence": 534, "Festival of Embers": 942, "Hidden Nursery": 1280, "Skycrash_SB": 2434, "Nexus of Becoming_SB": 1822, "Sab-Sunen, Luxa Embodied_SB": 2263, "Earthrumbler": 746, "Collector's Vault_SB": 488, "Thran Spider_SB": 2786, "Akal Pakal, First Among Equals_SB": 40, "Deepfathom Echo": 614, "Forensic Researcher": 993, "Oko, the Ringleader": 1875, "Chitin Gravestalker": 446, "Starving Revenant_SB": 2545, "Steamcore Scholar_SB": 2552, "Ojer Pakpatiq, Deepest Epoch_SB": 1874, "Thunderous Velocipede_SB": 2811, "Fear of Infinity_SB": 905, "Stock Up_SB": 2564, "Dredger's Insight_SB": 722, "Fauna Shaman_SB": 894, "Overwhelming Remorse_SB": 1929, "Barrow Naughty": 179, "Drag the Canal": 700, "Faerie Slumber Party": 877, "Mocking Sprite": 1753, "Spellscorn Coven": 2502, "Talion's Messenger": 2656, "Coerced to Kill": 478, "Etrata, Deadly Fugitive": 833, "Unstoppable Plan_SB": 2944, "Hoarding Broodlord": 1298, "Shadow-Rite Priest": 2365, "Training Grounds": 2854, "Nahiri's Warcrafting_SB": 1806, "Baral and Kari Zev": 174, "Enigma Drake": 801, "Eroded Canyon": 812, "Brightfield Glider": 314, "Congregation Gryff": 507, "Giant Beaver": 1076, "Lagorin, Soul of Alacria": 1533, "Miriam, Herd Whisperer": 1733, "Ornery Tumblewagg": 1893, "Trained Arynx": 2853, "Run Over_SB": 2248, "Vivisurgeon's Insight_SB": 3052, "Night Market": 1824, "Stockpiling Celebrant": 2566, "Carrion Locust_SB": 384, "Skullcap Snail_SB": 2430, "Stockpiling Celebrant_SB": 2567, "Akal Pakal, First Among Equals": 39, "Forensic Gadgeteer": 991, "Deduce_SB": 611, "Wreck Remover_SB": 3150, "Brave the Wilds": 300, "Fountainport Bell": 1006, "Guidelight Optimizer": 1187, "Oaken Siren": 1855, "Machine Over Matter_SB": 1650, "Armored Scrapgorger": 114, "Spinewoods Paladin": 2511, "Phyrexian Missionary_SB": 1981, "Sunder the Gateway": 2599, "Malcator, Purity Overseer": 1666, "Tranquil Cove_SB": 2856, "Crumb and Get It_SB": 551, "Flame Lash": 961, "Exsanguinate_SB": 853, "Exsanguinate": 852, "Syr Ginger, the Meal Ender_SB": 2646, "Legion Extruder_SB": 1554, "Blade of the Oni": 218, "Blightstep Pathway": 232, "Bloodtithe Harvester": 250, "Mutavault": 1801, "Urborg, Tomb of Yawgmoth": 2964, "Extinction Event_SB": 855, "Hidetsugu Consumes All_SB": 1283, "Unlicensed Hearse_SB": 2934, "Breeding Pool": 311, "Enigmatic Incarnation": 802, "Indatha Triome": 1348, "Linvala, the Preserver": 1592, "Overgrown Tomb": 1912, "Savai Triome": 2284, "Skyclave Apparition": 2432, "Spara's Headquarters": 2488, "Vanishing Verse": 3002, "Zagoth Triome": 3166, "Archon of Emeria_SB": 102, "Knockout Blow_SB": 1508, "Ruric Thar, the Unbowed_SB": 2254, "Thought Distortion_SB": 2775, "Yorion, Sky Nomad_SB": 3163, "Cauldron Familiar": 404, "Claim the Firstborn": 464, "Deadly Dispute": 600, "Mayhem Devil": 1693, "Witch's Oven": 3138, "Ob Nixilis, the Adversary_SB": 1859, "Darksteel Citadel": 583, "Ensoul Artifact": 804, "Riverglide Pathway": 2214, "Shrapnel Blast": 2397, "Smuggler's Copter": 2456, "Voldaren Epicure": 3060, "Aether Gust_SB": 20, "Annul_SB": 74, "Rending Volley_SB": 2158, "Shadowspear_SB": 2366, "Voltage Surge_SB": 3064, "Cragcrown Pathway": 541, "Ramunap Ruins": 2097, "Reckless Rage": 2130, "Soul-Scar Mage": 2478, "Experimental Frenzy_SB": 847, "Hazoret the Fervent_SB": 1233, "Redcap Melee_SB": 2138, "Anger of the Gods_SB": 65, "Invoke Despair_SB": 1408, "Takenuma, Abandoned Mire": 2655, "Go Blank_SB": 1122, "Claim // Fame": 461, "Infuriate": 1354, "Kumano Faces Kakkazan": 1527, "Claim the Firstborn_SB": 465, "Fatal Push_SB": 892, "Grafdigger's Cage_SB": 1149, "Extinction Event": 854, "Gifted Aetherborn_SB": 1081, "Castle Locthwain": 398, "Clearwater Pathway": 469, "Field of Ruin": 944, "Geier Reach Sanitarium": 1049, "Hall of Storm Giants": 1196, "Hive of the Eye Tyrant": 1297, "Narset, Parter of Veils": 1807, "Omen of the Sea": 1879, "Paradoxical Outcome": 1942, "Shipwreck Marsh": 2385, "The Meathook Massacre": 2731, "Ashiok, Dream Render_SB": 118, "Weathered Runestone_SB": 3107, "Fetid Pools": 943, "Yorion, Sky Nomad": 3162, "Arclight Phoenix": 103, "Fiery Impulse": 950, "Izzet Charm": 1421, "Lightning Axe": 1579, "Prismari Command": 2033, "Spikefield Hazard": 2508, "Stormcarved Coast": 2575, "Treasure Cruise": 2865, "Collective Brutality": 482, "Faithful Mending": 878, "Greasefang, Okiba Boss": 1157, "Hallowed Fountain": 1198, "Parhelion II": 1944, "Raffine's Tower": 2074, "Shattered Sanctum": 2372, "Skysovereign, Consul Flagship": 2440, "Stubborn Denial": 2589, "Tainted Indulgence": 2650, "Deafening Silence_SB": 602, "Dovin's Veto_SB": 696, "Silence_SB": 2404, "Vanishing Verse_SB": 3003, "Krenko's Buzzcrusher": 1522, "Bishop of Wings": 208, "Branchloft Pathway": 297, "Cave of the Frost Dragon": 408, "Collected Company": 481, "Eiganjo, Seat of the Empire": 759, "Nykthos, Shrine to Nyx": 1854, "Overgrown Farmland": 1911, "Portable Hole": 2017, "Resplendent Marshal": 2170, "Righteous Valkyrie": 2199, "Temple Garden": 2674, "Archon of Absolution_SB": 100, "Brave the Elements_SB": 299, "Brutal Cathar_SB": 335, "Heroic Intervention_SB": 1271, "Reidane, God of the Worthy_SB": 2149, "Shapers' Sanctuary_SB": 2368, "Dawnwing Marshal": 587, "Fear of Infinity": 904, "Kroxa, Titan of Death's Hunger": 1526, "Ledger Shredder": 1552, "Brazen Borrower_SB": 302, "Prismari Command_SB": 2034, "Burner Rocket": 343, "Cloudspire Skycycle": 474, "Dynamite Diver": 745, "Guidelight Synergist": 1188, "Kolodin, Triumph Caster": 1513, "Count on Luck": 536, "Frenzied Goblin": 1010, "Doubling Season_SB": 694, "Fanatical Firebrand_SB": 886, "Howlsquad Heavy_SB": 1318, "Reckless Lackey_SB": 2129, "Rundvelt Hordemaster_SB": 2250, "District Mascot": 673, "Shivan Devastator": 2386, "Zimone, Paradox Sculptor": 3174, "Tyvar, the Pummeler_SB": 2905, "Zopandrel, Hunger Dominus_SB": 3178, "Aurelia, the Warleader": 142, "Gilded Ghoda": 1084, "Cavalier of Thorns": 407, "Elvish Mystic": 780, "Kiora, Behemoth Beckoner": 1491, "Lair of the Hydra": 1534, "Leyline of the Guildpact": 1571, "Oath of Nissa": 1857, "Old-Growth Troll": 1877, "Storm the Festival": 2574, "Ulvenwald Oddity": 2906, "Arasta of the Endless Web_SB": 84, "Emrakul, the Promised End_SB": 786, "Setessan Petitioner_SB": 2364, "Ashiok, Nightmare Muse_SB": 119, "Foreboding Ruins": 990, "Invoke Despair": 1407, "Kolaghan's Command_SB": 1512, "Haunted Ridge": 1226, "Bonecrusher Giant": 263, "Burning-Tree Emissary": 345, "Chandra, Torch of Defiance": 431, "Collision // Colossus": 489, "Gruul Spellbreaker": 1181, "Kami's Flare": 1459, "Pelt Collector": 1957, "Voltaic Brawler": 3065, "Zhur-Taa Goblin": 3172, "Bonecrusher Giant_SB": 264, "Chandra, Torch of Defiance_SB": 432, "Cindervines_SB": 456, "Kami's Flare_SB": 1460, "Roiling Vortex_SB": 2230, "Mana Confluence": 1672, "Barrier Breach_SB": 178, "Leyline of Sanctity_SB": 1569, "Colossus Hammer": 494, "Eldritch Evolution": 762, "Raffine's Informant": 2073, "Sigarda's Aid": 2402, "Soulflayer": 2480, "Sylvan Caryatid": 2641, "Bloodline Culling_SB": 245, "Collective Brutality_SB": 483, "Portable Hole_SB": 2018, "Furnace Punisher_SB": 1027, "Laughing Jasper Flint_SB": 1541, "Rocky Roads": 2225, "Lumbering Worldwagon_SB": 1634, "Cosmic Rebirth_SB": 533, "Mondrak, Glory Dominus_SB": 1773, "Become Brutes_SB": 195, "Goblin Oriflamme": 1130, "Drake Hatcher_SB": 710, "Eddymurk Crab_SB": 753, "Cindering Cutthroat_SB": 455, "Ravine Raider_SB": 2111, "Risky Shortcut_SB": 2204, "Spin Out_SB": 2509, "Steampath Charger_SB": 2553, "Devouring Sugarmaw": 653, "Amalia Benavides Aguirre_SB": 49, "Elas il-Kor, Sadistic Pilgrim_SB": 761, "Fiendish Panda_SB": 946, "Knight of Dawn's Light_SB": 1501, "Mimeoplasm, Revered One": 1725, "Etched Familiar": 830, "Spectral Interference": 2492, "Winter, Cursed Rider": 3131, "Radiant Grove": 2070, "Streetwise Negotiator_SB": 2583, "Divine Resilience": 681, "Greenhouse // Rickety Gazebo": 1167, "Silken Strength": 2407, "Map the Frontier": 1676, "Realm-Scorcher Hellkite": 2120, "Spyglass Siren_SB": 2530, "Sentinel of Lost Lore_SB": 2355, "Herd Migration_SB": 1267, "Kykar, Zephyr Awakener": 1532, "The Huntsman's Redemption_SB": 2721, "Lathril, Blade of the Elves_SB": 1539, "Armored Armadillo_SB": 112, "Gixian Infiltrator_SB": 1097, "Gloryheath Lynx_SB": 1119, "Threefold Thunderhulk_SB": 2799, "Primeval Bounty": 2030, "Cryptcaller Chariot": 553, "Rangers' Refueler": 2098, "Steel Hellkite_SB": 2554, "Mindsparker_SB": 1726, "Cursed Recording_SB": 569, "Thirsting Roots": 2765, "Disenchant": 662, "Captain Howler, Sea Scourge_SB": 376, "Gigantosaurus": 1082, "Llanowar Stalker": 1605, "Ghalta, Primal Hunger_SB": 1065, "Gigantosaurus_SB": 1083, "Karn, Living Legacy_SB": 1463, "Quaketusk Boar": 2059, "Kellan Joins Up": 1477, "Ovika, Enigma Goliath_SB": 1930, "The Everflowing Well": 2714, "The Stasis Coffin": 2749, "Bestow Greatness_SB": 199, "Leaping Ambush": 1551, "Raucous Theater_SB": 2109, "Flowstone Infusion_SB": 984, "Alesha, Who Laughs at Fate_SB": 44, "Lazav, Wearer of Faces_SB": 1548, "Harmless Offering_SB": 1215, "Return Triumphant": 2192, "Souls of the Lost_SB": 2483, "Slickshot Lockpicker_SB": 2450, "Flashfreeze": 967, "Interface Ace": 1372, "Sunpearl Kirin": 2606, "Synchronized Charge": 2644, "Heritage Reclamation_SB": 1268, "Magmatic Hellkite_SB": 1656, "Elspeth, Storm Slayer": 774, "Rally the Monastery": 2093, "Cori Mountain Monastery": 520, "Dispelling Exhale": 668, "Jeskai Revelation": 1431, "Marang River Regent": 1677, "Shiko, Paragon of the Way": 2383, "Surrak, Elusive Hunter": 2624, "Surrak, Elusive Hunter_SB": 2625, "Sandsteppe Citadel": 2272, "Skirmish Rhino": 2422, "Desperate Measures": 647, "Rot-Curse Rakshasa": 2235, "Auroral Procession": 143, "Opulent Palace": 1889, "Rakshasa's Bargain": 2089, "Glacial Dragonhunt": 1099, "Tersa Lightshatter": 2695, "Winternight Stories": 3132, "Cori-Steel Cutter": 521, "Tersa Lightshatter_SB": 2696, "Mistrise Village": 1750, "Jeskai Revelation_SB": 1432, "United Battlefront": 2933, "Elspeth, Storm Slayer_SB": 775, "Voice of Victory_SB": 3055, "Sage of the Skies_SB": 2265, "Herd Heirloom": 1265, "Rediscover the Way": 2139, "Roiling Dragonstorm": 2229, "Gilded Lotus_SB": 1085, "Static Snare": 2548, "Tempest Hawk": 2673, "Frontline Rush": 1015, "Cori-Steel Cutter_SB": 522, "Kishla Village": 1494, "Restless Vents_SB": 2188}}