{"vocabulary": {"Aclazotz, Deepest Betrayal": 11, "Beza, the Bounding Spring": 204, "Caves of Koilos": 416, "Concealed Courtyard": 510, "Cut Down": 580, "Deep-Cavern Bat": 621, "Duress": 743, "Fabled Passage": 876, "Fountainport": 1020, "Gix's Command": 1110, "Go for the Throat": 1140, "Liliana of the Veil": 1610, "Plains": 2032, "Preacher of the Schism": 2057, "Restless Fortress": 2209, "Season of the Burrow": 2366, "Shadowy Backstreet": 2395, "Swamp": 2656, "Temporary Lockdown": 2713, "Virtue of Persistence": 3075, "Zoraline, Cosmos Caller": 3216, "Cruelclaw's Heist_SB": 556, "Duress_SB": 744, "Kaya, Intangible Slayer_SB": 1491, "Liliana of the Veil_SB": 1611, "Loran of the Third Path_SB": 1644, "Soul-Guide Lantern_SB": 2504, "Sunfall_SB": 2633, "Copperline Gorge": 529, "Emberheart Challenger": 793, "Heartfire Hero": 1258, "Innkeeper's Talent": 1376, "Karplusan Forest": 1487, "Manifold Mouse": 1696, "Might of the Meek": 1742, "Monastery Swiftspear": 1792, "Monstrous Rage": 1797, "Mountain": 1809, "Questing Druid": 2092, "Restless Ridgeline": 2213, "Rockface Village": 2253, "Shock": 2415, "Slickshot Show-Off": 2477, "Snakeskin Veil": 2486, "Witchstalker Frenzy": 3175, "Obliterating Bolt_SB": 1886, "Pawpatch Formation_SB": 1976, "Scorching Shot_SB": 2337, "Tectonic Hazard_SB": 2698, "Torch the Tower_SB": 2873, "Urabrask's Forge_SB": 2989, "Ancient Cornucopia": 61, "Atraxa, Grand Unifier": 139, "Bitter Triumph": 215, "Blooming Marsh": 255, "Botanical Sanctum": 284, "Darkslick Shores": 589, "Fallaji Archaeologist": 893, "Forest": 1008, "Founding the Third Path": 1017, "Harvester of Misery": 1236, "Hedge Maze": 1267, "Island": 1437, "Jace, the Perfected Mind": 1448, "Llanowar Wastes": 1629, "Lumra, Bellow of the Woods": 1660, "Picklock Prankster": 2019, "Restless Reef": 2211, "Squirming Emergence": 2561, "The Cruelty of Gix": 2730, "Undercity Sewers": 2945, "Underground Mortuary": 2946, "Wail of the Forgotten": 3115, "Yavimaya Coast": 3195, "Aclazotz, Deepest Betrayal_SB": 12, "Anoint with Affliction_SB": 78, "Bonny Pall, Clearcutter_SB": 271, "Long Goodbye_SB": 1634, "Malicious Eclipse_SB": 1693, "Nissa, Ascended Animist_SB": 1856, "Pick Your Poison_SB": 2018, "Tear Asunder_SB": 2696, "Terror Tide_SB": 2721, "Tranquil Frillback_SB": 2887, "Archangel of Wrath": 96, "Brushland": 338, "Cavern of Souls": 413, "Elspeth's Smite": 784, "Get Lost": 1073, "Heaped Harvest": 1256, "Herd Migration": 1284, "Leyline Binding": 1586, "Lush Portico": 1666, "Meticulous Archive": 1734, "Sunfall": 2632, "Up the Beanstalk": 2985, "Beza, the Bounding Spring_SB": 205, "Disdainful Stroke_SB": 670, "Elspeth's Smite_SB": 785, "Negate_SB": 1836, "Obstinate Baloth_SB": 1890, "Temporary Lockdown_SB": 2714, "Urgent Necropsy_SB": 2997, "Blackcleave Cliffs": 218, "Fireglass Mentor": 973, "Flamecache Gecko": 978, "Gev, Scaled Scorch": 1079, "Hired Claw": 1314, "Iridescent Vinelasher": 1433, "Laughing Jasper Flint": 1563, "Lightning Strike": 1606, "Mudflat Village": 1813, "Restless Vents": 2217, "Sulfurous Springs": 2624, "Thought-Stalker Warlock": 2805, "Valley Flamecaller": 3016, "Case of the Crimson Pulse_SB": 392, "Cut Down_SB": 581, "Go for the Throat_SB": 1141, "Scales of Shale_SB": 2326, "Adarkar Wastes": 15, "Chart a Course": 447, "Haughty Djinn": 1239, "Helping Hand": 1277, "Into the Flood Maw": 1397, "Moment of Truth": 1787, "Monastery Mentor": 1790, "Phantom Interference": 1995, "Recommission": 2164, "Seachrome Coast": 2353, "Shore Up": 2419, "Sleight of Hand": 2473, "Soul Partition": 2498, "Surge of Salvation": 2646, "Three Steps Ahead": 2821, "Doorkeeper Thrull_SB": 698, "Kutzil's Flanker_SB": 1552, "Season of the Burrow_SB": 2367, "Soul Partition_SB": 2499, "Surge of Salvation_SB": 2647, "Anoint with Affliction": 77, "Archfiend of the Dross": 100, "Ertai Resurrected": 826, "Faerie Mastermind": 886, "Gix, Yawgmoth Praetor": 1112, "Mirrex": 1757, "Plumecreed Escort": 2038, "Sheoldred, the Apocalypse": 2407, "Tishana's Tidebinder": 2852, "Underground River": 2947, "Gix's Command_SB": 1111, "Harvester of Misery_SB": 1237, "Battlefield Forge": 189, "Case of the Gateway Express": 394, "Gleeful Demolition": 1126, "Imodane's Recruiter": 1357, "Inspiring Vantage": 1390, "Knight-Errant of Eos": 1529, "Novice Inspector": 1872, "Resolute Reinforcements": 2197, "Sanguine Evangelist": 2304, "Shivan Reef": 2414, "Spirebluff Canal": 2542, "Spyglass Siren": 2557, "Thran Portal": 2812, "Warden of the Inner Sky": 3124, "Warleader's Call": 3129, "Yotian Frontliner": 3200, "Destroy Evil_SB": 658, "Get Lost_SB": 1074, "Lightning Helix_SB": 1605, "Protect the Negotiators_SB": 2077, "Legions to Ashes": 1579, "Loran of the Third Path": 1643, "Virtue of Loyalty": 3073, "Questing Druid_SB": 2093, "Caustic Bronco": 409, "Cenote Scout": 422, "Disfigure": 673, "Glissa Sunslayer": 1130, "Mosswood Dreadknight": 1807, "Restless Cottage": 2207, "Sentinel of the Nameless City": 2384, "Vraska, Betrayal's Sting": 3110, "Choking Miasma_SB": 455, "Disfigure_SB": 674, "Demolition Field": 641, "Feed the Cycle": 934, "Tear Asunder": 2695, "Tinybones, the Pickpocket": 2849, "Sheoldred's Edict_SB": 2406, "Honest Rutstein": 1324, "Inti, Seneschal of the Sun": 1391, "Lazav, Wearer of Faces": 1571, "Marchesa, Dealer of Death": 1702, "Plaza of Heroes": 2037, "Relic of Legends": 2182, "Rona, Herald of Invasion": 2262, "Tinybones Joins Up": 2846, "Bitter Triumph_SB": 216, "Glistening Deluge_SB": 1132, "Hostile Investigator_SB": 1335, "Kaervek, the Punisher_SB": 1471, "Virtue of Persistence_SB": 3076, "Caustic Bronco_SB": 410, "Archangel Elspeth": 92, "Builder's Talent": 341, "Caretaker's Talent": 384, "Carrot Cake": 389, "Lay Down Arms": 1568, "Sunken Citadel": 2635, "The Eternal Wanderer": 2738, "Aven Interrupter_SB": 150, "Sunder the Gateway_SB": 2631, "Audacity": 141, "Cacophony Scamp": 359, "Callous Sell-Sword": 368, "Giant Growth": 1096, "Sunspine Lynx_SB": 2641, "Malcolm, Alluring Scoundrel": 1689, "Sheoldred's Edict": 2405, "Kaito, Dancing Shadow_SB": 1477, "Fugitive Codebreaker": 1033, "Obliterating Bolt": 1885, "Scorching Shot": 2336, "Squee, Dubious Monarch": 2559, "Torch the Tower": 2872, "Urabrask's Forge": 2988, "Brotherhood's End_SB": 336, "Charming Scoundrel_SB": 444, "Goddric, Cloaked Reveler_SB": 1152, "Mirrex_SB": 1758, "Tishana's Tidebinder_SB": 2853, "Forsaken Miner": 1013, "Analyze the Pollen": 57, "Cruelclaw's Heist": 555, "Pillage the Bog": 2026, "Tranquil Frillback": 2886, "The Cruelty of Gix_SB": 2731, "Shoot the Sheriff": 2417, "Demonic Ruckus": 649, "Flowstone Infusion": 997, "Sunfire Torch": 2634, "Binding Negotiation_SB": 208, "Furnace Reins_SB": 1044, "Pyroclasm_SB": 2087, "Witchstalker Frenzy_SB": 3176, "Brotherhood's End": 335, "Calamity, Galloping Inferno": 364, "Commercial District": 506, "Glimpse the Core": 1129, "Outcaster Trailblazer": 1929, "Roxanne, Starfall Savant": 2266, "Smuggler's Surprise": 2484, "Spinewoods Armadillo": 2538, "Terror of the Peaks": 2722, "Trumpeting Carnosaur": 2905, "Vaultborn Tyrant": 3037, "Volcanic Spite": 3091, "Tyrranax Rex_SB": 2928, "Invasion of Gobakhan": 1410, "Invasion of Gobakhan_SB": 1411, "Kaya, Intangible Slayer": 1490, "Scoured Barrens": 2339, "Urza's Sylex": 3002, "White Sun's Twilight": 3152, "Caves of Koilos_SB": 417, "Chimil, the Inner Sun_SB": 452, "Elegant Parlor": 775, "Parting Gust": 1971, "Boon-Bringer Valkyrie_SB": 276, "Imodane's Recruiter_SB": 1358, "Not on My Watch_SB": 1871, "Bushwhack": 355, "Cache Grab": 357, "Eddymurk Crab": 763, "Seed of Hope": 2373, "Stormchaser's Talent": 2606, "This Town Ain't Big Enough": 2795, "Tolarian Terror": 2866, "Long River's Pull_SB": 1637, "The Filigree Sylex_SB": 2742, "Three Steps Ahead_SB": 2822, "Phyrexian Fleshgorger": 2007, "Blanchwood Prowler": 223, "Cruel Somnophage": 554, "Gnawing Vermin": 1138, "Hollow Marauder": 1319, "Mockingbird": 1775, "Overwhelming Remorse": 1954, "Rubblebelt Maverick": 2270, "Souls of the Lost": 2509, "Urborg Lhurgoyf": 2990, "Dreams of Steel and Oil_SB": 730, "Haywire Mite_SB": 1248, "Scrapshooter_SB": 2341, "Soulless Jailer_SB": 2508, "Felonious Rage": 950, "Mirran Banesplitter": 1756, "Glarb, Calamity's Augur": 1117, "Hostile Investigator": 1334, "Long Goodbye": 1633, "Vren, the Relentless": 3113, "Ertai Resurrected_SB": 827, "Glissa Sunslayer_SB": 1131, "Spellgyre_SB": 2529, "Vren, the Relentless_SB": 3114, "Deadly Cover-Up": 607, "Pawpatch Formation": 1975, "Razorverge Thicket": 2148, "Tarrian's Journal": 2692, "Urgent Necropsy": 2996, "Outrageous Robbery_SB": 1935, "Invasion of Shandalar": 1421, "Invasion of Tolvada": 1426, "Jace, the Perfected Mind_SB": 1449, "Lord Skitter, Sewer King_SB": 1648, "Abrade_SB": 4, "Caught in the Crossfire_SB": 407, "Snakeskin Veil_SB": 2487, "Rabid Gnaw": 2099, "Lithomantic Barrage_SB": 1619, "Smash to Dust_SB": 2481, "Staggering Size_SB": 2564, "Abrade": 3, "Agate-Blade Assassin": 28, "All Will Be One": 47, "Bloodfell Caves": 243, "Jagged Barrens": 1451, "Ob Nixilis, Captive Kingpin": 1883, "Raucous Theater": 2138, "Tectonic Hazard": 2697, "Sanguine Evangelist_SB": 2305, "Leyline of Resonance": 1590, "Royal Treatment": 2268, "Thornspire Verge": 2800, "Turn Inside Out": 2912, "Brave the Wilds": 304, "Get Out": 1075, "Mountain_SB": 1810, "Overlord of the Hauntwoods": 1946, "Overlord of the Mistmoors": 1948, "Zur, Eternal Schemer": 3220, "Unidentified Hovership": 2958, "Legions to Ashes_SB": 1580, "Season of Loss_SB": 2363, "Unidentified Hovership_SB": 2959, "Braids, Arisen Nightmare": 296, "Hopeless Nightmare": 1328, "Nowhere to Run": 1873, "Nurturing Pixie": 1877, "Phyrexian Missionary": 2009, "Surgical Suite && Hospital Room": 2649, "Tithing Blade": 2858, "Bandit's Talent_SB": 172, "Exorcise_SB": 852, "Ghost Vacuum_SB": 1089, "Shrouded Shepherd_SB": 2426, "The Stone Brain_SB": 2779, "Bitter Reunion": 213, "Blazemire Verge": 228, "Brass's Tunnel-Grinder": 302, "Coiling Rebirth": 486, "Fear of Missing Out": 923, "Lich-Knights' Conquest": 1598, "Overlord of the Balemurk": 1940, "Overlord of the Boilerbilges": 1942, "Cavern of Souls_SB": 414, "Enduring Courage_SB": 800, "Nowhere to Run_SB": 1874, "Rottenmouth Viper_SB": 2265, "Doppelgang": 699, "Floodfarm Verge": 989, "Hushwood Verge": 1346, "No More Lies": 1859, "Overlord of the Floodpits": 1944, "Elesh Norn, Mother of Machines_SB": 781, "Rest in Peace_SB": 2202, "Duelist of the Mind": 741, "Invasion of Amonkhet": 1404, "Proft's Eidetic Memory": 2068, "Steamcore Scholar": 2579, "Blot Out_SB": 259, "The End": 2735, "Archangel of Wrath_SB": 97, "Invasion of Shandalar_SB": 1422, "Rankle's Prank_SB": 2130, "The End_SB": 2736, "Valgavoth, Terror Eater_SB": 3013, "Enduring Innocence": 803, "Entity Tracker": 818, "Ethereal Armor": 842, "Fae Flight": 879, "Gremlin Tamer": 1186, "Inquisitive Glimmer": 1379, "Optimistic Scavenger": 1912, "Ossification": 1921, "Shardmage's Rescue": 2397, "Sheltered by Ghosts": 2402, "Kitnap_SB": 1520, "Ossification_SB": 1922, "Abhorrent Oculus": 1, "Artist's Talent": 119, "Capricious Hellraiser": 378, "Chandra, Hope's Beacon": 432, "Ill-Timed Explosion": 1354, "Pyroclasm": 2086, "Restless Spire": 2215, "Roaring Furnace && Steaming Sauna": 2247, "Season of Weaving": 2364, "Thundering Falls": 2836, "Fires of Victory_SB": 975, "Into the Flood Maw_SB": 1398, "Restless Ridgeline_SB": 2214, "Regal Bunnicorn": 2174, "Restless Anchorage": 2203, "Splitskin Doll": 2550, "Steel Seraph": 2583, "Subterranean Schooner": 2620, "Zoetic Glyph": 3212, "Crumb and Get It": 557, "Restless Bivouac": 2205, "Break the Spell_SB": 313, "Dewdrop Cure_SB": 665, "Shardmage's Rescue_SB": 2398, "Breach the Multiverse": 308, "Collector's Vault": 494, "Conspiracy Unraveler": 520, "Gloomlake Verge": 1134, "Reenact the Crime": 2171, "Terror Tide": 2720, "The Tale of Tamiyo": 2783, "Vohar, Vodalian Desecrator": 3088, "Archfiend of the Dross_SB": 101, "Geological Appraiser": 1069, "Molten Collapse": 1780, "Undead Sprinter": 2942, "Screaming Nemesis_SB": 2347, "Harried Spearguard": 1233, "Painter's Studio && Defaced Gallery": 1962, "Phoenix Chick": 1999, "Felonious Rage_SB": 951, "Ferocification_SB": 953, "Wrenn's Resolve_SB": 3191, "Cursed Recording": 576, "Fires of Victory": 974, "Ral, Crackling Wit": 2122, "The Everflowing Well": 2740, "Bonehoard Dracosaur_SB": 269, "Faerie Mastermind_SB": 887, "Frolicking Familiar_SB": 1029, "Bloodletter of Aclazotz": 245, "Demonic Counsel": 643, "Rush of Dread": 2283, "Unstoppable Slasher": 2976, "Phyrexian Arena_SB": 2002, "Sheoldred_SB": 2409, "Fountainport_SB": 1022, "Dreadmaw's Ire_SB": 725, "Enduring Curiosity": 801, "The Wandering Rescuer": 2785, "Serra Paragon_SB": 2388, "Split Up_SB": 2549, "Chainsaw": 428, "Cease // Desist_SB": 419, "Skrelv, Defector Mite": 2452, "Picnic Ruiner": 2020, "Witch's Mark": 3172, "Twisted Fealty_SB": 2921, "Emberheart Challenger_SB": 794, "Lightning Helix": 1604, "Enduring Innocence_SB": 804, "Overlord of the Mistmoors_SB": 1949, "Aven Interrupter": 149, "Errant and Giada": 824, "Sleep-Cursed Faerie": 2472, "Floodpits Drowner": 990, "No More Lies_SB": 1860, "Sheltered by Ghosts_SB": 2403, "High Noon_SB": 1307, "Roaring Furnace // Steaming Sauna_SB": 2250, "Monastery Mentor_SB": 1791, "Zimone, All-Questioning": 3210, "Hard-Hitting Question": 1228, "Jadelight Spelunker": 1450, "Merfolk Cave-Diver": 1730, "Mistbreath Elder": 1770, "Nicanzil, Current Conductor": 1847, "Vodalian Hexcatcher": 3086, "Cryptic Coat_SB": 563, "Deeproot Pilgrimage_SB": 625, "Sword of Once and Future_SB": 2667, "Unable to Scream_SB": 2937, "Fear of Impostors": 916, "Ghostly Dancers": 1090, "Mirror Room // Fractured Realm": 1760, "Rottenmouth Viper": 2264, "Silent Hallcreeper": 2432, "Virtue of Knowledge": 3071, "Don't Make a Sound": 695, "Kaito, Bane of Nightmares": 1472, "Beastie Beatdown": 194, "Betrayer's Bargain": 202, "Growing Dread": 1195, "Patchwork Beastie": 1974, "Scrapshooter": 2340, "Scrapwork Mutt": 2342, "Wildfire Wickerfolk": 3158, "Atraxa's Fall_SB": 138, "Choking Miasma": 454, "Thrun, Breaker of Silence_SB": 2834, "Calix, Guided by Fate": 365, "Combat Research": 502, "Elvish Archivist": 789, "Restless Vinestalk": 2218, "Toby, Beastie Befriender": 2861, "Deduce": 619, "Roaring Furnace // Steaming Sauna": 2249, "Phantom Interference_SB": 1996, "Enduring Vitality": 807, "Hearth Elemental": 1263, "Scalding Viper": 2323, "Scorching Dragonfire": 2334, "Slick Sequence": 2476, "Stormsplitter": 2609, "Hide in Plain Sight_SB": 1301, "Scorching Dragonfire_SB": 2335, "Virtue of Strength_SB": 3078, "Dissection Tools_SB": 678, "Altanak, the Thrice-Called": 49, "Say Its Name": 2319, "Screaming Nemesis": 2346, "The Rollercrusher Ride": 2770, "Balustrade Wurm_SB": 169, "Ephara's Dispersal": 820, "Requisition Raid_SB": 2196, "Unwanted Remake_SB": 2983, "Change the Equation": 438, "Horned Loch-Whale": 1330, "Invasion of Arcavios": 1406, "Silver Scrutiny": 2435, "Change the Equation_SB": 439, "Doppelgang_SB": 700, "Lay Down Arms_SB": 1569, "Cheeky House-Mouse": 449, "Collector's Cage": 492, "Flowerfoot Swordmaster": 996, "Lavaspur Boots": 1566, "Lost Jitte": 1649, "Mabel, Heir to Cragflame": 1670, "Valley Questcaller": 3020, "Vengeful Possession_SB": 3046, "Leyline of the Void_SB": 1596, "Elesh Norn, Mother of Machines": 780, "Outrageous Robbery": 1934, "Exorcise": 851, "Mishra's Foundry": 1768, "Jaya, Fiery Negotiator_SB": 1454, "Nissa, Ascended Animist": 1855, "Sheoldred, the Apocalypse_SB": 2408, "Lord Skitter, Sewer King": 1647, "Split Up": 2548, "Karn's Sylex_SB": 1484, "Nettle Guard_SB": 1841, "Zoraline, Cosmos Caller_SB": 3217, "Sugar Rush": 2622, "Skullcap Snail_SB": 2457, "Unscrupulous Agent_SB": 2969, "Up the Beanstalk_SB": 2986, "Destroy Evil": 657, "Restless Prairie": 2210, "Scrollshift": 2348, "Atraxa, Grand Unifier_SB": 140, "Painter's Studio // Defaced Gallery": 1964, "Hearth Elemental_SB": 1264, "No Witnesses": 1863, "Render Inert": 2186, "Starfall Invocation": 2570, "Archangel Elspeth_SB": 93, "Deep-Cavern Bat_SB": 622, "Urza's Sylex_SB": 3003, "Essence Channeler": 832, "Lunar Convocation": 1661, "Ruin-Lurker Bat": 2273, "Serra Paragon": 2387, "Dawn's Truce_SB": 595, "Phyrexian Vindicator_SB": 2015, "Case of the Stashed Skeleton": 399, "Conduit Pylons": 512, "Corpses of the Lost": 530, "Darkstar Augur": 590, "Scorn-Blade Berserker": 2338, "Withering Torment_SB": 3178, "Barbed Batterfist": 178, "Blacksmith's Talent": 219, "Bladehold War-Whip": 222, "Jor Kadeen, First Goldwarden": 1464, "Kellan, the Fae-Blooded": 1507, "Rebel Salvo": 2156, "Untimely Malfunction_SB": 2981, "Grand Abolisher_SB": 1169, "Dreadmaw's Ire": 724, "Lightning Strike_SB": 1607, "Shock_SB": 2416, "Glass Casket_SB": 1120, "Ezrim, Agency Chief": 872, "Unwanted Remake": 2982, "Bandit's Talent": 171, "Ruthless Negotiation": 2289, "Phyrexian Obliterator_SB": 2012, "Thought-Stalker Warlock_SB": 2806, "Breach the Multiverse_SB": 309, "Conduit of Worlds_SB": 514, "Beseech the Mirror": 199, "Rite of the Moth": 2237, "Valgavoth, Terror Eater": 3012, "No Witnesses_SB": 1864, "Phyrexian Fleshgorger_SB": 2008, "Assassin's Trophy": 130, "Seized from Slumber": 2379, "Cease // Desist": 418, "Ill-Timed Explosion_SB": 1355, "Song of Totentanz": 2494, "Valley Floodcaller": 3017, "Stormkeld Vanguard_SB": 2608, "Balustrade Wurm": 168, "Fear of Being Hunted": 912, "Tyvar's Stand": 2930, "Charred Foyer // Warped Space_SB": 446, "Rest in Peace": 2201, "Spellgyre": 2528, "Teferi, Temporal Pilgrim": 2700, "Deadly Riposte_SB": 610, "Torch the Witness": 2874, "Rona's Vortex": 2260, "Surgical Suite // Hospital Room": 2651, "Valgavoth's Faithful": 3008, "Rona's Vortex_SB": 2261, "Kitsa, Otterball Elite": 1521, "Matzalantli, the Great Door": 1713, "Push // Pull": 2084, "Osseous Sticktwister": 1919, "Razorlash Transmogrant_SB": 2146, "Agrus Kos, Spirit of Justice": 33, "Anim Pakal, Thousandth Moon": 68, "Annie Joins Up": 74, "Baylen, the Haymaker": 191, "Hugs, Grisly Guardian": 1339, "Kellan, Daring Traveler": 1502, "Pia Nalaar, Consul of Revival": 2016, "Rocco, Street Chef": 2252, "Defabricate_SB": 628, "Braided Net": 294, "Chimil, the Inner Sun": 451, "Clay-Fired Bricks": 475, "Farsight Ritual": 902, "Simulacrum Synthesizer": 2441, "Ezrim, Agency Chief_SB": 873, "Feather of Flight": 930, "Invasion of Theros": 1425, "Spellbook Vendor": 2527, "Toadstool Admirer": 2860, "Expel the Interlopers_SB": 855, "Virtue of Loyalty_SB": 3074, "Flowstone Infusion_SB": 998, "Giant Growth_SB": 1097, "Enduring Tenacity": 805, "Gumdrop Poisoner": 1207, "Vadmir, New Blood": 3006, "Vinereap Mentor": 3064, "Come Back Wrong_SB": 505, "Callous Sell-Sword_SB": 369, "The Eternal Wanderer_SB": 2739, "Negate": 1835, "Minor Misstep_SB": 1752, "Spiteful Hexmage": 2544, "Anointed Peacekeeper_SB": 80, "Azure Beastbinder": 157, "Crystal Grotto": 568, "Invasion of Segovia": 1420, "Protect the Negotiators": 2076, "Caretaker's Talent_SB": 385, "Blazing Crescendo": 229, "Dwarven Forge-Chanter": 750, "Urabrask": 2987, "Whirling Strike_SB": 3148, "Contested Game Ball_SB": 525, "Razorkin Needlehead_SB": 2144, "Witch's Mark_SB": 3173, "Chrome Host Seedshark_SB": 457, "Danitha, Benalia's Hope_SB": 587, "Wear Down_SB": 3141, "Case of the Uneaten Feast": 401, "Leyline of Hope": 1588, "Lupinflower Village": 1664, "Phyrexian Arena": 2001, "Starscape Cleric": 2572, "Charming Scoundrel": 443, "Goddric, Cloaked Reveler": 1151, "Wrenn's Resolve": 3190, "Koth, Fire of Resistance_SB": 1541, "Withering Torment": 3177, "Deadly Cover-Up_SB": 608, "Back for Seconds": 159, "Corrupt": 532, "Corrupted Conviction": 533, "Final Vengeance": 969, "Hidden Necropolis": 1297, "Lively Dirge": 1621, "Skullcap Snail": 2456, "The Dross Pits": 2732, "Unscrupulous Agent": 2968, "Candy Grapple_SB": 373, "Tithing Blade_SB": 2859, "Abraded Bluffs": 5, "Alania's Pathmaker": 44, "Banishing Light": 173, "Nahiri's Resolve": 1826, "Tinker's Tote": 2845, "Wind-Scarred Crag": 3163, "Disenchant_SB": 672, "Recommission_SB": 2165, "Volcanic Spite_SB": 3092, "Campus Renovation": 370, "Cityscape Leveler": 466, "Combat Thresher": 503, "Emerge from the Cocoon": 795, "Fear of Abduction": 911, "Galvanize": 1051, "Portal to Phyrexia": 2051, "Raucous Carnival": 2136, "Su-Chi Cave Guard": 2619, "Boulderbranch Golem_SB": 290, "Outlaw Medic_SB": 1931, "Scrollshift_SB": 2349, "Beanstalk Wurm": 193, "Blossoming Sands": 256, "Etched Cornfield": 840, "Getaway Glamer": 1077, "Hauntwoods Shrieker": 1246, "Manifest Dread": 1695, "Riftburst Hellion": 2227, "Rust Goliath": 2285, "Salvation Swan": 2298, "Threats Around Every Corner": 2818, "Valgavoth's Onslaught": 3010, "Monstrous Emergence_SB": 1796, "Pawpatch Recruit": 1977, "Manifold Mouse_SB": 1697, "Bring the Ending": 322, "Dismal Backwater": 675, "Distorted Curiosity": 679, "Drown in Ichor": 735, "Experimental Augury": 856, "Infectious Inquiry": 1370, "Murky Sewer": 1821, "Prologue to Phyresis": 2072, "Reject Imperfection": 2180, "Vraska's Fall": 3108, "Infectious Inquiry_SB": 1371, "Pestilent Syphoner_SB": 1992, "Vivisurgeon's Insight_SB": 3085, "Assimilation Aegis": 132, "Thundertrap Trainer": 2840, "Realmbreaker, the Invasion Tree_SB": 2154, "Unstable Glyphbridge_SB": 2974, "Calamity's Wake_SB": 363, "Clockwork Percussionist": 480, "Disturbing Mirth": 684, "Greedy Freebooter": 1181, "Scavenger's Talent": 2330, "Dusk Rose Reliquary": 746, "High Noon": 1306, "Monstrous Emergence": 1795, "Ephara's Dispersal_SB": 821, "Get Out_SB": 1076, "Teferi, Temporal Pilgrim_SB": 2701, "The Wandering Rescuer_SB": 2786, "Overgrown Zealot": 1939, "Kellan, Inquisitive Prodigy_SB": 1504, "Kaito, Bane of Nightmares_SB": 1473, "Alabaster Host Intercessor": 43, "Fanatic of the Harrowing": 896, "Haunted Mire": 1243, "Jungle Hollow": 1469, "Nurturing Bristleback": 1876, "Radiant Grove": 2102, "Shroudstomper": 2427, "Spectral Snatcher": 2521, "Sunlit Marsh": 2637, "Fanatic of the Harrowing_SB": 897, "Urborg Repossession_SB": 2992, "Winter's Intervention_SB": 3167, "Neglected Manor": 1837, "Ruthless Lawbringer": 2287, "Stockpiling Celebrant": 2595, "Found Footage_SB": 1016, "Griffnaut Tracker_SB": 1191, "Deathcap Marionette": 613, "Desperate Bloodseeker": 655, "Gloomfang Mauler": 1133, "Possessed Goat": 2053, "Vile Mutilator": 3063, "Extract a Confession_SB": 868, "Make Your Move_SB": 1684, "Ego Drain": 767, "Faerie Dreamthief": 883, "Faerie Fencing": 884, "Obyra, Dreaming Duelist": 1891, "Season of Loss": 2362, "Spell Stutter": 2525, "Invasion of Amonkhet_SB": 1405, "Spell Stutter_SB": 2526, "Talion's Messenger_SB": 2686, "Break Out": 311, "Keen-Eyed Curator_SB": 1497, "Blood Hustler": 238, "Desert's Due": 654, "Eroded Canyon": 823, "Gisa, the Hellraiser": 1104, "Intimidation Campaign": 1393, "Kaervek, the Punisher": 1470, "Lazav, Familiar Stranger": 1570, "Magda, the Hoardmaster": 1676, "Raven of Fell Omens": 2140, "Seize the Secrets": 2377, "Soured Springs": 2512, "The Infamous Cruelclaw": 2748, "Vein Ripper": 3040, "Virtue of Courage": 3069, "Push // Pull_SB": 2085, "Make Your Own Luck": 1685, "Niv-Mizzet, Supreme": 1858, "Make Your Own Luck_SB": 1686, "Pest Control_SB": 1990, "Soul Search_SB": 2501, "Ghalta, Stampede Tyrant": 1083, "Abandoned Campground": 0, "Fear of Isolation": 920, "Grand Entryway // Elegant Rotunda": 1171, "Hopeful Vigil": 1327, "Meat Locker // Drowned Diner": 1719, "The Princess Takes Flight": 2766, "Tranquil Cove": 2884, "Underwater Tunnel // Slimy Aquarium": 2949, "Bilious Skulldweller": 206, "Venser, Corpse Puppet": 3049, "Drag to the Bottom_SB": 711, "Drown in Ichor_SB": 736, "Reject Imperfection_SB": 2181, "Serum Snare_SB": 2390, "Venser, Corpse Puppet_SB": 3050, "Vraska, Betrayal's Sting_SB": 3111, "Whisper of the Dross_SB": 3151, "Fade from History_SB": 878, "Annex Sentry_SB": 72, "Freestrider Lookout": 1023, "Ghost Vacuum": 1088, "Meathook Massacre II": 1720, "Zur, Eternal Schemer_SB": 3221, "Grievous Wound": 1189, "Razorkin Needlehead": 2143, "Vial Smasher, Gleeful Grenadier": 3058, "Scales of Shale": 2325, "Invasion of Tolvada_SB": 1427, "Unholy Annex && Ritual Chamber": 2954, "Unholy Annex && Ritual Chamber_SB": 2955, "Spelunking": 2531, "Market Gnome": 1703, "Zephyr Singer": 3205, "Nashi, Searcher in the Dark": 1831, "Preacher of the Schism_SB": 2058, "Betrayer's Bargain_SB": 203, "Loran's Escape": 1645, "Seedglaive Mentor_SB": 2374, "Valgavoth's Lair": 3009, "Idyllic Beachfront": 1353, "Wrenn and Realmbreaker": 3187, "Undead Sprinter_SB": 2943, "Ojer Kaslem, Deepest Growth": 1897, "Restless Cottage_SB": 2208, "Elusive Otter": 786, "Otterball Antics": 1925, "Pearl of Wisdom": 1979, "Stormcatch Mentor": 2605, "Ral, Crackling Wit_SB": 2123, "Overlord of the Balemurk_SB": 1941, "Torpor Orb_SB": 2877, "Fortified Beachhead": 1014, "Harbin, Vanguard Aviator": 1223, "Recruitment Officer": 2166, "Werefox Bodyguard": 3146, "Zephyr Sentinel": 3204, "Cryptic Coat": 562, "Evolving Adaptive": 847, "Omnivorous Flytrap": 1907, "Stubborn Burrowfiend": 2617, "Fell_SB": 948, "Hunter's Talent_SB": 1344, "Trial of Agony_SB": 2899, "Wrenn and Realmbreaker_SB": 3188, "Bonny Pall, Clearcutter": 270, "Thornvault Forager": 2801, "Doomsday Excruciator": 696, "Drag the Canal": 708, "Intrude on the Mind": 1403, "Malicious Eclipse": 1692, "Essence Scatter": 834, "Sazacap's Brew": 2321, "Fortune, Loyal Steed": 1015, "Frontier Seeker": 1030, "Defiled Crypt // Cadaver Lab": 635, "Pitiless Carnage": 2029, "Popular Egotist": 2048, "Jaya, Fiery Negotiator": 1453, "Squee, Dubious Monarch_SB": 2560, "Ego Drain_SB": 768, "Sorcerous Spyglass_SB": 2497, "Stoic Sphinx_SB": 2598, "Drag to the Bottom": 710, "Soul of Windgrace": 2502, "Chandra, Hope's Beacon_SB": 433, "Season of Gathering_SB": 2361, "Blot Out": 258, "Diabolic Intent": 666, "Unholy Annex // Ritual Chamber": 2956, "Unstoppable Slasher_SB": 2977, "Armored Scrapgorger": 117, "Axebane Ferox": 152, "Green Sun's Twilight": 1182, "Llanowar Loamspeaker": 1627, "Railway Brawler": 2112, "Tyrranax Rex": 2927, "Bite Down_SB": 212, "Hard-Hitting Question_SB": 1229, "Tyvar's Stand_SB": 2931, "Impulse": 1364, "The Huntsman's Redemption": 2746, "Kaya, Spirits' Justice": 1492, "Overprotect": 1950, "Valgavoth's Onslaught_SB": 3011, "Embereth Veteran": 792, "Drannith Ruins_SB": 723, "Escape Tunnel": 830, "Live or Die": 1620, "Hopeless Nightmare_SB": 1329, "No One Left Behind": 1861, "Not Dead After All": 1868, "Oblivious Bookworm": 1887, "Satoru, the Infiltrator": 2311, "Splash Portal": 2546, "Cankerbloom_SB": 376, "The Swarmweaver_SB": 2782, "Enduring Courage": 799, "Rakdos Joins Up": 2116, "The Elder Dragon War": 2733, "Khenra Spellspear": 1513, "Blue Sun's Twilight_SB": 260, "Third Path Iconoclast_SB": 2792, "Helga, Skittish Seer": 1270, "Agatha's Soul Cauldron": 29, "Nettle Guard": 1840, "Raging Battle Mouse": 2111, "Voldaren Thrillseeker": 3094, "Parting Gust_SB": 1972, "Boon-Bringer Valkyrie": 275, "Rockface Village_SB": 2254, "Elesh Norn_SB": 782, "Long River's Pull": 1636, "Sunspine Lynx": 2640, "Stoic Sphinx": 2597, "Blast Zone": 226, "Fomori Vault": 1001, "Skitterbeam Battalion": 2449, "Stern Lesson": 2587, "The Mightstone and Weakstone": 2759, "Thran Spider": 2813, "Assimilation Aegis_SB": 133, "Koth, Fire of Resistance": 1540, "Phyrexian Dragon Engine_SB": 2006, "Vraan, Executioner Thane": 3106, "Elas il-Kor, Sadistic Pilgrim": 771, "Hajar, Loyal Bodyguard": 1210, "Rakdos, the Muscle": 2119, "Ratadrabik of Urborg": 2133, "The Jolly Balloon Man": 2751, "Valley Rotcaller": 3021, "Goldvein Hydra_SB": 1156, "Azure Beastbinder_SB": 158, "Gix, Yawgmoth Praetor_SB": 1113, "Geological Appraiser_SB": 1070, "Flow of Knowledge": 994, "Abhorrent Oculus_SB": 2, "Shore Up_SB": 2420, "Unauthorized Exit_SB": 2939, "Djeru and Hazoret": 691, "Dragonhawk, Fate's Tempest": 715, "Etali, Primal Conqueror": 837, "Huatli, Poet of Unity": 1338, "Kogla and Yidaro": 1532, "Dollmaker's Shop // Porcelain Gallery_SB": 694, "Commune with Evil": 508, "Nemata, Primeval Warden": 1838, "Hammerhand_SB": 1221, "Aftermath Analyst": 25, "Akawalli, the Seething Tower": 42, "Bringer of the Last Gift": 324, "Maha, Its Feathers Night": 1682, "Strangled Cemetery": 2610, "Terramorphic Expanse": 2718, "Uurg, Spawn of Turg": 3005, "Voracious Varmint": 3100, "Wary Watchdog": 3134, "Murder_SB": 1819, "Armored Armadillo": 114, "Draconic Destiny": 707, "Etali's Favor": 836, "Slumbering Keepguard": 2480, "War Squeak": 3122, "Loran's Escape_SB": 1646, "Take Up the Shield_SB": 2681, "Broodspinner": 333, "Huskburster Swarm": 1347, "Writhing Necromass": 3192, "Desperate Bloodseeker_SB": 656, "Echo of Dusk_SB": 761, "Voracious Varmint_SB": 3101, "Creosote Heath": 553, "Crystal Carapace": 567, "Hunter's Talent": 1343, "Petrify_SB": 1994, "Conceited Witch": 511, "Fear of Infinity": 918, "Glimmerlight": 1128, "Shoreline Looter": 2421, "The Witch's Vanity": 2787, "Forlorn Flats": 1012, "Hero of the Dunes": 1286, "Phyrexian Rager": 2013, "Overwhelming Remorse_SB": 1955, "Vanish into Eternity_SB": 3033, "Gixian Infiltrator": 1114, "Sawblade Skinripper": 2317, "Not Dead After All_SB": 1869, "Unseal the Necropolis_SB": 2970, "Bonecache Overseer": 265, "Ichor Drinker": 1350, "Insidious Roots": 1385, "Izoni, Center of the Web": 1443, "Ozolith, the Shattered Spire": 1958, "Skyfisher Spider": 2462, "Snarling Gorehound": 2489, "Twitching Doll": 2922, "Urborg Repossession": 2991, "Enduring Curiosity_SB": 802, "Requisition Raid": 2195, "Third Path Iconoclast": 2791, "Artist's Talent_SB": 120, "Kellan, Inquisitive Prodigy": 1503, "Royal Treatment_SB": 2269, "Valley Floodcaller_SB": 3018, "Skrelv's Hive_SB": 2451, "Karumonix, the Rat King": 1489, "Lilypad Village": 1614, "Persistent Marshstalker": 1988, "Anzrag's Rampage_SB": 82, "Terisian Mindbreaker": 2717, "The Mindskinner": 2762, "Eliminate the Impossible_SB": 783, "Insatiable Avarice": 1381, "Archdruid's Charm": 98, "Arid Archway": 111, "Pawpatch Recruit_SB": 1978, "Highway Robbery": 1310, "Treasure Map": 2895, "Jodah, the Unifier": 1459, "Melira, the Living Cure": 1724, "Sigarda, Font of Blessings": 2430, "Drana and Linvala_SB": 720, "Kellan, the Kid_SB": 1509, "Kutzil, Malamet Exemplar_SB": 1554, "Myrel, Shield of Argive_SB": 1824, "Skrelv, Defector Mite_SB": 2453, "Tinybones Joins Up_SB": 2847, "Gishath, Sun's Avatar": 1106, "Aspirant's Ascent": 128, "Enter the Enigma": 816, "Ivy, Gleeful Spellthief": 1440, "Molten Duplication": 1782, "Take the Fall": 2683, "Venerated Rotpriest": 3042, "Ivy, Gleeful Spellthief_SB": 1441, "Ojer Axonil, Deepest Might": 1896, "Kogla and Yidaro_SB": 1533, "Vaultborn Tyrant_SB": 3038, "Song of Totentanz_SB": 2495, "Fae Flight_SB": 880, "Silent Hallcreeper_SB": 2433, "Stenn, Paranoid Partisan": 2585, "Gremlin Tamer_SB": 1187, "Dreams of Steel and Oil": 729, "Unholy Annex // Ritual Chamber_SB": 2957, "Amalia Benavides Aguirre": 50, "Thousand Moons Smithy": 2809, "Unstable Glyphbridge": 2973, "Worldwalker Helm": 3184, "Spring-Loaded Sawblades_SB": 2555, "Quick Study": 2095, "Awaken the Woods": 151, "Goldvein Hydra": 1155, "Nissa, Resurgent Animist": 1857, "Pick Your Poison": 2017, "Surge Engine": 2644, "Training Grounds": 2882, "Vorinclex": 3102, "Aftermath Analyst_SB": 26, "Training Grounds_SB": 2883, "Regal Bunnicorn_SB": 2175, "Corpses of the Lost_SB": 531, "Bandit's Haul": 170, "Conduit of Worlds": 513, "Faunsbane Troll": 908, "The Goose Mother": 2744, "Anointed Peacekeeper": 79, "Archangel of Tithes": 94, "Guardian of New Benalia": 1202, "Veteran Survivor": 3055, "Tocasia's Welcome_SB": 2864, "Darkstar Augur_SB": 591, "Slickshot Show-Off_SB": 2478, "Commercial District_SB": 507, "Innkeeper's Talent_SB": 1377, "Crawling Chorus": 551, "Fleeting Reflection": 985, "Reasonable Doubt": 2155, "Serum Snare": 2389, "The Seedcore": 2772, "Bring the Ending_SB": 323, "Arabella, Abandoned Doll": 83, "Case of the Gateway Express_SB": 395, "Patchwork Banner": 1973, "Skrelv's Hive": 2450, "Sword of Forge and Frontier_SB": 2665, "Sword of Forge and Frontier": 2664, "Sword of Once and Future": 2666, "Jawbone Duelist": 1452, "Keen-Eyed Curator": 1496, "Seal from Existence": 2354, "Not on My Watch": 1870, "Two-Headed Hunter": 2923, "Render Inert_SB": 2187, "Dollmaker's Shop && Porcelain Gallery": 692, "Demolition Field_SB": 642, "Overlord of the Floodpits_SB": 1945, "Agatha's Soul Cauldron_SB": 30, "Lavaspur Boots_SB": 1567, "Arabella, Abandoned Doll_SB": 84, "Restless Anchorage_SB": 2204, "Overlord of the Boilerbilges_SB": 1943, "Island_SB": 1438, "Invasion of Innistrad": 1412, "Fugitive Codebreaker_SB": 1034, "Misery's Shadow_SB": 1765, "Lukka, Bound to Ruin": 1654, "Migloz, Maze Crusher": 1744, "Quintorius Kand_SB": 2097, "Walk-In Closet && Forgotten Cellar": 3118, "Assassin's Trophy_SB": 131, "Osseous Sticktwister_SB": 1920, "Unable to Scream": 2936, "Horned Loch-Whale_SB": 1331, "Piggy Bank": 2021, "Rankle's Prank": 2129, "Sunken Citadel_SB": 2636, "Farsight Ritual_SB": 903, "Bladecoil Serpent_SB": 221, "Curate": 573, "Proft's Eidetic Memory_SB": 2069, "Starscape Cleric_SB": 2573, "Confounding Riddle": 515, "The Enigma Jewel": 2737, "The Swarmweaver": 2781, "Insatiable Avarice_SB": 1382, "Sheoldred": 2404, "Virtue of Knowledge_SB": 3072, "Ruthless Negotiation_SB": 2290, "Legion Extruder": 1576, "Coati Scavenger": 484, "Drag to the Roots": 712, "Baird, Argivian Recruiter": 162, "Dollmaker's Shop // Porcelain Gallery": 693, "One with the Multiverse": 1909, "Trapped in the Screen": 2890, "Shoot the Sheriff_SB": 2418, "Blossoming Tortoise": 257, "Knight of Dusk's Shadow_SB": 1526, "Arcane Proxy": 89, "Astor, Bearer of Blades": 134, "Dissection Tools": 677, "Chrome Prowler": 458, "Hidden Cataract": 1294, "Hidden Courtyard": 1295, "Liberator, Urza's Battlethopter": 1597, "Out Cold": 1926, "Lost in the Maze_SB": 1652, "Spark Rupture_SB": 2515, "Case of the Crimson Pulse": 391, "Meeting of Minds": 1723, "Stoke the Flames": 2599, "The Skullspore Nexus": 2773, "Glass Casket": 1119, "Repel Calamity": 2190, "Walk-In Closet && Forgotten Cellar_SB": 3119, "Twinferno": 2915, "Tarnation Vista": 2691, "Sandstorm Verge": 2303, "Pest Control": 1989, "Pillage the Bog_SB": 2027, "Cankerbloom": 375, "Violent Urge": 3066, "Argentum Masticore_SB": 109, "Archdruid's Charm_SB": 99, "Ghostly Dancers_SB": 1091, "Micromancer": 1738, "Case of the Filched Falcon": 393, "Clement, the Worrywort": 477, "Dour Port-Mage": 703, "Dreamdew Entrancer": 727, "Long River Lurker": 1635, "Oakhollow Village": 1881, "Pond Prophet": 2047, "Sunshower Druid": 2638, "Three Tree Scribe": 2825, "Valley Mightcaller": 3019, "Invasion of Ixalan": 1413, "Bristlebud Farmer_SB": 326, "Drannith Ruins": 722, "Coppercoat Vanguard": 527, "Valiant Veteran": 3014, "Syr Ginger, the Meal Ender": 2673, "Teething Wurmlet": 2699, "Tough Cookie": 2878, "Tail Swipe_SB": 2677, "Misery's Shadow": 1764, "Sharp-Eyed Rookie": 2399, "Metropolis Reformer_SB": 1737, "Burrowguard Mentor": 352, "Finneas, Ace Archer": 971, "Hop to It": 1325, "Seasoned Warrenguard": 2369, "Treeguard Duo_SB": 2897, "Fauna Shaman": 906, "Haywire Mite": 1247, "Kami of Whispered Hopes": 1481, "Likeness Looter": 1609, "Nashi, Moon's Legacy": 1830, "Tyvar, Jubilant Brawler": 2932, "Annex Sentry": 71, "Slaughter Singer": 2471, "Ajani, Sleeper Agent_SB": 39, "Bristly Bill, Spine Sower": 328, "Case of the Locked Hothouse": 396, "Evolving Wilds": 848, "Festering Gulch": 954, "Fake Your Own Death_SB": 892, "Forest_SB": 1009, "Heaped Harvest_SB": 1257, "Swamp_SB": 2657, "Demand Answers": 640, "Magebane Lizard_SB": 1678, "Breeches, Eager Pillager": 314, "Captain Storm, Cosmium Raider": 381, "Goblin Tomb Raider": 1150, "Kitesail Larcenist": 1518, "Malcolm, the Eyes": 1691, "Reckless Lackey": 2159, "Roaming Throne": 2245, "Staunch Crewmate": 2577, "Roaming Throne_SB": 2246, "Return the Favor": 2222, "Chainsaw_SB": 429, "Might of the Meek_SB": 1743, "Rabid Gnaw_SB": 2100, "Turn Inside Out_SB": 2913, "Take Up the Shield": 2680, "Jirina, Dauntless General_SB": 1458, "Slime Against Humanity": 2479, "Explosive Derailment": 860, "Fell": 947, "Great Train Heist": 1177, "Chupacabra Echo": 459, "Hollow Scavenger": 1321, "Hedge Shredder": 1268, "Grievous Wound_SB": 1190, "Cathartic Parting_SB": 406, "Impulse_SB": 1365, "Lich-Knights' Conquest_SB": 1599, "Overlord of the Hauntwoods_SB": 1947, "Bovine Intervention_SB": 293, "Scatter Ray": 2328, "Ashiok, Wicked Manipulator_SB": 124, "Ghired, Mirror of the Wilds": 1084, "Cult Conscript": 569, "Roaring Furnace && Steaming Sauna_SB": 2248, "Hidetsugu and Kairi": 1303, "Under the Skin": 2944, "Elusive Otter_SB": 787, "Unyielding Gatekeeper": 2984, "Etali, Primal Conqueror_SB": 838, "Restricted Office && Lecture Hall_SB": 2219, "Season of Weaving_SB": 2365, "Cunning Coyote": 571, "Osteomancer Adept": 1923, "Tail Swipe": 2676, "Thraxodemon": 2816, "Fear of Lost Teeth": 922, "Invasion of Azgol": 1407, "The Witch's Vanity_SB": 2788, "Tinybones, the Pickpocket_SB": 2850, "Decadent Dragon": 617, "Rakdos, Patron of Chaos": 2118, "Gingerbrute": 1103, "Marvin, Murderous Mimic": 1708, "Kitesail Larcenist_SB": 1519, "Repulsive Mutation_SB": 2193, "Pollen-Shield Hare": 2042, "Three Tree City": 2823, "Ashiok, Wicked Manipulator": 123, "Final Showdown": 967, "Kutzil's Flanker": 1551, "Ingenious Prodigy": 1375, "Kaito, Dancing Shadow": 1476, "Plumecreed Escort_SB": 2039, "The Infamous Cruelclaw_SB": 2749, "Captivating Cave": 382, "Aloe Alchemist": 48, "Yavimaya Iconoclast": 3196, "Neutralize the Guards_SB": 1843, "Bloodletter of Aclazotz_SB": 246, "Braids, Arisen Nightmare_SB": 297, "Pugnacious Hammerskull_SB": 2082, "Torch the Witness_SB": 2875, "Glarb, Calamity's Augur_SB": 1118, "Kambal, Profiteering Mayor_SB": 1480, "Warden of the Inner Sky_SB": 3125, "Painter's Studio && Defaced Gallery_SB": 1963, "Planar Disruption_SB": 2035, "Overprotect_SB": 1951, "Portent of Calamity": 2052, "The Irencrag": 2750, "Floodpits Drowner_SB": 991, "Lukka, Bound to Ruin_SB": 1655, "Roxanne, Starfall Savant_SB": 2267, "Black Sun's Twilight": 217, "Iridescent Vinelasher_SB": 1434, "Werefox Bodyguard_SB": 3147, "Lost in the Maze": 1651, "Bristling Backwoods": 327, "Rugged Highlands": 2272, "Great Train Heist_SB": 1178, "Razortrap Gorge": 2147, "Herbology Instructor_SB": 1283, "Hidden Grotto": 1296, "Heroic Reinforcements": 1290, "Maelstrom Pulse": 1674, "Scavenging Ooze": 2331, "Vivien Reid": 3082, "Liliana, Dreadhorde General_SB": 1613, "Maelstrom Pulse_SB": 1675, "Phyrexian Obliterator": 2011, "Back for Seconds_SB": 160, "Case of the Stashed Skeleton_SB": 400, "Homicide Investigator_SB": 1323, "Boros Charm": 278, "Llanowar Elves": 1624, "Burst Lightning": 353, "Abyssal Harvester": 9, "Day of Judgment": 597, "Authority of the Consuls_SB": 147, "Devout Decree_SB": 663, "Flashfreeze_SB": 982, "Evangel of Synthesis": 845, "Zombify": 3214, "Desecration Demon_SB": 653, "Wail of the Forgotten_SB": 3116, "Soulstone Sanctuary": 2510, "Scavenging Ooze_SB": 2332, "Vivien Reid_SB": 3083, "Basilisk Collar_SB": 186, "Sun-Blessed Healer": 2626, "Temple of Triumph": 2712, "Campus Renovation_SB": 371, "Boltwave": 263, "Splitskin Doll_SB": 2551, "Heartflame Duelist_SB": 1262, "Slagstorm_SB": 2470, "Mazemind Tome": 1717, "Crystal Barricade_SB": 566, "Kellan, Planar Trailblazer": 1505, "Bloodthirsty Conqueror_SB": 250, "Spinner of Souls": 2540, "Feed the Swarm_SB": 938, "Kaito, Cunning Infiltrator_SB": 1475, "Opt": 1910, "Pitiless Carnage_SB": 2030, "Kiora, the Rising Tide": 1516, "Ghitu Lavarunner": 1086, "Thrill of Possibility": 2828, "Blooming Blast_SB": 254, "Elenda, Saint of Dusk": 777, "Garna, Bloodfist of Keld": 1054, "Kellan, the Kid": 1508, "Secluded Courtyard": 2371, "Faebloom Trick": 881, "Authority of the Consuls": 146, "Exemplar of Light": 849, "Fiendish Panda": 959, "Hinterland Sanctifier": 1312, "Elenda, Saint of Dusk_SB": 778, "Spectral Sailor": 2520, "Unsummon": 2978, "Giant Cindermaw_SB": 1095, "Bloodthirsty Conqueror": 249, "Heartflame Duelist": 1261, "Viashino Pyromancer": 3059, "Ball Lightning": 165, "Bloodfeather Phoenix": 241, "Grab the Prize": 1164, "Lyra Dawnbringer_SB": 1668, "Virtue of Courage_SB": 3070, "Brineborn Cutthroat_SB": 321, "Ertai's Scorn_SB": 829, "Flow of Knowledge_SB": 995, "Haughty Djinn_SB": 1240, "Urza's Rebuff_SB": 3000, "Felidar Retreat": 944, "Herald of Eternal Dawn": 1278, "Loot, Exuberant Explorer": 1639, "Mossborn Hydra": 1805, "Abyssal Harvester_SB": 10, "Painter's Studio // Defaced Gallery_SB": 1965, "Hero's Downfall": 1287, "Liliana, Dreadhorde General": 1612, "Temple of Malady": 2707, "Temple of Plenty": 2710, "Temple of Silence": 2711, "Mortify_SB": 1804, "White Sun's Twilight_SB": 3153, "Kaito, Cunning Infiltrator": 1474, "Sphinx of Forgotten Lore": 2532, "Aetherize_SB": 23, "Feldon's Cane_SB": 940, "Demonic Pact": 647, "Harmless Offering": 1232, "Cathar Commando": 404, "Knight of Grace": 1527, "Ajani, Caller of the Pride_SB": 36, "Ethereal Armor_SB": 843, "Reclamation Sage_SB": 2163, "Dead Weight": 602, "Gixian Puppeteer": 1116, "Revenge of the Rats": 2223, "Terror Ballista": 2719, "The Ancient One": 2728, "An Offer You Can't Refuse_SB": 56, "Trapped in the Screen_SB": 2891, "Llanowar Greenwidow": 1626, "Zurgo and Ojutai": 3222, "Final Showdown_SB": 968, "Subterranean Schooner_SB": 2621, "Virtue of Strength": 3077, "Worldsoul's Rage": 3183, "Hero's Downfall_SB": 1288, "Boros Charm_SB": 279, "Ashroot Animist": 127, "Polukranos Reborn": 2045, "Ruby, Daring Tracker": 2271, "Muerra, Trash Tactician_SB": 1815, "Refute": 2172, "Curator of Destinies_SB": 574, "Day of Judgment_SB": 598, "Bloated Contaminator": 235, "High Stride": 1308, "Infectious Bite": 1369, "Aspirant's Ascent_SB": 129, "Distorted Curiosity_SB": 680, "Enter the Enigma_SB": 817, "Fleeting Reflection_SB": 986, "High Stride_SB": 1309, "Prologue to Phyresis_SB": 2073, "This Town Ain't Big Enough_SB": 2796, "Jirina, Dauntless General": 1457, "Deathmark_SB": 614, "Joust Through_SB": 1466, "Knight of Grace_SB": 1528, "Raise the Past_SB": 2114, "Arcanis the Omnipotent_SB": 91, "Feed the Cycle_SB": 935, "Insidious Fungus_SB": 1384, "Stab_SB": 2563, "Blooming Blast": 253, "Coruscation Mage": 536, "Firebrand Archer": 972, "Dazzling Denial": 600, "Empyrean Eagle": 796, "Healer's Hawk": 1255, "Temple of Deceit": 2704, "Sentinel of the Nameless City_SB": 2385, "Doubling Season": 701, "Cathar Commando_SB": 405, "Elegant Parlor_SB": 776, "Thrun, Breaker of Silence": 2833, "Greed's Gambit": 1179, "Molten Collapse_SB": 1781, "Sire of Seven Deaths_SB": 2444, "Invasion of Zendikar": 1428, "Pilfer_SB": 2025, "Urborg Scavengers_SB": 2994, "Ajani's Pridemate": 34, "Arahbo, the First Fang": 86, "Joust Through": 1465, "Prideful Parent": 2060, "Regal Caracal": 2176, "Savannah Lions": 2313, "Skyknight Squire": 2464, "Banishing Light_SB": 174, "Claws Out_SB": 474, "Audacity_SB": 142, "Brineborn Cutthroat": 320, "Desecration Demon": 652, "Cynical Loner": 583, "Driver of the Dead": 733, "Gatekeeper of Malakir": 1064, "Infestation Sage": 1372, "Kalastria Highborn": 1478, "Nullpriest of Oblivion": 1875, "Pulse Tracker": 2083, "Vampire Nighthawk": 3028, "Vengeful Bloodwitch": 3044, "Undergrowth Recon": 2948, "Walk-In Closet // Forgotten Cellar": 3120, "An Offer You Can't Refuse": 55, "Carnelian Orb of Dragonkind": 386, "Invasion of Tarkir": 1423, "Sarkhan, Soul Aflame": 2310, "Slagstorm": 2469, "Stingerback Terror": 2590, "Twinflame Tyrant": 2917, "Omniscience": 1906, "Drag to the Roots_SB": 713, "Buried in the Garden": 346, "Clifftop Lookout": 478, "Fecund Greenshell": 932, "Genesis Wave": 1068, "Tender Wildguide": 2715, "Invasion of Regatha": 1418, "Luminous Rebuke": 1658, "Primal Might": 2061, "Arcanis the Omnipotent": 90, "Moment of Craving_SB": 1785, "Tinybones, Bauble Burglar": 2848, "Sphinx of Forgotten Lore_SB": 2533, "Ashnod's Intervention": 126, "Witness Protection_SB": 3180, "Bloodfeather Phoenix_SB": 242, "Koma, World-Eater": 1537, "Fear of Impostors_SB": 917, "Giada, Font of Hope": 1092, "Guardian of Ghirapur": 1201, "Lyra Dawnbringer": 1667, "Resplendent Angel": 2198, "Youthful Valkyrie": 3201, "Witness Protection": 3179, "Fabrication Foundry": 877, "Fumigate": 1036, "Hammerhand": 1220, "Sawblade Scamp": 2316, "Citanul Stalwart": 465, "Dwynen's Elite": 752, "Elvish Archdruid": 788, "Imperious Perfect": 1361, "Leaf-Crowned Visionary": 1572, "Surrak and Goreclaw": 2653, "Tyvar the Bellicose": 2929, "Tyvar, the Pummeler": 2933, "Dwynen, Gilt-Leaf Daen_SB": 754, "Unsummon_SB": 2979, "Deeproot Wayfinder": 626, "Surrak, the Hunt Caller": 2655, "Wildborn Preserver_SB": 3156, "Sire of Seven Deaths": 2443, "Searslicer Goblin": 2358, "Stromkirk Noble": 2616, "Reclamation Sage": 2162, "Case of the Locked Hothouse_SB": 397, "Bulk Up": 343, "Chandra, Flameshaper": 430, "Swiftblade Vindicator": 2659, "Leyline Axe": 1585, "Sporogenic Infection": 2552, "Commune with Evil_SB": 509, "Fear of Missing Out_SB": 924, "Archmage of Runes": 102, "Ertai's Scorn": 828, "Metamorphic Blast": 1732, "Unauthorized Exit": 2938, "Harrier Strix_SB": 1235, "Strix Lookout_SB": 2613, "The Tale of Tamiyo_SB": 2784, "Twist Reality_SB": 2919, "Coppercoat Vanguard_SB": 528, "Garna, Bloodfist of Keld_SB": 1055, "Helpful Hunter": 1276, "Knight of Dawn's Light": 1523, "Raise the Past": 2113, "Enduring Tenacity_SB": 806, "Leyline of Hope_SB": 1589, "Massacre Wurm_SB": 1712, "Burst Lightning_SB": 354, "Banner of Kinship": 175, "Dewdrop Cure": 664, "Hare Apparent": 1231, "Kayla's Reconstruction": 1495, "Hinterland Sanctifier_SB": 1313, "Vampire Nighthawk_SB": 3029, "Runic Shot_SB": 2281, "Razorlash Transmogrant": 2145, "Huskburster Swarm_SB": 1348, "Invasion of Tarkir_SB": 1424, "Hearthborn Battler": 1265, "Contaminated Aquifer": 524, "Marauding Brinefang": 1700, "Soul-Guide Lantern": 2503, "Union of the Third Path": 2960, "Vanish into Eternity": 3032, "Elesh Norn": 779, "Goblin Surprise": 1149, "Irreverent Gremlin": 1436, "Krenko, Mob Boss": 1547, "Norin, Swift Survivalist": 1865, "Vicious Clown": 3061, "Involuntary Employment_SB": 1432, "Outlaws' Fury": 1932, "Ravine Raider": 2141, "Agate Assault_SB": 27, "Bake into a Pie_SB": 163, "Hazardous Blast_SB": 1249, "Azorius Guildgate": 156, "Boros Guildgate": 280, "Circuitous Route": 464, "Dimir Guildgate": 668, "Eaten Alive": 758, "Expedition Map": 853, "Golgari Guildgate": 1158, "Gruul Guildgate": 1198, "Insidious Fungus": 1383, "Izzet Guildgate": 1445, "Maze's End": 1715, "Muldrotha, the Gravetide": 1816, "Orzhov Guildgate": 1918, "Rakdos Guildgate": 2115, "Selesnya Guildgate": 2381, "Simic Guildgate": 2440, "Tatyova, Benthic Druid": 2693, "Brightblade Stoat_SB": 317, "Savor_SB": 2315, "Thornwood Falls": 2802, "Deadly Brew": 605, "Candy Trail": 374, "Marauding Blight-Priest": 1699, "Moment of Craving": 1784, "Murder": 1818, "Savor": 2314, "Servant of the Stinger": 2391, "Sanguine Indulgence_SB": 2306, "Soul-Shackled Zombie_SB": 2506, "Electrostatic Infantry": 774, "Frenzied Goblin_SB": 1026, "The Autonomous Furnace": 2729, "Guardian of the Great Door": 1203, "Lonely Arroyo": 1632, "Norn's Inquisitor": 1867, "Spring-Loaded Sawblades": 2554, "Midnight Mayhem": 1740, "Ratcatcher Trainee": 2134, "Scytheclaw Raptor_SB": 2352, "Tocasia's Dig Site": 2862, "Bartolom\u00e9 del Presidio": 182, "Midnight Reaper": 1741, "Nezumi Linkbreaker": 1846, "Vampire Gourmand": 3027, "Impact Tremors": 1359, "Kindlespark Duo": 1514, "Ral's Reinforcements": 2121, "Rodeo Pyromancers": 2256, "Deadeye Duelist_SB": 604, "Skewer Slinger_SB": 2446, "Thunder Salvo_SB": 2835, "Basilisk Collar": 185, "Prophetic Prism": 2075, "Dragon Fodder": 714, "Keldon Strike Team_SB": 1499, "Ambush Wolf_SB": 52, "Dead Weight_SB": 603, "Fog of War_SB": 1000, "Aetherize": 22, "Peculiar Lighthouse": 1980, "Swiftwater Cliffs": 2662, "Tolarian Terror_SB": 2867, "Union of the Third Path_SB": 2961, "Hidetsugu's Second Rite": 1304, "Ghitu Lavarunner_SB": 1087, "Boulderbranch Golem": 289, "Fierce Empath": 961, "Galewind Moose": 1049, "Gossip's Talent": 1163, "Gruff Triplets": 1197, "Lush Oasis": 1665, "Mirage Mesa": 1754, "Outcaster Greenblade": 1928, "Sunshower Druid_SB": 2639, "Drag the Canal_SB": 709, "Scatter Ray_SB": 2329, "Stingerback Terror_SB": 2591, "Flamewake Phoenix_SB": 980, "Grand Entryway && Elegant Rotunda": 1170, "Karplusan Forest_SB": 1488, "Argoth, Sanctum of Nature": 110, "Cosmic Rebirth": 539, "Elvish Regrower": 791, "Springbloom Druid": 2556, "Titania, Voice of Gaea": 2856, "Tolsimir, Midnight's Light": 2868, "Twisted Fealty": 2920, "Aegis Turtle_SB": 18, "Temple of Malice": 2708, "Night of the Sweets' Revenge": 1849, "Welcome to Sweettooth": 3145, "Cosmium Confluence_SB": 542, "See Double_SB": 2372, "Volatile Fault_SB": 3090, "Fiery Annihilation_SB": 963, "Calix, Guided by Fate_SB": 366, "Divine Resilience_SB": 690, "Unflinching Courage_SB": 2953, "Valorous Stance_SB": 3026, "Immersturm Predator": 1356, "Trygon Predator_SB": 2906, "Dwynen, Gilt-Leaf Daen": 753, "Lathril, Blade of the Elves": 1561, "Wildborn Preserver": 3155, "Anthem of Champions": 81, "Armasaur Guide": 113, "Biogenic Upgrade": 209, "Charming Prince": 442, "Dazzling Angel": 599, "Felidar Savior": 946, "Felling Blow": 949, "Gnarlid Colony": 1137, "Good-Fortune Unicorn": 1162, "Inspiring Call": 1387, "Inspiring Paladin": 1389, "Leonin Vanguard": 1581, "Mild-Mannered Librarian": 1746, "Pacifism": 1959, "Wary Thespian": 3133, "Wildwood Scourge": 3159, "Ajani, Caller of the Pride": 35, "Angel of Vitality": 65, "Extinguish the Light_SB": 867, "Nine-Lives Familiar": 1854, "Voracious Greatshark": 3099, "Rite of Replication": 2234, "Swiftfoot Boots_SB": 2661, "Eaten by Piranhas_SB": 760, "Silver Scrutiny_SB": 2436, "Axebane Ferox_SB": 153, "Flourishing Bloom-Kin": 993, "Ghalta, Primal Hunger": 1081, "Alesha, Who Laughs at Fate": 46, "Aurelia, the Law Above": 144, "Perforating Artist": 1984, "Voldaren Thrillseeker_SB": 3095, "Feed the Swarm": 937, "Crash Through": 549, "Drake Hatcher": 718, "Crawling Barrens": 550, "Mazemind Tome_SB": 1718, "Phyrexian Censor": 2003, "Phyrexian Vindicator": 2014, "Volatile Fault": 3089, "Seal from Existence_SB": 2355, "Stasis Snare_SB": 2575, "Urborg Scavengers": 2993, "Zetalpa, Primal Dawn": 3207, "Chrome Host Seedshark": 456, "Ichormoon Gauntlet": 1351, "Jace Reawakened": 1446, "Jin-Gitaxias": 1456, "Temple of Epiphany": 2706, "Galvanize_SB": 1052, "Tocasia's Welcome": 2863, "Bonehoard Dracosaur": 268, "Dragonlord's Servant": 716, "Incinerator of the Guilty": 1366, "Kolaghan Warmonger": 1534, "Rivaz of the Claw": 2238, "Tyrant of Kher Ridges": 2924, "Joint Exploration": 1463, "Titania's Command_SB": 2855, "Burglar Rat": 345, "Halo Forager": 1217, "Macabre Waltz": 1672, "Mindsplice Apparatus": 1749, "Painful Quandary": 1960, "Psychic Whorl": 2079, "Rune-Scarred Demon": 2279, "The Key to the Vault": 2754, "The Rollercrusher Ride_SB": 2771, "Titania, Voice of Gaea_SB": 2857, "Dawn's Truce": 594, "Colossal Rattlewurm": 499, "Rattleback Apothecary": 2135, "Tatyova, Steward of Tides": 2694, "Tomb Trawler_SB": 2870, "Nashi, Searcher in the Dark_SB": 1832, "Inspiration from Beyond": 1386, "Filter Out_SB": 965, "Kutzil, Malamet Exemplar": 1553, "Runic Shot": 2280, "Herald of Eternal Dawn_SB": 1279, "Sun-Blessed Healer_SB": 2627, "Mortify": 1803, "Seeker's Folly": 2375, "Coveted Falcon": 546, "Greed's Gambit_SB": 1180, "Stab": 2562, "Ferocification": 952, "Dreadwing Scavenger": 726, "Broodspinner_SB": 334, "The Gitrog, Ravenous Ride_SB": 2743, "Fiery Annihilation": 962, "Beseech the Mirror_SB": 200, "Heroic Reinforcements_SB": 1291, "Peerless Recycling_SB": 1981, "Essence Scatter_SB": 835, "Wing Commando": 3165, "Cerebral Confiscation_SB": 425, "Haunted Screen": 1245, "Prayer of Binding": 2056, "Furnace Reins": 1043, "River's Rebuke": 2239, "Koma, World-Eater_SB": 1538, "Primeval Bounty_SB": 2063, "River's Rebuke_SB": 2240, "Regal Caracal_SB": 2177, "Kiora, the Rising Tide_SB": 1517, "Rat Out_SB": 2132, "Plains_SB": 2033, "Faebloom Trick_SB": 882, "Throne of the Grim Captain": 2830, "The Kenriths' Royal Funeral_SB": 2753, "Saiba Cryptomancer": 2297, "Zoetic Glyph_SB": 3213, "Seized from Slumber_SB": 2380, "Inspiring Overseer": 1388, "Mischievous Pup": 1763, "Angel of Finality_SB": 64, "Belligerent Yearling": 198, "Colossadactyl": 498, "Earthshaker Dreadmaw": 757, "Giant Cindermaw": 1094, "Itzquinth, Firstborn of Gishath": 1439, "Ixalli's Lorekeeper": 1442, "Rogue's Passage": 2257, "Scytheclaw Raptor": 2351, "Thrashing Brontodon": 2815, "Triumphant Chomp": 2903, "Armored Kincaller_SB": 116, "Kraul Whipcracker": 1542, "Wardens of the Cycle": 3126, "Badlands Revival": 161, "Copper Host Crusher": 526, "Feed the Infection": 936, "Vinereap Mentor_SB": 3065, "Ankle Biter": 70, "Fynn, the Fangbearer": 1045, "Nimraiser Paladin": 1853, "The Hunter Maze": 2745, "At Knifepoint": 136, "Fanatical Firebrand": 898, "Hellspur Brute": 1272, "Mourner's Surprise_SB": 1811, "Unflinching Courage": 2952, "Sandstorm Salvager": 2301, "Autonomous Assembler": 148, "Quintorius Kand": 2096, "Kayla's Command_SB": 1494, "Starfall Invocation_SB": 2571, "Hired Claw_SB": 1315, "Luminous Rebuke_SB": 1659, "Massacre Wurm": 1711, "Stalactite Stalker": 2565, "Felidar Retreat_SB": 945, "Dreamdew Entrancer_SB": 728, "Spinner of Souls_SB": 2541, "Gisa, the Hellraiser_SB": 1105, "Bitter Reunion_SB": 214, "Jace Reawakened_SB": 1447, "Dust Animus": 748, "Steel Seraph_SB": 2584, "Dust Animus_SB": 749, "Gumdrop Poisoner_SB": 1208, "Archangel of Tithes_SB": 95, "Demonic Counsel_SB": 644, "Warleader's Call_SB": 3130, "Phyrexian Censor_SB": 2004, "Rat Out": 2131, "Herbology Instructor": 1282, "Restless Bivouac_SB": 2206, "Lively Dirge_SB": 1622, "Cavernous Maw": 415, "Forgotten Monument": 1011, "Titania's Command": 2854, "Imperious Perfect_SB": 1362, "Sandstorm Salvager_SB": 2302, "Tough Cookie_SB": 2879, "Raucous Carnival_SB": 2137, "Seize the Spoils": 2378, "Curious Forager": 575, "The Mycotyrant": 2765, "Sporogenic Infection_SB": 2553, "Funeral Room // Awakening Hall_SB": 1039, "Rise of the Dark Realms_SB": 2232, "Canonized in Blood": 377, "Cemetery Recruitment": 421, "Diregraf Ghoul": 669, "Hungry Ghoul": 1342, "Mephitic Draught": 1729, "Offer Immortality": 1893, "Sanguine Syphoner": 2307, "Skeleton Archer": 2445, "Vampiric Rites": 3031, "Temple of Enlightenment": 2705, "Urza, Lord Protector": 3004, "Fumigate_SB": 1037, "Valkyrie's Call_SB": 3015, "Skystrike Officer": 2468, "Mockingbird_SB": 1776, "Temple of Mystery": 2709, "Timely Interference": 2844, "Vesuvan Duplimancy": 3053, "Dive Down_SB": 686, "Scrawling Crawler_SB": 2344, "Dryad Militant_SB": 739, "Bristlebud Farmer": 325, "Charred Foyer && Warped Space_SB": 445, "Absolving Lammasu_SB": 6, "Think Twice": 2789, "Micromancer_SB": 1739, "Coruscation Mage_SB": 537, "Bruse Tarl, Roving Rancher": 337, "Fblthp, Lost on the Range": 909, "Weakstone's Subjugation": 3138, "Fblthp, Lost on the Range_SB": 910, "Weakstone's Subjugation_SB": 3139, "Bottomless Pool && Locker Room": 285, "Hidetsugu's Second Rite_SB": 1305, "Invasion of Karsus_SB": 1416, "Mirror Room && Fractured Realm_SB": 1759, "Sword of Wealth and Power_SB": 2669, "Wildfire Howl_SB": 3157, "Zurgo and Ojutai_SB": 3223, "Halo Forager_SB": 1218, "Mabel, Heir to Cragflame_SB": 1671, "Ballyrush Banneret": 166, "Siege Veteran_SB": 2428, "Soulstone Sanctuary_SB": 2511, "Karn, Living Legacy": 1485, "Metropolis Reformer": 1736, "Krenko's Buzzcrusher_SB": 1546, "Rundvelt Hordemaster": 2277, "Blood Spatter Analysis": 240, "Final Vengeance_SB": 970, "Silverback Elder_SB": 2437, "Branchblight Stalker": 300, "Gitaxian Anatomist": 1107, "Goliath Hatchery": 1159, "Ichorspit Basilisk": 1352, "Lakeside Shack": 1558, "Maze's Mantle": 1716, "Mesmerizing Dose": 1731, "Paladin of Predation": 1966, "Plague Nurse": 2031, "Tainted Observer": 2679, "Tangled Islet": 2690, "Thrummingbird": 2832, "Tyrranax Atrocity": 2926, "Venomous Brutalizer": 3048, "Viral Spawning": 3068, "Vivisurgeon's Insight": 3084, "Angelic Intervention": 66, "Omenpath Journey": 1905, "Poison Dart Frog": 2040, "Rampaging Baloths": 2124, "Migloz, Maze Crusher_SB": 1745, "Seraphic Steed": 2386, "Meticulous Excavation_SB": 1735, "Seeker's Folly_SB": 2376, "Realmbreaker, the Invasion Tree": 2153, "Deeproot Pilgrimage": 624, "Mistway Spy": 1772, "Aegis Turtle": 17, "Venerated Rotpriest_SB": 3043, "Grabby Giant": 1166, "Rite of the Dragoncaller": 2235, "Hulking Raptor": 1341, "Pugnacious Hammerskull": 2081, "Invasion of Kaldheim": 1414, "Doomsday Excruciator_SB": 697, "Getaway Glamer_SB": 1078, "Bottomless Pool // Locker Room": 287, "Necrogen Communion": 1833, "Vraska Joins Up": 3107, "Thirsting Roots_SB": 2794, "Gwenna, Eyes of Gaea": 1209, "Halana and Alena, Partners": 1212, "Inga and Esika": 1374, "Myrel, Shield of Argive": 1823, "Hajar, Loyal Bodyguard_SB": 1211, "Surrak and Goreclaw_SB": 2654, "Battlefly Swarm": 190, "Solemn Simulacrum": 2491, "Maha, Its Feathers Night_SB": 1683, "Viashino Pyromancer_SB": 3060, "The Stone Brain": 2778, "Decadent Dragon_SB": 618, "Defiled Crypt // Cadaver Lab_SB": 636, "Heraldic Banner": 1280, "Heraldic Banner_SB": 1281, "Thalia and The Gitrog Monster": 2724, "Surgical Suite && Hospital Room_SB": 2650, "Rebel Salvo_SB": 2157, "Entity Tracker_SB": 819, "Aether Channeler": 19, "Defiled Crypt && Cadaver Lab": 633, "Exuberant Fuseling": 871, "Thundertrap Trainer_SB": 2841, "Abuelo's Awakening": 7, "Kitsa, Otterball Elite_SB": 1522, "Rona, Herald of Invasion_SB": 2263, "Unnerving Grasp_SB": 2966, "Wilt-Leaf Liege_SB": 3162, "Fear of Surveillance": 925, "Mechanized Warfare": 1722, "Kona, Rescue Beastie": 1539, "Time Stop": 2842, "Fleeting Flight_SB": 984, "Trash the Town_SB": 2893, "Muerra, Trash Tactician": 1814, "Quick Draw_SB": 2094, "Smuggler's Surprise_SB": 2485, "Whisper of the Dross": 3150, "Vraska's Fall_SB": 3109, "Blasphemous Edict": 224, "Bottomless Pool // Locker Room_SB": 288, "The Princess Takes Flight_SB": 2767, "Anim Pakal, Thousandth Moon_SB": 69, "Adaptive Automaton": 14, "Three Tree Mascot": 2824, "Palani's Hatcher": 1967, "Temple of Abandon": 2703, "Restless Reef_SB": 2212, "Mischievous Mystic": 1762, "Defiler of Flesh": 638, "Garruk's Uprising": 1056, "Zul Ashur, Lich Lord": 3219, "Kraul Whipcracker_SB": 1543, "Lifecreed Duo": 1601, "At Knifepoint_SB": 137, "Monstrous Rage_SB": 1798, "Kellan's Lightblades_SB": 1501, "Blasphemous Edict_SB": 225, "Annie Flash, the Veteran_SB": 73, "Defiled Crypt && Cadaver Lab_SB": 634, "Cultivator's Caravan": 570, "Scene of the Crime": 2333, "Demonic Ruckus_SB": 650, "Impact Tremors_SB": 1360, "Coveted Falcon_SB": 547, "Wishclaw Talisman_SB": 3170, "Swooping Lookout": 2663, "Recruitment Officer_SB": 2167, "Oko, the Ringleader_SB": 1901, "Kambal, Profiteering Mayor": 1479, "Kaya, Spirits' Justice_SB": 1493, "Highway Robbery_SB": 1311, "Intrepid Paleontologist": 1401, "Bolt Bend_SB": 262, "Wishclaw Talisman": 3169, "Feldon's Cane": 939, "Neutralize the Guards": 1842, "Ayli, Eternal Pilgrim": 155, "Disturbing Conversion": 682, "Shipwreck Dowser": 2411, "Abuelo's Awakening_SB": 8, "Builder's Talent_SB": 342, "Eerie Interference_SB": 766, "Untimely Malfunction": 2980, "Imprisoned in the Moon_SB": 1363, "Inquisitive Glimmer_SB": 1380, "Refute_SB": 2173, "Argentum Masticore": 108, "Hall of Tagsin": 1215, "Hedron Archive": 1269, "The Mycosynth Gardens": 2764, "Tomakul Honor Guard": 2869, "Obstinate Baloth": 1889, "Bramble Familiar": 298, "Sphinx of the Final Word_SB": 2534, "Walk with the Ancestors": 3117, "Meathook Massacre II_SB": 1721, "Repulsive Mutation": 2192, "Sylvan Scavenging_SB": 2672, "Thundering Falls_SB": 2837, "Dowsing Device": 705, "Gleaming Geardrake": 1125, "Saheeli, Filigree Master": 2295, "Saheeli, Filigree Master_SB": 2296, "Scrawling Crawler": 2343, "Case of the Ransacked Lab": 398, "The Surgical Bay": 2780, "War Squeak_SB": 3123, "Spirebluff Canal_SB": 2543, "Ajani, Sleeper Agent": 38, "Charge of the Mites": 440, "Chandra, Flameshaper_SB": 431, "Expel the Interlopers": 854, "Bite Down": 211, "Gaea's Gift": 1047, "Trash the Town": 2892, "Corsair Captain": 535, "Lost Jitte_SB": 1650, "Blazing Crescendo_SB": 230, "Rip, Spawn Hunter": 2229, "Funeral Room // Awakening Hall": 1038, "Outlaw Medic": 1930, "Wilt-Leaf Liege": 3161, "Thousand Moons Smithy_SB": 2810, "Blightbelly Rat": 233, "Unnatural Restoration": 2963, "Carnivorous Canopy_SB": 387, "Gaea's Gift_SB": 1048, "Give In to Violence_SB": 1109, "Cityscape Leveler_SB": 467, "Nahiri's Resolve_SB": 1827, "Brazen Collector": 307, "Generous Plunderer": 1067, "Trial of Agony": 2898, "Zoyowa's Justice": 3218, "Ancestors' Aid_SB": 60, "Leyline of Resonance_SB": 1591, "Churning Reservoir": 460, "Magmatic Sprinter": 1679, "Sardian Cliffstomper": 2308, "Solphim, Mayhem Dominus": 2493, "The Monumental Facade": 2763, "Churning Reservoir_SB": 461, "Magmatic Sprinter_SB": 1680, "Monastery Swiftspear_SB": 1793, "Sardian Cliffstomper_SB": 2309, "Malcolm, Alluring Scoundrel_SB": 1690, "Repel Calamity_SB": 2191, "Samut, Vizier of Naktamun": 2299, "Call a Surprise Witness": 367, "Trostani, Three Whispers": 2904, "Tribute to the World Tree_SB": 2901, "Taii Wakeen, Perfect Shot": 2675, "Unruly Catapult": 2967, "Glassworks // Shattered Yard_SB": 1122, "Hulking Metamorph": 1340, "Surge Engine_SB": 2645, "Fake Your Own Death": 891, "Massacre Girl, Known Killer": 1709, "Massacre Girl, Known Killer_SB": 1710, "Rakdos Joins Up_SB": 2117, "Rakdos, the Muscle_SB": 2120, "Ghalta and Mavren": 1080, "Hide in Plain Sight": 1300, "Progenitus": 2070, "Crystal Barricade": 565, "Green Sun's Twilight_SB": 1183, "Break Down the Door": 310, "Bubble Smuggler": 340, "Cryptid Inspector": 564, "Cursed Windbreaker": 579, "Exit Specialist": 850, "Polukranos Reborn_SB": 2046, "Hazardroot Herbalist": 1250, "Head of the Homestead": 1253, "Rabbit Response": 2098, "Treeguard Duo": 2896, "Uncharted Haven": 2940, "Warren Elder": 3131, "Head of the Homestead_SB": 1254, "Grab the Prize_SB": 1165, "Stroke of Midnight_SB": 2615, "Delney, Streetwise Lookout": 639, "Stroke of Midnight": 2614, "Ragged Playmate": 2109, "Fear of Surveillance_SB": 926, "Grand Entryway // Elegant Rotunda_SB": 1172, "Norin, Swift Survivalist_SB": 1866, "Ragged Playmate_SB": 2110, "Wandertale Mentor": 3121, "Vodalian Mindsinger_SB": 3087, "Eriette's Tempting Apple": 822, "Experimental Confectioner": 857, "Feed the Cauldron": 933, "Gingerbread Hunter": 1102, "Greta, Sweettooth Scourge": 1188, "Mintstrosity": 1753, "Return from the Wilds": 2221, "Scream Puff": 2345, "Spider Food": 2535, "Sweettooth Witch": 2658, "Three Bowls of Porridge": 2820, "Sugar Rush_SB": 2623, "Leonin Vanguard_SB": 1582, "Ruin-Lurker Bat_SB": 2274, "The Millennium Calendar_SB": 2761, "Veteran Survivor_SB": 3056, "Corrupted Conviction_SB": 534, "Deadly Brew_SB": 606, "Cheeky House-Mouse_SB": 450, "Dryad Militant": 738, "Contagious Vorrac": 523, "Necrogen Rotpriest": 1834, "Armored Scrapgorger_SB": 118, "Invasion of Fiora_SB": 1409, "Rush of Dread_SB": 2284, "Magebane Lizard": 1677, "Final Flourish_SB": 966, "Time Stop_SB": 2843, "Unnatural Restoration_SB": 2964, "Founding the Third Path_SB": 1018, "Binding Negotiation": 207, "Vraska, the Silencer": 3112, "Barkform Harvester": 179, "Rampaging Spiketail": 2126, "Invasion of Ergamon": 1408, "Beastie Beatdown_SB": 195, "Break Out_SB": 312, "Vengeful Possession": 3045, "Repair and Recharge": 2189, "Step Between Worlds_SB": 2586, "Hearthborn Battler_SB": 1266, "Hellspur Posse Boss": 1274, "Cynical Loner_SB": 584, "Hellspur Brute_SB": 1273, "Kemba, Kha Enduring": 1510, "Swiftfoot Boots": 2660, "Astor, Bearer of Blades_SB": 135, "Consuming Aberration": 522, "Knight of Dusk's Shadow": 1525, "No One Left Behind_SB": 1862, "Botanical Brawler": 283, "Dusk Legion Duelist": 745, "Stocking the Pantry": 2594, "Tribute to the World Tree": 2900, "Collector's Cage_SB": 493, "Dragonmaster Outcast": 717, "Evolved Sleeper": 846, "Friendly Teddy": 1027, "Consumed by Greed_SB": 521, "Hop to It_SB": 1326, "Skyfisher Spider_SB": 2463, "Chart a Course_SB": 448, "Johann's Stopgap_SB": 1461, "Let's Play a Game_SB": 1584, "Festerleech": 955, "Fallaji Archaeologist_SB": 894, "Kroxa and Kunoros": 1548, "Shrouded Shepherd": 2425, "Garruk's Uprising_SB": 1057, "Hexgold Halberd": 1293, "Soul Search": 2500, "Daggerfang Duo": 585, "Deathbloom Gardener": 612, "Hoarding Recluse": 1318, "Moonstone Harbinger": 1802, "Pestilent Syphoner": 1991, "Ygra, Eater of All": 3197, "Pile On": 2022, "Llanowar Elves_SB": 1625, "Mosswood Dreadknight_SB": 1808, "Take for a Ride_SB": 2682, "Boltwave_SB": 264, "Fleeting Flight": 983, "Stormchaser's Talent_SB": 2607, "Cactarantula": 360, "Ashnod's Harvester": 125, "Warhost's Frenzy": 3128, "Think Twice_SB": 2790, "Rustler Rampage": 2286, "Wojek Investigator": 3181, "Searslicer Goblin_SB": 2359, "Felidar Cub": 942, "Oracle of Tragedy": 1914, "Dusk Rose Reliquary_SB": 747, "Felidar Cub_SB": 943, "Knight-Errant of Eos_SB": 1530, "Ruthless Lawbringer_SB": 2288, "Detective's Satchel": 660, "Forensic Gadgeteer_SB": 1006, "Ice Out_SB": 1349, "Claim Jumper_SB": 470, "Geralf, the Fleshwright": 1071, "Geralf, the Fleshwright_SB": 1072, "Eaten Alive_SB": 759, "Ojer Pakpatiq, Deepest Epoch": 1898, "Disturbing Conversion_SB": 683, "Lithomantic Barrage": 1618, "Enduring Vitality_SB": 808, "Audience with Trostani_SB": 143, "Sentinel of Lost Lore": 2382, "Wylie Duke, Atiin Hero": 3193, "Defiler of Dreams_SB": 637, "Omen Hawker": 1903, "Leyline of the Void": 1595, "Into the Fire": 1396, "Invasion of Karsus": 1415, "Cosmic Hunger": 538, "Paranormal Analyst": 1969, "Vannifar, Evolved Enigma": 3036, "Fog Bank_SB": 999, "Surgical Suite // Hospital Room_SB": 2652, "Talion, the Kindly Lord_SB": 2688, "Extraordinary Journey": 869, "Gold Pan": 1154, "Extraordinary Journey_SB": 870, "Nurturing Pixie_SB": 1878, "Moonshaker Cavalry": 1801, "Balemurk Leech": 164, "Bashful Beastie": 184, "Cackling Slasher": 358, "Defiant Survivor": 632, "Fear of the Dark": 927, "Flesh Burrower": 987, "Give In to Violence": 1108, "Grasping Longneck": 1173, "Horrid Vigor": 1332, "Innocuous Rat": 1378, "Let's Play a Game": 1583, "Wickerfolk Thresher": 3154, "Winter's Intervention": 3166, "Leyline of Transformation": 1593, "Saheeli's Lattice": 2294, "Etali, Primal Storm_SB": 839, "Adamant Will": 13, "Goldvein Pick": 1157, "Moment of Triumph": 1786, "Pilfer": 2024, "Public Thoroughfare": 2080, "Undying Malice": 2950, "Cancel_SB": 372, "Opt_SB": 1911, "Connecting the Dots_SB": 517, "Bushwhack_SB": 356, "Mistbreath Elder_SB": 1771, "Polliwallop_SB": 2043, "Realmbreaker's Grasp_SB": 2152, "Stickytongue Sentinel_SB": 2589, "Tumbleweed Rising_SB": 2907, "Analyze the Pollen_SB": 58, "Makeshift Binding": 1687, "Pelakka Wurm": 1982, "Jump Scare_SB": 1468, "Progenitus_SB": 2071, "Harvestrite Host": 1238, "Cut Short_SB": 582, "Family Reunion_SB": 895, "Annihilating Glare": 75, "Fanatical Offering": 900, "Sword of Wealth and Power": 2668, "Skulduggery": 2454, "Skulduggery_SB": 2455, "Lassoed by the Law": 1559, "Mabel's Mettle": 1669, "Minor Misstep": 1751, "Central Elevator // Promising Stairs": 423, "Creeping Peeper": 552, "Dazzling Theater // Prop Room": 601, "Erratic Apparition": 825, "Fear of Falling": 915, "Lionheart Glimmer": 1616, "Restricted Office // Lecture Hall": 2220, "Stalked Researcher_SB": 2567, "Tunnel Surveyor_SB": 2911, "Ajani, Nacatl Pariah": 37, "Arena of Glory": 107, "Arid Mesa": 112, "Fable of the Mirror-Breaker": 874, "Flooded Strand": 988, "Galvanic Discharge": 1050, "Goblin Bombardment": 1142, "Guide of Souls": 1204, "Marsh Flats": 1707, "Ocelot Pride": 1892, "Phlage, Titan of Fire's Fury": 1998, "Ragavan, Nimble Pilferer": 2107, "Sacred Foundry": 2293, "Showdown of the Skalds": 2422, "Static Prison": 2576, "Thraben Charm": 2811, "Windswept Heath": 3164, "Drannith Magistrate_SB": 721, "Fear, Fire, Foes!_SB": 928, "Obsidian Charmaw_SB": 1888, "Orim's Chant_SB": 1916, "Showdown of the Skalds_SB": 2423, "Stony Silence_SB": 2601, "Surgical Extraction_SB": 2648, "Wear // Tear_SB": 3140, "Archon of Cruelty": 104, "Bloodstained Mire": 248, "Brazen Borrower": 305, "Counterspell": 545, "Faithless Looting": 890, "Fatal Push": 904, "Force of Negation": 1002, "Misty Rainforest": 1773, "Persist": 1987, "Polluted Delta": 2044, "Psychic Frog": 2078, "Scalding Tarn": 2322, "Sink into Stupor": 2442, "Spell Snare": 2524, "Steam Vents": 2578, "Tamiyo, Inquisitive Student": 2689, "Thoughtseize": 2807, "Unearth": 2951, "Watery Grave": 3136, "Consign to Memory_SB": 519, "Fable of the Mirror-Breaker_SB": 875, "Harbinger of the Seas_SB": 1225, "Nihil Spellbomb_SB": 1851, "Stern Scolding_SB": 2588, "Blazing Rootwalla": 231, "Burning Inquiry": 348, "Detective's Phoenix": 659, "Flameblade Adept": 977, "Goblin Lore": 1146, "Hollow One": 1320, "Lightning Bolt": 1603, "Stomping Ground": 2600, "Street Wraith": 2611, "Vengevine": 3047, "Wooded Foothills": 3182, "Cursed Totem_SB": 578, "Meltdown_SB": 1726, "Barbarian Ring": 177, "Eidolon of the Great Revel": 769, "Flare of Duplication": 981, "Goblin Guide": 1145, "Lava Spike": 1565, "Rift Bolt": 2226, "Searing Blaze": 2356, "Skewer the Critics": 2447, "Skullcrack": 2458, "Sunbaked Canyon": 2628, "Ensnaring Bridge_SB": 814, "Faerie Macabre_SB": 885, "Smash to Smithereens_SB": 2482, "Amulet of Vigor": 54, "Arboreal Grazer": 88, "Boseiju, Who Endures": 281, "Crumbling Vestige": 559, "Dryad Arbor": 737, "Dryad of the Ilysian Grove": 740, "Echoing Deeps": 762, "Explore": 859, "Green Sun's Zenith": 1184, "Gruul Turf": 1200, "Hanweir Battlements": 1222, "Lotus Field": 1653, "Mirrorpool": 1761, "Otawara, Soaring City": 1924, "Primeval Titan": 2064, "Scapeshift": 2327, "Shifting Woodland": 2410, "Simic Growth Chamber": 2439, "Summoner's Pact": 2625, "Tolaria West": 2865, "Urza's Cave": 2998, "Urza's Saga": 3001, "Valakut, the Molten Pinnacle": 3007, "Vesuva": 3051, "Bojuka Bog_SB": 261, "Collector Ouphe_SB": 491, "Defense Grid_SB": 631, "Dismember_SB": 676, "Endurance_SB": 798, "Force of Vigor_SB": 1003, "Tireless Tracker_SB": 2851, "Vampires' Vengeance_SB": 3030, "Blood Crypt": 237, "Dwarven Mine": 751, "Indomitable Creativity": 1368, "Jetmir's Garden": 1455, "Prismatic Ending": 2067, "Wrenn and Six": 3189, "Xander's Lounge": 3194, "Boseiju, Who Endures_SB": 282, "Damping Sphere_SB": 586, "Hurkyl's Recall_SB": 1345, "Toxic Deluge_SB": 2880, "Cling to Dust": 479, "Harbinger of the Seas": 1224, "Murktide Regent": 1820, "Preordain": 2059, "Thought Scour": 2804, "Engineered Explosives_SB": 811, "Mystical Dispute_SB": 1825, "Spell Pierce_SB": 2523, "The Meathook Massacre_SB": 2758, "Orcish Bowmasters": 1915, "Godless Shrine": 1153, "Phelia, Exuberant Shepherd": 1997, "Seasoned Pyromancer": 2368, "Thoughtseize_SB": 2808, "Wrath of the Skies_SB": 3185, "Den of the Bugbear": 651, "Devastating Summons": 661, "Foundry Street Denizen": 1019, "Goblin Bushwhacker": 1143, "Goblin Grenade": 1144, "Goblin Piledriver": 1148, "Legion Loyalist": 1578, "Mogg War Marshal": 1777, "Reckless Bushwhacker": 2158, "Skirk Prospector": 2448, "Sokenzan, Crucible of Defiance": 2490, "Blood Moon_SB": 239, "Magus of the Moon_SB": 1681, "Reality Hemorrhage_SB": 2150, "Shattering Spree_SB": 2401, "Tormod's Crypt_SB": 2876, "Ziatora's Proving Ground": 3209, "Terastodon_SB": 2716, "Veil of Summer_SB": 3039, "Consider": 518, "Graveyard Trespasser": 1174, "Exquisite Firecraft_SB": 862, "Searing Blood_SB": 2357, "Tunnel Ignus_SB": 2909, "Chained to the Rocks": 426, "Chained to the Rocks_SB": 427, "Ragavan, Nimble Pilferer_SB": 2108, "Vexing Bauble": 3057, "Colossal Skyturtle_SB": 500, "Generous Ent_SB": 1066, "Grist, the Hunger Tide_SB": 1194, "Hexdrinker_SB": 1292, "Over the Edge_SB": 1936, "Poison Dart Frog_SB": 2041, "Slice from the Shadows": 2475, "Talion, the Kindly Lord": 2687, "Come Back Wrong": 504, "Glassworks // Shattered Yard": 1121, "Beamtown Beatstick": 192, "Celestial Armor": 420, "Diamond Pick-Axe": 667, "Carrot Cake_SB": 390, "Edgewall Inn": 765, "Goliath Hatchery_SB": 1160, "Balmor, Battlemage Captain": 167, "Bria, Riptide Rogue": 316, "Freeze in Place": 1024, "Relic's Roar": 2183, "Run Away Together_SB": 2275, "Scalding Viper_SB": 2324, "Harrier Strix": 1234, "Snaremaster Sprite": 2488, "Hardened Escort": 1230, "Holy Cow": 1322, "Living Phone": 1623, "Unsettling Twins": 2971, "Feather of Flight_SB": 931, "Possessed Goat_SB": 2054, "Raccoon Rallier_SB": 2101, "Rogue's Passage_SB": 2258, "The Jolly Balloon Man_SB": 2752, "Unsettling Twins_SB": 2972, "Heartfire Hero_SB": 1259, "Inti, Seneschal of the Sun_SB": 1392, "Pests of Honor": 1993, "Three Blind Mice": 2819, "Dauntless Dismantler_SB": 593, "Phoenix Chick_SB": 2000, "Gleaming Barrier": 1123, "Gleaming Barrier_SB": 1124, "Solemn Simulacrum_SB": 2492, "Sure Strike_SB": 2643, "Twinferno_SB": 2916, "Ancestors' Aid": 59, "Furious Bellow": 1040, "Ghitu Amplifier": 1085, "Heartfire Immolator": 1260, "Sure Strike": 2642, "Whiskerquill Scribe": 3149, "Brambleguard Captain": 299, "Defabricate": 627, "Fear of Burning Alive": 914, "Iron-Fist Pulverizer": 1435, "Johann, Apprentice Sorcerer": 1462, "Keldon Flamesage": 1498, "Kraum, Violent Cacophony": 1544, "Molten Tributary": 1783, "Nightwhorl Hermit": 1850, "Pyrotechnic Performer": 2088, "Razzle-Dazzler": 2149, "Stop Cold": 2602, "Thopter Mechanic": 2799, "Vesuvan Drifter": 3052, "Involuntary Cooldown_SB": 1431, "Kellan, Planar Trailblazer_SB": 1506, "Mishra's Command_SB": 1767, "Out of Air_SB": 1927, "Plan the Heist_SB": 2034, "Sleight of Hand_SB": 2474, "Trick Shot_SB": 2902, "Violent Urge_SB": 3067, "The Filigree Sylex": 2741, "Halo Hopper": 1219, "Charge of the Mites_SB": 441, "Hellspur Posse Boss_SB": 1275, "Grand Abolisher": 1168, "Unnerving Grasp": 2965, "Fynn, the Fangbearer_SB": 1046, "Harbinger of the Tides": 1226, "Harbinger of the Tides_SB": 1227, "Cat Collector": 403, "Bottomless Pool && Locker Room_SB": 286, "Pile On_SB": 2023, "Growing Rites of Itlimoc": 1196, "Jump Scare": 1467, "Niko, Light of Hope": 1852, "Stalked Researcher": 2566, "Tunnel Surveyor": 2910, "Fear of Isolation_SB": 921, "Season of Gathering": 2360, "Warren Warleader": 3132, "Horrid Vigor_SB": 1333, "Lionheart Glimmer_SB": 1617, "Omnivorous Flytrap_SB": 1908, "Seasoned Warrenguard_SB": 2370, "Into the Roil": 1399, "Into the Roil_SB": 1400, "Ayara, Widow of the Realm": 154, "Arachnoid Adaptation": 85, "Throw from the Saddle": 2831, "Longstalk Brawl_SB": 1638, "Thrill of Possibility_SB": 2829, "Feldon, Ronom Excavator": 941, "Roc Hunter": 2251, "Adventuring Gear_SB": 16, "Fear of Being Hunted_SB": 913, "Vicious Clown_SB": 3062, "Splash Portal_SB": 2547, "Demonic Pact_SB": 648, "Rite of the Dragoncaller_SB": 2236, "Valorous Stance": 3025, "Lodestone Needle": 1631, "Sawblade Skinripper_SB": 2318, "Afterburner Expert": 24, "Draconautics Engineer": 706, "Dredger's Insight": 731, "Loot, the Pathfinder": 1641, "Molt Tender": 1779, "Restless Spire_SB": 2216, "Momentum Breaker": 1788, "Sunbillow Verge": 2629, "Grim Bauble": 1192, "Spell Pierce": 2522, "Defend the Rider": 629, "Hazoret, Godseeker": 1252, "Debris Beetle": 615, "Wastewood Verge": 3135, "Vein Ripper_SB": 3041, "Oildeep Gearhulk": 1894, "Haunt the Network_SB": 1242, "Bartolom\u00e9 del Presidio_SB": 183, "Lunar Convocation_SB": 1662, "Bloodghast": 244, "Valley Rotcaller_SB": 3022, "Oildeep Gearhulk_SB": 1895, "Gleeful Demolition_SB": 1127, "Monument to Endurance": 1799, "Ride's End": 2224, "Bleachbone Verge": 232, "Willowrush Verge": 3160, "Outpace Oblivion_SB": 1933, "Intimidation Tactics": 1394, "Ketramose, the New Dawn": 1511, "Transmutation Font": 2889, "Braided Net_SB": 295, "Cunning Coyote_SB": 572, "Chandra, Spark Hunter_SB": 435, "Explosive Derailment_SB": 861, "Bounce Off": 291, "Greasewrench Goblin": 1176, "Marauding Mako": 1701, "Riverpyre Verge": 2244, "Scrounging Skyray": 2350, "Bounce Off_SB": 292, "Lightwheel Enhancements": 1608, "Grim Bauble_SB": 1193, "Momentum Breaker_SB": 1789, "Tomik, Wielder of Law_SB": 2871, "Engine Rat": 809, "Gonti, Night Minister": 1161, "Perilous Snare": 1985, "Teysa, Opulent Oligarch": 2723, "Memory Guardian": 1727, "Mendicant Core, Guidelight": 1728, "Diversion Unit_SB": 688, "Brightglass Gearhulk": 319, "Voyager Glidecar": 3104, "Chandra, Spark Hunter": 434, "Intimidation Tactics_SB": 1395, "Optimistic Scavenger_SB": 1913, "Captain Howler, Sea Scourge": 379, "Gastal Thrillroller": 1061, "Mishra's Command": 1766, "Phyrexian Dragon Engine": 2005, "Riptide Gearhulk": 2230, "The Aetherspark": 2726, "Transit Mage": 2888, "Diversion Unit": 687, "Muraganda Raceway": 1817, "Nesting Bot": 1839, "Repurposing Bay": 2194, "Lumbering Worldwagon": 1656, "Gastal Thrillroller_SB": 1062, "Lifecraft Engine": 1600, "Mindspring Merfolk": 1750, "Mu Yanling, Wind Rider": 1812, "Caelorna, Coral Tyrant_SB": 361, "Overrun": 1952, "Heliod, the Radiant Dawn": 1271, "Twinblade Blessing": 2914, "The Speed Demon_SB": 2776, "Zephyr Singer_SB": 3206, "Burnout Bashtronaut": 350, "Defend the Rider_SB": 630, "Demonic Junker": 645, "Nexus of Becoming": 1844, "Amonkhet Raceway": 53, "Gastal Thrillseeker": 1063, "The Last Ride": 2755, "The Speed Demon": 2775, "Ancient Vendetta_SB": 63, "Monument to Endurance_SB": 1800, "Quag Feast": 2089, "Gastal Raider_SB": 1060, "Howlsquad Heavy": 1336, "Count on Luck_SB": 544, "Invasion of Regatha_SB": 1419, "Ketramose, the New Dawn_SB": 1512, "Thunderous Velocipede": 2838, "Regal Imperiosaur": 2178, "Intrepid Paleontologist_SB": 1402, "Voyager Glidecar_SB": 3105, "Fuel the Flames": 1031, "Skycrash": 2460, "Broadside Barrage_SB": 331, "Fuel the Flames_SB": 1032, "Locust Spray": 1630, "Riverchurn Monument": 2241, "Agonasaur Rex": 31, "Tyrox, Saurid Tyrant": 2925, "Esoteric Duplicator": 831, "Voyage Home": 3103, "Aether Syphon_SB": 21, "Spectacular Pileup": 2516, "Coalstoke Gearhulk_SB": 483, "Sandstalker Moloch_SB": 2300, "Boosted Sloop": 277, "Broadside Barrage": 330, "Thopter Fabricator_SB": 2798, "Ride's End_SB": 2225, "Thalia and The Gitrog Monster_SB": 2725, "Zahur, Glory's Past": 3203, "Leaf-Crowned Visionary_SB": 1573, "Mossborn Hydra_SB": 1806, "Overrun_SB": 1953, "Painful Quandary_SB": 1961, "Wardens of the Cycle_SB": 3127, "Quag Feast_SB": 2090, "Playful Shove": 2036, "Red Sun's Twilight_SB": 2168, "Perilous Snare_SB": 1986, "Debris Beetle_SB": 616, "Pit Automaton": 2028, "Visage of Dread": 3080, "The Last Ride_SB": 2756, "Visage of Dread_SB": 3081, "Fearless Swashbuckler": 929, "Unctus, Grand Metatect": 2941, "Mishra, Claimed by Gix": 1769, "Bloated Contaminator_SB": 236, "Melira, the Living Cure_SB": 1725, "The Aetherspark_SB": 2727, "Webstrike Elite": 3143, "Webstrike Elite_SB": 3144, "Coiling Rebirth_SB": 487, "Invasion of Mercadia": 1417, "Collision Course_SB": 497, "Gas Guzzler": 1058, "Say Its Name_SB": 2320, "Spectral Interference_SB": 2519, "Stock Up": 2592, "Spectacular Pileup_SB": 2517, "Far Fortune, End Boss": 901, "Flotsam // Jetsam_SB": 992, "Claim Jumper": 469, "Ancient Vendetta": 62, "Full Throttle_SB": 1035, "Loot, the Key to Everything_SB": 1640, "Loot, the Pathfinder_SB": 1642, "Urza's Command_SB": 2999, "Lassoed by the Law_SB": 1560, "Blast Zone_SB": 227, "Basri, Tomorrow's Champion": 187, "Skyseer's Chariot_SB": 2466, "Dive Down": 685, "Engine Rat_SB": 810, "Essence Channeler_SB": 833, "Lunar Insight": 1663, "Jodah, the Unifier_SB": 1460, "Dropkick Bomber": 734, "Coalstoke Gearhulk": 482, "Visage Bandit": 3079, "Waxen Shapethief": 3137, "Dune Drifter": 742, "Rampaging Raptor": 2125, "Agonasaur Rex_SB": 32, "Become Brutes": 196, "The Elder Dragon War_SB": 2734, "Caradora, Heart of Alacria": 383, "Skyseer's Chariot": 2465, "Valor's Flagship": 3023, "Veteran Beastrider": 3054, "Threadbind Clique": 2817, "Twining Twins": 2918, "Boommobile_SB": 274, "Radiant Lotus_SB": 2104, "Boommobile": 273, "Forging the Anchor": 1010, "Radiant Lotus": 2103, "The Mightstone and Weakstone_SB": 2760, "Bloodthorn Flail": 251, "Flamewake Phoenix": 979, "Cryptcaller Chariot_SB": 561, "Volley Veteran": 3096, "Riptide Gearhulk_SB": 2231, "Riverchurn Monument_SB": 2242, "Spiteful Hexmage_SB": 2545, "Clamorous Ironclad": 473, "Furnace Host Charger": 1041, "Alania, Divergent Storm": 45, "Frolicking Familiar": 1028, "Wishing Well": 3171, "Resplendent Angel_SB": 2199, "Cephalopod Sentry": 424, "Thopter Fabricator": 2797, "Haunt the Network": 1241, "Sorcerous Spyglass": 2496, "Demonic Junker_SB": 646, "Redshift, Rocketeer Chief": 2170, "Halana and Alena, Partners_SB": 1213, "Valor's Flagship_SB": 3024, "Stall Out": 2568, "Stall Out_SB": 2569, "Gloryheath Lynx": 1135, "Sovereign Okinec Ahau": 2513, "The Raven Man": 2768, "The Raven Man_SB": 2769, "Boom Box": 272, "Broadcast Rambler": 329, "Possession Engine": 2055, "Broodheart Engine": 332, "Bat Colony": 188, "Calamitous Cave-In": 362, "Gargantuan Leech": 1053, "Hidden Volcano": 1299, "Promising Vein": 2074, "Marketback Walker": 1705, "Sab-Sunen, Luxa Embodied": 2291, "Simian Simulacrum": 2438, "Sylvan Scavenging": 2671, "Bulwark Ox": 344, "Reluctant Role Model": 2184, "Reluctant Role Model_SB": 2185, "Leyline Binding_SB": 1587, "Mold Adder_SB": 1778, "Marketback Walker_SB": 1706, "Burnout Bashtronaut_SB": 351, "Gastal Raider": 1059, "Oviya, Automech Artisan": 1957, "Daretti, Rocketeer Engineer": 588, "Threefold Thunderhulk": 2826, "Tune Up": 2908, "Meteor Golem_SB": 1733, "Market Gnome_SB": 1704, "The Skullspore Nexus_SB": 2774, "Cosmium Confluence": 541, "Festival of Embers": 956, "Hidden Nursery": 1298, "Skycrash_SB": 2461, "Nexus of Becoming_SB": 1845, "Sab-Sunen, Luxa Embodied_SB": 2292, "Collector's Vault_SB": 495, "Thran Spider_SB": 2814, "Earthrumbler": 756, "Akal Pakal, First Among Equals_SB": 41, "Deepfathom Echo": 623, "Forensic Researcher": 1007, "Oko, the Ringleader": 1900, "Chitin Gravestalker": 453, "Starving Revenant_SB": 2574, "Steamcore Scholar_SB": 2580, "Ojer Pakpatiq, Deepest Epoch_SB": 1899, "Thunderous Velocipede_SB": 2839, "Fear of Infinity_SB": 919, "Stock Up_SB": 2593, "Dredger's Insight_SB": 732, "Fauna Shaman_SB": 907, "Barrow Naughty": 181, "Faerie Slumber Party": 888, "Mocking Sprite": 1774, "Spellscorn Coven": 2530, "Talion's Messenger": 2685, "Akal Pakal, First Among Equals": 40, "Forensic Gadgeteer": 1005, "Deduce_SB": 620, "Wreck Remover_SB": 3186, "Coerced to Kill": 485, "Etrata, Deadly Fugitive": 844, "Unstoppable Plan_SB": 2975, "Hoarding Broodlord": 1317, "Shadow-Rite Priest": 2393, "Nahiri's Warcrafting_SB": 1828, "Baral and Kari Zev": 176, "Enigma Drake": 812, "Brightfield Glider": 318, "Congregation Gryff": 516, "Giant Beaver": 1093, "Lagorin, Soul of Alacria": 1556, "Miriam, Herd Whisperer": 1755, "Ornery Tumblewagg": 1917, "Trained Arynx": 2881, "Run Over_SB": 2276, "Night Market": 1848, "Carrion Locust_SB": 388, "Stockpiling Celebrant_SB": 2596, "Fountainport Bell": 1021, "Guidelight Optimizer": 1205, "Oaken Siren": 1880, "Machine Over Matter_SB": 1673, "Spinewoods Paladin": 2539, "Phyrexian Missionary_SB": 2010, "Sunder the Gateway": 2630, "Malcator, Purity Overseer": 1688, "Tranquil Cove_SB": 2885, "Crumb and Get It_SB": 558, "Flame Lash": 976, "Exsanguinate_SB": 864, "Exsanguinate": 863, "Syr Ginger, the Meal Ender_SB": 2674, "Legion Extruder_SB": 1577, "Blade of the Oni": 220, "Blightstep Pathway": 234, "Bloodtithe Harvester": 252, "Mutavault": 1822, "Urborg, Tomb of Yawgmoth": 2995, "Extinction Event_SB": 866, "Go Blank_SB": 1139, "Hidetsugu Consumes All_SB": 1302, "Invoke Despair_SB": 1430, "Unlicensed Hearse_SB": 2962, "Breeding Pool": 315, "Enigmatic Incarnation": 813, "Indatha Triome": 1367, "Linvala, the Preserver": 1615, "Overgrown Tomb": 1938, "Savai Triome": 2312, "Skyclave Apparition": 2459, "Spara's Headquarters": 2514, "Vanishing Verse": 3034, "Zagoth Triome": 3202, "Archon of Emeria_SB": 105, "Knockout Blow_SB": 1531, "Ruric Thar, the Unbowed_SB": 2282, "Thought Distortion_SB": 2803, "Yorion, Sky Nomad_SB": 3199, "Cauldron Familiar": 408, "Claim the Firstborn": 471, "Deadly Dispute": 609, "Mayhem Devil": 1714, "Witch's Oven": 3174, "Ob Nixilis, the Adversary_SB": 1884, "Darksteel Citadel": 592, "Ensoul Artifact": 815, "Riverglide Pathway": 2243, "Shrapnel Blast": 2424, "Smuggler's Copter": 2483, "Voldaren Epicure": 3093, "Aether Gust_SB": 20, "Annul_SB": 76, "Rending Volley_SB": 2188, "Shadowspear_SB": 2394, "Voltage Surge_SB": 3097, "Cragcrown Pathway": 548, "Ramunap Ruins": 2127, "Reckless Rage": 2161, "Soul-Scar Mage": 2505, "Experimental Frenzy_SB": 858, "Hazoret the Fervent_SB": 1251, "Redcap Melee_SB": 2169, "Extinction Event": 865, "Anger of the Gods_SB": 67, "Fatal Push_SB": 905, "Gifted Aetherborn_SB": 1098, "Claim // Fame": 468, "Infuriate": 1373, "Kumano Faces Kakkazan": 1550, "Claim the Firstborn_SB": 472, "Grafdigger's Cage_SB": 1167, "Castle Locthwain": 402, "Clearwater Pathway": 476, "Field of Ruin": 958, "Geier Reach Sanitarium": 1065, "Hall of Storm Giants": 1214, "Hive of the Eye Tyrant": 1316, "Narset, Parter of Veils": 1829, "Omen of the Sea": 1904, "Paradoxical Outcome": 1968, "Shipwreck Marsh": 2412, "Takenuma, Abandoned Mire": 2684, "The Meathook Massacre": 2757, "Ashiok, Dream Render_SB": 121, "Weathered Runestone_SB": 3142, "Collective Brutality": 489, "Faithful Mending": 889, "Greasefang, Okiba Boss": 1175, "Hallowed Fountain": 1216, "Parhelion II": 1970, "Raffine's Tower": 2106, "Shattered Sanctum": 2400, "Skysovereign, Consul Flagship": 2467, "Stubborn Denial": 2618, "Tainted Indulgence": 2678, "Deafening Silence_SB": 611, "Dovin's Veto_SB": 704, "Silence_SB": 2431, "Vanishing Verse_SB": 3035, "Fetid Pools": 957, "Yorion, Sky Nomad": 3198, "Krenko's Buzzcrusher": 1545, "Arclight Phoenix": 106, "Fiery Impulse": 964, "Izzet Charm": 1444, "Lightning Axe": 1602, "Prismari Command": 2065, "Spikefield Hazard": 2536, "Stormcarved Coast": 2604, "Treasure Cruise": 2894, "Dawnwing Marshal": 596, "Bishop of Wings": 210, "Branchloft Pathway": 301, "Cave of the Frost Dragon": 412, "Collected Company": 488, "Eiganjo, Seat of the Empire": 770, "Nykthos, Shrine to Nyx": 1879, "Overgrown Farmland": 1937, "Portable Hole": 2049, "Resplendent Marshal": 2200, "Righteous Valkyrie": 2228, "Temple Garden": 2702, "Archon of Absolution_SB": 103, "Brave the Elements_SB": 303, "Brutal Cathar_SB": 339, "Heroic Intervention_SB": 1289, "Reidane, God of the Worthy_SB": 2179, "Shapers' Sanctuary_SB": 2396, "Kroxa, Titan of Death's Hunger": 1549, "Cavalier of Thorns": 411, "Elvish Mystic": 790, "Kiora, Behemoth Beckoner": 1515, "Lair of the Hydra": 1557, "Leyline of the Guildpact": 1594, "Oath of Nissa": 1882, "Old-Growth Troll": 1902, "Storm the Festival": 2603, "Ulvenwald Oddity": 2935, "Arasta of the Endless Web_SB": 87, "Emrakul, the Promised End_SB": 797, "Setessan Petitioner_SB": 2392, "Burner Rocket": 347, "Cloudspire Skycycle": 481, "Dynamite Diver": 755, "Guidelight Synergist": 1206, "Kolodin, Triumph Caster": 1536, "Count on Luck": 543, "Frenzied Goblin": 1025, "Doubling Season_SB": 702, "Fanatical Firebrand_SB": 899, "Howlsquad Heavy_SB": 1337, "Reckless Lackey_SB": 2160, "Rundvelt Hordemaster_SB": 2278, "District Mascot": 681, "Shivan Devastator": 2413, "Zimone, Paradox Sculptor": 3211, "Tyvar, the Pummeler_SB": 2934, "Zopandrel, Hunger Dominus_SB": 3215, "Aurelia, the Warleader": 145, "Gilded Ghoda": 1101, "Ledger Shredder": 1575, "Brazen Borrower_SB": 306, "Prismari Command_SB": 2066, "Ashiok, Nightmare Muse_SB": 122, "Foreboding Ruins": 1004, "Invoke Despair": 1429, "Kolaghan's Command_SB": 1535, "Haunted Ridge": 1244, "Mana Confluence": 1694, "Barrier Breach_SB": 180, "Leyline of Sanctity_SB": 1592, "Colossus Hammer": 501, "Eldritch Evolution": 773, "Raffine's Informant": 2105, "Sigarda's Aid": 2429, "Soulflayer": 2507, "Sylvan Caryatid": 2670, "Bloodline Culling_SB": 247, "Collective Brutality_SB": 490, "Portable Hole_SB": 2050, "Bonecrusher Giant": 266, "Burning-Tree Emissary": 349, "Chandra, Torch of Defiance": 436, "Collision // Colossus": 496, "Gruul Spellbreaker": 1199, "Kami's Flare": 1482, "Pelt Collector": 1983, "Voltaic Brawler": 3098, "Zhur-Taa Goblin": 3208, "Bonecrusher Giant_SB": 267, "Chandra, Torch of Defiance_SB": 437, "Cindervines_SB": 463, "Kami's Flare_SB": 1483, "Roiling Vortex_SB": 2259, "Furnace Punisher_SB": 1042, "Laughing Jasper Flint_SB": 1564, "Rocky Roads": 2255, "Lumbering Worldwagon_SB": 1657, "Cosmic Rebirth_SB": 540, "Mondrak, Glory Dominus_SB": 1794, "Become Brutes_SB": 197, "Cindering Cutthroat_SB": 462, "Ravine Raider_SB": 2142, "Risky Shortcut_SB": 2233, "Spin Out_SB": 2537, "Steampath Charger_SB": 2581, "Drake Hatcher_SB": 719, "Eddymurk Crab_SB": 764, "Goblin Oriflamme": 1147, "Devouring Sugarmaw": 662, "Amalia Benavides Aguirre_SB": 51, "Elas il-Kor, Sadistic Pilgrim_SB": 772, "Fiendish Panda_SB": 960, "Knight of Dawn's Light_SB": 1524, "Mimeoplasm, Revered One": 1747, "Etched Familiar": 841, "Spectral Interference": 2518, "Winter, Cursed Rider": 3168, "Streetwise Negotiator_SB": 2612, "Divine Resilience": 689, "Greenhouse // Rickety Gazebo": 1185, "Silken Strength": 2434, "Map the Frontier": 1698, "Realm-Scorcher Hellkite": 2151, "Sentinel of Lost Lore_SB": 2383, "Spyglass Siren_SB": 2558, "Herd Migration_SB": 1285, "Kykar, Zephyr Awakener": 1555, "The Huntsman's Redemption_SB": 2747, "Lathril, Blade of the Elves_SB": 1562, "Armored Armadillo_SB": 115, "Gixian Infiltrator_SB": 1115, "Gloryheath Lynx_SB": 1136, "Threefold Thunderhulk_SB": 2827, "Primeval Bounty": 2062, "Cryptcaller Chariot": 560, "Steel Hellkite_SB": 2582, "Rangers' Refueler": 2128, "Cursed Recording_SB": 577, "Mindsparker_SB": 1748, "Thirsting Roots": 2793, "Gigantosaurus": 1099, "Llanowar Stalker": 1628, "Ghalta, Primal Hunger_SB": 1082, "Gigantosaurus_SB": 1100, "Disenchant": 671, "Captain Howler, Sea Scourge_SB": 380, "Karn, Living Legacy_SB": 1486, "Quaketusk Boar": 2091, "The Stasis Coffin": 2777, "Kellan Joins Up": 1500, "Ovika, Enigma Goliath_SB": 1956, "Bestow Greatness_SB": 201, "Leaping Ambush": 1574, "Raucous Theater_SB": 2139}}