{"vocabulary": {"Blooming Marsh": 254, "Cut Down": 574, "Demolition Field": 633, "Duress": 735, "Fabled Passage": 867, "Forest": 997, "Fountainport": 1008, "Freestrider Lookout": 1011, "Ghost Vacuum": 1074, "Glissa Sunslayer": 1116, "Go for the Throat": 1126, "Harvester of Misery": 1221, "Iridescent Vinelasher": 1415, "Liliana of the Veil": 1590, "Llanowar Wastes": 1609, "Meathook Massacre II": 1700, "Mosswood Dreadknight": 1786, "Restless Cottage": 2179, "Sentinel of the Nameless City": 2353, "Sunken Citadel": 2601, "Swamp": 2621, "Underground Mortuary": 2910, "Virtue of Persistence": 3038, "Anoint with Affliction_SB": 77, "Choking Miasma_SB": 450, "Duress_SB": 736, "Ghost Vacuum_SB": 1075, "Hostile Investigator_SB": 1319, "Liliana of the Veil_SB": 1591, "Tear Asunder_SB": 2661, "The End_SB": 2701, "Tranquil Frillback_SB": 2851, "Abhorrent Oculus": 1, "Adarkar Wastes": 15, "Chart a Course": 442, "Floodfarm Verge": 978, "Get Lost": 1059, "Haughty Djinn": 1224, "Helping Hand": 1262, "Into the Flood Maw": 1381, "Island": 1419, "Meticulous Archive": 1713, "Moment of Truth": 1766, "Phantom Interference": 1969, "Picklock Prankster": 1992, "Plains": 2005, "Recommission": 2136, "Seachrome Coast": 2322, "Sleight of Hand": 2442, "Soul Partition": 2468, "Three Steps Ahead": 2785, "Elspeth's Smite_SB": 777, "Kutzil's Flanker_SB": 1532, "Monastery Mentor_SB": 1770, "Negate_SB": 1814, "Temporary Lockdown_SB": 2679, "Archangel of Wrath": 95, "Atraxa, Grand Unifier": 138, "Cavern of Souls": 411, "Hedge Maze": 1252, "Herd Migration": 1269, "Hushwood Verge": 1330, "Leyline Binding": 1566, "Lush Portico": 1646, "Mountain": 1788, "Overlord of the Hauntwoods": 1920, "Overlord of the Mistmoors": 1922, "Sunfall": 2598, "Temporary Lockdown": 2678, "Up the Beanstalk": 2948, "Cease // Desist_SB": 416, "Get Lost_SB": 1060, "Invasion of Tolvada_SB": 1409, "Jace, the Perfected Mind_SB": 1431, "Kaya, Intangible Slayer_SB": 1471, "Nissa, Ascended Animist_SB": 1833, "Tishana's Tidebinder_SB": 2817, "Blackcleave Cliffs": 217, "Fireglass Mentor": 962, "Flamecache Gecko": 966, "Forsaken Miner": 1002, "Gev, Scaled Scorch": 1065, "Hired Claw": 1298, "Laughing Jasper Flint": 1543, "Mudflat Village": 1792, "Restless Vents": 2189, "Sulfurous Springs": 2590, "Thought-Stalker Warlock": 2769, "Cut Down_SB": 575, "Glistening Deluge_SB": 1118, "Sheoldred's Edict_SB": 2375, "Urabrask's Forge_SB": 2952, "Cacophony Scamp": 357, "Copperline Gorge": 523, "Emberheart Challenger": 785, "Heartfire Hero": 1243, "Karplusan Forest": 1467, "Leyline of Resonance": 1570, "Might of the Meek": 1721, "Monastery Swiftspear": 1771, "Monstrous Rage": 1776, "Picnic Ruiner": 1993, "Snakeskin Veil": 2456, "Thornspire Verge": 2764, "Turn Inside Out": 2876, "Witch's Mark": 3131, "Obliterating Bolt_SB": 1862, "Pawpatch Formation_SB": 1950, "Torch the Tower_SB": 2837, "Twisted Fealty_SB": 2885, "Enduring Innocence": 794, "Entity Tracker": 809, "Ethereal Armor": 833, "Fae Flight": 870, "Gremlin Tamer": 1171, "Inquisitive Glimmer": 1363, "Optimistic Scavenger": 1888, "Ossification": 1897, "Shardmage's Rescue": 2366, "Sheltered by Ghosts": 2371, "Destroy Evil_SB": 650, "Kitnap_SB": 1500, "Ossification_SB": 1898, "Archfiend of the Dross": 99, "Bloodletter of Aclazotz": 244, "Deep-Cavern Bat": 614, "Long Goodbye": 1613, "Nowhere to Run": 1850, "Overlord of the Balemurk": 1914, "Unholy Annex && Ritual Chamber": 2918, "Unstoppable Slasher": 2939, "Cruelclaw's Heist_SB": 550, "Gix's Command_SB": 1097, "Harvester of Misery_SB": 1222, "Sheoldred_SB": 2378, "Sheoldred, the Apocalypse_SB": 2377, "Withering Torment_SB": 3137, "Battlefield Forge": 188, "Case of the Gateway Express": 392, "Gleeful Demolition": 1112, "Imodane's Recruiter": 1341, "Inspiring Vantage": 1374, "Knight-Errant of Eos": 1509, "Novice Inspector": 1849, "Resolute Reinforcements": 2169, "Sanguine Evangelist": 2273, "Shivan Reef": 2383, "Spirebluff Canal": 2511, "Spyglass Siren": 2526, "Warden of the Inner Sky": 3085, "Warleader's Call": 3090, "Yotian Frontliner": 3159, "Protect the Negotiators_SB": 2050, "Tectonic Hazard_SB": 2663, "Witchstalker Frenzy_SB": 3135, "Doorkeeper Thrull_SB": 690, "Soul Partition_SB": 2469, "Snakeskin Veil_SB": 2457, "Darkslick Shores": 582, "Enduring Curiosity": 792, "Ertai Resurrected": 817, "Faerie Mastermind": 877, "Gloomlake Verge": 1120, "Kaito, Bane of Nightmares": 1452, "Malcolm, Alluring Scoundrel": 1669, "Restless Reef": 2183, "Undercity Sewers": 2909, "Underground River": 2911, "Aclazotz, Deepest Betrayal_SB": 12, "Disdainful Stroke_SB": 662, "Vren, the Relentless_SB": 3075, "Beza, the Bounding Spring": 203, "Brushland": 336, "Elspeth's Smite": 776, "Boon-Bringer Valkyrie_SB": 275, "Archangel Elspeth": 91, "Caretaker's Talent": 382, "Carrot Cake": 387, "Lay Down Arms": 1548, "Loran of the Third Path": 1623, "Shadowy Backstreet": 2364, "Loran of the Third Path_SB": 1624, "Rest in Peace_SB": 2174, "Don't Make a Sound": 687, "Essence Scatter": 825, "Gix, Yawgmoth Praetor": 1098, "Mirrex": 1736, "Preacher of the Schism": 2030, "Sheoldred, the Apocalypse": 2376, "Ertai Resurrected_SB": 818, "Silent Hallcreeper": 2401, "Case of the Stashed Skeleton": 397, "Corpses of the Lost": 524, "Gisa, the Hellraiser": 1090, "Tinybones Joins Up": 2810, "Tinybones, the Pickpocket": 2813, "Unholy Annex && Ritual Chamber_SB": 2919, "Anoint with Affliction": 76, "Tishana's Tidebinder": 2816, "Soul-Guide Lantern_SB": 2474, "Lightning Strike": 1586, "Mishra's Foundry": 1747, "Obliterating Bolt": 1861, "Rockface Village": 2224, "Shock": 2384, "Slickshot Show-Off": 2447, "Squee, Dubious Monarch": 2528, "Urabrask's Forge": 2951, "Witchstalker Frenzy": 3134, "Jaya, Fiery Negotiator_SB": 1435, "Koth, Fire of Resistance_SB": 1521, "Lithomantic Barrage_SB": 1599, "Scorching Dragonfire_SB": 2304, "Fell_SB": 937, "Phyrexian Arena_SB": 1976, "Caustic Bronco": 407, "Gix's Command": 1096, "Disfigure_SB": 666, "Innkeeper's Talent": 1360, "Vraska, Betrayal's Sting": 3071, "Fortune, Loyal Steed": 1004, "Frontier Seeker": 1017, "Virtue of Loyalty": 3036, "Enduring Innocence_SB": 795, "Sunder the Gateway_SB": 2597, "Beza, the Bounding Spring_SB": 204, "Obstinate Baloth_SB": 1866, "Callous Sell-Sword": 366, "Manifold Mouse": 1676, "Restless Ridgeline": 2185, "Royal Treatment": 2239, "Sazacap's Brew": 2290, "Pyroclasm_SB": 2060, "Wear Down_SB": 3102, "Goddric, Cloaked Reveler": 1137, "Squee, Dubious Monarch_SB": 2529, "Torch the Tower": 2836, "Sunspine Lynx_SB": 2606, "Lightning Helix": 1584, "Restless Bivouac": 2177, "Abrade_SB": 4, "Bonehoard Dracosaur_SB": 268, "Brotherhood's End_SB": 334, "Invasion of Gobakhan_SB": 1395, "Parting Gust": 1945, "Toby, Beastie Befriender": 2825, "Aclazotz, Deepest Betrayal": 11, "Caves of Koilos": 414, "Concealed Courtyard": 505, "Legions to Ashes": 1559, "Restless Fortress": 2181, "Zoraline, Cosmos Caller": 3174, "Jace, the Perfected Mind": 1430, "Calamity, Galloping Inferno": 362, "Outcaster Trailblazer": 1904, "Overlord of the Boilerbilges": 1916, "Pyroclasm": 2059, "Smuggler's Surprise": 2454, "Spinewoods Armadillo": 2507, "Terror of the Peaks": 2687, "Elegant Parlor": 767, "Imodane's Recruiter_SB": 1342, "Audacity": 140, "Questing Druid": 2065, "Analyze the Pollen": 56, "Tranquil Frillback": 2850, "Demonic Ruckus": 641, "Lightning Helix_SB": 1585, "Charming Scoundrel": 440, "Jaya, Fiery Negotiator": 1434, "Blazemire Verge": 227, "Clockwork Percussionist": 475, "Defiled Crypt // Cadaver Lab": 627, "Disturbing Mirth": 676, "Fear of Missing Out": 912, "Final Vengeance": 958, "Pitiless Carnage": 2002, "Popular Egotist": 2021, "Raucous Theater": 2111, "Spiteful Hexmage": 2513, "Caustic Bronco_SB": 408, "Go for the Throat_SB": 1127, "Faerie Dreamthief": 874, "Faerie Fencing": 875, "Obyra, Dreaming Duelist": 1867, "Sheoldred's Edict": 2374, "Sleep-Cursed Faerie": 2441, "Spell Stutter": 2495, "Ego Drain_SB": 760, "Tear Asunder": 2660, "Sorcerous Spyglass_SB": 2467, "Break Out": 309, "Commercial District": 501, "Inti, Seneschal of the Sun": 1376, "Omnivorous Flytrap": 1883, "Patchwork Beastie": 1948, "Screaming Nemesis": 2315, "Seed of Hope": 2342, "Wildfire Wickerfolk": 3118, "Haywire Mite_SB": 1233, "Exorcise": 842, "Exorcise_SB": 843, "Serra Paragon_SB": 2357, "Deduce": 612, "Idyllic Beachfront": 1337, "No More Lies": 1836, "Overlord of the Floodpits": 1918, "Restless Anchorage": 2175, "Stoic Sphinx_SB": 2566, "Legions to Ashes_SB": 1560, "Make Your Own Luck": 1665, "Make Your Own Luck_SB": 1666, "Dreams of Steel and Oil_SB": 722, "Urgent Necropsy_SB": 2960, "Disfigure": 665, "Negate": 1813, "Pick Your Poison_SB": 1991, "Scorching Shot_SB": 2306, "Betrayer's Bargain": 201, "Case of the Crimson Pulse_SB": 390, "Braids, Arisen Nightmare": 294, "Greedy Freebooter": 1166, "Hopeless Nightmare": 1312, "Undead Sprinter": 2906, "Nowhere to Run_SB": 1851, "Undead Sprinter_SB": 2907, "Painter's Studio && Defaced Gallery": 1936, "Thran Portal": 2776, "Kaito, Bane of Nightmares_SB": 1453, "Deadly Cover-Up": 600, "Drag to the Bottom": 702, "Phyrexian Fleshgorger": 1981, "Soul of Windgrace": 2472, "The Cruelty of Gix": 2695, "Trumpeting Carnosaur": 2869, "Chandra, Hope's Beacon_SB": 430, "Leyline of the Void_SB": 1576, "Season of Gathering_SB": 2330, "Split Up": 2517, "The Eternal Wanderer": 2703, "Spelunking": 2500, "Breach the Multiverse_SB": 307, "Blot Out": 257, "Corrupted Conviction": 527, "Diabolic Intent": 658, "Enduring Vitality": 798, "Pillage the Bog": 1999, "Stormsplitter": 2577, "Glissa Sunslayer_SB": 1117, "Sword of Once and Future_SB": 2632, "Zur, Eternal Schemer": 3178, "Season of the Burrow": 2335, "Unidentified Hovership": 2922, "Sunfall_SB": 2599, "Unstoppable Slasher_SB": 2940, "Embereth Veteran": 784, "Felonious Rage": 939, "Mirran Banesplitter": 1735, "Painter's Studio // Defaced Gallery": 1938, "Phoenix Chick": 1973, "Drannith Ruins_SB": 715, "Armored Scrapgorger": 116, "Axebane Ferox": 151, "Ghalta, Stampede Tyrant": 1069, "Glimpse the Core": 1115, "Green Sun's Twilight": 1167, "Llanowar Loamspeaker": 1607, "Nissa, Ascended Animist": 1832, "Railway Brawler": 2085, "Tyrranax Rex": 2891, "Vaultborn Tyrant": 3000, "Bite Down_SB": 211, "Hard-Hitting Question_SB": 1214, "Tyvar's Stand_SB": 2895, "Botanical Sanctum": 283, "Cease // Desist": 415, "Impulse": 1348, "Stormchaser's Talent": 2574, "The Huntsman's Redemption": 2711, "Valley Floodcaller": 2980, "Yavimaya Coast": 3154, "Into the Flood Maw_SB": 1382, "Ral, Crackling Wit_SB": 2096, "Kaya, Intangible Slayer": 1470, "Kaya, Spirits' Justice": 1472, "Surge of Salvation": 2611, "Overprotect": 1924, "Valgavoth's Onslaught_SB": 2974, "Ancient Cornucopia": 60, "Doppelgang_SB": 692, "Unholy Annex // Ritual Chamber": 2920, "Blot Out_SB": 258, "Beseech the Mirror": 198, "Conduit Pylons": 507, "Escape Tunnel": 821, "Live or Die": 1600, "Rush of Dread": 2254, "Bandit's Talent_SB": 171, "Hopeless Nightmare_SB": 1313, "Rottenmouth Viper_SB": 2236, "Thought-Stalker Warlock_SB": 2770, "Deadly Cover-Up_SB": 601, "Get Out": 1061, "Bitter Triumph": 214, "Growing Dread": 1180, "Hauntwoods Shrieker": 1231, "Manifest Dread": 1675, "No One Left Behind": 1838, "Not Dead After All": 1845, "Oblivious Bookworm": 1863, "Satoru, the Infiltrator": 2280, "Splash Portal": 2515, "Valgavoth, Terror Eater": 2975, "Cankerbloom_SB": 374, "The Swarmweaver_SB": 2746, "Brotherhood's End": 333, "Coiling Rebirth": 481, "Enduring Courage": 790, "Rakdos Joins Up": 2089, "The Elder Dragon War": 2698, "Vein Ripper": 3003, "Elusive Otter": 778, "Khenra Spellspear": 1493, "Kitsa, Otterball Elite": 1501, "Pearl of Wisdom": 1953, "Proft's Eidetic Memory": 2041, "Restless Spire": 2187, "Blue Sun's Twilight_SB": 259, "Third Path Iconoclast_SB": 2756, "Cache Grab": 355, "Ral, Crackling Wit": 2095, "Keen-Eyed Curator_SB": 1477, "Helga, Skittish Seer": 1255, "Floodpits Drowner": 979, "Malicious Eclipse_SB": 1673, "Hostile Investigator": 1318, "Phyrexian Missionary": 1983, "Azure Beastbinder": 156, "Crystal Grotto": 562, "Invasion of Segovia": 1404, "Protect the Negotiators": 2049, "Regal Bunnicorn": 2146, "Caretaker's Talent_SB": 383, "Betrayer's Bargain_SB": 202, "Shock_SB": 2385, "Calix, Guided by Fate": 363, "Razorverge Thicket": 2120, "Valgavoth's Lair": 2972, "Agatha's Soul Cauldron": 29, "Cheeky House-Mouse": 444, "Flowerfoot Swordmaster": 985, "Lost Jitte": 1629, "Mabel, Heir to Cragflame": 1650, "Nettle Guard": 1818, "Rabid Gnaw": 2072, "Raging Battle Mouse": 2084, "Voldaren Thrillseeker": 3055, "Parting Gust_SB": 1946, "Requisition Raid_SB": 2168, "Shardmage's Rescue_SB": 2367, "Sheltered by Ghosts_SB": 2372, "Boon-Bringer Valkyrie": 274, "Abandoned Campground": 0, "Ephara's Dispersal": 811, "Getaway Glamer": 1063, "Monastery Mentor": 1769, "Change the Equation_SB": 436, "Ephara's Dispersal_SB": 812, "Surge of Salvation_SB": 2612, "High Noon": 1290, "Elesh Norn, Mother of Machines_SB": 773, "Destroy Evil": 649, "The Eternal Wanderer_SB": 2704, "Doppelgang": 691, "High Noon_SB": 1291, "Rockface Village_SB": 2225, "Elesh Norn_SB": 774, "Season of the Burrow_SB": 2336, "Long River's Pull": 1616, "Mockingbird": 1754, "Razorkin Needlehead": 2115, "Sunspine Lynx": 2605, "Overlord of the Mistmoors_SB": 1923, "Brave the Wilds": 302, "Bushwhack": 353, "Eddymurk Crab": 755, "This Town Ain't Big Enough": 2759, "Tolarian Terror": 2830, "Mountain_SB": 1789, "Three Steps Ahead_SB": 2786, "Cruelclaw's Heist": 549, "Spellgyre": 2498, "Stoic Sphinx": 2565, "Preacher of the Schism_SB": 2031, "Elas il-Kor, Sadistic Pilgrim": 763, "Hajar, Loyal Bodyguard": 1195, "Honest Rutstein": 1308, "Plaza of Heroes": 2010, "Rakdos, the Muscle": 2092, "Ratadrabik of Urborg": 2106, "The Jolly Balloon Man": 2716, "Blast Zone": 225, "Cityscape Leveler": 461, "Fomori Vault": 990, "Ill-Timed Explosion": 1338, "Simulacrum Synthesizer": 2410, "Skitterbeam Battalion": 2418, "Stern Lesson": 2555, "The Mightstone and Weakstone": 2724, "Thran Spider": 2777, "Thundering Falls": 2800, "Volcanic Spite": 3052, "Giant Growth": 1082, "Furnace Reins_SB": 1031, "Builder's Talent": 339, "Steel Seraph": 2551, "Subterranean Schooner": 2587, "Zoetic Glyph": 3170, "Assimilation Aegis_SB": 132, "Not on My Watch_SB": 1848, "Abrade": 3, "Archangel Elspeth_SB": 92, "Koth, Fire of Resistance": 1520, "The Rollercrusher Ride": 2734, "Phyrexian Dragon Engine_SB": 1980, "Lay Down Arms_SB": 1549, "Magda, the Hoardmaster": 1656, "Vadmir, New Blood": 2969, "Vraan, Executioner Thane": 3067, "Archfiend of the Dross_SB": 100, "Darkstar Augur": 583, "Enduring Tenacity": 796, "Essence Channeler": 823, "Ruin-Lurker Bat": 2244, "Starscape Cleric": 2540, "Valley Rotcaller": 2984, "Dewdrop Cure_SB": 657, "Founding the Third Path": 1005, "Lumra, Bellow of the Woods": 1640, "Squirming Emergence": 2530, "Terror Tide": 2685, "Wail of the Forgotten": 3076, "Goldvein Hydra_SB": 1141, "Doomsday Excruciator": 688, "Malicious Eclipse": 1672, "Azure Beastbinder_SB": 157, "Kaervek, the Punisher_SB": 1451, "Gix, Yawgmoth Praetor_SB": 1099, "Virtue of Persistence_SB": 3039, "Wrenn and Realmbreaker_SB": 3147, "Geological Appraiser_SB": 1056, "Screaming Nemesis_SB": 2316, "Vengeful Possession_SB": 3009, "Outrageous Robbery_SB": 1909, "Flow of Knowledge": 983, "Shore Up": 2388, "Abhorrent Oculus_SB": 2, "Faerie Mastermind_SB": 878, "Minor Misstep_SB": 1731, "Shore Up_SB": 2389, "Unauthorized Exit_SB": 2903, "Annie Joins Up": 73, "Djeru and Hazoret": 683, "Dragonhawk, Fate's Tempest": 707, "Etali, Primal Conqueror": 828, "Huatli, Poet of Unity": 1322, "Kogla and Yidaro": 1512, "Roxanne, Starfall Savant": 2237, "Bandit's Talent": 170, "Nurturing Pixie": 1853, "Rottenmouth Viper": 2235, "Tithing Blade": 2822, "Calamity's Wake_SB": 361, "Split Up_SB": 2518, "Dollmaker's Shop // Porcelain Gallery_SB": 686, "Commune with Evil": 503, "Rite of the Moth": 2209, "Splitskin Doll": 2519, "Valgavoth's Faithful": 2971, "Unwanted Remake_SB": 2946, "Steamcore Scholar": 2547, "Invasion of Amonkhet_SB": 1389, "Nemata, Primeval Warden": 1816, "Urgent Necropsy": 2959, "The Filigree Sylex_SB": 2707, "Hammerhand_SB": 1206, "Heaped Harvest": 1241, "Bring the Ending": 320, "Dismal Backwater": 667, "Distorted Curiosity": 671, "Drown in Ichor": 727, "Experimental Augury": 847, "Infectious Inquiry": 1354, "Murky Sewer": 1800, "Prologue to Phyresis": 2045, "Reject Imperfection": 2152, "Season of Loss": 2331, "Vraska's Fall": 3069, "Infectious Inquiry_SB": 1355, "Pestilent Syphoner_SB": 1966, "Aftermath Analyst": 25, "Akawalli, the Seething Tower": 42, "Altanak, the Thrice-Called": 48, "Blanchwood Prowler": 222, "Breach the Multiverse": 306, "Bringer of the Last Gift": 322, "Maha, Its Feathers Night": 1662, "Rubblebelt Maverick": 2241, "Say Its Name": 2288, "Strangled Cemetery": 2578, "Terramorphic Expanse": 2683, "Uurg, Spawn of Turg": 2968, "Voracious Varmint": 3061, "Wary Watchdog": 3095, "Murder_SB": 1798, "Abraded Bluffs": 5, "Armored Armadillo": 113, "Draconic Destiny": 699, "Etali's Favor": 827, "Grand Entryway // Elegant Rotunda": 1156, "Loran's Escape": 1625, "Raucous Carnival": 2109, "Skrelv, Defector Mite": 2421, "Slumbering Keepguard": 2450, "War Squeak": 3083, "Griffnaut Tracker_SB": 1176, "Loran's Escape_SB": 1626, "Smash to Dust_SB": 2451, "Take Up the Shield_SB": 2646, "Broodspinner": 331, "Deathcap Marionette": 606, "Hollow Marauder": 1303, "Huskburster Swarm": 1331, "Jungle Hollow": 1449, "Overwhelming Remorse": 1928, "Writhing Necromass": 3151, "Desperate Bloodseeker_SB": 648, "Echo of Dusk_SB": 753, "Urborg Repossession_SB": 2955, "Voracious Varmint_SB": 3062, "Creosote Heath": 547, "Crystal Carapace": 561, "Etched Cornfield": 831, "Ghostly Dancers": 1076, "Hopeful Vigil": 1311, "Hunter's Talent": 1327, "Toadstool Admirer": 2824, "Petrify_SB": 1968, "Conceited Witch": 506, "Fear of Infinity": 907, "Glimmerlight": 1114, "Shoreline Looter": 2390, "The Witch's Vanity": 2751, "Extract a Confession_SB": 859, "Unable to Scream_SB": 2901, "Elesh Norn, Mother of Machines": 772, "Forlorn Flats": 1001, "Hero of the Dunes": 1271, "Phyrexian Rager": 1987, "Ruthless Lawbringer": 2257, "Scoured Barrens": 2308, "Skullcap Snail": 2425, "Unscrupulous Agent": 2932, "Candy Grapple_SB": 371, "Deadly Riposte_SB": 603, "Nettle Guard_SB": 1819, "Overwhelming Remorse_SB": 1929, "Tithing Blade_SB": 2823, "Vanish into Eternity_SB": 2996, "Gixian Infiltrator": 1100, "Jagged Barrens": 1432, "Sawblade Skinripper": 2286, "Not Dead After All_SB": 1846, "Unseal the Necropolis_SB": 2933, "Bonecache Overseer": 264, "Ichor Drinker": 1334, "Insidious Roots": 1369, "Izoni, Center of the Web": 1425, "Ozolith, the Shattered Spire": 1932, "Skyfisher Spider": 2431, "Snarling Gorehound": 2459, "Stubborn Burrowfiend": 2585, "Twitching Doll": 2886, "Urborg Repossession": 2954, "Lord Skitter, Sewer King": 1627, "Drag to the Bottom_SB": 703, "Enduring Curiosity_SB": 793, "Requisition Raid": 2167, "Third Path Iconoclast": 2755, "Artist's Talent_SB": 119, "Ill-Timed Explosion_SB": 1339, "Kellan, Inquisitive Prodigy": 1483, "Bonny Pall, Clearcutter_SB": 270, "Pest Control_SB": 1964, "Royal Treatment_SB": 2240, "Valley Floodcaller_SB": 2981, "Invasion of Amonkhet": 1388, "Render Inert": 2158, "Rona's Vortex_SB": 2232, "Pawpatch Formation": 1949, "Skrelv's Hive_SB": 2420, "Shoot the Sheriff": 2386, "The Stone Brain_SB": 2743, "Dreadmaw's Ire": 716, "Karumonix, the Rat King": 1469, "Lilypad Village": 1594, "Nashi, Searcher in the Dark": 1809, "Persistent Marshstalker": 1962, "Vren, the Relentless": 3074, "Withering Torment": 3136, "Anzrag's Rampage_SB": 81, "Terisian Mindbreaker": 2682, "The Mindskinner": 2727, "Eliminate the Impossible_SB": 775, "No More Lies_SB": 1837, "Push // Pull": 2057, "Fade from History_SB": 869, "The Wandering Rescuer": 2749, "Blazing Crescendo": 228, "Dreadmaw's Ire_SB": 717, "Cryptic Coat_SB": 557, "Insatiable Avarice": 1365, "The Infamous Cruelclaw": 2713, "Lord Skitter, Sewer King_SB": 1628, "Untimely Malfunction_SB": 2944, "Flowstone Infusion": 986, "Archdruid's Charm": 97, "Arid Archway": 110, "Tyrranax Rex_SB": 2892, "Assassin's Trophy": 129, "Pawpatch Recruit_SB": 1952, "Break the Spell_SB": 311, "Feather of Flight": 919, "Highway Robbery": 1294, "Wrenn's Resolve": 3149, "Collector's Vault": 489, "Demonic Counsel": 635, "Reenact the Crime": 2143, "Treasure Map": 2859, "Karn's Sylex_SB": 1464, "Jodah, the Unifier": 1440, "Melira, the Living Cure": 1704, "Relic of Legends": 2154, "Rona, Herald of Invasion": 2233, "Sigarda, Font of Blessings": 2399, "Drana and Linvala_SB": 712, "Kellan, the Kid_SB": 1489, "Kutzil, Malamet Exemplar_SB": 1534, "Myrel, Shield of Argive_SB": 1803, "Skrelv, Defector Mite_SB": 2422, "The Wandering Rescuer_SB": 2750, "Tinybones Joins Up_SB": 2811, "Gishath, Sun's Avatar": 1092, "Restless Vinestalk": 2190, "Aspirant's Ascent": 127, "Enter the Enigma": 807, "Ivy, Gleeful Spellthief": 1422, "Molten Duplication": 1761, "Take the Fall": 2648, "Venerated Rotpriest": 3005, "Ivy, Gleeful Spellthief_SB": 1423, "Ojer Axonil, Deepest Might": 1872, "Geological Appraiser": 1055, "Roaring Furnace // Steaming Sauna": 2221, "Cavern of Souls_SB": 412, "Kogla and Yidaro_SB": 1513, "Up the Beanstalk_SB": 2949, "Vaultborn Tyrant_SB": 3001, "Dusk Rose Reliquary": 738, "Song of Totentanz_SB": 2465, "Torch the Witness": 2838, "Balustrade Wurm_SB": 168, "Fae Flight_SB": 871, "Silent Hallcreeper_SB": 2402, "Spellbook Vendor": 2497, "Stenn, Paranoid Partisan": 2553, "Gremlin Tamer_SB": 1172, "Dreams of Steel and Oil": 721, "Scrapshooter_SB": 2310, "Unholy Annex // Ritual Chamber_SB": 2921, "Amalia Benavides Aguirre": 49, "Case of the Uneaten Feast": 399, "Lunar Convocation": 1641, "Assimilation Aegis": 131, "Braided Net": 292, "Ezrim, Agency Chief": 863, "No Witnesses": 1840, "Season of Weaving": 2333, "The Everflowing Well": 2705, "Thousand Moons Smithy": 2773, "Unstable Glyphbridge": 2936, "Worldwalker Helm": 3143, "Spring-Loaded Sawblades_SB": 2524, "Chimil, the Inner Sun": 446, "Clay-Fired Bricks": 470, "Farsight Ritual": 891, "Defabricate_SB": 620, "Ezrim, Agency Chief_SB": 864, "Feed the Cycle": 923, "Quick Study": 2068, "Chrome Host Seedshark_SB": 452, "Horned Loch-Whale": 1314, "Long Goodbye_SB": 1614, "The Cruelty of Gix_SB": 2696, "Season of Loss_SB": 2332, "Unidentified Hovership_SB": 2923, "Awaken the Woods": 150, "Bonny Pall, Clearcutter": 269, "Goldvein Hydra": 1140, "Nissa, Resurgent Animist": 1834, "Pick Your Poison": 1990, "Surge Engine": 2609, "Training Grounds": 2846, "Vorinclex": 3063, "Aftermath Analyst_SB": 26, "Training Grounds_SB": 2847, "Fortified Beachhead": 1003, "Harbin, Vanguard Aviator": 1208, "Recruitment Officer": 2138, "Zephyr Sentinel": 3163, "Regal Bunnicorn_SB": 2147, "Cryptic Coat": 556, "Valley Flamecaller": 2979, "Scales of Shale_SB": 2295, "Corpses of the Lost_SB": 525, "Change the Equation": 435, "Teferi, Temporal Pilgrim": 2665, "The End": 2700, "Get Out_SB": 1062, "Anointed Peacekeeper": 78, "Archangel of Tithes": 93, "Guardian of New Benalia": 1187, "Veteran Survivor": 3018, "Anointed Peacekeeper_SB": 79, "Tocasia's Welcome_SB": 2828, "Darkstar Augur_SB": 584, "Bandit's Haul": 169, "Conduit of Worlds": 508, "Faunsbane Troll": 897, "The Goose Mother": 2709, "Stormkeld Vanguard_SB": 2576, "Commercial District_SB": 502, "White Sun's Twilight": 3112, "Innkeeper's Talent_SB": 1361, "Restless Ridgeline_SB": 2186, "Crawling Chorus": 545, "Fleeting Reflection": 974, "Reasonable Doubt": 2127, "Serum Snare": 2358, "The Seedcore": 2736, "Annex Sentry_SB": 71, "Bring the Ending_SB": 321, "Fallaji Archaeologist": 884, "Fugitive Codebreaker": 1020, "Slickshot Show-Off_SB": 2448, "Drag the Canal": 700, "Patchwork Banner": 1947, "Kaito, Dancing Shadow_SB": 1457, "Rona's Vortex": 2231, "Invasion of Tolvada": 1408, "Archangel of Wrath_SB": 96, "Zur, Eternal Schemer_SB": 3179, "Skrelv's Hive": 2419, "Sword of Forge and Frontier_SB": 2630, "Sword of Forge and Frontier": 2629, "Sword of Once and Future": 2631, "Unwanted Remake": 2945, "Arabella, Abandoned Doll": 82, "Case of the Gateway Express_SB": 393, "Jawbone Duelist": 1433, "Cenote Scout": 419, "Keen-Eyed Curator": 1476, "Scrapshooter": 2309, "Serra Paragon": 2356, "Choking Miasma": 449, "Thrun, Breaker of Silence_SB": 2798, "Seal from Existence": 2323, "Fountainport_SB": 1010, "Scorching Shot": 2305, "Emberheart Challenger_SB": 786, "Not on My Watch": 1847, "Binding Negotiation_SB": 207, "Restless Prairie": 2182, "Scrollshift": 2317, "Two-Headed Hunter": 2887, "Tyvar's Stand": 2894, "Valley Questcaller": 2983, "Render Inert_SB": 2159, "Dollmaker's Shop && Porcelain Gallery": 684, "Demolition Field_SB": 634, "Overlord of the Floodpits_SB": 1919, "Deep-Cavern Bat_SB": 615, "Agatha's Soul Cauldron_SB": 30, "Lavaspur Boots_SB": 1547, "Overlord of the Balemurk_SB": 1915, "Torpor Orb_SB": 2841, "Arabella, Abandoned Doll_SB": 83, "Bitter Reunion": 212, "Restless Anchorage_SB": 2176, "Molten Collapse": 1759, "Overlord of the Boilerbilges_SB": 1917, "Invasion of Innistrad": 1396, "Island_SB": 1420, "Long River's Pull_SB": 1617, "Pawpatch Recruit": 1951, "Hunter's Talent_SB": 1328, "Trial of Agony_SB": 2863, "Fugitive Codebreaker_SB": 1021, "Bitter Triumph_SB": 215, "Misery's Shadow_SB": 1744, "Seedglaive Mentor_SB": 2343, "Hugs, Grisly Guardian": 1323, "Lukka, Bound to Ruin": 1634, "Migloz, Maze Crusher": 1723, "Ojer Kaslem, Deepest Growth": 1873, "Seized from Slumber": 2348, "Quintorius Kand_SB": 2070, "Soul Search_SB": 2471, "Walk-In Closet && Forgotten Cellar": 3079, "Assassin's Trophy_SB": 130, "Osseous Sticktwister_SB": 1896, "Unable to Scream": 2900, "Horned Loch-Whale_SB": 1315, "No Witnesses_SB": 1841, "Cursed Recording": 570, "Fires of Victory": 963, "Piggy Bank": 1994, "Rankle's Prank": 2102, "Sunken Citadel_SB": 2602, "Farsight Ritual_SB": 892, "Scorching Dragonfire": 2303, "Bladecoil Serpent_SB": 220, "Phyrexian Arena": 1975, "Urza's Sylex": 2965, "Marchesa, Dealer of Death": 1682, "Curate": 567, "Proft's Eidetic Memory_SB": 2042, "Starscape Cleric_SB": 2541, "Confounding Riddle": 510, "The Enigma Jewel": 2702, "The Swarmweaver": 2745, "Plumecreed Escort": 2011, "Come Back Wrong_SB": 500, "Intrude on the Mind": 1387, "Insatiable Avarice_SB": 1366, "Phyrexian Fleshgorger_SB": 1982, "Sheoldred": 2373, "Baird, Argivian Recruiter": 161, "Dollmaker's Shop // Porcelain Gallery": 685, "Artist's Talent": 118, "Brass's Tunnel-Grinder": 300, "Capricious Hellraiser": 376, "Chandra, Hope's Beacon": 429, "Virtue of Knowledge_SB": 3035, "Ruthless Negotiation_SB": 2260, "Sunfire Torch": 2600, "Legion Extruder": 1556, "Blossoming Tortoise": 256, "Knight of Dusk's Shadow_SB": 1506, "Meeting of Minds": 1703, "Stoke the Flames": 2567, "Stormcatch Mentor": 2573, "Campus Renovation": 368, "One with the Multiverse": 1885, "Portal to Phyrexia": 2024, "Rankle's Prank_SB": 2103, "Mirror Room // Fractured Realm": 1739, "Trapped in the Screen": 2854, "Leyline of Hope": 1568, "Shoot the Sheriff_SB": 2387, "Shrouded Shepherd_SB": 2395, "Arcane Proxy": 88, "Bilious Skulldweller": 205, "Venser, Corpse Puppet": 3012, "Drown in Ichor_SB": 728, "Reject Imperfection_SB": 2153, "Serum Snare_SB": 2359, "Venser, Corpse Puppet_SB": 3013, "Vraska, Betrayal's Sting_SB": 3072, "Whisper of the Dross_SB": 3111, "Astor, Bearer of Blades": 133, "Blacksmith's Talent": 218, "Bladehold War-Whip": 221, "Chainsaw": 425, "Dissection Tools": 669, "Rebel Salvo": 2128, "Chrome Prowler": 453, "Combat Thresher": 498, "Hidden Cataract": 1279, "Hidden Courtyard": 1280, "Liberator, Urza's Battlethopter": 1577, "Out Cold": 1901, "Lost in the Maze_SB": 1632, "Spark Rupture_SB": 2486, "Case of the Crimson Pulse": 389, "Scavenger's Talent": 2299, "Coati Scavenger": 479, "Drag to the Roots": 704, "Ego Drain": 759, "Spell Stutter_SB": 2496, "Talion's Messenger_SB": 2651, "Questing Druid_SB": 2066, "Balustrade Wurm": 167, "The Skullspore Nexus": 2737, "Wrenn and Realmbreaker": 3146, "Glass Casket": 1105, "Repel Calamity": 2162, "Witch's Mark_SB": 3132, "Walk-In Closet && Forgotten Cellar_SB": 3080, "Twinferno": 2879, "Song of Totentanz": 2464, "Tarnation Vista": 2656, "Thundertrap Trainer": 2804, "Dissection Tools_SB": 670, "Volcanic Spite_SB": 3053, "Sandstorm Verge": 2272, "Outrageous Robbery": 1908, "Pillage the Bog_SB": 2000, "Pest Control": 1963, "Manifold Mouse_SB": 1677, "Cankerbloom": 373, "Violent Urge": 3029, "Argentum Masticore_SB": 108, "Archdruid's Charm_SB": 98, "Ghostly Dancers_SB": 1077, "Virtue of Knowledge": 3034, "Micromancer": 1717, "Case of the Filched Falcon": 391, "Invasion of Ixalan": 1397, "Bristlebud Farmer_SB": 324, "Drannith Ruins": 714, "Clement, the Worrywort": 472, "Dour Port-Mage": 695, "Dreamdew Entrancer": 719, "Long River Lurker": 1615, "Mistbreath Elder": 1749, "Oakhollow Village": 1857, "Pond Prophet": 2020, "Sunshower Druid": 2603, "Three Tree Scribe": 2789, "Valley Mightcaller": 2982, "Coppercoat Vanguard": 521, "Valiant Veteran": 2977, "Misery's Shadow": 1743, "Kellan, Daring Traveler": 1482, "Syr Ginger, the Meal Ender": 2638, "Teething Wurmlet": 2664, "Tough Cookie": 2842, "Aven Interrupter_SB": 149, "Tail Swipe_SB": 2642, "Bristly Bill, Spine Sower": 326, "Case of the Locked Hothouse": 394, "Evolving Wilds": 839, "Festering Gulch": 943, "Fake Your Own Death_SB": 883, "Forest_SB": 998, "Heaped Harvest_SB": 1242, "Swamp_SB": 2622, "Sharp-Eyed Rookie": 2368, "Annex Sentry": 70, "Slaughter Singer": 2440, "Ajani, Sleeper Agent_SB": 39, "Disenchant_SB": 664, "Blood Hustler": 237, "Fauna Shaman": 895, "Haywire Mite": 1232, "Kami of Whispered Hopes": 1461, "Likeness Looter": 1589, "Lively Dirge": 1601, "Nashi, Moon's Legacy": 1808, "Tyvar, Jubilant Brawler": 2896, "Burrowguard Mentor": 350, "Finneas, Ace Archer": 960, "Hop to It": 1309, "Seasoned Warrenguard": 2338, "Treeguard Duo_SB": 2861, "Demand Answers": 632, "Metropolis Reformer_SB": 1716, "Magebane Lizard_SB": 1658, "Roaring Furnace && Steaming Sauna": 2219, "Breeches, Eager Pillager": 312, "Captain Storm, Cosmium Raider": 379, "Goblin Tomb Raider": 1136, "Kitesail Larcenist": 1498, "Malcolm, the Eyes": 1671, "Reckless Lackey": 2131, "Roaming Throne": 2217, "Staunch Crewmate": 2545, "Roaming Throne_SB": 2218, "Chupacabra Echo": 454, "Cruel Somnophage": 548, "Gnawing Vermin": 1124, "Hollow Scavenger": 1305, "Urborg Lhurgoyf": 2953, "Take Up the Shield": 2645, "Jirina, Dauntless General_SB": 1439, "Slime Against Humanity": 2449, "Explosive Derailment": 851, "Fell": 936, "Great Train Heist": 1162, "Kaervek, the Punisher": 1450, "Lazav, Familiar Stranger": 1550, "Vial Smasher, Gleeful Grenadier": 3021, "Niv-Mizzet, Supreme": 1835, "Hedge Shredder": 1253, "Grievous Wound_SB": 1175, "Terror Tide_SB": 2686, "Cathartic Parting_SB": 404, "Impulse_SB": 1349, "Lich-Knights' Conquest_SB": 1579, "Overlord of the Hauntwoods_SB": 1921, "Phantom Interference_SB": 1970, "Virtue of Loyalty_SB": 3037, "Return the Favor": 2195, "Chainsaw_SB": 426, "Might of the Meek_SB": 1722, "Rabid Gnaw_SB": 2073, "Turn Inside Out_SB": 2877, "Bovine Intervention_SB": 291, "Scatter Ray": 2297, "Ashiok, Wicked Manipulator_SB": 123, "Ghired, Mirror of the Wilds": 1070, "Cult Conscript": 563, "Fear of Impostors": 905, "Monstrous Emergence_SB": 1775, "Roaring Furnace && Steaming Sauna_SB": 2220, "Aven Interrupter": 148, "Hidetsugu and Kairi": 1287, "Under the Skin": 2908, "Elusive Otter_SB": 779, "Unyielding Gatekeeper": 2947, "Etali, Primal Conqueror_SB": 829, "Lightning Strike_SB": 1587, "Restricted Office && Lecture Hall_SB": 2191, "Season of Weaving_SB": 2334, "Razorkin Needlehead_SB": 2116, "Cunning Coyote": 565, "Osteomancer Adept": 1899, "Tail Swipe": 2641, "Thraxodemon": 2780, "Fear of Lost Teeth": 911, "Invasion of Azgol": 1391, "The Witch's Vanity_SB": 2752, "Tinybones, the Pickpocket_SB": 2814, "Decadent Dragon": 610, "Rakdos, Patron of Chaos": 2091, "Gingerbrute": 1089, "Marvin, Murderous Mimic": 1688, "Monstrous Emergence": 1774, "Kitesail Larcenist_SB": 1499, "Repulsive Mutation_SB": 2165, "The Infamous Cruelclaw_SB": 2714, "Lupinflower Village": 1644, "Pollen-Shield Hare": 2015, "Three Tree City": 2787, "Glass Casket_SB": 1106, "Ingenious Prodigy": 1359, "Kaito, Dancing Shadow": 1456, "Plumecreed Escort_SB": 2012, "Ashiok, Wicked Manipulator": 122, "Final Showdown": 956, "Kutzil's Flanker": 1531, "Captivating Cave": 380, "Teferi, Temporal Pilgrim_SB": 2666, "Aloe Alchemist": 47, "Yavimaya Iconoclast": 3155, "Hearth Elemental": 1248, "Lavaspur Boots": 1546, "Hearth Elemental_SB": 1249, "Zoraline, Cosmos Caller_SB": 3175, "Neutralize the Guards_SB": 1821, "Bloodletter of Aclazotz_SB": 245, "Braids, Arisen Nightmare_SB": 295, "Torch the Witness_SB": 2839, "Pugnacious Hammerskull_SB": 2055, "Wrenn's Resolve_SB": 3150, "Fear of Isolation": 909, "Glarb, Calamity's Augur": 1103, "Glarb, Calamity's Augur_SB": 1104, "Market Gnome": 1683, "Kambal, Profiteering Mayor_SB": 1460, "Warden of the Inner Sky_SB": 3086, "Painter's Studio && Defaced Gallery_SB": 1937, "Planar Disruption_SB": 2008, "Portent of Calamity": 2025, "The Irencrag": 2715, "Scrollshift_SB": 2318, "Overprotect_SB": 1925, "Floodpits Drowner_SB": 980, "Lukka, Bound to Ruin_SB": 1635, "Roxanne, Starfall Savant_SB": 2238, "Black Sun's Twilight": 216, "Corrupt": 526, "Haunted Mire": 1228, "Iridescent Vinelasher_SB": 1416, "Errant and Giada": 815, "Werefox Bodyguard_SB": 3108, "Lost in the Maze": 1631, "Bristling Backwoods": 325, "Rugged Highlands": 2243, "Great Train Heist_SB": 1163, "Razortrap Gorge": 2119, "Herbology Instructor_SB": 1268, "Hidden Grotto": 1281, "Maelstrom Pulse": 1654, "Scavenging Ooze": 2300, "Vivien Reid": 3044, "Liliana, Dreadhorde General_SB": 1593, "Maelstrom Pulse_SB": 1655, "Heroic Reinforcements": 1275, "Phyrexian Obliterator": 1985, "Back for Seconds_SB": 159, "Case of the Stashed Skeleton_SB": 398, "Homicide Investigator_SB": 1307, "Boros Charm": 277, "Burst Lightning": 351, "Llanowar Elves": 1604, "Abyssal Harvester": 9, "Day of Judgment": 590, "Authority of the Consuls_SB": 146, "Devout Decree_SB": 655, "Flashfreeze_SB": 971, "Evangel of Synthesis": 836, "Zombify": 3172, "Desecration Demon_SB": 645, "Wail of the Forgotten_SB": 3077, "Soulstone Sanctuary": 2481, "Scavenging Ooze_SB": 2301, "Vivien Reid_SB": 3045, "Basilisk Collar_SB": 185, "Sun-Blessed Healer": 2592, "Temple of Triumph": 2677, "Campus Renovation_SB": 369, "Boltwave": 262, "Virtue of Courage": 3032, "Heartflame Duelist_SB": 1247, "Slagstorm_SB": 2439, "Splitskin Doll_SB": 2520, "Mazemind Tome": 1697, "Crystal Barricade_SB": 560, "Bloodthirsty Conqueror_SB": 249, "Kellan, Planar Trailblazer": 1485, "Opt": 1886, "Faebloom Trick": 872, "Feed the Swarm_SB": 927, "Kaito, Cunning Infiltrator_SB": 1455, "Spinner of Souls": 2509, "Pitiless Carnage_SB": 2003, "Kiora, the Rising Tide": 1496, "Ghitu Lavarunner": 1072, "Thrill of Possibility": 2792, "Blooming Blast_SB": 253, "Elenda, Saint of Dusk": 769, "Garna, Bloodfist of Keld": 1040, "Kellan, the Kid": 1488, "Secluded Courtyard": 2340, "Authority of the Consuls": 145, "Exemplar of Light": 840, "Fiendish Panda": 948, "Hinterland Sanctifier": 1296, "Elenda, Saint of Dusk_SB": 770, "Combat Research": 497, "Spectral Sailor": 2491, "Unsummon": 2941, "Brineborn Cutthroat_SB": 319, "Ertai's Scorn_SB": 820, "Flow of Knowledge_SB": 984, "Haughty Djinn_SB": 1225, "Urza's Rebuff_SB": 2963, "Hero's Downfall": 1272, "Liliana, Dreadhorde General": 1592, "Temple of Malady": 2672, "Temple of Plenty": 2675, "Temple of Silence": 2676, "Mortify_SB": 1783, "White Sun's Twilight_SB": 3113, "Felidar Retreat": 933, "Herald of Eternal Dawn": 1263, "Loot, Exuberant Explorer": 1619, "Mossborn Hydra": 1784, "Giant Cindermaw_SB": 1081, "Bloodthirsty Conqueror": 248, "Heartflame Duelist": 1246, "Viashino Pyromancer": 3022, "Ball Lightning": 164, "Bloodfeather Phoenix": 240, "Grab the Prize": 1149, "Lyra Dawnbringer_SB": 1648, "Virtue of Courage_SB": 3033, "Abyssal Harvester_SB": 10, "Painter's Studio // Defaced Gallery_SB": 1939, "Kaito, Cunning Infiltrator": 1454, "Sphinx of Forgotten Lore": 2501, "Aetherize_SB": 23, "Feldon's Cane_SB": 929, "Demonic Pact": 639, "Harmless Offering": 1217, "Ethereal Armor_SB": 834, "Cathar Commando": 402, "Knight of Grace": 1507, "Ajani, Caller of the Pride_SB": 36, "Dead Weight": 595, "Gixian Puppeteer": 1102, "Revenge of the Rats": 2196, "Terror Ballista": 2684, "The Ancient One": 2693, "Razorlash Transmogrant_SB": 2118, "Reclamation Sage_SB": 2135, "An Offer You Can't Refuse_SB": 55, "Trapped in the Screen_SB": 2855, "Llanowar Greenwidow": 1606, "Final Showdown_SB": 957, "Subterranean Schooner_SB": 2588, "Virtue of Strength": 3040, "Worldsoul's Rage": 3142, "Hero's Downfall_SB": 1273, "Zurgo and Ojutai": 3180, "Refute": 2144, "Curator of Destinies_SB": 568, "Day of Judgment_SB": 591, "Ashroot Animist": 126, "Polukranos Reborn": 2018, "Ruby, Daring Tracker": 2242, "Muerra, Trash Tactician_SB": 1794, "Soulless Jailer_SB": 2478, "Boros Charm_SB": 278, "Anim Pakal, Thousandth Moon": 67, "Jirina, Dauntless General": 1438, "Deathmark_SB": 607, "Joust Through_SB": 1446, "Knight of Grace_SB": 1508, "Raise the Past_SB": 2087, "Arcanis the Omnipotent_SB": 90, "Feed the Cycle_SB": 924, "Insidious Fungus_SB": 1368, "Stab_SB": 2532, "Dazzling Denial": 593, "Empyrean Eagle": 787, "Healer's Hawk": 1240, "Blooming Blast": 252, "Coruscation Mage": 530, "Firebrand Archer": 961, "Bloated Contaminator": 234, "High Stride": 1292, "Infectious Bite": 1353, "Aspirant's Ascent_SB": 128, "Distorted Curiosity_SB": 672, "Enter the Enigma_SB": 808, "Fleeting Reflection_SB": 975, "High Stride_SB": 1293, "Prologue to Phyresis_SB": 2046, "This Town Ain't Big Enough_SB": 2760, "Greed's Gambit": 1164, "Molten Collapse_SB": 1760, "Sire of Seven Deaths_SB": 2413, "Temple of Deceit": 2669, "Sentinel of the Nameless City_SB": 2354, "Doubling Season": 693, "Cathar Commando_SB": 403, "Elegant Parlor_SB": 768, "Thrun, Breaker of Silence": 2797, "Buried in the Garden": 344, "Clifftop Lookout": 473, "Fecund Greenshell": 921, "Genesis Wave": 1054, "Invasion of Zendikar": 1410, "Tender Wildguide": 2680, "Roaring Furnace // Steaming Sauna_SB": 2222, "Chimil, the Inner Sun_SB": 447, "Pilfer_SB": 1998, "Urborg Scavengers_SB": 2957, "Ferocification_SB": 942, "Audacity_SB": 141, "Hard-Hitting Question": 1213, "Starfall Invocation": 2538, "Ajani's Pridemate": 34, "Arahbo, the First Fang": 85, "Banishing Light": 172, "Joust Through": 1445, "Prideful Parent": 2033, "Regal Caracal": 2148, "Savannah Lions": 2282, "Skyknight Squire": 2433, "Banishing Light_SB": 173, "Claws Out_SB": 469, "Brineborn Cutthroat": 318, "Desecration Demon": 644, "Cynical Loner": 577, "Driver of the Dead": 725, "Gatekeeper of Malakir": 1050, "Infestation Sage": 1356, "Kalastria Highborn": 1458, "Nullpriest of Oblivion": 1852, "Pulse Tracker": 2056, "Vampire Nighthawk": 2991, "Vengeful Bloodwitch": 3007, "Undergrowth Recon": 2912, "Walk-In Closet // Forgotten Cellar": 3081, "An Offer You Can't Refuse": 54, "Carnelian Orb of Dragonkind": 384, "Invasion of Tarkir": 1405, "Sarkhan, Soul Aflame": 2279, "Slagstorm": 2438, "Stingerback Terror": 2558, "Twinflame Tyrant": 2881, "Omniscience": 1882, "Drag to the Roots_SB": 705, "Witness Protection_SB": 3139, "Luminous Rebuke": 1638, "Primal Might": 2034, "Arcanis the Omnipotent": 89, "Moment of Craving_SB": 1764, "Invasion of Regatha": 1402, "Tinybones, Bauble Burglar": 2812, "Sphinx of Forgotten Lore_SB": 2502, "Ashnod's Intervention": 125, "Barbed Batterfist": 177, "Bloodfeather Phoenix_SB": 241, "Koma, World-Eater": 1517, "Valgavoth, Terror Eater_SB": 2976, "Fear of Impostors_SB": 906, "Giada, Font of Hope": 1078, "Guardian of Ghirapur": 1186, "Lyra Dawnbringer": 1647, "Resplendent Angel": 2170, "Youthful Valkyrie": 3160, "Witness Protection": 3138, "Fabrication Foundry": 868, "Fumigate": 1023, "Hammerhand": 1205, "Sawblade Scamp": 2285, "Citanul Stalwart": 460, "Dwynen's Elite": 744, "Elvish Archdruid": 780, "Imperious Perfect": 1345, "Leaf-Crowned Visionary": 1552, "Surrak and Goreclaw": 2618, "Tyvar the Bellicose": 2893, "Tyvar, the Pummeler": 2897, "Dwynen, Gilt-Leaf Daen_SB": 746, "Deeproot Wayfinder": 618, "Restless Cottage_SB": 2180, "Unsummon_SB": 2942, "Sire of Seven Deaths": 2412, "Surrak, the Hunt Caller": 2620, "Wildborn Preserver_SB": 3116, "Searslicer Goblin": 2327, "Stromkirk Noble": 2584, "Reclamation Sage": 2134, "Case of the Locked Hothouse_SB": 395, "Bulk Up": 341, "Chandra, Flameshaper": 427, "Leyline Axe": 1565, "Neglected Manor": 1815, "Sporogenic Infection": 2521, "Commune with Evil_SB": 504, "Fear of Missing Out_SB": 913, "Swiftblade Vindicator": 2624, "Archmage of Runes": 101, "Ertai's Scorn": 819, "Metamorphic Blast": 1711, "Unauthorized Exit": 2902, "Harrier Strix_SB": 1220, "Strix Lookout_SB": 2581, "The Tale of Tamiyo_SB": 2748, "Twist Reality_SB": 2883, "Helpful Hunter": 1261, "Knight of Dawn's Light": 1503, "Raise the Past": 2086, "Enduring Tenacity_SB": 797, "Leyline of Hope_SB": 1569, "Coppercoat Vanguard_SB": 522, "Garna, Bloodfist of Keld_SB": 1041, "Massacre Wurm_SB": 1692, "Burst Lightning_SB": 352, "Vampire Nighthawk_SB": 2992, "Runic Shot_SB": 2252, "Razorlash Transmogrant": 2117, "Huskburster Swarm_SB": 1332, "Hearthborn Battler": 1250, "Invasion of Tarkir_SB": 1406, "Guardian of the Great Door": 1188, "Lonely Arroyo": 1612, "Norn's Inquisitor": 1844, "Spring-Loaded Sawblades": 2523, "Electrostatic Infantry": 766, "Impact Tremors": 1343, "Kindlespark Duo": 1494, "Ral's Reinforcements": 2094, "Rodeo Pyromancers": 2227, "The Autonomous Furnace": 2694, "Deadeye Duelist_SB": 597, "Skewer Slinger_SB": 2415, "Thunder Salvo_SB": 2799, "Fear of Being Hunted": 901, "Frenzied Goblin_SB": 1014, "Gloomfang Mauler": 1119, "Possessed Goat": 2026, "Shroudstomper": 2396, "Tocasia's Dig Site": 2826, "Vile Mutilator": 3026, "Deadly Brew": 598, "Osseous Sticktwister": 1895, "Thornwood Falls": 2766, "Azorius Guildgate": 155, "Beanstalk Wurm": 192, "Boros Guildgate": 279, "Circuitous Route": 459, "Dimir Guildgate": 660, "Eaten Alive": 750, "Expedition Map": 844, "Golgari Guildgate": 1143, "Gruul Guildgate": 1183, "Insidious Fungus": 1367, "Izzet Guildgate": 1427, "Maze's End": 1695, "Muldrotha, the Gravetide": 1795, "Orzhov Guildgate": 1894, "Rakdos Guildgate": 2088, "Selesnya Guildgate": 2350, "Simic Guildgate": 2409, "Tatyova, Benthic Druid": 2658, "Atraxa's Fall_SB": 137, "Brightblade Stoat_SB": 315, "Savor_SB": 2284, "Agate-Blade Assassin": 28, "Outlaws' Fury": 1906, "Ravine Raider": 2113, "Scales of Shale": 2294, "Agate Assault_SB": 27, "Bake into a Pie_SB": 162, "Hazardous Blast_SB": 1234, "Dewdrop Cure": 656, "Elesh Norn": 771, "Goblin Surprise": 1135, "Irreverent Gremlin": 1418, "Krenko, Mob Boss": 1527, "Norin, Swift Survivalist": 1842, "Vicious Clown": 3024, "Wind-Scarred Crag": 3123, "Involuntary Employment_SB": 1414, "Contaminated Aquifer": 519, "Marauding Brinefang": 1680, "Soul-Guide Lantern": 2473, "Union of the Third Path": 2924, "Vanish into Eternity": 2995, "Candy Trail": 372, "Desperate Bloodseeker": 647, "Marauding Blight-Priest": 1679, "Moment of Craving": 1763, "Murder": 1797, "Savor": 2283, "Servant of the Stinger": 2360, "Sanguine Indulgence_SB": 2275, "Soul-Shackled Zombie_SB": 2476, "Midnight Mayhem": 1719, "Ratcatcher Trainee": 2107, "Scytheclaw Raptor_SB": 2321, "Dragon Fodder": 706, "Keldon Strike Team_SB": 1479, "Bartolom\u00e9 del Presidio": 181, "Midnight Reaper": 1720, "Nezumi Linkbreaker": 1824, "Vampire Gourmand": 2990, "Prophetic Prism": 2048, "Souls of the Lost": 2479, "Basilisk Collar": 184, "Ambush Wolf_SB": 51, "Dead Weight_SB": 596, "Fog of War_SB": 989, "Aetherize": 22, "Peculiar Lighthouse": 1954, "Swiftwater Cliffs": 2627, "Tranquil Cove": 2848, "Tolarian Terror_SB": 2831, "Union of the Third Path_SB": 2925, "Hidetsugu's Second Rite": 1288, "Ghitu Lavarunner_SB": 1073, "Boulderbranch Golem": 288, "Fierce Empath": 950, "Galewind Moose": 1036, "Gossip's Talent": 1148, "Gruff Triplets": 1182, "Lush Oasis": 1645, "Mirage Mesa": 1733, "Outcaster Greenblade": 1903, "Sunshower Druid_SB": 2604, "Banner of Kinship": 174, "Baylen, the Haymaker": 190, "Blossoming Sands": 255, "Hare Apparent": 1216, "Kayla's Reconstruction": 1475, "Hinterland Sanctifier_SB": 1297, "Drag the Canal_SB": 701, "Scatter Ray_SB": 2298, "Stingerback Terror_SB": 2559, "Flamewake Phoenix_SB": 968, "Grand Entryway && Elegant Rotunda": 1155, "Karplusan Forest_SB": 1468, "Argoth, Sanctum of Nature": 109, "Cosmic Rebirth": 533, "Elvish Regrower": 783, "Springbloom Druid": 2525, "Titania, Voice of Gaea": 2820, "Tolsimir, Midnight's Light": 2832, "Twisted Fealty": 2884, "Aegis Turtle_SB": 18, "Temple of Malice": 2673, "Night of the Sweets' Revenge": 1826, "Welcome to Sweettooth": 3106, "Cosmium Confluence_SB": 536, "See Double_SB": 2341, "Volatile Fault_SB": 3051, "Fiery Annihilation_SB": 952, "Elvish Archivist": 781, "Calix, Guided by Fate_SB": 364, "Divine Resilience_SB": 682, "Unflinching Courage_SB": 2917, "Valorous Stance_SB": 2989, "Immersturm Predator": 1340, "Trygon Predator_SB": 2870, "Dwynen, Gilt-Leaf Daen": 745, "Lathril, Blade of the Elves": 1541, "Wildborn Preserver": 3115, "Ajani, Caller of the Pride": 35, "Angel of Vitality": 64, "Leonin Vanguard": 1561, "Extinguish the Light_SB": 858, "Nine-Lives Familiar": 1831, "Voracious Greatshark": 3060, "Anthem of Champions": 80, "Armasaur Guide": 112, "Biogenic Upgrade": 208, "Charming Prince": 439, "Dazzling Angel": 592, "Felidar Savior": 935, "Felling Blow": 938, "Gnarlid Colony": 1123, "Good-Fortune Unicorn": 1147, "Inspiring Call": 1371, "Inspiring Paladin": 1373, "Mild-Mannered Librarian": 1725, "Pacifism": 1933, "Wary Thespian": 3094, "Wildwood Scourge": 3119, "Rite of Replication": 2206, "Swiftfoot Boots_SB": 2626, "Silver Scrutiny_SB": 2405, "Eaten by Piranhas_SB": 752, "Phyrexian Obliterator_SB": 1986, "Axebane Ferox_SB": 152, "Flourishing Bloom-Kin": 982, "Ghalta, Primal Hunger": 1067, "Alesha, Who Laughs at Fate": 44, "Aurelia, the Law Above": 143, "Perforating Artist": 1958, "Voldaren Thrillseeker_SB": 3056, "Urabrask": 2950, "Crash Through": 543, "Drake Hatcher": 710, "Slick Sequence": 2445, "Feed the Swarm": 926, "Crawling Barrens": 544, "Mazemind Tome_SB": 1698, "Atraxa, Grand Unifier_SB": 139, "Phyrexian Censor": 1977, "Phyrexian Vindicator": 1988, "Volatile Fault": 3050, "Seal from Existence_SB": 2324, "Stasis Snare_SB": 2543, "Urborg Scavengers": 2956, "Zetalpa, Primal Dawn": 3166, "Chrome Host Seedshark": 451, "Ichormoon Gauntlet": 1335, "Jace Reawakened": 1428, "Jin-Gitaxias": 1437, "Temple of Epiphany": 2671, "Galvanize_SB": 1038, "Tocasia's Welcome": 2827, "Bonehoard Dracosaur": 267, "Dragonlord's Servant": 708, "Incinerator of the Guilty": 1350, "Kolaghan Warmonger": 1514, "Rivaz of the Claw": 2210, "Tyrant of Kher Ridges": 2888, "Push // Pull_SB": 2058, "Burglar Rat": 343, "Halo Forager": 1202, "Hidden Necropolis": 1282, "Macabre Waltz": 1652, "Mindsplice Apparatus": 1728, "Painful Quandary": 1934, "Psychic Whorl": 2052, "Rune-Scarred Demon": 2250, "The Key to the Vault": 2719, "Joint Exploration": 1444, "Titania's Command_SB": 2819, "Dawn's Truce": 587, "Colossal Rattlewurm": 494, "Desert's Due": 646, "Duelist of the Mind": 733, "Rattleback Apothecary": 2108, "Tatyova, Steward of Tides": 2659, "Tomb Trawler_SB": 2834, "Urza's Sylex_SB": 2966, "The Rollercrusher Ride_SB": 2735, "Titania, Voice of Gaea_SB": 2821, "Nashi, Searcher in the Dark_SB": 1810, "Inspiration from Beyond": 1370, "Realmbreaker, the Invasion Tree_SB": 2126, "Grand Abolisher_SB": 1154, "Filter Out_SB": 954, "Kutzil, Malamet Exemplar": 1533, "Runic Shot": 2251, "Herald of Eternal Dawn_SB": 1264, "Sun-Blessed Healer_SB": 2593, "Seeker's Folly": 2344, "Mortify": 1782, "Coveted Falcon": 540, "Greed's Gambit_SB": 1165, "Valgavoth's Onslaught": 2973, "Stab": 2531, "Vinereap Mentor": 3027, "Ferocification": 941, "Dreadwing Scavenger": 718, "Broodspinner_SB": 332, "The Gitrog, Ravenous Ride_SB": 2708, "Collector's Cage": 487, "Invasion of Gobakhan": 1394, "Fiery Annihilation": 951, "Invasion of Arcavios": 1390, "Beseech the Mirror_SB": 199, "Heroic Reinforcements_SB": 1276, "Peerless Recycling_SB": 1955, "Wing Commando": 3125, "Bloodfell Caves": 242, "Essence Scatter_SB": 826, "Cerebral Confiscation_SB": 422, "Ruthless Negotiation": 2259, "Haunted Screen": 1230, "Prayer of Binding": 2029, "Furnace Reins": 1030, "River's Rebuke": 2211, "Koma, World-Eater_SB": 1518, "Primeval Bounty_SB": 2036, "River's Rebuke_SB": 2212, "Regal Caracal_SB": 2149, "Kiora, the Rising Tide_SB": 1497, "Rat Out_SB": 2105, "Plains_SB": 2006, "Faebloom Trick_SB": 873, "Throne of the Grim Captain": 2794, "The Kenriths' Royal Funeral_SB": 2718, "Saiba Cryptomancer": 2267, "Zoetic Glyph_SB": 3171, "Seized from Slumber_SB": 2349, "Inspiring Overseer": 1372, "Mischievous Pup": 1742, "Surgical Suite // Hospital Room": 2616, "Angel of Finality_SB": 63, "Belligerent Yearling": 197, "Colossadactyl": 493, "Earthshaker Dreadmaw": 749, "Giant Cindermaw": 1080, "Itzquinth, Firstborn of Gishath": 1421, "Ixalli's Lorekeeper": 1424, "Rogue's Passage": 2228, "Scytheclaw Raptor": 2320, "Thrashing Brontodon": 2779, "Triumphant Chomp": 2867, "Armored Kincaller_SB": 115, "Badlands Revival": 160, "Copper Host Crusher": 520, "Feed the Infection": 925, "Vinereap Mentor_SB": 3028, "Seize the Secrets": 2346, "Soured Springs": 2483, "Ankle Biter": 69, "Fynn, the Fangbearer": 1032, "Nimraiser Paladin": 1830, "The Dross Pits": 2697, "The Hunter Maze": 2710, "Kraul Whipcracker": 1522, "Wardens of the Cycle": 3087, "At Knifepoint": 135, "Fanatical Firebrand": 887, "Hellspur Brute": 1257, "Caught in the Crossfire_SB": 405, "Mourner's Surprise_SB": 1790, "Unflinching Courage": 2916, "Sanguine Evangelist_SB": 2274, "Sandstorm Salvager": 2270, "Hired Claw_SB": 1299, "Autonomous Assembler": 147, "Quintorius Kand": 2069, "Kayla's Command_SB": 1474, "Starfall Invocation_SB": 2539, "Luminous Rebuke_SB": 1639, "Massacre Wurm": 1691, "Stalactite Stalker": 2533, "Felidar Retreat_SB": 934, "Dreamdew Entrancer_SB": 720, "Werefox Bodyguard": 3107, "Spinner of Souls_SB": 2510, "Gisa, the Hellraiser_SB": 1091, "Bitter Reunion_SB": 213, "Jace Reawakened_SB": 1429, "Dust Animus": 740, "Steel Seraph_SB": 2552, "Dust Animus_SB": 741, "Gumdrop Poisoner_SB": 1193, "Archangel of Tithes_SB": 94, "Demonic Counsel_SB": 636, "Warleader's Call_SB": 3091, "Phyrexian Censor_SB": 1978, "Callous Sell-Sword_SB": 367, "Rat Out": 2104, "Lively Dirge_SB": 1602, "Herbology Instructor": 1267, "Restless Bivouac_SB": 2178, "Scorn-Blade Berserker": 2307, "Imperious Perfect_SB": 1346, "Sandstorm Salvager_SB": 2271, "Tough Cookie_SB": 2843, "Raucous Carnival_SB": 2110, "Cavernous Maw": 413, "Forgotten Monument": 1000, "Titania's Command": 2818, "Grievous Wound": 1174, "Funeral Room // Awakening Hall_SB": 1026, "Rise of the Dark Realms_SB": 2204, "Urza, Lord Protector": 2967, "Curious Forager": 569, "The Mycotyrant": 2730, "Thornvault Forager": 2765, "Sporogenic Infection_SB": 2522, "Seize the Spoils": 2347, "Canonized in Blood": 375, "Cemetery Recruitment": 418, "Diregraf Ghoul": 661, "Hungry Ghoul": 1326, "Mephitic Draught": 1709, "Offer Immortality": 1869, "Sanguine Syphoner": 2276, "Skeleton Archer": 2414, "Vampiric Rites": 2994, "Fumigate_SB": 1024, "Valkyrie's Call_SB": 2978, "Skystrike Officer": 2437, "Temple of Enlightenment": 2670, "Mockingbird_SB": 1755, "Temple of Mystery": 2674, "Timely Interference": 2808, "Vesuvan Duplimancy": 3016, "Dive Down_SB": 678, "Scrawling Crawler_SB": 2313, "Dryad Militant_SB": 731, "Bristlebud Farmer": 323, "Charred Foyer && Warped Space_SB": 441, "Absolving Lammasu_SB": 6, "Think Twice": 2753, "Micromancer_SB": 1718, "Coruscation Mage_SB": 531, "Bruse Tarl, Roving Rancher": 335, "Fblthp, Lost on the Range": 898, "Weakstone's Subjugation": 3099, "Fblthp, Lost on the Range_SB": 899, "Weakstone's Subjugation_SB": 3100, "Bottomless Pool && Locker Room": 284, "Hidetsugu's Second Rite_SB": 1289, "Invasion of Karsus_SB": 1400, "Mirror Room && Fractured Realm_SB": 1738, "Sword of Wealth and Power_SB": 2634, "Wildfire Howl_SB": 3117, "Zurgo and Ojutai_SB": 3181, "Halo Forager_SB": 1203, "Mabel, Heir to Cragflame_SB": 1651, "Ballyrush Banneret": 165, "Siege Veteran_SB": 2397, "Soulstone Sanctuary_SB": 2482, "Karn, Living Legacy": 1465, "Metropolis Reformer": 1715, "Krenko's Buzzcrusher_SB": 1526, "Silverback Elder_SB": 2406, "Blood Spatter Analysis": 239, "Final Vengeance_SB": 959, "Branchblight Stalker": 298, "Gitaxian Anatomist": 1093, "Goliath Hatchery": 1144, "Ichorspit Basilisk": 1336, "Lakeside Shack": 1538, "Maze's Mantle": 1696, "Meat Locker // Drowned Diner": 1699, "Mesmerizing Dose": 1710, "Paladin of Predation": 1940, "Plague Nurse": 2004, "Tainted Observer": 2644, "Tangled Islet": 2655, "Thrummingbird": 2796, "Tyrranax Atrocity": 2890, "Venomous Brutalizer": 3011, "Viral Spawning": 3031, "Vivisurgeon's Insight": 3046, "Angelic Intervention": 65, "Omenpath Journey": 1881, "Poison Dart Frog": 2013, "Rampaging Baloths": 2097, "Rundvelt Hordemaster": 2248, "Migloz, Maze Crusher_SB": 1724, "Seraphic Steed": 2355, "Meticulous Excavation_SB": 1714, "Seeker's Folly_SB": 2345, "Realmbreaker, the Invasion Tree": 2125, "Deeproot Pilgrimage": 617, "Mistway Spy": 1751, "Vodalian Hexcatcher": 3048, "Aegis Turtle": 17, "Venerated Rotpriest_SB": 3006, "Grabby Giant": 1151, "Rite of the Dragoncaller": 2207, "Hulking Raptor": 1325, "Pugnacious Hammerskull": 2054, "Gwenna, Eyes of Gaea": 1194, "Halana and Alena, Partners": 1197, "Inga and Esika": 1358, "Myrel, Shield of Argive": 1802, "Hajar, Loyal Bodyguard_SB": 1196, "Surrak and Goreclaw_SB": 2619, "Invasion of Kaldheim": 1398, "Pia Nalaar, Consul of Revival": 1989, "Doomsday Excruciator_SB": 689, "Getaway Glamer_SB": 1064, "Bottomless Pool // Locker Room": 286, "Necrogen Communion": 1811, "Vraska Joins Up": 3068, "Thirsting Roots_SB": 2758, "Silver Scrutiny": 2404, "Battlefly Swarm": 189, "Solemn Simulacrum": 2461, "Maha, Its Feathers Night_SB": 1663, "Viashino Pyromancer_SB": 3023, "The Stone Brain": 2742, "Decadent Dragon_SB": 611, "Defiled Crypt // Cadaver Lab_SB": 628, "Heraldic Banner": 1265, "Heraldic Banner_SB": 1266, "Thalia and The Gitrog Monster": 2689, "Surgical Suite && Hospital Room_SB": 2615, "Beastie Beatdown": 193, "Entity Tracker_SB": 810, "Rebel Salvo_SB": 2129, "Aether Channeler": 19, "Defiled Crypt && Cadaver Lab": 625, "Exuberant Fuseling": 862, "Thundertrap Trainer_SB": 2805, "Abuelo's Awakening": 7, "Kitsa, Otterball Elite_SB": 1502, "Rona, Herald of Invasion_SB": 2234, "Unnerving Grasp_SB": 2930, "Fear of Surveillance": 914, "Wilt-Leaf Liege_SB": 3122, "Kona, Rescue Beastie": 1519, "Time Stop": 2806, "Fleeting Flight_SB": 973, "Trash the Town_SB": 2857, "Crumb and Get It": 551, "Agrus Kos, Spirit of Justice": 33, "Muerra, Trash Tactician": 1793, "Quick Draw_SB": 2067, "Smuggler's Surprise_SB": 2455, "Whisper of the Dross": 3110, "Vraska's Fall_SB": 3070, "Blasphemous Edict": 223, "Bottomless Pool // Locker Room_SB": 287, "The Princess Takes Flight_SB": 2731, "Anim Pakal, Thousandth Moon_SB": 68, "Adaptive Automaton": 14, "Three Tree Mascot": 2788, "Palani's Hatcher": 1941, "Temple of Abandon": 2668, "Mischievous Mystic": 1741, "Defiler of Flesh": 630, "Garruk's Uprising": 1042, "Zul Ashur, Lich Lord": 3177, "Kraul Whipcracker_SB": 1523, "Mechanized Warfare": 1702, "Restless Reef_SB": 2184, "Lifecreed Duo": 1581, "At Knifepoint_SB": 136, "Monstrous Rage_SB": 1777, "Kellan's Lightblades_SB": 1481, "Blasphemous Edict_SB": 224, "Annie Flash, the Veteran_SB": 72, "Defiled Crypt && Cadaver Lab_SB": 626, "Cultivator's Caravan": 564, "Scene of the Crime": 2302, "Demonic Ruckus_SB": 642, "Impact Tremors_SB": 1344, "Conspiracy Unraveler": 515, "Matzalantli, the Great Door": 1693, "Coveted Falcon_SB": 541, "Wishclaw Talisman_SB": 3129, "Swooping Lookout": 2628, "Recruitment Officer_SB": 2139, "Oko, the Ringleader_SB": 1877, "Kambal, Profiteering Mayor": 1459, "Kaya, Spirits' Justice_SB": 1473, "Invasion of Theros": 1407, "Highway Robbery_SB": 1295, "Intrepid Paleontologist": 1385, "Bolt Bend_SB": 261, "Wishclaw Talisman": 3128, "Feldon's Cane": 928, "Neutralize the Guards": 1820, "Ayli, Eternal Pilgrim": 154, "Disturbing Conversion": 674, "Shipwreck Dowser": 2380, "Abuelo's Awakening_SB": 8, "Builder's Talent_SB": 340, "Eerie Interference_SB": 758, "Untimely Malfunction": 2943, "Imprisoned in the Moon_SB": 1347, "Inquisitive Glimmer_SB": 1364, "Refute_SB": 2145, "Argentum Masticore": 107, "Hall of Tagsin": 1200, "Hedron Archive": 1254, "The Mycosynth Gardens": 2729, "Tomakul Honor Guard": 2833, "Bramble Familiar": 296, "Obstinate Baloth": 1865, "Felonious Rage_SB": 940, "Sphinx of the Final Word_SB": 2503, "Repulsive Mutation": 2164, "Sylvan Scavenging_SB": 2637, "Walk with the Ancestors": 3078, "Meathook Massacre II_SB": 1701, "Thundering Falls_SB": 2801, "Dowsing Device": 697, "Gleaming Geardrake": 1111, "Saheeli, Filigree Master": 2265, "Saheeli, Filigree Master_SB": 2266, "Dawn's Truce_SB": 588, "Scrawling Crawler": 2312, "Case of the Ransacked Lab": 396, "The Surgical Bay": 2744, "The Tale of Tamiyo": 2747, "Enduring Courage_SB": 791, "War Squeak_SB": 3084, "Spirebluff Canal_SB": 2512, "Ajani, Sleeper Agent": 38, "Charge of the Mites": 437, "Chandra, Flameshaper_SB": 428, "Expel the Interlopers": 845, "Bite Down": 210, "Gaea's Gift": 1034, "Trash the Town": 2856, "Corsair Captain": 529, "Lost Jitte_SB": 1630, "Blazing Crescendo_SB": 229, "Rip, Spawn Hunter": 2201, "Funeral Room // Awakening Hall": 1025, "Outlaw Medic": 1905, "Wilt-Leaf Liege": 3121, "Thousand Moons Smithy_SB": 2774, "Blightbelly Rat": 232, "Unnatural Restoration": 2927, "Carnivorous Canopy_SB": 385, "Gaea's Gift_SB": 1035, "Give In to Violence_SB": 1095, "Cityscape Leveler_SB": 462, "Nahiri's Resolve_SB": 1805, "Scrapwork Mutt": 2311, "Brazen Collector": 305, "Generous Plunderer": 1053, "Trial of Agony": 2862, "Zoyowa's Justice": 3176, "Ancestors' Aid_SB": 59, "Leyline of Resonance_SB": 1571, "Churning Reservoir": 455, "Magmatic Sprinter": 1659, "Sardian Cliffstomper": 2277, "Solphim, Mayhem Dominus": 2463, "The Monumental Facade": 2728, "Churning Reservoir_SB": 456, "Magmatic Sprinter_SB": 1660, "Monastery Swiftspear_SB": 1772, "Sardian Cliffstomper_SB": 2278, "Malcolm, Alluring Scoundrel_SB": 1670, "Repel Calamity_SB": 2163, "Samut, Vizier of Naktamun": 2268, "Call a Surprise Witness": 365, "Trostani, Three Whispers": 2868, "Tribute to the World Tree_SB": 2865, "Taii Wakeen, Perfect Shot": 2640, "Unruly Catapult": 2931, "Glassworks // Shattered Yard_SB": 1108, "Hulking Metamorph": 1324, "Rest in Peace": 2173, "Surge Engine_SB": 2610, "Fake Your Own Death": 882, "Massacre Girl, Known Killer": 1689, "Massacre Girl, Known Killer_SB": 1690, "Rakdos Joins Up_SB": 2090, "Rakdos, the Muscle_SB": 2093, "Ghalta and Mavren": 1066, "Hide in Plain Sight": 1285, "Progenitus": 2043, "Threats Around Every Corner": 2782, "Crystal Barricade": 559, "Green Sun's Twilight_SB": 1168, "Break Down the Door": 308, "Bubble Smuggler": 338, "Cryptid Inspector": 558, "Cursed Windbreaker": 573, "Exit Specialist": 841, "Polukranos Reborn_SB": 2019, "Hazardroot Herbalist": 1235, "Head of the Homestead": 1238, "Rabbit Response": 2071, "Treeguard Duo": 2860, "Uncharted Haven": 2904, "Warren Elder": 3092, "Head of the Homestead_SB": 1239, "Grab the Prize_SB": 1150, "Stroke of Midnight_SB": 2583, "Delney, Streetwise Lookout": 631, "Stroke of Midnight": 2582, "Ragged Playmate": 2082, "Fear of Surveillance_SB": 915, "Grand Entryway // Elegant Rotunda_SB": 1157, "Norin, Swift Survivalist_SB": 1843, "Ragged Playmate_SB": 2083, "Wandertale Mentor": 3082, "Vodalian Mindsinger_SB": 3049, "Back for Seconds": 158, "Eriette's Tempting Apple": 813, "Experimental Confectioner": 848, "Feed the Cauldron": 922, "Gingerbread Hunter": 1088, "Greta, Sweettooth Scourge": 1173, "Mintstrosity": 1732, "Return from the Wilds": 2194, "Scream Puff": 2314, "Spider Food": 2504, "Sweettooth Witch": 2623, "Three Bowls of Porridge": 2784, "Sugar Rush_SB": 2589, "Leonin Vanguard_SB": 1562, "Ruin-Lurker Bat_SB": 2245, "The Millennium Calendar_SB": 2726, "Veteran Survivor_SB": 3019, "Lich-Knights' Conquest": 1578, "Corrupted Conviction_SB": 528, "Deadly Brew_SB": 599, "Cheeky House-Mouse_SB": 445, "Dryad Militant": 730, "Contagious Vorrac": 518, "Necrogen Rotpriest": 1812, "Armored Scrapgorger_SB": 117, "Invasion of Fiora_SB": 1393, "Rush of Dread_SB": 2255, "Magebane Lizard": 1657, "Final Flourish_SB": 955, "Time Stop_SB": 2807, "Unnatural Restoration_SB": 2928, "Founding the Third Path_SB": 1006, "Binding Negotiation": 206, "Vraska, the Silencer": 3073, "Invasion of Ergamon": 1392, "Beastie Beatdown_SB": 194, "Break Out_SB": 310, "Vengeful Possession": 3008, "Repair and Recharge": 2161, "Step Between Worlds_SB": 2554, "Hearthborn Battler_SB": 1251, "Hellspur Posse Boss": 1259, "Cynical Loner_SB": 578, "Hellspur Brute_SB": 1258, "Kellan, the Fae-Blooded": 1487, "Kemba, Kha Enduring": 1490, "Swiftfoot Boots": 2625, "Astor, Bearer of Blades_SB": 134, "Consuming Aberration": 517, "Knight of Dusk's Shadow": 1505, "No One Left Behind_SB": 1839, "Botanical Brawler": 282, "Dusk Legion Duelist": 737, "Stocking the Pantry": 2562, "Tribute to the World Tree": 2864, "Collector's Cage_SB": 488, "Barkform Harvester": 178, "Rampaging Spiketail": 2099, "Dragonmaster Outcast": 709, "Evolved Sleeper": 837, "Friendly Teddy": 1015, "Consumed by Greed_SB": 516, "Hop to It_SB": 1310, "Skyfisher Spider_SB": 2432, "Chart a Course_SB": 443, "Johann's Stopgap_SB": 1442, "Let's Play a Game_SB": 1564, "Festerleech": 944, "Fallaji Archaeologist_SB": 885, "Kroxa and Kunoros": 1528, "Shrouded Shepherd": 2394, "Evolving Adaptive": 838, "Garruk's Uprising_SB": 1043, "Hexgold Halberd": 1278, "Surgical Suite && Hospital Room": 2614, "Soul Search": 2470, "Daggerfang Duo": 579, "Deathbloom Gardener": 605, "Hoarding Recluse": 1302, "Moonstone Harbinger": 1781, "Pestilent Syphoner": 1965, "Ygra, Eater of All": 3156, "Pile On": 1995, "Llanowar Elves_SB": 1605, "Mosswood Dreadknight_SB": 1787, "Take for a Ride_SB": 2647, "Boltwave_SB": 263, "Fleeting Flight": 972, "Stormchaser's Talent_SB": 2575, "Cactarantula": 358, "Ashnod's Harvester": 124, "Warhost's Frenzy": 3089, "Think Twice_SB": 2754, "Rustler Rampage": 2256, "Wojek Investigator": 3140, "Recommission_SB": 2137, "Searslicer Goblin_SB": 2328, "Felidar Cub": 931, "Oracle of Tragedy": 1890, "Tarrian's Journal": 2657, "Dusk Rose Reliquary_SB": 739, "Felidar Cub_SB": 932, "Knight-Errant of Eos_SB": 1510, "Ruthless Lawbringer_SB": 2258, "Detective's Satchel": 652, "Forensic Gadgeteer_SB": 995, "Ice Out_SB": 1333, "Claim Jumper_SB": 465, "Mirrex_SB": 1737, "Tectonic Hazard": 2662, "Geralf, the Fleshwright": 1057, "Geralf, the Fleshwright_SB": 1058, "Eaten Alive_SB": 751, "Ojer Pakpatiq, Deepest Epoch": 1874, "Disturbing Conversion_SB": 675, "Lithomantic Barrage": 1598, "Enduring Vitality_SB": 799, "Audience with Trostani_SB": 142, "Leyline of the Void": 1575, "Sentinel of Lost Lore": 2351, "Wylie Duke, Atiin Hero": 3152, "Defiler of Dreams_SB": 629, "Omen Hawker": 1879, "All Will Be One": 46, "Into the Fire": 1380, "Invasion of Karsus": 1399, "Ob Nixilis, Captive Kingpin": 1859, "Cosmic Hunger": 532, "Paranormal Analyst": 1943, "Vannifar, Evolved Enigma": 2999, "Fog Bank_SB": 988, "Talion, the Kindly Lord_SB": 2653, "Surgical Suite // Hospital Room_SB": 2617, "Extraordinary Journey": 860, "Gold Pan": 1139, "Extraordinary Journey_SB": 861, "Nurturing Pixie_SB": 1854, "Moonshaker Cavalry": 1780, "Balemurk Leech": 163, "Bashful Beastie": 183, "Cackling Slasher": 356, "Defiant Survivor": 624, "Fear of the Dark": 916, "Flesh Burrower": 976, "Give In to Violence": 1094, "Grasping Longneck": 1158, "Horrid Vigor": 1316, "Innocuous Rat": 1362, "Let's Play a Game": 1563, "Wickerfolk Thresher": 3114, "Winter's Intervention": 3126, "Leyline of Transformation": 1573, "Saheeli's Lattice": 2264, "Etali, Primal Storm_SB": 830, "Adamant Will": 13, "Goldvein Pick": 1142, "Moment of Triumph": 1765, "Pilfer": 1997, "Public Thoroughfare": 2053, "Undying Malice": 2914, "Cancel_SB": 370, "Opt_SB": 1887, "Connecting the Dots_SB": 512, "Bushwhack_SB": 354, "Mistbreath Elder_SB": 1750, "Polliwallop_SB": 2016, "Realmbreaker's Grasp_SB": 2124, "Stickytongue Sentinel_SB": 2557, "Tumbleweed Rising_SB": 2871, "Analyze the Pollen_SB": 57, "Makeshift Binding": 1667, "Pelakka Wurm": 1956, "Jump Scare_SB": 1448, "Progenitus_SB": 2044, "Harvestrite Host": 1223, "Cut Short_SB": 576, "Family Reunion_SB": 886, "Annihilating Glare": 74, "Fanatical Offering": 889, "Sword of Wealth and Power": 2633, "Skulduggery": 2423, "Skulduggery_SB": 2424, "Mabel's Mettle": 1649, "Lassoed by the Law": 1539, "Minor Misstep": 1730, "Central Elevator // Promising Stairs": 420, "Creeping Peeper": 546, "Dazzling Theater // Prop Room": 594, "Erratic Apparition": 816, "Fear of Abduction": 900, "Fear of Falling": 904, "Lionheart Glimmer": 1596, "Restricted Office // Lecture Hall": 2192, "Underwater Tunnel // Slimy Aquarium": 2913, "Stalked Researcher_SB": 2535, "Tunnel Surveyor_SB": 2875, "Ajani, Nacatl Pariah": 37, "Arena of Glory": 106, "Arid Mesa": 111, "Blood Crypt": 236, "Bloodstained Mire": 247, "Chained to the Rocks": 423, "Fatal Push": 893, "Goblin Bombardment": 1128, "Godless Shrine": 1138, "Guide of Souls": 1189, "Marsh Flats": 1687, "Ocelot Pride": 1868, "Phelia, Exuberant Shepherd": 1971, "Phlage, Titan of Fire's Fury": 1972, "Sacred Foundry": 2263, "Seasoned Pyromancer": 2337, "Thoughtseize": 2771, "Thraben Charm": 2775, "Chained to the Rocks_SB": 424, "Drannith Magistrate_SB": 713, "Obsidian Charmaw_SB": 1864, "Orim's Chant_SB": 1892, "Ragavan, Nimble Pilferer_SB": 2081, "Stony Silence_SB": 2569, "Surgical Extraction_SB": 2613, "Wear // Tear_SB": 3101, "Wrath of the Skies_SB": 3144, "Blazing Rootwalla": 230, "Burning Inquiry": 346, "Detective's Phoenix": 651, "Faithless Looting": 881, "Flameblade Adept": 965, "Goblin Lore": 1132, "Hollow One": 1304, "Lightning Bolt": 1583, "Stomping Ground": 2568, "Street Wraith": 2579, "Vengevine": 3010, "Wooded Foothills": 3141, "Cursed Totem_SB": 572, "Meltdown_SB": 1706, "Barbarian Ring": 176, "Eidolon of the Great Revel": 761, "Flare of Duplication": 969, "Goblin Guide": 1131, "Lava Spike": 1545, "Rift Bolt": 2199, "Searing Blaze": 2325, "Skewer the Critics": 2416, "Skullcrack": 2427, "Sunbaked Canyon": 2594, "Ensnaring Bridge_SB": 805, "Faerie Macabre_SB": 876, "Smash to Smithereens_SB": 2452, "Amulet of Vigor": 53, "Arboreal Grazer": 87, "Boseiju, Who Endures": 280, "Crumbling Vestige": 553, "Dryad Arbor": 729, "Dryad of the Ilysian Grove": 732, "Echoing Deeps": 754, "Explore": 850, "Green Sun's Zenith": 1169, "Gruul Turf": 1185, "Hanweir Battlements": 1207, "Lotus Field": 1633, "Mirrorpool": 1740, "Misty Rainforest": 1752, "Otawara, Soaring City": 1900, "Primeval Titan": 2037, "Scapeshift": 2296, "Shifting Woodland": 2379, "Simic Growth Chamber": 2408, "Summoner's Pact": 2591, "Tolaria West": 2829, "Urza's Cave": 2961, "Urza's Saga": 2964, "Valakut, the Molten Pinnacle": 2970, "Vesuva": 3014, "Bojuka Bog_SB": 260, "Collector Ouphe_SB": 486, "Defense Grid_SB": 623, "Dismember_SB": 668, "Endurance_SB": 789, "Force of Vigor_SB": 992, "Tireless Tracker_SB": 2815, "Vampires' Vengeance_SB": 2993, "Archon of Cruelty": 103, "Dwarven Mine": 743, "Fable of the Mirror-Breaker": 865, "Flooded Strand": 977, "Indomitable Creativity": 1352, "Jetmir's Garden": 1436, "Persist": 1961, "Prismatic Ending": 2040, "Scalding Tarn": 2291, "Wrenn and Six": 3148, "Xander's Lounge": 3153, "Boseiju, Who Endures_SB": 281, "Damping Sphere_SB": 580, "Hurkyl's Recall_SB": 1329, "Toxic Deluge_SB": 2844, "Cling to Dust": 474, "Counterspell": 539, "Force of Negation": 991, "Harbinger of the Seas": 1209, "Murktide Regent": 1799, "Polluted Delta": 2017, "Preordain": 2032, "Psychic Frog": 2051, "Sink into Stupor": 2411, "Spell Snare": 2494, "Thought Scour": 2768, "Unearth": 2915, "Watery Grave": 3097, "Consign to Memory_SB": 514, "Engineered Explosives_SB": 802, "Mystical Dispute_SB": 1804, "Nihil Spellbomb_SB": 1828, "Spell Pierce_SB": 2493, "The Meathook Massacre_SB": 2723, "Brazen Borrower": 303, "Orcish Bowmasters": 1891, "Steam Vents": 2546, "Harbinger of the Seas_SB": 1210, "Stern Scolding_SB": 2556, "Galvanic Discharge": 1037, "Showdown of the Skalds_SB": 2392, "Thoughtseize_SB": 2772, "Den of the Bugbear": 643, "Devastating Summons": 653, "Foundry Street Denizen": 1007, "Goblin Bushwhacker": 1129, "Goblin Grenade": 1130, "Goblin Piledriver": 1134, "Legion Loyalist": 1558, "Mogg War Marshal": 1756, "Reckless Bushwhacker": 2130, "Skirk Prospector": 2417, "Sokenzan, Crucible of Defiance": 2460, "Blood Moon_SB": 238, "Magus of the Moon_SB": 1661, "Reality Hemorrhage_SB": 2122, "Shattering Spree_SB": 2370, "Tormod's Crypt_SB": 2840, "Ziatora's Proving Ground": 3168, "Terastodon_SB": 2681, "Veil of Summer_SB": 3002, "Consider": 513, "Graveyard Trespasser": 1159, "Exquisite Firecraft_SB": 853, "Searing Blood_SB": 2326, "Tunnel Ignus_SB": 2873, "Ragavan, Nimble Pilferer": 2080, "Showdown of the Skalds": 2391, "Static Prison": 2544, "Windswept Heath": 3124, "Fear, Fire, Foes!_SB": 917, "Vexing Bauble": 3020, "Colossal Skyturtle_SB": 495, "Generous Ent_SB": 1052, "Grist, the Hunger Tide_SB": 1179, "Hexdrinker_SB": 1277, "Tamiyo, Inquisitive Student": 2654, "Fable of the Mirror-Breaker_SB": 866, "Giant Growth_SB": 1083, "Come Back Wrong": 499, "Glassworks // Shattered Yard": 1107, "Slice from the Shadows": 2444, "Talion, the Kindly Lord": 2652, "Over the Edge_SB": 1910, "Poison Dart Frog_SB": 2014, "Beamtown Beatstick": 191, "Celestial Armor": 417, "Diamond Pick-Axe": 659, "Carrot Cake_SB": 388, "Edgewall Inn": 757, "Goliath Hatchery_SB": 1145, "Balmor, Battlemage Captain": 166, "Bria, Riptide Rogue": 314, "Freeze in Place": 1012, "Relic's Roar": 2155, "Run Away Together_SB": 2246, "Scalding Viper_SB": 2293, "Harrier Strix": 1219, "Snaremaster Sprite": 2458, "Hardened Escort": 1215, "Holy Cow": 1306, "Living Phone": 1603, "Unsettling Twins": 2934, "Feather of Flight_SB": 920, "Possessed Goat_SB": 2027, "Raccoon Rallier_SB": 2074, "Rogue's Passage_SB": 2229, "The Jolly Balloon Man_SB": 2717, "Unsettling Twins_SB": 2935, "Heartfire Hero_SB": 1244, "Inti, Seneschal of the Sun_SB": 1377, "Pests of Honor": 1967, "Three Blind Mice": 2783, "Dauntless Dismantler_SB": 586, "Phoenix Chick_SB": 1974, "Gleaming Barrier": 1109, "Gleaming Barrier_SB": 1110, "Solemn Simulacrum_SB": 2462, "Sure Strike_SB": 2608, "Twinferno_SB": 2880, "Ancestors' Aid": 58, "Dwarven Forge-Chanter": 742, "Furious Bellow": 1027, "Ghitu Amplifier": 1071, "Heartfire Immolator": 1245, "Sure Strike": 2607, "Whiskerquill Scribe": 3109, "Brambleguard Captain": 297, "Defabricate": 619, "Fear of Burning Alive": 903, "Iron-Fist Pulverizer": 1417, "Johann, Apprentice Sorcerer": 1443, "Keldon Flamesage": 1478, "Kraum, Violent Cacophony": 1524, "Molten Tributary": 1762, "Nightwhorl Hermit": 1827, "Pyrotechnic Performer": 2061, "Razzle-Dazzler": 2121, "Stop Cold": 2570, "Thopter Mechanic": 2763, "Vesuvan Drifter": 3015, "Involuntary Cooldown_SB": 1413, "Kellan, Planar Trailblazer_SB": 1486, "Mishra's Command_SB": 1746, "Out of Air_SB": 1902, "Plan the Heist_SB": 2007, "Sleight of Hand_SB": 2443, "Trick Shot_SB": 2866, "Violent Urge_SB": 3030, "The Filigree Sylex": 2706, "Halo Hopper": 1204, "Charge of the Mites_SB": 438, "Hellspur Posse Boss_SB": 1260, "Grand Abolisher": 1153, "Unnerving Grasp": 2929, "Make Your Move_SB": 1664, "Harbinger of the Tides": 1211, "Harbinger of the Tides_SB": 1212, "Fynn, the Fangbearer_SB": 1033, "Cat Collector": 401, "Bottomless Pool && Locker Room_SB": 285, "Pile On_SB": 1996, "Growing Rites of Itlimoc": 1181, "Feldon, Ronom Excavator": 930, "Roc Hunter": 2223, "Scalding Viper": 2292, "Adventuring Gear_SB": 16, "Fear of Being Hunted_SB": 902, "Vicious Clown_SB": 3025, "Into the Roil": 1383, "Into the Roil_SB": 1384, "Ayara, Widow of the Realm": 153, "Arachnoid Adaptation": 84, "Throw from the Saddle": 2795, "Longstalk Brawl_SB": 1618, "Thrill of Possibility_SB": 2793, "Season of Gathering": 2329, "Warren Warleader": 3093, "Horrid Vigor_SB": 1317, "Lionheart Glimmer_SB": 1597, "Omnivorous Flytrap_SB": 1884, "Seasoned Warrenguard_SB": 2339, "Jump Scare": 1447, "Niko, Light of Hope": 1829, "Stalked Researcher": 2534, "Tunnel Surveyor": 2874, "Fear of Isolation_SB": 910, "Splash Portal_SB": 2516, "Demonic Pact_SB": 640, "Rite of the Dragoncaller_SB": 2208, "Valorous Stance": 2988, "Lodestone Needle": 1611, "Sawblade Skinripper_SB": 2287, "Zephyr Singer": 3164, "Sunbillow Verge": 2595, "Grim Bauble": 1177, "Spell Pierce": 2492, "Momentum Breaker": 1767, "Debris Beetle": 608, "Wastewood Verge": 3096, "Vein Ripper_SB": 3004, "Bleachbone Verge": 231, "Intimidation Tactics": 1378, "Ketramose, the New Dawn": 1491, "Oildeep Gearhulk": 1870, "Haunt the Network_SB": 1227, "Bartolom\u00e9 del Presidio_SB": 182, "Lunar Convocation_SB": 1642, "Bloodghast": 243, "Valley Rotcaller_SB": 2985, "Oildeep Gearhulk_SB": 1871, "Outpace Oblivion_SB": 1907, "Gleeful Demolition_SB": 1113, "Monument to Endurance": 1778, "Ride's End": 2197, "Defend the Rider": 621, "Hazoret, Godseeker": 1237, "Willowrush Verge": 3120, "Afterburner Expert": 24, "Draconautics Engineer": 698, "Dredger's Insight": 723, "Loot, the Pathfinder": 1621, "Molt Tender": 1758, "Restless Spire_SB": 2188, "Transmutation Font": 2853, "Braided Net_SB": 293, "Cunning Coyote_SB": 566, "Chandra, Spark Hunter_SB": 432, "Explosive Derailment_SB": 852, "Bounce Off": 289, "Greasewrench Goblin": 1161, "Marauding Mako": 1681, "Riverpyre Verge": 2216, "Scrounging Skyray": 2319, "Bounce Off_SB": 290, "Memory Guardian": 1707, "Mendicant Core, Guidelight": 1708, "Diversion Unit_SB": 680, "Lightwheel Enhancements": 1588, "Tomik, Wielder of Law_SB": 2835, "Engine Rat": 800, "Gonti, Night Minister": 1146, "Perilous Snare": 1959, "Teysa, Opulent Oligarch": 2688, "Gumdrop Poisoner": 1192, "Grim Bauble_SB": 1178, "Momentum Breaker_SB": 1768, "Optimistic Scavenger_SB": 1889, "The Aetherspark": 2691, "Brightglass Gearhulk": 317, "Voyager Glidecar": 3065, "Chandra, Spark Hunter": 431, "Intimidation Tactics_SB": 1379, "Captain Howler, Sea Scourge": 377, "Gastal Thrillroller": 1047, "Mishra's Command": 1745, "Phyrexian Dragon Engine": 1979, "Overgrown Zealot": 1913, "Riptide Gearhulk": 2202, "Transit Mage": 2852, "Conduit of Worlds_SB": 509, "Heliod, the Radiant Dawn": 1256, "Twinblade Blessing": 2878, "Gastal Thrillroller_SB": 1048, "Lifecraft Engine": 1580, "Mindspring Merfolk": 1729, "Mu Yanling, Wind Rider": 1791, "Caelorna, Coral Tyrant_SB": 359, "Nesting Bot": 1817, "Lumbering Worldwagon": 1636, "Overrun": 1926, "Diversion Unit": 679, "Muraganda Raceway": 1796, "Repurposing Bay": 2166, "Defend the Rider_SB": 622, "Zephyr Singer_SB": 3165, "Burnout Bashtronaut": 348, "Demonic Junker": 637, "Nexus of Becoming": 1822, "Amonkhet Raceway": 52, "Gastal Thrillseeker": 1049, "The Last Ride": 2720, "The Speed Demon": 2739, "Ancient Vendetta_SB": 62, "Monument to Endurance_SB": 1779, "The Speed Demon_SB": 2740, "Quag Feast": 2062, "Gastal Raider_SB": 1046, "Esoteric Duplicator": 822, "Voyage Home": 3064, "Aether Syphon_SB": 21, "Ketramose, the New Dawn_SB": 1492, "Thunderous Velocipede": 2802, "Regal Imperiosaur": 2150, "Intrepid Paleontologist_SB": 1386, "Invasion of Regatha_SB": 1403, "Voyager Glidecar_SB": 3066, "Fuel the Flames": 1018, "Skycrash": 2429, "Broadside Barrage_SB": 329, "Fuel the Flames_SB": 1019, "Locust Spray": 1610, "Riverchurn Monument": 2213, "Agonasaur Rex": 31, "Tyrox, Saurid Tyrant": 2889, "Coalstoke Gearhulk_SB": 478, "Howlsquad Heavy": 1320, "Boosted Sloop": 276, "Broadside Barrage": 328, "Thopter Fabricator_SB": 2762, "Count on Luck_SB": 538, "Sandstalker Moloch_SB": 2269, "Spectacular Pileup": 2487, "Collision Course_SB": 492, "Ride's End_SB": 2198, "Thalia and The Gitrog Monster_SB": 2690, "Zahur, Glory's Past": 3162, "Leaf-Crowned Visionary_SB": 1553, "Mossborn Hydra_SB": 1785, "Overrun_SB": 1927, "Painful Quandary_SB": 1935, "Wardens of the Cycle_SB": 3088, "Quag Feast_SB": 2063, "Red Sun's Twilight_SB": 2140, "Perilous Snare_SB": 1960, "Playful Shove": 2009, "Debris Beetle_SB": 609, "Pit Automaton": 2001, "Visage of Dread": 3042, "The Last Ride_SB": 2721, "Visage of Dread_SB": 3043, "Mishra, Claimed by Gix": 1748, "Bloated Contaminator_SB": 235, "Melira, the Living Cure_SB": 1705, "The Aetherspark_SB": 2692, "Fearless Swashbuckler": 918, "Unctus, Grand Metatect": 2905, "Invasion of Mercadia": 1401, "Webstrike Elite": 3104, "Webstrike Elite_SB": 3105, "Coiling Rebirth_SB": 482, "Gas Guzzler": 1044, "Say Its Name_SB": 2289, "Spectral Interference_SB": 2490, "Stock Up": 2560, "Spectacular Pileup_SB": 2488, "Far Fortune, End Boss": 890, "Expel the Interlopers_SB": 846, "Flotsam // Jetsam_SB": 981, "Claim Jumper": 464, "Ancient Vendetta": 61, "Full Throttle_SB": 1022, "Loot, the Key to Everything_SB": 1620, "Loot, the Pathfinder_SB": 1622, "Unstable Glyphbridge_SB": 2937, "Urza's Command_SB": 2962, "Lassoed by the Law_SB": 1540, "Blast Zone_SB": 226, "Dive Down": 677, "Basri, Tomorrow's Champion": 186, "Skyseer's Chariot_SB": 2435, "Engine Rat_SB": 801, "Essence Channeler_SB": 824, "Lunar Insight": 1643, "Jodah, the Unifier_SB": 1441, "Dropkick Bomber": 726, "Coalstoke Gearhulk": 477, "Visage Bandit": 3041, "Waxen Shapethief": 3098, "Dune Drifter": 734, "Rampaging Raptor": 2098, "Agonasaur Rex_SB": 32, "Become Brutes": 195, "The Elder Dragon War_SB": 2699, "Kellan, Inquisitive Prodigy_SB": 1484, "Caradora, Heart of Alacria": 381, "Skyseer's Chariot": 2434, "Valor's Flagship": 2986, "Veteran Beastrider": 3017, "Threadbind Clique": 2781, "Twining Twins": 2882, "Boommobile_SB": 273, "Radiant Lotus_SB": 2077, "Boommobile": 272, "Forging the Anchor": 999, "Radiant Lotus": 2076, "The Mightstone and Weakstone_SB": 2725, "Bloodthorn Flail": 250, "Flamewake Phoenix": 967, "Cryptcaller Chariot_SB": 555, "Volley Veteran": 3057, "Riptide Gearhulk_SB": 2203, "Riverchurn Monument_SB": 2214, "Spiteful Hexmage_SB": 2514, "Clamorous Ironclad": 468, "Furnace Host Charger": 1028, "Alania, Divergent Storm": 43, "Frolicking Familiar": 1016, "Wishing Well": 3130, "Resplendent Angel_SB": 2171, "Cephalopod Sentry": 421, "Tinker's Tote": 2809, "Thopter Fabricator": 2761, "Redshift, Rocketeer Chief": 2142, "Haunt the Network": 1226, "Sorcerous Spyglass": 2466, "Demonic Junker_SB": 638, "Stall Out": 2536, "Stall Out_SB": 2537, "Halana and Alena, Partners_SB": 1198, "Valor's Flagship_SB": 2987, "The Raven Man": 2732, "The Raven Man_SB": 2733, "Gloryheath Lynx": 1121, "Sovereign Okinec Ahau": 2484, "Boom Box": 271, "Broadcast Rambler": 327, "Possession Engine": 2028, "Broodheart Engine": 330, "Bat Colony": 187, "Calamitous Cave-In": 360, "Gargantuan Leech": 1039, "Hidden Volcano": 1284, "Promising Vein": 2047, "Marketback Walker": 1685, "Sab-Sunen, Luxa Embodied": 2261, "Simian Simulacrum": 2407, "Sylvan Scavenging": 2636, "Bulwark Ox": 342, "Reluctant Role Model": 2156, "Reluctant Role Model_SB": 2157, "Leyline Binding_SB": 1567, "Mold Adder_SB": 1757, "Marketback Walker_SB": 1686, "Burnout Bashtronaut_SB": 349, "Gastal Raider": 1045, "Oviya, Automech Artisan": 1931, "Daretti, Rocketeer Engineer": 581, "Threefold Thunderhulk": 2790, "Tune Up": 2872, "Meteor Golem_SB": 1712, "Market Gnome_SB": 1684, "The Skullspore Nexus_SB": 2738, "Cosmium Confluence": 535, "Festival of Embers": 945, "Hidden Nursery": 1283, "Skycrash_SB": 2430, "Nexus of Becoming_SB": 1823, "Sab-Sunen, Luxa Embodied_SB": 2262, "Earthrumbler": 748, "Collector's Vault_SB": 490, "Thran Spider_SB": 2778, "Akal Pakal, First Among Equals_SB": 41, "Deepfathom Echo": 616, "Forensic Researcher": 996, "Oko, the Ringleader": 1876, "Chitin Gravestalker": 448, "Starving Revenant_SB": 2542, "Steamcore Scholar_SB": 2548, "Ojer Pakpatiq, Deepest Epoch_SB": 1875, "Thunderous Velocipede_SB": 2803, "Fear of Infinity_SB": 908, "Stock Up_SB": 2561, "Dredger's Insight_SB": 724, "Fauna Shaman_SB": 896, "Barrow Naughty": 180, "Faerie Slumber Party": 879, "Mocking Sprite": 1753, "Spellscorn Coven": 2499, "Talion's Messenger": 2650, "Coerced to Kill": 480, "Etrata, Deadly Fugitive": 835, "Unstoppable Plan_SB": 2938, "Hoarding Broodlord": 1301, "Shadow-Rite Priest": 2362, "Nahiri's Warcrafting_SB": 1806, "Baral and Kari Zev": 175, "Enigma Drake": 803, "Eroded Canyon": 814, "Brightfield Glider": 316, "Congregation Gryff": 511, "Giant Beaver": 1079, "Lagorin, Soul of Alacria": 1536, "Miriam, Herd Whisperer": 1734, "Ornery Tumblewagg": 1893, "Trained Arynx": 2845, "Run Over_SB": 2247, "Vivisurgeon's Insight_SB": 3047, "Night Market": 1825, "Stockpiling Celebrant": 2563, "Carrion Locust_SB": 386, "Skullcap Snail_SB": 2426, "Stockpiling Celebrant_SB": 2564, "Akal Pakal, First Among Equals": 40, "Forensic Gadgeteer": 994, "Deduce_SB": 613, "Wreck Remover_SB": 3145, "Fountainport Bell": 1009, "Guidelight Optimizer": 1190, "Oaken Siren": 1856, "Machine Over Matter_SB": 1653, "Spinewoods Paladin": 2508, "Phyrexian Missionary_SB": 1984, "Sunder the Gateway": 2596, "Malcator, Purity Overseer": 1668, "Tranquil Cove_SB": 2849, "Crumb and Get It_SB": 552, "Flame Lash": 964, "Exsanguinate_SB": 855, "Exsanguinate": 854, "Syr Ginger, the Meal Ender_SB": 2639, "Legion Extruder_SB": 1557, "Blade of the Oni": 219, "Blightstep Pathway": 233, "Bloodtithe Harvester": 251, "Mutavault": 1801, "Urborg, Tomb of Yawgmoth": 2958, "Extinction Event_SB": 857, "Hidetsugu Consumes All_SB": 1286, "Unlicensed Hearse_SB": 2926, "Breeding Pool": 313, "Enigmatic Incarnation": 804, "Indatha Triome": 1351, "Linvala, the Preserver": 1595, "Overgrown Tomb": 1912, "Savai Triome": 2281, "Skyclave Apparition": 2428, "Spara's Headquarters": 2485, "Vanishing Verse": 2997, "Zagoth Triome": 3161, "Archon of Emeria_SB": 104, "Knockout Blow_SB": 1511, "Ruric Thar, the Unbowed_SB": 2253, "Thought Distortion_SB": 2767, "Yorion, Sky Nomad_SB": 3158, "Cauldron Familiar": 406, "Claim the Firstborn": 466, "Deadly Dispute": 602, "Mayhem Devil": 1694, "Witch's Oven": 3133, "Ob Nixilis, the Adversary_SB": 1860, "Darksteel Citadel": 585, "Ensoul Artifact": 806, "Riverglide Pathway": 2215, "Shrapnel Blast": 2393, "Smuggler's Copter": 2453, "Voldaren Epicure": 3054, "Aether Gust_SB": 20, "Annul_SB": 75, "Rending Volley_SB": 2160, "Shadowspear_SB": 2363, "Voltage Surge_SB": 3058, "Cragcrown Pathway": 542, "Ramunap Ruins": 2100, "Reckless Rage": 2133, "Soul-Scar Mage": 2475, "Experimental Frenzy_SB": 849, "Hazoret the Fervent_SB": 1236, "Redcap Melee_SB": 2141, "Anger of the Gods_SB": 66, "Invoke Despair_SB": 1412, "Takenuma, Abandoned Mire": 2649, "Go Blank_SB": 1125, "Claim // Fame": 463, "Infuriate": 1357, "Kumano Faces Kakkazan": 1530, "Claim the Firstborn_SB": 467, "Fatal Push_SB": 894, "Grafdigger's Cage_SB": 1152, "Extinction Event": 856, "Gifted Aetherborn_SB": 1084, "Castle Locthwain": 400, "Clearwater Pathway": 471, "Field of Ruin": 947, "Geier Reach Sanitarium": 1051, "Hall of Storm Giants": 1199, "Hive of the Eye Tyrant": 1300, "Narset, Parter of Veils": 1807, "Omen of the Sea": 1880, "Paradoxical Outcome": 1942, "Shipwreck Marsh": 2381, "The Meathook Massacre": 2722, "Ashiok, Dream Render_SB": 120, "Weathered Runestone_SB": 3103, "Fetid Pools": 946, "Yorion, Sky Nomad": 3157, "Arclight Phoenix": 105, "Fiery Impulse": 953, "Izzet Charm": 1426, "Lightning Axe": 1582, "Prismari Command": 2038, "Spikefield Hazard": 2505, "Stormcarved Coast": 2572, "Treasure Cruise": 2858, "Collective Brutality": 484, "Faithful Mending": 880, "Greasefang, Okiba Boss": 1160, "Hallowed Fountain": 1201, "Parhelion II": 1944, "Raffine's Tower": 2079, "Shattered Sanctum": 2369, "Skysovereign, Consul Flagship": 2436, "Stubborn Denial": 2586, "Tainted Indulgence": 2643, "Deafening Silence_SB": 604, "Dovin's Veto_SB": 696, "Silence_SB": 2400, "Vanishing Verse_SB": 2998, "Krenko's Buzzcrusher": 1525, "Bishop of Wings": 209, "Branchloft Pathway": 299, "Cave of the Frost Dragon": 410, "Collected Company": 483, "Eiganjo, Seat of the Empire": 762, "Nykthos, Shrine to Nyx": 1855, "Overgrown Farmland": 1911, "Portable Hole": 2022, "Resplendent Marshal": 2172, "Righteous Valkyrie": 2200, "Temple Garden": 2667, "Archon of Absolution_SB": 102, "Brave the Elements_SB": 301, "Brutal Cathar_SB": 337, "Heroic Intervention_SB": 1274, "Reidane, God of the Worthy_SB": 2151, "Shapers' Sanctuary_SB": 2365, "Dawnwing Marshal": 589, "Kroxa, Titan of Death's Hunger": 1529, "Ledger Shredder": 1555, "Brazen Borrower_SB": 304, "Prismari Command_SB": 2039, "Burner Rocket": 345, "Cloudspire Skycycle": 476, "Dynamite Diver": 747, "Guidelight Synergist": 1191, "Kolodin, Triumph Caster": 1516, "Count on Luck": 537, "Frenzied Goblin": 1013, "Doubling Season_SB": 694, "Fanatical Firebrand_SB": 888, "Howlsquad Heavy_SB": 1321, "Reckless Lackey_SB": 2132, "Rundvelt Hordemaster_SB": 2249, "District Mascot": 673, "Shivan Devastator": 2382, "Zimone, Paradox Sculptor": 3169, "Tyvar, the Pummeler_SB": 2898, "Zopandrel, Hunger Dominus_SB": 3173, "Aurelia, the Warleader": 144, "Gilded Ghoda": 1087, "Cavalier of Thorns": 409, "Elvish Mystic": 782, "Kiora, Behemoth Beckoner": 1495, "Lair of the Hydra": 1537, "Leyline of the Guildpact": 1574, "Oath of Nissa": 1858, "Old-Growth Troll": 1878, "Storm the Festival": 2571, "Ulvenwald Oddity": 2899, "Arasta of the Endless Web_SB": 86, "Emrakul, the Promised End_SB": 788, "Setessan Petitioner_SB": 2361, "Ashiok, Nightmare Muse_SB": 121, "Foreboding Ruins": 993, "Invoke Despair": 1411, "Kolaghan's Command_SB": 1515, "Haunted Ridge": 1229, "Bonecrusher Giant": 265, "Burning-Tree Emissary": 347, "Chandra, Torch of Defiance": 433, "Collision // Colossus": 491, "Gruul Spellbreaker": 1184, "Kami's Flare": 1462, "Pelt Collector": 1957, "Voltaic Brawler": 3059, "Zhur-Taa Goblin": 3167, "Bonecrusher Giant_SB": 266, "Chandra, Torch of Defiance_SB": 434, "Cindervines_SB": 458, "Kami's Flare_SB": 1463, "Roiling Vortex_SB": 2230, "Mana Confluence": 1674, "Barrier Breach_SB": 179, "Leyline of Sanctity_SB": 1572, "Colossus Hammer": 496, "Eldritch Evolution": 765, "Raffine's Informant": 2078, "Sigarda's Aid": 2398, "Soulflayer": 2477, "Sylvan Caryatid": 2635, "Bloodline Culling_SB": 246, "Collective Brutality_SB": 485, "Portable Hole_SB": 2023, "Furnace Punisher_SB": 1029, "Laughing Jasper Flint_SB": 1544, "Rocky Roads": 2226, "Lumbering Worldwagon_SB": 1637, "Cosmic Rebirth_SB": 534, "Mondrak, Glory Dominus_SB": 1773, "Become Brutes_SB": 196, "Goblin Oriflamme": 1133, "Drake Hatcher_SB": 711, "Eddymurk Crab_SB": 756, "Cindering Cutthroat_SB": 457, "Ravine Raider_SB": 2114, "Risky Shortcut_SB": 2205, "Spin Out_SB": 2506, "Steampath Charger_SB": 2549, "Devouring Sugarmaw": 654, "Amalia Benavides Aguirre_SB": 50, "Elas il-Kor, Sadistic Pilgrim_SB": 764, "Fiendish Panda_SB": 949, "Knight of Dawn's Light_SB": 1504, "Mimeoplasm, Revered One": 1726, "Etched Familiar": 832, "Spectral Interference": 2489, "Winter, Cursed Rider": 3127, "Radiant Grove": 2075, "Streetwise Negotiator_SB": 2580, "Divine Resilience": 681, "Greenhouse // Rickety Gazebo": 1170, "Silken Strength": 2403, "Map the Frontier": 1678, "Realm-Scorcher Hellkite": 2123, "Spyglass Siren_SB": 2527, "Sentinel of Lost Lore_SB": 2352, "Herd Migration_SB": 1270, "Kykar, Zephyr Awakener": 1535, "The Huntsman's Redemption_SB": 2712, "Lathril, Blade of the Elves_SB": 1542, "Armored Armadillo_SB": 114, "Gixian Infiltrator_SB": 1101, "Gloryheath Lynx_SB": 1122, "Threefold Thunderhulk_SB": 2791, "Primeval Bounty": 2035, "Cryptcaller Chariot": 554, "Rangers' Refueler": 2101, "Steel Hellkite_SB": 2550, "Mindsparker_SB": 1727, "Cursed Recording_SB": 571, "Thirsting Roots": 2757, "Gigantosaurus": 1085, "Llanowar Stalker": 1608, "Ghalta, Primal Hunger_SB": 1068, "Gigantosaurus_SB": 1086, "Disenchant": 663, "Captain Howler, Sea Scourge_SB": 378, "Karn, Living Legacy_SB": 1466, "Quaketusk Boar": 2064, "The Stasis Coffin": 2741, "Kellan Joins Up": 1480, "Ovika, Enigma Goliath_SB": 1930, "Leaping Ambush": 1554, "Bestow Greatness_SB": 200, "Raucous Theater_SB": 2112, "Flowstone Infusion_SB": 987, "Alesha, Who Laughs at Fate_SB": 45, "Lazav, Wearer of Faces_SB": 1551, "Harmless Offering_SB": 1218, "Return Triumphant": 2193, "Souls of the Lost_SB": 2480, "Slickshot Lockpicker_SB": 2446, "Flashfreeze": 970, "Interface Ace": 1375}}