{"vocabulary": {"Analyze the Pollen": 56, "Botanical Sanctum": 284, "Brave the Wilds": 303, "Bushwhack": 354, "Cache Grab": 356, "Eddymurk Crab": 760, "Forest": 1004, "Get Out": 1068, "Hedge Maze": 1261, "Into the Flood Maw": 1392, "Island": 1430, "Sleight of Hand": 2468, "Stormchaser's Talent": 2600, "This Town Ain't Big Enough": 2791, "Tolarian Terror": 2862, "Up the Beanstalk": 2981, "Yavimaya Coast": 3189, "Lithomantic Barrage_SB": 1612, "Mountain_SB": 1805, "Negate_SB": 1830, "Pick Your Poison_SB": 2008, "Pyroclasm_SB": 2077, "Three Steps Ahead_SB": 2818, "Adarkar Wastes": 15, "Battlefield Forge": 189, "Case of the Gateway Express": 393, "Gleeful Demolition": 1121, "Imodane's Recruiter": 1352, "Inspiring Vantage": 1385, "Knight-Errant of Eos": 1522, "Novice Inspector": 1865, "Plains": 2022, "Resolute Reinforcements": 2189, "Sanguine Evangelist": 2297, "Seachrome Coast": 2346, "Shivan Reef": 2408, "Spirebluff Canal": 2537, "Spyglass Siren": 2552, "Warden of the Inner Sky": 3119, "Warleader's Call": 3124, "Yotian Frontliner": 3194, "Destroy Evil_SB": 654, "Lightning Helix_SB": 1598, "Loran of the Third Path_SB": 1637, "Protect the Negotiators_SB": 2067, "Torch the Tower_SB": 2869, "Urabrask's Forge_SB": 2985, "Anoint with Affliction": 76, "Cut Down": 577, "Darkslick Shores": 585, "Deep-Cavern Bat": 617, "Disfigure": 669, "Enduring Curiosity": 799, "Faerie Mastermind": 884, "Gix, Yawgmoth Praetor": 1106, "Gloomlake Verge": 1129, "Go for the Throat": 1135, "Mirrex": 1751, "Phantom Interference": 1986, "Preacher of the Schism": 2047, "Restless Reef": 2203, "Sheoldred, the Apocalypse": 2400, "Swamp": 2650, "Tishana's Tidebinder": 2848, "Underground River": 2943, "Unstoppable Slasher": 2972, "Aclazotz, Deepest Betrayal_SB": 12, "Disdainful Stroke_SB": 666, "Disfigure_SB": 670, "Dreams of Steel and Oil_SB": 727, "Duress_SB": 741, "Ghost Vacuum_SB": 1082, "Kaito, Bane of Nightmares_SB": 1466, "Nowhere to Run_SB": 1867, "Tishana's Tidebinder_SB": 2849, "Aclazotz, Deepest Betrayal": 11, "Blackcleave Cliffs": 218, "Blazemire Verge": 228, "Blooming Marsh": 255, "Cavern of Souls": 412, "Commercial District": 502, "Copperline Gorge": 524, "Deadly Cover-Up": 603, "Drag to the Bottom": 707, "Fabled Passage": 874, "Fear of Missing Out": 919, "Harvester of Misery": 1230, "Mosswood Dreadknight": 1802, "Mountain": 1804, "Nowhere to Run": 1866, "Overlord of the Balemurk": 1931, "Phyrexian Fleshgorger": 1998, "Raucous Theater": 2130, "Restless Cottage": 2199, "Soul of Windgrace": 2498, "Tear Asunder": 2690, "The Cruelty of Gix": 2727, "Thornspire Verge": 2796, "Torch the Tower": 2868, "Tranquil Frillback": 2882, "Trumpeting Carnosaur": 2901, "Underground Mortuary": 2942, "Virtue of Persistence": 3071, "Chandra, Hope's Beacon_SB": 431, "Leyline of the Void_SB": 1589, "Liliana of the Veil_SB": 1604, "Season of Gathering_SB": 2354, "The End_SB": 2733, "Archangel Elspeth": 91, "Beza, the Bounding Spring": 204, "Caretaker's Talent": 383, "Carrot Cake": 388, "Elegant Parlor": 772, "Enduring Innocence": 801, "Fountainport": 1015, "Get Lost": 1066, "Lay Down Arms": 1561, "Loran of the Third Path": 1636, "Overlord of the Mistmoors": 1939, "Soul Partition": 2494, "Sunfall": 2624, "Sunken Citadel": 2627, "Virtue of Loyalty": 3069, "Boon-Bringer Valkyrie_SB": 276, "Elspeth's Smite_SB": 782, "Imodane's Recruiter_SB": 1353, "Kutzil's Flanker_SB": 1545, "Rest in Peace_SB": 2194, "Temporary Lockdown_SB": 2709, "Parting Gust": 1962, "Split Up": 2543, "The Eternal Wanderer": 2735, "Sunder the Gateway_SB": 2623, "Archangel of Wrath": 95, "Atraxa, Grand Unifier": 138, "Floodfarm Verge": 985, "Herd Migration": 1279, "Hushwood Verge": 1341, "Jace, the Perfected Mind": 1441, "Leyline Binding": 1579, "Lush Portico": 1659, "Meticulous Archive": 1728, "Overlord of the Hauntwoods": 1937, "Shadowy Backstreet": 2388, "Spelunking": 2526, "Temporary Lockdown": 2708, "Breach the Multiverse_SB": 308, "Jace, the Perfected Mind_SB": 1442, "Tranquil Frillback_SB": 2883, "Urgent Necropsy_SB": 2993, "Blot Out": 258, "Corrupted Conviction": 530, "Diabolic Intent": 662, "Duress": 740, "Enduring Vitality": 805, "Llanowar Wastes": 1622, "Long Goodbye": 1626, "Pillage the Bog": 2016, "Stormsplitter": 2603, "Anoint with Affliction_SB": 77, "Cut Down_SB": 578, "Glissa Sunslayer_SB": 1126, "Pawpatch Formation_SB": 1967, "Soul-Guide Lantern_SB": 2500, "Sword of Once and Future_SB": 2661, "Beseech the Mirror": 199, "Bloodletter of Aclazotz": 245, "Conduit Pylons": 508, "Demolition Field": 636, "Escape Tunnel": 828, "Liliana of the Veil": 1603, "Live or Die": 1613, "Rush of Dread": 2276, "Bandit's Talent_SB": 172, "Hopeless Nightmare_SB": 1324, "Hostile Investigator_SB": 1330, "Rottenmouth Viper_SB": 2258, "Thought-Stalker Warlock_SB": 2802, "Zur, Eternal Schemer": 3213, "Armored Scrapgorger": 116, "Axebane Ferox": 152, "Ghalta, Stampede Tyrant": 1076, "Glimpse the Core": 1124, "Green Sun's Twilight": 1176, "Llanowar Loamspeaker": 1620, "Mishra's Foundry": 1762, "Nissa, Ascended Animist": 1848, "Railway Brawler": 2102, "Smuggler's Surprise": 2480, "Tyrranax Rex": 2923, "Vaultborn Tyrant": 3033, "Bite Down_SB": 212, "Hard-Hitting Question_SB": 1223, "Tear Asunder_SB": 2691, "Tyvar's Stand_SB": 2927, "Caves of Koilos": 415, "Concealed Courtyard": 506, "Legions to Ashes": 1572, "Restless Fortress": 2201, "Season of the Burrow": 2359, "Sheoldred's Edict": 2398, "Unidentified Hovership": 2954, "Zoraline, Cosmos Caller": 3209, "Cease // Desist_SB": 417, "Cruelclaw's Heist_SB": 553, "Exorcise_SB": 850, "Sunfall_SB": 2625, "Unstoppable Slasher_SB": 2973, "Cease // Desist": 416, "Impulse": 1359, "Karplusan Forest": 1480, "Questing Druid": 2082, "The Huntsman's Redemption": 2743, "Valley Floodcaller": 3013, "Brotherhood's End_SB": 335, "Into the Flood Maw_SB": 1393, "Ral, Crackling Wit_SB": 2114, "Kaya, Intangible Slayer": 1483, "Kaya, Spirits' Justice": 1485, "Surge of Salvation": 2638, "Kaya, Intangible Slayer_SB": 1484, "Cacophony Scamp": 358, "Callous Sell-Sword": 367, "Emberheart Challenger": 792, "Felonious Rage": 946, "Heartfire Hero": 1252, "Leyline of Resonance": 1583, "Might of the Meek": 1736, "Monastery Swiftspear": 1787, "Monstrous Rage": 1792, "Overprotect": 1941, "Shock": 2409, "Snakeskin Veil": 2482, "Turn Inside Out": 2908, "Obliterating Bolt_SB": 1878, "Scorching Shot_SB": 2330, "Freestrider Lookout": 1018, "Ghost Vacuum": 1081, "Glissa Sunslayer": 1125, "Iridescent Vinelasher": 1426, "Meathook Massacre II": 1715, "Sentinel of the Nameless City": 2377, "Choking Miasma_SB": 451, "Valgavoth's Onslaught_SB": 3007, "Ancient Cornucopia": 60, "Brushland": 337, "Doppelgang_SB": 697, "Nissa, Ascended Animist_SB": 1849, "Archfiend of the Dross": 99, "Unholy Annex // Ritual Chamber": 2952, "Blot Out_SB": 259, "Caustic Bronco_SB": 409, "Go for the Throat_SB": 1136, "Slickshot Show-Off": 2473, "Witch's Mark": 3166, "Betrayer's Bargain_SB": 203, "Shock_SB": 2410, "Ertai Resurrected": 824, "Three Steps Ahead": 2817, "Gix's Command_SB": 1105, "Harvester of Misery_SB": 1231, "Sheoldred's Edict_SB": 2399, "Azure Beastbinder": 157, "Crystal Grotto": 565, "Elspeth's Smite": 781, "Invasion of Segovia": 1415, "No More Lies": 1852, "Protect the Negotiators": 2066, "Regal Bunnicorn": 2166, "Restless Anchorage": 2195, "Beza, the Bounding Spring_SB": 205, "Caretaker's Talent_SB": 384, "Abhorrent Oculus": 1, "Bitter Triumph": 215, "Growing Dread": 1189, "Hauntwoods Shrieker": 1240, "Manifest Dread": 1689, "No One Left Behind": 1854, "Not Dead After All": 1861, "Oblivious Bookworm": 1879, "Satoru, the Infiltrator": 2304, "Splash Portal": 2541, "Undercity Sewers": 2941, "Valgavoth, Terror Eater": 3008, "Cankerbloom_SB": 375, "The Swarmweaver_SB": 2778, "Manifold Mouse": 1690, "Snakeskin Veil_SB": 2483, "Innkeeper's Talent": 1371, "Hired Claw": 1309, "Screaming Nemesis": 2339, "Witchstalker Frenzy": 3169, "Scorching Dragonfire_SB": 2328, "Sheoldred, the Apocalypse_SB": 2401, "Withering Torment_SB": 3172, "Brotherhood's End": 334, "Coiling Rebirth": 482, "Enduring Courage": 797, "Overlord of the Boilerbilges": 1933, "Rakdos Joins Up": 2106, "Restless Vents": 2209, "Sulfurous Springs": 2616, "The Elder Dragon War": 2730, "Vein Ripper": 3036, "Abrade_SB": 4, "Deadly Cover-Up_SB": 604, "Elusive Otter": 785, "Khenra Spellspear": 1506, "Kitsa, Otterball Elite": 1514, "Lightning Strike": 1599, "Overlord of the Floodpits": 1935, "Pearl of Wisdom": 1970, "Proft's Eidetic Memory": 2058, "Restless Spire": 2207, "Blue Sun's Twilight_SB": 260, "Tectonic Hazard_SB": 2693, "Third Path Iconoclast_SB": 2788, "Witchstalker Frenzy_SB": 3170, "Gix's Command": 1104, "Vraska, Betrayal's Sting": 3105, "Enduring Innocence_SB": 802, "Picklock Prankster": 2009, "Ral, Crackling Wit": 2113, "Keen-Eyed Curator_SB": 1490, "Helga, Skittish Seer": 1264, "Floodpits Drowner": 986, "Kaito, Bane of Nightmares": 1465, "Malicious Eclipse_SB": 1687, "Hostile Investigator": 1329, "Phyrexian Missionary": 2000, "Legions to Ashes_SB": 1573, "Fireglass Mentor": 969, "Flamecache Gecko": 973, "Forsaken Miner": 1009, "Gev, Scaled Scorch": 1072, "Laughing Jasper Flint": 1556, "Mudflat Village": 1808, "Rockface Village": 2244, "Thought-Stalker Warlock": 2801, "Glistening Deluge_SB": 1127, "Ephara's Dispersal": 818, "Founding the Third Path": 1012, "Lumra, Bellow of the Woods": 1653, "Squirming Emergence": 2556, "Terror Tide": 2715, "Wail of the Forgotten": 3110, "Goldvein Hydra_SB": 1150, "Calix, Guided by Fate": 364, "Entity Tracker": 816, "Ethereal Armor": 840, "Fae Flight": 877, "Gremlin Tamer": 1180, "Optimistic Scavenger": 1904, "Razorverge Thicket": 2139, "Shardmage's Rescue": 2390, "Sheltered by Ghosts": 2395, "Silent Hallcreeper": 2426, "Valgavoth's Lair": 3005, "Get Lost_SB": 1067, "Invasion of Gobakhan_SB": 1406, "Agatha's Soul Cauldron": 29, "Cheeky House-Mouse": 445, "Flowerfoot Swordmaster": 992, "Lost Jitte": 1642, "Mabel, Heir to Cragflame": 1663, "Nettle Guard": 1834, "Rabid Gnaw": 2089, "Raging Battle Mouse": 2101, "Restless Bivouac": 2197, "Voldaren Thrillseeker": 3089, "Parting Gust_SB": 1963, "Requisition Raid_SB": 2188, "Shardmage's Rescue_SB": 2391, "Sheltered by Ghosts_SB": 2396, "Boon-Bringer Valkyrie": 275, "Abandoned Campground": 0, "Chart a Course": 443, "Getaway Glamer": 1070, "Haughty Djinn": 1233, "Helping Hand": 1271, "Moment of Truth": 1782, "Monastery Mentor": 1785, "Recommission": 2155, "Change the Equation_SB": 437, "Doorkeeper Thrull_SB": 695, "Ephara's Dispersal_SB": 819, "Soul Partition_SB": 2495, "Surge of Salvation_SB": 2639, "Exorcise": 849, "High Noon": 1301, "Lightning Helix": 1597, "Urabrask's Forge": 2984, "Bonehoard Dracosaur_SB": 269, "Elesh Norn, Mother of Machines_SB": 778, "Destroy Evil": 653, "The Eternal Wanderer_SB": 2736, "Doppelgang": 696, "High Noon_SB": 1302, "Invasion of Tolvada_SB": 1420, "Picnic Ruiner": 2010, "Rockface Village_SB": 2245, "Twisted Fealty_SB": 2917, "Elesh Norn_SB": 779, "Season of the Burrow_SB": 2360, "Deduce": 615, "Tinybones, the Pickpocket": 2845, "Long River's Pull": 1629, "Mockingbird": 1770, "Razorkin Needlehead": 2134, "Sunspine Lynx": 2632, "Sunspine Lynx_SB": 2633, "Overlord of the Mistmoors_SB": 1940, "Cruelclaw's Heist": 552, "Spellgyre": 2524, "Stoic Sphinx": 2591, "Preacher of the Schism_SB": 2048, "Elas il-Kor, Sadistic Pilgrim": 768, "Hajar, Loyal Bodyguard": 1204, "Honest Rutstein": 1319, "Inti, Seneschal of the Sun": 1387, "Plaza of Heroes": 2027, "Rakdos, the Muscle": 2109, "Ratadrabik of Urborg": 2125, "The Jolly Balloon Man": 2748, "Blast Zone": 226, "Cityscape Leveler": 462, "Fomori Vault": 997, "Ill-Timed Explosion": 1349, "Simulacrum Synthesizer": 2435, "Skitterbeam Battalion": 2444, "Stern Lesson": 2581, "The Mightstone and Weakstone": 2756, "Thran Spider": 2809, "Thundering Falls": 2832, "Volcanic Spite": 3086, "Monastery Mentor_SB": 1786, "Giant Growth": 1089, "Furnace Reins_SB": 1038, "Builder's Talent": 340, "Steel Seraph": 2577, "Subterranean Schooner": 2613, "Zoetic Glyph": 3205, "Assimilation Aegis_SB": 132, "Not on My Watch_SB": 1864, "Abrade": 3, "Archangel Elspeth_SB": 92, "Restless Ridgeline": 2205, "Charming Scoundrel": 441, "Koth, Fire of Resistance": 1533, "Pyroclasm": 2076, "The Rollercrusher Ride": 2766, "Phyrexian Dragon Engine_SB": 1997, "Lay Down Arms_SB": 1562, "Magda, the Hoardmaster": 1669, "Tinybones Joins Up": 2842, "Undead Sprinter": 2938, "Vadmir, New Blood": 3002, "Vraan, Executioner Thane": 3101, "Archfiend of the Dross_SB": 100, "Thran Portal": 2808, "Obliterating Bolt": 1877, "Case of the Crimson Pulse_SB": 391, "Darkstar Augur": 586, "Enduring Tenacity": 803, "Essence Channeler": 830, "Ruin-Lurker Bat": 2266, "Starscape Cleric": 2566, "Valley Rotcaller": 3017, "Dewdrop Cure_SB": 661, "Doomsday Excruciator": 693, "Etali's Favor": 834, "Insatiable Avarice": 1376, "The Infamous Cruelclaw": 2745, "Lord Skitter, Sewer King_SB": 1641, "Untimely Malfunction_SB": 2977, "Blazing Crescendo": 229, "Royal Treatment": 2261, "Dreadmaw's Ire_SB": 722, "Gix, Yawgmoth Praetor_SB": 1107, "Virtue of Persistence_SB": 3072, "Wrenn and Realmbreaker_SB": 3182, "Geological Appraiser_SB": 1063, "Koth, Fire of Resistance_SB": 1534, "Screaming Nemesis_SB": 2340, "Vengeful Possession_SB": 3042, "Don't Make a Sound": 692, "Outrageous Robbery_SB": 1926, "Flow of Knowledge": 990, "Negate": 1829, "Shore Up": 2413, "Spell Stutter": 2521, "Abhorrent Oculus_SB": 2, "Faerie Mastermind_SB": 885, "Minor Misstep_SB": 1746, "Shore Up_SB": 2414, "Unauthorized Exit_SB": 2935, "Annie Joins Up": 73, "Djeru and Hazoret": 688, "Dragonhawk, Fate's Tempest": 712, "Etali, Primal Conqueror": 835, "Fortune, Loyal Steed": 1011, "Huatli, Poet of Unity": 1333, "Kogla and Yidaro": 1525, "Roxanne, Starfall Savant": 2259, "Bandit's Talent": 171, "Braids, Arisen Nightmare": 295, "Final Vengeance": 965, "Hopeless Nightmare": 1323, "Nurturing Pixie": 1869, "Rottenmouth Viper": 2257, "Spiteful Hexmage": 2539, "Tithing Blade": 2854, "Calamity's Wake_SB": 362, "Split Up_SB": 2544, "Dollmaker's Shop // Porcelain Gallery_SB": 691, "Commune with Evil": 504, "Rite of the Moth": 2229, "Splitskin Doll": 2545, "Valgavoth's Faithful": 3004, "Unwanted Remake_SB": 2979, "Faerie Dreamthief": 881, "Faerie Fencing": 882, "Malcolm, Alluring Scoundrel": 1683, "Obyra, Dreaming Duelist": 1883, "Sleep-Cursed Faerie": 2467, "Steamcore Scholar": 2573, "Ego Drain_SB": 765, "Invasion of Amonkhet_SB": 1400, "Nemata, Primeval Warden": 1832, "Urgent Necropsy": 2992, "The Filigree Sylex_SB": 2739, "Hammerhand_SB": 1215, "Heaped Harvest": 1250, "Bring the Ending": 321, "Dismal Backwater": 671, "Distorted Curiosity": 676, "Drown in Ichor": 732, "Experimental Augury": 854, "Infectious Inquiry": 1365, "Malicious Eclipse": 1686, "Murky Sewer": 1816, "Prologue to Phyresis": 2062, "Reject Imperfection": 2172, "Season of Loss": 2355, "Vraska's Fall": 3103, "Infectious Inquiry_SB": 1366, "Pestilent Syphoner_SB": 1983, "Aftermath Analyst": 25, "Akawalli, the Seething Tower": 42, "Altanak, the Thrice-Called": 48, "Blanchwood Prowler": 223, "Breach the Multiverse": 307, "Bringer of the Last Gift": 323, "Maha, Its Feathers Night": 1676, "Rubblebelt Maverick": 2263, "Say Its Name": 2312, "Strangled Cemetery": 2604, "Terramorphic Expanse": 2713, "Uurg, Spawn of Turg": 3001, "Voracious Varmint": 3095, "Wary Watchdog": 3129, "Murder_SB": 1814, "Abraded Bluffs": 5, "Armored Armadillo": 113, "Draconic Destiny": 704, "Grand Entryway // Elegant Rotunda": 1165, "Loran's Escape": 1638, "Raucous Carnival": 2128, "Skrelv, Defector Mite": 2447, "Slumbering Keepguard": 2476, "War Squeak": 3117, "Griffnaut Tracker_SB": 1185, "Loran's Escape_SB": 1639, "Smash to Dust_SB": 2477, "Take Up the Shield_SB": 2676, "Broodspinner": 332, "Deathcap Marionette": 609, "Hollow Marauder": 1314, "Huskburster Swarm": 1342, "Jungle Hollow": 1462, "Overwhelming Remorse": 1945, "Writhing Necromass": 3186, "Desperate Bloodseeker_SB": 651, "Echo of Dusk_SB": 758, "Urborg Repossession_SB": 2988, "Voracious Varmint_SB": 3096, "Creosote Heath": 550, "Crystal Carapace": 564, "Etched Cornfield": 838, "Ghostly Dancers": 1083, "Hopeful Vigil": 1322, "Hunter's Talent": 1338, "Toadstool Admirer": 2856, "Petrify_SB": 1985, "Conceited Witch": 507, "Fear of Infinity": 914, "Glimmerlight": 1123, "Shoreline Looter": 2415, "The Witch's Vanity": 2783, "Extract a Confession_SB": 866, "Unable to Scream_SB": 2933, "Elesh Norn, Mother of Machines": 777, "Forlorn Flats": 1008, "Hero of the Dunes": 1282, "Phyrexian Rager": 2004, "Ruthless Lawbringer": 2279, "Scoured Barrens": 2332, "Skullcap Snail": 2451, "Unscrupulous Agent": 2965, "Candy Grapple_SB": 372, "Deadly Riposte_SB": 606, "Nettle Guard_SB": 1835, "Overwhelming Remorse_SB": 1946, "Tithing Blade_SB": 2855, "Vanish into Eternity_SB": 3029, "Clockwork Percussionist": 476, "Disturbing Mirth": 681, "Gixian Infiltrator": 1108, "Jagged Barrens": 1443, "Popular Egotist": 2038, "Sawblade Skinripper": 2310, "Not Dead After All_SB": 1862, "Unseal the Necropolis_SB": 2966, "Bonecache Overseer": 265, "Ichor Drinker": 1345, "Insidious Roots": 1380, "Izoni, Center of the Web": 1436, "Ozolith, the Shattered Spire": 1949, "Skyfisher Spider": 2457, "Snarling Gorehound": 2485, "Stubborn Burrowfiend": 2611, "Twitching Doll": 2918, "Urborg Repossession": 2987, "Lord Skitter, Sewer King": 1640, "Drag to the Bottom_SB": 708, "Enduring Curiosity_SB": 800, "Requisition Raid": 2187, "Seed of Hope": 2366, "Third Path Iconoclast": 2787, "Artist's Talent_SB": 119, "Ill-Timed Explosion_SB": 1350, "Kellan, Inquisitive Prodigy": 1496, "Bonny Pall, Clearcutter_SB": 271, "Pest Control_SB": 1981, "Royal Treatment_SB": 2262, "Valley Floodcaller_SB": 3014, "Azure Beastbinder_SB": 158, "Kaervek, the Punisher_SB": 1464, "Vren, the Relentless_SB": 3109, "Invasion of Amonkhet": 1399, "Render Inert": 2178, "Rona's Vortex_SB": 2253, "Pawpatch Formation": 1966, "Spinewoods Armadillo": 2533, "Skrelv's Hive_SB": 2446, "Shoot the Sheriff": 2411, "The Stone Brain_SB": 2775, "Demonic Ruckus": 644, "Dreadmaw's Ire": 721, "Karumonix, the Rat King": 1482, "Lilypad Village": 1607, "Nashi, Searcher in the Dark": 1825, "Persistent Marshstalker": 1979, "Vren, the Relentless": 3108, "Cryptic Coat_SB": 560, "Withering Torment": 3171, "Anzrag's Rampage_SB": 81, "Terisian Mindbreaker": 2712, "The Mindskinner": 2759, "Eliminate the Impossible_SB": 780, "No More Lies_SB": 1853, "Obstinate Baloth_SB": 1882, "Push // Pull": 2074, "Fade from History_SB": 876, "Haywire Mite_SB": 1242, "The Wandering Rescuer": 2781, "Aspirant's Ascent": 127, "Enter the Enigma": 814, "Ivy, Gleeful Spellthief": 1433, "Molten Duplication": 1777, "Take the Fall": 2678, "Venerated Rotpriest": 3038, "Ivy, Gleeful Spellthief_SB": 1434, "Flowstone Infusion": 993, "Wear Down_SB": 3136, "Archdruid's Charm": 97, "Arid Archway": 110, "Calamity, Galloping Inferno": 363, "Outcaster Trailblazer": 1921, "Terror of the Peaks": 2717, "Tyrranax Rex_SB": 2924, "Assassin's Trophy": 129, "Inquisitive Glimmer": 1374, "Kitnap_SB": 1513, "Pawpatch Recruit_SB": 1969, "Break the Spell_SB": 312, "Feather of Flight": 926, "Highway Robbery": 1305, "Painter's Studio // Defaced Gallery": 1955, "Wrenn's Resolve": 3184, "Collector's Vault": 490, "Demonic Counsel": 638, "Reenact the Crime": 2163, "Treasure Map": 2891, "Karn's Sylex_SB": 1477, "Jodah, the Unifier": 1453, "Melira, the Living Cure": 1719, "Relic of Legends": 2174, "Rona, Herald of Invasion": 2254, "Sigarda, Font of Blessings": 2424, "Drana and Linvala_SB": 717, "Kellan, the Kid_SB": 1502, "Kutzil, Malamet Exemplar_SB": 1547, "Myrel, Shield of Argive_SB": 1819, "Skrelv, Defector Mite_SB": 2448, "The Wandering Rescuer_SB": 2782, "Tinybones Joins Up_SB": 2843, "Gishath, Sun's Avatar": 1100, "Make Your Own Luck": 1679, "Restless Vinestalk": 2210, "Caustic Bronco": 408, "Case of the Stashed Skeleton": 398, "Ojer Axonil, Deepest Might": 1888, "Embereth Veteran": 791, "Mirran Banesplitter": 1750, "Phoenix Chick": 1990, "Squee, Dubious Monarch": 2554, "Drannith Ruins_SB": 720, "Geological Appraiser": 1062, "Roaring Furnace // Steaming Sauna": 2241, "Cavern of Souls_SB": 413, "Kogla and Yidaro_SB": 1526, "Up the Beanstalk_SB": 2982, "Vaultborn Tyrant_SB": 3034, "Unholy Annex && Ritual Chamber": 2950, "Serra Paragon_SB": 2381, "Patchwork Beastie": 1965, "Torch the Witness": 2870, "Wildfire Wickerfolk": 3152, "Balustrade Wurm_SB": 169, "Dusk Rose Reliquary": 743, "Painter's Studio && Defaced Gallery": 1953, "Song of Totentanz_SB": 2491, "Ossification": 1914, "Fae Flight_SB": 878, "Ossification_SB": 1915, "Silent Hallcreeper_SB": 2427, "Braided Net": 293, "Chimil, the Inner Sun": 447, "Clay-Fired Bricks": 471, "Farsight Ritual": 898, "Defabricate_SB": 623, "Ezrim, Agency Chief_SB": 871, "Spellbook Vendor": 2523, "Stenn, Paranoid Partisan": 2579, "Gremlin Tamer_SB": 1181, "Dreams of Steel and Oil": 726, "Scrapshooter_SB": 2334, "Unholy Annex // Ritual Chamber_SB": 2953, "Amalia Benavides Aguirre": 49, "Case of the Uneaten Feast": 400, "Lunar Convocation": 1654, "Goddric, Cloaked Reveler": 1146, "Assimilation Aegis": 131, "Ezrim, Agency Chief": 870, "No Witnesses": 1856, "Season of Weaving": 2357, "The Everflowing Well": 2737, "Thousand Moons Smithy": 2805, "Unstable Glyphbridge": 2969, "Worldwalker Helm": 3178, "Spring-Loaded Sawblades_SB": 2550, "Idyllic Beachfront": 1348, "Change the Equation": 436, "Horned Loch-Whale": 1325, "Quick Study": 2085, "Teferi, Temporal Pilgrim": 2695, "The End": 2732, "Chrome Host Seedshark_SB": 453, "Feed the Cycle": 930, "Toby, Beastie Befriender": 2857, "Season of Loss_SB": 2356, "Unidentified Hovership_SB": 2955, "Long Goodbye_SB": 1627, "The Cruelty of Gix_SB": 2728, "Stoic Sphinx_SB": 2592, "Awaken the Woods": 151, "Bonny Pall, Clearcutter": 270, "Goldvein Hydra": 1149, "Nissa, Resurgent Animist": 1850, "Pick Your Poison": 2007, "Surge Engine": 2636, "Training Grounds": 2878, "Vorinclex": 3097, "Aftermath Analyst_SB": 26, "Training Grounds_SB": 2879, "Fortified Beachhead": 1010, "Harbin, Vanguard Aviator": 1217, "Recruitment Officer": 2157, "Zephyr Sentinel": 3198, "Cryptic Coat": 559, "Greedy Freebooter": 1175, "Valley Flamecaller": 3012, "Scales of Shale_SB": 2319, "Squee, Dubious Monarch_SB": 2555, "Corpses of the Lost_SB": 528, "Jaya, Fiery Negotiator_SB": 1446, "Regal Bunnicorn_SB": 2167, "Fugitive Codebreaker": 1027, "Slickshot Show-Off_SB": 2474, "Bandit's Haul": 170, "Conduit of Worlds": 509, "Faunsbane Troll": 904, "The Goose Mother": 2741, "Stormkeld Vanguard_SB": 2602, "Audacity": 140, "Get Out_SB": 1069, "Anointed Peacekeeper": 78, "Archangel of Tithes": 93, "Guardian of New Benalia": 1196, "Veteran Survivor": 3051, "Anointed Peacekeeper_SB": 79, "Tocasia's Welcome_SB": 2860, "Drag the Canal": 705, "Commercial District_SB": 503, "White Sun's Twilight": 3146, "Innkeeper's Talent_SB": 1372, "Restless Ridgeline_SB": 2206, "Darkstar Augur_SB": 587, "Arabella, Abandoned Doll": 82, "Case of the Gateway Express_SB": 394, "Patchwork Banner": 1964, "Kaito, Dancing Shadow_SB": 1470, "Rona's Vortex": 2252, "Invasion of Tolvada": 1419, "Archangel of Wrath_SB": 96, "Zur, Eternal Schemer_SB": 3214, "Crawling Chorus": 548, "Skrelv's Hive": 2445, "Sword of Forge and Frontier_SB": 2659, "Sword of Forge and Frontier": 2658, "Sword of Once and Future": 2660, "Unwanted Remake": 2978, "Fleeting Reflection": 981, "Reasonable Doubt": 2146, "Serum Snare": 2382, "The Seedcore": 2768, "Annex Sentry_SB": 71, "Bring the Ending_SB": 322, "Fallaji Archaeologist": 891, "Choking Miasma": 450, "Thrun, Breaker of Silence_SB": 2830, "Cenote Scout": 420, "Keen-Eyed Curator": 1489, "Scrapshooter": 2333, "Jawbone Duelist": 1444, "Fountainport_SB": 1017, "Serra Paragon": 2380, "Seal from Existence": 2347, "Ertai Resurrected_SB": 825, "Scorching Shot": 2329, "Emberheart Challenger_SB": 793, "Not on My Watch": 1863, "Binding Negotiation_SB": 208, "Restless Prairie": 2202, "Scrollshift": 2341, "Two-Headed Hunter": 2919, "Tyvar's Stand": 2926, "Render Inert_SB": 2179, "Valley Questcaller": 3016, "Demolition Field_SB": 637, "Dollmaker's Shop && Porcelain Gallery": 689, "Unholy Annex && Ritual Chamber_SB": 2951, "Overlord of the Floodpits_SB": 1936, "Agatha's Soul Cauldron_SB": 30, "Lavaspur Boots_SB": 1560, "Overlord of the Balemurk_SB": 1932, "Torpor Orb_SB": 2873, "Deep-Cavern Bat_SB": 618, "Arabella, Abandoned Doll_SB": 83, "Restless Anchorage_SB": 2196, "Bitter Reunion": 213, "Molten Collapse": 1775, "Overlord of the Boilerbilges_SB": 1934, "Island_SB": 1431, "Invasion of Innistrad": 1407, "Long River's Pull_SB": 1630, "Break Out": 310, "Omnivorous Flytrap": 1899, "Pawpatch Recruit": 1968, "Hunter's Talent_SB": 1339, "Trial of Agony_SB": 2895, "Make Your Own Luck_SB": 1680, "Fugitive Codebreaker_SB": 1028, "Essence Scatter": 832, "Bitter Triumph_SB": 216, "Misery's Shadow_SB": 1759, "Seedglaive Mentor_SB": 2367, "Soul Search_SB": 2497, "Walk-In Closet && Forgotten Cellar": 3113, "Assassin's Trophy_SB": 130, "Osseous Sticktwister_SB": 1913, "Hugs, Grisly Guardian": 1334, "Lukka, Bound to Ruin": 1647, "Migloz, Maze Crusher": 1738, "Ojer Kaslem, Deepest Growth": 1889, "Seized from Slumber": 2372, "Quintorius Kand_SB": 2087, "Unable to Scream": 2932, "Horned Loch-Whale_SB": 1326, "No Witnesses_SB": 1857, "Cursed Recording": 573, "Fires of Victory": 970, "Piggy Bank": 2011, "Rankle's Prank": 2121, "Sunken Citadel_SB": 2628, "Farsight Ritual_SB": 899, "Scorching Dragonfire": 2327, "Bladecoil Serpent_SB": 221, "Phyrexian Arena": 1992, "Urza's Sylex": 2998, "Marchesa, Dealer of Death": 1697, "Curate": 570, "Proft's Eidetic Memory_SB": 2059, "Starscape Cleric_SB": 2567, "Confounding Riddle": 511, "The Enigma Jewel": 2734, "The Swarmweaver": 2777, "Plumecreed Escort": 2028, "Come Back Wrong_SB": 501, "Intrude on the Mind": 1398, "Insatiable Avarice_SB": 1377, "Phyrexian Fleshgorger_SB": 1999, "Artist's Talent": 118, "Brass's Tunnel-Grinder": 301, "Capricious Hellraiser": 377, "Chandra, Hope's Beacon": 430, "Virtue of Knowledge_SB": 3068, "Sheoldred": 2397, "Ruthless Negotiation_SB": 2282, "Sunfire Torch": 2626, "Baird, Argivian Recruiter": 162, "Dollmaker's Shop // Porcelain Gallery": 690, "Legion Extruder": 1569, "Blossoming Tortoise": 257, "Knight of Dusk's Shadow_SB": 1519, "Meeting of Minds": 1718, "Stoke the Flames": 2593, "Stormcatch Mentor": 2599, "Campus Renovation": 369, "One with the Multiverse": 1901, "Portal to Phyrexia": 2041, "Rankle's Prank_SB": 2122, "Mirror Room // Fractured Realm": 1754, "Trapped in the Screen": 2886, "Gisa, the Hellraiser": 1098, "Leyline of Hope": 1581, "Shoot the Sheriff_SB": 2412, "Shrouded Shepherd_SB": 2420, "Arcane Proxy": 88, "Bilious Skulldweller": 206, "Venser, Corpse Puppet": 3045, "Drown in Ichor_SB": 733, "Reject Imperfection_SB": 2173, "Serum Snare_SB": 2383, "Venser, Corpse Puppet_SB": 3046, "Vraska, Betrayal's Sting_SB": 3106, "Whisper of the Dross_SB": 3145, "Astor, Bearer of Blades": 133, "Blacksmith's Talent": 219, "Bladehold War-Whip": 222, "Chainsaw": 426, "Dissection Tools": 674, "Rebel Salvo": 2147, "Chrome Prowler": 454, "Combat Thresher": 499, "Hidden Cataract": 1290, "Hidden Courtyard": 1291, "Liberator, Urza's Battlethopter": 1590, "Out Cold": 1918, "Lost in the Maze_SB": 1645, "Spark Rupture_SB": 2512, "Case of the Crimson Pulse": 390, "Scavenger's Talent": 2323, "Coati Scavenger": 480, "Drag to the Roots": 709, "Ego Drain": 764, "Spell Stutter_SB": 2522, "Talion's Messenger_SB": 2681, "Questing Druid_SB": 2083, "Balustrade Wurm": 168, "The Skullspore Nexus": 2769, "Wrenn and Realmbreaker": 3181, "Glass Casket": 1114, "Repel Calamity": 2182, "Witch's Mark_SB": 3167, "Walk-In Closet && Forgotten Cellar_SB": 3114, "Twinferno": 2911, "Song of Totentanz": 2490, "Tarnation Vista": 2686, "Thundertrap Trainer": 2836, "Dissection Tools_SB": 675, "Volcanic Spite_SB": 3087, "Sandstorm Verge": 2296, "Pest Control": 1980, "Outrageous Robbery": 1925, "Pillage the Bog_SB": 2017, "Cankerbloom": 374, "Violent Urge": 3062, "Manifold Mouse_SB": 1691, "Argentum Masticore_SB": 108, "Archdruid's Charm_SB": 98, "Ghostly Dancers_SB": 1084, "Virtue of Knowledge": 3067, "Micromancer": 1732, "Case of the Filched Falcon": 392, "Clement, the Worrywort": 473, "Dour Port-Mage": 700, "Dreamdew Entrancer": 724, "Long River Lurker": 1628, "Mistbreath Elder": 1764, "Oakhollow Village": 1873, "Pond Prophet": 2037, "Sunshower Druid": 2630, "Three Tree Scribe": 2821, "Valley Mightcaller": 3015, "Invasion of Ixalan": 1408, "Bristlebud Farmer_SB": 325, "Drannith Ruins": 719, "Coppercoat Vanguard": 522, "Valiant Veteran": 3010, "Kellan, Daring Traveler": 1495, "Syr Ginger, the Meal Ender": 2668, "Teething Wurmlet": 2694, "Tough Cookie": 2874, "Aven Interrupter_SB": 150, "Tail Swipe_SB": 2672, "Misery's Shadow": 1758, "Sharp-Eyed Rookie": 2392, "Metropolis Reformer_SB": 1731, "Disenchant_SB": 668, "Burrowguard Mentor": 351, "Finneas, Ace Archer": 967, "Hop to It": 1320, "Seasoned Warrenguard": 2362, "Treeguard Duo_SB": 2893, "Blood Hustler": 238, "Fauna Shaman": 902, "Haywire Mite": 1241, "Kami of Whispered Hopes": 1474, "Likeness Looter": 1602, "Lively Dirge": 1614, "Nashi, Moon's Legacy": 1824, "Tyvar, Jubilant Brawler": 2928, "Annex Sentry": 70, "Slaughter Singer": 2466, "Ajani, Sleeper Agent_SB": 39, "Bristly Bill, Spine Sower": 327, "Case of the Locked Hothouse": 395, "Evolving Wilds": 846, "Festering Gulch": 950, "Fake Your Own Death_SB": 890, "Forest_SB": 1005, "Heaped Harvest_SB": 1251, "Swamp_SB": 2651, "Demand Answers": 635, "Roaring Furnace && Steaming Sauna": 2239, "Magebane Lizard_SB": 1671, "Breeches, Eager Pillager": 313, "Captain Storm, Cosmium Raider": 380, "Goblin Tomb Raider": 1145, "Kitesail Larcenist": 1511, "Malcolm, the Eyes": 1685, "Reckless Lackey": 2150, "Roaming Throne": 2237, "Staunch Crewmate": 2571, "Roaming Throne_SB": 2238, "Return the Favor": 2215, "Chainsaw_SB": 427, "Might of the Meek_SB": 1737, "Rabid Gnaw_SB": 2090, "Turn Inside Out_SB": 2909, "Phantom Interference_SB": 1987, "Take Up the Shield": 2675, "Jirina, Dauntless General_SB": 1452, "Slime Against Humanity": 2475, "Explosive Derailment": 858, "Fell": 943, "Great Train Heist": 1171, "Kaervek, the Punisher": 1463, "Lazav, Familiar Stranger": 1563, "Vial Smasher, Gleeful Grenadier": 3054, "Niv-Mizzet, Supreme": 1851, "Chupacabra Echo": 455, "Cruel Somnophage": 551, "Gnawing Vermin": 1133, "Hollow Scavenger": 1316, "Urborg Lhurgoyf": 2986, "Hedge Shredder": 1262, "Grievous Wound_SB": 1184, "Terror Tide_SB": 2716, "Cathartic Parting_SB": 405, "Impulse_SB": 1360, "Lich-Knights' Conquest_SB": 1592, "Overlord of the Hauntwoods_SB": 1938, "Virtue of Loyalty_SB": 3070, "Bovine Intervention_SB": 292, "Scatter Ray": 2321, "Ashiok, Wicked Manipulator_SB": 123, "Ghired, Mirror of the Wilds": 1077, "Corpses of the Lost": 527, "Cult Conscript": 566, "Fear of Impostors": 912, "Monstrous Emergence_SB": 1791, "Roaring Furnace && Steaming Sauna_SB": 2240, "Aven Interrupter": 149, "Hidetsugu and Kairi": 1298, "Under the Skin": 2940, "Elusive Otter_SB": 786, "Unyielding Gatekeeper": 2980, "Etali, Primal Conqueror_SB": 836, "Lightning Strike_SB": 1600, "Restricted Office && Lecture Hall_SB": 2211, "Razorkin Needlehead_SB": 2135, "Season of Weaving_SB": 2358, "Cunning Coyote": 568, "Osteomancer Adept": 1916, "Tail Swipe": 2671, "Thraxodemon": 2812, "Fear of Lost Teeth": 918, "Invasion of Azgol": 1402, "The Witch's Vanity_SB": 2784, "Tinybones, the Pickpocket_SB": 2846, "Decadent Dragon": 613, "Rakdos, Patron of Chaos": 2108, "Gingerbrute": 1097, "Marvin, Murderous Mimic": 1703, "Monstrous Emergence": 1790, "Kitesail Larcenist_SB": 1512, "Repulsive Mutation_SB": 2185, "Pitiless Carnage": 2019, "The Infamous Cruelclaw_SB": 2746, "Lupinflower Village": 1657, "Pollen-Shield Hare": 2032, "Three Tree City": 2819, "Glass Casket_SB": 1115, "Ashiok, Wicked Manipulator": 122, "Final Showdown": 963, "Kutzil's Flanker": 1544, "Ingenious Prodigy": 1370, "Kaito, Dancing Shadow": 1469, "Plumecreed Escort_SB": 2029, "Captivating Cave": 381, "Teferi, Temporal Pilgrim_SB": 2696, "Aloe Alchemist": 47, "Yavimaya Iconoclast": 3190, "Hearth Elemental": 1257, "Lavaspur Boots": 1559, "Hearth Elemental_SB": 1258, "Zoraline, Cosmos Caller_SB": 3210, "Neutralize the Guards_SB": 1837, "Bloodletter of Aclazotz_SB": 246, "Betrayer's Bargain": 202, "Braids, Arisen Nightmare_SB": 296, "Pugnacious Hammerskull_SB": 2072, "Torch the Witness_SB": 2871, "Wrenn's Resolve_SB": 3185, "Fear of Isolation": 916, "Glarb, Calamity's Augur": 1112, "Glarb, Calamity's Augur_SB": 1113, "Market Gnome": 1698, "Warden of the Inner Sky_SB": 3120, "Kambal, Profiteering Mayor_SB": 1473, "Painter's Studio && Defaced Gallery_SB": 1954, "Planar Disruption_SB": 2025, "Scrollshift_SB": 2342, "Overprotect_SB": 1942, "Portent of Calamity": 2042, "The Irencrag": 2747, "Floodpits Drowner_SB": 987, "Lukka, Bound to Ruin_SB": 1648, "Roxanne, Starfall Savant_SB": 2260, "Sorcerous Spyglass_SB": 2493, "Black Sun's Twilight": 217, "Corrupt": 529, "Haunted Mire": 1237, "Iridescent Vinelasher_SB": 1427, "Errant and Giada": 822, "Werefox Bodyguard_SB": 3142, "Lost in the Maze": 1644, "Great Train Heist_SB": 1172, "Bristling Backwoods": 326, "Rugged Highlands": 2265, "Razortrap Gorge": 2138, "Frontier Seeker": 1024, "Herbology Instructor_SB": 1277, "Phyrexian Arena_SB": 1993, "Hidden Grotto": 1292, "Heroic Reinforcements": 1286, "Maelstrom Pulse": 1667, "Scavenging Ooze": 2324, "Vivien Reid": 3077, "Liliana, Dreadhorde General_SB": 1606, "Maelstrom Pulse_SB": 1668, "Phyrexian Obliterator": 2002, "Back for Seconds_SB": 160, "Case of the Stashed Skeleton_SB": 399, "Homicide Investigator_SB": 1318, "Burst Lightning": 352, "Boros Charm": 278, "Llanowar Elves": 1617, "Abyssal Harvester": 9, "Soulstone Sanctuary": 2507, "Scavenging Ooze_SB": 2325, "Vivien Reid_SB": 3078, "Basilisk Collar_SB": 186, "Day of Judgment": 593, "Authority of the Consuls_SB": 147, "Devout Decree_SB": 659, "Flashfreeze_SB": 978, "Evangel of Synthesis": 843, "Zombify": 3207, "Desecration Demon_SB": 648, "Wail of the Forgotten_SB": 3111, "Sun-Blessed Healer": 2618, "Temple of Triumph": 2707, "Campus Renovation_SB": 370, "Boltwave": 263, "Splitskin Doll_SB": 2546, "Virtue of Courage": 3065, "Heartflame Duelist_SB": 1256, "Slagstorm_SB": 2465, "Mazemind Tome": 1712, "Crystal Barricade_SB": 563, "Bloodthirsty Conqueror_SB": 250, "Kellan, Planar Trailblazer": 1498, "Opt": 1902, "Faebloom Trick": 879, "Feed the Swarm_SB": 934, "Kaito, Cunning Infiltrator_SB": 1468, "Spinner of Souls": 2535, "Pitiless Carnage_SB": 2020, "Kiora, the Rising Tide": 1509, "Ghitu Lavarunner": 1079, "Thrill of Possibility": 2824, "Blooming Blast_SB": 254, "Elenda, Saint of Dusk": 774, "Garna, Bloodfist of Keld": 1047, "Kellan, the Kid": 1501, "Secluded Courtyard": 2364, "Authority of the Consuls": 146, "Exemplar of Light": 847, "Fiendish Panda": 955, "Hinterland Sanctifier": 1307, "Elenda, Saint of Dusk_SB": 775, "Combat Research": 498, "Spectral Sailor": 2517, "Unsummon": 2974, "Brineborn Cutthroat_SB": 320, "Ertai's Scorn_SB": 827, "Flow of Knowledge_SB": 991, "Haughty Djinn_SB": 1234, "Urza's Rebuff_SB": 2996, "Hero's Downfall": 1283, "Liliana, Dreadhorde General": 1605, "Temple of Malady": 2702, "Temple of Plenty": 2705, "Temple of Silence": 2706, "Mortify_SB": 1799, "White Sun's Twilight_SB": 3147, "Felidar Retreat": 940, "Herald of Eternal Dawn": 1272, "Loot, Exuberant Explorer": 1632, "Mossborn Hydra": 1800, "Giant Cindermaw_SB": 1088, "Bloodthirsty Conqueror": 249, "Heartflame Duelist": 1255, "Viashino Pyromancer": 3055, "Ball Lightning": 165, "Bloodfeather Phoenix": 241, "Grab the Prize": 1158, "Lyra Dawnbringer_SB": 1661, "Virtue of Courage_SB": 3066, "Abyssal Harvester_SB": 10, "Painter's Studio // Defaced Gallery_SB": 1956, "Kaito, Cunning Infiltrator": 1467, "Sphinx of Forgotten Lore": 2527, "Aetherize_SB": 23, "Feldon's Cane_SB": 936, "Demonic Pact": 642, "Harmless Offering": 1226, "Cathar Commando": 403, "Knight of Grace": 1520, "Ajani, Caller of the Pride_SB": 36, "Ethereal Armor_SB": 841, "Reclamation Sage_SB": 2154, "Dead Weight": 598, "Gixian Puppeteer": 1110, "Revenge of the Rats": 2216, "Terror Ballista": 2714, "The Ancient One": 2725, "Razorlash Transmogrant_SB": 2137, "Llanowar Greenwidow": 1619, "An Offer You Can't Refuse_SB": 55, "Trapped in the Screen_SB": 2887, "Final Showdown_SB": 964, "Subterranean Schooner_SB": 2614, "Virtue of Strength": 3073, "Worldsoul's Rage": 3177, "Hero's Downfall_SB": 1284, "Zurgo and Ojutai": 3215, "Refute": 2164, "Curator of Destinies_SB": 571, "Day of Judgment_SB": 594, "Ashroot Animist": 126, "Polukranos Reborn": 2035, "Ruby, Daring Tracker": 2264, "Muerra, Trash Tactician_SB": 1810, "Soulless Jailer_SB": 2504, "Boros Charm_SB": 279, "Anim Pakal, Thousandth Moon": 67, "Jirina, Dauntless General": 1451, "Deathmark_SB": 610, "Joust Through_SB": 1459, "Knight of Grace_SB": 1521, "Raise the Past_SB": 2104, "Arcanis the Omnipotent_SB": 90, "Feed the Cycle_SB": 931, "Insidious Fungus_SB": 1379, "Stab_SB": 2558, "Dazzling Denial": 596, "Empyrean Eagle": 794, "Healer's Hawk": 1249, "Blooming Blast": 253, "Coruscation Mage": 533, "Firebrand Archer": 968, "Bloated Contaminator": 235, "High Stride": 1303, "Infectious Bite": 1364, "Aspirant's Ascent_SB": 128, "Distorted Curiosity_SB": 677, "Enter the Enigma_SB": 815, "Fleeting Reflection_SB": 982, "High Stride_SB": 1304, "Prologue to Phyresis_SB": 2063, "This Town Ain't Big Enough_SB": 2792, "Greed's Gambit": 1173, "Molten Collapse_SB": 1776, "Sire of Seven Deaths_SB": 2438, "Temple of Deceit": 2699, "Sentinel of the Nameless City_SB": 2378, "Doubling Season": 698, "Cathar Commando_SB": 404, "Elegant Parlor_SB": 773, "Thrun, Breaker of Silence": 2829, "Buried in the Garden": 345, "Clifftop Lookout": 474, "Fecund Greenshell": 928, "Genesis Wave": 1061, "Invasion of Zendikar": 1421, "Tender Wildguide": 2710, "Roaring Furnace // Steaming Sauna_SB": 2242, "Sheoldred_SB": 2402, "Chimil, the Inner Sun_SB": 448, "Pilfer_SB": 2015, "Urborg Scavengers_SB": 2990, "Ferocification_SB": 949, "Audacity_SB": 141, "Hard-Hitting Question": 1222, "Starfall Invocation": 2564, "Ajani's Pridemate": 34, "Arahbo, the First Fang": 85, "Banishing Light": 173, "Joust Through": 1458, "Prideful Parent": 2050, "Regal Caracal": 2168, "Savannah Lions": 2306, "Skyknight Squire": 2459, "Banishing Light_SB": 174, "Claws Out_SB": 470, "Brineborn Cutthroat": 319, "Desecration Demon": 647, "Cynical Loner": 580, "Driver of the Dead": 730, "Gatekeeper of Malakir": 1057, "Infestation Sage": 1367, "Kalastria Highborn": 1471, "Nullpriest of Oblivion": 1868, "Pulse Tracker": 2073, "Vampire Nighthawk": 3024, "Vengeful Bloodwitch": 3040, "Undergrowth Recon": 2944, "Walk-In Closet // Forgotten Cellar": 3115, "An Offer You Can't Refuse": 54, "Carnelian Orb of Dragonkind": 385, "Invasion of Tarkir": 1416, "Sarkhan, Soul Aflame": 2303, "Slagstorm": 2464, "Stingerback Terror": 2584, "Twinflame Tyrant": 2913, "Omniscience": 1898, "Drag to the Roots_SB": 710, "Searslicer Goblin": 2351, "Stromkirk Noble": 2610, "Witness Protection_SB": 3174, "Luminous Rebuke": 1651, "Primal Might": 2051, "Arcanis the Omnipotent": 89, "Moment of Craving_SB": 1780, "Invasion of Regatha": 1413, "Tinybones, Bauble Burglar": 2844, "Sphinx of Forgotten Lore_SB": 2528, "Ashnod's Intervention": 125, "Barbed Batterfist": 178, "Bloodfeather Phoenix_SB": 242, "Koma, World-Eater": 1530, "Valgavoth, Terror Eater_SB": 3009, "Fear of Impostors_SB": 913, "Giada, Font of Hope": 1085, "Guardian of Ghirapur": 1195, "Lyra Dawnbringer": 1660, "Resplendent Angel": 2190, "Youthful Valkyrie": 3195, "Witness Protection": 3173, "Fabrication Foundry": 875, "Fumigate": 1030, "Hammerhand": 1214, "Sawblade Scamp": 2309, "Citanul Stalwart": 461, "Dwynen's Elite": 749, "Elvish Archdruid": 787, "Imperious Perfect": 1356, "Leaf-Crowned Visionary": 1565, "Surrak and Goreclaw": 2645, "Tyvar the Bellicose": 2925, "Tyvar, the Pummeler": 2929, "Dwynen, Gilt-Leaf Daen_SB": 751, "Deeproot Wayfinder": 621, "Restless Cottage_SB": 2200, "Unsummon_SB": 2975, "Sire of Seven Deaths": 2437, "Surrak, the Hunt Caller": 2649, "Wildborn Preserver_SB": 3150, "Reclamation Sage": 2153, "Case of the Locked Hothouse_SB": 396, "Bulk Up": 342, "Chandra, Flameshaper": 428, "Leyline Axe": 1578, "Neglected Manor": 1831, "Sporogenic Infection": 2547, "Commune with Evil_SB": 505, "Fear of Missing Out_SB": 920, "Swiftblade Vindicator": 2653, "Archmage of Runes": 101, "Ertai's Scorn": 826, "Metamorphic Blast": 1726, "Unauthorized Exit": 2934, "Harrier Strix_SB": 1229, "Strix Lookout_SB": 2607, "The Tale of Tamiyo_SB": 2780, "Twist Reality_SB": 2915, "Helpful Hunter": 1270, "Knight of Dawn's Light": 1516, "Raise the Past": 2103, "Enduring Tenacity_SB": 804, "Leyline of Hope_SB": 1582, "Coppercoat Vanguard_SB": 523, "Garna, Bloodfist of Keld_SB": 1048, "Massacre Wurm_SB": 1707, "Burst Lightning_SB": 353, "Vampire Nighthawk_SB": 3025, "Runic Shot_SB": 2274, "Razorlash Transmogrant": 2136, "Huskburster Swarm_SB": 1343, "Hearthborn Battler": 1259, "Invasion of Tarkir_SB": 1417, "Guardian of the Great Door": 1197, "Lonely Arroyo": 1625, "Norn's Inquisitor": 1860, "Spring-Loaded Sawblades": 2549, "Electrostatic Infantry": 771, "Impact Tremors": 1354, "Kindlespark Duo": 1507, "Ral's Reinforcements": 2112, "Rodeo Pyromancers": 2247, "The Autonomous Furnace": 2726, "Deadeye Duelist_SB": 600, "Skewer Slinger_SB": 2440, "Thunder Salvo_SB": 2831, "Fear of Being Hunted": 908, "Frenzied Goblin_SB": 1021, "Gloomfang Mauler": 1128, "Possessed Goat": 2043, "Shroudstomper": 2421, "Tocasia's Dig Site": 2858, "Vile Mutilator": 3059, "Deadly Brew": 601, "Defiled Crypt // Cadaver Lab": 630, "Osseous Sticktwister": 1912, "Thornwood Falls": 2798, "Azorius Guildgate": 156, "Beanstalk Wurm": 193, "Boros Guildgate": 280, "Circuitous Route": 460, "Dimir Guildgate": 664, "Eaten Alive": 755, "Expedition Map": 851, "Golgari Guildgate": 1152, "Gruul Guildgate": 1192, "Insidious Fungus": 1378, "Izzet Guildgate": 1438, "Maze's End": 1710, "Muldrotha, the Gravetide": 1811, "Orzhov Guildgate": 1911, "Rakdos Guildgate": 2105, "Selesnya Guildgate": 2374, "Simic Guildgate": 2434, "Tatyova, Benthic Druid": 2688, "Atraxa's Fall_SB": 137, "Brightblade Stoat_SB": 316, "Savor_SB": 2308, "Agate-Blade Assassin": 28, "Outlaws' Fury": 1923, "Ravine Raider": 2132, "Scales of Shale": 2318, "Agate Assault_SB": 27, "Bake into a Pie_SB": 163, "Hazardous Blast_SB": 1243, "Dewdrop Cure": 660, "Elesh Norn": 776, "Goblin Surprise": 1144, "Irreverent Gremlin": 1429, "Krenko, Mob Boss": 1540, "Norin, Swift Survivalist": 1858, "Vicious Clown": 3057, "Wind-Scarred Crag": 3157, "Involuntary Employment_SB": 1425, "Contaminated Aquifer": 520, "Marauding Brinefang": 1695, "Soul-Guide Lantern": 2499, "Union of the Third Path": 2956, "Vanish into Eternity": 3028, "Candy Trail": 373, "Desperate Bloodseeker": 650, "Marauding Blight-Priest": 1694, "Moment of Craving": 1779, "Murder": 1813, "Savor": 2307, "Servant of the Stinger": 2384, "Sanguine Indulgence_SB": 2299, "Soul-Shackled Zombie_SB": 2502, "Midnight Mayhem": 1734, "Ratcatcher Trainee": 2126, "Scytheclaw Raptor_SB": 2345, "Dragon Fodder": 711, "Keldon Strike Team_SB": 1492, "Bartolom\u00e9 del Presidio": 182, "Midnight Reaper": 1735, "Nezumi Linkbreaker": 1840, "Vampire Gourmand": 3023, "Prophetic Prism": 2065, "Souls of the Lost": 2505, "Basilisk Collar": 185, "Ambush Wolf_SB": 51, "Dead Weight_SB": 599, "Fog of War_SB": 996, "Aetherize": 22, "Peculiar Lighthouse": 1971, "Swiftwater Cliffs": 2656, "Tranquil Cove": 2880, "Tolarian Terror_SB": 2863, "Union of the Third Path_SB": 2957, "Hidetsugu's Second Rite": 1299, "Ghitu Lavarunner_SB": 1080, "Boulderbranch Golem": 289, "Fierce Empath": 957, "Galewind Moose": 1043, "Gossip's Talent": 1157, "Gruff Triplets": 1191, "Lush Oasis": 1658, "Mirage Mesa": 1748, "Outcaster Greenblade": 1920, "Sunshower Druid_SB": 2631, "Banner of Kinship": 175, "Baylen, the Haymaker": 191, "Blossoming Sands": 256, "Hare Apparent": 1225, "Kayla's Reconstruction": 1488, "Hinterland Sanctifier_SB": 1308, "Drag the Canal_SB": 706, "Scatter Ray_SB": 2322, "Stingerback Terror_SB": 2585, "Flamewake Phoenix_SB": 975, "Grand Entryway && Elegant Rotunda": 1164, "Karplusan Forest_SB": 1481, "Argoth, Sanctum of Nature": 109, "Cosmic Rebirth": 536, "Elvish Regrower": 790, "Springbloom Druid": 2551, "Titania, Voice of Gaea": 2852, "Tolsimir, Midnight's Light": 2864, "Twisted Fealty": 2916, "Aegis Turtle_SB": 18, "Temple of Malice": 2703, "Night of the Sweets' Revenge": 1842, "Welcome to Sweettooth": 3140, "Cosmium Confluence_SB": 539, "See Double_SB": 2365, "Volatile Fault_SB": 3085, "Fiery Annihilation_SB": 959, "Elvish Archivist": 788, "Calix, Guided by Fate_SB": 365, "Divine Resilience_SB": 687, "Unflinching Courage_SB": 2949, "Valorous Stance_SB": 3022, "Immersturm Predator": 1351, "Trygon Predator_SB": 2902, "Dwynen, Gilt-Leaf Daen": 750, "Lathril, Blade of the Elves": 1554, "Wildborn Preserver": 3149, "Ajani, Caller of the Pride": 35, "Angel of Vitality": 64, "Leonin Vanguard": 1574, "Extinguish the Light_SB": 865, "Nine-Lives Familiar": 1847, "Voracious Greatshark": 3094, "Anthem of Champions": 80, "Armasaur Guide": 112, "Biogenic Upgrade": 209, "Charming Prince": 440, "Dazzling Angel": 595, "Felidar Savior": 942, "Felling Blow": 945, "Gnarlid Colony": 1132, "Good-Fortune Unicorn": 1156, "Inspiring Call": 1382, "Inspiring Paladin": 1384, "Mild-Mannered Librarian": 1740, "Pacifism": 1950, "Wary Thespian": 3128, "Wildwood Scourge": 3153, "Rite of Replication": 2226, "Swiftfoot Boots_SB": 2655, "Silver Scrutiny_SB": 2430, "Eaten by Piranhas_SB": 757, "Phyrexian Obliterator_SB": 2003, "Axebane Ferox_SB": 153, "Flourishing Bloom-Kin": 989, "Ghalta, Primal Hunger": 1074, "Alesha, Who Laughs at Fate": 44, "Aurelia, the Law Above": 143, "Perforating Artist": 1975, "Voldaren Thrillseeker_SB": 3090, "Urabrask": 2983, "Crash Through": 546, "Drake Hatcher": 715, "Slick Sequence": 2471, "Feed the Swarm": 933, "Crawling Barrens": 547, "Mazemind Tome_SB": 1713, "Atraxa, Grand Unifier_SB": 139, "Phyrexian Censor": 1994, "Phyrexian Vindicator": 2005, "Volatile Fault": 3084, "Seal from Existence_SB": 2348, "Stasis Snare_SB": 2569, "Urborg Scavengers": 2989, "Zetalpa, Primal Dawn": 3201, "Chrome Host Seedshark": 452, "Ichormoon Gauntlet": 1346, "Jace Reawakened": 1439, "Jin-Gitaxias": 1450, "Temple of Epiphany": 2701, "Galvanize_SB": 1045, "Tocasia's Welcome": 2859, "Bonehoard Dracosaur": 268, "Dragonlord's Servant": 713, "Incinerator of the Guilty": 1361, "Kolaghan Warmonger": 1527, "Rivaz of the Claw": 2230, "Tyrant of Kher Ridges": 2920, "Push // Pull_SB": 2075, "Burglar Rat": 344, "Halo Forager": 1211, "Hidden Necropolis": 1293, "Macabre Waltz": 1665, "Mindsplice Apparatus": 1743, "Painful Quandary": 1951, "Psychic Whorl": 2069, "Rune-Scarred Demon": 2272, "The Key to the Vault": 2751, "Joint Exploration": 1457, "Titania's Command_SB": 2851, "Dawn's Truce": 590, "Colossal Rattlewurm": 495, "Desert's Due": 649, "Duelist of the Mind": 738, "Rattleback Apothecary": 2127, "Tatyova, Steward of Tides": 2689, "Tomb Trawler_SB": 2866, "Urza's Sylex_SB": 2999, "The Rollercrusher Ride_SB": 2767, "Titania, Voice of Gaea_SB": 2853, "Nashi, Searcher in the Dark_SB": 1826, "Inspiration from Beyond": 1381, "Realmbreaker, the Invasion Tree_SB": 2145, "Grand Abolisher_SB": 1163, "Filter Out_SB": 961, "Kutzil, Malamet Exemplar": 1546, "Runic Shot": 2273, "Herald of Eternal Dawn_SB": 1273, "Sun-Blessed Healer_SB": 2619, "Seeker's Folly": 2368, "Mortify": 1798, "Coveted Falcon": 543, "Greed's Gambit_SB": 1174, "Valgavoth's Onslaught": 3006, "Stab": 2557, "Vinereap Mentor": 3060, "Ferocification": 948, "Dreadwing Scavenger": 723, "Broodspinner_SB": 333, "The Gitrog, Ravenous Ride_SB": 2740, "Collector's Cage": 488, "Invasion of Gobakhan": 1405, "Fiery Annihilation": 958, "Invasion of Arcavios": 1401, "Beseech the Mirror_SB": 200, "Heroic Reinforcements_SB": 1287, "Peerless Recycling_SB": 1972, "Wing Commando": 3159, "Bloodfell Caves": 243, "Essence Scatter_SB": 833, "Cerebral Confiscation_SB": 423, "Ruthless Negotiation": 2281, "Haunted Screen": 1239, "Prayer of Binding": 2046, "Furnace Reins": 1037, "River's Rebuke": 2231, "Koma, World-Eater_SB": 1531, "Primeval Bounty_SB": 2053, "River's Rebuke_SB": 2232, "Regal Caracal_SB": 2169, "Kiora, the Rising Tide_SB": 1510, "Rat Out_SB": 2124, "Plains_SB": 2023, "Faebloom Trick_SB": 880, "Throne of the Grim Captain": 2826, "The Kenriths' Royal Funeral_SB": 2750, "Saiba Cryptomancer": 2290, "Zoetic Glyph_SB": 3206, "Seized from Slumber_SB": 2373, "Inspiring Overseer": 1383, "Mischievous Pup": 1757, "Surgical Suite // Hospital Room": 2643, "Angel of Finality_SB": 63, "Belligerent Yearling": 198, "Colossadactyl": 494, "Earthshaker Dreadmaw": 754, "Giant Cindermaw": 1087, "Itzquinth, Firstborn of Gishath": 1432, "Ixalli's Lorekeeper": 1435, "Rogue's Passage": 2248, "Scytheclaw Raptor": 2344, "Thrashing Brontodon": 2811, "Triumphant Chomp": 2899, "Armored Kincaller_SB": 115, "Badlands Revival": 161, "Copper Host Crusher": 521, "Feed the Infection": 932, "Vinereap Mentor_SB": 3061, "Seize the Secrets": 2370, "Soured Springs": 2509, "Ankle Biter": 69, "Fynn, the Fangbearer": 1039, "Nimraiser Paladin": 1846, "The Dross Pits": 2729, "The Hunter Maze": 2742, "Kraul Whipcracker": 1535, "Wardens of the Cycle": 3121, "At Knifepoint": 135, "Fanatical Firebrand": 894, "Hellspur Brute": 1266, "Caught in the Crossfire_SB": 406, "Mourner's Surprise_SB": 1806, "Unflinching Courage": 2948, "Sanguine Evangelist_SB": 2298, "Sandstorm Salvager": 2294, "Hired Claw_SB": 1310, "Autonomous Assembler": 148, "Quintorius Kand": 2086, "Kayla's Command_SB": 1487, "Starfall Invocation_SB": 2565, "Luminous Rebuke_SB": 1652, "Massacre Wurm": 1706, "Stalactite Stalker": 2559, "Felidar Retreat_SB": 941, "Dreamdew Entrancer_SB": 725, "Werefox Bodyguard": 3141, "Spinner of Souls_SB": 2536, "Gisa, the Hellraiser_SB": 1099, "Bitter Reunion_SB": 214, "Jace Reawakened_SB": 1440, "Dust Animus": 745, "Steel Seraph_SB": 2578, "Dust Animus_SB": 746, "Gumdrop Poisoner_SB": 1202, "Archangel of Tithes_SB": 94, "Demonic Counsel_SB": 639, "Warleader's Call_SB": 3125, "Phyrexian Censor_SB": 1995, "Callous Sell-Sword_SB": 368, "Rat Out": 2123, "Lively Dirge_SB": 1615, "Herbology Instructor": 1276, "Restless Bivouac_SB": 2198, "Scorn-Blade Berserker": 2331, "Imperious Perfect_SB": 1357, "Sandstorm Salvager_SB": 2295, "Tough Cookie_SB": 2875, "Raucous Carnival_SB": 2129, "Cavernous Maw": 414, "Forgotten Monument": 1007, "Titania's Command": 2850, "Grievous Wound": 1183, "Funeral Room // Awakening Hall_SB": 1033, "Rise of the Dark Realms_SB": 2224, "Urza, Lord Protector": 3000, "Curious Forager": 572, "The Mycotyrant": 2762, "Thornvault Forager": 2797, "Sporogenic Infection_SB": 2548, "Seize the Spoils": 2371, "Canonized in Blood": 376, "Cemetery Recruitment": 419, "Diregraf Ghoul": 665, "Hungry Ghoul": 1337, "Mephitic Draught": 1724, "Offer Immortality": 1885, "Sanguine Syphoner": 2300, "Skeleton Archer": 2439, "Vampiric Rites": 3027, "Fumigate_SB": 1031, "Valkyrie's Call_SB": 3011, "Skystrike Officer": 2463, "Temple of Enlightenment": 2700, "Mockingbird_SB": 1771, "Temple of Mystery": 2704, "Timely Interference": 2840, "Vesuvan Duplimancy": 3049, "Dive Down_SB": 683, "Scrawling Crawler_SB": 2337, "Dryad Militant_SB": 736, "Bristlebud Farmer": 324, "Charred Foyer && Warped Space_SB": 442, "Absolving Lammasu_SB": 6, "Think Twice": 2785, "Micromancer_SB": 1733, "Coruscation Mage_SB": 534, "Bruse Tarl, Roving Rancher": 336, "Fblthp, Lost on the Range": 905, "Weakstone's Subjugation": 3133, "Fblthp, Lost on the Range_SB": 906, "Weakstone's Subjugation_SB": 3134, "Bottomless Pool && Locker Room": 285, "Hidetsugu's Second Rite_SB": 1300, "Invasion of Karsus_SB": 1411, "Mirror Room && Fractured Realm_SB": 1753, "Sword of Wealth and Power_SB": 2663, "Wildfire Howl_SB": 3151, "Zurgo and Ojutai_SB": 3216, "Halo Forager_SB": 1212, "Mabel, Heir to Cragflame_SB": 1664, "Ballyrush Banneret": 166, "Siege Veteran_SB": 2422, "Soulstone Sanctuary_SB": 2508, "Karn, Living Legacy": 1478, "Metropolis Reformer": 1730, "Krenko's Buzzcrusher_SB": 1539, "Silverback Elder_SB": 2431, "Blood Spatter Analysis": 240, "Final Vengeance_SB": 966, "Branchblight Stalker": 299, "Gitaxian Anatomist": 1101, "Goliath Hatchery": 1153, "Ichorspit Basilisk": 1347, "Lakeside Shack": 1551, "Maze's Mantle": 1711, "Meat Locker // Drowned Diner": 1714, "Mesmerizing Dose": 1725, "Paladin of Predation": 1957, "Plague Nurse": 2021, "Tainted Observer": 2674, "Tangled Islet": 2685, "Thrummingbird": 2828, "Tyrranax Atrocity": 2922, "Venomous Brutalizer": 3044, "Viral Spawning": 3064, "Vivisurgeon's Insight": 3079, "Angelic Intervention": 65, "Omenpath Journey": 1897, "Poison Dart Frog": 2030, "Rampaging Baloths": 2116, "Rundvelt Hordemaster": 2270, "Migloz, Maze Crusher_SB": 1739, "Seraphic Steed": 2379, "Meticulous Excavation_SB": 1729, "Seeker's Folly_SB": 2369, "Realmbreaker, the Invasion Tree": 2144, "Undead Sprinter_SB": 2939, "Deeproot Pilgrimage": 620, "Mistway Spy": 1767, "Vodalian Hexcatcher": 3081, "Aegis Turtle": 17, "Venerated Rotpriest_SB": 3039, "Grabby Giant": 1160, "Rite of the Dragoncaller": 2227, "Hulking Raptor": 1336, "Pugnacious Hammerskull": 2071, "Gwenna, Eyes of Gaea": 1203, "Halana and Alena, Partners": 1206, "Inga and Esika": 1369, "Myrel, Shield of Argive": 1818, "Hajar, Loyal Bodyguard_SB": 1205, "Surrak and Goreclaw_SB": 2646, "Invasion of Kaldheim": 1409, "Pia Nalaar, Consul of Revival": 2006, "Doomsday Excruciator_SB": 694, "Getaway Glamer_SB": 1071, "Bottomless Pool // Locker Room": 287, "Necrogen Communion": 1827, "Vraska Joins Up": 3102, "Thirsting Roots_SB": 2790, "Silver Scrutiny": 2429, "Battlefly Swarm": 190, "Solemn Simulacrum": 2487, "Maha, Its Feathers Night_SB": 1677, "Viashino Pyromancer_SB": 3056, "Jaya, Fiery Negotiator": 1445, "The Stone Brain": 2774, "Decadent Dragon_SB": 614, "Defiled Crypt // Cadaver Lab_SB": 631, "Heraldic Banner": 1274, "Heraldic Banner_SB": 1275, "Thalia and The Gitrog Monster": 2721, "Surgical Suite && Hospital Room_SB": 2642, "Beastie Beatdown": 194, "Entity Tracker_SB": 817, "Rebel Salvo_SB": 2148, "Aether Channeler": 19, "Defiled Crypt && Cadaver Lab": 628, "Exuberant Fuseling": 869, "Thundertrap Trainer_SB": 2837, "Abuelo's Awakening": 7, "Kitsa, Otterball Elite_SB": 1515, "Rona, Herald of Invasion_SB": 2255, "Unnerving Grasp_SB": 2963, "Fear of Surveillance": 921, "Wilt-Leaf Liege_SB": 3156, "Kona, Rescue Beastie": 1532, "Time Stop": 2838, "Fleeting Flight_SB": 980, "Trash the Town_SB": 2889, "Crumb and Get It": 554, "Agrus Kos, Spirit of Justice": 33, "Muerra, Trash Tactician": 1809, "Quick Draw_SB": 2084, "Smuggler's Surprise_SB": 2481, "Whisper of the Dross": 3144, "Vraska's Fall_SB": 3104, "Blasphemous Edict": 224, "Bottomless Pool // Locker Room_SB": 288, "The Princess Takes Flight_SB": 2763, "Anim Pakal, Thousandth Moon_SB": 68, "Adaptive Automaton": 14, "Three Tree Mascot": 2820, "Palani's Hatcher": 1958, "Temple of Abandon": 2698, "Mischievous Mystic": 1756, "Defiler of Flesh": 633, "Garruk's Uprising": 1049, "Zul Ashur, Lich Lord": 3212, "Kraul Whipcracker_SB": 1536, "Mechanized Warfare": 1717, "Restless Reef_SB": 2204, "Lifecreed Duo": 1594, "At Knifepoint_SB": 136, "Monstrous Rage_SB": 1793, "Kellan's Lightblades_SB": 1494, "Blasphemous Edict_SB": 225, "Annie Flash, the Veteran_SB": 72, "Defiled Crypt && Cadaver Lab_SB": 629, "Cultivator's Caravan": 567, "Scene of the Crime": 2326, "Demonic Ruckus_SB": 645, "Impact Tremors_SB": 1355, "Conspiracy Unraveler": 516, "Matzalantli, the Great Door": 1708, "Coveted Falcon_SB": 544, "Wishclaw Talisman_SB": 3164, "Swooping Lookout": 2657, "Recruitment Officer_SB": 2158, "Oko, the Ringleader_SB": 1893, "Kambal, Profiteering Mayor": 1472, "Kaya, Spirits' Justice_SB": 1486, "Invasion of Theros": 1418, "Highway Robbery_SB": 1306, "Intrepid Paleontologist": 1396, "Bolt Bend_SB": 262, "Wishclaw Talisman": 3163, "Feldon's Cane": 935, "Neutralize the Guards": 1836, "Ayli, Eternal Pilgrim": 155, "Disturbing Conversion": 679, "Shipwreck Dowser": 2405, "Abuelo's Awakening_SB": 8, "Builder's Talent_SB": 341, "Eerie Interference_SB": 763, "Untimely Malfunction": 2976, "Imprisoned in the Moon_SB": 1358, "Inquisitive Glimmer_SB": 1375, "Refute_SB": 2165, "Argentum Masticore": 107, "Hall of Tagsin": 1209, "Hedron Archive": 1263, "The Mycosynth Gardens": 2761, "Tomakul Honor Guard": 2865, "Bramble Familiar": 297, "Obstinate Baloth": 1881, "Felonious Rage_SB": 947, "Sphinx of the Final Word_SB": 2529, "Repulsive Mutation": 2184, "Sylvan Scavenging_SB": 2666, "Walk with the Ancestors": 3112, "Meathook Massacre II_SB": 1716, "Thundering Falls_SB": 2833, "Dowsing Device": 702, "Gleaming Geardrake": 1120, "Saheeli, Filigree Master": 2288, "Saheeli, Filigree Master_SB": 2289, "Dawn's Truce_SB": 591, "Scrawling Crawler": 2336, "Case of the Ransacked Lab": 397, "The Surgical Bay": 2776, "The Tale of Tamiyo": 2779, "Enduring Courage_SB": 798, "War Squeak_SB": 3118, "Spirebluff Canal_SB": 2538, "Ajani, Sleeper Agent": 38, "Charge of the Mites": 438, "Chandra, Flameshaper_SB": 429, "Expel the Interlopers": 852, "Bite Down": 211, "Gaea's Gift": 1041, "Trash the Town": 2888, "Corsair Captain": 532, "Lost Jitte_SB": 1643, "Blazing Crescendo_SB": 230, "Rip, Spawn Hunter": 2221, "Funeral Room // Awakening Hall": 1032, "Outlaw Medic": 1922, "Wilt-Leaf Liege": 3155, "Thousand Moons Smithy_SB": 2806, "Blightbelly Rat": 233, "Unnatural Restoration": 2960, "Carnivorous Canopy_SB": 386, "Gaea's Gift_SB": 1042, "Give In to Violence_SB": 1103, "Cityscape Leveler_SB": 463, "Nahiri's Resolve_SB": 1821, "Scrapwork Mutt": 2335, "Brazen Collector": 306, "Generous Plunderer": 1060, "Trial of Agony": 2894, "Zoyowa's Justice": 3211, "Ancestors' Aid_SB": 59, "Leyline of Resonance_SB": 1584, "Churning Reservoir": 456, "Magmatic Sprinter": 1673, "Sardian Cliffstomper": 2301, "Solphim, Mayhem Dominus": 2489, "The Monumental Facade": 2760, "Churning Reservoir_SB": 457, "Magmatic Sprinter_SB": 1674, "Monastery Swiftspear_SB": 1788, "Sardian Cliffstomper_SB": 2302, "Malcolm, Alluring Scoundrel_SB": 1684, "Repel Calamity_SB": 2183, "Samut, Vizier of Naktamun": 2291, "Call a Surprise Witness": 366, "Trostani, Three Whispers": 2900, "Tribute to the World Tree_SB": 2897, "Taii Wakeen, Perfect Shot": 2670, "Unruly Catapult": 2964, "Glassworks // Shattered Yard_SB": 1117, "Hulking Metamorph": 1335, "Rest in Peace": 2193, "Surge Engine_SB": 2637, "Fake Your Own Death": 889, "Massacre Girl, Known Killer": 1704, "Massacre Girl, Known Killer_SB": 1705, "Rakdos Joins Up_SB": 2107, "Rakdos, the Muscle_SB": 2110, "Ghalta and Mavren": 1073, "Hide in Plain Sight": 1296, "Progenitus": 2060, "Threats Around Every Corner": 2814, "Crystal Barricade": 562, "Green Sun's Twilight_SB": 1177, "Break Down the Door": 309, "Bubble Smuggler": 339, "Cryptid Inspector": 561, "Cursed Windbreaker": 576, "Exit Specialist": 848, "Polukranos Reborn_SB": 2036, "Hazardroot Herbalist": 1244, "Head of the Homestead": 1247, "Rabbit Response": 2088, "Treeguard Duo": 2892, "Uncharted Haven": 2936, "Warren Elder": 3126, "Head of the Homestead_SB": 1248, "Grab the Prize_SB": 1159, "Stroke of Midnight_SB": 2609, "Delney, Streetwise Lookout": 634, "Stroke of Midnight": 2608, "Ragged Playmate": 2099, "Fear of Surveillance_SB": 922, "Grand Entryway // Elegant Rotunda_SB": 1166, "Norin, Swift Survivalist_SB": 1859, "Ragged Playmate_SB": 2100, "Wandertale Mentor": 3116, "Vodalian Mindsinger_SB": 3082, "Back for Seconds": 159, "Eriette's Tempting Apple": 820, "Experimental Confectioner": 855, "Feed the Cauldron": 929, "Gingerbread Hunter": 1096, "Greta, Sweettooth Scourge": 1182, "Mintstrosity": 1747, "Return from the Wilds": 2214, "Scream Puff": 2338, "Spider Food": 2530, "Sweettooth Witch": 2652, "Three Bowls of Porridge": 2816, "Fell_SB": 944, "Sugar Rush_SB": 2615, "Leonin Vanguard_SB": 1575, "Ruin-Lurker Bat_SB": 2267, "The Millennium Calendar_SB": 2758, "Veteran Survivor_SB": 3052, "Lich-Knights' Conquest": 1591, "Corrupted Conviction_SB": 531, "Deadly Brew_SB": 602, "Cheeky House-Mouse_SB": 446, "Dryad Militant": 735, "Contagious Vorrac": 519, "Necrogen Rotpriest": 1828, "Armored Scrapgorger_SB": 117, "Invasion of Fiora_SB": 1404, "Rush of Dread_SB": 2277, "Magebane Lizard": 1670, "Final Flourish_SB": 962, "Time Stop_SB": 2839, "Unnatural Restoration_SB": 2961, "Founding the Third Path_SB": 1013, "Binding Negotiation": 207, "Vraska, the Silencer": 3107, "Invasion of Ergamon": 1403, "Beastie Beatdown_SB": 195, "Break Out_SB": 311, "Hearthborn Battler_SB": 1260, "Vengeful Possession": 3041, "Repair and Recharge": 2181, "Step Between Worlds_SB": 2580, "Hellspur Posse Boss": 1268, "Cynical Loner_SB": 581, "Hellspur Brute_SB": 1267, "Kellan, the Fae-Blooded": 1500, "Kemba, Kha Enduring": 1503, "Swiftfoot Boots": 2654, "Astor, Bearer of Blades_SB": 134, "Consuming Aberration": 518, "Knight of Dusk's Shadow": 1518, "No One Left Behind_SB": 1855, "Botanical Brawler": 283, "Dusk Legion Duelist": 742, "Stocking the Pantry": 2588, "Tribute to the World Tree": 2896, "Collector's Cage_SB": 489, "Barkform Harvester": 179, "Rampaging Spiketail": 2118, "Evolved Sleeper": 844, "Friendly Teddy": 1022, "Consumed by Greed_SB": 517, "Hop to It_SB": 1321, "Dragonmaster Outcast": 714, "Skyfisher Spider_SB": 2458, "Chart a Course_SB": 444, "Johann's Stopgap_SB": 1455, "Let's Play a Game_SB": 1577, "Festerleech": 951, "Fallaji Archaeologist_SB": 892, "Kroxa and Kunoros": 1541, "Shrouded Shepherd": 2419, "Evolving Adaptive": 845, "Garruk's Uprising_SB": 1050, "Hexgold Halberd": 1289, "Surgical Suite && Hospital Room": 2641, "Soul Search": 2496, "Daggerfang Duo": 582, "Deathbloom Gardener": 608, "Hoarding Recluse": 1313, "Moonstone Harbinger": 1797, "Pestilent Syphoner": 1982, "Ygra, Eater of All": 3191, "Pile On": 2012, "Llanowar Elves_SB": 1618, "Mosswood Dreadknight_SB": 1803, "Take for a Ride_SB": 2677, "Boltwave_SB": 264, "Fleeting Flight": 979, "Stormchaser's Talent_SB": 2601, "Cactarantula": 359, "Ashnod's Harvester": 124, "Warhost's Frenzy": 3123, "Think Twice_SB": 2786, "Rustler Rampage": 2278, "Wojek Investigator": 3175, "Recommission_SB": 2156, "Searslicer Goblin_SB": 2352, "Felidar Cub": 938, "Oracle of Tragedy": 1907, "Tarrian's Journal": 2687, "Dusk Rose Reliquary_SB": 744, "Felidar Cub_SB": 939, "Knight-Errant of Eos_SB": 1523, "Ruthless Lawbringer_SB": 2280, "Detective's Satchel": 656, "Forensic Gadgeteer_SB": 1002, "Ice Out_SB": 1344, "Claim Jumper_SB": 466, "Mirrex_SB": 1752, "Tectonic Hazard": 2692, "Geralf, the Fleshwright": 1064, "Geralf, the Fleshwright_SB": 1065, "Eaten Alive_SB": 756, "Ojer Pakpatiq, Deepest Epoch": 1890, "Disturbing Conversion_SB": 680, "Lithomantic Barrage": 1611, "Enduring Vitality_SB": 806, "Audience with Trostani_SB": 142, "Leyline of the Void": 1588, "Sentinel of Lost Lore": 2375, "Wylie Duke, Atiin Hero": 3187, "Defiler of Dreams_SB": 632, "Omen Hawker": 1895, "All Will Be One": 46, "Into the Fire": 1391, "Invasion of Karsus": 1410, "Ob Nixilis, Captive Kingpin": 1875, "Cosmic Hunger": 535, "Paranormal Analyst": 1960, "Vannifar, Evolved Enigma": 3032, "Fog Bank_SB": 995, "Talion, the Kindly Lord_SB": 2683, "Surgical Suite // Hospital Room_SB": 2644, "Extraordinary Journey": 867, "Gold Pan": 1148, "Extraordinary Journey_SB": 868, "Nurturing Pixie_SB": 1870, "Moonshaker Cavalry": 1796, "Balemurk Leech": 164, "Bashful Beastie": 184, "Cackling Slasher": 357, "Defiant Survivor": 627, "Fear of the Dark": 923, "Flesh Burrower": 983, "Give In to Violence": 1102, "Grasping Longneck": 1167, "Horrid Vigor": 1327, "Innocuous Rat": 1373, "Let's Play a Game": 1576, "Wickerfolk Thresher": 3148, "Winter's Intervention": 3160, "Leyline of Transformation": 1586, "Saheeli's Lattice": 2287, "Etali, Primal Storm_SB": 837, "Adamant Will": 13, "Goldvein Pick": 1151, "Moment of Triumph": 1781, "Pilfer": 2014, "Public Thoroughfare": 2070, "Undying Malice": 2946, "Cancel_SB": 371, "Opt_SB": 1903, "Connecting the Dots_SB": 513, "Bushwhack_SB": 355, "Mistbreath Elder_SB": 1765, "Polliwallop_SB": 2033, "Realmbreaker's Grasp_SB": 2143, "Stickytongue Sentinel_SB": 2583, "Tumbleweed Rising_SB": 2903, "Analyze the Pollen_SB": 57, "Makeshift Binding": 1681, "Pelakka Wurm": 1973, "Jump Scare_SB": 1461, "Progenitus_SB": 2061, "Harvestrite Host": 1232, "Cut Short_SB": 579, "Family Reunion_SB": 893, "Annihilating Glare": 74, "Fanatical Offering": 896, "Sword of Wealth and Power": 2662, "Skulduggery": 2449, "Skulduggery_SB": 2450, "Mabel's Mettle": 1662, "Lassoed by the Law": 1552, "Minor Misstep": 1745, "Central Elevator // Promising Stairs": 421, "Creeping Peeper": 549, "Dazzling Theater // Prop Room": 597, "Erratic Apparition": 823, "Fear of Abduction": 907, "Fear of Falling": 911, "Lionheart Glimmer": 1609, "Restricted Office // Lecture Hall": 2212, "Underwater Tunnel // Slimy Aquarium": 2945, "Stalked Researcher_SB": 2561, "Tunnel Surveyor_SB": 2907, "Ajani, Nacatl Pariah": 37, "Arena of Glory": 106, "Arid Mesa": 111, "Blood Crypt": 237, "Bloodstained Mire": 248, "Chained to the Rocks": 424, "Fatal Push": 900, "Goblin Bombardment": 1137, "Godless Shrine": 1147, "Guide of Souls": 1198, "Marsh Flats": 1702, "Ocelot Pride": 1884, "Phelia, Exuberant Shepherd": 1988, "Phlage, Titan of Fire's Fury": 1989, "Sacred Foundry": 2285, "Seasoned Pyromancer": 2361, "Thoughtseize": 2803, "Thraben Charm": 2807, "Chained to the Rocks_SB": 425, "Drannith Magistrate_SB": 718, "Obsidian Charmaw_SB": 1880, "Orim's Chant_SB": 1909, "Ragavan, Nimble Pilferer_SB": 2098, "Stony Silence_SB": 2595, "Surgical Extraction_SB": 2640, "Wear // Tear_SB": 3135, "Wrath of the Skies_SB": 3179, "Blazing Rootwalla": 231, "Burning Inquiry": 347, "Detective's Phoenix": 655, "Faithless Looting": 888, "Flameblade Adept": 972, "Goblin Lore": 1141, "Hollow One": 1315, "Lightning Bolt": 1596, "Stomping Ground": 2594, "Street Wraith": 2605, "Vengevine": 3043, "Wooded Foothills": 3176, "Cursed Totem_SB": 575, "Meltdown_SB": 1721, "Barbarian Ring": 177, "Eidolon of the Great Revel": 766, "Flare of Duplication": 976, "Goblin Guide": 1140, "Lava Spike": 1558, "Rift Bolt": 2219, "Searing Blaze": 2349, "Skewer the Critics": 2441, "Skullcrack": 2453, "Sunbaked Canyon": 2620, "Ensnaring Bridge_SB": 812, "Faerie Macabre_SB": 883, "Smash to Smithereens_SB": 2478, "Amulet of Vigor": 53, "Arboreal Grazer": 87, "Boseiju, Who Endures": 281, "Crumbling Vestige": 556, "Dryad Arbor": 734, "Dryad of the Ilysian Grove": 737, "Echoing Deeps": 759, "Explore": 857, "Green Sun's Zenith": 1178, "Gruul Turf": 1194, "Hanweir Battlements": 1216, "Lotus Field": 1646, "Mirrorpool": 1755, "Misty Rainforest": 1768, "Otawara, Soaring City": 1917, "Primeval Titan": 2054, "Scapeshift": 2320, "Shifting Woodland": 2403, "Simic Growth Chamber": 2433, "Summoner's Pact": 2617, "Tolaria West": 2861, "Urza's Cave": 2994, "Urza's Saga": 2997, "Valakut, the Molten Pinnacle": 3003, "Vesuva": 3047, "Bojuka Bog_SB": 261, "Collector Ouphe_SB": 487, "Defense Grid_SB": 626, "Dismember_SB": 672, "Endurance_SB": 796, "Force of Vigor_SB": 999, "Tireless Tracker_SB": 2847, "Vampires' Vengeance_SB": 3026, "Archon of Cruelty": 103, "Dwarven Mine": 748, "Fable of the Mirror-Breaker": 872, "Flooded Strand": 984, "Indomitable Creativity": 1363, "Jetmir's Garden": 1449, "Persist": 1978, "Prismatic Ending": 2057, "Scalding Tarn": 2315, "Wrenn and Six": 3183, "Xander's Lounge": 3188, "Boseiju, Who Endures_SB": 282, "Damping Sphere_SB": 583, "Hurkyl's Recall_SB": 1340, "Toxic Deluge_SB": 2876, "Cling to Dust": 475, "Counterspell": 542, "Force of Negation": 998, "Harbinger of the Seas": 1218, "Murktide Regent": 1815, "Polluted Delta": 2034, "Preordain": 2049, "Psychic Frog": 2068, "Sink into Stupor": 2436, "Spell Snare": 2520, "Thought Scour": 2800, "Unearth": 2947, "Watery Grave": 3131, "Consign to Memory_SB": 515, "Engineered Explosives_SB": 809, "Mystical Dispute_SB": 1820, "Nihil Spellbomb_SB": 1844, "Spell Pierce_SB": 2519, "The Meathook Massacre_SB": 2755, "Brazen Borrower": 304, "Orcish Bowmasters": 1908, "Steam Vents": 2572, "Harbinger of the Seas_SB": 1219, "Stern Scolding_SB": 2582, "Galvanic Discharge": 1044, "Showdown of the Skalds_SB": 2417, "Thoughtseize_SB": 2804, "Den of the Bugbear": 646, "Devastating Summons": 657, "Foundry Street Denizen": 1014, "Goblin Bushwhacker": 1138, "Goblin Grenade": 1139, "Goblin Piledriver": 1143, "Legion Loyalist": 1571, "Mogg War Marshal": 1772, "Reckless Bushwhacker": 2149, "Skirk Prospector": 2442, "Sokenzan, Crucible of Defiance": 2486, "Blood Moon_SB": 239, "Magus of the Moon_SB": 1675, "Reality Hemorrhage_SB": 2141, "Shattering Spree_SB": 2394, "Tormod's Crypt_SB": 2872, "Ziatora's Proving Ground": 3203, "Terastodon_SB": 2711, "Veil of Summer_SB": 3035, "Consider": 514, "Graveyard Trespasser": 1168, "Exquisite Firecraft_SB": 860, "Searing Blood_SB": 2350, "Tunnel Ignus_SB": 2905, "Ragavan, Nimble Pilferer": 2097, "Showdown of the Skalds": 2416, "Static Prison": 2570, "Windswept Heath": 3158, "Fear, Fire, Foes!_SB": 924, "Vexing Bauble": 3053, "Colossal Skyturtle_SB": 496, "Generous Ent_SB": 1059, "Grist, the Hunger Tide_SB": 1188, "Hexdrinker_SB": 1288, "Tamiyo, Inquisitive Student": 2684, "Fable of the Mirror-Breaker_SB": 873, "Giant Growth_SB": 1090, "Come Back Wrong": 500, "Glassworks // Shattered Yard": 1116, "Slice from the Shadows": 2470, "Talion, the Kindly Lord": 2682, "Over the Edge_SB": 1927, "Poison Dart Frog_SB": 2031, "Beamtown Beatstick": 192, "Celestial Armor": 418, "Diamond Pick-Axe": 663, "Carrot Cake_SB": 389, "Edgewall Inn": 762, "Goliath Hatchery_SB": 1154, "Balmor, Battlemage Captain": 167, "Bria, Riptide Rogue": 315, "Freeze in Place": 1019, "Relic's Roar": 2175, "Run Away Together_SB": 2268, "Scalding Viper_SB": 2317, "Harrier Strix": 1228, "Snaremaster Sprite": 2484, "Hardened Escort": 1224, "Holy Cow": 1317, "Living Phone": 1616, "Unsettling Twins": 2967, "Feather of Flight_SB": 927, "Possessed Goat_SB": 2044, "Raccoon Rallier_SB": 2091, "Rogue's Passage_SB": 2249, "The Jolly Balloon Man_SB": 2749, "Unsettling Twins_SB": 2968, "Heartfire Hero_SB": 1253, "Inti, Seneschal of the Sun_SB": 1388, "Pests of Honor": 1984, "Three Blind Mice": 2815, "Dauntless Dismantler_SB": 589, "Phoenix Chick_SB": 1991, "Gleaming Barrier": 1118, "Gleaming Barrier_SB": 1119, "Solemn Simulacrum_SB": 2488, "Sure Strike_SB": 2635, "Twinferno_SB": 2912, "Ancestors' Aid": 58, "Dwarven Forge-Chanter": 747, "Furious Bellow": 1034, "Ghitu Amplifier": 1078, "Heartfire Immolator": 1254, "Sure Strike": 2634, "Whiskerquill Scribe": 3143, "Brambleguard Captain": 298, "Defabricate": 622, "Fear of Burning Alive": 910, "Iron-Fist Pulverizer": 1428, "Johann, Apprentice Sorcerer": 1456, "Keldon Flamesage": 1491, "Kraum, Violent Cacophony": 1537, "Molten Tributary": 1778, "Nightwhorl Hermit": 1843, "Pyrotechnic Performer": 2078, "Razzle-Dazzler": 2140, "Stop Cold": 2596, "Thopter Mechanic": 2795, "Vesuvan Drifter": 3048, "Involuntary Cooldown_SB": 1424, "Kellan, Planar Trailblazer_SB": 1499, "Mishra's Command_SB": 1761, "Out of Air_SB": 1919, "Plan the Heist_SB": 2024, "Sleight of Hand_SB": 2469, "Trick Shot_SB": 2898, "Violent Urge_SB": 3063, "The Filigree Sylex": 2738, "Halo Hopper": 1213, "Charge of the Mites_SB": 439, "Hellspur Posse Boss_SB": 1269, "Grand Abolisher": 1162, "Unnerving Grasp": 2962, "Make Your Move_SB": 1678, "Harbinger of the Tides": 1220, "Harbinger of the Tides_SB": 1221, "Fynn, the Fangbearer_SB": 1040, "Cat Collector": 402, "Bottomless Pool && Locker Room_SB": 286, "Pile On_SB": 2013, "Growing Rites of Itlimoc": 1190, "Feldon, Ronom Excavator": 937, "Roc Hunter": 2243, "Scalding Viper": 2316, "Adventuring Gear_SB": 16, "Fear of Being Hunted_SB": 909, "Vicious Clown_SB": 3058, "Into the Roil": 1394, "Into the Roil_SB": 1395, "Ayara, Widow of the Realm": 154, "Arachnoid Adaptation": 84, "Throw from the Saddle": 2827, "Longstalk Brawl_SB": 1631, "Thrill of Possibility_SB": 2825, "Season of Gathering": 2353, "Warren Warleader": 3127, "Horrid Vigor_SB": 1328, "Lionheart Glimmer_SB": 1610, "Omnivorous Flytrap_SB": 1900, "Seasoned Warrenguard_SB": 2363, "Jump Scare": 1460, "Niko, Light of Hope": 1845, "Stalked Researcher": 2560, "Tunnel Surveyor": 2906, "Fear of Isolation_SB": 917, "Splash Portal_SB": 2542, "Demonic Pact_SB": 643, "Rite of the Dragoncaller_SB": 2228, "Valorous Stance": 3021, "Lodestone Needle": 1624, "Sawblade Skinripper_SB": 2311, "Zephyr Singer": 3199, "Sunbillow Verge": 2621, "Grim Bauble": 1186, "Spell Pierce": 2518, "Momentum Breaker": 1783, "Debris Beetle": 611, "Wastewood Verge": 3130, "Vein Ripper_SB": 3037, "Bleachbone Verge": 232, "Intimidation Tactics": 1389, "Ketramose, the New Dawn": 1504, "Oildeep Gearhulk": 1886, "Haunt the Network_SB": 1236, "Bartolom\u00e9 del Presidio_SB": 183, "Lunar Convocation_SB": 1655, "Bloodghast": 244, "Valley Rotcaller_SB": 3018, "Oildeep Gearhulk_SB": 1887, "Outpace Oblivion_SB": 1924, "Gleeful Demolition_SB": 1122, "Monument to Endurance": 1794, "Ride's End": 2217, "Defend the Rider": 624, "Hazoret, Godseeker": 1246, "Willowrush Verge": 3154, "Afterburner Expert": 24, "Draconautics Engineer": 703, "Dredger's Insight": 728, "Loot, the Pathfinder": 1634, "Molt Tender": 1774, "Restless Spire_SB": 2208, "Transmutation Font": 2885, "Braided Net_SB": 294, "Cunning Coyote_SB": 569, "Chandra, Spark Hunter_SB": 433, "Explosive Derailment_SB": 859, "Bounce Off": 290, "Greasewrench Goblin": 1170, "Marauding Mako": 1696, "Riverpyre Verge": 2236, "Scrounging Skyray": 2343, "Bounce Off_SB": 291, "Memory Guardian": 1722, "Mendicant Core, Guidelight": 1723, "Diversion Unit_SB": 685, "Lightwheel Enhancements": 1601, "Tomik, Wielder of Law_SB": 2867, "Engine Rat": 807, "Gonti, Night Minister": 1155, "Perilous Snare": 1976, "Teysa, Opulent Oligarch": 2720, "Gumdrop Poisoner": 1201, "Grim Bauble_SB": 1187, "Momentum Breaker_SB": 1784, "Optimistic Scavenger_SB": 1905, "The Aetherspark": 2723, "Brightglass Gearhulk": 318, "Voyager Glidecar": 3099, "Chandra, Spark Hunter": 432, "Intimidation Tactics_SB": 1390, "Captain Howler, Sea Scourge": 378, "Gastal Thrillroller": 1054, "Mishra's Command": 1760, "Phyrexian Dragon Engine": 1996, "Overgrown Zealot": 1930, "Riptide Gearhulk": 2222, "Transit Mage": 2884, "Conduit of Worlds_SB": 510, "Heliod, the Radiant Dawn": 1265, "Twinblade Blessing": 2910, "Gastal Thrillroller_SB": 1055, "Lifecraft Engine": 1593, "Mindspring Merfolk": 1744, "Mu Yanling, Wind Rider": 1807, "Caelorna, Coral Tyrant_SB": 360, "Nesting Bot": 1833, "Lumbering Worldwagon": 1649, "Overrun": 1943, "Diversion Unit": 684, "Muraganda Raceway": 1812, "Repurposing Bay": 2186, "Defend the Rider_SB": 625, "Zephyr Singer_SB": 3200, "Burnout Bashtronaut": 349, "Demonic Junker": 640, "Nexus of Becoming": 1838, "Amonkhet Raceway": 52, "Gastal Thrillseeker": 1056, "The Last Ride": 2752, "The Speed Demon": 2771, "Ancient Vendetta_SB": 62, "Monument to Endurance_SB": 1795, "The Speed Demon_SB": 2772, "Quag Feast": 2079, "Gastal Raider_SB": 1053, "Esoteric Duplicator": 829, "Voyage Home": 3098, "Aether Syphon_SB": 21, "Ketramose, the New Dawn_SB": 1505, "Thunderous Velocipede": 2834, "Regal Imperiosaur": 2170, "Intrepid Paleontologist_SB": 1397, "Invasion of Regatha_SB": 1414, "Voyager Glidecar_SB": 3100, "Fuel the Flames": 1025, "Skycrash": 2455, "Broadside Barrage_SB": 330, "Fuel the Flames_SB": 1026, "Locust Spray": 1623, "Riverchurn Monument": 2233, "Agonasaur Rex": 31, "Tyrox, Saurid Tyrant": 2921, "Coalstoke Gearhulk_SB": 479, "Howlsquad Heavy": 1331, "Boosted Sloop": 277, "Broadside Barrage": 329, "Thopter Fabricator_SB": 2794, "Count on Luck_SB": 541, "Sandstalker Moloch_SB": 2292, "Spectacular Pileup": 2513, "Collision Course_SB": 493, "Ride's End_SB": 2218, "Thalia and The Gitrog Monster_SB": 2722, "Zahur, Glory's Past": 3197, "Leaf-Crowned Visionary_SB": 1566, "Mossborn Hydra_SB": 1801, "Overrun_SB": 1944, "Painful Quandary_SB": 1952, "Wardens of the Cycle_SB": 3122, "Quag Feast_SB": 2080, "Red Sun's Twilight_SB": 2159, "Perilous Snare_SB": 1977, "Playful Shove": 2026, "Debris Beetle_SB": 612, "Pit Automaton": 2018, "Visage of Dread": 3075, "The Last Ride_SB": 2753, "Visage of Dread_SB": 3076, "Mishra, Claimed by Gix": 1763, "Bloated Contaminator_SB": 236, "Melira, the Living Cure_SB": 1720, "The Aetherspark_SB": 2724, "Fearless Swashbuckler": 925, "Unctus, Grand Metatect": 2937, "Invasion of Mercadia": 1412, "Sazacap's Brew": 2314, "Webstrike Elite": 3138, "Webstrike Elite_SB": 3139, "Coiling Rebirth_SB": 483, "Gas Guzzler": 1051, "Say Its Name_SB": 2313, "Spectral Interference_SB": 2516, "Stock Up": 2586, "Spectacular Pileup_SB": 2514, "Far Fortune, End Boss": 897, "Expel the Interlopers_SB": 853, "Flotsam // Jetsam_SB": 988, "Claim Jumper": 465, "Ancient Vendetta": 61, "Full Throttle_SB": 1029, "Loot, the Key to Everything_SB": 1633, "Loot, the Pathfinder_SB": 1635, "Unstable Glyphbridge_SB": 2970, "Urza's Command_SB": 2995, "Lassoed by the Law_SB": 1553, "Blast Zone_SB": 227, "Dive Down": 682, "Basri, Tomorrow's Champion": 187, "Skyseer's Chariot_SB": 2461, "Engine Rat_SB": 808, "Essence Channeler_SB": 831, "Lunar Insight": 1656, "Jodah, the Unifier_SB": 1454, "Dropkick Bomber": 731, "Coalstoke Gearhulk": 478, "Visage Bandit": 3074, "Waxen Shapethief": 3132, "Dune Drifter": 739, "Rampaging Raptor": 2117, "Agonasaur Rex_SB": 32, "Become Brutes": 196, "The Elder Dragon War_SB": 2731, "Kellan, Inquisitive Prodigy_SB": 1497, "Caradora, Heart of Alacria": 382, "Skyseer's Chariot": 2460, "Valor's Flagship": 3019, "Veteran Beastrider": 3050, "Threadbind Clique": 2813, "Twining Twins": 2914, "Boommobile_SB": 274, "Radiant Lotus_SB": 2094, "Boommobile": 273, "Forging the Anchor": 1006, "Radiant Lotus": 2093, "The Mightstone and Weakstone_SB": 2757, "Bloodthorn Flail": 251, "Flamewake Phoenix": 974, "Cryptcaller Chariot_SB": 558, "Volley Veteran": 3091, "Riptide Gearhulk_SB": 2223, "Riverchurn Monument_SB": 2234, "Spiteful Hexmage_SB": 2540, "Clamorous Ironclad": 469, "Furnace Host Charger": 1035, "Alania, Divergent Storm": 43, "Frolicking Familiar": 1023, "Wishing Well": 3165, "Resplendent Angel_SB": 2191, "Cephalopod Sentry": 422, "Tinker's Tote": 2841, "Thopter Fabricator": 2793, "Redshift, Rocketeer Chief": 2162, "Haunt the Network": 1235, "Sorcerous Spyglass": 2492, "Demonic Junker_SB": 641, "Stall Out": 2562, "Stall Out_SB": 2563, "Halana and Alena, Partners_SB": 1207, "Valor's Flagship_SB": 3020, "The Raven Man": 2764, "The Raven Man_SB": 2765, "Gloryheath Lynx": 1130, "Sovereign Okinec Ahau": 2510, "Boom Box": 272, "Broadcast Rambler": 328, "Possession Engine": 2045, "Broodheart Engine": 331, "Bat Colony": 188, "Calamitous Cave-In": 361, "Gargantuan Leech": 1046, "Hidden Volcano": 1295, "Promising Vein": 2064, "Marketback Walker": 1700, "Sab-Sunen, Luxa Embodied": 2283, "Simian Simulacrum": 2432, "Sylvan Scavenging": 2665, "Mold Adder_SB": 1773, "Bulwark Ox": 343, "Reluctant Role Model": 2176, "Reluctant Role Model_SB": 2177, "Leyline Binding_SB": 1580, "Marketback Walker_SB": 1701, "Burnout Bashtronaut_SB": 350, "Gastal Raider": 1052, "Oviya, Automech Artisan": 1948, "Daretti, Rocketeer Engineer": 584, "Threefold Thunderhulk": 2822, "Tune Up": 2904, "Meteor Golem_SB": 1727, "Market Gnome_SB": 1699, "The Skullspore Nexus_SB": 2770, "Cosmium Confluence": 538, "Festival of Embers": 952, "Hidden Nursery": 1294, "Skycrash_SB": 2456, "Nexus of Becoming_SB": 1839, "Sab-Sunen, Luxa Embodied_SB": 2284, "Earthrumbler": 753, "Collector's Vault_SB": 491, "Thran Spider_SB": 2810, "Akal Pakal, First Among Equals_SB": 41, "Deepfathom Echo": 619, "Forensic Researcher": 1003, "Oko, the Ringleader": 1892, "Chitin Gravestalker": 449, "Starving Revenant_SB": 2568, "Steamcore Scholar_SB": 2574, "Ojer Pakpatiq, Deepest Epoch_SB": 1891, "Thunderous Velocipede_SB": 2835, "Fear of Infinity_SB": 915, "Stock Up_SB": 2587, "Dredger's Insight_SB": 729, "Fauna Shaman_SB": 903, "Barrow Naughty": 181, "Faerie Slumber Party": 886, "Mocking Sprite": 1769, "Spellscorn Coven": 2525, "Talion's Messenger": 2680, "Coerced to Kill": 481, "Etrata, Deadly Fugitive": 842, "Unstoppable Plan_SB": 2971, "Hoarding Broodlord": 1312, "Shadow-Rite Priest": 2386, "Nahiri's Warcrafting_SB": 1822, "Baral and Kari Zev": 176, "Enigma Drake": 810, "Eroded Canyon": 821, "Brightfield Glider": 317, "Congregation Gryff": 512, "Giant Beaver": 1086, "Lagorin, Soul of Alacria": 1549, "Miriam, Herd Whisperer": 1749, "Ornery Tumblewagg": 1910, "Trained Arynx": 2877, "Run Over_SB": 2269, "Vivisurgeon's Insight_SB": 3080, "Night Market": 1841, "Stockpiling Celebrant": 2589, "Carrion Locust_SB": 387, "Skullcap Snail_SB": 2452, "Stockpiling Celebrant_SB": 2590, "Akal Pakal, First Among Equals": 40, "Forensic Gadgeteer": 1001, "Deduce_SB": 616, "Wreck Remover_SB": 3180, "Fountainport Bell": 1016, "Guidelight Optimizer": 1199, "Oaken Siren": 1872, "Machine Over Matter_SB": 1666, "Spinewoods Paladin": 2534, "Phyrexian Missionary_SB": 2001, "Sunder the Gateway": 2622, "Malcator, Purity Overseer": 1682, "Tranquil Cove_SB": 2881, "Crumb and Get It_SB": 555, "Flame Lash": 971, "Exsanguinate_SB": 862, "Exsanguinate": 861, "Syr Ginger, the Meal Ender_SB": 2669, "Legion Extruder_SB": 1570, "Blade of the Oni": 220, "Blightstep Pathway": 234, "Bloodtithe Harvester": 252, "Mutavault": 1817, "Urborg, Tomb of Yawgmoth": 2991, "Extinction Event_SB": 864, "Hidetsugu Consumes All_SB": 1297, "Unlicensed Hearse_SB": 2959, "Breeding Pool": 314, "Enigmatic Incarnation": 811, "Indatha Triome": 1362, "Linvala, the Preserver": 1608, "Overgrown Tomb": 1929, "Savai Triome": 2305, "Skyclave Apparition": 2454, "Spara's Headquarters": 2511, "Vanishing Verse": 3030, "Zagoth Triome": 3196, "Archon of Emeria_SB": 104, "Knockout Blow_SB": 1524, "Ruric Thar, the Unbowed_SB": 2275, "Thought Distortion_SB": 2799, "Yorion, Sky Nomad_SB": 3193, "Cauldron Familiar": 407, "Claim the Firstborn": 467, "Deadly Dispute": 605, "Mayhem Devil": 1709, "Witch's Oven": 3168, "Ob Nixilis, the Adversary_SB": 1876, "Darksteel Citadel": 588, "Ensoul Artifact": 813, "Riverglide Pathway": 2235, "Shrapnel Blast": 2418, "Smuggler's Copter": 2479, "Voldaren Epicure": 3088, "Aether Gust_SB": 20, "Annul_SB": 75, "Rending Volley_SB": 2180, "Shadowspear_SB": 2387, "Voltage Surge_SB": 3092, "Cragcrown Pathway": 545, "Ramunap Ruins": 2119, "Reckless Rage": 2152, "Soul-Scar Mage": 2501, "Experimental Frenzy_SB": 856, "Hazoret the Fervent_SB": 1245, "Redcap Melee_SB": 2160, "Anger of the Gods_SB": 66, "Invoke Despair_SB": 1423, "Takenuma, Abandoned Mire": 2679, "Go Blank_SB": 1134, "Claim // Fame": 464, "Infuriate": 1368, "Kumano Faces Kakkazan": 1543, "Claim the Firstborn_SB": 468, "Fatal Push_SB": 901, "Grafdigger's Cage_SB": 1161, "Extinction Event": 863, "Gifted Aetherborn_SB": 1091, "Castle Locthwain": 401, "Clearwater Pathway": 472, "Field of Ruin": 954, "Geier Reach Sanitarium": 1058, "Hall of Storm Giants": 1208, "Hive of the Eye Tyrant": 1311, "Narset, Parter of Veils": 1823, "Omen of the Sea": 1896, "Paradoxical Outcome": 1959, "Shipwreck Marsh": 2406, "The Meathook Massacre": 2754, "Ashiok, Dream Render_SB": 120, "Weathered Runestone_SB": 3137, "Fetid Pools": 953, "Yorion, Sky Nomad": 3192, "Arclight Phoenix": 105, "Fiery Impulse": 960, "Izzet Charm": 1437, "Lightning Axe": 1595, "Prismari Command": 2055, "Spikefield Hazard": 2531, "Stormcarved Coast": 2598, "Treasure Cruise": 2890, "Collective Brutality": 485, "Faithful Mending": 887, "Greasefang, Okiba Boss": 1169, "Hallowed Fountain": 1210, "Parhelion II": 1961, "Raffine's Tower": 2096, "Shattered Sanctum": 2393, "Skysovereign, Consul Flagship": 2462, "Stubborn Denial": 2612, "Tainted Indulgence": 2673, "Deafening Silence_SB": 607, "Dovin's Veto_SB": 701, "Silence_SB": 2425, "Vanishing Verse_SB": 3031, "Krenko's Buzzcrusher": 1538, "Bishop of Wings": 210, "Branchloft Pathway": 300, "Cave of the Frost Dragon": 411, "Collected Company": 484, "Eiganjo, Seat of the Empire": 767, "Nykthos, Shrine to Nyx": 1871, "Overgrown Farmland": 1928, "Portable Hole": 2039, "Resplendent Marshal": 2192, "Righteous Valkyrie": 2220, "Temple Garden": 2697, "Archon of Absolution_SB": 102, "Brave the Elements_SB": 302, "Brutal Cathar_SB": 338, "Heroic Intervention_SB": 1285, "Reidane, God of the Worthy_SB": 2171, "Shapers' Sanctuary_SB": 2389, "Dawnwing Marshal": 592, "Kroxa, Titan of Death's Hunger": 1542, "Ledger Shredder": 1568, "Brazen Borrower_SB": 305, "Prismari Command_SB": 2056, "Burner Rocket": 346, "Cloudspire Skycycle": 477, "Dynamite Diver": 752, "Guidelight Synergist": 1200, "Kolodin, Triumph Caster": 1529, "Count on Luck": 540, "Frenzied Goblin": 1020, "Doubling Season_SB": 699, "Fanatical Firebrand_SB": 895, "Howlsquad Heavy_SB": 1332, "Reckless Lackey_SB": 2151, "Rundvelt Hordemaster_SB": 2271, "District Mascot": 678, "Shivan Devastator": 2407, "Zimone, Paradox Sculptor": 3204, "Tyvar, the Pummeler_SB": 2930, "Zopandrel, Hunger Dominus_SB": 3208, "Aurelia, the Warleader": 144, "Gilded Ghoda": 1094, "Cavalier of Thorns": 410, "Elvish Mystic": 789, "Kiora, Behemoth Beckoner": 1508, "Lair of the Hydra": 1550, "Leyline of the Guildpact": 1587, "Oath of Nissa": 1874, "Old-Growth Troll": 1894, "Storm the Festival": 2597, "Ulvenwald Oddity": 2931, "Arasta of the Endless Web_SB": 86, "Emrakul, the Promised End_SB": 795, "Setessan Petitioner_SB": 2385, "Ashiok, Nightmare Muse_SB": 121, "Foreboding Ruins": 1000, "Invoke Despair": 1422, "Kolaghan's Command_SB": 1528, "Haunted Ridge": 1238, "Bonecrusher Giant": 266, "Burning-Tree Emissary": 348, "Chandra, Torch of Defiance": 434, "Collision // Colossus": 492, "Gruul Spellbreaker": 1193, "Kami's Flare": 1475, "Pelt Collector": 1974, "Voltaic Brawler": 3093, "Zhur-Taa Goblin": 3202, "Bonecrusher Giant_SB": 267, "Chandra, Torch of Defiance_SB": 435, "Cindervines_SB": 459, "Kami's Flare_SB": 1476, "Roiling Vortex_SB": 2251, "Mana Confluence": 1688, "Barrier Breach_SB": 180, "Leyline of Sanctity_SB": 1585, "Colossus Hammer": 497, "Eldritch Evolution": 770, "Raffine's Informant": 2095, "Sigarda's Aid": 2423, "Soulflayer": 2503, "Sylvan Caryatid": 2664, "Bloodline Culling_SB": 247, "Collective Brutality_SB": 486, "Portable Hole_SB": 2040, "Furnace Punisher_SB": 1036, "Laughing Jasper Flint_SB": 1557, "Rocky Roads": 2246, "Lumbering Worldwagon_SB": 1650, "Cosmic Rebirth_SB": 537, "Mondrak, Glory Dominus_SB": 1789, "Become Brutes_SB": 197, "Goblin Oriflamme": 1142, "Drake Hatcher_SB": 716, "Eddymurk Crab_SB": 761, "Cindering Cutthroat_SB": 458, "Ravine Raider_SB": 2133, "Risky Shortcut_SB": 2225, "Spin Out_SB": 2532, "Steampath Charger_SB": 2575, "Devouring Sugarmaw": 658, "Amalia Benavides Aguirre_SB": 50, "Elas il-Kor, Sadistic Pilgrim_SB": 769, "Fiendish Panda_SB": 956, "Knight of Dawn's Light_SB": 1517, "Mimeoplasm, Revered One": 1741, "Etched Familiar": 839, "Spectral Interference": 2515, "Winter, Cursed Rider": 3161, "Radiant Grove": 2092, "Streetwise Negotiator_SB": 2606, "Divine Resilience": 686, "Greenhouse // Rickety Gazebo": 1179, "Silken Strength": 2428, "Map the Frontier": 1692, "Realm-Scorcher Hellkite": 2142, "Spyglass Siren_SB": 2553, "Sentinel of Lost Lore_SB": 2376, "Herd Migration_SB": 1280, "Kykar, Zephyr Awakener": 1548, "The Huntsman's Redemption_SB": 2744, "Lathril, Blade of the Elves_SB": 1555, "Armored Armadillo_SB": 114, "Gixian Infiltrator_SB": 1109, "Gloryheath Lynx_SB": 1131, "Threefold Thunderhulk_SB": 2823, "Primeval Bounty": 2052, "Cryptcaller Chariot": 557, "Rangers' Refueler": 2120, "Steel Hellkite_SB": 2576, "Mindsparker_SB": 1742, "Cursed Recording_SB": 574, "Thirsting Roots": 2789, "Gigantosaurus": 1092, "Llanowar Stalker": 1621, "Ghalta, Primal Hunger_SB": 1075, "Gigantosaurus_SB": 1093, "Disenchant": 667, "Captain Howler, Sea Scourge_SB": 379, "Karn, Living Legacy_SB": 1479, "Quaketusk Boar": 2081, "Kellan Joins Up": 1493, "Ovika, Enigma Goliath_SB": 1947, "The Stasis Coffin": 2773, "Bestow Greatness_SB": 201, "Leaping Ambush": 1567, "Raucous Theater_SB": 2131, "Flowstone Infusion_SB": 994, "Alesha, Who Laughs at Fate_SB": 45, "Lazav, Wearer of Faces_SB": 1564, "Harmless Offering_SB": 1227, "Return Triumphant": 2213, "Souls of the Lost_SB": 2506, "Slickshot Lockpicker_SB": 2472, "Flashfreeze": 977, "Interface Ace": 1386, "Sunpearl Kirin": 2629, "Synchronized Charge": 2667, "Heritage Reclamation_SB": 1281, "Magmatic Hellkite_SB": 1672, "Elspeth, Storm Slayer": 783, "Cori Mountain Monastery": 525, "Dispelling Exhale": 673, "Jeskai Revelation": 1447, "Marang River Regent": 1693, "Shiko, Paragon of the Way": 2404, "Rally the Monastery": 2115, "Surrak, Elusive Hunter": 2647, "Surrak, Elusive Hunter_SB": 2648, "Glacial Dragonhunt": 1111, "Tersa Lightshatter": 2718, "Winternight Stories": 3162, "Auroral Procession": 145, "Opulent Palace": 1906, "Rakshasa's Bargain": 2111, "Desperate Measures": 652, "Rot-Curse Rakshasa": 2256, "Sandsteppe Citadel": 2293, "Skirmish Rhino": 2443, "Cori-Steel Cutter": 526, "Mistrise Village": 1766, "Jeskai Revelation_SB": 1448, "Tersa Lightshatter_SB": 2719, "United Battlefront": 2958, "Elspeth, Storm Slayer_SB": 784, "Herd Heirloom": 1278, "Sage of the Skies_SB": 2286, "Voice of Victory_SB": 3083, "Gilded Lotus_SB": 1095, "Rediscover the Way": 2161, "Roiling Dragonstorm": 2250}}