{"vocabulary": {"Anoint with Affliction": 83, "Cut Down": 602, "Darkslick Shores": 612, "Deep-Cavern Bat": 644, "Enduring Curiosity": 839, "Ertai Resurrected": 866, "Faerie Mastermind": 926, "Fountainport": 1058, "Gloomlake Verge": 1178, "Go for the Throat": 1184, "Island": 1478, "Kaito, Bane of Nightmares": 1513, "Phantom Interference": 2039, "Restless Reef": 2265, "Spyglass Siren": 2638, "Swamp": 2740, "Three Steps Ahead": 2909, "Tishana's Tidebinder": 2945, "Underground River": 3046, "Unstoppable Slasher": 3074, "Anoint with Affliction_SB": 84, "Blot Out_SB": 270, "Cut Down_SB": 603, "Disdainful Stroke_SB": 696, "Duress_SB": 779, "Ghost Vacuum_SB": 1130, "Gix's Command_SB": 1153, "Negate_SB": 1884, "Sheoldred, the Apocalypse_SB": 2480, "Tishana's Tidebinder_SB": 2946, "Bitter Triumph": 225, "Gix, Yawgmoth Praetor": 1154, "Mirrex": 1800, "Preacher of the Schism": 2098, "Sheoldred, the Apocalypse": 2479, "Aclazotz, Deepest Betrayal_SB": 14, "Malicious Eclipse_SB": 1736, "Withering Torment_SB": 3283, "Analyze the Pollen": 61, "Botanical Sanctum": 294, "Bushwhack": 368, "Copperline Gorge": 545, "Elusive Otter": 824, "Enduring Vitality": 845, "Forest": 1047, "Into the Flood Maw": 1444, "Karplusan Forest": 1528, "Mountain": 1856, "Pawpatch Formation": 2021, "Ral, Crackling Wit": 2174, "Roaring Furnace && Steaming Sauna": 2304, "Scorching Dragonfire": 2401, "Song of Totentanz": 2574, "Spirebluff Canal": 2623, "Stormchaser's Talent": 2689, "This Town Ain't Big Enough": 2883, "Thundertrap Trainer": 2929, "Torch the Tower": 2965, "Up the Beanstalk": 3083, "Valley Floodcaller": 3121, "Yavimaya Coast": 3302, "Dissection Tools_SB": 708, "Pawpatch Formation_SB": 2022, "Ral, Crackling Wit_SB": 2175, "Scorching Dragonfire_SB": 2402, "Screaming Nemesis_SB": 2414, "Up the Beanstalk_SB": 3084, "Battlefield Forge": 198, "Demonic Ruckus": 671, "Emberheart Challenger": 832, "Ethereal Armor": 883, "Heartfire Hero": 1301, "Inspiring Vantage": 1437, "Manifold Mouse": 1739, "Monastery Swiftspear": 1838, "Monstrous Rage": 1843, "Optimistic Scavenger": 1958, "Plains": 2074, "Restless Bivouac": 2259, "Shardmage's Rescue": 2467, "Sheltered by Ghosts": 2472, "Slickshot Show-Off": 2557, "Thran Portal": 2900, "Destroy Evil_SB": 682, "Lightning Helix_SB": 1645, "Rest in Peace_SB": 2256, "Torch the Tower_SB": 2966, "Urabrask's Forge_SB": 3088, "Hired Claw": 1358, "Lightning Strike": 1646, "Rockface Village": 2309, "Screaming Nemesis": 2413, "Shock": 2489, "Witchstalker Frenzy": 3280, "Lithomantic Barrage_SB": 1659, "Obliterating Bolt_SB": 1932, "Twisted Fealty_SB": 3015, "Witchstalker Frenzy_SB": 3281, "Archfiend of the Dross": 105, "Blooming Marsh": 265, "Caustic Bronco": 425, "Demolition Field": 663, "Dreams of Steel and Oil": 763, "Duress": 778, "Glissa Sunslayer": 1174, "Llanowar Wastes": 1669, "Mosswood Dreadknight": 1854, "Restless Cottage": 2261, "Sentinel of the Nameless City": 2452, "Tranquil Frillback": 2979, "Underground Mortuary": 3045, "Unholy Annex && Ritual Chamber": 3054, "Choking Miasma_SB": 472, "Dreams of Steel and Oil_SB": 764, "Liliana of the Veil_SB": 1651, "Nissa, Ascended Animist_SB": 1903, "Tear Asunder_SB": 2779, "Tranquil Frillback_SB": 2980, "Cacophony Scamp": 372, "Callous Sell-Sword": 382, "Leyline of Resonance": 1632, "Might of the Meek": 1786, "Overprotect": 1993, "Questing Druid": 2140, "Snakeskin Veil": 2566, "Thornspire Verge": 2888, "Turn Inside Out": 3005, "Manifold Mouse_SB": 1740, "Snakeskin Veil_SB": 2567, "Innkeeper's Talent": 1423, "Restless Ridgeline": 2267, "Scorching Shot": 2403, "Questing Druid_SB": 2141, "Scorching Shot_SB": 2404, "Doomsday Excruciator": 729, "Jace, the Perfected Mind": 1488, "Shoot the Sheriff": 2491, "Spell Stutter": 2607, "Undercity Sewers": 3044, "Deadly Cover-Up_SB": 631, "Jace, the Perfected Mind_SB": 1489, "Outrageous Robbery_SB": 1978, "Case of the Crimson Pulse_SB": 407, "Razorkin Needlehead_SB": 2196, "Cruelclaw's Heist_SB": 580, "Harvester of Misery_SB": 1281, "Unholy Annex && Ritual Chamber_SB": 3055, "Adarkar Wastes": 17, "Case of the Gateway Express": 409, "Clockwork Percussionist": 497, "Gleeful Demolition": 1170, "Imodane's Recruiter": 1403, "Knight-Errant of Eos": 1571, "Mockingbird": 1821, "Novice Inspector": 1919, "Painter's Studio && Defaced Gallery": 2008, "Resolute Reinforcements": 2251, "Seachrome Coast": 2420, "Shivan Reef": 2488, "Warden of the Inner Sky": 3227, "Get Lost_SB": 1115, "Protect the Negotiators_SB": 2122, "Archangel of Wrath": 101, "Atraxa, Grand Unifier": 144, "Beza, the Bounding Spring": 214, "Brushland": 351, "Cavern of Souls": 430, "Get Lost": 1114, "Hedge Maze": 1310, "Herd Migration": 1328, "Hushwood Verge": 1391, "Leyline Binding": 1629, "Lush Portico": 1708, "Meticulous Archive": 1778, "Overlord of the Hauntwoods": 1989, "Overlord of the Mistmoors": 1991, "Shadowy Backstreet": 2463, "Sunfall": 2715, "Temporary Lockdown": 2797, "Beza, the Bounding Spring_SB": 215, "Elspeth's Smite_SB": 821, "Sunfall_SB": 2716, "Archangel Elspeth": 97, "Caretaker's Talent": 399, "Carrot Cake": 404, "Enduring Innocence": 841, "Exorcise": 892, "Floodfarm Verge": 1027, "Lay Down Arms": 1612, "Loran of the Third Path": 1685, "Parting Gust": 2017, "Sanguine Evangelist": 2367, "Sunken Citadel": 2718, "Exorcise_SB": 893, "Loran of the Third Path_SB": 1686, "Season of Weaving_SB": 2432, "Temporary Lockdown_SB": 2798, "Bloodletter of Aclazotz": 255, "Liliana of the Veil": 1650, "Caustic Bronco_SB": 426, "Render Inert_SB": 2242, "Floodpits Drowner": 1028, "Arabella, Abandoned Doll": 88, "Soul Partition_SB": 2580, "Pyroclasm_SB": 2133, "Dollmaker's Shop && Porcelain Gallery": 723, "Inquisitive Glimmer": 1426, "No More Lies": 1906, "Season of the Burrow": 2433, "Skrelv's Hive": 2528, "Virtue of Loyalty": 3177, "No More Lies_SB": 1907, "Restricted Office && Lecture Hall_SB": 2274, "Season of the Burrow_SB": 2434, "Pick Your Poison_SB": 2059, "Azure Beastbinder": 164, "Drannith Ruins": 755, "Disfigure_SB": 700, "Nowhere to Run_SB": 1921, "Betrayer's Bargain_SB": 213, "Bitter Reunion": 223, "Fabled Passage": 916, "Tarnation Vista": 2774, "Into the Flood Maw_SB": 1445, "Roaring Furnace && Steaming Sauna_SB": 2305, "Volcanic Spite_SB": 3196, "Volcanic Spite": 3195, "Blue Sun's Twilight_SB": 271, "Abhorrent Oculus": 1, "Chart a Course": 464, "Haughty Djinn": 1283, "Helping Hand": 1320, "Moment of Truth": 1833, "Picklock Prankster": 2060, "Recommission": 2217, "Sleight of Hand": 2552, "Soul Partition": 2579, "Bovine Intervention_SB": 302, "Change the Equation_SB": 457, "Faerie Mastermind_SB": 927, "Monastery Mentor_SB": 1837, "Aclazotz, Deepest Betrayal": 13, "Blackcleave Cliffs": 228, "Blazemire Verge": 237, "Cunning Coyote": 594, "Mishra's Foundry": 1812, "Osteomancer Adept": 1969, "Overlord of the Boilerbilges": 1985, "Phyrexian Fleshgorger": 2050, "Restless Vents": 2271, "Sulfurous Springs": 2707, "The Infamous Cruelclaw": 2835, "Virtue of Persistence": 3179, "Abrade_SB": 4, "Sheoldred's Edict_SB": 2478, "Feather of Flight": 966, "Tail Swipe": 2761, "Sunspine Lynx_SB": 2723, "Warleader's Call": 3233, "Yotian Frontliner": 3307, "Sheltered by Ghosts_SB": 2473, "Overlord of the Floodpits": 1987, "Scrollshift": 2415, "Zur, Eternal Schemer": 3327, "Doppelgang_SB": 733, "Not on My Watch_SB": 1918, "Come Back Wrong_SB": 523, "Koth, Fire of Resistance_SB": 1583, "Harvester of Misery": 1280, "Sheoldred's Edict": 2477, "Picnic Ruiner": 2061, "Rockface Village_SB": 2310, "Obliterating Bolt": 1931, "Innkeeper's Talent_SB": 1424, "Shock_SB": 2490, "Vren, the Relentless_SB": 3219, "Gix's Command": 1152, "Thraxodemon": 2904, "Lightning Strike_SB": 1647, "Magebane Lizard_SB": 1721, "Go for the Throat_SB": 1185, "Case of the Crimson Pulse": 406, "Dusk Rose Reliquary": 781, "Kellan, Daring Traveler": 1544, "Razorverge Thicket": 2200, "Regal Bunnicorn": 2229, "Restless Prairie": 2264, "Steel Seraph": 2665, "Syr Ginger, the Meal Ender": 2758, "Teething Wurmlet": 2782, "Tough Cookie": 2971, "Unidentified Hovership": 3058, "Anointed Peacekeeper_SB": 86, "Archangel Elspeth_SB": 98, "Aven Interrupter_SB": 156, "Split Up_SB": 2630, "Tail Swipe_SB": 2762, "Elspeth's Smite": 820, "Founding the Third Path": 1055, "Cruelclaw's Heist": 579, "Tear Asunder": 2778, "The End_SB": 2823, "Entity Tracker": 856, "Fae Flight": 919, "Gremlin Tamer": 1229, "Ossification": 1967, "Silent Hallcreeper": 2507, "Ossification_SB": 1968, "Ephara's Dispersal": 860, "Deadly Cover-Up": 630, "Impulse": 1410, "Preacher of the Schism_SB": 2099, "Restless Anchorage": 2257, "Plumecreed Escort": 2080, "Teferi, Temporal Pilgrim_SB": 2784, "Captivating Cave": 395, "Kutzil's Flanker_SB": 1596, "Deduce": 642, "Scatter Ray": 2391, "Season of Weaving": 2431, "Boon-Bringer Valkyrie_SB": 286, "Elesh Norn, Mother of Machines_SB": 816, "Kaito, Bane of Nightmares_SB": 1514, "Aloe Alchemist": 52, "Break Out": 322, "Commercial District": 524, "Fear of Missing Out": 959, "Patchwork Beastie": 2020, "Rubblebelt Maverick": 2331, "Wildfire Wickerfolk": 3261, "Yavimaya Iconoclast": 3303, "Haywire Mite_SB": 1292, "Soul-Guide Lantern_SB": 2585, "Breach the Multiverse_SB": 320, "Kaya, Intangible Slayer_SB": 1532, "Long Goodbye_SB": 1674, "Agatha's Soul Cauldron": 33, "Gingerbrute": 1144, "Haywire Mite": 1291, "Kitesail Larcenist": 1560, "Marvin, Murderous Mimic": 1753, "Monstrous Emergence": 1841, "Restless Vinestalk": 2273, "Surge Engine": 2726, "Zoetic Glyph": 3319, "Kitesail Larcenist_SB": 1561, "Monstrous Emergence_SB": 1842, "Repulsive Mutation_SB": 2247, "Unable to Scream_SB": 3036, "Change the Equation": 456, "Disfigure": 699, "Lightning Helix": 1644, "Painter's Studio // Defaced Gallery": 2010, "Invasion of Gobakhan_SB": 1457, "Tectonic Hazard_SB": 2781, "Fireglass Mentor": 1010, "Flamecache Gecko": 1014, "Gev, Scaled Scorch": 1120, "Iridescent Vinelasher": 1474, "Laughing Jasper Flint": 1607, "Mudflat Village": 1860, "Not Dead After All": 1915, "Thought-Stalker Warlock": 2893, "Valley Flamecaller": 3120, "Valley Rotcaller": 3125, "Glistening Deluge_SB": 1176, "Untimely Malfunction_SB": 3079, "Audacity": 146, "Unholy Annex // Ritual Chamber": 3056, "Braids, Arisen Nightmare": 305, "Disturbing Mirth": 714, "Final Vengeance": 1006, "Greedy Freebooter": 1224, "Hopeless Nightmare": 1372, "Nowhere to Run": 1920, "Pitiless Carnage": 2071, "Sawblade Skinripper": 2380, "Spiteful Hexmage": 2625, "The Witch's Vanity": 2873, "The Infamous Cruelclaw_SB": 2836, "Burrowguard Mentor": 365, "Finneas, Ace Archer": 1008, "Glass Casket": 1163, "Hop to It": 1369, "Lupinflower Village": 1706, "Pawpatch Recruit": 2023, "Pollen-Shield Hare": 2084, "Seasoned Warrenguard": 2436, "Surge of Salvation": 2728, "Three Tree City": 2911, "Valley Mightcaller": 3123, "Valley Questcaller": 3124, "Glass Casket_SB": 1164, "Surge of Salvation_SB": 2729, "Ashiok, Wicked Manipulator": 128, "Caves of Koilos": 433, "Concealed Courtyard": 527, "Final Showdown": 1004, "Kaya, Intangible Slayer": 1531, "Kaya, Spirits' Justice": 1533, "Kutzil's Flanker": 1595, "Overlord of the Balemurk": 1983, "Restless Fortress": 2263, "The End": 2822, "Zoraline, Cosmos Caller": 3323, "Legions to Ashes_SB": 1623, "The Eternal Wanderer_SB": 2826, "Faerie Dreamthief": 923, "Faerie Fencing": 924, "Ingenious Prodigy": 1420, "Kaito, Dancing Shadow": 1517, "Darkstar Augur_SB": 614, "Overlord of the Balemurk_SB": 1984, "Plumecreed Escort_SB": 2081, "Giant Growth": 1136, "Two-Headed Hunter": 3018, "Tyvar's Stand_SB": 3028, "Shoot the Sheriff_SB": 2492, "Blot Out": 269, "Freestrider Lookout": 1061, "Ghost Vacuum": 1129, "Gisa, the Hellraiser": 1145, "Spelunking": 2612, "Vaultborn Tyrant": 3143, "Decadent Dragon": 640, "Molten Collapse": 1826, "Piggy Bank": 2062, "Rakdos, Patron of Chaos": 2166, "Raucous Theater": 2191, "Case of the Stashed Skeleton": 415, "Fear of Lost Teeth": 958, "Invasion of Azgol": 1453, "Rottenmouth Viper": 2325, "The Witch's Vanity_SB": 2874, "Tinybones, the Pickpocket_SB": 2941, "Three Steps Ahead_SB": 2910, "Embereth Veteran": 831, "Hearth Elemental": 1306, "Lavaspur Boots": 1610, "Mirran Banesplitter": 1799, "Phoenix Chick": 2043, "Hearth Elemental_SB": 1307, "Rush of Dread": 2344, "Legions to Ashes": 1622, "Proft's Eidetic Memory": 2112, "Gremlin Tamer_SB": 1230, "Spellbook Vendor": 2609, "Stenn, Paranoid Partisan": 2667, "Outrageous Robbery": 1977, "Pillage the Bog": 2067, "Deep-Cavern Bat_SB": 645, "Calix, Guided by Fate": 379, "Royal Treatment": 2329, "Valgavoth's Lair": 3113, "Shardmage's Rescue_SB": 2468, "Sword of Once and Future_SB": 2751, "Zoraline, Cosmos Caller_SB": 3324, "Neutralize the Guards_SB": 1890, "Cankerbloom": 388, "Cenote Scout": 438, "Keen-Eyed Curator": 1538, "Seed of Hope": 2440, "Violent Urge": 3170, "Wrenn and Realmbreaker": 3292, "Bloodletter of Aclazotz_SB": 256, "Quick Study": 2143, "Chrome Host Seedshark_SB": 474, "Split Up": 2629, "Betrayer's Bargain": 212, "Corrupted Conviction": 553, "Urabrask's Forge": 3087, "Braids, Arisen Nightmare_SB": 306, "Furnace Reins_SB": 1085, "Cache Grab": 370, "Eddymurk Crab": 798, "Get Out": 1116, "Monastery Mentor": 1836, "Tolarian Terror": 2959, "Ephara's Dispersal_SB": 861, "Ill-Timed Explosion_SB": 1400, "Mountain_SB": 1857, "Spell Stutter_SB": 2608, "Kitnap_SB": 1562, "Misery's Shadow_SB": 1808, "Torch the Witness_SB": 2968, "Not on My Watch": 1917, "Seized from Slumber": 2447, "Pugnacious Hammerskull_SB": 2127, "Kaervek, the Punisher_SB": 1512, "Artist's Talent": 124, "Brass's Tunnel-Grinder": 313, "Capricious Hellraiser": 391, "Chandra, Hope's Beacon": 450, "Fires of Victory": 1011, "Ill-Timed Explosion": 1399, "Thundering Falls": 2925, "Brotherhood's End_SB": 349, "Virtue of Knowledge_SB": 3176, "The Cruelty of Gix_SB": 2818, "Fear of Isolation": 956, "Wrenn's Resolve_SB": 3297, "Silent Hallcreeper_SB": 2508, "Painter's Studio && Defaced Gallery_SB": 2009, "Virtue of Persistence_SB": 3180, "Glarb, Calamity's Augur": 1161, "Cavern of Souls_SB": 431, "Glarb, Calamity's Augur_SB": 1162, "Warden of the Inner Sky_SB": 3228, "Destroy Evil": 681, "Elegant Parlor": 810, "Kambal, Profiteering Mayor_SB": 1521, "Market Gnome": 1748, "Lord Skitter, Sewer King": 1689, "Planar Disruption_SB": 2077, "Unyielding Gatekeeper": 3082, "Etali, Primal Conqueror_SB": 879, "Wear Down_SB": 3244, "Metropolis Reformer_SB": 1781, "Scrollshift_SB": 2416, "Portent of Calamity": 2093, "The Eternal Wanderer": 2825, "The Irencrag": 2837, "The Swarmweaver": 2866, "Twitching Doll": 3017, "Cease // Desist_SB": 435, "Pest Control_SB": 2036, "Overprotect_SB": 1994, "Floodpits Drowner_SB": 1029, "Geological Appraiser": 1111, "Nissa, Ascended Animist": 1902, "Archangel of Wrath_SB": 102, "Kogla and Yidaro_SB": 1575, "Lukka, Bound to Ruin_SB": 1697, "Roxanne, Starfall Savant_SB": 2328, "Phyrexian Fleshgorger_SB": 2051, "Fallaji Archaeologist": 932, "Sorcerous Spyglass_SB": 2578, "Sandstorm Verge": 2366, "Cheeky House-Mouse": 466, "Flowerfoot Swordmaster": 1035, "Loran's Escape": 1687, "Mabel, Heir to Cragflame": 1712, "Rabid Gnaw": 2147, "Nettle Guard_SB": 1888, "Seedglaive Mentor_SB": 2442, "Pyroclasm": 2132, "Overlord of the Boilerbilges_SB": 1986, "Black Sun's Twilight": 227, "Corrupt": 552, "Haunted Mire": 1287, "Iridescent Vinelasher_SB": 1475, "Archfiend of the Dross_SB": 106, "Aven Interrupter": 155, "Errant and Giada": 864, "Malcolm, Alluring Scoundrel": 1732, "Werefox Bodyguard_SB": 3250, "Invasion of Ixalan": 1458, "Farsight Ritual": 940, "Malicious Eclipse": 1735, "Bristlebud Farmer_SB": 337, "Long Goodbye": 1673, "Lost in the Maze": 1693, "Subterranean Schooner": 2704, "Shore Up": 2493, "The Stone Brain_SB": 2864, "Negate": 1883, "Goddric, Cloaked Reveler": 1194, "Escape Tunnel": 870, "Kaervek, the Punisher": 1511, "Ertai Resurrected_SB": 867, "Great Train Heist_SB": 1221, "Serra Paragon_SB": 2456, "Bristling Backwoods": 338, "Rugged Highlands": 2333, "Corpses of the Lost": 549, "Razortrap Gorge": 2199, "Fortune, Loyal Steed": 1054, "Frontier Seeker": 1069, "Overlord of the Mistmoors_SB": 1992, "Sunder the Gateway_SB": 2714, "Dissection Tools": 707, "Unable to Scream": 3035, "Herbology Instructor_SB": 1326, "Valley Floodcaller_SB": 3122, "Forsaken Miner": 1052, "Tinybones Joins Up": 2936, "Tinybones, the Pickpocket": 2940, "Phyrexian Arena_SB": 2046, "Jaya, Fiery Negotiator_SB": 1493, "Protect the Negotiators": 2121, "Splitskin Doll": 2631, "Conduit Pylons": 528, "Hidden Grotto": 1341, "Phyrexian Arena": 2045, "Day of Judgment": 620, "Maelstrom Pulse": 1716, "Authority of the Consuls_SB": 153, "Devout Decree_SB": 688, "Flashfreeze_SB": 1019, "Evangel of Synthesis": 886, "Steamcore Scholar": 2661, "Valgavoth, Terror Eater": 3116, "Valgavoth's Faithful": 3112, "Zombify": 3321, "Desecration Demon_SB": 676, "Wail of the Forgotten_SB": 3221, "Gix, Yawgmoth Praetor_SB": 1155, "Calamity, Galloping Inferno": 378, "Llanowar Elves": 1664, "Outcaster Trailblazer": 1973, "Roxanne, Starfall Savant": 2327, "Smuggler's Surprise": 2564, "Spinewoods Armadillo": 2619, "Trumpeting Carnosaur": 2998, "No One Left Behind": 1908, "Unstoppable Slasher_SB": 3075, "Scavenging Ooze": 2398, "Vivien Reid": 3185, "Liliana, Dreadhorde General_SB": 1653, "Maelstrom Pulse_SB": 1717, "Basilisk Collar_SB": 194, "Heroic Reinforcements": 1335, "Burst Lightning": 366, "Restless Ridgeline_SB": 2268, "Soulstone Sanctuary": 2592, "Scavenging Ooze_SB": 2399, "Vivien Reid_SB": 3186, "Dreadmaw's Ire": 758, "Witch's Mark_SB": 3278, "Beseech the Mirror": 209, "Phyrexian Obliterator": 2054, "Back for Seconds_SB": 167, "Case of the Stashed Skeleton_SB": 416, "Homicide Investigator_SB": 1367, "Leyline of the Void_SB": 1638, "Boros Charm": 288, "Fugitive Codebreaker": 1074, "Raucous Carnival": 2189, "Dewdrop Cure_SB": 690, "Fugitive Codebreaker_SB": 1075, "Requisition Raid_SB": 2250, "Squee, Dubious Monarch": 2640, "Abyssal Harvester": 11, "Twinferno": 3008, "Sun-Blessed Healer": 2709, "Temple of Triumph": 2796, "Campus Renovation_SB": 384, "Glimpse the Core": 1173, "Boltwave": 274, "Splitskin Doll_SB": 2632, "Virtue of Courage": 3173, "Heartflame Duelist_SB": 1305, "Slagstorm_SB": 2549, "Mazemind Tome": 1762, "Clement, the Worrywort": 494, "Dour Port-Mage": 736, "Dreamdew Entrancer": 761, "Lilypad Village": 1654, "Long River Lurker": 1675, "Mistbreath Elder": 1814, "Oakhollow Village": 1927, "Pond Prophet": 2089, "Splash Portal": 2627, "Sunshower Druid": 2720, "Three Tree Scribe": 2913, "Crystal Barricade_SB": 590, "Bloodthirsty Conqueror_SB": 260, "Kellan, Planar Trailblazer": 1547, "Opt": 1956, "Kaito, Cunning Infiltrator_SB": 1516, "Feed the Swarm_SB": 974, "Spinner of Souls": 2621, "Enduring Tenacity": 843, "Not Dead After All_SB": 1916, "Pitiless Carnage_SB": 2072, "Kiora, the Rising Tide": 1557, "Unholy Annex // Ritual Chamber_SB": 3057, "Ghitu Lavarunner": 1127, "Thrill of Possibility": 2916, "Artist's Talent_SB": 125, "Blooming Blast_SB": 264, "Djeru and Hazoret": 721, "Elenda, Saint of Dusk": 812, "Garna, Bloodfist of Keld": 1095, "Hajar, Loyal Bodyguard": 1253, "Honest Rutstein": 1368, "Inti, Seneschal of the Sun": 1439, "Jodah, the Unifier": 1500, "Kellan, the Kid": 1550, "Plaza of Heroes": 2079, "Relic of Legends": 2237, "Rona, Herald of Invasion": 2321, "Secluded Courtyard": 2438, "Sigarda, Font of Blessings": 2505, "Jirina, Dauntless General_SB": 1499, "Faebloom Trick": 921, "Arid Archway": 116, "Felidar Retreat": 981, "Herald of Eternal Dawn": 1321, "Loot, Exuberant Explorer": 1681, "Mossborn Hydra": 1852, "Demolition Field_SB": 664, "Amalia Benavides Aguirre": 54, "Authority of the Consuls": 152, "Case of the Uneaten Feast": 417, "Exemplar of Light": 890, "Fiendish Panda": 996, "Hinterland Sanctifier": 1356, "Elenda, Saint of Dusk_SB": 813, "Spectral Sailor": 2603, "Unsummon": 3076, "Azure Beastbinder_SB": 165, "Shore Up_SB": 2494, "Giant Cindermaw_SB": 1135, "Roaring Furnace // Steaming Sauna": 2306, "Bandit's Talent": 178, "Nurturing Pixie": 1923, "Tithing Blade": 2951, "Aftermath Analyst": 27, "Evolving Wilds": 889, "Lumra, Bellow of the Woods": 1702, "Nissa, Resurgent Animist": 1904, "Glissa Sunslayer_SB": 1175, "Fade from History_SB": 918, "Bloodthirsty Conqueror": 259, "Heartflame Duelist": 1304, "Viashino Pyromancer": 3163, "Abraded Bluffs": 5, "Ball Lightning": 171, "Bloodfeather Phoenix": 251, "Grab the Prize": 1206, "Stoke the Flames": 2680, "Lyra Dawnbringer_SB": 1710, "Virtue of Courage_SB": 3174, "Combat Research": 521, "Fear of Impostors": 952, "Brineborn Cutthroat_SB": 332, "Ertai's Scorn_SB": 869, "Flow of Knowledge_SB": 1034, "Haughty Djinn_SB": 1284, "Horned Loch-Whale_SB": 1375, "Urza's Rebuff_SB": 3102, "Hostile Investigator_SB": 1379, "Abyssal Harvester_SB": 12, "Painter's Studio // Defaced Gallery_SB": 2011, "Assassin's Trophy": 135, "Heaped Harvest": 1300, "Hero's Downfall": 1332, "Liliana, Dreadhorde General": 1652, "Temple of Malady": 2791, "Temple of Plenty": 2794, "Temple of Silence": 2795, "White Sun's Twilight": 3254, "Mortify_SB": 1851, "White Sun's Twilight_SB": 3255, "Dead Weight": 625, "Gixian Puppeteer": 1157, "Gnawing Vermin": 1182, "Invasion of Amonkhet": 1450, "Revenge of the Rats": 2278, "Terror Ballista": 2803, "The Ancient One": 2815, "Wail of the Forgotten": 3220, "Razorlash Transmogrant_SB": 2198, "Reclamation Sage_SB": 2216, "Aetherize_SB": 25, "Elesh Norn, Mother of Machines": 815, "Kaito, Cunning Infiltrator": 1515, "Sphinx of Forgotten Lore": 2613, "Feldon's Cane_SB": 977, "Brotherhood's End": 348, "Demonic Pact": 669, "Harmless Offering": 1275, "Torpor Orb_SB": 2970, "Doorkeeper Thrull_SB": 731, "Cathar Commando": 420, "Knight of Grace": 1569, "Ajani, Caller of the Pride_SB": 41, "Ethereal Armor_SB": 884, "Feed the Cycle": 970, "Abrade": 3, "Horned Loch-Whale": 1374, "Temple of Deceit": 2788, "Requisition Raid": 2249, "Builder's Talent": 354, "Doubling Season": 734, "Cathar Commando_SB": 421, "Elegant Parlor_SB": 811, "Thrun, Breaker of Silence": 2921, "Pawpatch Recruit_SB": 2024, "Rite of the Moth": 2294, "Day of Judgment_SB": 621, "Sentinel of the Nameless City_SB": 2453, "An Offer You Can't Refuse_SB": 60, "Trapped in the Screen_SB": 2984, "Scavenger's Talent": 2397, "Llanowar Greenwidow": 1666, "Final Showdown_SB": 1005, "Subterranean Schooner_SB": 2705, "Vraska, Betrayal's Sting": 3215, "Pillage the Bog_SB": 2068, "Disenchant_SB": 698, "Virtue of Strength": 3181, "War Squeak": 3225, "Worldsoul's Rage": 3288, "Hero's Downfall_SB": 1333, "Dragonhawk, Fate's Tempest": 747, "Push // Pull": 2129, "Zurgo and Ojutai": 3328, "Aspirant's Ascent": 133, "Bloated Contaminator": 245, "Bring the Ending": 333, "Crawling Chorus": 573, "Distorted Curiosity": 709, "Enter the Enigma": 854, "Fleeting Reflection": 1023, "Green Sun's Twilight": 1225, "High Stride": 1352, "Infectious Bite": 1414, "Ivy, Gleeful Spellthief": 1481, "Jawbone Duelist": 1491, "Prologue to Phyresis": 2117, "Skrelv, Defector Mite": 2530, "Venerated Rotpriest": 3148, "Aspirant's Ascent_SB": 134, "Bring the Ending_SB": 334, "Distorted Curiosity_SB": 710, "Elusive Otter_SB": 826, "Enter the Enigma_SB": 855, "Fleeting Reflection_SB": 1024, "High Stride_SB": 1353, "Prologue to Phyresis_SB": 2118, "Skrelv's Hive_SB": 2529, "This Town Ain't Big Enough_SB": 2884, "Assimilation Aegis": 137, "Braided Net": 303, "Fabrication Foundry": 917, "Fomori Vault": 1040, "Fumigate": 1077, "Simulacrum Synthesizer": 2516, "The Mightstone and Weakstone": 2846, "Thran Spider": 2901, "Unstable Glyphbridge": 3071, "Essence Channeler": 873, "Ruin-Lurker Bat": 2334, "Enduring Innocence_SB": 842, "Hammerhand": 1263, "Unwanted Remake_SB": 3081, "Sawblade Scamp": 2379, "Witness Protection_SB": 3285, "Citanul Stalwart": 481, "Dwynen's Elite": 788, "Elvish Archdruid": 827, "Genesis Wave": 1110, "Imperious Perfect": 1407, "Leaf-Crowned Visionary": 1615, "Llanowar Loamspeaker": 1667, "Surrak and Goreclaw": 2735, "Tyvar the Bellicose": 3025, "Tyvar, the Pummeler": 3030, "Dwynen, Gilt-Leaf Daen_SB": 790, "Obstinate Baloth_SB": 1936, "Roaring Furnace // Steaming Sauna_SB": 2307, "Unsummon_SB": 3077, "Invasion of Regatha": 1463, "Slagstorm": 2548, "Scrapshooter": 2407, "Terror of the Peaks": 2806, "Dazzling Denial": 623, "Empyrean Eagle": 834, "Healer's Hawk": 1299, "Insidious Roots": 1432, "Kami of Whispered Hopes": 1522, "Kitsa, Otterball Elite": 1563, "Lively Dirge": 1661, "Skyfisher Spider": 2540, "Sleep-Cursed Faerie": 2551, "Tyvar, Jubilant Brawler": 3029, "Voldaren Thrillseeker": 3198, "Arcanis the Omnipotent_SB": 96, "Feed the Cycle_SB": 971, "Insidious Fungus_SB": 1431, "Lord Skitter, Sewer King_SB": 1690, "Stab_SB": 2644, "Bitter Triumph_SB": 226, "Toby, Beastie Befriender": 2954, "Blooming Blast": 263, "Coruscation Mage": 556, "Firebrand Archer": 1009, "Vengeful Possession_SB": 3152, "Boros Charm_SB": 289, "Joust Through_SB": 1507, "Sheoldred_SB": 2481, "Invasion of Zendikar": 1469, "Chimil, the Inner Sun_SB": 469, "Thrun, Breaker of Silence_SB": 2922, "Pilfer_SB": 2066, "Urborg Scavengers_SB": 3093, "Vraska, Betrayal's Sting_SB": 3216, "Serra Paragon": 2455, "Annex Sentry_SB": 77, "Coiling Rebirth": 503, "Cynical Loner": 605, "Etali, Primal Conqueror": 878, "Driver of the Dead": 768, "Gatekeeper of Malakir": 1106, "Ichor Drinker": 1395, "Infestation Sage": 1417, "Kalastria Highborn": 1519, "Nullpriest of Oblivion": 1922, "Pulse Tracker": 2128, "Vampire Nighthawk": 3134, "Vengeful Bloodwitch": 3150, "Undergrowth Recon": 3047, "Walk-In Closet // Forgotten Cellar": 3223, "Brineborn Cutthroat": 331, "Lost Jitte": 1691, "The Wandering Rescuer": 2870, "An Offer You Can't Refuse": 59, "Carnelian Orb of Dragonkind": 401, "Invasion of Tarkir": 1465, "Sarkhan, Soul Aflame": 2373, "Stingerback Terror": 2672, "Twinflame Tyrant": 3010, "Omniscience": 1952, "Squirming Emergence": 2642, "The Cruelty of Gix": 2817, "Drag to the Roots_SB": 744, "Long River's Pull": 1678, "Hunter's Talent": 1388, "Ferocification_SB": 990, "Audacity_SB": 147, "Altanak, the Thrice-Called": 53, "Cease // Desist": 434, "Demand Answers": 662, "Say Its Name": 2382, "Stormsplitter": 2692, "Hard-Hitting Question": 1271, "Hard-Hitting Question_SB": 1272, "Felonious Rage": 987, "Starfall Invocation": 2651, "Greed's Gambit": 1222, "Rankle's Prank": 2182, "Molten Collapse_SB": 1827, "Sire of Seven Deaths_SB": 2521, "Ashroot Animist": 132, "Lukka, Bound to Ruin": 1696, "Polukranos Reborn": 2087, "Ruby, Daring Tracker": 2332, "Muerra, Trash Tactician_SB": 1862, "Urgent Necropsy_SB": 3098, "Soulless Jailer_SB": 2589, "Buried in the Garden": 359, "Clifftop Lookout": 495, "Fecund Greenshell": 968, "Tender Wildguide": 2799, "Tyrranax Rex_SB": 3024, "Withering Torment": 3282, "Desecration Demon": 675, "Lay Down Arms_SB": 1613, "Overlord of the Floodpits_SB": 1988, "Refute": 2227, "Unwanted Remake": 3080, "Curator of Destinies_SB": 597, "High Noon_SB": 1351, "Anim Pakal, Thousandth Moon": 72, "Coppercoat Vanguard": 543, "Jirina, Dauntless General": 1498, "Recruitment Officer": 2219, "Deathmark_SB": 637, "Knight of Grace_SB": 1570, "Raise the Past_SB": 2162, "Witness Protection": 3284, "Calamity's Wake_SB": 377, "Primal Might": 2102, "Enduring Curiosity_SB": 840, "Luminous Rebuke": 1700, "Case of the Filched Falcon": 408, "Arcanis the Omnipotent": 95, "Ajani's Pridemate": 39, "Arahbo, the First Fang": 91, "Banishing Light": 180, "Joust Through": 1506, "Prideful Parent": 2101, "Regal Caracal": 2231, "Savannah Lions": 2376, "Skyknight Squire": 2542, "Banishing Light_SB": 181, "Claws Out_SB": 491, "Imodane's Recruiter_SB": 1404, "Starscape Cleric": 2653, "Bladecoil Serpent_SB": 230, "Tinybones, Bauble Burglar": 2938, "Sphinx of Forgotten Lore_SB": 2614, "Ashnod's Intervention": 131, "Barbed Batterfist": 185, "Bloodfeather Phoenix_SB": 252, "Koma, World-Eater": 1579, "The Elder Dragon War": 2820, "Valgavoth, Terror Eater_SB": 3117, "Fear of Impostors_SB": 953, "Smash to Dust_SB": 2559, "Witch's Mark": 3277, "Searslicer Goblin": 2425, "Stromkirk Noble": 2701, "Reclamation Sage": 2215, "Cityscape Leveler": 482, "Sire of Seven Deaths": 2520, "Case of the Locked Hothouse_SB": 412, "Deeproot Wayfinder": 648, "Fountainport_SB": 1060, "Restless Cottage_SB": 2262, "Archangel of Tithes": 99, "Boon-Bringer Valkyrie": 285, "Giada, Font of Hope": 1132, "Guardian of Ghirapur": 1244, "Lyra Dawnbringer": 1709, "Resplendent Angel": 2252, "Youthful Valkyrie": 3308, "Grand Entryway // Elegant Rotunda": 1213, "Getaway Glamer": 1118, "Sharp-Eyed Rookie": 2469, "Moment of Craving_SB": 1831, "Surrak, the Hunt Caller": 2739, "Wildborn Preserver_SB": 3259, "Thought-Stalker Warlock_SB": 2894, "Archmage of Runes": 107, "Curate": 596, "Don't Make a Sound": 728, "Ertai's Scorn": 868, "Essence Scatter": 875, "Flow of Knowledge": 1033, "Metamorphic Blast": 1776, "Unauthorized Exit": 3037, "Harrier Strix_SB": 1279, "Strix Lookout_SB": 2698, "The Tale of Tamiyo_SB": 2869, "Twist Reality_SB": 3013, "Abandoned Campground": 0, "Guardian of the Great Door": 1246, "Lonely Arroyo": 1672, "Norn's Inquisitor": 1914, "Spring-Loaded Sawblades": 2635, "Midnight Mayhem": 1784, "Ratcatcher Trainee": 2187, "Scytheclaw Raptor_SB": 2419, "Electrostatic Infantry": 809, "Impact Tremors": 1405, "Kindlespark Duo": 1555, "Ral's Reinforcements": 2173, "Reckless Lackey": 2212, "Rodeo Pyromancers": 2312, "The Autonomous Furnace": 2816, "Deadeye Duelist_SB": 627, "Skewer Slinger_SB": 2523, "Thunder Salvo_SB": 2923, "Elas il-Kor, Sadistic Pilgrim": 806, "Helpful Hunter": 1319, "Knight of Dawn's Light": 1565, "Raise the Past": 2161, "Enduring Tenacity_SB": 844, "Leyline of Hope_SB": 1631, "Burst Lightning_SB": 367, "Enduring Courage": 837, "Swiftblade Vindicator": 2743, "Commune with Evil": 525, "Dollmaker's Shop // Porcelain Gallery": 724, "Leyline Axe": 1628, "Neglected Manor": 1885, "Sporogenic Infection": 2633, "The Jolly Balloon Man": 2838, "Commune with Evil_SB": 526, "Fear of Missing Out_SB": 960, "Bulk Up": 356, "Chandra, Flameshaper": 446, "Massacre Wurm_SB": 1757, "Wrenn's Resolve": 3296, "Gloomfang Mauler": 1177, "Live or Die": 1660, "Possessed Goat": 2094, "Scoured Barrens": 2406, "Shroudstomper": 2501, "Tocasia's Dig Site": 2955, "Vile Mutilator": 3167, "Hearthborn Battler": 1308, "Eaten Alive": 794, "Souls of the Lost": 2590, "Rottenmouth Viper_SB": 2326, "Prophetic Prism": 2120, "Basilisk Collar": 193, "Vampire Nighthawk_SB": 3135, "Runic Shot_SB": 2342, "Invasion of Tarkir_SB": 1466, "Chupacabra Echo": 475, "Razorlash Transmogrant": 2197, "Huskburster Swarm_SB": 1393, "Season of Loss_SB": 2430, "Terror Tide_SB": 2805, "Hidetsugu's Second Rite": 1348, "Ghitu Lavarunner_SB": 1128, "Involuntary Employment_SB": 1473, "Boulderbranch Golem": 299, "Fierce Empath": 998, "Galewind Moose": 1090, "Gossip's Talent": 1205, "Gruff Triplets": 1240, "Insidious Fungus": 1430, "Lush Oasis": 1707, "Mirage Mesa": 1797, "Outcaster Greenblade": 1972, "Tyrranax Rex": 3023, "Sunshower Druid_SB": 2721, "Banner of Kinship": 182, "Baylen, the Haymaker": 200, "Blossoming Sands": 267, "Dewdrop Cure": 689, "Etched Cornfield": 881, "Hare Apparent": 1274, "Kayla's Reconstruction": 1537, "Patchwork Banner": 2019, "Wind-Scarred Crag": 3266, "Hinterland Sanctifier_SB": 1357, "Dragon Fodder": 745, "Griffnaut Tracker_SB": 1234, "Keldon Strike Team_SB": 1541, "Fear of Being Hunted": 948, "Khenra Spellspear": 1554, "Frenzied Goblin_SB": 1064, "Bartolom\u00e9 del Presidio": 190, "Forlorn Flats": 1051, "Midnight Reaper": 1785, "Nezumi Linkbreaker": 1894, "Snarling Gorehound": 2569, "Vampire Gourmand": 3133, "Deadly Riposte_SB": 633, "Soul-Shackled Zombie_SB": 2587, "Aetherize": 24, "Peculiar Lighthouse": 2026, "Spellgyre": 2610, "Swiftwater Cliffs": 2746, "Tranquil Cove": 2977, "Tolarian Terror_SB": 2960, "Union of the Third Path_SB": 3061, "Candy Trail": 387, "Desperate Bloodseeker": 678, "Marauding Blight-Priest": 1744, "Moment of Craving": 1830, "Murder": 1866, "Savor": 2377, "Servant of the Stinger": 2458, "Sanguine Indulgence_SB": 2369, "Elesh Norn": 814, "Goblin Surprise": 1193, "Irreverent Gremlin": 1477, "Krenko, Mob Boss": 1589, "Norin, Swift Survivalist": 1912, "Vicious Clown": 3165, "Agate-Blade Assassin": 29, "Jagged Barrens": 1490, "Outlaws' Fury": 1975, "Ravine Raider": 2193, "Scales of Shale": 2388, "Agate Assault_SB": 28, "Bake into a Pie_SB": 169, "Hazardous Blast_SB": 1293, "Turn Inside Out_SB": 3006, "Azorius Guildgate": 163, "Beanstalk Wurm": 202, "Boros Guildgate": 290, "Circuitous Route": 480, "Dimir Guildgate": 693, "Expedition Map": 894, "Golgari Guildgate": 1200, "Gruul Guildgate": 1241, "Izzet Guildgate": 1485, "Maze's End": 1760, "Muldrotha, the Gravetide": 1863, "Orzhov Guildgate": 1965, "Rakdos Guildgate": 2163, "Selesnya Guildgate": 2449, "Simic Guildgate": 2515, "Tatyova, Benthic Druid": 2776, "Urborg Repossession": 3090, "Atraxa's Fall_SB": 143, "Brightblade Stoat_SB": 328, "Desperate Bloodseeker_SB": 679, "Savor_SB": 2378, "Confounding Riddle": 531, "Thornwood Falls": 2890, "Contaminated Aquifer": 540, "Idyllic Beachfront": 1398, "Marauding Brinefang": 1745, "Portal to Phyrexia": 2092, "Soul-Guide Lantern": 2584, "Teferi, Temporal Pilgrim": 2783, "Terramorphic Expanse": 2802, "Union of the Third Path": 3060, "Vanish into Eternity": 3138, "Vanish into Eternity_SB": 3139, "Coati Scavenger": 501, "Ozolith, the Shattered Spire": 2002, "Strangled Cemetery": 2693, "Ambush Wolf_SB": 56, "Dead Weight_SB": 626, "Fog of War_SB": 1039, "Voracious Varmint_SB": 3204, "Blanchwood Prowler": 232, "Cult Conscript": 592, "Deadly Brew": 628, "Defiled Crypt // Cadaver Lab": 657, "Drag to the Roots": 743, "Jungle Hollow": 1510, "Osseous Sticktwister": 1966, "Coppercoat Vanguard_SB": 544, "Garna, Bloodfist of Keld_SB": 1096, "Arcane Proxy": 94, "Demonic Counsel": 665, "Render Inert": 2241, "Kaito, Dancing Shadow_SB": 1518, "Likeness Looter": 1649, "Minor Misstep_SB": 1795, "Royal Treatment_SB": 2330, "Karplusan Forest_SB": 1529, "Grand Entryway && Elegant Rotunda": 1212, "Chainsaw_SB": 445, "Flamewake Phoenix_SB": 1016, "Drag the Canal_SB": 741, "Stingerback Terror_SB": 2673, "Scatter Ray_SB": 2392, "Phantom Interference_SB": 2040, "The Huntsman's Redemption": 2833, "Balustrade Wurm_SB": 175, "Argoth, Sanctum of Nature": 115, "Cosmic Rebirth": 559, "Elvish Regrower": 830, "Springbloom Druid": 2637, "Titania, Voice of Gaea": 2949, "Tolsimir, Midnight's Light": 2961, "Stoic Sphinx_SB": 2679, "Twisted Fealty": 3014, "Aegis Turtle_SB": 20, "Temple of Malice": 2792, "Collector's Vault": 513, "Night of the Sweets' Revenge": 1896, "Welcome to Sweettooth": 3248, "Cosmium Confluence_SB": 562, "See Double_SB": 2439, "Volatile Fault_SB": 3194, "Vraska's Fall": 3211, "The Filigree Sylex_SB": 2829, "Crash Through": 569, "Drake Hatcher": 751, "Restless Spire": 2269, "Slick Sequence": 2555, "Abhorrent Oculus_SB": 2, "Feed the Swarm": 973, "Crawling Barrens": 572, "Mazemind Tome_SB": 1763, "Cryptic Coat": 586, "Cryptic Coat_SB": 587, "Urgent Necropsy": 3097, "Alesha, Who Laughs at Fate": 49, "Aurelia, the Law Above": 149, "Charming Scoundrel": 462, "Immersturm Predator": 1401, "Perforating Artist": 2030, "Ruthless Lawbringer": 2347, "Voldaren Thrillseeker_SB": 3199, "Eaten by Piranhas_SB": 796, "Bonny Pall, Clearcutter_SB": 281, "Trygon Predator_SB": 2999, "Dwynen, Gilt-Leaf Daen": 789, "Lathril, Blade of the Elves": 1605, "Wildborn Preserver": 3258, "Assassin's Trophy_SB": 136, "Rite of Replication": 2291, "Knight of Dusk's Shadow_SB": 1568, "Swiftfoot Boots_SB": 2745, "Ajani, Caller of the Pride": 40, "Angel of Vitality": 69, "Leonin Vanguard": 1624, "Extinguish the Light_SB": 907, "Nine-Lives Familiar": 1901, "Voracious Greatshark": 3203, "Anthem of Champions": 87, "Armasaur Guide": 118, "Biogenic Upgrade": 219, "Charming Prince": 461, "Dazzling Angel": 622, "Felidar Savior": 983, "Felling Blow": 986, "Gnarlid Colony": 1181, "Good-Fortune Unicorn": 1204, "Inspiring Call": 1434, "Inspiring Paladin": 1436, "Mild-Mannered Librarian": 1789, "Pacifism": 2003, "Wary Thespian": 3237, "Wildwood Scourge": 3262, "Breach the Multiverse": 319, "Bandit's Talent_SB": 179, "Parting Gust_SB": 2018, "Tinybones Joins Up_SB": 2937, "Phyrexian Obliterator_SB": 2055, "Axebane Ferox_SB": 160, "Scrapshooter_SB": 2408, "Wrenn and Realmbreaker_SB": 3293, "Flourishing Bloom-Kin": 1032, "Ghalta, Primal Hunger": 1122, "Hunter's Talent_SB": 1389, "Silver Scrutiny_SB": 2511, "Atraxa, Grand Unifier_SB": 145, "Highway Robbery": 1354, "Urabrask": 3085, "Doppelgang": 732, "Armored Armadillo": 119, "Elvish Archivist": 828, "Toadstool Admirer": 2953, "Calix, Guided by Fate_SB": 380, "Divine Resilience_SB": 720, "Unflinching Courage_SB": 3053, "Valorous Stance_SB": 3132, "Fiery Annihilation_SB": 1000, "Annex Sentry": 76, "Phyrexian Censor": 2047, "Phyrexian Vindicator": 2056, "Volatile Fault": 3193, "Seal from Existence_SB": 2422, "Stasis Snare_SB": 2656, "Urborg Scavengers": 3092, "Zetalpa, Primal Dawn": 3315, "Chrome Host Seedshark": 473, "Ichormoon Gauntlet": 1396, "Jace Reawakened": 1486, "Jin-Gitaxias": 1497, "Temple of Epiphany": 2790, "Galvanize_SB": 1093, "Tocasia's Welcome": 2956, "Bonehoard Dracosaur": 278, "Dragonlord's Servant": 748, "Incinerator of the Guilty": 1411, "Kolaghan Warmonger": 1576, "Rivaz of the Claw": 2295, "Tyrant of Kher Ridges": 3020, "Push // Pull_SB": 2130, "Long River's Pull_SB": 1679, "Burglar Rat": 358, "Halo Forager": 1260, "Hidden Cataract": 1339, "Hidden Necropolis": 1342, "Macabre Waltz": 1714, "Mindsplice Apparatus": 1792, "Painful Quandary": 2004, "Psychic Whorl": 2124, "Rune-Scarred Demon": 2340, "The Key to the Vault": 2841, "The Rollercrusher Ride_SB": 2856, "Titania, Voice of Gaea_SB": 2950, "Dawn's Truce": 617, "Joint Exploration": 1505, "Vren, the Relentless": 3218, "Titania's Command_SB": 2948, "Bristly Bill, Spine Sower": 339, "Colossal Rattlewurm": 518, "Creosote Heath": 575, "Desert's Due": 677, "Duelist of the Mind": 776, "Festering Gulch": 991, "Goldvein Hydra": 1197, "Rattleback Apothecary": 2188, "Tatyova, Steward of Tides": 2777, "Tomb Trawler_SB": 2963, "Urza's Sylex_SB": 3105, "Terror Tide": 2804, "Inspiration from Beyond": 1433, "Chainsaw": 444, "Marchesa, Dealer of Death": 1747, "Rakdos Joins Up": 2164, "Nashi, Searcher in the Dark_SB": 1879, "Realmbreaker, the Invasion Tree_SB": 2206, "Invasion of Tolvada": 1468, "Grand Abolisher_SB": 1211, "Filter Out_SB": 1002, "Kutzil, Malamet Exemplar": 1597, "Hostile Investigator": 1378, "Rona's Vortex": 2319, "Swamp_SB": 2741, "Runic Shot": 2341, "Herald of Eternal Dawn_SB": 1322, "Sun-Blessed Healer_SB": 2710, "Emberheart Challenger_SB": 833, "Squee, Dubious Monarch_SB": 2641, "Mortify": 1850, "Soul Search_SB": 2582, "Seeker's Folly": 2443, "Assimilation Aegis_SB": 138, "Coveted Falcon": 566, "Drag to the Bottom": 742, "Greed's Gambit_SB": 1223, "Season of Gathering_SB": 2428, "Valgavoth's Onslaught": 3114, "Stab": 2643, "Vinereap Mentor": 3168, "Invasion of Gobakhan": 1456, "Fiery Annihilation": 999, "Dreadwing Scavenger": 760, "Axebane Ferox": 159, "Ferocification": 989, "Pick Your Poison": 2058, "Sunspine Lynx": 2722, "Broodspinner_SB": 345, "The Gitrog, Ravenous Ride_SB": 2830, "Collector's Cage": 511, "Ajani, Sleeper Agent_SB": 44, "Sheoldred": 2474, "Ancient Cornucopia": 65, "Invasion of Arcavios": 1452, "Make Your Own Luck": 1729, "Beseech the Mirror_SB": 210, "Heroic Reinforcements_SB": 1336, "Peerless Recycling_SB": 2027, "Ego Drain": 802, "Season of Loss": 2429, "Talion's Messenger_SB": 2769, "Stormcatch Mentor": 2686, "Wing Commando": 3268, "Blood Hustler": 248, "Bloodfell Caves": 253, "Deathcap Marionette": 636, "Fell": 984, "Reasonable Doubt": 2207, "Third Path Iconoclast": 2877, "Essence Scatter_SB": 876, "Misery's Shadow": 1807, "Cerebral Confiscation_SB": 441, "Ruthless Negotiation": 2349, "Haunted Screen": 1289, "Prayer of Binding": 2097, "Furnace Reins": 1084, "Insatiable Avarice_SB": 1429, "Rona's Vortex_SB": 2320, "Bonny Pall, Clearcutter": 280, "River's Rebuke": 2296, "Koma, World-Eater_SB": 1580, "Primeval Bounty_SB": 2105, "River's Rebuke_SB": 2297, "Urza's Sylex": 3104, "Regal Caracal_SB": 2232, "Kiora, the Rising Tide_SB": 1558, "Chimil, the Inner Sun": 468, "Rat Out_SB": 2185, "Plains_SB": 2075, "Faebloom Trick_SB": 922, "Throne of the Grim Captain": 2918, "Drana and Linvala_SB": 753, "The Kenriths' Royal Funeral_SB": 2840, "Nashi, Searcher in the Dark": 1878, "Saiba Cryptomancer": 2360, "Zoetic Glyph_SB": 3320, "Seized from Slumber_SB": 2448, "Tyvar's Stand": 3027, "Regal Bunnicorn_SB": 2230, "Inspiring Overseer": 1435, "Mischievous Pup": 1806, "Surgical Suite // Hospital Room": 2733, "Angel of Finality_SB": 68, "Kraul Whipcracker": 1584, "Wardens of the Cycle": 3229, "Binding Negotiation_SB": 218, "Badlands Revival": 168, "Bandit's Haul": 177, "Copper Host Crusher": 542, "Feed the Infection": 972, "Vinereap Mentor_SB": 3169, "Belligerent Yearling": 208, "Colossadactyl": 517, "Earthshaker Dreadmaw": 793, "Giant Cindermaw": 1134, "Itzquinth, Firstborn of Gishath": 1480, "Ixalli's Lorekeeper": 1483, "Rogue's Passage": 2313, "Scytheclaw Raptor": 2418, "Thrashing Brontodon": 2903, "Triumphant Chomp": 2996, "Armored Kincaller_SB": 121, "Ankle Biter": 75, "Bilious Skulldweller": 216, "Fynn, the Fangbearer": 1086, "Infectious Inquiry": 1415, "Nimraiser Paladin": 1900, "The Dross Pits": 2819, "The Hunter Maze": 2832, "At Knifepoint": 141, "Fanatical Firebrand": 935, "Hellspur Brute": 1315, "Vial Smasher, Gleeful Grenadier": 3162, "Caught in the Crossfire_SB": 423, "Mourner's Surprise_SB": 1858, "Scales of Shale_SB": 2389, "Seize the Secrets": 2445, "Soured Springs": 2594, "Keen-Eyed Curator_SB": 1539, "Unflinching Courage": 3052, "Sanguine Evangelist_SB": 2368, "Virtue of Loyalty_SB": 3178, "Clay-Fired Bricks": 492, "Sandstorm Salvager": 2364, "Dreamdew Entrancer_SB": 762, "Werefox Bodyguard": 3249, "Autonomous Assembler": 154, "Etali's Favor": 877, "Quintorius Kand": 2144, "Caretaker's Talent_SB": 400, "Luminous Rebuke_SB": 1701, "Massacre Wurm": 1756, "The Enigma Jewel": 2824, "Felidar Retreat_SB": 982, "Hired Claw_SB": 1359, "Kayla's Command_SB": 1536, "Starfall Invocation_SB": 2652, "Stalactite Stalker": 2646, "Spinner of Souls_SB": 2622, "Gisa, the Hellraiser_SB": 1146, "Dust Animus": 783, "Defabricate_SB": 650, "Steel Seraph_SB": 2666, "Dust Animus_SB": 784, "Get Out_SB": 1117, "Gumdrop Poisoner_SB": 1251, "Jace Reawakened_SB": 1487, "Archangel of Tithes_SB": 100, "Demonic Counsel_SB": 666, "Song of Totentanz_SB": 2575, "Warleader's Call_SB": 3234, "Callous Sell-Sword_SB": 383, "Shrouded Shepherd_SB": 2500, "Anointed Peacekeeper": 85, "Phyrexian Censor_SB": 2048, "Rat Out": 2184, "Bitter Reunion_SB": 224, "Canonized in Blood": 390, "Cemetery Recruitment": 437, "Diregraf Ghoul": 695, "Hungry Ghoul": 1386, "Mephitic Draught": 1774, "Offer Immortality": 1939, "Sanguine Syphoner": 2370, "Skeleton Archer": 2522, "Vampiric Rites": 3137, "Archdruid's Charm": 103, "The Rollercrusher Ride": 2855, "Grievous Wound": 1232, "Funeral Room // Awakening Hall_SB": 1080, "Rise of the Dark Realms_SB": 2289, "Seize the Spoils": 2446, "Raucous Carnival_SB": 2190, "Curious Forager": 598, "The Mycotyrant": 2851, "Thornvault Forager": 2889, "Agatha's Soul Cauldron_SB": 34, "Sporogenic Infection_SB": 2634, "Scorn-Blade Berserker": 2405, "Imperious Perfect_SB": 1408, "Sandstorm Salvager_SB": 2365, "Tough Cookie_SB": 2972, "Urborg Repossession_SB": 3091, "Temple of Enlightenment": 2789, "Ezrim, Agency Chief_SB": 913, "Fumigate_SB": 1078, "Valkyrie's Call_SB": 3119, "Fortified Beachhead": 1053, "Harbin, Vanguard Aviator": 1266, "Skystrike Officer": 2547, "Valiant Veteran": 3118, "Zephyr Sentinel": 3312, "Urza, Lord Protector": 3106, "Cruel Somnophage": 576, "Molten Duplication": 1828, "Restless Bivouac_SB": 2260, "Diabolic Intent": 691, "Fauna Shaman": 943, "Lively Dirge_SB": 1662, "Blast Zone": 235, "Blossoming Tortoise": 268, "Cavernous Maw": 432, "Forgotten Monument": 1050, "Titania's Command": 2947, "Herbology Instructor": 1325, "Unidentified Hovership_SB": 3059, "Take Up the Shield_SB": 2765, "Vadmir, New Blood": 3107, "Arabella, Abandoned Doll_SB": 89, "Temple of Mystery": 2793, "Timely Interference": 2933, "Vesuvan Duplimancy": 3157, "Dive Down_SB": 716, "Scrawling Crawler_SB": 2411, "Hollow Marauder": 1363, "Huskburster Swarm": 1392, "Overwhelming Remorse": 1997, "Stubborn Burrowfiend": 2702, "Writhing Necromass": 3298, "Dryad Militant_SB": 774, "Mockingbird_SB": 1822, "Chandra, Hope's Beacon_SB": 451, "Bristlebud Farmer": 336, "Charred Foyer && Warped Space_SB": 463, "Akawalli, the Seething Tower": 47, "Absolving Lammasu_SB": 6, "Dollmaker's Shop // Porcelain Gallery_SB": 725, "Coruscation Mage_SB": 557, "Fblthp, Lost on the Range": 945, "Weakstone's Subjugation": 3241, "Fblthp, Lost on the Range_SB": 946, "Proft's Eidetic Memory_SB": 2113, "Weakstone's Subjugation_SB": 3242, "Think Twice": 2875, "Micromancer_SB": 1783, "Bruse Tarl, Roving Rancher": 350, "Bottomless Pool && Locker Room": 295, "Tithing Blade_SB": 2952, "Hidetsugu's Second Rite_SB": 1349, "The Swarmweaver_SB": 2867, "Invasion of Karsus_SB": 1461, "Mirror Room && Fractured Realm_SB": 1802, "Sword of Wealth and Power_SB": 2753, "Wildfire Howl_SB": 3260, "Zurgo and Ojutai_SB": 3329, "Mabel, Heir to Cragflame_SB": 1713, "Halo Forager_SB": 1261, "Soulstone Sanctuary_SB": 2593, "Ballyrush Banneret": 172, "Myrel, Shield of Argive_SB": 1872, "Siege Veteran_SB": 2503, "Ezrim, Agency Chief": 912, "Karn, Living Legacy": 1526, "Metropolis Reformer": 1780, "Omnivorous Flytrap": 1953, "Krenko's Buzzcrusher_SB": 1588, "Final Vengeance_SB": 1007, "Blood Spatter Analysis": 250, "Kellan, Inquisitive Prodigy": 1545, "Silverback Elder_SB": 2512, "Breeches, Eager Pillager": 325, "Rundvelt Hordemaster": 2338, "Urborg Lhurgoyf": 3089, "Branchblight Stalker": 310, "Experimental Augury": 897, "Gitaxian Anatomist": 1147, "Goliath Hatchery": 1201, "Ichorspit Basilisk": 1397, "Lakeside Shack": 1602, "Maze's Mantle": 1761, "Meat Locker // Drowned Diner": 1764, "Mesmerizing Dose": 1775, "Paladin of Predation": 2012, "Plague Nurse": 2073, "Reject Imperfection": 2235, "Serum Snare": 2457, "Tainted Observer": 2764, "Tangled Islet": 2773, "Thrummingbird": 2920, "Tyrranax Atrocity": 3022, "Venomous Brutalizer": 3154, "Viral Spawning": 3172, "Vivisurgeon's Insight": 3187, "Angelic Intervention": 70, "Awaken the Woods": 158, "Omenpath Journey": 1951, "Poison Dart Frog": 2082, "Rampaging Baloths": 2177, "Break the Spell_SB": 324, "Migloz, Maze Crusher_SB": 1788, "Under the Skin": 3043, "Seraphic Steed": 2454, "Meticulous Excavation_SB": 1779, "Raging Battle Mouse": 2159, "Loran's Escape_SB": 1688, "Seeker's Folly_SB": 2444, "Realmbreaker, the Invasion Tree": 2205, "Murky Sewer": 1869, "Might of the Meek_SB": 1787, "Undead Sprinter_SB": 3042, "Deeproot Pilgrimage": 647, "Mistway Spy": 1818, "Vodalian Hexcatcher": 3189, "Crystal Grotto": 591, "Invasion of Kaldheim": 1459, "Pia Nalaar, Consul of Revival": 2057, "Doomsday Excruciator_SB": 730, "Gwenna, Eyes of Gaea": 1252, "Halana and Alena, Partners": 1255, "Inga and Esika": 1419, "Melira, the Living Cure": 1769, "Myrel, Shield of Argive": 1871, "Elesh Norn_SB": 817, "Hajar, Loyal Bodyguard_SB": 1254, "Surrak and Goreclaw_SB": 2736, "Getaway Glamer_SB": 1119, "Bottomless Pool // Locker Room": 297, "Darkstar Augur": 613, "Necrogen Communion": 1881, "Vraska Joins Up": 3210, "Thirsting Roots_SB": 2880, "Guardian of New Benalia": 1245, "Pest Control": 2035, "Heraldic Banner": 1323, "Defiled Crypt // Cadaver Lab_SB": 658, "Heraldic Banner_SB": 1324, "Karn's Sylex_SB": 1525, "The Stone Brain": 2863, "Decadent Dragon_SB": 641, "Vein Ripper": 3146, "Viashino Pyromancer_SB": 3164, "Aegis Turtle": 19, "Ivy, Gleeful Spellthief_SB": 1482, "Venerated Rotpriest_SB": 3149, "Jaya, Fiery Negotiator": 1492, "Grabby Giant": 1208, "Rite of the Dragoncaller": 2292, "Hulking Raptor": 1385, "Pugnacious Hammerskull": 2126, "Sword of Once and Future": 2750, "Battlefly Swarm": 199, "Seal from Existence": 2421, "Broodspinner": 344, "Ghalta, Stampede Tyrant": 1124, "Solemn Simulacrum": 2571, "Invasion of Amonkhet_SB": 1451, "Beastie Beatdown": 203, "Annie Joins Up": 79, "Huatli, Poet of Unity": 1382, "Maha, Its Feathers Night_SB": 1727, "Thalia and The Gitrog Monster": 2811, "Surgical Suite && Hospital Room_SB": 2732, "Silver Scrutiny": 2510, "Island_SB": 1479, "Entity Tracker_SB": 857, "Rebel Salvo_SB": 2209, "Aether Channeler": 21, "Defiled Crypt && Cadaver Lab": 655, "Exuberant Fuseling": 911, "Thundertrap Trainer_SB": 2930, "Abuelo's Awakening": 9, "Kitsa, Otterball Elite_SB": 1564, "Rona, Herald of Invasion_SB": 2322, "Unnerving Grasp_SB": 3067, "Undead Sprinter": 3041, "Conspiracy Unraveler": 536, "Matzalantli, the Great Door": 1758, "Reenact the Crime": 2226, "Demonic Ruckus_SB": 672, "Impact Tremors_SB": 1406, "Cultivator's Caravan": 593, "Kona, Rescue Beastie": 1581, "Scene of the Crime": 2400, "Cankerbloom_SB": 389, "Adaptive Automaton": 16, "Three Tree Mascot": 2912, "Fear of Surveillance": 961, "High Noon": 1350, "Coveted Falcon_SB": 567, "Wishclaw Talisman_SB": 3274, "Smuggler's Surprise_SB": 2565, "Kambal, Profiteering Mayor": 1520, "Kaya, Spirits' Justice_SB": 1534, "Blasphemous Edict": 233, "Drown in Ichor": 770, "Whisper of the Dross": 3252, "Vraska's Fall_SB": 3212, "Defiler of Flesh": 660, "Garruk's Uprising": 1098, "Zul Ashur, Lich Lord": 3326, "Kraul Whipcracker_SB": 1585, "Muerra, Trash Tactician": 1861, "Invasion of Theros": 1467, "Oko, the Ringleader_SB": 1947, "Case of the Gateway Express_SB": 410, "Swooping Lookout": 2747, "Quick Draw_SB": 2142, "Palani's Hatcher": 2013, "Temple of Abandon": 2787, "Blasphemous Edict_SB": 234, "At Knifepoint_SB": 142, "Monstrous Rage_SB": 1844, "Kellan's Lightblades_SB": 1543, "Insatiable Avarice": 1428, "Wilt-Leaf Liege_SB": 3265, "Lifecreed Duo": 1641, "Recruitment Officer_SB": 2220, "Time Stop": 2931, "Crumb and Get It": 581, "Slaughter Singer": 2550, "The Seedcore": 2857, "Fleeting Flight_SB": 1022, "Trash the Town_SB": 2986, "Skrelv, Defector Mite_SB": 2531, "Agrus Kos, Spirit of Justice": 37, "Hauntwoods Shrieker": 1290, "Annie Flash, the Veteran_SB": 78, "Defiled Crypt && Cadaver Lab_SB": 656, "Lunar Convocation": 1703, "Mechanized Warfare": 1767, "Bottomless Pool // Locker Room_SB": 298, "The Princess Takes Flight_SB": 2852, "Anim Pakal, Thousandth Moon_SB": 73, "Mischievous Mystic": 1805, "Restless Reef_SB": 2266, "One with the Multiverse": 1955, "Walk with the Ancestors": 3222, "Meathook Massacre II_SB": 1766, "Thundering Falls_SB": 2926, "Repulsive Mutation": 2246, "Sylvan Scavenging_SB": 2756, "Razorkin Needlehead": 2195, "Dreadmaw's Ire_SB": 759, "Highway Robbery_SB": 1355, "Intrepid Paleontologist": 1448, "Bolt Bend_SB": 273, "Wishclaw Talisman": 3273, "Vaultborn Tyrant_SB": 3144, "Feldon's Cane": 976, "Neutralize the Guards": 1889, "Treasure Map": 2988, "Ayli, Eternal Pilgrim": 162, "Disturbing Conversion": 712, "Shipwreck Dowser": 2485, "Abuelo's Awakening_SB": 10, "Builder's Talent_SB": 355, "Eerie Interference_SB": 801, "Founding the Third Path_SB": 1056, "Satoru, the Infiltrator": 2374, "Wilt-Leaf Liege": 3264, "Charge of the Mites": 459, "Expel the Interlopers": 895, "Binding Negotiation": 217, "Vraska, the Silencer": 3217, "Obstinate Baloth": 1935, "Bramble Familiar": 307, "Felonious Rage_SB": 988, "Sphinx of the Final Word_SB": 2615, "Rip, Spawn Hunter": 2286, "Funeral Room // Awakening Hall": 1079, "Outlaw Medic": 1974, "Legion Extruder": 1619, "Thousand Moons Smithy_SB": 2898, "Blightbelly Rat": 243, "Unnatural Restoration": 3064, "Carnivorous Canopy_SB": 402, "Whisper of the Dross_SB": 3253, "Dawn's Truce_SB": 618, "Dowsing Device": 738, "Gleaming Geardrake": 1169, "Saheeli, Filigree Master": 2358, "The Mycosynth Gardens": 2850, "Saheeli, Filigree Master_SB": 2359, "Scrawling Crawler": 2410, "Hollow Scavenger": 1365, "Archdruid's Charm_SB": 104, "Case of the Ransacked Lab": 414, "The Surgical Bay": 2865, "The Tale of Tamiyo": 2868, "Imprisoned in the Moon_SB": 1409, "Inquisitive Glimmer_SB": 1427, "Refute_SB": 2228, "Hugs, Grisly Guardian": 1383, "Kogla and Yidaro": 1574, "Karumonix, the Rat King": 1530, "Persistent Marshstalker": 2034, "Argentum Masticore": 113, "Hall of Tagsin": 1258, "Hedron Archive": 1311, "Tomakul Honor Guard": 2962, "Gaea's Gift": 1088, "Trash the Town": 2985, "Untimely Malfunction": 3078, "Argentum Masticore_SB": 114, "Choking Miasma": 471, "Bite Down": 221, "Bite Down_SB": 222, "Captain Storm, Cosmium Raider": 394, "Corsair Captain": 555, "Malcolm, the Eyes": 1734, "Staunch Crewmate": 2659, "Lost Jitte_SB": 1692, "Niv-Mizzet, Supreme": 1905, "Blazing Crescendo_SB": 239, "Leonin Vanguard_SB": 1625, "Ruin-Lurker Bat_SB": 2335, "The Millennium Calendar_SB": 2848, "Veteran Survivor_SB": 3160, "Corrupted Conviction_SB": 554, "Deadly Brew_SB": 629, "Lich-Knights' Conquest": 1639, "Cheeky House-Mouse_SB": 467, "Dryad Militant": 773, "Trostani, Three Whispers": 2997, "Kutzil, Malamet Exemplar_SB": 1598, "Contagious Vorrac": 539, "Necrogen Rotpriest": 1882, "Armored Scrapgorger_SB": 123, "Forest_SB": 1048, "Invasion of Fiora_SB": 1455, "Malcolm, Alluring Scoundrel_SB": 1733, "Churning Reservoir": 476, "Magmatic Sprinter": 1723, "Sardian Cliffstomper": 2371, "Solphim, Mayhem Dominus": 2573, "The Monumental Facade": 2849, "Churning Reservoir_SB": 477, "Magmatic Sprinter_SB": 1724, "Monastery Swiftspear_SB": 1839, "Sardian Cliffstomper_SB": 2372, "Brazen Collector": 318, "Generous Plunderer": 1109, "Ojer Axonil, Deepest Might": 1942, "Trial of Agony": 2991, "Zoyowa's Justice": 3325, "Ancestors' Aid_SB": 64, "Leyline of Resonance_SB": 1633, "Slickshot Show-Off_SB": 2558, "Gaea's Gift_SB": 1089, "Give In to Violence_SB": 1149, "Scrapwork Mutt": 2409, "Cityscape Leveler_SB": 483, "Nahiri's Resolve_SB": 1875, "Back for Seconds": 166, "Eriette's Tempting Apple": 862, "Experimental Confectioner": 898, "Feed the Cauldron": 969, "Gingerbread Hunter": 1143, "Greta, Sweettooth Scourge": 1231, "Mintstrosity": 1796, "Return from the Wilds": 2277, "Scream Puff": 2412, "Spider Food": 2616, "Sweettooth Witch": 2742, "Three Bowls of Porridge": 2908, "Candy Grapple_SB": 386, "Fell_SB": 985, "Murder_SB": 1867, "Sugar Rush_SB": 2706, "Obyra, Dreaming Duelist": 1937, "Repel Calamity_SB": 2245, "Delney, Streetwise Lookout": 661, "No Witnesses": 1910, "Stroke of Midnight": 2699, "Pile On": 2063, "Call a Surprise Witness": 381, "Micromancer": 1782, "Daggerfang Duo": 607, "Deathbloom Gardener": 635, "Hoarding Recluse": 1362, "Maha, Its Feathers Night": 1726, "Massacre Girl, Known Killer": 1754, "Moonstone Harbinger": 1849, "Pestilent Syphoner": 2037, "Ygra, Eater of All": 3304, "Drown in Ichor_SB": 771, "Ghired, Mirror of the Wilds": 1125, "Rakdos, the Muscle": 2167, "Massacre Girl, Known Killer_SB": 1755, "Rakdos Joins Up_SB": 2165, "Rakdos, the Muscle_SB": 2168, "Ghalta and Mavren": 1121, "Hide in Plain Sight": 1345, "Manifest Dread": 1738, "Progenitus": 2115, "Threats Around Every Corner": 2906, "Crystal Barricade": 589, "Green Sun's Twilight_SB": 1226, "Break Down the Door": 321, "Bubble Smuggler": 353, "Cryptid Inspector": 588, "Cursed Windbreaker": 601, "Exit Specialist": 891, "Growing Dread": 1238, "Oblivious Bookworm": 1933, "Polukranos Reborn_SB": 2088, "Hazardroot Herbalist": 1294, "Head of the Homestead": 1297, "Rabbit Response": 2146, "Treeguard Duo": 2989, "Uncharted Haven": 3039, "Warren Elder": 3235, "Head of the Homestead_SB": 1298, "Grab the Prize_SB": 1207, "Stroke of Midnight_SB": 2700, "Hellspur Posse Boss": 1317, "Magda, the Hoardmaster": 1719, "Cynical Loner_SB": 606, "Hellspur Brute_SB": 1316, "Astor, Bearer of Blades": 139, "Bladehold War-Whip": 231, "Kellan, the Fae-Blooded": 1549, "Kemba, Kha Enduring": 1551, "Rebel Salvo": 2208, "Swiftfoot Boots": 2744, "Sword of Forge and Frontier": 2748, "Astor, Bearer of Blades_SB": 140, "Consuming Aberration": 538, "Hidetsugu and Kairi": 1347, "Knight of Dusk's Shadow": 1567, "No One Left Behind_SB": 1909, "Botanical Brawler": 293, "Dusk Legion Duelist": 780, "Railway Brawler": 2160, "Stocking the Pantry": 2676, "Tribute to the World Tree": 2993, "Collector's Cage_SB": 512, "Dragonmaster Outcast": 749, "Evolved Sleeper": 887, "Friendly Teddy": 1066, "Consumed by Greed_SB": 537, "Rankle's Prank_SB": 2183, "Hop to It_SB": 1370, "Fae Flight_SB": 920, "Vorinclex": 3205, "Barkform Harvester": 186, "Rampaging Spiketail": 2179, "Rush of Dread_SB": 2345, "Magebane Lizard": 1720, "Final Flourish_SB": 1003, "Time Stop_SB": 2932, "Infectious Inquiry_SB": 1416, "Unnatural Restoration_SB": 3065, "Taii Wakeen, Perfect Shot": 2760, "Unruly Catapult": 3068, "Glassworks // Shattered Yard_SB": 1166, "Samut, Vizier of Naktamun": 2361, "Tribute to the World Tree_SB": 2994, "Hulking Metamorph": 1384, "Rest in Peace": 2255, "Surge Engine_SB": 2727, "Fake Your Own Death": 931, "Invasion of Ergamon": 1454, "Beastie Beatdown_SB": 204, "Break Out_SB": 323, "Ego Drain_SB": 803, "Hearthborn Battler_SB": 1309, "Vengeful Possession": 3151, "Rabid Gnaw_SB": 2148, "Repair and Recharge": 2244, "Step Between Worlds_SB": 2668, "Hexgold Halberd": 1338, "Skyfisher Spider_SB": 2541, "Kroxa and Kunoros": 1590, "Festerleech": 992, "Fallaji Archaeologist_SB": 933, "The Wandering Rescuer_SB": 2871, "Felidar Cub": 979, "Oracle of Tragedy": 1961, "Tarrian's Journal": 2775, "Dusk Rose Reliquary_SB": 782, "Felidar Cub_SB": 980, "Knight-Errant of Eos_SB": 1572, "Ruthless Lawbringer_SB": 2348, "Detective's Satchel": 684, "Torch the Witness": 2967, "Worldwalker Helm": 3289, "Forensic Gadgeteer_SB": 1045, "Ice Out_SB": 1394, "Evolving Adaptive": 888, "Garruk's Uprising_SB": 1099, "Chart a Course_SB": 465, "Johann's Stopgap_SB": 1503, "Let's Play a Game_SB": 1627, "Roaming Throne_SB": 2303, "Surgical Suite && Hospital Room": 2731, "Quintorius Kand_SB": 2145, "Shrouded Shepherd": 2499, "Wandertale Mentor": 3224, "Vodalian Mindsinger_SB": 3190, "Soul Search": 2581, "Bonehoard Dracosaur_SB": 279, "Llanowar Elves_SB": 1665, "Ragged Playmate": 2157, "Trapped in the Screen": 2983, "Fear of Surveillance_SB": 962, "Grand Entryway // Elegant Rotunda_SB": 1214, "Norin, Swift Survivalist_SB": 1913, "Ragged Playmate_SB": 2158, "Take for a Ride_SB": 2766, "Mosswood Dreadknight_SB": 1855, "Think Twice_SB": 2876, "Fleeting Flight": 1021, "Boltwave_SB": 275, "Enduring Courage_SB": 838, "War Squeak_SB": 3226, "Spirebluff Canal_SB": 2624, "Chandra, Flameshaper_SB": 447, "Ajani, Sleeper Agent": 43, "Blazing Crescendo": 238, "Glimmerlight": 1172, "Ashnod's Harvester": 130, "Warhost's Frenzy": 3231, "Great Train Heist": 1220, "Geralf, the Fleshwright": 1112, "Geralf, the Fleshwright_SB": 1113, "Claim Jumper_SB": 486, "Mirrex_SB": 1801, "Tectonic Hazard": 2780, "Vraan, Executioner Thane": 3209, "Eaten Alive_SB": 795, "Rustler Rampage": 2346, "Wojek Investigator": 3286, "Recommission_SB": 2218, "Searslicer Goblin_SB": 2426, "Lost in the Maze_SB": 1694, "Stormchaser's Talent_SB": 2690, "Phyrexian Missionary": 2052, "Cactarantula": 373, "Ojer Pakpatiq, Deepest Epoch": 1944, "Disturbing Conversion_SB": 713, "Enduring Vitality_SB": 846, "Koth, Fire of Resistance": 1582, "Lithomantic Barrage": 1658, "All Will Be One": 51, "Into the Fire": 1443, "Invasion of Karsus": 1460, "Ob Nixilis, Captive Kingpin": 1929, "Sentinel of Lost Lore": 2450, "Audience with Trostani_SB": 148, "Leyline of the Void": 1637, "Virtue of Knowledge": 3175, "Surgical Suite // Hospital Room_SB": 2734, "Defiler of Dreams_SB": 659, "Balustrade Wurm": 174, "Cosmic Hunger": 558, "Ojer Kaslem, Deepest Growth": 1943, "Paranormal Analyst": 2015, "Vannifar, Evolved Enigma": 3142, "Fog Bank_SB": 1038, "Talion, the Kindly Lord_SB": 2771, "Wylie Duke, Atiin Hero": 3299, "Omen Hawker": 1949, "Valgavoth's Onslaught_SB": 3115, "Extraordinary Journey": 909, "Gold Pan": 1196, "Extraordinary Journey_SB": 910, "Nurturing Pixie_SB": 1924, "Moonshaker Cavalry": 1847, "Pearl of Wisdom": 2025, "Balemurk Leech": 170, "Bashful Beastie": 192, "Cackling Slasher": 371, "Defiant Survivor": 654, "Fear of the Dark": 963, "Flesh Burrower": 1025, "Give In to Violence": 1148, "Grasping Longneck": 1215, "Horrid Vigor": 1376, "Innocuous Rat": 1425, "Let's Play a Game": 1626, "Meathook Massacre II": 1765, "Wickerfolk Thresher": 3256, "Winter's Intervention": 3269, "Analyze the Pollen_SB": 62, "Bushwhack_SB": 369, "Mistbreath Elder_SB": 1815, "Polliwallop_SB": 2085, "Realmbreaker's Grasp_SB": 2204, "Stickytongue Sentinel_SB": 2671, "Treeguard Duo_SB": 2990, "Tumbleweed Rising_SB": 3000, "Leyline of Transformation": 1635, "Saheeli's Lattice": 2357, "Hopeless Nightmare_SB": 1373, "Etali, Primal Storm_SB": 880, "Corpses of the Lost_SB": 550, "Adamant Will": 15, "Goldvein Pick": 1199, "Moment of Triumph": 1832, "Pilfer": 2065, "Public Thoroughfare": 2125, "Roaming Throne": 2302, "Undying Malice": 3049, "Cancel_SB": 385, "Opt_SB": 1957, "Connecting the Dots_SB": 533, "Annihilating Glare": 81, "Fanatical Offering": 937, "Sword of Wealth and Power": 2752, "Makeshift Binding": 1730, "Dismal Backwater": 701, "Pelakka Wurm": 2028, "Extract a Confession_SB": 908, "Unauthorized Exit_SB": 3038, "Jump Scare_SB": 1509, "Progenitus_SB": 2116, "Harvestrite Host": 1282, "Cut Short_SB": 604, "Family Reunion_SB": 934, "Lassoed by the Law": 1603, "Mabel's Mettle": 1711, "Skulduggery": 2532, "Skulduggery_SB": 2533, "Minor Misstep": 1794, "Hopeful Vigil": 1371, "Central Elevator // Promising Stairs": 439, "Creeping Peeper": 574, "Dazzling Theater // Prop Room": 624, "Erratic Apparition": 865, "Fear of Abduction": 947, "Fear of Falling": 951, "Lionheart Glimmer": 1656, "Restricted Office // Lecture Hall": 2275, "Underwater Tunnel // Slimy Aquarium": 3048, "Stalked Researcher_SB": 2648, "Tunnel Surveyor_SB": 3004, "Archon of Cruelty": 109, "Bloodstained Mire": 258, "Brazen Borrower": 316, "Counterspell": 565, "Faithless Looting": 930, "Fatal Push": 941, "Force of Negation": 1041, "Misty Rainforest": 1819, "Persist": 2033, "Polluted Delta": 2086, "Psychic Frog": 2123, "Scalding Tarn": 2385, "Sink into Stupor": 2518, "Spell Snare": 2606, "Steam Vents": 2660, "Tamiyo, Inquisitive Student": 2772, "Thoughtseize": 2895, "Unearth": 3050, "Watery Grave": 3239, "Consign to Memory_SB": 535, "Fable of the Mirror-Breaker_SB": 915, "Harbinger of the Seas_SB": 1268, "Nihil Spellbomb_SB": 1898, "Stern Scolding_SB": 2670, "Surgical Extraction_SB": 2730, "Ajani, Nacatl Pariah": 42, "Arena of Glory": 112, "Arid Mesa": 117, "Blood Crypt": 247, "Chained to the Rocks": 442, "Goblin Bombardment": 1186, "Godless Shrine": 1195, "Guide of Souls": 1247, "Marsh Flats": 1752, "Ocelot Pride": 1938, "Phelia, Exuberant Shepherd": 2041, "Phlage, Titan of Fire's Fury": 2042, "Sacred Foundry": 2353, "Seasoned Pyromancer": 2435, "Thraben Charm": 2899, "Chained to the Rocks_SB": 443, "Drannith Magistrate_SB": 754, "Obsidian Charmaw_SB": 1934, "Orim's Chant_SB": 1963, "Ragavan, Nimble Pilferer_SB": 2156, "Stony Silence_SB": 2682, "Wear // Tear_SB": 3243, "Wrath of the Skies_SB": 3290, "Blazing Rootwalla": 240, "Burning Inquiry": 361, "Detective's Phoenix": 683, "Flameblade Adept": 1013, "Goblin Lore": 1190, "Hollow One": 1364, "Lightning Bolt": 1643, "Stomping Ground": 2681, "Street Wraith": 2696, "Vengevine": 3153, "Wooded Foothills": 3287, "Cursed Totem_SB": 600, "Meltdown_SB": 1771, "Barbarian Ring": 184, "Eidolon of the Great Revel": 804, "Flare of Duplication": 1017, "Goblin Guide": 1189, "Lava Spike": 1609, "Rift Bolt": 2283, "Searing Blaze": 2423, "Skewer the Critics": 2524, "Skullcrack": 2536, "Sunbaked Canyon": 2711, "Ensnaring Bridge_SB": 852, "Faerie Macabre_SB": 925, "Smash to Smithereens_SB": 2560, "Amulet of Vigor": 58, "Arboreal Grazer": 93, "Boseiju, Who Endures": 291, "Crumbling Vestige": 583, "Dryad Arbor": 772, "Dryad of the Ilysian Grove": 775, "Echoing Deeps": 797, "Explore": 900, "Green Sun's Zenith": 1227, "Gruul Turf": 1243, "Hanweir Battlements": 1265, "Lotus Field": 1695, "Mirrorpool": 1804, "Otawara, Soaring City": 1970, "Primeval Titan": 2106, "Scapeshift": 2390, "Shifting Woodland": 2482, "Simic Growth Chamber": 2514, "Summoner's Pact": 2708, "Tolaria West": 2958, "Urza's Cave": 3100, "Urza's Saga": 3103, "Valakut, the Molten Pinnacle": 3108, "Vesuva": 3155, "Bojuka Bog_SB": 272, "Collector Ouphe_SB": 508, "Defense Grid_SB": 653, "Dismember_SB": 702, "Endurance_SB": 836, "Force of Vigor_SB": 1042, "Tireless Tracker_SB": 2942, "Vampires' Vengeance_SB": 3136, "Dwarven Mine": 787, "Fable of the Mirror-Breaker": 914, "Flooded Strand": 1026, "Indomitable Creativity": 1413, "Jetmir's Garden": 1496, "Prismatic Ending": 2109, "Wrenn and Six": 3294, "Xander's Lounge": 3300, "Boseiju, Who Endures_SB": 292, "Damping Sphere_SB": 610, "Hurkyl's Recall_SB": 1390, "Toxic Deluge_SB": 2973, "Cling to Dust": 496, "Harbinger of the Seas": 1267, "Murktide Regent": 1868, "Preordain": 2100, "Thought Scour": 2892, "Engineered Explosives_SB": 849, "Mystical Dispute_SB": 1874, "Spell Pierce_SB": 2605, "The Meathook Massacre_SB": 2845, "Orcish Bowmasters": 1962, "Galvanic Discharge": 1092, "Showdown of the Skalds_SB": 2497, "Thoughtseize_SB": 2896, "Den of the Bugbear": 673, "Devastating Summons": 686, "Foundry Street Denizen": 1057, "Goblin Bushwhacker": 1187, "Goblin Grenade": 1188, "Goblin Piledriver": 1192, "Legion Loyalist": 1621, "Mogg War Marshal": 1823, "Reckless Bushwhacker": 2210, "Skirk Prospector": 2525, "Sokenzan, Crucible of Defiance": 2570, "Blood Moon_SB": 249, "Magus of the Moon_SB": 1725, "Reality Hemorrhage_SB": 2202, "Shattering Spree_SB": 2471, "Tormod's Crypt_SB": 2969, "Ziatora's Proving Ground": 3317, "Terastodon_SB": 2800, "Veil of Summer_SB": 3145, "Consider": 534, "Graveyard Trespasser": 1216, "Exquisite Firecraft_SB": 902, "Searing Blood_SB": 2424, "Tunnel Ignus_SB": 3002, "Ragavan, Nimble Pilferer": 2155, "Showdown of the Skalds": 2496, "Static Prison": 2657, "Windswept Heath": 3267, "Fear, Fire, Foes!_SB": 964, "Vexing Bauble": 3161, "Colossal Skyturtle_SB": 519, "Generous Ent_SB": 1108, "Grist, the Hunger Tide_SB": 1237, "Hexdrinker_SB": 1337, "Giant Growth_SB": 1137, "Over the Edge_SB": 1979, "Poison Dart Frog_SB": 2083, "Slice from the Shadows": 2554, "Talion, the Kindly Lord": 2770, "Come Back Wrong": 522, "Glassworks // Shattered Yard": 1165, "Beamtown Beatstick": 201, "Celestial Armor": 436, "Diamond Pick-Axe": 692, "Sunfire Torch": 2717, "Carrot Cake_SB": 405, "Edgewall Inn": 800, "Cathartic Parting_SB": 422, "Goliath Hatchery_SB": 1202, "Grievous Wound_SB": 1233, "Balmor, Battlemage Captain": 173, "Bria, Riptide Rogue": 327, "Freeze in Place": 1062, "Relic's Roar": 2238, "Run Away Together_SB": 2336, "Scalding Viper_SB": 2387, "Hammerhand_SB": 1264, "Heartfire Hero_SB": 1302, "Inti, Seneschal of the Sun_SB": 1440, "Nettle Guard": 1887, "Pests of Honor": 2038, "Three Blind Mice": 2907, "Dauntless Dismantler_SB": 616, "Phoenix Chick_SB": 2044, "Sure Strike_SB": 2725, "Twinferno_SB": 3009, "Ancestors' Aid": 63, "Dwarven Forge-Chanter": 786, "Furious Bellow": 1081, "Ghitu Amplifier": 1126, "Heartfire Immolator": 1303, "Sure Strike": 2724, "Whiskerquill Scribe": 3251, "Brambleguard Captain": 309, "Defabricate": 649, "Fear of Burning Alive": 950, "Iron-Fist Pulverizer": 1476, "Johann, Apprentice Sorcerer": 1504, "Keldon Flamesage": 1540, "Kraum, Violent Cacophony": 1586, "Molten Tributary": 1829, "Nightwhorl Hermit": 1897, "Pyrotechnic Performer": 2134, "Razzle-Dazzler": 2201, "Snaremaster Sprite": 2568, "Stop Cold": 2683, "Thopter Mechanic": 2887, "Vesuvan Drifter": 3156, "Involuntary Cooldown_SB": 1472, "Kellan, Planar Trailblazer_SB": 1548, "Mishra's Command_SB": 1811, "Out of Air_SB": 1971, "Plan the Heist_SB": 2076, "Sleight of Hand_SB": 2553, "Trick Shot_SB": 2995, "Violent Urge_SB": 3171, "Harrier Strix": 1278, "The Filigree Sylex": 2828, "Gleaming Barrier": 1167, "Gleaming Barrier_SB": 1168, "Solemn Simulacrum_SB": 2572, "Hardened Escort": 1273, "Holy Cow": 1366, "Living Phone": 1663, "Unsettling Twins": 3069, "Feather of Flight_SB": 967, "Possessed Goat_SB": 2095, "Raccoon Rallier_SB": 2149, "Rogue's Passage_SB": 2314, "The Jolly Balloon Man_SB": 2839, "Unsettling Twins_SB": 3070, "Charge of the Mites_SB": 460, "Grand Abolisher": 1210, "Unnerving Grasp": 3066, "Halo Hopper": 1262, "Hellspur Posse Boss_SB": 1318, "Make Your Move_SB": 1728, "Fynn, the Fangbearer_SB": 1087, "Harbinger of the Tides": 1269, "Harbinger of the Tides_SB": 1270, "Bottomless Pool && Locker Room_SB": 296, "Pile On_SB": 2064, "Cat Collector": 419, "Growing Rites of Itlimoc": 1239, "Flowstone Infusion": 1036, "Season of Gathering": 2427, "Warren Warleader": 3236, "Horrid Vigor_SB": 1377, "Lionheart Glimmer_SB": 1657, "Omnivorous Flytrap_SB": 1954, "Seasoned Warrenguard_SB": 2437, "Into the Roil": 1446, "Into the Roil_SB": 1447, "Ayara, Widow of the Realm": 161, "Arachnoid Adaptation": 90, "Throw from the Saddle": 2919, "Longstalk Brawl_SB": 1680, "Thrill of Possibility_SB": 2917, "Feldon, Ronom Excavator": 978, "Roc Hunter": 2308, "Scalding Viper": 2386, "Adventuring Gear_SB": 18, "Fear of Being Hunted_SB": 949, "Trial of Agony_SB": 2992, "Vicious Clown_SB": 3166, "Jump Scare": 1508, "Niko, Light of Hope": 1899, "Stalked Researcher": 2647, "Tunnel Surveyor": 3003, "Fear of Isolation_SB": 957, "Splash Portal_SB": 2628, "Demonic Pact_SB": 670, "Ghostly Dancers": 1131, "Rite of the Dragoncaller_SB": 2293, "Valorous Stance": 3131, "Lodestone Needle": 1671, "Sawblade Skinripper_SB": 2381, "Zephyr Singer": 3313, "Bleachbone Verge": 241, "Ride's End": 2281, "Wastewood Verge": 3238, "Willowrush Verge": 3263, "Grim Bauble": 1235, "Momentum Breaker": 1834, "Oildeep Gearhulk": 1940, "Spell Pierce": 2604, "Oildeep Gearhulk_SB": 1941, "Outpace Oblivion_SB": 1976, "Intimidation Tactics": 1441, "Ketramose, the New Dawn": 1552, "Haunt the Network_SB": 1286, "Afterburner Expert": 26, "Draconautics Engineer": 739, "Dredger's Insight": 766, "Loot, the Pathfinder": 1683, "Molt Tender": 1825, "Restless Spire_SB": 2270, "Sunbillow Verge": 2712, "Debris Beetle": 638, "Vein Ripper_SB": 3147, "Thousand Moons Smithy": 2897, "Transmutation Font": 2982, "Braided Net_SB": 304, "Bartolom\u00e9 del Presidio_SB": 191, "Lunar Convocation_SB": 1704, "Valley Rotcaller_SB": 3126, "Defend the Rider": 651, "Hazoret, Godseeker": 1296, "Gleeful Demolition_SB": 1171, "Monument to Endurance": 1845, "Bloodghast": 254, "Cunning Coyote_SB": 595, "Broadside Barrage": 341, "Riverpyre Verge": 2301, "Scrounging Skyray": 2417, "Fuel the Flames_SB": 1073, "Bounce Off": 300, "Chandra, Spark Hunter": 452, "Brightglass Gearhulk": 330, "Overgrown Zealot": 1982, "Transit Mage": 2981, "Boosted Sloop": 287, "Captain Howler, Sea Scourge": 392, "Fearless Swashbuckler": 965, "Lifecraft Engine": 1640, "Marauding Mako": 1746, "Unctus, Grand Metatect": 3040, "Playful Shove": 2078, "Lightwheel Enhancements": 1648, "Momentum Breaker_SB": 1835, "Perilous Snare": 2031, "Repurposing Bay": 2248, "Spectacular Pileup": 2597, "Perilous Snare_SB": 2032, "Red Sun's Twilight_SB": 2221, "Nesting Bot": 1886, "Voyager Glidecar": 3207, "Chandra, Spark Hunter_SB": 453, "Coiling Rebirth_SB": 504, "Intimidation Tactics_SB": 1442, "Collision Course_SB": 516, "Mishra, Claimed by Gix": 1813, "Phyrexian Dragon Engine": 2049, "The Aetherspark_SB": 2814, "Invasion of Mercadia": 1462, "Sazacap's Brew": 2384, "Bounce Off_SB": 301, "Broadside Barrage_SB": 342, "Webstrike Elite": 3246, "Webstrike Elite_SB": 3247, "Bloated Contaminator_SB": 246, "Melira, the Living Cure_SB": 1770, "Gastal Thrillroller_SB": 1104, "Claim Jumper": 485, "Starscape Cleric_SB": 2654, "Caelorna, Coral Tyrant_SB": 374, "Grim Bauble_SB": 1236, "Heliod, the Radiant Dawn": 1314, "Twinblade Blessing": 3007, "Quag Feast": 2137, "Amonkhet Raceway": 57, "Gas Guzzler": 1100, "The Speed Demon": 2860, "Soul of Windgrace": 2583, "Debris Beetle_SB": 639, "Pit Automaton": 2069, "Visage of Dread": 3183, "Aether Syphon_SB": 23, "The Last Ride_SB": 2843, "Visage of Dread_SB": 3184, "Thunderous Velocipede": 2927, "Riverchurn Monument": 2298, "Stock Up": 2674, "Expel the Interlopers_SB": 896, "Flotsam // Jetsam_SB": 1031, "Burnout Bashtronaut": 363, "Count on Luck_SB": 564, "Optimistic Scavenger_SB": 1959, "Overlord of the Hauntwoods_SB": 1990, "Explosive Derailment_SB": 901, "Memory Guardian": 1772, "Mendicant Core, Guidelight": 1773, "Diversion Unit_SB": 718, "Greasewrench Goblin": 1218, "Say Its Name_SB": 2383, "Spectral Interference_SB": 2602, "Agonasaur Rex": 35, "Sandstalker Moloch_SB": 2362, "Howlsquad Heavy": 1380, "Diversion Unit": 717, "Esoteric Duplicator": 872, "Riptide Gearhulk": 2287, "Voyage Home": 3206, "Monument to Endurance_SB": 1846, "Mu Yanling, Wind Rider": 1859, "The Aetherspark": 2813, "Gastal Thrillroller": 1103, "Mishra's Command": 1810, "Conduit of Worlds_SB": 530, "Tomik, Wielder of Law_SB": 2964, "Gastal Thrillseeker": 1105, "The Last Ride": 2842, "Ancient Vendetta_SB": 67, "The Speed Demon_SB": 2861, "Defend the Rider_SB": 652, "Lumbering Worldwagon": 1698, "Overrun": 1995, "Mindspring Merfolk": 1793, "Restless Anchorage_SB": 2258, "Engine Rat": 847, "Gonti, Night Minister": 1203, "Teysa, Opulent Oligarch": 2810, "Gumdrop Poisoner": 1250, "Muraganda Raceway": 1865, "Demonic Junker": 667, "Nexus of Becoming": 1892, "Zephyr Singer_SB": 3314, "Ratadrabik of Urborg": 2186, "Spectacular Pileup_SB": 2598, "Full Throttle_SB": 1076, "Loot, the Key to Everything_SB": 1682, "Loot, the Pathfinder_SB": 1684, "Painful Quandary_SB": 2005, "Lassoed by the Law_SB": 1604, "Ride's End_SB": 2282, "Thalia and The Gitrog Monster_SB": 2812, "Zahur, Glory's Past": 3311, "Spring-Loaded Sawblades_SB": 2636, "Unstable Glyphbridge_SB": 3072, "Urza's Command_SB": 3101, "Dive Down": 715, "Third Path Iconoclast_SB": 2878, "Far Fortune, End Boss": 939, "Coalstoke Gearhulk_SB": 500, "Leaf-Crowned Visionary_SB": 1616, "Mossborn Hydra_SB": 1853, "Overrun_SB": 1996, "Wardens of the Cycle_SB": 3230, "Ashiok, Wicked Manipulator_SB": 129, "Basri, Tomorrow's Champion": 196, "Skyseer's Chariot_SB": 2545, "Ancient Vendetta": 66, "Sword of Forge and Frontier_SB": 2749, "Locust Spray": 1670, "Blast Zone_SB": 236, "Become Brutes": 205, "The Elder Dragon War_SB": 2821, "Caradora, Heart of Alacria": 396, "Skyseer's Chariot": 2544, "Valor's Flagship": 3129, "Veteran Beastrider": 3158, "Veteran Survivor": 3159, "Dropkick Bomber": 769, "Kellan, Inquisitive Prodigy_SB": 1546, "Quag Feast_SB": 2138, "Invasion of Regatha_SB": 1464, "Regal Imperiosaur": 2233, "The Skullspore Nexus": 2858, "Intrepid Paleontologist_SB": 1449, "Ketramose, the New Dawn_SB": 1553, "Bringer of the Last Gift": 335, "Skitterbeam Battalion": 2527, "Terisian Mindbreaker": 2801, "Tyrox, Saurid Tyrant": 3021, "Voyager Glidecar_SB": 3208, "Fuel the Flames": 1072, "Skycrash": 2538, "Thopter Fabricator_SB": 2886, "Gastal Raider_SB": 1102, "Shoreline Looter": 2495, "Engine Rat_SB": 848, "Rampaging Raptor": 2178, "Agonasaur Rex_SB": 36, "Jodah, the Unifier_SB": 1501, "Essence Channeler_SB": 874, "Lunar Insight": 1705, "Coalstoke Gearhulk": 499, "Visage Bandit": 3182, "Waxen Shapethief": 3240, "Dune Drifter": 777, "Threadbind Clique": 2905, "Twining Twins": 3011, "Goldvein Hydra_SB": 1198, "Boommobile": 283, "Forging the Anchor": 1049, "Radiant Lotus": 2151, "The Mightstone and Weakstone_SB": 2847, "Boommobile_SB": 284, "Radiant Lotus_SB": 2152, "Bloodthorn Flail": 261, "Flamewake Phoenix": 1015, "Cryptcaller Chariot_SB": 585, "Spiteful Hexmage_SB": 2626, "Riverchurn Monument_SB": 2299, "Riptide Gearhulk_SB": 2288, "Volley Veteran": 3200, "Clamorous Ironclad": 489, "Furnace Host Charger": 1082, "Alania, Divergent Storm": 48, "Frolicking Familiar": 1067, "Wishing Well": 3275, "Resplendent Angel_SB": 2253, "Cephalopod Sentry": 440, "Tinker's Tote": 2935, "Thopter Fabricator": 2885, "Haunt the Network": 1285, "Sorcerous Spyglass": 2577, "Demonic Junker_SB": 668, "Redshift, Rocketeer Chief": 2225, "Halana and Alena, Partners_SB": 1256, "Valor's Flagship_SB": 3130, "Tocasia's Welcome_SB": 2957, "Stall Out": 2649, "Stall Out_SB": 2650, "Gloryheath Lynx": 1179, "Sovereign Okinec Ahau": 2595, "The Raven Man": 2853, "The Raven Man_SB": 2854, "Boom Box": 282, "Broadcast Rambler": 340, "Conduit of Worlds": 529, "Possession Engine": 2096, "Broodheart Engine": 343, "Bat Colony": 197, "Calamitous Cave-In": 375, "Gargantuan Leech": 1094, "Hidden Courtyard": 1340, "Hidden Volcano": 1344, "Promising Vein": 2119, "Marketback Walker": 1750, "Sab-Sunen, Luxa Embodied": 2351, "Simian Simulacrum": 2513, "Sylvan Scavenging": 2755, "Leyline Binding_SB": 1630, "Bulwark Ox": 357, "Reluctant Role Model": 2239, "Reluctant Role Model_SB": 2240, "The Goose Mother": 2831, "Mold Adder_SB": 1824, "Marketback Walker_SB": 1751, "Burnout Bashtronaut_SB": 364, "Daretti, Rocketeer Engineer": 611, "Threefold Thunderhulk": 2914, "Tune Up": 3001, "Meteor Golem_SB": 1777, "Gastal Raider": 1101, "Oviya, Automech Artisan": 2001, "Market Gnome_SB": 1749, "The Skullspore Nexus_SB": 2859, "Cosmium Confluence": 561, "Festival of Embers": 993, "Hidden Nursery": 1343, "Skycrash_SB": 2539, "Nexus of Becoming_SB": 1893, "Akal Pakal, First Among Equals_SB": 46, "Collector's Vault_SB": 514, "Thran Spider_SB": 2902, "Sab-Sunen, Luxa Embodied_SB": 2352, "Earthrumbler": 792, "Deepfathom Echo": 646, "Forensic Researcher": 1046, "Oko, the Ringleader": 1946, "Chitin Gravestalker": 470, "Starving Revenant_SB": 2655, "Steamcore Scholar_SB": 2662, "Ojer Pakpatiq, Deepest Epoch_SB": 1945, "Lavaspur Boots_SB": 1611, "Thunderous Velocipede_SB": 2928, "Fear of Infinity_SB": 955, "Stock Up_SB": 2675, "Dredger's Insight_SB": 767, "Fauna Shaman_SB": 944, "Sunder the Gateway": 2713, "Overwhelming Remorse_SB": 1998, "Barrow Naughty": 188, "Drag the Canal": 740, "Faerie Slumber Party": 928, "Mocking Sprite": 1820, "Spellscorn Coven": 2611, "Talion's Messenger": 2768, "Coerced to Kill": 502, "Etrata, Deadly Fugitive": 885, "Unstoppable Plan_SB": 3073, "Hoarding Broodlord": 1361, "Shadow-Rite Priest": 2461, "Training Grounds": 2976, "Nahiri's Warcrafting_SB": 1876, "Baral and Kari Zev": 183, "Enigma Drake": 850, "Eroded Canyon": 863, "Brightfield Glider": 329, "Congregation Gryff": 532, "Giant Beaver": 1133, "Lagorin, Soul of Alacria": 1600, "Miriam, Herd Whisperer": 1798, "Ornery Tumblewagg": 1964, "Trained Arynx": 2975, "Run Over_SB": 2337, "Reject Imperfection_SB": 2236, "Vivisurgeon's Insight_SB": 3188, "Night Market": 1895, "Stockpiling Celebrant": 2677, "Carrion Locust_SB": 403, "Skullcap Snail_SB": 2535, "Stockpiling Celebrant_SB": 2678, "Akal Pakal, First Among Equals": 45, "Forensic Gadgeteer": 1044, "Deduce_SB": 643, "Wreck Remover_SB": 3291, "Brave the Wilds": 315, "Fountainport Bell": 1059, "Guidelight Optimizer": 1248, "Oaken Siren": 1926, "Machine Over Matter_SB": 1715, "Armored Scrapgorger": 122, "Spinewoods Paladin": 2620, "Malcator, Purity Overseer": 1731, "Phyrexian Missionary_SB": 2053, "Tranquil Cove_SB": 2978, "Crumb and Get It_SB": 582, "Exsanguinate_SB": 904, "Exsanguinate": 903, "Flame Lash": 1012, "Syr Ginger, the Meal Ender_SB": 2759, "Legion Extruder_SB": 1620, "Blightstep Pathway": 244, "Claim // Fame": 484, "Infuriate": 1418, "Kumano Faces Kakkazan": 1592, "Ramunap Ruins": 2180, "Reckless Rage": 2214, "Claim the Firstborn_SB": 488, "Fatal Push_SB": 942, "Grafdigger's Cage_SB": 1209, "Hazoret the Fervent_SB": 1295, "Bloodtithe Harvester": 262, "Extinction Event": 905, "Mutavault": 1870, "Urborg, Tomb of Yawgmoth": 3094, "Anger of the Gods_SB": 71, "Extinction Event_SB": 906, "Gifted Aetherborn_SB": 1138, "Invoke Despair_SB": 1471, "Unlicensed Hearse_SB": 3063, "Castle Locthwain": 418, "Clearwater Pathway": 493, "Field of Ruin": 995, "Geier Reach Sanitarium": 1107, "Hall of Storm Giants": 1257, "Hive of the Eye Tyrant": 1360, "Narset, Parter of Veils": 1877, "Omen of the Sea": 1950, "Paradoxical Outcome": 2014, "Shipwreck Marsh": 2486, "Takenuma, Abandoned Mire": 2767, "The Meathook Massacre": 2844, "Annul_SB": 82, "Ashiok, Dream Render_SB": 126, "Weathered Runestone_SB": 3245, "Yorion, Sky Nomad_SB": 3306, "Blade of the Oni": 229, "Go Blank_SB": 1183, "Hidetsugu Consumes All_SB": 1346, "Fetid Pools": 994, "Yorion, Sky Nomad": 3305, "Arclight Phoenix": 111, "Fiery Impulse": 1001, "Izzet Charm": 1484, "Lightning Axe": 1642, "Prismari Command": 2107, "Spikefield Hazard": 2617, "Stormcarved Coast": 2685, "Treasure Cruise": 2987, "Aether Gust_SB": 22, "Ledger Shredder": 1618, "Riverglide Pathway": 2300, "Brazen Borrower_SB": 317, "Prismari Command_SB": 2108, "Cragcrown Pathway": 568, "Soul-Scar Mage": 2586, "Redcap Melee_SB": 2222, "Cavalier of Thorns": 428, "Elvish Mystic": 829, "Kiora, Behemoth Beckoner": 1556, "Lair of the Hydra": 1601, "Leyline of the Guildpact": 1636, "Nykthos, Shrine to Nyx": 1925, "Oath of Nissa": 1928, "Old-Growth Troll": 1948, "Storm the Festival": 2684, "Ulvenwald Oddity": 3034, "Arasta of the Endless Web_SB": 92, "Emrakul, the Promised End_SB": 835, "Setessan Petitioner_SB": 2459, "Ashiok, Nightmare Muse_SB": 127, "Bishop of Wings": 220, "Branchloft Pathway": 311, "Cave of the Frost Dragon": 429, "Collected Company": 505, "Eiganjo, Seat of the Empire": 805, "Overgrown Farmland": 1980, "Portable Hole": 2090, "Resplendent Marshal": 2254, "Righteous Valkyrie": 2284, "Skyclave Apparition": 2537, "Temple Garden": 2786, "Archon of Absolution_SB": 108, "Brave the Elements_SB": 314, "Brutal Cathar_SB": 352, "Heroic Intervention_SB": 1334, "Reidane, God of the Worthy_SB": 2234, "Shapers' Sanctuary_SB": 2464, "Darksteel Citadel": 615, "Ensoul Artifact": 853, "Shrapnel Blast": 2498, "Smuggler's Copter": 2563, "Voldaren Epicure": 3197, "Rending Volley_SB": 2243, "Shadowspear_SB": 2462, "Voltage Surge_SB": 3201, "Krenko's Buzzcrusher": 1587, "Foreboding Ruins": 1043, "Invoke Despair": 1470, "Kroxa, Titan of Death's Hunger": 1591, "Kolaghan's Command_SB": 1577, "Collective Brutality": 506, "Faithful Mending": 929, "Greasefang, Okiba Boss": 1217, "Hallowed Fountain": 1259, "Parhelion II": 2016, "Raffine's Tower": 2154, "Shattered Sanctum": 2470, "Skysovereign, Consul Flagship": 2546, "Stubborn Denial": 2703, "Tainted Indulgence": 2763, "Vanishing Verse": 3140, "Deafening Silence_SB": 634, "Dovin's Veto_SB": 737, "Silence_SB": 2506, "Vanishing Verse_SB": 3141, "Breeding Pool": 326, "Enigmatic Incarnation": 851, "Indatha Triome": 1412, "Linvala, the Preserver": 1655, "Overgrown Tomb": 1981, "Savai Triome": 2375, "Spara's Headquarters": 2596, "Zagoth Triome": 3309, "Archon of Emeria_SB": 110, "Knockout Blow_SB": 1573, "Ruric Thar, the Unbowed_SB": 2343, "Thought Distortion_SB": 2891, "Cauldron Familiar": 424, "Claim the Firstborn": 487, "Deadly Dispute": 632, "Mayhem Devil": 1759, "Witch's Oven": 3279, "Ob Nixilis, the Adversary_SB": 1930, "Experimental Frenzy_SB": 899, "Bonecrusher Giant": 276, "Burning-Tree Emissary": 362, "Chandra, Torch of Defiance": 454, "Collision // Colossus": 515, "Gruul Spellbreaker": 1242, "Kami's Flare": 1523, "Pelt Collector": 2029, "Voltaic Brawler": 3202, "Zhur-Taa Goblin": 3316, "Bonecrusher Giant_SB": 277, "Chandra, Torch of Defiance_SB": 455, "Cindervines_SB": 479, "Kami's Flare_SB": 1524, "Roiling Vortex_SB": 2317, "Burner Rocket": 360, "Cloudspire Skycycle": 498, "Dynamite Diver": 791, "Guidelight Synergist": 1249, "Kolodin, Triumph Caster": 1578, "Count on Luck": 563, "Frenzied Goblin": 1063, "Doubling Season_SB": 735, "Fanatical Firebrand_SB": 936, "Howlsquad Heavy_SB": 1381, "Reckless Lackey_SB": 2213, "Rundvelt Hordemaster_SB": 2339, "District Mascot": 711, "Shivan Devastator": 2487, "Zimone, Paradox Sculptor": 3318, "Tyvar, the Pummeler_SB": 3031, "Zopandrel, Hunger Dominus_SB": 3322, "Aurelia, the Warleader": 150, "Gilded Ghoda": 1141, "Haunted Ridge": 1288, "Colossus Hammer": 520, "Eldritch Evolution": 808, "Mana Confluence": 1737, "Raffine's Informant": 2153, "Sigarda's Aid": 2504, "Soulflayer": 2588, "Sylvan Caryatid": 2754, "Bloodline Culling_SB": 257, "Collective Brutality_SB": 507, "Portable Hole_SB": 2091, "Barrier Breach_SB": 187, "Leyline of Sanctity_SB": 1634, "Dawnwing Marshal": 619, "Fear of Infinity": 954, "Furnace Punisher_SB": 1083, "Laughing Jasper Flint_SB": 1608, "Rocky Roads": 2311, "Lumbering Worldwagon_SB": 1699, "Cosmic Rebirth_SB": 560, "Goblin Oriflamme": 1191, "Drake Hatcher_SB": 752, "Eddymurk Crab_SB": 799, "Mondrak, Glory Dominus_SB": 1840, "Spectral Interference": 2601, "Ruthless Negotiation_SB": 2350, "Mimeoplasm, Revered One": 1790, "Map the Frontier": 1741, "No Witnesses_SB": 1911, "Devouring Sugarmaw": 687, "Amalia Benavides Aguirre_SB": 55, "Elas il-Kor, Sadistic Pilgrim_SB": 807, "Fiendish Panda_SB": 997, "Knight of Dawn's Light_SB": 1566, "Become Brutes_SB": 206, "Cindering Cutthroat_SB": 478, "Ravine Raider_SB": 2194, "Risky Shortcut_SB": 2290, "Spin Out_SB": 2618, "Steampath Charger_SB": 2663, "Etched Familiar": 882, "Winter, Cursed Rider": 3270, "Radiant Grove": 2150, "Streetwise Negotiator_SB": 2697, "Divine Resilience": 719, "Greenhouse // Rickety Gazebo": 1228, "Mirror Room // Fractured Realm": 1803, "Silken Strength": 2509, "Herd Migration_SB": 1329, "Gixian Infiltrator_SB": 1156, "Armored Armadillo_SB": 120, "Kykar, Zephyr Awakener": 1599, "Realm-Scorcher Hellkite": 2203, "Sentinel of Lost Lore_SB": 2451, "Spyglass Siren_SB": 2639, "Lathril, Blade of the Elves_SB": 1606, "The Huntsman's Redemption_SB": 2834, "Gloryheath Lynx_SB": 1180, "Threefold Thunderhulk_SB": 2915, "Case of the Locked Hothouse": 411, "Primeval Bounty": 2104, "Cryptcaller Chariot": 584, "Gigantosaurus": 1139, "Llanowar Stalker": 1668, "Ghalta, Primal Hunger_SB": 1123, "Gigantosaurus_SB": 1140, "Disenchant": 697, "Captain Howler, Sea Scourge_SB": 393, "Thirsting Roots": 2879, "Mindsparker_SB": 1791, "Cursed Recording_SB": 599, "Meeting of Minds": 1768, "Rangers' Refueler": 2181, "Steel Hellkite_SB": 2664, "Karn, Living Legacy_SB": 1527, "The Everflowing Well": 2827, "The Stasis Coffin": 2862, "Kellan Joins Up": 1542, "Ovika, Enigma Goliath_SB": 2000, "Ride&#39;s End": 2279, "Imodane&#39;s Recruiter // Train Troops": 1402, "Warleader&#39;s Call": 3232, "Urabrask&#39;s Forge_SB": 3086, "Gix&#39;s Command": 1150, "Gix&#39;s Command_SB": 1151, "Quaketusk Boar": 2139, "Leaping Ambush": 1617, "Bestow Greatness_SB": 211, "Raucous Theater_SB": 2192, "Flowstone Infusion_SB": 1037, "Alesha, Who Laughs at Fate_SB": 50, "Sheoldred&#39;s Edict": 2475, "This Town Ain&#39;t Big Enough": 2881, "Sheoldred&#39;s Edict_SB": 2476, "Abuelo&#39;s Awakening": 7, "Ephara&#39;s Dispersal": 858, "Ephara&#39;s Dispersal_SB": 859, "Johann&#39;s Stopgap_SB": 1502, "This Town Ain&#39;t Big Enough_SB": 2882, "Kutzil&#39;s Flanker": 1593, "Kutzil&#39;s Flanker_SB": 1594, "Tishana&#39;s Tidebinder_SB": 2944, "Shardmage&#39;s Rescue": 2465, "Stormchaser&#39;s Talent": 2687, "Elspeth&#39;s Smite": 818, "Ride&#39;s End_SB": 2280, "Don&#39;t Make a Sound": 726, "Stern Lesson": 2669, "Long River&#39;s Pull_SB": 1677, "Stormkeld Vanguard_SB": 2691, "Proft&#39;s Eidetic Memory": 2110, "Elspeth&#39;s Smite_SB": 819, "Proft&#39;s Eidetic Memory_SB": 2111, "Caretaker&#39;s Talent": 397, "Chandra, Hope&#39;s Beacon": 448, "Calamity&#39;s Wake_SB": 376, "Skyseer&#39;s Chariot_SB": 2543, "Innkeeper&#39;s Talent": 1421, "Brotherhood&#39;s End_SB": 347, "Basri, Tomorrow&#39;s Champion": 195, "Progenitor Exarch": 2114, "Tishana&#39;s Tidebinder": 2943, "Painter&#39;s Studio // Defaced Gallery": 2006, "Vraska, Betrayal&#39;s Sting": 3213, "Vraska, Betrayal&#39;s Sting_SB": 3214, "Agatha of the Vile Cauldron": 30, "Agatha&#39;s Soul Cauldron": 31, "Dredger&#39;s Insight": 765, "Painter&#39;s Studio // Defaced Gallery_SB": 2007, "Moonshaker Cavalry_SB": 1848, "Agatha&#39;s Soul Cauldron_SB": 32, "Collector&#39;s Vault": 510, "Bramble Familiar_SB": 308, "Annie Joins Up_SB": 80, "Primal Might_SB": 2103, "Reckless Handling": 2211, "Cruelclaw&#39;s Heist_SB": 578, "Brass&#39;s Tunnel-Grinder // Tecutlan, the Searing Rift": 312, "Detention Chariot": 685, "Gallant Strike": 1091, "Push the Limit": 2131, "Thundering Broodwagon": 2924, "Valor&#39;s Flagship": 3127, "The Witch&#39;s Vanity_SB": 2872, "Lazav, Wearer of Faces_SB": 1614, "Harmless Offering_SB": 1276, "Return Triumphant": 2276, "Souls of the Lost_SB": 2591, "Slickshot Lockpicker_SB": 2556, "Flashfreeze": 1018, "Sunpearl Kirin": 2719, "Heritage Reclamation_SB": 1331, "Magmatic Hellkite_SB": 1722, "Interface Ace": 1438, "Synchronized Charge": 2757, "Elspeth, Storm Slayer": 822, "Rally the Monastery": 2176, "Cori Mountain Monastery": 546, "Dispelling Exhale": 703, "Jeskai Revelation": 1494, "Marang River Regent": 1742, "Shiko, Paragon of the Way": 2483, "Herd Heirloom": 1327, "Jeskai Revelation_SB": 1495, "Voice of Victory_SB": 3192, "Cori-Steel Cutter": 547, "Surrak, Elusive Hunter_SB": 2738, "Tersa Lightshatter": 2807, "United Battlefront": 3062, "Desperate Measures": 680, "Rot-Curse Rakshasa": 2323, "Sandsteppe Citadel": 2363, "Skirmish Rhino": 2526, "Sage of the Skies_SB": 2355, "Elspeth, Storm Slayer_SB": 823, "Auroral Procession": 151, "Opulent Palace": 1960, "Rakshasa's Bargain": 2171, "Glacial Dragonhunt": 1158, "Winternight Stories": 3271, "Mistrise Village": 1816, "Tersa Lightshatter_SB": 2808, "Gilded Lotus_SB": 1142, "Rediscover the Way": 2223, "Static Snare": 2658, "Tempest Hawk": 2785, "Frontline Rush": 1070, "Roiling Dragonstorm": 2315, "Surrak, Elusive Hunter": 2737, "Kishla Village": 1559, "Restless Vents_SB": 2272, "Cori-Steel Cutter_SB": 548, "Mystic Monastery": 1873, "Fresh Start_SB": 1065, "Two-Headed Hunter_SB": 3019, "Frontier Bivouac": 1068, "Frostcliff Siege": 1071, "Duty Beyond Death_SB": 785, "Dalkovan Encampment": 608, "Qarsi Revenant_SB": 2136, "Scavenger Regent_SB": 2396, "Caustic Exhale": 427, "Disruptive Stormbrood": 705, "Dragonologist": 750, "Scavenger Regent": 2393, "Qarsi Revenant": 2135, "Spectral Denial": 2599, "Corroding Dragonstorm": 551, "Clarion Conqueror_SB": 490, "Voice of Victory": 3191, "Bleachbone Verge_SB": 242, "Wild Ride": 3257, "Sage of the Skies": 2354, "Heritage Reclamation": 1330, "Rakshasa's Bargain_SB": 2172, "Helga, Skittish Seer": 1312, "Helga, Skittish Seer_SB": 1313, "Unending Whisper": 3051, "Mistrise Village_SB": 1817, "Case of the Pilfered Proof": 413, "Coordinated Maneuver_SB": 541, "Descendant of Storms": 674, "Craterhoof Behemoth_SB": 571, "Craterhoof Behemoth": 570, "Ugin, Eye of the Storms": 3032, "Severance Priest": 2460, "Yathan Roadwatcher": 3301, "Animist's Might": 74, "Behind the Mask": 207, "Collector&#39;s Cage": 509, "Valgavoth&#39;s Lair": 3110, "Seedglaive Mentor": 2441, "Scavenger Regent // Exude Toxin // Scavenger Regent_SB": 2395, "Stadium Headliner": 2645, "Wrenn&#39;s Resolve": 3295, "Rakshasa&#39;s Bargain_SB": 2170, "Valor&#39;s Flagship_SB": 3128, "Rakshasa&#39;s Bargain": 2169, "Bloomvine Regent": 266, "Scavenger Regent // Exude Toxin // Scavenger Regent": 2394, "Valgavoth&#39;s Onslaught": 3111, "Dreadmaw&#39;s Ire": 756, "Channeled Dragonfire": 458, "Urza&#39;s Sylex_SB": 3099, "Pit of Offerings": 2070, "Abuelo&#39;s Awakening_SB": 8, "Don&#39;t Make a Sound_SB": 727, "Dreadmaw&#39;s Ire_SB": 757, "Marang River Regent_SB": 1743, "Caretaker&#39;s Talent_SB": 398, "Great Arashin City": 1219, "Innkeeper&#39;s Talent_SB": 1422, "Mishra&#39;s Foundry": 1809, "Glarb, Calamity&#39;s Augur": 1160, "Bandit&#39;s Talent": 176, "Elusive Otter // Grove&#39;s Bounty": 825, "Tyvar&#39;s Stand": 3026, "Strategic Betrayal_SB": 2695, "Nature&#39;s Rhythm": 1880, "Sidisi, Regent of the Mire": 2502, "New Way Forward_SB": 1891, "Rotisserie Elemental_SB": 2324, "Twists and Turns_SB": 3016, "Songcrafter Mage": 2576, "Valgavoth&#39;s Faithful": 3109, "Winternight Stories_SB": 3272, "Fangkeeper&#39;s Familiar": 938, "Sinkhole Surveyor": 2519, "Witch&#39;s Mark": 3276, "Maelstrom of the Spirit Dragon": 1718, "Sagu Wildling": 2356, "Brotherhood&#39;s End": 346, "Long River&#39;s Pull": 1676, "Overwhelming Surge_SB": 1999, "Simulacrum Synthesizer_SB": 2517, "Ugin, Eye of the Storms_SB": 3033, "Dollmaker&#39;s Shop // Porcelain Gallery": 722, "Muldrotha, the Gravetide_SB": 1864, "Awaken the Honored Dead": 157, "Dragonback Assault": 746, "Teval, Arbiter of Virtue": 2809, "Smuggler&#39;s Surprise": 2561, "Smuggler&#39;s Surprise_SB": 2562, "Tinker&#39;s Tote": 2934, "Kayla&#39;s Reconstruction": 1535, "Rediscover the Way_SB": 2224, "Ringing Strike Mastery_SB": 2285, "Bartolom&#233; del Presidio": 189, "Zahur, Glory&#39;s Past": 3310, "Disruptive Stormbrood_SB": 706, "Cruelclaw&#39;s Heist": 577, "Shardmage&#39;s Rescue_SB": 2466, "Eshki Dragonclaw": 871, "Twinmaw Stormbrood": 3012, "Dispelling Exhale_SB": 704, "Spectral Denial_SB": 2600, "Ureni, the Song Unending": 3095, "Shiko, Paragon of the Way_SB": 2484, "Ureni, the Song Unending_SB": 3096, "Tinybones, Bauble Burglar_SB": 2939, "Fleeting Effigy": 1020, "Dalkovan Packbeasts": 609, "Garruk&#39;s Uprising_SB": 1097, "Stormchaser&#39;s Talent_SB": 2688, "Feldon&#39;s Cane_SB": 975, "Hunter&#39;s Talent": 1387, "Harried Spearguard": 1277, "Toxin Analysis_SB": 2974, "Roiling Dragonstorm_SB": 2316, "Glacierwood Siege": 1159, "Chandra, Hope&#39;s Beacon_SB": 449, "Skullcap Snail": 2534, "Dire Flail": 694, "Rona&#39;s Vortex": 2318, "Ainok Wayfarer": 38, "Floriferous Vinewall": 1030, "Strategic Betrayal": 2694}}