{"vocabulary": {"Analyze the Pollen": 58, "Botanical Sanctum": 285, "Brave the Wilds": 305, "Bushwhack": 356, "Cache Grab": 358, "Eddymurk Crab": 762, "Forest": 1007, "Get Out": 1074, "Hedge Maze": 1265, "Into the Flood Maw": 1395, "Island": 1434, "Sleight of Hand": 2471, "Stormchaser's Talent": 2602, "This Town Ain't Big Enough": 2791, "Tolarian Terror": 2862, "Up the Beanstalk": 2981, "Yavimaya Coast": 3191, "Lithomantic Barrage_SB": 1617, "Mountain_SB": 1808, "Negate_SB": 1834, "Pick Your Poison_SB": 2016, "Pyroclasm_SB": 2085, "Three Steps Ahead_SB": 2818, "Cacophony Scamp": 360, "Callous Sell-Sword": 369, "Copperline Gorge": 528, "Emberheart Challenger": 792, "Heartfire Hero": 1256, "Karplusan Forest": 1484, "Leyline of Resonance": 1588, "Monstrous Rage": 1795, "Mountain": 1807, "Questing Druid": 2090, "Royal Treatment": 2266, "Slickshot Show-Off": 2475, "Snakeskin Veil": 2484, "Thornspire Verge": 2796, "Turn Inside Out": 2908, "Brotherhood's End_SB": 337, "Obliterating Bolt_SB": 1884, "Pawpatch Formation_SB": 1974, "Urabrask's Forge_SB": 2985, "Bitter Triumph": 216, "Blackcleave Cliffs": 219, "Cavern of Souls": 414, "Fireglass Mentor": 972, "Flamecache Gecko": 977, "Forsaken Miner": 1012, "Gev, Scaled Scorch": 1078, "Go for the Throat": 1139, "Hired Claw": 1312, "Iridescent Vinelasher": 1430, "Laughing Jasper Flint": 1560, "Mudflat Village": 1811, "Rockface Village": 2251, "Sulfurous Springs": 2620, "Swamp": 2652, "Thought-Stalker Warlock": 2801, "Anoint with Affliction_SB": 79, "Cut Down_SB": 580, "Duress_SB": 743, "Glistening Deluge_SB": 1131, "Innkeeper's Talent": 1374, "Manifold Mouse": 1694, "Might of the Meek": 1740, "Monastery Swiftspear": 1790, "Restless Ridgeline": 2211, "Shock": 2413, "Witchstalker Frenzy": 3171, "Scorching Shot_SB": 2335, "Snakeskin Veil_SB": 2485, "Tectonic Hazard_SB": 2694, "Torch the Tower_SB": 2869, "Adarkar Wastes": 15, "Battlefield Forge": 190, "Case of the Gateway Express": 395, "Gleeful Demolition": 1125, "Imodane's Recruiter": 1355, "Inspiring Vantage": 1388, "Knight-Errant of Eos": 1526, "Novice Inspector": 1870, "Plains": 2030, "Resolute Reinforcements": 2195, "Sanguine Evangelist": 2302, "Seachrome Coast": 2351, "Shivan Reef": 2412, "Spirebluff Canal": 2539, "Spyglass Siren": 2554, "Warden of the Inner Sky": 3120, "Warleader's Call": 3125, "Yotian Frontliner": 3196, "Destroy Evil_SB": 657, "Get Lost_SB": 1073, "Protect the Negotiators_SB": 2075, "Witchstalker Frenzy_SB": 3172, "Sunspine Lynx_SB": 2637, "Thran Portal": 2808, "Braids, Arisen Nightmare": 297, "Caves of Koilos": 417, "Concealed Courtyard": 509, "Hopeless Nightmare": 1326, "Hostile Investigator": 1332, "Liliana of the Veil": 1608, "Loran of the Third Path": 1641, "Mirrex": 1755, "Nowhere to Run": 1871, "Nurturing Pixie": 1875, "Phyrexian Missionary": 2007, "Restless Fortress": 2207, "Shadowy Backstreet": 2393, "Surgical Suite && Hospital Room": 2645, "Tithing Blade": 2854, "Zoraline, Cosmos Caller": 3212, "Aclazotz, Deepest Betrayal_SB": 12, "Bandit's Talent_SB": 173, "Exorcise_SB": 851, "Ghost Vacuum_SB": 1088, "Legions to Ashes_SB": 1578, "Malicious Eclipse_SB": 1691, "Shrouded Shepherd_SB": 2424, "Sunfall_SB": 2629, "The Stone Brain_SB": 2775, "Anoint with Affliction": 78, "Archangel of Wrath": 97, "Atraxa, Grand Unifier": 140, "Fountainport": 1019, "Herd Migration": 1282, "Leyline Binding": 1584, "Lush Portico": 1664, "Meticulous Archive": 1732, "Overlord of the Hauntwoods": 1944, "Overlord of the Mistmoors": 1946, "Sunfall": 2628, "Undercity Sewers": 2941, "Underground Mortuary": 2942, "Zur, Eternal Schemer": 3216, "Beza, the Bounding Spring_SB": 206, "Jace, the Perfected Mind_SB": 1446, "Temporary Lockdown_SB": 2710, "Tishana's Tidebinder_SB": 2849, "Tranquil Frillback_SB": 2883, "Lightning Helix_SB": 1603, "Aclazotz, Deepest Betrayal": 11, "Blooming Marsh": 256, "Cut Down": 579, "Deep-Cavern Bat": 620, "Demolition Field": 640, "Duress": 742, "Gix's Command": 1109, "Glissa Sunslayer": 1129, "Llanowar Wastes": 1627, "Mosswood Dreadknight": 1805, "Preacher of the Schism": 2055, "Restless Cottage": 2205, "Sentinel of the Nameless City": 2382, "Tear Asunder": 2691, "Vraska, Betrayal's Sting": 3106, "Caustic Bronco_SB": 411, "Choking Miasma_SB": 454, "Gix's Command_SB": 1110, "Liliana of the Veil_SB": 1609, "Nissa, Ascended Animist_SB": 1854, "Soul-Guide Lantern_SB": 2502, "Brotherhood's End": 336, "Calamity, Galloping Inferno": 365, "Commercial District": 505, "Fabled Passage": 875, "Glimpse the Core": 1128, "Outcaster Trailblazer": 1927, "Roxanne, Starfall Savant": 2264, "Smuggler's Surprise": 2482, "Spinewoods Armadillo": 2535, "Terror of the Peaks": 2718, "Torch the Tower": 2868, "Trumpeting Carnosaur": 2901, "Vaultborn Tyrant": 3033, "Volcanic Spite": 3087, "Obstinate Baloth_SB": 1888, "Tyrranax Rex_SB": 2924, "Darkslick Shores": 588, "Duelist of the Mind": 740, "Faerie Mastermind": 885, "Invasion of Amonkhet": 1402, "Proft's Eidetic Memory": 2066, "Restless Reef": 2209, "Sheoldred, the Apocalypse": 2405, "Steamcore Scholar": 2575, "Tishana's Tidebinder": 2848, "Underground River": 2943, "Blot Out_SB": 260, "Disdainful Stroke_SB": 669, "Harvester of Misery_SB": 1235, "Hostile Investigator_SB": 1333, "Invasion of Tolvada": 1423, "Jace, the Perfected Mind": 1445, "Kaya, Intangible Slayer": 1487, "The End": 2731, "Tranquil Frillback": 2882, "Virtue of Persistence": 3071, "Archangel of Wrath_SB": 98, "Invasion of Shandalar_SB": 1419, "Rankle's Prank_SB": 2128, "The End_SB": 2732, "Valgavoth, Terror Eater_SB": 3009, "Enduring Innocence": 802, "Entity Tracker": 817, "Ethereal Armor": 841, "Fae Flight": 878, "Floodfarm Verge": 988, "Gremlin Tamer": 1184, "Inquisitive Glimmer": 1377, "Optimistic Scavenger": 1910, "Ossification": 1919, "Shardmage's Rescue": 2395, "Sheltered by Ghosts": 2400, "Elspeth's Smite_SB": 784, "Kitnap_SB": 1517, "Ossification_SB": 1920, "Bitter Reunion": 214, "Blazemire Verge": 229, "Brass's Tunnel-Grinder": 303, "Coiling Rebirth": 485, "Fear of Missing Out": 922, "Lich-Knights' Conquest": 1596, "Overlord of the Balemurk": 1938, "Overlord of the Boilerbilges": 1940, "Raucous Theater": 2136, "Restless Vents": 2215, "Cavern of Souls_SB": 415, "Enduring Courage_SB": 799, "Nowhere to Run_SB": 1872, "Rottenmouth Viper_SB": 2263, "Doppelgang": 698, "Get Lost": 1072, "Hushwood Verge": 1344, "No More Lies": 1857, "Overlord of the Floodpits": 1942, "Elesh Norn, Mother of Machines_SB": 780, "Rest in Peace_SB": 2200, "Artist's Talent": 120, "Capricious Hellraiser": 379, "Chandra, Hope's Beacon": 432, "Ill-Timed Explosion": 1352, "Moment of Truth": 1785, "Pyroclasm": 2084, "Restless Spire": 2213, "Roaring Furnace && Steaming Sauna": 2245, "Season of Weaving": 2362, "Thundering Falls": 2832, "Abrade_SB": 4, "Fires of Victory_SB": 974, "Into the Flood Maw_SB": 1396, "Beza, the Bounding Spring": 205, "Season of the Burrow": 2364, "Temporary Lockdown": 2709, "Unidentified Hovership": 2954, "Virtue of Loyalty": 3069, "Loran of the Third Path_SB": 1642, "Lord Skitter, Sewer King_SB": 1646, "Season of Loss_SB": 2361, "Unidentified Hovership_SB": 2955, "Abhorrent Oculus": 1, "Chart a Course": 446, "Elspeth's Smite": 783, "Haughty Djinn": 1237, "Helping Hand": 1275, "Phantom Interference": 1993, "Picklock Prankster": 2017, "Recommission": 2162, "Soul Partition": 2496, "Doorkeeper Thrull_SB": 697, "Kutzil's Flanker_SB": 1549, "Soul Partition_SB": 2497, "Giant Growth": 1095, "Restless Ridgeline_SB": 2212, "Mockingbird": 1773, "Regal Bunnicorn": 2172, "Restless Anchorage": 2201, "Splitskin Doll": 2547, "Steel Seraph": 2579, "Subterranean Schooner": 2616, "Zoetic Glyph": 3208, "Ertai Resurrected": 825, "Honest Rutstein": 1322, "Inti, Seneschal of the Sun": 1389, "Lazav, Wearer of Faces": 1568, "Marchesa, Dealer of Death": 1700, "Plaza of Heroes": 2035, "Relic of Legends": 2180, "Rona, Herald of Invasion": 2260, "Tinybones Joins Up": 2842, "Bitter Triumph_SB": 217, "Kaervek, the Punisher_SB": 1468, "Virtue of Persistence_SB": 3072, "Crumb and Get It": 556, "Felonious Rage": 949, "Restless Bivouac": 2203, "Break the Spell_SB": 314, "Dewdrop Cure_SB": 664, "Shardmage's Rescue_SB": 2396, "Archangel Elspeth": 93, "Caretaker's Talent": 385, "Carrot Cake": 390, "Elegant Parlor": 774, "Lay Down Arms": 1565, "Parting Gust": 1969, "Sunken Citadel": 2631, "The Eternal Wanderer": 2734, "Boon-Bringer Valkyrie_SB": 277, "Imodane's Recruiter_SB": 1356, "Not on My Watch_SB": 1869, "Sunder the Gateway_SB": 2627, "Invasion of Gobakhan_SB": 1409, "Gix, Yawgmoth Praetor": 1111, "Malcolm, Alluring Scoundrel": 1687, "Plumecreed Escort": 2036, "Archfiend of the Dross_SB": 102, "Breach the Multiverse": 309, "Collector's Vault": 493, "Conspiracy Unraveler": 519, "Gloomlake Verge": 1133, "Long Goodbye": 1631, "Reenact the Crime": 2169, "Terror Tide": 2716, "The Cruelty of Gix": 2726, "The Tale of Tamiyo": 2779, "Vohar, Vodalian Desecrator": 3084, "Long Goodbye_SB": 1632, "Terror Tide_SB": 2717, "Seed of Hope": 2371, "Three Steps Ahead": 2817, "Long River's Pull_SB": 1635, "The Filigree Sylex_SB": 2738, "Legions to Ashes": 1577, "Shoot the Sheriff": 2415, "Cruelclaw's Heist_SB": 555, "Kaya, Intangible Slayer_SB": 1488, "Geological Appraiser": 1068, "Molten Collapse": 1778, "Undead Sprinter": 2938, "Urabrask's Forge": 2984, "Screaming Nemesis_SB": 2345, "Harried Spearguard": 1231, "Mirran Banesplitter": 1754, "Painter's Studio && Defaced Gallery": 1960, "Phoenix Chick": 1997, "Felonious Rage_SB": 950, "Ferocification_SB": 952, "Wrenn's Resolve_SB": 3187, "Demonic Ruckus": 648, "Flowstone Infusion": 996, "Furnace Reins_SB": 1043, "Go for the Throat_SB": 1140, "Brushland": 339, "Heaped Harvest": 1254, "Sheoldred's Edict": 2403, "Sheoldred's Edict_SB": 2404, "Scales of Shale_SB": 2324, "Archfiend of the Dross": 101, "Bloodletter of Aclazotz": 246, "Demonic Counsel": 642, "Disfigure": 672, "Rush of Dread": 2281, "Unstoppable Slasher": 2972, "Phyrexian Arena_SB": 2000, "Sheoldred_SB": 2407, "Abrade": 3, "Cursed Recording": 575, "Fires of Victory": 973, "Ral, Crackling Wit": 2120, "The Everflowing Well": 2736, "Bonehoard Dracosaur_SB": 270, "Faerie Mastermind_SB": 886, "Frolicking Familiar_SB": 1028, "Fountainport_SB": 1021, "Dreadmaw's Ire_SB": 724, "Surge of Salvation_SB": 2643, "The Wandering Rescuer": 2781, "Enduring Curiosity": 800, "Harvester of Misery": 1234, "Skrelv, Defector Mite": 2450, "Builder's Talent": 342, "Serra Paragon_SB": 2386, "Split Up_SB": 2546, "Chainsaw": 428, "Lightning Helix": 1602, "Enduring Innocence_SB": 803, "Overlord of the Mistmoors_SB": 1947, "Picnic Ruiner": 2018, "Witch's Mark": 3168, "Twisted Fealty_SB": 2917, "Caustic Bronco": 410, "Emberheart Challenger_SB": 793, "Cease // Desist_SB": 419, "Errant and Giada": 823, "Floodpits Drowner": 989, "Ertai Resurrected_SB": 826, "No More Lies_SB": 1858, "Sheltered by Ghosts_SB": 2401, "Cenote Scout": 422, "Hard-Hitting Question": 1226, "Jadelight Spelunker": 1447, "Merfolk Cave-Diver": 1728, "Mistbreath Elder": 1768, "Nicanzil, Current Conductor": 1845, "Vodalian Hexcatcher": 3082, "Cryptic Coat_SB": 562, "Deeproot Pilgrimage_SB": 624, "Sword of Once and Future_SB": 2663, "Unable to Scream_SB": 2933, "Toby, Beastie Befriender": 2857, "Aven Interrupter_SB": 151, "Season of the Burrow_SB": 2365, "High Noon_SB": 1305, "Roaring Furnace // Steaming Sauna_SB": 2248, "Shore Up": 2417, "Aven Interrupter": 150, "Sleep-Cursed Faerie": 2470, "Monastery Mentor": 1788, "Monastery Mentor_SB": 1789, "Zimone, All-Questioning": 3206, "Tear Asunder_SB": 2692, "Fallaji Archaeologist": 892, "Founding the Third Path": 1016, "Wail of the Forgotten": 3111, "Dreams of Steel and Oil_SB": 729, "Don't Make a Sound": 694, "Surge of Salvation": 2642, "Phantom Interference_SB": 1994, "Kaito, Bane of Nightmares": 1469, "Fear of Impostors": 915, "Ghostly Dancers": 1089, "Mirror Room // Fractured Realm": 1758, "Rottenmouth Viper": 2262, "Silent Hallcreeper": 2430, "Virtue of Knowledge": 3067, "Beastie Beatdown": 195, "Betrayer's Bargain": 203, "Growing Dread": 1193, "Patchwork Beastie": 1972, "Scrapshooter": 2338, "Scrapwork Mutt": 2340, "Wildfire Wickerfolk": 3154, "Atraxa's Fall_SB": 139, "Choking Miasma": 453, "Thrun, Breaker of Silence_SB": 2830, "Calix, Guided by Fate": 366, "Combat Research": 501, "Elvish Archivist": 788, "Razorverge Thicket": 2146, "Restless Vinestalk": 2216, "Enduring Vitality": 806, "Hearth Elemental": 1261, "Scalding Viper": 2321, "Scorching Dragonfire": 2332, "Slick Sequence": 2474, "Stormsplitter": 2605, "Hide in Plain Sight_SB": 1299, "Scorching Dragonfire_SB": 2333, "Virtue of Strength_SB": 3074, "Questing Druid_SB": 2091, "Case of the Stashed Skeleton": 400, "Conduit Pylons": 511, "Corpses of the Lost": 529, "Darkstar Augur": 589, "Lightning Strike": 1604, "Scorn-Blade Berserker": 2336, "Withering Torment_SB": 3174, "Serra Paragon": 2385, "Dawn's Truce_SB": 594, "Phyrexian Vindicator_SB": 2013, "Altanak, the Thrice-Called": 50, "Say Its Name": 2317, "Song of Totentanz": 2492, "Valley Floodcaller": 3013, "Stormkeld Vanguard_SB": 2604, "Screaming Nemesis": 2344, "The Rollercrusher Ride": 2766, "Balustrade Wurm_SB": 170, "Haywire Mite_SB": 1246, "Ephara's Dispersal": 819, "Requisition Raid_SB": 2194, "Unwanted Remake_SB": 2979, "Change the Equation": 438, "Horned Loch-Whale": 1328, "Invasion of Arcavios": 1404, "Silver Scrutiny": 2433, "Change the Equation_SB": 439, "Doppelgang_SB": 699, "Lay Down Arms_SB": 1566, "Cheeky House-Mouse": 448, "Collector's Cage": 491, "Flowerfoot Swordmaster": 995, "Lavaspur Boots": 1563, "Lost Jitte": 1647, "Mabel, Heir to Cragflame": 1668, "Valley Questcaller": 3016, "Vengeful Possession_SB": 3042, "Leyline of the Void_SB": 1594, "Outrageous Robbery_SB": 1933, "Elesh Norn, Mother of Machines": 779, "Outrageous Robbery": 1932, "Exorcise": 850, "Mishra's Foundry": 1766, "Jaya, Fiery Negotiator_SB": 1451, "Nissa, Ascended Animist": 1853, "Sheoldred, the Apocalypse_SB": 2406, "Lord Skitter, Sewer King": 1645, "Split Up": 2545, "Karn's Sylex_SB": 1481, "Nettle Guard_SB": 1839, "Zoraline, Cosmos Caller_SB": 3213, "Deduce": 618, "Roaring Furnace // Steaming Sauna": 2247, "Up the Beanstalk_SB": 2982, "Destroy Evil": 656, "Restless Prairie": 2208, "Scrollshift": 2346, "Atraxa, Grand Unifier_SB": 141, "Painter's Studio // Defaced Gallery": 1962, "Hearth Elemental_SB": 1262, "No Witnesses": 1861, "Phyrexian Fleshgorger": 2005, "Render Inert": 2184, "Starfall Invocation": 2566, "Archangel Elspeth_SB": 94, "Deep-Cavern Bat_SB": 621, "Urza's Sylex_SB": 2999, "Essence Channeler": 831, "Lunar Convocation": 1659, "Ruin-Lurker Bat": 2271, "Dissection Tools_SB": 677, "Sugar Rush": 2618, "Disfigure_SB": 673, "Skullcap Snail_SB": 2455, "Unscrupulous Agent_SB": 2965, "Defabricate_SB": 627, "Azure Beastbinder": 158, "Crystal Grotto": 567, "Invasion of Segovia": 1418, "Protect the Negotiators": 2074, "Caretaker's Talent_SB": 386, "Dreadmaw's Ire": 723, "Case of the Crimson Pulse_SB": 393, "Lightning Strike_SB": 1605, "Shock_SB": 2414, "Urgent Necropsy_SB": 2993, "Glass Casket_SB": 1119, "Ezrim, Agency Chief": 871, "Unwanted Remake": 2978, "Bandit's Talent": 172, "Ruthless Negotiation": 2287, "Tinybones, the Pickpocket": 2845, "Phyrexian Obliterator_SB": 2010, "Thought-Stalker Warlock_SB": 2802, "Deadly Cover-Up": 606, "Urgent Necropsy": 2992, "Breach the Multiverse_SB": 310, "Conduit of Worlds_SB": 513, "Beseech the Mirror": 200, "Rite of the Moth": 2235, "Valgavoth, Terror Eater": 3008, "No Witnesses_SB": 1862, "Phyrexian Fleshgorger_SB": 2006, "Assassin's Trophy": 131, "Seized from Slumber": 2377, "White Sun's Twilight": 3148, "Cease // Desist": 418, "Ill-Timed Explosion_SB": 1353, "Balustrade Wurm": 169, "Fear of Being Hunted": 911, "Squee, Dubious Monarch": 2556, "Tyvar's Stand": 2926, "Charred Foyer // Warped Space_SB": 445, "Scrapshooter_SB": 2339, "Spellgyre": 2526, "Teferi, Temporal Pilgrim": 2696, "Deadly Riposte_SB": 609, "Spiteful Hexmage": 2541, "Anointed Peacekeeper_SB": 81, "Torch the Witness": 2870, "Rona's Vortex": 2258, "Surgical Suite // Hospital Room": 2647, "Valgavoth's Faithful": 3004, "Rona's Vortex_SB": 2259, "Kitsa, Otterball Elite": 1518, "Matzalantli, the Great Door": 1711, "Push // Pull": 2082, "Osseous Sticktwister": 1917, "Razorlash Transmogrant_SB": 2144, "Agrus Kos, Spirit of Justice": 33, "Anim Pakal, Thousandth Moon": 69, "Annie Joins Up": 75, "Baylen, the Haymaker": 192, "Hugs, Grisly Guardian": 1337, "Kellan, Daring Traveler": 1499, "Pia Nalaar, Consul of Revival": 2014, "Rocco, Street Chef": 2250, "Grand Abolisher_SB": 1167, "Braided Net": 295, "Chimil, the Inner Sun": 450, "Clay-Fired Bricks": 474, "Farsight Ritual": 901, "Simulacrum Synthesizer": 2439, "Ezrim, Agency Chief_SB": 872, "Audacity": 142, "Feather of Flight": 929, "Invasion of Theros": 1422, "Spellbook Vendor": 2525, "Toadstool Admirer": 2856, "Expel the Interlopers_SB": 854, "Virtue of Loyalty_SB": 3070, "Flowstone Infusion_SB": 997, "Giant Growth_SB": 1096, "Enduring Tenacity": 804, "Gumdrop Poisoner": 1205, "Vadmir, New Blood": 3002, "Vinereap Mentor": 3060, "Glissa Sunslayer_SB": 1130, "Come Back Wrong_SB": 504, "Callous Sell-Sword_SB": 370, "Untimely Malfunction_SB": 2977, "The Eternal Wanderer_SB": 2735, "Negate": 1833, "Minor Misstep_SB": 1750, "Barbed Batterfist": 179, "Blacksmith's Talent": 220, "Bladehold War-Whip": 223, "Jor Kadeen, First Goldwarden": 1461, "Kellan, the Fae-Blooded": 1504, "Rebel Salvo": 2154, "Obliterating Bolt": 1883, "Rest in Peace": 2199, "Ancient Cornucopia": 62, "Lumra, Bellow of the Woods": 1658, "Squirming Emergence": 2558, "Kellan, Inquisitive Prodigy_SB": 1501, "Contested Game Ball_SB": 524, "Razorkin Needlehead_SB": 2142, "Witch's Mark_SB": 3169, "Chrome Host Seedshark_SB": 456, "Danitha, Benalia's Hope_SB": 586, "Soulless Jailer_SB": 2506, "Wear Down_SB": 3137, "Case of the Uneaten Feast": 402, "Leyline of Hope": 1586, "Lupinflower Village": 1662, "Phyrexian Arena": 1999, "Starscape Cleric": 2568, "Blazing Crescendo": 230, "Charming Scoundrel": 443, "Goddric, Cloaked Reveler": 1150, "Vren, the Relentless_SB": 3110, "Tectonic Hazard": 2693, "Wrenn's Resolve": 3186, "Koth, Fire of Resistance_SB": 1538, "Back for Seconds": 160, "Corrupt": 531, "Corrupted Conviction": 532, "Final Vengeance": 968, "Hidden Necropolis": 1295, "Lively Dirge": 1619, "Skullcap Snail": 2454, "The Dross Pits": 2728, "Unscrupulous Agent": 2964, "Candy Grapple_SB": 374, "Tithing Blade_SB": 2855, "Abraded Bluffs": 5, "Alania's Pathmaker": 44, "Banishing Light": 174, "Nahiri's Resolve": 1824, "Tinker's Tote": 2841, "Wind-Scarred Crag": 3159, "Disenchant_SB": 671, "Recommission_SB": 2163, "Volcanic Spite_SB": 3088, "Campus Renovation": 371, "Cityscape Leveler": 465, "Combat Thresher": 502, "Emerge from the Cocoon": 794, "Fear of Abduction": 910, "Galvanize": 1050, "Portal to Phyrexia": 2049, "Raucous Carnival": 2134, "Su-Chi Cave Guard": 2615, "Boulderbranch Golem_SB": 291, "Outlaw Medic_SB": 1929, "Scrollshift_SB": 2347, "Smash to Dust_SB": 2479, "Beanstalk Wurm": 194, "Blossoming Sands": 257, "Etched Cornfield": 839, "Getaway Glamer": 1076, "Hauntwoods Shrieker": 1244, "Manifest Dread": 1693, "Riftburst Hellion": 2225, "Rust Goliath": 2283, "Salvation Swan": 2296, "Threats Around Every Corner": 2814, "Valgavoth's Onslaught": 3006, "Monstrous Emergence_SB": 1794, "Neglected Manor": 1835, "Ruthless Lawbringer": 2285, "Scoured Barrens": 2337, "Stockpiling Celebrant": 2591, "Found Footage_SB": 1015, "Griffnaut Tracker_SB": 1189, "Dwarven Forge-Chanter": 749, "Urabrask": 2983, "Whirling Strike_SB": 3144, "Overgrown Zealot": 1937, "Pawpatch Recruit": 1975, "Manifold Mouse_SB": 1695, "Assimilation Aegis": 133, "Thundertrap Trainer": 2836, "Realmbreaker, the Invasion Tree_SB": 2152, "Unstable Glyphbridge_SB": 2970, "Kaito, Bane of Nightmares_SB": 1470, "Calamity's Wake_SB": 364, "Clockwork Percussionist": 479, "Disturbing Mirth": 683, "Greedy Freebooter": 1179, "Scavenger's Talent": 2328, "Dusk Rose Reliquary": 745, "High Noon": 1304, "Monstrous Emergence": 1793, "Bonny Pall, Clearcutter_SB": 272, "Ephara's Dispersal_SB": 820, "Get Out_SB": 1075, "Teferi, Temporal Pilgrim_SB": 2697, "The Wandering Rescuer_SB": 2782, "Bring the Ending": 323, "Dismal Backwater": 674, "Distorted Curiosity": 678, "Drown in Ichor": 734, "Experimental Augury": 855, "Infectious Inquiry": 1368, "Murky Sewer": 1819, "Prologue to Phyresis": 2070, "Reject Imperfection": 2178, "Vraska's Fall": 3104, "Infectious Inquiry_SB": 1369, "Pestilent Syphoner_SB": 1990, "Vivisurgeon's Insight_SB": 3081, "Alabaster Host Intercessor": 43, "Blanchwood Prowler": 224, "Fanatic of the Harrowing": 895, "Haunted Mire": 1241, "Jungle Hollow": 1466, "Nurturing Bristleback": 1874, "Radiant Grove": 2100, "Shroudstomper": 2425, "Spectral Snatcher": 2519, "Sunlit Marsh": 2633, "Fanatic of the Harrowing_SB": 896, "Urborg Repossession_SB": 2988, "Winter's Intervention_SB": 3163, "Virtue of Courage": 3065, "Push // Pull_SB": 2083, "Break Out": 312, "Keen-Eyed Curator_SB": 1494, "Deadly Cover-Up_SB": 607, "Make Your Own Luck": 1683, "Niv-Mizzet, Supreme": 1856, "Make Your Own Luck_SB": 1684, "Pest Control_SB": 1988, "Soul Search_SB": 2499, "The Infamous Cruelclaw": 2744, "Vein Ripper": 3036, "Blood Hustler": 239, "Desert's Due": 653, "Eroded Canyon": 822, "Gisa, the Hellraiser": 1103, "Intimidation Campaign": 1391, "Jagged Barrens": 1448, "Kaervek, the Punisher": 1467, "Lazav, Familiar Stranger": 1567, "Magda, the Hoardmaster": 1674, "Raven of Fell Omens": 2138, "Seize the Secrets": 2375, "Soured Springs": 2510, "Ego Drain": 766, "Faerie Dreamthief": 882, "Faerie Fencing": 883, "Obyra, Dreaming Duelist": 1889, "Season of Loss": 2360, "Spell Stutter": 2523, "Invasion of Amonkhet_SB": 1403, "Spell Stutter_SB": 2524, "Talion's Messenger_SB": 2682, "Feed the Cycle": 933, "Fade from History_SB": 877, "Bilious Skulldweller": 207, "Venser, Corpse Puppet": 3045, "Drag to the Bottom_SB": 710, "Drown in Ichor_SB": 735, "Reject Imperfection_SB": 2179, "Serum Snare_SB": 2388, "Venser, Corpse Puppet_SB": 3046, "Vraska, Betrayal's Sting_SB": 3107, "Whisper of the Dross_SB": 3147, "Abandoned Campground": 0, "Fear of Isolation": 919, "Grand Entryway // Elegant Rotunda": 1169, "Hopeful Vigil": 1325, "Meat Locker // Drowned Diner": 1717, "The Princess Takes Flight": 2762, "Tranquil Cove": 2880, "Underwater Tunnel // Slimy Aquarium": 2945, "Deathcap Marionette": 612, "Desperate Bloodseeker": 654, "Gloomfang Mauler": 1132, "Possessed Goat": 2051, "Vile Mutilator": 3059, "Extract a Confession_SB": 867, "Make Your Move_SB": 1682, "Ghalta, Stampede Tyrant": 1082, "Withering Torment": 3173, "The Cruelty of Gix_SB": 2727, "Binding Negotiation_SB": 209, "Annex Sentry_SB": 73, "Freestrider Lookout": 1022, "Ghost Vacuum": 1087, "Meathook Massacre II": 1718, "Zur, Eternal Schemer_SB": 3217, "Grievous Wound": 1187, "Ob Nixilis, Captive Kingpin": 1881, "Razorkin Needlehead": 2141, "Vial Smasher, Gleeful Grenadier": 3054, "Scales of Shale": 2323, "Invasion of Tolvada_SB": 1424, "Unholy Annex && Ritual Chamber": 2950, "Cruelclaw's Heist": 554, "Pillage the Bog": 2024, "Unholy Annex && Ritual Chamber_SB": 2951, "Market Gnome": 1701, "Zephyr Singer": 3201, "Preacher of the Schism_SB": 2056, "Nashi, Searcher in the Dark": 1829, "Spelunking": 2528, "Betrayer's Bargain_SB": 204, "Loran's Escape": 1643, "Rabid Gnaw": 2097, "Seedglaive Mentor_SB": 2372, "Valgavoth's Lair": 3005, "Idyllic Beachfront": 1351, "Valley Flamecaller": 3012, "Wrenn and Realmbreaker": 3183, "Undead Sprinter_SB": 2939, "Ojer Kaslem, Deepest Growth": 1895, "Restless Cottage_SB": 2206, "Elusive Otter": 785, "Otterball Antics": 1923, "Pearl of Wisdom": 1977, "Stormcatch Mentor": 2601, "Ral, Crackling Wit_SB": 2121, "Overlord of the Balemurk_SB": 1939, "Torpor Orb_SB": 2873, "Fortified Beachhead": 1013, "Harbin, Vanguard Aviator": 1221, "Recruitment Officer": 2164, "Werefox Bodyguard": 3142, "Zephyr Sentinel": 3200, "Cryptic Coat": 561, "Evolving Adaptive": 846, "Omnivorous Flytrap": 1905, "Stubborn Burrowfiend": 2613, "Fell_SB": 947, "Hunter's Talent_SB": 1342, "Trial of Agony_SB": 2895, "Wrenn and Realmbreaker_SB": 3184, "Bonny Pall, Clearcutter": 271, "Glarb, Calamity's Augur": 1116, "Thornvault Forager": 2797, "Doomsday Excruciator": 695, "Drag the Canal": 707, "Intrude on the Mind": 1401, "Malicious Eclipse": 1690, "Essence Scatter": 833, "Sazacap's Brew": 2319, "Fortune, Loyal Steed": 1014, "Frontier Seeker": 1029, "Sorcerous Spyglass_SB": 2495, "Defiled Crypt // Cadaver Lab": 634, "Pitiless Carnage": 2027, "Popular Egotist": 2046, "Jaya, Fiery Negotiator": 1450, "Squee, Dubious Monarch_SB": 2557, "Ego Drain_SB": 767, "Stoic Sphinx_SB": 2594, "Drag to the Bottom": 709, "Soul of Windgrace": 2500, "Chandra, Hope's Beacon_SB": 433, "Season of Gathering_SB": 2359, "Blot Out": 259, "Diabolic Intent": 665, "Unstoppable Slasher_SB": 2973, "Embereth Veteran": 791, "Drannith Ruins_SB": 722, "Armored Scrapgorger": 118, "Axebane Ferox": 153, "Green Sun's Twilight": 1180, "Llanowar Loamspeaker": 1625, "Railway Brawler": 2110, "Tyrranax Rex": 2923, "Bite Down_SB": 213, "Hard-Hitting Question_SB": 1227, "Tyvar's Stand_SB": 2927, "Impulse": 1362, "The Huntsman's Redemption": 2742, "Kaya, Spirits' Justice": 1489, "Overprotect": 1948, "Valgavoth's Onslaught_SB": 3007, "Unholy Annex // Ritual Chamber": 2952, "Escape Tunnel": 829, "Live or Die": 1618, "Hopeless Nightmare_SB": 1327, "No One Left Behind": 1859, "Not Dead After All": 1866, "Oblivious Bookworm": 1885, "Satoru, the Infiltrator": 2309, "Splash Portal": 2543, "Cankerbloom_SB": 377, "The Swarmweaver_SB": 2778, "Enduring Courage": 798, "Rakdos Joins Up": 2114, "The Elder Dragon War": 2729, "Khenra Spellspear": 1510, "Blue Sun's Twilight_SB": 261, "Third Path Iconoclast_SB": 2788, "Helga, Skittish Seer": 1268, "Agatha's Soul Cauldron": 29, "Nettle Guard": 1838, "Raging Battle Mouse": 2109, "Voldaren Thrillseeker": 3090, "Parting Gust_SB": 1970, "Boon-Bringer Valkyrie": 276, "Rockface Village_SB": 2252, "Elesh Norn_SB": 781, "Long River's Pull": 1634, "Sunspine Lynx": 2636, "Stoic Sphinx": 2593, "Elas il-Kor, Sadistic Pilgrim": 770, "Hajar, Loyal Bodyguard": 1208, "Rakdos, the Muscle": 2117, "Ratadrabik of Urborg": 2131, "The Jolly Balloon Man": 2747, "Blast Zone": 227, "Fomori Vault": 1000, "Skitterbeam Battalion": 2447, "Stern Lesson": 2583, "The Mightstone and Weakstone": 2755, "Thran Spider": 2809, "Assimilation Aegis_SB": 134, "Koth, Fire of Resistance": 1537, "Phyrexian Dragon Engine_SB": 2004, "Vraan, Executioner Thane": 3102, "Valley Rotcaller": 3017, "Goldvein Hydra_SB": 1154, "Terisian Mindbreaker": 2713, "The Mindskinner": 2758, "Eliminate the Impossible_SB": 782, "Azure Beastbinder_SB": 159, "Gix, Yawgmoth Praetor_SB": 1112, "Geological Appraiser_SB": 1069, "Flow of Knowledge": 993, "Abhorrent Oculus_SB": 2, "Shore Up_SB": 2418, "Unauthorized Exit_SB": 2935, "Djeru and Hazoret": 690, "Dragonhawk, Fate's Tempest": 714, "Etali, Primal Conqueror": 836, "Huatli, Poet of Unity": 1336, "Kogla and Yidaro": 1529, "Dollmaker's Shop // Porcelain Gallery_SB": 693, "Commune with Evil": 507, "Nemata, Primeval Warden": 1836, "Hammerhand_SB": 1219, "Aftermath Analyst": 25, "Akawalli, the Seething Tower": 42, "Bringer of the Last Gift": 325, "Maha, Its Feathers Night": 1680, "Rubblebelt Maverick": 2268, "Strangled Cemetery": 2606, "Terramorphic Expanse": 2714, "Uurg, Spawn of Turg": 3001, "Voracious Varmint": 3096, "Wary Watchdog": 3130, "Murder_SB": 1817, "Armored Armadillo": 115, "Draconic Destiny": 706, "Etali's Favor": 835, "Slumbering Keepguard": 2478, "War Squeak": 3118, "Loran's Escape_SB": 1644, "Take Up the Shield_SB": 2677, "Broodspinner": 334, "Hollow Marauder": 1317, "Huskburster Swarm": 1345, "Overwhelming Remorse": 1952, "Writhing Necromass": 3188, "Desperate Bloodseeker_SB": 655, "Echo of Dusk_SB": 760, "Voracious Varmint_SB": 3097, "Creosote Heath": 552, "Crystal Carapace": 566, "Hunter's Talent": 1341, "Petrify_SB": 1992, "Conceited Witch": 510, "Fear of Infinity": 917, "Glimmerlight": 1127, "Shoreline Looter": 2419, "The Witch's Vanity": 2783, "Forlorn Flats": 1011, "Hero of the Dunes": 1284, "Phyrexian Rager": 2011, "Overwhelming Remorse_SB": 1953, "Vanish into Eternity_SB": 3029, "Gixian Infiltrator": 1113, "Sawblade Skinripper": 2315, "Not Dead After All_SB": 1867, "Unseal the Necropolis_SB": 2966, "Bonecache Overseer": 266, "Ichor Drinker": 1348, "Insidious Roots": 1383, "Izoni, Center of the Web": 1440, "Ozolith, the Shattered Spire": 1956, "Skyfisher Spider": 2460, "Snarling Gorehound": 2487, "Twitching Doll": 2918, "Urborg Repossession": 2987, "Enduring Curiosity_SB": 801, "Requisition Raid": 2193, "Third Path Iconoclast": 2787, "Artist's Talent_SB": 121, "Kellan, Inquisitive Prodigy": 1500, "Royal Treatment_SB": 2267, "Valley Floodcaller_SB": 3014, "Pawpatch Formation": 1973, "Skrelv's Hive_SB": 2449, "Karumonix, the Rat King": 1486, "Lilypad Village": 1612, "Persistent Marshstalker": 1986, "Vren, the Relentless": 3109, "Anzrag's Rampage_SB": 83, "Insatiable Avarice": 1379, "Archdruid's Charm": 99, "Arid Archway": 112, "Pawpatch Recruit_SB": 1976, "Highway Robbery": 1308, "Treasure Map": 2891, "Jodah, the Unifier": 1456, "Melira, the Living Cure": 1722, "Sigarda, Font of Blessings": 2428, "Drana and Linvala_SB": 719, "Kellan, the Kid_SB": 1506, "Kutzil, Malamet Exemplar_SB": 1551, "Myrel, Shield of Argive_SB": 1822, "Skrelv, Defector Mite_SB": 2451, "Tinybones Joins Up_SB": 2843, "Gishath, Sun's Avatar": 1105, "Aspirant's Ascent": 129, "Enter the Enigma": 815, "Ivy, Gleeful Spellthief": 1437, "Molten Duplication": 1780, "Take the Fall": 2679, "Venerated Rotpriest": 3038, "Ivy, Gleeful Spellthief_SB": 1438, "Ojer Axonil, Deepest Might": 1894, "Kogla and Yidaro_SB": 1530, "Vaultborn Tyrant_SB": 3034, "Song of Totentanz_SB": 2493, "Fae Flight_SB": 879, "Silent Hallcreeper_SB": 2431, "Stenn, Paranoid Partisan": 2581, "Gremlin Tamer_SB": 1185, "Dreams of Steel and Oil": 728, "Unholy Annex // Ritual Chamber_SB": 2953, "Amalia Benavides Aguirre": 51, "Thousand Moons Smithy": 2805, "Unstable Glyphbridge": 2969, "Worldwalker Helm": 3180, "Spring-Loaded Sawblades_SB": 2552, "Quick Study": 2093, "Awaken the Woods": 152, "Goldvein Hydra": 1153, "Nissa, Resurgent Animist": 1855, "Pick Your Poison": 2015, "Surge Engine": 2640, "Training Grounds": 2878, "Vorinclex": 3098, "Aftermath Analyst_SB": 26, "Training Grounds_SB": 2879, "Regal Bunnicorn_SB": 2173, "Corpses of the Lost_SB": 530, "Fugitive Codebreaker": 1032, "Slickshot Show-Off_SB": 2476, "Bandit's Haul": 171, "Conduit of Worlds": 512, "Faunsbane Troll": 907, "The Goose Mother": 2740, "Anointed Peacekeeper": 80, "Archangel of Tithes": 95, "Guardian of New Benalia": 1200, "Veteran Survivor": 3051, "Tocasia's Welcome_SB": 2860, "Commercial District_SB": 506, "Innkeeper's Talent_SB": 1375, "Darkstar Augur_SB": 590, "Arabella, Abandoned Doll": 84, "Case of the Gateway Express_SB": 396, "Patchwork Banner": 1971, "Kaito, Dancing Shadow_SB": 1474, "Crawling Chorus": 550, "Skrelv's Hive": 2448, "Sword of Forge and Frontier_SB": 2661, "Sword of Forge and Frontier": 2660, "Sword of Once and Future": 2662, "Fleeting Reflection": 984, "Reasonable Doubt": 2153, "Serum Snare": 2387, "The Seedcore": 2768, "Bring the Ending_SB": 324, "Keen-Eyed Curator": 1493, "Jawbone Duelist": 1449, "Seal from Existence": 2352, "Scorching Shot": 2334, "Not on My Watch": 1868, "Two-Headed Hunter": 2919, "Render Inert_SB": 2185, "Demolition Field_SB": 641, "Dollmaker's Shop && Porcelain Gallery": 691, "Overlord of the Floodpits_SB": 1943, "Agatha's Soul Cauldron_SB": 30, "Lavaspur Boots_SB": 1564, "Arabella, Abandoned Doll_SB": 85, "Restless Anchorage_SB": 2202, "Overlord of the Boilerbilges_SB": 1941, "Island_SB": 1435, "Invasion of Innistrad": 1410, "Fugitive Codebreaker_SB": 1033, "Misery's Shadow_SB": 1763, "Lukka, Bound to Ruin": 1652, "Migloz, Maze Crusher": 1742, "Quintorius Kand_SB": 2095, "Osseous Sticktwister_SB": 1918, "Walk-In Closet && Forgotten Cellar": 3114, "Assassin's Trophy_SB": 132, "Unable to Scream": 2932, "Horned Loch-Whale_SB": 1329, "Piggy Bank": 2019, "Rankle's Prank": 2127, "Sunken Citadel_SB": 2632, "Farsight Ritual_SB": 902, "Bladecoil Serpent_SB": 222, "Urza's Sylex": 2998, "Starscape Cleric_SB": 2569, "Curate": 572, "Proft's Eidetic Memory_SB": 2067, "Confounding Riddle": 514, "The Enigma Jewel": 2733, "The Swarmweaver": 2777, "Virtue of Knowledge_SB": 3068, "Insatiable Avarice_SB": 1380, "Sheoldred": 2402, "Ruthless Negotiation_SB": 2288, "Sunfire Torch": 2630, "Legion Extruder": 1574, "Coati Scavenger": 483, "Drag to the Roots": 711, "Baird, Argivian Recruiter": 163, "Dollmaker's Shop // Porcelain Gallery": 692, "One with the Multiverse": 1907, "Trapped in the Screen": 2886, "Shoot the Sheriff_SB": 2416, "Blossoming Tortoise": 258, "Knight of Dusk's Shadow_SB": 1523, "Arcane Proxy": 90, "Astor, Bearer of Blades": 135, "Dissection Tools": 676, "Chrome Prowler": 457, "Hidden Cataract": 1292, "Hidden Courtyard": 1293, "Liberator, Urza's Battlethopter": 1595, "Out Cold": 1924, "Lost in the Maze_SB": 1650, "Spark Rupture_SB": 2513, "Case of the Crimson Pulse": 392, "Meeting of Minds": 1721, "Stoke the Flames": 2595, "The Skullspore Nexus": 2769, "Glass Casket": 1118, "Repel Calamity": 2188, "Walk-In Closet && Forgotten Cellar_SB": 3115, "Twinferno": 2911, "Pest Control": 1987, "Tarnation Vista": 2687, "Sandstorm Verge": 2301, "Pillage the Bog_SB": 2025, "Cankerbloom": 376, "Violent Urge": 3062, "Argentum Masticore_SB": 110, "Archdruid's Charm_SB": 100, "Ghostly Dancers_SB": 1090, "Micromancer": 1736, "Case of the Filched Falcon": 394, "Clement, the Worrywort": 476, "Dour Port-Mage": 702, "Dreamdew Entrancer": 726, "Long River Lurker": 1633, "Oakhollow Village": 1879, "Pond Prophet": 2045, "Sunshower Druid": 2634, "Three Tree Scribe": 2821, "Valley Mightcaller": 3015, "Invasion of Ixalan": 1411, "Bristlebud Farmer_SB": 327, "Drannith Ruins": 721, "Coppercoat Vanguard": 526, "Valiant Veteran": 3010, "Misery's Shadow": 1762, "Syr Ginger, the Meal Ender": 2669, "Teething Wurmlet": 2695, "Tough Cookie": 2874, "Tail Swipe_SB": 2673, "Sharp-Eyed Rookie": 2397, "Metropolis Reformer_SB": 1735, "Annex Sentry": 72, "Slaughter Singer": 2469, "Ajani, Sleeper Agent_SB": 39, "Burrowguard Mentor": 353, "Finneas, Ace Archer": 970, "Hop to It": 1323, "Seasoned Warrenguard": 2367, "Treeguard Duo_SB": 2893, "Bristly Bill, Spine Sower": 329, "Case of the Locked Hothouse": 397, "Evolving Wilds": 847, "Festering Gulch": 953, "Fake Your Own Death_SB": 891, "Forest_SB": 1008, "Heaped Harvest_SB": 1255, "Swamp_SB": 2653, "Breeches, Eager Pillager": 315, "Captain Storm, Cosmium Raider": 382, "Goblin Tomb Raider": 1149, "Kitesail Larcenist": 1515, "Malcolm, the Eyes": 1689, "Reckless Lackey": 2157, "Roaming Throne": 2243, "Staunch Crewmate": 2573, "Roaming Throne_SB": 2244, "Fauna Shaman": 905, "Haywire Mite": 1245, "Kami of Whispered Hopes": 1478, "Likeness Looter": 1607, "Nashi, Moon's Legacy": 1828, "Tyvar, Jubilant Brawler": 2928, "Demand Answers": 639, "Magebane Lizard_SB": 1676, "Take Up the Shield": 2676, "Jirina, Dauntless General_SB": 1455, "Slime Against Humanity": 2477, "Explosive Derailment": 859, "Fell": 946, "Great Train Heist": 1175, "Return the Favor": 2220, "Chainsaw_SB": 429, "Might of the Meek_SB": 1741, "Rabid Gnaw_SB": 2098, "Turn Inside Out_SB": 2909, "Chupacabra Echo": 458, "Cruel Somnophage": 553, "Gnawing Vermin": 1137, "Hollow Scavenger": 1319, "Urborg Lhurgoyf": 2986, "Hedge Shredder": 1266, "Grievous Wound_SB": 1188, "Cathartic Parting_SB": 407, "Impulse_SB": 1363, "Lich-Knights' Conquest_SB": 1597, "Overlord of the Hauntwoods_SB": 1945, "Bovine Intervention_SB": 294, "Scatter Ray": 2326, "Ashiok, Wicked Manipulator_SB": 125, "Ghired, Mirror of the Wilds": 1083, "Cult Conscript": 568, "Roaring Furnace && Steaming Sauna_SB": 2246, "Hidetsugu and Kairi": 1301, "Under the Skin": 2940, "Elusive Otter_SB": 786, "Unyielding Gatekeeper": 2980, "Etali, Primal Conqueror_SB": 837, "Restricted Office && Lecture Hall_SB": 2217, "Season of Weaving_SB": 2363, "Cunning Coyote": 570, "Osteomancer Adept": 1921, "Tail Swipe": 2672, "Thraxodemon": 2812, "Fear of Lost Teeth": 921, "Invasion of Azgol": 1405, "The Witch's Vanity_SB": 2784, "Tinybones, the Pickpocket_SB": 2846, "Decadent Dragon": 616, "Rakdos, Patron of Chaos": 2116, "Gingerbrute": 1102, "Marvin, Murderous Mimic": 1706, "Kitesail Larcenist_SB": 1516, "Repulsive Mutation_SB": 2191, "The Infamous Cruelclaw_SB": 2745, "Pollen-Shield Hare": 2040, "Three Tree City": 2819, "Ashiok, Wicked Manipulator": 124, "Final Showdown": 966, "Kutzil's Flanker": 1548, "Ingenious Prodigy": 1373, "Kaito, Dancing Shadow": 1473, "Plumecreed Escort_SB": 2037, "Captivating Cave": 383, "Aloe Alchemist": 49, "Yavimaya Iconoclast": 3192, "Neutralize the Guards_SB": 1841, "Bloodletter of Aclazotz_SB": 247, "Braids, Arisen Nightmare_SB": 298, "Torch the Witness_SB": 2871, "Pugnacious Hammerskull_SB": 2080, "Glarb, Calamity's Augur_SB": 1117, "Warden of the Inner Sky_SB": 3121, "Kambal, Profiteering Mayor_SB": 1477, "Painter's Studio && Defaced Gallery_SB": 1961, "Planar Disruption_SB": 2033, "Overprotect_SB": 1949, "Portent of Calamity": 2050, "The Irencrag": 2746, "Floodpits Drowner_SB": 990, "Lukka, Bound to Ruin_SB": 1653, "Roxanne, Starfall Savant_SB": 2265, "Black Sun's Twilight": 218, "Iridescent Vinelasher_SB": 1431, "Werefox Bodyguard_SB": 3143, "Lost in the Maze": 1649, "Great Train Heist_SB": 1176, "Bristling Backwoods": 328, "Rugged Highlands": 2270, "Razortrap Gorge": 2145, "Herbology Instructor_SB": 1281, "Hidden Grotto": 1294, "Heroic Reinforcements": 1288, "Maelstrom Pulse": 1672, "Scavenging Ooze": 2329, "Vivien Reid": 3078, "Liliana, Dreadhorde General_SB": 1611, "Maelstrom Pulse_SB": 1673, "Phyrexian Obliterator": 2009, "Back for Seconds_SB": 161, "Case of the Stashed Skeleton_SB": 401, "Homicide Investigator_SB": 1321, "Boros Charm": 279, "Llanowar Elves": 1622, "Burst Lightning": 354, "Abyssal Harvester": 9, "Day of Judgment": 596, "Authority of the Consuls_SB": 148, "Devout Decree_SB": 662, "Flashfreeze_SB": 981, "Evangel of Synthesis": 844, "Zombify": 3210, "Desecration Demon_SB": 652, "Wail of the Forgotten_SB": 3112, "Soulstone Sanctuary": 2508, "Scavenging Ooze_SB": 2330, "Vivien Reid_SB": 3079, "Basilisk Collar_SB": 187, "Sun-Blessed Healer": 2622, "Temple of Triumph": 2708, "Campus Renovation_SB": 372, "Boltwave": 264, "Splitskin Doll_SB": 2548, "Heartflame Duelist_SB": 1260, "Slagstorm_SB": 2468, "Mazemind Tome": 1715, "Crystal Barricade_SB": 565, "Kellan, Planar Trailblazer": 1502, "Bloodthirsty Conqueror_SB": 251, "Spinner of Souls": 2537, "Feed the Swarm_SB": 937, "Kaito, Cunning Infiltrator_SB": 1472, "Opt": 1908, "Pitiless Carnage_SB": 2028, "Kiora, the Rising Tide": 1513, "Ghitu Lavarunner": 1085, "Thrill of Possibility": 2824, "Blooming Blast_SB": 255, "Elenda, Saint of Dusk": 776, "Garna, Bloodfist of Keld": 1053, "Kellan, the Kid": 1505, "Secluded Courtyard": 2369, "Faebloom Trick": 880, "Authority of the Consuls": 147, "Exemplar of Light": 848, "Fiendish Panda": 958, "Hinterland Sanctifier": 1310, "Elenda, Saint of Dusk_SB": 777, "Spectral Sailor": 2518, "Unsummon": 2974, "Giant Cindermaw_SB": 1094, "Bloodthirsty Conqueror": 250, "Heartflame Duelist": 1259, "Viashino Pyromancer": 3055, "Ball Lightning": 166, "Bloodfeather Phoenix": 242, "Grab the Prize": 1162, "Lyra Dawnbringer_SB": 1666, "Virtue of Courage_SB": 3066, "Brineborn Cutthroat_SB": 322, "Ertai's Scorn_SB": 828, "Flow of Knowledge_SB": 994, "Haughty Djinn_SB": 1238, "Urza's Rebuff_SB": 2996, "Felidar Retreat": 943, "Herald of Eternal Dawn": 1276, "Loot, Exuberant Explorer": 1637, "Mossborn Hydra": 1803, "Abyssal Harvester_SB": 10, "Painter's Studio // Defaced Gallery_SB": 1963, "Hero's Downfall": 1285, "Liliana, Dreadhorde General": 1610, "Temple of Malady": 2703, "Temple of Plenty": 2706, "Temple of Silence": 2707, "Mortify_SB": 1802, "White Sun's Twilight_SB": 3149, "Kaito, Cunning Infiltrator": 1471, "Sphinx of Forgotten Lore": 2529, "Aetherize_SB": 23, "Feldon's Cane_SB": 939, "Demonic Pact": 646, "Harmless Offering": 1230, "Cathar Commando": 405, "Knight of Grace": 1524, "Ajani, Caller of the Pride_SB": 36, "Ethereal Armor_SB": 842, "Reclamation Sage_SB": 2161, "Dead Weight": 601, "Gixian Puppeteer": 1115, "Revenge of the Rats": 2221, "Terror Ballista": 2715, "The Ancient One": 2724, "An Offer You Can't Refuse_SB": 57, "Trapped in the Screen_SB": 2887, "Llanowar Greenwidow": 1624, "Zurgo and Ojutai": 3218, "Final Showdown_SB": 967, "Subterranean Schooner_SB": 2617, "Virtue of Strength": 3073, "Worldsoul's Rage": 3179, "Hero's Downfall_SB": 1286, "Boros Charm_SB": 280, "Ashroot Animist": 128, "Polukranos Reborn": 2043, "Ruby, Daring Tracker": 2269, "Muerra, Trash Tactician_SB": 1813, "Refute": 2170, "Curator of Destinies_SB": 573, "Day of Judgment_SB": 597, "Bloated Contaminator": 236, "High Stride": 1306, "Infectious Bite": 1367, "Aspirant's Ascent_SB": 130, "Distorted Curiosity_SB": 679, "Enter the Enigma_SB": 816, "Fleeting Reflection_SB": 985, "High Stride_SB": 1307, "Prologue to Phyresis_SB": 2071, "This Town Ain't Big Enough_SB": 2792, "Jirina, Dauntless General": 1454, "Deathmark_SB": 613, "Joust Through_SB": 1463, "Knight of Grace_SB": 1525, "Raise the Past_SB": 2112, "Arcanis the Omnipotent_SB": 92, "Feed the Cycle_SB": 934, "Insidious Fungus_SB": 1382, "Stab_SB": 2560, "Blooming Blast": 254, "Coruscation Mage": 535, "Firebrand Archer": 971, "Dazzling Denial": 599, "Empyrean Eagle": 795, "Healer's Hawk": 1253, "Temple of Deceit": 2700, "Sentinel of the Nameless City_SB": 2383, "Doubling Season": 700, "Cathar Commando_SB": 406, "Elegant Parlor_SB": 775, "Thrun, Breaker of Silence": 2829, "Greed's Gambit": 1177, "Molten Collapse_SB": 1779, "Sire of Seven Deaths_SB": 2442, "Invasion of Zendikar": 1425, "Chimil, the Inner Sun_SB": 451, "Pilfer_SB": 2023, "Urborg Scavengers_SB": 2990, "Ajani's Pridemate": 34, "Arahbo, the First Fang": 87, "Joust Through": 1462, "Prideful Parent": 2058, "Regal Caracal": 2174, "Savannah Lions": 2311, "Skyknight Squire": 2462, "Banishing Light_SB": 175, "Claws Out_SB": 473, "Audacity_SB": 143, "Brineborn Cutthroat": 321, "Desecration Demon": 651, "Cynical Loner": 582, "Driver of the Dead": 732, "Gatekeeper of Malakir": 1063, "Infestation Sage": 1370, "Kalastria Highborn": 1475, "Nullpriest of Oblivion": 1873, "Pulse Tracker": 2081, "Vampire Nighthawk": 3024, "Vengeful Bloodwitch": 3040, "Undergrowth Recon": 2944, "Walk-In Closet // Forgotten Cellar": 3116, "An Offer You Can't Refuse": 56, "Carnelian Orb of Dragonkind": 387, "Invasion of Tarkir": 1420, "Sarkhan, Soul Aflame": 2308, "Slagstorm": 2467, "Stingerback Terror": 2586, "Twinflame Tyrant": 2913, "Omniscience": 1904, "Drag to the Roots_SB": 712, "Buried in the Garden": 347, "Clifftop Lookout": 477, "Fecund Greenshell": 931, "Genesis Wave": 1067, "Tender Wildguide": 2711, "Invasion of Regatha": 1416, "Luminous Rebuke": 1656, "Primal Might": 2059, "Arcanis the Omnipotent": 91, "Moment of Craving_SB": 1783, "Tinybones, Bauble Burglar": 2844, "Sphinx of Forgotten Lore_SB": 2530, "Ashnod's Intervention": 127, "Witness Protection_SB": 3176, "Bloodfeather Phoenix_SB": 243, "Koma, World-Eater": 1534, "Fear of Impostors_SB": 916, "Giada, Font of Hope": 1091, "Guardian of Ghirapur": 1199, "Lyra Dawnbringer": 1665, "Resplendent Angel": 2196, "Youthful Valkyrie": 3197, "Witness Protection": 3175, "Fabrication Foundry": 876, "Fumigate": 1035, "Hammerhand": 1218, "Sawblade Scamp": 2314, "Citanul Stalwart": 464, "Dwynen's Elite": 751, "Elvish Archdruid": 787, "Imperious Perfect": 1359, "Leaf-Crowned Visionary": 1570, "Surrak and Goreclaw": 2649, "Tyvar the Bellicose": 2925, "Tyvar, the Pummeler": 2929, "Dwynen, Gilt-Leaf Daen_SB": 753, "Unsummon_SB": 2975, "Deeproot Wayfinder": 625, "Surrak, the Hunt Caller": 2651, "Wildborn Preserver_SB": 3152, "Sire of Seven Deaths": 2441, "Searslicer Goblin": 2356, "Stromkirk Noble": 2612, "Reclamation Sage": 2160, "Case of the Locked Hothouse_SB": 398, "Bulk Up": 344, "Chandra, Flameshaper": 430, "Swiftblade Vindicator": 2655, "Leyline Axe": 1583, "Sporogenic Infection": 2549, "Commune with Evil_SB": 508, "Fear of Missing Out_SB": 923, "Coppercoat Vanguard_SB": 527, "Garna, Bloodfist of Keld_SB": 1054, "Helpful Hunter": 1274, "Knight of Dawn's Light": 1520, "Raise the Past": 2111, "Enduring Tenacity_SB": 805, "Leyline of Hope_SB": 1587, "Massacre Wurm_SB": 1710, "Burst Lightning_SB": 355, "Archmage of Runes": 103, "Ertai's Scorn": 827, "Metamorphic Blast": 1730, "Unauthorized Exit": 2934, "Harrier Strix_SB": 1233, "Strix Lookout_SB": 2609, "The Tale of Tamiyo_SB": 2780, "Twist Reality_SB": 2915, "Vampire Nighthawk_SB": 3025, "Runic Shot_SB": 2279, "Razorlash Transmogrant": 2143, "Huskburster Swarm_SB": 1346, "Invasion of Tarkir_SB": 1421, "Hearthborn Battler": 1263, "Contaminated Aquifer": 523, "Marauding Brinefang": 1698, "Soul-Guide Lantern": 2501, "Union of the Third Path": 2956, "Vanish into Eternity": 3028, "Dewdrop Cure": 663, "Elesh Norn": 778, "Goblin Surprise": 1148, "Irreverent Gremlin": 1433, "Krenko, Mob Boss": 1544, "Norin, Swift Survivalist": 1863, "Vicious Clown": 3057, "Involuntary Employment_SB": 1429, "Agate-Blade Assassin": 28, "Outlaws' Fury": 1930, "Ravine Raider": 2139, "Agate Assault_SB": 27, "Bake into a Pie_SB": 164, "Hazardous Blast_SB": 1247, "Azorius Guildgate": 157, "Boros Guildgate": 281, "Circuitous Route": 463, "Dimir Guildgate": 667, "Eaten Alive": 757, "Expedition Map": 852, "Golgari Guildgate": 1156, "Gruul Guildgate": 1196, "Insidious Fungus": 1381, "Izzet Guildgate": 1442, "Maze's End": 1713, "Muldrotha, the Gravetide": 1814, "Orzhov Guildgate": 1916, "Rakdos Guildgate": 2113, "Selesnya Guildgate": 2379, "Simic Guildgate": 2438, "Tatyova, Benthic Druid": 2689, "Brightblade Stoat_SB": 318, "Savor_SB": 2313, "Thornwood Falls": 2798, "Candy Trail": 375, "Marauding Blight-Priest": 1697, "Moment of Craving": 1782, "Murder": 1816, "Savor": 2312, "Servant of the Stinger": 2389, "Sanguine Indulgence_SB": 2304, "Soul-Shackled Zombie_SB": 2504, "Deadly Brew": 604, "Tocasia's Dig Site": 2858, "Electrostatic Infantry": 773, "Frenzied Goblin_SB": 1025, "The Autonomous Furnace": 2725, "Impact Tremors": 1357, "Kindlespark Duo": 1511, "Ral's Reinforcements": 2119, "Rodeo Pyromancers": 2254, "Deadeye Duelist_SB": 603, "Skewer Slinger_SB": 2444, "Thunder Salvo_SB": 2831, "Midnight Mayhem": 1738, "Ratcatcher Trainee": 2132, "Scytheclaw Raptor_SB": 2350, "Bartolom\u00e9 del Presidio": 183, "Midnight Reaper": 1739, "Nezumi Linkbreaker": 1844, "Vampire Gourmand": 3023, "Guardian of the Great Door": 1201, "Lonely Arroyo": 1630, "Norn's Inquisitor": 1865, "Spring-Loaded Sawblades": 2551, "Banner of Kinship": 176, "Hare Apparent": 1229, "Kayla's Reconstruction": 1492, "Hinterland Sanctifier_SB": 1311, "Dragon Fodder": 713, "Keldon Strike Team_SB": 1496, "Prophetic Prism": 2073, "Souls of the Lost": 2507, "Basilisk Collar": 186, "Ambush Wolf_SB": 53, "Dead Weight_SB": 602, "Fog of War_SB": 999, "Aetherize": 22, "Peculiar Lighthouse": 1978, "Swiftwater Cliffs": 2658, "Tolarian Terror_SB": 2863, "Union of the Third Path_SB": 2957, "Hidetsugu's Second Rite": 1302, "Ghitu Lavarunner_SB": 1086, "Boulderbranch Golem": 290, "Fierce Empath": 960, "Galewind Moose": 1048, "Gossip's Talent": 1161, "Gruff Triplets": 1195, "Lush Oasis": 1663, "Mirage Mesa": 1752, "Outcaster Greenblade": 1926, "Sunshower Druid_SB": 2635, "Drag the Canal_SB": 708, "Scatter Ray_SB": 2327, "Stingerback Terror_SB": 2587, "Flamewake Phoenix_SB": 979, "Grand Entryway && Elegant Rotunda": 1168, "Karplusan Forest_SB": 1485, "Argoth, Sanctum of Nature": 111, "Cosmic Rebirth": 538, "Elvish Regrower": 790, "Springbloom Druid": 2553, "Titania, Voice of Gaea": 2852, "Tolsimir, Midnight's Light": 2864, "Twisted Fealty": 2916, "Aegis Turtle_SB": 18, "Temple of Malice": 2704, "Night of the Sweets' Revenge": 1847, "Welcome to Sweettooth": 3141, "Cosmium Confluence_SB": 541, "See Double_SB": 2370, "Volatile Fault_SB": 3086, "Fiery Annihilation_SB": 962, "Calix, Guided by Fate_SB": 367, "Divine Resilience_SB": 689, "Unflinching Courage_SB": 2949, "Valorous Stance_SB": 3022, "Trygon Predator_SB": 2902, "Dwynen, Gilt-Leaf Daen": 752, "Lathril, Blade of the Elves": 1558, "Wildborn Preserver": 3151, "Ajani, Caller of the Pride": 35, "Angel of Vitality": 66, "Leonin Vanguard": 1579, "Extinguish the Light_SB": 866, "Nine-Lives Familiar": 1852, "Voracious Greatshark": 3095, "Anthem of Champions": 82, "Armasaur Guide": 114, "Biogenic Upgrade": 210, "Charming Prince": 442, "Dazzling Angel": 598, "Felidar Savior": 945, "Felling Blow": 948, "Gnarlid Colony": 1136, "Good-Fortune Unicorn": 1160, "Inspiring Call": 1385, "Inspiring Paladin": 1387, "Mild-Mannered Librarian": 1744, "Pacifism": 1957, "Wary Thespian": 3129, "Wildwood Scourge": 3155, "Rite of Replication": 2232, "Swiftfoot Boots_SB": 2657, "Eaten by Piranhas_SB": 759, "Axebane Ferox_SB": 154, "Silver Scrutiny_SB": 2434, "Flourishing Bloom-Kin": 992, "Ghalta, Primal Hunger": 1080, "Immersturm Predator": 1354, "Alesha, Who Laughs at Fate": 46, "Aurelia, the Law Above": 145, "Perforating Artist": 1982, "Voldaren Thrillseeker_SB": 3091, "Crash Through": 548, "Drake Hatcher": 717, "Feed the Swarm": 936, "Crawling Barrens": 549, "Mazemind Tome_SB": 1716, "Phyrexian Censor": 2001, "Phyrexian Vindicator": 2012, "Volatile Fault": 3085, "Seal from Existence_SB": 2353, "Stasis Snare_SB": 2571, "Urborg Scavengers": 2989, "Zetalpa, Primal Dawn": 3203, "Chrome Host Seedshark": 455, "Ichormoon Gauntlet": 1349, "Jace Reawakened": 1443, "Jin-Gitaxias": 1453, "Temple of Epiphany": 2702, "Galvanize_SB": 1051, "Tocasia's Welcome": 2859, "Bonehoard Dracosaur": 269, "Dragonlord's Servant": 715, "Incinerator of the Guilty": 1364, "Kolaghan Warmonger": 1531, "Rivaz of the Claw": 2236, "Tyrant of Kher Ridges": 2920, "Burglar Rat": 346, "Halo Forager": 1215, "Macabre Waltz": 1670, "Mindsplice Apparatus": 1747, "Painful Quandary": 1958, "Psychic Whorl": 2077, "Rune-Scarred Demon": 2277, "The Key to the Vault": 2750, "The Rollercrusher Ride_SB": 2767, "Titania, Voice of Gaea_SB": 2853, "Dawn's Truce": 593, "Joint Exploration": 1460, "Titania's Command_SB": 2851, "Colossal Rattlewurm": 498, "Rattleback Apothecary": 2133, "Tatyova, Steward of Tides": 2690, "Tomb Trawler_SB": 2866, "Nashi, Searcher in the Dark_SB": 1830, "Inspiration from Beyond": 1384, "Filter Out_SB": 964, "Kutzil, Malamet Exemplar": 1550, "Runic Shot": 2278, "Herald of Eternal Dawn_SB": 1277, "Sun-Blessed Healer_SB": 2623, "Mortify": 1801, "Seeker's Folly": 2373, "Coveted Falcon": 545, "Greed's Gambit_SB": 1178, "Stab": 2559, "Ferocification": 951, "Dreadwing Scavenger": 725, "Broodspinner_SB": 335, "The Gitrog, Ravenous Ride_SB": 2739, "Invasion of Gobakhan": 1408, "Fiery Annihilation": 961, "Beseech the Mirror_SB": 201, "Heroic Reinforcements_SB": 1289, "Peerless Recycling_SB": 1979, "Wing Commando": 3161, "Bloodfell Caves": 244, "Essence Scatter_SB": 834, "Cerebral Confiscation_SB": 425, "Haunted Screen": 1243, "Prayer of Binding": 2054, "Furnace Reins": 1042, "River's Rebuke": 2237, "Koma, World-Eater_SB": 1535, "Primeval Bounty_SB": 2061, "River's Rebuke_SB": 2238, "Regal Caracal_SB": 2175, "Kiora, the Rising Tide_SB": 1514, "Rat Out_SB": 2130, "Plains_SB": 2031, "Faebloom Trick_SB": 881, "Throne of the Grim Captain": 2826, "The Kenriths' Royal Funeral_SB": 2749, "Saiba Cryptomancer": 2295, "Zoetic Glyph_SB": 3209, "Seized from Slumber_SB": 2378, "Inspiring Overseer": 1386, "Mischievous Pup": 1761, "Angel of Finality_SB": 65, "Kraul Whipcracker": 1539, "Wardens of the Cycle": 3122, "Badlands Revival": 162, "Copper Host Crusher": 525, "Feed the Infection": 935, "Vinereap Mentor_SB": 3061, "Belligerent Yearling": 199, "Colossadactyl": 497, "Earthshaker Dreadmaw": 756, "Giant Cindermaw": 1093, "Itzquinth, Firstborn of Gishath": 1436, "Ixalli's Lorekeeper": 1439, "Rogue's Passage": 2255, "Scytheclaw Raptor": 2349, "Thrashing Brontodon": 2811, "Triumphant Chomp": 2899, "Armored Kincaller_SB": 117, "Ankle Biter": 71, "Fynn, the Fangbearer": 1044, "Nimraiser Paladin": 1851, "The Hunter Maze": 2741, "At Knifepoint": 137, "Fanatical Firebrand": 897, "Hellspur Brute": 1270, "Caught in the Crossfire_SB": 408, "Mourner's Surprise_SB": 1809, "Unflinching Courage": 2948, "Sanguine Evangelist_SB": 2303, "Sandstorm Salvager": 2299, "Hired Claw_SB": 1313, "Autonomous Assembler": 149, "Quintorius Kand": 2094, "Kayla's Command_SB": 1491, "Starfall Invocation_SB": 2567, "Luminous Rebuke_SB": 1657, "Massacre Wurm": 1709, "Stalactite Stalker": 2561, "Felidar Retreat_SB": 944, "Dreamdew Entrancer_SB": 727, "Spinner of Souls_SB": 2538, "Gisa, the Hellraiser_SB": 1104, "Bitter Reunion_SB": 215, "Jace Reawakened_SB": 1444, "Dust Animus": 747, "Steel Seraph_SB": 2580, "Dust Animus_SB": 748, "Gumdrop Poisoner_SB": 1206, "Archangel of Tithes_SB": 96, "Demonic Counsel_SB": 643, "Warleader's Call_SB": 3126, "Phyrexian Censor_SB": 2002, "Rat Out": 2129, "Lively Dirge_SB": 1620, "Herbology Instructor": 1280, "Restless Bivouac_SB": 2204, "Imperious Perfect_SB": 1360, "Sandstorm Salvager_SB": 2300, "Tough Cookie_SB": 2875, "Raucous Carnival_SB": 2135, "Cavernous Maw": 416, "Forgotten Monument": 1010, "Titania's Command": 2850, "Funeral Room // Awakening Hall_SB": 1038, "Rise of the Dark Realms_SB": 2230, "Urza, Lord Protector": 3000, "Curious Forager": 574, "The Mycotyrant": 2761, "Sporogenic Infection_SB": 2550, "Seize the Spoils": 2376, "Canonized in Blood": 378, "Cemetery Recruitment": 421, "Diregraf Ghoul": 668, "Hungry Ghoul": 1340, "Mephitic Draught": 1727, "Offer Immortality": 1891, "Sanguine Syphoner": 2305, "Skeleton Archer": 2443, "Vampiric Rites": 3027, "Temple of Enlightenment": 2701, "Fumigate_SB": 1036, "Valkyrie's Call_SB": 3011, "Skystrike Officer": 2466, "Mockingbird_SB": 1774, "Temple of Mystery": 2705, "Timely Interference": 2840, "Vesuvan Duplimancy": 3049, "Dive Down_SB": 685, "Scrawling Crawler_SB": 2342, "Dryad Militant_SB": 738, "Bristlebud Farmer": 326, "Charred Foyer && Warped Space_SB": 444, "Absolving Lammasu_SB": 6, "Coruscation Mage_SB": 536, "Think Twice": 2785, "Micromancer_SB": 1737, "Bruse Tarl, Roving Rancher": 338, "Fblthp, Lost on the Range": 908, "Weakstone's Subjugation": 3134, "Fblthp, Lost on the Range_SB": 909, "Weakstone's Subjugation_SB": 3135, "Bottomless Pool && Locker Room": 286, "Hidetsugu's Second Rite_SB": 1303, "Invasion of Karsus_SB": 1414, "Mirror Room && Fractured Realm_SB": 1757, "Sword of Wealth and Power_SB": 2665, "Wildfire Howl_SB": 3153, "Zurgo and Ojutai_SB": 3219, "Mabel, Heir to Cragflame_SB": 1669, "Halo Forager_SB": 1216, "Ballyrush Banneret": 167, "Siege Veteran_SB": 2426, "Soulstone Sanctuary_SB": 2509, "Karn, Living Legacy": 1482, "Metropolis Reformer": 1734, "Krenko's Buzzcrusher_SB": 1543, "Final Vengeance_SB": 969, "Silverback Elder_SB": 2435, "Blood Spatter Analysis": 241, "Branchblight Stalker": 301, "Gitaxian Anatomist": 1106, "Goliath Hatchery": 1157, "Ichorspit Basilisk": 1350, "Lakeside Shack": 1555, "Maze's Mantle": 1714, "Mesmerizing Dose": 1729, "Paladin of Predation": 1964, "Plague Nurse": 2029, "Tainted Observer": 2675, "Tangled Islet": 2686, "Thrummingbird": 2828, "Tyrranax Atrocity": 2922, "Venomous Brutalizer": 3044, "Viral Spawning": 3064, "Vivisurgeon's Insight": 3080, "Angelic Intervention": 67, "Omenpath Journey": 1903, "Poison Dart Frog": 2038, "Rampaging Baloths": 2122, "Rundvelt Hordemaster": 2275, "Migloz, Maze Crusher_SB": 1743, "Seraphic Steed": 2384, "Meticulous Excavation_SB": 1733, "Seeker's Folly_SB": 2374, "Realmbreaker, the Invasion Tree": 2151, "Deeproot Pilgrimage": 623, "Mistway Spy": 1770, "Grabby Giant": 1164, "Rite of the Dragoncaller": 2233, "Hulking Raptor": 1339, "Pugnacious Hammerskull": 2079, "Aegis Turtle": 17, "Venerated Rotpriest_SB": 3039, "Gwenna, Eyes of Gaea": 1207, "Halana and Alena, Partners": 1210, "Inga and Esika": 1372, "Myrel, Shield of Argive": 1821, "Hajar, Loyal Bodyguard_SB": 1209, "Surrak and Goreclaw_SB": 2650, "Invasion of Kaldheim": 1412, "Doomsday Excruciator_SB": 696, "Getaway Glamer_SB": 1077, "Bottomless Pool // Locker Room": 288, "Necrogen Communion": 1831, "Vraska Joins Up": 3103, "Thirsting Roots_SB": 2790, "Battlefly Swarm": 191, "Solemn Simulacrum": 2489, "Maha, Its Feathers Night_SB": 1681, "The Stone Brain": 2774, "Decadent Dragon_SB": 617, "Viashino Pyromancer_SB": 3056, "Defiled Crypt // Cadaver Lab_SB": 635, "Heraldic Banner": 1278, "Heraldic Banner_SB": 1279, "Thalia and The Gitrog Monster": 2720, "Surgical Suite && Hospital Room_SB": 2646, "Rebel Salvo_SB": 2155, "Entity Tracker_SB": 818, "Aether Channeler": 19, "Defiled Crypt && Cadaver Lab": 632, "Exuberant Fuseling": 870, "Thundertrap Trainer_SB": 2837, "Abuelo's Awakening": 7, "Kitsa, Otterball Elite_SB": 1519, "Rona, Herald of Invasion_SB": 2261, "Unnerving Grasp_SB": 2962, "Fear of Surveillance": 924, "Wilt-Leaf Liege_SB": 3158, "Muerra, Trash Tactician": 1812, "Kona, Rescue Beastie": 1536, "Time Stop": 2838, "Fleeting Flight_SB": 983, "Trash the Town_SB": 2889, "Quick Draw_SB": 2092, "Smuggler's Surprise_SB": 2483, "Whisper of the Dross": 3146, "Vraska's Fall_SB": 3105, "Blasphemous Edict": 225, "Bottomless Pool // Locker Room_SB": 289, "The Princess Takes Flight_SB": 2763, "Anim Pakal, Thousandth Moon_SB": 70, "Adaptive Automaton": 14, "Three Tree Mascot": 2820, "Palani's Hatcher": 1965, "Temple of Abandon": 2699, "Mischievous Mystic": 1760, "Mechanized Warfare": 1720, "Defiler of Flesh": 637, "Garruk's Uprising": 1055, "Zul Ashur, Lich Lord": 3215, "Kraul Whipcracker_SB": 1540, "Restless Reef_SB": 2210, "Lifecreed Duo": 1599, "At Knifepoint_SB": 138, "Monstrous Rage_SB": 1796, "Kellan's Lightblades_SB": 1498, "Blasphemous Edict_SB": 226, "Annie Flash, the Veteran_SB": 74, "Defiled Crypt && Cadaver Lab_SB": 633, "Cultivator's Caravan": 569, "Scene of the Crime": 2331, "Demonic Ruckus_SB": 649, "Impact Tremors_SB": 1358, "Coveted Falcon_SB": 546, "Wishclaw Talisman_SB": 3166, "Swooping Lookout": 2659, "Recruitment Officer_SB": 2165, "Oko, the Ringleader_SB": 1899, "Kambal, Profiteering Mayor": 1476, "Kaya, Spirits' Justice_SB": 1490, "Highway Robbery_SB": 1309, "Intrepid Paleontologist": 1399, "Bolt Bend_SB": 263, "Wishclaw Talisman": 3165, "Feldon's Cane": 938, "Neutralize the Guards": 1840, "Ayli, Eternal Pilgrim": 156, "Disturbing Conversion": 681, "Shipwreck Dowser": 2409, "Abuelo's Awakening_SB": 8, "Builder's Talent_SB": 343, "Eerie Interference_SB": 765, "Untimely Malfunction": 2976, "Imprisoned in the Moon_SB": 1361, "Inquisitive Glimmer_SB": 1378, "Refute_SB": 2171, "Argentum Masticore": 109, "Hall of Tagsin": 1213, "Hedron Archive": 1267, "The Mycosynth Gardens": 2760, "Tomakul Honor Guard": 2865, "Obstinate Baloth": 1887, "Bramble Familiar": 299, "Sphinx of the Final Word_SB": 2531, "Walk with the Ancestors": 3113, "Meathook Massacre II_SB": 1719, "Repulsive Mutation": 2190, "Sylvan Scavenging_SB": 2668, "Thundering Falls_SB": 2833, "Dowsing Device": 704, "Gleaming Geardrake": 1124, "Saheeli, Filigree Master": 2293, "Saheeli, Filigree Master_SB": 2294, "Scrawling Crawler": 2341, "Case of the Ransacked Lab": 399, "The Surgical Bay": 2776, "War Squeak_SB": 3119, "Spirebluff Canal_SB": 2540, "Ajani, Sleeper Agent": 38, "Charge of the Mites": 440, "Chandra, Flameshaper_SB": 431, "Expel the Interlopers": 853, "Bite Down": 212, "Gaea's Gift": 1046, "Trash the Town": 2888, "Corsair Captain": 534, "Lost Jitte_SB": 1648, "Blazing Crescendo_SB": 231, "Rip, Spawn Hunter": 2227, "Funeral Room // Awakening Hall": 1037, "Outlaw Medic": 1928, "Wilt-Leaf Liege": 3157, "Thousand Moons Smithy_SB": 2806, "Blightbelly Rat": 234, "Unnatural Restoration": 2959, "Carnivorous Canopy_SB": 388, "Gaea's Gift_SB": 1047, "Give In to Violence_SB": 1108, "Cityscape Leveler_SB": 466, "Nahiri's Resolve_SB": 1825, "Brazen Collector": 308, "Generous Plunderer": 1066, "Trial of Agony": 2894, "Zoyowa's Justice": 3214, "Ancestors' Aid_SB": 61, "Leyline of Resonance_SB": 1589, "Churning Reservoir": 459, "Magmatic Sprinter": 1677, "Sardian Cliffstomper": 2306, "Solphim, Mayhem Dominus": 2491, "The Monumental Facade": 2759, "Churning Reservoir_SB": 460, "Magmatic Sprinter_SB": 1678, "Monastery Swiftspear_SB": 1791, "Sardian Cliffstomper_SB": 2307, "Malcolm, Alluring Scoundrel_SB": 1688, "Repel Calamity_SB": 2189, "Samut, Vizier of Naktamun": 2297, "Call a Surprise Witness": 368, "Trostani, Three Whispers": 2900, "Tribute to the World Tree_SB": 2897, "Taii Wakeen, Perfect Shot": 2671, "Unruly Catapult": 2963, "Glassworks // Shattered Yard_SB": 1121, "Hulking Metamorph": 1338, "Surge Engine_SB": 2641, "Fake Your Own Death": 890, "Massacre Girl, Known Killer": 1707, "Massacre Girl, Known Killer_SB": 1708, "Rakdos Joins Up_SB": 2115, "Rakdos, the Muscle_SB": 2118, "Ghalta and Mavren": 1079, "Hide in Plain Sight": 1298, "Progenitus": 2068, "Crystal Barricade": 564, "Green Sun's Twilight_SB": 1181, "Break Down the Door": 311, "Bubble Smuggler": 341, "Cryptid Inspector": 563, "Cursed Windbreaker": 578, "Exit Specialist": 849, "Polukranos Reborn_SB": 2044, "Hazardroot Herbalist": 1248, "Head of the Homestead": 1251, "Rabbit Response": 2096, "Treeguard Duo": 2892, "Uncharted Haven": 2936, "Warren Elder": 3127, "Head of the Homestead_SB": 1252, "Grab the Prize_SB": 1163, "Stroke of Midnight_SB": 2611, "Delney, Streetwise Lookout": 638, "Stroke of Midnight": 2610, "Ragged Playmate": 2107, "Fear of Surveillance_SB": 925, "Grand Entryway // Elegant Rotunda_SB": 1170, "Norin, Swift Survivalist_SB": 1864, "Ragged Playmate_SB": 2108, "Wandertale Mentor": 3117, "Vodalian Mindsinger_SB": 3083, "Eriette's Tempting Apple": 821, "Experimental Confectioner": 856, "Feed the Cauldron": 932, "Gingerbread Hunter": 1101, "Greta, Sweettooth Scourge": 1186, "Mintstrosity": 1751, "Return from the Wilds": 2219, "Scream Puff": 2343, "Spider Food": 2532, "Sweettooth Witch": 2654, "Three Bowls of Porridge": 2816, "Sugar Rush_SB": 2619, "Leonin Vanguard_SB": 1580, "Ruin-Lurker Bat_SB": 2272, "The Millennium Calendar_SB": 2757, "Veteran Survivor_SB": 3052, "Corrupted Conviction_SB": 533, "Deadly Brew_SB": 605, "Cheeky House-Mouse_SB": 449, "Dryad Militant": 737, "Contagious Vorrac": 522, "Necrogen Rotpriest": 1832, "Armored Scrapgorger_SB": 119, "Invasion of Fiora_SB": 1407, "Rush of Dread_SB": 2282, "Magebane Lizard": 1675, "Final Flourish_SB": 965, "Time Stop_SB": 2839, "Unnatural Restoration_SB": 2960, "Founding the Third Path_SB": 1017, "Binding Negotiation": 208, "Vraska, the Silencer": 3108, "Barkform Harvester": 180, "Rampaging Spiketail": 2124, "Invasion of Ergamon": 1406, "Beastie Beatdown_SB": 196, "Break Out_SB": 313, "Vengeful Possession": 3041, "Repair and Recharge": 2187, "Step Between Worlds_SB": 2582, "Hearthborn Battler_SB": 1264, "Hellspur Posse Boss": 1272, "Cynical Loner_SB": 583, "Hellspur Brute_SB": 1271, "Kemba, Kha Enduring": 1507, "Swiftfoot Boots": 2656, "Astor, Bearer of Blades_SB": 136, "Consuming Aberration": 521, "Knight of Dusk's Shadow": 1522, "No One Left Behind_SB": 1860, "Botanical Brawler": 284, "Dusk Legion Duelist": 744, "Stocking the Pantry": 2590, "Tribute to the World Tree": 2896, "Collector's Cage_SB": 492, "Dragonmaster Outcast": 716, "Evolved Sleeper": 845, "Friendly Teddy": 1026, "Consumed by Greed_SB": 520, "Hop to It_SB": 1324, "Skyfisher Spider_SB": 2461, "Chart a Course_SB": 447, "Johann's Stopgap_SB": 1458, "Let's Play a Game_SB": 1582, "Festerleech": 954, "Fallaji Archaeologist_SB": 893, "Kroxa and Kunoros": 1545, "Shrouded Shepherd": 2423, "Garruk's Uprising_SB": 1056, "Hexgold Halberd": 1291, "Soul Search": 2498, "Daggerfang Duo": 584, "Deathbloom Gardener": 611, "Hoarding Recluse": 1316, "Moonstone Harbinger": 1800, "Pestilent Syphoner": 1989, "Ygra, Eater of All": 3193, "Pile On": 2020, "Llanowar Elves_SB": 1623, "Mosswood Dreadknight_SB": 1806, "Take for a Ride_SB": 2678, "Boltwave_SB": 265, "Fleeting Flight": 982, "Stormchaser's Talent_SB": 2603, "Cactarantula": 361, "Ashnod's Harvester": 126, "Warhost's Frenzy": 3124, "Think Twice_SB": 2786, "Rustler Rampage": 2284, "Wojek Investigator": 3177, "Searslicer Goblin_SB": 2357, "Felidar Cub": 941, "Oracle of Tragedy": 1912, "Tarrian's Journal": 2688, "Dusk Rose Reliquary_SB": 746, "Felidar Cub_SB": 942, "Knight-Errant of Eos_SB": 1527, "Ruthless Lawbringer_SB": 2286, "Detective's Satchel": 659, "Forensic Gadgeteer_SB": 1005, "Ice Out_SB": 1347, "Claim Jumper_SB": 469, "Mirrex_SB": 1756, "Geralf, the Fleshwright": 1070, "Geralf, the Fleshwright_SB": 1071, "Eaten Alive_SB": 758, "Ojer Pakpatiq, Deepest Epoch": 1896, "Disturbing Conversion_SB": 682, "Lithomantic Barrage": 1616, "Enduring Vitality_SB": 807, "Audience with Trostani_SB": 144, "Sentinel of Lost Lore": 2380, "Wylie Duke, Atiin Hero": 3189, "Defiler of Dreams_SB": 636, "Omen Hawker": 1901, "Leyline of the Void": 1593, "All Will Be One": 48, "Into the Fire": 1394, "Invasion of Karsus": 1413, "Cosmic Hunger": 537, "Paranormal Analyst": 1967, "Vannifar, Evolved Enigma": 3032, "Fog Bank_SB": 998, "Surgical Suite // Hospital Room_SB": 2648, "Talion, the Kindly Lord_SB": 2684, "Extraordinary Journey": 868, "Gold Pan": 1152, "Extraordinary Journey_SB": 869, "Nurturing Pixie_SB": 1876, "Moonshaker Cavalry": 1799, "Balemurk Leech": 165, "Bashful Beastie": 185, "Cackling Slasher": 359, "Defiant Survivor": 631, "Fear of the Dark": 926, "Flesh Burrower": 986, "Give In to Violence": 1107, "Grasping Longneck": 1171, "Horrid Vigor": 1330, "Innocuous Rat": 1376, "Let's Play a Game": 1581, "Wickerfolk Thresher": 3150, "Winter's Intervention": 3162, "Leyline of Transformation": 1591, "Saheeli's Lattice": 2292, "Etali, Primal Storm_SB": 838, "Adamant Will": 13, "Goldvein Pick": 1155, "Moment of Triumph": 1784, "Pilfer": 2022, "Public Thoroughfare": 2078, "Undying Malice": 2946, "Cancel_SB": 373, "Opt_SB": 1909, "Connecting the Dots_SB": 516, "Bushwhack_SB": 357, "Mistbreath Elder_SB": 1769, "Polliwallop_SB": 2041, "Realmbreaker's Grasp_SB": 2150, "Stickytongue Sentinel_SB": 2585, "Tumbleweed Rising_SB": 2903, "Analyze the Pollen_SB": 59, "Makeshift Binding": 1685, "Pelakka Wurm": 1980, "Jump Scare_SB": 1465, "Progenitus_SB": 2069, "Harvestrite Host": 1236, "Cut Short_SB": 581, "Family Reunion_SB": 894, "Annihilating Glare": 76, "Fanatical Offering": 899, "Sword of Wealth and Power": 2664, "Skulduggery": 2452, "Skulduggery_SB": 2453, "Lassoed by the Law": 1556, "Mabel's Mettle": 1667, "Minor Misstep": 1749, "Central Elevator // Promising Stairs": 423, "Creeping Peeper": 551, "Dazzling Theater // Prop Room": 600, "Erratic Apparition": 824, "Fear of Falling": 914, "Lionheart Glimmer": 1614, "Restricted Office // Lecture Hall": 2218, "Stalked Researcher_SB": 2563, "Tunnel Surveyor_SB": 2907, "Ajani, Nacatl Pariah": 37, "Arena of Glory": 108, "Arid Mesa": 113, "Fable of the Mirror-Breaker": 873, "Flooded Strand": 987, "Galvanic Discharge": 1049, "Goblin Bombardment": 1141, "Guide of Souls": 1202, "Marsh Flats": 1705, "Ocelot Pride": 1890, "Phlage, Titan of Fire's Fury": 1996, "Ragavan, Nimble Pilferer": 2105, "Sacred Foundry": 2291, "Showdown of the Skalds": 2420, "Static Prison": 2572, "Thraben Charm": 2807, "Windswept Heath": 3160, "Drannith Magistrate_SB": 720, "Fear, Fire, Foes!_SB": 927, "Obsidian Charmaw_SB": 1886, "Orim's Chant_SB": 1914, "Showdown of the Skalds_SB": 2421, "Stony Silence_SB": 2597, "Surgical Extraction_SB": 2644, "Wear // Tear_SB": 3136, "Archon of Cruelty": 105, "Bloodstained Mire": 249, "Brazen Borrower": 306, "Counterspell": 544, "Faithless Looting": 889, "Fatal Push": 903, "Force of Negation": 1001, "Misty Rainforest": 1771, "Persist": 1985, "Polluted Delta": 2042, "Psychic Frog": 2076, "Scalding Tarn": 2320, "Sink into Stupor": 2440, "Spell Snare": 2522, "Steam Vents": 2574, "Tamiyo, Inquisitive Student": 2685, "Thoughtseize": 2803, "Unearth": 2947, "Watery Grave": 3132, "Consign to Memory_SB": 518, "Fable of the Mirror-Breaker_SB": 874, "Harbinger of the Seas_SB": 1223, "Nihil Spellbomb_SB": 1849, "Stern Scolding_SB": 2584, "Blazing Rootwalla": 232, "Burning Inquiry": 349, "Detective's Phoenix": 658, "Flameblade Adept": 976, "Goblin Lore": 1145, "Hollow One": 1318, "Lightning Bolt": 1601, "Stomping Ground": 2596, "Street Wraith": 2607, "Vengevine": 3043, "Wooded Foothills": 3178, "Cursed Totem_SB": 577, "Meltdown_SB": 1724, "Barbarian Ring": 178, "Eidolon of the Great Revel": 768, "Flare of Duplication": 980, "Goblin Guide": 1144, "Lava Spike": 1562, "Rift Bolt": 2224, "Searing Blaze": 2354, "Skewer the Critics": 2445, "Skullcrack": 2456, "Sunbaked Canyon": 2624, "Ensnaring Bridge_SB": 813, "Faerie Macabre_SB": 884, "Smash to Smithereens_SB": 2480, "Amulet of Vigor": 55, "Arboreal Grazer": 89, "Boseiju, Who Endures": 282, "Crumbling Vestige": 558, "Dryad Arbor": 736, "Dryad of the Ilysian Grove": 739, "Echoing Deeps": 761, "Explore": 858, "Green Sun's Zenith": 1182, "Gruul Turf": 1198, "Hanweir Battlements": 1220, "Lotus Field": 1651, "Mirrorpool": 1759, "Otawara, Soaring City": 1922, "Primeval Titan": 2062, "Scapeshift": 2325, "Shifting Woodland": 2408, "Simic Growth Chamber": 2437, "Summoner's Pact": 2621, "Tolaria West": 2861, "Urza's Cave": 2994, "Urza's Saga": 2997, "Valakut, the Molten Pinnacle": 3003, "Vesuva": 3047, "Bojuka Bog_SB": 262, "Collector Ouphe_SB": 490, "Defense Grid_SB": 630, "Dismember_SB": 675, "Endurance_SB": 797, "Force of Vigor_SB": 1002, "Tireless Tracker_SB": 2847, "Vampires' Vengeance_SB": 3026, "Blood Crypt": 238, "Dwarven Mine": 750, "Indomitable Creativity": 1366, "Jetmir's Garden": 1452, "Prismatic Ending": 2065, "Wrenn and Six": 3185, "Xander's Lounge": 3190, "Boseiju, Who Endures_SB": 283, "Damping Sphere_SB": 585, "Hurkyl's Recall_SB": 1343, "Toxic Deluge_SB": 2876, "Cling to Dust": 478, "Harbinger of the Seas": 1222, "Murktide Regent": 1818, "Preordain": 2057, "Thought Scour": 2800, "Engineered Explosives_SB": 810, "Mystical Dispute_SB": 1823, "Spell Pierce_SB": 2521, "The Meathook Massacre_SB": 2754, "Orcish Bowmasters": 1913, "Godless Shrine": 1151, "Phelia, Exuberant Shepherd": 1995, "Seasoned Pyromancer": 2366, "Thoughtseize_SB": 2804, "Wrath of the Skies_SB": 3181, "Den of the Bugbear": 650, "Devastating Summons": 660, "Foundry Street Denizen": 1018, "Goblin Bushwhacker": 1142, "Goblin Grenade": 1143, "Goblin Piledriver": 1147, "Legion Loyalist": 1576, "Mogg War Marshal": 1775, "Reckless Bushwhacker": 2156, "Skirk Prospector": 2446, "Sokenzan, Crucible of Defiance": 2488, "Blood Moon_SB": 240, "Magus of the Moon_SB": 1679, "Reality Hemorrhage_SB": 2148, "Shattering Spree_SB": 2399, "Tormod's Crypt_SB": 2872, "Ziatora's Proving Ground": 3205, "Terastodon_SB": 2712, "Veil of Summer_SB": 3035, "Consider": 517, "Graveyard Trespasser": 1172, "Exquisite Firecraft_SB": 861, "Searing Blood_SB": 2355, "Tunnel Ignus_SB": 2905, "Chained to the Rocks": 426, "Chained to the Rocks_SB": 427, "Ragavan, Nimble Pilferer_SB": 2106, "Vexing Bauble": 3053, "Colossal Skyturtle_SB": 499, "Generous Ent_SB": 1065, "Grist, the Hunger Tide_SB": 1192, "Hexdrinker_SB": 1290, "Over the Edge_SB": 1934, "Poison Dart Frog_SB": 2039, "Slice from the Shadows": 2473, "Talion, the Kindly Lord": 2683, "Come Back Wrong": 503, "Glassworks // Shattered Yard": 1120, "Beamtown Beatstick": 193, "Celestial Armor": 420, "Diamond Pick-Axe": 666, "Carrot Cake_SB": 391, "Edgewall Inn": 764, "Goliath Hatchery_SB": 1158, "Balmor, Battlemage Captain": 168, "Bria, Riptide Rogue": 317, "Freeze in Place": 1023, "Relic's Roar": 2181, "Run Away Together_SB": 2273, "Scalding Viper_SB": 2322, "Harrier Strix": 1232, "Snaremaster Sprite": 2486, "Hardened Escort": 1228, "Holy Cow": 1320, "Living Phone": 1621, "Unsettling Twins": 2967, "Feather of Flight_SB": 930, "Possessed Goat_SB": 2052, "Raccoon Rallier_SB": 2099, "Rogue's Passage_SB": 2256, "The Jolly Balloon Man_SB": 2748, "Unsettling Twins_SB": 2968, "Heartfire Hero_SB": 1257, "Inti, Seneschal of the Sun_SB": 1390, "Pests of Honor": 1991, "Three Blind Mice": 2815, "Dauntless Dismantler_SB": 592, "Phoenix Chick_SB": 1998, "Gleaming Barrier": 1122, "Gleaming Barrier_SB": 1123, "Solemn Simulacrum_SB": 2490, "Sure Strike_SB": 2639, "Twinferno_SB": 2912, "Ancestors' Aid": 60, "Furious Bellow": 1039, "Ghitu Amplifier": 1084, "Heartfire Immolator": 1258, "Sure Strike": 2638, "Whiskerquill Scribe": 3145, "Brambleguard Captain": 300, "Defabricate": 626, "Fear of Burning Alive": 913, "Iron-Fist Pulverizer": 1432, "Johann, Apprentice Sorcerer": 1459, "Keldon Flamesage": 1495, "Kraum, Violent Cacophony": 1541, "Molten Tributary": 1781, "Nightwhorl Hermit": 1848, "Pyrotechnic Performer": 2086, "Razzle-Dazzler": 2147, "Stop Cold": 2598, "Thopter Mechanic": 2795, "Vesuvan Drifter": 3048, "Involuntary Cooldown_SB": 1428, "Kellan, Planar Trailblazer_SB": 1503, "Mishra's Command_SB": 1765, "Out of Air_SB": 1925, "Plan the Heist_SB": 2032, "Sleight of Hand_SB": 2472, "Trick Shot_SB": 2898, "Violent Urge_SB": 3063, "The Filigree Sylex": 2737, "Halo Hopper": 1217, "Charge of the Mites_SB": 441, "Hellspur Posse Boss_SB": 1273, "Grand Abolisher": 1166, "Unnerving Grasp": 2961, "Fynn, the Fangbearer_SB": 1045, "Harbinger of the Tides": 1224, "Harbinger of the Tides_SB": 1225, "Cat Collector": 404, "Bottomless Pool && Locker Room_SB": 287, "Pile On_SB": 2021, "Growing Rites of Itlimoc": 1194, "Jump Scare": 1464, "Niko, Light of Hope": 1850, "Stalked Researcher": 2562, "Tunnel Surveyor": 2906, "Fear of Isolation_SB": 920, "Season of Gathering": 2358, "Warren Warleader": 3128, "Horrid Vigor_SB": 1331, "Lionheart Glimmer_SB": 1615, "Omnivorous Flytrap_SB": 1906, "Seasoned Warrenguard_SB": 2368, "Into the Roil": 1397, "Into the Roil_SB": 1398, "Ayara, Widow of the Realm": 155, "Arachnoid Adaptation": 86, "Throw from the Saddle": 2827, "Longstalk Brawl_SB": 1636, "Thrill of Possibility_SB": 2825, "Feldon, Ronom Excavator": 940, "Roc Hunter": 2249, "Adventuring Gear_SB": 16, "Fear of Being Hunted_SB": 912, "Vicious Clown_SB": 3058, "Splash Portal_SB": 2544, "Demonic Pact_SB": 647, "Rite of the Dragoncaller_SB": 2234, "Valorous Stance": 3021, "Lodestone Needle": 1629, "Sawblade Skinripper_SB": 2316, "Afterburner Expert": 24, "Draconautics Engineer": 705, "Dredger's Insight": 730, "Loot, the Pathfinder": 1639, "Molt Tender": 1777, "Restless Spire_SB": 2214, "Momentum Breaker": 1786, "Sunbillow Verge": 2625, "Grim Bauble": 1190, "Spell Pierce": 2520, "Defend the Rider": 628, "Hazoret, Godseeker": 1250, "Debris Beetle": 614, "Wastewood Verge": 3131, "Vein Ripper_SB": 3037, "Oildeep Gearhulk": 1892, "Haunt the Network_SB": 1240, "Bartolom\u00e9 del Presidio_SB": 184, "Lunar Convocation_SB": 1660, "Bloodghast": 245, "Valley Rotcaller_SB": 3018, "Oildeep Gearhulk_SB": 1893, "Gleeful Demolition_SB": 1126, "Monument to Endurance": 1797, "Ride's End": 2222, "Bleachbone Verge": 233, "Willowrush Verge": 3156, "Outpace Oblivion_SB": 1931, "Intimidation Tactics": 1392, "Ketramose, the New Dawn": 1508, "Transmutation Font": 2885, "Braided Net_SB": 296, "Cunning Coyote_SB": 571, "Chandra, Spark Hunter_SB": 435, "Explosive Derailment_SB": 860, "Bounce Off": 292, "Greasewrench Goblin": 1174, "Marauding Mako": 1699, "Riverpyre Verge": 2242, "Scrounging Skyray": 2348, "Bounce Off_SB": 293, "Lightwheel Enhancements": 1606, "Grim Bauble_SB": 1191, "Momentum Breaker_SB": 1787, "Tomik, Wielder of Law_SB": 2867, "Engine Rat": 808, "Gonti, Night Minister": 1159, "Perilous Snare": 1983, "Teysa, Opulent Oligarch": 2719, "Memory Guardian": 1725, "Mendicant Core, Guidelight": 1726, "Diversion Unit_SB": 687, "The Aetherspark": 2722, "Brightglass Gearhulk": 320, "Voyager Glidecar": 3100, "Chandra, Spark Hunter": 434, "Intimidation Tactics_SB": 1393, "Optimistic Scavenger_SB": 1911, "Captain Howler, Sea Scourge": 380, "Gastal Thrillroller": 1060, "Mishra's Command": 1764, "Phyrexian Dragon Engine": 2003, "Riptide Gearhulk": 2228, "Transit Mage": 2884, "Diversion Unit": 686, "Muraganda Raceway": 1815, "Nesting Bot": 1837, "Repurposing Bay": 2192, "Lumbering Worldwagon": 1654, "Gastal Thrillroller_SB": 1061, "Lifecraft Engine": 1598, "Mindspring Merfolk": 1748, "Mu Yanling, Wind Rider": 1810, "Caelorna, Coral Tyrant_SB": 362, "Overrun": 1950, "Heliod, the Radiant Dawn": 1269, "Twinblade Blessing": 2910, "The Speed Demon_SB": 2772, "Zephyr Singer_SB": 3202, "Burnout Bashtronaut": 351, "Defend the Rider_SB": 629, "Demonic Junker": 644, "Nexus of Becoming": 1842, "Amonkhet Raceway": 54, "Gastal Thrillseeker": 1062, "The Last Ride": 2751, "The Speed Demon": 2771, "Ancient Vendetta_SB": 64, "Monument to Endurance_SB": 1798, "Quag Feast": 2087, "Gastal Raider_SB": 1059, "Howlsquad Heavy": 1334, "Count on Luck_SB": 543, "Invasion of Regatha_SB": 1417, "Ketramose, the New Dawn_SB": 1509, "Thunderous Velocipede": 2834, "Regal Imperiosaur": 2176, "Intrepid Paleontologist_SB": 1400, "Voyager Glidecar_SB": 3101, "Fuel the Flames": 1030, "Skycrash": 2458, "Broadside Barrage_SB": 332, "Fuel the Flames_SB": 1031, "Locust Spray": 1628, "Riverchurn Monument": 2239, "Agonasaur Rex": 31, "Tyrox, Saurid Tyrant": 2921, "Esoteric Duplicator": 830, "Voyage Home": 3099, "Aether Syphon_SB": 21, "Spectacular Pileup": 2514, "Coalstoke Gearhulk_SB": 482, "Sandstalker Moloch_SB": 2298, "Boosted Sloop": 278, "Broadside Barrage": 331, "Thopter Fabricator_SB": 2794, "Ride's End_SB": 2223, "Thalia and The Gitrog Monster_SB": 2721, "Zahur, Glory's Past": 3199, "Leaf-Crowned Visionary_SB": 1571, "Mossborn Hydra_SB": 1804, "Overrun_SB": 1951, "Painful Quandary_SB": 1959, "Wardens of the Cycle_SB": 3123, "Quag Feast_SB": 2088, "Playful Shove": 2034, "Red Sun's Twilight_SB": 2166, "Perilous Snare_SB": 1984, "Debris Beetle_SB": 615, "Pit Automaton": 2026, "Visage of Dread": 3076, "The Last Ride_SB": 2752, "Visage of Dread_SB": 3077, "Fearless Swashbuckler": 928, "Unctus, Grand Metatect": 2937, "Mishra, Claimed by Gix": 1767, "Bloated Contaminator_SB": 237, "Melira, the Living Cure_SB": 1723, "The Aetherspark_SB": 2723, "Webstrike Elite": 3139, "Webstrike Elite_SB": 3140, "Coiling Rebirth_SB": 486, "Invasion of Mercadia": 1415, "Collision Course_SB": 496, "Gas Guzzler": 1057, "Say Its Name_SB": 2318, "Spectral Interference_SB": 2517, "Stock Up": 2588, "Spectacular Pileup_SB": 2515, "Far Fortune, End Boss": 900, "Flotsam // Jetsam_SB": 991, "Claim Jumper": 468, "Ancient Vendetta": 63, "Full Throttle_SB": 1034, "Loot, the Key to Everything_SB": 1638, "Loot, the Pathfinder_SB": 1640, "Urza's Command_SB": 2995, "Lassoed by the Law_SB": 1557, "Blast Zone_SB": 228, "Basri, Tomorrow's Champion": 188, "Skyseer's Chariot_SB": 2464, "Dive Down": 684, "Engine Rat_SB": 809, "Essence Channeler_SB": 832, "Lunar Insight": 1661, "Jodah, the Unifier_SB": 1457, "Dropkick Bomber": 733, "Rampaging Raptor": 2123, "Agonasaur Rex_SB": 32, "Coalstoke Gearhulk": 481, "Visage Bandit": 3075, "Waxen Shapethief": 3133, "Dune Drifter": 741, "Become Brutes": 197, "The Elder Dragon War_SB": 2730, "Caradora, Heart of Alacria": 384, "Skyseer's Chariot": 2463, "Valor's Flagship": 3019, "Veteran Beastrider": 3050, "Threadbind Clique": 2813, "Twining Twins": 2914, "Boommobile_SB": 275, "Radiant Lotus_SB": 2102, "Boommobile": 274, "Forging the Anchor": 1009, "Radiant Lotus": 2101, "The Mightstone and Weakstone_SB": 2756, "Bloodthorn Flail": 252, "Flamewake Phoenix": 978, "Cryptcaller Chariot_SB": 560, "Volley Veteran": 3092, "Riptide Gearhulk_SB": 2229, "Riverchurn Monument_SB": 2240, "Spiteful Hexmage_SB": 2542, "Clamorous Ironclad": 472, "Furnace Host Charger": 1040, "Alania, Divergent Storm": 45, "Frolicking Familiar": 1027, "Wishing Well": 3167, "Resplendent Angel_SB": 2197, "Cephalopod Sentry": 424, "Thopter Fabricator": 2793, "Redshift, Rocketeer Chief": 2168, "Haunt the Network": 1239, "Sorcerous Spyglass": 2494, "Demonic Junker_SB": 645, "Halana and Alena, Partners_SB": 1211, "Valor's Flagship_SB": 3020, "Stall Out": 2564, "Stall Out_SB": 2565, "Gloryheath Lynx": 1134, "Sovereign Okinec Ahau": 2511, "The Raven Man": 2764, "The Raven Man_SB": 2765, "Broodheart Engine": 333, "Bat Colony": 189, "Calamitous Cave-In": 363, "Gargantuan Leech": 1052, "Hidden Volcano": 1297, "Promising Vein": 2072, "Marketback Walker": 1703, "Sab-Sunen, Luxa Embodied": 2289, "Simian Simulacrum": 2436, "Sylvan Scavenging": 2667, "Mold Adder_SB": 1776, "Boom Box": 273, "Broadcast Rambler": 330, "Possession Engine": 2053, "Leyline Binding_SB": 1585, "Bulwark Ox": 345, "Reluctant Role Model": 2182, "Reluctant Role Model_SB": 2183, "Marketback Walker_SB": 1704, "Daretti, Rocketeer Engineer": 587, "Threefold Thunderhulk": 2822, "Tune Up": 2904, "Meteor Golem_SB": 1731, "Burnout Bashtronaut_SB": 352, "Gastal Raider": 1058, "Oviya, Automech Artisan": 1955, "The Skullspore Nexus_SB": 2770, "Market Gnome_SB": 1702, "Cosmium Confluence": 540, "Festival of Embers": 955, "Hidden Nursery": 1296, "Skycrash_SB": 2459, "Nexus of Becoming_SB": 1843, "Sab-Sunen, Luxa Embodied_SB": 2290, "Earthrumbler": 755, "Collector's Vault_SB": 494, "Thran Spider_SB": 2810, "Akal Pakal, First Among Equals_SB": 41, "Deepfathom Echo": 622, "Forensic Researcher": 1006, "Oko, the Ringleader": 1898, "Chitin Gravestalker": 452, "Starving Revenant_SB": 2570, "Steamcore Scholar_SB": 2576, "Ojer Pakpatiq, Deepest Epoch_SB": 1897, "Thunderous Velocipede_SB": 2835, "Fear of Infinity_SB": 918, "Stock Up_SB": 2589, "Dredger's Insight_SB": 731, "Fauna Shaman_SB": 906, "Barrow Naughty": 182, "Faerie Slumber Party": 887, "Mocking Sprite": 1772, "Spellscorn Coven": 2527, "Talion's Messenger": 2681, "Coerced to Kill": 484, "Etrata, Deadly Fugitive": 843, "Unstoppable Plan_SB": 2971, "Hoarding Broodlord": 1315, "Shadow-Rite Priest": 2391, "Nahiri's Warcrafting_SB": 1826, "Baral and Kari Zev": 177, "Enigma Drake": 811, "Brightfield Glider": 319, "Congregation Gryff": 515, "Giant Beaver": 1092, "Lagorin, Soul of Alacria": 1553, "Miriam, Herd Whisperer": 1753, "Ornery Tumblewagg": 1915, "Trained Arynx": 2877, "Run Over_SB": 2274, "Night Market": 1846, "Carrion Locust_SB": 389, "Stockpiling Celebrant_SB": 2592, "Akal Pakal, First Among Equals": 40, "Forensic Gadgeteer": 1004, "Deduce_SB": 619, "Wreck Remover_SB": 3182, "Fountainport Bell": 1020, "Guidelight Optimizer": 1203, "Oaken Siren": 1878, "Machine Over Matter_SB": 1671, "Spinewoods Paladin": 2536, "Phyrexian Missionary_SB": 2008, "Sunder the Gateway": 2626, "Malcator, Purity Overseer": 1686, "Tranquil Cove_SB": 2881, "Crumb and Get It_SB": 557, "Flame Lash": 975, "Exsanguinate_SB": 863, "Exsanguinate": 862, "Syr Ginger, the Meal Ender_SB": 2670, "Legion Extruder_SB": 1575, "Blade of the Oni": 221, "Blightstep Pathway": 235, "Bloodtithe Harvester": 253, "Mutavault": 1820, "Urborg, Tomb of Yawgmoth": 2991, "Extinction Event_SB": 865, "Go Blank_SB": 1138, "Hidetsugu Consumes All_SB": 1300, "Invoke Despair_SB": 1427, "Unlicensed Hearse_SB": 2958, "Breeding Pool": 316, "Enigmatic Incarnation": 812, "Indatha Triome": 1365, "Linvala, the Preserver": 1613, "Overgrown Tomb": 1936, "Savai Triome": 2310, "Skyclave Apparition": 2457, "Spara's Headquarters": 2512, "Vanishing Verse": 3030, "Zagoth Triome": 3198, "Archon of Emeria_SB": 106, "Knockout Blow_SB": 1528, "Ruric Thar, the Unbowed_SB": 2280, "Thought Distortion_SB": 2799, "Yorion, Sky Nomad_SB": 3195, "Cauldron Familiar": 409, "Claim the Firstborn": 470, "Deadly Dispute": 608, "Mayhem Devil": 1712, "Witch's Oven": 3170, "Ob Nixilis, the Adversary_SB": 1882, "Darksteel Citadel": 591, "Ensoul Artifact": 814, "Riverglide Pathway": 2241, "Shrapnel Blast": 2422, "Smuggler's Copter": 2481, "Voldaren Epicure": 3089, "Aether Gust_SB": 20, "Annul_SB": 77, "Rending Volley_SB": 2186, "Shadowspear_SB": 2392, "Voltage Surge_SB": 3093, "Cragcrown Pathway": 547, "Ramunap Ruins": 2125, "Reckless Rage": 2159, "Soul-Scar Mage": 2503, "Experimental Frenzy_SB": 857, "Hazoret the Fervent_SB": 1249, "Redcap Melee_SB": 2167, "Extinction Event": 864, "Anger of the Gods_SB": 68, "Fatal Push_SB": 904, "Gifted Aetherborn_SB": 1097, "Claim // Fame": 467, "Infuriate": 1371, "Kumano Faces Kakkazan": 1547, "Claim the Firstborn_SB": 471, "Grafdigger's Cage_SB": 1165, "Castle Locthwain": 403, "Clearwater Pathway": 475, "Field of Ruin": 957, "Geier Reach Sanitarium": 1064, "Hall of Storm Giants": 1212, "Hive of the Eye Tyrant": 1314, "Narset, Parter of Veils": 1827, "Omen of the Sea": 1902, "Paradoxical Outcome": 1966, "Shipwreck Marsh": 2410, "Takenuma, Abandoned Mire": 2680, "The Meathook Massacre": 2753, "Ashiok, Dream Render_SB": 122, "Weathered Runestone_SB": 3138, "Fetid Pools": 956, "Yorion, Sky Nomad": 3194, "Collective Brutality": 488, "Faithful Mending": 888, "Greasefang, Okiba Boss": 1173, "Hallowed Fountain": 1214, "Parhelion II": 1968, "Raffine's Tower": 2104, "Shattered Sanctum": 2398, "Skysovereign, Consul Flagship": 2465, "Stubborn Denial": 2614, "Tainted Indulgence": 2674, "Deafening Silence_SB": 610, "Dovin's Veto_SB": 703, "Silence_SB": 2429, "Vanishing Verse_SB": 3031, "Krenko's Buzzcrusher": 1542, "Aurelia, the Warleader": 146, "Gilded Ghoda": 1100, "Arclight Phoenix": 107, "Fiery Impulse": 963, "Izzet Charm": 1441, "Lightning Axe": 1600, "Prismari Command": 2063, "Spikefield Hazard": 2533, "Stormcarved Coast": 2600, "Treasure Cruise": 2890, "Dawnwing Marshal": 595, "Bishop of Wings": 211, "Branchloft Pathway": 302, "Cave of the Frost Dragon": 413, "Collected Company": 487, "Eiganjo, Seat of the Empire": 769, "Nykthos, Shrine to Nyx": 1877, "Overgrown Farmland": 1935, "Portable Hole": 2047, "Resplendent Marshal": 2198, "Righteous Valkyrie": 2226, "Temple Garden": 2698, "Archon of Absolution_SB": 104, "Brave the Elements_SB": 304, "Brutal Cathar_SB": 340, "Heroic Intervention_SB": 1287, "Reidane, God of the Worthy_SB": 2177, "Shapers' Sanctuary_SB": 2394, "Colossus Hammer": 500, "Eldritch Evolution": 772, "Mana Confluence": 1692, "Raffine's Informant": 2103, "Sigarda's Aid": 2427, "Soulflayer": 2505, "Sylvan Caryatid": 2666, "Bloodline Culling_SB": 248, "Collective Brutality_SB": 489, "Portable Hole_SB": 2048, "Cavalier of Thorns": 412, "Elvish Mystic": 789, "Kiora, Behemoth Beckoner": 1512, "Lair of the Hydra": 1554, "Leyline of the Guildpact": 1592, "Oath of Nissa": 1880, "Old-Growth Troll": 1900, "Storm the Festival": 2599, "Ulvenwald Oddity": 2931, "Arasta of the Endless Web_SB": 88, "Emrakul, the Promised End_SB": 796, "Setessan Petitioner_SB": 2390, "Burner Rocket": 348, "Cloudspire Skycycle": 480, "Dynamite Diver": 754, "Guidelight Synergist": 1204, "Kolodin, Triumph Caster": 1533, "Count on Luck": 542, "Frenzied Goblin": 1024, "Doubling Season_SB": 701, "Fanatical Firebrand_SB": 898, "Howlsquad Heavy_SB": 1335, "Reckless Lackey_SB": 2158, "Rundvelt Hordemaster_SB": 2276, "District Mascot": 680, "Shivan Devastator": 2411, "Zimone, Paradox Sculptor": 3207, "Tyvar, the Pummeler_SB": 2930, "Zopandrel, Hunger Dominus_SB": 3211, "Ledger Shredder": 1573, "Brazen Borrower_SB": 307, "Prismari Command_SB": 2064, "Ashiok, Nightmare Muse_SB": 123, "Foreboding Ruins": 1003, "Invoke Despair": 1426, "Kroxa, Titan of Death's Hunger": 1546, "Kolaghan's Command_SB": 1532, "Haunted Ridge": 1242, "Barrier Breach_SB": 181, "Leyline of Sanctity_SB": 1590, "Bonecrusher Giant": 267, "Burning-Tree Emissary": 350, "Chandra, Torch of Defiance": 436, "Collision // Colossus": 495, "Gruul Spellbreaker": 1197, "Kami's Flare": 1479, "Pelt Collector": 1981, "Voltaic Brawler": 3094, "Zhur-Taa Goblin": 3204, "Bonecrusher Giant_SB": 268, "Chandra, Torch of Defiance_SB": 437, "Cindervines_SB": 462, "Kami's Flare_SB": 1480, "Roiling Vortex_SB": 2257, "Furnace Punisher_SB": 1041, "Laughing Jasper Flint_SB": 1561, "Rocky Roads": 2253, "Lumbering Worldwagon_SB": 1655, "Cosmic Rebirth_SB": 539, "Mondrak, Glory Dominus_SB": 1792, "Become Brutes_SB": 198, "Goblin Oriflamme": 1146, "Drake Hatcher_SB": 718, "Eddymurk Crab_SB": 763, "Cindering Cutthroat_SB": 461, "Ravine Raider_SB": 2140, "Risky Shortcut_SB": 2231, "Spin Out_SB": 2534, "Steampath Charger_SB": 2577, "Devouring Sugarmaw": 661, "Amalia Benavides Aguirre_SB": 52, "Elas il-Kor, Sadistic Pilgrim_SB": 771, "Fiendish Panda_SB": 959, "Knight of Dawn's Light_SB": 1521, "Mimeoplasm, Revered One": 1745, "Etched Familiar": 840, "Spectral Interference": 2516, "Winter, Cursed Rider": 3164, "Streetwise Negotiator_SB": 2608, "Divine Resilience": 688, "Greenhouse // Rickety Gazebo": 1183, "Silken Strength": 2432, "Map the Frontier": 1696, "Realm-Scorcher Hellkite": 2149, "Spyglass Siren_SB": 2555, "Sentinel of Lost Lore_SB": 2381, "Herd Migration_SB": 1283, "Kykar, Zephyr Awakener": 1552, "The Huntsman's Redemption_SB": 2743, "Lathril, Blade of the Elves_SB": 1559, "Gixian Infiltrator_SB": 1114, "Armored Armadillo_SB": 116, "Gloryheath Lynx_SB": 1135, "Threefold Thunderhulk_SB": 2823, "Primeval Bounty": 2060, "Cryptcaller Chariot": 559, "Rangers' Refueler": 2126, "Steel Hellkite_SB": 2578, "Mindsparker_SB": 1746, "Cursed Recording_SB": 576, "Thirsting Roots": 2789, "Disenchant": 670, "Captain Howler, Sea Scourge_SB": 381, "Gigantosaurus": 1098, "Llanowar Stalker": 1626, "Ghalta, Primal Hunger_SB": 1081, "Gigantosaurus_SB": 1099, "Karn, Living Legacy_SB": 1483, "Quaketusk Boar": 2089, "The Stasis Coffin": 2773, "Kellan Joins Up": 1497, "Ovika, Enigma Goliath_SB": 1954, "Leaping Ambush": 1572, "Bestow Greatness_SB": 202, "Raucous Theater_SB": 2137, "Alesha, Who Laughs at Fate_SB": 47, "Lazav, Wearer of Faces_SB": 1569}}