{"vocabulary": {"Cut Down": 573, "Darkslick Shores": 582, "Deep-Cavern Bat": 614, "Enduring Curiosity": 794, "Ertai Resurrected": 819, "Faerie Mastermind": 879, "Gloomlake Verge": 1124, "Go for the Throat": 1130, "Island": 1421, "Mirrex": 1739, "Phantom Interference": 1972, "Phyrexian Fleshgorger": 1983, "Restless Reef": 2187, "Sheoldred, the Apocalypse": 2387, "Spyglass Siren": 2538, "Swamp": 2634, "Three Steps Ahead": 2800, "Underground River": 2926, "Aclazotz, Deepest Betrayal_SB": 12, "Cut Down_SB": 574, "Disdainful Stroke_SB": 663, "Duress_SB": 737, "Gix's Command_SB": 1101, "Liliana of the Veil_SB": 1593, "Negate_SB": 1819, "Tishana's Tidebinder_SB": 2832, "Virtue of Persistence_SB": 3050, "Blackcleave Cliffs": 216, "Cacophony Scamp": 355, "Callous Sell-Sword": 364, "Emberheart Challenger": 787, "Heartfire Hero": 1247, "Leyline of Resonance": 1572, "Might of the Meek": 1724, "Monstrous Rage": 1780, "Mountain": 1792, "Slickshot Show-Off": 2459, "Sulfurous Springs": 2601, "Turn Inside Out": 2890, "Urabrask's Forge": 2965, "Witch's Mark": 3142, "Anoint with Affliction_SB": 76, "Lithomantic Barrage_SB": 1601, "Soul-Guide Lantern_SB": 2485, "Torch the Tower_SB": 2852, "Urabrask's Forge_SB": 2966, "Abhorrent Oculus": 1, "Adarkar Wastes": 15, "Chart a Course": 440, "Floodfarm Verge": 979, "Haughty Djinn": 1228, "Helping Hand": 1265, "Into the Flood Maw": 1386, "Meticulous Archive": 1716, "Moment of Truth": 1770, "Picklock Prankster": 1993, "Plains": 2006, "Recommission": 2140, "Seachrome Coast": 2334, "Sleight of Hand": 2454, "Soul Partition": 2479, "Elspeth's Smite_SB": 777, "Faerie Mastermind_SB": 880, "Monastery Mentor_SB": 1774, "Temporary Lockdown_SB": 2693, "Anoint with Affliction": 75, "Archfiend of the Dross": 97, "Bloodletter of Aclazotz": 243, "Cavern of Souls": 409, "Demonic Counsel": 635, "Doomsday Excruciator": 691, "Duress": 736, "Harvester of Misery": 1225, "Jace, the Perfected Mind": 1431, "Unholy Annex && Ritual Chamber": 2933, "Unstoppable Slasher": 2953, "Caustic Bronco_SB": 405, "Ghost Vacuum_SB": 1079, "Malicious Eclipse_SB": 1675, "Withering Torment_SB": 3148, "Blooming Marsh": 253, "Caustic Bronco": 404, "Demolition Field": 633, "Forest": 998, "Fountainport": 1009, "Glissa Sunslayer": 1120, "Llanowar Wastes": 1611, "Mosswood Dreadknight": 1790, "Restless Cottage": 2183, "Tranquil Frillback": 2864, "Underground Mortuary": 2925, "Choking Miasma_SB": 448, "Harvester of Misery_SB": 1226, "Nissa, Ascended Animist_SB": 1837, "Tear Asunder_SB": 2674, "Tranquil Frillback_SB": 2865, "Bitter Triumph": 213, "Fireglass Mentor": 962, "Flamecache Gecko": 966, "Forsaken Miner": 1003, "Gev, Scaled Scorch": 1069, "Hired Claw": 1303, "Iridescent Vinelasher": 1417, "Laughing Jasper Flint": 1546, "Mudflat Village": 1796, "Rockface Village": 2229, "Thought-Stalker Warlock": 2784, "Glistening Deluge_SB": 1122, "Archangel Elspeth": 89, "Beza, the Bounding Spring": 202, "Caretaker's Talent": 379, "Carrot Cake": 384, "Enduring Innocence": 796, "Exorcise": 844, "Get Lost": 1063, "Lay Down Arms": 1551, "Parting Gust": 1950, "Sunfall": 2609, "Sunken Citadel": 2612, "Exorcise_SB": 845, "Jace, the Perfected Mind_SB": 1432, "Rest in Peace_SB": 2178, "Charming Scoundrel": 438, "Lightning Strike": 1588, "Monastery Swiftspear": 1775, "Scorching Shot": 2317, "Screaming Nemesis": 2327, "Shock": 2396, "Torch the Tower": 2851, "Fugitive Codebreaker_SB": 1026, "Obliterating Bolt_SB": 1866, "Pyroclasm_SB": 2060, "Squee, Dubious Monarch_SB": 2541, "Battlefield Forge": 187, "Case of the Gateway Express": 389, "Clockwork Percussionist": 474, "Gleeful Demolition": 1116, "Imodane's Recruiter": 1346, "Inspiring Vantage": 1379, "Knight-Errant of Eos": 1512, "Mockingbird": 1758, "Novice Inspector": 1853, "Painter's Studio && Defaced Gallery": 1941, "Resolute Reinforcements": 2173, "Sheltered by Ghosts": 2382, "Shivan Reef": 2395, "Spirebluff Canal": 2523, "Warden of the Inner Sky": 3095, "Destroy Evil_SB": 651, "Get Lost_SB": 1064, "Protect the Negotiators_SB": 2050, "Sheltered by Ghosts_SB": 2383, "Atraxa, Grand Unifier": 136, "Hedge Maze": 1256, "Herd Migration": 1273, "Hushwood Verge": 1335, "Leyline Binding": 1569, "Lush Portico": 1648, "Overlord of the Hauntwoods": 1924, "Overlord of the Mistmoors": 1926, "Shadowy Backstreet": 2375, "Spelunking": 2512, "Temporary Lockdown": 2692, "Up the Beanstalk": 2962, "Zur, Eternal Schemer": 3189, "Sunfall_SB": 2610, "Audacity": 138, "Copperline Gorge": 520, "Demonic Ruckus": 641, "Karplusan Forest": 1470, "Questing Druid": 2067, "Restless Ridgeline": 2189, "Snakeskin Veil": 2467, "Thornspire Verge": 2779, "Twinferno": 2893, "Two-Headed Hunter": 2901, "Pawpatch Formation_SB": 1955, "Witchstalker Frenzy_SB": 3146, "Liliana of the Veil": 1592, "Cruelclaw's Heist_SB": 551, "Feed the Cycle": 923, "Tear Asunder": 2673, "Floodpits Drowner": 980, "Gix, Yawgmoth Praetor": 1102, "Kaito, Bane of Nightmares": 1455, "Preacher of the Schism": 2030, "Dreams of Steel and Oil": 722, "Sentinel of the Nameless City": 2365, "Dreams of Steel and Oil_SB": 723, "Ethereal Armor": 835, "Feather of Flight": 919, "Manifold Mouse": 1678, "Optimistic Scavenger": 1892, "Restless Bivouac": 2181, "Shardmage's Rescue": 2377, "Thran Portal": 2791, "Invasion of Gobakhan_SB": 1399, "Innkeeper's Talent": 1365, "Pick Your Poison_SB": 1992, "Scorching Shot_SB": 2318, "Sunspine Lynx_SB": 2617, "Founding the Third Path": 1006, "Negate": 1818, "Split Up_SB": 2530, "Balustrade Wurm": 166, "Break Out": 307, "Cache Grab": 353, "Commercial District": 500, "Fabled Passage": 869, "Fear of Missing Out": 912, "Inti, Seneschal of the Sun": 1381, "Omnivorous Flytrap": 1887, "Patchwork Beastie": 1953, "Wildfire Wickerfolk": 3128, "Wrenn and Realmbreaker": 3157, "Abrade_SB": 4, "Snakeskin Veil_SB": 2468, "Plumecreed Escort": 2012, "Regal Bunnicorn": 2151, "Splitskin Doll": 2531, "Steel Seraph": 2564, "Zoetic Glyph": 3181, "Vengeful Possession_SB": 3022, "Doppelgang": 694, "Arabella, Abandoned Doll_SB": 81, "Analyze the Pollen": 55, "Pest Control": 1968, "Pillage the Bog": 2000, "Outrageous Robbery_SB": 1913, "No More Lies": 1840, "Silent Hallcreeper_SB": 2414, "Shoot the Sheriff": 2398, "Spell Stutter": 2507, "Undercity Sewers": 2924, "Unholy Annex // Ritual Chamber": 2935, "Deadly Cover-Up_SB": 601, "Bitter Reunion": 211, "Botanical Sanctum": 281, "Bushwhack": 351, "Enduring Vitality": 800, "Pawpatch Formation": 1954, "Roaring Furnace // Steaming Sauna": 2226, "Song of Totentanz": 2475, "Stormchaser's Talent": 2585, "Tarnation Vista": 2669, "This Town Ain't Big Enough": 2774, "Thundertrap Trainer": 2819, "Valley Floodcaller": 2993, "Yavimaya Coast": 3165, "Blue Sun's Twilight_SB": 258, "Dissection Tools_SB": 673, "Into the Flood Maw_SB": 1387, "Screaming Nemesis_SB": 2328, "Up the Beanstalk_SB": 2963, "Volcanic Spite_SB": 3066, "Painter's Studio // Defaced Gallery": 1943, "Soul Partition_SB": 2480, "Blazemire Verge": 225, "Caves of Koilos": 412, "Concealed Courtyard": 503, "Cruelclaw's Heist": 550, "Legions to Ashes": 1562, "Nowhere to Run": 1854, "Restless Fortress": 2185, "Sandstorm Verge": 2282, "Beza, the Bounding Spring_SB": 203, "Kaya, Intangible Slayer_SB": 1474, "Legions to Ashes_SB": 1563, "The Eternal Wanderer_SB": 2720, "Questing Druid_SB": 2068, "Deadly Cover-Up": 600, "Ghost Vacuum": 1078, "Hunter's Talent": 1332, "Unholy Annex // Ritual Chamber_SB": 2936, "Disfigure_SB": 667, "Hostile Investigator_SB": 1324, "Stormkeld Vanguard_SB": 2587, "Urgent Necropsy_SB": 2974, "Aclazotz, Deepest Betrayal": 11, "Outrageous Robbery": 1912, "Virtue of Persistence": 3049, "Blot Out_SB": 257, "Pillage the Bog_SB": 2001, "Sheoldred, the Apocalypse_SB": 2388, "Brushland": 334, "Elspeth's Smite": 776, "Overlord of the Floodpits": 1922, "Tishana's Tidebinder": 2831, "Boon-Bringer Valkyrie_SB": 273, "Long River's Pull": 1618, "Arabella, Abandoned Doll": 80, "Warleader's Call": 3100, "Yotian Frontliner": 3170, "Overprotect": 1928, "Manifold Mouse_SB": 1679, "Caretaker's Talent_SB": 380, "Cankerbloom": 370, "Cenote Scout": 417, "Keen-Eyed Curator": 1479, "Obliterating Bolt": 1865, "Seed of Hope": 2354, "Violent Urge": 3040, "Haywire Mite_SB": 1237, "The Swarmweaver_SB": 2761, "Gix's Command": 1100, "Archangel of Wrath": 93, "Split Up": 2529, "Archangel of Wrath_SB": 94, "Long Goodbye_SB": 1616, "Nissa, Ascended Animist": 1836, "Doppelgang_SB": 695, "Loran of the Third Path": 1625, "Argentum Masticore_SB": 106, "Overlord of the Mistmoors_SB": 1927, "Season of the Burrow_SB": 2348, "Lumra, Bellow of the Woods": 1642, "Squirming Emergence": 2542, "Wail of the Forgotten": 3088, "Abhorrent Oculus_SB": 2, "Binding Negotiation_SB": 206, "Fugitive Codebreaker": 1025, "Mishra's Foundry": 1750, "Witchstalker Frenzy": 3145, "Ancient Cornucopia": 59, "Not on My Watch": 1851, "Archdruid's Charm_SB": 96, "Ghostly Dancers_SB": 1081, "The Stone Brain_SB": 2758, "Thrun, Breaker of Silence_SB": 2813, "Virtue of Knowledge": 3045, "Horned Loch-Whale_SB": 1320, "Phyrexian Fleshgorger_SB": 1984, "Scrollshift": 2329, "Not on My Watch_SB": 1852, "The End_SB": 2717, "Scorching Dragonfire_SB": 2316, "Elegant Parlor": 768, "Overlord of the Boilerbilges": 1920, "Builder's Talent": 337, "Collector's Vault": 488, "Restless Anchorage": 2179, "The Enigma Jewel": 2718, "The Eternal Wanderer": 2719, "Shore Up": 2400, "Silent Hallcreeper": 2413, "Shore Up_SB": 2401, "Skrelv, Defector Mite": 2434, "Enduring Innocence_SB": 797, "Doorkeeper Thrull_SB": 693, "Sanguine Evangelist": 2283, "Lightning Helix_SB": 1587, "Sheoldred's Edict": 2385, "The Wandering Rescuer": 2764, "Season of the Burrow": 2347, "Loran of the Third Path_SB": 1626, "Serra Paragon_SB": 2369, "Deduce": 612, "Horned Loch-Whale": 1319, "Insatiable Avarice": 1370, "Micromancer": 1720, "Rona's Vortex": 2237, "Withering Torment": 3147, "The Cruelty of Gix_SB": 2712, "Cheeky House-Mouse": 442, "Lightning Helix": 1586, "Mabel, Heir to Cragflame": 1652, "Case of the Crimson Pulse_SB": 387, "Requisition Raid_SB": 2172, "Goddric, Cloaked Reveler": 1141, "Squee, Dubious Monarch": 2540, "Scrapshooter_SB": 2322, "Unholy Annex && Ritual Chamber_SB": 2934, "Altanak, the Thrice-Called": 47, "Say Its Name": 2298, "Terror Tide": 2699, "The Cruelty of Gix": 2711, "Valgavoth, Terror Eater": 2988, "Nowhere to Run_SB": 1855, "Picnic Ruiner": 1994, "Tectonic Hazard_SB": 2676, "Brotherhood's End": 331, "Hugs, Grisly Guardian": 1328, "Kogla and Yidaro": 1515, "Migloz, Maze Crusher": 1726, "Ojer Kaslem, Deepest Growth": 1877, "Volcanic Spite": 3065, "Brotherhood's End_SB": 332, "Case of the Filched Falcon": 388, "Subterranean Schooner": 2598, "Unidentified Hovership": 2937, "Archangel Elspeth_SB": 90, "Parting Gust_SB": 1951, "Bitter Triumph_SB": 214, "Leyline of the Void_SB": 1578, "Sheoldred's Edict_SB": 2386, "Enduring Curiosity_SB": 795, "Go for the Throat_SB": 1131, "Vren, the Relentless_SB": 3087, "Invasion of Ixalan": 1400, "Scorching Dragonfire": 2315, "Bristlebud Farmer_SB": 322, "Ill-Timed Explosion_SB": 1344, "Ral, Crackling Wit_SB": 2099, "Disfigure": 666, "Giant Growth": 1086, "Rockface Village_SB": 2230, "Twisted Fealty_SB": 2899, "Vraska, Betrayal's Sting_SB": 3084, "Clement, the Worrywort": 471, "Dour Port-Mage": 698, "Dreamdew Entrancer": 720, "Lilypad Village": 1596, "Long River Lurker": 1617, "Mistbreath Elder": 1752, "Oakhollow Village": 1861, "Pond Prophet": 2021, "Splash Portal": 2527, "Sunshower Druid": 2614, "Three Tree Scribe": 2804, "Valley Mightcaller": 2995, "Azure Beastbinder": 155, "Drannith Ruins": 716, "Kaito, Bane of Nightmares_SB": 1456, "Change the Equation_SB": 434, "Getaway Glamer": 1067, "Breach the Multiverse_SB": 305, "Deep-Cavern Bat_SB": 615, "Escape Tunnel": 823, "Rush of Dread": 2261, "Ephara's Dispersal": 813, "Vraska, Betrayal's Sting": 3083, "Faerie Dreamthief": 876, "Spell Stutter_SB": 2508, "Thought-Stalker Warlock_SB": 2785, "Kaito, Dancing Shadow_SB": 1460, "Bandit's Talent": 169, "Kaya, Intangible Slayer": 1473, "Baird, Argivian Recruiter": 160, "Coppercoat Vanguard": 518, "Fortified Beachhead": 1004, "Harbin, Vanguard Aviator": 1212, "Protect the Negotiators": 2049, "Recruitment Officer": 2142, "Valiant Veteran": 2990, "Kutzil's Flanker_SB": 1535, "Restless Prairie": 2186, "Misery's Shadow": 1746, "Overlord of the Balemurk_SB": 1919, "Render Inert_SB": 2164, "Flowerfoot Swordmaster": 986, "Loran's Escape": 1627, "Rabid Gnaw": 2074, "Valley Questcaller": 2996, "Nettle Guard_SB": 1823, "Seedglaive Mentor_SB": 2355, "Dusk Rose Reliquary": 739, "Kellan, Daring Traveler": 1485, "Razorverge Thicket": 2124, "Syr Ginger, the Meal Ender": 2652, "Teething Wurmlet": 2677, "Tough Cookie": 2857, "Anointed Peacekeeper_SB": 78, "Aven Interrupter_SB": 148, "Tail Swipe_SB": 2656, "Pick Your Poison": 1991, "Sharp-Eyed Rookie": 2379, "Archdruid's Charm": 95, "Enduring Courage": 792, "Pyroclasm": 2059, "Elesh Norn, Mother of Machines_SB": 774, "Invasion of Tolvada_SB": 1411, "Metropolis Reformer_SB": 1719, "Burrowguard Mentor": 348, "Finneas, Ace Archer": 960, "Hop to It": 1314, "Pawpatch Recruit": 1956, "Seasoned Warrenguard": 2350, "Dewdrop Cure_SB": 658, "Sunder the Gateway_SB": 2608, "Treeguard Duo_SB": 2875, "Agatha's Soul Cauldron": 28, "Blood Hustler": 236, "Fallaji Archaeologist": 886, "Fauna Shaman": 896, "Haywire Mite": 1236, "Kami of Whispered Hopes": 1464, "Likeness Looter": 1591, "Lively Dirge": 1603, "Nashi, Moon's Legacy": 1813, "Rona, Herald of Invasion": 2239, "Sleep-Cursed Faerie": 2453, "Tyvar, Jubilant Brawler": 2911, "Annex Sentry": 69, "Crawling Chorus": 546, "Jawbone Duelist": 1434, "Skrelv's Hive": 2432, "Slaughter Singer": 2452, "The Seedcore": 2751, "Venerated Rotpriest": 3018, "Ajani, Sleeper Agent_SB": 38, "Surge of Salvation_SB": 2623, "Aftermath Analyst": 25, "Bristly Bill, Spine Sower": 324, "Case of the Locked Hothouse": 391, "Evolving Wilds": 841, "Festering Gulch": 943, "Freestrider Lookout": 1012, "Nissa, Resurgent Animist": 1838, "Not Dead After All": 1849, "Urborg Repossession": 2968, "Fake Your Own Death_SB": 885, "Forest_SB": 999, "Heaped Harvest_SB": 1246, "Swamp_SB": 2635, "Etali's Favor": 829, "Disenchant_SB": 665, "Demand Answers": 632, "Dreadmaw's Ire_SB": 718, "Untimely Malfunction_SB": 2958, "Roaring Furnace && Steaming Sauna": 2224, "High Noon": 1295, "Virtue of Loyalty": 3047, "High Noon_SB": 1296, "Magebane Lizard_SB": 1660, "Betrayer's Bargain_SB": 201, "Breeches, Eager Pillager": 310, "Captain Storm, Cosmium Raider": 376, "Goblin Tomb Raider": 1140, "Kitesail Larcenist": 1501, "Malcolm, Alluring Scoundrel": 1671, "Malcolm, the Eyes": 1673, "Reckless Lackey": 2135, "Roaming Throne": 2222, "Staunch Crewmate": 2558, "Roaming Throne_SB": 2223, "Beseech the Mirror": 197, "Rite of the Moth": 2214, "Valgavoth's Faithful": 2984, "Don't Make a Sound": 690, "Return the Favor": 2200, "Chainsaw_SB": 424, "Might of the Meek_SB": 1725, "Rabid Gnaw_SB": 2075, "Turn Inside Out_SB": 2891, "Phantom Interference_SB": 1973, "Felonious Rage": 939, "Shock_SB": 2397, "Zoraline, Cosmos Caller": 3185, "Hostile Investigator": 1323, "Scrapshooter": 2321, "Tyrranax Rex_SB": 2907, "Take Up the Shield": 2659, "Dollmaker's Shop // Porcelain Gallery": 688, "Honest Rutstein": 1313, "Marchesa, Dealer of Death": 1685, "Nashi, Searcher in the Dark": 1814, "Plaza of Heroes": 2011, "Relic of Legends": 2159, "Tinybones Joins Up": 2825, "Tinybones, the Pickpocket": 2828, "Jirina, Dauntless General_SB": 1442, "Break the Spell_SB": 309, "Assassin's Trophy": 127, "Overlord of the Balemurk": 1918, "Rubblebelt Maverick": 2248, "Slime Against Humanity": 2461, "Balustrade Wurm_SB": 167, "Glissa Sunslayer_SB": 1121, "Ruthless Negotiation_SB": 2267, "No Witnesses": 1844, "Spellgyre": 2510, "Teferi, Temporal Pilgrim": 2678, "White Sun's Twilight": 3121, "Virtue of Loyalty_SB": 3048, "Scales of Shale_SB": 2305, "Quick Study": 2070, "Explosive Derailment": 853, "Fell": 936, "Gisa, the Hellraiser": 1095, "Great Train Heist": 1166, "Kaervek, the Punisher": 1453, "Lazav, Familiar Stranger": 1553, "Long Goodbye": 1615, "Magda, the Hoardmaster": 1658, "Restless Vents": 2193, "Vadmir, New Blood": 2982, "Vial Smasher, Gleeful Grenadier": 3032, "Ill-Timed Explosion": 1343, "Niv-Mizzet, Supreme": 1839, "Roxanne, Starfall Savant": 2244, "Soul Search_SB": 2482, "Blanchwood Prowler": 220, "Chupacabra Echo": 452, "Cruel Somnophage": 549, "Gnawing Vermin": 1128, "Hollow Scavenger": 1310, "Huskburster Swarm": 1336, "Urborg Lhurgoyf": 2967, "Writhing Necromass": 3162, "Broodspinner": 329, "Drag to the Roots": 705, "Hedge Shredder": 1257, "Terramorphic Expanse": 2697, "Grievous Wound_SB": 1179, "Terror Tide_SB": 2700, "Cathartic Parting_SB": 401, "Impulse_SB": 1354, "Lich-Knights' Conquest_SB": 1581, "Imodane's Recruiter_SB": 1347, "Destroy Evil": 650, "Phyrexian Arena": 1978, "Goldvein Hydra": 1144, "The End": 2716, "Season of Gathering_SB": 2342, "Overlord of the Hauntwoods_SB": 1925, "Entity Tracker": 811, "Fae Flight": 872, "Gremlin Tamer": 1175, "Inquisitive Glimmer": 1368, "Ossification": 1901, "Ossification_SB": 1902, "Lord Skitter, Sewer King_SB": 1630, "Surge of Salvation": 2622, "Bovine Intervention_SB": 289, "Molten Collapse": 1763, "Piggy Bank": 1995, "Raucous Theater": 2115, "Voldaren Thrillseeker": 3068, "Agatha's Soul Cauldron_SB": 29, "Ertai Resurrected_SB": 820, "Scatter Ray": 2307, "Season of Weaving": 2345, "Blot Out": 256, "Ashiok, Wicked Manipulator_SB": 121, "Assimilation Aegis": 129, "Chimil, the Inner Sun": 444, "Chrome Prowler": 451, "Combat Thresher": 497, "Cryptic Coat": 557, "Hidden Cataract": 1284, "Hidden Courtyard": 1285, "Liberator, Urza's Battlethopter": 1579, "Out Cold": 1905, "Simulacrum Synthesizer": 2422, "Kitnap_SB": 1503, "Lost in the Maze_SB": 1634, "Spark Rupture_SB": 2497, "Case of the Stashed Skeleton": 394, "Corpses of the Lost": 524, "Cult Conscript": 563, "Patchwork Banner": 1952, "Undead Sprinter": 2921, "Fear of Impostors": 905, "Ghostly Dancers": 1080, "Braided Net": 290, "Clay-Fired Bricks": 469, "Farsight Ritual": 893, "Ezrim, Agency Chief_SB": 866, "Kaya, Spirits' Justice": 1475, "Serra Paragon": 2368, "Eddymurk Crab": 756, "Restless Vinestalk": 2195, "Tolarian Terror": 2845, "Keen-Eyed Curator_SB": 1480, "Monstrous Emergence_SB": 1779, "Unable to Scream_SB": 2916, "Valley Flamecaller": 2992, "Ghired, Mirror of the Wilds": 1074, "The Jolly Balloon Man": 2732, "Roaring Furnace && Steaming Sauna_SB": 2225, "Sunspine Lynx": 2616, "Koth, Fire of Resistance_SB": 1524, "Aven Interrupter": 147, "Skrelv's Hive_SB": 2433, "Breach the Multiverse": 304, "Capricious Hellraiser": 373, "Fires of Victory": 963, "Hidetsugu and Kairi": 1292, "Push // Pull": 2057, "Thundering Falls": 2815, "Under the Skin": 2923, "Elusive Otter_SB": 781, "Ephara's Dispersal_SB": 814, "Confounding Riddle": 507, "Malicious Eclipse": 1674, "Calix, Guided by Fate": 361, "Royal Treatment": 2246, "Valgavoth's Lair": 2985, "Unyielding Gatekeeper": 2961, "Etali, Primal Conqueror_SB": 831, "Lightning Strike_SB": 1589, "Innkeeper's Talent_SB": 1366, "Impulse": 1353, "Dollmaker's Shop && Porcelain Gallery": 687, "Restricted Office && Lecture Hall_SB": 2196, "Amalia Benavides Aguirre": 48, "Case of the Uneaten Feast": 396, "Darkstar Augur": 583, "Essence Channeler": 825, "Lunar Convocation": 1643, "Ruin-Lurker Bat": 2251, "Pest Control_SB": 1969, "Starscape Cleric_SB": 2553, "Elusive Otter": 780, "Ral, Crackling Wit": 2098, "Season of Weaving_SB": 2346, "Razorkin Needlehead_SB": 2120, "Cunning Coyote": 565, "Osteomancer Adept": 1903, "The Infamous Cruelclaw": 2729, "No More Lies_SB": 1841, "Tail Swipe": 2655, "Come Back Wrong_SB": 499, "Preacher of the Schism_SB": 2031, "Thraxodemon": 2795, "Case of the Crimson Pulse": 386, "Braids, Arisen Nightmare": 292, "Disturbing Mirth": 679, "Fear of Lost Teeth": 911, "Final Vengeance": 958, "Greedy Freebooter": 1170, "Invasion of Azgol": 1395, "Rottenmouth Viper": 2242, "Spiteful Hexmage": 2525, "The Witch's Vanity_SB": 2767, "Tinybones, the Pickpocket_SB": 2829, "Vaultborn Tyrant": 3013, "Decadent Dragon": 610, "Rakdos, Patron of Chaos": 2093, "Change the Equation": 433, "Valley Rotcaller": 2997, "Hopeless Nightmare": 1317, "Pitiless Carnage": 2003, "Sawblade Skinripper": 2296, "The Witch's Vanity": 2766, "The Infamous Cruelclaw_SB": 2730, "Gingerbrute": 1094, "Marvin, Murderous Mimic": 1691, "Monstrous Emergence": 1778, "Surge Engine": 2620, "Kitesail Larcenist_SB": 1502, "Repulsive Mutation_SB": 2169, "Glass Casket": 1109, "Lupinflower Village": 1646, "Pollen-Shield Hare": 2016, "Three Tree City": 2802, "Glass Casket_SB": 1110, "Ashiok, Wicked Manipulator": 120, "Final Showdown": 956, "Kutzil's Flanker": 1534, "Faerie Fencing": 877, "Ingenious Prodigy": 1364, "Kaito, Dancing Shadow": 1459, "Darkstar Augur_SB": 584, "Plumecreed Escort_SB": 2013, "Tyvar's Stand_SB": 2910, "Captivating Cave": 377, "Three Steps Ahead_SB": 2801, "Shoot the Sheriff_SB": 2399, "Teferi, Temporal Pilgrim_SB": 2679, "Aloe Alchemist": 46, "Yavimaya Iconoclast": 3166, "Embereth Veteran": 786, "Hearth Elemental": 1252, "Lavaspur Boots": 1549, "Mirran Banesplitter": 1738, "Phoenix Chick": 1976, "Hearth Elemental_SB": 1253, "Zoraline, Cosmos Caller_SB": 3186, "Neutralize the Guards_SB": 1825, "Shardmage's Rescue_SB": 2378, "Sword of Once and Future_SB": 2645, "Bloodletter of Aclazotz_SB": 244, "Proft's Eidetic Memory": 2041, "Spellbook Vendor": 2509, "Stenn, Paranoid Partisan": 2566, "Gremlin Tamer_SB": 1176, "Betrayer's Bargain": 200, "Corrupted Conviction": 528, "Braids, Arisen Nightmare_SB": 293, "Furnace Reins_SB": 1036, "Get Out": 1065, "Monastery Mentor": 1773, "Mountain_SB": 1793, "Misery's Shadow_SB": 1747, "Seized from Slumber": 2360, "Pugnacious Hammerskull_SB": 2055, "Torch the Witness_SB": 2854, "Chrome Host Seedshark_SB": 450, "Wrenn's Resolve_SB": 3161, "Fear of Isolation": 909, "Kaervek, the Punisher_SB": 1454, "Artist's Talent": 116, "Brass's Tunnel-Grinder": 298, "Chandra, Hope's Beacon": 427, "Virtue of Knowledge_SB": 3046, "Glarb, Calamity's Augur": 1107, "Cavern of Souls_SB": 410, "Glarb, Calamity's Augur_SB": 1108, "Market Gnome": 1686, "Lord Skitter, Sewer King": 1629, "Kambal, Profiteering Mayor_SB": 1463, "Warden of the Inner Sky_SB": 3096, "Painter's Studio && Defaced Gallery_SB": 1942, "Planar Disruption_SB": 2009, "Wear Down_SB": 3111, "Scrollshift_SB": 2330, "Overprotect_SB": 1929, "Portent of Calamity": 2025, "The Irencrag": 2731, "The Swarmweaver": 2760, "Twitching Doll": 2900, "Cease // Desist_SB": 414, "Floodpits Drowner_SB": 981, "Geological Appraiser": 1060, "Kogla and Yidaro_SB": 1516, "Lukka, Bound to Ruin_SB": 1637, "Roxanne, Starfall Savant_SB": 2245, "Sorcerous Spyglass_SB": 2478, "Overlord of the Boilerbilges_SB": 1921, "Black Sun's Twilight": 215, "Corrupt": 527, "Haunted Mire": 1232, "Iridescent Vinelasher_SB": 1418, "Errant and Giada": 817, "Werefox Bodyguard_SB": 3117, "Archfiend of the Dross_SB": 98, "Lost in the Maze": 1633, "Fortune, Loyal Steed": 1005, "Frontier Seeker": 1020, "Great Train Heist_SB": 1167, "Bristling Backwoods": 323, "Rugged Highlands": 2250, "Razortrap Gorge": 2123, "Jaya, Fiery Negotiator_SB": 1436, "Phyrexian Arena_SB": 1979, "Dissection Tools": 672, "Unable to Scream": 2915, "Herbology Instructor_SB": 1271, "Valley Floodcaller_SB": 2994, "Conduit Pylons": 504, "Hidden Grotto": 1286, "Maelstrom Pulse": 1656, "Scavenging Ooze": 2312, "Vivien Reid": 3055, "Liliana, Dreadhorde General_SB": 1595, "Maelstrom Pulse_SB": 1657, "Heroic Reinforcements": 1280, "No One Left Behind": 1842, "Unstoppable Slasher_SB": 2954, "Restless Ridgeline_SB": 2190, "Phyrexian Obliterator": 1987, "Back for Seconds_SB": 158, "Case of the Stashed Skeleton_SB": 395, "Homicide Investigator_SB": 1312, "Dreadmaw's Ire": 717, "Witch's Mark_SB": 3143, "Gix, Yawgmoth Praetor_SB": 1103, "Boros Charm": 275, "Raucous Carnival": 2113, "Calamity, Galloping Inferno": 360, "Llanowar Elves": 1606, "Outcaster Trailblazer": 1908, "Smuggler's Surprise": 2465, "Spinewoods Armadillo": 2519, "Trumpeting Carnosaur": 2883, "Burst Lightning": 349, "Soulstone Sanctuary": 2492, "Scavenging Ooze_SB": 2313, "Vivien Reid_SB": 3056, "Basilisk Collar_SB": 184, "Day of Judgment": 590, "Authority of the Consuls_SB": 145, "Devout Decree_SB": 656, "Flashfreeze_SB": 971, "Evangel of Synthesis": 838, "Steamcore Scholar": 2560, "Zombify": 3183, "Desecration Demon_SB": 645, "Wail of the Forgotten_SB": 3089, "Abyssal Harvester": 9, "Sun-Blessed Healer": 2603, "Temple of Triumph": 2691, "Campus Renovation_SB": 366, "Glimpse the Core": 1119, "Boltwave": 261, "Splitskin Doll_SB": 2532, "Virtue of Courage": 3043, "Heartflame Duelist_SB": 1251, "Slagstorm_SB": 2451, "Mazemind Tome": 1700, "Kellan, Planar Trailblazer": 1488, "Crystal Barricade_SB": 561, "Bloodthirsty Conqueror_SB": 248, "Spinner of Souls": 2521, "Feed the Swarm_SB": 927, "Kaito, Cunning Infiltrator_SB": 1458, "Opt": 1890, "Not Dead After All_SB": 1850, "Pitiless Carnage_SB": 2004, "Kiora, the Rising Tide": 1498, "Ghitu Lavarunner": 1076, "Thrill of Possibility": 2807, "Artist's Talent_SB": 117, "Blooming Blast_SB": 252, "Djeru and Hazoret": 686, "Elenda, Saint of Dusk": 770, "Garna, Bloodfist of Keld": 1045, "Hajar, Loyal Bodyguard": 1199, "Jodah, the Unifier": 1443, "Kellan, the Kid": 1491, "Secluded Courtyard": 2352, "Sigarda, Font of Blessings": 2411, "Enduring Tenacity": 798, "Faebloom Trick": 874, "Authority of the Consuls": 144, "Exemplar of Light": 842, "Fiendish Panda": 948, "Hinterland Sanctifier": 1301, "Elenda, Saint of Dusk_SB": 771, "Spectral Sailor": 2503, "Arid Archway": 108, "Felidar Retreat": 933, "Herald of Eternal Dawn": 1266, "Loot, Exuberant Explorer": 1621, "Mossborn Hydra": 1788, "Demolition Field_SB": 634, "Giant Cindermaw_SB": 1085, "Nurturing Pixie": 1857, "Tithing Blade": 2837, "Fade from History_SB": 871, "Bloodthirsty Conqueror": 247, "Heartflame Duelist": 1250, "Viashino Pyromancer": 3033, "Abraded Bluffs": 5, "Ball Lightning": 163, "Bloodfeather Phoenix": 239, "Grab the Prize": 1153, "Stoke the Flames": 2578, "Lyra Dawnbringer_SB": 1650, "Virtue of Courage_SB": 3044, "Combat Research": 496, "Unsummon": 2955, "Brineborn Cutthroat_SB": 317, "Ertai's Scorn_SB": 822, "Flow of Knowledge_SB": 985, "Haughty Djinn_SB": 1229, "Urza's Rebuff_SB": 2977, "Azure Beastbinder_SB": 156, "Abyssal Harvester_SB": 10, "Painter's Studio // Defaced Gallery_SB": 1944, "Heaped Harvest": 1245, "Hero's Downfall": 1277, "Liliana, Dreadhorde General": 1594, "Temple of Malady": 2686, "Temple of Plenty": 2689, "Temple of Silence": 2690, "Mortify_SB": 1787, "White Sun's Twilight_SB": 3122, "Kaito, Cunning Infiltrator": 1457, "Sphinx of Forgotten Lore": 2513, "Aetherize_SB": 23, "Feldon's Cane_SB": 929, "Demonic Pact": 639, "Harmless Offering": 1221, "Torpor Orb_SB": 2856, "Elesh Norn, Mother of Machines": 773, "Cathar Commando": 399, "Knight of Grace": 1510, "Ajani, Caller of the Pride_SB": 35, "Ethereal Armor_SB": 836, "Dead Weight": 595, "Gixian Puppeteer": 1105, "Invasion of Amonkhet": 1392, "Revenge of the Rats": 2201, "Terror Ballista": 2698, "The Ancient One": 2709, "Razorlash Transmogrant_SB": 2122, "Reclamation Sage_SB": 2139, "Llanowar Greenwidow": 1608, "Scavenger's Talent": 2311, "An Offer You Can't Refuse_SB": 54, "Trapped in the Screen_SB": 2869, "Dragonhawk, Fate's Tempest": 708, "Zurgo and Ojutai": 3190, "Final Showdown_SB": 957, "Subterranean Schooner_SB": 2599, "Virtue of Strength": 3051, "War Squeak": 3093, "Worldsoul's Rage": 3153, "Hero's Downfall_SB": 1278, "Boros Charm_SB": 276, "Day of Judgment_SB": 591, "Ashroot Animist": 124, "Green Sun's Twilight": 1171, "Lukka, Bound to Ruin": 1636, "Polukranos Reborn": 2019, "Ruby, Daring Tracker": 2249, "Terror of the Peaks": 2701, "Hard-Hitting Question_SB": 1218, "Muerra, Trash Tactician_SB": 1798, "Soulless Jailer_SB": 2489, "Refute": 2149, "Unwanted Remake": 2959, "Curator of Destinies_SB": 568, "Abrade": 3, "Anim Pakal, Thousandth Moon": 66, "Jirina, Dauntless General": 1441, "Deathmark_SB": 607, "Joust Through_SB": 1449, "Knight of Grace_SB": 1511, "Raise the Past_SB": 2089, "Insidious Roots": 1374, "Kitsa, Otterball Elite": 1504, "Skyfisher Spider": 2443, "Arcanis the Omnipotent_SB": 88, "Feed the Cycle_SB": 924, "Insidious Fungus_SB": 1373, "Stab_SB": 2544, "Dazzling Denial": 593, "Empyrean Eagle": 789, "Healer's Hawk": 1244, "Toby, Beastie Befriender": 2840, "Greed's Gambit": 1168, "Rankle's Prank": 2106, "Molten Collapse_SB": 1764, "Sire of Seven Deaths_SB": 2425, "Aspirant's Ascent": 125, "Bloated Contaminator": 233, "Bring the Ending": 318, "Distorted Curiosity": 674, "Enter the Enigma": 809, "Fleeting Reflection": 975, "High Stride": 1297, "Infectious Bite": 1358, "Ivy, Gleeful Spellthief": 1424, "Prologue to Phyresis": 2045, "Aspirant's Ascent_SB": 126, "Bring the Ending_SB": 319, "Distorted Curiosity_SB": 675, "Enter the Enigma_SB": 810, "Fleeting Reflection_SB": 976, "High Stride_SB": 1298, "Prologue to Phyresis_SB": 2046, "This Town Ain't Big Enough_SB": 2775, "Temple of Deceit": 2683, "Requisition Raid": 2171, "Sentinel of the Nameless City_SB": 2366, "Doubling Season": 696, "Blooming Blast": 251, "Coruscation Mage": 531, "Firebrand Archer": 961, "Cathar Commando_SB": 400, "Elegant Parlor_SB": 769, "Thrun, Breaker of Silence": 2812, "Pawpatch Recruit_SB": 1957, "Buried in the Garden": 342, "Clifftop Lookout": 472, "Fecund Greenshell": 921, "Genesis Wave": 1059, "Invasion of Zendikar": 1412, "Tender Wildguide": 2694, "Roaring Furnace // Steaming Sauna_SB": 2227, "Sheoldred_SB": 2389, "Chimil, the Inner Sun_SB": 445, "Obstinate Baloth_SB": 1870, "Pilfer_SB": 1999, "Urborg Scavengers_SB": 2971, "Annex Sentry_SB": 70, "Ajani's Pridemate": 33, "Arahbo, the First Fang": 83, "Banishing Light": 171, "Joust Through": 1448, "Prideful Parent": 2033, "Regal Caracal": 2153, "Savannah Lions": 2292, "Skyknight Squire": 2445, "Banishing Light_SB": 172, "Claws Out_SB": 468, "Ferocification_SB": 942, "Audacity_SB": 139, "Cease // Desist": 413, "Stormsplitter": 2588, "Starfall Invocation": 2550, "Hard-Hitting Question": 1217, "Brineborn Cutthroat": 316, "Desecration Demon": 644, "Lay Down Arms_SB": 1552, "Overlord of the Floodpits_SB": 1923, "Coiling Rebirth": 480, "Cynical Loner": 576, "Etali, Primal Conqueror": 830, "Driver of the Dead": 726, "Gatekeeper of Malakir": 1055, "Ichor Drinker": 1339, "Infestation Sage": 1361, "Kalastria Highborn": 1461, "Nullpriest of Oblivion": 1856, "Pulse Tracker": 2056, "Vampire Nighthawk": 3004, "Vengeful Bloodwitch": 3020, "Undergrowth Recon": 2927, "Walk-In Closet // Forgotten Cellar": 3091, "Lost Jitte": 1631, "An Offer You Can't Refuse": 53, "Carnelian Orb of Dragonkind": 381, "Invasion of Tarkir": 1407, "Sarkhan, Soul Aflame": 2289, "Slagstorm": 2450, "Stingerback Terror": 2570, "Twinflame Tyrant": 2895, "Omniscience": 1886, "Drag to the Roots_SB": 706, "Unwanted Remake_SB": 2960, "Witness Protection_SB": 3150, "Primal Might": 2034, "Luminous Rebuke": 1640, "Invasion of Regatha": 1405, "Arcanis the Omnipotent": 87, "Grand Entryway // Elegant Rotunda": 1160, "Moment of Craving_SB": 1768, "Starscape Cleric": 2552, "Bladecoil Serpent_SB": 218, "Tinybones, Bauble Burglar": 2827, "Sphinx of Forgotten Lore_SB": 2514, "Ashnod's Intervention": 123, "Barbed Batterfist": 176, "Bloodfeather Phoenix_SB": 240, "Koma, World-Eater": 1520, "The Elder Dragon War": 2714, "Valgavoth, Terror Eater_SB": 2989, "Fear of Impostors_SB": 906, "Smash to Dust_SB": 2462, "Surrak, the Hunt Caller": 2633, "Tyvar, the Pummeler": 2912, "Wildborn Preserver_SB": 3126, "Witness Protection": 3149, "Calamity's Wake_SB": 359, "Archangel of Tithes": 91, "Boon-Bringer Valkyrie": 272, "Giada, Font of Hope": 1082, "Guardian of Ghirapur": 1190, "Lyra Dawnbringer": 1649, "Resplendent Angel": 2174, "Youthful Valkyrie": 3171, "Fabrication Foundry": 870, "Fomori Vault": 991, "Fumigate": 1028, "The Mightstone and Weakstone": 2740, "Thran Spider": 2792, "Unstable Glyphbridge": 2950, "Hammerhand": 1209, "Sawblade Scamp": 2295, "Citanul Stalwart": 458, "Dwynen's Elite": 746, "Elvish Archdruid": 782, "Imperious Perfect": 1350, "Leaf-Crowned Visionary": 1555, "Llanowar Loamspeaker": 1609, "Surrak and Goreclaw": 2629, "Tyvar the Bellicose": 2908, "Dwynen, Gilt-Leaf Daen_SB": 748, "Unsummon_SB": 2956, "Deeproot Wayfinder": 618, "Fountainport_SB": 1011, "Restless Cottage_SB": 2184, "Cityscape Leveler": 459, "Sire of Seven Deaths": 2424, "Searslicer Goblin": 2339, "Stromkirk Noble": 2595, "Reclamation Sage": 2138, "Case of the Locked Hothouse_SB": 392, "Bulk Up": 339, "Chandra, Flameshaper": 425, "Swiftblade Vindicator": 2637, "Archmage of Runes": 99, "Curate": 567, "Ertai's Scorn": 821, "Essence Scatter": 827, "Flow of Knowledge": 984, "Metamorphic Blast": 1714, "Unauthorized Exit": 2917, "Harrier Strix_SB": 1224, "Strix Lookout_SB": 2592, "The Tale of Tamiyo_SB": 2763, "Twist Reality_SB": 2897, "Commune with Evil": 501, "Leyline Axe": 1568, "Neglected Manor": 1820, "Sporogenic Infection": 2533, "Commune with Evil_SB": 502, "Fear of Missing Out_SB": 913, "Elas il-Kor, Sadistic Pilgrim": 764, "Helpful Hunter": 1264, "Knight of Dawn's Light": 1506, "Raise the Past": 2088, "Enduring Tenacity_SB": 799, "Leyline of Hope_SB": 1571, "Coppercoat Vanguard_SB": 519, "Garna, Bloodfist of Keld_SB": 1046, "Burst Lightning_SB": 350, "Massacre Wurm_SB": 1695, "Vampire Nighthawk_SB": 3005, "Runic Shot_SB": 2259, "Razorlash Transmogrant": 2121, "Huskburster Swarm_SB": 1337, "Season of Loss_SB": 2344, "Hearthborn Battler": 1254, "Invasion of Tarkir_SB": 1408, "Candy Trail": 369, "Desperate Bloodseeker": 647, "Marauding Blight-Priest": 1682, "Moment of Craving": 1767, "Murder": 1801, "Savor": 2293, "Servant of the Stinger": 2371, "Sanguine Indulgence_SB": 2285, "Soul-Shackled Zombie_SB": 2487, "Contaminated Aquifer": 516, "Idyllic Beachfront": 1342, "Marauding Brinefang": 1683, "Portal to Phyrexia": 2024, "Soul-Guide Lantern": 2484, "Union of the Third Path": 2939, "Vanish into Eternity": 3008, "Deadly Riposte_SB": 603, "Vanish into Eternity_SB": 3009, "Dewdrop Cure": 657, "Elesh Norn": 772, "Goblin Surprise": 1139, "Irreverent Gremlin": 1420, "Krenko, Mob Boss": 1530, "Norin, Swift Survivalist": 1846, "Vicious Clown": 3035, "Wind-Scarred Crag": 3133, "Involuntary Employment_SB": 1416, "Agate-Blade Assassin": 27, "Jagged Barrens": 1433, "Outlaws' Fury": 1910, "Ravine Raider": 2117, "Scales of Shale": 2304, "Agate Assault_SB": 26, "Bake into a Pie_SB": 161, "Hazardous Blast_SB": 1238, "Azorius Guildgate": 154, "Beanstalk Wurm": 191, "Boros Guildgate": 277, "Circuitous Route": 457, "Dimir Guildgate": 661, "Eaten Alive": 752, "Expedition Map": 846, "Golgari Guildgate": 1147, "Gruul Guildgate": 1187, "Insidious Fungus": 1372, "Izzet Guildgate": 1428, "Maze's End": 1698, "Muldrotha, the Gravetide": 1799, "Orzhov Guildgate": 1899, "Rakdos Guildgate": 2090, "Selesnya Guildgate": 2362, "Simic Guildgate": 2421, "Tatyova, Benthic Druid": 2671, "Atraxa's Fall_SB": 135, "Brightblade Stoat_SB": 313, "Desperate Bloodseeker_SB": 648, "Savor_SB": 2294, "Thornwood Falls": 2781, "Bartolom\u00e9 del Presidio": 180, "Forlorn Flats": 1002, "Midnight Reaper": 1723, "Nezumi Linkbreaker": 1828, "Snarling Gorehound": 2470, "Vampire Gourmand": 3003, "Coati Scavenger": 478, "Deadly Brew": 598, "Defiled Crypt // Cadaver Lab": 627, "Jungle Hollow": 1452, "Osseous Sticktwister": 1900, "Strangled Cemetery": 2589, "Gloomfang Mauler": 1123, "Live or Die": 1602, "Possessed Goat": 2026, "Scoured Barrens": 2320, "Shroudstomper": 2408, "Tocasia's Dig Site": 2841, "Vile Mutilator": 3037, "Electrostatic Infantry": 767, "Fear of Being Hunted": 901, "Khenra Spellspear": 1495, "Frenzied Goblin_SB": 1015, "The Autonomous Furnace": 2710, "Wrenn's Resolve": 3160, "Abandoned Campground": 0, "Guardian of the Great Door": 1192, "Lonely Arroyo": 1614, "Norn's Inquisitor": 1848, "Spring-Loaded Sawblades": 2535, "Midnight Mayhem": 1722, "Ratcatcher Trainee": 2111, "Scytheclaw Raptor_SB": 2333, "Dragon Fodder": 707, "Ral's Reinforcements": 2097, "Griffnaut Tracker_SB": 1180, "Keldon Strike Team_SB": 1482, "Impact Tremors": 1348, "Kindlespark Duo": 1496, "Rodeo Pyromancers": 2232, "Deadeye Duelist_SB": 597, "Skewer Slinger_SB": 2427, "Thunder Salvo_SB": 2814, "Boulderbranch Golem": 286, "Fierce Empath": 950, "Galewind Moose": 1041, "Gossip's Talent": 1152, "Gruff Triplets": 1186, "Lush Oasis": 1647, "Mirage Mesa": 1736, "Outcaster Greenblade": 1907, "Tyrranax Rex": 2906, "Sunshower Druid_SB": 2615, "Banner of Kinship": 173, "Baylen, the Haymaker": 189, "Blossoming Sands": 254, "Etched Cornfield": 833, "Hare Apparent": 1220, "Kayla's Reconstruction": 1478, "Hinterland Sanctifier_SB": 1302, "Prophetic Prism": 2048, "Souls of the Lost": 2490, "Rottenmouth Viper_SB": 2243, "Basilisk Collar": 183, "Ozolith, the Shattered Spire": 1937, "Ambush Wolf_SB": 50, "Dead Weight_SB": 596, "Fog of War_SB": 990, "Voracious Varmint_SB": 3074, "Aetherize": 22, "Peculiar Lighthouse": 1959, "Swiftwater Cliffs": 2640, "Tranquil Cove": 2862, "Tolarian Terror_SB": 2846, "Union of the Third Path_SB": 2940, "Hidetsugu's Second Rite": 1293, "Ghitu Lavarunner_SB": 1077, "Arcane Proxy": 86, "Render Inert": 2163, "Minor Misstep_SB": 1734, "Royal Treatment_SB": 2247, "Drag the Canal_SB": 703, "Scatter Ray_SB": 2308, "Stingerback Terror_SB": 2571, "Flamewake Phoenix_SB": 968, "Grand Entryway && Elegant Rotunda": 1159, "Karplusan Forest_SB": 1471, "The Huntsman's Redemption": 2727, "Argoth, Sanctum of Nature": 107, "Cosmic Rebirth": 534, "Elvish Regrower": 785, "Springbloom Druid": 2537, "Titania, Voice of Gaea": 2835, "Tolsimir, Midnight's Light": 2847, "Stoic Sphinx_SB": 2577, "Twisted Fealty": 2898, "Aegis Turtle_SB": 18, "Temple of Malice": 2687, "Night of the Sweets' Revenge": 1830, "Welcome to Sweettooth": 3115, "Cosmium Confluence_SB": 537, "See Double_SB": 2353, "Volatile Fault_SB": 3064, "Vraska's Fall": 3081, "The Filigree Sylex_SB": 2723, "Fiery Annihilation_SB": 952, "Armored Armadillo": 111, "Elvish Archivist": 783, "Toadstool Admirer": 2839, "Calix, Guided by Fate_SB": 362, "Divine Resilience_SB": 685, "Unflinching Courage_SB": 2932, "Valorous Stance_SB": 3002, "Anthem of Champions": 79, "Armasaur Guide": 110, "Biogenic Upgrade": 207, "Charming Prince": 437, "Dazzling Angel": 592, "Felidar Savior": 935, "Felling Blow": 938, "Gnarlid Colony": 1127, "Good-Fortune Unicorn": 1151, "Inspiring Call": 1376, "Inspiring Paladin": 1378, "Leonin Vanguard": 1564, "Mild-Mannered Librarian": 1728, "Pacifism": 1938, "Wary Thespian": 3104, "Wildborn Preserver": 3125, "Wildwood Scourge": 3129, "Immersturm Predator": 1345, "Bandit's Talent_SB": 170, "Tinybones Joins Up_SB": 2826, "Bonny Pall, Clearcutter_SB": 268, "Trygon Predator_SB": 2884, "Dwynen, Gilt-Leaf Daen": 747, "Lathril, Blade of the Elves": 1544, "Assassin's Trophy_SB": 128, "Ajani, Caller of the Pride": 34, "Angel of Vitality": 63, "Extinguish the Light_SB": 860, "Nine-Lives Familiar": 1835, "Voracious Greatshark": 3073, "Rite of Replication": 2211, "Knight of Dusk's Shadow_SB": 1509, "Swiftfoot Boots_SB": 2639, "Urgent Necropsy": 2973, "Eaten by Piranhas_SB": 754, "Phyrexian Obliterator_SB": 1988, "Restless Spire": 2191, "Silver Scrutiny_SB": 2417, "Axebane Ferox_SB": 151, "Wrenn and Realmbreaker_SB": 3158, "Flourishing Bloom-Kin": 983, "Ghalta, Primal Hunger": 1071, "Hunter's Talent_SB": 1333, "Alesha, Who Laughs at Fate": 43, "Aurelia, the Law Above": 141, "Perforating Artist": 1963, "Ruthless Lawbringer": 2264, "Voldaren Thrillseeker_SB": 3069, "Highway Robbery": 1299, "Urabrask": 2964, "Crash Through": 544, "Drake Hatcher": 712, "Slick Sequence": 2457, "Feed the Swarm": 926, "Crawling Barrens": 545, "Mazemind Tome_SB": 1701, "Cryptic Coat_SB": 558, "Atraxa, Grand Unifier_SB": 137, "Urborg Scavengers": 2970, "Zetalpa, Primal Dawn": 3177, "Bonehoard Dracosaur": 265, "Dragonlord's Servant": 709, "Incinerator of the Guilty": 1355, "Kolaghan Warmonger": 1517, "Rivaz of the Claw": 2215, "Tyrant of Kher Ridges": 2903, "Push // Pull_SB": 2058, "Phyrexian Censor": 1980, "Phyrexian Vindicator": 1989, "Volatile Fault": 3063, "Seal from Existence_SB": 2336, "Stasis Snare_SB": 2555, "Chrome Host Seedshark": 449, "Ichormoon Gauntlet": 1340, "Jace Reawakened": 1429, "Jin-Gitaxias": 1440, "Temple of Epiphany": 2685, "Galvanize_SB": 1043, "Tocasia's Welcome": 2842, "Long River's Pull_SB": 1619, "Joint Exploration": 1447, "Vren, the Relentless": 3086, "Titania's Command_SB": 2834, "Burglar Rat": 341, "Halo Forager": 1206, "Hidden Necropolis": 1287, "Macabre Waltz": 1654, "Mindsplice Apparatus": 1731, "Painful Quandary": 1939, "Psychic Whorl": 2052, "Rune-Scarred Demon": 2257, "The Key to the Vault": 2735, "The Rollercrusher Ride_SB": 2750, "Titania, Voice of Gaea_SB": 2836, "Dawn's Truce": 587, "Colossal Rattlewurm": 493, "Creosote Heath": 548, "Desert's Due": 646, "Duelist of the Mind": 734, "Rattleback Apothecary": 2112, "Tatyova, Steward of Tides": 2672, "Tomb Trawler_SB": 2849, "Urza's Sylex_SB": 2980, "Rakdos Joins Up": 2091, "Nashi, Searcher in the Dark_SB": 1815, "Chainsaw": 423, "Inspiration from Beyond": 1375, "Realmbreaker, the Invasion Tree_SB": 2130, "Invasion of Tolvada": 1410, "Grand Abolisher_SB": 1158, "Filter Out_SB": 954, "Kutzil, Malamet Exemplar": 1536, "Runic Shot": 2258, "Herald of Eternal Dawn_SB": 1267, "Sun-Blessed Healer_SB": 2604, "Emberheart Challenger_SB": 788, "Assimilation Aegis_SB": 130, "Seeker's Folly": 2356, "Mortify": 1786, "Coveted Falcon": 541, "Drag to the Bottom": 704, "Greed's Gambit_SB": 1169, "Valgavoth's Onslaught": 2986, "Stab": 2543, "Vinereap Mentor": 3038, "Axebane Ferox": 150, "Ferocification": 941, "Dreadwing Scavenger": 719, "Broodspinner_SB": 330, "The Gitrog, Ravenous Ride_SB": 2724, "Collector's Cage": 486, "Invasion of Gobakhan": 1398, "Fiery Annihilation": 951, "Sheoldred": 2384, "Invasion of Arcavios": 1394, "Make Your Own Luck": 1668, "Beseech the Mirror_SB": 198, "Heroic Reinforcements_SB": 1281, "Peerless Recycling_SB": 1960, "Ego Drain": 760, "Season of Loss": 2343, "Talion's Messenger_SB": 2664, "Stormcatch Mentor": 2584, "Wing Commando": 3135, "Bloodfell Caves": 241, "Deathcap Marionette": 606, "Reasonable Doubt": 2131, "Third Path Iconoclast": 2770, "Essence Scatter_SB": 828, "Cerebral Confiscation_SB": 420, "Ruthless Negotiation": 2266, "Haunted Screen": 1234, "Prayer of Binding": 2029, "Furnace Reins": 1035, "Insatiable Avarice_SB": 1371, "Rona's Vortex_SB": 2238, "Bonny Pall, Clearcutter": 267, "River's Rebuke": 2216, "Koma, World-Eater_SB": 1521, "Primeval Bounty_SB": 2036, "River's Rebuke_SB": 2217, "Urza's Sylex": 2979, "Regal Caracal_SB": 2154, "Kiora, the Rising Tide_SB": 1499, "Rat Out_SB": 2109, "Plains_SB": 2007, "Faebloom Trick_SB": 875, "Throne of the Grim Captain": 2809, "Drana and Linvala_SB": 714, "The Kenriths' Royal Funeral_SB": 2734, "Saiba Cryptomancer": 2276, "Zoetic Glyph_SB": 3182, "Seized from Slumber_SB": 2361, "Tyvar's Stand": 2909, "Regal Bunnicorn_SB": 2152, "Inspiring Overseer": 1377, "Mischievous Pup": 1745, "Surgical Suite // Hospital Room": 2627, "Angel of Finality_SB": 62, "Belligerent Yearling": 196, "Colossadactyl": 492, "Earthshaker Dreadmaw": 751, "Giant Cindermaw": 1084, "Itzquinth, Firstborn of Gishath": 1423, "Ixalli's Lorekeeper": 1426, "Rogue's Passage": 2233, "Scytheclaw Raptor": 2332, "Thrashing Brontodon": 2794, "Triumphant Chomp": 2881, "Armored Kincaller_SB": 113, "Badlands Revival": 159, "Bandit's Haul": 168, "Copper Host Crusher": 517, "Feed the Infection": 925, "Vinereap Mentor_SB": 3039, "Seize the Secrets": 2358, "Soured Springs": 2494, "Ankle Biter": 68, "Bilious Skulldweller": 204, "Fynn, the Fangbearer": 1037, "Infectious Inquiry": 1359, "Nimraiser Paladin": 1834, "The Dross Pits": 2713, "The Hunter Maze": 2726, "Kraul Whipcracker": 1525, "Wardens of the Cycle": 3097, "At Knifepoint": 133, "Fanatical Firebrand": 889, "Hellspur Brute": 1260, "Caught in the Crossfire_SB": 402, "Mourner's Surprise_SB": 1794, "Unflinching Courage": 2931, "Sanguine Evangelist_SB": 2284, "Sandstorm Salvager": 2280, "Hired Claw_SB": 1304, "Autonomous Assembler": 146, "Quintorius Kand": 2071, "Kayla's Command_SB": 1477, "Starfall Invocation_SB": 2551, "Luminous Rebuke_SB": 1641, "Massacre Wurm": 1694, "Stalactite Stalker": 2545, "Felidar Retreat_SB": 934, "Dreamdew Entrancer_SB": 721, "Werefox Bodyguard": 3116, "Spinner of Souls_SB": 2522, "Gisa, the Hellraiser_SB": 1096, "Bitter Reunion_SB": 212, "Jace Reawakened_SB": 1430, "Dust Animus": 741, "Defabricate_SB": 620, "Steel Seraph_SB": 2565, "Dust Animus_SB": 742, "Get Out_SB": 1066, "Gumdrop Poisoner_SB": 1197, "Archangel of Tithes_SB": 92, "Demonic Counsel_SB": 636, "Song of Totentanz_SB": 2476, "Warleader's Call_SB": 3101, "Anointed Peacekeeper": 77, "Phyrexian Censor_SB": 1981, "Shrouded Shepherd_SB": 2407, "Callous Sell-Sword_SB": 365, "Rat Out": 2108, "Diabolic Intent": 659, "Lively Dirge_SB": 1604, "Molten Duplication": 1765, "Herbology Instructor": 1270, "Restless Bivouac_SB": 2182, "Scorn-Blade Berserker": 2319, "Imperious Perfect_SB": 1351, "Sandstorm Salvager_SB": 2281, "Tough Cookie_SB": 2858, "Urborg Repossession_SB": 2969, "The Rollercrusher Ride": 2749, "Raucous Carnival_SB": 2114, "Blast Zone": 223, "Blossoming Tortoise": 255, "Cavernous Maw": 411, "Forgotten Monument": 1001, "Titania's Command": 2833, "Grievous Wound": 1178, "Funeral Room // Awakening Hall_SB": 1031, "Rise of the Dark Realms_SB": 2209, "Urza, Lord Protector": 2981, "Curious Forager": 569, "The Mycotyrant": 2745, "Thornvault Forager": 2780, "Sporogenic Infection_SB": 2534, "Seize the Spoils": 2359, "Canonized in Blood": 372, "Cemetery Recruitment": 416, "Diregraf Ghoul": 662, "Hungry Ghoul": 1331, "Mephitic Draught": 1712, "Offer Immortality": 1873, "Sanguine Syphoner": 2286, "Skeleton Archer": 2426, "Vampiric Rites": 3007, "Fumigate_SB": 1029, "Valkyrie's Call_SB": 2991, "Skystrike Officer": 2449, "Zephyr Sentinel": 3174, "Temple of Enlightenment": 2684, "Take Up the Shield_SB": 2660, "Unidentified Hovership_SB": 2938, "Mockingbird_SB": 1759, "Temple of Mystery": 2688, "Timely Interference": 2823, "Vesuvan Duplimancy": 3027, "Dive Down_SB": 681, "Scrawling Crawler_SB": 2325, "Hollow Marauder": 1308, "Overwhelming Remorse": 1932, "Stubborn Burrowfiend": 2596, "Dryad Militant_SB": 732, "Chandra, Hope's Beacon_SB": 428, "Bristlebud Farmer": 321, "Charred Foyer && Warped Space_SB": 439, "Akawalli, the Seething Tower": 41, "Absolving Lammasu_SB": 6, "Think Twice": 2768, "Micromancer_SB": 1721, "Coruscation Mage_SB": 532, "Dollmaker's Shop // Porcelain Gallery_SB": 689, "Fblthp, Lost on the Range": 898, "Weakstone's Subjugation": 3108, "Fblthp, Lost on the Range_SB": 899, "Proft's Eidetic Memory_SB": 2042, "Weakstone's Subjugation_SB": 3109, "Bruse Tarl, Roving Rancher": 333, "Bottomless Pool && Locker Room": 282, "Tithing Blade_SB": 2838, "Hidetsugu's Second Rite_SB": 1294, "Invasion of Karsus_SB": 1403, "Mirror Room && Fractured Realm_SB": 1741, "Sword of Wealth and Power_SB": 2647, "Wildfire Howl_SB": 3127, "Zurgo and Ojutai_SB": 3191, "Mabel, Heir to Cragflame_SB": 1653, "Halo Forager_SB": 1207, "Ballyrush Banneret": 164, "Myrel, Shield of Argive_SB": 1807, "Siege Veteran_SB": 2409, "Soulstone Sanctuary_SB": 2493, "Ezrim, Agency Chief": 865, "Karn, Living Legacy": 1468, "Metropolis Reformer": 1718, "Krenko's Buzzcrusher_SB": 1529, "Blood Spatter Analysis": 238, "Final Vengeance_SB": 959, "Silverback Elder_SB": 2418, "Rundvelt Hordemaster": 2255, "Branchblight Stalker": 296, "Experimental Augury": 849, "Gitaxian Anatomist": 1097, "Goliath Hatchery": 1148, "Ichorspit Basilisk": 1341, "Lakeside Shack": 1541, "Maze's Mantle": 1699, "Meat Locker // Drowned Diner": 1702, "Mesmerizing Dose": 1713, "Paladin of Predation": 1945, "Plague Nurse": 2005, "Reject Imperfection": 2157, "Serum Snare": 2370, "Tainted Observer": 2658, "Tangled Islet": 2668, "Thrummingbird": 2811, "Tyrranax Atrocity": 2905, "Venomous Brutalizer": 3024, "Viral Spawning": 3042, "Vivisurgeon's Insight": 3057, "Angelic Intervention": 64, "Awaken the Woods": 149, "Kellan, Inquisitive Prodigy": 1486, "Omenpath Journey": 1885, "Poison Dart Frog": 2014, "Rampaging Baloths": 2101, "Migloz, Maze Crusher_SB": 1727, "Seraphic Steed": 2367, "Meticulous Excavation_SB": 1717, "Raging Battle Mouse": 2086, "Loran's Escape_SB": 1628, "Seeker's Folly_SB": 2357, "Realmbreaker, the Invasion Tree": 2129, "Undead Sprinter_SB": 2922, "Murky Sewer": 1804, "Deeproot Pilgrimage": 617, "Mistway Spy": 1755, "Vodalian Hexcatcher": 3059, "Grabby Giant": 1155, "Rite of the Dragoncaller": 2212, "Hulking Raptor": 1330, "Pugnacious Hammerskull": 2054, "Aegis Turtle": 17, "Ivy, Gleeful Spellthief_SB": 1425, "Venerated Rotpriest_SB": 3019, "Gwenna, Eyes of Gaea": 1198, "Halana and Alena, Partners": 1201, "Inga and Esika": 1363, "Melira, the Living Cure": 1707, "Myrel, Shield of Argive": 1806, "Elesh Norn_SB": 775, "Hajar, Loyal Bodyguard_SB": 1200, "Surrak and Goreclaw_SB": 2630, "Invasion of Kaldheim": 1401, "Pia Nalaar, Consul of Revival": 1990, "Doomsday Excruciator_SB": 692, "Guardian of New Benalia": 1191, "Crystal Grotto": 562, "Getaway Glamer_SB": 1068, "Bottomless Pool // Locker Room": 284, "Necrogen Communion": 1816, "Vraska Joins Up": 3080, "Thirsting Roots_SB": 2773, "Silver Scrutiny": 2416, "Invasion of Amonkhet_SB": 1393, "Battlefly Swarm": 188, "Seal from Existence": 2335, "Ghalta, Stampede Tyrant": 1073, "Solemn Simulacrum": 2472, "Vein Ripper": 3016, "Viashino Pyromancer_SB": 3034, "Maha, Its Feathers Night_SB": 1666, "Jaya, Fiery Negotiator": 1435, "The Stone Brain": 2757, "Decadent Dragon_SB": 611, "Defiled Crypt // Cadaver Lab_SB": 628, "Heraldic Banner": 1268, "Heraldic Banner_SB": 1269, "Karn's Sylex_SB": 1467, "Sword of Once and Future": 2644, "Thalia and The Gitrog Monster": 2705, "Surgical Suite && Hospital Room_SB": 2626, "Beastie Beatdown": 192, "Annie Joins Up": 72, "Huatli, Poet of Unity": 1327, "Island_SB": 1422, "Rebel Salvo_SB": 2133, "Entity Tracker_SB": 812, "Aether Channeler": 19, "Defiled Crypt && Cadaver Lab": 625, "Exuberant Fuseling": 864, "Thundertrap Trainer_SB": 2820, "Abuelo's Awakening": 7, "Kitsa, Otterball Elite_SB": 1505, "Rona, Herald of Invasion_SB": 2240, "Unnerving Grasp_SB": 2946, "Wilt-Leaf Liege_SB": 3132, "Fear of Surveillance": 914, "Skrelv, Defector Mite_SB": 2435, "Fleeting Flight_SB": 974, "Trash the Town_SB": 2871, "Cankerbloom_SB": 371, "Agrus Kos, Spirit of Justice": 32, "Muerra, Trash Tactician": 1797, "Crumb and Get It": 552, "Kona, Rescue Beastie": 1522, "Time Stop": 2821, "Quick Draw_SB": 2069, "Smuggler's Surprise_SB": 2466, "Drown in Ichor": 728, "Whisper of the Dross": 3119, "Vraska's Fall_SB": 3082, "Bottomless Pool // Locker Room_SB": 285, "The Princess Takes Flight_SB": 2746, "Anim Pakal, Thousandth Moon_SB": 67, "Blasphemous Edict": 221, "Palani's Hatcher": 1946, "Temple of Abandon": 2682, "Mechanized Warfare": 1705, "Adaptive Automaton": 14, "Three Tree Mascot": 2803, "Mischievous Mystic": 1744, "Defiler of Flesh": 630, "Garruk's Uprising": 1047, "Zul Ashur, Lich Lord": 3188, "Kraul Whipcracker_SB": 1526, "Restless Reef_SB": 2188, "Hauntwoods Shrieker": 1235, "Lifecreed Duo": 1583, "At Knifepoint_SB": 134, "Monstrous Rage_SB": 1781, "Kellan's Lightblades_SB": 1484, "Annie Flash, the Veteran_SB": 71, "Blasphemous Edict_SB": 222, "Defiled Crypt && Cadaver Lab_SB": 626, "Cultivator's Caravan": 564, "Scene of the Crime": 2314, "Demonic Ruckus_SB": 642, "Impact Tremors_SB": 1349, "Conspiracy Unraveler": 512, "Matzalantli, the Great Door": 1696, "Reenact the Crime": 2148, "Coveted Falcon_SB": 542, "Wishclaw Talisman_SB": 3140, "Swooping Lookout": 2641, "Recruitment Officer_SB": 2143, "Oko, the Ringleader_SB": 1881, "Kambal, Profiteering Mayor": 1462, "Kaya, Spirits' Justice_SB": 1476, "Case of the Gateway Express_SB": 390, "Invasion of Theros": 1409, "Highway Robbery_SB": 1300, "Intrepid Paleontologist": 1390, "Bolt Bend_SB": 260, "Razorkin Needlehead": 2119, "Wishclaw Talisman": 3139, "Vaultborn Tyrant_SB": 3014, "Feldon's Cane": 928, "Neutralize the Guards": 1824, "Treasure Map": 2873, "Ayli, Eternal Pilgrim": 153, "Disturbing Conversion": 677, "One with the Multiverse": 1889, "Shipwreck Dowser": 2392, "Abuelo's Awakening_SB": 8, "Builder's Talent_SB": 338, "Eerie Interference_SB": 759, "Untimely Malfunction": 2957, "Imprisoned in the Moon_SB": 1352, "Inquisitive Glimmer_SB": 1369, "Refute_SB": 2150, "Karumonix, the Rat King": 1472, "Persistent Marshstalker": 1967, "Argentum Masticore": 105, "Hall of Tagsin": 1204, "Hedron Archive": 1258, "Legion Extruder": 1559, "The Mycosynth Gardens": 2744, "Tomakul Honor Guard": 2848, "Obstinate Baloth": 1869, "Bramble Familiar": 294, "Felonious Rage_SB": 940, "Sphinx of the Final Word_SB": 2515, "Walk with the Ancestors": 3090, "Meathook Massacre II_SB": 1704, "Repulsive Mutation": 2168, "Sylvan Scavenging_SB": 2650, "Thundering Falls_SB": 2816, "Dowsing Device": 700, "Gleaming Geardrake": 1115, "Saheeli, Filigree Master": 2274, "Saheeli, Filigree Master_SB": 2275, "Dawn's Truce_SB": 588, "Scrawling Crawler": 2324, "Case of the Ransacked Lab": 393, "The Surgical Bay": 2759, "The Tale of Tamiyo": 2762, "Enduring Courage_SB": 793, "War Squeak_SB": 3094, "Spirebluff Canal_SB": 2524, "Blazing Crescendo": 226, "Ajani, Sleeper Agent": 37, "Charge of the Mites": 435, "Chandra, Flameshaper_SB": 426, "Choking Miasma": 447, "Expel the Interlopers": 847, "Bite Down": 209, "Bite Down_SB": 210, "Gaea's Gift": 1039, "Trash the Town": 2870, "Corsair Captain": 530, "Lost Jitte_SB": 1632, "Blazing Crescendo_SB": 227, "Rip, Spawn Hunter": 2206, "Funeral Room // Awakening Hall": 1030, "Outlaw Medic": 1909, "Wilt-Leaf Liege": 3131, "Thousand Moons Smithy_SB": 2789, "Blightbelly Rat": 231, "Unnatural Restoration": 2943, "Carnivorous Canopy_SB": 382, "Whisper of the Dross_SB": 3120, "Gaea's Gift_SB": 1040, "Give In to Violence_SB": 1099, "Cityscape Leveler_SB": 460, "Nahiri's Resolve_SB": 1810, "Scrapwork Mutt": 2323, "Brazen Collector": 303, "Generous Plunderer": 1058, "Ojer Axonil, Deepest Might": 1876, "Trial of Agony": 2876, "Zoyowa's Justice": 3187, "Ancestors' Aid_SB": 58, "Leyline of Resonance_SB": 1573, "Slickshot Show-Off_SB": 2460, "Churning Reservoir": 453, "Magmatic Sprinter": 1662, "Sardian Cliffstomper": 2287, "Solphim, Mayhem Dominus": 2474, "The Monumental Facade": 2743, "Churning Reservoir_SB": 454, "Magmatic Sprinter_SB": 1663, "Monastery Swiftspear_SB": 1776, "Sardian Cliffstomper_SB": 2288, "Malcolm, Alluring Scoundrel_SB": 1672, "Obyra, Dreaming Duelist": 1871, "Repel Calamity_SB": 2167, "Samut, Vizier of Naktamun": 2277, "Call a Surprise Witness": 363, "Trostani, Three Whispers": 2882, "Tribute to the World Tree_SB": 2879, "Taii Wakeen, Perfect Shot": 2654, "Unruly Catapult": 2947, "Glassworks // Shattered Yard_SB": 1112, "Hulking Metamorph": 1329, "Rest in Peace": 2177, "Surge Engine_SB": 2621, "Fake Your Own Death": 884, "Massacre Girl, Known Killer": 1692, "Rakdos, the Muscle": 2094, "Massacre Girl, Known Killer_SB": 1693, "Rakdos Joins Up_SB": 2092, "Rakdos, the Muscle_SB": 2095, "Ghalta and Mavren": 1070, "Hide in Plain Sight": 1290, "Manifest Dread": 1677, "Progenitus": 2043, "Threats Around Every Corner": 2797, "Crystal Barricade": 560, "Green Sun's Twilight_SB": 1172, "Break Down the Door": 306, "Bubble Smuggler": 336, "Cryptid Inspector": 559, "Cursed Windbreaker": 572, "Exit Specialist": 843, "Growing Dread": 1184, "Oblivious Bookworm": 1867, "Polukranos Reborn_SB": 2020, "Hazardroot Herbalist": 1239, "Head of the Homestead": 1242, "Rabbit Response": 2073, "Treeguard Duo": 2874, "Uncharted Haven": 2919, "Warren Elder": 3102, "Head of the Homestead_SB": 1243, "Grab the Prize_SB": 1154, "Stroke of Midnight_SB": 2594, "Delney, Streetwise Lookout": 631, "Stroke of Midnight": 2593, "Ragged Playmate": 2084, "Trapped in the Screen": 2868, "Fear of Surveillance_SB": 915, "Grand Entryway // Elegant Rotunda_SB": 1161, "Norin, Swift Survivalist_SB": 1847, "Ragged Playmate_SB": 2085, "Wandertale Mentor": 3092, "Vodalian Mindsinger_SB": 3060, "Back for Seconds": 157, "Eriette's Tempting Apple": 815, "Experimental Confectioner": 850, "Feed the Cauldron": 922, "Gingerbread Hunter": 1093, "Greta, Sweettooth Scourge": 1177, "Mintstrosity": 1735, "Return from the Wilds": 2199, "Scream Puff": 2326, "Spider Food": 2516, "Sweettooth Witch": 2636, "Three Bowls of Porridge": 2799, "Candy Grapple_SB": 368, "Fell_SB": 937, "Murder_SB": 1802, "Sugar Rush_SB": 2600, "Leonin Vanguard_SB": 1565, "Ruin-Lurker Bat_SB": 2252, "The Millennium Calendar_SB": 2742, "Veteran Survivor_SB": 3030, "Lich-Knights' Conquest": 1580, "Corrupted Conviction_SB": 529, "Deadly Brew_SB": 599, "Cheeky House-Mouse_SB": 443, "Dryad Militant": 731, "Kutzil, Malamet Exemplar_SB": 1537, "Contagious Vorrac": 515, "Necrogen Rotpriest": 1817, "Armored Scrapgorger_SB": 115, "Invasion of Fiora_SB": 1397, "Vorinclex": 3075, "Rush of Dread_SB": 2262, "Magebane Lizard": 1659, "Final Flourish_SB": 955, "Time Stop_SB": 2822, "Infectious Inquiry_SB": 1360, "Unnatural Restoration_SB": 2944, "Founding the Third Path_SB": 1007, "Satoru, the Infiltrator": 2290, "Binding Negotiation": 205, "Vraska, the Silencer": 3085, "Barkform Harvester": 177, "Rampaging Spiketail": 2103, "Invasion of Ergamon": 1396, "Beastie Beatdown_SB": 193, "Break Out_SB": 308, "Ego Drain_SB": 761, "Vengeful Possession": 3021, "Repair and Recharge": 2166, "Step Between Worlds_SB": 2567, "Hearthborn Battler_SB": 1255, "Fae Flight_SB": 873, "Hellspur Posse Boss": 1262, "Cynical Loner_SB": 577, "Hellspur Brute_SB": 1261, "Astor, Bearer of Blades": 131, "Bladehold War-Whip": 219, "Kellan, the Fae-Blooded": 1490, "Kemba, Kha Enduring": 1492, "Rebel Salvo": 2132, "Swiftfoot Boots": 2638, "Sword of Forge and Frontier": 2642, "Astor, Bearer of Blades_SB": 132, "Consuming Aberration": 514, "Knight of Dusk's Shadow": 1508, "No One Left Behind_SB": 1843, "Botanical Brawler": 280, "Dusk Legion Duelist": 738, "Railway Brawler": 2087, "Stocking the Pantry": 2574, "Tribute to the World Tree": 2878, "Collector's Cage_SB": 487, "Dragonmaster Outcast": 710, "Evolved Sleeper": 839, "Friendly Teddy": 1017, "Consumed by Greed_SB": 513, "Rankle's Prank_SB": 2107, "Hop to It_SB": 1315, "Skyfisher Spider_SB": 2444, "Chart a Course_SB": 441, "Johann's Stopgap_SB": 1445, "Let's Play a Game_SB": 1567, "Festerleech": 944, "Fallaji Archaeologist_SB": 887, "Kroxa and Kunoros": 1531, "Shrouded Shepherd": 2406, "Evolving Adaptive": 840, "Garruk's Uprising_SB": 1048, "Hexgold Halberd": 1283, "Surgical Suite && Hospital Room": 2625, "Quintorius Kand_SB": 2072, "Soul Search": 2481, "Daggerfang Duo": 578, "Deathbloom Gardener": 605, "Hoarding Recluse": 1307, "Maha, Its Feathers Night": 1665, "Moonstone Harbinger": 1785, "Pestilent Syphoner": 1970, "Ygra, Eater of All": 3167, "Drown in Ichor_SB": 729, "Pile On": 1996, "Bonehoard Dracosaur_SB": 266, "Llanowar Elves_SB": 1607, "Take for a Ride_SB": 2661, "Boltwave_SB": 262, "Fleeting Flight": 973, "Cactarantula": 356, "Stormchaser's Talent_SB": 2586, "Phyrexian Missionary": 1985, "Glimmerlight": 1118, "Ashnod's Harvester": 122, "Warhost's Frenzy": 3099, "Think Twice_SB": 2769, "Mosswood Dreadknight_SB": 1791, "Rustler Rampage": 2263, "Wojek Investigator": 3151, "Recommission_SB": 2141, "Searslicer Goblin_SB": 2340, "The Wandering Rescuer_SB": 2765, "Felidar Cub": 931, "Oracle of Tragedy": 1895, "Tarrian's Journal": 2670, "Dusk Rose Reliquary_SB": 740, "Felidar Cub_SB": 932, "Knight-Errant of Eos_SB": 1513, "Ruthless Lawbringer_SB": 2265, "Detective's Satchel": 653, "Torch the Witness": 2853, "Worldwalker Helm": 3154, "Forensic Gadgeteer_SB": 996, "Ice Out_SB": 1338, "Claim Jumper_SB": 463, "Mirrex_SB": 1740, "Tectonic Hazard": 2675, "Geralf, the Fleshwright": 1061, "Geralf, the Fleshwright_SB": 1062, "Vraan, Executioner Thane": 3079, "Eaten Alive_SB": 753, "Ojer Pakpatiq, Deepest Epoch": 1878, "Disturbing Conversion_SB": 678, "Koth, Fire of Resistance": 1523, "Lithomantic Barrage": 1600, "Enduring Vitality_SB": 801, "Audience with Trostani_SB": 140, "Leyline of the Void": 1577, "Sentinel of Lost Lore": 2363, "Wylie Duke, Atiin Hero": 3163, "Defiler of Dreams_SB": 629, "Omen Hawker": 1883, "All Will Be One": 45, "Into the Fire": 1385, "Invasion of Karsus": 1402, "Ob Nixilis, Captive Kingpin": 1863, "Cosmic Hunger": 533, "Paranormal Analyst": 1948, "Vannifar, Evolved Enigma": 3012, "Fog Bank_SB": 989, "Talion, the Kindly Lord_SB": 2666, "Surgical Suite // Hospital Room_SB": 2628, "Valgavoth's Onslaught_SB": 2987, "Extraordinary Journey": 862, "Gold Pan": 1143, "Extraordinary Journey_SB": 863, "Nurturing Pixie_SB": 1858, "Moonshaker Cavalry": 1784, "Pearl of Wisdom": 1958, "Balemurk Leech": 162, "Bashful Beastie": 182, "Cackling Slasher": 354, "Defiant Survivor": 624, "Fear of the Dark": 916, "Flesh Burrower": 977, "Give In to Violence": 1098, "Grasping Longneck": 1162, "Horrid Vigor": 1321, "Innocuous Rat": 1367, "Let's Play a Game": 1566, "Meathook Massacre II": 1703, "Wickerfolk Thresher": 3123, "Winter's Intervention": 3136, "Leyline of Transformation": 1575, "Saheeli's Lattice": 2273, "Hopeless Nightmare_SB": 1318, "Etali, Primal Storm_SB": 832, "Adamant Will": 13, "Goldvein Pick": 1146, "Moment of Triumph": 1769, "Pilfer": 1998, "Public Thoroughfare": 2053, "Undying Malice": 2929, "Cancel_SB": 367, "Opt_SB": 1891, "Connecting the Dots_SB": 509, "Bushwhack_SB": 352, "Mistbreath Elder_SB": 1753, "Polliwallop_SB": 2017, "Realmbreaker's Grasp_SB": 2128, "Stickytongue Sentinel_SB": 2569, "Tumbleweed Rising_SB": 2885, "Corpses of the Lost_SB": 525, "Analyze the Pollen_SB": 56, "Annihilating Glare": 73, "Fanatical Offering": 891, "Sword of Wealth and Power": 2646, "Makeshift Binding": 1669, "Dismal Backwater": 668, "Pelakka Wurm": 1961, "Extract a Confession_SB": 861, "Unauthorized Exit_SB": 2918, "Jump Scare_SB": 1451, "Progenitus_SB": 2044, "Harvestrite Host": 1227, "Cut Short_SB": 575, "Family Reunion_SB": 888, "Skulduggery": 2436, "Skulduggery_SB": 2437, "Lassoed by the Law": 1542, "Mabel's Mettle": 1651, "Minor Misstep": 1733, "Hopeful Vigil": 1316, "Central Elevator // Promising Stairs": 418, "Creeping Peeper": 547, "Dazzling Theater // Prop Room": 594, "Erratic Apparition": 818, "Fear of Abduction": 900, "Fear of Falling": 904, "Lionheart Glimmer": 1598, "Restricted Office // Lecture Hall": 2197, "Underwater Tunnel // Slimy Aquarium": 2928, "Stalked Researcher_SB": 2547, "Tunnel Surveyor_SB": 2889, "Ajani, Nacatl Pariah": 36, "Arena of Glory": 104, "Arid Mesa": 109, "Fable of the Mirror-Breaker": 867, "Flooded Strand": 978, "Galvanic Discharge": 1042, "Goblin Bombardment": 1132, "Guide of Souls": 1193, "Marsh Flats": 1690, "Ocelot Pride": 1872, "Phlage, Titan of Fire's Fury": 1975, "Ragavan, Nimble Pilferer": 2082, "Sacred Foundry": 2270, "Showdown of the Skalds": 2403, "Static Prison": 2556, "Thraben Charm": 2790, "Windswept Heath": 3134, "Drannith Magistrate_SB": 715, "Fear, Fire, Foes!_SB": 917, "Obsidian Charmaw_SB": 1868, "Orim's Chant_SB": 1897, "Showdown of the Skalds_SB": 2404, "Stony Silence_SB": 2580, "Surgical Extraction_SB": 2624, "Wear // Tear_SB": 3110, "Archon of Cruelty": 101, "Bloodstained Mire": 246, "Brazen Borrower": 301, "Counterspell": 540, "Faithless Looting": 883, "Fatal Push": 894, "Force of Negation": 992, "Misty Rainforest": 1756, "Persist": 1966, "Polluted Delta": 2018, "Psychic Frog": 2051, "Scalding Tarn": 2301, "Sink into Stupor": 2423, "Spell Snare": 2506, "Steam Vents": 2559, "Tamiyo, Inquisitive Student": 2667, "Thoughtseize": 2786, "Unearth": 2930, "Watery Grave": 3106, "Consign to Memory_SB": 511, "Fable of the Mirror-Breaker_SB": 868, "Harbinger of the Seas_SB": 1214, "Nihil Spellbomb_SB": 1832, "Stern Scolding_SB": 2568, "Blazing Rootwalla": 228, "Burning Inquiry": 344, "Detective's Phoenix": 652, "Flameblade Adept": 965, "Goblin Lore": 1136, "Hollow One": 1309, "Lightning Bolt": 1585, "Stomping Ground": 2579, "Street Wraith": 2590, "Vengevine": 3023, "Wooded Foothills": 3152, "Cursed Totem_SB": 571, "Meltdown_SB": 1709, "Barbarian Ring": 175, "Eidolon of the Great Revel": 762, "Flare of Duplication": 969, "Goblin Guide": 1135, "Lava Spike": 1548, "Rift Bolt": 2204, "Searing Blaze": 2337, "Skewer the Critics": 2428, "Skullcrack": 2439, "Sunbaked Canyon": 2605, "Ensnaring Bridge_SB": 807, "Faerie Macabre_SB": 878, "Smash to Smithereens_SB": 2463, "Amulet of Vigor": 52, "Arboreal Grazer": 85, "Boseiju, Who Endures": 278, "Crumbling Vestige": 554, "Dryad Arbor": 730, "Dryad of the Ilysian Grove": 733, "Echoing Deeps": 755, "Explore": 852, "Green Sun's Zenith": 1173, "Gruul Turf": 1189, "Hanweir Battlements": 1211, "Lotus Field": 1635, "Mirrorpool": 1743, "Otawara, Soaring City": 1904, "Primeval Titan": 2037, "Scapeshift": 2306, "Shifting Woodland": 2390, "Simic Growth Chamber": 2420, "Summoner's Pact": 2602, "Tolaria West": 2844, "Urza's Cave": 2975, "Urza's Saga": 2978, "Valakut, the Molten Pinnacle": 2983, "Vesuva": 3025, "Bojuka Bog_SB": 259, "Collector Ouphe_SB": 485, "Defense Grid_SB": 623, "Dismember_SB": 669, "Endurance_SB": 791, "Force of Vigor_SB": 993, "Tireless Tracker_SB": 2830, "Vampires' Vengeance_SB": 3006, "Blood Crypt": 235, "Dwarven Mine": 745, "Indomitable Creativity": 1357, "Jetmir's Garden": 1439, "Prismatic Ending": 2040, "Wrenn and Six": 3159, "Xander's Lounge": 3164, "Boseiju, Who Endures_SB": 279, "Damping Sphere_SB": 580, "Hurkyl's Recall_SB": 1334, "Toxic Deluge_SB": 2859, "Cling to Dust": 473, "Harbinger of the Seas": 1213, "Murktide Regent": 1803, "Preordain": 2032, "Thought Scour": 2783, "Engineered Explosives_SB": 804, "Mystical Dispute_SB": 1809, "Spell Pierce_SB": 2505, "The Meathook Massacre_SB": 2739, "Orcish Bowmasters": 1896, "Godless Shrine": 1142, "Phelia, Exuberant Shepherd": 1974, "Seasoned Pyromancer": 2349, "Thoughtseize_SB": 2787, "Wrath of the Skies_SB": 3155, "Den of the Bugbear": 643, "Devastating Summons": 654, "Foundry Street Denizen": 1008, "Goblin Bushwhacker": 1133, "Goblin Grenade": 1134, "Goblin Piledriver": 1138, "Legion Loyalist": 1561, "Mogg War Marshal": 1760, "Reckless Bushwhacker": 2134, "Skirk Prospector": 2429, "Sokenzan, Crucible of Defiance": 2471, "Blood Moon_SB": 237, "Magus of the Moon_SB": 1664, "Reality Hemorrhage_SB": 2126, "Shattering Spree_SB": 2381, "Tormod's Crypt_SB": 2855, "Ziatora's Proving Ground": 3179, "Terastodon_SB": 2695, "Veil of Summer_SB": 3015, "Consider": 510, "Graveyard Trespasser": 1163, "Exquisite Firecraft_SB": 855, "Searing Blood_SB": 2338, "Tunnel Ignus_SB": 2887, "Chained to the Rocks": 421, "Chained to the Rocks_SB": 422, "Ragavan, Nimble Pilferer_SB": 2083, "Vexing Bauble": 3031, "Colossal Skyturtle_SB": 494, "Generous Ent_SB": 1057, "Grist, the Hunger Tide_SB": 1183, "Hexdrinker_SB": 1282, "Giant Growth_SB": 1087, "Come Back Wrong": 498, "Glassworks // Shattered Yard": 1111, "Over the Edge_SB": 1914, "Poison Dart Frog_SB": 2015, "Beamtown Beatstick": 190, "Celestial Armor": 415, "Diamond Pick-Axe": 660, "Sunfire Torch": 2611, "Carrot Cake_SB": 385, "Edgewall Inn": 758, "Goliath Hatchery_SB": 1149, "Balmor, Battlemage Captain": 165, "Bria, Riptide Rogue": 312, "Freeze in Place": 1013, "Relic's Roar": 2160, "Run Away Together_SB": 2253, "Scalding Viper_SB": 2303, "Slice from the Shadows": 2456, "Talion, the Kindly Lord": 2665, "Harrier Strix": 1223, "Snaremaster Sprite": 2469, "Hardened Escort": 1219, "Holy Cow": 1311, "Living Phone": 1605, "Unsettling Twins": 2948, "Feather of Flight_SB": 920, "Possessed Goat_SB": 2027, "Raccoon Rallier_SB": 2076, "Rogue's Passage_SB": 2234, "The Jolly Balloon Man_SB": 2733, "Unsettling Twins_SB": 2949, "Hammerhand_SB": 1210, "Heartfire Hero_SB": 1248, "Inti, Seneschal of the Sun_SB": 1382, "Nettle Guard": 1822, "Pests of Honor": 1971, "Three Blind Mice": 2798, "Dauntless Dismantler_SB": 586, "Phoenix Chick_SB": 1977, "Gleaming Barrier": 1113, "Gleaming Barrier_SB": 1114, "Solemn Simulacrum_SB": 2473, "Sure Strike_SB": 2619, "Twinferno_SB": 2894, "Ancestors' Aid": 57, "Dwarven Forge-Chanter": 744, "Furious Bellow": 1032, "Ghitu Amplifier": 1075, "Heartfire Immolator": 1249, "Sure Strike": 2618, "Whiskerquill Scribe": 3118, "Brambleguard Captain": 295, "Defabricate": 619, "Fear of Burning Alive": 903, "Iron-Fist Pulverizer": 1419, "Johann, Apprentice Sorcerer": 1446, "Keldon Flamesage": 1481, "Kraum, Violent Cacophony": 1527, "Molten Tributary": 1766, "Nightwhorl Hermit": 1831, "Pyrotechnic Performer": 2061, "Razzle-Dazzler": 2125, "Stop Cold": 2581, "Thopter Mechanic": 2778, "Vesuvan Drifter": 3026, "Involuntary Cooldown_SB": 1415, "Kellan, Planar Trailblazer_SB": 1489, "Mishra's Command_SB": 1749, "Out of Air_SB": 1906, "Plan the Heist_SB": 2008, "Sleight of Hand_SB": 2455, "Trick Shot_SB": 2880, "Violent Urge_SB": 3041, "The Filigree Sylex": 2722, "Charge of the Mites_SB": 436, "Grand Abolisher": 1157, "Unnerving Grasp": 2945, "Halo Hopper": 1208, "Hellspur Posse Boss_SB": 1263, "Make Your Move_SB": 1667, "Harbinger of the Tides": 1215, "Harbinger of the Tides_SB": 1216, "Fynn, the Fangbearer_SB": 1038, "Cat Collector": 398, "Bottomless Pool && Locker Room_SB": 283, "Pile On_SB": 1997, "Growing Rites of Itlimoc": 1185, "Feldon, Ronom Excavator": 930, "Roc Hunter": 2228, "Scalding Viper": 2302, "Adventuring Gear_SB": 16, "Fear of Being Hunted_SB": 902, "Trial of Agony_SB": 2877, "Vicious Clown_SB": 3036, "Into the Roil": 1388, "Into the Roil_SB": 1389, "Ayara, Widow of the Realm": 152, "Arachnoid Adaptation": 82, "Throw from the Saddle": 2810, "Longstalk Brawl_SB": 1620, "Thrill of Possibility_SB": 2808, "Season of Gathering": 2341, "Warren Warleader": 3103, "Horrid Vigor_SB": 1322, "Lionheart Glimmer_SB": 1599, "Omnivorous Flytrap_SB": 1888, "Seasoned Warrenguard_SB": 2351, "Jump Scare": 1450, "Niko, Light of Hope": 1833, "Stalked Researcher": 2546, "Tunnel Surveyor": 2888, "Fear of Isolation_SB": 910, "Flowstone Infusion": 987, "Splash Portal_SB": 2528, "Demonic Pact_SB": 640, "Rite of the Dragoncaller_SB": 2213, "Valorous Stance": 3001, "Lodestone Needle": 1613, "Sawblade Skinripper_SB": 2297, "Zephyr Singer": 3175, "Afterburner Expert": 24, "Draconautics Engineer": 701, "Dredger's Insight": 724, "Loot, the Pathfinder": 1623, "Molt Tender": 1762, "Restless Spire_SB": 2192, "Momentum Breaker": 1771, "Sunbillow Verge": 2606, "Grim Bauble": 1181, "Spell Pierce": 2504, "Bleachbone Verge": 229, "Intimidation Tactics": 1383, "Ketramose, the New Dawn": 1493, "Debris Beetle": 608, "Wastewood Verge": 3105, "Vein Ripper_SB": 3017, "Oildeep Gearhulk": 1874, "Haunt the Network_SB": 1231, "Bartolom\u00e9 del Presidio_SB": 181, "Lunar Convocation_SB": 1644, "Bloodghast": 242, "Valley Rotcaller_SB": 2998, "Oildeep Gearhulk_SB": 1875, "Gleeful Demolition_SB": 1117, "Monument to Endurance": 1782, "Ride's End": 2202, "Defend the Rider": 621, "Hazoret, Godseeker": 1241, "Willowrush Verge": 3130, "Outpace Oblivion_SB": 1911, "Thousand Moons Smithy": 2788, "Transmutation Font": 2867, "Braided Net_SB": 291, "Cunning Coyote_SB": 566, "Bounce Off": 287, "Greasewrench Goblin": 1165, "Marauding Mako": 1684, "Riverpyre Verge": 2221, "Scrounging Skyray": 2331, "Bounce Off_SB": 288, "Chandra, Spark Hunter_SB": 430, "Explosive Derailment_SB": 854, "Memory Guardian": 1710, "Mendicant Core, Guidelight": 1711, "Diversion Unit_SB": 683, "Tomik, Wielder of Law_SB": 2850, "Lightwheel Enhancements": 1590, "Engine Rat": 802, "Gonti, Night Minister": 1150, "Perilous Snare": 1964, "Teysa, Opulent Oligarch": 2704, "Gumdrop Poisoner": 1196, "Grim Bauble_SB": 1182, "Momentum Breaker_SB": 1772, "Optimistic Scavenger_SB": 1893, "The Aetherspark": 2707, "Brightglass Gearhulk": 315, "Voyager Glidecar": 3077, "Chandra, Spark Hunter": 429, "Intimidation Tactics_SB": 1384, "Captain Howler, Sea Scourge": 374, "Gastal Thrillroller": 1052, "Mishra's Command": 1748, "Phyrexian Dragon Engine": 1982, "Overgrown Zealot": 1917, "Riptide Gearhulk": 2207, "Transit Mage": 2866, "Conduit of Worlds_SB": 506, "Gastal Thrillroller_SB": 1053, "Lifecraft Engine": 1582, "Mindspring Merfolk": 1732, "Mu Yanling, Wind Rider": 1795, "Caelorna, Coral Tyrant_SB": 357, "Nesting Bot": 1821, "Lumbering Worldwagon": 1638, "Heliod, the Radiant Dawn": 1259, "Twinblade Blessing": 2892, "Overrun": 1930, "Diversion Unit": 682, "Muraganda Raceway": 1800, "Repurposing Bay": 2170, "Defend the Rider_SB": 622, "Zephyr Singer_SB": 3176, "Burnout Bashtronaut": 346, "Ratadrabik of Urborg": 2110, "Demonic Junker": 637, "Nexus of Becoming": 1826, "Restless Anchorage_SB": 2180, "Amonkhet Raceway": 51, "Gastal Thrillseeker": 1054, "The Last Ride": 2736, "The Speed Demon": 2754, "Ancient Vendetta_SB": 61, "Monument to Endurance_SB": 1783, "The Speed Demon_SB": 2755, "Voyage Home": 3076, "Esoteric Duplicator": 824, "Aether Syphon_SB": 21, "Invasion of Regatha_SB": 1406, "Ketramose, the New Dawn_SB": 1494, "Thunderous Velocipede": 2817, "Regal Imperiosaur": 2155, "The Skullspore Nexus": 2752, "Intrepid Paleontologist_SB": 1391, "Voyager Glidecar_SB": 3078, "Fuel the Flames": 1023, "Skycrash": 2441, "Broadside Barrage_SB": 327, "Fuel the Flames_SB": 1024, "Locust Spray": 1612, "Bringer of the Last Gift": 320, "Riverchurn Monument": 2218, "Skitterbeam Battalion": 2431, "Terisian Mindbreaker": 2696, "Agonasaur Rex": 30, "Tyrox, Saurid Tyrant": 2904, "Coalstoke Gearhulk_SB": 477, "Howlsquad Heavy": 1325, "Boosted Sloop": 274, "Broadside Barrage": 326, "Thopter Fabricator_SB": 2777, "Count on Luck_SB": 539, "Sandstalker Moloch_SB": 2278, "Spectacular Pileup": 2498, "Quag Feast": 2064, "Gastal Raider_SB": 1051, "Collision Course_SB": 491, "Pit Automaton": 2002, "Visage of Dread": 3053, "The Last Ride_SB": 2737, "Visage of Dread_SB": 3054, "Ride's End_SB": 2203, "Thalia and The Gitrog Monster_SB": 2706, "Zahur, Glory's Past": 3173, "Leaf-Crowned Visionary_SB": 1556, "Mossborn Hydra_SB": 1789, "Overrun_SB": 1931, "Painful Quandary_SB": 1940, "Wardens of the Cycle_SB": 3098, "Quag Feast_SB": 2065, "Red Sun's Twilight_SB": 2144, "Perilous Snare_SB": 1965, "Playful Shove": 2010, "Debris Beetle_SB": 609, "Mishra, Claimed by Gix": 1751, "Bloated Contaminator_SB": 234, "Melira, the Living Cure_SB": 1708, "The Aetherspark_SB": 2708, "Fearless Swashbuckler": 918, "Unctus, Grand Metatect": 2920, "Invasion of Mercadia": 1404, "Sazacap's Brew": 2300, "Webstrike Elite": 3113, "Webstrike Elite_SB": 3114, "Coiling Rebirth_SB": 481, "Soul of Windgrace": 2483, "Gas Guzzler": 1049, "Say Its Name_SB": 2299, "Spectral Interference_SB": 2502, "Stock Up": 2572, "Spectacular Pileup_SB": 2499, "Far Fortune, End Boss": 892, "Expel the Interlopers_SB": 848, "Flotsam // Jetsam_SB": 982, "Claim Jumper": 462, "Ancient Vendetta": 60, "Full Throttle_SB": 1027, "Loot, the Key to Everything_SB": 1622, "Loot, the Pathfinder_SB": 1624, "Spring-Loaded Sawblades_SB": 2536, "Unstable Glyphbridge_SB": 2951, "Urza's Command_SB": 2976, "Lassoed by the Law_SB": 1543, "Blast Zone_SB": 224, "Basri, Tomorrow's Champion": 185, "Skyseer's Chariot_SB": 2447, "Third Path Iconoclast_SB": 2771, "Dive Down": 680, "Shoreline Looter": 2402, "Engine Rat_SB": 803, "Essence Channeler_SB": 826, "Lunar Insight": 1645, "Jodah, the Unifier_SB": 1444, "Dropkick Bomber": 727, "Rampaging Raptor": 2102, "Agonasaur Rex_SB": 31, "Coalstoke Gearhulk": 476, "Visage Bandit": 3052, "Waxen Shapethief": 3107, "Dune Drifter": 735, "Sword of Forge and Frontier_SB": 2643, "Become Brutes": 194, "The Elder Dragon War_SB": 2715, "Veteran Survivor": 3029, "Kellan, Inquisitive Prodigy_SB": 1487, "Caradora, Heart of Alacria": 378, "Skyseer's Chariot": 2446, "Valor's Flagship": 2999, "Veteran Beastrider": 3028, "Threadbind Clique": 2796, "Twining Twins": 2896, "Boommobile_SB": 271, "Radiant Lotus_SB": 2079, "Boommobile": 270, "Forging the Anchor": 1000, "Radiant Lotus": 2078, "The Mightstone and Weakstone_SB": 2741, "Goldvein Hydra_SB": 1145, "Bloodthorn Flail": 249, "Flamewake Phoenix": 967, "Cryptcaller Chariot_SB": 556, "Volley Veteran": 3070, "Riptide Gearhulk_SB": 2208, "Riverchurn Monument_SB": 2219, "Spiteful Hexmage_SB": 2526, "Clamorous Ironclad": 466, "Furnace Host Charger": 1033, "Alania, Divergent Storm": 42, "Frolicking Familiar": 1018, "Wishing Well": 3141, "Resplendent Angel_SB": 2175, "Cephalopod Sentry": 419, "Tinker's Tote": 2824, "Thopter Fabricator": 2776, "Redshift, Rocketeer Chief": 2147, "Haunt the Network": 1230, "Sorcerous Spyglass": 2477, "Demonic Junker_SB": 638, "Halana and Alena, Partners_SB": 1202, "Valor's Flagship_SB": 3000, "Tocasia's Welcome_SB": 2843, "Stall Out": 2548, "Stall Out_SB": 2549, "Gloryheath Lynx": 1125, "Sovereign Okinec Ahau": 2495, "The Raven Man": 2747, "The Raven Man_SB": 2748, "Broodheart Engine": 328, "Bat Colony": 186, "Calamitous Cave-In": 358, "Gargantuan Leech": 1044, "Hidden Volcano": 1289, "Promising Vein": 2047, "Marketback Walker": 1688, "Sab-Sunen, Luxa Embodied": 2268, "Simian Simulacrum": 2419, "Sylvan Scavenging": 2649, "Mold Adder_SB": 1761, "Boom Box": 269, "Broadcast Rambler": 325, "Conduit of Worlds": 505, "Possession Engine": 2028, "Leyline Binding_SB": 1570, "Bulwark Ox": 340, "Reluctant Role Model": 2161, "Reluctant Role Model_SB": 2162, "The Goose Mother": 2725, "Marketback Walker_SB": 1689, "Daretti, Rocketeer Engineer": 581, "Threefold Thunderhulk": 2805, "Tune Up": 2886, "Meteor Golem_SB": 1715, "Burnout Bashtronaut_SB": 347, "Gastal Raider": 1050, "Oviya, Automech Artisan": 1936, "The Skullspore Nexus_SB": 2753, "Market Gnome_SB": 1687, "Cosmium Confluence": 536, "Festival of Embers": 945, "Hidden Nursery": 1288, "Skycrash_SB": 2442, "Nexus of Becoming_SB": 1827, "Sab-Sunen, Luxa Embodied_SB": 2269, "Earthrumbler": 750, "Collector's Vault_SB": 489, "Thran Spider_SB": 2793, "Akal Pakal, First Among Equals_SB": 40, "Deepfathom Echo": 616, "Forensic Researcher": 997, "Oko, the Ringleader": 1880, "Chitin Gravestalker": 446, "Starving Revenant_SB": 2554, "Steamcore Scholar_SB": 2561, "Ojer Pakpatiq, Deepest Epoch_SB": 1879, "Lavaspur Boots_SB": 1550, "Thunderous Velocipede_SB": 2818, "Stock Up_SB": 2573, "Fear of Infinity_SB": 908, "Dredger's Insight_SB": 725, "Fauna Shaman_SB": 897, "Barrow Naughty": 179, "Drag the Canal": 702, "Faerie Slumber Party": 881, "Mocking Sprite": 1757, "Spellscorn Coven": 2511, "Talion's Messenger": 2663, "Coerced to Kill": 479, "Etrata, Deadly Fugitive": 837, "Unstoppable Plan_SB": 2952, "Hoarding Broodlord": 1306, "Shadow-Rite Priest": 2373, "Training Grounds": 2861, "Nahiri's Warcrafting_SB": 1811, "Baral and Kari Zev": 174, "Enigma Drake": 805, "Eroded Canyon": 816, "Brightfield Glider": 314, "Congregation Gryff": 508, "Giant Beaver": 1083, "Lagorin, Soul of Alacria": 1539, "Miriam, Herd Whisperer": 1737, "Ornery Tumblewagg": 1898, "Trained Arynx": 2860, "Run Over_SB": 2254, "Reject Imperfection_SB": 2158, "Vivisurgeon's Insight_SB": 3058, "Night Market": 1829, "Stockpiling Celebrant": 2575, "Carrion Locust_SB": 383, "Skullcap Snail_SB": 2438, "Stockpiling Celebrant_SB": 2576, "Overwhelming Remorse_SB": 1933, "Akal Pakal, First Among Equals": 39, "Forensic Gadgeteer": 995, "Deduce_SB": 613, "Wreck Remover_SB": 3156, "Brave the Wilds": 300, "Fountainport Bell": 1010, "Guidelight Optimizer": 1194, "Oaken Siren": 1860, "Machine Over Matter_SB": 1655, "Armored Scrapgorger": 114, "Spinewoods Paladin": 2520, "Phyrexian Missionary_SB": 1986, "Sunder the Gateway": 2607, "Malcator, Purity Overseer": 1670, "Tranquil Cove_SB": 2863, "Crumb and Get It_SB": 553, "Flame Lash": 964, "Exsanguinate": 856, "Exsanguinate_SB": 857, "Syr Ginger, the Meal Ender_SB": 2653, "Legion Extruder_SB": 1560, "Blade of the Oni": 217, "Blightstep Pathway": 232, "Bloodtithe Harvester": 250, "Mutavault": 1805, "Urborg, Tomb of Yawgmoth": 2972, "Extinction Event_SB": 859, "Go Blank_SB": 1129, "Hidetsugu Consumes All_SB": 1291, "Invoke Despair_SB": 1414, "Unlicensed Hearse_SB": 2942, "Breeding Pool": 311, "Enigmatic Incarnation": 806, "Indatha Triome": 1356, "Linvala, the Preserver": 1597, "Overgrown Tomb": 1916, "Savai Triome": 2291, "Skyclave Apparition": 2440, "Spara's Headquarters": 2496, "Vanishing Verse": 3010, "Zagoth Triome": 3172, "Archon of Emeria_SB": 102, "Knockout Blow_SB": 1514, "Ruric Thar, the Unbowed_SB": 2260, "Thought Distortion_SB": 2782, "Yorion, Sky Nomad_SB": 3169, "Cauldron Familiar": 403, "Claim the Firstborn": 464, "Deadly Dispute": 602, "Mayhem Devil": 1697, "Witch's Oven": 3144, "Ob Nixilis, the Adversary_SB": 1864, "Darksteel Citadel": 585, "Ensoul Artifact": 808, "Riverglide Pathway": 2220, "Shrapnel Blast": 2405, "Smuggler's Copter": 2464, "Voldaren Epicure": 3067, "Aether Gust_SB": 20, "Annul_SB": 74, "Rending Volley_SB": 2165, "Shadowspear_SB": 2374, "Voltage Surge_SB": 3071, "Cragcrown Pathway": 543, "Ramunap Ruins": 2104, "Reckless Rage": 2137, "Soul-Scar Mage": 2486, "Experimental Frenzy_SB": 851, "Hazoret the Fervent_SB": 1240, "Redcap Melee_SB": 2145, "Extinction Event": 858, "Anger of the Gods_SB": 65, "Fatal Push_SB": 895, "Gifted Aetherborn_SB": 1088, "Claim // Fame": 461, "Infuriate": 1362, "Kumano Faces Kakkazan": 1533, "Claim the Firstborn_SB": 465, "Grafdigger's Cage_SB": 1156, "Castle Locthwain": 397, "Clearwater Pathway": 470, "Field of Ruin": 947, "Geier Reach Sanitarium": 1056, "Hall of Storm Giants": 1203, "Hive of the Eye Tyrant": 1305, "Narset, Parter of Veils": 1812, "Omen of the Sea": 1884, "Paradoxical Outcome": 1947, "Shipwreck Marsh": 2393, "Takenuma, Abandoned Mire": 2662, "The Meathook Massacre": 2738, "Ashiok, Dream Render_SB": 118, "Weathered Runestone_SB": 3112, "Fetid Pools": 946, "Yorion, Sky Nomad": 3168, "Collective Brutality": 483, "Faithful Mending": 882, "Greasefang, Okiba Boss": 1164, "Hallowed Fountain": 1205, "Parhelion II": 1949, "Raffine's Tower": 2081, "Shattered Sanctum": 2380, "Skysovereign, Consul Flagship": 2448, "Stubborn Denial": 2597, "Tainted Indulgence": 2657, "Deafening Silence_SB": 604, "Dovin's Veto_SB": 699, "Silence_SB": 2412, "Vanishing Verse_SB": 3011, "Fear of Infinity": 907, "Krenko's Buzzcrusher": 1528, "Arclight Phoenix": 103, "Fiery Impulse": 953, "Izzet Charm": 1427, "Lightning Axe": 1584, "Prismari Command": 2038, "Spikefield Hazard": 2517, "Stormcarved Coast": 2583, "Treasure Cruise": 2872, "Dawnwing Marshal": 589, "Bishop of Wings": 208, "Branchloft Pathway": 297, "Cave of the Frost Dragon": 408, "Collected Company": 482, "Eiganjo, Seat of the Empire": 763, "Nykthos, Shrine to Nyx": 1859, "Overgrown Farmland": 1915, "Portable Hole": 2022, "Resplendent Marshal": 2176, "Righteous Valkyrie": 2205, "Temple Garden": 2681, "Archon of Absolution_SB": 100, "Brave the Elements_SB": 299, "Brutal Cathar_SB": 335, "Heroic Intervention_SB": 1279, "Reidane, God of the Worthy_SB": 2156, "Shapers' Sanctuary_SB": 2376, "Kroxa, Titan of Death's Hunger": 1532, "Ledger Shredder": 1558, "Brazen Borrower_SB": 302, "Prismari Command_SB": 2039, "Burner Rocket": 343, "Cloudspire Skycycle": 475, "Dynamite Diver": 749, "Guidelight Synergist": 1195, "Kolodin, Triumph Caster": 1519, "Count on Luck": 538, "Frenzied Goblin": 1014, "Doubling Season_SB": 697, "Fanatical Firebrand_SB": 890, "Howlsquad Heavy_SB": 1326, "Reckless Lackey_SB": 2136, "Rundvelt Hordemaster_SB": 2256, "District Mascot": 676, "Shivan Devastator": 2394, "Zimone, Paradox Sculptor": 3180, "Tyvar, the Pummeler_SB": 2913, "Zopandrel, Hunger Dominus_SB": 3184, "Aurelia, the Warleader": 142, "Gilded Ghoda": 1091, "Cavalier of Thorns": 407, "Elvish Mystic": 784, "Kiora, Behemoth Beckoner": 1497, "Lair of the Hydra": 1540, "Leyline of the Guildpact": 1576, "Oath of Nissa": 1862, "Old-Growth Troll": 1882, "Storm the Festival": 2582, "Ulvenwald Oddity": 2914, "Arasta of the Endless Web_SB": 84, "Emrakul, the Promised End_SB": 790, "Setessan Petitioner_SB": 2372, "Ashiok, Nightmare Muse_SB": 119, "Foreboding Ruins": 994, "Invoke Despair": 1413, "Kolaghan's Command_SB": 1518, "Haunted Ridge": 1233, "Bonecrusher Giant": 263, "Burning-Tree Emissary": 345, "Chandra, Torch of Defiance": 431, "Collision // Colossus": 490, "Gruul Spellbreaker": 1188, "Kami's Flare": 1465, "Pelt Collector": 1962, "Voltaic Brawler": 3072, "Zhur-Taa Goblin": 3178, "Bonecrusher Giant_SB": 264, "Chandra, Torch of Defiance_SB": 432, "Cindervines_SB": 456, "Kami's Flare_SB": 1466, "Roiling Vortex_SB": 2236, "Mana Confluence": 1676, "Barrier Breach_SB": 178, "Leyline of Sanctity_SB": 1574, "Colossus Hammer": 495, "Eldritch Evolution": 766, "Raffine's Informant": 2080, "Sigarda's Aid": 2410, "Soulflayer": 2488, "Sylvan Caryatid": 2648, "Bloodline Culling_SB": 245, "Collective Brutality_SB": 484, "Portable Hole_SB": 2023, "Furnace Punisher_SB": 1034, "Laughing Jasper Flint_SB": 1547, "Rocky Roads": 2231, "Lumbering Worldwagon_SB": 1639, "Cosmic Rebirth_SB": 535, "Mondrak, Glory Dominus_SB": 1777, "Become Brutes_SB": 195, "Goblin Oriflamme": 1137, "Drake Hatcher_SB": 713, "Eddymurk Crab_SB": 757, "Cindering Cutthroat_SB": 455, "Ravine Raider_SB": 2118, "Risky Shortcut_SB": 2210, "Spin Out_SB": 2518, "Steampath Charger_SB": 2562, "Devouring Sugarmaw": 655, "Amalia Benavides Aguirre_SB": 49, "Elas il-Kor, Sadistic Pilgrim_SB": 765, "Fiendish Panda_SB": 949, "Knight of Dawn's Light_SB": 1507, "Mimeoplasm, Revered One": 1729, "Etched Familiar": 834, "Spectral Interference": 2501, "Winter, Cursed Rider": 3137, "Radiant Grove": 2077, "Streetwise Negotiator_SB": 2591, "Map the Frontier": 1680, "No Witnesses_SB": 1845, "Divine Resilience": 684, "Greenhouse // Rickety Gazebo": 1174, "Mirror Room // Fractured Realm": 1742, "Silken Strength": 2415, "Realm-Scorcher Hellkite": 2127, "Spyglass Siren_SB": 2539, "Sentinel of Lost Lore_SB": 2364, "Herd Migration_SB": 1274, "Kykar, Zephyr Awakener": 1538, "The Huntsman's Redemption_SB": 2728, "Lathril, Blade of the Elves_SB": 1545, "Armored Armadillo_SB": 112, "Gixian Infiltrator_SB": 1104, "Gloryheath Lynx_SB": 1126, "Threefold Thunderhulk_SB": 2806, "Primeval Bounty": 2035, "Cryptcaller Chariot": 555, "Steel Hellkite_SB": 2563, "Meeting of Minds": 1706, "Rangers' Refueler": 2105, "Mindsparker_SB": 1730, "Cursed Recording_SB": 570, "Thirsting Roots": 2772, "Gigantosaurus": 1089, "Llanowar Stalker": 1610, "Ghalta, Primal Hunger_SB": 1072, "Gigantosaurus_SB": 1090, "Disenchant": 664, "Captain Howler, Sea Scourge_SB": 375, "Karn, Living Legacy_SB": 1469, "Quaketusk Boar": 2066, "Kellan Joins Up": 1483, "Ovika, Enigma Goliath_SB": 1935, "The Everflowing Well": 2721, "The Stasis Coffin": 2756, "Bestow Greatness_SB": 199, "Leaping Ambush": 1557, "Raucous Theater_SB": 2116, "Flowstone Infusion_SB": 988, "Alesha, Who Laughs at Fate_SB": 44, "Lazav, Wearer of Faces_SB": 1554, "Harmless Offering_SB": 1222, "Return Triumphant": 2198, "Souls of the Lost_SB": 2491, "Slickshot Lockpicker_SB": 2458, "Flashfreeze": 970, "Interface Ace": 1380, "Sunpearl Kirin": 2613, "Synchronized Charge": 2651, "Heritage Reclamation_SB": 1276, "Magmatic Hellkite_SB": 1661, "Elspeth, Storm Slayer": 778, "Cori Mountain Monastery": 521, "Dispelling Exhale": 670, "Jeskai Revelation": 1437, "Marang River Regent": 1681, "Shiko, Paragon of the Way": 2391, "Rally the Monastery": 2100, "Surrak, Elusive Hunter": 2631, "Surrak, Elusive Hunter_SB": 2632, "Glacial Dragonhunt": 1106, "Tersa Lightshatter": 2702, "Winternight Stories": 3138, "Auroral Procession": 143, "Opulent Palace": 1894, "Rakshasa's Bargain": 2096, "Desperate Measures": 649, "Rot-Curse Rakshasa": 2241, "Sandsteppe Citadel": 2279, "Skirmish Rhino": 2430, "Cori-Steel Cutter": 522, "Tersa Lightshatter_SB": 2703, "Mistrise Village": 1754, "Jeskai Revelation_SB": 1438, "United Battlefront": 2941, "Elspeth, Storm Slayer_SB": 779, "Herd Heirloom": 1272, "Sage of the Skies_SB": 2272, "Voice of Victory_SB": 3062, "Rediscover the Way": 2146, "Roiling Dragonstorm": 2235, "Gilded Lotus_SB": 1092, "Static Snare": 2557, "Tempest Hawk": 2680, "Frontline Rush": 1021, "Cori-Steel Cutter_SB": 523, "Kishla Village": 1500, "Restless Vents_SB": 2194, "Dalkovan Encampment": 579, "Frontier Bivouac": 1019, "Two-Headed Hunter_SB": 2902, "Mystic Monastery": 1808, "Fresh Start_SB": 1016, "Frostcliff Siege": 1022, "Duty Beyond Death_SB": 743, "Qarsi Revenant_SB": 2063, "Scavenger Regent_SB": 2310, "Caustic Exhale": 406, "Disruptive Stormbrood": 671, "Dragonologist": 711, "Scavenger Regent": 2309, "Qarsi Revenant": 2062, "Spectral Denial": 2500, "Overwhelming Surge_SB": 1934, "Wild Ride": 3124, "Corroding Dragonstorm": 526, "Fleeting Effigy": 972, "Sage of the Skies": 2271, "Heritage Reclamation": 1275, "Clarion Conqueror_SB": 467, "Voice of Victory": 3061, "Bleachbone Verge_SB": 230}}