{"vocabulary": {"Anoint with Affliction": 75, "Cut Down": 575, "Darkslick Shores": 584, "Deep-Cavern Bat": 616, "Demolition Field": 635, "Enduring Curiosity": 796, "Ertai Resurrected": 821, "Faerie Mastermind": 881, "Floodpits Drowner": 982, "Fountainport": 1011, "Gloomlake Verge": 1125, "Go for the Throat": 1131, "Into the Flood Maw": 1390, "Island": 1425, "Kaito, Bane of Nightmares": 1459, "Mockingbird": 1762, "Phantom Interference": 1976, "Restless Reef": 2192, "Spyglass Siren": 2543, "Swamp": 2638, "Undercity Sewers": 2929, "Underground River": 2931, "Unstoppable Slasher": 2960, "Aclazotz, Deepest Betrayal_SB": 12, "Anoint with Affliction_SB": 76, "Disdainful Stroke_SB": 665, "Duress_SB": 739, "Ghost Vacuum_SB": 1081, "Gix's Command_SB": 1102, "Go for the Throat_SB": 1132, "Harvester of Misery_SB": 1228, "Negate_SB": 1823, "Sheoldred, the Apocalypse_SB": 2393, "Soul-Guide Lantern_SB": 2490, "Tishana's Tidebinder_SB": 2836, "Breeches, Eager Pillager": 309, "Captain Storm, Cosmium Raider": 375, "Cavern of Souls": 409, "Goblin Tomb Raider": 1141, "Kitesail Larcenist": 1505, "Malcolm, Alluring Scoundrel": 1675, "Malcolm, the Eyes": 1677, "Mountain": 1796, "Reckless Lackey": 2140, "Roaming Throne": 2227, "Shivan Reef": 2400, "Shock": 2401, "Spirebluff Canal": 2528, "Staunch Crewmate": 2563, "Torch the Tower": 2855, "Abrade_SB": 4, "Into the Flood Maw_SB": 1391, "Roaming Throne_SB": 2228, "Tectonic Hazard_SB": 2680, "Urabrask's Forge_SB": 2973, "Witchstalker Frenzy_SB": 3154, "Copperline Gorge": 521, "Emberheart Challenger": 789, "Heartfire Hero": 1249, "Innkeeper's Talent": 1369, "Karplusan Forest": 1474, "Manifold Mouse": 1682, "Might of the Meek": 1728, "Mishra's Foundry": 1753, "Monastery Swiftspear": 1779, "Monstrous Rage": 1784, "Questing Druid": 2071, "Restless Ridgeline": 2194, "Rockface Village": 2234, "Slickshot Show-Off": 2464, "Snakeskin Veil": 2472, "Thornspire Verge": 2783, "Obliterating Bolt_SB": 1870, "Pawpatch Formation_SB": 1959, "Pick Your Poison_SB": 1996, "Scorching Shot_SB": 2323, "Torch the Tower_SB": 2856, "Aftermath Analyst": 25, "Bristly Bill, Spine Sower": 323, "Case of the Locked Hothouse": 390, "Escape Tunnel": 825, "Evolving Wilds": 843, "Fabled Passage": 871, "Festering Gulch": 945, "Forest": 1000, "Freestrider Lookout": 1014, "Iridescent Vinelasher": 1421, "Mudflat Village": 1800, "Nissa, Resurgent Animist": 1842, "Not Dead After All": 1853, "Urborg Repossession": 2975, "Bitter Triumph_SB": 213, "Fake Your Own Death_SB": 887, "Forest_SB": 1001, "Heaped Harvest_SB": 1248, "Nowhere to Run_SB": 1859, "Swamp_SB": 2639, "Battlefield Forge": 186, "Brushland": 333, "Burrowguard Mentor": 347, "Case of the Gateway Express": 388, "Finneas, Ace Archer": 962, "Get Lost": 1065, "Hop to It": 1318, "Imodane's Recruiter": 1350, "Inspiring Vantage": 1383, "Knight-Errant of Eos": 1516, "Mirrex": 1742, "Oakhollow Village": 1865, "Pawpatch Recruit": 1960, "Plains": 2010, "Razorverge Thicket": 2129, "Sanguine Evangelist": 2288, "Seasoned Warrenguard": 2355, "Valley Mightcaller": 3002, "Valley Questcaller": 3003, "Aven Interrupter_SB": 148, "Dewdrop Cure_SB": 660, "Elspeth's Smite_SB": 779, "Get Lost_SB": 1066, "Requisition Raid_SB": 2177, "Rest in Peace_SB": 2183, "Sunder the Gateway_SB": 2612, "Treeguard Duo_SB": 2880, "Annex Sentry": 69, "Crawling Chorus": 548, "Enduring Innocence": 798, "Hushwood Verge": 1339, "Jawbone Duelist": 1438, "Loran's Escape": 1631, "Overprotect": 1932, "Sheltered by Ghosts": 2387, "Skrelv, Defector Mite": 2439, "Skrelv's Hive": 2437, "Slaughter Singer": 2457, "The Seedcore": 2755, "Venerated Rotpriest": 3025, "Ajani, Sleeper Agent_SB": 38, "Destroy Evil_SB": 653, "Surge of Salvation_SB": 2627, "Adarkar Wastes": 15, "Arabella, Abandoned Doll": 80, "Gleeful Demolition": 1117, "Novice Inspector": 1857, "Resolute Reinforcements": 2178, "Seachrome Coast": 2339, "Warden of the Inner Sky": 3102, "Yotian Frontliner": 3178, "Lithomantic Barrage_SB": 1605, "Protect the Negotiators_SB": 2054, "Demonic Ruckus": 643, "Etali's Favor": 831, "Ethereal Armor": 837, "Feather of Flight": 921, "Optimistic Scavenger": 1896, "Shardmage's Rescue": 2382, "Disenchant_SB": 667, "Archangel of Wrath": 93, "Atraxa, Grand Unifier": 136, "Beza, the Bounding Spring": 201, "Hedge Maze": 1258, "Herd Migration": 1277, "Leyline Binding": 1573, "Lush Portico": 1652, "Meticulous Archive": 1720, "Overlord of the Hauntwoods": 1928, "Sunfall": 2613, "Tear Asunder": 2677, "Temporary Lockdown": 2696, "Underground Mortuary": 2930, "Up the Beanstalk": 2969, "Jace, the Perfected Mind_SB": 1436, "Metropolis Reformer_SB": 1723, "Temporary Lockdown_SB": 2697, "Tranquil Frillback_SB": 2870, "Archdruid's Charm": 95, "Commercial District": 500, "Elegant Parlor": 770, "Enduring Courage": 794, "Overlord of the Boilerbilges": 1924, "Overlord of the Mistmoors": 1930, "Pyroclasm": 2063, "Zur, Eternal Schemer": 3197, "Beza, the Bounding Spring_SB": 202, "Elesh Norn, Mother of Machines_SB": 776, "Invasion of Tolvada_SB": 1415, "Archfiend of the Dross": 97, "Blooming Marsh": 252, "Caustic Bronco": 404, "Dreams of Steel and Oil": 724, "Duress": 738, "Glissa Sunslayer": 1121, "Llanowar Wastes": 1615, "Mosswood Dreadknight": 1794, "Restless Cottage": 2188, "Tranquil Frillback": 2869, "Unholy Annex // Ritual Chamber": 2941, "Dreams of Steel and Oil_SB": 725, "Glistening Deluge_SB": 1123, "Liliana of the Veil_SB": 1597, "Nissa, Ascended Animist_SB": 1841, "Tear Asunder_SB": 2678, "Bloodletter of Aclazotz": 242, "Pick Your Poison": 1995, "Preacher of the Schism": 2034, "Sentinel of the Nameless City": 2370, "Sharp-Eyed Rookie": 2384, "Choking Miasma_SB": 448, "Cut Down_SB": 576, "Leyline of the Void_SB": 1582, "Sheoldred's Edict_SB": 2391, "Disfigure": 668, "Nowhere to Run": 1858, "Tishana's Tidebinder": 2835, "Blazemire Verge": 224, "Cacophony Scamp": 354, "Callous Sell-Sword": 363, "Demand Answers": 634, "Leyline of Resonance": 1576, "Turn Inside Out": 2895, "Dreadmaw's Ire_SB": 720, "Pyroclasm_SB": 2064, "Sunspine Lynx_SB": 2621, "Untimely Malfunction_SB": 2965, "Withering Torment_SB": 3156, "Bitter Triumph": 212, "Don't Make a Sound": 692, "Gix, Yawgmoth Praetor": 1103, "Sheoldred, the Apocalypse": 2392, "Three Steps Ahead": 2804, "Witch's Mark": 3150, "Twisted Fealty_SB": 2904, "Ghost Vacuum": 1080, "Gix's Command": 1101, "Harvester of Misery": 1227, "Liliana of the Veil": 1596, "Sunken Citadel": 2616, "Virtue of Persistence": 3056, "Hostile Investigator_SB": 1328, "Analyze the Pollen": 55, "Bitter Reunion": 210, "Botanical Sanctum": 280, "Bushwhack": 350, "Enduring Vitality": 802, "Pawpatch Formation": 1958, "Roaring Furnace // Steaming Sauna": 2231, "Song of Totentanz": 2480, "Stormchaser's Talent": 2590, "Tarnation Vista": 2673, "This Town Ain't Big Enough": 2778, "Thundertrap Trainer": 2823, "Valley Floodcaller": 3000, "Yavimaya Coast": 3173, "Blue Sun's Twilight_SB": 257, "Dissection Tools_SB": 675, "Screaming Nemesis_SB": 2333, "Up the Beanstalk_SB": 2970, "Volcanic Spite_SB": 3073, "Caretaker's Talent": 378, "Carrot Cake": 383, "Dusk Rose Reliquary": 741, "High Noon": 1299, "Lightning Helix": 1590, "Urabrask's Forge": 2972, "Virtue of Loyalty": 3054, "Archangel Elspeth_SB": 90, "Boon-Bringer Valkyrie_SB": 272, "Brotherhood's End_SB": 331, "Exorcise_SB": 847, "High Noon_SB": 1300, "Loran of the Third Path_SB": 1630, "Serra Paragon_SB": 2374, "Screaming Nemesis": 2332, "Magebane Lizard_SB": 1664, "Questing Druid_SB": 2072, "Snakeskin Veil_SB": 2473, "Clockwork Percussionist": 474, "Painter's Studio && Defaced Gallery": 1945, "Lightning Helix_SB": 1591, "Betrayer's Bargain_SB": 200, "Sheltered by Ghosts_SB": 2388, "Abhorrent Oculus": 1, "Chart a Course": 440, "Floodfarm Verge": 981, "Founding the Third Path": 1008, "Haughty Djinn": 1230, "Helping Hand": 1269, "Moment of Truth": 1774, "Negate": 1822, "Picklock Prankster": 1997, "Recommission": 2145, "Sleight of Hand": 2459, "Monastery Mentor_SB": 1778, "Split Up_SB": 2535, "Restless Bivouac": 2186, "Thran Portal": 2795, "Case of the Crimson Pulse_SB": 386, "Blackcleave Cliffs": 215, "Felonious Rage": 941, "Sulfurous Springs": 2605, "Unholy Annex && Ritual Chamber": 2939, "Archangel Elspeth": 89, "Exorcise": 846, "Lay Down Arms": 1555, "Loran of the Third Path": 1629, "Parting Gust": 1954, "Soul Partition": 2484, "Shock_SB": 2402, "Aclazotz, Deepest Betrayal": 11, "Caves of Koilos": 412, "Concealed Courtyard": 503, "Legions to Ashes": 1566, "Restless Fortress": 2190, "Shadowy Backstreet": 2380, "Zoraline, Cosmos Caller": 3193, "Cruelclaw's Heist_SB": 553, "Kutzil's Flanker_SB": 1539, "Feed the Cycle": 925, "Hostile Investigator": 1327, "Keen-Eyed Curator": 1483, "Scrapshooter": 2326, "Shoot the Sheriff": 2403, "Tyrranax Rex_SB": 2912, "Virtue of Persistence_SB": 3057, "Take Up the Shield": 2663, "Anointed Peacekeeper_SB": 78, "Doorkeeper Thrull_SB": 695, "Dollmaker's Shop // Porcelain Gallery": 690, "Honest Rutstein": 1317, "Inti, Seneschal of the Sun": 1385, "Marchesa, Dealer of Death": 1689, "Nashi, Searcher in the Dark": 1818, "Plaza of Heroes": 2015, "Relic of Legends": 2164, "Rona, Herald of Invasion": 2244, "Tinybones Joins Up": 2829, "Tinybones, the Pickpocket": 2832, "Jirina, Dauntless General_SB": 1446, "Season of the Burrow": 2352, "Vraska, Betrayal's Sting": 3090, "Giant Growth": 1087, "Break the Spell_SB": 308, "Altanak, the Thrice-Called": 47, "Assassin's Trophy": 127, "Overlord of the Balemurk": 1922, "Rubblebelt Maverick": 2253, "Say Its Name": 2303, "Slime Against Humanity": 2466, "Balustrade Wurm_SB": 166, "Deep-Cavern Bat_SB": 617, "Glissa Sunslayer_SB": 1122, "Thrun, Breaker of Silence_SB": 2817, "Phantom Interference_SB": 1977, "Sandstorm Verge": 2287, "Sheoldred's Edict": 2390, "Ruthless Negotiation_SB": 2272, "Fireglass Mentor": 964, "Flamecache Gecko": 968, "Forsaken Miner": 1005, "Gev, Scaled Scorch": 1071, "Hired Claw": 1307, "Laughing Jasper Flint": 1550, "Thought-Stalker Warlock": 2788, "Scales of Shale_SB": 2310, "Deadly Cover-Up": 602, "Deduce": 614, "Jace, the Perfected Mind": 1435, "Quick Study": 2074, "Breach the Multiverse_SB": 304, "Explosive Derailment": 855, "Fell": 938, "Gisa, the Hellraiser": 1096, "Great Train Heist": 1167, "Kaervek, the Punisher": 1457, "Lazav, Familiar Stranger": 1557, "Long Goodbye": 1619, "Magda, the Hoardmaster": 1662, "Restless Vents": 2198, "Vadmir, New Blood": 2989, "Vial Smasher, Gleeful Grenadier": 3039, "Ancient Cornucopia": 59, "Doppelgang": 696, "Ill-Timed Explosion": 1347, "Niv-Mizzet, Supreme": 1843, "Pillage the Bog": 2004, "Roxanne, Starfall Savant": 2249, "Kaya, Intangible Slayer_SB": 1478, "Legions to Ashes_SB": 1567, "Soul Search_SB": 2487, "Return the Favor": 2205, "Chainsaw_SB": 424, "Manifold Mouse_SB": 1683, "Might of the Meek_SB": 1729, "Rabid Gnaw_SB": 2079, "Turn Inside Out_SB": 2896, "Blanchwood Prowler": 219, "Chupacabra Echo": 452, "Cruel Somnophage": 551, "Gnawing Vermin": 1129, "Hollow Scavenger": 1314, "Huskburster Swarm": 1340, "Urborg Lhurgoyf": 2974, "Writhing Necromass": 3170, "Malicious Eclipse_SB": 1679, "Broodspinner": 328, "Drag to the Roots": 707, "Hedge Shredder": 1259, "Terramorphic Expanse": 2701, "Grievous Wound_SB": 1180, "Terror Tide_SB": 2704, "Cathartic Parting_SB": 401, "Change the Equation_SB": 434, "Impulse_SB": 1358, "Lich-Knights' Conquest_SB": 1585, "Imodane's Recruiter_SB": 1351, "Cruelclaw's Heist": 552, "Destroy Evil": 652, "Phyrexian Arena": 1982, "Split Up": 2534, "Steel Seraph": 2569, "The Cruelty of Gix": 2715, "Sunfall_SB": 2614, "Goldvein Hydra": 1145, "Phyrexian Fleshgorger": 1987, "The End": 2720, "Disfigure_SB": 669, "Season of Gathering_SB": 2347, "The End_SB": 2721, "Overlord of the Hauntwoods_SB": 1929, "No More Lies": 1844, "No Witnesses": 1848, "Restless Anchorage": 2184, "Spellgyre": 2515, "Teferi, Temporal Pilgrim": 2682, "White Sun's Twilight": 3128, "Virtue of Loyalty_SB": 3055, "Doomsday Excruciator": 693, "Spell Stutter": 2512, "Deadly Cover-Up_SB": 603, "Outrageous Robbery_SB": 1917, "Agatha's Soul Cauldron": 28, "Blood Hustler": 235, "Fallaji Archaeologist": 888, "Fauna Shaman": 898, "Haywire Mite": 1238, "Kami of Whispered Hopes": 1468, "Likeness Looter": 1595, "Lively Dirge": 1607, "Nashi, Moon's Legacy": 1817, "Sleep-Cursed Faerie": 2458, "Tyvar, Jubilant Brawler": 2916, "Haywire Mite_SB": 1239, "Shore Up_SB": 2406, "The Stone Brain_SB": 2762, "Overlord of the Floodpits": 1926, "Scrollshift": 2334, "Doppelgang_SB": 697, "Not on My Watch_SB": 1856, "Enduring Innocence_SB": 799, "Blot Out_SB": 256, "Goddric, Cloaked Reveler": 1142, "Lightning Strike": 1592, "Obliterating Bolt": 1869, "Squee, Dubious Monarch": 2545, "Witchstalker Frenzy": 3153, "Soul Partition_SB": 2485, "Entity Tracker": 813, "Fae Flight": 874, "Gremlin Tamer": 1176, "Inquisitive Glimmer": 1372, "Ossification": 1905, "Silent Hallcreeper": 2418, "Ossification_SB": 1906, "Outrageous Robbery": 1916, "Lord Skitter, Sewer King_SB": 1634, "The Eternal Wanderer_SB": 2724, "Kaito, Dancing Shadow_SB": 1464, "Ephara's Dispersal": 815, "Surge of Salvation": 2626, "Invasion of Gobakhan_SB": 1403, "Roaring Furnace && Steaming Sauna": 2229, "Beseech the Mirror": 196, "Collector's Vault": 488, "Rite of the Moth": 2219, "Splitskin Doll": 2536, "Valgavoth, Terror Eater": 2995, "Valgavoth's Faithful": 2991, "Case of the Filched Falcon": 387, "Regal Bunnicorn": 2156, "Subterranean Schooner": 2602, "Unidentified Hovership": 2943, "Zoetic Glyph": 3189, "Elspeth's Smite": 778, "Invasion of Ixalan": 1404, "Scorching Dragonfire": 2320, "Bristlebud Farmer_SB": 321, "Ill-Timed Explosion_SB": 1348, "Ral, Crackling Wit_SB": 2104, "Bovine Intervention_SB": 288, "Faerie Mastermind_SB": 882, "Getaway Glamer": 1069, "Blot Out": 255, "Ashiok, Wicked Manipulator_SB": 121, "Render Inert_SB": 2169, "Fear of Missing Out": 914, "Assimilation Aegis": 129, "Chimil, the Inner Sun": 444, "Chrome Prowler": 451, "Combat Thresher": 497, "Cryptic Coat": 559, "Hidden Cataract": 1288, "Hidden Courtyard": 1289, "Liberator, Urza's Battlethopter": 1583, "Out Cold": 1909, "Simulacrum Synthesizer": 2427, "Kitnap_SB": 1507, "Lost in the Maze_SB": 1638, "Spark Rupture_SB": 2502, "Rush of Dread": 2266, "Season of the Burrow_SB": 2353, "Valley Flamecaller": 2999, "Long Goodbye_SB": 1620, "Kaya, Spirits' Justice": 1479, "Charming Scoundrel": 438, "Ghired, Mirror of the Wilds": 1076, "The Jolly Balloon Man": 2736, "Agatha's Soul Cauldron_SB": 29, "Case of the Stashed Skeleton": 394, "Corpses of the Lost": 525, "Cult Conscript": 565, "Patchwork Banner": 1956, "Undead Sprinter": 2926, "Hunter's Talent": 1336, "Caustic Bronco_SB": 405, "Scrapshooter_SB": 2327, "Unholy Annex // Ritual Chamber_SB": 2942, "Fear of Impostors": 907, "Ghostly Dancers": 1082, "Virtue of Knowledge": 3052, "Braided Net": 289, "Clay-Fired Bricks": 469, "Farsight Ritual": 895, "Ezrim, Agency Chief_SB": 868, "Kaya, Intangible Slayer": 1477, "The Eternal Wanderer": 2723, "Demonic Counsel": 637, "Serra Paragon": 2373, "Eddymurk Crab": 758, "Restless Vinestalk": 2200, "Seed of Hope": 2359, "Tolarian Terror": 2849, "Keen-Eyed Curator_SB": 1484, "Monstrous Emergence_SB": 1783, "Unable to Scream_SB": 2921, "Silent Hallcreeper_SB": 2419, "Roaring Furnace && Steaming Sauna_SB": 2230, "Unholy Annex && Ritual Chamber_SB": 2940, "Molten Collapse": 1767, "Piggy Bank": 1999, "Raucous Theater": 2120, "Voldaren Thrillseeker": 3075, "Ertai Resurrected_SB": 822, "Scatter Ray": 2312, "Season of Weaving": 2350, "Audacity": 138, "Break Out": 306, "Omnivorous Flytrap": 1891, "Patchwork Beastie": 1957, "Violent Urge": 3047, "Wildfire Wickerfolk": 3135, "Phyrexian Fleshgorger_SB": 1988, "Faerie Dreamthief": 878, "Azure Beastbinder": 155, "Drannith Ruins": 718, "Kaito, Bane of Nightmares_SB": 1460, "Vren, the Relentless_SB": 3094, "Sunspine Lynx": 2620, "Koth, Fire of Resistance_SB": 1528, "Aven Interrupter": 147, "Skrelv's Hive_SB": 2438, "Breach the Multiverse": 303, "Capricious Hellraiser": 372, "Fires of Victory": 965, "Hidetsugu and Kairi": 1296, "Push // Pull": 2061, "Thundering Falls": 2819, "Confounding Riddle": 507, "Malicious Eclipse": 1678, "Pond Prophet": 2025, "Under the Skin": 2928, "Elusive Otter_SB": 783, "Enduring Curiosity_SB": 797, "Ephara's Dispersal_SB": 816, "The Cruelty of Gix_SB": 2716, "Scorching Shot": 2322, "Unyielding Gatekeeper": 2968, "Etali, Primal Conqueror_SB": 833, "Calix, Guided by Fate": 360, "Royal Treatment": 2251, "Valgavoth's Lair": 2992, "Lightning Strike_SB": 1593, "Innkeeper's Talent_SB": 1370, "Impulse": 1357, "Dollmaker's Shop && Porcelain Gallery": 689, "Restricted Office && Lecture Hall_SB": 2201, "Warleader's Call": 3107, "Scorching Dragonfire_SB": 2321, "Amalia Benavides Aguirre": 48, "Case of the Uneaten Feast": 396, "Darkstar Augur": 585, "Essence Channeler": 827, "Lunar Convocation": 1647, "Ruin-Lurker Bat": 2256, "Pest Control_SB": 1973, "Starscape Cleric_SB": 2558, "Elusive Otter": 782, "Ral, Crackling Wit": 2103, "Razorkin Needlehead_SB": 2125, "Season of Weaving_SB": 2351, "No More Lies_SB": 1845, "Volcanic Spite": 3072, "Cunning Coyote": 567, "Osteomancer Adept": 1907, "The Infamous Cruelclaw": 2733, "Tail Swipe": 2659, "Come Back Wrong_SB": 499, "Picnic Ruiner": 1998, "Rockface Village_SB": 2235, "Thraxodemon": 2799, "Case of the Crimson Pulse": 385, "Kellan, Daring Traveler": 1489, "Restless Prairie": 2191, "Syr Ginger, the Meal Ender": 2656, "Teething Wurmlet": 2681, "Tough Cookie": 2861, "Tail Swipe_SB": 2660, "Preacher of the Schism_SB": 2035, "Plumecreed Escort": 2016, "Teferi, Temporal Pilgrim_SB": 2683, "Captivating Cave": 376, "Aloe Alchemist": 46, "Yavimaya Iconoclast": 3174, "Shoot the Sheriff_SB": 2404, "Gingerbrute": 1095, "Marvin, Murderous Mimic": 1695, "Monstrous Emergence": 1782, "Surge Engine": 2624, "Kitesail Larcenist_SB": 1506, "Repulsive Mutation_SB": 2174, "Change the Equation": 433, "Painter's Studio // Defaced Gallery": 1947, "Valley Rotcaller": 3004, "Braids, Arisen Nightmare": 291, "Disturbing Mirth": 681, "Final Vengeance": 960, "Greedy Freebooter": 1171, "Hopeless Nightmare": 1321, "Pitiless Carnage": 2007, "Sawblade Skinripper": 2301, "Spiteful Hexmage": 2530, "The Witch's Vanity": 2770, "The Infamous Cruelclaw_SB": 2734, "Glass Casket": 1110, "Lupinflower Village": 1650, "Pollen-Shield Hare": 2020, "Three Tree City": 2806, "Glass Casket_SB": 1111, "Ashiok, Wicked Manipulator": 120, "Final Showdown": 958, "Kutzil's Flanker": 1538, "Faerie Fencing": 879, "Ingenious Prodigy": 1368, "Kaito, Dancing Shadow": 1463, "Darkstar Augur_SB": 586, "Overlord of the Balemurk_SB": 1923, "Plumecreed Escort_SB": 2017, "Two-Headed Hunter": 2906, "Tyvar's Stand_SB": 2915, "Spelunking": 2517, "Vaultborn Tyrant": 3020, "Decadent Dragon": 612, "Rakdos, Patron of Chaos": 2097, "Fear of Lost Teeth": 913, "Invasion of Azgol": 1399, "Rottenmouth Viper": 2247, "The Witch's Vanity_SB": 2771, "Tinybones, the Pickpocket_SB": 2833, "Embereth Veteran": 788, "Hearth Elemental": 1254, "Lavaspur Boots": 1553, "Mirran Banesplitter": 1741, "Phoenix Chick": 1980, "Hearth Elemental_SB": 1255, "Three Steps Ahead_SB": 2805, "Proft's Eidetic Memory": 2045, "Gremlin Tamer_SB": 1177, "Spellbook Vendor": 2514, "Stenn, Paranoid Partisan": 2571, "Shardmage's Rescue_SB": 2383, "Sword of Once and Future_SB": 2649, "Zoraline, Cosmos Caller_SB": 3194, "Cankerbloom": 369, "Cenote Scout": 417, "Wrenn and Realmbreaker": 3165, "Neutralize the Guards_SB": 1829, "Bloodletter of Aclazotz_SB": 243, "Chrome Host Seedshark_SB": 450, "Cache Grab": 352, "Get Out": 1067, "Monastery Mentor": 1777, "Mountain_SB": 1797, "Betrayer's Bargain": 199, "Corrupted Conviction": 529, "Braids, Arisen Nightmare_SB": 292, "Furnace Reins_SB": 1038, "Spell Stutter_SB": 2513, "Misery's Shadow_SB": 1750, "Not on My Watch": 1855, "Seized from Slumber": 2365, "Pugnacious Hammerskull_SB": 2059, "Torch the Witness_SB": 2858, "Kaervek, the Punisher_SB": 1458, "Artist's Talent": 116, "Brass's Tunnel-Grinder": 297, "Chandra, Hope's Beacon": 427, "Virtue of Knowledge_SB": 3053, "Fear of Isolation": 911, "Wrenn's Resolve_SB": 3169, "Painter's Studio && Defaced Gallery_SB": 1946, "Warden of the Inner Sky_SB": 3103, "Glarb, Calamity's Augur": 1108, "Cavern of Souls_SB": 410, "Glarb, Calamity's Augur_SB": 1109, "Kambal, Profiteering Mayor_SB": 1467, "Lord Skitter, Sewer King": 1633, "Market Gnome": 1690, "Wear Down_SB": 3118, "Planar Disruption_SB": 2013, "Scrollshift_SB": 2335, "Overprotect_SB": 1933, "Portent of Calamity": 2029, "The Irencrag": 2735, "The Swarmweaver": 2764, "Twitching Doll": 2905, "Cease // Desist_SB": 414, "Floodpits Drowner_SB": 983, "Geological Appraiser": 1062, "Nissa, Ascended Animist": 1840, "Archangel of Wrath_SB": 94, "Kogla and Yidaro_SB": 1520, "Lukka, Bound to Ruin_SB": 1641, "Roxanne, Starfall Savant_SB": 2250, "Sorcerous Spyglass_SB": 2483, "Overlord of the Boilerbilges_SB": 1925, "Black Sun's Twilight": 214, "Corrupt": 528, "Haunted Mire": 1234, "Iridescent Vinelasher_SB": 1422, "Cheeky House-Mouse": 442, "Flowerfoot Swordmaster": 988, "Mabel, Heir to Cragflame": 1656, "Rabid Gnaw": 2078, "Nettle Guard_SB": 1827, "Seedglaive Mentor_SB": 2360, "Archfiend of the Dross_SB": 98, "Errant and Giada": 819, "Werefox Bodyguard_SB": 3124, "Lost in the Maze": 1637, "Shore Up": 2405, "Bristling Backwoods": 322, "Rugged Highlands": 2255, "Great Train Heist_SB": 1168, "Razortrap Gorge": 2128, "Fortune, Loyal Steed": 1007, "Frontier Seeker": 1022, "Overlord of the Mistmoors_SB": 1931, "Dissection Tools": 674, "Unable to Scream": 2920, "Herbology Instructor_SB": 1275, "Valley Floodcaller_SB": 3001, "Phyrexian Arena_SB": 1983, "Jaya, Fiery Negotiator_SB": 1440, "Protect the Negotiators": 2053, "Conduit Pylons": 504, "Hidden Grotto": 1290, "Day of Judgment": 592, "Maelstrom Pulse": 1660, "Authority of the Consuls_SB": 145, "Devout Decree_SB": 658, "Flashfreeze_SB": 973, "Evangel of Synthesis": 840, "Steamcore Scholar": 2565, "Zombify": 3191, "Desecration Demon_SB": 647, "Wail of the Forgotten_SB": 3096, "Gix, Yawgmoth Praetor_SB": 1104, "Calamity, Galloping Inferno": 359, "Llanowar Elves": 1610, "Outcaster Trailblazer": 1912, "Smuggler's Surprise": 2470, "Spinewoods Armadillo": 2524, "Trumpeting Carnosaur": 2888, "No One Left Behind": 1846, "Unstoppable Slasher_SB": 2961, "Scavenging Ooze": 2317, "Vivien Reid": 3062, "Liliana, Dreadhorde General_SB": 1599, "Maelstrom Pulse_SB": 1661, "Basilisk Collar_SB": 183, "Heroic Reinforcements": 1284, "Burst Lightning": 348, "Restless Ridgeline_SB": 2195, "Soulstone Sanctuary": 2497, "Scavenging Ooze_SB": 2318, "Vivien Reid_SB": 3063, "Dreadmaw's Ire": 719, "Witch's Mark_SB": 3151, "Phyrexian Obliterator": 1991, "Back for Seconds_SB": 158, "Case of the Stashed Skeleton_SB": 395, "Homicide Investigator_SB": 1316, "Boros Charm": 274, "Fugitive Codebreaker": 1027, "Raucous Carnival": 2118, "Fugitive Codebreaker_SB": 1028, "Abyssal Harvester": 9, "Twinferno": 2898, "Sun-Blessed Healer": 2607, "Temple of Triumph": 2695, "Campus Renovation_SB": 365, "Glimpse the Core": 1120, "Boltwave": 260, "Splitskin Doll_SB": 2537, "Virtue of Courage": 3050, "Heartflame Duelist_SB": 1253, "Slagstorm_SB": 2456, "Mazemind Tome": 1704, "Clement, the Worrywort": 471, "Dour Port-Mage": 700, "Dreamdew Entrancer": 722, "Lilypad Village": 1600, "Long River Lurker": 1621, "Mistbreath Elder": 1755, "Splash Portal": 2532, "Sunshower Druid": 2618, "Three Tree Scribe": 2808, "Crystal Barricade_SB": 563, "Bloodthirsty Conqueror_SB": 247, "Kellan, Planar Trailblazer": 1492, "Spinner of Souls": 2526, "Faebloom Trick": 876, "Feed the Swarm_SB": 929, "Kaito, Cunning Infiltrator_SB": 1462, "Opt": 1894, "Enduring Tenacity": 800, "Not Dead After All_SB": 1854, "Pitiless Carnage_SB": 2008, "Kiora, the Rising Tide": 1502, "Ghitu Lavarunner": 1078, "Thrill of Possibility": 2811, "Artist's Talent_SB": 117, "Blooming Blast_SB": 251, "Djeru and Hazoret": 688, "Elenda, Saint of Dusk": 772, "Garna, Bloodfist of Keld": 1047, "Hajar, Loyal Bodyguard": 1200, "Jodah, the Unifier": 1447, "Kellan, the Kid": 1495, "Secluded Courtyard": 2357, "Sigarda, Font of Blessings": 2416, "Authority of the Consuls": 144, "Exemplar of Light": 844, "Fiendish Panda": 950, "Hinterland Sanctifier": 1305, "Elenda, Saint of Dusk_SB": 773, "Combat Research": 496, "Spectral Sailor": 2508, "Unsummon": 2962, "Brineborn Cutthroat_SB": 316, "Ertai's Scorn_SB": 824, "Flow of Knowledge_SB": 987, "Haughty Djinn_SB": 1231, "Horned Loch-Whale_SB": 1324, "Urza's Rebuff_SB": 2984, "Heaped Harvest": 1247, "Hero's Downfall": 1281, "Liliana, Dreadhorde General": 1598, "Temple of Malady": 2690, "Temple of Plenty": 2693, "Temple of Silence": 2694, "Mortify_SB": 1791, "White Sun's Twilight_SB": 3129, "Azure Beastbinder_SB": 156, "Arid Archway": 108, "Felidar Retreat": 935, "Herald of Eternal Dawn": 1270, "Loot, Exuberant Explorer": 1625, "Mossborn Hydra": 1792, "Demolition Field_SB": 636, "Giant Cindermaw_SB": 1086, "Bandit's Talent": 168, "Nurturing Pixie": 1861, "Tithing Blade": 2841, "Lumra, Bellow of the Woods": 1646, "Fade from History_SB": 873, "Bloodthirsty Conqueror": 246, "Heartflame Duelist": 1252, "Viashino Pyromancer": 3040, "Abraded Bluffs": 5, "Ball Lightning": 162, "Bloodfeather Phoenix": 238, "Grab the Prize": 1154, "Stoke the Flames": 2583, "Lyra Dawnbringer_SB": 1654, "Virtue of Courage_SB": 3051, "Abyssal Harvester_SB": 10, "Painter's Studio // Defaced Gallery_SB": 1948, "Dead Weight": 597, "Gixian Puppeteer": 1106, "Invasion of Amonkhet": 1396, "Revenge of the Rats": 2206, "Terror Ballista": 2702, "The Ancient One": 2713, "Wail of the Forgotten": 3095, "Razorlash Transmogrant_SB": 2127, "Reclamation Sage_SB": 2144, "Aetherize_SB": 23, "Elesh Norn, Mother of Machines": 775, "Kaito, Cunning Infiltrator": 1461, "Sphinx of Forgotten Lore": 2518, "Feldon's Cane_SB": 931, "Brotherhood's End": 330, "Demonic Pact": 641, "Harmless Offering": 1222, "Torpor Orb_SB": 2860, "Cathar Commando": 399, "Knight of Grace": 1514, "Ajani, Caller of the Pride_SB": 35, "Ethereal Armor_SB": 838, "Abrade": 3, "Horned Loch-Whale": 1323, "Temple of Deceit": 2687, "Requisition Raid": 2176, "Sentinel of the Nameless City_SB": 2371, "Thrun, Breaker of Silence": 2816, "Pawpatch Recruit_SB": 1961, "Day of Judgment_SB": 593, "Builder's Talent": 336, "Doubling Season": 698, "Cathar Commando_SB": 400, "Elegant Parlor_SB": 771, "Final Showdown_SB": 959, "Scavenger's Talent": 2316, "Llanowar Greenwidow": 1612, "Dragonhawk, Fate's Tempest": 710, "Zurgo and Ojutai": 3198, "Subterranean Schooner_SB": 2603, "Pillage the Bog_SB": 2005, "Virtue of Strength": 3058, "War Squeak": 3100, "Worldsoul's Rage": 3161, "Hero's Downfall_SB": 1282, "Terror of the Peaks": 2705, "Obstinate Baloth_SB": 1874, "Fabrication Foundry": 872, "Fomori Vault": 993, "Fumigate": 1030, "The Mightstone and Weakstone": 2744, "Thran Spider": 2796, "Unstable Glyphbridge": 2957, "Hammerhand": 1210, "Unwanted Remake_SB": 2967, "Sawblade Scamp": 2300, "Witness Protection_SB": 3158, "Citanul Stalwart": 458, "Dwynen's Elite": 748, "Elvish Archdruid": 784, "Genesis Wave": 1061, "Imperious Perfect": 1354, "Leaf-Crowned Visionary": 1559, "Llanowar Loamspeaker": 1613, "Surrak and Goreclaw": 2633, "Tyvar the Bellicose": 2913, "Tyvar, the Pummeler": 2917, "Dwynen, Gilt-Leaf Daen_SB": 750, "Roaring Furnace // Steaming Sauna_SB": 2232, "Unsummon_SB": 2963, "Aspirant's Ascent": 125, "Bloated Contaminator": 232, "Bring the Ending": 317, "Distorted Curiosity": 676, "Enter the Enigma": 811, "Fleeting Reflection": 977, "Green Sun's Twilight": 1172, "High Stride": 1301, "Infectious Bite": 1362, "Ivy, Gleeful Spellthief": 1428, "Prologue to Phyresis": 2049, "Aspirant's Ascent_SB": 126, "Bring the Ending_SB": 318, "Distorted Curiosity_SB": 677, "Enter the Enigma_SB": 812, "Fleeting Reflection_SB": 978, "High Stride_SB": 1302, "Prologue to Phyresis_SB": 2050, "This Town Ain't Big Enough_SB": 2779, "Invasion of Regatha": 1409, "Slagstorm": 2455, "Blooming Blast": 250, "Coruscation Mage": 532, "Firebrand Archer": 963, "Vengeful Possession_SB": 3029, "Dazzling Denial": 595, "Empyrean Eagle": 791, "Healer's Hawk": 1246, "Anim Pakal, Thousandth Moon": 66, "Coppercoat Vanguard": 519, "Jirina, Dauntless General": 1445, "Recruitment Officer": 2147, "Deathmark_SB": 609, "Joust Through_SB": 1453, "Knight of Grace_SB": 1515, "Raise the Past_SB": 2093, "Insidious Roots": 1378, "Kitsa, Otterball Elite": 1508, "Skyfisher Spider": 2448, "Arcanis the Omnipotent_SB": 88, "Feed the Cycle_SB": 926, "Insidious Fungus_SB": 1377, "Stab_SB": 2549, "Toby, Beastie Befriender": 2844, "Refute": 2154, "Unwanted Remake": 2966, "Curator of Destinies_SB": 570, "Sheoldred_SB": 2394, "Invasion of Zendikar": 1416, "Chimil, the Inner Sun_SB": 445, "Pilfer_SB": 2003, "Urborg Scavengers_SB": 2978, "Vraska, Betrayal's Sting_SB": 3091, "Annex Sentry_SB": 70, "Driver of the Dead": 728, "Gatekeeper of Malakir": 1057, "Ichor Drinker": 1343, "Infestation Sage": 1365, "Kalastria Highborn": 1465, "Nullpriest of Oblivion": 1860, "Pulse Tracker": 2060, "Vampire Nighthawk": 3011, "Vengeful Bloodwitch": 3027, "Undergrowth Recon": 2932, "Walk-In Closet // Forgotten Cellar": 3098, "Brineborn Cutthroat": 315, "Lost Jitte": 1635, "The Wandering Rescuer": 2768, "An Offer You Can't Refuse": 53, "Carnelian Orb of Dragonkind": 380, "Invasion of Tarkir": 1411, "Sarkhan, Soul Aflame": 2294, "Stingerback Terror": 2575, "Twinflame Tyrant": 2900, "An Offer You Can't Refuse_SB": 54, "Omniscience": 1890, "Squirming Emergence": 2547, "Drag to the Roots_SB": 708, "Coiling Rebirth": 480, "Cynical Loner": 578, "Etali, Primal Conqueror": 832, "Ferocification_SB": 944, "Audacity_SB": 139, "Cease // Desist": 413, "Stormsplitter": 2592, "Starfall Invocation": 2555, "Hard-Hitting Question": 1218, "Hard-Hitting Question_SB": 1219, "Long River's Pull": 1622, "Boros Charm_SB": 275, "Ashroot Animist": 124, "Lukka, Bound to Ruin": 1640, "Polukranos Reborn": 2023, "Ruby, Daring Tracker": 2254, "Muerra, Trash Tactician_SB": 1802, "Urgent Necropsy_SB": 2981, "Soulless Jailer_SB": 2494, "Greed's Gambit": 1169, "Rankle's Prank": 2111, "Molten Collapse_SB": 1768, "Sire of Seven Deaths_SB": 2430, "Buried in the Garden": 341, "Clifftop Lookout": 472, "Fecund Greenshell": 923, "Tender Wildguide": 2698, "Withering Torment": 3155, "Desecration Demon": 646, "Lay Down Arms_SB": 1556, "Overlord of the Floodpits_SB": 1927, "Trapped in the Screen_SB": 2874, "Witness Protection": 3157, "Calamity's Wake_SB": 358, "Luminous Rebuke": 1644, "Primal Might": 2038, "Arcanis the Omnipotent": 87, "Ajani's Pridemate": 33, "Arahbo, the First Fang": 83, "Banishing Light": 170, "Joust Through": 1452, "Prideful Parent": 2037, "Regal Caracal": 2158, "Savannah Lions": 2297, "Skyknight Squire": 2450, "Banishing Light_SB": 171, "Claws Out_SB": 468, "Starscape Cleric": 2557, "Bladecoil Serpent_SB": 217, "Tinybones, Bauble Burglar": 2831, "Sphinx of Forgotten Lore_SB": 2519, "Ashnod's Intervention": 123, "Barbed Batterfist": 175, "Bloodfeather Phoenix_SB": 239, "Koma, World-Eater": 1524, "The Elder Dragon War": 2718, "Valgavoth, Terror Eater_SB": 2996, "Fear of Impostors_SB": 908, "Smash to Dust_SB": 2467, "Searslicer Goblin": 2344, "Stromkirk Noble": 2599, "Reclamation Sage": 2143, "Cityscape Leveler": 459, "Sire of Seven Deaths": 2429, "Case of the Locked Hothouse_SB": 391, "Deeproot Wayfinder": 620, "Fountainport_SB": 1013, "Restless Cottage_SB": 2189, "Archangel of Tithes": 91, "Boon-Bringer Valkyrie": 271, "Giada, Font of Hope": 1083, "Guardian of Ghirapur": 1191, "Lyra Dawnbringer": 1653, "Resplendent Angel": 2179, "Youthful Valkyrie": 3179, "Grand Entryway // Elegant Rotunda": 1161, "Moment of Craving_SB": 1772, "Surrak, the Hunt Caller": 2637, "Wildborn Preserver_SB": 3133, "Thought-Stalker Warlock_SB": 2789, "Midnight Mayhem": 1726, "Ratcatcher Trainee": 2116, "Scytheclaw Raptor_SB": 2338, "Abandoned Campground": 0, "Guardian of the Great Door": 1193, "Lonely Arroyo": 1618, "Norn's Inquisitor": 1852, "Spring-Loaded Sawblades": 2540, "Archmage of Runes": 99, "Curate": 569, "Ertai's Scorn": 823, "Essence Scatter": 829, "Flow of Knowledge": 986, "Metamorphic Blast": 1718, "Unauthorized Exit": 2922, "Harrier Strix_SB": 1226, "Strix Lookout_SB": 2596, "The Tale of Tamiyo_SB": 2767, "Twist Reality_SB": 2902, "Bulk Up": 338, "Chandra, Flameshaper": 425, "Burst Lightning_SB": 349, "Elas il-Kor, Sadistic Pilgrim": 766, "Helpful Hunter": 1268, "Knight of Dawn's Light": 1510, "Raise the Past": 2092, "Enduring Tenacity_SB": 801, "Leyline of Hope_SB": 1575, "Electrostatic Infantry": 769, "Impact Tremors": 1352, "Kindlespark Duo": 1500, "Ral's Reinforcements": 2102, "Rodeo Pyromancers": 2237, "The Autonomous Furnace": 2714, "Deadeye Duelist_SB": 599, "Skewer Slinger_SB": 2432, "Thunder Salvo_SB": 2818, "Swiftblade Vindicator": 2641, "Commune with Evil": 501, "Leyline Axe": 1572, "Neglected Manor": 1824, "Sporogenic Infection": 2538, "Commune with Evil_SB": 502, "Fear of Missing Out_SB": 915, "Massacre Wurm_SB": 1699, "Wrenn's Resolve": 3168, "Gloomfang Mauler": 1124, "Live or Die": 1606, "Possessed Goat": 2030, "Scoured Barrens": 2325, "Shroudstomper": 2413, "Tocasia's Dig Site": 2845, "Vile Mutilator": 3044, "Eaten Alive": 754, "Souls of the Lost": 2495, "Rottenmouth Viper_SB": 2248, "Prophetic Prism": 2052, "Basilisk Collar": 182, "Vampire Nighthawk_SB": 3012, "Runic Shot_SB": 2264, "Razorlash Transmogrant": 2126, "Huskburster Swarm_SB": 1341, "Season of Loss_SB": 2349, "Fear of Being Hunted": 903, "Khenra Spellspear": 1499, "Frenzied Goblin_SB": 1017, "Hearthborn Battler": 1256, "Invasion of Tarkir_SB": 1412, "Aetherize": 22, "Peculiar Lighthouse": 1963, "Swiftwater Cliffs": 2644, "Tranquil Cove": 2867, "Wind-Scarred Crag": 3140, "Griffnaut Tracker_SB": 1181, "Tolarian Terror_SB": 2850, "Union of the Third Path_SB": 2946, "Hidetsugu's Second Rite": 1297, "Ghitu Lavarunner_SB": 1079, "Involuntary Employment_SB": 1420, "Boulderbranch Golem": 285, "Fierce Empath": 952, "Galewind Moose": 1043, "Gossip's Talent": 1153, "Gruff Triplets": 1187, "Insidious Fungus": 1376, "Lush Oasis": 1651, "Mirage Mesa": 1739, "Outcaster Greenblade": 1911, "Tyrranax Rex": 2911, "Sunshower Druid_SB": 2619, "Banner of Kinship": 172, "Baylen, the Haymaker": 188, "Blossoming Sands": 253, "Dewdrop Cure": 659, "Etched Cornfield": 835, "Hare Apparent": 1221, "Kayla's Reconstruction": 1482, "Hinterland Sanctifier_SB": 1306, "Dragon Fodder": 709, "Keldon Strike Team_SB": 1486, "Bartolom\u00e9 del Presidio": 179, "Forlorn Flats": 1004, "Midnight Reaper": 1727, "Nezumi Linkbreaker": 1832, "Snarling Gorehound": 2475, "Vampire Gourmand": 3010, "Deadly Riposte_SB": 605, "Soul-Shackled Zombie_SB": 2492, "Coati Scavenger": 478, "Ozolith, the Shattered Spire": 1941, "Strangled Cemetery": 2593, "Ambush Wolf_SB": 50, "Dead Weight_SB": 598, "Fog of War_SB": 992, "Voracious Varmint_SB": 3081, "Candy Trail": 368, "Desperate Bloodseeker": 649, "Marauding Blight-Priest": 1686, "Moment of Craving": 1771, "Murder": 1805, "Savor": 2298, "Servant of the Stinger": 2376, "Sanguine Indulgence_SB": 2290, "Elesh Norn": 774, "Goblin Surprise": 1140, "Irreverent Gremlin": 1424, "Krenko, Mob Boss": 1534, "Norin, Swift Survivalist": 1850, "Vicious Clown": 3042, "Agate-Blade Assassin": 27, "Jagged Barrens": 1437, "Outlaws' Fury": 1914, "Ravine Raider": 2122, "Scales of Shale": 2309, "Agate Assault_SB": 26, "Bake into a Pie_SB": 160, "Hazardous Blast_SB": 1240, "Azorius Guildgate": 154, "Beanstalk Wurm": 190, "Boros Guildgate": 276, "Circuitous Route": 457, "Dimir Guildgate": 663, "Expedition Map": 848, "Golgari Guildgate": 1148, "Gruul Guildgate": 1188, "Izzet Guildgate": 1432, "Maze's End": 1702, "Muldrotha, the Gravetide": 1803, "Orzhov Guildgate": 1903, "Rakdos Guildgate": 2094, "Selesnya Guildgate": 2367, "Simic Guildgate": 2426, "Tatyova, Benthic Druid": 2675, "Atraxa's Fall_SB": 135, "Brightblade Stoat_SB": 312, "Desperate Bloodseeker_SB": 650, "Savor_SB": 2299, "Thornwood Falls": 2785, "Contaminated Aquifer": 516, "Idyllic Beachfront": 1346, "Marauding Brinefang": 1687, "Portal to Phyrexia": 2028, "Soul-Guide Lantern": 2489, "Union of the Third Path": 2945, "Vanish into Eternity": 3015, "Vanish into Eternity_SB": 3016, "Deadly Brew": 600, "Defiled Crypt // Cadaver Lab": 629, "Jungle Hollow": 1456, "Osseous Sticktwister": 1904, "Coppercoat Vanguard_SB": 520, "Garna, Bloodfist of Keld_SB": 1048, "Arcane Proxy": 86, "Render Inert": 2168, "Minor Misstep_SB": 1737, "Royal Treatment_SB": 2252, "Karplusan Forest_SB": 1475, "Grand Entryway && Elegant Rotunda": 1160, "Flamewake Phoenix_SB": 970, "Drag the Canal_SB": 705, "Stingerback Terror_SB": 2576, "Scatter Ray_SB": 2313, "The Huntsman's Redemption": 2731, "Argoth, Sanctum of Nature": 107, "Cosmic Rebirth": 535, "Elvish Regrower": 787, "Springbloom Druid": 2542, "Titania, Voice of Gaea": 2839, "Tolsimir, Midnight's Light": 2851, "Stoic Sphinx_SB": 2582, "Twisted Fealty": 2903, "Aegis Turtle_SB": 18, "Temple of Malice": 2691, "Night of the Sweets' Revenge": 1834, "Welcome to Sweettooth": 3122, "Cosmium Confluence_SB": 538, "See Double_SB": 2358, "Volatile Fault_SB": 3071, "Vraska's Fall": 3088, "The Filigree Sylex_SB": 2727, "Crash Through": 545, "Drake Hatcher": 714, "Restless Spire": 2196, "Slick Sequence": 2462, "Abhorrent Oculus_SB": 2, "Feed the Swarm": 928, "Crawling Barrens": 547, "Mazemind Tome_SB": 1705, "Cryptic Coat_SB": 560, "Urgent Necropsy": 2980, "Alesha, Who Laughs at Fate": 43, "Aurelia, the Law Above": 141, "Immersturm Predator": 1349, "Perforating Artist": 1967, "Ruthless Lawbringer": 2269, "Voldaren Thrillseeker_SB": 3076, "Eaten by Piranhas_SB": 756, "Bonny Pall, Clearcutter_SB": 267, "Trygon Predator_SB": 2889, "Dwynen, Gilt-Leaf Daen": 749, "Lathril, Blade of the Elves": 1548, "Wildborn Preserver": 3132, "Assassin's Trophy_SB": 128, "Rite of Replication": 2216, "Knight of Dusk's Shadow_SB": 1513, "Swiftfoot Boots_SB": 2643, "Ajani, Caller of the Pride": 34, "Angel of Vitality": 63, "Leonin Vanguard": 1568, "Extinguish the Light_SB": 862, "Nine-Lives Familiar": 1839, "Voracious Greatshark": 3080, "Anthem of Champions": 79, "Armasaur Guide": 110, "Biogenic Upgrade": 206, "Charming Prince": 437, "Dazzling Angel": 594, "Felidar Savior": 937, "Felling Blow": 940, "Gnarlid Colony": 1128, "Good-Fortune Unicorn": 1152, "Inspiring Call": 1380, "Inspiring Paladin": 1382, "Mild-Mannered Librarian": 1731, "Pacifism": 1942, "Wary Thespian": 3111, "Wildwood Scourge": 3136, "Bandit's Talent_SB": 169, "Parting Gust_SB": 1955, "Tinybones Joins Up_SB": 2830, "Phyrexian Obliterator_SB": 1992, "Axebane Ferox_SB": 151, "Wrenn and Realmbreaker_SB": 3166, "Flourishing Bloom-Kin": 985, "Ghalta, Primal Hunger": 1073, "Hunter's Talent_SB": 1337, "Silver Scrutiny_SB": 2422, "Atraxa, Grand Unifier_SB": 137, "Highway Robbery": 1303, "Urabrask": 2971, "Armored Armadillo": 111, "Elvish Archivist": 785, "Toadstool Admirer": 2843, "Calix, Guided by Fate_SB": 361, "Divine Resilience_SB": 687, "Unflinching Courage_SB": 2938, "Valorous Stance_SB": 3009, "Fiery Annihilation_SB": 954, "Phyrexian Censor": 1984, "Phyrexian Vindicator": 1993, "Volatile Fault": 3070, "Seal from Existence_SB": 2341, "Stasis Snare_SB": 2560, "Urborg Scavengers": 2977, "Zetalpa, Primal Dawn": 3185, "Chrome Host Seedshark": 449, "Ichormoon Gauntlet": 1344, "Jace Reawakened": 1433, "Jin-Gitaxias": 1444, "Temple of Epiphany": 2689, "Galvanize_SB": 1045, "Tocasia's Welcome": 2846, "Bonehoard Dracosaur": 264, "Dragonlord's Servant": 711, "Incinerator of the Guilty": 1359, "Kolaghan Warmonger": 1521, "Rivaz of the Claw": 2220, "Tyrant of Kher Ridges": 2908, "Push // Pull_SB": 2062, "Long River's Pull_SB": 1623, "Joint Exploration": 1451, "Vren, the Relentless": 3093, "Titania's Command_SB": 2838, "Burglar Rat": 340, "Halo Forager": 1207, "Hidden Necropolis": 1291, "Macabre Waltz": 1658, "Mindsplice Apparatus": 1734, "Painful Quandary": 1943, "Psychic Whorl": 2056, "Rune-Scarred Demon": 2262, "The Key to the Vault": 2739, "The Rollercrusher Ride_SB": 2754, "Titania, Voice of Gaea_SB": 2840, "Dawn's Truce": 589, "Colossal Rattlewurm": 493, "Creosote Heath": 550, "Desert's Due": 648, "Duelist of the Mind": 736, "Rattleback Apothecary": 2117, "Tatyova, Steward of Tides": 2676, "Tomb Trawler_SB": 2853, "Urza's Sylex_SB": 2987, "Terror Tide": 2703, "Inspiration from Beyond": 1379, "Chainsaw": 423, "Rakdos Joins Up": 2095, "Nashi, Searcher in the Dark_SB": 1819, "Realmbreaker, the Invasion Tree_SB": 2135, "Invasion of Tolvada": 1414, "Grand Abolisher_SB": 1159, "Filter Out_SB": 956, "Kutzil, Malamet Exemplar": 1540, "Rona's Vortex": 2242, "Runic Shot": 2263, "Herald of Eternal Dawn_SB": 1271, "Sun-Blessed Healer_SB": 2608, "Emberheart Challenger_SB": 790, "Squee, Dubious Monarch_SB": 2546, "Mortify": 1790, "Seeker's Folly": 2361, "Assimilation Aegis_SB": 130, "Coveted Falcon": 542, "Drag to the Bottom": 706, "Greed's Gambit_SB": 1170, "Valgavoth's Onslaught": 2993, "Stab": 2548, "Vinereap Mentor": 3045, "Invasion of Gobakhan": 1402, "Fiery Annihilation": 953, "Axebane Ferox": 150, "Ferocification": 943, "Dreadwing Scavenger": 721, "Broodspinner_SB": 329, "The Gitrog, Ravenous Ride_SB": 2728, "Collector's Cage": 486, "Sheoldred": 2389, "Invasion of Arcavios": 1398, "Make Your Own Luck": 1672, "Beseech the Mirror_SB": 197, "Heroic Reinforcements_SB": 1285, "Peerless Recycling_SB": 1964, "Ego Drain": 762, "Season of Loss": 2348, "Talion's Messenger_SB": 2668, "Stormcatch Mentor": 2589, "Wing Commando": 3142, "Bloodfell Caves": 240, "Deathcap Marionette": 608, "Reasonable Doubt": 2136, "Third Path Iconoclast": 2774, "Essence Scatter_SB": 830, "Misery's Shadow": 1749, "Kiora, the Rising Tide_SB": 1503, "Ruthless Negotiation": 2271, "Haunted Screen": 1236, "Prayer of Binding": 2033, "Cerebral Confiscation_SB": 420, "Furnace Reins": 1037, "Insatiable Avarice_SB": 1375, "Rona's Vortex_SB": 2243, "Bonny Pall, Clearcutter": 266, "River's Rebuke": 2221, "Koma, World-Eater_SB": 1525, "Primeval Bounty_SB": 2040, "River's Rebuke_SB": 2222, "Urza's Sylex": 2986, "Regal Caracal_SB": 2159, "Rat Out_SB": 2114, "Plains_SB": 2011, "Faebloom Trick_SB": 877, "Throne of the Grim Captain": 2813, "Drana and Linvala_SB": 716, "The Kenriths' Royal Funeral_SB": 2738, "Saiba Cryptomancer": 2281, "Zoetic Glyph_SB": 3190, "Seized from Slumber_SB": 2366, "Tyvar's Stand": 2914, "Regal Bunnicorn_SB": 2157, "Inspiring Overseer": 1381, "Mischievous Pup": 1748, "Surgical Suite // Hospital Room": 2631, "Angel of Finality_SB": 62, "Ankle Biter": 68, "Bilious Skulldweller": 203, "Feed the Infection": 927, "Fynn, the Fangbearer": 1039, "Infectious Inquiry": 1363, "Nimraiser Paladin": 1838, "The Dross Pits": 2717, "The Hunter Maze": 2730, "Badlands Revival": 159, "Bandit's Haul": 167, "Copper Host Crusher": 518, "Vinereap Mentor_SB": 3046, "Seize the Secrets": 2363, "Soured Springs": 2499, "Belligerent Yearling": 195, "Colossadactyl": 492, "Earthshaker Dreadmaw": 753, "Giant Cindermaw": 1085, "Itzquinth, Firstborn of Gishath": 1427, "Ixalli's Lorekeeper": 1430, "Rogue's Passage": 2238, "Scytheclaw Raptor": 2337, "Thrashing Brontodon": 2798, "Triumphant Chomp": 2886, "Armored Kincaller_SB": 113, "At Knifepoint": 133, "Fanatical Firebrand": 891, "Hellspur Brute": 1264, "Caught in the Crossfire_SB": 402, "Mourner's Surprise_SB": 1798, "Kraul Whipcracker": 1529, "Wardens of the Cycle": 3104, "Binding Negotiation_SB": 205, "Unflinching Courage": 2937, "Sanguine Evangelist_SB": 2289, "Sandstorm Salvager": 2285, "Dreamdew Entrancer_SB": 723, "Werefox Bodyguard": 3123, "Autonomous Assembler": 146, "Quintorius Kand": 2075, "Caretaker's Talent_SB": 379, "Luminous Rebuke_SB": 1645, "Massacre Wurm": 1698, "The Enigma Jewel": 2722, "Felidar Retreat_SB": 936, "Hired Claw_SB": 1308, "Kayla's Command_SB": 1481, "Starfall Invocation_SB": 2556, "Stalactite Stalker": 2550, "Spinner of Souls_SB": 2527, "Gisa, the Hellraiser_SB": 1097, "Dust Animus": 743, "Defabricate_SB": 622, "Steel Seraph_SB": 2570, "Dust Animus_SB": 744, "Get Out_SB": 1068, "Gumdrop Poisoner_SB": 1198, "Jace Reawakened_SB": 1434, "Archangel of Tithes_SB": 92, "Demonic Counsel_SB": 638, "Song of Totentanz_SB": 2481, "Warleader's Call_SB": 3108, "Callous Sell-Sword_SB": 364, "Shrouded Shepherd_SB": 2412, "Anointed Peacekeeper": 77, "Rat Out": 2113, "Phyrexian Censor_SB": 1985, "Bitter Reunion_SB": 211, "Curious Forager": 571, "The Mycotyrant": 2749, "Thornvault Forager": 2784, "Sporogenic Infection_SB": 2539, "Grievous Wound": 1179, "Funeral Room // Awakening Hall_SB": 1033, "Rise of the Dark Realms_SB": 2214, "Seize the Spoils": 2364, "Canonized in Blood": 371, "Cemetery Recruitment": 416, "Diregraf Ghoul": 664, "Hungry Ghoul": 1335, "Mephitic Draught": 1716, "Offer Immortality": 1877, "Sanguine Syphoner": 2291, "Skeleton Archer": 2431, "Vampiric Rites": 3014, "Raucous Carnival_SB": 2119, "The Rollercrusher Ride": 2753, "Temple of Enlightenment": 2688, "Fortified Beachhead": 1006, "Harbin, Vanguard Aviator": 1213, "Skystrike Officer": 2454, "Valiant Veteran": 2997, "Zephyr Sentinel": 3182, "Urza, Lord Protector": 2988, "Blast Zone": 222, "Blossoming Tortoise": 254, "Cavernous Maw": 411, "Forgotten Monument": 1003, "Titania's Command": 2837, "Scorn-Blade Berserker": 2324, "Imperious Perfect_SB": 1355, "Sandstorm Salvager_SB": 2286, "Tough Cookie_SB": 2862, "Urborg Repossession_SB": 2976, "Herbology Instructor": 1274, "Restless Bivouac_SB": 2187, "Diabolic Intent": 661, "Lively Dirge_SB": 1608, "Molten Duplication": 1769, "Fumigate_SB": 1031, "Valkyrie's Call_SB": 2998, "Unidentified Hovership_SB": 2944, "Take Up the Shield_SB": 2664, "Arabella, Abandoned Doll_SB": 81, "Temple of Mystery": 2692, "Timely Interference": 2827, "Vesuvan Duplimancy": 3034, "Dive Down_SB": 683, "Scrawling Crawler_SB": 2330, "Hollow Marauder": 1312, "Overwhelming Remorse": 1936, "Stubborn Burrowfiend": 2600, "Dryad Militant_SB": 734, "Mockingbird_SB": 1763, "Chandra, Hope's Beacon_SB": 428, "Bristlebud Farmer": 320, "Charred Foyer && Warped Space_SB": 439, "Akawalli, the Seething Tower": 41, "Absolving Lammasu_SB": 6, "Dollmaker's Shop // Porcelain Gallery_SB": 691, "Think Twice": 2772, "Micromancer_SB": 1725, "Bruse Tarl, Roving Rancher": 332, "Coruscation Mage_SB": 533, "Fblthp, Lost on the Range": 900, "Weakstone's Subjugation": 3115, "Fblthp, Lost on the Range_SB": 901, "Proft's Eidetic Memory_SB": 2046, "Weakstone's Subjugation_SB": 3116, "Bottomless Pool && Locker Room": 281, "Tithing Blade_SB": 2842, "Hidetsugu's Second Rite_SB": 1298, "The Swarmweaver_SB": 2765, "Invasion of Karsus_SB": 1407, "Mirror Room && Fractured Realm_SB": 1744, "Sword of Wealth and Power_SB": 2651, "Wildfire Howl_SB": 3134, "Zurgo and Ojutai_SB": 3199, "Halo Forager_SB": 1208, "Mabel, Heir to Cragflame_SB": 1657, "Ballyrush Banneret": 163, "Myrel, Shield of Argive_SB": 1811, "Siege Veteran_SB": 2414, "Soulstone Sanctuary_SB": 2498, "Ezrim, Agency Chief": 867, "Karn, Living Legacy": 1472, "Metropolis Reformer": 1722, "Krenko's Buzzcrusher_SB": 1533, "Kellan, Inquisitive Prodigy": 1490, "Final Vengeance_SB": 961, "Silverback Elder_SB": 2423, "Blood Spatter Analysis": 237, "Rundvelt Hordemaster": 2260, "Branchblight Stalker": 295, "Experimental Augury": 851, "Gitaxian Anatomist": 1098, "Goliath Hatchery": 1149, "Ichorspit Basilisk": 1345, "Lakeside Shack": 1545, "Maze's Mantle": 1703, "Meat Locker // Drowned Diner": 1706, "Mesmerizing Dose": 1717, "Paladin of Predation": 1949, "Plague Nurse": 2009, "Reject Imperfection": 2162, "Serum Snare": 2375, "Tainted Observer": 2662, "Tangled Islet": 2672, "Thrummingbird": 2815, "Tyrranax Atrocity": 2910, "Venomous Brutalizer": 3031, "Viral Spawning": 3049, "Vivisurgeon's Insight": 3064, "Angelic Intervention": 64, "Awaken the Woods": 149, "Omenpath Journey": 1889, "Poison Dart Frog": 2018, "Rampaging Baloths": 2106, "Migloz, Maze Crusher_SB": 1730, "Seraphic Steed": 2372, "Meticulous Excavation_SB": 1721, "Raging Battle Mouse": 2090, "Loran's Escape_SB": 1632, "Seeker's Folly_SB": 2362, "Realmbreaker, the Invasion Tree": 2134, "Murky Sewer": 1808, "Deeproot Pilgrimage": 619, "Mistway Spy": 1759, "Vodalian Hexcatcher": 3066, "Undead Sprinter_SB": 2927, "Doomsday Excruciator_SB": 694, "Invasion of Kaldheim": 1405, "Pia Nalaar, Consul of Revival": 1994, "Crystal Grotto": 564, "Bottomless Pool // Locker Room": 283, "Getaway Glamer_SB": 1070, "Necrogen Communion": 1820, "Vraska Joins Up": 3087, "Thirsting Roots_SB": 2777, "Gwenna, Eyes of Gaea": 1199, "Halana and Alena, Partners": 1202, "Inga and Esika": 1367, "Melira, the Living Cure": 1711, "Myrel, Shield of Argive": 1810, "Elesh Norn_SB": 777, "Hajar, Loyal Bodyguard_SB": 1201, "Surrak and Goreclaw_SB": 2634, "Guardian of New Benalia": 1192, "Pest Control": 1972, "Heraldic Banner": 1272, "Defiled Crypt // Cadaver Lab_SB": 630, "Heraldic Banner_SB": 1273, "Karn's Sylex_SB": 1471, "The Stone Brain": 2761, "Decadent Dragon_SB": 613, "Vein Ripper": 3023, "Viashino Pyromancer_SB": 3041, "Aegis Turtle": 17, "Ivy, Gleeful Spellthief_SB": 1429, "Venerated Rotpriest_SB": 3026, "Jaya, Fiery Negotiator": 1439, "Grabby Giant": 1156, "Rite of the Dragoncaller": 2217, "Hulking Raptor": 1334, "Pugnacious Hammerskull": 2058, "Sword of Once and Future": 2648, "Battlefly Swarm": 187, "Seal from Existence": 2340, "Ghalta, Stampede Tyrant": 1075, "Solemn Simulacrum": 2477, "Invasion of Amonkhet_SB": 1397, "Beastie Beatdown": 191, "Annie Joins Up": 72, "Huatli, Poet of Unity": 1331, "Maha, Its Feathers Night_SB": 1670, "Thalia and The Gitrog Monster": 2709, "Surgical Suite && Hospital Room_SB": 2630, "Silver Scrutiny": 2421, "Island_SB": 1426, "Entity Tracker_SB": 814, "Rebel Salvo_SB": 2138, "Aether Channeler": 19, "Defiled Crypt && Cadaver Lab": 627, "Exuberant Fuseling": 866, "Thundertrap Trainer_SB": 2824, "Abuelo's Awakening": 7, "Kitsa, Otterball Elite_SB": 1509, "Rona, Herald of Invasion_SB": 2245, "Unnerving Grasp_SB": 2952, "Conspiracy Unraveler": 512, "Matzalantli, the Great Door": 1700, "Reenact the Crime": 2153, "Demonic Ruckus_SB": 644, "Impact Tremors_SB": 1353, "Cultivator's Caravan": 566, "Kona, Rescue Beastie": 1526, "Scene of the Crime": 2319, "Cankerbloom_SB": 370, "Adaptive Automaton": 14, "Three Tree Mascot": 2807, "Fear of Surveillance": 916, "Coveted Falcon_SB": 543, "Wishclaw Talisman_SB": 3148, "Smuggler's Surprise_SB": 2471, "Kambal, Profiteering Mayor": 1466, "Kaya, Spirits' Justice_SB": 1480, "Blasphemous Edict": 220, "Drown in Ichor": 730, "Whisper of the Dross": 3126, "Vraska's Fall_SB": 3089, "Defiler of Flesh": 632, "Garruk's Uprising": 1049, "Zul Ashur, Lich Lord": 3196, "Kraul Whipcracker_SB": 1530, "Muerra, Trash Tactician": 1801, "Invasion of Theros": 1413, "Oko, the Ringleader_SB": 1885, "Case of the Gateway Express_SB": 389, "Swooping Lookout": 2645, "Quick Draw_SB": 2073, "Palani's Hatcher": 1950, "Temple of Abandon": 2686, "Blasphemous Edict_SB": 221, "At Knifepoint_SB": 134, "Monstrous Rage_SB": 1785, "Kellan's Lightblades_SB": 1488, "Insatiable Avarice": 1374, "Wilt-Leaf Liege_SB": 3139, "Lifecreed Duo": 1587, "Recruitment Officer_SB": 2148, "Time Stop": 2825, "Crumb and Get It": 554, "Fleeting Flight_SB": 976, "Trash the Town_SB": 2876, "Skrelv, Defector Mite_SB": 2440, "Agrus Kos, Spirit of Justice": 32, "Hauntwoods Shrieker": 1237, "Annie Flash, the Veteran_SB": 71, "Defiled Crypt && Cadaver Lab_SB": 628, "Mechanized Warfare": 1709, "Bottomless Pool // Locker Room_SB": 284, "The Princess Takes Flight_SB": 2750, "Anim Pakal, Thousandth Moon_SB": 67, "Mischievous Mystic": 1747, "Restless Reef_SB": 2193, "One with the Multiverse": 1893, "Walk with the Ancestors": 3097, "Meathook Massacre II_SB": 1708, "Thundering Falls_SB": 2820, "Repulsive Mutation": 2173, "Sylvan Scavenging_SB": 2654, "Razorkin Needlehead": 2124, "Highway Robbery_SB": 1304, "Intrepid Paleontologist": 1394, "Bolt Bend_SB": 259, "Wishclaw Talisman": 3147, "Vaultborn Tyrant_SB": 3021, "Feldon's Cane": 930, "Neutralize the Guards": 1828, "Treasure Map": 2878, "Ayli, Eternal Pilgrim": 153, "Disturbing Conversion": 679, "Shipwreck Dowser": 2397, "Abuelo's Awakening_SB": 8, "Builder's Talent_SB": 337, "Eerie Interference_SB": 761, "Founding the Third Path_SB": 1009, "Satoru, the Infiltrator": 2295, "Wilt-Leaf Liege": 3138, "Charge of the Mites": 435, "Expel the Interlopers": 849, "Binding Negotiation": 204, "Vraska, the Silencer": 3092, "Obstinate Baloth": 1873, "Bramble Familiar": 293, "Felonious Rage_SB": 942, "Sphinx of the Final Word_SB": 2520, "Rip, Spawn Hunter": 2211, "Funeral Room // Awakening Hall": 1032, "Outlaw Medic": 1913, "Legion Extruder": 1563, "Thousand Moons Smithy_SB": 2793, "Blightbelly Rat": 230, "Unnatural Restoration": 2949, "Carnivorous Canopy_SB": 381, "Whisper of the Dross_SB": 3127, "Dawn's Truce_SB": 590, "Dowsing Device": 702, "Gleaming Geardrake": 1116, "Saheeli, Filigree Master": 2279, "The Mycosynth Gardens": 2748, "Saheeli, Filigree Master_SB": 2280, "Scrawling Crawler": 2329, "Archdruid's Charm_SB": 96, "Case of the Ransacked Lab": 393, "The Surgical Bay": 2763, "The Tale of Tamiyo": 2766, "Imprisoned in the Moon_SB": 1356, "Inquisitive Glimmer_SB": 1373, "Refute_SB": 2155, "Hugs, Grisly Guardian": 1332, "Kogla and Yidaro": 1519, "Karumonix, the Rat King": 1476, "Persistent Marshstalker": 1971, "Argentum Masticore": 105, "Hall of Tagsin": 1205, "Hedron Archive": 1260, "Tomakul Honor Guard": 2852, "Gaea's Gift": 1041, "Trash the Town": 2875, "Untimely Malfunction": 2964, "Argentum Masticore_SB": 106, "Choking Miasma": 447, "Bite Down": 208, "Bite Down_SB": 209, "Corsair Captain": 531, "Lost Jitte_SB": 1636, "Blazing Crescendo_SB": 226, "Leonin Vanguard_SB": 1569, "Ruin-Lurker Bat_SB": 2257, "The Millennium Calendar_SB": 2746, "Veteran Survivor_SB": 3037, "Corrupted Conviction_SB": 530, "Deadly Brew_SB": 601, "Lich-Knights' Conquest": 1584, "Cheeky House-Mouse_SB": 443, "Dryad Militant": 733, "Trostani, Three Whispers": 2887, "Kutzil, Malamet Exemplar_SB": 1541, "Contagious Vorrac": 515, "Necrogen Rotpriest": 1821, "Armored Scrapgorger_SB": 115, "Invasion of Fiora_SB": 1401, "Malcolm, Alluring Scoundrel_SB": 1676, "Churning Reservoir": 453, "Magmatic Sprinter": 1666, "Sardian Cliffstomper": 2292, "Solphim, Mayhem Dominus": 2479, "The Monumental Facade": 2747, "Churning Reservoir_SB": 454, "Magmatic Sprinter_SB": 1667, "Monastery Swiftspear_SB": 1780, "Sardian Cliffstomper_SB": 2293, "Brazen Collector": 302, "Generous Plunderer": 1060, "Ojer Axonil, Deepest Might": 1880, "Trial of Agony": 2881, "Zoyowa's Justice": 3195, "Ancestors' Aid_SB": 58, "Leyline of Resonance_SB": 1577, "Slickshot Show-Off_SB": 2465, "Gaea's Gift_SB": 1042, "Give In to Violence_SB": 1100, "Scrapwork Mutt": 2328, "Cityscape Leveler_SB": 460, "Nahiri's Resolve_SB": 1814, "Back for Seconds": 157, "Eriette's Tempting Apple": 817, "Experimental Confectioner": 852, "Feed the Cauldron": 924, "Gingerbread Hunter": 1094, "Greta, Sweettooth Scourge": 1178, "Mintstrosity": 1738, "Return from the Wilds": 2204, "Scream Puff": 2331, "Spider Food": 2521, "Sweettooth Witch": 2640, "Three Bowls of Porridge": 2803, "Candy Grapple_SB": 367, "Fell_SB": 939, "Murder_SB": 1806, "Sugar Rush_SB": 2604, "Obyra, Dreaming Duelist": 1875, "Repel Calamity_SB": 2172, "Delney, Streetwise Lookout": 633, "Stroke of Midnight": 2597, "Pile On": 2000, "Call a Surprise Witness": 362, "Micromancer": 1724, "Daggerfang Duo": 580, "Deathbloom Gardener": 607, "Hoarding Recluse": 1311, "Maha, Its Feathers Night": 1669, "Massacre Girl, Known Killer": 1696, "Moonstone Harbinger": 1789, "Pestilent Syphoner": 1974, "Ygra, Eater of All": 3175, "Drown in Ichor_SB": 731, "Rakdos, the Muscle": 2098, "Massacre Girl, Known Killer_SB": 1697, "Rakdos Joins Up_SB": 2096, "Rakdos, the Muscle_SB": 2099, "Ghalta and Mavren": 1072, "Hide in Plain Sight": 1294, "Manifest Dread": 1681, "Progenitus": 2047, "Threats Around Every Corner": 2801, "Crystal Barricade": 562, "Green Sun's Twilight_SB": 1173, "Break Down the Door": 305, "Bubble Smuggler": 335, "Cryptid Inspector": 561, "Cursed Windbreaker": 574, "Exit Specialist": 845, "Growing Dread": 1185, "Oblivious Bookworm": 1871, "Polukranos Reborn_SB": 2024, "Hazardroot Herbalist": 1241, "Head of the Homestead": 1244, "Rabbit Response": 2077, "Treeguard Duo": 2879, "Uncharted Haven": 2924, "Warren Elder": 3109, "Head of the Homestead_SB": 1245, "Grab the Prize_SB": 1155, "Stroke of Midnight_SB": 2598, "Hellspur Posse Boss": 1266, "Cynical Loner_SB": 579, "Hellspur Brute_SB": 1265, "Astor, Bearer of Blades": 131, "Bladehold War-Whip": 218, "Kellan, the Fae-Blooded": 1494, "Kemba, Kha Enduring": 1496, "Rebel Salvo": 2137, "Swiftfoot Boots": 2642, "Sword of Forge and Frontier": 2646, "Astor, Bearer of Blades_SB": 132, "Consuming Aberration": 514, "Knight of Dusk's Shadow": 1512, "No One Left Behind_SB": 1847, "Botanical Brawler": 279, "Dusk Legion Duelist": 740, "Railway Brawler": 2091, "Stocking the Pantry": 2579, "Tribute to the World Tree": 2883, "Collector's Cage_SB": 487, "Dragonmaster Outcast": 712, "Evolved Sleeper": 841, "Friendly Teddy": 1019, "Consumed by Greed_SB": 513, "Rankle's Prank_SB": 2112, "Hop to It_SB": 1319, "Barkform Harvester": 176, "Rampaging Spiketail": 2108, "Vorinclex": 3082, "Fae Flight_SB": 875, "Rush of Dread_SB": 2267, "Magebane Lizard": 1663, "Final Flourish_SB": 957, "Time Stop_SB": 2826, "Infectious Inquiry_SB": 1364, "Unnatural Restoration_SB": 2950, "Taii Wakeen, Perfect Shot": 2658, "Unruly Catapult": 2953, "Glassworks // Shattered Yard_SB": 1113, "Samut, Vizier of Naktamun": 2282, "Tribute to the World Tree_SB": 2884, "Hulking Metamorph": 1333, "Rest in Peace": 2182, "Surge Engine_SB": 2625, "Fake Your Own Death": 886, "Invasion of Ergamon": 1400, "Beastie Beatdown_SB": 192, "Break Out_SB": 307, "Ego Drain_SB": 763, "Hearthborn Battler_SB": 1257, "Vengeful Possession": 3028, "Repair and Recharge": 2171, "Step Between Worlds_SB": 2572, "Hexgold Halberd": 1287, "Skyfisher Spider_SB": 2449, "Kroxa and Kunoros": 1535, "Festerleech": 946, "Fallaji Archaeologist_SB": 889, "The Wandering Rescuer_SB": 2769, "Felidar Cub": 933, "Oracle of Tragedy": 1899, "Tarrian's Journal": 2674, "Dusk Rose Reliquary_SB": 742, "Felidar Cub_SB": 934, "Knight-Errant of Eos_SB": 1517, "Ruthless Lawbringer_SB": 2270, "Detective's Satchel": 655, "Torch the Witness": 2857, "Worldwalker Helm": 3162, "Forensic Gadgeteer_SB": 998, "Ice Out_SB": 1342, "Evolving Adaptive": 842, "Garruk's Uprising_SB": 1050, "Chart a Course_SB": 441, "Johann's Stopgap_SB": 1449, "Let's Play a Game_SB": 1571, "Surgical Suite && Hospital Room": 2629, "Quintorius Kand_SB": 2076, "Shrouded Shepherd": 2411, "Wandertale Mentor": 3099, "Vodalian Mindsinger_SB": 3067, "Soul Search": 2486, "Bonehoard Dracosaur_SB": 265, "Llanowar Elves_SB": 1611, "Ragged Playmate": 2088, "Trapped in the Screen": 2873, "Fear of Surveillance_SB": 917, "Grand Entryway // Elegant Rotunda_SB": 1162, "Norin, Swift Survivalist_SB": 1851, "Ragged Playmate_SB": 2089, "Think Twice_SB": 2773, "Take for a Ride_SB": 2665, "Fleeting Flight": 975, "Mosswood Dreadknight_SB": 1795, "Boltwave_SB": 261, "Enduring Courage_SB": 795, "War Squeak_SB": 3101, "Spirebluff Canal_SB": 2529, "Chandra, Flameshaper_SB": 426, "Blazing Crescendo": 225, "Ajani, Sleeper Agent": 37, "Glimmerlight": 1119, "Ashnod's Harvester": 122, "Warhost's Frenzy": 3106, "Geralf, the Fleshwright": 1063, "Geralf, the Fleshwright_SB": 1064, "Claim Jumper_SB": 463, "Mirrex_SB": 1743, "Tectonic Hazard": 2679, "Vraan, Executioner Thane": 3086, "Eaten Alive_SB": 755, "Rustler Rampage": 2268, "Wojek Investigator": 3159, "Recommission_SB": 2146, "Searslicer Goblin_SB": 2345, "Stormchaser's Talent_SB": 2591, "Phyrexian Missionary": 1989, "Cactarantula": 355, "Ojer Pakpatiq, Deepest Epoch": 1882, "Disturbing Conversion_SB": 680, "Enduring Vitality_SB": 803, "Koth, Fire of Resistance": 1527, "Lithomantic Barrage": 1604, "All Will Be One": 45, "Into the Fire": 1389, "Invasion of Karsus": 1406, "Ob Nixilis, Captive Kingpin": 1867, "Sentinel of Lost Lore": 2368, "Audience with Trostani_SB": 140, "Leyline of the Void": 1581, "Surgical Suite // Hospital Room_SB": 2632, "Defiler of Dreams_SB": 631, "Balustrade Wurm": 165, "Cosmic Hunger": 534, "Ojer Kaslem, Deepest Growth": 1881, "Paranormal Analyst": 1952, "Vannifar, Evolved Enigma": 3019, "Fog Bank_SB": 991, "Talion, the Kindly Lord_SB": 2670, "Wylie Duke, Atiin Hero": 3171, "Omen Hawker": 1887, "Valgavoth's Onslaught_SB": 2994, "Extraordinary Journey": 864, "Gold Pan": 1144, "Extraordinary Journey_SB": 865, "Nurturing Pixie_SB": 1862, "Pearl of Wisdom": 1962, "Moonshaker Cavalry": 1788, "Balemurk Leech": 161, "Bashful Beastie": 181, "Cackling Slasher": 353, "Defiant Survivor": 626, "Fear of the Dark": 918, "Flesh Burrower": 979, "Give In to Violence": 1099, "Grasping Longneck": 1163, "Horrid Vigor": 1325, "Innocuous Rat": 1371, "Let's Play a Game": 1570, "Meathook Massacre II": 1707, "Wickerfolk Thresher": 3130, "Winter's Intervention": 3143, "Analyze the Pollen_SB": 56, "Bushwhack_SB": 351, "Mistbreath Elder_SB": 1756, "Polliwallop_SB": 2021, "Realmbreaker's Grasp_SB": 2133, "Stickytongue Sentinel_SB": 2574, "Tumbleweed Rising_SB": 2890, "Leyline of Transformation": 1579, "Saheeli's Lattice": 2278, "Hopeless Nightmare_SB": 1322, "Etali, Primal Storm_SB": 834, "Corpses of the Lost_SB": 526, "Adamant Will": 13, "Goldvein Pick": 1147, "Moment of Triumph": 1773, "Pilfer": 2002, "Public Thoroughfare": 2057, "Undying Malice": 2934, "Cancel_SB": 366, "Opt_SB": 1895, "Connecting the Dots_SB": 509, "Annihilating Glare": 73, "Fanatical Offering": 893, "Sword of Wealth and Power": 2650, "Makeshift Binding": 1673, "Dismal Backwater": 670, "Pelakka Wurm": 1965, "Extract a Confession_SB": 863, "Unauthorized Exit_SB": 2923, "Jump Scare_SB": 1455, "Progenitus_SB": 2048, "Harvestrite Host": 1229, "Cut Short_SB": 577, "Family Reunion_SB": 890, "Mabel's Mettle": 1655, "Lassoed by the Law": 1546, "Skulduggery": 2441, "Skulduggery_SB": 2442, "Minor Misstep": 1736, "Hopeful Vigil": 1320, "Central Elevator // Promising Stairs": 418, "Creeping Peeper": 549, "Dazzling Theater // Prop Room": 596, "Erratic Apparition": 820, "Fear of Abduction": 902, "Fear of Falling": 906, "Lionheart Glimmer": 1602, "Restricted Office // Lecture Hall": 2202, "Underwater Tunnel // Slimy Aquarium": 2933, "Stalked Researcher_SB": 2552, "Tunnel Surveyor_SB": 2894, "Archon of Cruelty": 101, "Bloodstained Mire": 245, "Brazen Borrower": 300, "Counterspell": 541, "Faithless Looting": 885, "Fatal Push": 896, "Force of Negation": 994, "Misty Rainforest": 1760, "Persist": 1970, "Polluted Delta": 2022, "Psychic Frog": 2055, "Scalding Tarn": 2306, "Sink into Stupor": 2428, "Spell Snare": 2511, "Steam Vents": 2564, "Tamiyo, Inquisitive Student": 2671, "Thoughtseize": 2790, "Unearth": 2935, "Watery Grave": 3113, "Consign to Memory_SB": 511, "Fable of the Mirror-Breaker_SB": 870, "Harbinger of the Seas_SB": 1215, "Nihil Spellbomb_SB": 1836, "Stern Scolding_SB": 2573, "Surgical Extraction_SB": 2628, "Arena of Glory": 104, "Blazing Rootwalla": 227, "Burning Inquiry": 343, "Detective's Phoenix": 654, "Flameblade Adept": 967, "Goblin Lore": 1137, "Hollow One": 1313, "Lightning Bolt": 1589, "Stomping Ground": 2584, "Street Wraith": 2594, "Vengevine": 3030, "Wooded Foothills": 3160, "Cursed Totem_SB": 573, "Meltdown_SB": 1713, "Obsidian Charmaw_SB": 1872, "Arid Mesa": 109, "Barbarian Ring": 174, "Eidolon of the Great Revel": 764, "Flare of Duplication": 971, "Goblin Guide": 1136, "Lava Spike": 1552, "Rift Bolt": 2209, "Searing Blaze": 2342, "Skewer the Critics": 2433, "Skullcrack": 2444, "Sunbaked Canyon": 2609, "Ensnaring Bridge_SB": 809, "Faerie Macabre_SB": 880, "Smash to Smithereens_SB": 2468, "Amulet of Vigor": 52, "Arboreal Grazer": 85, "Boseiju, Who Endures": 277, "Crumbling Vestige": 556, "Dryad Arbor": 732, "Dryad of the Ilysian Grove": 735, "Echoing Deeps": 757, "Explore": 854, "Green Sun's Zenith": 1174, "Gruul Turf": 1190, "Hanweir Battlements": 1212, "Lotus Field": 1639, "Mirrorpool": 1746, "Otawara, Soaring City": 1908, "Primeval Titan": 2041, "Scapeshift": 2311, "Shifting Woodland": 2395, "Simic Growth Chamber": 2425, "Summoner's Pact": 2606, "Tolaria West": 2848, "Urza's Cave": 2982, "Urza's Saga": 2985, "Valakut, the Molten Pinnacle": 2990, "Vesuva": 3032, "Bojuka Bog_SB": 258, "Collector Ouphe_SB": 485, "Defense Grid_SB": 625, "Dismember_SB": 671, "Endurance_SB": 793, "Force of Vigor_SB": 995, "Tireless Tracker_SB": 2834, "Vampires' Vengeance_SB": 3013, "Blood Crypt": 234, "Dwarven Mine": 747, "Fable of the Mirror-Breaker": 869, "Flooded Strand": 980, "Indomitable Creativity": 1361, "Jetmir's Garden": 1443, "Prismatic Ending": 2044, "Sacred Foundry": 2275, "Wrenn and Six": 3167, "Xander's Lounge": 3172, "Boseiju, Who Endures_SB": 278, "Damping Sphere_SB": 582, "Hurkyl's Recall_SB": 1338, "Toxic Deluge_SB": 2863, "Cling to Dust": 473, "Harbinger of the Seas": 1214, "Marsh Flats": 1694, "Murktide Regent": 1807, "Preordain": 2036, "Thought Scour": 2787, "Engineered Explosives_SB": 806, "Mystical Dispute_SB": 1813, "Spell Pierce_SB": 2510, "The Meathook Massacre_SB": 2743, "Orcish Bowmasters": 1900, "Ajani, Nacatl Pariah": 36, "Galvanic Discharge": 1044, "Goblin Bombardment": 1133, "Godless Shrine": 1143, "Guide of Souls": 1194, "Ocelot Pride": 1876, "Phelia, Exuberant Shepherd": 1978, "Phlage, Titan of Fire's Fury": 1979, "Seasoned Pyromancer": 2354, "Thraben Charm": 2794, "Orim's Chant_SB": 1901, "Showdown of the Skalds_SB": 2409, "Thoughtseize_SB": 2791, "Wear // Tear_SB": 3117, "Wrath of the Skies_SB": 3163, "Den of the Bugbear": 645, "Devastating Summons": 656, "Foundry Street Denizen": 1010, "Goblin Bushwhacker": 1134, "Goblin Grenade": 1135, "Goblin Piledriver": 1139, "Legion Loyalist": 1565, "Mogg War Marshal": 1764, "Reckless Bushwhacker": 2139, "Skirk Prospector": 2434, "Sokenzan, Crucible of Defiance": 2476, "Blood Moon_SB": 236, "Magus of the Moon_SB": 1668, "Reality Hemorrhage_SB": 2131, "Shattering Spree_SB": 2386, "Tormod's Crypt_SB": 2859, "Ziatora's Proving Ground": 3187, "Terastodon_SB": 2699, "Veil of Summer_SB": 3022, "Consider": 510, "Graveyard Trespasser": 1164, "Exquisite Firecraft_SB": 857, "Searing Blood_SB": 2343, "Tunnel Ignus_SB": 2892, "Ragavan, Nimble Pilferer": 2086, "Showdown of the Skalds": 2408, "Static Prison": 2561, "Windswept Heath": 3141, "Drannith Magistrate_SB": 717, "Fear, Fire, Foes!_SB": 919, "Stony Silence_SB": 2585, "Vexing Bauble": 3038, "Colossal Skyturtle_SB": 494, "Generous Ent_SB": 1059, "Grist, the Hunger Tide_SB": 1184, "Hexdrinker_SB": 1286, "Chained to the Rocks": 421, "Chained to the Rocks_SB": 422, "Ragavan, Nimble Pilferer_SB": 2087, "Giant Growth_SB": 1088, "Over the Edge_SB": 1918, "Poison Dart Frog_SB": 2019, "Slice from the Shadows": 2461, "Talion, the Kindly Lord": 2669, "Come Back Wrong": 498, "Glassworks // Shattered Yard": 1112, "Beamtown Beatstick": 189, "Celestial Armor": 415, "Diamond Pick-Axe": 662, "Sunfire Torch": 2615, "Carrot Cake_SB": 384, "Edgewall Inn": 760, "Goliath Hatchery_SB": 1150, "Balmor, Battlemage Captain": 164, "Bria, Riptide Rogue": 311, "Freeze in Place": 1015, "Relic's Roar": 2165, "Run Away Together_SB": 2258, "Scalding Viper_SB": 2308, "Hardened Escort": 1220, "Holy Cow": 1315, "Living Phone": 1609, "Unsettling Twins": 2955, "Feather of Flight_SB": 922, "Possessed Goat_SB": 2031, "Raccoon Rallier_SB": 2080, "Rogue's Passage_SB": 2239, "The Jolly Balloon Man_SB": 2737, "Unsettling Twins_SB": 2956, "Hammerhand_SB": 1211, "Heartfire Hero_SB": 1250, "Inti, Seneschal of the Sun_SB": 1386, "Gleaming Barrier": 1114, "Gleaming Barrier_SB": 1115, "Solemn Simulacrum_SB": 2478, "Sure Strike_SB": 2623, "Twinferno_SB": 2899, "Ancestors' Aid": 57, "Dwarven Forge-Chanter": 746, "Furious Bellow": 1034, "Ghitu Amplifier": 1077, "Heartfire Immolator": 1251, "Sure Strike": 2622, "Whiskerquill Scribe": 3125, "Brambleguard Captain": 294, "Defabricate": 621, "Fear of Burning Alive": 905, "Iron-Fist Pulverizer": 1423, "Johann, Apprentice Sorcerer": 1450, "Keldon Flamesage": 1485, "Kraum, Violent Cacophony": 1531, "Molten Tributary": 1770, "Nightwhorl Hermit": 1835, "Pyrotechnic Performer": 2065, "Razzle-Dazzler": 2130, "Snaremaster Sprite": 2474, "Stop Cold": 2586, "Thopter Mechanic": 2782, "Vesuvan Drifter": 3033, "Involuntary Cooldown_SB": 1419, "Kellan, Planar Trailblazer_SB": 1493, "Mishra's Command_SB": 1752, "Out of Air_SB": 1910, "Plan the Heist_SB": 2012, "Sleight of Hand_SB": 2460, "Trick Shot_SB": 2885, "Violent Urge_SB": 3048, "Harrier Strix": 1225, "The Filigree Sylex": 2726, "Nettle Guard": 1826, "Pests of Honor": 1975, "Three Blind Mice": 2802, "Dauntless Dismantler_SB": 588, "Phoenix Chick_SB": 1981, "Charge of the Mites_SB": 436, "Halo Hopper": 1209, "Grand Abolisher": 1158, "Unnerving Grasp": 2951, "Hellspur Posse Boss_SB": 1267, "Make Your Move_SB": 1671, "Fynn, the Fangbearer_SB": 1040, "Harbinger of the Tides": 1216, "Harbinger of the Tides_SB": 1217, "Bottomless Pool && Locker Room_SB": 282, "Pile On_SB": 2001, "Cat Collector": 398, "Growing Rites of Itlimoc": 1186, "Flowstone Infusion": 989, "Feldon, Ronom Excavator": 932, "Roc Hunter": 2233, "Scalding Viper": 2307, "Adventuring Gear_SB": 16, "Fear of Being Hunted_SB": 904, "Trial of Agony_SB": 2882, "Vicious Clown_SB": 3043, "Into the Roil": 1392, "Into the Roil_SB": 1393, "Ayara, Widow of the Realm": 152, "Arachnoid Adaptation": 82, "Throw from the Saddle": 2814, "Longstalk Brawl_SB": 1624, "Thrill of Possibility_SB": 2812, "Season of Gathering": 2346, "Warren Warleader": 3110, "Horrid Vigor_SB": 1326, "Lionheart Glimmer_SB": 1603, "Omnivorous Flytrap_SB": 1892, "Seasoned Warrenguard_SB": 2356, "Jump Scare": 1454, "Niko, Light of Hope": 1837, "Stalked Researcher": 2551, "Tunnel Surveyor": 2893, "Fear of Isolation_SB": 912, "Splash Portal_SB": 2533, "Demonic Pact_SB": 642, "Rite of the Dragoncaller_SB": 2218, "Valorous Stance": 3008, "Lodestone Needle": 1617, "Sawblade Skinripper_SB": 2302, "Zephyr Singer": 3183, "Grim Bauble": 1182, "Momentum Breaker": 1775, "Bleachbone Verge": 228, "Ride's End": 2207, "Wastewood Verge": 3112, "Willowrush Verge": 3137, "Oildeep Gearhulk": 1878, "Spell Pierce": 2509, "Oildeep Gearhulk_SB": 1879, "Outpace Oblivion_SB": 1915, "Afterburner Expert": 24, "Draconautics Engineer": 703, "Dredger's Insight": 726, "Loot, the Pathfinder": 1627, "Molt Tender": 1766, "Restless Spire_SB": 2197, "Sunbillow Verge": 2610, "Haunt the Network_SB": 1233, "Debris Beetle": 610, "Vein Ripper_SB": 3024, "Intimidation Tactics": 1387, "Ketramose, the New Dawn": 1497, "Thousand Moons Smithy": 2792, "Transmutation Font": 2872, "Braided Net_SB": 290, "Bartolom\u00e9 del Presidio_SB": 180, "Lunar Convocation_SB": 1648, "Bloodghast": 241, "Valley Rotcaller_SB": 3005, "Defend the Rider": 623, "Hazoret, Godseeker": 1243, "Gleeful Demolition_SB": 1118, "Monument to Endurance": 1786, "Cunning Coyote_SB": 568, "Playful Shove": 2014, "Boosted Sloop": 273, "Broadside Barrage": 325, "Captain Howler, Sea Scourge": 373, "Fearless Swashbuckler": 920, "Lifecraft Engine": 1586, "Marauding Mako": 1688, "Scrounging Skyray": 2336, "Unctus, Grand Metatect": 2925, "Bounce Off": 286, "Chandra, Spark Hunter": 429, "Riverpyre Verge": 2226, "Fuel the Flames_SB": 1026, "Brightglass Gearhulk": 314, "Overgrown Zealot": 1921, "Transit Mage": 2871, "Lightwheel Enhancements": 1594, "Momentum Breaker_SB": 1776, "Perilous Snare": 1968, "Repurposing Bay": 2175, "Spectacular Pileup": 2503, "Perilous Snare_SB": 1969, "Red Sun's Twilight_SB": 2149, "Nesting Bot": 1825, "Voyager Glidecar": 3084, "Chandra, Spark Hunter_SB": 430, "Coiling Rebirth_SB": 481, "Intimidation Tactics_SB": 1388, "Collision Course_SB": 491, "Mishra, Claimed by Gix": 1754, "Phyrexian Dragon Engine": 1986, "The Aetherspark_SB": 2712, "Invasion of Mercadia": 1408, "Sazacap's Brew": 2305, "Bounce Off_SB": 287, "Broadside Barrage_SB": 326, "Webstrike Elite": 3120, "Webstrike Elite_SB": 3121, "Bloated Contaminator_SB": 233, "Melira, the Living Cure_SB": 1712, "Gastal Thrillroller_SB": 1055, "Claim Jumper": 462, "Caelorna, Coral Tyrant_SB": 356, "Grim Bauble_SB": 1183, "Heliod, the Radiant Dawn": 1263, "Twinblade Blessing": 2897, "Quag Feast": 2068, "Amonkhet Raceway": 51, "Gas Guzzler": 1051, "The Speed Demon": 2758, "Soul of Windgrace": 2488, "Debris Beetle_SB": 611, "Pit Automaton": 2006, "Visage of Dread": 3060, "Aether Syphon_SB": 21, "The Last Ride_SB": 2741, "Visage of Dread_SB": 3061, "Thunderous Velocipede": 2821, "Riverchurn Monument": 2223, "Stock Up": 2577, "Expel the Interlopers_SB": 850, "Flotsam // Jetsam_SB": 984, "Burnout Bashtronaut": 345, "Count on Luck_SB": 540, "Optimistic Scavenger_SB": 1897, "Explosive Derailment_SB": 856, "Memory Guardian": 1714, "Mendicant Core, Guidelight": 1715, "Diversion Unit_SB": 685, "Greasewrench Goblin": 1166, "Agonasaur Rex": 30, "Sandstalker Moloch_SB": 2283, "Howlsquad Heavy": 1329, "Diversion Unit": 684, "Esoteric Duplicator": 826, "Riptide Gearhulk": 2212, "Voyage Home": 3083, "Monument to Endurance_SB": 1787, "Mu Yanling, Wind Rider": 1799, "The Aetherspark": 2711, "Gastal Thrillroller": 1054, "Mishra's Command": 1751, "Conduit of Worlds_SB": 506, "Tomik, Wielder of Law_SB": 2854, "Gastal Thrillseeker": 1056, "The Last Ride": 2740, "Ancient Vendetta_SB": 61, "The Speed Demon_SB": 2759, "Defend the Rider_SB": 624, "Lumbering Worldwagon": 1642, "Restless Anchorage_SB": 2185, "Mindspring Merfolk": 1735, "Overrun": 1934, "Demonic Junker": 639, "Nexus of Becoming": 1830, "Engine Rat": 804, "Gonti, Night Minister": 1151, "Teysa, Opulent Oligarch": 2708, "Gumdrop Poisoner": 1197, "Say Its Name_SB": 2304, "Spectral Interference_SB": 2507, "Muraganda Raceway": 1804, "Ratadrabik of Urborg": 2115, "Zephyr Singer_SB": 3184, "Spectacular Pileup_SB": 2504, "Full Throttle_SB": 1029, "Loot, the Key to Everything_SB": 1626, "Loot, the Pathfinder_SB": 1628, "Painful Quandary_SB": 1944, "Lassoed by the Law_SB": 1547, "Ride's End_SB": 2208, "Thalia and The Gitrog Monster_SB": 2710, "Zahur, Glory's Past": 3181, "Spring-Loaded Sawblades_SB": 2541, "Unstable Glyphbridge_SB": 2958, "Urza's Command_SB": 2983, "Dive Down": 682, "Basri, Tomorrow's Champion": 184, "Skyseer's Chariot_SB": 2452, "Third Path Iconoclast_SB": 2775, "Far Fortune, End Boss": 894, "Coalstoke Gearhulk_SB": 477, "Leaf-Crowned Visionary_SB": 1560, "Mossborn Hydra_SB": 1793, "Overrun_SB": 1935, "Wardens of the Cycle_SB": 3105, "Ancient Vendetta": 60, "Sword of Forge and Frontier_SB": 2647, "Locust Spray": 1616, "Blast Zone_SB": 223, "Become Brutes": 193, "The Elder Dragon War_SB": 2719, "Veteran Survivor": 3036, "Dropkick Bomber": 729, "Kellan, Inquisitive Prodigy_SB": 1491, "Caradora, Heart of Alacria": 377, "Skyseer's Chariot": 2451, "Valor's Flagship": 3006, "Veteran Beastrider": 3035, "Quag Feast_SB": 2069, "Invasion of Regatha_SB": 1410, "Regal Imperiosaur": 2160, "The Skullspore Nexus": 2756, "Intrepid Paleontologist_SB": 1395, "Ketramose, the New Dawn_SB": 1498, "Bringer of the Last Gift": 319, "Skitterbeam Battalion": 2436, "Terisian Mindbreaker": 2700, "Tyrox, Saurid Tyrant": 2909, "Voyager Glidecar_SB": 3085, "Thopter Fabricator_SB": 2781, "Gastal Raider_SB": 1053, "Fuel the Flames": 1025, "Skycrash": 2446, "Essence Channeler_SB": 828, "Rampaging Raptor": 2107, "Agonasaur Rex_SB": 31, "Shoreline Looter": 2407, "Engine Rat_SB": 805, "Jodah, the Unifier_SB": 1448, "Lunar Insight": 1649, "Coalstoke Gearhulk": 476, "Visage Bandit": 3059, "Waxen Shapethief": 3114, "Dune Drifter": 737, "Threadbind Clique": 2800, "Twining Twins": 2901, "Boommobile": 269, "Forging the Anchor": 1002, "Radiant Lotus": 2082, "The Mightstone and Weakstone_SB": 2745, "Goldvein Hydra_SB": 1146, "Boommobile_SB": 270, "Radiant Lotus_SB": 2083, "Bloodthorn Flail": 248, "Flamewake Phoenix": 969, "Cryptcaller Chariot_SB": 558, "Spiteful Hexmage_SB": 2531, "Riptide Gearhulk_SB": 2213, "Riverchurn Monument_SB": 2224, "Volley Veteran": 3077, "Thopter Fabricator": 2780, "Clamorous Ironclad": 466, "Furnace Host Charger": 1035, "Alania, Divergent Storm": 42, "Frolicking Familiar": 1020, "Wishing Well": 3149, "Resplendent Angel_SB": 2180, "Cephalopod Sentry": 419, "Tinker's Tote": 2828, "Haunt the Network": 1232, "Sorcerous Spyglass": 2482, "Demonic Junker_SB": 640, "Redshift, Rocketeer Chief": 2152, "Halana and Alena, Partners_SB": 1203, "Valor's Flagship_SB": 3007, "Tocasia's Welcome_SB": 2847, "Stall Out": 2553, "Stall Out_SB": 2554, "Gloryheath Lynx": 1126, "Sovereign Okinec Ahau": 2500, "The Raven Man": 2751, "The Raven Man_SB": 2752, "Boom Box": 268, "Broadcast Rambler": 324, "Conduit of Worlds": 505, "Possession Engine": 2032, "Broodheart Engine": 327, "Bat Colony": 185, "Calamitous Cave-In": 357, "Gargantuan Leech": 1046, "Hidden Volcano": 1293, "Promising Vein": 2051, "Marketback Walker": 1692, "Sab-Sunen, Luxa Embodied": 2273, "Simian Simulacrum": 2424, "Sylvan Scavenging": 2653, "Bulwark Ox": 339, "Reluctant Role Model": 2166, "Reluctant Role Model_SB": 2167, "The Goose Mother": 2729, "Leyline Binding_SB": 1574, "Mold Adder_SB": 1765, "Marketback Walker_SB": 1693, "Burnout Bashtronaut_SB": 346, "Gastal Raider": 1052, "Oviya, Automech Artisan": 1940, "Daretti, Rocketeer Engineer": 583, "Threefold Thunderhulk": 2809, "Tune Up": 2891, "Meteor Golem_SB": 1719, "Market Gnome_SB": 1691, "The Skullspore Nexus_SB": 2757, "Cosmium Confluence": 537, "Festival of Embers": 947, "Hidden Nursery": 1292, "Skycrash_SB": 2447, "Nexus of Becoming_SB": 1831, "Akal Pakal, First Among Equals_SB": 40, "Collector's Vault_SB": 489, "Thran Spider_SB": 2797, "Sab-Sunen, Luxa Embodied_SB": 2274, "Earthrumbler": 752, "Deepfathom Echo": 618, "Forensic Researcher": 999, "Oko, the Ringleader": 1884, "Chitin Gravestalker": 446, "Starving Revenant_SB": 2559, "Steamcore Scholar_SB": 2566, "Ojer Pakpatiq, Deepest Epoch_SB": 1883, "Lavaspur Boots_SB": 1554, "Thunderous Velocipede_SB": 2822, "Fear of Infinity_SB": 910, "Stock Up_SB": 2578, "Dredger's Insight_SB": 727, "Fauna Shaman_SB": 899, "Barrow Naughty": 178, "Drag the Canal": 704, "Faerie Slumber Party": 883, "Mocking Sprite": 1761, "Spellscorn Coven": 2516, "Talion's Messenger": 2667, "Sunder the Gateway": 2611, "Akal Pakal, First Among Equals": 39, "Forensic Gadgeteer": 997, "Deduce_SB": 615, "Wreck Remover_SB": 3164, "Coerced to Kill": 479, "Etrata, Deadly Fugitive": 839, "Unstoppable Plan_SB": 2959, "Hoarding Broodlord": 1310, "Shadow-Rite Priest": 2378, "Training Grounds": 2866, "Nahiri's Warcrafting_SB": 1815, "Baral and Kari Zev": 173, "Enigma Drake": 807, "Eroded Canyon": 818, "Brightfield Glider": 313, "Congregation Gryff": 508, "Giant Beaver": 1084, "Lagorin, Soul of Alacria": 1543, "Miriam, Herd Whisperer": 1740, "Ornery Tumblewagg": 1902, "Trained Arynx": 2865, "Run Over_SB": 2259, "Reject Imperfection_SB": 2163, "Vivisurgeon's Insight_SB": 3065, "Night Market": 1833, "Stockpiling Celebrant": 2580, "Carrion Locust_SB": 382, "Skullcap Snail_SB": 2443, "Stockpiling Celebrant_SB": 2581, "Overwhelming Remorse_SB": 1937, "Brave the Wilds": 299, "Fountainport Bell": 1012, "Guidelight Optimizer": 1195, "Oaken Siren": 1864, "Machine Over Matter_SB": 1659, "Armored Scrapgorger": 114, "Spinewoods Paladin": 2525, "Malcator, Purity Overseer": 1674, "Phyrexian Missionary_SB": 1990, "Tranquil Cove_SB": 2868, "Crumb and Get It_SB": 555, "Exsanguinate_SB": 859, "Exsanguinate": 858, "Flame Lash": 966, "Syr Ginger, the Meal Ender_SB": 2657, "Legion Extruder_SB": 1564, "Blightstep Pathway": 231, "Claim // Fame": 461, "Infuriate": 1366, "Kumano Faces Kakkazan": 1537, "Ramunap Ruins": 2109, "Reckless Rage": 2142, "Claim the Firstborn_SB": 465, "Fatal Push_SB": 897, "Grafdigger's Cage_SB": 1157, "Hazoret the Fervent_SB": 1242, "Bloodtithe Harvester": 249, "Extinction Event": 860, "Mutavault": 1809, "Urborg, Tomb of Yawgmoth": 2979, "Anger of the Gods_SB": 65, "Extinction Event_SB": 861, "Gifted Aetherborn_SB": 1089, "Invoke Despair_SB": 1418, "Unlicensed Hearse_SB": 2948, "Castle Locthwain": 397, "Clearwater Pathway": 470, "Field of Ruin": 949, "Geier Reach Sanitarium": 1058, "Hall of Storm Giants": 1204, "Hive of the Eye Tyrant": 1309, "Narset, Parter of Veils": 1816, "Omen of the Sea": 1888, "Paradoxical Outcome": 1951, "Shipwreck Marsh": 2398, "Takenuma, Abandoned Mire": 2666, "The Meathook Massacre": 2742, "Annul_SB": 74, "Ashiok, Dream Render_SB": 118, "Weathered Runestone_SB": 3119, "Yorion, Sky Nomad_SB": 3177, "Blade of the Oni": 216, "Go Blank_SB": 1130, "Hidetsugu Consumes All_SB": 1295, "Fetid Pools": 948, "Yorion, Sky Nomad": 3176, "Arclight Phoenix": 103, "Fiery Impulse": 955, "Izzet Charm": 1431, "Lightning Axe": 1588, "Prismari Command": 2042, "Spikefield Hazard": 2522, "Stormcarved Coast": 2588, "Treasure Cruise": 2877, "Aether Gust_SB": 20, "Ledger Shredder": 1562, "Riverglide Pathway": 2225, "Brazen Borrower_SB": 301, "Prismari Command_SB": 2043, "Cragcrown Pathway": 544, "Soul-Scar Mage": 2491, "Redcap Melee_SB": 2150, "Cavalier of Thorns": 407, "Elvish Mystic": 786, "Kiora, Behemoth Beckoner": 1501, "Lair of the Hydra": 1544, "Leyline of the Guildpact": 1580, "Nykthos, Shrine to Nyx": 1863, "Oath of Nissa": 1866, "Old-Growth Troll": 1886, "Storm the Festival": 2587, "Ulvenwald Oddity": 2919, "Arasta of the Endless Web_SB": 84, "Emrakul, the Promised End_SB": 792, "Setessan Petitioner_SB": 2377, "Ashiok, Nightmare Muse_SB": 119, "Bishop of Wings": 207, "Branchloft Pathway": 296, "Cave of the Frost Dragon": 408, "Collected Company": 482, "Eiganjo, Seat of the Empire": 765, "Overgrown Farmland": 1919, "Portable Hole": 2026, "Resplendent Marshal": 2181, "Righteous Valkyrie": 2210, "Skyclave Apparition": 2445, "Temple Garden": 2685, "Archon of Absolution_SB": 100, "Brave the Elements_SB": 298, "Brutal Cathar_SB": 334, "Heroic Intervention_SB": 1283, "Reidane, God of the Worthy_SB": 2161, "Shapers' Sanctuary_SB": 2381, "Darksteel Citadel": 587, "Ensoul Artifact": 810, "Shrapnel Blast": 2410, "Smuggler's Copter": 2469, "Voldaren Epicure": 3074, "Rending Volley_SB": 2170, "Shadowspear_SB": 2379, "Voltage Surge_SB": 3078, "Krenko's Buzzcrusher": 1532, "Foreboding Ruins": 996, "Invoke Despair": 1417, "Kroxa, Titan of Death's Hunger": 1536, "Kolaghan's Command_SB": 1522, "Collective Brutality": 483, "Faithful Mending": 884, "Greasefang, Okiba Boss": 1165, "Hallowed Fountain": 1206, "Parhelion II": 1953, "Raffine's Tower": 2085, "Shattered Sanctum": 2385, "Skysovereign, Consul Flagship": 2453, "Stubborn Denial": 2601, "Tainted Indulgence": 2661, "Vanishing Verse": 3017, "Deafening Silence_SB": 606, "Dovin's Veto_SB": 701, "Silence_SB": 2417, "Vanishing Verse_SB": 3018, "Breeding Pool": 310, "Enigmatic Incarnation": 808, "Indatha Triome": 1360, "Linvala, the Preserver": 1601, "Overgrown Tomb": 1920, "Savai Triome": 2296, "Spara's Headquarters": 2501, "Zagoth Triome": 3180, "Archon of Emeria_SB": 102, "Knockout Blow_SB": 1518, "Ruric Thar, the Unbowed_SB": 2265, "Thought Distortion_SB": 2786, "Cauldron Familiar": 403, "Claim the Firstborn": 464, "Deadly Dispute": 604, "Mayhem Devil": 1701, "Witch's Oven": 3152, "Ob Nixilis, the Adversary_SB": 1868, "Experimental Frenzy_SB": 853, "Bonecrusher Giant": 262, "Burning-Tree Emissary": 344, "Chandra, Torch of Defiance": 431, "Collision // Colossus": 490, "Gruul Spellbreaker": 1189, "Kami's Flare": 1469, "Pelt Collector": 1966, "Voltaic Brawler": 3079, "Zhur-Taa Goblin": 3186, "Bonecrusher Giant_SB": 263, "Chandra, Torch of Defiance_SB": 432, "Cindervines_SB": 456, "Kami's Flare_SB": 1470, "Roiling Vortex_SB": 2241, "Burner Rocket": 342, "Cloudspire Skycycle": 475, "Dynamite Diver": 751, "Guidelight Synergist": 1196, "Kolodin, Triumph Caster": 1523, "Count on Luck": 539, "Frenzied Goblin": 1016, "Doubling Season_SB": 699, "Fanatical Firebrand_SB": 892, "Howlsquad Heavy_SB": 1330, "Reckless Lackey_SB": 2141, "Rundvelt Hordemaster_SB": 2261, "District Mascot": 678, "Shivan Devastator": 2399, "Zimone, Paradox Sculptor": 3188, "Tyvar, the Pummeler_SB": 2918, "Zopandrel, Hunger Dominus_SB": 3192, "Aurelia, the Warleader": 142, "Gilded Ghoda": 1092, "Haunted Ridge": 1235, "Colossus Hammer": 495, "Eldritch Evolution": 768, "Mana Confluence": 1680, "Raffine's Informant": 2084, "Sigarda's Aid": 2415, "Soulflayer": 2493, "Sylvan Caryatid": 2652, "Bloodline Culling_SB": 244, "Collective Brutality_SB": 484, "Portable Hole_SB": 2027, "Barrier Breach_SB": 177, "Leyline of Sanctity_SB": 1578, "Dawnwing Marshal": 591, "Fear of Infinity": 909, "Furnace Punisher_SB": 1036, "Laughing Jasper Flint_SB": 1551, "Rocky Roads": 2236, "Lumbering Worldwagon_SB": 1643, "Cosmic Rebirth_SB": 536, "Goblin Oriflamme": 1138, "Drake Hatcher_SB": 715, "Eddymurk Crab_SB": 759, "Mondrak, Glory Dominus_SB": 1781, "Spectral Interference": 2506, "Mimeoplasm, Revered One": 1732, "Map the Frontier": 1684, "No Witnesses_SB": 1849, "Devouring Sugarmaw": 657, "Amalia Benavides Aguirre_SB": 49, "Elas il-Kor, Sadistic Pilgrim_SB": 767, "Fiendish Panda_SB": 951, "Knight of Dawn's Light_SB": 1511, "Become Brutes_SB": 194, "Cindering Cutthroat_SB": 455, "Ravine Raider_SB": 2123, "Risky Shortcut_SB": 2215, "Spin Out_SB": 2523, "Steampath Charger_SB": 2567, "Etched Familiar": 836, "Winter, Cursed Rider": 3144, "Radiant Grove": 2081, "Streetwise Negotiator_SB": 2595, "Divine Resilience": 686, "Greenhouse // Rickety Gazebo": 1175, "Mirror Room // Fractured Realm": 1745, "Silken Strength": 2420, "Herd Migration_SB": 1278, "Armored Armadillo_SB": 112, "Gixian Infiltrator_SB": 1105, "Kykar, Zephyr Awakener": 1542, "Realm-Scorcher Hellkite": 2132, "Sentinel of Lost Lore_SB": 2369, "Spyglass Siren_SB": 2544, "Lathril, Blade of the Elves_SB": 1549, "The Huntsman's Redemption_SB": 2732, "Gloryheath Lynx_SB": 1127, "Threefold Thunderhulk_SB": 2810, "Primeval Bounty": 2039, "Cryptcaller Chariot": 557, "Gigantosaurus": 1090, "Llanowar Stalker": 1614, "Ghalta, Primal Hunger_SB": 1074, "Gigantosaurus_SB": 1091, "Disenchant": 666, "Captain Howler, Sea Scourge_SB": 374, "Thirsting Roots": 2776, "Mindsparker_SB": 1733, "Cursed Recording_SB": 572, "Steel Hellkite_SB": 2568, "Meeting of Minds": 1710, "Rangers' Refueler": 2110, "Karn, Living Legacy_SB": 1473, "The Everflowing Well": 2725, "The Stasis Coffin": 2760, "Kellan Joins Up": 1487, "Ovika, Enigma Goliath_SB": 1939, "Quaketusk Boar": 2070, "Leaping Ambush": 1561, "Bestow Greatness_SB": 198, "Raucous Theater_SB": 2121, "Flowstone Infusion_SB": 990, "Alesha, Who Laughs at Fate_SB": 44, "Lazav, Wearer of Faces_SB": 1558, "Harmless Offering_SB": 1223, "Return Triumphant": 2203, "Souls of the Lost_SB": 2496, "Slickshot Lockpicker_SB": 2463, "Flashfreeze": 972, "Synchronized Charge": 2655, "Heritage Reclamation_SB": 1280, "Magmatic Hellkite_SB": 1665, "Interface Ace": 1384, "Sunpearl Kirin": 2617, "Elspeth, Storm Slayer": 780, "Cori Mountain Monastery": 522, "Dispelling Exhale": 672, "Jeskai Revelation": 1441, "Marang River Regent": 1685, "Shiko, Paragon of the Way": 2396, "Rally the Monastery": 2105, "Surrak, Elusive Hunter": 2635, "Surrak, Elusive Hunter_SB": 2636, "Cori-Steel Cutter": 523, "Jeskai Revelation_SB": 1442, "Voice of Victory_SB": 3069, "Herd Heirloom": 1276, "Sage of the Skies_SB": 2277, "Elspeth, Storm Slayer_SB": 781, "United Battlefront": 2947, "Sandsteppe Citadel": 2284, "Skirmish Rhino": 2435, "Desperate Measures": 651, "Rot-Curse Rakshasa": 2246, "Winternight Stories": 3145, "Tersa Lightshatter": 2706, "Glacial Dragonhunt": 1107, "Auroral Procession": 143, "Opulent Palace": 1898, "Rakshasa's Bargain": 2100, "Mistrise Village": 1757, "Tersa Lightshatter_SB": 2707, "Roiling Dragonstorm": 2240, "Gilded Lotus_SB": 1093, "Static Snare": 2562, "Tempest Hawk": 2684, "Frontline Rush": 1023, "Cori-Steel Cutter_SB": 524, "Rediscover the Way": 2151, "Kishla Village": 1504, "Restless Vents_SB": 2199, "Dalkovan Encampment": 581, "Fresh Start_SB": 1018, "Mystic Monastery": 1812, "Frostcliff Siege": 1024, "Duty Beyond Death_SB": 745, "Frontier Bivouac": 1021, "Two-Headed Hunter_SB": 2907, "Qarsi Revenant_SB": 2067, "Caustic Exhale": 406, "Disruptive Stormbrood": 673, "Dragonologist": 713, "Scavenger Regent": 2314, "Scavenger Regent_SB": 2315, "Qarsi Revenant": 2066, "Spectral Denial": 2505, "Overwhelming Surge_SB": 1938, "Wild Ride": 3131, "Fleeting Effigy": 974, "Corroding Dragonstorm": 527, "Voice of Victory": 3068, "Clarion Conqueror_SB": 467, "Bleachbone Verge_SB": 229, "Sage of the Skies": 2276, "Heritage Reclamation": 1279, "Unscrupulous Agent": 2954, "Craterhoof Behemoth": 546, "Rakshasa's Bargain_SB": 2101, "Helga, Skittish Seer": 1261, "Helga, Skittish Seer_SB": 1262, "Mistrise Village_SB": 1758, "Unending Whisper": 2936, "Harried Spearguard": 1224, "Toxin Analysis_SB": 2864, "Case of the Pilfered Proof": 392, "Coordinated Maneuver_SB": 517, "Winternight Stories_SB": 3146}}