{"vocabulary": {"Analyze the Pollen": 56, "Botanical Sanctum": 283, "Brave the Wilds": 302, "Bushwhack": 353, "Cache Grab": 355, "Eddymurk Crab": 755, "Forest": 996, "Get Out": 1060, "Hedge Maze": 1251, "Into the Flood Maw": 1379, "Island": 1417, "Sleight of Hand": 2441, "Stormchaser's Talent": 2572, "This Town Ain't Big Enough": 2757, "Tolarian Terror": 2828, "Up the Beanstalk": 2946, "Yavimaya Coast": 3152, "Lithomantic Barrage_SB": 1597, "Mountain_SB": 1787, "Negate_SB": 1812, "Pick Your Poison_SB": 1990, "Pyroclasm_SB": 2059, "Three Steps Ahead_SB": 2784, "Blackcleave Cliffs": 217, "Blazemire Verge": 227, "Bloodletter of Aclazotz": 244, "Go for the Throat": 1125, "Grievous Wound": 1173, "Hired Claw": 1297, "Iridescent Vinelasher": 1413, "Mountain": 1786, "Ob Nixilis, Captive Kingpin": 1857, "Raucous Theater": 2110, "Razorkin Needlehead": 2114, "Screaming Nemesis": 2314, "Sulfurous Springs": 2588, "Swamp": 2619, "Unstoppable Slasher": 2937, "Vial Smasher, Gleeful Grenadier": 3019, "Aclazotz, Deepest Betrayal": 11, "Bitter Triumph": 214, "Chainsaw": 425, "Cut Down": 574, "Deep-Cavern Bat": 614, "Fabled Passage": 867, "Overlord of the Boilerbilges": 1915, "Restless Vents": 2188, "Sheoldred, the Apocalypse": 2375, "Virtue of Persistence": 3036, "Brotherhood's End_SB": 334, "Duress_SB": 736, "Ghost Vacuum_SB": 1074, "Withering Torment_SB": 3135, "Archangel Elspeth": 91, "Beza, the Bounding Spring": 203, "Caretaker's Talent": 382, "Carrot Cake": 387, "Demolition Field": 633, "Enduring Innocence": 794, "Fountainport": 1007, "Get Lost": 1058, "Lay Down Arms": 1546, "Mirrex": 1734, "Plains": 2004, "Sanguine Evangelist": 2272, "Sunfall": 2596, "The Eternal Wanderer": 2701, "Virtue of Loyalty": 3034, "Elspeth's Smite_SB": 777, "Exorcise_SB": 843, "Loran of the Third Path_SB": 1622, "Rest in Peace_SB": 2173, "Season of the Burrow_SB": 2335, "Serra Paragon_SB": 2356, "Split Up_SB": 2516, "Temporary Lockdown_SB": 2677, "Case of the Stashed Skeleton": 397, "Corpses of the Lost": 524, "Duress": 735, "Forsaken Miner": 1001, "Gisa, the Hellraiser": 1089, "Gix, Yawgmoth Praetor": 1097, "Mudflat Village": 1790, "Tinybones, the Pickpocket": 2811, "Liliana of the Veil_SB": 1589, "Nowhere to Run_SB": 1849, "Sheoldred, the Apocalypse_SB": 2376, "Cavern of Souls": 411, "Fireglass Mentor": 962, "Flamecache Gecko": 966, "Gev, Scaled Scorch": 1064, "Laughing Jasper Flint": 1541, "Scales of Shale": 2293, "Thought-Stalker Warlock": 2767, "Bitter Triumph_SB": 215, "Glistening Deluge_SB": 1117, "Scales of Shale_SB": 2294, "Thought-Stalker Warlock_SB": 2768, "Urabrask's Forge_SB": 2950, "Adarkar Wastes": 15, "Battlefield Forge": 188, "Case of the Gateway Express": 392, "Gleeful Demolition": 1111, "Imodane's Recruiter": 1340, "Inspiring Vantage": 1373, "Knight-Errant of Eos": 1507, "Novice Inspector": 1847, "Resolute Reinforcements": 2168, "Seachrome Coast": 2321, "Shivan Reef": 2382, "Spirebluff Canal": 2509, "Spyglass Siren": 2524, "Warden of the Inner Sky": 3083, "Warleader's Call": 3088, "Yotian Frontliner": 3157, "Destroy Evil_SB": 650, "Get Lost_SB": 1059, "Protect the Negotiators_SB": 2049, "Tectonic Hazard_SB": 2661, "Torch the Tower_SB": 2835, "Witchstalker Frenzy_SB": 3133, "Caves of Koilos": 414, "Concealed Courtyard": 505, "Legions to Ashes": 1557, "Liliana of the Veil": 1588, "Loran of the Third Path": 1621, "Preacher of the Schism": 2029, "Restless Fortress": 2180, "Season of the Burrow": 2334, "Shadowy Backstreet": 2363, "Sheoldred's Edict": 2373, "Temporary Lockdown": 2676, "Zoraline, Cosmos Caller": 3172, "Cruelclaw's Heist_SB": 550, "Kaya, Intangible Slayer_SB": 1469, "Sheoldred's Edict_SB": 2374, "Sunfall_SB": 2597, "Cacophony Scamp": 357, "Copperline Gorge": 523, "Emberheart Challenger": 785, "Heartfire Hero": 1242, "Karplusan Forest": 1465, "Leyline of Resonance": 1568, "Might of the Meek": 1719, "Monastery Swiftspear": 1769, "Monstrous Rage": 1774, "Picnic Ruiner": 1992, "Snakeskin Veil": 2454, "Thornspire Verge": 2762, "Turn Inside Out": 2874, "Witch's Mark": 3129, "Obliterating Bolt_SB": 1860, "Pawpatch Formation_SB": 1949, "Twisted Fealty_SB": 2883, "Entity Tracker": 809, "Ethereal Armor": 833, "Fae Flight": 870, "Floodfarm Verge": 977, "Gremlin Tamer": 1170, "Inquisitive Glimmer": 1362, "Optimistic Scavenger": 1886, "Ossification": 1895, "Shardmage's Rescue": 2365, "Sheltered by Ghosts": 2370, "Kitnap_SB": 1498, "Ossification_SB": 1896, "Anoint with Affliction": 76, "Archfiend of the Dross": 99, "Blooming Marsh": 254, "Cruelclaw's Heist": 549, "Gix's Command": 1095, "Glissa Sunslayer": 1115, "Harvester of Misery": 1220, "Llanowar Wastes": 1607, "Mosswood Dreadknight": 1784, "Pillage the Bog": 1998, "Restless Cottage": 2178, "Tranquil Frillback": 2848, "Underground Mortuary": 2908, "Harvester of Misery_SB": 1221, "Nissa, Ascended Animist_SB": 1831, "The Cruelty of Gix_SB": 2694, "Tranquil Frillback_SB": 2849, "Elegant Parlor": 767, "Parting Gust": 1944, "Sunken Citadel": 2599, "Boon-Bringer Valkyrie_SB": 275, "Imodane's Recruiter_SB": 1341, "Not on My Watch_SB": 1846, "The Eternal Wanderer_SB": 2702, "Slickshot Show-Off": 2445, "Torch the Tower": 2834, "Archangel of Wrath": 95, "Atraxa, Grand Unifier": 138, "Herd Migration": 1268, "Hushwood Verge": 1329, "Leyline Binding": 1564, "Lush Portico": 1644, "Meticulous Archive": 1711, "Overlord of the Hauntwoods": 1919, "Overlord of the Mistmoors": 1921, "Cease // Desist_SB": 416, "Invasion of Tolvada_SB": 1407, "Jace, the Perfected Mind_SB": 1429, "Tishana's Tidebinder_SB": 2815, "Manifold Mouse": 1674, "Scorching Shot_SB": 2305, "Unholy Annex && Ritual Chamber": 2916, "Beza, the Bounding Spring_SB": 204, "Hostile Investigator_SB": 1318, "Legions to Ashes_SB": 1558, "Caustic Bronco": 407, "Gix's Command_SB": 1096, "Darkslick Shores": 582, "Disfigure": 665, "Enduring Curiosity": 792, "Ertai Resurrected": 817, "Faerie Mastermind": 877, "Phantom Interference": 1968, "Plumecreed Escort": 2010, "Restless Reef": 2182, "Three Steps Ahead": 2783, "Tishana's Tidebinder": 2814, "Underground River": 2909, "Aclazotz, Deepest Betrayal_SB": 12, "Disdainful Stroke_SB": 662, "Ertai Resurrected_SB": 818, "Malicious Eclipse_SB": 1671, "Mishra's Foundry": 1745, "Phyrexian Fleshgorger": 1980, "Rush of Dread": 2253, "Cut Down_SB": 575, "Unholy Annex && Ritual Chamber_SB": 2917, "Deduce": 612, "Elspeth's Smite": 776, "No More Lies": 1834, "Restless Anchorage": 2174, "Split Up": 2515, "Chrome Host Seedshark_SB": 452, "Gloomlake Verge": 1119, "Shoot the Sheriff": 2385, "Disfigure_SB": 666, "Preacher of the Schism_SB": 2030, "Jace, the Perfected Mind": 1428, "Spelunking": 2498, "Doppelgang_SB": 692, "Market Gnome": 1681, "Regal Bunnicorn": 2145, "The Wandering Rescuer": 2747, "Thran Portal": 2774, "Zephyr Singer": 3162, "Lightning Helix_SB": 1583, "Requisition Raid_SB": 2167, "Invasion of Tolvada": 1406, "Kaya, Intangible Slayer": 1468, "Undercity Sewers": 2907, "Zur, Eternal Schemer": 3176, "Archangel of Wrath_SB": 96, "Zur, Eternal Schemer_SB": 3177, "Honest Rutstein": 1307, "Inti, Seneschal of the Sun": 1374, "Marchesa, Dealer of Death": 1680, "Nashi, Searcher in the Dark": 1807, "Nowhere to Run": 1848, "Plaza of Heroes": 2009, "Relic of Legends": 2153, "Rona, Herald of Invasion": 2232, "Tinybones Joins Up": 2808, "Abhorrent Oculus": 1, "Chart a Course": 442, "Haughty Djinn": 1223, "Helping Hand": 1261, "Moment of Truth": 1764, "Picklock Prankster": 1991, "Recommission": 2135, "Soul Partition": 2466, "Doorkeeper Thrull_SB": 690, "Kutzil's Flanker_SB": 1530, "Monastery Mentor_SB": 1768, "Soul Partition_SB": 2467, "Enduring Innocence_SB": 795, "Goddric, Cloaked Reveler": 1136, "Lightning Strike": 1584, "Obliterating Bolt": 1859, "Rockface Village": 2223, "Shock": 2383, "Squee, Dubious Monarch": 2526, "Witchstalker Frenzy": 3132, "Case of the Crimson Pulse_SB": 390, "Anoint with Affliction_SB": 77, "Betrayer's Bargain": 201, "Royal Treatment": 2238, "Betrayer's Bargain_SB": 202, "Snakeskin Veil_SB": 2455, "Painter's Studio && Defaced Gallery": 1935, "Sunder the Gateway_SB": 2595, "Deadly Cover-Up": 600, "Heaped Harvest": 1240, "Breach the Multiverse_SB": 307, "Obstinate Baloth_SB": 1864, "Freestrider Lookout": 1010, "Ghost Vacuum": 1073, "Overlord of the Balemurk": 1913, "Tear Asunder_SB": 2659, "Azure Beastbinder": 156, "Innkeeper's Talent": 1359, "Questing Druid": 2064, "Restless Ridgeline": 2184, "Flowerfoot Swordmaster": 984, "Loran's Escape": 1623, "Mabel, Heir to Cragflame": 1648, "Rabid Gnaw": 2071, "Valley Questcaller": 2981, "Nettle Guard_SB": 1817, "Seedglaive Mentor_SB": 2342, "Toby, Beastie Befriender": 2823, "Archangel Elspeth_SB": 92, "Altanak, the Thrice-Called": 48, "Commercial District": 501, "Fear of Missing Out": 912, "Patchwork Beastie": 1947, "Say Its Name": 2287, "The Rollercrusher Ride": 2732, "Torch the Witness": 2836, "Valgavoth's Lair": 2970, "Wildfire Wickerfolk": 3116, "Balustrade Wurm_SB": 168, "Haywire Mite_SB": 1232, "Kaito, Bane of Nightmares_SB": 1451, "Leyline of the Void_SB": 1574, "Mockingbird": 1752, "Splitskin Doll": 2517, "Steel Seraph": 2549, "Subterranean Schooner": 2585, "Unidentified Hovership": 2920, "Zoetic Glyph": 3168, "Glass Casket_SB": 1105, "Floodpits Drowner": 978, "Kaito, Bane of Nightmares": 1450, "Builder's Talent": 339, "Idyllic Beachfront": 1336, "Serra Paragon": 2355, "Monastery Mentor": 1767, "Dusk Rose Reliquary": 738, "High Noon": 1289, "Lightning Helix": 1582, "Urabrask's Forge": 2949, "Elesh Norn, Mother of Machines_SB": 773, "High Noon_SB": 1290, "Callous Sell-Sword": 366, "Felonious Rage": 939, "Emberheart Challenger_SB": 786, "Screaming Nemesis_SB": 2315, "Balustrade Wurm": 167, "Wrenn and Realmbreaker": 3144, "Ojer Kaslem, Deepest Growth": 1871, "Vraska, Betrayal's Sting": 3069, "Restless Cottage_SB": 2179, "Braids, Arisen Nightmare": 294, "Clockwork Percussionist": 475, "Disturbing Mirth": 676, "Final Vengeance": 958, "Greedy Freebooter": 1165, "Hopeless Nightmare": 1311, "Rottenmouth Viper": 2234, "Spiteful Hexmage": 2511, "Undead Sprinter": 2904, "Tithing Blade_SB": 2821, "Undead Sprinter_SB": 2905, "Restless Bivouac": 2176, "Break the Spell_SB": 311, "Dewdrop Cure_SB": 657, "Shardmage's Rescue_SB": 2366, "Sheltered by Ghosts_SB": 2371, "Valley Flamecaller": 2977, "Long Goodbye": 1611, "Overlord of the Balemurk_SB": 1914, "Torpor Orb_SB": 2839, "Elusive Otter": 778, "Otterball Antics": 1899, "Pearl of Wisdom": 1952, "Stormcatch Mentor": 2571, "Wrenn's Resolve": 3147, "Ral, Crackling Wit_SB": 2095, "Exorcise": 842, "Binding Negotiation_SB": 207, "Meathook Massacre II": 1698, "Sentinel of the Nameless City": 2352, "Choking Miasma_SB": 450, "The End_SB": 2699, "Brushland": 336, "Abrade_SB": 4, "Bonehoard Dracosaur_SB": 268, "Invasion of Gobakhan_SB": 1393, "Tear Asunder": 2658, "Fortified Beachhead": 1002, "Harbin, Vanguard Aviator": 1207, "Nurturing Pixie": 1851, "Recruitment Officer": 2137, "Werefox Bodyguard": 3105, "Zephyr Sentinel": 3161, "Aven Interrupter_SB": 149, "Sheoldred_SB": 2377, "Cryptic Coat": 556, "Withering Torment": 3134, "Audacity": 140, "Break Out": 309, "Evolving Adaptive": 838, "Omnivorous Flytrap": 1881, "Stubborn Burrowfiend": 2583, "Fell_SB": 937, "Phyrexian Arena_SB": 1975, "Soul-Guide Lantern_SB": 2472, "Ancient Cornucopia": 60, "Bonny Pall, Clearcutter": 269, "Glarb, Calamity's Augur": 1102, "Smuggler's Surprise": 2452, "Thornvault Forager": 2763, "Urgent Necropsy": 2957, "Vaultborn Tyrant": 2998, "Deadly Cover-Up_SB": 601, "Urgent Necropsy_SB": 2958, "Pawpatch Recruit": 1950, "Hunter's Talent_SB": 1327, "Trial of Agony_SB": 2861, "Wrenn and Realmbreaker_SB": 3145, "Doomsday Excruciator": 688, "Drag the Canal": 700, "Intrude on the Mind": 1385, "Malicious Eclipse": 1670, "Malcolm, Alluring Scoundrel": 1667, "Vren, the Relentless_SB": 3073, "Don't Make a Sound": 687, "Essence Scatter": 825, "Silent Hallcreeper": 2400, "Jaya, Fiery Negotiator_SB": 1433, "Koth, Fire of Resistance_SB": 1519, "Scorching Dragonfire_SB": 2303, "Sazacap's Brew": 2289, "Wear Down_SB": 3100, "Fortune, Loyal Steed": 1003, "Frontier Seeker": 1016, "Sorcerous Spyglass_SB": 2465, "Calamity, Galloping Inferno": 362, "Outcaster Trailblazer": 1903, "Pyroclasm": 2058, "Spinewoods Armadillo": 2505, "Terror of the Peaks": 2685, "Defiled Crypt // Cadaver Lab": 627, "Pitiless Carnage": 2001, "Popular Egotist": 2020, "Caustic Bronco_SB": 408, "Go for the Throat_SB": 1126, "Demonic Ruckus": 641, "Charming Scoundrel": 440, "Jaya, Fiery Negotiator": 1432, "Sunspine Lynx_SB": 2604, "Faerie Dreamthief": 874, "Faerie Fencing": 875, "Obyra, Dreaming Duelist": 1865, "Sleep-Cursed Faerie": 2440, "Spell Stutter": 2493, "Ego Drain_SB": 760, "Squee, Dubious Monarch_SB": 2527, "Dreams of Steel and Oil_SB": 722, "Overlord of the Floodpits": 1917, "Stoic Sphinx_SB": 2564, "Make Your Own Luck": 1663, "Make Your Own Luck_SB": 1664, "Negate": 1811, "Seed of Hope": 2341, "Valgavoth's Onslaught_SB": 2972, "Drag to the Bottom": 702, "Soul of Windgrace": 2470, "The Cruelty of Gix": 2693, "Trumpeting Carnosaur": 2867, "Chandra, Hope's Beacon_SB": 430, "Season of Gathering_SB": 2329, "Blot Out": 257, "Corrupted Conviction": 527, "Diabolic Intent": 658, "Enduring Vitality": 798, "Stormsplitter": 2575, "Glissa Sunslayer_SB": 1116, "Sword of Once and Future_SB": 2630, "Armored Scrapgorger": 116, "Axebane Ferox": 151, "Ghalta, Stampede Tyrant": 1068, "Glimpse the Core": 1114, "Green Sun's Twilight": 1166, "Llanowar Loamspeaker": 1605, "Nissa, Ascended Animist": 1830, "Railway Brawler": 2084, "Tyrranax Rex": 2889, "Bite Down_SB": 211, "Hard-Hitting Question_SB": 1213, "Tyvar's Stand_SB": 2893, "Unholy Annex // Ritual Chamber": 2918, "Blot Out_SB": 258, "Embereth Veteran": 784, "Mirran Banesplitter": 1733, "Painter's Studio // Defaced Gallery": 1937, "Phoenix Chick": 1972, "Drannith Ruins_SB": 715, "Unstoppable Slasher_SB": 2938, "Cease // Desist": 415, "Impulse": 1347, "The Huntsman's Redemption": 2709, "Valley Floodcaller": 2978, "Into the Flood Maw_SB": 1380, "Kaya, Spirits' Justice": 1470, "Surge of Salvation": 2609, "Overprotect": 1923, "Beseech the Mirror": 198, "Conduit Pylons": 507, "Escape Tunnel": 821, "Live or Die": 1598, "Bandit's Talent_SB": 171, "Hopeless Nightmare_SB": 1312, "Rottenmouth Viper_SB": 2235, "Shock_SB": 2384, "Crystal Grotto": 562, "Invasion of Segovia": 1402, "Protect the Negotiators": 2048, "Caretaker's Talent_SB": 383, "Cankerbloom_SB": 374, "Brotherhood's End": 333, "Coiling Rebirth": 481, "Enduring Courage": 790, "Rakdos Joins Up": 2088, "The Elder Dragon War": 2696, "Valgavoth, Terror Eater": 2973, "Vein Ripper": 3001, "Khenra Spellspear": 1491, "Kitsa, Otterball Elite": 1499, "Proft's Eidetic Memory": 2040, "Restless Spire": 2186, "Blue Sun's Twilight_SB": 259, "Third Path Iconoclast_SB": 2754, "Ral, Crackling Wit": 2094, "Keen-Eyed Curator_SB": 1475, "Helga, Skittish Seer": 1254, "Hostile Investigator": 1317, "Phyrexian Missionary": 1982, "Koth, Fire of Resistance": 1518, "Phyrexian Dragon Engine_SB": 1979, "Darkstar Augur": 583, "Elas il-Kor, Sadistic Pilgrim": 763, "Enduring Tenacity": 796, "Essence Channeler": 823, "Ruin-Lurker Bat": 2243, "Starscape Cleric": 2538, "Valley Rotcaller": 2982, "Surge of Salvation_SB": 2610, "Boon-Bringer Valkyrie": 274, "Abandoned Campground": 0, "Ephara's Dispersal": 811, "Getaway Glamer": 1062, "Change the Equation_SB": 436, "Ephara's Dispersal_SB": 812, "Destroy Evil": 649, "Doppelgang": 691, "Rockface Village_SB": 2224, "Elesh Norn_SB": 774, "Blast Zone": 225, "Cityscape Leveler": 461, "Fomori Vault": 989, "Ill-Timed Explosion": 1337, "Simulacrum Synthesizer": 2409, "Skitterbeam Battalion": 2417, "Stern Lesson": 2553, "The Mightstone and Weakstone": 2722, "Thran Spider": 2775, "Thundering Falls": 2798, "Volcanic Spite": 3050, "Long River's Pull": 1614, "Sunspine Lynx": 2603, "Overlord of the Mistmoors_SB": 1922, "Spellgyre": 2496, "Stoic Sphinx": 2563, "Hajar, Loyal Bodyguard": 1194, "Rakdos, the Muscle": 2091, "Ratadrabik of Urborg": 2105, "The Jolly Balloon Man": 2714, "Calix, Guided by Fate": 363, "Razorverge Thicket": 2119, "Agatha's Soul Cauldron": 29, "Cheeky House-Mouse": 444, "Lost Jitte": 1627, "Nettle Guard": 1816, "Raging Battle Mouse": 2083, "Voldaren Thrillseeker": 3053, "Parting Gust_SB": 1945, "Assimilation Aegis_SB": 132, "Abrade": 3, "Founding the Third Path": 1004, "Lumra, Bellow of the Woods": 1638, "Squirming Emergence": 2528, "Terror Tide": 2683, "Wail of the Forgotten": 3074, "Goldvein Hydra_SB": 1140, "Lay Down Arms_SB": 1547, "Magda, the Hoardmaster": 1654, "Vadmir, New Blood": 2967, "Vraan, Executioner Thane": 3065, "Archfiend of the Dross_SB": 100, "Giant Growth": 1081, "Furnace Reins_SB": 1030, "Etali's Favor": 827, "Insatiable Avarice": 1364, "The Infamous Cruelclaw": 2711, "Lord Skitter, Sewer King_SB": 1626, "Untimely Malfunction_SB": 2942, "Royal Treatment_SB": 2239, "Blazing Crescendo": 228, "Dreadmaw's Ire_SB": 717, "Flow of Knowledge": 982, "Shore Up": 2387, "Abhorrent Oculus_SB": 2, "Faerie Mastermind_SB": 878, "Minor Misstep_SB": 1729, "Shore Up_SB": 2388, "Unauthorized Exit_SB": 2901, "Gix, Yawgmoth Praetor_SB": 1098, "Virtue of Persistence_SB": 3037, "Geological Appraiser_SB": 1055, "Vengeful Possession_SB": 3007, "Nemata, Primeval Warden": 1814, "The Filigree Sylex_SB": 2705, "Outrageous Robbery_SB": 1908, "Annie Joins Up": 73, "Djeru and Hazoret": 683, "Dragonhawk, Fate's Tempest": 707, "Etali, Primal Conqueror": 828, "Huatli, Poet of Unity": 1321, "Kogla and Yidaro": 1510, "Roxanne, Starfall Savant": 2236, "Bandit's Talent": 170, "Tithing Blade": 2820, "Calamity's Wake_SB": 361, "Dollmaker's Shop // Porcelain Gallery_SB": 686, "Commune with Evil": 503, "Rite of the Moth": 2208, "Valgavoth's Faithful": 2969, "Unwanted Remake_SB": 2944, "Steamcore Scholar": 2545, "Invasion of Amonkhet_SB": 1387, "Hammerhand_SB": 1205, "Bring the Ending": 320, "Dismal Backwater": 667, "Distorted Curiosity": 671, "Drown in Ichor": 727, "Experimental Augury": 847, "Infectious Inquiry": 1353, "Murky Sewer": 1798, "Prologue to Phyresis": 2044, "Reject Imperfection": 2151, "Season of Loss": 2330, "Vraska's Fall": 3067, "Infectious Inquiry_SB": 1354, "Pestilent Syphoner_SB": 1965, "Aftermath Analyst": 25, "Akawalli, the Seething Tower": 42, "Blanchwood Prowler": 222, "Breach the Multiverse": 306, "Bringer of the Last Gift": 322, "Maha, Its Feathers Night": 1660, "Rubblebelt Maverick": 2240, "Strangled Cemetery": 2576, "Terramorphic Expanse": 2681, "Uurg, Spawn of Turg": 2966, "Voracious Varmint": 3059, "Wary Watchdog": 3093, "Murder_SB": 1796, "Abraded Bluffs": 5, "Armored Armadillo": 113, "Draconic Destiny": 699, "Grand Entryway // Elegant Rotunda": 1155, "Raucous Carnival": 2108, "Skrelv, Defector Mite": 2420, "Slumbering Keepguard": 2448, "War Squeak": 3081, "Griffnaut Tracker_SB": 1175, "Loran's Escape_SB": 1624, "Smash to Dust_SB": 2449, "Take Up the Shield_SB": 2644, "Broodspinner": 331, "Deathcap Marionette": 606, "Hollow Marauder": 1302, "Huskburster Swarm": 1330, "Jungle Hollow": 1447, "Overwhelming Remorse": 1927, "Writhing Necromass": 3149, "Desperate Bloodseeker_SB": 648, "Echo of Dusk_SB": 753, "Urborg Repossession_SB": 2953, "Voracious Varmint_SB": 3060, "Creosote Heath": 547, "Crystal Carapace": 561, "Etched Cornfield": 831, "Ghostly Dancers": 1075, "Hopeful Vigil": 1310, "Hunter's Talent": 1326, "Toadstool Admirer": 2822, "Petrify_SB": 1967, "Conceited Witch": 506, "Fear of Infinity": 907, "Glimmerlight": 1113, "Shoreline Looter": 2389, "The Witch's Vanity": 2749, "Extract a Confession_SB": 859, "Unable to Scream_SB": 2899, "Elesh Norn, Mother of Machines": 772, "Forlorn Flats": 1000, "Hero of the Dunes": 1270, "Phyrexian Rager": 1986, "Ruthless Lawbringer": 2256, "Scoured Barrens": 2307, "Skullcap Snail": 2424, "Unscrupulous Agent": 2930, "Candy Grapple_SB": 371, "Deadly Riposte_SB": 603, "Overwhelming Remorse_SB": 1928, "Vanish into Eternity_SB": 2994, "Gixian Infiltrator": 1099, "Jagged Barrens": 1430, "Sawblade Skinripper": 2285, "Not Dead After All_SB": 1844, "Unseal the Necropolis_SB": 2931, "Bonecache Overseer": 264, "Ichor Drinker": 1333, "Insidious Roots": 1368, "Izoni, Center of the Web": 1423, "Ozolith, the Shattered Spire": 1931, "Skyfisher Spider": 2430, "Snarling Gorehound": 2457, "Twitching Doll": 2884, "Urborg Repossession": 2952, "Lord Skitter, Sewer King": 1625, "Drag to the Bottom_SB": 703, "Enduring Curiosity_SB": 793, "Requisition Raid": 2166, "Third Path Iconoclast": 2753, "Artist's Talent_SB": 119, "Ill-Timed Explosion_SB": 1338, "Kellan, Inquisitive Prodigy": 1481, "Bonny Pall, Clearcutter_SB": 270, "Pest Control_SB": 1963, "Azure Beastbinder_SB": 157, "Kaervek, the Punisher_SB": 1449, "Valley Floodcaller_SB": 2979, "Cryptic Coat_SB": 557, "Pawpatch Formation": 1948, "Skrelv's Hive_SB": 2419, "The Stone Brain_SB": 2741, "Dreadmaw's Ire": 716, "Karumonix, the Rat King": 1467, "Lilypad Village": 1592, "Persistent Marshstalker": 1961, "Vren, the Relentless": 3072, "Terisian Mindbreaker": 2680, "The Mindskinner": 2725, "Eliminate the Impossible_SB": 775, "No More Lies_SB": 1835, "Push // Pull": 2056, "Fade from History_SB": 869, "Anzrag's Rampage_SB": 81, "Aspirant's Ascent": 127, "Enter the Enigma": 807, "Ivy, Gleeful Spellthief": 1420, "Molten Duplication": 1759, "Take the Fall": 2646, "Venerated Rotpriest": 3003, "Ivy, Gleeful Spellthief_SB": 1421, "Flowstone Infusion": 985, "Archdruid's Charm": 97, "Arid Archway": 110, "Tyrranax Rex_SB": 2890, "Assassin's Trophy": 129, "Pawpatch Recruit_SB": 1951, "Feather of Flight": 919, "Highway Robbery": 1293, "Collector's Vault": 489, "Demonic Counsel": 635, "Reenact the Crime": 2142, "Treasure Map": 2857, "Karn's Sylex_SB": 1462, "Jodah, the Unifier": 1438, "Melira, the Living Cure": 1702, "Sigarda, Font of Blessings": 2398, "Drana and Linvala_SB": 712, "Kellan, the Kid_SB": 1487, "Kutzil, Malamet Exemplar_SB": 1532, "Myrel, Shield of Argive_SB": 1801, "Skrelv, Defector Mite_SB": 2421, "The Wandering Rescuer_SB": 2748, "Tinybones Joins Up_SB": 2809, "Gishath, Sun's Avatar": 1091, "Restless Vinestalk": 2189, "Invasion of Amonkhet": 1386, "Render Inert": 2157, "Rona's Vortex_SB": 2231, "Ojer Axonil, Deepest Might": 1870, "Growing Dread": 1179, "Hauntwoods Shrieker": 1230, "Manifest Dread": 1673, "No One Left Behind": 1836, "Not Dead After All": 1843, "Oblivious Bookworm": 1861, "Satoru, the Infiltrator": 2279, "Splash Portal": 2513, "The Swarmweaver_SB": 2744, "Geological Appraiser": 1054, "Roaring Furnace // Steaming Sauna": 2220, "Cavern of Souls_SB": 412, "Kogla and Yidaro_SB": 1511, "Up the Beanstalk_SB": 2947, "Vaultborn Tyrant_SB": 2999, "Song of Totentanz_SB": 2463, "Fae Flight_SB": 871, "Silent Hallcreeper_SB": 2401, "Braided Net": 292, "Chimil, the Inner Sun": 446, "Clay-Fired Bricks": 470, "Farsight Ritual": 891, "Defabricate_SB": 620, "Ezrim, Agency Chief_SB": 864, "Spellbook Vendor": 2495, "Stenn, Paranoid Partisan": 2551, "Gremlin Tamer_SB": 1171, "Dreams of Steel and Oil": 721, "Scrapshooter_SB": 2309, "Unholy Annex // Ritual Chamber_SB": 2919, "Amalia Benavides Aguirre": 49, "Case of the Uneaten Feast": 399, "Lunar Convocation": 1639, "Assimilation Aegis": 131, "Ezrim, Agency Chief": 863, "No Witnesses": 1838, "Season of Weaving": 2332, "The Everflowing Well": 2703, "Thousand Moons Smithy": 2771, "Unstable Glyphbridge": 2934, "Worldwalker Helm": 3141, "Spring-Loaded Sawblades_SB": 2522, "Change the Equation": 435, "Horned Loch-Whale": 1313, "Quick Study": 2067, "Teferi, Temporal Pilgrim": 2663, "The End": 2698, "Long Goodbye_SB": 1612, "Feed the Cycle": 923, "Season of Loss_SB": 2331, "Unidentified Hovership_SB": 2921, "Awaken the Woods": 150, "Goldvein Hydra": 1139, "Nissa, Resurgent Animist": 1832, "Pick Your Poison": 1989, "Surge Engine": 2607, "Training Grounds": 2844, "Vorinclex": 3061, "Aftermath Analyst_SB": 26, "Training Grounds_SB": 2845, "Corpses of the Lost_SB": 525, "Regal Bunnicorn_SB": 2146, "Bandit's Haul": 169, "Conduit of Worlds": 508, "Faunsbane Troll": 897, "The Goose Mother": 2707, "Stormkeld Vanguard_SB": 2574, "Get Out_SB": 1061, "Anointed Peacekeeper": 78, "Archangel of Tithes": 93, "Guardian of New Benalia": 1186, "Veteran Survivor": 3016, "Anointed Peacekeeper_SB": 79, "Tocasia's Welcome_SB": 2826, "Fugitive Codebreaker": 1019, "Slickshot Show-Off_SB": 2446, "Darkstar Augur_SB": 584, "Fallaji Archaeologist": 884, "Commercial District_SB": 502, "White Sun's Twilight": 3110, "Innkeeper's Talent_SB": 1360, "Restless Ridgeline_SB": 2185, "Crawling Chorus": 545, "Fleeting Reflection": 973, "Reasonable Doubt": 2126, "Serum Snare": 2357, "The Seedcore": 2734, "Annex Sentry_SB": 71, "Bring the Ending_SB": 321, "Arabella, Abandoned Doll": 82, "Case of the Gateway Express_SB": 393, "Patchwork Banner": 1946, "Kaito, Dancing Shadow_SB": 1455, "Rona's Vortex": 2230, "Skrelv's Hive": 2418, "Sword of Forge and Frontier_SB": 2628, "Sword of Forge and Frontier": 2627, "Sword of Once and Future": 2629, "Unwanted Remake": 2943, "Jawbone Duelist": 1431, "Choking Miasma": 449, "Thrun, Breaker of Silence_SB": 2796, "Cenote Scout": 419, "Keen-Eyed Curator": 1474, "Scrapshooter": 2308, "Fountainport_SB": 1009, "Seal from Existence": 2322, "Scorching Shot": 2304, "Not on My Watch": 1845, "Restless Prairie": 2181, "Scrollshift": 2316, "Two-Headed Hunter": 2885, "Tyvar's Stand": 2892, "Render Inert_SB": 2158, "Demolition Field_SB": 634, "Overlord of the Floodpits_SB": 1918, "Dollmaker's Shop && Porcelain Gallery": 684, "Agatha's Soul Cauldron_SB": 30, "Lavaspur Boots_SB": 1545, "Deep-Cavern Bat_SB": 615, "Arabella, Abandoned Doll_SB": 83, "Restless Anchorage_SB": 2175, "Bitter Reunion": 212, "Molten Collapse": 1757, "Overlord of the Boilerbilges_SB": 1916, "Island_SB": 1418, "Invasion of Innistrad": 1394, "Long River's Pull_SB": 1615, "Fugitive Codebreaker_SB": 1020, "Misery's Shadow_SB": 1742, "Hugs, Grisly Guardian": 1322, "Lukka, Bound to Ruin": 1632, "Migloz, Maze Crusher": 1721, "Seized from Slumber": 2347, "Quintorius Kand_SB": 2069, "Soul Search_SB": 2469, "Walk-In Closet && Forgotten Cellar": 3077, "Assassin's Trophy_SB": 130, "Osseous Sticktwister_SB": 1894, "Unable to Scream": 2898, "Horned Loch-Whale_SB": 1314, "No Witnesses_SB": 1839, "Cursed Recording": 570, "Fires of Victory": 963, "Piggy Bank": 1993, "Rankle's Prank": 2101, "Sunken Citadel_SB": 2600, "Farsight Ritual_SB": 892, "Scorching Dragonfire": 2302, "Bladecoil Serpent_SB": 220, "Phyrexian Arena": 1974, "Urza's Sylex": 2963, "Starscape Cleric_SB": 2539, "Curate": 567, "Proft's Eidetic Memory_SB": 2041, "Confounding Riddle": 510, "The Enigma Jewel": 2700, "The Swarmweaver": 2743, "Insatiable Avarice_SB": 1365, "Phyrexian Fleshgorger_SB": 1981, "Sheoldred": 2372, "Artist's Talent": 118, "Brass's Tunnel-Grinder": 300, "Capricious Hellraiser": 376, "Chandra, Hope's Beacon": 429, "Virtue of Knowledge_SB": 3033, "Come Back Wrong_SB": 500, "Ruthless Negotiation_SB": 2259, "Sunfire Torch": 2598, "Legion Extruder": 1554, "Ego Drain": 759, "Spell Stutter_SB": 2494, "Talion's Messenger_SB": 2649, "Coati Scavenger": 479, "Drag to the Roots": 704, "Baird, Argivian Recruiter": 161, "Dollmaker's Shop // Porcelain Gallery": 685, "Campus Renovation": 368, "One with the Multiverse": 1883, "Portal to Phyrexia": 2023, "Rankle's Prank_SB": 2102, "Mirror Room // Fractured Realm": 1737, "Trapped in the Screen": 2852, "Leyline of Hope": 1566, "Shoot the Sheriff_SB": 2386, "Shrouded Shepherd_SB": 2394, "Blossoming Tortoise": 256, "Knight of Dusk's Shadow_SB": 1504, "Arcane Proxy": 88, "Bilious Skulldweller": 205, "Venser, Corpse Puppet": 3010, "Drown in Ichor_SB": 728, "Reject Imperfection_SB": 2152, "Serum Snare_SB": 2358, "Venser, Corpse Puppet_SB": 3011, "Vraska, Betrayal's Sting_SB": 3070, "Whisper of the Dross_SB": 3109, "Astor, Bearer of Blades": 133, "Blacksmith's Talent": 218, "Bladehold War-Whip": 221, "Dissection Tools": 669, "Rebel Salvo": 2127, "Chrome Prowler": 453, "Combat Thresher": 498, "Hidden Cataract": 1278, "Hidden Courtyard": 1279, "Liberator, Urza's Battlethopter": 1575, "Out Cold": 1900, "Lost in the Maze_SB": 1630, "Spark Rupture_SB": 2484, "Case of the Crimson Pulse": 389, "Scavenger's Talent": 2298, "Meeting of Minds": 1701, "Stoke the Flames": 2565, "The Skullspore Nexus": 2735, "Questing Druid_SB": 2065, "Glass Casket": 1104, "Repel Calamity": 2161, "Witch's Mark_SB": 3130, "Walk-In Closet && Forgotten Cellar_SB": 3078, "Twinferno": 2877, "Pest Control": 1962, "Song of Totentanz": 2462, "Tarnation Vista": 2654, "Thundertrap Trainer": 2802, "Dissection Tools_SB": 670, "Volcanic Spite_SB": 3051, "Sandstorm Verge": 2271, "Outrageous Robbery": 1907, "Pillage the Bog_SB": 1999, "Virtue of Knowledge": 3032, "Manifold Mouse_SB": 1675, "Cankerbloom": 373, "Violent Urge": 3027, "Argentum Masticore_SB": 108, "Archdruid's Charm_SB": 98, "Ghostly Dancers_SB": 1076, "Micromancer": 1715, "Case of the Filched Falcon": 391, "Invasion of Ixalan": 1395, "Bristlebud Farmer_SB": 324, "Clement, the Worrywort": 472, "Dour Port-Mage": 695, "Dreamdew Entrancer": 719, "Long River Lurker": 1613, "Mistbreath Elder": 1747, "Oakhollow Village": 1855, "Pond Prophet": 2019, "Sunshower Druid": 2601, "Three Tree Scribe": 2787, "Valley Mightcaller": 2980, "Drannith Ruins": 714, "Coppercoat Vanguard": 521, "Valiant Veteran": 2975, "Kellan, Daring Traveler": 1480, "Syr Ginger, the Meal Ender": 2636, "Teething Wurmlet": 2662, "Tough Cookie": 2840, "Tail Swipe_SB": 2640, "Misery's Shadow": 1741, "Sharp-Eyed Rookie": 2367, "Metropolis Reformer_SB": 1714, "Disenchant_SB": 664, "Burrowguard Mentor": 350, "Finneas, Ace Archer": 960, "Hop to It": 1308, "Seasoned Warrenguard": 2337, "Treeguard Duo_SB": 2859, "Blood Hustler": 237, "Fauna Shaman": 895, "Haywire Mite": 1231, "Kami of Whispered Hopes": 1459, "Likeness Looter": 1587, "Lively Dirge": 1599, "Nashi, Moon's Legacy": 1806, "Tyvar, Jubilant Brawler": 2894, "Annex Sentry": 70, "Slaughter Singer": 2439, "Ajani, Sleeper Agent_SB": 39, "Bristly Bill, Spine Sower": 326, "Case of the Locked Hothouse": 394, "Evolving Wilds": 839, "Festering Gulch": 943, "Fake Your Own Death_SB": 883, "Forest_SB": 997, "Heaped Harvest_SB": 1241, "Swamp_SB": 2620, "Demand Answers": 632, "Roaring Furnace && Steaming Sauna": 2218, "Magebane Lizard_SB": 1656, "Breeches, Eager Pillager": 312, "Captain Storm, Cosmium Raider": 379, "Goblin Tomb Raider": 1135, "Kitesail Larcenist": 1496, "Malcolm, the Eyes": 1669, "Reckless Lackey": 2130, "Roaming Throne": 2216, "Staunch Crewmate": 2543, "Roaming Throne_SB": 2217, "Return the Favor": 2194, "Chainsaw_SB": 426, "Might of the Meek_SB": 1720, "Rabid Gnaw_SB": 2072, "Turn Inside Out_SB": 2875, "Phantom Interference_SB": 1969, "Take Up the Shield": 2643, "Jirina, Dauntless General_SB": 1437, "Slime Against Humanity": 2447, "Explosive Derailment": 851, "Fell": 936, "Great Train Heist": 1161, "Kaervek, the Punisher": 1448, "Lazav, Familiar Stranger": 1548, "Niv-Mizzet, Supreme": 1833, "Chupacabra Echo": 454, "Cruel Somnophage": 548, "Gnawing Vermin": 1123, "Hollow Scavenger": 1304, "Urborg Lhurgoyf": 2951, "Hedge Shredder": 1252, "Grievous Wound_SB": 1174, "Terror Tide_SB": 2684, "Cathartic Parting_SB": 404, "Impulse_SB": 1348, "Lich-Knights' Conquest_SB": 1577, "Overlord of the Hauntwoods_SB": 1920, "Virtue of Loyalty_SB": 3035, "Bovine Intervention_SB": 291, "Scatter Ray": 2296, "Ashiok, Wicked Manipulator_SB": 123, "Ghired, Mirror of the Wilds": 1069, "Cult Conscript": 563, "Fear of Impostors": 905, "Monstrous Emergence_SB": 1773, "Roaring Furnace && Steaming Sauna_SB": 2219, "Aven Interrupter": 148, "Hidetsugu and Kairi": 1286, "Under the Skin": 2906, "Elusive Otter_SB": 779, "Unyielding Gatekeeper": 2945, "Etali, Primal Conqueror_SB": 829, "Lightning Strike_SB": 1585, "Restricted Office && Lecture Hall_SB": 2190, "Season of Weaving_SB": 2333, "Razorkin Needlehead_SB": 2115, "Cunning Coyote": 565, "Osteomancer Adept": 1897, "Tail Swipe": 2639, "Thraxodemon": 2778, "Fear of Lost Teeth": 911, "Invasion of Azgol": 1389, "The Witch's Vanity_SB": 2750, "Tinybones, the Pickpocket_SB": 2812, "Decadent Dragon": 610, "Rakdos, Patron of Chaos": 2090, "Gingerbrute": 1088, "Marvin, Murderous Mimic": 1686, "Monstrous Emergence": 1772, "Kitesail Larcenist_SB": 1497, "Repulsive Mutation_SB": 2164, "The Infamous Cruelclaw_SB": 2712, "Lupinflower Village": 1642, "Pollen-Shield Hare": 2014, "Three Tree City": 2785, "Ashiok, Wicked Manipulator": 122, "Final Showdown": 956, "Kutzil's Flanker": 1529, "Ingenious Prodigy": 1358, "Kaito, Dancing Shadow": 1454, "Plumecreed Escort_SB": 2011, "Captivating Cave": 380, "Teferi, Temporal Pilgrim_SB": 2664, "Aloe Alchemist": 47, "Yavimaya Iconoclast": 3153, "Hearth Elemental": 1247, "Lavaspur Boots": 1544, "Hearth Elemental_SB": 1248, "Zoraline, Cosmos Caller_SB": 3173, "Neutralize the Guards_SB": 1819, "Bloodletter of Aclazotz_SB": 245, "Braids, Arisen Nightmare_SB": 295, "Pugnacious Hammerskull_SB": 2054, "Torch the Witness_SB": 2837, "Wrenn's Resolve_SB": 3148, "Fear of Isolation": 909, "Glarb, Calamity's Augur_SB": 1103, "Kambal, Profiteering Mayor_SB": 1458, "Warden of the Inner Sky_SB": 3084, "Painter's Studio && Defaced Gallery_SB": 1936, "Planar Disruption_SB": 2007, "Scrollshift_SB": 2317, "Overprotect_SB": 1924, "Portent of Calamity": 2024, "The Irencrag": 2713, "Floodpits Drowner_SB": 979, "Lukka, Bound to Ruin_SB": 1633, "Roxanne, Starfall Savant_SB": 2237, "Black Sun's Twilight": 216, "Corrupt": 526, "Haunted Mire": 1227, "Iridescent Vinelasher_SB": 1414, "Errant and Giada": 815, "Werefox Bodyguard_SB": 3106, "Lost in the Maze": 1629, "Great Train Heist_SB": 1162, "Bristling Backwoods": 325, "Rugged Highlands": 2242, "Razortrap Gorge": 2118, "Herbology Instructor_SB": 1267, "Hidden Grotto": 1280, "Maelstrom Pulse": 1652, "Scavenging Ooze": 2299, "Vivien Reid": 3042, "Liliana, Dreadhorde General_SB": 1591, "Maelstrom Pulse_SB": 1653, "Heroic Reinforcements": 1274, "Phyrexian Obliterator": 1984, "Back for Seconds_SB": 159, "Case of the Stashed Skeleton_SB": 398, "Homicide Investigator_SB": 1306, "Boros Charm": 277, "Llanowar Elves": 1602, "Burst Lightning": 351, "Soulstone Sanctuary": 2479, "Scavenging Ooze_SB": 2300, "Vivien Reid_SB": 3043, "Basilisk Collar_SB": 185, "Day of Judgment": 590, "Authority of the Consuls_SB": 146, "Devout Decree_SB": 655, "Flashfreeze_SB": 970, "Evangel of Synthesis": 836, "Zombify": 3170, "Desecration Demon_SB": 645, "Wail of the Forgotten_SB": 3075, "Abyssal Harvester": 9, "Sun-Blessed Healer": 2590, "Temple of Triumph": 2675, "Campus Renovation_SB": 369, "Boltwave": 262, "Splitskin Doll_SB": 2518, "Virtue of Courage": 3030, "Heartflame Duelist_SB": 1246, "Slagstorm_SB": 2438, "Mazemind Tome": 1695, "Kellan, Planar Trailblazer": 1483, "Crystal Barricade_SB": 560, "Bloodthirsty Conqueror_SB": 249, "Spinner of Souls": 2507, "Feed the Swarm_SB": 927, "Kaito, Cunning Infiltrator_SB": 1453, "Opt": 1884, "Pitiless Carnage_SB": 2002, "Kiora, the Rising Tide": 1494, "Ghitu Lavarunner": 1071, "Thrill of Possibility": 2790, "Blooming Blast_SB": 253, "Elenda, Saint of Dusk": 769, "Garna, Bloodfist of Keld": 1039, "Kellan, the Kid": 1486, "Secluded Courtyard": 2339, "Faebloom Trick": 872, "Authority of the Consuls": 145, "Exemplar of Light": 840, "Fiendish Panda": 948, "Hinterland Sanctifier": 1295, "Elenda, Saint of Dusk_SB": 770, "Spectral Sailor": 2489, "Felidar Retreat": 933, "Herald of Eternal Dawn": 1262, "Loot, Exuberant Explorer": 1617, "Mossborn Hydra": 1782, "Giant Cindermaw_SB": 1080, "Bloodthirsty Conqueror": 248, "Heartflame Duelist": 1245, "Viashino Pyromancer": 3020, "Ball Lightning": 164, "Bloodfeather Phoenix": 240, "Grab the Prize": 1148, "Lyra Dawnbringer_SB": 1646, "Virtue of Courage_SB": 3031, "Combat Research": 497, "Unsummon": 2939, "Brineborn Cutthroat_SB": 319, "Ertai's Scorn_SB": 820, "Flow of Knowledge_SB": 983, "Haughty Djinn_SB": 1224, "Urza's Rebuff_SB": 2961, "Abyssal Harvester_SB": 10, "Painter's Studio // Defaced Gallery_SB": 1938, "Hero's Downfall": 1271, "Liliana, Dreadhorde General": 1590, "Temple of Malady": 2670, "Temple of Plenty": 2673, "Temple of Silence": 2674, "Mortify_SB": 1781, "White Sun's Twilight_SB": 3111, "Kaito, Cunning Infiltrator": 1452, "Sphinx of Forgotten Lore": 2499, "Aetherize_SB": 23, "Feldon's Cane_SB": 929, "Demonic Pact": 639, "Harmless Offering": 1216, "Cathar Commando": 402, "Knight of Grace": 1505, "Ajani, Caller of the Pride_SB": 36, "Ethereal Armor_SB": 834, "Dead Weight": 595, "Gixian Puppeteer": 1101, "Revenge of the Rats": 2195, "Terror Ballista": 2682, "The Ancient One": 2691, "Razorlash Transmogrant_SB": 2117, "Reclamation Sage_SB": 2134, "Llanowar Greenwidow": 1604, "An Offer You Can't Refuse_SB": 55, "Trapped in the Screen_SB": 2853, "Zurgo and Ojutai": 3178, "Final Showdown_SB": 957, "Subterranean Schooner_SB": 2586, "Virtue of Strength": 3038, "Worldsoul's Rage": 3140, "Hero's Downfall_SB": 1272, "Boros Charm_SB": 278, "Day of Judgment_SB": 591, "Ashroot Animist": 126, "Polukranos Reborn": 2017, "Ruby, Daring Tracker": 2241, "Muerra, Trash Tactician_SB": 1792, "Soulless Jailer_SB": 2476, "Refute": 2143, "Curator of Destinies_SB": 568, "Anim Pakal, Thousandth Moon": 67, "Jirina, Dauntless General": 1436, "Deathmark_SB": 607, "Joust Through_SB": 1444, "Knight of Grace_SB": 1506, "Raise the Past_SB": 2086, "Arcanis the Omnipotent_SB": 90, "Feed the Cycle_SB": 924, "Insidious Fungus_SB": 1367, "Stab_SB": 2530, "Dazzling Denial": 593, "Empyrean Eagle": 787, "Healer's Hawk": 1239, "Greed's Gambit": 1163, "Molten Collapse_SB": 1758, "Sire of Seven Deaths_SB": 2412, "Bloated Contaminator": 234, "High Stride": 1291, "Infectious Bite": 1352, "Aspirant's Ascent_SB": 128, "Distorted Curiosity_SB": 672, "Enter the Enigma_SB": 808, "Fleeting Reflection_SB": 974, "High Stride_SB": 1292, "Prologue to Phyresis_SB": 2045, "This Town Ain't Big Enough_SB": 2758, "Temple of Deceit": 2667, "Sentinel of the Nameless City_SB": 2353, "Doubling Season": 693, "Blooming Blast": 252, "Coruscation Mage": 530, "Firebrand Archer": 961, "Cathar Commando_SB": 403, "Elegant Parlor_SB": 768, "Thrun, Breaker of Silence": 2795, "Buried in the Garden": 344, "Clifftop Lookout": 473, "Fecund Greenshell": 921, "Genesis Wave": 1053, "Invasion of Zendikar": 1408, "Tender Wildguide": 2678, "Roaring Furnace // Steaming Sauna_SB": 2221, "Chimil, the Inner Sun_SB": 447, "Pilfer_SB": 1997, "Urborg Scavengers_SB": 2955, "Ajani's Pridemate": 34, "Arahbo, the First Fang": 85, "Banishing Light": 172, "Joust Through": 1443, "Prideful Parent": 2032, "Regal Caracal": 2147, "Savannah Lions": 2281, "Skyknight Squire": 2432, "Banishing Light_SB": 173, "Claws Out_SB": 469, "Ferocification_SB": 942, "Audacity_SB": 141, "Hard-Hitting Question": 1212, "Starfall Invocation": 2536, "Brineborn Cutthroat": 318, "Desecration Demon": 644, "Cynical Loner": 577, "Driver of the Dead": 725, "Gatekeeper of Malakir": 1049, "Infestation Sage": 1355, "Kalastria Highborn": 1456, "Nullpriest of Oblivion": 1850, "Pulse Tracker": 2055, "Vampire Nighthawk": 2989, "Vengeful Bloodwitch": 3005, "Undergrowth Recon": 2910, "Walk-In Closet // Forgotten Cellar": 3079, "An Offer You Can't Refuse": 54, "Carnelian Orb of Dragonkind": 384, "Invasion of Tarkir": 1403, "Sarkhan, Soul Aflame": 2278, "Slagstorm": 2437, "Stingerback Terror": 2556, "Twinflame Tyrant": 2879, "Omniscience": 1880, "Drag to the Roots_SB": 705, "Witness Protection_SB": 3137, "Primal Might": 2033, "Luminous Rebuke": 1636, "Invasion of Regatha": 1400, "Arcanis the Omnipotent": 89, "Moment of Craving_SB": 1762, "Tinybones, Bauble Burglar": 2810, "Sphinx of Forgotten Lore_SB": 2500, "Ashnod's Intervention": 125, "Barbed Batterfist": 177, "Bloodfeather Phoenix_SB": 241, "Koma, World-Eater": 1515, "Valgavoth, Terror Eater_SB": 2974, "Fear of Impostors_SB": 906, "Surrak, the Hunt Caller": 2618, "Tyvar, the Pummeler": 2895, "Wildborn Preserver_SB": 3114, "Witness Protection": 3136, "Giada, Font of Hope": 1077, "Guardian of Ghirapur": 1185, "Lyra Dawnbringer": 1645, "Resplendent Angel": 2169, "Youthful Valkyrie": 3158, "Fabrication Foundry": 868, "Fumigate": 1022, "Hammerhand": 1204, "Sawblade Scamp": 2284, "Citanul Stalwart": 460, "Dwynen's Elite": 744, "Elvish Archdruid": 780, "Imperious Perfect": 1344, "Leaf-Crowned Visionary": 1550, "Surrak and Goreclaw": 2616, "Tyvar the Bellicose": 2891, "Dwynen, Gilt-Leaf Daen_SB": 746, "Unsummon_SB": 2940, "Deeproot Wayfinder": 618, "Sire of Seven Deaths": 2411, "Searslicer Goblin": 2326, "Stromkirk Noble": 2582, "Reclamation Sage": 2133, "Case of the Locked Hothouse_SB": 395, "Bulk Up": 341, "Chandra, Flameshaper": 427, "Swiftblade Vindicator": 2622, "Archmage of Runes": 101, "Ertai's Scorn": 819, "Metamorphic Blast": 1709, "Unauthorized Exit": 2900, "Harrier Strix_SB": 1219, "Strix Lookout_SB": 2579, "The Tale of Tamiyo_SB": 2746, "Twist Reality_SB": 2881, "Leyline Axe": 1563, "Neglected Manor": 1813, "Sporogenic Infection": 2519, "Commune with Evil_SB": 504, "Fear of Missing Out_SB": 913, "Helpful Hunter": 1260, "Knight of Dawn's Light": 1501, "Raise the Past": 2085, "Enduring Tenacity_SB": 797, "Leyline of Hope_SB": 1567, "Coppercoat Vanguard_SB": 522, "Garna, Bloodfist of Keld_SB": 1040, "Burst Lightning_SB": 352, "Massacre Wurm_SB": 1690, "Vampire Nighthawk_SB": 2990, "Runic Shot_SB": 2251, "Razorlash Transmogrant": 2116, "Huskburster Swarm_SB": 1331, "Hearthborn Battler": 1249, "Invasion of Tarkir_SB": 1404, "Candy Trail": 372, "Desperate Bloodseeker": 647, "Marauding Blight-Priest": 1677, "Moment of Craving": 1761, "Murder": 1795, "Savor": 2282, "Servant of the Stinger": 2359, "Sanguine Indulgence_SB": 2274, "Soul-Shackled Zombie_SB": 2474, "Contaminated Aquifer": 519, "Marauding Brinefang": 1678, "Soul-Guide Lantern": 2471, "Union of the Third Path": 2922, "Vanish into Eternity": 2993, "Dewdrop Cure": 656, "Elesh Norn": 771, "Goblin Surprise": 1134, "Irreverent Gremlin": 1416, "Krenko, Mob Boss": 1525, "Norin, Swift Survivalist": 1840, "Vicious Clown": 3022, "Wind-Scarred Crag": 3121, "Involuntary Employment_SB": 1412, "Agate-Blade Assassin": 28, "Outlaws' Fury": 1905, "Ravine Raider": 2112, "Agate Assault_SB": 27, "Bake into a Pie_SB": 162, "Hazardous Blast_SB": 1233, "Azorius Guildgate": 155, "Beanstalk Wurm": 192, "Boros Guildgate": 279, "Circuitous Route": 459, "Dimir Guildgate": 660, "Eaten Alive": 750, "Expedition Map": 844, "Golgari Guildgate": 1142, "Gruul Guildgate": 1182, "Insidious Fungus": 1366, "Izzet Guildgate": 1425, "Maze's End": 1693, "Muldrotha, the Gravetide": 1793, "Orzhov Guildgate": 1892, "Rakdos Guildgate": 2087, "Selesnya Guildgate": 2349, "Simic Guildgate": 2408, "Tatyova, Benthic Druid": 2656, "Atraxa's Fall_SB": 137, "Brightblade Stoat_SB": 315, "Savor_SB": 2283, "Thornwood Falls": 2764, "Bartolom\u00e9 del Presidio": 181, "Midnight Reaper": 1718, "Nezumi Linkbreaker": 1822, "Vampire Gourmand": 2988, "Deadly Brew": 598, "Osseous Sticktwister": 1893, "Gloomfang Mauler": 1118, "Possessed Goat": 2025, "Shroudstomper": 2395, "Tocasia's Dig Site": 2824, "Vile Mutilator": 3024, "Electrostatic Infantry": 766, "Fear of Being Hunted": 901, "Frenzied Goblin_SB": 1013, "The Autonomous Furnace": 2692, "Guardian of the Great Door": 1187, "Lonely Arroyo": 1610, "Norn's Inquisitor": 1842, "Spring-Loaded Sawblades": 2521, "Midnight Mayhem": 1717, "Ratcatcher Trainee": 2106, "Scytheclaw Raptor_SB": 2320, "Dragon Fodder": 706, "Ral's Reinforcements": 2093, "Keldon Strike Team_SB": 1477, "Impact Tremors": 1342, "Kindlespark Duo": 1492, "Rodeo Pyromancers": 2226, "Deadeye Duelist_SB": 597, "Skewer Slinger_SB": 2414, "Thunder Salvo_SB": 2797, "Boulderbranch Golem": 288, "Fierce Empath": 950, "Galewind Moose": 1035, "Gossip's Talent": 1147, "Gruff Triplets": 1181, "Lush Oasis": 1643, "Mirage Mesa": 1731, "Outcaster Greenblade": 1902, "Sunshower Druid_SB": 2602, "Banner of Kinship": 174, "Baylen, the Haymaker": 190, "Blossoming Sands": 255, "Hare Apparent": 1215, "Kayla's Reconstruction": 1473, "Hinterland Sanctifier_SB": 1296, "Prophetic Prism": 2047, "Souls of the Lost": 2477, "Basilisk Collar": 184, "Ambush Wolf_SB": 51, "Dead Weight_SB": 596, "Fog of War_SB": 988, "Aetherize": 22, "Peculiar Lighthouse": 1953, "Swiftwater Cliffs": 2625, "Tranquil Cove": 2846, "Tolarian Terror_SB": 2829, "Union of the Third Path_SB": 2923, "Hidetsugu's Second Rite": 1287, "Ghitu Lavarunner_SB": 1072, "Scatter Ray_SB": 2297, "Drag the Canal_SB": 701, "Stingerback Terror_SB": 2557, "Flamewake Phoenix_SB": 968, "Grand Entryway && Elegant Rotunda": 1154, "Karplusan Forest_SB": 1466, "Argoth, Sanctum of Nature": 109, "Cosmic Rebirth": 533, "Elvish Regrower": 783, "Springbloom Druid": 2523, "Titania, Voice of Gaea": 2818, "Tolsimir, Midnight's Light": 2830, "Twisted Fealty": 2882, "Aegis Turtle_SB": 18, "Temple of Malice": 2671, "Night of the Sweets' Revenge": 1824, "Welcome to Sweettooth": 3104, "Cosmium Confluence_SB": 536, "See Double_SB": 2340, "Volatile Fault_SB": 3049, "Fiery Annihilation_SB": 952, "Elvish Archivist": 781, "Calix, Guided by Fate_SB": 364, "Divine Resilience_SB": 682, "Unflinching Courage_SB": 2915, "Valorous Stance_SB": 2987, "Immersturm Predator": 1339, "Trygon Predator_SB": 2868, "Dwynen, Gilt-Leaf Daen": 745, "Lathril, Blade of the Elves": 1539, "Wildborn Preserver": 3113, "Ajani, Caller of the Pride": 35, "Angel of Vitality": 64, "Leonin Vanguard": 1559, "Extinguish the Light_SB": 858, "Nine-Lives Familiar": 1829, "Voracious Greatshark": 3058, "Anthem of Champions": 80, "Armasaur Guide": 112, "Biogenic Upgrade": 208, "Charming Prince": 439, "Dazzling Angel": 592, "Felidar Savior": 935, "Felling Blow": 938, "Gnarlid Colony": 1122, "Good-Fortune Unicorn": 1146, "Inspiring Call": 1370, "Inspiring Paladin": 1372, "Mild-Mannered Librarian": 1723, "Pacifism": 1932, "Wary Thespian": 3092, "Wildwood Scourge": 3117, "Eaten by Piranhas_SB": 752, "Phyrexian Obliterator_SB": 1985, "Silver Scrutiny_SB": 2404, "Axebane Ferox_SB": 152, "Flourishing Bloom-Kin": 981, "Ghalta, Primal Hunger": 1066, "Alesha, Who Laughs at Fate": 44, "Aurelia, the Law Above": 143, "Perforating Artist": 1957, "Voldaren Thrillseeker_SB": 3054, "Rite of Replication": 2205, "Swiftfoot Boots_SB": 2624, "Urabrask": 2948, "Feed the Swarm": 926, "Crash Through": 543, "Drake Hatcher": 710, "Slick Sequence": 2444, "Crawling Barrens": 544, "Mazemind Tome_SB": 1696, "Atraxa, Grand Unifier_SB": 139, "Urborg Scavengers": 2954, "Zetalpa, Primal Dawn": 3164, "Phyrexian Censor": 1976, "Phyrexian Vindicator": 1987, "Volatile Fault": 3048, "Seal from Existence_SB": 2323, "Stasis Snare_SB": 2541, "Chrome Host Seedshark": 451, "Ichormoon Gauntlet": 1334, "Jace Reawakened": 1426, "Jin-Gitaxias": 1435, "Temple of Epiphany": 2669, "Galvanize_SB": 1037, "Tocasia's Welcome": 2825, "Bonehoard Dracosaur": 267, "Dragonlord's Servant": 708, "Incinerator of the Guilty": 1349, "Kolaghan Warmonger": 1512, "Rivaz of the Claw": 2209, "Tyrant of Kher Ridges": 2886, "Push // Pull_SB": 2057, "Joint Exploration": 1442, "Titania's Command_SB": 2817, "Burglar Rat": 343, "Halo Forager": 1201, "Hidden Necropolis": 1281, "Macabre Waltz": 1650, "Mindsplice Apparatus": 1726, "Painful Quandary": 1933, "Psychic Whorl": 2051, "Rune-Scarred Demon": 2249, "The Key to the Vault": 2717, "The Rollercrusher Ride_SB": 2733, "Titania, Voice of Gaea_SB": 2819, "Colossal Rattlewurm": 494, "Desert's Due": 646, "Duelist of the Mind": 733, "Rattleback Apothecary": 2107, "Tatyova, Steward of Tides": 2657, "Tomb Trawler_SB": 2832, "Urza's Sylex_SB": 2964, "Dawn's Truce": 587, "Nashi, Searcher in the Dark_SB": 1808, "Inspiration from Beyond": 1369, "Realmbreaker, the Invasion Tree_SB": 2125, "Grand Abolisher_SB": 1153, "Filter Out_SB": 954, "Kutzil, Malamet Exemplar": 1531, "Runic Shot": 2250, "Herald of Eternal Dawn_SB": 1263, "Sun-Blessed Healer_SB": 2591, "Mortify": 1780, "Seeker's Folly": 2343, "Coveted Falcon": 540, "Greed's Gambit_SB": 1164, "Valgavoth's Onslaught": 2971, "Stab": 2529, "Vinereap Mentor": 3025, "Ferocification": 941, "Dreadwing Scavenger": 718, "Broodspinner_SB": 332, "The Gitrog, Ravenous Ride_SB": 2706, "Collector's Cage": 487, "Invasion of Gobakhan": 1392, "Fiery Annihilation": 951, "Invasion of Arcavios": 1388, "Beseech the Mirror_SB": 199, "Heroic Reinforcements_SB": 1275, "Peerless Recycling_SB": 1954, "Wing Commando": 3123, "Bloodfell Caves": 242, "Essence Scatter_SB": 826, "Kiora, the Rising Tide_SB": 1495, "Ruthless Negotiation": 2258, "Haunted Screen": 1229, "Prayer of Binding": 2028, "Cerebral Confiscation_SB": 422, "Furnace Reins": 1029, "River's Rebuke": 2210, "Koma, World-Eater_SB": 1516, "Primeval Bounty_SB": 2035, "River's Rebuke_SB": 2211, "Regal Caracal_SB": 2148, "Rat Out_SB": 2104, "Plains_SB": 2005, "Faebloom Trick_SB": 873, "Throne of the Grim Captain": 2792, "The Kenriths' Royal Funeral_SB": 2716, "Saiba Cryptomancer": 2266, "Zoetic Glyph_SB": 3169, "Seized from Slumber_SB": 2348, "Ankle Biter": 69, "Feed the Infection": 925, "Fynn, the Fangbearer": 1031, "Nimraiser Paladin": 1828, "The Dross Pits": 2695, "The Hunter Maze": 2708, "Inspiring Overseer": 1371, "Mischievous Pup": 1740, "Surgical Suite // Hospital Room": 2614, "Angel of Finality_SB": 63, "Kraul Whipcracker": 1520, "Wardens of the Cycle": 3085, "Badlands Revival": 160, "Copper Host Crusher": 520, "Vinereap Mentor_SB": 3026, "Seize the Secrets": 2345, "Soured Springs": 2481, "Belligerent Yearling": 197, "Colossadactyl": 493, "Earthshaker Dreadmaw": 749, "Giant Cindermaw": 1079, "Itzquinth, Firstborn of Gishath": 1419, "Ixalli's Lorekeeper": 1422, "Rogue's Passage": 2227, "Scytheclaw Raptor": 2319, "Thrashing Brontodon": 2777, "Triumphant Chomp": 2865, "Armored Kincaller_SB": 115, "At Knifepoint": 135, "Fanatical Firebrand": 887, "Hellspur Brute": 1256, "Caught in the Crossfire_SB": 405, "Mourner's Surprise_SB": 1788, "Unflinching Courage": 2914, "Sanguine Evangelist_SB": 2273, "Sandstorm Salvager": 2269, "Autonomous Assembler": 147, "Quintorius Kand": 2068, "Kayla's Command_SB": 1472, "Starfall Invocation_SB": 2537, "Stalactite Stalker": 2531, "Hired Claw_SB": 1298, "Luminous Rebuke_SB": 1637, "Massacre Wurm": 1689, "Felidar Retreat_SB": 934, "Dreamdew Entrancer_SB": 720, "Spinner of Souls_SB": 2508, "Gisa, the Hellraiser_SB": 1090, "Bitter Reunion_SB": 213, "Jace Reawakened_SB": 1427, "Dust Animus": 740, "Steel Seraph_SB": 2550, "Dust Animus_SB": 741, "Gumdrop Poisoner_SB": 1192, "Archangel of Tithes_SB": 94, "Demonic Counsel_SB": 636, "Warleader's Call_SB": 3089, "Phyrexian Censor_SB": 1977, "Callous Sell-Sword_SB": 367, "Rat Out": 2103, "Herbology Instructor": 1266, "Restless Bivouac_SB": 2177, "Lively Dirge_SB": 1600, "Cavernous Maw": 413, "Forgotten Monument": 999, "Titania's Command": 2816, "Scorn-Blade Berserker": 2306, "Imperious Perfect_SB": 1345, "Sandstorm Salvager_SB": 2270, "Tough Cookie_SB": 2841, "Raucous Carnival_SB": 2109, "Funeral Room // Awakening Hall_SB": 1025, "Rise of the Dark Realms_SB": 2203, "Curious Forager": 569, "The Mycotyrant": 2728, "Sporogenic Infection_SB": 2520, "Seize the Spoils": 2346, "Canonized in Blood": 375, "Cemetery Recruitment": 418, "Diregraf Ghoul": 661, "Hungry Ghoul": 1325, "Mephitic Draught": 1707, "Offer Immortality": 1867, "Sanguine Syphoner": 2275, "Skeleton Archer": 2413, "Vampiric Rites": 2992, "Urza, Lord Protector": 2965, "Temple of Enlightenment": 2668, "Fumigate_SB": 1023, "Valkyrie's Call_SB": 2976, "Skystrike Officer": 2436, "Mockingbird_SB": 1753, "Temple of Mystery": 2672, "Timely Interference": 2806, "Vesuvan Duplimancy": 3014, "Dive Down_SB": 678, "Scrawling Crawler_SB": 2312, "Dryad Militant_SB": 731, "Bristlebud Farmer": 323, "Charred Foyer && Warped Space_SB": 441, "Absolving Lammasu_SB": 6, "Think Twice": 2751, "Micromancer_SB": 1716, "Coruscation Mage_SB": 531, "Bruse Tarl, Roving Rancher": 335, "Fblthp, Lost on the Range": 898, "Weakstone's Subjugation": 3097, "Fblthp, Lost on the Range_SB": 899, "Weakstone's Subjugation_SB": 3098, "Bottomless Pool && Locker Room": 284, "Hidetsugu's Second Rite_SB": 1288, "Invasion of Karsus_SB": 1398, "Mirror Room && Fractured Realm_SB": 1736, "Sword of Wealth and Power_SB": 2632, "Wildfire Howl_SB": 3115, "Zurgo and Ojutai_SB": 3179, "Mabel, Heir to Cragflame_SB": 1649, "Halo Forager_SB": 1202, "Ballyrush Banneret": 165, "Siege Veteran_SB": 2396, "Soulstone Sanctuary_SB": 2480, "Karn, Living Legacy": 1463, "Metropolis Reformer": 1713, "Krenko's Buzzcrusher_SB": 1524, "Final Vengeance_SB": 959, "Silverback Elder_SB": 2405, "Blood Spatter Analysis": 239, "Branchblight Stalker": 298, "Gitaxian Anatomist": 1092, "Goliath Hatchery": 1143, "Ichorspit Basilisk": 1335, "Lakeside Shack": 1536, "Maze's Mantle": 1694, "Meat Locker // Drowned Diner": 1697, "Mesmerizing Dose": 1708, "Paladin of Predation": 1939, "Plague Nurse": 2003, "Tainted Observer": 2642, "Tangled Islet": 2653, "Thrummingbird": 2794, "Tyrranax Atrocity": 2888, "Venomous Brutalizer": 3009, "Viral Spawning": 3029, "Vivisurgeon's Insight": 3044, "Angelic Intervention": 65, "Omenpath Journey": 1879, "Poison Dart Frog": 2012, "Rampaging Baloths": 2096, "Rundvelt Hordemaster": 2247, "Migloz, Maze Crusher_SB": 1722, "Seraphic Steed": 2354, "Meticulous Excavation_SB": 1712, "Realmbreaker, the Invasion Tree": 2124, "Seeker's Folly_SB": 2344, "Deeproot Pilgrimage": 617, "Mistway Spy": 1749, "Vodalian Hexcatcher": 3046, "Grabby Giant": 1150, "Rite of the Dragoncaller": 2206, "Hulking Raptor": 1324, "Pugnacious Hammerskull": 2053, "Aegis Turtle": 17, "Venerated Rotpriest_SB": 3004, "Gwenna, Eyes of Gaea": 1193, "Halana and Alena, Partners": 1196, "Inga and Esika": 1357, "Myrel, Shield of Argive": 1800, "Hajar, Loyal Bodyguard_SB": 1195, "Surrak and Goreclaw_SB": 2617, "Invasion of Kaldheim": 1396, "Pia Nalaar, Consul of Revival": 1988, "Doomsday Excruciator_SB": 689, "Getaway Glamer_SB": 1063, "Bottomless Pool // Locker Room": 286, "Necrogen Communion": 1809, "Vraska Joins Up": 3066, "Thirsting Roots_SB": 2756, "Silver Scrutiny": 2403, "Battlefly Swarm": 189, "Solemn Simulacrum": 2459, "Maha, Its Feathers Night_SB": 1661, "The Stone Brain": 2740, "Decadent Dragon_SB": 611, "Viashino Pyromancer_SB": 3021, "Defiled Crypt // Cadaver Lab_SB": 628, "Heraldic Banner": 1264, "Heraldic Banner_SB": 1265, "Thalia and The Gitrog Monster": 2687, "Surgical Suite && Hospital Room_SB": 2613, "Beastie Beatdown": 193, "Rebel Salvo_SB": 2128, "Entity Tracker_SB": 810, "Aether Channeler": 19, "Defiled Crypt && Cadaver Lab": 625, "Exuberant Fuseling": 862, "Thundertrap Trainer_SB": 2803, "Abuelo's Awakening": 7, "Kitsa, Otterball Elite_SB": 1500, "Rona, Herald of Invasion_SB": 2233, "Unnerving Grasp_SB": 2928, "Fear of Surveillance": 914, "Wilt-Leaf Liege_SB": 3120, "Agrus Kos, Spirit of Justice": 33, "Muerra, Trash Tactician": 1791, "Kona, Rescue Beastie": 1517, "Time Stop": 2804, "Fleeting Flight_SB": 972, "Trash the Town_SB": 2855, "Crumb and Get It": 551, "Quick Draw_SB": 2066, "Smuggler's Surprise_SB": 2453, "Whisper of the Dross": 3108, "Vraska's Fall_SB": 3068, "Blasphemous Edict": 223, "Bottomless Pool // Locker Room_SB": 287, "The Princess Takes Flight_SB": 2729, "Anim Pakal, Thousandth Moon_SB": 68, "Adaptive Automaton": 14, "Three Tree Mascot": 2786, "Palani's Hatcher": 1940, "Temple of Abandon": 2666, "Mischievous Mystic": 1739, "Mechanized Warfare": 1700, "Defiler of Flesh": 630, "Garruk's Uprising": 1041, "Zul Ashur, Lich Lord": 3175, "Kraul Whipcracker_SB": 1521, "Restless Reef_SB": 2183, "Lifecreed Duo": 1579, "At Knifepoint_SB": 136, "Monstrous Rage_SB": 1775, "Kellan's Lightblades_SB": 1479, "Blasphemous Edict_SB": 224, "Annie Flash, the Veteran_SB": 72, "Defiled Crypt && Cadaver Lab_SB": 626, "Cultivator's Caravan": 564, "Scene of the Crime": 2301, "Demonic Ruckus_SB": 642, "Impact Tremors_SB": 1343, "Conspiracy Unraveler": 515, "Matzalantli, the Great Door": 1691, "Coveted Falcon_SB": 541, "Wishclaw Talisman_SB": 3127, "Swooping Lookout": 2626, "Recruitment Officer_SB": 2138, "Oko, the Ringleader_SB": 1875, "Kambal, Profiteering Mayor": 1457, "Kaya, Spirits' Justice_SB": 1471, "Invasion of Theros": 1405, "Highway Robbery_SB": 1294, "Intrepid Paleontologist": 1383, "Bolt Bend_SB": 261, "Wishclaw Talisman": 3126, "Feldon's Cane": 928, "Neutralize the Guards": 1818, "Ayli, Eternal Pilgrim": 154, "Disturbing Conversion": 674, "Shipwreck Dowser": 2379, "Abuelo's Awakening_SB": 8, "Builder's Talent_SB": 340, "Eerie Interference_SB": 758, "Untimely Malfunction": 2941, "Imprisoned in the Moon_SB": 1346, "Inquisitive Glimmer_SB": 1363, "Refute_SB": 2144, "Argentum Masticore": 107, "Hall of Tagsin": 1199, "Hedron Archive": 1253, "The Mycosynth Gardens": 2727, "Tomakul Honor Guard": 2831, "Obstinate Baloth": 1863, "Bramble Familiar": 296, "Felonious Rage_SB": 940, "Sphinx of the Final Word_SB": 2501, "Walk with the Ancestors": 3076, "Meathook Massacre II_SB": 1699, "Repulsive Mutation": 2163, "Sylvan Scavenging_SB": 2635, "Thundering Falls_SB": 2799, "Dowsing Device": 697, "Gleaming Geardrake": 1110, "Saheeli, Filigree Master": 2264, "Saheeli, Filigree Master_SB": 2265, "Dawn's Truce_SB": 588, "Scrawling Crawler": 2311, "Case of the Ransacked Lab": 396, "The Surgical Bay": 2742, "The Tale of Tamiyo": 2745, "Enduring Courage_SB": 791, "War Squeak_SB": 3082, "Spirebluff Canal_SB": 2510, "Ajani, Sleeper Agent": 38, "Charge of the Mites": 437, "Chandra, Flameshaper_SB": 428, "Expel the Interlopers": 845, "Bite Down": 210, "Gaea's Gift": 1033, "Trash the Town": 2854, "Corsair Captain": 529, "Lost Jitte_SB": 1628, "Blazing Crescendo_SB": 229, "Rip, Spawn Hunter": 2200, "Funeral Room // Awakening Hall": 1024, "Outlaw Medic": 1904, "Wilt-Leaf Liege": 3119, "Thousand Moons Smithy_SB": 2772, "Blightbelly Rat": 232, "Unnatural Restoration": 2925, "Carnivorous Canopy_SB": 385, "Gaea's Gift_SB": 1034, "Give In to Violence_SB": 1094, "Cityscape Leveler_SB": 462, "Nahiri's Resolve_SB": 1803, "Scrapwork Mutt": 2310, "Brazen Collector": 305, "Generous Plunderer": 1052, "Trial of Agony": 2860, "Zoyowa's Justice": 3174, "Ancestors' Aid_SB": 59, "Leyline of Resonance_SB": 1569, "Churning Reservoir": 455, "Magmatic Sprinter": 1657, "Sardian Cliffstomper": 2276, "Solphim, Mayhem Dominus": 2461, "The Monumental Facade": 2726, "Churning Reservoir_SB": 456, "Magmatic Sprinter_SB": 1658, "Monastery Swiftspear_SB": 1770, "Sardian Cliffstomper_SB": 2277, "Malcolm, Alluring Scoundrel_SB": 1668, "Repel Calamity_SB": 2162, "Samut, Vizier of Naktamun": 2267, "Call a Surprise Witness": 365, "Trostani, Three Whispers": 2866, "Tribute to the World Tree_SB": 2863, "Taii Wakeen, Perfect Shot": 2638, "Unruly Catapult": 2929, "Glassworks // Shattered Yard_SB": 1107, "Hulking Metamorph": 1323, "Rest in Peace": 2172, "Surge Engine_SB": 2608, "Fake Your Own Death": 882, "Massacre Girl, Known Killer": 1687, "Massacre Girl, Known Killer_SB": 1688, "Rakdos Joins Up_SB": 2089, "Rakdos, the Muscle_SB": 2092, "Ghalta and Mavren": 1065, "Hide in Plain Sight": 1284, "Progenitus": 2042, "Threats Around Every Corner": 2780, "Crystal Barricade": 559, "Green Sun's Twilight_SB": 1167, "Break Down the Door": 308, "Bubble Smuggler": 338, "Cryptid Inspector": 558, "Cursed Windbreaker": 573, "Exit Specialist": 841, "Polukranos Reborn_SB": 2018, "Hazardroot Herbalist": 1234, "Head of the Homestead": 1237, "Rabbit Response": 2070, "Treeguard Duo": 2858, "Uncharted Haven": 2902, "Warren Elder": 3090, "Head of the Homestead_SB": 1238, "Grab the Prize_SB": 1149, "Stroke of Midnight_SB": 2581, "Delney, Streetwise Lookout": 631, "Stroke of Midnight": 2580, "Ragged Playmate": 2081, "Fear of Surveillance_SB": 915, "Grand Entryway // Elegant Rotunda_SB": 1156, "Norin, Swift Survivalist_SB": 1841, "Ragged Playmate_SB": 2082, "Wandertale Mentor": 3080, "Vodalian Mindsinger_SB": 3047, "Back for Seconds": 158, "Eriette's Tempting Apple": 813, "Experimental Confectioner": 848, "Feed the Cauldron": 922, "Gingerbread Hunter": 1087, "Greta, Sweettooth Scourge": 1172, "Mintstrosity": 1730, "Return from the Wilds": 2193, "Scream Puff": 2313, "Spider Food": 2502, "Sweettooth Witch": 2621, "Three Bowls of Porridge": 2782, "Sugar Rush_SB": 2587, "Leonin Vanguard_SB": 1560, "Ruin-Lurker Bat_SB": 2244, "The Millennium Calendar_SB": 2724, "Veteran Survivor_SB": 3017, "Lich-Knights' Conquest": 1576, "Corrupted Conviction_SB": 528, "Deadly Brew_SB": 599, "Cheeky House-Mouse_SB": 445, "Dryad Militant": 730, "Contagious Vorrac": 518, "Necrogen Rotpriest": 1810, "Armored Scrapgorger_SB": 117, "Invasion of Fiora_SB": 1391, "Rush of Dread_SB": 2254, "Magebane Lizard": 1655, "Final Flourish_SB": 955, "Time Stop_SB": 2805, "Unnatural Restoration_SB": 2926, "Founding the Third Path_SB": 1005, "Binding Negotiation": 206, "Vraska, the Silencer": 3071, "Barkform Harvester": 178, "Rampaging Spiketail": 2098, "Invasion of Ergamon": 1390, "Beastie Beatdown_SB": 194, "Break Out_SB": 310, "Vengeful Possession": 3006, "Repair and Recharge": 2160, "Step Between Worlds_SB": 2552, "Hearthborn Battler_SB": 1250, "Hellspur Posse Boss": 1258, "Cynical Loner_SB": 578, "Hellspur Brute_SB": 1257, "Kellan, the Fae-Blooded": 1485, "Kemba, Kha Enduring": 1488, "Swiftfoot Boots": 2623, "Astor, Bearer of Blades_SB": 134, "Consuming Aberration": 517, "Knight of Dusk's Shadow": 1503, "No One Left Behind_SB": 1837, "Botanical Brawler": 282, "Dusk Legion Duelist": 737, "Stocking the Pantry": 2560, "Tribute to the World Tree": 2862, "Collector's Cage_SB": 488, "Dragonmaster Outcast": 709, "Evolved Sleeper": 837, "Friendly Teddy": 1014, "Consumed by Greed_SB": 516, "Hop to It_SB": 1309, "Skyfisher Spider_SB": 2431, "Chart a Course_SB": 443, "Johann's Stopgap_SB": 1440, "Let's Play a Game_SB": 1562, "Kroxa and Kunoros": 1526, "Festerleech": 944, "Fallaji Archaeologist_SB": 885, "Shrouded Shepherd": 2393, "Garruk's Uprising_SB": 1042, "Hexgold Halberd": 1277, "Surgical Suite && Hospital Room": 2612, "Soul Search": 2468, "Daggerfang Duo": 579, "Deathbloom Gardener": 605, "Hoarding Recluse": 1301, "Moonstone Harbinger": 1779, "Pestilent Syphoner": 1964, "Ygra, Eater of All": 3154, "Pile On": 1994, "Llanowar Elves_SB": 1603, "Mosswood Dreadknight_SB": 1785, "Take for a Ride_SB": 2645, "Boltwave_SB": 263, "Fleeting Flight": 971, "Stormchaser's Talent_SB": 2573, "Cactarantula": 358, "Ashnod's Harvester": 124, "Warhost's Frenzy": 3087, "Think Twice_SB": 2752, "Rustler Rampage": 2255, "Wojek Investigator": 3138, "Recommission_SB": 2136, "Searslicer Goblin_SB": 2327, "Felidar Cub": 931, "Oracle of Tragedy": 1888, "Tarrian's Journal": 2655, "Dusk Rose Reliquary_SB": 739, "Felidar Cub_SB": 932, "Knight-Errant of Eos_SB": 1508, "Ruthless Lawbringer_SB": 2257, "Detective's Satchel": 652, "Forensic Gadgeteer_SB": 994, "Ice Out_SB": 1332, "Geralf, the Fleshwright": 1056, "Geralf, the Fleshwright_SB": 1057, "Claim Jumper_SB": 465, "Mirrex_SB": 1735, "Tectonic Hazard": 2660, "Eaten Alive_SB": 751, "Ojer Pakpatiq, Deepest Epoch": 1872, "Disturbing Conversion_SB": 675, "Lithomantic Barrage": 1596, "Enduring Vitality_SB": 799, "Audience with Trostani_SB": 142, "Leyline of the Void": 1573, "Sentinel of Lost Lore": 2350, "Wylie Duke, Atiin Hero": 3150, "Defiler of Dreams_SB": 629, "Omen Hawker": 1877, "All Will Be One": 46, "Into the Fire": 1378, "Invasion of Karsus": 1397, "Cosmic Hunger": 532, "Paranormal Analyst": 1942, "Vannifar, Evolved Enigma": 2997, "Fog Bank_SB": 987, "Talion, the Kindly Lord_SB": 2651, "Surgical Suite // Hospital Room_SB": 2615, "Extraordinary Journey": 860, "Gold Pan": 1138, "Extraordinary Journey_SB": 861, "Nurturing Pixie_SB": 1852, "Moonshaker Cavalry": 1778, "Balemurk Leech": 163, "Bashful Beastie": 183, "Cackling Slasher": 356, "Defiant Survivor": 624, "Fear of the Dark": 916, "Flesh Burrower": 975, "Give In to Violence": 1093, "Grasping Longneck": 1157, "Horrid Vigor": 1315, "Innocuous Rat": 1361, "Let's Play a Game": 1561, "Wickerfolk Thresher": 3112, "Winter's Intervention": 3124, "Leyline of Transformation": 1571, "Saheeli's Lattice": 2263, "Etali, Primal Storm_SB": 830, "Adamant Will": 13, "Goldvein Pick": 1141, "Moment of Triumph": 1763, "Pilfer": 1996, "Public Thoroughfare": 2052, "Undying Malice": 2912, "Cancel_SB": 370, "Opt_SB": 1885, "Connecting the Dots_SB": 512, "Bushwhack_SB": 354, "Mistbreath Elder_SB": 1748, "Polliwallop_SB": 2015, "Realmbreaker's Grasp_SB": 2123, "Stickytongue Sentinel_SB": 2555, "Tumbleweed Rising_SB": 2869, "Analyze the Pollen_SB": 57, "Annihilating Glare": 74, "Fanatical Offering": 889, "Sword of Wealth and Power": 2631, "Makeshift Binding": 1665, "Pelakka Wurm": 1955, "Jump Scare_SB": 1446, "Progenitus_SB": 2043, "Harvestrite Host": 1222, "Cut Short_SB": 576, "Family Reunion_SB": 886, "Skulduggery": 2422, "Skulduggery_SB": 2423, "Lassoed by the Law": 1537, "Mabel's Mettle": 1647, "Minor Misstep": 1728, "Central Elevator // Promising Stairs": 420, "Creeping Peeper": 546, "Dazzling Theater // Prop Room": 594, "Erratic Apparition": 816, "Fear of Abduction": 900, "Fear of Falling": 904, "Lionheart Glimmer": 1594, "Restricted Office // Lecture Hall": 2191, "Underwater Tunnel // Slimy Aquarium": 2911, "Stalked Researcher_SB": 2533, "Tunnel Surveyor_SB": 2873, "Archon of Cruelty": 103, "Bloodstained Mire": 247, "Brazen Borrower": 303, "Counterspell": 539, "Faithless Looting": 881, "Fatal Push": 893, "Force of Negation": 990, "Misty Rainforest": 1750, "Persist": 1960, "Polluted Delta": 2016, "Psychic Frog": 2050, "Scalding Tarn": 2290, "Sink into Stupor": 2410, "Spell Snare": 2492, "Steam Vents": 2544, "Tamiyo, Inquisitive Student": 2652, "Thoughtseize": 2769, "Unearth": 2913, "Watery Grave": 3095, "Consign to Memory_SB": 514, "Fable of the Mirror-Breaker_SB": 866, "Harbinger of the Seas_SB": 1209, "Nihil Spellbomb_SB": 1826, "Stern Scolding_SB": 2554, "Surgical Extraction_SB": 2611, "Ajani, Nacatl Pariah": 37, "Arena of Glory": 106, "Arid Mesa": 111, "Blood Crypt": 236, "Chained to the Rocks": 423, "Goblin Bombardment": 1127, "Godless Shrine": 1137, "Guide of Souls": 1188, "Marsh Flats": 1685, "Ocelot Pride": 1866, "Phelia, Exuberant Shepherd": 1970, "Phlage, Titan of Fire's Fury": 1971, "Sacred Foundry": 2262, "Seasoned Pyromancer": 2336, "Thraben Charm": 2773, "Chained to the Rocks_SB": 424, "Drannith Magistrate_SB": 713, "Obsidian Charmaw_SB": 1862, "Orim's Chant_SB": 1890, "Ragavan, Nimble Pilferer_SB": 2080, "Stony Silence_SB": 2567, "Wear // Tear_SB": 3099, "Wrath of the Skies_SB": 3142, "Blazing Rootwalla": 230, "Burning Inquiry": 346, "Detective's Phoenix": 651, "Flameblade Adept": 965, "Goblin Lore": 1131, "Hollow One": 1303, "Lightning Bolt": 1581, "Stomping Ground": 2566, "Street Wraith": 2577, "Vengevine": 3008, "Wooded Foothills": 3139, "Cursed Totem_SB": 572, "Meltdown_SB": 1704, "Barbarian Ring": 176, "Eidolon of the Great Revel": 761, "Flare of Duplication": 969, "Goblin Guide": 1130, "Lava Spike": 1543, "Rift Bolt": 2198, "Searing Blaze": 2324, "Skewer the Critics": 2415, "Skullcrack": 2426, "Sunbaked Canyon": 2592, "Ensnaring Bridge_SB": 805, "Faerie Macabre_SB": 876, "Smash to Smithereens_SB": 2450, "Amulet of Vigor": 53, "Arboreal Grazer": 87, "Boseiju, Who Endures": 280, "Crumbling Vestige": 553, "Dryad Arbor": 729, "Dryad of the Ilysian Grove": 732, "Echoing Deeps": 754, "Explore": 850, "Green Sun's Zenith": 1168, "Gruul Turf": 1184, "Hanweir Battlements": 1206, "Lotus Field": 1631, "Mirrorpool": 1738, "Otawara, Soaring City": 1898, "Primeval Titan": 2036, "Scapeshift": 2295, "Shifting Woodland": 2378, "Simic Growth Chamber": 2407, "Summoner's Pact": 2589, "Tolaria West": 2827, "Urza's Cave": 2959, "Urza's Saga": 2962, "Valakut, the Molten Pinnacle": 2968, "Vesuva": 3012, "Bojuka Bog_SB": 260, "Collector Ouphe_SB": 486, "Defense Grid_SB": 623, "Dismember_SB": 668, "Endurance_SB": 789, "Force of Vigor_SB": 991, "Tireless Tracker_SB": 2813, "Vampires' Vengeance_SB": 2991, "Dwarven Mine": 743, "Fable of the Mirror-Breaker": 865, "Flooded Strand": 976, "Indomitable Creativity": 1351, "Jetmir's Garden": 1434, "Prismatic Ending": 2039, "Wrenn and Six": 3146, "Xander's Lounge": 3151, "Boseiju, Who Endures_SB": 281, "Damping Sphere_SB": 580, "Hurkyl's Recall_SB": 1328, "Toxic Deluge_SB": 2842, "Cling to Dust": 474, "Harbinger of the Seas": 1208, "Murktide Regent": 1797, "Preordain": 2031, "Thought Scour": 2766, "Engineered Explosives_SB": 802, "Mystical Dispute_SB": 1802, "Spell Pierce_SB": 2491, "The Meathook Massacre_SB": 2721, "Orcish Bowmasters": 1889, "Galvanic Discharge": 1036, "Showdown of the Skalds_SB": 2391, "Thoughtseize_SB": 2770, "Den of the Bugbear": 643, "Devastating Summons": 653, "Foundry Street Denizen": 1006, "Goblin Bushwhacker": 1128, "Goblin Grenade": 1129, "Goblin Piledriver": 1133, "Legion Loyalist": 1556, "Mogg War Marshal": 1754, "Reckless Bushwhacker": 2129, "Skirk Prospector": 2416, "Sokenzan, Crucible of Defiance": 2458, "Blood Moon_SB": 238, "Magus of the Moon_SB": 1659, "Reality Hemorrhage_SB": 2121, "Shattering Spree_SB": 2369, "Tormod's Crypt_SB": 2838, "Ziatora's Proving Ground": 3166, "Terastodon_SB": 2679, "Veil of Summer_SB": 3000, "Consider": 513, "Graveyard Trespasser": 1158, "Exquisite Firecraft_SB": 853, "Searing Blood_SB": 2325, "Tunnel Ignus_SB": 2871, "Ragavan, Nimble Pilferer": 2079, "Showdown of the Skalds": 2390, "Static Prison": 2542, "Windswept Heath": 3122, "Fear, Fire, Foes!_SB": 917, "Vexing Bauble": 3018, "Colossal Skyturtle_SB": 495, "Generous Ent_SB": 1051, "Grist, the Hunger Tide_SB": 1178, "Hexdrinker_SB": 1276, "Giant Growth_SB": 1082, "Slice from the Shadows": 2443, "Talion, the Kindly Lord": 2650, "Over the Edge_SB": 1909, "Poison Dart Frog_SB": 2013, "Come Back Wrong": 499, "Glassworks // Shattered Yard": 1106, "Beamtown Beatstick": 191, "Celestial Armor": 417, "Diamond Pick-Axe": 659, "Carrot Cake_SB": 388, "Edgewall Inn": 757, "Goliath Hatchery_SB": 1144, "Balmor, Battlemage Captain": 166, "Bria, Riptide Rogue": 314, "Freeze in Place": 1011, "Relic's Roar": 2154, "Run Away Together_SB": 2245, "Scalding Viper_SB": 2292, "Harrier Strix": 1218, "Snaremaster Sprite": 2456, "The Filigree Sylex": 2704, "Hardened Escort": 1214, "Holy Cow": 1305, "Living Phone": 1601, "Unsettling Twins": 2932, "Feather of Flight_SB": 920, "Possessed Goat_SB": 2026, "Raccoon Rallier_SB": 2073, "Rogue's Passage_SB": 2228, "The Jolly Balloon Man_SB": 2715, "Unsettling Twins_SB": 2933, "Heartfire Hero_SB": 1243, "Inti, Seneschal of the Sun_SB": 1375, "Pests of Honor": 1966, "Three Blind Mice": 2781, "Dauntless Dismantler_SB": 586, "Phoenix Chick_SB": 1973, "Gleaming Barrier": 1108, "Gleaming Barrier_SB": 1109, "Solemn Simulacrum_SB": 2460, "Sure Strike_SB": 2606, "Twinferno_SB": 2878, "Ancestors' Aid": 58, "Dwarven Forge-Chanter": 742, "Furious Bellow": 1026, "Ghitu Amplifier": 1070, "Heartfire Immolator": 1244, "Sure Strike": 2605, "Whiskerquill Scribe": 3107, "Brambleguard Captain": 297, "Defabricate": 619, "Fear of Burning Alive": 903, "Iron-Fist Pulverizer": 1415, "Johann, Apprentice Sorcerer": 1441, "Keldon Flamesage": 1476, "Kraum, Violent Cacophony": 1522, "Molten Tributary": 1760, "Nightwhorl Hermit": 1825, "Pyrotechnic Performer": 2060, "Razzle-Dazzler": 2120, "Stop Cold": 2568, "Thopter Mechanic": 2761, "Vesuvan Drifter": 3013, "Involuntary Cooldown_SB": 1411, "Kellan, Planar Trailblazer_SB": 1484, "Mishra's Command_SB": 1744, "Out of Air_SB": 1901, "Plan the Heist_SB": 2006, "Sleight of Hand_SB": 2442, "Trick Shot_SB": 2864, "Violent Urge_SB": 3028, "Charge of the Mites_SB": 438, "Halo Hopper": 1203, "Hellspur Posse Boss_SB": 1259, "Grand Abolisher": 1152, "Unnerving Grasp": 2927, "Make Your Move_SB": 1662, "Harbinger of the Tides": 1210, "Harbinger of the Tides_SB": 1211, "Fynn, the Fangbearer_SB": 1032, "Bottomless Pool && Locker Room_SB": 285, "Pile On_SB": 1995, "Cat Collector": 401, "Growing Rites of Itlimoc": 1180, "Into the Roil": 1381, "Into the Roil_SB": 1382, "Ayara, Widow of the Realm": 153, "Arachnoid Adaptation": 84, "Throw from the Saddle": 2793, "Longstalk Brawl_SB": 1616, "Thrill of Possibility_SB": 2791, "Season of Gathering": 2328, "Warren Warleader": 3091, "Horrid Vigor_SB": 1316, "Lionheart Glimmer_SB": 1595, "Omnivorous Flytrap_SB": 1882, "Seasoned Warrenguard_SB": 2338, "Feldon, Ronom Excavator": 930, "Roc Hunter": 2222, "Scalding Viper": 2291, "Adventuring Gear_SB": 16, "Fear of Being Hunted_SB": 902, "Vicious Clown_SB": 3023, "Jump Scare": 1445, "Niko, Light of Hope": 1827, "Stalked Researcher": 2532, "Tunnel Surveyor": 2872, "Fear of Isolation_SB": 910, "Splash Portal_SB": 2514, "Demonic Pact_SB": 640, "Rite of the Dragoncaller_SB": 2207, "Valorous Stance": 2986, "Lodestone Needle": 1609, "Sawblade Skinripper_SB": 2286, "Bleachbone Verge": 231, "Intimidation Tactics": 1376, "Ketramose, the New Dawn": 1489, "Sunbillow Verge": 2593, "Grim Bauble": 1176, "Momentum Breaker": 1765, "Afterburner Expert": 24, "Draconautics Engineer": 698, "Dredger's Insight": 723, "Loot, the Pathfinder": 1619, "Molt Tender": 1756, "Restless Spire_SB": 2187, "Spell Pierce": 2490, "Defend the Rider": 621, "Hazoret, Godseeker": 1236, "Debris Beetle": 608, "Wastewood Verge": 3094, "Vein Ripper_SB": 3002, "Oildeep Gearhulk": 1868, "Haunt the Network_SB": 1226, "Bartolom\u00e9 del Presidio_SB": 182, "Lunar Convocation_SB": 1640, "Bloodghast": 243, "Valley Rotcaller_SB": 2983, "Oildeep Gearhulk_SB": 1869, "Monument to Endurance": 1776, "Gleeful Demolition_SB": 1112, "Ride's End": 2196, "Willowrush Verge": 3118, "Outpace Oblivion_SB": 1906, "Transmutation Font": 2851, "Braided Net_SB": 293, "Cunning Coyote_SB": 566, "Chandra, Spark Hunter_SB": 432, "Explosive Derailment_SB": 852, "Bounce Off": 289, "Greasewrench Goblin": 1160, "Marauding Mako": 1679, "Riverpyre Verge": 2215, "Scrounging Skyray": 2318, "Bounce Off_SB": 290, "Lightwheel Enhancements": 1586, "Grim Bauble_SB": 1177, "Momentum Breaker_SB": 1766, "Tomik, Wielder of Law_SB": 2833, "Engine Rat": 800, "Gonti, Night Minister": 1145, "Perilous Snare": 1958, "Teysa, Opulent Oligarch": 2686, "Memory Guardian": 1705, "Mendicant Core, Guidelight": 1706, "Diversion Unit_SB": 680, "Gumdrop Poisoner": 1191, "The Aetherspark": 2689, "Brightglass Gearhulk": 317, "Voyager Glidecar": 3063, "Chandra, Spark Hunter": 431, "Intimidation Tactics_SB": 1377, "Optimistic Scavenger_SB": 1887, "Captain Howler, Sea Scourge": 377, "Gastal Thrillroller": 1046, "Mishra's Command": 1743, "Phyrexian Dragon Engine": 1978, "Overgrown Zealot": 1912, "Riptide Gearhulk": 2201, "Transit Mage": 2850, "Conduit of Worlds_SB": 509, "Diversion Unit": 679, "Muraganda Raceway": 1794, "Nesting Bot": 1815, "Repurposing Bay": 2165, "Lumbering Worldwagon": 1634, "Gastal Thrillroller_SB": 1047, "Lifecraft Engine": 1578, "Mindspring Merfolk": 1727, "Mu Yanling, Wind Rider": 1789, "Caelorna, Coral Tyrant_SB": 359, "Overrun": 1925, "Heliod, the Radiant Dawn": 1255, "Twinblade Blessing": 2876, "The Speed Demon_SB": 2738, "Zephyr Singer_SB": 3163, "Burnout Bashtronaut": 348, "Defend the Rider_SB": 622, "Demonic Junker": 637, "Nexus of Becoming": 1820, "Amonkhet Raceway": 52, "Gastal Thrillseeker": 1048, "The Last Ride": 2718, "The Speed Demon": 2737, "Ancient Vendetta_SB": 62, "Monument to Endurance_SB": 1777, "Quag Feast": 2061, "Gastal Raider_SB": 1045, "Howlsquad Heavy": 1319, "Count on Luck_SB": 538, "Ketramose, the New Dawn_SB": 1490, "Thunderous Velocipede": 2800, "Regal Imperiosaur": 2149, "Intrepid Paleontologist_SB": 1384, "Voyager Glidecar_SB": 3064, "Fuel the Flames": 1017, "Skycrash": 2428, "Broadside Barrage_SB": 329, "Fuel the Flames_SB": 1018, "Locust Spray": 1608, "Invasion of Regatha_SB": 1401, "Riverchurn Monument": 2212, "Agonasaur Rex": 31, "Tyrox, Saurid Tyrant": 2887, "Spectacular Pileup": 2485, "Coalstoke Gearhulk_SB": 478, "Sandstalker Moloch_SB": 2268, "Boosted Sloop": 276, "Broadside Barrage": 328, "Thopter Fabricator_SB": 2760, "Esoteric Duplicator": 822, "Voyage Home": 3062, "Aether Syphon_SB": 21, "Ride's End_SB": 2197, "Thalia and The Gitrog Monster_SB": 2688, "Leaf-Crowned Visionary_SB": 1551, "Mossborn Hydra_SB": 1783, "Overrun_SB": 1926, "Painful Quandary_SB": 1934, "Wardens of the Cycle_SB": 3086, "Zahur, Glory's Past": 3160, "Quag Feast_SB": 2062, "Collision Course_SB": 492, "Playful Shove": 2008, "Red Sun's Twilight_SB": 2139, "Perilous Snare_SB": 1959, "Debris Beetle_SB": 609, "Pit Automaton": 2000, "Visage of Dread": 3040, "The Last Ride_SB": 2719, "Visage of Dread_SB": 3041, "Fearless Swashbuckler": 918, "Unctus, Grand Metatect": 2903, "Mishra, Claimed by Gix": 1746, "Bloated Contaminator_SB": 235, "Melira, the Living Cure_SB": 1703, "The Aetherspark_SB": 2690, "Webstrike Elite": 3102, "Webstrike Elite_SB": 3103, "Coiling Rebirth_SB": 482, "Invasion of Mercadia": 1399, "Gas Guzzler": 1043, "Say Its Name_SB": 2288, "Spectral Interference_SB": 2488, "Stock Up": 2558, "Spectacular Pileup_SB": 2486, "Far Fortune, End Boss": 890, "Expel the Interlopers_SB": 846, "Flotsam // Jetsam_SB": 980, "Claim Jumper": 464, "Ancient Vendetta": 61, "Full Throttle_SB": 1021, "Loot, the Key to Everything_SB": 1618, "Loot, the Pathfinder_SB": 1620, "Unstable Glyphbridge_SB": 2935, "Urza's Command_SB": 2960, "Lassoed by the Law_SB": 1538, "Blast Zone_SB": 226, "Basri, Tomorrow's Champion": 186, "Skyseer's Chariot_SB": 2434, "Dive Down": 677, "Engine Rat_SB": 801, "Essence Channeler_SB": 824, "Lunar Insight": 1641, "Jodah, the Unifier_SB": 1439, "Dropkick Bomber": 726, "Coalstoke Gearhulk": 477, "Visage Bandit": 3039, "Waxen Shapethief": 3096, "Dune Drifter": 734, "Rampaging Raptor": 2097, "Agonasaur Rex_SB": 32, "Become Brutes": 195, "The Elder Dragon War_SB": 2697, "Kellan, Inquisitive Prodigy_SB": 1482, "Caradora, Heart of Alacria": 381, "Skyseer's Chariot": 2433, "Valor's Flagship": 2984, "Veteran Beastrider": 3015, "Threadbind Clique": 2779, "Twining Twins": 2880, "Boommobile_SB": 273, "Radiant Lotus_SB": 2076, "Boommobile": 272, "Forging the Anchor": 998, "Radiant Lotus": 2075, "The Mightstone and Weakstone_SB": 2723, "Bloodthorn Flail": 250, "Flamewake Phoenix": 967, "Cryptcaller Chariot_SB": 555, "Volley Veteran": 3055, "Riptide Gearhulk_SB": 2202, "Riverchurn Monument_SB": 2213, "Spiteful Hexmage_SB": 2512, "Clamorous Ironclad": 468, "Furnace Host Charger": 1027, "Alania, Divergent Storm": 43, "Frolicking Familiar": 1015, "Wishing Well": 3128, "Resplendent Angel_SB": 2170, "Cephalopod Sentry": 421, "Tinker's Tote": 2807, "Thopter Fabricator": 2759, "Haunt the Network": 1225, "Sorcerous Spyglass": 2464, "Demonic Junker_SB": 638, "Redshift, Rocketeer Chief": 2141, "Halana and Alena, Partners_SB": 1197, "Valor's Flagship_SB": 2985, "Stall Out": 2534, "Stall Out_SB": 2535, "Gloryheath Lynx": 1120, "Sovereign Okinec Ahau": 2482, "The Raven Man": 2730, "The Raven Man_SB": 2731, "Broodheart Engine": 330, "Marketback Walker": 1683, "Sab-Sunen, Luxa Embodied": 2260, "Simian Simulacrum": 2406, "Sylvan Scavenging": 2634, "Bat Colony": 187, "Calamitous Cave-In": 360, "Gargantuan Leech": 1038, "Hidden Volcano": 1283, "Promising Vein": 2046, "Boom Box": 271, "Broadcast Rambler": 327, "Possession Engine": 2027, "Leyline Binding_SB": 1565, "Bulwark Ox": 342, "Reluctant Role Model": 2155, "Reluctant Role Model_SB": 2156, "Mold Adder_SB": 1755, "Marketback Walker_SB": 1684, "Daretti, Rocketeer Engineer": 581, "Threefold Thunderhulk": 2788, "Tune Up": 2870, "Meteor Golem_SB": 1710, "Burnout Bashtronaut_SB": 349, "Gastal Raider": 1044, "Oviya, Automech Artisan": 1930, "The Skullspore Nexus_SB": 2736, "Market Gnome_SB": 1682, "Cosmium Confluence": 535, "Festival of Embers": 945, "Hidden Nursery": 1282, "Skycrash_SB": 2429, "Nexus of Becoming_SB": 1821, "Sab-Sunen, Luxa Embodied_SB": 2261, "Earthrumbler": 748, "Collector's Vault_SB": 490, "Thran Spider_SB": 2776, "Akal Pakal, First Among Equals_SB": 41, "Deepfathom Echo": 616, "Forensic Researcher": 995, "Oko, the Ringleader": 1874, "Chitin Gravestalker": 448, "Starving Revenant_SB": 2540, "Steamcore Scholar_SB": 2546, "Ojer Pakpatiq, Deepest Epoch_SB": 1873, "Thunderous Velocipede_SB": 2801, "Stock Up_SB": 2559, "Fear of Infinity_SB": 908, "Dredger's Insight_SB": 724, "Fauna Shaman_SB": 896, "Barrow Naughty": 180, "Faerie Slumber Party": 879, "Mocking Sprite": 1751, "Spellscorn Coven": 2497, "Talion's Messenger": 2648, "Coerced to Kill": 480, "Etrata, Deadly Fugitive": 835, "Unstoppable Plan_SB": 2936, "Hoarding Broodlord": 1300, "Shadow-Rite Priest": 2361, "Nahiri's Warcrafting_SB": 1804, "Baral and Kari Zev": 175, "Enigma Drake": 803, "Eroded Canyon": 814, "Brightfield Glider": 316, "Congregation Gryff": 511, "Giant Beaver": 1078, "Lagorin, Soul of Alacria": 1534, "Miriam, Herd Whisperer": 1732, "Ornery Tumblewagg": 1891, "Trained Arynx": 2843, "Run Over_SB": 2246, "Vivisurgeon's Insight_SB": 3045, "Night Market": 1823, "Stockpiling Celebrant": 2561, "Carrion Locust_SB": 386, "Skullcap Snail_SB": 2425, "Stockpiling Celebrant_SB": 2562, "Akal Pakal, First Among Equals": 40, "Forensic Gadgeteer": 993, "Deduce_SB": 613, "Wreck Remover_SB": 3143, "Fountainport Bell": 1008, "Guidelight Optimizer": 1189, "Oaken Siren": 1854, "Machine Over Matter_SB": 1651, "Spinewoods Paladin": 2506, "Phyrexian Missionary_SB": 1983, "Sunder the Gateway": 2594, "Malcator, Purity Overseer": 1666, "Tranquil Cove_SB": 2847, "Crumb and Get It_SB": 552, "Flame Lash": 964, "Exsanguinate": 854, "Exsanguinate_SB": 855, "Syr Ginger, the Meal Ender_SB": 2637, "Legion Extruder_SB": 1555, "Blade of the Oni": 219, "Blightstep Pathway": 233, "Bloodtithe Harvester": 251, "Mutavault": 1799, "Urborg, Tomb of Yawgmoth": 2956, "Extinction Event_SB": 857, "Go Blank_SB": 1124, "Hidetsugu Consumes All_SB": 1285, "Invoke Despair_SB": 1410, "Unlicensed Hearse_SB": 2924, "Breeding Pool": 313, "Enigmatic Incarnation": 804, "Indatha Triome": 1350, "Linvala, the Preserver": 1593, "Overgrown Tomb": 1911, "Savai Triome": 2280, "Skyclave Apparition": 2427, "Spara's Headquarters": 2483, "Vanishing Verse": 2995, "Zagoth Triome": 3159, "Archon of Emeria_SB": 104, "Knockout Blow_SB": 1509, "Ruric Thar, the Unbowed_SB": 2252, "Thought Distortion_SB": 2765, "Yorion, Sky Nomad_SB": 3156, "Cauldron Familiar": 406, "Claim the Firstborn": 466, "Deadly Dispute": 602, "Mayhem Devil": 1692, "Witch's Oven": 3131, "Ob Nixilis, the Adversary_SB": 1858, "Darksteel Citadel": 585, "Ensoul Artifact": 806, "Riverglide Pathway": 2214, "Shrapnel Blast": 2392, "Smuggler's Copter": 2451, "Voldaren Epicure": 3052, "Aether Gust_SB": 20, "Annul_SB": 75, "Rending Volley_SB": 2159, "Shadowspear_SB": 2362, "Voltage Surge_SB": 3056, "Cragcrown Pathway": 542, "Ramunap Ruins": 2099, "Reckless Rage": 2132, "Soul-Scar Mage": 2473, "Experimental Frenzy_SB": 849, "Hazoret the Fervent_SB": 1235, "Redcap Melee_SB": 2140, "Extinction Event": 856, "Anger of the Gods_SB": 66, "Fatal Push_SB": 894, "Gifted Aetherborn_SB": 1083, "Claim // Fame": 463, "Infuriate": 1356, "Kumano Faces Kakkazan": 1528, "Claim the Firstborn_SB": 467, "Grafdigger's Cage_SB": 1151, "Castle Locthwain": 400, "Clearwater Pathway": 471, "Field of Ruin": 947, "Geier Reach Sanitarium": 1050, "Hall of Storm Giants": 1198, "Hive of the Eye Tyrant": 1299, "Narset, Parter of Veils": 1805, "Omen of the Sea": 1878, "Paradoxical Outcome": 1941, "Shipwreck Marsh": 2380, "Takenuma, Abandoned Mire": 2647, "The Meathook Massacre": 2720, "Ashiok, Dream Render_SB": 120, "Weathered Runestone_SB": 3101, "Fetid Pools": 946, "Yorion, Sky Nomad": 3155, "Collective Brutality": 484, "Faithful Mending": 880, "Greasefang, Okiba Boss": 1159, "Hallowed Fountain": 1200, "Parhelion II": 1943, "Raffine's Tower": 2078, "Shattered Sanctum": 2368, "Skysovereign, Consul Flagship": 2435, "Stubborn Denial": 2584, "Tainted Indulgence": 2641, "Deafening Silence_SB": 604, "Dovin's Veto_SB": 696, "Silence_SB": 2399, "Vanishing Verse_SB": 2996, "Krenko's Buzzcrusher": 1523, "Arclight Phoenix": 105, "Fiery Impulse": 953, "Izzet Charm": 1424, "Lightning Axe": 1580, "Prismari Command": 2037, "Spikefield Hazard": 2503, "Stormcarved Coast": 2570, "Treasure Cruise": 2856, "Dawnwing Marshal": 589, "Bishop of Wings": 209, "Branchloft Pathway": 299, "Cave of the Frost Dragon": 410, "Collected Company": 483, "Eiganjo, Seat of the Empire": 762, "Nykthos, Shrine to Nyx": 1853, "Overgrown Farmland": 1910, "Portable Hole": 2021, "Resplendent Marshal": 2171, "Righteous Valkyrie": 2199, "Temple Garden": 2665, "Archon of Absolution_SB": 102, "Brave the Elements_SB": 301, "Brutal Cathar_SB": 337, "Heroic Intervention_SB": 1273, "Reidane, God of the Worthy_SB": 2150, "Shapers' Sanctuary_SB": 2364, "Colossus Hammer": 496, "Eldritch Evolution": 765, "Mana Confluence": 1672, "Raffine's Informant": 2077, "Sigarda's Aid": 2397, "Soulflayer": 2475, "Sylvan Caryatid": 2633, "Bloodline Culling_SB": 246, "Collective Brutality_SB": 485, "Portable Hole_SB": 2022, "Cavalier of Thorns": 409, "Elvish Mystic": 782, "Kiora, Behemoth Beckoner": 1493, "Lair of the Hydra": 1535, "Leyline of the Guildpact": 1572, "Oath of Nissa": 1856, "Old-Growth Troll": 1876, "Storm the Festival": 2569, "Ulvenwald Oddity": 2897, "Arasta of the Endless Web_SB": 86, "Emrakul, the Promised End_SB": 788, "Setessan Petitioner_SB": 2360, "Burner Rocket": 345, "Cloudspire Skycycle": 476, "Dynamite Diver": 747, "Guidelight Synergist": 1190, "Kolodin, Triumph Caster": 1514, "Count on Luck": 537, "Frenzied Goblin": 1012, "Doubling Season_SB": 694, "Fanatical Firebrand_SB": 888, "Howlsquad Heavy_SB": 1320, "Reckless Lackey_SB": 2131, "Rundvelt Hordemaster_SB": 2248, "District Mascot": 673, "Shivan Devastator": 2381, "Zimone, Paradox Sculptor": 3167, "Tyvar, the Pummeler_SB": 2896, "Zopandrel, Hunger Dominus_SB": 3171, "Aurelia, the Warleader": 144, "Gilded Ghoda": 1086, "Ledger Shredder": 1553, "Brazen Borrower_SB": 304, "Prismari Command_SB": 2038, "Ashiok, Nightmare Muse_SB": 121, "Foreboding Ruins": 992, "Invoke Despair": 1409, "Kroxa, Titan of Death's Hunger": 1527, "Kolaghan's Command_SB": 1513, "Haunted Ridge": 1228, "Barrier Breach_SB": 179, "Leyline of Sanctity_SB": 1570, "Bonecrusher Giant": 265, "Burning-Tree Emissary": 347, "Chandra, Torch of Defiance": 433, "Collision // Colossus": 491, "Gruul Spellbreaker": 1183, "Kami's Flare": 1460, "Pelt Collector": 1956, "Voltaic Brawler": 3057, "Zhur-Taa Goblin": 3165, "Bonecrusher Giant_SB": 266, "Chandra, Torch of Defiance_SB": 434, "Cindervines_SB": 458, "Kami's Flare_SB": 1461, "Roiling Vortex_SB": 2229, "Furnace Punisher_SB": 1028, "Laughing Jasper Flint_SB": 1542, "Rocky Roads": 2225, "Lumbering Worldwagon_SB": 1635, "Cosmic Rebirth_SB": 534, "Mondrak, Glory Dominus_SB": 1771, "Become Brutes_SB": 196, "Goblin Oriflamme": 1132, "Drake Hatcher_SB": 711, "Eddymurk Crab_SB": 756, "Cindering Cutthroat_SB": 457, "Ravine Raider_SB": 2113, "Risky Shortcut_SB": 2204, "Spin Out_SB": 2504, "Steampath Charger_SB": 2547, "Devouring Sugarmaw": 654, "Amalia Benavides Aguirre_SB": 50, "Elas il-Kor, Sadistic Pilgrim_SB": 764, "Fiendish Panda_SB": 949, "Knight of Dawn's Light_SB": 1502, "Mimeoplasm, Revered One": 1724, "Etched Familiar": 832, "Spectral Interference": 2487, "Winter, Cursed Rider": 3125, "Radiant Grove": 2074, "Streetwise Negotiator_SB": 2578, "Map the Frontier": 1676, "Divine Resilience": 681, "Greenhouse // Rickety Gazebo": 1169, "Silken Strength": 2402, "Realm-Scorcher Hellkite": 2122, "Spyglass Siren_SB": 2525, "Sentinel of Lost Lore_SB": 2351, "Herd Migration_SB": 1269, "Kykar, Zephyr Awakener": 1533, "The Huntsman's Redemption_SB": 2710, "Lathril, Blade of the Elves_SB": 1540, "Armored Armadillo_SB": 114, "Gixian Infiltrator_SB": 1100, "Gloryheath Lynx_SB": 1121, "Threefold Thunderhulk_SB": 2789, "Primeval Bounty": 2034, "Cryptcaller Chariot": 554, "Steel Hellkite_SB": 2548, "Rangers' Refueler": 2100, "Mindsparker_SB": 1725, "Cursed Recording_SB": 571, "Thirsting Roots": 2755, "Gigantosaurus": 1084, "Llanowar Stalker": 1606, "Ghalta, Primal Hunger_SB": 1067, "Gigantosaurus_SB": 1085, "Disenchant": 663, "Captain Howler, Sea Scourge_SB": 378, "Karn, Living Legacy_SB": 1464, "Quaketusk Boar": 2063, "Kellan Joins Up": 1478, "Ovika, Enigma Goliath_SB": 1929, "The Stasis Coffin": 2739, "Bestow Greatness_SB": 200, "Leaping Ambush": 1552, "Raucous Theater_SB": 2111, "Flowstone Infusion_SB": 986, "Alesha, Who Laughs at Fate_SB": 45, "Lazav, Wearer of Faces_SB": 1549, "Harmless Offering_SB": 1217, "Return Triumphant": 2192, "Souls of the Lost_SB": 2478}}