{"vocabulary": {"Anoint with Affliction": 75, "Archfiend of the Dross": 97, "Blooming Marsh": 254, "Caustic Bronco": 406, "Cut Down": 575, "Demolition Field": 635, "Duress": 738, "Forest": 1000, "Fountainport": 1011, "Glissa Sunslayer": 1122, "Go for the Throat": 1132, "Llanowar Wastes": 1615, "Mosswood Dreadknight": 1794, "Restless Cottage": 2188, "Sheoldred, the Apocalypse": 2393, "Swamp": 2641, "Tranquil Frillback": 2871, "Underground Mortuary": 2932, "Unholy Annex && Ritual Chamber": 2940, "Aclazotz, Deepest Betrayal_SB": 12, "Anoint with Affliction_SB": 76, "Choking Miasma_SB": 450, "Ghost Vacuum_SB": 1081, "Gix's Command_SB": 1103, "Harvester of Misery_SB": 1228, "Liliana of the Veil_SB": 1597, "Nissa, Ascended Animist_SB": 1841, "Tear Asunder_SB": 2681, "Tranquil Frillback_SB": 2872, "Arabella, Abandoned Doll": 80, "Battlefield Forge": 187, "Case of the Gateway Express": 391, "Cavern of Souls": 411, "Get Lost": 1065, "Gleeful Demolition": 1118, "Imodane's Recruiter": 1348, "Inspiring Vantage": 1381, "Knight-Errant of Eos": 1515, "Legion Extruder": 1562, "Mirrex": 1743, "Mountain": 1796, "Novice Inspector": 1857, "Nurturing Pixie": 1861, "Painter's Studio // Defaced Gallery": 1947, "Plains": 2010, "Regal Bunnicorn": 2155, "Resolute Reinforcements": 2178, "Restless Bivouac": 2186, "Sanguine Evangelist": 2288, "Thran Portal": 2798, "Warden of the Inner Sky": 3105, "Warleader's Call": 3110, "Yotian Frontliner": 3180, "Brotherhood's End_SB": 333, "Destroy Evil_SB": 653, "Invasion of Gobakhan_SB": 1402, "Lightning Helix_SB": 1591, "Rest in Peace_SB": 2183, "Sheltered by Ghosts_SB": 2389, "Urabrask's Forge_SB": 2973, "Darkslick Shores": 584, "Deep-Cavern Bat": 616, "Enduring Curiosity": 796, "Ertai Resurrected": 821, "Faerie Mastermind": 881, "Gix, Yawgmoth Praetor": 1104, "Gloomlake Verge": 1126, "Into the Flood Maw": 1388, "Island": 1424, "Phantom Interference": 1976, "Restless Reef": 2192, "Spyglass Siren": 2544, "Three Steps Ahead": 2807, "Tishana's Tidebinder": 2838, "Underground River": 2933, "Unstoppable Slasher": 2960, "Cruelclaw's Heist_SB": 553, "Disdainful Stroke_SB": 665, "Duress_SB": 739, "Negate_SB": 1823, "Soul-Guide Lantern_SB": 2491, "Tishana's Tidebinder_SB": 2839, "Withering Torment_SB": 3158, "Cacophony Scamp": 356, "Callous Sell-Sword": 365, "Copperline Gorge": 522, "Emberheart Challenger": 789, "Heartfire Hero": 1249, "Karplusan Forest": 1473, "Leyline of Resonance": 1576, "Might of the Meek": 1728, "Monastery Swiftspear": 1779, "Monstrous Rage": 1784, "Slickshot Show-Off": 2465, "Snakeskin Veil": 2473, "Thornspire Verge": 2786, "Turn Inside Out": 2897, "Lithomantic Barrage_SB": 1605, "Obliterating Bolt_SB": 1870, "Pawpatch Formation_SB": 1959, "Torch the Tower_SB": 2859, "Abandoned Campground": 0, "Abhorrent Oculus": 1, "Adarkar Wastes": 15, "Chart a Course": 442, "Floodfarm Verge": 981, "Haughty Djinn": 1230, "Helping Hand": 1267, "Meticulous Archive": 1720, "Moment of Truth": 1774, "Picklock Prankster": 1997, "Recommission": 2144, "Restless Anchorage": 2184, "Seachrome Coast": 2339, "Sleight of Hand": 2460, "Elspeth's Smite_SB": 779, "Exorcise_SB": 847, "Kutzil's Flanker_SB": 1538, "Loran of the Third Path_SB": 1630, "Temporary Lockdown_SB": 2700, "Disfigure": 668, "Kaito, Bane of Nightmares": 1458, "Preacher of the Schism": 2034, "Sheoldred's Edict": 2391, "Malicious Eclipse_SB": 1679, "Dreams of Steel and Oil": 724, "Ghost Vacuum": 1080, "Hunter's Talent": 1334, "Liliana of the Veil": 1596, "Sentinel of the Nameless City": 2370, "Tear Asunder": 2680, "Caustic Bronco_SB": 407, "Scrapshooter_SB": 2327, "Unholy Annex // Ritual Chamber_SB": 2943, "Artist's Talent": 116, "Bitter Reunion": 211, "Brass's Tunnel-Grinder": 299, "Capricious Hellraiser": 375, "Chandra, Hope's Beacon": 429, "Fabled Passage": 871, "Fires of Victory": 965, "Ill-Timed Explosion": 1345, "Roaring Furnace // Steaming Sauna": 2231, "Season of Weaving": 2350, "Shivan Reef": 2401, "Spirebluff Canal": 2529, "Thundering Falls": 2822, "Torch the Tower": 2858, "Betrayer's Bargain_SB": 201, "Pyroclasm_SB": 2064, "Ral, Crackling Wit_SB": 2103, "Virtue of Knowledge_SB": 3055, "Deadly Cover-Up": 602, "Sheoldred": 2390, "Sunken Citadel": 2619, "Unholy Annex // Ritual Chamber": 2942, "Virtue of Persistence": 3058, "Deadly Cover-Up_SB": 603, "Hostile Investigator_SB": 1326, "Leyline of the Void_SB": 1582, "Season of Gathering_SB": 2347, "Cruelclaw's Heist": 552, "Deduce": 614, "Doomsday Excruciator": 693, "Intrude on the Mind": 1394, "Jace, the Perfected Mind": 1434, "Long Goodbye": 1619, "Malicious Eclipse": 1678, "Negate": 1822, "Nowhere to Run": 1858, "Undercity Sewers": 2931, "Withering Torment": 3157, "Insatiable Avarice_SB": 1373, "Long Goodbye_SB": 1620, "Phyrexian Fleshgorger_SB": 1988, "Season of Loss_SB": 2349, "Sheoldred, the Apocalypse_SB": 2394, "Sheoldred's Edict_SB": 2392, "Innkeeper's Talent": 1367, "Manifold Mouse": 1682, "Questing Druid": 2071, "Restless Ridgeline": 2194, "Rockface Village": 2234, "Shock": 2402, "Pick Your Poison_SB": 1996, "Scorching Shot_SB": 2323, "Bloodletter of Aclazotz": 244, "Disfigure_SB": 669, "Ego Drain": 762, "Faerie Dreamthief": 878, "Faerie Fencing": 879, "Invasion of Amonkhet": 1395, "Obyra, Dreaming Duelist": 1875, "Season of Loss": 2348, "Sleep-Cursed Faerie": 2459, "Spell Stutter": 2513, "Cut Down_SB": 576, "Glistening Deluge_SB": 1124, "Go for the Throat_SB": 1133, "Invasion of Amonkhet_SB": 1396, "Spell Stutter_SB": 2514, "Talion's Messenger_SB": 2671, "Aclazotz, Deepest Betrayal": 11, "Bitter Triumph": 213, "Plumecreed Escort": 2016, "Come Back Wrong_SB": 501, "The End_SB": 2724, "Archangel of Wrath": 93, "Atraxa, Grand Unifier": 136, "Beza, the Bounding Spring": 202, "Brushland": 335, "Doppelgang": 696, "Elspeth's Smite": 778, "Hedge Maze": 1258, "Herd Migration": 1275, "Hushwood Verge": 1337, "Leyline Binding": 1572, "Lush Portico": 1652, "Overlord of the Hauntwoods": 1928, "Overlord of the Mistmoors": 1930, "Sunfall": 2616, "Temporary Lockdown": 2699, "Up the Beanstalk": 2969, "Archangel of Wrath_SB": 94, "Jace, the Perfected Mind_SB": 1435, "Sunfall_SB": 2617, "Builder's Talent": 338, "Mockingbird": 1762, "Sheltered by Ghosts": 2388, "Steel Seraph": 2570, "Subterranean Schooner": 2605, "Unidentified Hovership": 2944, "Zoetic Glyph": 3191, "Not on My Watch_SB": 1856, "Harvester of Misery": 1227, "Nissa, Ascended Animist": 1840, "Outrageous Robbery_SB": 1917, "Ruthless Negotiation_SB": 2272, "Blackcleave Cliffs": 216, "Blazemire Verge": 226, "Demonic Ruckus": 643, "Flowstone Infusion": 989, "Restless Vents": 2198, "Sulfurous Springs": 2608, "Sunfire Torch": 2618, "Binding Negotiation_SB": 206, "Furnace Reins_SB": 1038, "Get Lost_SB": 1066, "Protect the Negotiators_SB": 2054, "Song of Totentanz_SB": 2482, "Tectonic Hazard_SB": 2683, "Witchstalker Frenzy_SB": 3156, "Soul Partition": 2485, "Monastery Mentor_SB": 1778, "Hired Claw": 1305, "Lightning Strike": 1592, "Obliterating Bolt": 1869, "Screaming Nemesis": 2332, "Witchstalker Frenzy": 3155, "Clockwork Percussionist": 476, "Painter's Studio && Defaced Gallery": 1945, "Sunspine Lynx_SB": 2624, "Analyze the Pollen": 55, "Gix's Command": 1102, "Pillage the Bog": 2004, "The Cruelty of Gix_SB": 2719, "Elusive Otter": 782, "Kitsa, Otterball Elite": 1507, "Meeting of Minds": 1710, "Pearl of Wisdom": 1962, "Ral, Crackling Wit": 2102, "Stoke the Flames": 2585, "Stormcatch Mentor": 2591, "Stormchaser's Talent": 2592, "Valley Floodcaller": 3000, "Faerie Mastermind_SB": 882, "Braids, Arisen Nightmare": 293, "Disturbing Mirth": 681, "Final Vengeance": 960, "Greedy Freebooter": 1172, "Hopeless Nightmare": 1319, "Rottenmouth Viper": 2247, "Scavenger's Talent": 2316, "Spiteful Hexmage": 2531, "Urabrask's Forge": 2972, "Baird, Argivian Recruiter": 160, "Caretaker's Talent": 381, "Carrot Cake": 386, "Case of the Uneaten Feast": 398, "Dollmaker's Shop // Porcelain Gallery": 690, "Virtue of Loyalty": 3056, "Archangel Elspeth_SB": 90, "Lay Down Arms_SB": 1555, "Soul Partition_SB": 2486, "Campus Renovation": 367, "Elegant Parlor": 770, "Lightning Helix": 1590, "One with the Multiverse": 1893, "Portal to Phyrexia": 2028, "Restless Spire": 2196, "Abrade_SB": 4, "Archangel Elspeth": 89, "Blast Zone": 224, "Enduring Innocence": 798, "Lay Down Arms": 1554, "Season of the Burrow": 2352, "Boon-Bringer Valkyrie_SB": 274, "Serra Paragon_SB": 2374, "The Stone Brain_SB": 2765, "Felonious Rage": 941, "Invasion of Tolvada": 1413, "Kaya, Intangible Slayer": 1476, "Shadowy Backstreet": 2381, "The End": 2723, "Zur, Eternal Schemer": 3199, "Cease // Desist_SB": 416, "Elesh Norn, Mother of Machines_SB": 776, "Rankle's Prank_SB": 2111, "Virtue of Persistence_SB": 3059, "Entity Tracker": 813, "Inquisitive Glimmer": 1370, "Mirror Room // Fractured Realm": 1746, "Overlord of the Boilerbilges": 1924, "Overlord of the Floodpits": 1926, "Parting Gust": 1954, "Scrollshift": 2334, "Trapped in the Screen": 2875, "Get Out_SB": 1068, "No Witnesses_SB": 1849, "Collector's Vault": 490, "The Enigma Jewel": 2725, "The Eternal Wanderer": 2726, "Beza, the Bounding Spring_SB": 203, "Gisa, the Hellraiser": 1097, "Tinybones Joins Up": 2832, "Assassin's Trophy_SB": 128, "Amalia Benavides Aguirre": 48, "Caves of Koilos": 414, "Concealed Courtyard": 505, "Essence Channeler": 827, "Leyline of Hope": 1574, "Restless Fortress": 2190, "Ruin-Lurker Bat": 2256, "Scoured Barrens": 2325, "Skrelv, Defector Mite": 2440, "Zoraline, Cosmos Caller": 3195, "Legions to Ashes_SB": 1566, "Pest Control_SB": 1973, "Shoot the Sheriff_SB": 2405, "Shrouded Shepherd_SB": 2413, "Overlord of the Balemurk": 1922, "The Swarmweaver": 2767, "Broodspinner": 330, "Cache Grab": 354, "Coati Scavenger": 480, "Drag to the Roots": 707, "Omnivorous Flytrap": 1891, "Vraska, Betrayal's Sting": 3092, "Blossoming Tortoise": 256, "Goldvein Hydra": 1146, "Honest Rutstein": 1315, "Horned Loch-Whale": 1321, "Plaza of Heroes": 2015, "Shore Up": 2406, "Yavimaya Coast": 3175, "Blot Out_SB": 258, "Haywire Mite_SB": 1239, "Knight of Dusk's Shadow_SB": 1512, "Lord Skitter, Sewer King_SB": 1634, "Toby, Beastie Befriender": 2847, "Requisition Raid_SB": 2177, "Fountainport_SB": 1013, "Twisted Fealty_SB": 2906, "Arcane Proxy": 86, "Bilious Skulldweller": 204, "Bring the Ending": 319, "Drown in Ichor": 730, "Experimental Augury": 851, "Infectious Inquiry": 1361, "Prologue to Phyresis": 2049, "Reject Imperfection": 2161, "Venser, Corpse Puppet": 3032, "Vraska's Fall": 3090, "Drown in Ichor_SB": 731, "Reject Imperfection_SB": 2162, "Serum Snare_SB": 2376, "Venser, Corpse Puppet_SB": 3033, "Vraska, Betrayal's Sting_SB": 3093, "Whisper of the Dross_SB": 3130, "Ethereal Armor": 837, "Feather of Flight": 921, "Optimistic Scavenger": 1896, "Shardmage's Rescue": 2383, "Break the Spell_SB": 310, "Mishra's Foundry": 1754, "Rush of Dread": 2266, "Astor, Bearer of Blades": 131, "Blacksmith's Talent": 217, "Bladehold War-Whip": 220, "Chainsaw": 425, "Dissection Tools": 674, "Fear of Missing Out": 914, "Mabel, Heir to Cragflame": 1656, "Nettle Guard": 1826, "Rebel Salvo": 2136, "Fallaji Archaeologist": 888, "Founding the Third Path": 1008, "Lumra, Bellow of the Woods": 1646, "Restless Vinestalk": 2200, "Squirming Emergence": 2548, "Terror Tide": 2706, "The Cruelty of Gix": 2718, "Wail of the Forgotten": 3097, "Chrome Host Seedshark_SB": 452, "Assimilation Aegis": 129, "Chimil, the Inner Sun": 446, "Chrome Prowler": 453, "Combat Thresher": 499, "Cryptic Coat": 559, "Hidden Cataract": 1286, "Hidden Courtyard": 1287, "Liberator, Urza's Battlethopter": 1583, "Ossification": 1905, "Out Cold": 1909, "Simulacrum Synthesizer": 2428, "High Noon_SB": 1298, "Kitnap_SB": 1506, "Lost in the Maze_SB": 1638, "Spark Rupture_SB": 2503, "Case of the Crimson Pulse": 388, "Koth, Fire of Resistance": 1526, "Case of the Crimson Pulse_SB": 389, "Screaming Nemesis_SB": 2333, "Getaway Glamer": 1069, "Audacity": 138, "Botanical Sanctum": 282, "Calix, Guided by Fate": 362, "Gremlin Tamer": 1177, "Razorverge Thicket": 2128, "Royal Treatment": 2251, "Silent Hallcreeper": 2419, "Valgavoth's Lair": 2992, "Ossification_SB": 1906, "Goddric, Cloaked Reveler": 1143, "Squee, Dubious Monarch": 2546, "Spelunking": 2518, "Altanak, the Thrice-Called": 47, "Balustrade Wurm": 166, "Commercial District": 502, "Enduring Courage": 794, "Patchwork Beastie": 1957, "Say Its Name": 2303, "The Skullspore Nexus": 2759, "Wrenn and Realmbreaker": 3167, "Pawpatch Formation": 1958, "Obstinate Baloth_SB": 1874, "Questing Druid_SB": 2072, "Fireglass Mentor": 964, "Flamecache Gecko": 968, "Forsaken Miner": 1005, "Gev, Scaled Scorch": 1071, "Iridescent Vinelasher": 1420, "Laughing Jasper Flint": 1549, "Mudflat Village": 1800, "Thought-Stalker Warlock": 2791, "Fae Flight": 874, "Proft's Eidetic Memory": 2045, "Exorcise": 846, "Split Up_SB": 2536, "Three Steps Ahead_SB": 2808, "Confounding Riddle": 509, "Vren, the Relentless_SB": 3096, "Legions to Ashes": 1565, "Overlord of the Mistmoors_SB": 1931, "No More Lies": 1844, "Split Up": 2535, "Teferi, Temporal Pilgrim": 2685, "Season of the Burrow_SB": 2353, "Snakeskin Veil_SB": 2474, "Glass Casket": 1111, "Protect the Negotiators": 2053, "Repel Calamity": 2171, "Splitskin Doll": 2537, "Stoic Sphinx": 2583, "No More Lies_SB": 1845, "Emberheart Challenger_SB": 790, "Witch's Mark_SB": 3153, "Phyrexian Fleshgorger": 1987, "Dreams of Steel and Oil_SB": 725, "Loran of the Third Path": 1629, "Imodane's Recruiter_SB": 1349, "Idyllic Beachfront": 1344, "Serra Paragon": 2373, "Assassin's Trophy": 127, "Freestrider Lookout": 1014, "Walk-In Closet && Forgotten Cellar_SB": 3100, "Doorkeeper Thrull_SB": 695, "Picnic Ruiner": 1998, "Restless Prairie": 2191, "Witch's Mark": 3152, "Demonic Counsel": 637, "Charming Scoundrel": 440, "Scorching Shot": 2322, "Fugitive Codebreaker_SB": 1028, "Squee, Dubious Monarch_SB": 2547, "Twinferno": 2900, "Two-Headed Hunter": 2908, "Feed the Cycle": 925, "Floodpits Drowner": 982, "Break Out": 308, "Inti, Seneschal of the Sun": 1383, "Wildfire Wickerfolk": 3138, "Vengeful Possession_SB": 3029, "Arabella, Abandoned Doll_SB": 81, "Silent Hallcreeper_SB": 2420, "Pest Control": 1972, "Shoot the Sheriff": 2404, "Bushwhack": 352, "Enduring Vitality": 802, "Song of Totentanz": 2481, "Tarnation Vista": 2676, "This Town Ain't Big Enough": 2781, "Thundertrap Trainer": 2826, "Blue Sun's Twilight_SB": 259, "Dissection Tools_SB": 675, "Into the Flood Maw_SB": 1389, "Up the Beanstalk_SB": 2970, "Volcanic Spite_SB": 3075, "Sandstorm Verge": 2287, "Kaya, Intangible Slayer_SB": 1477, "The Eternal Wanderer_SB": 2727, "Stormkeld Vanguard_SB": 2594, "Urgent Necropsy_SB": 2981, "Outrageous Robbery": 1916, "Pillage the Bog_SB": 2005, "Long River's Pull": 1622, "Overprotect": 1932, "Manifold Mouse_SB": 1683, "Caretaker's Talent_SB": 382, "Cankerbloom": 372, "Cenote Scout": 419, "Keen-Eyed Curator": 1482, "Seed of Hope": 2359, "Violent Urge": 3049, "The Swarmweaver_SB": 2768, "Doppelgang_SB": 697, "Argentum Masticore_SB": 106, "Abhorrent Oculus_SB": 2, "Fugitive Codebreaker": 1027, "Ancient Cornucopia": 59, "Not on My Watch": 1855, "Archdruid's Charm_SB": 96, "Ghostly Dancers_SB": 1083, "Thrun, Breaker of Silence_SB": 2820, "Virtue of Knowledge": 3054, "Horned Loch-Whale_SB": 1322, "Enduring Innocence_SB": 799, "Scorching Dragonfire_SB": 2321, "Shore Up_SB": 2407, "Cheeky House-Mouse": 444, "The Wandering Rescuer": 2771, "Insatiable Avarice": 1372, "Micromancer": 1724, "Rona's Vortex": 2242, "Unholy Annex && Ritual Chamber_SB": 2941, "Brotherhood's End": 332, "Hugs, Grisly Guardian": 1330, "Kogla and Yidaro": 1518, "Migloz, Maze Crusher": 1730, "Ojer Kaslem, Deepest Growth": 1881, "Volcanic Spite": 3074, "Valgavoth, Terror Eater": 2995, "Nowhere to Run_SB": 1859, "Case of the Filched Falcon": 390, "Parting Gust_SB": 1955, "Bitter Triumph_SB": 214, "Enduring Curiosity_SB": 797, "Invasion of Ixalan": 1403, "Scorching Dragonfire": 2320, "Bristlebud Farmer_SB": 323, "Ill-Timed Explosion_SB": 1346, "Giant Growth": 1088, "Rockface Village_SB": 2235, "Clement, the Worrywort": 473, "Dour Port-Mage": 700, "Dreamdew Entrancer": 722, "Lilypad Village": 1600, "Long River Lurker": 1621, "Mistbreath Elder": 1756, "Oakhollow Village": 1865, "Pond Prophet": 2025, "Splash Portal": 2533, "Sunshower Druid": 2621, "Three Tree Scribe": 2811, "Valley Mightcaller": 3002, "Azure Beastbinder": 155, "Drannith Ruins": 718, "Kaito, Bane of Nightmares_SB": 1459, "Change the Equation_SB": 436, "Breach the Multiverse_SB": 306, "Deep-Cavern Bat_SB": 617, "Escape Tunnel": 825, "Ephara's Dispersal": 815, "Thought-Stalker Warlock_SB": 2792, "Kaito, Dancing Shadow_SB": 1463, "Coppercoat Vanguard": 520, "Fortified Beachhead": 1006, "Harbin, Vanguard Aviator": 1214, "Recruitment Officer": 2146, "Valiant Veteran": 2997, "Bandit's Talent": 169, "Flowerfoot Swordmaster": 988, "Loran's Escape": 1631, "Rabid Gnaw": 2078, "Valley Questcaller": 3003, "Nettle Guard_SB": 1827, "Seedglaive Mentor_SB": 2360, "Render Inert_SB": 2168, "Dusk Rose Reliquary": 741, "Kellan, Daring Traveler": 1488, "Syr Ginger, the Meal Ender": 2659, "Teething Wurmlet": 2684, "Tough Cookie": 2864, "Anointed Peacekeeper_SB": 78, "Aven Interrupter_SB": 148, "Tail Swipe_SB": 2663, "Misery's Shadow": 1750, "Overlord of the Balemurk_SB": 1923, "Pick Your Poison": 1995, "Sharp-Eyed Rookie": 2385, "Archdruid's Charm": 95, "Pyroclasm": 2063, "Invasion of Tolvada_SB": 1414, "Metropolis Reformer_SB": 1723, "Etali's Favor": 831, "Disenchant_SB": 667, "Burrowguard Mentor": 349, "Finneas, Ace Archer": 962, "Hop to It": 1316, "Pawpatch Recruit": 1960, "Seasoned Warrenguard": 2355, "Dewdrop Cure_SB": 660, "Sunder the Gateway_SB": 2615, "Treeguard Duo_SB": 2882, "Agatha's Soul Cauldron": 28, "Blood Hustler": 237, "Fauna Shaman": 898, "Haywire Mite": 1238, "Kami of Whispered Hopes": 1467, "Likeness Looter": 1595, "Lively Dirge": 1607, "Nashi, Moon's Legacy": 1817, "Rona, Herald of Invasion": 2244, "Tyvar, Jubilant Brawler": 2918, "Annex Sentry": 69, "Crawling Chorus": 548, "Jawbone Duelist": 1437, "Skrelv's Hive": 2438, "Slaughter Singer": 2458, "The Seedcore": 2758, "Venerated Rotpriest": 3025, "Ajani, Sleeper Agent_SB": 38, "Surge of Salvation_SB": 2630, "Aftermath Analyst": 25, "Bristly Bill, Spine Sower": 325, "Case of the Locked Hothouse": 393, "Evolving Wilds": 843, "Festering Gulch": 945, "Nissa, Resurgent Animist": 1842, "Not Dead After All": 1853, "Urborg Repossession": 2975, "Fake Your Own Death_SB": 887, "Forest_SB": 1001, "Heaped Harvest_SB": 1248, "Swamp_SB": 2642, "Demand Answers": 634, "Dreadmaw's Ire_SB": 720, "Untimely Malfunction_SB": 2965, "Roaring Furnace && Steaming Sauna": 2229, "High Noon": 1297, "Magebane Lizard_SB": 1664, "Breeches, Eager Pillager": 311, "Captain Storm, Cosmium Raider": 378, "Goblin Tomb Raider": 1142, "Kitesail Larcenist": 1504, "Malcolm, Alluring Scoundrel": 1675, "Malcolm, the Eyes": 1677, "Reckless Lackey": 2139, "Roaming Throne": 2227, "Staunch Crewmate": 2564, "Roaming Throne_SB": 2228, "Beseech the Mirror": 197, "Rite of the Moth": 2219, "Valgavoth's Faithful": 2991, "Don't Make a Sound": 692, "Return the Favor": 2205, "Chainsaw_SB": 426, "Might of the Meek_SB": 1729, "Rabid Gnaw_SB": 2079, "Turn Inside Out_SB": 2898, "Phantom Interference_SB": 1977, "Shock_SB": 2403, "Hostile Investigator": 1325, "Scrapshooter": 2326, "Tyrranax Rex_SB": 2914, "Take Up the Shield": 2666, "Marchesa, Dealer of Death": 1689, "Nashi, Searcher in the Dark": 1818, "Relic of Legends": 2163, "Tinybones, the Pickpocket": 2835, "Jirina, Dauntless General_SB": 1445, "Rubblebelt Maverick": 2253, "Slime Against Humanity": 2467, "Balustrade Wurm_SB": 167, "Glissa Sunslayer_SB": 1123, "Scales of Shale_SB": 2310, "Quick Study": 2074, "Explosive Derailment": 855, "Fell": 938, "Great Train Heist": 1168, "Kaervek, the Punisher": 1456, "Lazav, Familiar Stranger": 1556, "Magda, the Hoardmaster": 1662, "Vadmir, New Blood": 2989, "Vial Smasher, Gleeful Grenadier": 3041, "Niv-Mizzet, Supreme": 1843, "Roxanne, Starfall Savant": 2249, "Soul Search_SB": 2488, "Blanchwood Prowler": 221, "Chupacabra Echo": 454, "Cruel Somnophage": 551, "Gnawing Vermin": 1130, "Hollow Scavenger": 1312, "Huskburster Swarm": 1338, "Urborg Lhurgoyf": 2974, "Writhing Necromass": 3172, "Hedge Shredder": 1259, "Terramorphic Expanse": 2704, "Grievous Wound_SB": 1181, "Terror Tide_SB": 2707, "Cathartic Parting_SB": 403, "Impulse_SB": 1356, "Lich-Knights' Conquest_SB": 1585, "Destroy Evil": 652, "Phyrexian Arena": 1982, "Overlord of the Hauntwoods_SB": 1929, "No Witnesses": 1848, "Spellgyre": 2516, "White Sun's Twilight": 3131, "Virtue of Loyalty_SB": 3057, "Surge of Salvation": 2629, "Bovine Intervention_SB": 290, "Molten Collapse": 1767, "Piggy Bank": 1999, "Raucous Theater": 2119, "Voldaren Thrillseeker": 3077, "Agatha's Soul Cauldron_SB": 29, "Ertai Resurrected_SB": 822, "Scatter Ray": 2312, "Blot Out": 257, "Ashiok, Wicked Manipulator_SB": 121, "Ghired, Mirror of the Wilds": 1076, "The Jolly Balloon Man": 2739, "Case of the Stashed Skeleton": 396, "Corpses of the Lost": 526, "Cult Conscript": 565, "Patchwork Banner": 1956, "Undead Sprinter": 2928, "Fear of Impostors": 907, "Ghostly Dancers": 1082, "Braided Net": 291, "Clay-Fired Bricks": 471, "Farsight Ritual": 895, "Ezrim, Agency Chief_SB": 868, "Kaya, Spirits' Justice": 1478, "Eddymurk Crab": 758, "Tolarian Terror": 2852, "Keen-Eyed Curator_SB": 1483, "Monstrous Emergence_SB": 1783, "Unable to Scream_SB": 2923, "Valley Flamecaller": 2999, "Roaring Furnace && Steaming Sauna_SB": 2230, "Sunspine Lynx": 2623, "Koth, Fire of Resistance_SB": 1527, "Aven Interrupter": 147, "Skrelv's Hive_SB": 2439, "Breach the Multiverse": 305, "Hidetsugu and Kairi": 1294, "Push // Pull": 2061, "Under the Skin": 2930, "Elusive Otter_SB": 783, "Ephara's Dispersal_SB": 816, "Innkeeper's Talent_SB": 1368, "Impulse": 1355, "Unyielding Gatekeeper": 2968, "Etali, Primal Conqueror_SB": 833, "Lightning Strike_SB": 1593, "Dollmaker's Shop && Porcelain Gallery": 689, "Restricted Office && Lecture Hall_SB": 2201, "Darkstar Augur": 585, "Lunar Convocation": 1647, "Starscape Cleric_SB": 2559, "Razorkin Needlehead_SB": 2124, "Season of Weaving_SB": 2351, "Cunning Coyote": 567, "Osteomancer Adept": 1907, "The Infamous Cruelclaw": 2736, "Tail Swipe": 2662, "Preacher of the Schism_SB": 2035, "Thraxodemon": 2802, "Gingerbrute": 1096, "Marvin, Murderous Mimic": 1695, "Monstrous Emergence": 1782, "Surge Engine": 2627, "Kitesail Larcenist_SB": 1505, "Repulsive Mutation_SB": 2174, "Fear of Lost Teeth": 913, "Invasion of Azgol": 1398, "The Witch's Vanity_SB": 2774, "Tinybones, the Pickpocket_SB": 2836, "Vaultborn Tyrant": 3020, "Decadent Dragon": 612, "Rakdos, Patron of Chaos": 2097, "Change the Equation": 435, "Valley Rotcaller": 3004, "Pitiless Carnage": 2007, "Sawblade Skinripper": 2301, "The Witch's Vanity": 2773, "The Infamous Cruelclaw_SB": 2737, "Lupinflower Village": 1650, "Pollen-Shield Hare": 2020, "Three Tree City": 2809, "Glass Casket_SB": 1112, "Ashiok, Wicked Manipulator": 120, "Final Showdown": 958, "Kutzil's Flanker": 1537, "Ingenious Prodigy": 1366, "Kaito, Dancing Shadow": 1462, "Darkstar Augur_SB": 586, "Plumecreed Escort_SB": 2017, "Tyvar's Stand_SB": 2917, "Captivating Cave": 379, "Teferi, Temporal Pilgrim_SB": 2686, "Aloe Alchemist": 46, "Yavimaya Iconoclast": 3176, "Embereth Veteran": 788, "Hearth Elemental": 1254, "Lavaspur Boots": 1552, "Mirran Banesplitter": 1742, "Phoenix Chick": 1980, "Hearth Elemental_SB": 1255, "Zoraline, Cosmos Caller_SB": 3196, "Neutralize the Guards_SB": 1829, "Sword of Once and Future_SB": 2652, "Bloodletter of Aclazotz_SB": 245, "Shardmage's Rescue_SB": 2384, "Gremlin Tamer_SB": 1178, "Spellbook Vendor": 2515, "Stenn, Paranoid Partisan": 2572, "Get Out": 1067, "Monastery Mentor": 1777, "Mountain_SB": 1797, "Betrayer's Bargain": 200, "Corrupted Conviction": 530, "Braids, Arisen Nightmare_SB": 294, "Misery's Shadow_SB": 1751, "Seized from Slumber": 2365, "Pugnacious Hammerskull_SB": 2059, "Torch the Witness_SB": 2861, "Wrenn's Resolve_SB": 3171, "Kaervek, the Punisher_SB": 1457, "Fear of Isolation": 911, "Glarb, Calamity's Augur": 1109, "Cavern of Souls_SB": 412, "Glarb, Calamity's Augur_SB": 1110, "Market Gnome": 1690, "Warden of the Inner Sky_SB": 3106, "Lord Skitter, Sewer King": 1633, "Kambal, Profiteering Mayor_SB": 1466, "Painter's Studio && Defaced Gallery_SB": 1946, "Planar Disruption_SB": 2013, "Scrollshift_SB": 2335, "Overprotect_SB": 1933, "Portent of Calamity": 2029, "The Irencrag": 2738, "Twitching Doll": 2907, "Floodpits Drowner_SB": 983, "Wear Down_SB": 3121, "Geological Appraiser": 1062, "Kogla and Yidaro_SB": 1519, "Lukka, Bound to Ruin_SB": 1641, "Roxanne, Starfall Savant_SB": 2250, "Sorcerous Spyglass_SB": 2484, "Black Sun's Twilight": 215, "Corrupt": 529, "Haunted Mire": 1234, "Iridescent Vinelasher_SB": 1421, "Overlord of the Boilerbilges_SB": 1925, "Errant and Giada": 819, "Werefox Bodyguard_SB": 3127, "Archfiend of the Dross_SB": 98, "Lost in the Maze": 1637, "Great Train Heist_SB": 1169, "Bristling Backwoods": 324, "Rugged Highlands": 2255, "Razortrap Gorge": 2127, "Fortune, Loyal Steed": 1007, "Frontier Seeker": 1022, "Unable to Scream": 2922, "Herbology Instructor_SB": 1273, "Valley Floodcaller_SB": 3001, "Phyrexian Arena_SB": 1983, "Jaya, Fiery Negotiator_SB": 1439, "Conduit Pylons": 506, "Hidden Grotto": 1288, "Heroic Reinforcements": 1282, "No One Left Behind": 1846, "Unstoppable Slasher_SB": 2961, "Maelstrom Pulse": 1660, "Scavenging Ooze": 2317, "Vivien Reid": 3064, "Liliana, Dreadhorde General_SB": 1599, "Maelstrom Pulse_SB": 1661, "Restless Ridgeline_SB": 2195, "Phyrexian Obliterator": 1991, "Back for Seconds_SB": 158, "Case of the Stashed Skeleton_SB": 397, "Homicide Investigator_SB": 1314, "Dreadmaw's Ire": 719, "Burst Lightning": 350, "Gix, Yawgmoth Praetor_SB": 1105, "Boros Charm": 276, "Raucous Carnival": 2117, "Calamity, Galloping Inferno": 361, "Llanowar Elves": 1610, "Outcaster Trailblazer": 1912, "Smuggler's Surprise": 2471, "Spinewoods Armadillo": 2525, "Trumpeting Carnosaur": 2890, "Abyssal Harvester": 9, "Soulstone Sanctuary": 2498, "Scavenging Ooze_SB": 2318, "Vivien Reid_SB": 3065, "Basilisk Collar_SB": 184, "Day of Judgment": 592, "Authority of the Consuls_SB": 145, "Devout Decree_SB": 658, "Flashfreeze_SB": 973, "Evangel of Synthesis": 840, "Steamcore Scholar": 2566, "Zombify": 3193, "Desecration Demon_SB": 647, "Wail of the Forgotten_SB": 3098, "Sun-Blessed Healer": 2610, "Temple of Triumph": 2698, "Campus Renovation_SB": 368, "Glimpse the Core": 1121, "Boltwave": 262, "Splitskin Doll_SB": 2538, "Virtue of Courage": 3052, "Heartflame Duelist_SB": 1253, "Slagstorm_SB": 2457, "Mazemind Tome": 1704, "Crystal Barricade_SB": 563, "Bloodthirsty Conqueror_SB": 249, "Kellan, Planar Trailblazer": 1491, "Opt": 1894, "Kaito, Cunning Infiltrator_SB": 1461, "Feed the Swarm_SB": 929, "Spinner of Souls": 2527, "Enduring Tenacity": 800, "Not Dead After All_SB": 1854, "Pitiless Carnage_SB": 2008, "Kiora, the Rising Tide": 1501, "Ghitu Lavarunner": 1078, "Thrill of Possibility": 2814, "Artist's Talent_SB": 117, "Blooming Blast_SB": 253, "Djeru and Hazoret": 688, "Elenda, Saint of Dusk": 772, "Garna, Bloodfist of Keld": 1047, "Hajar, Loyal Bodyguard": 1201, "Jodah, the Unifier": 1446, "Kellan, the Kid": 1494, "Secluded Courtyard": 2357, "Sigarda, Font of Blessings": 2417, "Faebloom Trick": 876, "Authority of the Consuls": 144, "Exemplar of Light": 844, "Fiendish Panda": 950, "Hinterland Sanctifier": 1303, "Elenda, Saint of Dusk_SB": 773, "Spectral Sailor": 2509, "Unsummon": 2962, "Azure Beastbinder_SB": 156, "Giant Cindermaw_SB": 1087, "Tithing Blade": 2844, "Fade from History_SB": 873, "Arid Archway": 108, "Felidar Retreat": 935, "Herald of Eternal Dawn": 1268, "Loot, Exuberant Explorer": 1625, "Mossborn Hydra": 1792, "Demolition Field_SB": 636, "Bloodthirsty Conqueror": 248, "Heartflame Duelist": 1252, "Viashino Pyromancer": 3042, "Abraded Bluffs": 5, "Ball Lightning": 163, "Bloodfeather Phoenix": 240, "Grab the Prize": 1155, "Lyra Dawnbringer_SB": 1654, "Virtue of Courage_SB": 3053, "Combat Research": 498, "Brineborn Cutthroat_SB": 318, "Ertai's Scorn_SB": 824, "Flow of Knowledge_SB": 987, "Haughty Djinn_SB": 1231, "Urza's Rebuff_SB": 2984, "Abyssal Harvester_SB": 10, "Painter's Studio // Defaced Gallery_SB": 1948, "Heaped Harvest": 1247, "Hero's Downfall": 1279, "Liliana, Dreadhorde General": 1598, "Temple of Malady": 2693, "Temple of Plenty": 2696, "Temple of Silence": 2697, "Mortify_SB": 1791, "White Sun's Twilight_SB": 3132, "Kaito, Cunning Infiltrator": 1460, "Sphinx of Forgotten Lore": 2519, "Aetherize_SB": 23, "Feldon's Cane_SB": 931, "Demonic Pact": 641, "Harmless Offering": 1223, "Torpor Orb_SB": 2863, "Elesh Norn, Mother of Machines": 775, "Ethereal Armor_SB": 838, "Cathar Commando": 401, "Knight of Grace": 1513, "Ajani, Caller of the Pride_SB": 35, "Reclamation Sage_SB": 2143, "Dead Weight": 597, "Gixian Puppeteer": 1107, "Revenge of the Rats": 2206, "Terror Ballista": 2705, "The Ancient One": 2716, "Razorlash Transmogrant_SB": 2126, "An Offer You Can't Refuse_SB": 54, "Trapped in the Screen_SB": 2876, "Llanowar Greenwidow": 1612, "Dragonhawk, Fate's Tempest": 710, "Zurgo and Ojutai": 3200, "Final Showdown_SB": 959, "Subterranean Schooner_SB": 2606, "Virtue of Strength": 3060, "War Squeak": 3103, "Worldsoul's Rage": 3163, "Hero's Downfall_SB": 1280, "Boros Charm_SB": 277, "Ashroot Animist": 124, "Green Sun's Twilight": 1173, "Lukka, Bound to Ruin": 1640, "Polukranos Reborn": 2023, "Ruby, Daring Tracker": 2254, "Terror of the Peaks": 2708, "Hard-Hitting Question_SB": 1220, "Muerra, Trash Tactician_SB": 1802, "Soulless Jailer_SB": 2495, "Refute": 2153, "Unwanted Remake": 2966, "Curator of Destinies_SB": 570, "Day of Judgment_SB": 593, "Anim Pakal, Thousandth Moon": 66, "Jirina, Dauntless General": 1444, "Deathmark_SB": 609, "Joust Through_SB": 1452, "Knight of Grace_SB": 1514, "Raise the Past_SB": 2093, "Insidious Roots": 1376, "Skyfisher Spider": 2449, "Arcanis the Omnipotent_SB": 88, "Feed the Cycle_SB": 926, "Insidious Fungus_SB": 1375, "Stab_SB": 2550, "Dazzling Denial": 595, "Empyrean Eagle": 791, "Healer's Hawk": 1246, "Blooming Blast": 252, "Coruscation Mage": 533, "Firebrand Archer": 963, "Abrade": 3, "Temple of Deceit": 2690, "Requisition Raid": 2176, "Sentinel of the Nameless City_SB": 2371, "Doubling Season": 698, "Aspirant's Ascent": 125, "Bloated Contaminator": 234, "Distorted Curiosity": 676, "Enter the Enigma": 811, "Fleeting Reflection": 977, "High Stride": 1299, "Infectious Bite": 1360, "Ivy, Gleeful Spellthief": 1427, "Aspirant's Ascent_SB": 126, "Bring the Ending_SB": 320, "Distorted Curiosity_SB": 677, "Enter the Enigma_SB": 812, "Fleeting Reflection_SB": 978, "High Stride_SB": 1300, "Prologue to Phyresis_SB": 2050, "This Town Ain't Big Enough_SB": 2782, "Cathar Commando_SB": 402, "Elegant Parlor_SB": 771, "Thrun, Breaker of Silence": 2819, "Pawpatch Recruit_SB": 1961, "Greed's Gambit": 1170, "Rankle's Prank": 2110, "Molten Collapse_SB": 1768, "Sire of Seven Deaths_SB": 2431, "Sheoldred_SB": 2395, "Invasion of Zendikar": 1415, "Chimil, the Inner Sun_SB": 447, "Pilfer_SB": 2003, "Urborg Scavengers_SB": 2978, "Annex Sentry_SB": 70, "Roaring Furnace // Steaming Sauna_SB": 2232, "Ajani's Pridemate": 33, "Arahbo, the First Fang": 83, "Banishing Light": 171, "Joust Through": 1451, "Prideful Parent": 2037, "Regal Caracal": 2157, "Savannah Lions": 2297, "Skyknight Squire": 2451, "Banishing Light_SB": 172, "Claws Out_SB": 470, "Ferocification_SB": 944, "Audacity_SB": 139, "Cease // Desist": 415, "Stormsplitter": 2595, "Starfall Invocation": 2556, "Hard-Hitting Question": 1219, "Buried in the Garden": 343, "Clifftop Lookout": 474, "Fecund Greenshell": 923, "Genesis Wave": 1061, "Tender Wildguide": 2701, "Brineborn Cutthroat": 317, "Overlord of the Floodpits_SB": 1927, "Desecration Demon": 646, "Coiling Rebirth": 482, "Cynical Loner": 578, "Etali, Primal Conqueror": 832, "Driver of the Dead": 728, "Gatekeeper of Malakir": 1057, "Ichor Drinker": 1341, "Infestation Sage": 1363, "Kalastria Highborn": 1464, "Nullpriest of Oblivion": 1860, "Pulse Tracker": 2060, "Vampire Nighthawk": 3011, "Vengeful Bloodwitch": 3027, "Undergrowth Recon": 2934, "Walk-In Closet // Forgotten Cellar": 3101, "Lost Jitte": 1635, "An Offer You Can't Refuse": 53, "Carnelian Orb of Dragonkind": 383, "Invasion of Tarkir": 1410, "Sarkhan, Soul Aflame": 2294, "Slagstorm": 2456, "Stingerback Terror": 2576, "Twinflame Tyrant": 2902, "Omniscience": 1890, "Drag to the Roots_SB": 708, "Unwanted Remake_SB": 2967, "Invasion of Regatha": 1408, "Luminous Rebuke": 1644, "Witness Protection_SB": 3160, "Primal Might": 2038, "Arcanis the Omnipotent": 87, "Grand Entryway // Elegant Rotunda": 1162, "Moment of Craving_SB": 1772, "Starscape Cleric": 2558, "Bladecoil Serpent_SB": 219, "Tinybones, Bauble Burglar": 2834, "Sphinx of Forgotten Lore_SB": 2520, "Ashnod's Intervention": 123, "Barbed Batterfist": 176, "Bloodfeather Phoenix_SB": 241, "Koma, World-Eater": 1523, "The Elder Dragon War": 2721, "Valgavoth, Terror Eater_SB": 2996, "Fear of Impostors_SB": 908, "Smash to Dust_SB": 2468, "Archangel of Tithes": 91, "Boon-Bringer Valkyrie": 273, "Giada, Font of Hope": 1084, "Guardian of Ghirapur": 1192, "Lyra Dawnbringer": 1653, "Resplendent Angel": 2179, "Youthful Valkyrie": 3181, "Witness Protection": 3159, "Calamity's Wake_SB": 360, "Fabrication Foundry": 872, "Fomori Vault": 993, "Fumigate": 1030, "The Mightstone and Weakstone": 2747, "Thran Spider": 2799, "Unstable Glyphbridge": 2957, "Hammerhand": 1211, "Sawblade Scamp": 2300, "Citanul Stalwart": 460, "Dwynen's Elite": 748, "Elvish Archdruid": 784, "Imperious Perfect": 1352, "Leaf-Crowned Visionary": 1558, "Llanowar Loamspeaker": 1613, "Surrak and Goreclaw": 2636, "Tyvar the Bellicose": 2915, "Tyvar, the Pummeler": 2919, "Dwynen, Gilt-Leaf Daen_SB": 750, "Deeproot Wayfinder": 620, "Restless Cottage_SB": 2189, "Unsummon_SB": 2963, "Cityscape Leveler": 461, "Sire of Seven Deaths": 2430, "Surrak, the Hunt Caller": 2640, "Wildborn Preserver_SB": 3136, "Searslicer Goblin": 2344, "Stromkirk Noble": 2602, "Reclamation Sage": 2142, "Case of the Locked Hothouse_SB": 394, "Bulk Up": 340, "Chandra, Flameshaper": 427, "Swiftblade Vindicator": 2644, "Commune with Evil": 503, "Leyline Axe": 1571, "Neglected Manor": 1824, "Sporogenic Infection": 2539, "Commune with Evil_SB": 504, "Fear of Missing Out_SB": 915, "Archmage of Runes": 99, "Curate": 569, "Ertai's Scorn": 823, "Essence Scatter": 829, "Flow of Knowledge": 986, "Metamorphic Blast": 1718, "Unauthorized Exit": 2924, "Harrier Strix_SB": 1226, "Strix Lookout_SB": 2599, "The Tale of Tamiyo_SB": 2770, "Twist Reality_SB": 2904, "Coppercoat Vanguard_SB": 521, "Garna, Bloodfist of Keld_SB": 1048, "Elas il-Kor, Sadistic Pilgrim": 766, "Helpful Hunter": 1266, "Knight of Dawn's Light": 1509, "Raise the Past": 2092, "Enduring Tenacity_SB": 801, "Leyline of Hope_SB": 1575, "Massacre Wurm_SB": 1699, "Burst Lightning_SB": 351, "Vampire Nighthawk_SB": 3012, "Runic Shot_SB": 2264, "Razorlash Transmogrant": 2125, "Huskburster Swarm_SB": 1339, "Invasion of Tarkir_SB": 1411, "Hearthborn Battler": 1256, "Contaminated Aquifer": 518, "Marauding Brinefang": 1687, "Soul-Guide Lantern": 2490, "Union of the Third Path": 2946, "Vanish into Eternity": 3015, "Deadly Riposte_SB": 605, "Vanish into Eternity_SB": 3016, "Dewdrop Cure": 659, "Elesh Norn": 774, "Goblin Surprise": 1141, "Irreverent Gremlin": 1423, "Krenko, Mob Boss": 1533, "Norin, Swift Survivalist": 1850, "Vicious Clown": 3044, "Wind-Scarred Crag": 3143, "Involuntary Employment_SB": 1419, "Agate-Blade Assassin": 27, "Jagged Barrens": 1436, "Outlaws' Fury": 1914, "Ravine Raider": 2121, "Scales of Shale": 2309, "Agate Assault_SB": 26, "Bake into a Pie_SB": 161, "Hazardous Blast_SB": 1240, "Azorius Guildgate": 154, "Beanstalk Wurm": 191, "Boros Guildgate": 278, "Circuitous Route": 459, "Dimir Guildgate": 663, "Eaten Alive": 754, "Expedition Map": 848, "Golgari Guildgate": 1149, "Gruul Guildgate": 1189, "Insidious Fungus": 1374, "Izzet Guildgate": 1431, "Maze's End": 1702, "Muldrotha, the Gravetide": 1803, "Orzhov Guildgate": 1903, "Rakdos Guildgate": 2094, "Selesnya Guildgate": 2367, "Simic Guildgate": 2427, "Tatyova, Benthic Druid": 2678, "Atraxa's Fall_SB": 135, "Brightblade Stoat_SB": 314, "Desperate Bloodseeker_SB": 650, "Savor_SB": 2299, "Thornwood Falls": 2788, "Deadly Brew": 600, "Defiled Crypt // Cadaver Lab": 629, "Jungle Hollow": 1455, "Osseous Sticktwister": 1904, "Strangled Cemetery": 2596, "Candy Trail": 371, "Desperate Bloodseeker": 649, "Marauding Blight-Priest": 1686, "Moment of Craving": 1771, "Murder": 1805, "Savor": 2298, "Servant of the Stinger": 2377, "Sanguine Indulgence_SB": 2290, "Soul-Shackled Zombie_SB": 2493, "Khenra Spellspear": 1498, "Electrostatic Infantry": 769, "Fear of Being Hunted": 903, "Frenzied Goblin_SB": 1017, "The Autonomous Furnace": 2717, "Wrenn's Resolve": 3170, "Impact Tremors": 1350, "Kindlespark Duo": 1499, "Ral's Reinforcements": 2101, "Rodeo Pyromancers": 2237, "Deadeye Duelist_SB": 599, "Skewer Slinger_SB": 2433, "Thunder Salvo_SB": 2821, "Midnight Mayhem": 1726, "Ratcatcher Trainee": 2115, "Scytheclaw Raptor_SB": 2338, "Gloomfang Mauler": 1125, "Live or Die": 1606, "Possessed Goat": 2030, "Shroudstomper": 2414, "Tocasia's Dig Site": 2848, "Vile Mutilator": 3046, "Bartolom\u00e9 del Presidio": 180, "Forlorn Flats": 1004, "Midnight Reaper": 1727, "Nezumi Linkbreaker": 1832, "Snarling Gorehound": 2476, "Vampire Gourmand": 3010, "Guardian of the Great Door": 1194, "Lonely Arroyo": 1618, "Norn's Inquisitor": 1852, "Spring-Loaded Sawblades": 2541, "Banner of Kinship": 173, "Baylen, the Haymaker": 189, "Blossoming Sands": 255, "Etched Cornfield": 835, "Hare Apparent": 1222, "Kayla's Reconstruction": 1481, "Hinterland Sanctifier_SB": 1304, "Dragon Fodder": 709, "Griffnaut Tracker_SB": 1182, "Keldon Strike Team_SB": 1485, "Basilisk Collar": 183, "Souls of the Lost": 2496, "Rottenmouth Viper_SB": 2248, "Prophetic Prism": 2052, "Ozolith, the Shattered Spire": 1941, "Ambush Wolf_SB": 50, "Dead Weight_SB": 598, "Fog of War_SB": 992, "Voracious Varmint_SB": 3083, "Aetherize": 22, "Peculiar Lighthouse": 1963, "Swiftwater Cliffs": 2647, "Tranquil Cove": 2869, "Tolarian Terror_SB": 2853, "Union of the Third Path_SB": 2947, "Hidetsugu's Second Rite": 1295, "Ghitu Lavarunner_SB": 1079, "Boulderbranch Golem": 287, "Fierce Empath": 952, "Galewind Moose": 1043, "Gossip's Talent": 1154, "Gruff Triplets": 1188, "Lush Oasis": 1651, "Mirage Mesa": 1740, "Outcaster Greenblade": 1911, "Tyrranax Rex": 2913, "Sunshower Druid_SB": 2622, "Render Inert": 2167, "Minor Misstep_SB": 1738, "Royal Treatment_SB": 2252, "Scatter Ray_SB": 2313, "Drag the Canal_SB": 705, "Stingerback Terror_SB": 2577, "Flamewake Phoenix_SB": 970, "Grand Entryway && Elegant Rotunda": 1161, "Karplusan Forest_SB": 1474, "Argoth, Sanctum of Nature": 107, "Cosmic Rebirth": 536, "Elvish Regrower": 787, "Springbloom Druid": 2543, "Titania, Voice of Gaea": 2842, "Tolsimir, Midnight's Light": 2854, "The Huntsman's Redemption": 2734, "Stoic Sphinx_SB": 2584, "Twisted Fealty": 2905, "Aegis Turtle_SB": 18, "Temple of Malice": 2694, "Night of the Sweets' Revenge": 1834, "Welcome to Sweettooth": 3125, "Cosmium Confluence_SB": 539, "See Double_SB": 2358, "Volatile Fault_SB": 3073, "The Filigree Sylex_SB": 2730, "Fiery Annihilation_SB": 954, "Armored Armadillo": 111, "Elvish Archivist": 785, "Toadstool Admirer": 2846, "Calix, Guided by Fate_SB": 363, "Divine Resilience_SB": 687, "Unflinching Courage_SB": 2939, "Valorous Stance_SB": 3009, "Immersturm Predator": 1347, "Bandit's Talent_SB": 170, "Tinybones Joins Up_SB": 2833, "Bonny Pall, Clearcutter_SB": 269, "Trygon Predator_SB": 2891, "Dwynen, Gilt-Leaf Daen": 749, "Lathril, Blade of the Elves": 1547, "Wildborn Preserver": 3135, "Ajani, Caller of the Pride": 34, "Angel of Vitality": 63, "Leonin Vanguard": 1567, "Extinguish the Light_SB": 862, "Nine-Lives Familiar": 1839, "Voracious Greatshark": 3082, "Anthem of Champions": 79, "Armasaur Guide": 110, "Biogenic Upgrade": 207, "Charming Prince": 439, "Dazzling Angel": 594, "Felidar Savior": 937, "Felling Blow": 940, "Gnarlid Colony": 1129, "Good-Fortune Unicorn": 1153, "Inspiring Call": 1378, "Inspiring Paladin": 1380, "Mild-Mannered Librarian": 1732, "Pacifism": 1942, "Wary Thespian": 3114, "Wildwood Scourge": 3139, "Urgent Necropsy": 2980, "Eaten by Piranhas_SB": 756, "Phyrexian Obliterator_SB": 1992, "Silver Scrutiny_SB": 2423, "Axebane Ferox_SB": 151, "Wrenn and Realmbreaker_SB": 3168, "Flourishing Bloom-Kin": 985, "Ghalta, Primal Hunger": 1073, "Hunter's Talent_SB": 1335, "Alesha, Who Laughs at Fate": 43, "Aurelia, the Law Above": 141, "Perforating Artist": 1967, "Ruthless Lawbringer": 2269, "Voldaren Thrillseeker_SB": 3078, "Rite of Replication": 2216, "Swiftfoot Boots_SB": 2646, "Highway Robbery": 1301, "Urabrask": 2971, "Feed the Swarm": 928, "Crash Through": 546, "Drake Hatcher": 714, "Slick Sequence": 2463, "Cryptic Coat_SB": 560, "Crawling Barrens": 547, "Mazemind Tome_SB": 1705, "Atraxa, Grand Unifier_SB": 137, "Urborg Scavengers": 2977, "Zetalpa, Primal Dawn": 3187, "Phyrexian Censor": 1984, "Phyrexian Vindicator": 1993, "Volatile Fault": 3072, "Seal from Existence_SB": 2341, "Stasis Snare_SB": 2561, "Chrome Host Seedshark": 451, "Ichormoon Gauntlet": 1342, "Jace Reawakened": 1432, "Jin-Gitaxias": 1443, "Temple of Epiphany": 2692, "Galvanize_SB": 1045, "Tocasia's Welcome": 2849, "Bonehoard Dracosaur": 266, "Dragonlord's Servant": 711, "Incinerator of the Guilty": 1357, "Kolaghan Warmonger": 1520, "Rivaz of the Claw": 2220, "Tyrant of Kher Ridges": 2910, "Push // Pull_SB": 2062, "Long River's Pull_SB": 1623, "Joint Exploration": 1450, "Vren, the Relentless": 3095, "Titania's Command_SB": 2841, "Burglar Rat": 342, "Halo Forager": 1208, "Hidden Necropolis": 1289, "Macabre Waltz": 1658, "Mindsplice Apparatus": 1735, "Painful Quandary": 1943, "Psychic Whorl": 2056, "Rune-Scarred Demon": 2262, "The Key to the Vault": 2742, "The Rollercrusher Ride_SB": 2757, "Titania, Voice of Gaea_SB": 2843, "Colossal Rattlewurm": 495, "Creosote Heath": 550, "Desert's Due": 648, "Duelist of the Mind": 736, "Rattleback Apothecary": 2116, "Tatyova, Steward of Tides": 2679, "Tomb Trawler_SB": 2856, "Urza's Sylex_SB": 2987, "Dawn's Truce": 589, "Rakdos Joins Up": 2095, "Nashi, Searcher in the Dark_SB": 1819, "Inspiration from Beyond": 1377, "Realmbreaker, the Invasion Tree_SB": 2134, "Grand Abolisher_SB": 1160, "Filter Out_SB": 956, "Kutzil, Malamet Exemplar": 1539, "Runic Shot": 2263, "Herald of Eternal Dawn_SB": 1269, "Sun-Blessed Healer_SB": 2611, "Mortify": 1790, "Assimilation Aegis_SB": 130, "Seeker's Folly": 2361, "Coveted Falcon": 543, "Drag to the Bottom": 706, "Greed's Gambit_SB": 1171, "Valgavoth's Onslaught": 2993, "Stab": 2549, "Vinereap Mentor": 3047, "Axebane Ferox": 150, "Ferocification": 943, "Dreadwing Scavenger": 721, "Broodspinner_SB": 331, "The Gitrog, Ravenous Ride_SB": 2731, "Collector's Cage": 488, "Invasion of Gobakhan": 1401, "Fiery Annihilation": 953, "Invasion of Arcavios": 1397, "Make Your Own Luck": 1672, "Beseech the Mirror_SB": 198, "Heroic Reinforcements_SB": 1283, "Peerless Recycling_SB": 1964, "Wing Commando": 3145, "Bloodfell Caves": 242, "Deathcap Marionette": 608, "Reasonable Doubt": 2135, "Third Path Iconoclast": 2777, "Essence Scatter_SB": 830, "Kiora, the Rising Tide_SB": 1502, "Ruthless Negotiation": 2271, "Haunted Screen": 1236, "Prayer of Binding": 2033, "Cerebral Confiscation_SB": 422, "Furnace Reins": 1037, "Rona's Vortex_SB": 2243, "Bonny Pall, Clearcutter": 268, "River's Rebuke": 2221, "Koma, World-Eater_SB": 1524, "Primeval Bounty_SB": 2040, "River's Rebuke_SB": 2222, "Urza's Sylex": 2986, "Regal Caracal_SB": 2158, "Rat Out_SB": 2113, "Plains_SB": 2011, "Faebloom Trick_SB": 877, "Throne of the Grim Captain": 2816, "Drana and Linvala_SB": 716, "The Kenriths' Royal Funeral_SB": 2741, "Saiba Cryptomancer": 2281, "Zoetic Glyph_SB": 3192, "Seized from Slumber_SB": 2366, "Tyvar's Stand": 2916, "Ankle Biter": 68, "Feed the Infection": 927, "Fynn, the Fangbearer": 1039, "Nimraiser Paladin": 1838, "The Dross Pits": 2720, "The Hunter Maze": 2733, "Inspiring Overseer": 1379, "Mischievous Pup": 1749, "Surgical Suite // Hospital Room": 2634, "Angel of Finality_SB": 62, "Kraul Whipcracker": 1528, "Wardens of the Cycle": 3107, "Badlands Revival": 159, "Bandit's Haul": 168, "Copper Host Crusher": 519, "Vinereap Mentor_SB": 3048, "Seize the Secrets": 2363, "Soured Springs": 2500, "Belligerent Yearling": 196, "Colossadactyl": 494, "Earthshaker Dreadmaw": 753, "Giant Cindermaw": 1086, "Itzquinth, Firstborn of Gishath": 1426, "Ixalli's Lorekeeper": 1429, "Rogue's Passage": 2238, "Scytheclaw Raptor": 2337, "Thrashing Brontodon": 2801, "Triumphant Chomp": 2888, "Armored Kincaller_SB": 113, "At Knifepoint": 133, "Fanatical Firebrand": 891, "Hellspur Brute": 1262, "Caught in the Crossfire_SB": 404, "Mourner's Surprise_SB": 1798, "Regal Bunnicorn_SB": 2156, "Unflinching Courage": 2938, "Sanguine Evangelist_SB": 2289, "Sandstorm Salvager": 2285, "Autonomous Assembler": 146, "Quintorius Kand": 2075, "Kayla's Command_SB": 1480, "Starfall Invocation_SB": 2557, "Stalactite Stalker": 2551, "Hired Claw_SB": 1306, "Luminous Rebuke_SB": 1645, "Massacre Wurm": 1698, "Felidar Retreat_SB": 936, "Dreamdew Entrancer_SB": 723, "Werefox Bodyguard": 3126, "Spinner of Souls_SB": 2528, "Gisa, the Hellraiser_SB": 1098, "Bitter Reunion_SB": 212, "Jace Reawakened_SB": 1433, "Dust Animus": 743, "Defabricate_SB": 622, "Steel Seraph_SB": 2571, "Dust Animus_SB": 744, "Gumdrop Poisoner_SB": 1199, "Archangel of Tithes_SB": 92, "Demonic Counsel_SB": 638, "Warleader's Call_SB": 3111, "Anointed Peacekeeper": 77, "Phyrexian Censor_SB": 1985, "Callous Sell-Sword_SB": 366, "Rat Out": 2112, "Herbology Instructor": 1272, "Restless Bivouac_SB": 2187, "Diabolic Intent": 661, "Lively Dirge_SB": 1608, "Molten Duplication": 1769, "Cavernous Maw": 413, "Forgotten Monument": 1003, "Titania's Command": 2840, "Scorn-Blade Berserker": 2324, "Imperious Perfect_SB": 1353, "Sandstorm Salvager_SB": 2286, "Tough Cookie_SB": 2865, "Urborg Repossession_SB": 2976, "Raucous Carnival_SB": 2118, "The Rollercrusher Ride": 2756, "Grievous Wound": 1180, "Funeral Room // Awakening Hall_SB": 1033, "Rise of the Dark Realms_SB": 2214, "Curious Forager": 571, "The Mycotyrant": 2752, "Thornvault Forager": 2787, "Sporogenic Infection_SB": 2540, "Seize the Spoils": 2364, "Canonized in Blood": 374, "Cemetery Recruitment": 418, "Diregraf Ghoul": 664, "Hungry Ghoul": 1333, "Mephitic Draught": 1716, "Offer Immortality": 1877, "Sanguine Syphoner": 2291, "Skeleton Archer": 2432, "Vampiric Rites": 3014, "Urza, Lord Protector": 2988, "Temple of Enlightenment": 2691, "Fumigate_SB": 1031, "Valkyrie's Call_SB": 2998, "Skystrike Officer": 2455, "Zephyr Sentinel": 3184, "Unidentified Hovership_SB": 2945, "Take Up the Shield_SB": 2667, "Mockingbird_SB": 1763, "Temple of Mystery": 2695, "Timely Interference": 2830, "Vesuvan Duplimancy": 3036, "Dive Down_SB": 683, "Scrawling Crawler_SB": 2330, "Hollow Marauder": 1310, "Overwhelming Remorse": 1936, "Stubborn Burrowfiend": 2603, "Dryad Militant_SB": 734, "Chandra, Hope's Beacon_SB": 430, "Bristlebud Farmer": 322, "Charred Foyer && Warped Space_SB": 441, "Akawalli, the Seething Tower": 41, "Absolving Lammasu_SB": 6, "Think Twice": 2775, "Micromancer_SB": 1725, "Coruscation Mage_SB": 534, "Dollmaker's Shop // Porcelain Gallery_SB": 691, "Bruse Tarl, Roving Rancher": 334, "Fblthp, Lost on the Range": 900, "Weakstone's Subjugation": 3118, "Fblthp, Lost on the Range_SB": 901, "Proft's Eidetic Memory_SB": 2046, "Weakstone's Subjugation_SB": 3119, "Bottomless Pool && Locker Room": 283, "Tithing Blade_SB": 2845, "Hidetsugu's Second Rite_SB": 1296, "Invasion of Karsus_SB": 1406, "Mirror Room && Fractured Realm_SB": 1745, "Sword of Wealth and Power_SB": 2654, "Wildfire Howl_SB": 3137, "Zurgo and Ojutai_SB": 3201, "Mabel, Heir to Cragflame_SB": 1657, "Halo Forager_SB": 1209, "Ballyrush Banneret": 164, "Myrel, Shield of Argive_SB": 1811, "Siege Veteran_SB": 2415, "Soulstone Sanctuary_SB": 2499, "Ezrim, Agency Chief": 867, "Karn, Living Legacy": 1471, "Metropolis Reformer": 1722, "Krenko's Buzzcrusher_SB": 1532, "Blood Spatter Analysis": 239, "Final Vengeance_SB": 961, "Kellan, Inquisitive Prodigy": 1489, "Silverback Elder_SB": 2424, "Rundvelt Hordemaster": 2260, "Branchblight Stalker": 297, "Gitaxian Anatomist": 1099, "Goliath Hatchery": 1150, "Ichorspit Basilisk": 1343, "Lakeside Shack": 1544, "Maze's Mantle": 1703, "Meat Locker // Drowned Diner": 1706, "Mesmerizing Dose": 1717, "Paladin of Predation": 1949, "Plague Nurse": 2009, "Serum Snare": 2375, "Tainted Observer": 2665, "Tangled Islet": 2675, "Thrummingbird": 2818, "Tyrranax Atrocity": 2912, "Venomous Brutalizer": 3031, "Viral Spawning": 3051, "Vivisurgeon's Insight": 3066, "Angelic Intervention": 64, "Awaken the Woods": 149, "Omenpath Journey": 1889, "Poison Dart Frog": 2018, "Rampaging Baloths": 2105, "Migloz, Maze Crusher_SB": 1731, "Seraphic Steed": 2372, "Meticulous Excavation_SB": 1721, "Raging Battle Mouse": 2090, "Loran's Escape_SB": 1632, "Seeker's Folly_SB": 2362, "Realmbreaker, the Invasion Tree": 2133, "Undead Sprinter_SB": 2929, "Murky Sewer": 1808, "Deeproot Pilgrimage": 619, "Mistway Spy": 1759, "Vodalian Hexcatcher": 3068, "Grabby Giant": 1157, "Rite of the Dragoncaller": 2217, "Hulking Raptor": 1332, "Pugnacious Hammerskull": 2058, "Aegis Turtle": 17, "Ivy, Gleeful Spellthief_SB": 1428, "Venerated Rotpriest_SB": 3026, "Gwenna, Eyes of Gaea": 1200, "Halana and Alena, Partners": 1203, "Inga and Esika": 1365, "Melira, the Living Cure": 1711, "Myrel, Shield of Argive": 1810, "Elesh Norn_SB": 777, "Hajar, Loyal Bodyguard_SB": 1202, "Surrak and Goreclaw_SB": 2637, "Invasion of Kaldheim": 1404, "Pia Nalaar, Consul of Revival": 1994, "Doomsday Excruciator_SB": 694, "Guardian of New Benalia": 1193, "Crystal Grotto": 564, "Getaway Glamer_SB": 1070, "Bottomless Pool // Locker Room": 285, "Necrogen Communion": 1820, "Vraska Joins Up": 3089, "Thirsting Roots_SB": 2780, "Silver Scrutiny": 2422, "Battlefly Swarm": 188, "Seal from Existence": 2340, "Ghalta, Stampede Tyrant": 1075, "Solemn Simulacrum": 2478, "Vein Ripper": 3023, "Maha, Its Feathers Night_SB": 1670, "Jaya, Fiery Negotiator": 1438, "The Stone Brain": 2764, "Decadent Dragon_SB": 613, "Viashino Pyromancer_SB": 3043, "Defiled Crypt // Cadaver Lab_SB": 630, "Karn's Sylex_SB": 1470, "Sword of Once and Future": 2651, "Heraldic Banner": 1270, "Heraldic Banner_SB": 1271, "Thalia and The Gitrog Monster": 2712, "Surgical Suite && Hospital Room_SB": 2633, "Beastie Beatdown": 192, "Annie Joins Up": 72, "Huatli, Poet of Unity": 1329, "Island_SB": 1425, "Entity Tracker_SB": 814, "Rebel Salvo_SB": 2137, "Aether Channeler": 19, "Defiled Crypt && Cadaver Lab": 627, "Exuberant Fuseling": 866, "Thundertrap Trainer_SB": 2827, "Abuelo's Awakening": 7, "Kitsa, Otterball Elite_SB": 1508, "Rona, Herald of Invasion_SB": 2245, "Unnerving Grasp_SB": 2953, "Fear of Surveillance": 916, "Wilt-Leaf Liege_SB": 3142, "Skrelv, Defector Mite_SB": 2441, "Agrus Kos, Spirit of Justice": 32, "Muerra, Trash Tactician": 1801, "Kona, Rescue Beastie": 1525, "Time Stop": 2828, "Fleeting Flight_SB": 976, "Trash the Town_SB": 2878, "Crumb and Get It": 554, "Cankerbloom_SB": 373, "Quick Draw_SB": 2073, "Mechanized Warfare": 1709, "Smuggler's Surprise_SB": 2472, "Whisper of the Dross": 3129, "Vraska's Fall_SB": 3091, "Blasphemous Edict": 222, "Bottomless Pool // Locker Room_SB": 286, "The Princess Takes Flight_SB": 2753, "Anim Pakal, Thousandth Moon_SB": 67, "Adaptive Automaton": 14, "Three Tree Mascot": 2810, "Palani's Hatcher": 1950, "Temple of Abandon": 2689, "Hauntwoods Shrieker": 1237, "Mischievous Mystic": 1748, "Defiler of Flesh": 632, "Garruk's Uprising": 1049, "Zul Ashur, Lich Lord": 3198, "Kraul Whipcracker_SB": 1529, "Restless Reef_SB": 2193, "Lifecreed Duo": 1587, "At Knifepoint_SB": 134, "Monstrous Rage_SB": 1785, "Kellan's Lightblades_SB": 1487, "Blasphemous Edict_SB": 223, "Annie Flash, the Veteran_SB": 71, "Defiled Crypt && Cadaver Lab_SB": 628, "Cultivator's Caravan": 566, "Scene of the Crime": 2319, "Demonic Ruckus_SB": 644, "Impact Tremors_SB": 1351, "Conspiracy Unraveler": 514, "Matzalantli, the Great Door": 1700, "Reenact the Crime": 2152, "Coveted Falcon_SB": 544, "Wishclaw Talisman_SB": 3150, "Swooping Lookout": 2648, "Recruitment Officer_SB": 2147, "Oko, the Ringleader_SB": 1885, "Kambal, Profiteering Mayor": 1465, "Kaya, Spirits' Justice_SB": 1479, "Case of the Gateway Express_SB": 392, "Invasion of Theros": 1412, "Highway Robbery_SB": 1302, "Razorkin Needlehead": 2123, "Intrepid Paleontologist": 1392, "Bolt Bend_SB": 261, "Wishclaw Talisman": 3149, "Vaultborn Tyrant_SB": 3021, "Feldon's Cane": 930, "Neutralize the Guards": 1828, "Treasure Map": 2880, "Ayli, Eternal Pilgrim": 153, "Disturbing Conversion": 679, "Shipwreck Dowser": 2398, "Abuelo's Awakening_SB": 8, "Builder's Talent_SB": 339, "Eerie Interference_SB": 761, "Karumonix, the Rat King": 1475, "Persistent Marshstalker": 1971, "Untimely Malfunction": 2964, "Argentum Masticore": 105, "Hall of Tagsin": 1206, "Hedron Archive": 1260, "The Mycosynth Gardens": 2751, "Tomakul Honor Guard": 2855, "Imprisoned in the Moon_SB": 1354, "Inquisitive Glimmer_SB": 1371, "Refute_SB": 2154, "Bramble Familiar": 295, "Obstinate Baloth": 1873, "Felonious Rage_SB": 942, "Sphinx of the Final Word_SB": 2521, "Repulsive Mutation": 2173, "Sylvan Scavenging_SB": 2657, "Walk with the Ancestors": 3099, "Meathook Massacre II_SB": 1708, "Thundering Falls_SB": 2823, "Dowsing Device": 702, "Gleaming Geardrake": 1117, "Saheeli, Filigree Master": 2279, "Saheeli, Filigree Master_SB": 2280, "Dawn's Truce_SB": 590, "Case of the Ransacked Lab": 395, "The Surgical Bay": 2766, "The Tale of Tamiyo": 2769, "Enduring Courage_SB": 795, "War Squeak_SB": 3104, "Spirebluff Canal_SB": 2530, "Scrawling Crawler": 2329, "Blazing Crescendo": 227, "Ajani, Sleeper Agent": 37, "Charge of the Mites": 437, "Chandra, Flameshaper_SB": 428, "Choking Miasma": 449, "Expel the Interlopers": 849, "Bite Down": 209, "Bite Down_SB": 210, "Gaea's Gift": 1041, "Trash the Town": 2877, "Corsair Captain": 532, "Lost Jitte_SB": 1636, "Blazing Crescendo_SB": 228, "Rip, Spawn Hunter": 2211, "Funeral Room // Awakening Hall": 1032, "Outlaw Medic": 1913, "Wilt-Leaf Liege": 3141, "Thousand Moons Smithy_SB": 2796, "Blightbelly Rat": 232, "Unnatural Restoration": 2950, "Carnivorous Canopy_SB": 384, "Gaea's Gift_SB": 1042, "Give In to Violence_SB": 1101, "Cityscape Leveler_SB": 462, "Nahiri's Resolve_SB": 1814, "Scrapwork Mutt": 2328, "Brazen Collector": 304, "Generous Plunderer": 1060, "Ojer Axonil, Deepest Might": 1880, "Trial of Agony": 2883, "Zoyowa's Justice": 3197, "Ancestors' Aid_SB": 58, "Leyline of Resonance_SB": 1577, "Slickshot Show-Off_SB": 2466, "Malcolm, Alluring Scoundrel_SB": 1676, "Churning Reservoir": 455, "Magmatic Sprinter": 1666, "Sardian Cliffstomper": 2292, "Solphim, Mayhem Dominus": 2480, "The Monumental Facade": 2750, "Churning Reservoir_SB": 456, "Magmatic Sprinter_SB": 1667, "Monastery Swiftspear_SB": 1780, "Sardian Cliffstomper_SB": 2293, "Repel Calamity_SB": 2172, "Call a Surprise Witness": 364, "Samut, Vizier of Naktamun": 2282, "Trostani, Three Whispers": 2889, "Tribute to the World Tree_SB": 2886, "Fake Your Own Death": 886, "Taii Wakeen, Perfect Shot": 2661, "Unruly Catapult": 2954, "Glassworks // Shattered Yard_SB": 1114, "Hulking Metamorph": 1331, "Rest in Peace": 2182, "Surge Engine_SB": 2628, "Massacre Girl, Known Killer": 1696, "Rakdos, the Muscle": 2098, "Massacre Girl, Known Killer_SB": 1697, "Rakdos Joins Up_SB": 2096, "Rakdos, the Muscle_SB": 2099, "Ghalta and Mavren": 1072, "Hide in Plain Sight": 1292, "Manifest Dread": 1681, "Progenitus": 2047, "Threats Around Every Corner": 2804, "Crystal Barricade": 562, "Green Sun's Twilight_SB": 1174, "Break Down the Door": 307, "Bubble Smuggler": 337, "Cryptid Inspector": 561, "Cursed Windbreaker": 574, "Exit Specialist": 845, "Growing Dread": 1186, "Oblivious Bookworm": 1871, "Polukranos Reborn_SB": 2024, "Hazardroot Herbalist": 1241, "Head of the Homestead": 1244, "Rabbit Response": 2077, "Treeguard Duo": 2881, "Uncharted Haven": 2926, "Warren Elder": 3112, "Head of the Homestead_SB": 1245, "Grab the Prize_SB": 1156, "Stroke of Midnight_SB": 2601, "Delney, Streetwise Lookout": 633, "Stroke of Midnight": 2600, "Back for Seconds": 157, "Eriette's Tempting Apple": 817, "Experimental Confectioner": 852, "Feed the Cauldron": 924, "Gingerbread Hunter": 1095, "Greta, Sweettooth Scourge": 1179, "Mintstrosity": 1739, "Return from the Wilds": 2204, "Scream Puff": 2331, "Spider Food": 2522, "Sweettooth Witch": 2643, "Three Bowls of Porridge": 2806, "Candy Grapple_SB": 370, "Fell_SB": 939, "Murder_SB": 1806, "Sugar Rush_SB": 2607, "Ragged Playmate": 2088, "Fear of Surveillance_SB": 917, "Grand Entryway // Elegant Rotunda_SB": 1163, "Norin, Swift Survivalist_SB": 1851, "Ragged Playmate_SB": 2089, "Wandertale Mentor": 3102, "Vodalian Mindsinger_SB": 3069, "Leonin Vanguard_SB": 1568, "Ruin-Lurker Bat_SB": 2257, "The Millennium Calendar_SB": 2749, "Veteran Survivor_SB": 3039, "Corrupted Conviction_SB": 531, "Deadly Brew_SB": 601, "Lich-Knights' Conquest": 1584, "Cheeky House-Mouse_SB": 445, "Dryad Militant": 733, "Kutzil, Malamet Exemplar_SB": 1540, "Contagious Vorrac": 517, "Necrogen Rotpriest": 1821, "Armored Scrapgorger_SB": 115, "Invasion of Fiora_SB": 1400, "Ego Drain_SB": 763, "Vorinclex": 3084, "Rush of Dread_SB": 2267, "Magebane Lizard": 1663, "Final Flourish_SB": 957, "Time Stop_SB": 2829, "Infectious Inquiry_SB": 1362, "Unnatural Restoration_SB": 2951, "Satoru, the Infiltrator": 2295, "Founding the Third Path_SB": 1009, "Binding Negotiation": 205, "Vraska, the Silencer": 3094, "Fae Flight_SB": 875, "Invasion of Ergamon": 1399, "Beastie Beatdown_SB": 193, "Break Out_SB": 309, "Hearthborn Battler_SB": 1257, "Vengeful Possession": 3028, "Repair and Recharge": 2170, "Step Between Worlds_SB": 2573, "Hellspur Posse Boss": 1264, "Cynical Loner_SB": 579, "Hellspur Brute_SB": 1263, "Kellan, the Fae-Blooded": 1493, "Kemba, Kha Enduring": 1495, "Swiftfoot Boots": 2645, "Sword of Forge and Frontier": 2649, "Astor, Bearer of Blades_SB": 132, "Consuming Aberration": 516, "Knight of Dusk's Shadow": 1511, "No One Left Behind_SB": 1847, "Botanical Brawler": 281, "Dusk Legion Duelist": 740, "Railway Brawler": 2091, "Stocking the Pantry": 2580, "Tribute to the World Tree": 2885, "Collector's Cage_SB": 489, "Barkform Harvester": 177, "Rampaging Spiketail": 2107, "Evolved Sleeper": 841, "Friendly Teddy": 1019, "Consumed by Greed_SB": 515, "Hop to It_SB": 1317, "Dragonmaster Outcast": 712, "Skyfisher Spider_SB": 2450, "Chart a Course_SB": 443, "Johann's Stopgap_SB": 1448, "Let's Play a Game_SB": 1570, "Festerleech": 946, "Fallaji Archaeologist_SB": 889, "Shrouded Shepherd": 2412, "Kroxa and Kunoros": 1534, "Evolving Adaptive": 842, "Garruk's Uprising_SB": 1050, "Hexgold Halberd": 1285, "Surgical Suite && Hospital Room": 2632, "Quintorius Kand_SB": 2076, "Soul Search": 2487, "Daggerfang Duo": 580, "Deathbloom Gardener": 607, "Hoarding Recluse": 1309, "Maha, Its Feathers Night": 1669, "Moonstone Harbinger": 1789, "Pestilent Syphoner": 1974, "Ygra, Eater of All": 3177, "Pile On": 2000, "Bonehoard Dracosaur_SB": 267, "Llanowar Elves_SB": 1611, "Mosswood Dreadknight_SB": 1795, "Take for a Ride_SB": 2668, "Boltwave_SB": 263, "Fleeting Flight": 975, "Stormchaser's Talent_SB": 2593, "Cactarantula": 357, "Phyrexian Missionary": 1989, "Glimmerlight": 1120, "Ashnod's Harvester": 122, "Warhost's Frenzy": 3109, "Think Twice_SB": 2776, "Rustler Rampage": 2268, "Wojek Investigator": 3161, "Recommission_SB": 2145, "Searslicer Goblin_SB": 2345, "Felidar Cub": 933, "Oracle of Tragedy": 1899, "Tarrian's Journal": 2677, "Dusk Rose Reliquary_SB": 742, "Felidar Cub_SB": 934, "Knight-Errant of Eos_SB": 1516, "Ruthless Lawbringer_SB": 2270, "The Wandering Rescuer_SB": 2772, "Detective's Satchel": 655, "Torch the Witness": 2860, "Worldwalker Helm": 3164, "Forensic Gadgeteer_SB": 998, "Ice Out_SB": 1340, "Claim Jumper_SB": 465, "Mirrex_SB": 1744, "Tectonic Hazard": 2682, "Geralf, the Fleshwright": 1063, "Geralf, the Fleshwright_SB": 1064, "Vraan, Executioner Thane": 3088, "Eaten Alive_SB": 755, "Ojer Pakpatiq, Deepest Epoch": 1882, "Disturbing Conversion_SB": 680, "Lithomantic Barrage": 1604, "Enduring Vitality_SB": 803, "Audience with Trostani_SB": 140, "Leyline of the Void": 1581, "Sentinel of Lost Lore": 2368, "Wylie Duke, Atiin Hero": 3173, "Defiler of Dreams_SB": 631, "Omen Hawker": 1887, "All Will Be One": 45, "Into the Fire": 1387, "Invasion of Karsus": 1405, "Ob Nixilis, Captive Kingpin": 1867, "Surgical Suite // Hospital Room_SB": 2635, "Cosmic Hunger": 535, "Paranormal Analyst": 1952, "Vannifar, Evolved Enigma": 3019, "Fog Bank_SB": 991, "Talion, the Kindly Lord_SB": 2673, "Valgavoth's Onslaught_SB": 2994, "Extraordinary Journey": 864, "Gold Pan": 1145, "Extraordinary Journey_SB": 865, "Nurturing Pixie_SB": 1862, "Moonshaker Cavalry": 1788, "Balemurk Leech": 162, "Bashful Beastie": 182, "Cackling Slasher": 355, "Defiant Survivor": 626, "Fear of the Dark": 918, "Flesh Burrower": 979, "Give In to Violence": 1100, "Grasping Longneck": 1164, "Horrid Vigor": 1323, "Innocuous Rat": 1369, "Let's Play a Game": 1569, "Meathook Massacre II": 1707, "Wickerfolk Thresher": 3133, "Winter's Intervention": 3146, "Leyline of Transformation": 1579, "Saheeli's Lattice": 2278, "Hopeless Nightmare_SB": 1320, "Etali, Primal Storm_SB": 834, "Adamant Will": 13, "Goldvein Pick": 1148, "Moment of Triumph": 1773, "Pilfer": 2002, "Public Thoroughfare": 2057, "Undying Malice": 2936, "Cancel_SB": 369, "Opt_SB": 1895, "Connecting the Dots_SB": 511, "Bushwhack_SB": 353, "Mistbreath Elder_SB": 1757, "Polliwallop_SB": 2021, "Realmbreaker's Grasp_SB": 2132, "Stickytongue Sentinel_SB": 2575, "Tumbleweed Rising_SB": 2892, "Corpses of the Lost_SB": 527, "Analyze the Pollen_SB": 56, "Annihilating Glare": 73, "Fanatical Offering": 893, "Sword of Wealth and Power": 2653, "Makeshift Binding": 1673, "Dismal Backwater": 670, "Pelakka Wurm": 1965, "Extract a Confession_SB": 863, "Unauthorized Exit_SB": 2925, "Jump Scare_SB": 1454, "Progenitus_SB": 2048, "Harvestrite Host": 1229, "Cut Short_SB": 577, "Family Reunion_SB": 890, "Skulduggery": 2442, "Skulduggery_SB": 2443, "Lassoed by the Law": 1545, "Mabel's Mettle": 1655, "Minor Misstep": 1737, "Hopeful Vigil": 1318, "Central Elevator // Promising Stairs": 420, "Creeping Peeper": 549, "Dazzling Theater // Prop Room": 596, "Erratic Apparition": 820, "Fear of Abduction": 902, "Fear of Falling": 906, "Lionheart Glimmer": 1602, "Restricted Office // Lecture Hall": 2202, "Underwater Tunnel // Slimy Aquarium": 2935, "Stalked Researcher_SB": 2553, "Tunnel Surveyor_SB": 2896, "Ajani, Nacatl Pariah": 36, "Arena of Glory": 104, "Arid Mesa": 109, "Fable of the Mirror-Breaker": 869, "Flooded Strand": 980, "Galvanic Discharge": 1044, "Goblin Bombardment": 1134, "Guide of Souls": 1195, "Marsh Flats": 1694, "Ocelot Pride": 1876, "Phlage, Titan of Fire's Fury": 1979, "Ragavan, Nimble Pilferer": 2086, "Sacred Foundry": 2275, "Showdown of the Skalds": 2409, "Static Prison": 2562, "Thraben Charm": 2797, "Windswept Heath": 3144, "Drannith Magistrate_SB": 717, "Fear, Fire, Foes!_SB": 919, "Obsidian Charmaw_SB": 1872, "Orim's Chant_SB": 1901, "Showdown of the Skalds_SB": 2410, "Stony Silence_SB": 2587, "Surgical Extraction_SB": 2631, "Wear // Tear_SB": 3120, "Archon of Cruelty": 101, "Bloodstained Mire": 247, "Brazen Borrower": 302, "Counterspell": 542, "Faithless Looting": 885, "Fatal Push": 896, "Force of Negation": 994, "Misty Rainforest": 1760, "Persist": 1970, "Polluted Delta": 2022, "Psychic Frog": 2055, "Scalding Tarn": 2306, "Sink into Stupor": 2429, "Spell Snare": 2512, "Steam Vents": 2565, "Tamiyo, Inquisitive Student": 2674, "Thoughtseize": 2793, "Unearth": 2937, "Watery Grave": 3116, "Consign to Memory_SB": 513, "Fable of the Mirror-Breaker_SB": 870, "Harbinger of the Seas_SB": 1216, "Nihil Spellbomb_SB": 1836, "Stern Scolding_SB": 2574, "Blazing Rootwalla": 229, "Burning Inquiry": 345, "Detective's Phoenix": 654, "Flameblade Adept": 967, "Goblin Lore": 1138, "Hollow One": 1311, "Lightning Bolt": 1589, "Stomping Ground": 2586, "Street Wraith": 2597, "Vengevine": 3030, "Wooded Foothills": 3162, "Cursed Totem_SB": 573, "Meltdown_SB": 1713, "Barbarian Ring": 175, "Eidolon of the Great Revel": 764, "Flare of Duplication": 971, "Goblin Guide": 1137, "Lava Spike": 1551, "Rift Bolt": 2209, "Searing Blaze": 2342, "Skewer the Critics": 2434, "Skullcrack": 2445, "Sunbaked Canyon": 2612, "Ensnaring Bridge_SB": 809, "Faerie Macabre_SB": 880, "Smash to Smithereens_SB": 2469, "Amulet of Vigor": 52, "Arboreal Grazer": 85, "Boseiju, Who Endures": 279, "Crumbling Vestige": 556, "Dryad Arbor": 732, "Dryad of the Ilysian Grove": 735, "Echoing Deeps": 757, "Explore": 854, "Green Sun's Zenith": 1175, "Gruul Turf": 1191, "Hanweir Battlements": 1213, "Lotus Field": 1639, "Mirrorpool": 1747, "Otawara, Soaring City": 1908, "Primeval Titan": 2041, "Scapeshift": 2311, "Shifting Woodland": 2396, "Simic Growth Chamber": 2426, "Summoner's Pact": 2609, "Tolaria West": 2851, "Urza's Cave": 2982, "Urza's Saga": 2985, "Valakut, the Molten Pinnacle": 2990, "Vesuva": 3034, "Bojuka Bog_SB": 260, "Collector Ouphe_SB": 487, "Defense Grid_SB": 625, "Dismember_SB": 671, "Endurance_SB": 793, "Force of Vigor_SB": 995, "Tireless Tracker_SB": 2837, "Vampires' Vengeance_SB": 3013, "Blood Crypt": 236, "Dwarven Mine": 747, "Indomitable Creativity": 1359, "Jetmir's Garden": 1442, "Prismatic Ending": 2044, "Wrenn and Six": 3169, "Xander's Lounge": 3174, "Boseiju, Who Endures_SB": 280, "Damping Sphere_SB": 582, "Hurkyl's Recall_SB": 1336, "Toxic Deluge_SB": 2866, "Cling to Dust": 475, "Harbinger of the Seas": 1215, "Murktide Regent": 1807, "Preordain": 2036, "Thought Scour": 2790, "Engineered Explosives_SB": 806, "Mystical Dispute_SB": 1813, "Spell Pierce_SB": 2511, "The Meathook Massacre_SB": 2746, "Orcish Bowmasters": 1900, "Godless Shrine": 1144, "Phelia, Exuberant Shepherd": 1978, "Seasoned Pyromancer": 2354, "Thoughtseize_SB": 2794, "Wrath of the Skies_SB": 3165, "Den of the Bugbear": 645, "Devastating Summons": 656, "Foundry Street Denizen": 1010, "Goblin Bushwhacker": 1135, "Goblin Grenade": 1136, "Goblin Piledriver": 1140, "Legion Loyalist": 1564, "Mogg War Marshal": 1764, "Reckless Bushwhacker": 2138, "Skirk Prospector": 2435, "Sokenzan, Crucible of Defiance": 2477, "Blood Moon_SB": 238, "Magus of the Moon_SB": 1668, "Reality Hemorrhage_SB": 2130, "Shattering Spree_SB": 2387, "Tormod's Crypt_SB": 2862, "Ziatora's Proving Ground": 3189, "Terastodon_SB": 2702, "Veil of Summer_SB": 3022, "Consider": 512, "Graveyard Trespasser": 1165, "Exquisite Firecraft_SB": 857, "Searing Blood_SB": 2343, "Tunnel Ignus_SB": 2894, "Chained to the Rocks": 423, "Chained to the Rocks_SB": 424, "Ragavan, Nimble Pilferer_SB": 2087, "Vexing Bauble": 3040, "Colossal Skyturtle_SB": 496, "Generous Ent_SB": 1059, "Grist, the Hunger Tide_SB": 1185, "Hexdrinker_SB": 1284, "Giant Growth_SB": 1089, "Come Back Wrong": 500, "Glassworks // Shattered Yard": 1113, "Over the Edge_SB": 1918, "Poison Dart Frog_SB": 2019, "Beamtown Beatstick": 190, "Celestial Armor": 417, "Diamond Pick-Axe": 662, "Carrot Cake_SB": 387, "Edgewall Inn": 760, "Goliath Hatchery_SB": 1151, "Balmor, Battlemage Captain": 165, "Bria, Riptide Rogue": 313, "Freeze in Place": 1015, "Relic's Roar": 2164, "Run Away Together_SB": 2258, "Scalding Viper_SB": 2308, "Slice from the Shadows": 2462, "Talion, the Kindly Lord": 2672, "Harrier Strix": 1225, "Snaremaster Sprite": 2475, "Hardened Escort": 1221, "Holy Cow": 1313, "Living Phone": 1609, "Unsettling Twins": 2955, "Feather of Flight_SB": 922, "Possessed Goat_SB": 2031, "Raccoon Rallier_SB": 2080, "Rogue's Passage_SB": 2239, "The Jolly Balloon Man_SB": 2740, "Unsettling Twins_SB": 2956, "Hammerhand_SB": 1212, "Heartfire Hero_SB": 1250, "Inti, Seneschal of the Sun_SB": 1384, "Pests of Honor": 1975, "Three Blind Mice": 2805, "Dauntless Dismantler_SB": 588, "Phoenix Chick_SB": 1981, "Gleaming Barrier": 1115, "Gleaming Barrier_SB": 1116, "Solemn Simulacrum_SB": 2479, "Sure Strike_SB": 2626, "Twinferno_SB": 2901, "Ancestors' Aid": 57, "Dwarven Forge-Chanter": 746, "Furious Bellow": 1034, "Ghitu Amplifier": 1077, "Heartfire Immolator": 1251, "Sure Strike": 2625, "Whiskerquill Scribe": 3128, "Brambleguard Captain": 296, "Defabricate": 621, "Fear of Burning Alive": 905, "Iron-Fist Pulverizer": 1422, "Johann, Apprentice Sorcerer": 1449, "Keldon Flamesage": 1484, "Kraum, Violent Cacophony": 1530, "Molten Tributary": 1770, "Nightwhorl Hermit": 1835, "Pyrotechnic Performer": 2065, "Razzle-Dazzler": 2129, "Stop Cold": 2588, "Thopter Mechanic": 2785, "Vesuvan Drifter": 3035, "Involuntary Cooldown_SB": 1418, "Kellan, Planar Trailblazer_SB": 1492, "Mishra's Command_SB": 1753, "Out of Air_SB": 1910, "Plan the Heist_SB": 2012, "Sleight of Hand_SB": 2461, "Trick Shot_SB": 2887, "Violent Urge_SB": 3050, "The Filigree Sylex": 2729, "Charge of the Mites_SB": 438, "Grand Abolisher": 1159, "Unnerving Grasp": 2952, "Halo Hopper": 1210, "Hellspur Posse Boss_SB": 1265, "Make Your Move_SB": 1671, "Harbinger of the Tides": 1217, "Harbinger of the Tides_SB": 1218, "Fynn, the Fangbearer_SB": 1040, "Cat Collector": 400, "Bottomless Pool && Locker Room_SB": 284, "Pile On_SB": 2001, "Growing Rites of Itlimoc": 1187, "Feldon, Ronom Excavator": 932, "Roc Hunter": 2233, "Scalding Viper": 2307, "Adventuring Gear_SB": 16, "Fear of Being Hunted_SB": 904, "Trial of Agony_SB": 2884, "Vicious Clown_SB": 3045, "Into the Roil": 1390, "Into the Roil_SB": 1391, "Ayara, Widow of the Realm": 152, "Arachnoid Adaptation": 82, "Throw from the Saddle": 2817, "Longstalk Brawl_SB": 1624, "Thrill of Possibility_SB": 2815, "Season of Gathering": 2346, "Warren Warleader": 3113, "Horrid Vigor_SB": 1324, "Lionheart Glimmer_SB": 1603, "Omnivorous Flytrap_SB": 1892, "Seasoned Warrenguard_SB": 2356, "Jump Scare": 1453, "Niko, Light of Hope": 1837, "Stalked Researcher": 2552, "Tunnel Surveyor": 2895, "Fear of Isolation_SB": 912, "Splash Portal_SB": 2534, "Demonic Pact_SB": 642, "Rite of the Dragoncaller_SB": 2218, "Valorous Stance": 3008, "Lodestone Needle": 1617, "Sawblade Skinripper_SB": 2302, "Zephyr Singer": 3185, "Afterburner Expert": 24, "Draconautics Engineer": 703, "Dredger's Insight": 726, "Loot, the Pathfinder": 1627, "Molt Tender": 1766, "Restless Spire_SB": 2197, "Momentum Breaker": 1775, "Sunbillow Verge": 2613, "Grim Bauble": 1183, "Spell Pierce": 2510, "Bleachbone Verge": 230, "Intimidation Tactics": 1385, "Ketramose, the New Dawn": 1496, "Debris Beetle": 610, "Wastewood Verge": 3115, "Vein Ripper_SB": 3024, "Oildeep Gearhulk": 1878, "Haunt the Network_SB": 1233, "Bartolom\u00e9 del Presidio_SB": 181, "Lunar Convocation_SB": 1648, "Bloodghast": 243, "Valley Rotcaller_SB": 3005, "Oildeep Gearhulk_SB": 1879, "Gleeful Demolition_SB": 1119, "Monument to Endurance": 1786, "Ride's End": 2207, "Defend the Rider": 623, "Hazoret, Godseeker": 1243, "Willowrush Verge": 3140, "Outpace Oblivion_SB": 1915, "Thousand Moons Smithy": 2795, "Transmutation Font": 2874, "Braided Net_SB": 292, "Cunning Coyote_SB": 568, "Bounce Off": 288, "Greasewrench Goblin": 1167, "Marauding Mako": 1688, "Riverpyre Verge": 2226, "Scrounging Skyray": 2336, "Bounce Off_SB": 289, "Chandra, Spark Hunter_SB": 432, "Explosive Derailment_SB": 856, "Memory Guardian": 1714, "Mendicant Core, Guidelight": 1715, "Diversion Unit_SB": 685, "Tomik, Wielder of Law_SB": 2857, "Lightwheel Enhancements": 1594, "Engine Rat": 804, "Gonti, Night Minister": 1152, "Perilous Snare": 1968, "Teysa, Opulent Oligarch": 2711, "Gumdrop Poisoner": 1198, "Grim Bauble_SB": 1184, "Momentum Breaker_SB": 1776, "Optimistic Scavenger_SB": 1897, "The Aetherspark": 2714, "Brightglass Gearhulk": 316, "Voyager Glidecar": 3086, "Chandra, Spark Hunter": 431, "Intimidation Tactics_SB": 1386, "Captain Howler, Sea Scourge": 376, "Gastal Thrillroller": 1054, "Mishra's Command": 1752, "Phyrexian Dragon Engine": 1986, "Overgrown Zealot": 1921, "Riptide Gearhulk": 2212, "Transit Mage": 2873, "Conduit of Worlds_SB": 508, "Gastal Thrillroller_SB": 1055, "Lifecraft Engine": 1586, "Mindspring Merfolk": 1736, "Mu Yanling, Wind Rider": 1799, "Caelorna, Coral Tyrant_SB": 358, "Nesting Bot": 1825, "Lumbering Worldwagon": 1642, "Heliod, the Radiant Dawn": 1261, "Twinblade Blessing": 2899, "Overrun": 1934, "Diversion Unit": 684, "Muraganda Raceway": 1804, "Repurposing Bay": 2175, "Defend the Rider_SB": 624, "Zephyr Singer_SB": 3186, "Burnout Bashtronaut": 347, "Ratadrabik of Urborg": 2114, "Demonic Junker": 639, "Nexus of Becoming": 1830, "Restless Anchorage_SB": 2185, "Amonkhet Raceway": 51, "Gastal Thrillseeker": 1056, "The Last Ride": 2743, "The Speed Demon": 2761, "Ancient Vendetta_SB": 61, "Monument to Endurance_SB": 1787, "The Speed Demon_SB": 2762, "Voyage Home": 3085, "Esoteric Duplicator": 826, "Aether Syphon_SB": 21, "Invasion of Regatha_SB": 1409, "Ketramose, the New Dawn_SB": 1497, "Thunderous Velocipede": 2824, "Regal Imperiosaur": 2159, "Intrepid Paleontologist_SB": 1393, "Voyager Glidecar_SB": 3087, "Fuel the Flames": 1025, "Skycrash": 2447, "Broadside Barrage_SB": 328, "Fuel the Flames_SB": 1026, "Locust Spray": 1616, "Bringer of the Last Gift": 321, "Riverchurn Monument": 2223, "Skitterbeam Battalion": 2437, "Terisian Mindbreaker": 2703, "Agonasaur Rex": 30, "Tyrox, Saurid Tyrant": 2911, "Coalstoke Gearhulk_SB": 479, "Howlsquad Heavy": 1327, "Boosted Sloop": 275, "Broadside Barrage": 327, "Thopter Fabricator_SB": 2784, "Count on Luck_SB": 541, "Sandstalker Moloch_SB": 2283, "Spectacular Pileup": 2504, "Quag Feast": 2068, "Gastal Raider_SB": 1053, "Collision Course_SB": 493, "Pit Automaton": 2006, "Visage of Dread": 3062, "The Last Ride_SB": 2744, "Visage of Dread_SB": 3063, "Ride's End_SB": 2208, "Thalia and The Gitrog Monster_SB": 2713, "Zahur, Glory's Past": 3183, "Leaf-Crowned Visionary_SB": 1559, "Mossborn Hydra_SB": 1793, "Overrun_SB": 1935, "Painful Quandary_SB": 1944, "Wardens of the Cycle_SB": 3108, "Quag Feast_SB": 2069, "Red Sun's Twilight_SB": 2148, "Perilous Snare_SB": 1969, "Playful Shove": 2014, "Debris Beetle_SB": 611, "Mishra, Claimed by Gix": 1755, "Bloated Contaminator_SB": 235, "Melira, the Living Cure_SB": 1712, "The Aetherspark_SB": 2715, "Fearless Swashbuckler": 920, "Unctus, Grand Metatect": 2927, "Invasion of Mercadia": 1407, "Sazacap's Brew": 2305, "Webstrike Elite": 3123, "Webstrike Elite_SB": 3124, "Coiling Rebirth_SB": 483, "Soul of Windgrace": 2489, "Gas Guzzler": 1051, "Say Its Name_SB": 2304, "Spectral Interference_SB": 2508, "Stock Up": 2578, "Spectacular Pileup_SB": 2505, "Far Fortune, End Boss": 894, "Expel the Interlopers_SB": 850, "Flotsam // Jetsam_SB": 984, "Claim Jumper": 464, "Ancient Vendetta": 60, "Full Throttle_SB": 1029, "Loot, the Key to Everything_SB": 1626, "Loot, the Pathfinder_SB": 1628, "Spring-Loaded Sawblades_SB": 2542, "Unstable Glyphbridge_SB": 2958, "Urza's Command_SB": 2983, "Lassoed by the Law_SB": 1546, "Blast Zone_SB": 225, "Basri, Tomorrow's Champion": 185, "Skyseer's Chariot_SB": 2453, "Third Path Iconoclast_SB": 2778, "Dive Down": 682, "Shoreline Looter": 2408, "Engine Rat_SB": 805, "Essence Channeler_SB": 828, "Lunar Insight": 1649, "Jodah, the Unifier_SB": 1447, "Dropkick Bomber": 729, "Rampaging Raptor": 2106, "Agonasaur Rex_SB": 31, "Coalstoke Gearhulk": 478, "Visage Bandit": 3061, "Waxen Shapethief": 3117, "Dune Drifter": 737, "Sword of Forge and Frontier_SB": 2650, "Become Brutes": 194, "The Elder Dragon War_SB": 2722, "Veteran Survivor": 3038, "Kellan, Inquisitive Prodigy_SB": 1490, "Caradora, Heart of Alacria": 380, "Skyseer's Chariot": 2452, "Valor's Flagship": 3006, "Veteran Beastrider": 3037, "Threadbind Clique": 2803, "Twining Twins": 2903, "Boommobile_SB": 272, "Radiant Lotus_SB": 2083, "Boommobile": 271, "Forging the Anchor": 1002, "Radiant Lotus": 2082, "The Mightstone and Weakstone_SB": 2748, "Goldvein Hydra_SB": 1147, "Bloodthorn Flail": 250, "Flamewake Phoenix": 969, "Cryptcaller Chariot_SB": 558, "Volley Veteran": 3079, "Riptide Gearhulk_SB": 2213, "Riverchurn Monument_SB": 2224, "Spiteful Hexmage_SB": 2532, "Clamorous Ironclad": 468, "Furnace Host Charger": 1035, "Alania, Divergent Storm": 42, "Frolicking Familiar": 1020, "Wishing Well": 3151, "Resplendent Angel_SB": 2180, "Cephalopod Sentry": 421, "Tinker's Tote": 2831, "Thopter Fabricator": 2783, "Redshift, Rocketeer Chief": 2151, "Haunt the Network": 1232, "Sorcerous Spyglass": 2483, "Demonic Junker_SB": 640, "Halana and Alena, Partners_SB": 1204, "Valor's Flagship_SB": 3007, "Tocasia's Welcome_SB": 2850, "Stall Out": 2554, "Stall Out_SB": 2555, "Gloryheath Lynx": 1127, "Sovereign Okinec Ahau": 2501, "The Raven Man": 2754, "The Raven Man_SB": 2755, "Broodheart Engine": 329, "Bat Colony": 186, "Calamitous Cave-In": 359, "Gargantuan Leech": 1046, "Hidden Volcano": 1291, "Promising Vein": 2051, "Marketback Walker": 1692, "Sab-Sunen, Luxa Embodied": 2273, "Simian Simulacrum": 2425, "Sylvan Scavenging": 2656, "Mold Adder_SB": 1765, "Boom Box": 270, "Broadcast Rambler": 326, "Conduit of Worlds": 507, "Possession Engine": 2032, "Leyline Binding_SB": 1573, "Bulwark Ox": 341, "Reluctant Role Model": 2165, "Reluctant Role Model_SB": 2166, "The Goose Mother": 2732, "Marketback Walker_SB": 1693, "Daretti, Rocketeer Engineer": 583, "Threefold Thunderhulk": 2812, "Tune Up": 2893, "Meteor Golem_SB": 1719, "Burnout Bashtronaut_SB": 348, "Gastal Raider": 1052, "Oviya, Automech Artisan": 1940, "The Skullspore Nexus_SB": 2760, "Market Gnome_SB": 1691, "Cosmium Confluence": 538, "Festival of Embers": 947, "Hidden Nursery": 1290, "Skycrash_SB": 2448, "Nexus of Becoming_SB": 1831, "Sab-Sunen, Luxa Embodied_SB": 2274, "Earthrumbler": 752, "Collector's Vault_SB": 491, "Thran Spider_SB": 2800, "Akal Pakal, First Among Equals_SB": 40, "Deepfathom Echo": 618, "Forensic Researcher": 999, "Oko, the Ringleader": 1884, "Chitin Gravestalker": 448, "Starving Revenant_SB": 2560, "Steamcore Scholar_SB": 2567, "Ojer Pakpatiq, Deepest Epoch_SB": 1883, "Lavaspur Boots_SB": 1553, "Thunderous Velocipede_SB": 2825, "Stock Up_SB": 2579, "Fear of Infinity_SB": 910, "Dredger's Insight_SB": 727, "Fauna Shaman_SB": 899, "Barrow Naughty": 179, "Drag the Canal": 704, "Faerie Slumber Party": 883, "Mocking Sprite": 1761, "Spellscorn Coven": 2517, "Talion's Messenger": 2670, "Coerced to Kill": 481, "Etrata, Deadly Fugitive": 839, "Unstoppable Plan_SB": 2959, "Hoarding Broodlord": 1308, "Shadow-Rite Priest": 2379, "Training Grounds": 2868, "Nahiri's Warcrafting_SB": 1815, "Baral and Kari Zev": 174, "Enigma Drake": 807, "Eroded Canyon": 818, "Brightfield Glider": 315, "Congregation Gryff": 510, "Giant Beaver": 1085, "Lagorin, Soul of Alacria": 1542, "Miriam, Herd Whisperer": 1741, "Ornery Tumblewagg": 1902, "Trained Arynx": 2867, "Run Over_SB": 2259, "Vivisurgeon's Insight_SB": 3067, "Night Market": 1833, "Stockpiling Celebrant": 2581, "Carrion Locust_SB": 385, "Skullcap Snail_SB": 2444, "Stockpiling Celebrant_SB": 2582, "Overwhelming Remorse_SB": 1937, "Akal Pakal, First Among Equals": 39, "Forensic Gadgeteer": 997, "Deduce_SB": 615, "Wreck Remover_SB": 3166, "Brave the Wilds": 301, "Fountainport Bell": 1012, "Guidelight Optimizer": 1196, "Oaken Siren": 1864, "Machine Over Matter_SB": 1659, "Armored Scrapgorger": 114, "Spinewoods Paladin": 2526, "Phyrexian Missionary_SB": 1990, "Sunder the Gateway": 2614, "Malcator, Purity Overseer": 1674, "Tranquil Cove_SB": 2870, "Crumb and Get It_SB": 555, "Flame Lash": 966, "Exsanguinate": 858, "Exsanguinate_SB": 859, "Syr Ginger, the Meal Ender_SB": 2660, "Legion Extruder_SB": 1563, "Blade of the Oni": 218, "Blightstep Pathway": 233, "Bloodtithe Harvester": 251, "Mutavault": 1809, "Urborg, Tomb of Yawgmoth": 2979, "Extinction Event_SB": 861, "Go Blank_SB": 1131, "Hidetsugu Consumes All_SB": 1293, "Invoke Despair_SB": 1417, "Unlicensed Hearse_SB": 2949, "Breeding Pool": 312, "Enigmatic Incarnation": 808, "Indatha Triome": 1358, "Linvala, the Preserver": 1601, "Overgrown Tomb": 1920, "Savai Triome": 2296, "Skyclave Apparition": 2446, "Spara's Headquarters": 2502, "Vanishing Verse": 3017, "Zagoth Triome": 3182, "Archon of Emeria_SB": 102, "Knockout Blow_SB": 1517, "Ruric Thar, the Unbowed_SB": 2265, "Thought Distortion_SB": 2789, "Yorion, Sky Nomad_SB": 3179, "Cauldron Familiar": 405, "Claim the Firstborn": 466, "Deadly Dispute": 604, "Mayhem Devil": 1701, "Witch's Oven": 3154, "Ob Nixilis, the Adversary_SB": 1868, "Darksteel Citadel": 587, "Ensoul Artifact": 810, "Riverglide Pathway": 2225, "Shrapnel Blast": 2411, "Smuggler's Copter": 2470, "Voldaren Epicure": 3076, "Aether Gust_SB": 20, "Annul_SB": 74, "Rending Volley_SB": 2169, "Shadowspear_SB": 2380, "Voltage Surge_SB": 3080, "Cragcrown Pathway": 545, "Ramunap Ruins": 2108, "Reckless Rage": 2141, "Soul-Scar Mage": 2492, "Experimental Frenzy_SB": 853, "Hazoret the Fervent_SB": 1242, "Redcap Melee_SB": 2149, "Extinction Event": 860, "Anger of the Gods_SB": 65, "Fatal Push_SB": 897, "Gifted Aetherborn_SB": 1090, "Claim // Fame": 463, "Infuriate": 1364, "Kumano Faces Kakkazan": 1536, "Claim the Firstborn_SB": 467, "Grafdigger's Cage_SB": 1158, "Castle Locthwain": 399, "Clearwater Pathway": 472, "Field of Ruin": 949, "Geier Reach Sanitarium": 1058, "Hall of Storm Giants": 1205, "Hive of the Eye Tyrant": 1307, "Narset, Parter of Veils": 1816, "Omen of the Sea": 1888, "Paradoxical Outcome": 1951, "Shipwreck Marsh": 2399, "Takenuma, Abandoned Mire": 2669, "The Meathook Massacre": 2745, "Ashiok, Dream Render_SB": 118, "Weathered Runestone_SB": 3122, "Fetid Pools": 948, "Yorion, Sky Nomad": 3178, "Collective Brutality": 485, "Faithful Mending": 884, "Greasefang, Okiba Boss": 1166, "Hallowed Fountain": 1207, "Parhelion II": 1953, "Raffine's Tower": 2085, "Shattered Sanctum": 2386, "Skysovereign, Consul Flagship": 2454, "Stubborn Denial": 2604, "Tainted Indulgence": 2664, "Deafening Silence_SB": 606, "Dovin's Veto_SB": 701, "Silence_SB": 2418, "Vanishing Verse_SB": 3018, "Fear of Infinity": 909, "Krenko's Buzzcrusher": 1531, "Arclight Phoenix": 103, "Fiery Impulse": 955, "Izzet Charm": 1430, "Lightning Axe": 1588, "Prismari Command": 2042, "Spikefield Hazard": 2523, "Stormcarved Coast": 2590, "Treasure Cruise": 2879, "Dawnwing Marshal": 591, "Bishop of Wings": 208, "Branchloft Pathway": 298, "Cave of the Frost Dragon": 410, "Collected Company": 484, "Eiganjo, Seat of the Empire": 765, "Nykthos, Shrine to Nyx": 1863, "Overgrown Farmland": 1919, "Portable Hole": 2026, "Resplendent Marshal": 2181, "Righteous Valkyrie": 2210, "Temple Garden": 2688, "Archon of Absolution_SB": 100, "Brave the Elements_SB": 300, "Brutal Cathar_SB": 336, "Heroic Intervention_SB": 1281, "Reidane, God of the Worthy_SB": 2160, "Shapers' Sanctuary_SB": 2382, "Kroxa, Titan of Death's Hunger": 1535, "Ledger Shredder": 1561, "Brazen Borrower_SB": 303, "Prismari Command_SB": 2043, "Burner Rocket": 344, "Cloudspire Skycycle": 477, "Dynamite Diver": 751, "Guidelight Synergist": 1197, "Kolodin, Triumph Caster": 1522, "Count on Luck": 540, "Frenzied Goblin": 1016, "Doubling Season_SB": 699, "Fanatical Firebrand_SB": 892, "Howlsquad Heavy_SB": 1328, "Reckless Lackey_SB": 2140, "Rundvelt Hordemaster_SB": 2261, "District Mascot": 678, "Shivan Devastator": 2400, "Zimone, Paradox Sculptor": 3190, "Tyvar, the Pummeler_SB": 2920, "Zopandrel, Hunger Dominus_SB": 3194, "Aurelia, the Warleader": 142, "Gilded Ghoda": 1093, "Cavalier of Thorns": 409, "Elvish Mystic": 786, "Kiora, Behemoth Beckoner": 1500, "Lair of the Hydra": 1543, "Leyline of the Guildpact": 1580, "Oath of Nissa": 1866, "Old-Growth Troll": 1886, "Storm the Festival": 2589, "Ulvenwald Oddity": 2921, "Arasta of the Endless Web_SB": 84, "Emrakul, the Promised End_SB": 792, "Setessan Petitioner_SB": 2378, "Ashiok, Nightmare Muse_SB": 119, "Foreboding Ruins": 996, "Invoke Despair": 1416, "Kolaghan's Command_SB": 1521, "Haunted Ridge": 1235, "Bonecrusher Giant": 264, "Burning-Tree Emissary": 346, "Chandra, Torch of Defiance": 433, "Collision // Colossus": 492, "Gruul Spellbreaker": 1190, "Kami's Flare": 1468, "Pelt Collector": 1966, "Voltaic Brawler": 3081, "Zhur-Taa Goblin": 3188, "Bonecrusher Giant_SB": 265, "Chandra, Torch of Defiance_SB": 434, "Cindervines_SB": 458, "Kami's Flare_SB": 1469, "Roiling Vortex_SB": 2241, "Mana Confluence": 1680, "Barrier Breach_SB": 178, "Leyline of Sanctity_SB": 1578, "Colossus Hammer": 497, "Eldritch Evolution": 768, "Raffine's Informant": 2084, "Sigarda's Aid": 2416, "Soulflayer": 2494, "Sylvan Caryatid": 2655, "Bloodline Culling_SB": 246, "Collective Brutality_SB": 486, "Portable Hole_SB": 2027, "Furnace Punisher_SB": 1036, "Laughing Jasper Flint_SB": 1550, "Rocky Roads": 2236, "Lumbering Worldwagon_SB": 1643, "Cosmic Rebirth_SB": 537, "Mondrak, Glory Dominus_SB": 1781, "Become Brutes_SB": 195, "Goblin Oriflamme": 1139, "Drake Hatcher_SB": 715, "Eddymurk Crab_SB": 759, "Cindering Cutthroat_SB": 457, "Ravine Raider_SB": 2122, "Risky Shortcut_SB": 2215, "Spin Out_SB": 2524, "Steampath Charger_SB": 2568, "Devouring Sugarmaw": 657, "Amalia Benavides Aguirre_SB": 49, "Elas il-Kor, Sadistic Pilgrim_SB": 767, "Fiendish Panda_SB": 951, "Knight of Dawn's Light_SB": 1510, "Mimeoplasm, Revered One": 1733, "Etched Familiar": 836, "Spectral Interference": 2507, "Winter, Cursed Rider": 3147, "Radiant Grove": 2081, "Streetwise Negotiator_SB": 2598, "Map the Frontier": 1684, "Divine Resilience": 686, "Greenhouse // Rickety Gazebo": 1176, "Silken Strength": 2421, "Realm-Scorcher Hellkite": 2131, "Spyglass Siren_SB": 2545, "Sentinel of Lost Lore_SB": 2369, "Herd Migration_SB": 1276, "Kykar, Zephyr Awakener": 1541, "The Huntsman's Redemption_SB": 2735, "Lathril, Blade of the Elves_SB": 1548, "Armored Armadillo_SB": 112, "Gixian Infiltrator_SB": 1106, "Gloryheath Lynx_SB": 1128, "Threefold Thunderhulk_SB": 2813, "Primeval Bounty": 2039, "Cryptcaller Chariot": 557, "Steel Hellkite_SB": 2569, "Rangers' Refueler": 2109, "Mindsparker_SB": 1734, "Cursed Recording_SB": 572, "Thirsting Roots": 2779, "Gigantosaurus": 1091, "Llanowar Stalker": 1614, "Ghalta, Primal Hunger_SB": 1074, "Gigantosaurus_SB": 1092, "Disenchant": 666, "Captain Howler, Sea Scourge_SB": 377, "Karn, Living Legacy_SB": 1472, "Quaketusk Boar": 2070, "Kellan Joins Up": 1486, "Ovika, Enigma Goliath_SB": 1939, "The Everflowing Well": 2728, "The Stasis Coffin": 2763, "Bestow Greatness_SB": 199, "Leaping Ambush": 1560, "Raucous Theater_SB": 2120, "Flowstone Infusion_SB": 990, "Alesha, Who Laughs at Fate_SB": 44, "Lazav, Wearer of Faces_SB": 1557, "Harmless Offering_SB": 1224, "Return Triumphant": 2203, "Souls of the Lost_SB": 2497, "Slickshot Lockpicker_SB": 2464, "Flashfreeze": 972, "Interface Ace": 1382, "Sunpearl Kirin": 2620, "Synchronized Charge": 2658, "Heritage Reclamation_SB": 1278, "Magmatic Hellkite_SB": 1665, "Elspeth, Storm Slayer": 780, "Cori Mountain Monastery": 523, "Dispelling Exhale": 672, "Jeskai Revelation": 1440, "Marang River Regent": 1685, "Shiko, Paragon of the Way": 2397, "Rally the Monastery": 2104, "Surrak, Elusive Hunter": 2638, "Surrak, Elusive Hunter_SB": 2639, "Glacial Dragonhunt": 1108, "Tersa Lightshatter": 2709, "Winternight Stories": 3148, "Auroral Procession": 143, "Opulent Palace": 1898, "Rakshasa's Bargain": 2100, "Desperate Measures": 651, "Rot-Curse Rakshasa": 2246, "Sandsteppe Citadel": 2284, "Skirmish Rhino": 2436, "Cori-Steel Cutter": 524, "Tersa Lightshatter_SB": 2710, "Mistrise Village": 1758, "Jeskai Revelation_SB": 1441, "United Battlefront": 2948, "Elspeth, Storm Slayer_SB": 781, "Herd Heirloom": 1274, "Sage of the Skies_SB": 2277, "Voice of Victory_SB": 3071, "Rediscover the Way": 2150, "Roiling Dragonstorm": 2240, "Gilded Lotus_SB": 1094, "Static Snare": 2563, "Tempest Hawk": 2687, "Frontline Rush": 1023, "Cori-Steel Cutter_SB": 525, "Kishla Village": 1503, "Restless Vents_SB": 2199, "Dalkovan Encampment": 581, "Frontier Bivouac": 1021, "Two-Headed Hunter_SB": 2909, "Mystic Monastery": 1812, "Fresh Start_SB": 1018, "Frostcliff Siege": 1024, "Duty Beyond Death_SB": 745, "Qarsi Revenant_SB": 2067, "Scavenger Regent_SB": 2315, "Caustic Exhale": 408, "Disruptive Stormbrood": 673, "Dragonologist": 713, "Scavenger Regent": 2314, "Qarsi Revenant": 2066, "Spectral Denial": 2506, "Overwhelming Surge_SB": 1938, "Wild Ride": 3134, "Corroding Dragonstorm": 528, "Fleeting Effigy": 974, "Sage of the Skies": 2276, "Heritage Reclamation": 1277, "Clarion Conqueror_SB": 469, "Voice of Victory": 3070, "Bleachbone Verge_SB": 231}}