{"vocabulary": {"Analyze the Pollen": 55, "Bitter Reunion": 210, "Botanical Sanctum": 280, "Bushwhack": 350, "Copperline Gorge": 521, "Enduring Vitality": 802, "Fabled Passage": 870, "Forest": 998, "Island": 1418, "Karplusan Forest": 1467, "Mountain": 1787, "Pawpatch Formation": 1948, "Questing Druid": 2061, "Roaring Furnace && Steaming Sauna": 2218, "Song of Totentanz": 2468, "Stormchaser's Talent": 2578, "Tarnation Vista": 2660, "This Town Ain't Big Enough": 2765, "Thundertrap Trainer": 2810, "Torch the Tower": 2842, "Up the Beanstalk": 2956, "Valley Floodcaller": 2987, "Yavimaya Coast": 3160, "Dissection Tools_SB": 675, "Ghost Vacuum_SB": 1079, "Into the Flood Maw_SB": 1385, "Negate_SB": 1813, "Pawpatch Formation_SB": 1949, "Roaring Furnace && Steaming Sauna_SB": 2219, "Screaming Nemesis_SB": 2322, "Up the Beanstalk_SB": 2957, "Volcanic Spite_SB": 3060, "Emberheart Challenger": 789, "Heartfire Hero": 1245, "Hired Claw": 1302, "Lightning Strike": 1583, "Manifold Mouse": 1673, "Monastery Swiftspear": 1770, "Monstrous Rage": 1775, "Rockface Village": 2223, "Screaming Nemesis": 2321, "Shock": 2390, "Witchstalker Frenzy": 3140, "Lithomantic Barrage_SB": 1596, "Obliterating Bolt_SB": 1860, "Torch the Tower_SB": 2843, "Twisted Fealty_SB": 2891, "Urabrask's Forge_SB": 2960, "Witchstalker Frenzy_SB": 3141, "Innkeeper's Talent": 1363, "Might of the Meek": 1719, "Restless Ridgeline": 2184, "Slickshot Show-Off": 2453, "Snakeskin Veil": 2460, "Thornspire Verge": 2770, "Pick Your Poison_SB": 1986, "Questing Druid_SB": 2062, "Scorching Shot_SB": 2312, "Abhorrent Oculus": 1, "Adarkar Wastes": 15, "Chart a Course": 440, "Floodfarm Verge": 979, "Founding the Third Path": 1006, "Get Lost": 1063, "Haughty Djinn": 1227, "Helping Hand": 1264, "Into the Flood Maw": 1384, "Meticulous Archive": 1711, "Moment of Truth": 1765, "Negate": 1812, "Picklock Prankster": 1987, "Plains": 2000, "Recommission": 2135, "Seachrome Coast": 2328, "Sleight of Hand": 2448, "Destroy Evil_SB": 653, "Elspeth's Smite_SB": 779, "Exorcise_SB": 847, "Monastery Mentor_SB": 1769, "Split Up_SB": 2523, "Anoint with Affliction": 75, "Blooming Marsh": 252, "Cut Down": 575, "Deadly Cover-Up": 602, "Demolition Field": 635, "Duress": 738, "Fountainport": 1009, "Gix's Command": 1099, "Glissa Sunslayer": 1119, "Go for the Throat": 1129, "Harvester of Misery": 1224, "Llanowar Wastes": 1606, "Outrageous Robbery": 1906, "Overlord of the Hauntwoods": 1918, "Pillage the Bog": 1994, "Restless Cottage": 2178, "Sheoldred, the Apocalypse": 2381, "Sunken Citadel": 2604, "Swamp": 2626, "Tear Asunder": 2664, "Underground Mortuary": 2917, "Virtue of Persistence": 3043, "Aclazotz, Deepest Betrayal_SB": 12, "Blot Out_SB": 256, "Breach the Multiverse_SB": 304, "Cruelclaw's Heist_SB": 553, "Cut Down_SB": 576, "Duress_SB": 739, "Nissa, Ascended Animist_SB": 1831, "Outrageous Robbery_SB": 1907, "Tear Asunder_SB": 2665, "The End_SB": 2708, "Tranquil Frillback_SB": 2857, "Battlefield Forge": 186, "Case of the Gateway Express": 388, "Gleeful Demolition": 1115, "Imodane's Recruiter": 1345, "Inspiring Vantage": 1377, "Knight-Errant of Eos": 1509, "Novice Inspector": 1847, "Painter's Studio && Defaced Gallery": 1935, "Resolute Reinforcements": 2168, "Sheltered by Ghosts": 2376, "Shivan Reef": 2389, "Spirebluff Canal": 2516, "Spyglass Siren": 2531, "Warden of the Inner Sky": 3089, "Yotian Frontliner": 3165, "Disdainful Stroke_SB": 665, "Get Lost_SB": 1064, "Protect the Negotiators_SB": 2044, "Pyroclasm_SB": 2054, "Darkslick Shores": 584, "Deep-Cavern Bat": 616, "Enduring Curiosity": 796, "Ertai Resurrected": 821, "Faerie Mastermind": 880, "Gloomlake Verge": 1123, "Kaito, Bane of Nightmares": 1452, "Phantom Interference": 1966, "Preacher of the Schism": 2024, "Restless Reef": 2182, "Three Steps Ahead": 2791, "Tishana's Tidebinder": 2822, "Underground River": 2918, "Anoint with Affliction_SB": 76, "Gix's Command_SB": 1100, "Sheoldred, the Apocalypse_SB": 2382, "Tishana's Tidebinder_SB": 2823, "Malicious Eclipse_SB": 1670, "Soul Partition": 2472, "Bovine Intervention_SB": 288, "Change the Equation_SB": 434, "Faerie Mastermind_SB": 881, "Temporary Lockdown_SB": 2684, "Hedge Maze": 1254, "Abrade_SB": 4, "Blue Sun's Twilight_SB": 257, "Cacophony Scamp": 354, "Callous Sell-Sword": 363, "Leyline of Resonance": 1568, "Overprotect": 1922, "Turn Inside Out": 2882, "Manifold Mouse_SB": 1674, "Snakeskin Veil_SB": 2461, "Unstoppable Slasher": 2947, "Elegant Parlor": 770, "Getaway Glamer": 1067, "Restless Anchorage": 2174, "Spell Stutter": 2500, "Archfiend of the Dross": 97, "Caustic Bronco": 404, "Mosswood Dreadknight": 1785, "Tranquil Frillback": 2856, "Unholy Annex && Ritual Chamber": 2926, "Choking Miasma_SB": 448, "Disfigure_SB": 669, "Dreams of Steel and Oil_SB": 725, "Harvester of Misery_SB": 1225, "Liliana of the Veil_SB": 1588, "Floodpits Drowner": 980, "Mockingbird": 1753, "Undercity Sewers": 2916, "Go for the Throat_SB": 1130, "Soul-Guide Lantern_SB": 2478, "Blot Out": 255, "Dreams of Steel and Oil": 724, "Sentinel of the Nameless City": 2359, "The End": 2707, "Ashiok, Wicked Manipulator_SB": 121, "Render Inert_SB": 2159, "No More Lies": 1834, "Silent Hallcreeper_SB": 2408, "Assimilation Aegis": 129, "Chimil, the Inner Sun": 444, "Chrome Prowler": 451, "Combat Thresher": 497, "Cryptic Coat": 559, "Hidden Cataract": 1283, "Hidden Courtyard": 1284, "Liberator, Urza's Battlethopter": 1575, "Ossification": 1895, "Out Cold": 1899, "Simulacrum Synthesizer": 2416, "Steel Seraph": 2557, "High Noon_SB": 1295, "Kitnap_SB": 1500, "Lost in the Maze_SB": 1629, "Rest in Peace_SB": 2173, "Spark Rupture_SB": 2490, "Sunfall_SB": 2602, "Bloodletter of Aclazotz": 242, "Cavern of Souls": 409, "Rush of Dread": 2255, "Sheoldred's Edict": 2379, "Unholy Annex // Ritual Chamber": 2928, "Withering Torment_SB": 3143, "Archangel Elspeth": 89, "Beza, the Bounding Spring": 201, "Caretaker's Talent": 378, "Carrot Cake": 383, "Enduring Innocence": 798, "Jace, the Perfected Mind": 1428, "Lay Down Arms": 1548, "Loran of the Third Path": 1620, "Overlord of the Mistmoors": 1920, "Parting Gust": 1944, "Sunfall": 2601, "Boon-Bringer Valkyrie_SB": 272, "Jace, the Perfected Mind_SB": 1429, "Season of the Burrow_SB": 2342, "Sunder the Gateway_SB": 2600, "Blackcleave Cliffs": 215, "Blazemire Verge": 224, "Fireglass Mentor": 962, "Flamecache Gecko": 966, "Gev, Scaled Scorch": 1069, "Iridescent Vinelasher": 1414, "Laughing Jasper Flint": 1543, "Mudflat Village": 1791, "Restless Vents": 2188, "Sulfurous Springs": 2593, "Thought-Stalker Warlock": 2775, "Valley Flamecaller": 2986, "Glistening Deluge_SB": 1121, "Long Goodbye_SB": 1611, "Scales of Shale_SB": 2299, "Deep-Cavern Bat_SB": 617, "Caves of Koilos": 412, "Concealed Courtyard": 503, "Kaya, Spirits' Justice": 1472, "Legions to Ashes": 1558, "Sanguine Evangelist": 2277, "Season of the Burrow": 2341, "Shadowy Backstreet": 2369, "Kaya, Intangible Slayer_SB": 1471, "Loran of the Third Path_SB": 1621, "Deadly Cover-Up_SB": 603, "Bitter Triumph": 212, "Gix, Yawgmoth Praetor": 1101, "Mirrex": 1733, "Fear of Missing Out": 912, "Liliana of the Veil": 1587, "Obliterating Bolt": 1859, "Pyroclasm": 2053, "Leyline of the Void_SB": 1574, "Brushland": 333, "Charming Scoundrel": 438, "Destroy Evil": 652, "Ghired, Mirror of the Wilds": 1074, "Hushwood Verge": 1334, "Splitskin Doll": 2524, "The Jolly Balloon Man": 2723, "Agatha's Soul Cauldron_SB": 29, "Kutzil's Flanker_SB": 1532, "Soul Partition_SB": 2473, "Case of the Stashed Skeleton": 394, "Corpses of the Lost": 525, "Cult Conscript": 565, "Disfigure": 668, "Forsaken Miner": 1003, "Gisa, the Hellraiser": 1094, "Patchwork Banner": 1946, "Tinybones, the Pickpocket": 2819, "Undead Sprinter": 2913, "Ghost Vacuum": 1078, "Hunter's Talent": 1331, "Caustic Bronco_SB": 405, "Scrapshooter_SB": 2316, "Unholy Annex // Ritual Chamber_SB": 2929, "Exorcise": 846, "Fear of Impostors": 905, "Ghostly Dancers": 1080, "Nowhere to Run": 1848, "Overlord of the Balemurk": 1912, "Virtue of Knowledge": 3039, "Zur, Eternal Schemer": 3184, "Braided Net": 289, "Clay-Fired Bricks": 469, "Farsight Ritual": 893, "Split Up": 2522, "Unidentified Hovership": 2930, "Beza, the Bounding Spring_SB": 202, "Ezrim, Agency Chief_SB": 867, "Kaya, Intangible Slayer": 1470, "Restless Fortress": 2180, "Surge of Salvation": 2614, "The Eternal Wanderer": 2710, "Nowhere to Run_SB": 1849, "Demonic Counsel": 637, "Serra Paragon": 2362, "Temporary Lockdown": 2683, "Altanak, the Thrice-Called": 47, "Eddymurk Crab": 758, "Overlord of the Floodpits": 1916, "Restless Vinestalk": 2190, "Say Its Name": 2292, "Seed of Hope": 2348, "Tolarian Terror": 2836, "Keen-Eyed Curator_SB": 1477, "Monstrous Emergence_SB": 1774, "Unable to Scream_SB": 2908, "Unholy Annex && Ritual Chamber_SB": 2927, "Aclazotz, Deepest Betrayal": 11, "Zoraline, Cosmos Caller": 3180, "Sunspine Lynx_SB": 2609, "Molten Collapse": 1758, "Piggy Bank": 1989, "Raucous Theater": 2110, "Voldaren Thrillseeker": 3062, "Ertai Resurrected_SB": 822, "Deduce": 614, "Elspeth's Smite": 778, "Scatter Ray": 2301, "Season of Weaving": 2339, "Elesh Norn, Mother of Machines_SB": 776, "Not on My Watch_SB": 1846, "Clockwork Percussionist": 474, "Invasion of Gobakhan_SB": 1397, "Hostile Investigator": 1322, "Audacity": 138, "Break Out": 306, "Commercial District": 500, "Omnivorous Flytrap": 1881, "Patchwork Beastie": 1947, "Rubblebelt Maverick": 2242, "Urabrask's Forge": 2959, "Violent Urge": 3034, "Wildfire Wickerfolk": 3122, "Haywire Mite_SB": 1236, "Doomsday Excruciator": 693, "Shoot the Sheriff": 2392, "Phyrexian Fleshgorger_SB": 1978, "Faerie Dreamthief": 877, "Azure Beastbinder": 155, "Drannith Ruins": 718, "Kaito, Bane of Nightmares_SB": 1453, "Mishra's Foundry": 1744, "Vren, the Relentless_SB": 3081, "Sunspine Lynx": 2608, "Koth, Fire of Resistance_SB": 1521, "Aven Interrupter": 147, "Skrelv, Defector Mite": 2428, "Skrelv's Hive_SB": 2427, "Betrayer's Bargain_SB": 200, "Breach the Multiverse": 303, "Capricious Hellraiser": 372, "Fires of Victory": 963, "Hidetsugu and Kairi": 1291, "Ill-Timed Explosion": 1342, "Push // Pull": 2051, "Thundering Falls": 2806, "Brotherhood's End_SB": 331, "Tectonic Hazard_SB": 2667, "Confounding Riddle": 507, "Malicious Eclipse": 1669, "Invasion of Ixalan": 1398, "Pond Prophet": 2015, "Under the Skin": 2915, "Elusive Otter_SB": 783, "Enduring Curiosity_SB": 797, "Ephara's Dispersal_SB": 816, "Cruelclaw's Heist": 552, "The Cruelty of Gix_SB": 2703, "Ephara's Dispersal": 815, "Atraxa, Grand Unifier": 136, "Herd Migration": 1272, "Leyline Binding": 1565, "Lush Portico": 1643, "Escape Tunnel": 825, "Sheoldred's Edict_SB": 2380, "Scrollshift": 2323, "Doppelgang_SB": 697, "Scorching Shot": 2311, "Demonic Ruckus": 643, "Ethereal Armor": 837, "Optimistic Scavenger": 1886, "Restless Bivouac": 2176, "Shardmage's Rescue": 2371, "Thran Portal": 2782, "Lightning Helix": 1581, "Overlord of the Boilerbilges": 1914, "Unyielding Gatekeeper": 2955, "Etali, Primal Conqueror_SB": 833, "Calix, Guided by Fate": 360, "Entity Tracker": 813, "Inquisitive Glimmer": 1366, "Razorverge Thicket": 2119, "Royal Treatment": 2240, "Silent Hallcreeper": 2407, "Valgavoth's Lair": 2979, "Lightning Strike_SB": 1584, "Innkeeper's Talent_SB": 1364, "Shock_SB": 2391, "Impulse": 1352, "Case of the Filched Falcon": 387, "Regal Bunnicorn": 2146, "Subterranean Schooner": 2590, "Zoetic Glyph": 3176, "Arabella, Abandoned Doll": 80, "Warleader's Call": 3094, "Sheltered by Ghosts_SB": 2377, "Dollmaker's Shop && Porcelain Gallery": 689, "Gremlin Tamer": 1173, "Skrelv's Hive": 2426, "Virtue of Loyalty": 3041, "Restricted Office && Lecture Hall_SB": 2191, "Feather of Flight": 919, "Lightning Helix_SB": 1582, "Case of the Crimson Pulse_SB": 386, "Scorching Dragonfire_SB": 2310, "Amalia Benavides Aguirre": 48, "Case of the Uneaten Feast": 396, "Darkstar Augur": 585, "Essence Channeler": 827, "Lunar Convocation": 1638, "Ruin-Lurker Bat": 2245, "Pest Control_SB": 1963, "Starscape Cleric_SB": 2546, "The Stone Brain_SB": 2749, "Elusive Otter": 782, "Ral, Crackling Wit": 2093, "Scorching Dragonfire": 2309, "Ral, Crackling Wit_SB": 2094, "Razorkin Needlehead_SB": 2115, "Archangel of Wrath": 93, "Season of Weaving_SB": 2340, "Volcanic Spite": 3059, "No More Lies_SB": 1835, "Cunning Coyote": 567, "Osteomancer Adept": 1897, "Phyrexian Fleshgorger": 1977, "The Infamous Cruelclaw": 2720, "Tail Swipe": 2647, "Picnic Ruiner": 1988, "Rockface Village_SB": 2224, "Come Back Wrong_SB": 499, "Thraxodemon": 2786, "Magebane Lizard_SB": 1655, "Case of the Crimson Pulse": 385, "Dusk Rose Reliquary": 741, "Kellan, Daring Traveler": 1482, "Restless Prairie": 2181, "Syr Ginger, the Meal Ender": 2644, "Teething Wurmlet": 2668, "Tough Cookie": 2848, "Anointed Peacekeeper_SB": 78, "Archangel Elspeth_SB": 90, "Aven Interrupter_SB": 148, "Tail Swipe_SB": 2648, "Fae Flight": 873, "Ossification_SB": 1896, "Preacher of the Schism_SB": 2025, "Plumecreed Escort": 2006, "Teferi, Temporal Pilgrim_SB": 2670, "Aloe Alchemist": 46, "Yavimaya Iconoclast": 3161, "Captivating Cave": 376, "Agatha's Soul Cauldron": 28, "Gingerbrute": 1093, "Haywire Mite": 1235, "Kitesail Larcenist": 1498, "Marvin, Murderous Mimic": 1686, "Monstrous Emergence": 1773, "Surge Engine": 2612, "Kitesail Larcenist_SB": 1499, "Repulsive Mutation_SB": 2164, "Change the Equation": 433, "Painter's Studio // Defaced Gallery": 1937, "Not Dead After All": 1843, "Valley Rotcaller": 2991, "Untimely Malfunction_SB": 2952, "Braids, Arisen Nightmare": 291, "Disturbing Mirth": 681, "Final Vengeance": 958, "Greedy Freebooter": 1168, "Hopeless Nightmare": 1316, "Pitiless Carnage": 1997, "Sawblade Skinripper": 2290, "Spiteful Hexmage": 2518, "The Witch's Vanity": 2757, "The Infamous Cruelclaw_SB": 2721, "Burrowguard Mentor": 347, "Finneas, Ace Archer": 960, "Glass Casket": 1108, "Hop to It": 1313, "Lupinflower Village": 1641, "Pawpatch Recruit": 1950, "Pollen-Shield Hare": 2010, "Seasoned Warrenguard": 2344, "Three Tree City": 2793, "Valley Mightcaller": 2989, "Valley Questcaller": 2990, "Glass Casket_SB": 1109, "Surge of Salvation_SB": 2615, "Faerie Fencing": 878, "Ingenious Prodigy": 1362, "Kaito, Dancing Shadow": 1456, "Darkstar Augur_SB": 586, "Overlord of the Balemurk_SB": 1913, "Plumecreed Escort_SB": 2007, "Giant Growth": 1085, "Two-Headed Hunter": 2893, "Tyvar's Stand_SB": 2902, "Shoot the Sheriff_SB": 2393, "Ashiok, Wicked Manipulator": 120, "Final Showdown": 956, "Kutzil's Flanker": 1531, "Legions to Ashes_SB": 1559, "The Eternal Wanderer_SB": 2711, "Freestrider Lookout": 1012, "Spelunking": 2505, "Vaultborn Tyrant": 3007, "Fear of Lost Teeth": 911, "Invasion of Azgol": 1393, "Rottenmouth Viper": 2236, "The Witch's Vanity_SB": 2758, "Tinybones, the Pickpocket_SB": 2820, "Decadent Dragon": 612, "Rakdos, Patron of Chaos": 2087, "Three Steps Ahead_SB": 2792, "Embereth Veteran": 788, "Hearth Elemental": 1250, "Lavaspur Boots": 1546, "Mirran Banesplitter": 1732, "Phoenix Chick": 1970, "Hearth Elemental_SB": 1251, "Sword of Once and Future_SB": 2637, "Shardmage's Rescue_SB": 2372, "Proft's Eidetic Memory": 2035, "Spellbook Vendor": 2502, "Stenn, Paranoid Partisan": 2559, "Gremlin Tamer_SB": 1174, "Zoraline, Cosmos Caller_SB": 3181, "Neutralize the Guards_SB": 1819, "Cankerbloom": 369, "Cenote Scout": 417, "Keen-Eyed Curator": 1476, "Wrenn and Realmbreaker": 3152, "Bloodletter of Aclazotz_SB": 243, "Quick Study": 2064, "Chrome Host Seedshark_SB": 450, "Spell Stutter_SB": 2501, "Betrayer's Bargain": 199, "Corrupted Conviction": 529, "Braids, Arisen Nightmare_SB": 292, "Furnace Reins_SB": 1036, "Cache Grab": 352, "Get Out": 1065, "Monastery Mentor": 1768, "Ill-Timed Explosion_SB": 1343, "Mountain_SB": 1788, "Misery's Shadow_SB": 1741, "Not on My Watch": 1845, "Seized from Slumber": 2354, "Pugnacious Hammerskull_SB": 2049, "Torch the Witness_SB": 2845, "Kaervek, the Punisher_SB": 1451, "Artist's Talent": 116, "Brass's Tunnel-Grinder": 297, "Chandra, Hope's Beacon": 427, "Virtue of Knowledge_SB": 3040, "Fear of Isolation": 909, "Wrenn's Resolve_SB": 3156, "Painter's Studio && Defaced Gallery_SB": 1936, "Virtue of Persistence_SB": 3044, "Warden of the Inner Sky_SB": 3090, "Glarb, Calamity's Augur": 1106, "Cavern of Souls_SB": 410, "Glarb, Calamity's Augur_SB": 1107, "Kambal, Profiteering Mayor_SB": 1460, "Lord Skitter, Sewer King": 1624, "Market Gnome": 1681, "Wear Down_SB": 3105, "Planar Disruption_SB": 2003, "Metropolis Reformer_SB": 1714, "Scrollshift_SB": 2324, "Overprotect_SB": 1923, "Portent of Calamity": 2019, "The Irencrag": 2722, "The Swarmweaver": 2751, "Twitching Doll": 2892, "Cease // Desist_SB": 414, "Floodpits Drowner_SB": 981, "Geological Appraiser": 1060, "Nissa, Ascended Animist": 1830, "Archangel of Wrath_SB": 94, "Kogla and Yidaro_SB": 1513, "Lukka, Bound to Ruin_SB": 1632, "Roxanne, Starfall Savant_SB": 2239, "Fallaji Archaeologist": 886, "Sorcerous Spyglass_SB": 2471, "Sandstorm Verge": 2276, "Cheeky House-Mouse": 442, "Flowerfoot Swordmaster": 986, "Loran's Escape": 1622, "Mabel, Heir to Cragflame": 1647, "Rabid Gnaw": 2068, "Nettle Guard_SB": 1817, "Seedglaive Mentor_SB": 2349, "Overlord of the Boilerbilges_SB": 1915, "Black Sun's Twilight": 214, "Corrupt": 528, "Haunted Mire": 1231, "Iridescent Vinelasher_SB": 1415, "Archfiend of the Dross_SB": 98, "Errant and Giada": 819, "Malcolm, Alluring Scoundrel": 1666, "Werefox Bodyguard_SB": 3111, "Bristlebud Farmer_SB": 321, "Lost in the Maze": 1628, "Shore Up": 2394, "Long Goodbye": 1610, "Goddric, Cloaked Reveler": 1139, "Kaervek, the Punisher": 1450, "Great Train Heist_SB": 1165, "Serra Paragon_SB": 2363, "Bristling Backwoods": 322, "Rugged Highlands": 2244, "Razortrap Gorge": 2118, "Fortune, Loyal Steed": 1005, "Frontier Seeker": 1020, "Overlord of the Mistmoors_SB": 1921, "Dissection Tools": 674, "Unable to Scream": 2907, "Herbology Instructor_SB": 1270, "Valley Floodcaller_SB": 2988, "Tinybones Joins Up": 2816, "Phyrexian Arena_SB": 1973, "Jaya, Fiery Negotiator_SB": 1433, "Protect the Negotiators": 2043, "Conduit Pylons": 504, "Hidden Grotto": 1285, "Phyrexian Arena": 1972, "Day of Judgment": 592, "Maelstrom Pulse": 1651, "Authority of the Consuls_SB": 145, "Devout Decree_SB": 658, "Flashfreeze_SB": 971, "Evangel of Synthesis": 840, "Steamcore Scholar": 2553, "Valgavoth, Terror Eater": 2982, "Valgavoth's Faithful": 2978, "Zombify": 3178, "Desecration Demon_SB": 647, "Wail of the Forgotten_SB": 3083, "Gix, Yawgmoth Praetor_SB": 1102, "Calamity, Galloping Inferno": 359, "Llanowar Elves": 1601, "Outcaster Trailblazer": 1902, "Roxanne, Starfall Savant": 2238, "Smuggler's Surprise": 2458, "Spinewoods Armadillo": 2512, "Trumpeting Carnosaur": 2875, "No One Left Behind": 1836, "Unstoppable Slasher_SB": 2948, "Scavenging Ooze": 2306, "Vivien Reid": 3049, "Liliana, Dreadhorde General_SB": 1590, "Maelstrom Pulse_SB": 1652, "Basilisk Collar_SB": 183, "Heroic Reinforcements": 1279, "Burst Lightning": 348, "Restless Ridgeline_SB": 2185, "Soulstone Sanctuary": 2485, "Scavenging Ooze_SB": 2307, "Vivien Reid_SB": 3050, "Dreadmaw's Ire": 719, "Witch's Mark_SB": 3138, "Beseech the Mirror": 196, "Phyrexian Obliterator": 1981, "Back for Seconds_SB": 158, "Case of the Stashed Skeleton_SB": 395, "Homicide Investigator_SB": 1311, "Boros Charm": 274, "Fugitive Codebreaker": 1025, "Raucous Carnival": 2108, "Dewdrop Cure_SB": 660, "Fugitive Codebreaker_SB": 1026, "Requisition Raid_SB": 2167, "Squee, Dubious Monarch": 2533, "Abyssal Harvester": 9, "Twinferno": 2885, "Sun-Blessed Healer": 2595, "Temple of Triumph": 2682, "Campus Renovation_SB": 365, "Glimpse the Core": 1118, "Boltwave": 260, "Splitskin Doll_SB": 2525, "Virtue of Courage": 3037, "Heartflame Duelist_SB": 1249, "Slagstorm_SB": 2445, "Mazemind Tome": 1695, "Clement, the Worrywort": 471, "Dour Port-Mage": 700, "Dreamdew Entrancer": 722, "Lilypad Village": 1591, "Long River Lurker": 1612, "Mistbreath Elder": 1746, "Oakhollow Village": 1855, "Splash Portal": 2520, "Sunshower Druid": 2606, "Three Tree Scribe": 2795, "Crystal Barricade_SB": 563, "Bloodthirsty Conqueror_SB": 247, "Kellan, Planar Trailblazer": 1485, "Opt": 1884, "Faebloom Trick": 875, "Feed the Swarm_SB": 927, "Kaito, Cunning Infiltrator_SB": 1455, "Spinner of Souls": 2514, "Enduring Tenacity": 800, "Not Dead After All_SB": 1844, "Pitiless Carnage_SB": 1998, "Kiora, the Rising Tide": 1495, "Ghitu Lavarunner": 1076, "Thrill of Possibility": 2798, "Artist's Talent_SB": 117, "Blooming Blast_SB": 251, "Djeru and Hazoret": 688, "Elenda, Saint of Dusk": 772, "Garna, Bloodfist of Keld": 1045, "Hajar, Loyal Bodyguard": 1197, "Honest Rutstein": 1312, "Inti, Seneschal of the Sun": 1379, "Jodah, the Unifier": 1440, "Kellan, the Kid": 1488, "Plaza of Heroes": 2005, "Relic of Legends": 2154, "Rona, Herald of Invasion": 2233, "Secluded Courtyard": 2346, "Sigarda, Font of Blessings": 2405, "Jirina, Dauntless General_SB": 1439, "Authority of the Consuls": 144, "Exemplar of Light": 844, "Fiendish Panda": 948, "Hinterland Sanctifier": 1300, "Elenda, Saint of Dusk_SB": 773, "Combat Research": 496, "Spectral Sailor": 2496, "Unsummon": 2949, "Brineborn Cutthroat_SB": 316, "Ertai's Scorn_SB": 824, "Flow of Knowledge_SB": 985, "Haughty Djinn_SB": 1228, "Horned Loch-Whale_SB": 1319, "Urza's Rebuff_SB": 2971, "Assassin's Trophy": 127, "Heaped Harvest": 1244, "Hero's Downfall": 1276, "Liliana, Dreadhorde General": 1589, "Temple of Malady": 2677, "Temple of Plenty": 2680, "Temple of Silence": 2681, "White Sun's Twilight": 3115, "Mortify_SB": 1782, "White Sun's Twilight_SB": 3116, "Azure Beastbinder_SB": 156, "Shore Up_SB": 2395, "Arid Archway": 108, "Felidar Retreat": 933, "Herald of Eternal Dawn": 1265, "Loot, Exuberant Explorer": 1616, "Mossborn Hydra": 1783, "Demolition Field_SB": 636, "Giant Cindermaw_SB": 1084, "Roaring Furnace // Steaming Sauna": 2220, "Bandit's Talent": 168, "Nurturing Pixie": 1851, "Tithing Blade": 2828, "Aftermath Analyst": 25, "Evolving Wilds": 843, "Lumra, Bellow of the Woods": 1637, "Nissa, Resurgent Animist": 1832, "Glissa Sunslayer_SB": 1120, "Fade from History_SB": 872, "Bloodthirsty Conqueror": 246, "Heartflame Duelist": 1248, "Viashino Pyromancer": 3027, "Abraded Bluffs": 5, "Ball Lightning": 162, "Bloodfeather Phoenix": 238, "Grab the Prize": 1151, "Stoke the Flames": 2571, "Lyra Dawnbringer_SB": 1645, "Virtue of Courage_SB": 3038, "Abyssal Harvester_SB": 10, "Painter's Studio // Defaced Gallery_SB": 1938, "Hostile Investigator_SB": 1323, "Dead Weight": 597, "Gixian Puppeteer": 1104, "Gnawing Vermin": 1127, "Invasion of Amonkhet": 1390, "Revenge of the Rats": 2195, "Terror Ballista": 2689, "The Ancient One": 2700, "Wail of the Forgotten": 3082, "Razorlash Transmogrant_SB": 2117, "Reclamation Sage_SB": 2134, "Aetherize_SB": 23, "Elesh Norn, Mother of Machines": 775, "Kaito, Cunning Infiltrator": 1454, "Sphinx of Forgotten Lore": 2506, "Feldon's Cane_SB": 929, "Brotherhood's End": 330, "Demonic Pact": 641, "Harmless Offering": 1219, "Torpor Orb_SB": 2847, "Ethereal Armor_SB": 838, "Doorkeeper Thrull_SB": 695, "Cathar Commando": 399, "Knight of Grace": 1507, "Ajani, Caller of the Pride_SB": 35, "Sentinel of the Nameless City_SB": 2360, "Temple of Deceit": 2674, "Requisition Raid": 2166, "Abrade": 3, "Horned Loch-Whale": 1318, "Cathar Commando_SB": 400, "Elegant Parlor_SB": 771, "Thrun, Breaker of Silence": 2803, "Pawpatch Recruit_SB": 1951, "Rite of the Moth": 2208, "Day of Judgment_SB": 593, "Feed the Cycle": 923, "Builder's Talent": 336, "Doubling Season": 698, "An Offer You Can't Refuse_SB": 54, "Trapped in the Screen_SB": 2861, "Scavenger's Talent": 2305, "Llanowar Greenwidow": 1603, "Final Showdown_SB": 957, "Subterranean Schooner_SB": 2591, "Vraska, Betrayal's Sting": 3077, "Pillage the Bog_SB": 1995, "Disenchant_SB": 667, "Virtue of Strength": 3045, "War Squeak": 3087, "Worldsoul's Rage": 3148, "Hero's Downfall_SB": 1277, "Dragonhawk, Fate's Tempest": 710, "Zurgo and Ojutai": 3185, "Aspirant's Ascent": 125, "Bloated Contaminator": 232, "Bring the Ending": 317, "Crawling Chorus": 548, "Distorted Curiosity": 676, "Enter the Enigma": 811, "Fleeting Reflection": 975, "Green Sun's Twilight": 1169, "High Stride": 1296, "Infectious Bite": 1356, "Ivy, Gleeful Spellthief": 1421, "Jawbone Duelist": 1431, "Prologue to Phyresis": 2039, "Venerated Rotpriest": 3012, "Aspirant's Ascent_SB": 126, "Bring the Ending_SB": 318, "Distorted Curiosity_SB": 677, "Enter the Enigma_SB": 812, "Fleeting Reflection_SB": 976, "High Stride_SB": 1297, "Prologue to Phyresis_SB": 2040, "This Town Ain't Big Enough_SB": 2766, "Witness Protection_SB": 3145, "Fabrication Foundry": 871, "Fomori Vault": 991, "Fumigate": 1028, "The Mightstone and Weakstone": 2731, "Thran Spider": 2783, "Unstable Glyphbridge": 2944, "Enduring Innocence_SB": 799, "Hammerhand": 1207, "Unwanted Remake_SB": 2954, "Invasion of Regatha": 1403, "Slagstorm": 2444, "Sawblade Scamp": 2289, "Citanul Stalwart": 458, "Dwynen's Elite": 748, "Elvish Archdruid": 784, "Genesis Wave": 1059, "Imperious Perfect": 1349, "Leaf-Crowned Visionary": 1551, "Llanowar Loamspeaker": 1604, "Surrak and Goreclaw": 2621, "Tyvar the Bellicose": 2900, "Tyvar, the Pummeler": 2904, "Dwynen, Gilt-Leaf Daen_SB": 750, "Obstinate Baloth_SB": 1864, "Roaring Furnace // Steaming Sauna_SB": 2221, "Unsummon_SB": 2950, "Scrapshooter": 2315, "Terror of the Peaks": 2692, "Blooming Blast": 250, "Coruscation Mage": 532, "Firebrand Archer": 961, "Vengeful Possession_SB": 3016, "Dazzling Denial": 595, "Empyrean Eagle": 791, "Healer's Hawk": 1243, "Anim Pakal, Thousandth Moon": 66, "Coppercoat Vanguard": 519, "Jirina, Dauntless General": 1438, "Recruitment Officer": 2137, "Deathmark_SB": 609, "Joust Through_SB": 1446, "Knight of Grace_SB": 1508, "Raise the Past_SB": 2083, "Insidious Roots": 1372, "Kami of Whispered Hopes": 1461, "Kitsa, Otterball Elite": 1501, "Lively Dirge": 1598, "Skyfisher Spider": 2437, "Sleep-Cursed Faerie": 2447, "Tyvar, Jubilant Brawler": 2903, "Arcanis the Omnipotent_SB": 88, "Feed the Cycle_SB": 924, "Insidious Fungus_SB": 1371, "Lord Skitter, Sewer King_SB": 1625, "Stab_SB": 2537, "Bitter Triumph_SB": 213, "Toby, Beastie Befriender": 2831, "Boros Charm_SB": 275, "Sheoldred_SB": 2383, "Invasion of Zendikar": 1409, "Chimil, the Inner Sun_SB": 445, "Thrun, Breaker of Silence_SB": 2804, "Pilfer_SB": 1993, "Urborg Scavengers_SB": 2965, "Vraska, Betrayal's Sting_SB": 3078, "Annex Sentry_SB": 70, "Coiling Rebirth": 480, "Cynical Loner": 578, "Etali, Primal Conqueror": 832, "Driver of the Dead": 728, "Gatekeeper of Malakir": 1055, "Ichor Drinker": 1338, "Infestation Sage": 1359, "Kalastria Highborn": 1458, "Nullpriest of Oblivion": 1850, "Pulse Tracker": 2050, "Vampire Nighthawk": 2998, "Vengeful Bloodwitch": 3014, "Undergrowth Recon": 2919, "Walk-In Closet // Forgotten Cellar": 3085, "Brineborn Cutthroat": 315, "Lost Jitte": 1626, "The Wandering Rescuer": 2755, "An Offer You Can't Refuse": 53, "Carnelian Orb of Dragonkind": 380, "Invasion of Tarkir": 1405, "Sarkhan, Soul Aflame": 2283, "Stingerback Terror": 2563, "Twinflame Tyrant": 2887, "Omniscience": 1880, "Squirming Emergence": 2535, "The Cruelty of Gix": 2702, "Drag to the Roots_SB": 708, "Ferocification_SB": 942, "Audacity_SB": 139, "Cease // Desist": 413, "Demand Answers": 634, "Stormsplitter": 2580, "Starfall Invocation": 2543, "Hard-Hitting Question": 1215, "Hard-Hitting Question_SB": 1216, "Felonious Rage": 939, "Long River's Pull": 1613, "Greed's Gambit": 1166, "Rankle's Prank": 2101, "Molten Collapse_SB": 1759, "Sire of Seven Deaths_SB": 2419, "Ashroot Animist": 124, "Lukka, Bound to Ruin": 1631, "Polukranos Reborn": 2013, "Ruby, Daring Tracker": 2243, "Muerra, Trash Tactician_SB": 1793, "Urgent Necropsy_SB": 2968, "Soulless Jailer_SB": 2482, "Buried in the Garden": 341, "Clifftop Lookout": 472, "Fecund Greenshell": 921, "Tender Wildguide": 2685, "Tyrranax Rex_SB": 2899, "Withering Torment": 3142, "Desecration Demon": 646, "Lay Down Arms_SB": 1549, "Overlord of the Floodpits_SB": 1917, "Refute": 2144, "Unwanted Remake": 2953, "Curator of Destinies_SB": 570, "Witness Protection": 3144, "Calamity's Wake_SB": 358, "Luminous Rebuke": 1635, "Primal Might": 2028, "Arcanis the Omnipotent": 87, "Ajani's Pridemate": 33, "Arahbo, the First Fang": 83, "Banishing Light": 170, "Joust Through": 1445, "Prideful Parent": 2027, "Regal Caracal": 2148, "Savannah Lions": 2286, "Skyknight Squire": 2439, "Banishing Light_SB": 171, "Claws Out_SB": 468, "Imodane's Recruiter_SB": 1346, "Starscape Cleric": 2545, "Bladecoil Serpent_SB": 217, "Tinybones, Bauble Burglar": 2818, "Sphinx of Forgotten Lore_SB": 2507, "Ashnod's Intervention": 123, "Barbed Batterfist": 175, "Bloodfeather Phoenix_SB": 239, "Koma, World-Eater": 1517, "The Elder Dragon War": 2705, "Valgavoth, Terror Eater_SB": 2983, "Fear of Impostors_SB": 906, "Smash to Dust_SB": 2455, "Cityscape Leveler": 459, "Sire of Seven Deaths": 2418, "Witch's Mark": 3137, "Searslicer Goblin": 2333, "Stromkirk Noble": 2587, "Reclamation Sage": 2133, "Case of the Locked Hothouse_SB": 391, "Deeproot Wayfinder": 620, "Fountainport_SB": 1011, "Restless Cottage_SB": 2179, "Archangel of Tithes": 91, "Boon-Bringer Valkyrie": 271, "Giada, Font of Hope": 1081, "Guardian of Ghirapur": 1188, "Lyra Dawnbringer": 1644, "Resplendent Angel": 2169, "Youthful Valkyrie": 3166, "Grand Entryway // Elegant Rotunda": 1158, "Sharp-Eyed Rookie": 2373, "Moment of Craving_SB": 1763, "Surrak, the Hunt Caller": 2625, "Wildborn Preserver_SB": 3120, "Thought-Stalker Warlock_SB": 2776, "Archmage of Runes": 99, "Curate": 569, "Don't Make a Sound": 692, "Ertai's Scorn": 823, "Essence Scatter": 829, "Flow of Knowledge": 984, "Metamorphic Blast": 1709, "Unauthorized Exit": 2909, "Harrier Strix_SB": 1223, "Strix Lookout_SB": 2584, "The Tale of Tamiyo_SB": 2754, "Twist Reality_SB": 2889, "Midnight Mayhem": 1717, "Ratcatcher Trainee": 2106, "Scytheclaw Raptor_SB": 2327, "Abandoned Campground": 0, "Guardian of the Great Door": 1190, "Lonely Arroyo": 1609, "Norn's Inquisitor": 1842, "Spring-Loaded Sawblades": 2528, "Elas il-Kor, Sadistic Pilgrim": 766, "Helpful Hunter": 1263, "Knight of Dawn's Light": 1503, "Raise the Past": 2082, "Enduring Tenacity_SB": 801, "Leyline of Hope_SB": 1567, "Burst Lightning_SB": 349, "Enduring Courage": 794, "Swiftblade Vindicator": 2629, "Commune with Evil": 501, "Dollmaker's Shop // Porcelain Gallery": 690, "Leyline Axe": 1564, "Neglected Manor": 1814, "Sporogenic Infection": 2526, "Commune with Evil_SB": 502, "Fear of Missing Out_SB": 913, "Bulk Up": 338, "Chandra, Flameshaper": 425, "Massacre Wurm_SB": 1690, "Electrostatic Infantry": 769, "Impact Tremors": 1347, "Kindlespark Duo": 1493, "Ral's Reinforcements": 2092, "Reckless Lackey": 2130, "Rodeo Pyromancers": 2226, "The Autonomous Furnace": 2701, "Deadeye Duelist_SB": 599, "Skewer Slinger_SB": 2421, "Thunder Salvo_SB": 2805, "Fear of Being Hunted": 901, "Khenra Spellspear": 1492, "Frenzied Goblin_SB": 1015, "Hearthborn Battler": 1252, "Eaten Alive": 754, "Souls of the Lost": 2483, "Rottenmouth Viper_SB": 2237, "Prophetic Prism": 2042, "Basilisk Collar": 182, "Vampire Nighthawk_SB": 2999, "Runic Shot_SB": 2253, "Wrenn's Resolve": 3155, "Invasion of Tarkir_SB": 1406, "Chupacabra Echo": 452, "Razorlash Transmogrant": 2116, "Huskburster Swarm_SB": 1336, "Season of Loss_SB": 2338, "Terror Tide_SB": 2691, "Hidetsugu's Second Rite": 1292, "Ghitu Lavarunner_SB": 1077, "Involuntary Employment_SB": 1413, "Boulderbranch Golem": 285, "Fierce Empath": 950, "Galewind Moose": 1041, "Gossip's Talent": 1150, "Gruff Triplets": 1184, "Insidious Fungus": 1370, "Lush Oasis": 1642, "Mirage Mesa": 1730, "Outcaster Greenblade": 1901, "Tyrranax Rex": 2898, "Sunshower Druid_SB": 2607, "Banner of Kinship": 172, "Baylen, the Haymaker": 188, "Blossoming Sands": 253, "Dewdrop Cure": 659, "Etched Cornfield": 835, "Hare Apparent": 1218, "Kayla's Reconstruction": 1475, "Wind-Scarred Crag": 3127, "Hinterland Sanctifier_SB": 1301, "Dragon Fodder": 709, "Griffnaut Tracker_SB": 1178, "Keldon Strike Team_SB": 1479, "Bartolom\u00e9 del Presidio": 179, "Forlorn Flats": 1002, "Midnight Reaper": 1718, "Nezumi Linkbreaker": 1822, "Snarling Gorehound": 2463, "Vampire Gourmand": 2997, "Deadly Riposte_SB": 605, "Soul-Shackled Zombie_SB": 2480, "Candy Trail": 368, "Desperate Bloodseeker": 649, "Marauding Blight-Priest": 1677, "Moment of Craving": 1762, "Murder": 1796, "Savor": 2287, "Servant of the Stinger": 2365, "Sanguine Indulgence_SB": 2279, "Aetherize": 22, "Peculiar Lighthouse": 1953, "Spellgyre": 2503, "Swiftwater Cliffs": 2632, "Tranquil Cove": 2854, "Tolarian Terror_SB": 2837, "Union of the Third Path_SB": 2933, "Contaminated Aquifer": 516, "Idyllic Beachfront": 1341, "Marauding Brinefang": 1678, "Portal to Phyrexia": 2018, "Soul-Guide Lantern": 2477, "Teferi, Temporal Pilgrim": 2669, "Terramorphic Expanse": 2688, "Union of the Third Path": 2932, "Vanish into Eternity": 3002, "Vanish into Eternity_SB": 3003, "Agate-Blade Assassin": 27, "Jagged Barrens": 1430, "Outlaws' Fury": 1904, "Ravine Raider": 2112, "Scales of Shale": 2298, "Agate Assault_SB": 26, "Bake into a Pie_SB": 160, "Hazardous Blast_SB": 1237, "Turn Inside Out_SB": 2883, "Azorius Guildgate": 154, "Beanstalk Wurm": 190, "Boros Guildgate": 276, "Circuitous Route": 457, "Dimir Guildgate": 663, "Expedition Map": 848, "Golgari Guildgate": 1145, "Gruul Guildgate": 1185, "Izzet Guildgate": 1425, "Maze's End": 1693, "Muldrotha, the Gravetide": 1794, "Orzhov Guildgate": 1893, "Rakdos Guildgate": 2084, "Selesnya Guildgate": 2356, "Simic Guildgate": 2415, "Tatyova, Benthic Druid": 2662, "Urborg Repossession": 2962, "Atraxa's Fall_SB": 135, "Brightblade Stoat_SB": 312, "Desperate Bloodseeker_SB": 650, "Savor_SB": 2288, "Thornwood Falls": 2772, "Gloomfang Mauler": 1122, "Live or Die": 1597, "Possessed Goat": 2020, "Scoured Barrens": 2314, "Shroudstomper": 2402, "Tocasia's Dig Site": 2832, "Vile Mutilator": 3031, "Elesh Norn": 774, "Goblin Surprise": 1138, "Irreverent Gremlin": 1417, "Krenko, Mob Boss": 1527, "Norin, Swift Survivalist": 1840, "Vicious Clown": 3029, "Coati Scavenger": 478, "Ozolith, the Shattered Spire": 1931, "Strangled Cemetery": 2581, "Ambush Wolf_SB": 50, "Dead Weight_SB": 598, "Fog of War_SB": 990, "Voracious Varmint_SB": 3068, "Blanchwood Prowler": 219, "Deadly Brew": 600, "Defiled Crypt // Cadaver Lab": 629, "Drag to the Roots": 707, "Jungle Hollow": 1449, "Osseous Sticktwister": 1894, "Coppercoat Vanguard_SB": 520, "Garna, Bloodfist of Keld_SB": 1046, "Arcane Proxy": 86, "Render Inert": 2158, "Kaito, Dancing Shadow_SB": 1457, "Likeness Looter": 1586, "Minor Misstep_SB": 1728, "Royal Treatment_SB": 2241, "Grand Entryway && Elegant Rotunda": 1157, "Chainsaw_SB": 424, "Flamewake Phoenix_SB": 968, "Karplusan Forest_SB": 1468, "Drag the Canal_SB": 705, "Stingerback Terror_SB": 2564, "Scatter Ray_SB": 2302, "Phantom Interference_SB": 1967, "Argoth, Sanctum of Nature": 107, "Cosmic Rebirth": 535, "Elvish Regrower": 787, "Springbloom Druid": 2530, "Titania, Voice of Gaea": 2826, "Tolsimir, Midnight's Light": 2838, "The Huntsman's Redemption": 2718, "Balustrade Wurm_SB": 166, "Stoic Sphinx_SB": 2570, "Twisted Fealty": 2890, "Aegis Turtle_SB": 18, "Temple of Malice": 2678, "Collector's Vault": 488, "Night of the Sweets' Revenge": 1824, "Welcome to Sweettooth": 3109, "Cosmium Confluence_SB": 538, "See Double_SB": 2347, "Volatile Fault_SB": 3058, "Vraska's Fall": 3075, "The Filigree Sylex_SB": 2714, "Crash Through": 545, "Drake Hatcher": 714, "Restless Spire": 2186, "Slick Sequence": 2451, "Abhorrent Oculus_SB": 2, "Feed the Swarm": 926, "Crawling Barrens": 547, "Mazemind Tome_SB": 1696, "Cryptic Coat_SB": 560, "Urgent Necropsy": 2967, "Alesha, Who Laughs at Fate": 43, "Aurelia, the Law Above": 141, "Immersturm Predator": 1344, "Perforating Artist": 1957, "Ruthless Lawbringer": 2258, "Voldaren Thrillseeker_SB": 3063, "Eaten by Piranhas_SB": 756, "Dwynen, Gilt-Leaf Daen": 749, "Lathril, Blade of the Elves": 1541, "Wildborn Preserver": 3119, "Assassin's Trophy_SB": 128, "Rite of Replication": 2205, "Knight of Dusk's Shadow_SB": 1506, "Swiftfoot Boots_SB": 2631, "Ajani, Caller of the Pride": 34, "Angel of Vitality": 63, "Leonin Vanguard": 1560, "Extinguish the Light_SB": 861, "Bonny Pall, Clearcutter_SB": 267, "Trygon Predator_SB": 2876, "Anthem of Champions": 79, "Armasaur Guide": 110, "Biogenic Upgrade": 206, "Charming Prince": 437, "Dazzling Angel": 594, "Felidar Savior": 935, "Felling Blow": 938, "Gnarlid Colony": 1126, "Good-Fortune Unicorn": 1149, "Inspiring Call": 1374, "Inspiring Paladin": 1376, "Mild-Mannered Librarian": 1722, "Pacifism": 1932, "Wary Thespian": 3098, "Wildwood Scourge": 3123, "Nine-Lives Familiar": 1829, "Voracious Greatshark": 3067, "Phyrexian Obliterator_SB": 1982, "Axebane Ferox_SB": 151, "Wrenn and Realmbreaker_SB": 3153, "Flourishing Bloom-Kin": 983, "Ghalta, Primal Hunger": 1071, "Hunter's Talent_SB": 1332, "Bandit's Talent_SB": 169, "Parting Gust_SB": 1945, "Tinybones Joins Up_SB": 2817, "Silver Scrutiny_SB": 2411, "Atraxa, Grand Unifier_SB": 137, "Highway Robbery": 1298, "Urabrask": 2958, "Doppelgang": 696, "Armored Armadillo": 111, "Elvish Archivist": 785, "Toadstool Admirer": 2830, "Calix, Guided by Fate_SB": 361, "Divine Resilience_SB": 687, "Unflinching Courage_SB": 2925, "Valorous Stance_SB": 2996, "Fiery Annihilation_SB": 952, "Annex Sentry": 69, "Phyrexian Censor": 1974, "Phyrexian Vindicator": 1983, "Volatile Fault": 3057, "Seal from Existence_SB": 2330, "Stasis Snare_SB": 2548, "Urborg Scavengers": 2964, "Zetalpa, Primal Dawn": 3172, "Bonehoard Dracosaur": 264, "Dragonlord's Servant": 711, "Incinerator of the Guilty": 1353, "Kolaghan Warmonger": 1514, "Rivaz of the Claw": 2209, "Tyrant of Kher Ridges": 2895, "Push // Pull_SB": 2052, "Chrome Host Seedshark": 449, "Ichormoon Gauntlet": 1339, "Jace Reawakened": 1426, "Jin-Gitaxias": 1437, "Temple of Epiphany": 2676, "Galvanize_SB": 1043, "Tocasia's Welcome": 2833, "Long River's Pull_SB": 1614, "Joint Exploration": 1444, "Vren, the Relentless": 3080, "Titania's Command_SB": 2825, "Burglar Rat": 340, "Halo Forager": 1204, "Hidden Necropolis": 1286, "Macabre Waltz": 1649, "Mindsplice Apparatus": 1725, "Painful Quandary": 1933, "Psychic Whorl": 2046, "Rune-Scarred Demon": 2251, "The Key to the Vault": 2726, "The Rollercrusher Ride_SB": 2741, "Titania, Voice of Gaea_SB": 2827, "Dawn's Truce": 589, "Bristly Bill, Spine Sower": 323, "Colossal Rattlewurm": 493, "Creosote Heath": 550, "Desert's Due": 648, "Duelist of the Mind": 736, "Festering Gulch": 943, "Goldvein Hydra": 1142, "Rattleback Apothecary": 2107, "Tatyova, Steward of Tides": 2663, "Tomb Trawler_SB": 2840, "Urza's Sylex_SB": 2974, "Terror Tide": 2690, "Inspiration from Beyond": 1373, "Chainsaw": 423, "Marchesa, Dealer of Death": 1680, "Rakdos Joins Up": 2085, "Nashi, Searcher in the Dark_SB": 1809, "Realmbreaker, the Invasion Tree_SB": 2125, "Invasion of Tolvada": 1408, "Grand Abolisher_SB": 1156, "Filter Out_SB": 954, "Kutzil, Malamet Exemplar": 1533, "Rona's Vortex": 2231, "Swamp_SB": 2627, "Runic Shot": 2252, "Herald of Eternal Dawn_SB": 1266, "Sun-Blessed Healer_SB": 2596, "Emberheart Challenger_SB": 790, "Squee, Dubious Monarch_SB": 2534, "Mortify": 1781, "Soul Search_SB": 2475, "Seeker's Folly": 2350, "Assimilation Aegis_SB": 130, "Coveted Falcon": 542, "Drag to the Bottom": 706, "Greed's Gambit_SB": 1167, "Season of Gathering_SB": 2336, "Valgavoth's Onslaught": 2980, "Stab": 2536, "Vinereap Mentor": 3032, "Invasion of Gobakhan": 1396, "Fiery Annihilation": 951, "Dreadwing Scavenger": 721, "Axebane Ferox": 150, "Ferocification": 941, "Pick Your Poison": 1985, "Broodspinner_SB": 329, "The Gitrog, Ravenous Ride_SB": 2715, "Collector's Cage": 486, "Ajani, Sleeper Agent_SB": 38, "Sheoldred": 2378, "Ancient Cornucopia": 59, "Invasion of Arcavios": 1392, "Make Your Own Luck": 1663, "Beseech the Mirror_SB": 197, "Heroic Reinforcements_SB": 1280, "Peerless Recycling_SB": 1954, "Ego Drain": 762, "Season of Loss": 2337, "Talion's Messenger_SB": 2655, "Reasonable Doubt": 2126, "Third Path Iconoclast": 2761, "Essence Scatter_SB": 830, "Blood Hustler": 235, "Bloodfell Caves": 240, "Deathcap Marionette": 608, "Fell": 936, "Stormcatch Mentor": 2577, "Wing Commando": 3129, "Misery's Shadow": 1740, "Kiora, the Rising Tide_SB": 1496, "Ruthless Negotiation": 2260, "Haunted Screen": 1233, "Prayer of Binding": 2023, "Cerebral Confiscation_SB": 420, "Furnace Reins": 1035, "Insatiable Avarice_SB": 1369, "Rona's Vortex_SB": 2232, "Bonny Pall, Clearcutter": 266, "River's Rebuke": 2210, "Koma, World-Eater_SB": 1518, "Primeval Bounty_SB": 2030, "River's Rebuke_SB": 2211, "Urza's Sylex": 2973, "Regal Caracal_SB": 2149, "Rat Out_SB": 2104, "Plains_SB": 2001, "Faebloom Trick_SB": 876, "Throne of the Grim Captain": 2800, "Drana and Linvala_SB": 716, "The Kenriths' Royal Funeral_SB": 2725, "Nashi, Searcher in the Dark": 1808, "Saiba Cryptomancer": 2270, "Zoetic Glyph_SB": 3177, "Seized from Slumber_SB": 2355, "Tyvar's Stand": 2901, "Regal Bunnicorn_SB": 2147, "Inspiring Overseer": 1375, "Mischievous Pup": 1739, "Surgical Suite // Hospital Room": 2619, "Angel of Finality_SB": 62, "Kraul Whipcracker": 1522, "Wardens of the Cycle": 3091, "Binding Negotiation_SB": 205, "Badlands Revival": 159, "Seize the Secrets": 2352, "Soured Springs": 2487, "Belligerent Yearling": 195, "Colossadactyl": 492, "Earthshaker Dreadmaw": 753, "Giant Cindermaw": 1083, "Itzquinth, Firstborn of Gishath": 1420, "Ixalli's Lorekeeper": 1423, "Rogue's Passage": 2227, "Scytheclaw Raptor": 2326, "Thrashing Brontodon": 2785, "Triumphant Chomp": 2873, "Armored Kincaller_SB": 113, "Ankle Biter": 68, "Bilious Skulldweller": 203, "Feed the Infection": 925, "Fynn, the Fangbearer": 1037, "Infectious Inquiry": 1357, "Nimraiser Paladin": 1828, "The Dross Pits": 2704, "The Hunter Maze": 2717, "At Knifepoint": 133, "Fanatical Firebrand": 889, "Hellspur Brute": 1259, "Vial Smasher, Gleeful Grenadier": 3026, "Caught in the Crossfire_SB": 402, "Mourner's Surprise_SB": 1789, "Bandit's Haul": 167, "Copper Host Crusher": 518, "Vinereap Mentor_SB": 3033, "Unflinching Courage": 2924, "Sanguine Evangelist_SB": 2278, "Virtue of Loyalty_SB": 3042, "Sandstorm Salvager": 2274, "Autonomous Assembler": 146, "Etali's Favor": 831, "Quintorius Kand": 2065, "Caretaker's Talent_SB": 379, "Luminous Rebuke_SB": 1636, "Dreamdew Entrancer_SB": 723, "Werefox Bodyguard": 3110, "Massacre Wurm": 1689, "The Enigma Jewel": 2709, "Felidar Retreat_SB": 934, "Hired Claw_SB": 1303, "Kayla's Command_SB": 1474, "Starfall Invocation_SB": 2544, "Stalactite Stalker": 2538, "Spinner of Souls_SB": 2515, "Gisa, the Hellraiser_SB": 1095, "Dust Animus": 743, "Defabricate_SB": 622, "Steel Seraph_SB": 2558, "Dust Animus_SB": 744, "Get Out_SB": 1066, "Gumdrop Poisoner_SB": 1195, "Jace Reawakened_SB": 1427, "Archangel of Tithes_SB": 92, "Demonic Counsel_SB": 638, "Song of Totentanz_SB": 2469, "Warleader's Call_SB": 3095, "Callous Sell-Sword_SB": 364, "Shrouded Shepherd_SB": 2401, "Anointed Peacekeeper": 77, "Phyrexian Censor_SB": 1975, "Rat Out": 2103, "Bitter Reunion_SB": 211, "Canonized in Blood": 371, "Cemetery Recruitment": 416, "Diregraf Ghoul": 664, "Hungry Ghoul": 1330, "Mephitic Draught": 1707, "Offer Immortality": 1867, "Sanguine Syphoner": 2280, "Skeleton Archer": 2420, "Vampiric Rites": 3001, "Archdruid's Charm": 95, "The Rollercrusher Ride": 2740, "Grievous Wound": 1176, "Funeral Room // Awakening Hall_SB": 1031, "Rise of the Dark Realms_SB": 2203, "Seize the Spoils": 2353, "Raucous Carnival_SB": 2109, "Curious Forager": 571, "The Mycotyrant": 2736, "Thornvault Forager": 2771, "Sporogenic Infection_SB": 2527, "Scorn-Blade Berserker": 2313, "Imperious Perfect_SB": 1350, "Sandstorm Salvager_SB": 2275, "Tough Cookie_SB": 2849, "Urborg Repossession_SB": 2963, "Temple of Enlightenment": 2675, "Fumigate_SB": 1029, "Valkyrie's Call_SB": 2985, "Fortified Beachhead": 1004, "Harbin, Vanguard Aviator": 1210, "Skystrike Officer": 2443, "Valiant Veteran": 2984, "Zephyr Sentinel": 3169, "Urza, Lord Protector": 2975, "Cruel Somnophage": 551, "Molten Duplication": 1760, "Restless Bivouac_SB": 2177, "Diabolic Intent": 661, "Fauna Shaman": 896, "Lively Dirge_SB": 1599, "Blast Zone": 222, "Blossoming Tortoise": 254, "Cavernous Maw": 411, "Forgotten Monument": 1001, "Titania's Command": 2824, "Herbology Instructor": 1269, "Unidentified Hovership_SB": 2931, "Take Up the Shield_SB": 2651, "Vadmir, New Blood": 2976, "Arabella, Abandoned Doll_SB": 81, "Temple of Mystery": 2679, "Timely Interference": 2814, "Vesuvan Duplimancy": 3021, "Dive Down_SB": 683, "Scrawling Crawler_SB": 2319, "Hollow Marauder": 1307, "Huskburster Swarm": 1335, "Overwhelming Remorse": 1926, "Stubborn Burrowfiend": 2588, "Writhing Necromass": 3157, "Dryad Militant_SB": 734, "Mockingbird_SB": 1754, "Chandra, Hope's Beacon_SB": 428, "Bristlebud Farmer": 320, "Charred Foyer && Warped Space_SB": 439, "Akawalli, the Seething Tower": 41, "Absolving Lammasu_SB": 6, "Dollmaker's Shop // Porcelain Gallery_SB": 691, "Think Twice": 2759, "Micromancer_SB": 1716, "Bruse Tarl, Roving Rancher": 332, "Coruscation Mage_SB": 533, "Fblthp, Lost on the Range": 898, "Weakstone's Subjugation": 3102, "Fblthp, Lost on the Range_SB": 899, "Proft's Eidetic Memory_SB": 2036, "Weakstone's Subjugation_SB": 3103, "Bottomless Pool && Locker Room": 281, "Tithing Blade_SB": 2829, "Hidetsugu's Second Rite_SB": 1293, "The Swarmweaver_SB": 2752, "Invasion of Karsus_SB": 1401, "Mirror Room && Fractured Realm_SB": 1735, "Sword of Wealth and Power_SB": 2639, "Wildfire Howl_SB": 3121, "Zurgo and Ojutai_SB": 3186, "Mabel, Heir to Cragflame_SB": 1648, "Halo Forager_SB": 1205, "Soulstone Sanctuary_SB": 2486, "Ballyrush Banneret": 163, "Myrel, Shield of Argive_SB": 1802, "Siege Veteran_SB": 2403, "Ezrim, Agency Chief": 866, "Karn, Living Legacy": 1465, "Metropolis Reformer": 1713, "Krenko's Buzzcrusher_SB": 1526, "Blood Spatter Analysis": 237, "Final Vengeance_SB": 959, "Kellan, Inquisitive Prodigy": 1483, "Silverback Elder_SB": 2412, "Breeches, Eager Pillager": 309, "Rundvelt Hordemaster": 2249, "Urborg Lhurgoyf": 2961, "Branchblight Stalker": 295, "Experimental Augury": 851, "Gitaxian Anatomist": 1096, "Goliath Hatchery": 1146, "Ichorspit Basilisk": 1340, "Lakeside Shack": 1538, "Maze's Mantle": 1694, "Meat Locker // Drowned Diner": 1697, "Mesmerizing Dose": 1708, "Paladin of Predation": 1939, "Plague Nurse": 1999, "Reject Imperfection": 2152, "Serum Snare": 2364, "Tainted Observer": 2650, "Tangled Islet": 2659, "Thrummingbird": 2802, "Tyrranax Atrocity": 2897, "Venomous Brutalizer": 3018, "Viral Spawning": 3036, "Vivisurgeon's Insight": 3051, "Angelic Intervention": 64, "Awaken the Woods": 149, "Omenpath Journey": 1879, "Poison Dart Frog": 2008, "Rampaging Baloths": 2096, "Migloz, Maze Crusher_SB": 1721, "Break the Spell_SB": 308, "Seraphic Steed": 2361, "Meticulous Excavation_SB": 1712, "Raging Battle Mouse": 2080, "Loran's Escape_SB": 1623, "Seeker's Folly_SB": 2351, "Realmbreaker, the Invasion Tree": 2124, "Murky Sewer": 1799, "Might of the Meek_SB": 1720, "Deeproot Pilgrimage": 619, "Mistway Spy": 1750, "Vodalian Hexcatcher": 3053, "Undead Sprinter_SB": 2914, "Doomsday Excruciator_SB": 694, "Crystal Grotto": 564, "Guardian of New Benalia": 1189, "Bottomless Pool // Locker Room": 283, "Necrogen Communion": 1810, "Vraska Joins Up": 3074, "Thirsting Roots_SB": 2764, "Gwenna, Eyes of Gaea": 1196, "Halana and Alena, Partners": 1199, "Inga and Esika": 1361, "Melira, the Living Cure": 1702, "Myrel, Shield of Argive": 1801, "Elesh Norn_SB": 777, "Hajar, Loyal Bodyguard_SB": 1198, "Surrak and Goreclaw_SB": 2622, "Invasion of Kaldheim": 1399, "Pia Nalaar, Consul of Revival": 1984, "Getaway Glamer_SB": 1068, "Pest Control": 1962, "Heraldic Banner": 1267, "Defiled Crypt // Cadaver Lab_SB": 630, "Heraldic Banner_SB": 1268, "Karn's Sylex_SB": 1464, "Aegis Turtle": 17, "Ivy, Gleeful Spellthief_SB": 1422, "Venerated Rotpriest_SB": 3013, "The Stone Brain": 2748, "Decadent Dragon_SB": 613, "Vein Ripper": 3010, "Viashino Pyromancer_SB": 3028, "Grabby Giant": 1153, "Rite of the Dragoncaller": 2206, "Hulking Raptor": 1329, "Pugnacious Hammerskull": 2048, "Jaya, Fiery Negotiator": 1432, "Sword of Once and Future": 2636, "Battlefly Swarm": 187, "Seal from Existence": 2329, "Broodspinner": 328, "Ghalta, Stampede Tyrant": 1073, "Solemn Simulacrum": 2465, "Maha, Its Feathers Night_SB": 1661, "Annie Joins Up": 72, "Huatli, Poet of Unity": 1326, "Beastie Beatdown": 191, "Invasion of Amonkhet_SB": 1391, "Thalia and The Gitrog Monster": 2696, "Surgical Suite && Hospital Room_SB": 2618, "Silver Scrutiny": 2410, "Island_SB": 1419, "Entity Tracker_SB": 814, "Rebel Salvo_SB": 2128, "Aether Channeler": 19, "Defiled Crypt && Cadaver Lab": 627, "Exuberant Fuseling": 865, "Thundertrap Trainer_SB": 2811, "Abuelo's Awakening": 7, "Kitsa, Otterball Elite_SB": 1502, "Rona, Herald of Invasion_SB": 2234, "Unnerving Grasp_SB": 2939, "Conspiracy Unraveler": 512, "Matzalantli, the Great Door": 1691, "Reenact the Crime": 2143, "Demonic Ruckus_SB": 644, "Impact Tremors_SB": 1348, "Adaptive Automaton": 14, "Three Tree Mascot": 2794, "Fear of Surveillance": 914, "High Noon": 1294, "Coveted Falcon_SB": 543, "Wishclaw Talisman_SB": 3135, "Cultivator's Caravan": 566, "Kona, Rescue Beastie": 1519, "Scene of the Crime": 2308, "Cankerbloom_SB": 370, "Kambal, Profiteering Mayor": 1459, "Kaya, Spirits' Justice_SB": 1473, "Drown in Ichor": 730, "Whisper of the Dross": 3113, "Vraska's Fall_SB": 3076, "Defiler of Flesh": 632, "Garruk's Uprising": 1047, "Zul Ashur, Lich Lord": 3183, "Kraul Whipcracker_SB": 1523, "Blasphemous Edict": 220, "Smuggler's Surprise_SB": 2459, "Muerra, Trash Tactician": 1792, "Invasion of Theros": 1407, "Oko, the Ringleader_SB": 1875, "Case of the Gateway Express_SB": 389, "Swooping Lookout": 2633, "Quick Draw_SB": 2063, "At Knifepoint_SB": 134, "Monstrous Rage_SB": 1776, "Kellan's Lightblades_SB": 1481, "Palani's Hatcher": 1940, "Temple of Abandon": 2673, "Blasphemous Edict_SB": 221, "Insatiable Avarice": 1368, "Wilt-Leaf Liege_SB": 3126, "Lifecreed Duo": 1578, "Recruitment Officer_SB": 2138, "Time Stop": 2812, "Crumb and Get It": 554, "Slaughter Singer": 2446, "The Seedcore": 2742, "Fleeting Flight_SB": 974, "Trash the Town_SB": 2863, "Skrelv, Defector Mite_SB": 2429, "Agrus Kos, Spirit of Justice": 32, "Hauntwoods Shrieker": 1234, "Annie Flash, the Veteran_SB": 71, "Defiled Crypt && Cadaver Lab_SB": 628, "Mechanized Warfare": 1700, "Bottomless Pool // Locker Room_SB": 284, "The Princess Takes Flight_SB": 2737, "Anim Pakal, Thousandth Moon_SB": 67, "Mischievous Mystic": 1738, "Restless Reef_SB": 2183, "One with the Multiverse": 1883, "Walk with the Ancestors": 3084, "Meathook Massacre II_SB": 1699, "Thundering Falls_SB": 2807, "Repulsive Mutation": 2163, "Sylvan Scavenging_SB": 2642, "Razorkin Needlehead": 2114, "Dreadmaw's Ire_SB": 720, "Highway Robbery_SB": 1299, "Intrepid Paleontologist": 1388, "Bolt Bend_SB": 259, "Wishclaw Talisman": 3134, "Vaultborn Tyrant_SB": 3008, "Feldon's Cane": 928, "Neutralize the Guards": 1818, "Treasure Map": 2865, "Ayli, Eternal Pilgrim": 153, "Disturbing Conversion": 679, "Shipwreck Dowser": 2386, "Abuelo's Awakening_SB": 8, "Builder's Talent_SB": 337, "Eerie Interference_SB": 761, "Founding the Third Path_SB": 1007, "Satoru, the Infiltrator": 2284, "Wilt-Leaf Liege": 3125, "Charge of the Mites": 435, "Expel the Interlopers": 849, "Binding Negotiation": 204, "Vraska, the Silencer": 3079, "Obstinate Baloth": 1863, "Bramble Familiar": 293, "Felonious Rage_SB": 940, "Sphinx of the Final Word_SB": 2508, "Rip, Spawn Hunter": 2200, "Funeral Room // Awakening Hall": 1030, "Outlaw Medic": 1903, "Legion Extruder": 1555, "Thousand Moons Smithy_SB": 2780, "Blightbelly Rat": 230, "Unnatural Restoration": 2936, "Carnivorous Canopy_SB": 381, "Whisper of the Dross_SB": 3114, "Dawn's Truce_SB": 590, "Dowsing Device": 702, "Gleaming Geardrake": 1114, "Saheeli, Filigree Master": 2268, "The Mycosynth Gardens": 2735, "Saheeli, Filigree Master_SB": 2269, "Scrawling Crawler": 2318, "Hollow Scavenger": 1309, "Archdruid's Charm_SB": 96, "Case of the Ransacked Lab": 393, "The Surgical Bay": 2750, "The Tale of Tamiyo": 2753, "Imprisoned in the Moon_SB": 1351, "Inquisitive Glimmer_SB": 1367, "Refute_SB": 2145, "Hugs, Grisly Guardian": 1327, "Kogla and Yidaro": 1512, "Karumonix, the Rat King": 1469, "Persistent Marshstalker": 1961, "Argentum Masticore": 105, "Hall of Tagsin": 1202, "Hedron Archive": 1255, "Tomakul Honor Guard": 2839, "Gaea's Gift": 1039, "Trash the Town": 2862, "Untimely Malfunction": 2951, "Argentum Masticore_SB": 106, "Choking Miasma": 447, "Bite Down": 208, "Bite Down_SB": 209, "Captain Storm, Cosmium Raider": 375, "Corsair Captain": 531, "Malcolm, the Eyes": 1668, "Staunch Crewmate": 2551, "Lost Jitte_SB": 1627, "Niv-Mizzet, Supreme": 1833, "Blazing Crescendo_SB": 226, "Leonin Vanguard_SB": 1561, "Ruin-Lurker Bat_SB": 2246, "The Millennium Calendar_SB": 2733, "Veteran Survivor_SB": 3024, "Corrupted Conviction_SB": 530, "Deadly Brew_SB": 601, "Lich-Knights' Conquest": 1576, "Cheeky House-Mouse_SB": 443, "Dryad Militant": 733, "Trostani, Three Whispers": 2874, "Kutzil, Malamet Exemplar_SB": 1534, "Contagious Vorrac": 515, "Necrogen Rotpriest": 1811, "Armored Scrapgorger_SB": 115, "Forest_SB": 999, "Invasion of Fiora_SB": 1395, "Malcolm, Alluring Scoundrel_SB": 1667, "Churning Reservoir": 453, "Magmatic Sprinter": 1657, "Sardian Cliffstomper": 2281, "Solphim, Mayhem Dominus": 2467, "The Monumental Facade": 2734, "Churning Reservoir_SB": 454, "Magmatic Sprinter_SB": 1658, "Monastery Swiftspear_SB": 1771, "Sardian Cliffstomper_SB": 2282, "Brazen Collector": 302, "Generous Plunderer": 1058, "Ojer Axonil, Deepest Might": 1870, "Trial of Agony": 2868, "Zoyowa's Justice": 3182, "Ancestors' Aid_SB": 58, "Leyline of Resonance_SB": 1569, "Slickshot Show-Off_SB": 2454, "Gaea's Gift_SB": 1040, "Give In to Violence_SB": 1098, "Scrapwork Mutt": 2317, "Cityscape Leveler_SB": 460, "Nahiri's Resolve_SB": 1805, "Back for Seconds": 157, "Eriette's Tempting Apple": 817, "Experimental Confectioner": 852, "Feed the Cauldron": 922, "Gingerbread Hunter": 1092, "Greta, Sweettooth Scourge": 1175, "Mintstrosity": 1729, "Return from the Wilds": 2194, "Scream Puff": 2320, "Spider Food": 2509, "Sweettooth Witch": 2628, "Three Bowls of Porridge": 2790, "Candy Grapple_SB": 367, "Fell_SB": 937, "Murder_SB": 1797, "Sugar Rush_SB": 2592, "Obyra, Dreaming Duelist": 1865, "Repel Calamity_SB": 2162, "Delney, Streetwise Lookout": 633, "No Witnesses": 1838, "Stroke of Midnight": 2585, "Pile On": 1990, "Call a Surprise Witness": 362, "Micromancer": 1715, "Daggerfang Duo": 580, "Deathbloom Gardener": 607, "Hoarding Recluse": 1306, "Maha, Its Feathers Night": 1660, "Massacre Girl, Known Killer": 1687, "Moonstone Harbinger": 1780, "Pestilent Syphoner": 1964, "Ygra, Eater of All": 3162, "Drown in Ichor_SB": 731, "Rakdos, the Muscle": 2088, "Massacre Girl, Known Killer_SB": 1688, "Rakdos Joins Up_SB": 2086, "Rakdos, the Muscle_SB": 2089, "Ghalta and Mavren": 1070, "Hide in Plain Sight": 1289, "Manifest Dread": 1672, "Progenitus": 2037, "Threats Around Every Corner": 2788, "Crystal Barricade": 562, "Green Sun's Twilight_SB": 1170, "Break Down the Door": 305, "Bubble Smuggler": 335, "Cryptid Inspector": 561, "Cursed Windbreaker": 574, "Exit Specialist": 845, "Growing Dread": 1182, "Oblivious Bookworm": 1861, "Polukranos Reborn_SB": 2014, "Hazardroot Herbalist": 1238, "Head of the Homestead": 1241, "Rabbit Response": 2067, "Treeguard Duo": 2866, "Uncharted Haven": 2911, "Warren Elder": 3096, "Head of the Homestead_SB": 1242, "Grab the Prize_SB": 1152, "Stroke of Midnight_SB": 2586, "Hellspur Posse Boss": 1261, "Magda, the Hoardmaster": 1653, "Cynical Loner_SB": 579, "Hellspur Brute_SB": 1260, "Astor, Bearer of Blades": 131, "Bladehold War-Whip": 218, "Kellan, the Fae-Blooded": 1487, "Kemba, Kha Enduring": 1489, "Rebel Salvo": 2127, "Swiftfoot Boots": 2630, "Sword of Forge and Frontier": 2634, "Astor, Bearer of Blades_SB": 132, "Consuming Aberration": 514, "Knight of Dusk's Shadow": 1505, "No One Left Behind_SB": 1837, "Botanical Brawler": 279, "Dusk Legion Duelist": 740, "Railway Brawler": 2081, "Stocking the Pantry": 2567, "Tribute to the World Tree": 2870, "Collector's Cage_SB": 487, "Dragonmaster Outcast": 712, "Evolved Sleeper": 841, "Friendly Teddy": 1017, "Consumed by Greed_SB": 513, "Rankle's Prank_SB": 2102, "Hop to It_SB": 1314, "Fae Flight_SB": 874, "Vorinclex": 3069, "Barkform Harvester": 176, "Rampaging Spiketail": 2098, "Rush of Dread_SB": 2256, "Magebane Lizard": 1654, "Final Flourish_SB": 955, "Time Stop_SB": 2813, "Infectious Inquiry_SB": 1358, "Unnatural Restoration_SB": 2937, "Taii Wakeen, Perfect Shot": 2646, "Unruly Catapult": 2940, "Glassworks // Shattered Yard_SB": 1111, "Samut, Vizier of Naktamun": 2271, "Tribute to the World Tree_SB": 2871, "Hulking Metamorph": 1328, "Rest in Peace": 2172, "Surge Engine_SB": 2613, "Fake Your Own Death": 885, "Invasion of Ergamon": 1394, "Beastie Beatdown_SB": 192, "Break Out_SB": 307, "Ego Drain_SB": 763, "Hearthborn Battler_SB": 1253, "Vengeful Possession": 3015, "Rabid Gnaw_SB": 2069, "Repair and Recharge": 2161, "Step Between Worlds_SB": 2560, "Hexgold Halberd": 1282, "Skyfisher Spider_SB": 2438, "Kroxa and Kunoros": 1528, "Festerleech": 944, "Fallaji Archaeologist_SB": 887, "The Wandering Rescuer_SB": 2756, "Felidar Cub": 931, "Oracle of Tragedy": 1889, "Tarrian's Journal": 2661, "Dusk Rose Reliquary_SB": 742, "Felidar Cub_SB": 932, "Knight-Errant of Eos_SB": 1510, "Ruthless Lawbringer_SB": 2259, "Detective's Satchel": 655, "Torch the Witness": 2844, "Worldwalker Helm": 3149, "Forensic Gadgeteer_SB": 996, "Ice Out_SB": 1337, "Evolving Adaptive": 842, "Garruk's Uprising_SB": 1048, "Chart a Course_SB": 441, "Johann's Stopgap_SB": 1442, "Let's Play a Game_SB": 1563, "Roaming Throne_SB": 2217, "Surgical Suite && Hospital Room": 2617, "Quintorius Kand_SB": 2066, "Shrouded Shepherd": 2400, "Wandertale Mentor": 3086, "Vodalian Mindsinger_SB": 3054, "Soul Search": 2474, "Bonehoard Dracosaur_SB": 265, "Llanowar Elves_SB": 1602, "Ragged Playmate": 2078, "Trapped in the Screen": 2860, "Fear of Surveillance_SB": 915, "Grand Entryway // Elegant Rotunda_SB": 1159, "Norin, Swift Survivalist_SB": 1841, "Ragged Playmate_SB": 2079, "Think Twice_SB": 2760, "Take for a Ride_SB": 2652, "Fleeting Flight": 973, "Mosswood Dreadknight_SB": 1786, "Boltwave_SB": 261, "Enduring Courage_SB": 795, "War Squeak_SB": 3088, "Spirebluff Canal_SB": 2517, "Chandra, Flameshaper_SB": 426, "Blazing Crescendo": 225, "Ajani, Sleeper Agent": 37, "Great Train Heist": 1164, "Glimmerlight": 1117, "Ashnod's Harvester": 122, "Warhost's Frenzy": 3093, "Geralf, the Fleshwright": 1061, "Geralf, the Fleshwright_SB": 1062, "Claim Jumper_SB": 463, "Mirrex_SB": 1734, "Tectonic Hazard": 2666, "Vraan, Executioner Thane": 3073, "Eaten Alive_SB": 755, "Rustler Rampage": 2257, "Wojek Investigator": 3146, "Recommission_SB": 2136, "Searslicer Goblin_SB": 2334, "Stormchaser's Talent_SB": 2579, "Phyrexian Missionary": 1979, "Cactarantula": 355, "Ojer Pakpatiq, Deepest Epoch": 1872, "Disturbing Conversion_SB": 680, "Enduring Vitality_SB": 803, "Koth, Fire of Resistance": 1520, "Lithomantic Barrage": 1595, "Sentinel of Lost Lore": 2357, "Audience with Trostani_SB": 140, "Leyline of the Void": 1573, "Surgical Suite // Hospital Room_SB": 2620, "All Will Be One": 45, "Into the Fire": 1383, "Invasion of Karsus": 1400, "Ob Nixilis, Captive Kingpin": 1857, "Defiler of Dreams_SB": 631, "Balustrade Wurm": 165, "Cosmic Hunger": 534, "Ojer Kaslem, Deepest Growth": 1871, "Paranormal Analyst": 1942, "Vannifar, Evolved Enigma": 3006, "Fog Bank_SB": 989, "Talion, the Kindly Lord_SB": 2657, "Wylie Duke, Atiin Hero": 3158, "Omen Hawker": 1877, "Valgavoth's Onslaught_SB": 2981, "Extraordinary Journey": 863, "Gold Pan": 1141, "Extraordinary Journey_SB": 864, "Nurturing Pixie_SB": 1852, "Pearl of Wisdom": 1952, "Moonshaker Cavalry": 1779, "Balemurk Leech": 161, "Bashful Beastie": 181, "Cackling Slasher": 353, "Defiant Survivor": 626, "Fear of the Dark": 916, "Flesh Burrower": 977, "Give In to Violence": 1097, "Grasping Longneck": 1160, "Horrid Vigor": 1320, "Innocuous Rat": 1365, "Let's Play a Game": 1562, "Meathook Massacre II": 1698, "Wickerfolk Thresher": 3117, "Winter's Intervention": 3130, "Analyze the Pollen_SB": 56, "Corpses of the Lost_SB": 526, "Bushwhack_SB": 351, "Mistbreath Elder_SB": 1747, "Polliwallop_SB": 2011, "Realmbreaker's Grasp_SB": 2123, "Stickytongue Sentinel_SB": 2562, "Treeguard Duo_SB": 2867, "Tumbleweed Rising_SB": 2877, "Leyline of Transformation": 1571, "Saheeli's Lattice": 2267, "Hopeless Nightmare_SB": 1317, "Etali, Primal Storm_SB": 834, "Adamant Will": 13, "Goldvein Pick": 1144, "Moment of Triumph": 1764, "Pilfer": 1992, "Public Thoroughfare": 2047, "Roaming Throne": 2216, "Undying Malice": 2921, "Cancel_SB": 366, "Opt_SB": 1885, "Connecting the Dots_SB": 509, "Annihilating Glare": 73, "Fanatical Offering": 891, "Sword of Wealth and Power": 2638, "Makeshift Binding": 1664, "Dismal Backwater": 670, "Pelakka Wurm": 1955, "Extract a Confession_SB": 862, "Unauthorized Exit_SB": 2910, "Jump Scare_SB": 1448, "Progenitus_SB": 2038, "Harvestrite Host": 1226, "Cut Short_SB": 577, "Family Reunion_SB": 888, "Lassoed by the Law": 1539, "Mabel's Mettle": 1646, "Skulduggery": 2430, "Skulduggery_SB": 2431, "Minor Misstep": 1727, "Hopeful Vigil": 1315, "Central Elevator // Promising Stairs": 418, "Creeping Peeper": 549, "Dazzling Theater // Prop Room": 596, "Erratic Apparition": 820, "Fear of Abduction": 900, "Fear of Falling": 904, "Lionheart Glimmer": 1593, "Restricted Office // Lecture Hall": 2192, "Underwater Tunnel // Slimy Aquarium": 2920, "Stalked Researcher_SB": 2540, "Tunnel Surveyor_SB": 2881, "Archon of Cruelty": 101, "Bloodstained Mire": 245, "Brazen Borrower": 300, "Counterspell": 541, "Faithless Looting": 884, "Fatal Push": 894, "Force of Negation": 992, "Misty Rainforest": 1751, "Persist": 1960, "Polluted Delta": 2012, "Psychic Frog": 2045, "Scalding Tarn": 2295, "Sink into Stupor": 2417, "Spell Snare": 2499, "Steam Vents": 2552, "Tamiyo, Inquisitive Student": 2658, "Thoughtseize": 2777, "Unearth": 2922, "Watery Grave": 3100, "Consign to Memory_SB": 511, "Fable of the Mirror-Breaker_SB": 869, "Harbinger of the Seas_SB": 1212, "Nihil Spellbomb_SB": 1826, "Stern Scolding_SB": 2561, "Surgical Extraction_SB": 2616, "Ajani, Nacatl Pariah": 36, "Arena of Glory": 104, "Arid Mesa": 109, "Blood Crypt": 234, "Chained to the Rocks": 421, "Goblin Bombardment": 1131, "Godless Shrine": 1140, "Guide of Souls": 1191, "Marsh Flats": 1685, "Ocelot Pride": 1866, "Phelia, Exuberant Shepherd": 1968, "Phlage, Titan of Fire's Fury": 1969, "Sacred Foundry": 2264, "Seasoned Pyromancer": 2343, "Thraben Charm": 2781, "Chained to the Rocks_SB": 422, "Drannith Magistrate_SB": 717, "Obsidian Charmaw_SB": 1862, "Orim's Chant_SB": 1891, "Ragavan, Nimble Pilferer_SB": 2077, "Stony Silence_SB": 2573, "Wear // Tear_SB": 3104, "Wrath of the Skies_SB": 3150, "Blazing Rootwalla": 227, "Burning Inquiry": 343, "Detective's Phoenix": 654, "Flameblade Adept": 965, "Goblin Lore": 1135, "Hollow One": 1308, "Lightning Bolt": 1580, "Stomping Ground": 2572, "Street Wraith": 2582, "Vengevine": 3017, "Wooded Foothills": 3147, "Cursed Totem_SB": 573, "Meltdown_SB": 1704, "Barbarian Ring": 174, "Eidolon of the Great Revel": 764, "Flare of Duplication": 969, "Goblin Guide": 1134, "Lava Spike": 1545, "Rift Bolt": 2198, "Searing Blaze": 2331, "Skewer the Critics": 2422, "Skullcrack": 2433, "Sunbaked Canyon": 2597, "Ensnaring Bridge_SB": 809, "Faerie Macabre_SB": 879, "Smash to Smithereens_SB": 2456, "Amulet of Vigor": 52, "Arboreal Grazer": 85, "Boseiju, Who Endures": 277, "Crumbling Vestige": 556, "Dryad Arbor": 732, "Dryad of the Ilysian Grove": 735, "Echoing Deeps": 757, "Explore": 854, "Green Sun's Zenith": 1171, "Gruul Turf": 1187, "Hanweir Battlements": 1209, "Lotus Field": 1630, "Mirrorpool": 1737, "Otawara, Soaring City": 1898, "Primeval Titan": 2031, "Scapeshift": 2300, "Shifting Woodland": 2384, "Simic Growth Chamber": 2414, "Summoner's Pact": 2594, "Tolaria West": 2835, "Urza's Cave": 2969, "Urza's Saga": 2972, "Valakut, the Molten Pinnacle": 2977, "Vesuva": 3019, "Bojuka Bog_SB": 258, "Collector Ouphe_SB": 485, "Defense Grid_SB": 625, "Dismember_SB": 671, "Endurance_SB": 793, "Force of Vigor_SB": 993, "Tireless Tracker_SB": 2821, "Vampires' Vengeance_SB": 3000, "Dwarven Mine": 747, "Fable of the Mirror-Breaker": 868, "Flooded Strand": 978, "Indomitable Creativity": 1355, "Jetmir's Garden": 1436, "Prismatic Ending": 2034, "Wrenn and Six": 3154, "Xander's Lounge": 3159, "Boseiju, Who Endures_SB": 278, "Damping Sphere_SB": 582, "Hurkyl's Recall_SB": 1333, "Toxic Deluge_SB": 2850, "Cling to Dust": 473, "Harbinger of the Seas": 1211, "Murktide Regent": 1798, "Preordain": 2026, "Thought Scour": 2774, "Engineered Explosives_SB": 806, "Mystical Dispute_SB": 1804, "Spell Pierce_SB": 2498, "The Meathook Massacre_SB": 2730, "Orcish Bowmasters": 1890, "Galvanic Discharge": 1042, "Showdown of the Skalds_SB": 2398, "Thoughtseize_SB": 2778, "Den of the Bugbear": 645, "Devastating Summons": 656, "Foundry Street Denizen": 1008, "Goblin Bushwhacker": 1132, "Goblin Grenade": 1133, "Goblin Piledriver": 1137, "Legion Loyalist": 1557, "Mogg War Marshal": 1755, "Reckless Bushwhacker": 2129, "Skirk Prospector": 2423, "Sokenzan, Crucible of Defiance": 2464, "Blood Moon_SB": 236, "Magus of the Moon_SB": 1659, "Reality Hemorrhage_SB": 2121, "Shattering Spree_SB": 2375, "Tormod's Crypt_SB": 2846, "Ziatora's Proving Ground": 3174, "Terastodon_SB": 2686, "Veil of Summer_SB": 3009, "Consider": 510, "Graveyard Trespasser": 1161, "Exquisite Firecraft_SB": 856, "Searing Blood_SB": 2332, "Tunnel Ignus_SB": 2879, "Ragavan, Nimble Pilferer": 2076, "Showdown of the Skalds": 2397, "Static Prison": 2549, "Windswept Heath": 3128, "Fear, Fire, Foes!_SB": 917, "Vexing Bauble": 3025, "Colossal Skyturtle_SB": 494, "Generous Ent_SB": 1057, "Grist, the Hunger Tide_SB": 1181, "Hexdrinker_SB": 1281, "Giant Growth_SB": 1086, "Slice from the Shadows": 2450, "Talion, the Kindly Lord": 2656, "Over the Edge_SB": 1908, "Poison Dart Frog_SB": 2009, "Come Back Wrong": 498, "Glassworks // Shattered Yard": 1110, "Beamtown Beatstick": 189, "Celestial Armor": 415, "Diamond Pick-Axe": 662, "Sunfire Torch": 2603, "Carrot Cake_SB": 384, "Edgewall Inn": 760, "Cathartic Parting_SB": 401, "Goliath Hatchery_SB": 1147, "Grievous Wound_SB": 1177, "Balmor, Battlemage Captain": 164, "Bria, Riptide Rogue": 311, "Freeze in Place": 1013, "Relic's Roar": 2155, "Run Away Together_SB": 2247, "Scalding Viper_SB": 2297, "Hammerhand_SB": 1208, "Heartfire Hero_SB": 1246, "Inti, Seneschal of the Sun_SB": 1380, "Nettle Guard": 1816, "Pests of Honor": 1965, "Three Blind Mice": 2789, "Dauntless Dismantler_SB": 588, "Phoenix Chick_SB": 1971, "Gleaming Barrier": 1112, "Gleaming Barrier_SB": 1113, "Solemn Simulacrum_SB": 2466, "Hardened Escort": 1217, "Holy Cow": 1310, "Living Phone": 1600, "Unsettling Twins": 2942, "Feather of Flight_SB": 920, "Possessed Goat_SB": 2021, "Raccoon Rallier_SB": 2070, "Rogue's Passage_SB": 2228, "The Jolly Balloon Man_SB": 2724, "Unsettling Twins_SB": 2943, "Ancestors' Aid": 57, "Dwarven Forge-Chanter": 746, "Furious Bellow": 1032, "Ghitu Amplifier": 1075, "Heartfire Immolator": 1247, "Sure Strike": 2610, "Whiskerquill Scribe": 3112, "Brambleguard Captain": 294, "Defabricate": 621, "Fear of Burning Alive": 903, "Iron-Fist Pulverizer": 1416, "Johann, Apprentice Sorcerer": 1443, "Keldon Flamesage": 1478, "Kraum, Violent Cacophony": 1524, "Molten Tributary": 1761, "Nightwhorl Hermit": 1825, "Pyrotechnic Performer": 2055, "Razzle-Dazzler": 2120, "Snaremaster Sprite": 2462, "Stop Cold": 2574, "Thopter Mechanic": 2769, "Vesuvan Drifter": 3020, "Involuntary Cooldown_SB": 1412, "Kellan, Planar Trailblazer_SB": 1486, "Mishra's Command_SB": 1743, "Out of Air_SB": 1900, "Plan the Heist_SB": 2002, "Sleight of Hand_SB": 2449, "Trick Shot_SB": 2872, "Violent Urge_SB": 3035, "Harrier Strix": 1222, "The Filigree Sylex": 2713, "Sure Strike_SB": 2611, "Twinferno_SB": 2886, "Charge of the Mites_SB": 436, "Halo Hopper": 1206, "Hellspur Posse Boss_SB": 1262, "Grand Abolisher": 1155, "Unnerving Grasp": 2938, "Make Your Move_SB": 1662, "Harbinger of the Tides": 1213, "Harbinger of the Tides_SB": 1214, "Fynn, the Fangbearer_SB": 1038, "Bottomless Pool && Locker Room_SB": 282, "Cat Collector": 398, "Pile On_SB": 1991, "Growing Rites of Itlimoc": 1183, "Flowstone Infusion": 987, "Into the Roil": 1386, "Into the Roil_SB": 1387, "Ayara, Widow of the Realm": 152, "Arachnoid Adaptation": 82, "Throw from the Saddle": 2801, "Longstalk Brawl_SB": 1615, "Thrill of Possibility_SB": 2799, "Season of Gathering": 2335, "Warren Warleader": 3097, "Horrid Vigor_SB": 1321, "Lionheart Glimmer_SB": 1594, "Omnivorous Flytrap_SB": 1882, "Seasoned Warrenguard_SB": 2345, "Feldon, Ronom Excavator": 930, "Roc Hunter": 2222, "Scalding Viper": 2296, "Adventuring Gear_SB": 16, "Fear of Being Hunted_SB": 902, "Trial of Agony_SB": 2869, "Vicious Clown_SB": 3030, "Jump Scare": 1447, "Niko, Light of Hope": 1827, "Stalked Researcher": 2539, "Tunnel Surveyor": 2880, "Fear of Isolation_SB": 910, "Splash Portal_SB": 2521, "Demonic Pact_SB": 642, "Rite of the Dragoncaller_SB": 2207, "Valorous Stance": 2995, "Lodestone Needle": 1608, "Sawblade Skinripper_SB": 2291, "Zephyr Singer": 3170, "Spell Pierce": 2497, "Oildeep Gearhulk_SB": 1869, "Bleachbone Verge": 228, "Ride's End": 2196, "Wastewood Verge": 3099, "Willowrush Verge": 3124, "Grim Bauble": 1179, "Momentum Breaker": 1766, "Oildeep Gearhulk": 1868, "Outpace Oblivion_SB": 1905, "Afterburner Expert": 24, "Draconautics Engineer": 703, "Dredger's Insight": 726, "Loot, the Pathfinder": 1618, "Molt Tender": 1757, "Restless Spire_SB": 2187, "Sunbillow Verge": 2598, "Haunt the Network_SB": 1230, "Debris Beetle": 610, "Vein Ripper_SB": 3011, "Intimidation Tactics": 1381, "Ketramose, the New Dawn": 1490, "Thousand Moons Smithy": 2779, "Transmutation Font": 2859, "Braided Net_SB": 290, "Bartolom\u00e9 del Presidio_SB": 180, "Lunar Convocation_SB": 1639, "Bloodghast": 241, "Valley Rotcaller_SB": 2992, "Defend the Rider": 623, "Hazoret, Godseeker": 1240, "Gleeful Demolition_SB": 1116, "Monument to Endurance": 1777, "Cunning Coyote_SB": 568, "Playful Shove": 2004, "Boosted Sloop": 273, "Broadside Barrage": 325, "Captain Howler, Sea Scourge": 373, "Fearless Swashbuckler": 918, "Lifecraft Engine": 1577, "Marauding Mako": 1679, "Scrounging Skyray": 2325, "Unctus, Grand Metatect": 2912, "Bounce Off": 286, "Chandra, Spark Hunter": 429, "Riverpyre Verge": 2215, "Fuel the Flames_SB": 1024, "Brightglass Gearhulk": 314, "Overgrown Zealot": 1911, "Transit Mage": 2858, "Lightwheel Enhancements": 1585, "Momentum Breaker_SB": 1767, "Perilous Snare": 1958, "Repurposing Bay": 2165, "Spectacular Pileup": 2491, "Perilous Snare_SB": 1959, "Red Sun's Twilight_SB": 2139, "Nesting Bot": 1815, "Voyager Glidecar": 3071, "Chandra, Spark Hunter_SB": 430, "Coiling Rebirth_SB": 481, "Intimidation Tactics_SB": 1382, "Collision Course_SB": 491, "Mishra, Claimed by Gix": 1745, "Phyrexian Dragon Engine": 1976, "The Aetherspark_SB": 2699, "Invasion of Mercadia": 1402, "Sazacap's Brew": 2294, "Bounce Off_SB": 287, "Broadside Barrage_SB": 326, "Webstrike Elite": 3107, "Webstrike Elite_SB": 3108, "Bloated Contaminator_SB": 233, "Melira, the Living Cure_SB": 1703, "Gastal Thrillroller_SB": 1053, "Claim Jumper": 462, "Caelorna, Coral Tyrant_SB": 356, "Grim Bauble_SB": 1180, "Heliod, the Radiant Dawn": 1258, "Twinblade Blessing": 2884, "Quag Feast": 2058, "Amonkhet Raceway": 51, "Gas Guzzler": 1049, "The Speed Demon": 2745, "Soul of Windgrace": 2476, "Debris Beetle_SB": 611, "Pit Automaton": 1996, "Visage of Dread": 3047, "Aether Syphon_SB": 21, "The Last Ride_SB": 2728, "Visage of Dread_SB": 3048, "Thunderous Velocipede": 2808, "Riverchurn Monument": 2212, "Stock Up": 2565, "Expel the Interlopers_SB": 850, "Flotsam // Jetsam_SB": 982, "Burnout Bashtronaut": 345, "Count on Luck_SB": 540, "Optimistic Scavenger_SB": 1887, "Overlord of the Hauntwoods_SB": 1919, "Explosive Derailment_SB": 855, "Memory Guardian": 1705, "Mendicant Core, Guidelight": 1706, "Diversion Unit_SB": 685, "Greasewrench Goblin": 1163, "Agonasaur Rex": 30, "Sandstalker Moloch_SB": 2272, "Howlsquad Heavy": 1324, "Diversion Unit": 684, "Esoteric Duplicator": 826, "Riptide Gearhulk": 2201, "Voyage Home": 3070, "Monument to Endurance_SB": 1778, "Mu Yanling, Wind Rider": 1790, "The Aetherspark": 2698, "Gastal Thrillroller": 1052, "Mishra's Command": 1742, "Conduit of Worlds_SB": 506, "Tomik, Wielder of Law_SB": 2841, "Gastal Thrillseeker": 1054, "The Last Ride": 2727, "Ancient Vendetta_SB": 61, "The Speed Demon_SB": 2746, "Defend the Rider_SB": 624, "Lumbering Worldwagon": 1633, "Restless Anchorage_SB": 2175, "Mindspring Merfolk": 1726, "Overrun": 1924, "Demonic Junker": 639, "Nexus of Becoming": 1820, "Engine Rat": 804, "Gonti, Night Minister": 1148, "Teysa, Opulent Oligarch": 2695, "Gumdrop Poisoner": 1194, "Say Its Name_SB": 2293, "Spectral Interference_SB": 2495, "Muraganda Raceway": 1795, "Ratadrabik of Urborg": 2105, "Zephyr Singer_SB": 3171, "Spectacular Pileup_SB": 2492, "Full Throttle_SB": 1027, "Loot, the Key to Everything_SB": 1617, "Loot, the Pathfinder_SB": 1619, "Painful Quandary_SB": 1934, "Lassoed by the Law_SB": 1540, "Ride's End_SB": 2197, "Thalia and The Gitrog Monster_SB": 2697, "Zahur, Glory's Past": 3168, "Spring-Loaded Sawblades_SB": 2529, "Unstable Glyphbridge_SB": 2945, "Urza's Command_SB": 2970, "Dive Down": 682, "Basri, Tomorrow's Champion": 184, "Skyseer's Chariot_SB": 2441, "Third Path Iconoclast_SB": 2762, "Far Fortune, End Boss": 892, "Coalstoke Gearhulk_SB": 477, "Leaf-Crowned Visionary_SB": 1552, "Mossborn Hydra_SB": 1784, "Overrun_SB": 1925, "Wardens of the Cycle_SB": 3092, "Ancient Vendetta": 60, "Sword of Forge and Frontier_SB": 2635, "Locust Spray": 1607, "Blast Zone_SB": 223, "Become Brutes": 193, "The Elder Dragon War_SB": 2706, "Veteran Survivor": 3023, "Dropkick Bomber": 729, "Kellan, Inquisitive Prodigy_SB": 1484, "Caradora, Heart of Alacria": 377, "Skyseer's Chariot": 2440, "Valor's Flagship": 2993, "Veteran Beastrider": 3022, "Quag Feast_SB": 2059, "Invasion of Regatha_SB": 1404, "Regal Imperiosaur": 2150, "The Skullspore Nexus": 2743, "Intrepid Paleontologist_SB": 1389, "Ketramose, the New Dawn_SB": 1491, "Bringer of the Last Gift": 319, "Skitterbeam Battalion": 2425, "Terisian Mindbreaker": 2687, "Tyrox, Saurid Tyrant": 2896, "Voyager Glidecar_SB": 3072, "Thopter Fabricator_SB": 2768, "Gastal Raider_SB": 1051, "Fuel the Flames": 1023, "Skycrash": 2435, "Essence Channeler_SB": 828, "Rampaging Raptor": 2097, "Agonasaur Rex_SB": 31, "Shoreline Looter": 2396, "Engine Rat_SB": 805, "Jodah, the Unifier_SB": 1441, "Lunar Insight": 1640, "Coalstoke Gearhulk": 476, "Visage Bandit": 3046, "Waxen Shapethief": 3101, "Dune Drifter": 737, "Threadbind Clique": 2787, "Twining Twins": 2888, "Boommobile": 269, "Forging the Anchor": 1000, "Radiant Lotus": 2072, "The Mightstone and Weakstone_SB": 2732, "Goldvein Hydra_SB": 1143, "Boommobile_SB": 270, "Radiant Lotus_SB": 2073, "Bloodthorn Flail": 248, "Flamewake Phoenix": 967, "Cryptcaller Chariot_SB": 558, "Spiteful Hexmage_SB": 2519, "Riptide Gearhulk_SB": 2202, "Riverchurn Monument_SB": 2213, "Volley Veteran": 3064, "Thopter Fabricator": 2767, "Clamorous Ironclad": 466, "Furnace Host Charger": 1033, "Alania, Divergent Storm": 42, "Frolicking Familiar": 1018, "Wishing Well": 3136, "Resplendent Angel_SB": 2170, "Cephalopod Sentry": 419, "Tinker's Tote": 2815, "Haunt the Network": 1229, "Sorcerous Spyglass": 2470, "Demonic Junker_SB": 640, "Redshift, Rocketeer Chief": 2142, "Halana and Alena, Partners_SB": 1200, "Valor's Flagship_SB": 2994, "Tocasia's Welcome_SB": 2834, "Stall Out": 2541, "Stall Out_SB": 2542, "Gloryheath Lynx": 1124, "Sovereign Okinec Ahau": 2488, "The Raven Man": 2738, "The Raven Man_SB": 2739, "Boom Box": 268, "Broadcast Rambler": 324, "Conduit of Worlds": 505, "Possession Engine": 2022, "Broodheart Engine": 327, "Bat Colony": 185, "Calamitous Cave-In": 357, "Gargantuan Leech": 1044, "Hidden Volcano": 1288, "Promising Vein": 2041, "Marketback Walker": 1683, "Sab-Sunen, Luxa Embodied": 2262, "Simian Simulacrum": 2413, "Sylvan Scavenging": 2641, "Bulwark Ox": 339, "Reluctant Role Model": 2156, "Reluctant Role Model_SB": 2157, "The Goose Mother": 2716, "Leyline Binding_SB": 1566, "Mold Adder_SB": 1756, "Marketback Walker_SB": 1684, "Burnout Bashtronaut_SB": 346, "Gastal Raider": 1050, "Oviya, Automech Artisan": 1930, "Daretti, Rocketeer Engineer": 583, "Threefold Thunderhulk": 2796, "Tune Up": 2878, "Meteor Golem_SB": 1710, "Market Gnome_SB": 1682, "The Skullspore Nexus_SB": 2744, "Cosmium Confluence": 537, "Festival of Embers": 945, "Hidden Nursery": 1287, "Skycrash_SB": 2436, "Nexus of Becoming_SB": 1821, "Akal Pakal, First Among Equals_SB": 40, "Collector's Vault_SB": 489, "Thran Spider_SB": 2784, "Sab-Sunen, Luxa Embodied_SB": 2263, "Earthrumbler": 752, "Deepfathom Echo": 618, "Forensic Researcher": 997, "Oko, the Ringleader": 1874, "Chitin Gravestalker": 446, "Starving Revenant_SB": 2547, "Steamcore Scholar_SB": 2554, "Ojer Pakpatiq, Deepest Epoch_SB": 1873, "Lavaspur Boots_SB": 1547, "Thunderous Velocipede_SB": 2809, "Fear of Infinity_SB": 908, "Stock Up_SB": 2566, "Dredger's Insight_SB": 727, "Fauna Shaman_SB": 897, "Barrow Naughty": 178, "Drag the Canal": 704, "Faerie Slumber Party": 882, "Mocking Sprite": 1752, "Spellscorn Coven": 2504, "Talion's Messenger": 2654, "Sunder the Gateway": 2599, "Akal Pakal, First Among Equals": 39, "Forensic Gadgeteer": 995, "Deduce_SB": 615, "Wreck Remover_SB": 3151, "Coerced to Kill": 479, "Etrata, Deadly Fugitive": 839, "Unstoppable Plan_SB": 2946, "Hoarding Broodlord": 1305, "Shadow-Rite Priest": 2367, "Training Grounds": 2853, "Nahiri's Warcrafting_SB": 1806, "Baral and Kari Zev": 173, "Enigma Drake": 807, "Eroded Canyon": 818, "Brightfield Glider": 313, "Congregation Gryff": 508, "Giant Beaver": 1082, "Lagorin, Soul of Alacria": 1536, "Miriam, Herd Whisperer": 1731, "Ornery Tumblewagg": 1892, "Trained Arynx": 2852, "Run Over_SB": 2248, "Reject Imperfection_SB": 2153, "Vivisurgeon's Insight_SB": 3052, "Night Market": 1823, "Stockpiling Celebrant": 2568, "Carrion Locust_SB": 382, "Skullcap Snail_SB": 2432, "Stockpiling Celebrant_SB": 2569, "Overwhelming Remorse_SB": 1927, "Brave the Wilds": 299, "Fountainport Bell": 1010, "Guidelight Optimizer": 1192, "Oaken Siren": 1854, "Machine Over Matter_SB": 1650, "Armored Scrapgorger": 114, "Spinewoods Paladin": 2513, "Malcator, Purity Overseer": 1665, "Phyrexian Missionary_SB": 1980, "Tranquil Cove_SB": 2855, "Crumb and Get It_SB": 555, "Exsanguinate_SB": 858, "Exsanguinate": 857, "Flame Lash": 964, "Syr Ginger, the Meal Ender_SB": 2645, "Legion Extruder_SB": 1556, "Blightstep Pathway": 231, "Claim // Fame": 461, "Infuriate": 1360, "Kumano Faces Kakkazan": 1530, "Ramunap Ruins": 2099, "Reckless Rage": 2132, "Claim the Firstborn_SB": 465, "Fatal Push_SB": 895, "Grafdigger's Cage_SB": 1154, "Hazoret the Fervent_SB": 1239, "Bloodtithe Harvester": 249, "Extinction Event": 859, "Mutavault": 1800, "Urborg, Tomb of Yawgmoth": 2966, "Anger of the Gods_SB": 65, "Extinction Event_SB": 860, "Gifted Aetherborn_SB": 1087, "Invoke Despair_SB": 1411, "Unlicensed Hearse_SB": 2935, "Castle Locthwain": 397, "Clearwater Pathway": 470, "Field of Ruin": 947, "Geier Reach Sanitarium": 1056, "Hall of Storm Giants": 1201, "Hive of the Eye Tyrant": 1304, "Narset, Parter of Veils": 1807, "Omen of the Sea": 1878, "Paradoxical Outcome": 1941, "Shipwreck Marsh": 2387, "Takenuma, Abandoned Mire": 2653, "The Meathook Massacre": 2729, "Annul_SB": 74, "Ashiok, Dream Render_SB": 118, "Weathered Runestone_SB": 3106, "Yorion, Sky Nomad_SB": 3164, "Blade of the Oni": 216, "Go Blank_SB": 1128, "Hidetsugu Consumes All_SB": 1290, "Fetid Pools": 946, "Yorion, Sky Nomad": 3163, "Arclight Phoenix": 103, "Fiery Impulse": 953, "Izzet Charm": 1424, "Lightning Axe": 1579, "Prismari Command": 2032, "Spikefield Hazard": 2510, "Stormcarved Coast": 2576, "Treasure Cruise": 2864, "Aether Gust_SB": 20, "Ledger Shredder": 1554, "Riverglide Pathway": 2214, "Brazen Borrower_SB": 301, "Prismari Command_SB": 2033, "Cragcrown Pathway": 544, "Soul-Scar Mage": 2479, "Redcap Melee_SB": 2140, "Cavalier of Thorns": 407, "Elvish Mystic": 786, "Kiora, Behemoth Beckoner": 1494, "Lair of the Hydra": 1537, "Leyline of the Guildpact": 1572, "Nykthos, Shrine to Nyx": 1853, "Oath of Nissa": 1856, "Old-Growth Troll": 1876, "Storm the Festival": 2575, "Ulvenwald Oddity": 2906, "Arasta of the Endless Web_SB": 84, "Emrakul, the Promised End_SB": 792, "Setessan Petitioner_SB": 2366, "Ashiok, Nightmare Muse_SB": 119, "Bishop of Wings": 207, "Branchloft Pathway": 296, "Cave of the Frost Dragon": 408, "Collected Company": 482, "Eiganjo, Seat of the Empire": 765, "Overgrown Farmland": 1909, "Portable Hole": 2016, "Resplendent Marshal": 2171, "Righteous Valkyrie": 2199, "Skyclave Apparition": 2434, "Temple Garden": 2672, "Archon of Absolution_SB": 100, "Brave the Elements_SB": 298, "Brutal Cathar_SB": 334, "Heroic Intervention_SB": 1278, "Reidane, God of the Worthy_SB": 2151, "Shapers' Sanctuary_SB": 2370, "Darksteel Citadel": 587, "Ensoul Artifact": 810, "Shrapnel Blast": 2399, "Smuggler's Copter": 2457, "Voldaren Epicure": 3061, "Rending Volley_SB": 2160, "Shadowspear_SB": 2368, "Voltage Surge_SB": 3065, "Krenko's Buzzcrusher": 1525, "Foreboding Ruins": 994, "Invoke Despair": 1410, "Kroxa, Titan of Death's Hunger": 1529, "Kolaghan's Command_SB": 1515, "Collective Brutality": 483, "Faithful Mending": 883, "Greasefang, Okiba Boss": 1162, "Hallowed Fountain": 1203, "Parhelion II": 1943, "Raffine's Tower": 2075, "Shattered Sanctum": 2374, "Skysovereign, Consul Flagship": 2442, "Stubborn Denial": 2589, "Tainted Indulgence": 2649, "Vanishing Verse": 3004, "Deafening Silence_SB": 606, "Dovin's Veto_SB": 701, "Silence_SB": 2406, "Vanishing Verse_SB": 3005, "Breeding Pool": 310, "Enigmatic Incarnation": 808, "Indatha Triome": 1354, "Linvala, the Preserver": 1592, "Overgrown Tomb": 1910, "Savai Triome": 2285, "Spara's Headquarters": 2489, "Zagoth Triome": 3167, "Archon of Emeria_SB": 102, "Knockout Blow_SB": 1511, "Ruric Thar, the Unbowed_SB": 2254, "Thought Distortion_SB": 2773, "Cauldron Familiar": 403, "Claim the Firstborn": 464, "Deadly Dispute": 604, "Mayhem Devil": 1692, "Witch's Oven": 3139, "Ob Nixilis, the Adversary_SB": 1858, "Experimental Frenzy_SB": 853, "Bonecrusher Giant": 262, "Burning-Tree Emissary": 344, "Chandra, Torch of Defiance": 431, "Collision // Colossus": 490, "Gruul Spellbreaker": 1186, "Kami's Flare": 1462, "Pelt Collector": 1956, "Voltaic Brawler": 3066, "Zhur-Taa Goblin": 3173, "Bonecrusher Giant_SB": 263, "Chandra, Torch of Defiance_SB": 432, "Cindervines_SB": 456, "Kami's Flare_SB": 1463, "Roiling Vortex_SB": 2230, "Burner Rocket": 342, "Cloudspire Skycycle": 475, "Dynamite Diver": 751, "Guidelight Synergist": 1193, "Kolodin, Triumph Caster": 1516, "Count on Luck": 539, "Frenzied Goblin": 1014, "Doubling Season_SB": 699, "Fanatical Firebrand_SB": 890, "Howlsquad Heavy_SB": 1325, "Reckless Lackey_SB": 2131, "Rundvelt Hordemaster_SB": 2250, "District Mascot": 678, "Shivan Devastator": 2388, "Zimone, Paradox Sculptor": 3175, "Tyvar, the Pummeler_SB": 2905, "Zopandrel, Hunger Dominus_SB": 3179, "Aurelia, the Warleader": 142, "Gilded Ghoda": 1090, "Haunted Ridge": 1232, "Colossus Hammer": 495, "Eldritch Evolution": 768, "Mana Confluence": 1671, "Raffine's Informant": 2074, "Sigarda's Aid": 2404, "Soulflayer": 2481, "Sylvan Caryatid": 2640, "Bloodline Culling_SB": 244, "Collective Brutality_SB": 484, "Portable Hole_SB": 2017, "Barrier Breach_SB": 177, "Leyline of Sanctity_SB": 1570, "Dawnwing Marshal": 591, "Fear of Infinity": 907, "Furnace Punisher_SB": 1034, "Laughing Jasper Flint_SB": 1544, "Rocky Roads": 2225, "Lumbering Worldwagon_SB": 1634, "Cosmic Rebirth_SB": 536, "Goblin Oriflamme": 1136, "Drake Hatcher_SB": 715, "Eddymurk Crab_SB": 759, "Mondrak, Glory Dominus_SB": 1772, "Spectral Interference": 2494, "Ruthless Negotiation_SB": 2261, "Mimeoplasm, Revered One": 1723, "Map the Frontier": 1675, "No Witnesses_SB": 1839, "Devouring Sugarmaw": 657, "Amalia Benavides Aguirre_SB": 49, "Elas il-Kor, Sadistic Pilgrim_SB": 767, "Fiendish Panda_SB": 949, "Knight of Dawn's Light_SB": 1504, "Become Brutes_SB": 194, "Cindering Cutthroat_SB": 455, "Ravine Raider_SB": 2113, "Risky Shortcut_SB": 2204, "Spin Out_SB": 2511, "Steampath Charger_SB": 2555, "Etched Familiar": 836, "Winter, Cursed Rider": 3131, "Radiant Grove": 2071, "Streetwise Negotiator_SB": 2583, "Divine Resilience": 686, "Greenhouse // Rickety Gazebo": 1172, "Mirror Room // Fractured Realm": 1736, "Silken Strength": 2409, "Herd Migration_SB": 1273, "Armored Armadillo_SB": 112, "Gixian Infiltrator_SB": 1103, "Kykar, Zephyr Awakener": 1535, "Realm-Scorcher Hellkite": 2122, "Sentinel of Lost Lore_SB": 2358, "Spyglass Siren_SB": 2532, "Lathril, Blade of the Elves_SB": 1542, "The Huntsman's Redemption_SB": 2719, "Gloryheath Lynx_SB": 1125, "Threefold Thunderhulk_SB": 2797, "Case of the Locked Hothouse": 390, "Primeval Bounty": 2029, "Cryptcaller Chariot": 557, "Gigantosaurus": 1088, "Llanowar Stalker": 1605, "Ghalta, Primal Hunger_SB": 1072, "Gigantosaurus_SB": 1089, "Disenchant": 666, "Captain Howler, Sea Scourge_SB": 374, "Thirsting Roots": 2763, "Mindsparker_SB": 1724, "Cursed Recording_SB": 572, "Steel Hellkite_SB": 2556, "Meeting of Minds": 1701, "Rangers' Refueler": 2100, "Karn, Living Legacy_SB": 1466, "The Everflowing Well": 2712, "The Stasis Coffin": 2747, "Kellan Joins Up": 1480, "Ovika, Enigma Goliath_SB": 1929, "Quaketusk Boar": 2060, "Leaping Ambush": 1553, "Bestow Greatness_SB": 198, "Raucous Theater_SB": 2111, "Flowstone Infusion_SB": 988, "Alesha, Who Laughs at Fate_SB": 44, "Lazav, Wearer of Faces_SB": 1550, "Harmless Offering_SB": 1220, "Return Triumphant": 2193, "Souls of the Lost_SB": 2484, "Slickshot Lockpicker_SB": 2452, "Flashfreeze": 970, "Synchronized Charge": 2643, "Heritage Reclamation_SB": 1275, "Magmatic Hellkite_SB": 1656, "Interface Ace": 1378, "Sunpearl Kirin": 2605, "Elspeth, Storm Slayer": 780, "Cori Mountain Monastery": 522, "Dispelling Exhale": 672, "Jeskai Revelation": 1434, "Marang River Regent": 1676, "Shiko, Paragon of the Way": 2385, "Rally the Monastery": 2095, "Surrak, Elusive Hunter": 2623, "Surrak, Elusive Hunter_SB": 2624, "Cori-Steel Cutter": 523, "Jeskai Revelation_SB": 1435, "Voice of Victory_SB": 3056, "Herd Heirloom": 1271, "Sage of the Skies_SB": 2266, "Elspeth, Storm Slayer_SB": 781, "United Battlefront": 2934, "Sandsteppe Citadel": 2273, "Skirmish Rhino": 2424, "Desperate Measures": 651, "Rot-Curse Rakshasa": 2235, "Winternight Stories": 3132, "Tersa Lightshatter": 2693, "Glacial Dragonhunt": 1105, "Auroral Procession": 143, "Opulent Palace": 1888, "Rakshasa's Bargain": 2090, "Mistrise Village": 1748, "Tersa Lightshatter_SB": 2694, "Roiling Dragonstorm": 2229, "Gilded Lotus_SB": 1091, "Static Snare": 2550, "Tempest Hawk": 2671, "Frontline Rush": 1021, "Cori-Steel Cutter_SB": 524, "Rediscover the Way": 2141, "Kishla Village": 1497, "Restless Vents_SB": 2189, "Dalkovan Encampment": 581, "Fresh Start_SB": 1016, "Mystic Monastery": 1803, "Frostcliff Siege": 1022, "Duty Beyond Death_SB": 745, "Frontier Bivouac": 1019, "Two-Headed Hunter_SB": 2894, "Qarsi Revenant_SB": 2057, "Caustic Exhale": 406, "Disruptive Stormbrood": 673, "Dragonologist": 713, "Scavenger Regent": 2303, "Scavenger Regent_SB": 2304, "Qarsi Revenant": 2056, "Spectral Denial": 2493, "Overwhelming Surge_SB": 1928, "Wild Ride": 3118, "Fleeting Effigy": 972, "Corroding Dragonstorm": 527, "Voice of Victory": 3055, "Clarion Conqueror_SB": 467, "Bleachbone Verge_SB": 229, "Sage of the Skies": 2265, "Heritage Reclamation": 1274, "Unscrupulous Agent": 2941, "Craterhoof Behemoth": 546, "Rakshasa's Bargain_SB": 2091, "Helga, Skittish Seer": 1256, "Helga, Skittish Seer_SB": 1257, "Mistrise Village_SB": 1749, "Unending Whisper": 2923, "Harried Spearguard": 1221, "Toxin Analysis_SB": 2851, "Case of the Pilfered Proof": 392, "Coordinated Maneuver_SB": 517, "Winternight Stories_SB": 3133}}