{"vocabulary": {"Archangel Elspeth": 89, "Beza, the Bounding Spring": 202, "Caretaker's Talent": 380, "Carrot Cake": 385, "Enduring Innocence": 797, "Fountainport": 1010, "Get Lost": 1064, "Lay Down Arms": 1552, "Loran of the Third Path": 1627, "Parting Gust": 1954, "Plains": 2010, "Shadowy Backstreet": 2380, "Sunfall": 2615, "Sunken Citadel": 2618, "Boon-Bringer Valkyrie_SB": 273, "Elspeth's Smite_SB": 778, "Kaya, Intangible Slayer_SB": 1475, "Loran of the Third Path_SB": 1628, "Rest in Peace_SB": 2183, "Temporary Lockdown_SB": 2700, "Adarkar Wastes": 15, "Battlefield Forge": 187, "Case of the Gateway Express": 390, "Clockwork Percussionist": 474, "Gleeful Demolition": 1117, "Imodane's Recruiter": 1346, "Inspiring Vantage": 1379, "Knight-Errant of Eos": 1513, "Mirrex": 1742, "Novice Inspector": 1856, "Painter's Studio && Defaced Gallery": 1945, "Resolute Reinforcements": 2178, "Seachrome Coast": 2338, "Sheltered by Ghosts": 2387, "Shivan Reef": 2400, "Spirebluff Canal": 2528, "Spyglass Siren": 2543, "Warden of the Inner Sky": 3105, "Arabella, Abandoned Doll_SB": 81, "Destroy Evil_SB": 651, "Get Lost_SB": 1065, "Protect the Negotiators_SB": 2054, "Sheltered by Ghosts_SB": 2388, "Torch the Tower_SB": 2859, "Blackcleave Cliffs": 216, "Cacophony Scamp": 355, "Callous Sell-Sword": 364, "Emberheart Challenger": 788, "Heartfire Hero": 1248, "Leyline of Resonance": 1574, "Might of the Meek": 1727, "Monstrous Rage": 1783, "Mountain": 1795, "Slickshot Show-Off": 2464, "Turn Inside Out": 2897, "Urabrask's Forge": 2972, "Witch's Mark": 3151, "Brotherhood's End_SB": 332, "Ghost Vacuum_SB": 1080, "Lithomantic Barrage_SB": 1603, "Obliterating Bolt_SB": 1869, "Urabrask's Forge_SB": 2973, "Analyze the Pollen": 55, "Botanical Sanctum": 281, "Bushwhack": 351, "Cache Grab": 353, "Eddymurk Crab": 757, "Forest": 999, "Hedge Maze": 1257, "Into the Flood Maw": 1386, "Island": 1422, "Seed of Hope": 2358, "Sleight of Hand": 2459, "Stormchaser's Talent": 2591, "This Town Ain't Big Enough": 2781, "Three Steps Ahead": 2807, "Tolarian Terror": 2852, "Up the Beanstalk": 2969, "Yavimaya Coast": 3174, "Long River's Pull_SB": 1621, "Negate_SB": 1822, "Obstinate Baloth_SB": 1873, "Pick Your Poison_SB": 1996, "Soul-Guide Lantern_SB": 2490, "The Filigree Sylex_SB": 2730, "Three Steps Ahead_SB": 2808, "Break Out": 307, "Commercial District": 500, "Copperline Gorge": 520, "Fear of Missing Out": 914, "Hired Claw": 1303, "Innkeeper's Talent": 1365, "Inti, Seneschal of the Sun": 1381, "Karplusan Forest": 1471, "Omnivorous Flytrap": 1890, "Pawpatch Recruit": 1960, "Restless Ridgeline": 2194, "Screaming Nemesis": 2331, "Thornspire Verge": 2786, "Torch the Tower": 2858, "Wildfire Wickerfolk": 3137, "Abrade_SB": 4, "Hunter's Talent_SB": 1333, "Pawpatch Formation_SB": 1959, "Pyroclasm_SB": 2064, "Trial of Agony_SB": 2884, "Monastery Swiftspear": 1778, "Snakeskin Veil": 2472, "Twisted Fealty_SB": 2906, "Picnic Ruiner": 1998, "Atraxa, Grand Unifier": 136, "Brushland": 334, "Cavern of Souls": 410, "Elspeth's Smite": 777, "Fabled Passage": 870, "Hushwood Verge": 1335, "Jace, the Perfected Mind": 1432, "Leyline Binding": 1570, "Lush Portico": 1650, "Make Your Own Luck": 1670, "Meticulous Archive": 1719, "Overlord of the Hauntwoods": 1928, "Overlord of the Mistmoors": 1930, "Swamp": 2641, "Temporary Lockdown": 2699, "Jace, the Perfected Mind_SB": 1433, "Make Your Own Luck_SB": 1671, "Soul Partition_SB": 2485, "Tishana's Tidebinder_SB": 2839, "Tranquil Frillback_SB": 2872, "Beza, the Bounding Spring_SB": 203, "Bitter Triumph": 213, "Fireglass Mentor": 964, "Flamecache Gecko": 968, "Forsaken Miner": 1004, "Gev, Scaled Scorch": 1070, "Go for the Throat": 1131, "Iridescent Vinelasher": 1418, "Laughing Jasper Flint": 1547, "Mudflat Village": 1799, "Rockface Village": 2234, "Sulfurous Springs": 2607, "Thought-Stalker Warlock": 2791, "Anoint with Affliction_SB": 76, "Cut Down_SB": 574, "Duress_SB": 738, "Glistening Deluge_SB": 1123, "Anoint with Affliction": 75, "Archfiend of the Dross": 97, "Blooming Marsh": 253, "Caustic Bronco": 405, "Cut Down": 573, "Demolition Field": 633, "Duress": 737, "Glissa Sunslayer": 1121, "Liliana of the Veil": 1594, "Llanowar Wastes": 1613, "Mosswood Dreadknight": 1793, "Restless Cottage": 2188, "Sentinel of the Nameless City": 2369, "Sheoldred, the Apocalypse": 2392, "Tear Asunder": 2680, "Tranquil Frillback": 2871, "Underground Mortuary": 2932, "Unholy Annex && Ritual Chamber": 2940, "Choking Miasma_SB": 449, "Cruelclaw's Heist_SB": 550, "Disfigure_SB": 667, "Gix's Command_SB": 1102, "Harvester of Misery_SB": 1227, "Liliana of the Veil_SB": 1595, "Nissa, Ascended Animist_SB": 1840, "Tear Asunder_SB": 2681, "Audacity": 138, "Giant Growth": 1087, "Shock": 2401, "Scorching Shot_SB": 2322, "Sunspine Lynx_SB": 2624, "Tectonic Hazard_SB": 2683, "Abhorrent Oculus": 1, "Chart a Course": 441, "Floodfarm Verge": 980, "Haughty Djinn": 1229, "Helping Hand": 1266, "Moment of Truth": 1773, "Phantom Interference": 1976, "Picklock Prankster": 1997, "Recommission": 2144, "Soul Partition": 2484, "Kutzil's Flanker_SB": 1536, "Monastery Mentor_SB": 1777, "Darkslick Shores": 582, "Deep-Cavern Bat": 614, "Enduring Curiosity": 795, "Faerie Mastermind": 880, "Gloomlake Verge": 1125, "Kaito, Bane of Nightmares": 1456, "Long River's Pull": 1620, "Restless Reef": 2192, "Tishana's Tidebinder": 2838, "Undercity Sewers": 2931, "Underground River": 2933, "Malicious Eclipse_SB": 1678, "Sheoldred, the Apocalypse_SB": 2393, "Vren, the Relentless_SB": 3095, "Doorkeeper Thrull_SB": 693, "Charming Scoundrel": 439, "Lightning Strike": 1590, "Scorching Shot": 2321, "Fugitive Codebreaker_SB": 1027, "Squee, Dubious Monarch_SB": 2546, "Sanguine Evangelist": 2287, "Warleader's Call": 3110, "Yotian Frontliner": 3179, "Witchstalker Frenzy_SB": 3155, "Unholy Annex && Ritual Chamber_SB": 2941, "Doppelgang": 694, "Elegant Parlor": 769, "Overlord of the Boilerbilges": 1924, "Pawpatch Formation": 1958, "Spelunking": 2517, "Exorcise_SB": 846, "Virtue of Persistence": 3058, "Ghost Vacuum": 1079, "Hunter's Talent": 1332, "Unstoppable Slasher": 2960, "Aclazotz, Deepest Betrayal_SB": 12, "Caustic Bronco_SB": 406, "Bloodletter of Aclazotz": 243, "Caves of Koilos": 413, "Concealed Courtyard": 503, "Legions to Ashes": 1563, "Restless Fortress": 2190, "Legions to Ashes_SB": 1564, "Split Up": 2534, "Lightning Helix_SB": 1589, "Draconic Destiny": 702, "Goddric, Cloaked Reveler": 1142, "Manifold Mouse": 1681, "Obliterating Bolt": 1868, "Squee, Dubious Monarch": 2545, "Witchstalker Frenzy": 3154, "Negate": 1821, "Parting Gust_SB": 1955, "Imodane's Recruiter_SB": 1347, "Essence Scatter": 828, "Gix, Yawgmoth Praetor": 1103, "Preacher of the Schism": 2034, "Bitter Triumph_SB": 214, "Disdainful Stroke_SB": 663, "Enduring Curiosity_SB": 796, "Ertai Resurrected_SB": 821, "Unable to Scream_SB": 2923, "Blazemire Verge": 226, "Mishra's Foundry": 1753, "Molten Collapse": 1766, "Restless Vents": 2198, "Sheoldred's Edict": 2390, "Misery's Shadow_SB": 1750, "Entity Tracker": 812, "Ethereal Armor": 836, "Fae Flight": 873, "Gremlin Tamer": 1176, "Inquisitive Glimmer": 1368, "Optimistic Scavenger": 1895, "Proft's Eidetic Memory": 2045, "Restless Anchorage": 2184, "Shardmage's Rescue": 2382, "Silent Hallcreeper": 2418, "No More Lies_SB": 1844, "Restless Anchorage_SB": 2185, "Arabella, Abandoned Doll": 80, "Herd Migration": 1274, "Torpor Orb_SB": 2863, "Withering Torment_SB": 3157, "Demonic Ruckus": 641, "Feather of Flight": 921, "Thran Portal": 2798, "Into the Flood Maw_SB": 1387, "Kitnap_SB": 1504, "Case of the Crimson Pulse_SB": 388, "Cheeky House-Mouse": 443, "Flowerfoot Swordmaster": 987, "Loran's Escape": 1629, "Mabel, Heir to Cragflame": 1654, "Rabid Gnaw": 2078, "Nettle Guard_SB": 1826, "Seedglaive Mentor_SB": 2359, "Hugs, Grisly Guardian": 1328, "Kogla and Yidaro": 1516, "Lukka, Bound to Ruin": 1638, "Migloz, Maze Crusher": 1729, "Ojer Kaslem, Deepest Growth": 1880, "Seized from Slumber": 2364, "Quintorius Kand_SB": 2076, "Stormkeld Vanguard_SB": 2593, "Exorcise": 845, "Serra Paragon_SB": 2373, "Questing Druid": 2071, "Ephara's Dispersal_SB": 815, "Cruelclaw's Heist": 549, "Nowhere to Run": 1857, "Overlord of the Balemurk": 1922, "Go for the Throat_SB": 1132, "Builder's Talent": 337, "Breach the Multiverse_SB": 305, "Soul Search_SB": 2487, "Assassin's Trophy": 127, "Freestrider Lookout": 1013, "Walk-In Closet && Forgotten Cellar": 3099, "Assassin's Trophy_SB": 128, "Gix's Command": 1101, "Long Goodbye": 1617, "Render Inert_SB": 2168, "Coiling Rebirth": 480, "Raucous Theater": 2119, "The Infamous Cruelclaw": 2736, "Trumpeting Carnosaur": 2890, "Osseous Sticktwister_SB": 1904, "Untimely Malfunction_SB": 2965, "Deadly Cover-Up": 600, "Deduce": 612, "Doomsday Excruciator": 691, "Feed the Cycle": 925, "Quick Study": 2074, "Chrome Host Seedshark_SB": 451, "Horned Loch-Whale": 1319, "No More Lies": 1843, "Spellgyre": 2515, "Unable to Scream": 2922, "Horned Loch-Whale_SB": 1320, "No Witnesses_SB": 1848, "Ancient Cornucopia": 59, "Cursed Recording": 569, "Fires of Victory": 965, "Heaped Harvest": 1246, "Ill-Timed Explosion": 1343, "Piggy Bank": 1999, "Pyroclasm": 2063, "Roxanne, Starfall Savant": 2249, "Scorching Dragonfire_SB": 2320, "Faerie Mastermind_SB": 881, "Shore Up": 2405, "Requisition Raid_SB": 2177, "Beseech the Mirror": 197, "Rankle's Prank": 2110, "Rush of Dread": 2266, "Shoot the Sheriff": 2403, "Fountainport_SB": 1012, "Sunken Citadel_SB": 2619, "Dreams of Steel and Oil": 723, "Scrapshooter_SB": 2326, "Disfigure": 666, "Ertai Resurrected": 820, "Farsight Ritual_SB": 895, "Archangel of Wrath": 93, "Invasion of Tolvada": 1411, "Long Goodbye_SB": 1618, "Destroy Evil": 650, "Ossification": 1905, "Season of the Burrow": 2351, "Serra Paragon": 2372, "Season of the Burrow_SB": 2352, "Skrelv's Hive_SB": 2438, "Split Up_SB": 2535, "Archangel of Wrath_SB": 94, "Lightning Helix": 1588, "Archdruid's Charm": 95, "Enduring Courage": 793, "Zur, Eternal Schemer": 3198, "Elesh Norn, Mother of Machines_SB": 775, "Invasion of Tolvada_SB": 1412, "Calamity, Galloping Inferno": 360, "Glimpse the Core": 1120, "Outcaster Trailblazer": 1912, "Scorching Dragonfire": 2319, "Smuggler's Surprise": 2470, "Harvester of Misery": 1226, "Pillage the Bog": 2004, "Bladecoil Serpent_SB": 219, "The Cruelty of Gix_SB": 2719, "Blazing Crescendo": 227, "Betrayer's Bargain_SB": 201, "Insatiable Avarice": 1370, "Phyrexian Arena": 1982, "Teferi, Temporal Pilgrim": 2685, "Sheoldred's Edict_SB": 2391, "Malicious Eclipse": 1677, "Change the Equation_SB": 435, "Aclazotz, Deepest Betrayal": 11, "Outrageous Robbery_SB": 1917, "Elesh Norn, Mother of Machines": 774, "Toby, Beastie Befriender": 2847, "Virtue of Loyalty": 3056, "Not on My Watch_SB": 1855, "The Stone Brain_SB": 2765, "Chimil, the Inner Sun": 445, "The Eternal Wanderer": 2726, "Urza's Sylex": 2986, "White Sun's Twilight": 3131, "Overlord of the Floodpits": 1926, "Stoic Sphinx_SB": 2583, "Honest Rutstein": 1313, "Marchesa, Dealer of Death": 1688, "Plaza of Heroes": 2015, "Relic of Legends": 2163, "Rona, Herald of Invasion": 2244, "Tinybones Joins Up": 2832, "Hostile Investigator_SB": 1324, "Kaervek, the Punisher_SB": 1455, "Virtue of Persistence_SB": 3059, "Curate": 566, "Steamcore Scholar": 2565, "Proft's Eidetic Memory_SB": 2046, "Bitter Reunion": 211, "Screaming Nemesis_SB": 2332, "Amalia Benavides Aguirre": 48, "Case of the Uneaten Feast": 397, "Darkstar Augur": 583, "Essence Channeler": 826, "Lunar Convocation": 1645, "Ruin-Lurker Bat": 2256, "Starscape Cleric": 2557, "Zoraline, Cosmos Caller": 3194, "Nowhere to Run_SB": 1858, "Pest Control_SB": 1973, "Starscape Cleric_SB": 2558, "Confounding Riddle": 507, "Impulse": 1353, "Sunfall_SB": 2616, "Snakeskin Veil_SB": 2473, "Mockingbird": 1761, "Collector's Vault": 488, "The Enigma Jewel": 2725, "The Swarmweaver": 2767, "Idyllic Beachfront": 1342, "Invasion of Gobakhan_SB": 1400, "Plumecreed Escort": 2016, "Come Back Wrong_SB": 499, "The End_SB": 2724, "Unholy Annex // Ritual Chamber": 2942, "Intrude on the Mind": 1392, "Withering Torment": 3156, "Insatiable Avarice_SB": 1371, "Phyrexian Fleshgorger_SB": 1988, "Season of Loss_SB": 2348, "Sheoldred": 2389, "Deadly Cover-Up_SB": 601, "Leyline of the Void_SB": 1580, "Season of Gathering_SB": 2346, "Unholy Annex // Ritual Chamber_SB": 2943, "Abandoned Campground": 0, "Artist's Talent": 116, "Brass's Tunnel-Grinder": 298, "Capricious Hellraiser": 374, "Chandra, Hope's Beacon": 428, "Roaring Furnace // Steaming Sauna": 2231, "Season of Weaving": 2349, "Thundering Falls": 2822, "Ral, Crackling Wit_SB": 2103, "Virtue of Knowledge_SB": 3055, "Regal Bunnicorn": 2155, "Steel Seraph": 2569, "Subterranean Schooner": 2604, "Unidentified Hovership": 2944, "Zoetic Glyph": 3190, "Nissa, Ascended Animist": 1839, "Ruthless Negotiation_SB": 2272, "Flowstone Infusion": 988, "Sunfire Torch": 2617, "Binding Negotiation_SB": 206, "Furnace Reins_SB": 1037, "Song of Totentanz_SB": 2481, "Legion Extruder": 1560, "Nurturing Pixie": 1860, "Painter's Studio // Defaced Gallery": 1947, "Restless Bivouac": 2186, "Ego Drain": 761, "Faerie Dreamthief": 877, "Faerie Fencing": 878, "Invasion of Amonkhet": 1393, "Obyra, Dreaming Duelist": 1874, "Season of Loss": 2347, "Sleep-Cursed Faerie": 2458, "Spell Stutter": 2512, "Invasion of Amonkhet_SB": 1394, "Spell Stutter_SB": 2513, "Talion's Messenger_SB": 2671, "Broodspinner": 329, "Coati Scavenger": 478, "Drag to the Roots": 706, "Vraska, Betrayal's Sting": 3091, "Baird, Argivian Recruiter": 160, "Dollmaker's Shop // Porcelain Gallery": 688, "Archangel Elspeth_SB": 90, "Lay Down Arms_SB": 1553, "Campus Renovation": 366, "One with the Multiverse": 1892, "Portal to Phyrexia": 2028, "Restless Spire": 2196, "Blast Zone": 224, "Felonious Rage": 941, "Kaya, Intangible Slayer": 1474, "The End": 2723, "Cease // Desist_SB": 415, "Rankle's Prank_SB": 2111, "Mirror Room // Fractured Realm": 1745, "Scrollshift": 2333, "Trapped in the Screen": 2875, "Get Out_SB": 1067, "Gisa, the Hellraiser": 1096, "Leyline of Hope": 1572, "Scoured Barrens": 2324, "Skrelv, Defector Mite": 2439, "Shoot the Sheriff_SB": 2404, "Shrouded Shepherd_SB": 2412, "Blossoming Tortoise": 255, "Goldvein Hydra": 1145, "Blot Out_SB": 257, "Haywire Mite_SB": 1238, "Knight of Dusk's Shadow_SB": 1510, "Lord Skitter, Sewer King_SB": 1632, "Getaway Glamer": 1068, "Arcane Proxy": 86, "Bilious Skulldweller": 204, "Bring the Ending": 318, "Drown in Ichor": 729, "Experimental Augury": 850, "Infectious Inquiry": 1359, "Prologue to Phyresis": 2049, "Reject Imperfection": 2161, "Venser, Corpse Puppet": 3032, "Vraska's Fall": 3089, "Drown in Ichor_SB": 730, "Reject Imperfection_SB": 2162, "Serum Snare_SB": 2375, "Venser, Corpse Puppet_SB": 3033, "Vraska, Betrayal's Sting_SB": 3092, "Whisper of the Dross_SB": 3130, "Break the Spell_SB": 309, "Astor, Bearer of Blades": 131, "Blacksmith's Talent": 217, "Bladehold War-Whip": 220, "Chainsaw": 424, "Dissection Tools": 672, "Nettle Guard": 1825, "Rebel Salvo": 2136, "Fallaji Archaeologist": 887, "Founding the Third Path": 1007, "Lumra, Bellow of the Woods": 1644, "Restless Vinestalk": 2200, "Squirming Emergence": 2547, "Terror Tide": 2706, "The Cruelty of Gix": 2718, "Wail of the Forgotten": 3096, "Assimilation Aegis": 129, "Chrome Prowler": 452, "Combat Thresher": 497, "Cryptic Coat": 556, "Hidden Cataract": 1284, "Hidden Courtyard": 1285, "Liberator, Urza's Battlethopter": 1581, "Out Cold": 1909, "Simulacrum Synthesizer": 2427, "High Noon_SB": 1296, "Lost in the Maze_SB": 1636, "Spark Rupture_SB": 2502, "Case of the Crimson Pulse": 387, "Koth, Fire of Resistance": 1524, "Braids, Arisen Nightmare": 292, "Disturbing Mirth": 679, "Final Vengeance": 960, "Greedy Freebooter": 1171, "Hopeless Nightmare": 1317, "Rottenmouth Viper": 2247, "Scavenger's Talent": 2315, "Spiteful Hexmage": 2530, "Elusive Otter": 781, "Kitsa, Otterball Elite": 1505, "Meeting of Minds": 1709, "Pearl of Wisdom": 1962, "Ral, Crackling Wit": 2102, "Stoke the Flames": 2584, "Stormcatch Mentor": 2590, "Valley Floodcaller": 3000, "Calix, Guided by Fate": 361, "Razorverge Thicket": 2128, "Royal Treatment": 2251, "Valgavoth's Lair": 2992, "Ossification_SB": 1906, "Altanak, the Thrice-Called": 47, "Balustrade Wurm": 166, "Patchwork Beastie": 1957, "Say Its Name": 2302, "The Skullspore Nexus": 2759, "Wrenn and Realmbreaker": 3166, "Questing Druid_SB": 2072, "Overlord of the Mistmoors_SB": 1931, "Glass Casket": 1110, "Protect the Negotiators": 2053, "Repel Calamity": 2171, "Splitskin Doll": 2536, "Stoic Sphinx": 2582, "Emberheart Challenger_SB": 789, "Witch's Mark_SB": 3152, "Phyrexian Fleshgorger": 1987, "Walk-In Closet && Forgotten Cellar_SB": 3100, "Dreams of Steel and Oil_SB": 724, "Restless Prairie": 2191, "Demonic Counsel": 635, "Floodpits Drowner": 981, "Twinferno": 2900, "Two-Headed Hunter": 2908, "Vengeful Possession_SB": 3029, "Enduring Vitality": 801, "Song of Totentanz": 2480, "Tarnation Vista": 2676, "Thundertrap Trainer": 2826, "Blue Sun's Twilight_SB": 258, "Dissection Tools_SB": 673, "Up the Beanstalk_SB": 2970, "Volcanic Spite_SB": 3074, "Sandstorm Verge": 2286, "The Eternal Wanderer_SB": 2727, "Silent Hallcreeper_SB": 2419, "Urgent Necropsy_SB": 2981, "Outrageous Robbery": 1916, "Pillage the Bog_SB": 2005, "Pest Control": 1972, "Caretaker's Talent_SB": 381, "Enduring Innocence_SB": 798, "Overprotect": 1932, "Manifold Mouse_SB": 1682, "Cankerbloom": 371, "Cenote Scout": 418, "Keen-Eyed Curator": 1480, "Violent Urge": 3049, "The Swarmweaver_SB": 2768, "Shore Up_SB": 2406, "Doppelgang_SB": 695, "Argentum Masticore_SB": 106, "Abhorrent Oculus_SB": 2, "Fugitive Codebreaker": 1026, "Not on My Watch": 1854, "Archdruid's Charm_SB": 96, "Ghostly Dancers_SB": 1082, "Thrun, Breaker of Silence_SB": 2820, "Virtue of Knowledge": 3054, "The Wandering Rescuer": 2771, "Micromancer": 1723, "Rona's Vortex": 2242, "Brotherhood's End": 331, "Volcanic Spite": 3073, "Valgavoth, Terror Eater": 2995, "Case of the Filched Falcon": 389, "Invasion of Ixalan": 1401, "Bristlebud Farmer_SB": 322, "Ill-Timed Explosion_SB": 1344, "Rockface Village_SB": 2235, "Azure Beastbinder": 155, "Drannith Ruins": 717, "Kaito, Bane of Nightmares_SB": 1457, "Clement, the Worrywort": 471, "Dour Port-Mage": 698, "Dreamdew Entrancer": 721, "Lilypad Village": 1598, "Long River Lurker": 1619, "Mistbreath Elder": 1755, "Oakhollow Village": 1864, "Pond Prophet": 2025, "Splash Portal": 2532, "Sunshower Druid": 2621, "Three Tree Scribe": 2811, "Valley Mightcaller": 3002, "Deep-Cavern Bat_SB": 615, "Escape Tunnel": 824, "Ephara's Dispersal": 814, "Kaito, Dancing Shadow_SB": 1461, "Thought-Stalker Warlock_SB": 2792, "Bandit's Talent": 169, "Coppercoat Vanguard": 518, "Fortified Beachhead": 1005, "Harbin, Vanguard Aviator": 1213, "Recruitment Officer": 2146, "Valiant Veteran": 2997, "Valley Questcaller": 3003, "Dusk Rose Reliquary": 740, "Kellan, Daring Traveler": 1486, "Syr Ginger, the Meal Ender": 2659, "Teething Wurmlet": 2684, "Tough Cookie": 2864, "Anointed Peacekeeper_SB": 78, "Aven Interrupter_SB": 148, "Tail Swipe_SB": 2663, "Misery's Shadow": 1749, "Overlord of the Balemurk_SB": 1923, "Pick Your Poison": 1995, "Sharp-Eyed Rookie": 2384, "Metropolis Reformer_SB": 1722, "Etali's Favor": 830, "Disenchant_SB": 665, "Burrowguard Mentor": 348, "Finneas, Ace Archer": 962, "Hop to It": 1314, "Seasoned Warrenguard": 2354, "Dewdrop Cure_SB": 658, "Sunder the Gateway_SB": 2614, "Treeguard Duo_SB": 2882, "Agatha's Soul Cauldron": 28, "Blood Hustler": 236, "Fauna Shaman": 898, "Haywire Mite": 1237, "Kami of Whispered Hopes": 1465, "Likeness Looter": 1593, "Lively Dirge": 1605, "Nashi, Moon's Legacy": 1816, "Tyvar, Jubilant Brawler": 2918, "Annex Sentry": 69, "Crawling Chorus": 545, "Jawbone Duelist": 1435, "Skrelv's Hive": 2437, "Slaughter Singer": 2457, "The Seedcore": 2758, "Venerated Rotpriest": 3025, "Ajani, Sleeper Agent_SB": 38, "Surge of Salvation_SB": 2630, "Aftermath Analyst": 25, "Bristly Bill, Spine Sower": 324, "Case of the Locked Hothouse": 392, "Evolving Wilds": 842, "Festering Gulch": 945, "Nissa, Resurgent Animist": 1841, "Not Dead After All": 1852, "Urborg Repossession": 2975, "Fake Your Own Death_SB": 886, "Forest_SB": 1000, "Heaped Harvest_SB": 1247, "Swamp_SB": 2642, "Demand Answers": 632, "Dreadmaw's Ire_SB": 719, "Roaring Furnace && Steaming Sauna": 2229, "High Noon": 1295, "Magebane Lizard_SB": 1662, "Breeches, Eager Pillager": 310, "Captain Storm, Cosmium Raider": 377, "Goblin Tomb Raider": 1141, "Kitesail Larcenist": 1502, "Malcolm, Alluring Scoundrel": 1674, "Malcolm, the Eyes": 1676, "Reckless Lackey": 2139, "Roaming Throne": 2227, "Staunch Crewmate": 2563, "Roaming Throne_SB": 2228, "Rite of the Moth": 2219, "Valgavoth's Faithful": 2991, "Don't Make a Sound": 690, "Return the Favor": 2205, "Chainsaw_SB": 425, "Might of the Meek_SB": 1728, "Rabid Gnaw_SB": 2079, "Turn Inside Out_SB": 2898, "Phantom Interference_SB": 1977, "Hostile Investigator": 1323, "Scrapshooter": 2325, "Tyrranax Rex_SB": 2914, "Take Up the Shield": 2666, "Shock_SB": 2402, "Nashi, Searcher in the Dark": 1817, "Tinybones, the Pickpocket": 2835, "Jirina, Dauntless General_SB": 1443, "Rubblebelt Maverick": 2253, "Slime Against Humanity": 2466, "Balustrade Wurm_SB": 167, "Glissa Sunslayer_SB": 1122, "Scales of Shale_SB": 2309, "Explosive Derailment": 854, "Fell": 938, "Great Train Heist": 1167, "Kaervek, the Punisher": 1454, "Lazav, Familiar Stranger": 1554, "Magda, the Hoardmaster": 1660, "Vadmir, New Blood": 2989, "Vial Smasher, Gleeful Grenadier": 3041, "Niv-Mizzet, Supreme": 1842, "Blanchwood Prowler": 221, "Chupacabra Echo": 453, "Cruel Somnophage": 548, "Gnawing Vermin": 1129, "Hollow Scavenger": 1310, "Huskburster Swarm": 1336, "Urborg Lhurgoyf": 2974, "Writhing Necromass": 3171, "Hedge Shredder": 1258, "Terramorphic Expanse": 2704, "Grievous Wound_SB": 1180, "Terror Tide_SB": 2707, "Cathartic Parting_SB": 402, "Impulse_SB": 1354, "Lich-Knights' Conquest_SB": 1583, "Overlord of the Hauntwoods_SB": 1929, "No Witnesses": 1847, "Virtue of Loyalty_SB": 3057, "Surge of Salvation": 2629, "Bovine Intervention_SB": 289, "Scatter Ray": 2311, "Voldaren Thrillseeker": 3076, "Agatha's Soul Cauldron_SB": 29, "Blot Out": 256, "Ashiok, Wicked Manipulator_SB": 121, "Ghired, Mirror of the Wilds": 1075, "The Jolly Balloon Man": 2739, "Case of the Stashed Skeleton": 395, "Corpses of the Lost": 524, "Cult Conscript": 562, "Patchwork Banner": 1956, "Undead Sprinter": 2928, "Fear of Impostors": 907, "Ghostly Dancers": 1081, "Braided Net": 290, "Clay-Fired Bricks": 469, "Farsight Ritual": 894, "Ezrim, Agency Chief_SB": 867, "Kaya, Spirits' Justice": 1476, "Keen-Eyed Curator_SB": 1481, "Monstrous Emergence_SB": 1782, "Valley Flamecaller": 2999, "Roaring Furnace && Steaming Sauna_SB": 2230, "Sunspine Lynx": 2623, "Koth, Fire of Resistance_SB": 1525, "Aven Interrupter": 147, "Breach the Multiverse": 304, "Hidetsugu and Kairi": 1292, "Push // Pull": 2061, "Under the Skin": 2930, "Elusive Otter_SB": 782, "Innkeeper's Talent_SB": 1366, "Unyielding Gatekeeper": 2968, "Etali, Primal Conqueror_SB": 832, "Lightning Strike_SB": 1591, "Dollmaker's Shop && Porcelain Gallery": 687, "Restricted Office && Lecture Hall_SB": 2201, "Razorkin Needlehead_SB": 2124, "Season of Weaving_SB": 2350, "Cunning Coyote": 564, "Osteomancer Adept": 1907, "Tail Swipe": 2662, "Preacher of the Schism_SB": 2035, "Thraxodemon": 2802, "Fear of Lost Teeth": 913, "Invasion of Azgol": 1396, "The Witch's Vanity_SB": 2774, "Tinybones, the Pickpocket_SB": 2836, "Vaultborn Tyrant": 3020, "Decadent Dragon": 610, "Rakdos, Patron of Chaos": 2097, "Gingerbrute": 1095, "Marvin, Murderous Mimic": 1694, "Monstrous Emergence": 1781, "Surge Engine": 2627, "Kitesail Larcenist_SB": 1503, "Repulsive Mutation_SB": 2174, "Change the Equation": 434, "Valley Rotcaller": 3004, "Pitiless Carnage": 2007, "Sawblade Skinripper": 2300, "The Witch's Vanity": 2773, "The Infamous Cruelclaw_SB": 2737, "Lupinflower Village": 1648, "Pollen-Shield Hare": 2020, "Three Tree City": 2809, "Glass Casket_SB": 1111, "Ashiok, Wicked Manipulator": 120, "Final Showdown": 958, "Kutzil's Flanker": 1535, "Ingenious Prodigy": 1364, "Kaito, Dancing Shadow": 1460, "Darkstar Augur_SB": 584, "Plumecreed Escort_SB": 2017, "Tyvar's Stand_SB": 2917, "Captivating Cave": 378, "Teferi, Temporal Pilgrim_SB": 2686, "Aloe Alchemist": 46, "Yavimaya Iconoclast": 3175, "Embereth Veteran": 787, "Hearth Elemental": 1253, "Lavaspur Boots": 1550, "Mirran Banesplitter": 1741, "Phoenix Chick": 1980, "Hearth Elemental_SB": 1254, "Zoraline, Cosmos Caller_SB": 3195, "Neutralize the Guards_SB": 1828, "Shardmage's Rescue_SB": 2383, "Bloodletter of Aclazotz_SB": 244, "Sword of Once and Future_SB": 2652, "Gremlin Tamer_SB": 1177, "Spellbook Vendor": 2514, "Stenn, Paranoid Partisan": 2571, "Get Out": 1066, "Monastery Mentor": 1776, "Mountain_SB": 1796, "Betrayer's Bargain": 200, "Corrupted Conviction": 527, "Braids, Arisen Nightmare_SB": 293, "Torch the Witness_SB": 2861, "Pugnacious Hammerskull_SB": 2059, "Wrenn's Resolve_SB": 3170, "Fear of Isolation": 911, "Glarb, Calamity's Augur": 1108, "Cavern of Souls_SB": 411, "Glarb, Calamity's Augur_SB": 1109, "Market Gnome": 1689, "Lord Skitter, Sewer King": 1631, "Warden of the Inner Sky_SB": 3106, "Kambal, Profiteering Mayor_SB": 1464, "Painter's Studio && Defaced Gallery_SB": 1946, "Wear Down_SB": 3121, "Planar Disruption_SB": 2013, "Scrollshift_SB": 2334, "Overprotect_SB": 1933, "Portent of Calamity": 2029, "The Irencrag": 2738, "Twitching Doll": 2907, "Floodpits Drowner_SB": 982, "Geological Appraiser": 1061, "Kogla and Yidaro_SB": 1517, "Lukka, Bound to Ruin_SB": 1639, "Roxanne, Starfall Savant_SB": 2250, "Sorcerous Spyglass_SB": 2483, "Overlord of the Boilerbilges_SB": 1925, "Black Sun's Twilight": 215, "Corrupt": 526, "Haunted Mire": 1233, "Iridescent Vinelasher_SB": 1419, "Archfiend of the Dross_SB": 98, "Errant and Giada": 818, "Werefox Bodyguard_SB": 3127, "Lost in the Maze": 1635, "Great Train Heist_SB": 1168, "Bristling Backwoods": 323, "Rugged Highlands": 2255, "Razortrap Gorge": 2127, "Fortune, Loyal Steed": 1006, "Frontier Seeker": 1021, "Herbology Instructor_SB": 1272, "Valley Floodcaller_SB": 3001, "Phyrexian Arena_SB": 1983, "Jaya, Fiery Negotiator_SB": 1437, "Conduit Pylons": 504, "Hidden Grotto": 1286, "Heroic Reinforcements": 1280, "No One Left Behind": 1845, "Unstoppable Slasher_SB": 2961, "Maelstrom Pulse": 1658, "Scavenging Ooze": 2316, "Vivien Reid": 3064, "Liliana, Dreadhorde General_SB": 1597, "Maelstrom Pulse_SB": 1659, "Restless Ridgeline_SB": 2195, "Phyrexian Obliterator": 1991, "Back for Seconds_SB": 158, "Case of the Stashed Skeleton_SB": 396, "Homicide Investigator_SB": 1312, "Dreadmaw's Ire": 718, "Burst Lightning": 349, "Gix, Yawgmoth Praetor_SB": 1104, "Boros Charm": 275, "Raucous Carnival": 2117, "Llanowar Elves": 1608, "Spinewoods Armadillo": 2524, "Abyssal Harvester": 9, "Soulstone Sanctuary": 2497, "Scavenging Ooze_SB": 2317, "Vivien Reid_SB": 3065, "Basilisk Collar_SB": 184, "Day of Judgment": 590, "Authority of the Consuls_SB": 145, "Devout Decree_SB": 656, "Flashfreeze_SB": 973, "Evangel of Synthesis": 839, "Zombify": 3192, "Desecration Demon_SB": 645, "Wail of the Forgotten_SB": 3097, "Sun-Blessed Healer": 2609, "Temple of Triumph": 2698, "Campus Renovation_SB": 367, "Boltwave": 261, "Splitskin Doll_SB": 2537, "Virtue of Courage": 3052, "Heartflame Duelist_SB": 1252, "Slagstorm_SB": 2456, "Mazemind Tome": 1703, "Crystal Barricade_SB": 560, "Bloodthirsty Conqueror_SB": 248, "Kellan, Planar Trailblazer": 1489, "Opt": 1893, "Kaito, Cunning Infiltrator_SB": 1459, "Feed the Swarm_SB": 929, "Spinner of Souls": 2526, "Enduring Tenacity": 799, "Not Dead After All_SB": 1853, "Pitiless Carnage_SB": 2008, "Kiora, the Rising Tide": 1499, "Ghitu Lavarunner": 1077, "Thrill of Possibility": 2814, "Artist's Talent_SB": 117, "Blooming Blast_SB": 252, "Djeru and Hazoret": 686, "Elenda, Saint of Dusk": 771, "Garna, Bloodfist of Keld": 1046, "Hajar, Loyal Bodyguard": 1200, "Jodah, the Unifier": 1444, "Kellan, the Kid": 1492, "Secluded Courtyard": 2356, "Sigarda, Font of Blessings": 2416, "Faebloom Trick": 875, "Arid Archway": 108, "Felidar Retreat": 935, "Herald of Eternal Dawn": 1267, "Loot, Exuberant Explorer": 1623, "Mossborn Hydra": 1791, "Demolition Field_SB": 634, "Authority of the Consuls": 144, "Exemplar of Light": 843, "Fiendish Panda": 950, "Hinterland Sanctifier": 1301, "Elenda, Saint of Dusk_SB": 772, "Spectral Sailor": 2508, "Unsummon": 2962, "Azure Beastbinder_SB": 156, "Giant Cindermaw_SB": 1086, "Tithing Blade": 2844, "Fade from History_SB": 872, "Bloodthirsty Conqueror": 247, "Heartflame Duelist": 1251, "Viashino Pyromancer": 3042, "Abraded Bluffs": 5, "Ball Lightning": 163, "Bloodfeather Phoenix": 239, "Grab the Prize": 1154, "Lyra Dawnbringer_SB": 1652, "Virtue of Courage_SB": 3053, "Combat Research": 496, "Brineborn Cutthroat_SB": 317, "Ertai's Scorn_SB": 823, "Flow of Knowledge_SB": 986, "Haughty Djinn_SB": 1230, "Urza's Rebuff_SB": 2984, "Abyssal Harvester_SB": 10, "Painter's Studio // Defaced Gallery_SB": 1948, "Hero's Downfall": 1277, "Liliana, Dreadhorde General": 1596, "Temple of Malady": 2693, "Temple of Plenty": 2696, "Temple of Silence": 2697, "Mortify_SB": 1790, "White Sun's Twilight_SB": 3132, "Kaito, Cunning Infiltrator": 1458, "Sphinx of Forgotten Lore": 2518, "Aetherize_SB": 23, "Feldon's Cane_SB": 931, "Demonic Pact": 639, "Harmless Offering": 1222, "Cathar Commando": 400, "Knight of Grace": 1511, "Ajani, Caller of the Pride_SB": 35, "Ethereal Armor_SB": 837, "Reclamation Sage_SB": 2143, "Dead Weight": 595, "Gixian Puppeteer": 1106, "Revenge of the Rats": 2206, "Terror Ballista": 2705, "The Ancient One": 2716, "Razorlash Transmogrant_SB": 2126, "An Offer You Can't Refuse_SB": 54, "Trapped in the Screen_SB": 2876, "Llanowar Greenwidow": 1610, "Dragonhawk, Fate's Tempest": 709, "Zurgo and Ojutai": 3199, "Final Showdown_SB": 959, "Subterranean Schooner_SB": 2605, "Virtue of Strength": 3060, "War Squeak": 3103, "Worldsoul's Rage": 3162, "Hero's Downfall_SB": 1278, "Boros Charm_SB": 276, "Day of Judgment_SB": 591, "Ashroot Animist": 124, "Green Sun's Twilight": 1172, "Polukranos Reborn": 2023, "Ruby, Daring Tracker": 2254, "Terror of the Peaks": 2708, "Hard-Hitting Question_SB": 1219, "Muerra, Trash Tactician_SB": 1801, "Soulless Jailer_SB": 2494, "Refute": 2153, "Unwanted Remake": 2966, "Curator of Destinies_SB": 567, "Aspirant's Ascent": 125, "Bloated Contaminator": 233, "Distorted Curiosity": 674, "Enter the Enigma": 810, "Fleeting Reflection": 976, "High Stride": 1297, "Infectious Bite": 1358, "Ivy, Gleeful Spellthief": 1425, "Aspirant's Ascent_SB": 126, "Bring the Ending_SB": 319, "Distorted Curiosity_SB": 675, "Enter the Enigma_SB": 811, "Fleeting Reflection_SB": 977, "High Stride_SB": 1298, "Prologue to Phyresis_SB": 2050, "This Town Ain't Big Enough_SB": 2782, "Anim Pakal, Thousandth Moon": 66, "Jirina, Dauntless General": 1442, "Deathmark_SB": 607, "Joust Through_SB": 1450, "Knight of Grace_SB": 1512, "Raise the Past_SB": 2093, "Insidious Roots": 1374, "Skyfisher Spider": 2448, "Arcanis the Omnipotent_SB": 88, "Feed the Cycle_SB": 926, "Insidious Fungus_SB": 1373, "Stab_SB": 2549, "Blooming Blast": 251, "Coruscation Mage": 530, "Firebrand Archer": 963, "Dazzling Denial": 593, "Empyrean Eagle": 790, "Healer's Hawk": 1245, "Greed's Gambit": 1169, "Molten Collapse_SB": 1767, "Sire of Seven Deaths_SB": 2430, "Temple of Deceit": 2690, "Requisition Raid": 2176, "Sentinel of the Nameless City_SB": 2370, "Doubling Season": 696, "Cathar Commando_SB": 401, "Elegant Parlor_SB": 770, "Thrun, Breaker of Silence": 2819, "Pawpatch Recruit_SB": 1961, "Abrade": 3, "Buried in the Garden": 342, "Clifftop Lookout": 472, "Fecund Greenshell": 923, "Genesis Wave": 1060, "Invasion of Zendikar": 1413, "Tender Wildguide": 2701, "Roaring Furnace // Steaming Sauna_SB": 2232, "Sheoldred_SB": 2394, "Chimil, the Inner Sun_SB": 446, "Pilfer_SB": 2003, "Urborg Scavengers_SB": 2978, "Annex Sentry_SB": 70, "Ferocification_SB": 944, "Audacity_SB": 139, "Cease // Desist": 414, "Stormsplitter": 2594, "Hard-Hitting Question": 1218, "Starfall Invocation": 2555, "Ajani's Pridemate": 33, "Arahbo, the First Fang": 83, "Banishing Light": 171, "Joust Through": 1449, "Prideful Parent": 2037, "Regal Caracal": 2157, "Savannah Lions": 2296, "Skyknight Squire": 2450, "Banishing Light_SB": 172, "Claws Out_SB": 468, "Brineborn Cutthroat": 316, "Desecration Demon": 644, "Overlord of the Floodpits_SB": 1927, "Cynical Loner": 576, "Etali, Primal Conqueror": 831, "Driver of the Dead": 727, "Gatekeeper of Malakir": 1056, "Ichor Drinker": 1339, "Infestation Sage": 1361, "Kalastria Highborn": 1462, "Nullpriest of Oblivion": 1859, "Pulse Tracker": 2060, "Vampire Nighthawk": 3011, "Vengeful Bloodwitch": 3027, "Undergrowth Recon": 2934, "Walk-In Closet // Forgotten Cellar": 3101, "Lost Jitte": 1633, "An Offer You Can't Refuse": 53, "Carnelian Orb of Dragonkind": 382, "Invasion of Tarkir": 1408, "Sarkhan, Soul Aflame": 2293, "Slagstorm": 2455, "Stingerback Terror": 2575, "Twinflame Tyrant": 2902, "Omniscience": 1889, "Drag to the Roots_SB": 707, "Unwanted Remake_SB": 2967, "Invasion of Regatha": 1406, "Primal Might": 2038, "Luminous Rebuke": 1642, "Arcanis the Omnipotent": 87, "Grand Entryway // Elegant Rotunda": 1161, "Moment of Craving_SB": 1771, "Tinybones, Bauble Burglar": 2834, "Sphinx of Forgotten Lore_SB": 2519, "Ashnod's Intervention": 123, "Barbed Batterfist": 176, "Bloodfeather Phoenix_SB": 240, "Koma, World-Eater": 1521, "The Elder Dragon War": 2721, "Valgavoth, Terror Eater_SB": 2996, "Fear of Impostors_SB": 908, "Smash to Dust_SB": 2467, "Surrak, the Hunt Caller": 2640, "Tyvar, the Pummeler": 2919, "Wildborn Preserver_SB": 3135, "Archangel of Tithes": 91, "Boon-Bringer Valkyrie": 272, "Giada, Font of Hope": 1083, "Guardian of Ghirapur": 1191, "Lyra Dawnbringer": 1651, "Resplendent Angel": 2179, "Youthful Valkyrie": 3180, "Witness Protection": 3158, "Calamity's Wake_SB": 359, "Fabrication Foundry": 871, "Fomori Vault": 992, "Fumigate": 1029, "The Mightstone and Weakstone": 2747, "Thran Spider": 2799, "Unstable Glyphbridge": 2957, "Hammerhand": 1210, "Sawblade Scamp": 2299, "Citanul Stalwart": 459, "Dwynen's Elite": 747, "Elvish Archdruid": 783, "Imperious Perfect": 1350, "Leaf-Crowned Visionary": 1556, "Llanowar Loamspeaker": 1611, "Surrak and Goreclaw": 2636, "Tyvar the Bellicose": 2915, "Dwynen, Gilt-Leaf Daen_SB": 749, "Unsummon_SB": 2963, "Deeproot Wayfinder": 618, "Restless Cottage_SB": 2189, "Witness Protection_SB": 3159, "Cityscape Leveler": 460, "Sire of Seven Deaths": 2429, "Searslicer Goblin": 2343, "Stromkirk Noble": 2601, "Reclamation Sage": 2142, "Case of the Locked Hothouse_SB": 393, "Bulk Up": 339, "Chandra, Flameshaper": 426, "Swiftblade Vindicator": 2644, "Commune with Evil": 501, "Leyline Axe": 1569, "Neglected Manor": 1823, "Sporogenic Infection": 2538, "Commune with Evil_SB": 502, "Fear of Missing Out_SB": 915, "Archmage of Runes": 99, "Ertai's Scorn": 822, "Flow of Knowledge": 985, "Metamorphic Blast": 1717, "Unauthorized Exit": 2924, "Harrier Strix_SB": 1225, "Strix Lookout_SB": 2598, "The Tale of Tamiyo_SB": 2770, "Twist Reality_SB": 2904, "Coppercoat Vanguard_SB": 519, "Garna, Bloodfist of Keld_SB": 1047, "Elas il-Kor, Sadistic Pilgrim": 765, "Helpful Hunter": 1265, "Knight of Dawn's Light": 1507, "Raise the Past": 2092, "Enduring Tenacity_SB": 800, "Leyline of Hope_SB": 1573, "Massacre Wurm_SB": 1698, "Burst Lightning_SB": 350, "Banner of Kinship": 173, "Baylen, the Haymaker": 189, "Blossoming Sands": 254, "Dewdrop Cure": 657, "Etched Cornfield": 834, "Hare Apparent": 1221, "Kayla's Reconstruction": 1479, "Wind-Scarred Crag": 3142, "Hinterland Sanctifier_SB": 1302, "Vampire Nighthawk_SB": 3012, "Runic Shot_SB": 2264, "Razorlash Transmogrant": 2125, "Huskburster Swarm_SB": 1337, "Invasion of Tarkir_SB": 1409, "Hearthborn Battler": 1255, "Contaminated Aquifer": 516, "Marauding Brinefang": 1686, "Soul-Guide Lantern": 2489, "Union of the Third Path": 2946, "Vanish into Eternity": 3015, "Deadly Riposte_SB": 603, "Vanish into Eternity_SB": 3016, "Elesh Norn": 773, "Goblin Surprise": 1140, "Irreverent Gremlin": 1421, "Krenko, Mob Boss": 1531, "Norin, Swift Survivalist": 1849, "Vicious Clown": 3044, "Involuntary Employment_SB": 1417, "Agate-Blade Assassin": 27, "Jagged Barrens": 1434, "Outlaws' Fury": 1914, "Ravine Raider": 2121, "Scales of Shale": 2308, "Agate Assault_SB": 26, "Bake into a Pie_SB": 161, "Hazardous Blast_SB": 1239, "Azorius Guildgate": 154, "Beanstalk Wurm": 191, "Boros Guildgate": 277, "Circuitous Route": 458, "Dimir Guildgate": 661, "Eaten Alive": 753, "Expedition Map": 847, "Golgari Guildgate": 1148, "Gruul Guildgate": 1188, "Insidious Fungus": 1372, "Izzet Guildgate": 1429, "Maze's End": 1701, "Muldrotha, the Gravetide": 1802, "Orzhov Guildgate": 1902, "Rakdos Guildgate": 2094, "Selesnya Guildgate": 2366, "Simic Guildgate": 2426, "Tatyova, Benthic Druid": 2678, "Atraxa's Fall_SB": 135, "Brightblade Stoat_SB": 313, "Desperate Bloodseeker_SB": 648, "Savor_SB": 2298, "Thornwood Falls": 2788, "Deadly Brew": 598, "Defiled Crypt // Cadaver Lab": 627, "Jungle Hollow": 1453, "Osseous Sticktwister": 1903, "Strangled Cemetery": 2595, "Candy Trail": 370, "Desperate Bloodseeker": 647, "Marauding Blight-Priest": 1685, "Moment of Craving": 1770, "Murder": 1804, "Savor": 2297, "Servant of the Stinger": 2376, "Sanguine Indulgence_SB": 2289, "Soul-Shackled Zombie_SB": 2492, "Khenra Spellspear": 1496, "Electrostatic Infantry": 768, "Fear of Being Hunted": 903, "Frenzied Goblin_SB": 1016, "The Autonomous Furnace": 2717, "Wrenn's Resolve": 3169, "Guardian of the Great Door": 1193, "Lonely Arroyo": 1616, "Norn's Inquisitor": 1851, "Spring-Loaded Sawblades": 2540, "Midnight Mayhem": 1725, "Ratcatcher Trainee": 2115, "Scytheclaw Raptor_SB": 2337, "Gloomfang Mauler": 1124, "Live or Die": 1604, "Possessed Goat": 2030, "Shroudstomper": 2413, "Tocasia's Dig Site": 2848, "Vile Mutilator": 3046, "Bartolom\u00e9 del Presidio": 180, "Forlorn Flats": 1003, "Midnight Reaper": 1726, "Nezumi Linkbreaker": 1831, "Snarling Gorehound": 2475, "Vampire Gourmand": 3010, "Impact Tremors": 1348, "Kindlespark Duo": 1497, "Ral's Reinforcements": 2101, "Rodeo Pyromancers": 2237, "Deadeye Duelist_SB": 597, "Skewer Slinger_SB": 2432, "Thunder Salvo_SB": 2821, "Basilisk Collar": 183, "Prophetic Prism": 2052, "Souls of the Lost": 2495, "Rottenmouth Viper_SB": 2248, "Dragon Fodder": 708, "Griffnaut Tracker_SB": 1181, "Keldon Strike Team_SB": 1483, "Ozolith, the Shattered Spire": 1941, "Ambush Wolf_SB": 50, "Dead Weight_SB": 596, "Fog of War_SB": 991, "Voracious Varmint_SB": 3082, "Aetherize": 22, "Peculiar Lighthouse": 1963, "Swiftwater Cliffs": 2647, "Tranquil Cove": 2869, "Tolarian Terror_SB": 2853, "Union of the Third Path_SB": 2947, "Hidetsugu's Second Rite": 1293, "Ghitu Lavarunner_SB": 1078, "Boulderbranch Golem": 286, "Fierce Empath": 952, "Galewind Moose": 1042, "Gossip's Talent": 1153, "Gruff Triplets": 1187, "Lush Oasis": 1649, "Mirage Mesa": 1739, "Outcaster Greenblade": 1911, "Tyrranax Rex": 2913, "Sunshower Druid_SB": 2622, "Render Inert": 2167, "Minor Misstep_SB": 1737, "Royal Treatment_SB": 2252, "Drag the Canal_SB": 704, "Scatter Ray_SB": 2312, "Stingerback Terror_SB": 2576, "Flamewake Phoenix_SB": 970, "Grand Entryway && Elegant Rotunda": 1160, "Karplusan Forest_SB": 1472, "Argoth, Sanctum of Nature": 107, "Cosmic Rebirth": 533, "Elvish Regrower": 786, "Springbloom Druid": 2542, "Titania, Voice of Gaea": 2842, "Tolsimir, Midnight's Light": 2854, "The Huntsman's Redemption": 2734, "Twisted Fealty": 2905, "Aegis Turtle_SB": 18, "Temple of Malice": 2694, "Night of the Sweets' Revenge": 1833, "Welcome to Sweettooth": 3125, "Cosmium Confluence_SB": 536, "See Double_SB": 2357, "Volatile Fault_SB": 3072, "Fiery Annihilation_SB": 954, "Armored Armadillo": 111, "Elvish Archivist": 784, "Toadstool Admirer": 2846, "Calix, Guided by Fate_SB": 362, "Divine Resilience_SB": 685, "Unflinching Courage_SB": 2939, "Valorous Stance_SB": 3009, "Immersturm Predator": 1345, "Bandit's Talent_SB": 170, "Tinybones Joins Up_SB": 2833, "Bonny Pall, Clearcutter_SB": 268, "Trygon Predator_SB": 2891, "Dwynen, Gilt-Leaf Daen": 748, "Lathril, Blade of the Elves": 1545, "Wildborn Preserver": 3134, "Anthem of Champions": 79, "Armasaur Guide": 110, "Biogenic Upgrade": 207, "Charming Prince": 438, "Dazzling Angel": 592, "Felidar Savior": 937, "Felling Blow": 940, "Gnarlid Colony": 1128, "Good-Fortune Unicorn": 1152, "Inspiring Call": 1376, "Inspiring Paladin": 1378, "Leonin Vanguard": 1565, "Mild-Mannered Librarian": 1731, "Pacifism": 1942, "Wary Thespian": 3114, "Wildwood Scourge": 3138, "Ajani, Caller of the Pride": 34, "Angel of Vitality": 63, "Extinguish the Light_SB": 861, "Nine-Lives Familiar": 1838, "Voracious Greatshark": 3081, "Rite of Replication": 2216, "Swiftfoot Boots_SB": 2646, "Urgent Necropsy": 2980, "Eaten by Piranhas_SB": 755, "Phyrexian Obliterator_SB": 1992, "Silver Scrutiny_SB": 2422, "Axebane Ferox_SB": 151, "Wrenn and Realmbreaker_SB": 3167, "Flourishing Bloom-Kin": 984, "Ghalta, Primal Hunger": 1072, "Alesha, Who Laughs at Fate": 43, "Aurelia, the Law Above": 141, "Perforating Artist": 1967, "Ruthless Lawbringer": 2269, "Voldaren Thrillseeker_SB": 3077, "Highway Robbery": 1299, "Urabrask": 2971, "Feed the Swarm": 928, "Crash Through": 543, "Drake Hatcher": 713, "Slick Sequence": 2462, "Cryptic Coat_SB": 557, "Crawling Barrens": 544, "Mazemind Tome_SB": 1704, "Atraxa, Grand Unifier_SB": 137, "Phyrexian Censor": 1984, "Phyrexian Vindicator": 1993, "Volatile Fault": 3071, "Seal from Existence_SB": 2340, "Stasis Snare_SB": 2560, "Urborg Scavengers": 2977, "Zetalpa, Primal Dawn": 3186, "Chrome Host Seedshark": 450, "Ichormoon Gauntlet": 1340, "Jace Reawakened": 1430, "Jin-Gitaxias": 1441, "Temple of Epiphany": 2692, "Galvanize_SB": 1044, "Tocasia's Welcome": 2849, "Bonehoard Dracosaur": 265, "Dragonlord's Servant": 710, "Incinerator of the Guilty": 1355, "Kolaghan Warmonger": 1518, "Rivaz of the Claw": 2220, "Tyrant of Kher Ridges": 2910, "Push // Pull_SB": 2062, "Joint Exploration": 1448, "Vren, the Relentless": 3094, "Titania's Command_SB": 2841, "Burglar Rat": 341, "Halo Forager": 1207, "Hidden Necropolis": 1287, "Macabre Waltz": 1656, "Mindsplice Apparatus": 1734, "Painful Quandary": 1943, "Psychic Whorl": 2056, "Rune-Scarred Demon": 2262, "The Key to the Vault": 2742, "The Rollercrusher Ride_SB": 2757, "Titania, Voice of Gaea_SB": 2843, "Dawn's Truce": 587, "Colossal Rattlewurm": 493, "Creosote Heath": 547, "Desert's Due": 646, "Duelist of the Mind": 735, "Rattleback Apothecary": 2116, "Tatyova, Steward of Tides": 2679, "Tomb Trawler_SB": 2856, "Urza's Sylex_SB": 2987, "Rakdos Joins Up": 2095, "Nashi, Searcher in the Dark_SB": 1818, "Inspiration from Beyond": 1375, "Realmbreaker, the Invasion Tree_SB": 2134, "Filter Out_SB": 956, "Kutzil, Malamet Exemplar": 1537, "Grand Abolisher_SB": 1159, "Runic Shot": 2263, "Herald of Eternal Dawn_SB": 1268, "Sun-Blessed Healer_SB": 2610, "Assimilation Aegis_SB": 130, "Seeker's Folly": 2360, "Mortify": 1789, "Coveted Falcon": 540, "Drag to the Bottom": 705, "Greed's Gambit_SB": 1170, "Valgavoth's Onslaught": 2993, "Stab": 2548, "Vinereap Mentor": 3047, "Axebane Ferox": 150, "Ferocification": 943, "Dreadwing Scavenger": 720, "Broodspinner_SB": 330, "The Gitrog, Ravenous Ride_SB": 2731, "Collector's Cage": 486, "Invasion of Gobakhan": 1399, "Fiery Annihilation": 953, "Invasion of Arcavios": 1395, "Beseech the Mirror_SB": 198, "Heroic Reinforcements_SB": 1281, "Peerless Recycling_SB": 1964, "Reasonable Doubt": 2135, "Third Path Iconoclast": 2777, "Essence Scatter_SB": 829, "Bloodfell Caves": 241, "Deathcap Marionette": 606, "Wing Commando": 3144, "Kiora, the Rising Tide_SB": 1500, "Ruthless Negotiation": 2271, "Haunted Screen": 1235, "Prayer of Binding": 2033, "Cerebral Confiscation_SB": 421, "Furnace Reins": 1036, "Rona's Vortex_SB": 2243, "Bonny Pall, Clearcutter": 267, "River's Rebuke": 2221, "Koma, World-Eater_SB": 1522, "Primeval Bounty_SB": 2040, "River's Rebuke_SB": 2222, "Regal Caracal_SB": 2158, "Rat Out_SB": 2113, "Plains_SB": 2011, "Faebloom Trick_SB": 876, "Throne of the Grim Captain": 2816, "Drana and Linvala_SB": 715, "The Kenriths' Royal Funeral_SB": 2741, "Saiba Cryptomancer": 2280, "Zoetic Glyph_SB": 3191, "Seized from Slumber_SB": 2365, "Tyvar's Stand": 2916, "Ankle Biter": 68, "Feed the Infection": 927, "Fynn, the Fangbearer": 1038, "Nimraiser Paladin": 1837, "The Dross Pits": 2720, "The Hunter Maze": 2733, "Regal Bunnicorn_SB": 2156, "Badlands Revival": 159, "Seize the Secrets": 2362, "Soured Springs": 2499, "At Knifepoint": 133, "Fanatical Firebrand": 890, "Hellspur Brute": 1261, "Caught in the Crossfire_SB": 403, "Mourner's Surprise_SB": 1797, "Kraul Whipcracker": 1526, "Wardens of the Cycle": 3107, "Bandit's Haul": 168, "Copper Host Crusher": 517, "Vinereap Mentor_SB": 3048, "Belligerent Yearling": 196, "Colossadactyl": 492, "Earthshaker Dreadmaw": 752, "Giant Cindermaw": 1085, "Itzquinth, Firstborn of Gishath": 1424, "Ixalli's Lorekeeper": 1427, "Rogue's Passage": 2238, "Scytheclaw Raptor": 2336, "Thrashing Brontodon": 2801, "Triumphant Chomp": 2888, "Armored Kincaller_SB": 113, "Inspiring Overseer": 1377, "Mischievous Pup": 1748, "Surgical Suite // Hospital Room": 2634, "Angel of Finality_SB": 62, "Unflinching Courage": 2938, "Sanguine Evangelist_SB": 2288, "Sandstorm Salvager": 2284, "Hired Claw_SB": 1304, "Autonomous Assembler": 146, "Quintorius Kand": 2075, "Kayla's Command_SB": 1478, "Starfall Invocation_SB": 2556, "Luminous Rebuke_SB": 1643, "Massacre Wurm": 1697, "Stalactite Stalker": 2550, "Felidar Retreat_SB": 936, "Dreamdew Entrancer_SB": 722, "Werefox Bodyguard": 3126, "Spinner of Souls_SB": 2527, "Gisa, the Hellraiser_SB": 1097, "Bitter Reunion_SB": 212, "Jace Reawakened_SB": 1431, "Dust Animus": 742, "Defabricate_SB": 620, "Steel Seraph_SB": 2570, "Dust Animus_SB": 743, "Gumdrop Poisoner_SB": 1198, "Archangel of Tithes_SB": 92, "Demonic Counsel_SB": 636, "Warleader's Call_SB": 3111, "Anointed Peacekeeper": 77, "Phyrexian Censor_SB": 1985, "Callous Sell-Sword_SB": 365, "Rat Out": 2112, "Molten Duplication": 1768, "Herbology Instructor": 1271, "Restless Bivouac_SB": 2187, "Diabolic Intent": 659, "Lively Dirge_SB": 1606, "Scorn-Blade Berserker": 2323, "Imperious Perfect_SB": 1351, "Sandstorm Salvager_SB": 2285, "Tough Cookie_SB": 2865, "Urborg Repossession_SB": 2976, "Raucous Carnival_SB": 2118, "The Rollercrusher Ride": 2756, "Cavernous Maw": 412, "Forgotten Monument": 1002, "Titania's Command": 2840, "Grievous Wound": 1179, "Funeral Room // Awakening Hall_SB": 1032, "Rise of the Dark Realms_SB": 2214, "Urza, Lord Protector": 2988, "Curious Forager": 568, "The Mycotyrant": 2752, "Thornvault Forager": 2787, "Sporogenic Infection_SB": 2539, "Seize the Spoils": 2363, "Canonized in Blood": 373, "Cemetery Recruitment": 417, "Diregraf Ghoul": 662, "Hungry Ghoul": 1331, "Mephitic Draught": 1715, "Offer Immortality": 1876, "Sanguine Syphoner": 2290, "Skeleton Archer": 2431, "Vampiric Rites": 3014, "Temple of Enlightenment": 2691, "Fumigate_SB": 1030, "Valkyrie's Call_SB": 2998, "Skystrike Officer": 2454, "Zephyr Sentinel": 3183, "Unidentified Hovership_SB": 2945, "Take Up the Shield_SB": 2667, "Mockingbird_SB": 1762, "Temple of Mystery": 2695, "Timely Interference": 2830, "Vesuvan Duplimancy": 3036, "Dive Down_SB": 681, "Scrawling Crawler_SB": 2329, "Hollow Marauder": 1308, "Overwhelming Remorse": 1936, "Stubborn Burrowfiend": 2602, "Dryad Militant_SB": 733, "Chandra, Hope's Beacon_SB": 429, "Bristlebud Farmer": 321, "Charred Foyer && Warped Space_SB": 440, "Akawalli, the Seething Tower": 41, "Absolving Lammasu_SB": 6, "Think Twice": 2775, "Micromancer_SB": 1724, "Coruscation Mage_SB": 531, "Dollmaker's Shop // Porcelain Gallery_SB": 689, "Bruse Tarl, Roving Rancher": 333, "Fblthp, Lost on the Range": 900, "Weakstone's Subjugation": 3118, "Fblthp, Lost on the Range_SB": 901, "Weakstone's Subjugation_SB": 3119, "Bottomless Pool && Locker Room": 282, "Tithing Blade_SB": 2845, "Hidetsugu's Second Rite_SB": 1294, "Invasion of Karsus_SB": 1404, "Mirror Room && Fractured Realm_SB": 1744, "Sword of Wealth and Power_SB": 2654, "Wildfire Howl_SB": 3136, "Zurgo and Ojutai_SB": 3200, "Halo Forager_SB": 1208, "Mabel, Heir to Cragflame_SB": 1655, "Ballyrush Banneret": 164, "Myrel, Shield of Argive_SB": 1810, "Siege Veteran_SB": 2414, "Soulstone Sanctuary_SB": 2498, "Ezrim, Agency Chief": 866, "Karn, Living Legacy": 1469, "Metropolis Reformer": 1721, "Krenko's Buzzcrusher_SB": 1530, "Silverback Elder_SB": 2423, "Final Vengeance_SB": 961, "Kellan, Inquisitive Prodigy": 1487, "Blood Spatter Analysis": 238, "Rundvelt Hordemaster": 2260, "Branchblight Stalker": 296, "Gitaxian Anatomist": 1098, "Goliath Hatchery": 1149, "Ichorspit Basilisk": 1341, "Lakeside Shack": 1542, "Maze's Mantle": 1702, "Meat Locker // Drowned Diner": 1705, "Mesmerizing Dose": 1716, "Paladin of Predation": 1949, "Plague Nurse": 2009, "Serum Snare": 2374, "Tainted Observer": 2665, "Tangled Islet": 2675, "Thrummingbird": 2818, "Tyrranax Atrocity": 2912, "Venomous Brutalizer": 3031, "Viral Spawning": 3051, "Vivisurgeon's Insight": 3066, "Angelic Intervention": 64, "Awaken the Woods": 149, "Omenpath Journey": 1888, "Poison Dart Frog": 2018, "Rampaging Baloths": 2105, "Migloz, Maze Crusher_SB": 1730, "Seraphic Steed": 2371, "Meticulous Excavation_SB": 1720, "Raging Battle Mouse": 2090, "Loran's Escape_SB": 1630, "Seeker's Folly_SB": 2361, "Realmbreaker, the Invasion Tree": 2133, "Undead Sprinter_SB": 2929, "Murky Sewer": 1807, "Deeproot Pilgrimage": 617, "Mistway Spy": 1758, "Vodalian Hexcatcher": 3068, "Grabby Giant": 1156, "Rite of the Dragoncaller": 2217, "Aegis Turtle": 17, "Ivy, Gleeful Spellthief_SB": 1426, "Venerated Rotpriest_SB": 3026, "Hulking Raptor": 1330, "Pugnacious Hammerskull": 2058, "Guardian of New Benalia": 1192, "Invasion of Kaldheim": 1402, "Pia Nalaar, Consul of Revival": 1994, "Gwenna, Eyes of Gaea": 1199, "Halana and Alena, Partners": 1202, "Inga and Esika": 1363, "Melira, the Living Cure": 1710, "Myrel, Shield of Argive": 1809, "Elesh Norn_SB": 776, "Hajar, Loyal Bodyguard_SB": 1201, "Surrak and Goreclaw_SB": 2637, "Doomsday Excruciator_SB": 692, "Getaway Glamer_SB": 1069, "Bottomless Pool // Locker Room": 284, "Necrogen Communion": 1819, "Vraska Joins Up": 3088, "Thirsting Roots_SB": 2780, "Crystal Grotto": 561, "Silver Scrutiny": 2421, "Battlefly Swarm": 188, "Seal from Existence": 2339, "Ghalta, Stampede Tyrant": 1074, "Solemn Simulacrum": 2477, "Vein Ripper": 3023, "Maha, Its Feathers Night_SB": 1668, "Viashino Pyromancer_SB": 3043, "Jaya, Fiery Negotiator": 1436, "The Stone Brain": 2764, "Decadent Dragon_SB": 611, "Defiled Crypt // Cadaver Lab_SB": 628, "Sword of Once and Future": 2651, "Karn's Sylex_SB": 1468, "Heraldic Banner": 1269, "Heraldic Banner_SB": 1270, "Thalia and The Gitrog Monster": 2712, "Surgical Suite && Hospital Room_SB": 2633, "Beastie Beatdown": 192, "Annie Joins Up": 72, "Huatli, Poet of Unity": 1327, "Island_SB": 1423, "Rebel Salvo_SB": 2137, "Entity Tracker_SB": 813, "Aether Channeler": 19, "Defiled Crypt && Cadaver Lab": 625, "Exuberant Fuseling": 865, "Thundertrap Trainer_SB": 2827, "Abuelo's Awakening": 7, "Kitsa, Otterball Elite_SB": 1506, "Rona, Herald of Invasion_SB": 2245, "Unnerving Grasp_SB": 2953, "Wilt-Leaf Liege_SB": 3141, "Fear of Surveillance": 916, "Skrelv, Defector Mite_SB": 2440, "Kona, Rescue Beastie": 1523, "Time Stop": 2828, "Fleeting Flight_SB": 975, "Trash the Town_SB": 2878, "Agrus Kos, Spirit of Justice": 32, "Muerra, Trash Tactician": 1800, "Crumb and Get It": 551, "Cankerbloom_SB": 372, "Quick Draw_SB": 2073, "Smuggler's Surprise_SB": 2471, "Whisper of the Dross": 3129, "Vraska's Fall_SB": 3090, "Blasphemous Edict": 222, "Bottomless Pool // Locker Room_SB": 285, "The Princess Takes Flight_SB": 2753, "Anim Pakal, Thousandth Moon_SB": 67, "Adaptive Automaton": 14, "Three Tree Mascot": 2810, "Palani's Hatcher": 1950, "Temple of Abandon": 2689, "Hauntwoods Shrieker": 1236, "Restless Reef_SB": 2193, "Mischievous Mystic": 1747, "Defiler of Flesh": 630, "Garruk's Uprising": 1048, "Zul Ashur, Lich Lord": 3197, "Kraul Whipcracker_SB": 1527, "Mechanized Warfare": 1708, "Lifecreed Duo": 1585, "At Knifepoint_SB": 134, "Monstrous Rage_SB": 1784, "Kellan's Lightblades_SB": 1485, "Blasphemous Edict_SB": 223, "Annie Flash, the Veteran_SB": 71, "Defiled Crypt && Cadaver Lab_SB": 626, "Cultivator's Caravan": 563, "Scene of the Crime": 2318, "Demonic Ruckus_SB": 642, "Impact Tremors_SB": 1349, "Conspiracy Unraveler": 512, "Matzalantli, the Great Door": 1699, "Reenact the Crime": 2152, "Coveted Falcon_SB": 541, "Wishclaw Talisman_SB": 3149, "Swooping Lookout": 2648, "Recruitment Officer_SB": 2147, "Oko, the Ringleader_SB": 1884, "Kambal, Profiteering Mayor": 1463, "Kaya, Spirits' Justice_SB": 1477, "Case of the Gateway Express_SB": 391, "Invasion of Theros": 1410, "Highway Robbery_SB": 1300, "Intrepid Paleontologist": 1390, "Bolt Bend_SB": 260, "Razorkin Needlehead": 2123, "Wishclaw Talisman": 3148, "Vaultborn Tyrant_SB": 3021, "Feldon's Cane": 930, "Neutralize the Guards": 1827, "Treasure Map": 2880, "Ayli, Eternal Pilgrim": 153, "Disturbing Conversion": 677, "Shipwreck Dowser": 2397, "Abuelo's Awakening_SB": 8, "Builder's Talent_SB": 338, "Eerie Interference_SB": 760, "Karumonix, the Rat King": 1473, "Persistent Marshstalker": 1971, "Untimely Malfunction": 2964, "Argentum Masticore": 105, "Hall of Tagsin": 1205, "Hedron Archive": 1259, "The Mycosynth Gardens": 2751, "Tomakul Honor Guard": 2855, "Imprisoned in the Moon_SB": 1352, "Inquisitive Glimmer_SB": 1369, "Refute_SB": 2154, "Bramble Familiar": 294, "Obstinate Baloth": 1872, "Felonious Rage_SB": 942, "Sphinx of the Final Word_SB": 2520, "Repulsive Mutation": 2173, "Sylvan Scavenging_SB": 2657, "Walk with the Ancestors": 3098, "Meathook Massacre II_SB": 1707, "Thundering Falls_SB": 2823, "Dowsing Device": 700, "Gleaming Geardrake": 1116, "Saheeli, Filigree Master": 2278, "Saheeli, Filigree Master_SB": 2279, "Dawn's Truce_SB": 588, "Case of the Ransacked Lab": 394, "The Surgical Bay": 2766, "The Tale of Tamiyo": 2769, "Enduring Courage_SB": 794, "War Squeak_SB": 3104, "Spirebluff Canal_SB": 2529, "Scrawling Crawler": 2328, "Ajani, Sleeper Agent": 37, "Charge of the Mites": 436, "Chandra, Flameshaper_SB": 427, "Choking Miasma": 448, "Expel the Interlopers": 848, "Bite Down": 209, "Bite Down_SB": 210, "Gaea's Gift": 1040, "Trash the Town": 2877, "Corsair Captain": 529, "Lost Jitte_SB": 1634, "Blazing Crescendo_SB": 228, "Rip, Spawn Hunter": 2211, "Funeral Room // Awakening Hall": 1031, "Outlaw Medic": 1913, "Wilt-Leaf Liege": 3140, "Thousand Moons Smithy_SB": 2796, "Blightbelly Rat": 231, "Unnatural Restoration": 2950, "Carnivorous Canopy_SB": 383, "Gaea's Gift_SB": 1041, "Give In to Violence_SB": 1100, "Cityscape Leveler_SB": 461, "Nahiri's Resolve_SB": 1813, "Scrapwork Mutt": 2327, "Brazen Collector": 303, "Generous Plunderer": 1059, "Ojer Axonil, Deepest Might": 1879, "Trial of Agony": 2883, "Zoyowa's Justice": 3196, "Ancestors' Aid_SB": 58, "Leyline of Resonance_SB": 1575, "Slickshot Show-Off_SB": 2465, "Malcolm, Alluring Scoundrel_SB": 1675, "Churning Reservoir": 454, "Magmatic Sprinter": 1664, "Sardian Cliffstomper": 2291, "Solphim, Mayhem Dominus": 2479, "The Monumental Facade": 2750, "Churning Reservoir_SB": 455, "Magmatic Sprinter_SB": 1665, "Monastery Swiftspear_SB": 1779, "Sardian Cliffstomper_SB": 2292, "Repel Calamity_SB": 2172, "Call a Surprise Witness": 363, "Samut, Vizier of Naktamun": 2281, "Trostani, Three Whispers": 2889, "Tribute to the World Tree_SB": 2886, "Fake Your Own Death": 885, "Taii Wakeen, Perfect Shot": 2661, "Unruly Catapult": 2954, "Glassworks // Shattered Yard_SB": 1113, "Hulking Metamorph": 1329, "Rest in Peace": 2182, "Surge Engine_SB": 2628, "Massacre Girl, Known Killer": 1695, "Rakdos, the Muscle": 2098, "Massacre Girl, Known Killer_SB": 1696, "Rakdos Joins Up_SB": 2096, "Rakdos, the Muscle_SB": 2099, "Ghalta and Mavren": 1071, "Hide in Plain Sight": 1290, "Manifest Dread": 1680, "Progenitus": 2047, "Threats Around Every Corner": 2804, "Crystal Barricade": 559, "Green Sun's Twilight_SB": 1173, "Break Down the Door": 306, "Bubble Smuggler": 336, "Cryptid Inspector": 558, "Cursed Windbreaker": 572, "Exit Specialist": 844, "Growing Dread": 1185, "Oblivious Bookworm": 1870, "Polukranos Reborn_SB": 2024, "Hazardroot Herbalist": 1240, "Head of the Homestead": 1243, "Rabbit Response": 2077, "Treeguard Duo": 2881, "Uncharted Haven": 2926, "Warren Elder": 3112, "Head of the Homestead_SB": 1244, "Grab the Prize_SB": 1155, "Stroke of Midnight_SB": 2600, "Delney, Streetwise Lookout": 631, "Stroke of Midnight": 2599, "Back for Seconds": 157, "Eriette's Tempting Apple": 816, "Experimental Confectioner": 851, "Feed the Cauldron": 924, "Gingerbread Hunter": 1094, "Greta, Sweettooth Scourge": 1178, "Mintstrosity": 1738, "Return from the Wilds": 2204, "Scream Puff": 2330, "Spider Food": 2521, "Sweettooth Witch": 2643, "Three Bowls of Porridge": 2806, "Candy Grapple_SB": 369, "Fell_SB": 939, "Murder_SB": 1805, "Sugar Rush_SB": 2606, "Ragged Playmate": 2088, "Fear of Surveillance_SB": 917, "Grand Entryway // Elegant Rotunda_SB": 1162, "Norin, Swift Survivalist_SB": 1850, "Ragged Playmate_SB": 2089, "Wandertale Mentor": 3102, "Vodalian Mindsinger_SB": 3069, "Leonin Vanguard_SB": 1566, "Ruin-Lurker Bat_SB": 2257, "The Millennium Calendar_SB": 2749, "Veteran Survivor_SB": 3039, "Corrupted Conviction_SB": 528, "Deadly Brew_SB": 599, "Lich-Knights' Conquest": 1582, "Cheeky House-Mouse_SB": 444, "Dryad Militant": 732, "Kutzil, Malamet Exemplar_SB": 1538, "Contagious Vorrac": 515, "Necrogen Rotpriest": 1820, "Armored Scrapgorger_SB": 115, "Invasion of Fiora_SB": 1398, "Ego Drain_SB": 762, "Vorinclex": 3083, "Rush of Dread_SB": 2267, "Magebane Lizard": 1661, "Final Flourish_SB": 957, "Time Stop_SB": 2829, "Infectious Inquiry_SB": 1360, "Unnatural Restoration_SB": 2951, "Satoru, the Infiltrator": 2294, "Founding the Third Path_SB": 1008, "Binding Negotiation": 205, "Vraska, the Silencer": 3093, "Fae Flight_SB": 874, "Invasion of Ergamon": 1397, "Beastie Beatdown_SB": 193, "Break Out_SB": 308, "Hearthborn Battler_SB": 1256, "Vengeful Possession": 3028, "Repair and Recharge": 2170, "Step Between Worlds_SB": 2572, "Hellspur Posse Boss": 1263, "Cynical Loner_SB": 577, "Hellspur Brute_SB": 1262, "Kellan, the Fae-Blooded": 1491, "Kemba, Kha Enduring": 1493, "Swiftfoot Boots": 2645, "Sword of Forge and Frontier": 2649, "Astor, Bearer of Blades_SB": 132, "Consuming Aberration": 514, "Knight of Dusk's Shadow": 1509, "No One Left Behind_SB": 1846, "Botanical Brawler": 280, "Dusk Legion Duelist": 739, "Railway Brawler": 2091, "Stocking the Pantry": 2579, "Tribute to the World Tree": 2885, "Collector's Cage_SB": 487, "Barkform Harvester": 177, "Rampaging Spiketail": 2107, "Evolved Sleeper": 840, "Friendly Teddy": 1018, "Consumed by Greed_SB": 513, "Hop to It_SB": 1315, "Dragonmaster Outcast": 711, "Skyfisher Spider_SB": 2449, "Chart a Course_SB": 442, "Johann's Stopgap_SB": 1446, "Let's Play a Game_SB": 1568, "Festerleech": 946, "Fallaji Archaeologist_SB": 888, "Shrouded Shepherd": 2411, "Kroxa and Kunoros": 1532, "Evolving Adaptive": 841, "Garruk's Uprising_SB": 1049, "Hexgold Halberd": 1283, "Surgical Suite && Hospital Room": 2632, "Soul Search": 2486, "Daggerfang Duo": 578, "Deathbloom Gardener": 605, "Hoarding Recluse": 1307, "Maha, Its Feathers Night": 1667, "Moonstone Harbinger": 1788, "Pestilent Syphoner": 1974, "Ygra, Eater of All": 3176, "Pile On": 2000, "Bonehoard Dracosaur_SB": 266, "Llanowar Elves_SB": 1609, "Mosswood Dreadknight_SB": 1794, "Take for a Ride_SB": 2668, "Boltwave_SB": 262, "Fleeting Flight": 974, "Stormchaser's Talent_SB": 2592, "Cactarantula": 356, "Phyrexian Missionary": 1989, "Glimmerlight": 1119, "Ashnod's Harvester": 122, "Warhost's Frenzy": 3109, "Think Twice_SB": 2776, "Rustler Rampage": 2268, "Wojek Investigator": 3160, "Recommission_SB": 2145, "Searslicer Goblin_SB": 2344, "Felidar Cub": 933, "Oracle of Tragedy": 1898, "Tarrian's Journal": 2677, "Dusk Rose Reliquary_SB": 741, "Felidar Cub_SB": 934, "Knight-Errant of Eos_SB": 1514, "Ruthless Lawbringer_SB": 2270, "The Wandering Rescuer_SB": 2772, "Detective's Satchel": 653, "Torch the Witness": 2860, "Worldwalker Helm": 3163, "Forensic Gadgeteer_SB": 997, "Ice Out_SB": 1338, "Claim Jumper_SB": 464, "Mirrex_SB": 1743, "Tectonic Hazard": 2682, "Geralf, the Fleshwright": 1062, "Geralf, the Fleshwright_SB": 1063, "Vraan, Executioner Thane": 3087, "Eaten Alive_SB": 754, "Ojer Pakpatiq, Deepest Epoch": 1881, "Disturbing Conversion_SB": 678, "Lithomantic Barrage": 1602, "Enduring Vitality_SB": 802, "Audience with Trostani_SB": 140, "Leyline of the Void": 1579, "Sentinel of Lost Lore": 2367, "Wylie Duke, Atiin Hero": 3172, "Defiler of Dreams_SB": 629, "Omen Hawker": 1886, "All Will Be One": 45, "Into the Fire": 1385, "Invasion of Karsus": 1403, "Ob Nixilis, Captive Kingpin": 1866, "Cosmic Hunger": 532, "Paranormal Analyst": 1952, "Vannifar, Evolved Enigma": 3019, "Fog Bank_SB": 990, "Talion, the Kindly Lord_SB": 2673, "Surgical Suite // Hospital Room_SB": 2635, "Valgavoth's Onslaught_SB": 2994, "Extraordinary Journey": 863, "Gold Pan": 1144, "Extraordinary Journey_SB": 864, "Nurturing Pixie_SB": 1861, "Moonshaker Cavalry": 1787, "Balemurk Leech": 162, "Bashful Beastie": 182, "Cackling Slasher": 354, "Defiant Survivor": 624, "Fear of the Dark": 918, "Flesh Burrower": 978, "Give In to Violence": 1099, "Grasping Longneck": 1163, "Horrid Vigor": 1321, "Innocuous Rat": 1367, "Let's Play a Game": 1567, "Meathook Massacre II": 1706, "Wickerfolk Thresher": 3133, "Winter's Intervention": 3145, "Leyline of Transformation": 1577, "Saheeli's Lattice": 2277, "Hopeless Nightmare_SB": 1318, "Etali, Primal Storm_SB": 833, "Adamant Will": 13, "Goldvein Pick": 1147, "Moment of Triumph": 1772, "Pilfer": 2002, "Public Thoroughfare": 2057, "Undying Malice": 2936, "Cancel_SB": 368, "Opt_SB": 1894, "Connecting the Dots_SB": 509, "Bushwhack_SB": 352, "Mistbreath Elder_SB": 1756, "Polliwallop_SB": 2021, "Realmbreaker's Grasp_SB": 2132, "Stickytongue Sentinel_SB": 2574, "Tumbleweed Rising_SB": 2892, "Corpses of the Lost_SB": 525, "Analyze the Pollen_SB": 56, "Annihilating Glare": 73, "Fanatical Offering": 892, "Sword of Wealth and Power": 2653, "Makeshift Binding": 1672, "Dismal Backwater": 668, "Pelakka Wurm": 1965, "Extract a Confession_SB": 862, "Unauthorized Exit_SB": 2925, "Jump Scare_SB": 1452, "Progenitus_SB": 2048, "Harvestrite Host": 1228, "Cut Short_SB": 575, "Family Reunion_SB": 889, "Skulduggery": 2441, "Skulduggery_SB": 2442, "Lassoed by the Law": 1543, "Mabel's Mettle": 1653, "Minor Misstep": 1736, "Hopeful Vigil": 1316, "Central Elevator // Promising Stairs": 419, "Creeping Peeper": 546, "Dazzling Theater // Prop Room": 594, "Erratic Apparition": 819, "Fear of Abduction": 902, "Fear of Falling": 906, "Lionheart Glimmer": 1600, "Restricted Office // Lecture Hall": 2202, "Underwater Tunnel // Slimy Aquarium": 2935, "Stalked Researcher_SB": 2552, "Tunnel Surveyor_SB": 2896, "Ajani, Nacatl Pariah": 36, "Arena of Glory": 104, "Arid Mesa": 109, "Fable of the Mirror-Breaker": 868, "Flooded Strand": 979, "Galvanic Discharge": 1043, "Goblin Bombardment": 1133, "Guide of Souls": 1194, "Marsh Flats": 1693, "Ocelot Pride": 1875, "Phlage, Titan of Fire's Fury": 1979, "Ragavan, Nimble Pilferer": 2086, "Sacred Foundry": 2275, "Showdown of the Skalds": 2408, "Static Prison": 2561, "Thraben Charm": 2797, "Windswept Heath": 3143, "Drannith Magistrate_SB": 716, "Fear, Fire, Foes!_SB": 919, "Obsidian Charmaw_SB": 1871, "Orim's Chant_SB": 1900, "Showdown of the Skalds_SB": 2409, "Stony Silence_SB": 2586, "Surgical Extraction_SB": 2631, "Wear // Tear_SB": 3120, "Archon of Cruelty": 101, "Bloodstained Mire": 246, "Brazen Borrower": 301, "Counterspell": 539, "Faithless Looting": 884, "Fatal Push": 896, "Force of Negation": 993, "Misty Rainforest": 1759, "Persist": 1970, "Polluted Delta": 2022, "Psychic Frog": 2055, "Scalding Tarn": 2305, "Sink into Stupor": 2428, "Spell Snare": 2511, "Steam Vents": 2564, "Tamiyo, Inquisitive Student": 2674, "Thoughtseize": 2793, "Unearth": 2937, "Watery Grave": 3116, "Consign to Memory_SB": 511, "Fable of the Mirror-Breaker_SB": 869, "Harbinger of the Seas_SB": 1215, "Nihil Spellbomb_SB": 1835, "Stern Scolding_SB": 2573, "Blazing Rootwalla": 229, "Burning Inquiry": 344, "Detective's Phoenix": 652, "Flameblade Adept": 967, "Goblin Lore": 1137, "Hollow One": 1309, "Lightning Bolt": 1587, "Stomping Ground": 2585, "Street Wraith": 2596, "Vengevine": 3030, "Wooded Foothills": 3161, "Cursed Totem_SB": 571, "Meltdown_SB": 1712, "Barbarian Ring": 175, "Eidolon of the Great Revel": 763, "Flare of Duplication": 971, "Goblin Guide": 1136, "Lava Spike": 1549, "Rift Bolt": 2209, "Searing Blaze": 2341, "Skewer the Critics": 2433, "Skullcrack": 2444, "Sunbaked Canyon": 2611, "Ensnaring Bridge_SB": 808, "Faerie Macabre_SB": 879, "Smash to Smithereens_SB": 2468, "Amulet of Vigor": 52, "Arboreal Grazer": 85, "Boseiju, Who Endures": 278, "Crumbling Vestige": 553, "Dryad Arbor": 731, "Dryad of the Ilysian Grove": 734, "Echoing Deeps": 756, "Explore": 853, "Green Sun's Zenith": 1174, "Gruul Turf": 1190, "Hanweir Battlements": 1212, "Lotus Field": 1637, "Mirrorpool": 1746, "Otawara, Soaring City": 1908, "Primeval Titan": 2041, "Scapeshift": 2310, "Shifting Woodland": 2395, "Simic Growth Chamber": 2425, "Summoner's Pact": 2608, "Tolaria West": 2851, "Urza's Cave": 2982, "Urza's Saga": 2985, "Valakut, the Molten Pinnacle": 2990, "Vesuva": 3034, "Bojuka Bog_SB": 259, "Collector Ouphe_SB": 485, "Defense Grid_SB": 623, "Dismember_SB": 669, "Endurance_SB": 792, "Force of Vigor_SB": 994, "Tireless Tracker_SB": 2837, "Vampires' Vengeance_SB": 3013, "Blood Crypt": 235, "Dwarven Mine": 746, "Indomitable Creativity": 1357, "Jetmir's Garden": 1440, "Prismatic Ending": 2044, "Wrenn and Six": 3168, "Xander's Lounge": 3173, "Boseiju, Who Endures_SB": 279, "Damping Sphere_SB": 580, "Hurkyl's Recall_SB": 1334, "Toxic Deluge_SB": 2866, "Cling to Dust": 473, "Harbinger of the Seas": 1214, "Murktide Regent": 1806, "Preordain": 2036, "Thought Scour": 2790, "Engineered Explosives_SB": 805, "Mystical Dispute_SB": 1812, "Spell Pierce_SB": 2510, "The Meathook Massacre_SB": 2746, "Orcish Bowmasters": 1899, "Godless Shrine": 1143, "Phelia, Exuberant Shepherd": 1978, "Seasoned Pyromancer": 2353, "Thoughtseize_SB": 2794, "Wrath of the Skies_SB": 3164, "Den of the Bugbear": 643, "Devastating Summons": 654, "Foundry Street Denizen": 1009, "Goblin Bushwhacker": 1134, "Goblin Grenade": 1135, "Goblin Piledriver": 1139, "Legion Loyalist": 1562, "Mogg War Marshal": 1763, "Reckless Bushwhacker": 2138, "Skirk Prospector": 2434, "Sokenzan, Crucible of Defiance": 2476, "Blood Moon_SB": 237, "Magus of the Moon_SB": 1666, "Reality Hemorrhage_SB": 2130, "Shattering Spree_SB": 2386, "Tormod's Crypt_SB": 2862, "Ziatora's Proving Ground": 3188, "Terastodon_SB": 2702, "Veil of Summer_SB": 3022, "Consider": 510, "Graveyard Trespasser": 1164, "Exquisite Firecraft_SB": 856, "Searing Blood_SB": 2342, "Tunnel Ignus_SB": 2894, "Chained to the Rocks": 422, "Chained to the Rocks_SB": 423, "Ragavan, Nimble Pilferer_SB": 2087, "Vexing Bauble": 3040, "Colossal Skyturtle_SB": 494, "Generous Ent_SB": 1058, "Grist, the Hunger Tide_SB": 1184, "Hexdrinker_SB": 1282, "Giant Growth_SB": 1088, "Slice from the Shadows": 2461, "Talion, the Kindly Lord": 2672, "Over the Edge_SB": 1918, "Poison Dart Frog_SB": 2019, "Come Back Wrong": 498, "Glassworks // Shattered Yard": 1112, "Beamtown Beatstick": 190, "Celestial Armor": 416, "Diamond Pick-Axe": 660, "Carrot Cake_SB": 386, "Edgewall Inn": 759, "Goliath Hatchery_SB": 1150, "Balmor, Battlemage Captain": 165, "Bria, Riptide Rogue": 312, "Freeze in Place": 1014, "Relic's Roar": 2164, "Run Away Together_SB": 2258, "Scalding Viper_SB": 2307, "Brambleguard Captain": 295, "Defabricate": 619, "Fear of Burning Alive": 905, "Iron-Fist Pulverizer": 1420, "Johann, Apprentice Sorcerer": 1447, "Keldon Flamesage": 1482, "Kraum, Violent Cacophony": 1528, "Molten Tributary": 1769, "Nightwhorl Hermit": 1834, "Pyrotechnic Performer": 2065, "Razzle-Dazzler": 2129, "Snaremaster Sprite": 2474, "Stop Cold": 2587, "Thopter Mechanic": 2785, "Vesuvan Drifter": 3035, "Involuntary Cooldown_SB": 1416, "Kellan, Planar Trailblazer_SB": 1490, "Mishra's Command_SB": 1752, "Out of Air_SB": 1910, "Plan the Heist_SB": 2012, "Sleight of Hand_SB": 2460, "Trick Shot_SB": 2887, "Violent Urge_SB": 3050, "Harrier Strix": 1224, "The Filigree Sylex": 2729, "Hardened Escort": 1220, "Holy Cow": 1311, "Living Phone": 1607, "Unsettling Twins": 2955, "Feather of Flight_SB": 922, "Possessed Goat_SB": 2031, "Raccoon Rallier_SB": 2080, "Rogue's Passage_SB": 2239, "The Jolly Balloon Man_SB": 2740, "Unsettling Twins_SB": 2956, "Hammerhand_SB": 1211, "Heartfire Hero_SB": 1249, "Inti, Seneschal of the Sun_SB": 1382, "Pests of Honor": 1975, "Three Blind Mice": 2805, "Dauntless Dismantler_SB": 586, "Phoenix Chick_SB": 1981, "Gleaming Barrier": 1114, "Gleaming Barrier_SB": 1115, "Solemn Simulacrum_SB": 2478, "Sure Strike_SB": 2626, "Twinferno_SB": 2901, "Ancestors' Aid": 57, "Dwarven Forge-Chanter": 745, "Furious Bellow": 1033, "Ghitu Amplifier": 1076, "Heartfire Immolator": 1250, "Sure Strike": 2625, "Whiskerquill Scribe": 3128, "Charge of the Mites_SB": 437, "Halo Hopper": 1209, "Grand Abolisher": 1158, "Unnerving Grasp": 2952, "Hellspur Posse Boss_SB": 1264, "Make Your Move_SB": 1669, "Harbinger of the Tides": 1216, "Harbinger of the Tides_SB": 1217, "Fynn, the Fangbearer_SB": 1039, "Bottomless Pool && Locker Room_SB": 283, "Pile On_SB": 2001, "Cat Collector": 399, "Growing Rites of Itlimoc": 1186, "Season of Gathering": 2345, "Warren Warleader": 3113, "Horrid Vigor_SB": 1322, "Lionheart Glimmer_SB": 1601, "Omnivorous Flytrap_SB": 1891, "Seasoned Warrenguard_SB": 2355, "Into the Roil": 1388, "Into the Roil_SB": 1389, "Ayara, Widow of the Realm": 152, "Arachnoid Adaptation": 82, "Throw from the Saddle": 2817, "Longstalk Brawl_SB": 1622, "Thrill of Possibility_SB": 2815, "Feldon, Ronom Excavator": 932, "Roc Hunter": 2233, "Scalding Viper": 2306, "Adventuring Gear_SB": 16, "Fear of Being Hunted_SB": 904, "Vicious Clown_SB": 3045, "Jump Scare": 1451, "Niko, Light of Hope": 1836, "Stalked Researcher": 2551, "Tunnel Surveyor": 2895, "Fear of Isolation_SB": 912, "Splash Portal_SB": 2533, "Demonic Pact_SB": 640, "Rite of the Dragoncaller_SB": 2218, "Valorous Stance": 3008, "Lodestone Needle": 1615, "Sawblade Skinripper_SB": 2301, "Zephyr Singer": 3184, "Momentum Breaker": 1774, "Grim Bauble": 1182, "Afterburner Expert": 24, "Draconautics Engineer": 701, "Dredger's Insight": 725, "Loot, the Pathfinder": 1625, "Molt Tender": 1765, "Restless Spire_SB": 2197, "Sunbillow Verge": 2612, "Spell Pierce": 2509, "Debris Beetle": 608, "Wastewood Verge": 3115, "Vein Ripper_SB": 3024, "Bleachbone Verge": 230, "Intimidation Tactics": 1383, "Ketramose, the New Dawn": 1494, "Oildeep Gearhulk": 1877, "Haunt the Network_SB": 1232, "Bartolom\u00e9 del Presidio_SB": 181, "Lunar Convocation_SB": 1646, "Bloodghast": 242, "Valley Rotcaller_SB": 3005, "Oildeep Gearhulk_SB": 1878, "Outpace Oblivion_SB": 1915, "Gleeful Demolition_SB": 1118, "Monument to Endurance": 1785, "Ride's End": 2207, "Defend the Rider": 621, "Hazoret, Godseeker": 1242, "Willowrush Verge": 3139, "Thousand Moons Smithy": 2795, "Transmutation Font": 2874, "Braided Net_SB": 291, "Cunning Coyote_SB": 565, "Bounce Off": 287, "Greasewrench Goblin": 1166, "Marauding Mako": 1687, "Riverpyre Verge": 2226, "Scrounging Skyray": 2335, "Bounce Off_SB": 288, "Chandra, Spark Hunter_SB": 431, "Explosive Derailment_SB": 855, "Memory Guardian": 1713, "Mendicant Core, Guidelight": 1714, "Diversion Unit_SB": 683, "Tomik, Wielder of Law_SB": 2857, "Lightwheel Enhancements": 1592, "Engine Rat": 803, "Gonti, Night Minister": 1151, "Perilous Snare": 1968, "Teysa, Opulent Oligarch": 2711, "Gumdrop Poisoner": 1197, "Grim Bauble_SB": 1183, "Momentum Breaker_SB": 1775, "Optimistic Scavenger_SB": 1896, "The Aetherspark": 2714, "Brightglass Gearhulk": 315, "Voyager Glidecar": 3085, "Chandra, Spark Hunter": 430, "Intimidation Tactics_SB": 1384, "Captain Howler, Sea Scourge": 375, "Gastal Thrillroller": 1053, "Mishra's Command": 1751, "Phyrexian Dragon Engine": 1986, "Overgrown Zealot": 1921, "Riptide Gearhulk": 2212, "Transit Mage": 2873, "Conduit of Worlds_SB": 506, "Gastal Thrillroller_SB": 1054, "Lifecraft Engine": 1584, "Mindspring Merfolk": 1735, "Mu Yanling, Wind Rider": 1798, "Caelorna, Coral Tyrant_SB": 357, "Nesting Bot": 1824, "Lumbering Worldwagon": 1640, "Heliod, the Radiant Dawn": 1260, "Twinblade Blessing": 2899, "Overrun": 1934, "Diversion Unit": 682, "Muraganda Raceway": 1803, "Repurposing Bay": 2175, "Defend the Rider_SB": 622, "Zephyr Singer_SB": 3185, "Burnout Bashtronaut": 346, "Ratadrabik of Urborg": 2114, "Demonic Junker": 637, "Nexus of Becoming": 1829, "Amonkhet Raceway": 51, "Gastal Thrillseeker": 1055, "The Last Ride": 2743, "The Speed Demon": 2761, "Ancient Vendetta_SB": 61, "Monument to Endurance_SB": 1786, "The Speed Demon_SB": 2762, "Quag Feast": 2068, "Gastal Raider_SB": 1052, "Esoteric Duplicator": 825, "Voyage Home": 3084, "Aether Syphon_SB": 21, "Ketramose, the New Dawn_SB": 1495, "Thunderous Velocipede": 2824, "Regal Imperiosaur": 2159, "Intrepid Paleontologist_SB": 1391, "Invasion of Regatha_SB": 1407, "Voyager Glidecar_SB": 3086, "Fuel the Flames": 1024, "Skycrash": 2446, "Broadside Barrage_SB": 327, "Fuel the Flames_SB": 1025, "Locust Spray": 1614, "Riverchurn Monument": 2223, "Skitterbeam Battalion": 2436, "Terisian Mindbreaker": 2703, "Agonasaur Rex": 30, "Tyrox, Saurid Tyrant": 2911, "Coalstoke Gearhulk_SB": 477, "Howlsquad Heavy": 1325, "Boosted Sloop": 274, "Broadside Barrage": 326, "Thopter Fabricator_SB": 2784, "Count on Luck_SB": 538, "Sandstalker Moloch_SB": 2282, "Spectacular Pileup": 2503, "Collision Course_SB": 491, "Ride's End_SB": 2208, "Thalia and The Gitrog Monster_SB": 2713, "Zahur, Glory's Past": 3182, "Leaf-Crowned Visionary_SB": 1557, "Mossborn Hydra_SB": 1792, "Overrun_SB": 1935, "Painful Quandary_SB": 1944, "Wardens of the Cycle_SB": 3108, "Quag Feast_SB": 2069, "Red Sun's Twilight_SB": 2148, "Perilous Snare_SB": 1969, "Playful Shove": 2014, "Debris Beetle_SB": 609, "Pit Automaton": 2006, "Visage of Dread": 3062, "The Last Ride_SB": 2744, "Visage of Dread_SB": 3063, "Mishra, Claimed by Gix": 1754, "Bloated Contaminator_SB": 234, "Melira, the Living Cure_SB": 1711, "The Aetherspark_SB": 2715, "Fearless Swashbuckler": 920, "Unctus, Grand Metatect": 2927, "Invasion of Mercadia": 1405, "Sazacap's Brew": 2304, "Webstrike Elite": 3123, "Webstrike Elite_SB": 3124, "Coiling Rebirth_SB": 481, "Soul of Windgrace": 2488, "Gas Guzzler": 1050, "Say Its Name_SB": 2303, "Spectral Interference_SB": 2507, "Stock Up": 2577, "Spectacular Pileup_SB": 2504, "Far Fortune, End Boss": 893, "Expel the Interlopers_SB": 849, "Flotsam // Jetsam_SB": 983, "Claim Jumper": 463, "Bringer of the Last Gift": 320, "Ancient Vendetta": 60, "Full Throttle_SB": 1028, "Loot, the Key to Everything_SB": 1624, "Loot, the Pathfinder_SB": 1626, "Spring-Loaded Sawblades_SB": 2541, "Unstable Glyphbridge_SB": 2958, "Urza's Command_SB": 2983, "Lassoed by the Law_SB": 1544, "Blast Zone_SB": 225, "Basri, Tomorrow's Champion": 185, "Skyseer's Chariot_SB": 2452, "Third Path Iconoclast_SB": 2778, "Dive Down": 680, "Shoreline Looter": 2407, "Engine Rat_SB": 804, "Essence Channeler_SB": 827, "Lunar Insight": 1647, "Jodah, the Unifier_SB": 1445, "Dropkick Bomber": 728, "Coalstoke Gearhulk": 476, "Visage Bandit": 3061, "Waxen Shapethief": 3117, "Dune Drifter": 736, "Rampaging Raptor": 2106, "Agonasaur Rex_SB": 31, "Sword of Forge and Frontier_SB": 2650, "Become Brutes": 194, "The Elder Dragon War_SB": 2722, "Veteran Survivor": 3038, "Kellan, Inquisitive Prodigy_SB": 1488, "Caradora, Heart of Alacria": 379, "Skyseer's Chariot": 2451, "Valor's Flagship": 3006, "Veteran Beastrider": 3037, "Threadbind Clique": 2803, "Twining Twins": 2903, "Boommobile_SB": 271, "Radiant Lotus_SB": 2083, "Boommobile": 270, "Forging the Anchor": 1001, "Radiant Lotus": 2082, "The Mightstone and Weakstone_SB": 2748, "Goldvein Hydra_SB": 1146, "Bloodthorn Flail": 249, "Flamewake Phoenix": 969, "Cryptcaller Chariot_SB": 555, "Volley Veteran": 3078, "Riptide Gearhulk_SB": 2213, "Riverchurn Monument_SB": 2224, "Spiteful Hexmage_SB": 2531, "Clamorous Ironclad": 467, "Furnace Host Charger": 1034, "Alania, Divergent Storm": 42, "Frolicking Familiar": 1019, "Wishing Well": 3150, "Resplendent Angel_SB": 2180, "Cephalopod Sentry": 420, "Tinker's Tote": 2831, "Thopter Fabricator": 2783, "Haunt the Network": 1231, "Sorcerous Spyglass": 2482, "Demonic Junker_SB": 638, "Redshift, Rocketeer Chief": 2151, "Halana and Alena, Partners_SB": 1203, "Valor's Flagship_SB": 3007, "Tocasia's Welcome_SB": 2850, "Stall Out": 2553, "Stall Out_SB": 2554, "Gloryheath Lynx": 1126, "Sovereign Okinec Ahau": 2500, "The Raven Man": 2754, "The Raven Man_SB": 2755, "Broodheart Engine": 328, "Marketback Walker": 1691, "Sab-Sunen, Luxa Embodied": 2273, "Simian Simulacrum": 2424, "Sylvan Scavenging": 2656, "Bat Colony": 186, "Calamitous Cave-In": 358, "Gargantuan Leech": 1045, "Hidden Volcano": 1289, "Promising Vein": 2051, "Boom Box": 269, "Broadcast Rambler": 325, "Conduit of Worlds": 505, "Possession Engine": 2032, "Leyline Binding_SB": 1571, "Bulwark Ox": 340, "Reluctant Role Model": 2165, "Reluctant Role Model_SB": 2166, "The Goose Mother": 2732, "Mold Adder_SB": 1764, "Marketback Walker_SB": 1692, "Daretti, Rocketeer Engineer": 581, "Threefold Thunderhulk": 2812, "Tune Up": 2893, "Meteor Golem_SB": 1718, "Burnout Bashtronaut_SB": 347, "Gastal Raider": 1051, "Oviya, Automech Artisan": 1940, "Market Gnome_SB": 1690, "The Skullspore Nexus_SB": 2760, "Cosmium Confluence": 535, "Festival of Embers": 947, "Hidden Nursery": 1288, "Skycrash_SB": 2447, "Nexus of Becoming_SB": 1830, "Collector's Vault_SB": 489, "Thran Spider_SB": 2800, "Earthrumbler": 751, "Sab-Sunen, Luxa Embodied_SB": 2274, "Akal Pakal, First Among Equals_SB": 40, "Deepfathom Echo": 616, "Forensic Researcher": 998, "Oko, the Ringleader": 1883, "Chitin Gravestalker": 447, "Starving Revenant_SB": 2559, "Steamcore Scholar_SB": 2566, "Ojer Pakpatiq, Deepest Epoch_SB": 1882, "Lavaspur Boots_SB": 1551, "Thunderous Velocipede_SB": 2825, "Fear of Infinity_SB": 910, "Stock Up_SB": 2578, "Dredger's Insight_SB": 726, "Fauna Shaman_SB": 899, "Barrow Naughty": 179, "Drag the Canal": 703, "Faerie Slumber Party": 882, "Mocking Sprite": 1760, "Spellscorn Coven": 2516, "Talion's Messenger": 2670, "Coerced to Kill": 479, "Etrata, Deadly Fugitive": 838, "Unstoppable Plan_SB": 2959, "Hoarding Broodlord": 1306, "Shadow-Rite Priest": 2378, "Training Grounds": 2868, "Nahiri's Warcrafting_SB": 1814, "Baral and Kari Zev": 174, "Enigma Drake": 806, "Eroded Canyon": 817, "Brightfield Glider": 314, "Congregation Gryff": 508, "Giant Beaver": 1084, "Lagorin, Soul of Alacria": 1540, "Miriam, Herd Whisperer": 1740, "Ornery Tumblewagg": 1901, "Trained Arynx": 2867, "Run Over_SB": 2259, "Vivisurgeon's Insight_SB": 3067, "Night Market": 1832, "Stockpiling Celebrant": 2580, "Carrion Locust_SB": 384, "Skullcap Snail_SB": 2443, "Stockpiling Celebrant_SB": 2581, "Overwhelming Remorse_SB": 1937, "Akal Pakal, First Among Equals": 39, "Forensic Gadgeteer": 996, "Deduce_SB": 613, "Wreck Remover_SB": 3165, "Brave the Wilds": 300, "Fountainport Bell": 1011, "Guidelight Optimizer": 1195, "Oaken Siren": 1863, "Machine Over Matter_SB": 1657, "Armored Scrapgorger": 114, "Spinewoods Paladin": 2525, "Phyrexian Missionary_SB": 1990, "Sunder the Gateway": 2613, "Malcator, Purity Overseer": 1673, "Tranquil Cove_SB": 2870, "Crumb and Get It_SB": 552, "Flame Lash": 966, "Exsanguinate_SB": 858, "Exsanguinate": 857, "Syr Ginger, the Meal Ender_SB": 2660, "Legion Extruder_SB": 1561, "Cragcrown Pathway": 542, "Mutavault": 1808, "Ramunap Ruins": 2108, "Reckless Rage": 2141, "Soul-Scar Mage": 2491, "Experimental Frenzy_SB": 852, "Hazoret the Fervent_SB": 1241, "Redcap Melee_SB": 2149, "Darksteel Citadel": 585, "Ensoul Artifact": 809, "Riverglide Pathway": 2225, "Shrapnel Blast": 2410, "Smuggler's Copter": 2469, "Voldaren Epicure": 3075, "Aether Gust_SB": 20, "Annul_SB": 74, "Rending Volley_SB": 2169, "Shadowspear_SB": 2379, "Voltage Surge_SB": 3079, "Blade of the Oni": 218, "Blightstep Pathway": 232, "Bloodtithe Harvester": 250, "Urborg, Tomb of Yawgmoth": 2979, "Extinction Event_SB": 860, "Hidetsugu Consumes All_SB": 1291, "Unlicensed Hearse_SB": 2949, "Breeding Pool": 311, "Enigmatic Incarnation": 807, "Indatha Triome": 1356, "Linvala, the Preserver": 1599, "Overgrown Tomb": 1920, "Savai Triome": 2295, "Skyclave Apparition": 2445, "Spara's Headquarters": 2501, "Vanishing Verse": 3017, "Zagoth Triome": 3181, "Archon of Emeria_SB": 102, "Knockout Blow_SB": 1515, "Ruric Thar, the Unbowed_SB": 2265, "Thought Distortion_SB": 2789, "Yorion, Sky Nomad_SB": 3178, "Go Blank_SB": 1130, "Invoke Despair_SB": 1415, "Cauldron Familiar": 404, "Claim the Firstborn": 465, "Deadly Dispute": 602, "Mayhem Devil": 1700, "Witch's Oven": 3153, "Ob Nixilis, the Adversary_SB": 1867, "Anger of the Gods_SB": 65, "Castle Locthwain": 398, "Clearwater Pathway": 470, "Field of Ruin": 949, "Geier Reach Sanitarium": 1057, "Hall of Storm Giants": 1204, "Hive of the Eye Tyrant": 1305, "Narset, Parter of Veils": 1815, "Omen of the Sea": 1887, "Paradoxical Outcome": 1951, "Shipwreck Marsh": 2398, "Takenuma, Abandoned Mire": 2669, "The Meathook Massacre": 2745, "Ashiok, Dream Render_SB": 118, "Weathered Runestone_SB": 3122, "Claim // Fame": 462, "Infuriate": 1362, "Kumano Faces Kakkazan": 1534, "Claim the Firstborn_SB": 466, "Fatal Push_SB": 897, "Grafdigger's Cage_SB": 1157, "Extinction Event": 859, "Gifted Aetherborn_SB": 1089, "Fetid Pools": 948, "Yorion, Sky Nomad": 3177, "Arclight Phoenix": 103, "Fiery Impulse": 955, "Izzet Charm": 1428, "Lightning Axe": 1586, "Prismari Command": 2042, "Spikefield Hazard": 2522, "Stormcarved Coast": 2589, "Treasure Cruise": 2879, "Collective Brutality": 483, "Faithful Mending": 883, "Greasefang, Okiba Boss": 1165, "Hallowed Fountain": 1206, "Parhelion II": 1953, "Raffine's Tower": 2085, "Shattered Sanctum": 2385, "Skysovereign, Consul Flagship": 2453, "Stubborn Denial": 2603, "Tainted Indulgence": 2664, "Deafening Silence_SB": 604, "Dovin's Veto_SB": 699, "Silence_SB": 2417, "Vanishing Verse_SB": 3018, "Fear of Infinity": 909, "Bishop of Wings": 208, "Branchloft Pathway": 297, "Cave of the Frost Dragon": 409, "Collected Company": 482, "Eiganjo, Seat of the Empire": 764, "Nykthos, Shrine to Nyx": 1862, "Overgrown Farmland": 1919, "Portable Hole": 2026, "Resplendent Marshal": 2181, "Righteous Valkyrie": 2210, "Temple Garden": 2688, "Archon of Absolution_SB": 100, "Brave the Elements_SB": 299, "Brutal Cathar_SB": 335, "Heroic Intervention_SB": 1279, "Reidane, God of the Worthy_SB": 2160, "Shapers' Sanctuary_SB": 2381, "Krenko's Buzzcrusher": 1529, "Dawnwing Marshal": 589, "Furnace Punisher_SB": 1035, "Ledger Shredder": 1559, "Brazen Borrower_SB": 302, "Prismari Command_SB": 2043, "Burner Rocket": 343, "Cloudspire Skycycle": 475, "Dynamite Diver": 750, "Guidelight Synergist": 1196, "Kolodin, Triumph Caster": 1520, "Count on Luck": 537, "Frenzied Goblin": 1015, "Doubling Season_SB": 697, "Fanatical Firebrand_SB": 891, "Howlsquad Heavy_SB": 1326, "Reckless Lackey_SB": 2140, "Rundvelt Hordemaster_SB": 2261, "District Mascot": 676, "Shivan Devastator": 2399, "Zimone, Paradox Sculptor": 3189, "Tyvar, the Pummeler_SB": 2920, "Zopandrel, Hunger Dominus_SB": 3193, "Aurelia, the Warleader": 142, "Gilded Ghoda": 1092, "Ashiok, Nightmare Muse_SB": 119, "Foreboding Ruins": 995, "Invoke Despair": 1414, "Kroxa, Titan of Death's Hunger": 1533, "Kolaghan's Command_SB": 1519, "Haunted Ridge": 1234, "Bonecrusher Giant": 263, "Burning-Tree Emissary": 345, "Chandra, Torch of Defiance": 432, "Collision // Colossus": 490, "Gruul Spellbreaker": 1189, "Kami's Flare": 1466, "Pelt Collector": 1966, "Voltaic Brawler": 3080, "Zhur-Taa Goblin": 3187, "Bonecrusher Giant_SB": 264, "Chandra, Torch of Defiance_SB": 433, "Cindervines_SB": 457, "Kami's Flare_SB": 1467, "Roiling Vortex_SB": 2241, "Colossus Hammer": 495, "Eldritch Evolution": 767, "Mana Confluence": 1679, "Raffine's Informant": 2084, "Sigarda's Aid": 2415, "Soulflayer": 2493, "Sylvan Caryatid": 2655, "Bloodline Culling_SB": 245, "Collective Brutality_SB": 484, "Portable Hole_SB": 2027, "Barrier Breach_SB": 178, "Leyline of Sanctity_SB": 1576, "Cavalier of Thorns": 408, "Elvish Mystic": 785, "Kiora, Behemoth Beckoner": 1498, "Lair of the Hydra": 1541, "Leyline of the Guildpact": 1578, "Oath of Nissa": 1865, "Old-Growth Troll": 1885, "Storm the Festival": 2588, "Ulvenwald Oddity": 2921, "Arasta of the Endless Web_SB": 84, "Emrakul, the Promised End_SB": 791, "Setessan Petitioner_SB": 2377, "Laughing Jasper Flint_SB": 1548, "Rocky Roads": 2236, "Lumbering Worldwagon_SB": 1641, "Cosmic Rebirth_SB": 534, "Mondrak, Glory Dominus_SB": 1780, "Become Brutes_SB": 195, "Cindering Cutthroat_SB": 456, "Ravine Raider_SB": 2122, "Risky Shortcut_SB": 2215, "Spin Out_SB": 2523, "Steampath Charger_SB": 2567, "Drake Hatcher_SB": 714, "Eddymurk Crab_SB": 758, "Mimeoplasm, Revered One": 1732, "Devouring Sugarmaw": 655, "Amalia Benavides Aguirre_SB": 49, "Elas il-Kor, Sadistic Pilgrim_SB": 766, "Fiendish Panda_SB": 951, "Knight of Dawn's Light_SB": 1508, "Etched Familiar": 835, "Spectral Interference": 2506, "Goblin Oriflamme": 1138, "Winter, Cursed Rider": 3146, "Radiant Grove": 2081, "Streetwise Negotiator_SB": 2597, "Divine Resilience": 684, "Greenhouse // Rickety Gazebo": 1175, "Silken Strength": 2420, "Map the Frontier": 1683, "Realm-Scorcher Hellkite": 2131, "Sentinel of Lost Lore_SB": 2368, "Spyglass Siren_SB": 2544, "Herd Migration_SB": 1275, "Kykar, Zephyr Awakener": 1539, "The Huntsman's Redemption_SB": 2735, "Lathril, Blade of the Elves_SB": 1546, "Armored Armadillo_SB": 112, "Gixian Infiltrator_SB": 1105, "Gloryheath Lynx_SB": 1127, "Threefold Thunderhulk_SB": 2813, "Primeval Bounty": 2039, "Cryptcaller Chariot": 554, "Rangers' Refueler": 2109, "Steel Hellkite_SB": 2568, "Mindsparker_SB": 1733, "Cursed Recording_SB": 570, "Thirsting Roots": 2779, "Gigantosaurus": 1090, "Llanowar Stalker": 1612, "Ghalta, Primal Hunger_SB": 1073, "Gigantosaurus_SB": 1091, "Disenchant": 664, "Captain Howler, Sea Scourge_SB": 376, "Karn, Living Legacy_SB": 1470, "Quaketusk Boar": 2070, "The Everflowing Well": 2728, "The Stasis Coffin": 2763, "Kellan Joins Up": 1484, "Ovika, Enigma Goliath_SB": 1939, "Leaping Ambush": 1558, "Bestow Greatness_SB": 199, "Raucous Theater_SB": 2120, "Flowstone Infusion_SB": 989, "Alesha, Who Laughs at Fate_SB": 44, "Lazav, Wearer of Faces_SB": 1555, "Harmless Offering_SB": 1223, "Return Triumphant": 2203, "Souls of the Lost_SB": 2496, "Slickshot Lockpicker_SB": 2463, "Flashfreeze": 972, "Interface Ace": 1380, "Sunpearl Kirin": 2620, "Synchronized Charge": 2658, "Heritage Reclamation_SB": 1276, "Magmatic Hellkite_SB": 1663, "Elspeth, Storm Slayer": 779, "Cori Mountain Monastery": 521, "Dispelling Exhale": 670, "Jeskai Revelation": 1438, "Marang River Regent": 1684, "Shiko, Paragon of the Way": 2396, "Rally the Monastery": 2104, "Surrak, Elusive Hunter": 2638, "Surrak, Elusive Hunter_SB": 2639, "Glacial Dragonhunt": 1107, "Tersa Lightshatter": 2709, "Winternight Stories": 3147, "Auroral Procession": 143, "Opulent Palace": 1897, "Rakshasa's Bargain": 2100, "Desperate Measures": 649, "Rot-Curse Rakshasa": 2246, "Sandsteppe Citadel": 2283, "Skirmish Rhino": 2435, "Cori-Steel Cutter": 522, "Tersa Lightshatter_SB": 2710, "Mistrise Village": 1757, "Jeskai Revelation_SB": 1439, "United Battlefront": 2948, "Elspeth, Storm Slayer_SB": 780, "Sage of the Skies_SB": 2276, "Herd Heirloom": 1273, "Voice of Victory_SB": 3070, "Rediscover the Way": 2150, "Roiling Dragonstorm": 2240, "Gilded Lotus_SB": 1093, "Tempest Hawk": 2687, "Static Snare": 2562, "Frontline Rush": 1022, "Cori-Steel Cutter_SB": 523, "Kishla Village": 1501, "Restless Vents_SB": 2199, "Dalkovan Encampment": 579, "Two-Headed Hunter_SB": 2909, "Mystic Monastery": 1811, "Frontier Bivouac": 1020, "Fresh Start_SB": 1017, "Frostcliff Siege": 1023, "Duty Beyond Death_SB": 744, "Qarsi Revenant_SB": 2067, "Scavenger Regent_SB": 2314, "Caustic Exhale": 407, "Disruptive Stormbrood": 671, "Dragonologist": 712, "Scavenger Regent": 2313, "Overwhelming Surge_SB": 1938, "Qarsi Revenant": 2066, "Spectral Denial": 2505}}