{"vocabulary": {"Anoint with Affliction": 75, "Archfiend of the Dross": 97, "Bloodletter of Aclazotz": 243, "Cavern of Souls": 410, "Cut Down": 576, "Deep-Cavern Bat": 617, "Duress": 739, "Fountainport": 1012, "Go for the Throat": 1132, "Mishra's Foundry": 1754, "Rush of Dread": 2267, "Sheoldred, the Apocalypse": 2393, "Sheoldred's Edict": 2391, "Swamp": 2639, "Unholy Annex && Ritual Chamber": 2940, "Unstoppable Slasher": 2961, "Anoint with Affliction_SB": 76, "Cut Down_SB": 577, "Dreams of Steel and Oil_SB": 726, "Ghost Vacuum_SB": 1082, "Liliana of the Veil_SB": 1598, "Render Inert_SB": 2170, "Withering Torment_SB": 3157, "Darkslick Shores": 585, "Enduring Curiosity": 797, "Faerie Mastermind": 882, "Floodpits Drowner": 983, "Gix, Yawgmoth Praetor": 1104, "Gloomlake Verge": 1126, "Island": 1426, "Kaito, Bane of Nightmares": 1460, "Mockingbird": 1763, "Phantom Interference": 1977, "Restless Reef": 2193, "Spyglass Siren": 2544, "Underground River": 2932, "Disdainful Stroke_SB": 666, "Disfigure_SB": 670, "Duress_SB": 740, "Gix's Command_SB": 1103, "Kaito, Dancing Shadow_SB": 1465, "Negate_SB": 1824, "Tishana's Tidebinder_SB": 2837, "Adarkar Wastes": 15, "Battlefield Forge": 187, "Case of the Gateway Express": 389, "Clockwork Percussionist": 475, "Gleeful Demolition": 1118, "Imodane's Recruiter": 1351, "Inspiring Vantage": 1384, "Knight-Errant of Eos": 1517, "Mirrex": 1743, "Novice Inspector": 1858, "Painter's Studio && Defaced Gallery": 1946, "Plains": 2011, "Resolute Reinforcements": 2179, "Seachrome Coast": 2340, "Sheltered by Ghosts": 2388, "Shivan Reef": 2401, "Spirebluff Canal": 2529, "Warden of the Inner Sky": 3103, "Destroy Evil_SB": 654, "Get Lost_SB": 1067, "Lithomantic Barrage_SB": 1606, "Protect the Negotiators_SB": 2055, "Soul Partition_SB": 2486, "Torch the Tower_SB": 2857, "Emberheart Challenger": 790, "Goddric, Cloaked Reveler": 1143, "Heartfire Hero": 1250, "Hired Claw": 1308, "Lightning Strike": 1593, "Manifold Mouse": 1683, "Monastery Swiftspear": 1780, "Monstrous Rage": 1785, "Mountain": 1797, "Obliterating Bolt": 1870, "Rockface Village": 2235, "Shock": 2402, "Squee, Dubious Monarch": 2546, "Urabrask's Forge": 2973, "Witchstalker Frenzy": 3154, "Obliterating Bolt_SB": 1871, "Screaming Nemesis_SB": 2334, "Urabrask's Forge_SB": 2974, "Floodfarm Verge": 982, "Forest": 1001, "Get Lost": 1066, "Hedge Maze": 1259, "Herd Migration": 1278, "Hushwood Verge": 1340, "Leyline Binding": 1574, "Lush Portico": 1653, "Meticulous Archive": 1721, "Overlord of the Floodpits": 1927, "Overlord of the Hauntwoods": 1929, "Overlord of the Mistmoors": 1931, "Scrollshift": 2335, "Shadowy Backstreet": 2381, "Sunfall": 2614, "Temporary Lockdown": 2697, "Up the Beanstalk": 2970, "Zur, Eternal Schemer": 3198, "Doppelgang_SB": 698, "Elspeth's Smite_SB": 780, "Not on My Watch_SB": 1857, "Pawpatch Formation_SB": 1960, "Temporary Lockdown_SB": 2698, "Demolition Field": 636, "Disfigure": 669, "Ertai Resurrected": 822, "Gix's Command": 1102, "Preacher of the Schism": 2035, "Three Steps Ahead": 2805, "Tishana's Tidebinder": 2836, "Undercity Sewers": 2930, "Aclazotz, Deepest Betrayal_SB": 12, "Harvester of Misery_SB": 1229, "Malicious Eclipse_SB": 1680, "Sheoldred, the Apocalypse_SB": 2394, "Faerie Dreamthief": 879, "Spell Stutter": 2513, "Faerie Mastermind_SB": 883, "Spell Stutter_SB": 2514, "Thought-Stalker Warlock_SB": 2790, "Blooming Marsh": 253, "Glissa Sunslayer": 1122, "Innkeeper's Talent": 1370, "Liliana of the Veil": 1597, "Llanowar Wastes": 1616, "Mosswood Dreadknight": 1795, "Restless Cottage": 2189, "Tear Asunder": 2678, "Tranquil Frillback": 2870, "Underground Mortuary": 2931, "Vraska, Betrayal's Sting": 3091, "Choking Miasma_SB": 449, "Nissa, Ascended Animist_SB": 1842, "Tear Asunder_SB": 2679, "Tranquil Frillback_SB": 2871, "Unholy Annex && Ritual Chamber_SB": 2941, "Caustic Bronco": 405, "Dreams of Steel and Oil": 725, "Cruelclaw's Heist_SB": 554, "Copperline Gorge": 522, "Karplusan Forest": 1475, "Might of the Meek": 1729, "Questing Druid": 2072, "Restless Ridgeline": 2195, "Slickshot Show-Off": 2465, "Snakeskin Veil": 2473, "Thornspire Verge": 2784, "Pick Your Poison_SB": 1997, "Scorching Shot_SB": 2324, "Into the Flood Maw": 1391, "Fabled Passage": 872, "Sentinel of the Nameless City": 2371, "Baird, Argivian Recruiter": 160, "Coppercoat Vanguard": 520, "Fortified Beachhead": 1007, "Harbin, Vanguard Aviator": 1214, "Protect the Negotiators": 2054, "Recruitment Officer": 2148, "The Wandering Rescuer": 2769, "Valiant Veteran": 2998, "Kutzil's Flanker_SB": 1540, "Rest in Peace_SB": 2184, "Tectonic Hazard_SB": 2681, "Analyze the Pollen": 55, "Cruelclaw's Heist": 553, "Harvester of Misery": 1228, "Virtue of Persistence_SB": 3058, "Bandit's Talent": 169, "Caves of Koilos": 413, "Concealed Courtyard": 504, "Deadly Cover-Up": 603, "Kaya, Intangible Slayer": 1478, "Legions to Ashes": 1567, "Nowhere to Run": 1859, "Restless Fortress": 2191, "Virtue of Persistence": 3057, "Deadly Cover-Up_SB": 604, "Kaya, Intangible Slayer_SB": 1479, "Legions to Ashes_SB": 1568, "The End_SB": 2722, "Atraxa, Grand Unifier": 136, "Lay Down Arms": 1556, "Restless Prairie": 2192, "Spelunking": 2518, "Beza, the Bounding Spring_SB": 203, "Jace, the Perfected Mind_SB": 1437, "Phyrexian Fleshgorger": 1988, "Demonic Counsel": 638, "Doomsday Excruciator": 694, "Jace, the Perfected Mind": 1436, "Caustic Bronco_SB": 406, "Cacophony Scamp": 355, "Demonic Ruckus": 644, "Torch the Tower": 2856, "Turn Inside Out": 2896, "Pyroclasm_SB": 2065, "Snakeskin Veil_SB": 2474, "Soul-Guide Lantern_SB": 2491, "Blackcleave Cliffs": 216, "Callous Sell-Sword": 364, "Leyline of Resonance": 1577, "Sulfurous Springs": 2606, "Witch's Mark": 3151, "Ethereal Armor": 838, "Feather of Flight": 922, "Optimistic Scavenger": 1897, "Restless Bivouac": 2187, "Shardmage's Rescue": 2383, "Thran Portal": 2796, "Invasion of Gobakhan_SB": 1404, "Sunspine Lynx_SB": 2622, "Brushland": 334, "Dusk Rose Reliquary": 742, "Kellan, Daring Traveler": 1490, "Razorverge Thicket": 2130, "Regal Bunnicorn": 2157, "Steel Seraph": 2570, "Syr Ginger, the Meal Ender": 2657, "Teething Wurmlet": 2682, "Tough Cookie": 2862, "Unidentified Hovership": 2944, "Anointed Peacekeeper_SB": 78, "Archangel Elspeth_SB": 90, "Aven Interrupter_SB": 148, "Sheltered by Ghosts_SB": 2389, "Split Up_SB": 2536, "Tail Swipe_SB": 2661, "Case of the Filched Falcon": 388, "Restless Anchorage": 2185, "Subterranean Schooner": 2603, "Zoetic Glyph": 3190, "Loran of the Third Path_SB": 1631, "Cheeky House-Mouse": 443, "Flowerfoot Swordmaster": 989, "Loran's Escape": 1632, "Mabel, Heir to Cragflame": 1657, "Rabid Gnaw": 2079, "Valley Questcaller": 3004, "Lightning Helix_SB": 1592, "Nettle Guard_SB": 1828, "Seedglaive Mentor_SB": 2361, "Sunfall_SB": 2615, "Misery's Shadow": 1750, "Nowhere to Run_SB": 1860, "Overlord of the Balemurk_SB": 1924, "Pick Your Poison": 1996, "Sharp-Eyed Rookie": 2385, "Unholy Annex // Ritual Chamber": 2942, "Leyline of the Void_SB": 1583, "Sheoldred's Edict_SB": 2392, "Glistening Deluge_SB": 1124, "Archdruid's Charm": 95, "Beza, the Bounding Spring": 202, "Commercial District": 501, "Elegant Parlor": 771, "Enduring Courage": 795, "Overlord of the Boilerbilges": 1925, "Pyroclasm": 2064, "Elesh Norn, Mother of Machines_SB": 777, "Invasion of Tolvada_SB": 1416, "Archangel of Wrath": 93, "Metropolis Reformer_SB": 1724, "Etali's Favor": 832, "Disenchant_SB": 668, "Arabella, Abandoned Doll": 80, "Sanguine Evangelist": 2289, "Yotian Frontliner": 3179, "Aftermath Analyst": 25, "Bristly Bill, Spine Sower": 324, "Case of the Locked Hothouse": 391, "Escape Tunnel": 826, "Evolving Wilds": 844, "Festering Gulch": 946, "Freestrider Lookout": 1015, "Iridescent Vinelasher": 1422, "Mudflat Village": 1801, "Nissa, Resurgent Animist": 1843, "Not Dead After All": 1854, "Urborg Repossession": 2976, "Bitter Triumph_SB": 214, "Fake Your Own Death_SB": 888, "Forest_SB": 1002, "Heaped Harvest_SB": 1249, "Swamp_SB": 2640, "Annex Sentry": 69, "Crawling Chorus": 549, "Enduring Innocence": 799, "Jawbone Duelist": 1439, "Overprotect": 1933, "Skrelv, Defector Mite": 2440, "Skrelv's Hive": 2438, "Slaughter Singer": 2458, "The Seedcore": 2756, "Venerated Rotpriest": 3026, "Ajani, Sleeper Agent_SB": 38, "Dewdrop Cure_SB": 661, "Surge of Salvation_SB": 2628, "Burrowguard Mentor": 348, "Finneas, Ace Archer": 963, "Hop to It": 1319, "Oakhollow Village": 1866, "Pawpatch Recruit": 1961, "Seasoned Warrenguard": 2356, "Valley Mightcaller": 3003, "Requisition Raid_SB": 2178, "Sunder the Gateway_SB": 2613, "Treeguard Duo_SB": 2881, "Breeches, Eager Pillager": 310, "Captain Storm, Cosmium Raider": 376, "Goblin Tomb Raider": 1142, "Kitesail Larcenist": 1506, "Malcolm, Alluring Scoundrel": 1676, "Malcolm, the Eyes": 1678, "Reckless Lackey": 2141, "Roaming Throne": 2228, "Staunch Crewmate": 2564, "Abrade_SB": 4, "Into the Flood Maw_SB": 1392, "Roaming Throne_SB": 2229, "Witchstalker Frenzy_SB": 3155, "Agatha's Soul Cauldron": 28, "Bitter Triumph": 213, "Blood Hustler": 236, "Botanical Sanctum": 281, "Fallaji Archaeologist": 889, "Fauna Shaman": 899, "Haywire Mite": 1239, "Kami of Whispered Hopes": 1469, "Likeness Looter": 1596, "Lively Dirge": 1608, "Nashi, Moon's Legacy": 1818, "Rona, Herald of Invasion": 2245, "Sleep-Cursed Faerie": 2459, "Tyvar, Jubilant Brawler": 2917, "Yavimaya Coast": 3174, "Haywire Mite_SB": 1240, "Shore Up_SB": 2407, "The Stone Brain_SB": 2763, "Blazemire Verge": 225, "Demand Answers": 635, "Dreadmaw's Ire_SB": 721, "Untimely Malfunction_SB": 2966, "Abhorrent Oculus": 1, "Chart a Course": 441, "Founding the Third Path": 1009, "Haughty Djinn": 1231, "Helping Hand": 1270, "Moment of Truth": 1775, "Negate": 1823, "Picklock Prankster": 1998, "Recommission": 2146, "Sleight of Hand": 2460, "Exorcise_SB": 848, "Monastery Mentor_SB": 1779, "Bitter Reunion": 211, "Bushwhack": 351, "Enduring Vitality": 803, "Pawpatch Formation": 1959, "Roaring Furnace // Steaming Sauna": 2232, "Song of Totentanz": 2481, "Stormchaser's Talent": 2591, "Tarnation Vista": 2674, "This Town Ain't Big Enough": 2779, "Thundertrap Trainer": 2824, "Valley Floodcaller": 3001, "Blue Sun's Twilight_SB": 258, "Dissection Tools_SB": 676, "Up the Beanstalk_SB": 2971, "Volcanic Spite_SB": 3074, "Ghost Vacuum": 1081, "Sunken Citadel": 2617, "Hostile Investigator_SB": 1329, "Caretaker's Talent": 379, "Carrot Cake": 384, "High Noon": 1300, "Lightning Helix": 1591, "Virtue of Loyalty": 3055, "Boon-Bringer Valkyrie_SB": 273, "Brotherhood's End_SB": 332, "High Noon_SB": 1301, "Serra Paragon_SB": 2375, "Screaming Nemesis": 2333, "Magebane Lizard_SB": 1665, "Questing Druid_SB": 2073, "Betrayer's Bargain_SB": 201, "Case of the Crimson Pulse_SB": 387, "Don't Make a Sound": 693, "Twisted Fealty_SB": 2905, "Archangel Elspeth": 89, "Exorcise": 847, "Loran of the Third Path": 1630, "Parting Gust": 1955, "Soul Partition": 2485, "Aclazotz, Deepest Betrayal": 11, "Season of the Burrow": 2353, "Zoraline, Cosmos Caller": 3194, "Felonious Rage": 942, "Shock_SB": 2403, "Feed the Cycle": 926, "Hostile Investigator": 1328, "Keen-Eyed Curator": 1484, "Scrapshooter": 2327, "Shoot the Sheriff": 2404, "Tyrranax Rex_SB": 2913, "Take Up the Shield": 2664, "Doorkeeper Thrull_SB": 696, "Dollmaker's Shop // Porcelain Gallery": 691, "Honest Rutstein": 1318, "Inti, Seneschal of the Sun": 1386, "Marchesa, Dealer of Death": 1690, "Nashi, Searcher in the Dark": 1819, "Plaza of Heroes": 2016, "Relic of Legends": 2165, "Tinybones Joins Up": 2830, "Tinybones, the Pickpocket": 2833, "Jirina, Dauntless General_SB": 1447, "Giant Growth": 1088, "Break the Spell_SB": 309, "Altanak, the Thrice-Called": 47, "Assassin's Trophy": 127, "Overlord of the Balemurk": 1923, "Rubblebelt Maverick": 2254, "Say Its Name": 2304, "Slime Against Humanity": 2467, "Balustrade Wurm_SB": 167, "Deep-Cavern Bat_SB": 618, "Glissa Sunslayer_SB": 1123, "Thrun, Breaker of Silence_SB": 2818, "Phantom Interference_SB": 1978, "Sandstorm Verge": 2288, "Ruthless Negotiation_SB": 2273, "Fireglass Mentor": 965, "Flamecache Gecko": 969, "Forsaken Miner": 1006, "Gev, Scaled Scorch": 1072, "Laughing Jasper Flint": 1551, "Thought-Stalker Warlock": 2789, "Scales of Shale_SB": 2311, "Deduce": 615, "Quick Study": 2075, "Breach the Multiverse_SB": 305, "Explosive Derailment": 856, "Fell": 939, "Gisa, the Hellraiser": 1097, "Great Train Heist": 1168, "Kaervek, the Punisher": 1458, "Lazav, Familiar Stranger": 1558, "Long Goodbye": 1620, "Magda, the Hoardmaster": 1663, "Restless Vents": 2199, "Vadmir, New Blood": 2990, "Vial Smasher, Gleeful Grenadier": 3040, "Ancient Cornucopia": 59, "Doppelgang": 697, "Ill-Timed Explosion": 1348, "Niv-Mizzet, Supreme": 1844, "Pillage the Bog": 2005, "Roxanne, Starfall Savant": 2250, "Soul Search_SB": 2488, "Return the Favor": 2206, "Chainsaw_SB": 425, "Manifold Mouse_SB": 1684, "Might of the Meek_SB": 1730, "Rabid Gnaw_SB": 2080, "Turn Inside Out_SB": 2897, "Blanchwood Prowler": 220, "Chupacabra Echo": 453, "Cruel Somnophage": 552, "Gnawing Vermin": 1130, "Hollow Scavenger": 1315, "Huskburster Swarm": 1341, "Urborg Lhurgoyf": 2975, "Writhing Necromass": 3171, "Go for the Throat_SB": 1133, "Broodspinner": 329, "Drag to the Roots": 708, "Hedge Shredder": 1260, "Terramorphic Expanse": 2702, "Grievous Wound_SB": 1181, "Terror Tide_SB": 2705, "Cathartic Parting_SB": 402, "Change the Equation_SB": 435, "Impulse_SB": 1359, "Lich-Knights' Conquest_SB": 1586, "Imodane's Recruiter_SB": 1352, "Destroy Evil": 653, "Phyrexian Arena": 1983, "Split Up": 2535, "The Cruelty of Gix": 2716, "Goldvein Hydra": 1146, "The End": 2721, "Season of Gathering_SB": 2348, "Overlord of the Hauntwoods_SB": 1930, "No More Lies": 1845, "No Witnesses": 1849, "Spellgyre": 2516, "Teferi, Temporal Pilgrim": 2683, "White Sun's Twilight": 3129, "Virtue of Loyalty_SB": 3056, "Outrageous Robbery_SB": 1918, "Enduring Innocence_SB": 800, "Blot Out_SB": 257, "Entity Tracker": 814, "Fae Flight": 875, "Gremlin Tamer": 1177, "Inquisitive Glimmer": 1373, "Ossification": 1906, "Silent Hallcreeper": 2419, "Ossification_SB": 1907, "Outrageous Robbery": 1917, "Lord Skitter, Sewer King_SB": 1635, "The Eternal Wanderer_SB": 2725, "Ephara's Dispersal": 816, "Surge of Salvation": 2627, "Roaring Furnace && Steaming Sauna": 2230, "Beseech the Mirror": 197, "Collector's Vault": 489, "Rite of the Moth": 2220, "Splitskin Doll": 2537, "Valgavoth, Terror Eater": 2996, "Valgavoth's Faithful": 2992, "Elspeth's Smite": 779, "Bovine Intervention_SB": 289, "Invasion of Ixalan": 1405, "Scorching Dragonfire": 2321, "Bristlebud Farmer_SB": 322, "Ill-Timed Explosion_SB": 1349, "Ral, Crackling Wit_SB": 2105, "Getaway Glamer": 1070, "Fear of Missing Out": 915, "Silent Hallcreeper_SB": 2420, "Assimilation Aegis": 129, "Chimil, the Inner Sun": 445, "Chrome Prowler": 452, "Combat Thresher": 498, "Cryptic Coat": 560, "Hidden Cataract": 1289, "Hidden Courtyard": 1290, "Liberator, Urza's Battlethopter": 1584, "Out Cold": 1910, "Simulacrum Synthesizer": 2428, "Kitnap_SB": 1508, "Lost in the Maze_SB": 1639, "Spark Rupture_SB": 2503, "Season of the Burrow_SB": 2354, "Valley Flamecaller": 3000, "Long Goodbye_SB": 1621, "Kaya, Spirits' Justice": 1480, "Charming Scoundrel": 439, "Ghired, Mirror of the Wilds": 1077, "The Jolly Balloon Man": 2737, "Agatha's Soul Cauldron_SB": 29, "Case of the Stashed Skeleton": 395, "Corpses of the Lost": 526, "Cult Conscript": 566, "Patchwork Banner": 1957, "Undead Sprinter": 2927, "Hunter's Talent": 1337, "Scrapshooter_SB": 2328, "Unholy Annex // Ritual Chamber_SB": 2943, "Braided Net": 290, "Clay-Fired Bricks": 470, "Farsight Ritual": 896, "Ezrim, Agency Chief_SB": 869, "The Eternal Wanderer": 2724, "Serra Paragon": 2374, "Eddymurk Crab": 759, "Restless Vinestalk": 2201, "Seed of Hope": 2360, "Tolarian Terror": 2850, "Keen-Eyed Curator_SB": 1485, "Monstrous Emergence_SB": 1784, "Unable to Scream_SB": 2922, "Blot Out": 256, "Ashiok, Wicked Manipulator_SB": 121, "Fear of Impostors": 908, "Ghostly Dancers": 1083, "Virtue of Knowledge": 3053, "Molten Collapse": 1768, "Piggy Bank": 2000, "Raucous Theater": 2121, "Voldaren Thrillseeker": 3076, "Ertai Resurrected_SB": 823, "Scatter Ray": 2313, "Season of Weaving": 2351, "Audacity": 138, "Break Out": 307, "Omnivorous Flytrap": 1892, "Patchwork Beastie": 1958, "Violent Urge": 3048, "Wildfire Wickerfolk": 3136, "Phyrexian Fleshgorger_SB": 1989, "Azure Beastbinder": 155, "Drannith Ruins": 719, "Kaito, Bane of Nightmares_SB": 1461, "Roaring Furnace && Steaming Sauna_SB": 2231, "Vren, the Relentless_SB": 3095, "Sunspine Lynx": 2621, "Koth, Fire of Resistance_SB": 1529, "Aven Interrupter": 147, "Skrelv's Hive_SB": 2439, "Breach the Multiverse": 304, "Capricious Hellraiser": 373, "Fires of Victory": 966, "Hidetsugu and Kairi": 1297, "Push // Pull": 2062, "Thundering Falls": 2820, "The Cruelty of Gix_SB": 2717, "Pond Prophet": 2026, "Under the Skin": 2929, "Elusive Otter_SB": 784, "Enduring Curiosity_SB": 798, "Ephara's Dispersal_SB": 817, "Confounding Riddle": 508, "Malicious Eclipse": 1679, "Scorching Shot": 2323, "Unyielding Gatekeeper": 2969, "Etali, Primal Conqueror_SB": 834, "Calix, Guided by Fate": 361, "Royal Treatment": 2252, "Valgavoth's Lair": 2993, "Lightning Strike_SB": 1594, "Innkeeper's Talent_SB": 1371, "Impulse": 1358, "Warleader's Call": 3108, "Dollmaker's Shop && Porcelain Gallery": 690, "Restricted Office && Lecture Hall_SB": 2202, "Scorching Dragonfire_SB": 2322, "Amalia Benavides Aguirre": 48, "Case of the Uneaten Feast": 397, "Darkstar Augur": 586, "Essence Channeler": 828, "Lunar Convocation": 1648, "Ruin-Lurker Bat": 2257, "Pest Control_SB": 1974, "Starscape Cleric_SB": 2559, "Elusive Otter": 783, "Ral, Crackling Wit": 2104, "Season of Weaving_SB": 2352, "Razorkin Needlehead_SB": 2126, "Volcanic Spite": 3073, "No More Lies_SB": 1846, "Cunning Coyote": 568, "Osteomancer Adept": 1908, "The Infamous Cruelclaw": 2734, "Tail Swipe": 2660, "Picnic Ruiner": 1999, "Rockface Village_SB": 2236, "Come Back Wrong_SB": 500, "Thraxodemon": 2800, "Case of the Crimson Pulse": 386, "Preacher of the Schism_SB": 2036, "Captivating Cave": 377, "Plumecreed Escort": 2017, "Teferi, Temporal Pilgrim_SB": 2684, "Aloe Alchemist": 46, "Yavimaya Iconoclast": 3175, "Gingerbrute": 1096, "Marvin, Murderous Mimic": 1696, "Monstrous Emergence": 1783, "Surge Engine": 2625, "Kitesail Larcenist_SB": 1507, "Repulsive Mutation_SB": 2175, "Change the Equation": 434, "Painter's Studio // Defaced Gallery": 1948, "Valley Rotcaller": 3005, "Braids, Arisen Nightmare": 292, "Disturbing Mirth": 682, "Final Vengeance": 961, "Greedy Freebooter": 1172, "Hopeless Nightmare": 1322, "Pitiless Carnage": 2008, "Sawblade Skinripper": 2302, "Spiteful Hexmage": 2531, "The Witch's Vanity": 2771, "The Infamous Cruelclaw_SB": 2735, "Glass Casket": 1111, "Lupinflower Village": 1651, "Pollen-Shield Hare": 2021, "Three Tree City": 2807, "Glass Casket_SB": 1112, "Ashiok, Wicked Manipulator": 120, "Final Showdown": 959, "Kutzil's Flanker": 1539, "Faerie Fencing": 880, "Ingenious Prodigy": 1369, "Kaito, Dancing Shadow": 1464, "Darkstar Augur_SB": 587, "Plumecreed Escort_SB": 2018, "Two-Headed Hunter": 2907, "Tyvar's Stand_SB": 2916, "Shoot the Sheriff_SB": 2405, "Vaultborn Tyrant": 3021, "Decadent Dragon": 613, "Rakdos, Patron of Chaos": 2098, "Fear of Lost Teeth": 914, "Invasion of Azgol": 1400, "Rottenmouth Viper": 2248, "The Witch's Vanity_SB": 2772, "Tinybones, the Pickpocket_SB": 2834, "Embereth Veteran": 789, "Hearth Elemental": 1255, "Lavaspur Boots": 1554, "Mirran Banesplitter": 1742, "Phoenix Chick": 1981, "Hearth Elemental_SB": 1256, "Three Steps Ahead_SB": 2806, "Proft's Eidetic Memory": 2046, "Gremlin Tamer_SB": 1178, "Spellbook Vendor": 2515, "Stenn, Paranoid Partisan": 2572, "Shardmage's Rescue_SB": 2384, "Sword of Once and Future_SB": 2650, "Zoraline, Cosmos Caller_SB": 3195, "Neutralize the Guards_SB": 1830, "Cankerbloom": 370, "Cenote Scout": 418, "Wrenn and Realmbreaker": 3166, "Bloodletter of Aclazotz_SB": 244, "Chrome Host Seedshark_SB": 451, "Betrayer's Bargain": 200, "Corrupted Conviction": 530, "Braids, Arisen Nightmare_SB": 293, "Furnace Reins_SB": 1039, "Cache Grab": 353, "Get Out": 1068, "Monastery Mentor": 1778, "Mountain_SB": 1798, "Misery's Shadow_SB": 1751, "Not on My Watch": 1856, "Seized from Slumber": 2366, "Pugnacious Hammerskull_SB": 2060, "Torch the Witness_SB": 2859, "Kaervek, the Punisher_SB": 1459, "Artist's Talent": 116, "Brass's Tunnel-Grinder": 298, "Chandra, Hope's Beacon": 428, "Virtue of Knowledge_SB": 3054, "Fear of Isolation": 912, "Wrenn's Resolve_SB": 3170, "Painter's Studio && Defaced Gallery_SB": 1947, "Glarb, Calamity's Augur": 1109, "Cavern of Souls_SB": 411, "Glarb, Calamity's Augur_SB": 1110, "Warden of the Inner Sky_SB": 3104, "Kambal, Profiteering Mayor_SB": 1468, "Lord Skitter, Sewer King": 1634, "Market Gnome": 1691, "Planar Disruption_SB": 2014, "Wear Down_SB": 3119, "Scrollshift_SB": 2336, "Overprotect_SB": 1934, "Portent of Calamity": 2030, "The Irencrag": 2736, "The Swarmweaver": 2765, "Twitching Doll": 2906, "Cease // Desist_SB": 415, "Floodpits Drowner_SB": 984, "Geological Appraiser": 1063, "Nissa, Ascended Animist": 1841, "Archangel of Wrath_SB": 94, "Kogla and Yidaro_SB": 1521, "Lukka, Bound to Ruin_SB": 1642, "Roxanne, Starfall Savant_SB": 2251, "Sorcerous Spyglass_SB": 2484, "Black Sun's Twilight": 215, "Corrupt": 529, "Haunted Mire": 1235, "Iridescent Vinelasher_SB": 1423, "Overlord of the Boilerbilges_SB": 1926, "Errant and Giada": 820, "Werefox Bodyguard_SB": 3125, "Archfiend of the Dross_SB": 98, "Lost in the Maze": 1638, "Shore Up": 2406, "Fortune, Loyal Steed": 1008, "Frontier Seeker": 1023, "Overlord of the Mistmoors_SB": 1932, "Bristling Backwoods": 323, "Rugged Highlands": 2256, "Great Train Heist_SB": 1169, "Razortrap Gorge": 2129, "Dissection Tools": 675, "Unable to Scream": 2921, "Herbology Instructor_SB": 1276, "Valley Floodcaller_SB": 3002, "Phyrexian Arena_SB": 1984, "Jaya, Fiery Negotiator_SB": 1441, "Conduit Pylons": 505, "Hidden Grotto": 1291, "Evangel of Synthesis": 841, "Steamcore Scholar": 2566, "Zombify": 3192, "Desecration Demon_SB": 648, "Wail of the Forgotten_SB": 3097, "Gix, Yawgmoth Praetor_SB": 1105, "Calamity, Galloping Inferno": 360, "Llanowar Elves": 1611, "Outcaster Trailblazer": 1913, "Smuggler's Surprise": 2471, "Spinewoods Armadillo": 2525, "Trumpeting Carnosaur": 2889, "Heroic Reinforcements": 1285, "Maelstrom Pulse": 1661, "Scavenging Ooze": 2318, "Vivien Reid": 3063, "Liliana, Dreadhorde General_SB": 1600, "Maelstrom Pulse_SB": 1662, "No One Left Behind": 1847, "Unstoppable Slasher_SB": 2962, "Day of Judgment": 593, "Authority of the Consuls_SB": 145, "Devout Decree_SB": 659, "Flashfreeze_SB": 974, "Basilisk Collar_SB": 184, "Soulstone Sanctuary": 2498, "Scavenging Ooze_SB": 2319, "Vivien Reid_SB": 3064, "Restless Ridgeline_SB": 2196, "Phyrexian Obliterator": 1992, "Back for Seconds_SB": 158, "Case of the Stashed Skeleton_SB": 396, "Homicide Investigator_SB": 1317, "Dreadmaw's Ire": 720, "Witch's Mark_SB": 3152, "Boros Charm": 275, "Fugitive Codebreaker": 1028, "Raucous Carnival": 2119, "Fugitive Codebreaker_SB": 1029, "Burst Lightning": 349, "Abyssal Harvester": 9, "Twinferno": 2899, "Sun-Blessed Healer": 2608, "Temple of Triumph": 2696, "Campus Renovation_SB": 366, "Glimpse the Core": 1121, "Boltwave": 261, "Splitskin Doll_SB": 2538, "Clement, the Worrywort": 472, "Dour Port-Mage": 701, "Dreamdew Entrancer": 723, "Lilypad Village": 1601, "Long River Lurker": 1622, "Mistbreath Elder": 1756, "Splash Portal": 2533, "Sunshower Druid": 2619, "Three Tree Scribe": 2809, "Virtue of Courage": 3051, "Heartflame Duelist_SB": 1254, "Slagstorm_SB": 2457, "Mazemind Tome": 1705, "Kellan, Planar Trailblazer": 1493, "Crystal Barricade_SB": 564, "Bloodthirsty Conqueror_SB": 248, "Faebloom Trick": 877, "Authority of the Consuls": 144, "Elenda, Saint of Dusk": 773, "Exemplar of Light": 845, "Fiendish Panda": 951, "Hinterland Sanctifier": 1306, "Elenda, Saint of Dusk_SB": 774, "Feed the Swarm_SB": 930, "Kaito, Cunning Infiltrator_SB": 1463, "Opt": 1895, "Spinner of Souls": 2527, "Enduring Tenacity": 801, "Not Dead After All_SB": 1855, "Pitiless Carnage_SB": 2009, "Kiora, the Rising Tide": 1503, "Ghitu Lavarunner": 1079, "Thrill of Possibility": 2812, "Artist's Talent_SB": 117, "Blooming Blast_SB": 252, "Djeru and Hazoret": 689, "Garna, Bloodfist of Keld": 1048, "Hajar, Loyal Bodyguard": 1201, "Jodah, the Unifier": 1448, "Kellan, the Kid": 1496, "Secluded Courtyard": 2358, "Sigarda, Font of Blessings": 2417, "Combat Research": 497, "Spectral Sailor": 2509, "Unsummon": 2963, "Brineborn Cutthroat_SB": 317, "Ertai's Scorn_SB": 825, "Flow of Knowledge_SB": 988, "Haughty Djinn_SB": 1232, "Horned Loch-Whale_SB": 1325, "Urza's Rebuff_SB": 2985, "Painter's Studio // Defaced Gallery_SB": 1949, "Azure Beastbinder_SB": 156, "Arid Archway": 108, "Felidar Retreat": 936, "Herald of Eternal Dawn": 1271, "Loot, Exuberant Explorer": 1626, "Mossborn Hydra": 1793, "Demolition Field_SB": 637, "Giant Cindermaw_SB": 1087, "Nurturing Pixie": 1862, "Tithing Blade": 2842, "Lumra, Bellow of the Woods": 1647, "Fade from History_SB": 874, "Bloodthirsty Conqueror": 247, "Heartflame Duelist": 1253, "Viashino Pyromancer": 3041, "Heaped Harvest": 1248, "Hero's Downfall": 1282, "Liliana, Dreadhorde General": 1599, "Temple of Malady": 2691, "Temple of Plenty": 2694, "Temple of Silence": 2695, "Mortify_SB": 1792, "White Sun's Twilight_SB": 3130, "Abraded Bluffs": 5, "Ball Lightning": 163, "Bloodfeather Phoenix": 239, "Grab the Prize": 1155, "Stoke the Flames": 2584, "Lyra Dawnbringer_SB": 1655, "Virtue of Courage_SB": 3052, "Abyssal Harvester_SB": 10, "Dead Weight": 598, "Gixian Puppeteer": 1107, "Invasion of Amonkhet": 1397, "Revenge of the Rats": 2207, "Terror Ballista": 2703, "The Ancient One": 2714, "Wail of the Forgotten": 3096, "Razorlash Transmogrant_SB": 2128, "Reclamation Sage_SB": 2145, "Aetherize_SB": 23, "Elesh Norn, Mother of Machines": 776, "Kaito, Cunning Infiltrator": 1462, "Sphinx of Forgotten Lore": 2519, "Feldon's Cane_SB": 932, "Brotherhood's End": 331, "Demonic Pact": 642, "Harmless Offering": 1223, "Torpor Orb_SB": 2861, "Ethereal Armor_SB": 839, "Cathar Commando": 400, "Knight of Grace": 1515, "Ajani, Caller of the Pride_SB": 35, "Sentinel of the Nameless City_SB": 2372, "Builder's Talent": 337, "Doubling Season": 699, "Requisition Raid": 2177, "Temple of Deceit": 2688, "Cathar Commando_SB": 401, "Elegant Parlor_SB": 772, "Thrun, Breaker of Silence": 2817, "Pawpatch Recruit_SB": 1962, "Day of Judgment_SB": 594, "Abrade": 3, "Horned Loch-Whale": 1324, "Final Showdown_SB": 960, "An Offer You Can't Refuse_SB": 54, "Trapped in the Screen_SB": 2875, "Scavenger's Talent": 2317, "Llanowar Greenwidow": 1613, "Subterranean Schooner_SB": 2604, "Pillage the Bog_SB": 2006, "Virtue of Strength": 3059, "War Squeak": 3101, "Worldsoul's Rage": 3162, "Hero's Downfall_SB": 1283, "Dragonhawk, Fate's Tempest": 711, "Zurgo and Ojutai": 3199, "Aspirant's Ascent": 125, "Bloated Contaminator": 233, "Bring the Ending": 318, "Distorted Curiosity": 677, "Enter the Enigma": 812, "Fleeting Reflection": 978, "Green Sun's Twilight": 1173, "High Stride": 1302, "Infectious Bite": 1363, "Ivy, Gleeful Spellthief": 1429, "Prologue to Phyresis": 2050, "Aspirant's Ascent_SB": 126, "Bring the Ending_SB": 319, "Distorted Curiosity_SB": 678, "Enter the Enigma_SB": 813, "Fleeting Reflection_SB": 979, "High Stride_SB": 1303, "Prologue to Phyresis_SB": 2051, "This Town Ain't Big Enough_SB": 2780, "Dazzling Denial": 596, "Empyrean Eagle": 792, "Healer's Hawk": 1247, "Fabrication Foundry": 873, "Fomori Vault": 994, "Fumigate": 1031, "The Mightstone and Weakstone": 2745, "Thran Spider": 2797, "Unstable Glyphbridge": 2958, "Hammerhand": 1211, "Unwanted Remake_SB": 2968, "Sawblade Scamp": 2301, "Citanul Stalwart": 459, "Dwynen's Elite": 749, "Elvish Archdruid": 785, "Genesis Wave": 1062, "Imperious Perfect": 1355, "Leaf-Crowned Visionary": 1560, "Llanowar Loamspeaker": 1614, "Surrak and Goreclaw": 2634, "Tyvar the Bellicose": 2914, "Tyvar, the Pummeler": 2918, "Dwynen, Gilt-Leaf Daen_SB": 751, "Obstinate Baloth_SB": 1875, "Roaring Furnace // Steaming Sauna_SB": 2233, "Unsummon_SB": 2964, "Witness Protection_SB": 3159, "Invasion of Regatha": 1410, "Slagstorm": 2456, "Terror of the Peaks": 2706, "Anim Pakal, Thousandth Moon": 66, "Jirina, Dauntless General": 1446, "Deathmark_SB": 610, "Joust Through_SB": 1454, "Knight of Grace_SB": 1516, "Raise the Past_SB": 2094, "Insidious Roots": 1379, "Kitsa, Otterball Elite": 1509, "Skyfisher Spider": 2449, "Arcanis the Omnipotent_SB": 88, "Feed the Cycle_SB": 927, "Insidious Fungus_SB": 1378, "Stab_SB": 2550, "Toby, Beastie Befriender": 2845, "Blooming Blast": 251, "Coruscation Mage": 533, "Firebrand Archer": 964, "Vengeful Possession_SB": 3030, "Boros Charm_SB": 276, "Sheoldred_SB": 2395, "Invasion of Zendikar": 1417, "Chimil, the Inner Sun_SB": 446, "Pilfer_SB": 2004, "Urborg Scavengers_SB": 2979, "Vraska, Betrayal's Sting_SB": 3092, "Annex Sentry_SB": 70, "Coiling Rebirth": 481, "Cynical Loner": 579, "Etali, Primal Conqueror": 833, "Driver of the Dead": 729, "Gatekeeper of Malakir": 1058, "Ichor Drinker": 1344, "Infestation Sage": 1366, "Kalastria Highborn": 1466, "Nullpriest of Oblivion": 1861, "Pulse Tracker": 2061, "Vampire Nighthawk": 3012, "Vengeful Bloodwitch": 3028, "Undergrowth Recon": 2933, "Walk-In Closet // Forgotten Cellar": 3099, "Brineborn Cutthroat": 316, "Lost Jitte": 1636, "An Offer You Can't Refuse": 53, "Carnelian Orb of Dragonkind": 381, "Invasion of Tarkir": 1412, "Sarkhan, Soul Aflame": 2295, "Stingerback Terror": 2576, "Twinflame Tyrant": 2901, "Omniscience": 1891, "Squirming Emergence": 2548, "Drag to the Roots_SB": 709, "Ferocification_SB": 945, "Audacity_SB": 139, "Cease // Desist": 414, "Stormsplitter": 2593, "Starfall Invocation": 2556, "Hard-Hitting Question": 1219, "Hard-Hitting Question_SB": 1220, "Long River's Pull": 1623, "Greed's Gambit": 1170, "Rankle's Prank": 2112, "Molten Collapse_SB": 1769, "Sire of Seven Deaths_SB": 2431, "Ashroot Animist": 124, "Lukka, Bound to Ruin": 1641, "Polukranos Reborn": 2024, "Ruby, Daring Tracker": 2255, "Muerra, Trash Tactician_SB": 1803, "Urgent Necropsy_SB": 2982, "Soulless Jailer_SB": 2495, "Buried in the Garden": 342, "Clifftop Lookout": 473, "Fecund Greenshell": 924, "Tender Wildguide": 2699, "Withering Torment": 3156, "Desecration Demon": 647, "Lay Down Arms_SB": 1557, "Overlord of the Floodpits_SB": 1928, "Refute": 2155, "Unwanted Remake": 2967, "Curator of Destinies_SB": 571, "Witness Protection": 3158, "Calamity's Wake_SB": 359, "Luminous Rebuke": 1645, "Primal Might": 2039, "Arcanis the Omnipotent": 87, "Ajani's Pridemate": 33, "Arahbo, the First Fang": 83, "Banishing Light": 171, "Joust Through": 1453, "Prideful Parent": 2038, "Regal Caracal": 2159, "Savannah Lions": 2298, "Skyknight Squire": 2451, "Banishing Light_SB": 172, "Claws Out_SB": 469, "Starscape Cleric": 2558, "Bladecoil Serpent_SB": 218, "Tinybones, Bauble Burglar": 2832, "Sphinx of Forgotten Lore_SB": 2520, "Ashnod's Intervention": 123, "Barbed Batterfist": 176, "Bloodfeather Phoenix_SB": 240, "Koma, World-Eater": 1525, "The Elder Dragon War": 2719, "Valgavoth, Terror Eater_SB": 2997, "Fear of Impostors_SB": 909, "Smash to Dust_SB": 2468, "Searslicer Goblin": 2345, "Stromkirk Noble": 2600, "Reclamation Sage": 2144, "Cityscape Leveler": 460, "Sire of Seven Deaths": 2430, "Case of the Locked Hothouse_SB": 392, "Deeproot Wayfinder": 621, "Fountainport_SB": 1014, "Restless Cottage_SB": 2190, "Archangel of Tithes": 91, "Boon-Bringer Valkyrie": 272, "Giada, Font of Hope": 1084, "Guardian of Ghirapur": 1192, "Lyra Dawnbringer": 1654, "Resplendent Angel": 2180, "Youthful Valkyrie": 3180, "Grand Entryway // Elegant Rotunda": 1162, "Moment of Craving_SB": 1773, "Surrak, the Hunt Caller": 2638, "Wildborn Preserver_SB": 3134, "Abandoned Campground": 0, "Guardian of the Great Door": 1194, "Lonely Arroyo": 1619, "Norn's Inquisitor": 1853, "Spring-Loaded Sawblades": 2541, "Archmage of Runes": 99, "Curate": 570, "Ertai's Scorn": 824, "Essence Scatter": 830, "Flow of Knowledge": 987, "Metamorphic Blast": 1719, "Unauthorized Exit": 2923, "Harrier Strix_SB": 1227, "Strix Lookout_SB": 2597, "The Tale of Tamiyo_SB": 2768, "Twist Reality_SB": 2903, "Bulk Up": 339, "Chandra, Flameshaper": 426, "Burst Lightning_SB": 350, "Elas il-Kor, Sadistic Pilgrim": 767, "Helpful Hunter": 1269, "Knight of Dawn's Light": 1511, "Raise the Past": 2093, "Enduring Tenacity_SB": 802, "Leyline of Hope_SB": 1576, "Electrostatic Infantry": 770, "Impact Tremors": 1353, "Kindlespark Duo": 1501, "Ral's Reinforcements": 2103, "Rodeo Pyromancers": 2238, "The Autonomous Furnace": 2715, "Deadeye Duelist_SB": 600, "Skewer Slinger_SB": 2433, "Thunder Salvo_SB": 2819, "Swiftblade Vindicator": 2642, "Commune with Evil": 502, "Leyline Axe": 1573, "Neglected Manor": 1825, "Sporogenic Infection": 2539, "Commune with Evil_SB": 503, "Fear of Missing Out_SB": 916, "Massacre Wurm_SB": 1700, "Wrenn's Resolve": 3169, "Midnight Mayhem": 1727, "Ratcatcher Trainee": 2117, "Scytheclaw Raptor_SB": 2339, "Gloomfang Mauler": 1125, "Live or Die": 1607, "Possessed Goat": 2031, "Scoured Barrens": 2326, "Shroudstomper": 2414, "Tocasia's Dig Site": 2846, "Vile Mutilator": 3045, "Eaten Alive": 755, "Souls of the Lost": 2496, "Rottenmouth Viper_SB": 2249, "Prophetic Prism": 2053, "Basilisk Collar": 183, "Vampire Nighthawk_SB": 3013, "Runic Shot_SB": 2265, "Razorlash Transmogrant": 2127, "Huskburster Swarm_SB": 1342, "Season of Loss_SB": 2350, "Fear of Being Hunted": 904, "Khenra Spellspear": 1500, "Frenzied Goblin_SB": 1018, "Hearthborn Battler": 1257, "Invasion of Tarkir_SB": 1413, "Aetherize": 22, "Peculiar Lighthouse": 1964, "Swiftwater Cliffs": 2645, "Tranquil Cove": 2868, "Wind-Scarred Crag": 3141, "Griffnaut Tracker_SB": 1182, "Tolarian Terror_SB": 2851, "Union of the Third Path_SB": 2947, "Hidetsugu's Second Rite": 1298, "Ghitu Lavarunner_SB": 1080, "Involuntary Employment_SB": 1421, "Boulderbranch Golem": 286, "Fierce Empath": 953, "Galewind Moose": 1044, "Gossip's Talent": 1154, "Gruff Triplets": 1188, "Insidious Fungus": 1377, "Lush Oasis": 1652, "Mirage Mesa": 1740, "Outcaster Greenblade": 1912, "Tyrranax Rex": 2912, "Sunshower Druid_SB": 2620, "Banner of Kinship": 173, "Baylen, the Haymaker": 189, "Blossoming Sands": 254, "Dewdrop Cure": 660, "Etched Cornfield": 836, "Hare Apparent": 1222, "Kayla's Reconstruction": 1483, "Hinterland Sanctifier_SB": 1307, "Dragon Fodder": 710, "Keldon Strike Team_SB": 1487, "Bartolom\u00e9 del Presidio": 180, "Forlorn Flats": 1005, "Midnight Reaper": 1728, "Nezumi Linkbreaker": 1833, "Snarling Gorehound": 2476, "Vampire Gourmand": 3011, "Deadly Riposte_SB": 606, "Soul-Shackled Zombie_SB": 2493, "Coati Scavenger": 479, "Ozolith, the Shattered Spire": 1942, "Strangled Cemetery": 2594, "Ambush Wolf_SB": 50, "Dead Weight_SB": 599, "Fog of War_SB": 993, "Voracious Varmint_SB": 3082, "Candy Trail": 369, "Desperate Bloodseeker": 650, "Marauding Blight-Priest": 1687, "Moment of Craving": 1772, "Murder": 1806, "Savor": 2299, "Servant of the Stinger": 2377, "Sanguine Indulgence_SB": 2291, "Elesh Norn": 775, "Goblin Surprise": 1141, "Irreverent Gremlin": 1425, "Krenko, Mob Boss": 1535, "Norin, Swift Survivalist": 1851, "Vicious Clown": 3043, "Agate-Blade Assassin": 27, "Jagged Barrens": 1438, "Outlaws' Fury": 1915, "Ravine Raider": 2123, "Scales of Shale": 2310, "Agate Assault_SB": 26, "Bake into a Pie_SB": 161, "Hazardous Blast_SB": 1241, "Azorius Guildgate": 154, "Beanstalk Wurm": 191, "Boros Guildgate": 277, "Circuitous Route": 458, "Dimir Guildgate": 664, "Expedition Map": 849, "Golgari Guildgate": 1149, "Gruul Guildgate": 1189, "Izzet Guildgate": 1433, "Maze's End": 1703, "Muldrotha, the Gravetide": 1804, "Orzhov Guildgate": 1904, "Rakdos Guildgate": 2095, "Selesnya Guildgate": 2368, "Simic Guildgate": 2427, "Tatyova, Benthic Druid": 2676, "Atraxa's Fall_SB": 135, "Brightblade Stoat_SB": 313, "Desperate Bloodseeker_SB": 651, "Savor_SB": 2300, "Thornwood Falls": 2786, "Contaminated Aquifer": 517, "Idyllic Beachfront": 1347, "Marauding Brinefang": 1688, "Portal to Phyrexia": 2029, "Soul-Guide Lantern": 2490, "Union of the Third Path": 2946, "Vanish into Eternity": 3016, "Vanish into Eternity_SB": 3017, "Deadly Brew": 601, "Defiled Crypt // Cadaver Lab": 630, "Jungle Hollow": 1457, "Osseous Sticktwister": 1905, "Coppercoat Vanguard_SB": 521, "Garna, Bloodfist of Keld_SB": 1049, "Arcane Proxy": 86, "Render Inert": 2169, "Minor Misstep_SB": 1738, "Royal Treatment_SB": 2253, "Karplusan Forest_SB": 1476, "Grand Entryway && Elegant Rotunda": 1161, "Flamewake Phoenix_SB": 971, "Drag the Canal_SB": 706, "Stingerback Terror_SB": 2577, "Scatter Ray_SB": 2314, "Argoth, Sanctum of Nature": 107, "Cosmic Rebirth": 536, "Elvish Regrower": 788, "Springbloom Druid": 2543, "Titania, Voice of Gaea": 2840, "Tolsimir, Midnight's Light": 2852, "The Huntsman's Redemption": 2732, "Stoic Sphinx_SB": 2583, "Twisted Fealty": 2904, "Aegis Turtle_SB": 18, "Temple of Malice": 2692, "Night of the Sweets' Revenge": 1835, "Welcome to Sweettooth": 3123, "Cosmium Confluence_SB": 539, "See Double_SB": 2359, "Volatile Fault_SB": 3072, "Vraska's Fall": 3089, "The Filigree Sylex_SB": 2728, "Crash Through": 546, "Drake Hatcher": 715, "Restless Spire": 2197, "Slick Sequence": 2463, "Abhorrent Oculus_SB": 2, "Feed the Swarm": 929, "Crawling Barrens": 548, "Mazemind Tome_SB": 1706, "Cryptic Coat_SB": 561, "Urgent Necropsy": 2981, "Alesha, Who Laughs at Fate": 43, "Aurelia, the Law Above": 141, "Immersturm Predator": 1350, "Perforating Artist": 1968, "Ruthless Lawbringer": 2270, "Voldaren Thrillseeker_SB": 3077, "Eaten by Piranhas_SB": 757, "Bonny Pall, Clearcutter_SB": 268, "Trygon Predator_SB": 2890, "Dwynen, Gilt-Leaf Daen": 750, "Lathril, Blade of the Elves": 1549, "Wildborn Preserver": 3133, "Assassin's Trophy_SB": 128, "Rite of Replication": 2217, "Knight of Dusk's Shadow_SB": 1514, "Swiftfoot Boots_SB": 2644, "Ajani, Caller of the Pride": 34, "Angel of Vitality": 63, "Leonin Vanguard": 1569, "Extinguish the Light_SB": 863, "Nine-Lives Familiar": 1840, "Voracious Greatshark": 3081, "Anthem of Champions": 79, "Armasaur Guide": 110, "Biogenic Upgrade": 207, "Charming Prince": 438, "Dazzling Angel": 595, "Felidar Savior": 938, "Felling Blow": 941, "Gnarlid Colony": 1129, "Good-Fortune Unicorn": 1153, "Inspiring Call": 1381, "Inspiring Paladin": 1383, "Mild-Mannered Librarian": 1732, "Pacifism": 1943, "Wary Thespian": 3112, "Wildwood Scourge": 3137, "Bandit's Talent_SB": 170, "Parting Gust_SB": 1956, "Tinybones Joins Up_SB": 2831, "Phyrexian Obliterator_SB": 1993, "Axebane Ferox_SB": 151, "Wrenn and Realmbreaker_SB": 3167, "Flourishing Bloom-Kin": 986, "Ghalta, Primal Hunger": 1074, "Hunter's Talent_SB": 1338, "Silver Scrutiny_SB": 2423, "Atraxa, Grand Unifier_SB": 137, "Highway Robbery": 1304, "Urabrask": 2972, "Armored Armadillo": 111, "Elvish Archivist": 786, "Toadstool Admirer": 2844, "Calix, Guided by Fate_SB": 362, "Divine Resilience_SB": 688, "Unflinching Courage_SB": 2939, "Valorous Stance_SB": 3010, "Fiery Annihilation_SB": 955, "Phyrexian Censor": 1985, "Phyrexian Vindicator": 1994, "Volatile Fault": 3071, "Seal from Existence_SB": 2342, "Stasis Snare_SB": 2561, "Urborg Scavengers": 2978, "Zetalpa, Primal Dawn": 3186, "Chrome Host Seedshark": 450, "Ichormoon Gauntlet": 1345, "Jace Reawakened": 1434, "Jin-Gitaxias": 1445, "Temple of Epiphany": 2690, "Galvanize_SB": 1046, "Tocasia's Welcome": 2847, "Bonehoard Dracosaur": 265, "Dragonlord's Servant": 712, "Incinerator of the Guilty": 1360, "Kolaghan Warmonger": 1522, "Rivaz of the Claw": 2221, "Tyrant of Kher Ridges": 2909, "Push // Pull_SB": 2063, "Long River's Pull_SB": 1624, "Joint Exploration": 1452, "Vren, the Relentless": 3094, "Titania's Command_SB": 2839, "Burglar Rat": 341, "Halo Forager": 1208, "Hidden Necropolis": 1292, "Macabre Waltz": 1659, "Mindsplice Apparatus": 1735, "Painful Quandary": 1944, "Psychic Whorl": 2057, "Rune-Scarred Demon": 2263, "The Key to the Vault": 2740, "The Rollercrusher Ride_SB": 2755, "Titania, Voice of Gaea_SB": 2841, "Dawn's Truce": 590, "Colossal Rattlewurm": 494, "Creosote Heath": 551, "Desert's Due": 649, "Duelist of the Mind": 737, "Rattleback Apothecary": 2118, "Tatyova, Steward of Tides": 2677, "Tomb Trawler_SB": 2854, "Urza's Sylex_SB": 2988, "Terror Tide": 2704, "Inspiration from Beyond": 1380, "Chainsaw": 424, "Rakdos Joins Up": 2096, "Nashi, Searcher in the Dark_SB": 1820, "Realmbreaker, the Invasion Tree_SB": 2136, "Invasion of Tolvada": 1415, "Grand Abolisher_SB": 1160, "Filter Out_SB": 957, "Kutzil, Malamet Exemplar": 1541, "Rona's Vortex": 2243, "Runic Shot": 2264, "Herald of Eternal Dawn_SB": 1272, "Sun-Blessed Healer_SB": 2609, "Emberheart Challenger_SB": 791, "Squee, Dubious Monarch_SB": 2547, "Mortify": 1791, "Seeker's Folly": 2362, "Assimilation Aegis_SB": 130, "Coveted Falcon": 543, "Drag to the Bottom": 707, "Greed's Gambit_SB": 1171, "Valgavoth's Onslaught": 2994, "Stab": 2549, "Vinereap Mentor": 3046, "Invasion of Gobakhan": 1403, "Fiery Annihilation": 954, "Axebane Ferox": 150, "Ferocification": 944, "Dreadwing Scavenger": 722, "Broodspinner_SB": 330, "The Gitrog, Ravenous Ride_SB": 2729, "Collector's Cage": 487, "Sheoldred": 2390, "Invasion of Arcavios": 1399, "Make Your Own Luck": 1673, "Beseech the Mirror_SB": 198, "Heroic Reinforcements_SB": 1286, "Peerless Recycling_SB": 1965, "Ego Drain": 763, "Season of Loss": 2349, "Talion's Messenger_SB": 2669, "Stormcatch Mentor": 2590, "Wing Commando": 3143, "Bloodfell Caves": 241, "Deathcap Marionette": 609, "Reasonable Doubt": 2137, "Third Path Iconoclast": 2775, "Essence Scatter_SB": 831, "Kiora, the Rising Tide_SB": 1504, "Ruthless Negotiation": 2272, "Haunted Screen": 1237, "Prayer of Binding": 2034, "Cerebral Confiscation_SB": 421, "Furnace Reins": 1038, "Insatiable Avarice_SB": 1376, "Rona's Vortex_SB": 2244, "Bonny Pall, Clearcutter": 267, "River's Rebuke": 2222, "Koma, World-Eater_SB": 1526, "Primeval Bounty_SB": 2041, "River's Rebuke_SB": 2223, "Urza's Sylex": 2987, "Regal Caracal_SB": 2160, "Rat Out_SB": 2115, "Plains_SB": 2012, "Faebloom Trick_SB": 878, "Throne of the Grim Captain": 2814, "Drana and Linvala_SB": 717, "The Kenriths' Royal Funeral_SB": 2739, "Saiba Cryptomancer": 2282, "Zoetic Glyph_SB": 3191, "Seized from Slumber_SB": 2367, "Tyvar's Stand": 2915, "Regal Bunnicorn_SB": 2158, "Inspiring Overseer": 1382, "Mischievous Pup": 1749, "Surgical Suite // Hospital Room": 2632, "Angel of Finality_SB": 62, "Badlands Revival": 159, "Seize the Secrets": 2364, "Soured Springs": 2500, "Kraul Whipcracker": 1530, "Wardens of the Cycle": 3105, "Binding Negotiation_SB": 206, "Bandit's Haul": 168, "Copper Host Crusher": 519, "Feed the Infection": 928, "Vinereap Mentor_SB": 3047, "Ankle Biter": 68, "Bilious Skulldweller": 204, "Fynn, the Fangbearer": 1040, "Infectious Inquiry": 1364, "Nimraiser Paladin": 1839, "The Dross Pits": 2718, "The Hunter Maze": 2731, "Belligerent Yearling": 196, "Colossadactyl": 493, "Earthshaker Dreadmaw": 754, "Giant Cindermaw": 1086, "Itzquinth, Firstborn of Gishath": 1428, "Ixalli's Lorekeeper": 1431, "Rogue's Passage": 2239, "Scytheclaw Raptor": 2338, "Thrashing Brontodon": 2799, "Triumphant Chomp": 2887, "Armored Kincaller_SB": 113, "At Knifepoint": 133, "Fanatical Firebrand": 892, "Hellspur Brute": 1265, "Caught in the Crossfire_SB": 403, "Mourner's Surprise_SB": 1799, "Unflinching Courage": 2938, "Sanguine Evangelist_SB": 2290, "Sandstorm Salvager": 2286, "Dreamdew Entrancer_SB": 724, "Werefox Bodyguard": 3124, "Autonomous Assembler": 146, "Quintorius Kand": 2076, "Caretaker's Talent_SB": 380, "Luminous Rebuke_SB": 1646, "Massacre Wurm": 1699, "The Enigma Jewel": 2723, "Felidar Retreat_SB": 937, "Hired Claw_SB": 1309, "Kayla's Command_SB": 1482, "Starfall Invocation_SB": 2557, "Stalactite Stalker": 2551, "Spinner of Souls_SB": 2528, "Gisa, the Hellraiser_SB": 1098, "Dust Animus": 744, "Defabricate_SB": 623, "Steel Seraph_SB": 2571, "Dust Animus_SB": 745, "Get Out_SB": 1069, "Gumdrop Poisoner_SB": 1199, "Jace Reawakened_SB": 1435, "Archangel of Tithes_SB": 92, "Demonic Counsel_SB": 639, "Song of Totentanz_SB": 2482, "Warleader's Call_SB": 3109, "Callous Sell-Sword_SB": 365, "Shrouded Shepherd_SB": 2413, "Anointed Peacekeeper": 77, "Rat Out": 2114, "Phyrexian Censor_SB": 1986, "Bitter Reunion_SB": 212, "Curious Forager": 572, "The Mycotyrant": 2750, "Thornvault Forager": 2785, "Sporogenic Infection_SB": 2540, "Grievous Wound": 1180, "Funeral Room // Awakening Hall_SB": 1034, "Rise of the Dark Realms_SB": 2215, "Seize the Spoils": 2365, "Canonized in Blood": 372, "Cemetery Recruitment": 417, "Diregraf Ghoul": 665, "Hungry Ghoul": 1336, "Mephitic Draught": 1717, "Offer Immortality": 1878, "Sanguine Syphoner": 2292, "Skeleton Archer": 2432, "Vampiric Rites": 3015, "Raucous Carnival_SB": 2120, "The Rollercrusher Ride": 2754, "Temple of Enlightenment": 2689, "Fumigate_SB": 1032, "Valkyrie's Call_SB": 2999, "Skystrike Officer": 2455, "Zephyr Sentinel": 3183, "Urza, Lord Protector": 2989, "Blast Zone": 223, "Blossoming Tortoise": 255, "Cavernous Maw": 412, "Forgotten Monument": 1004, "Titania's Command": 2838, "Scorn-Blade Berserker": 2325, "Imperious Perfect_SB": 1356, "Sandstorm Salvager_SB": 2287, "Tough Cookie_SB": 2863, "Urborg Repossession_SB": 2977, "Herbology Instructor": 1275, "Restless Bivouac_SB": 2188, "Diabolic Intent": 662, "Lively Dirge_SB": 1609, "Molten Duplication": 1770, "Unidentified Hovership_SB": 2945, "Take Up the Shield_SB": 2665, "Arabella, Abandoned Doll_SB": 81, "Temple of Mystery": 2693, "Timely Interference": 2828, "Vesuvan Duplimancy": 3035, "Dive Down_SB": 684, "Scrawling Crawler_SB": 2331, "Hollow Marauder": 1313, "Overwhelming Remorse": 1937, "Stubborn Burrowfiend": 2601, "Dryad Militant_SB": 735, "Mockingbird_SB": 1764, "Chandra, Hope's Beacon_SB": 429, "Bristlebud Farmer": 321, "Charred Foyer && Warped Space_SB": 440, "Akawalli, the Seething Tower": 41, "Absolving Lammasu_SB": 6, "Dollmaker's Shop // Porcelain Gallery_SB": 692, "Bruse Tarl, Roving Rancher": 333, "Think Twice": 2773, "Micromancer_SB": 1726, "Coruscation Mage_SB": 534, "Fblthp, Lost on the Range": 901, "Weakstone's Subjugation": 3116, "Fblthp, Lost on the Range_SB": 902, "Proft's Eidetic Memory_SB": 2047, "Weakstone's Subjugation_SB": 3117, "Bottomless Pool && Locker Room": 282, "Tithing Blade_SB": 2843, "Hidetsugu's Second Rite_SB": 1299, "The Swarmweaver_SB": 2766, "Invasion of Karsus_SB": 1408, "Mirror Room && Fractured Realm_SB": 1745, "Sword of Wealth and Power_SB": 2652, "Wildfire Howl_SB": 3135, "Zurgo and Ojutai_SB": 3200, "Halo Forager_SB": 1209, "Mabel, Heir to Cragflame_SB": 1658, "Soulstone Sanctuary_SB": 2499, "Ballyrush Banneret": 164, "Myrel, Shield of Argive_SB": 1812, "Siege Veteran_SB": 2415, "Ezrim, Agency Chief": 868, "Karn, Living Legacy": 1473, "Metropolis Reformer": 1723, "Krenko's Buzzcrusher_SB": 1534, "Silverback Elder_SB": 2424, "Kellan, Inquisitive Prodigy": 1491, "Blood Spatter Analysis": 238, "Final Vengeance_SB": 962, "Rundvelt Hordemaster": 2261, "Branchblight Stalker": 296, "Experimental Augury": 852, "Gitaxian Anatomist": 1099, "Goliath Hatchery": 1150, "Ichorspit Basilisk": 1346, "Lakeside Shack": 1546, "Maze's Mantle": 1704, "Meat Locker // Drowned Diner": 1707, "Mesmerizing Dose": 1718, "Paladin of Predation": 1950, "Plague Nurse": 2010, "Reject Imperfection": 2163, "Serum Snare": 2376, "Tainted Observer": 2663, "Tangled Islet": 2673, "Thrummingbird": 2816, "Tyrranax Atrocity": 2911, "Venomous Brutalizer": 3032, "Viral Spawning": 3050, "Vivisurgeon's Insight": 3065, "Angelic Intervention": 64, "Awaken the Woods": 149, "Omenpath Journey": 1890, "Poison Dart Frog": 2019, "Rampaging Baloths": 2107, "Migloz, Maze Crusher_SB": 1731, "Seraphic Steed": 2373, "Meticulous Excavation_SB": 1722, "Raging Battle Mouse": 2091, "Loran's Escape_SB": 1633, "Seeker's Folly_SB": 2363, "Realmbreaker, the Invasion Tree": 2135, "Murky Sewer": 1809, "Undead Sprinter_SB": 2928, "Deeproot Pilgrimage": 620, "Mistway Spy": 1760, "Vodalian Hexcatcher": 3067, "Doomsday Excruciator_SB": 695, "Invasion of Kaldheim": 1406, "Pia Nalaar, Consul of Revival": 1995, "Crystal Grotto": 565, "Bottomless Pool // Locker Room": 284, "Getaway Glamer_SB": 1071, "Necrogen Communion": 1821, "Vraska Joins Up": 3088, "Thirsting Roots_SB": 2778, "Gwenna, Eyes of Gaea": 1200, "Halana and Alena, Partners": 1203, "Inga and Esika": 1368, "Melira, the Living Cure": 1712, "Myrel, Shield of Argive": 1811, "Elesh Norn_SB": 778, "Hajar, Loyal Bodyguard_SB": 1202, "Surrak and Goreclaw_SB": 2635, "Guardian of New Benalia": 1193, "Pest Control": 1973, "Heraldic Banner": 1273, "Defiled Crypt // Cadaver Lab_SB": 631, "Heraldic Banner_SB": 1274, "Karn's Sylex_SB": 1472, "The Stone Brain": 2762, "Decadent Dragon_SB": 614, "Vein Ripper": 3024, "Viashino Pyromancer_SB": 3042, "Aegis Turtle": 17, "Ivy, Gleeful Spellthief_SB": 1430, "Venerated Rotpriest_SB": 3027, "Jaya, Fiery Negotiator": 1440, "Grabby Giant": 1157, "Rite of the Dragoncaller": 2218, "Hulking Raptor": 1335, "Pugnacious Hammerskull": 2059, "Sword of Once and Future": 2649, "Battlefly Swarm": 188, "Seal from Existence": 2341, "Ghalta, Stampede Tyrant": 1076, "Solemn Simulacrum": 2478, "Invasion of Amonkhet_SB": 1398, "Beastie Beatdown": 192, "Annie Joins Up": 72, "Huatli, Poet of Unity": 1332, "Maha, Its Feathers Night_SB": 1671, "Thalia and The Gitrog Monster": 2710, "Surgical Suite && Hospital Room_SB": 2631, "Silver Scrutiny": 2422, "Island_SB": 1427, "Entity Tracker_SB": 815, "Rebel Salvo_SB": 2139, "Aether Channeler": 19, "Defiled Crypt && Cadaver Lab": 628, "Exuberant Fuseling": 867, "Thundertrap Trainer_SB": 2825, "Abuelo's Awakening": 7, "Kitsa, Otterball Elite_SB": 1510, "Rona, Herald of Invasion_SB": 2246, "Unnerving Grasp_SB": 2953, "Conspiracy Unraveler": 513, "Matzalantli, the Great Door": 1701, "Reenact the Crime": 2154, "Demonic Ruckus_SB": 645, "Impact Tremors_SB": 1354, "Cultivator's Caravan": 567, "Kona, Rescue Beastie": 1527, "Scene of the Crime": 2320, "Cankerbloom_SB": 371, "Adaptive Automaton": 14, "Three Tree Mascot": 2808, "Fear of Surveillance": 917, "Coveted Falcon_SB": 544, "Wishclaw Talisman_SB": 3149, "Smuggler's Surprise_SB": 2472, "Kambal, Profiteering Mayor": 1467, "Kaya, Spirits' Justice_SB": 1481, "Blasphemous Edict": 221, "Drown in Ichor": 731, "Whisper of the Dross": 3127, "Vraska's Fall_SB": 3090, "Defiler of Flesh": 633, "Garruk's Uprising": 1050, "Zul Ashur, Lich Lord": 3197, "Kraul Whipcracker_SB": 1531, "Muerra, Trash Tactician": 1802, "Invasion of Theros": 1414, "Oko, the Ringleader_SB": 1886, "Case of the Gateway Express_SB": 390, "Swooping Lookout": 2646, "Quick Draw_SB": 2074, "Palani's Hatcher": 1951, "Temple of Abandon": 2687, "Blasphemous Edict_SB": 222, "At Knifepoint_SB": 134, "Monstrous Rage_SB": 1786, "Kellan's Lightblades_SB": 1489, "Insatiable Avarice": 1375, "Wilt-Leaf Liege_SB": 3140, "Lifecreed Duo": 1588, "Recruitment Officer_SB": 2149, "Time Stop": 2826, "Crumb and Get It": 555, "Fleeting Flight_SB": 977, "Trash the Town_SB": 2877, "Skrelv, Defector Mite_SB": 2441, "Agrus Kos, Spirit of Justice": 32, "Hauntwoods Shrieker": 1238, "Annie Flash, the Veteran_SB": 71, "Defiled Crypt && Cadaver Lab_SB": 629, "Mechanized Warfare": 1710, "Bottomless Pool // Locker Room_SB": 285, "The Princess Takes Flight_SB": 2751, "Anim Pakal, Thousandth Moon_SB": 67, "Mischievous Mystic": 1748, "Restless Reef_SB": 2194, "One with the Multiverse": 1894, "Walk with the Ancestors": 3098, "Meathook Massacre II_SB": 1709, "Thundering Falls_SB": 2821, "Repulsive Mutation": 2174, "Sylvan Scavenging_SB": 2655, "Razorkin Needlehead": 2125, "Highway Robbery_SB": 1305, "Intrepid Paleontologist": 1395, "Bolt Bend_SB": 260, "Wishclaw Talisman": 3148, "Vaultborn Tyrant_SB": 3022, "Feldon's Cane": 931, "Neutralize the Guards": 1829, "Treasure Map": 2879, "Ayli, Eternal Pilgrim": 153, "Disturbing Conversion": 680, "Shipwreck Dowser": 2398, "Abuelo's Awakening_SB": 8, "Builder's Talent_SB": 338, "Eerie Interference_SB": 762, "Founding the Third Path_SB": 1010, "Satoru, the Infiltrator": 2296, "Wilt-Leaf Liege": 3139, "Charge of the Mites": 436, "Expel the Interlopers": 850, "Binding Negotiation": 205, "Vraska, the Silencer": 3093, "Obstinate Baloth": 1874, "Bramble Familiar": 294, "Felonious Rage_SB": 943, "Sphinx of the Final Word_SB": 2521, "Rip, Spawn Hunter": 2212, "Funeral Room // Awakening Hall": 1033, "Outlaw Medic": 1914, "Legion Extruder": 1564, "Thousand Moons Smithy_SB": 2794, "Blightbelly Rat": 231, "Unnatural Restoration": 2950, "Carnivorous Canopy_SB": 382, "Whisper of the Dross_SB": 3128, "Dawn's Truce_SB": 591, "Dowsing Device": 703, "Gleaming Geardrake": 1117, "Saheeli, Filigree Master": 2280, "The Mycosynth Gardens": 2749, "Saheeli, Filigree Master_SB": 2281, "Scrawling Crawler": 2330, "Archdruid's Charm_SB": 96, "Case of the Ransacked Lab": 394, "The Surgical Bay": 2764, "The Tale of Tamiyo": 2767, "Imprisoned in the Moon_SB": 1357, "Inquisitive Glimmer_SB": 1374, "Refute_SB": 2156, "Hugs, Grisly Guardian": 1333, "Kogla and Yidaro": 1520, "Karumonix, the Rat King": 1477, "Persistent Marshstalker": 1972, "Argentum Masticore": 105, "Hall of Tagsin": 1206, "Hedron Archive": 1261, "Tomakul Honor Guard": 2853, "Gaea's Gift": 1042, "Trash the Town": 2876, "Untimely Malfunction": 2965, "Argentum Masticore_SB": 106, "Choking Miasma": 448, "Bite Down": 209, "Bite Down_SB": 210, "Corsair Captain": 532, "Lost Jitte_SB": 1637, "Blazing Crescendo_SB": 227, "Leonin Vanguard_SB": 1570, "Ruin-Lurker Bat_SB": 2258, "The Millennium Calendar_SB": 2747, "Veteran Survivor_SB": 3038, "Corrupted Conviction_SB": 531, "Deadly Brew_SB": 602, "Lich-Knights' Conquest": 1585, "Cheeky House-Mouse_SB": 444, "Dryad Militant": 734, "Trostani, Three Whispers": 2888, "Kutzil, Malamet Exemplar_SB": 1542, "Contagious Vorrac": 516, "Necrogen Rotpriest": 1822, "Armored Scrapgorger_SB": 115, "Invasion of Fiora_SB": 1402, "Malcolm, Alluring Scoundrel_SB": 1677, "Churning Reservoir": 454, "Magmatic Sprinter": 1667, "Sardian Cliffstomper": 2293, "Solphim, Mayhem Dominus": 2480, "The Monumental Facade": 2748, "Churning Reservoir_SB": 455, "Magmatic Sprinter_SB": 1668, "Monastery Swiftspear_SB": 1781, "Sardian Cliffstomper_SB": 2294, "Brazen Collector": 303, "Generous Plunderer": 1061, "Ojer Axonil, Deepest Might": 1881, "Trial of Agony": 2882, "Zoyowa's Justice": 3196, "Ancestors' Aid_SB": 58, "Leyline of Resonance_SB": 1578, "Slickshot Show-Off_SB": 2466, "Gaea's Gift_SB": 1043, "Give In to Violence_SB": 1101, "Scrapwork Mutt": 2329, "Cityscape Leveler_SB": 461, "Nahiri's Resolve_SB": 1815, "Back for Seconds": 157, "Eriette's Tempting Apple": 818, "Experimental Confectioner": 853, "Feed the Cauldron": 925, "Gingerbread Hunter": 1095, "Greta, Sweettooth Scourge": 1179, "Mintstrosity": 1739, "Return from the Wilds": 2205, "Scream Puff": 2332, "Spider Food": 2522, "Sweettooth Witch": 2641, "Three Bowls of Porridge": 2804, "Candy Grapple_SB": 368, "Fell_SB": 940, "Murder_SB": 1807, "Sugar Rush_SB": 2605, "Obyra, Dreaming Duelist": 1876, "Repel Calamity_SB": 2173, "Delney, Streetwise Lookout": 634, "Stroke of Midnight": 2598, "Pile On": 2001, "Call a Surprise Witness": 363, "Micromancer": 1725, "Daggerfang Duo": 581, "Deathbloom Gardener": 608, "Hoarding Recluse": 1312, "Maha, Its Feathers Night": 1670, "Massacre Girl, Known Killer": 1697, "Moonstone Harbinger": 1790, "Pestilent Syphoner": 1975, "Ygra, Eater of All": 3176, "Drown in Ichor_SB": 732, "Rakdos, the Muscle": 2099, "Massacre Girl, Known Killer_SB": 1698, "Rakdos Joins Up_SB": 2097, "Rakdos, the Muscle_SB": 2100, "Ghalta and Mavren": 1073, "Hide in Plain Sight": 1295, "Manifest Dread": 1682, "Progenitus": 2048, "Threats Around Every Corner": 2802, "Crystal Barricade": 563, "Green Sun's Twilight_SB": 1174, "Break Down the Door": 306, "Bubble Smuggler": 336, "Cryptid Inspector": 562, "Cursed Windbreaker": 575, "Exit Specialist": 846, "Growing Dread": 1186, "Oblivious Bookworm": 1872, "Polukranos Reborn_SB": 2025, "Hazardroot Herbalist": 1242, "Head of the Homestead": 1245, "Rabbit Response": 2078, "Treeguard Duo": 2880, "Uncharted Haven": 2925, "Warren Elder": 3110, "Head of the Homestead_SB": 1246, "Grab the Prize_SB": 1156, "Stroke of Midnight_SB": 2599, "Dragonmaster Outcast": 713, "Hellspur Posse Boss": 1267, "Cynical Loner_SB": 580, "Hellspur Brute_SB": 1266, "Astor, Bearer of Blades": 131, "Bladehold War-Whip": 219, "Kellan, the Fae-Blooded": 1495, "Kemba, Kha Enduring": 1497, "Rebel Salvo": 2138, "Swiftfoot Boots": 2643, "Sword of Forge and Frontier": 2647, "Astor, Bearer of Blades_SB": 132, "Consuming Aberration": 515, "Knight of Dusk's Shadow": 1513, "No One Left Behind_SB": 1848, "Botanical Brawler": 280, "Dusk Legion Duelist": 741, "Railway Brawler": 2092, "Stocking the Pantry": 2580, "Tribute to the World Tree": 2884, "Collector's Cage_SB": 488, "Hop to It_SB": 1320, "Evolved Sleeper": 842, "Friendly Teddy": 1020, "Consumed by Greed_SB": 514, "Rankle's Prank_SB": 2113, "Barkform Harvester": 177, "Rampaging Spiketail": 2109, "Vorinclex": 3083, "Fae Flight_SB": 876, "Rush of Dread_SB": 2268, "Magebane Lizard": 1664, "Final Flourish_SB": 958, "Time Stop_SB": 2827, "Infectious Inquiry_SB": 1365, "Unnatural Restoration_SB": 2951, "Taii Wakeen, Perfect Shot": 2659, "Unruly Catapult": 2954, "Glassworks // Shattered Yard_SB": 1114, "Samut, Vizier of Naktamun": 2283, "Tribute to the World Tree_SB": 2885, "Hulking Metamorph": 1334, "Rest in Peace": 2183, "Surge Engine_SB": 2626, "Fake Your Own Death": 887, "Invasion of Ergamon": 1401, "Beastie Beatdown_SB": 193, "Break Out_SB": 308, "Ego Drain_SB": 764, "Hearthborn Battler_SB": 1258, "Vengeful Possession": 3029, "Repair and Recharge": 2172, "Step Between Worlds_SB": 2573, "Hexgold Halberd": 1288, "Skyfisher Spider_SB": 2450, "Kroxa and Kunoros": 1536, "Festerleech": 947, "Fallaji Archaeologist_SB": 890, "The Wandering Rescuer_SB": 2770, "Felidar Cub": 934, "Oracle of Tragedy": 1900, "Tarrian's Journal": 2675, "Dusk Rose Reliquary_SB": 743, "Felidar Cub_SB": 935, "Knight-Errant of Eos_SB": 1518, "Ruthless Lawbringer_SB": 2271, "Detective's Satchel": 656, "Torch the Witness": 2858, "Worldwalker Helm": 3163, "Forensic Gadgeteer_SB": 999, "Ice Out_SB": 1343, "Evolving Adaptive": 843, "Garruk's Uprising_SB": 1051, "Chart a Course_SB": 442, "Johann's Stopgap_SB": 1450, "Let's Play a Game_SB": 1572, "Surgical Suite && Hospital Room": 2630, "Quintorius Kand_SB": 2077, "Shrouded Shepherd": 2412, "Wandertale Mentor": 3100, "Vodalian Mindsinger_SB": 3068, "Soul Search": 2487, "Bonehoard Dracosaur_SB": 266, "Llanowar Elves_SB": 1612, "Ragged Playmate": 2089, "Trapped in the Screen": 2874, "Fear of Surveillance_SB": 918, "Grand Entryway // Elegant Rotunda_SB": 1163, "Norin, Swift Survivalist_SB": 1852, "Ragged Playmate_SB": 2090, "Think Twice_SB": 2774, "Take for a Ride_SB": 2666, "Fleeting Flight": 976, "Mosswood Dreadknight_SB": 1796, "Boltwave_SB": 262, "Enduring Courage_SB": 796, "War Squeak_SB": 3102, "Spirebluff Canal_SB": 2530, "Chandra, Flameshaper_SB": 427, "Blazing Crescendo": 226, "Ajani, Sleeper Agent": 37, "Glimmerlight": 1120, "Ashnod's Harvester": 122, "Warhost's Frenzy": 3107, "Geralf, the Fleshwright": 1064, "Geralf, the Fleshwright_SB": 1065, "Claim Jumper_SB": 464, "Mirrex_SB": 1744, "Tectonic Hazard": 2680, "Vraan, Executioner Thane": 3087, "Eaten Alive_SB": 756, "Rustler Rampage": 2269, "Wojek Investigator": 3160, "Recommission_SB": 2147, "Searslicer Goblin_SB": 2346, "Stormchaser's Talent_SB": 2592, "Phyrexian Missionary": 1990, "Cactarantula": 356, "Ojer Pakpatiq, Deepest Epoch": 1883, "Disturbing Conversion_SB": 681, "Enduring Vitality_SB": 804, "Koth, Fire of Resistance": 1528, "Lithomantic Barrage": 1605, "All Will Be One": 45, "Into the Fire": 1390, "Invasion of Karsus": 1407, "Ob Nixilis, Captive Kingpin": 1868, "Sentinel of Lost Lore": 2369, "Audience with Trostani_SB": 140, "Leyline of the Void": 1582, "Surgical Suite // Hospital Room_SB": 2633, "Defiler of Dreams_SB": 632, "Balustrade Wurm": 166, "Cosmic Hunger": 535, "Ojer Kaslem, Deepest Growth": 1882, "Paranormal Analyst": 1953, "Vannifar, Evolved Enigma": 3020, "Fog Bank_SB": 992, "Talion, the Kindly Lord_SB": 2671, "Wylie Duke, Atiin Hero": 3172, "Omen Hawker": 1888, "Valgavoth's Onslaught_SB": 2995, "Extraordinary Journey": 865, "Gold Pan": 1145, "Extraordinary Journey_SB": 866, "Nurturing Pixie_SB": 1863, "Pearl of Wisdom": 1963, "Moonshaker Cavalry": 1789, "Balemurk Leech": 162, "Bashful Beastie": 182, "Cackling Slasher": 354, "Defiant Survivor": 627, "Fear of the Dark": 919, "Flesh Burrower": 980, "Give In to Violence": 1100, "Grasping Longneck": 1164, "Horrid Vigor": 1326, "Innocuous Rat": 1372, "Let's Play a Game": 1571, "Meathook Massacre II": 1708, "Wickerfolk Thresher": 3131, "Winter's Intervention": 3144, "Analyze the Pollen_SB": 56, "Corpses of the Lost_SB": 527, "Bushwhack_SB": 352, "Mistbreath Elder_SB": 1757, "Polliwallop_SB": 2022, "Realmbreaker's Grasp_SB": 2134, "Stickytongue Sentinel_SB": 2575, "Tumbleweed Rising_SB": 2891, "Leyline of Transformation": 1580, "Saheeli's Lattice": 2279, "Hopeless Nightmare_SB": 1323, "Etali, Primal Storm_SB": 835, "Adamant Will": 13, "Goldvein Pick": 1148, "Moment of Triumph": 1774, "Pilfer": 2003, "Public Thoroughfare": 2058, "Undying Malice": 2935, "Cancel_SB": 367, "Opt_SB": 1896, "Connecting the Dots_SB": 510, "Makeshift Binding": 1674, "Dismal Backwater": 671, "Pelakka Wurm": 1966, "Extract a Confession_SB": 864, "Unauthorized Exit_SB": 2924, "Jump Scare_SB": 1456, "Progenitus_SB": 2049, "Harvestrite Host": 1230, "Cut Short_SB": 578, "Family Reunion_SB": 891, "Annihilating Glare": 73, "Fanatical Offering": 894, "Sword of Wealth and Power": 2651, "Lassoed by the Law": 1547, "Mabel's Mettle": 1656, "Skulduggery": 2442, "Skulduggery_SB": 2443, "Minor Misstep": 1737, "Hopeful Vigil": 1321, "Central Elevator // Promising Stairs": 419, "Creeping Peeper": 550, "Dazzling Theater // Prop Room": 597, "Erratic Apparition": 821, "Fear of Abduction": 903, "Fear of Falling": 907, "Lionheart Glimmer": 1603, "Restricted Office // Lecture Hall": 2203, "Underwater Tunnel // Slimy Aquarium": 2934, "Stalked Researcher_SB": 2553, "Tunnel Surveyor_SB": 2895, "Ajani, Nacatl Pariah": 36, "Arena of Glory": 104, "Arid Mesa": 109, "Fable of the Mirror-Breaker": 870, "Flooded Strand": 981, "Galvanic Discharge": 1045, "Goblin Bombardment": 1134, "Guide of Souls": 1195, "Marsh Flats": 1695, "Ocelot Pride": 1877, "Phlage, Titan of Fire's Fury": 1980, "Ragavan, Nimble Pilferer": 2087, "Sacred Foundry": 2276, "Showdown of the Skalds": 2409, "Static Prison": 2562, "Thraben Charm": 2795, "Windswept Heath": 3142, "Drannith Magistrate_SB": 718, "Fear, Fire, Foes!_SB": 920, "Obsidian Charmaw_SB": 1873, "Orim's Chant_SB": 1902, "Showdown of the Skalds_SB": 2410, "Stony Silence_SB": 2586, "Surgical Extraction_SB": 2629, "Wear // Tear_SB": 3118, "Archon of Cruelty": 101, "Bloodstained Mire": 246, "Brazen Borrower": 301, "Counterspell": 542, "Faithless Looting": 886, "Fatal Push": 897, "Force of Negation": 995, "Misty Rainforest": 1761, "Persist": 1971, "Polluted Delta": 2023, "Psychic Frog": 2056, "Scalding Tarn": 2307, "Sink into Stupor": 2429, "Spell Snare": 2512, "Steam Vents": 2565, "Tamiyo, Inquisitive Student": 2672, "Thoughtseize": 2791, "Unearth": 2936, "Watery Grave": 3114, "Consign to Memory_SB": 512, "Fable of the Mirror-Breaker_SB": 871, "Harbinger of the Seas_SB": 1216, "Nihil Spellbomb_SB": 1837, "Stern Scolding_SB": 2574, "Blazing Rootwalla": 228, "Burning Inquiry": 344, "Detective's Phoenix": 655, "Flameblade Adept": 968, "Goblin Lore": 1138, "Hollow One": 1314, "Lightning Bolt": 1590, "Stomping Ground": 2585, "Street Wraith": 2595, "Vengevine": 3031, "Wooded Foothills": 3161, "Cursed Totem_SB": 574, "Meltdown_SB": 1714, "Barbarian Ring": 175, "Eidolon of the Great Revel": 765, "Flare of Duplication": 972, "Goblin Guide": 1137, "Lava Spike": 1553, "Rift Bolt": 2210, "Searing Blaze": 2343, "Skewer the Critics": 2434, "Skullcrack": 2445, "Sunbaked Canyon": 2610, "Ensnaring Bridge_SB": 810, "Faerie Macabre_SB": 881, "Smash to Smithereens_SB": 2469, "Amulet of Vigor": 52, "Arboreal Grazer": 85, "Boseiju, Who Endures": 278, "Crumbling Vestige": 557, "Dryad Arbor": 733, "Dryad of the Ilysian Grove": 736, "Echoing Deeps": 758, "Explore": 855, "Green Sun's Zenith": 1175, "Gruul Turf": 1191, "Hanweir Battlements": 1213, "Lotus Field": 1640, "Mirrorpool": 1747, "Otawara, Soaring City": 1909, "Primeval Titan": 2042, "Scapeshift": 2312, "Shifting Woodland": 2396, "Simic Growth Chamber": 2426, "Summoner's Pact": 2607, "Tolaria West": 2849, "Urza's Cave": 2983, "Urza's Saga": 2986, "Valakut, the Molten Pinnacle": 2991, "Vesuva": 3033, "Bojuka Bog_SB": 259, "Collector Ouphe_SB": 486, "Defense Grid_SB": 626, "Dismember_SB": 672, "Endurance_SB": 794, "Force of Vigor_SB": 996, "Tireless Tracker_SB": 2835, "Vampires' Vengeance_SB": 3014, "Blood Crypt": 235, "Dwarven Mine": 748, "Indomitable Creativity": 1362, "Jetmir's Garden": 1444, "Prismatic Ending": 2045, "Wrenn and Six": 3168, "Xander's Lounge": 3173, "Boseiju, Who Endures_SB": 279, "Damping Sphere_SB": 583, "Hurkyl's Recall_SB": 1339, "Toxic Deluge_SB": 2864, "Cling to Dust": 474, "Harbinger of the Seas": 1215, "Murktide Regent": 1808, "Preordain": 2037, "Thought Scour": 2788, "Engineered Explosives_SB": 807, "Mystical Dispute_SB": 1814, "Spell Pierce_SB": 2511, "The Meathook Massacre_SB": 2744, "Orcish Bowmasters": 1901, "Godless Shrine": 1144, "Phelia, Exuberant Shepherd": 1979, "Seasoned Pyromancer": 2355, "Thoughtseize_SB": 2792, "Wrath of the Skies_SB": 3164, "Den of the Bugbear": 646, "Devastating Summons": 657, "Foundry Street Denizen": 1011, "Goblin Bushwhacker": 1135, "Goblin Grenade": 1136, "Goblin Piledriver": 1140, "Legion Loyalist": 1566, "Mogg War Marshal": 1765, "Reckless Bushwhacker": 2140, "Skirk Prospector": 2435, "Sokenzan, Crucible of Defiance": 2477, "Blood Moon_SB": 237, "Magus of the Moon_SB": 1669, "Reality Hemorrhage_SB": 2132, "Shattering Spree_SB": 2387, "Tormod's Crypt_SB": 2860, "Ziatora's Proving Ground": 3188, "Terastodon_SB": 2700, "Veil of Summer_SB": 3023, "Consider": 511, "Graveyard Trespasser": 1165, "Exquisite Firecraft_SB": 858, "Searing Blood_SB": 2344, "Tunnel Ignus_SB": 2893, "Chained to the Rocks": 422, "Chained to the Rocks_SB": 423, "Ragavan, Nimble Pilferer_SB": 2088, "Vexing Bauble": 3039, "Colossal Skyturtle_SB": 495, "Generous Ent_SB": 1060, "Grist, the Hunger Tide_SB": 1185, "Hexdrinker_SB": 1287, "Giant Growth_SB": 1089, "Balmor, Battlemage Captain": 165, "Bria, Riptide Rogue": 312, "Freeze in Place": 1016, "Relic's Roar": 2166, "Run Away Together_SB": 2259, "Scalding Viper_SB": 2309, "Over the Edge_SB": 1919, "Poison Dart Frog_SB": 2020, "Slice from the Shadows": 2462, "Talion, the Kindly Lord": 2670, "Come Back Wrong": 499, "Glassworks // Shattered Yard": 1113, "Beamtown Beatstick": 190, "Celestial Armor": 416, "Diamond Pick-Axe": 663, "Sunfire Torch": 2616, "Carrot Cake_SB": 385, "Edgewall Inn": 761, "Goliath Hatchery_SB": 1151, "Hammerhand_SB": 1212, "Heartfire Hero_SB": 1251, "Inti, Seneschal of the Sun_SB": 1387, "Nettle Guard": 1827, "Pests of Honor": 1976, "Three Blind Mice": 2803, "Dauntless Dismantler_SB": 589, "Phoenix Chick_SB": 1982, "Sure Strike_SB": 2624, "Twinferno_SB": 2900, "Ancestors' Aid": 57, "Dwarven Forge-Chanter": 747, "Furious Bellow": 1035, "Ghitu Amplifier": 1078, "Heartfire Immolator": 1252, "Sure Strike": 2623, "Whiskerquill Scribe": 3126, "Brambleguard Captain": 295, "Defabricate": 622, "Fear of Burning Alive": 906, "Iron-Fist Pulverizer": 1424, "Johann, Apprentice Sorcerer": 1451, "Keldon Flamesage": 1486, "Kraum, Violent Cacophony": 1532, "Molten Tributary": 1771, "Nightwhorl Hermit": 1836, "Pyrotechnic Performer": 2066, "Razzle-Dazzler": 2131, "Snaremaster Sprite": 2475, "Stop Cold": 2587, "Thopter Mechanic": 2783, "Vesuvan Drifter": 3034, "Involuntary Cooldown_SB": 1420, "Kellan, Planar Trailblazer_SB": 1494, "Mishra's Command_SB": 1753, "Out of Air_SB": 1911, "Plan the Heist_SB": 2013, "Sleight of Hand_SB": 2461, "Trick Shot_SB": 2886, "Violent Urge_SB": 3049, "Harrier Strix": 1226, "The Filigree Sylex": 2727, "Gleaming Barrier": 1115, "Gleaming Barrier_SB": 1116, "Solemn Simulacrum_SB": 2479, "Hardened Escort": 1221, "Holy Cow": 1316, "Living Phone": 1610, "Unsettling Twins": 2956, "Feather of Flight_SB": 923, "Possessed Goat_SB": 2032, "Raccoon Rallier_SB": 2081, "Rogue's Passage_SB": 2240, "The Jolly Balloon Man_SB": 2738, "Unsettling Twins_SB": 2957, "Halo Hopper": 1210, "Charge of the Mites_SB": 437, "Hellspur Posse Boss_SB": 1268, "Grand Abolisher": 1159, "Unnerving Grasp": 2952, "Make Your Move_SB": 1672, "Fynn, the Fangbearer_SB": 1041, "Harbinger of the Tides": 1217, "Harbinger of the Tides_SB": 1218, "Pile On_SB": 2002, "Cat Collector": 399, "Bottomless Pool && Locker Room_SB": 283, "Growing Rites of Itlimoc": 1187, "Flowstone Infusion": 990, "Into the Roil": 1393, "Into the Roil_SB": 1394, "Ayara, Widow of the Realm": 152, "Arachnoid Adaptation": 82, "Throw from the Saddle": 2815, "Longstalk Brawl_SB": 1625, "Thrill of Possibility_SB": 2813, "Season of Gathering": 2347, "Warren Warleader": 3111, "Horrid Vigor_SB": 1327, "Lionheart Glimmer_SB": 1604, "Omnivorous Flytrap_SB": 1893, "Seasoned Warrenguard_SB": 2357, "Feldon, Ronom Excavator": 933, "Roc Hunter": 2234, "Scalding Viper": 2308, "Adventuring Gear_SB": 16, "Fear of Being Hunted_SB": 905, "Trial of Agony_SB": 2883, "Vicious Clown_SB": 3044, "Jump Scare": 1455, "Niko, Light of Hope": 1838, "Stalked Researcher": 2552, "Tunnel Surveyor": 2894, "Fear of Isolation_SB": 913, "Splash Portal_SB": 2534, "Demonic Pact_SB": 643, "Rite of the Dragoncaller_SB": 2219, "Valorous Stance": 3009, "Lodestone Needle": 1618, "Sawblade Skinripper_SB": 2303, "Zephyr Singer": 3184, "Grim Bauble": 1183, "Momentum Breaker": 1776, "Bleachbone Verge": 229, "Ride's End": 2208, "Wastewood Verge": 3113, "Willowrush Verge": 3138, "Oildeep Gearhulk": 1879, "Spell Pierce": 2510, "Oildeep Gearhulk_SB": 1880, "Outpace Oblivion_SB": 1916, "Afterburner Expert": 24, "Draconautics Engineer": 704, "Dredger's Insight": 727, "Loot, the Pathfinder": 1628, "Molt Tender": 1767, "Restless Spire_SB": 2198, "Sunbillow Verge": 2611, "Haunt the Network_SB": 1234, "Debris Beetle": 611, "Vein Ripper_SB": 3025, "Intimidation Tactics": 1388, "Ketramose, the New Dawn": 1498, "Thousand Moons Smithy": 2793, "Transmutation Font": 2873, "Braided Net_SB": 291, "Bartolom\u00e9 del Presidio_SB": 181, "Lunar Convocation_SB": 1649, "Bloodghast": 242, "Valley Rotcaller_SB": 3006, "Defend the Rider": 624, "Hazoret, Godseeker": 1244, "Gleeful Demolition_SB": 1119, "Monument to Endurance": 1787, "Cunning Coyote_SB": 569, "Playful Shove": 2015, "Boosted Sloop": 274, "Broadside Barrage": 326, "Captain Howler, Sea Scourge": 374, "Fearless Swashbuckler": 921, "Lifecraft Engine": 1587, "Marauding Mako": 1689, "Scrounging Skyray": 2337, "Unctus, Grand Metatect": 2926, "Bounce Off": 287, "Chandra, Spark Hunter": 430, "Riverpyre Verge": 2227, "Fuel the Flames_SB": 1027, "Brightglass Gearhulk": 315, "Overgrown Zealot": 1922, "Transit Mage": 2872, "Lightwheel Enhancements": 1595, "Momentum Breaker_SB": 1777, "Perilous Snare": 1969, "Repurposing Bay": 2176, "Spectacular Pileup": 2504, "Perilous Snare_SB": 1970, "Red Sun's Twilight_SB": 2150, "Nesting Bot": 1826, "Voyager Glidecar": 3085, "Chandra, Spark Hunter_SB": 431, "Coiling Rebirth_SB": 482, "Intimidation Tactics_SB": 1389, "Collision Course_SB": 492, "Mishra, Claimed by Gix": 1755, "Phyrexian Dragon Engine": 1987, "The Aetherspark_SB": 2713, "Invasion of Mercadia": 1409, "Sazacap's Brew": 2306, "Bounce Off_SB": 288, "Broadside Barrage_SB": 327, "Webstrike Elite": 3121, "Webstrike Elite_SB": 3122, "Bloated Contaminator_SB": 234, "Melira, the Living Cure_SB": 1713, "Gastal Thrillroller_SB": 1056, "Claim Jumper": 463, "Caelorna, Coral Tyrant_SB": 357, "Grim Bauble_SB": 1184, "Heliod, the Radiant Dawn": 1264, "Twinblade Blessing": 2898, "Quag Feast": 2069, "Amonkhet Raceway": 51, "Gas Guzzler": 1052, "The Speed Demon": 2759, "Soul of Windgrace": 2489, "Debris Beetle_SB": 612, "Pit Automaton": 2007, "Visage of Dread": 3061, "Aether Syphon_SB": 21, "The Last Ride_SB": 2742, "Visage of Dread_SB": 3062, "Thunderous Velocipede": 2822, "Riverchurn Monument": 2224, "Stock Up": 2578, "Expel the Interlopers_SB": 851, "Flotsam // Jetsam_SB": 985, "Burnout Bashtronaut": 346, "Count on Luck_SB": 541, "Optimistic Scavenger_SB": 1898, "Explosive Derailment_SB": 857, "Memory Guardian": 1715, "Mendicant Core, Guidelight": 1716, "Diversion Unit_SB": 686, "Greasewrench Goblin": 1167, "Agonasaur Rex": 30, "Sandstalker Moloch_SB": 2284, "Howlsquad Heavy": 1330, "Diversion Unit": 685, "Esoteric Duplicator": 827, "Riptide Gearhulk": 2213, "Voyage Home": 3084, "Monument to Endurance_SB": 1788, "Mu Yanling, Wind Rider": 1800, "The Aetherspark": 2712, "Gastal Thrillroller": 1055, "Mishra's Command": 1752, "Conduit of Worlds_SB": 507, "Tomik, Wielder of Law_SB": 2855, "Gastal Thrillseeker": 1057, "The Last Ride": 2741, "Ancient Vendetta_SB": 61, "The Speed Demon_SB": 2760, "Defend the Rider_SB": 625, "Lumbering Worldwagon": 1643, "Restless Anchorage_SB": 2186, "Mindspring Merfolk": 1736, "Overrun": 1935, "Demonic Junker": 640, "Nexus of Becoming": 1831, "Engine Rat": 805, "Gonti, Night Minister": 1152, "Teysa, Opulent Oligarch": 2709, "Gumdrop Poisoner": 1198, "Say Its Name_SB": 2305, "Spectral Interference_SB": 2508, "Muraganda Raceway": 1805, "Ratadrabik of Urborg": 2116, "Zephyr Singer_SB": 3185, "Spectacular Pileup_SB": 2505, "Full Throttle_SB": 1030, "Loot, the Key to Everything_SB": 1627, "Loot, the Pathfinder_SB": 1629, "Painful Quandary_SB": 1945, "Lassoed by the Law_SB": 1548, "Ride's End_SB": 2209, "Thalia and The Gitrog Monster_SB": 2711, "Zahur, Glory's Past": 3182, "Spring-Loaded Sawblades_SB": 2542, "Unstable Glyphbridge_SB": 2959, "Urza's Command_SB": 2984, "Dive Down": 683, "Basri, Tomorrow's Champion": 185, "Skyseer's Chariot_SB": 2453, "Third Path Iconoclast_SB": 2776, "Far Fortune, End Boss": 895, "Coalstoke Gearhulk_SB": 478, "Leaf-Crowned Visionary_SB": 1561, "Mossborn Hydra_SB": 1794, "Overrun_SB": 1936, "Wardens of the Cycle_SB": 3106, "Ancient Vendetta": 60, "Sword of Forge and Frontier_SB": 2648, "Locust Spray": 1617, "Blast Zone_SB": 224, "Become Brutes": 194, "The Elder Dragon War_SB": 2720, "Dropkick Bomber": 730, "Kellan, Inquisitive Prodigy_SB": 1492, "Veteran Survivor": 3037, "Quag Feast_SB": 2070, "Caradora, Heart of Alacria": 378, "Skyseer's Chariot": 2452, "Valor's Flagship": 3007, "Veteran Beastrider": 3036, "Invasion of Regatha_SB": 1411, "Regal Imperiosaur": 2161, "The Skullspore Nexus": 2757, "Intrepid Paleontologist_SB": 1396, "Ketramose, the New Dawn_SB": 1499, "Bringer of the Last Gift": 320, "Skitterbeam Battalion": 2437, "Terisian Mindbreaker": 2701, "Tyrox, Saurid Tyrant": 2910, "Voyager Glidecar_SB": 3086, "Fuel the Flames": 1026, "Skycrash": 2447, "Thopter Fabricator_SB": 2782, "Gastal Raider_SB": 1054, "Shoreline Looter": 2408, "Engine Rat_SB": 806, "Rampaging Raptor": 2108, "Agonasaur Rex_SB": 31, "Jodah, the Unifier_SB": 1449, "Essence Channeler_SB": 829, "Lunar Insight": 1650, "Dune Drifter": 738, "Coalstoke Gearhulk": 477, "Visage Bandit": 3060, "Waxen Shapethief": 3115, "Threadbind Clique": 2801, "Twining Twins": 2902, "Boommobile": 270, "Forging the Anchor": 1003, "Radiant Lotus": 2083, "The Mightstone and Weakstone_SB": 2746, "Goldvein Hydra_SB": 1147, "Boommobile_SB": 271, "Radiant Lotus_SB": 2084, "Bloodthorn Flail": 249, "Flamewake Phoenix": 970, "Cryptcaller Chariot_SB": 559, "Spiteful Hexmage_SB": 2532, "Riverchurn Monument_SB": 2225, "Riptide Gearhulk_SB": 2214, "Volley Veteran": 3078, "Thopter Fabricator": 2781, "Clamorous Ironclad": 467, "Furnace Host Charger": 1036, "Alania, Divergent Storm": 42, "Frolicking Familiar": 1021, "Wishing Well": 3150, "Resplendent Angel_SB": 2181, "Cephalopod Sentry": 420, "Tinker's Tote": 2829, "Haunt the Network": 1233, "Sorcerous Spyglass": 2483, "Demonic Junker_SB": 641, "Redshift, Rocketeer Chief": 2153, "Halana and Alena, Partners_SB": 1204, "Valor's Flagship_SB": 3008, "Tocasia's Welcome_SB": 2848, "Stall Out": 2554, "Stall Out_SB": 2555, "Gloryheath Lynx": 1127, "Sovereign Okinec Ahau": 2501, "The Raven Man": 2752, "The Raven Man_SB": 2753, "Broodheart Engine": 328, "Marketback Walker": 1693, "Sab-Sunen, Luxa Embodied": 2274, "Simian Simulacrum": 2425, "Sylvan Scavenging": 2654, "Bat Colony": 186, "Calamitous Cave-In": 358, "Gargantuan Leech": 1047, "Hidden Volcano": 1294, "Promising Vein": 2052, "Boom Box": 269, "Broadcast Rambler": 325, "Conduit of Worlds": 506, "Possession Engine": 2033, "Leyline Binding_SB": 1575, "Bulwark Ox": 340, "Reluctant Role Model": 2167, "Reluctant Role Model_SB": 2168, "The Goose Mother": 2730, "Mold Adder_SB": 1766, "Marketback Walker_SB": 1694, "Daretti, Rocketeer Engineer": 584, "Threefold Thunderhulk": 2810, "Tune Up": 2892, "Meteor Golem_SB": 1720, "Burnout Bashtronaut_SB": 347, "Gastal Raider": 1053, "Oviya, Automech Artisan": 1941, "Market Gnome_SB": 1692, "The Skullspore Nexus_SB": 2758, "Cosmium Confluence": 538, "Festival of Embers": 948, "Hidden Nursery": 1293, "Skycrash_SB": 2448, "Nexus of Becoming_SB": 1832, "Akal Pakal, First Among Equals_SB": 40, "Collector's Vault_SB": 490, "Thran Spider_SB": 2798, "Sab-Sunen, Luxa Embodied_SB": 2275, "Earthrumbler": 753, "Deepfathom Echo": 619, "Forensic Researcher": 1000, "Oko, the Ringleader": 1885, "Chitin Gravestalker": 447, "Starving Revenant_SB": 2560, "Steamcore Scholar_SB": 2567, "Ojer Pakpatiq, Deepest Epoch_SB": 1884, "Lavaspur Boots_SB": 1555, "Thunderous Velocipede_SB": 2823, "Fear of Infinity_SB": 911, "Stock Up_SB": 2579, "Dredger's Insight_SB": 728, "Fauna Shaman_SB": 900, "Sunder the Gateway": 2612, "Overwhelming Remorse_SB": 1938, "Barrow Naughty": 179, "Drag the Canal": 705, "Faerie Slumber Party": 884, "Mocking Sprite": 1762, "Spellscorn Coven": 2517, "Talion's Messenger": 2668, "Coerced to Kill": 480, "Etrata, Deadly Fugitive": 840, "Unstoppable Plan_SB": 2960, "Hoarding Broodlord": 1311, "Shadow-Rite Priest": 2379, "Training Grounds": 2867, "Nahiri's Warcrafting_SB": 1816, "Baral and Kari Zev": 174, "Enigma Drake": 808, "Eroded Canyon": 819, "Brightfield Glider": 314, "Congregation Gryff": 509, "Giant Beaver": 1085, "Lagorin, Soul of Alacria": 1544, "Miriam, Herd Whisperer": 1741, "Ornery Tumblewagg": 1903, "Trained Arynx": 2866, "Run Over_SB": 2260, "Reject Imperfection_SB": 2164, "Vivisurgeon's Insight_SB": 3066, "Night Market": 1834, "Stockpiling Celebrant": 2581, "Carrion Locust_SB": 383, "Skullcap Snail_SB": 2444, "Stockpiling Celebrant_SB": 2582, "Akal Pakal, First Among Equals": 39, "Forensic Gadgeteer": 998, "Deduce_SB": 616, "Wreck Remover_SB": 3165, "Brave the Wilds": 300, "Fountainport Bell": 1013, "Guidelight Optimizer": 1196, "Oaken Siren": 1865, "Machine Over Matter_SB": 1660, "Armored Scrapgorger": 114, "Spinewoods Paladin": 2526, "Malcator, Purity Overseer": 1675, "Phyrexian Missionary_SB": 1991, "Tranquil Cove_SB": 2869, "Crumb and Get It_SB": 556, "Exsanguinate_SB": 860, "Exsanguinate": 859, "Flame Lash": 967, "Syr Ginger, the Meal Ender_SB": 2658, "Legion Extruder_SB": 1565, "Blightstep Pathway": 232, "Bloodtithe Harvester": 250, "Extinction Event": 861, "Mutavault": 1810, "Urborg, Tomb of Yawgmoth": 2980, "Anger of the Gods_SB": 65, "Extinction Event_SB": 862, "Fatal Push_SB": 898, "Gifted Aetherborn_SB": 1090, "Invoke Despair_SB": 1419, "Unlicensed Hearse_SB": 2949, "Castle Locthwain": 398, "Clearwater Pathway": 471, "Field of Ruin": 950, "Geier Reach Sanitarium": 1059, "Hall of Storm Giants": 1205, "Hive of the Eye Tyrant": 1310, "Narset, Parter of Veils": 1817, "Omen of the Sea": 1889, "Paradoxical Outcome": 1952, "Shipwreck Marsh": 2399, "Takenuma, Abandoned Mire": 2667, "The Meathook Massacre": 2743, "Annul_SB": 74, "Ashiok, Dream Render_SB": 118, "Weathered Runestone_SB": 3120, "Yorion, Sky Nomad_SB": 3178, "Blade of the Oni": 217, "Go Blank_SB": 1131, "Hidetsugu Consumes All_SB": 1296, "Fetid Pools": 949, "Yorion, Sky Nomad": 3177, "Arclight Phoenix": 103, "Fiery Impulse": 956, "Izzet Charm": 1432, "Lightning Axe": 1589, "Prismari Command": 2043, "Spikefield Hazard": 2523, "Stormcarved Coast": 2589, "Treasure Cruise": 2878, "Aether Gust_SB": 20, "Bishop of Wings": 208, "Branchloft Pathway": 297, "Cave of the Frost Dragon": 409, "Collected Company": 483, "Eiganjo, Seat of the Empire": 766, "Nykthos, Shrine to Nyx": 1864, "Overgrown Farmland": 1920, "Portable Hole": 2027, "Resplendent Marshal": 2182, "Righteous Valkyrie": 2211, "Skyclave Apparition": 2446, "Temple Garden": 2686, "Archon of Absolution_SB": 100, "Brave the Elements_SB": 299, "Brutal Cathar_SB": 335, "Heroic Intervention_SB": 1284, "Reidane, God of the Worthy_SB": 2162, "Shapers' Sanctuary_SB": 2382, "Cragcrown Pathway": 545, "Ramunap Ruins": 2110, "Reckless Rage": 2143, "Soul-Scar Mage": 2492, "Redcap Melee_SB": 2151, "Cavalier of Thorns": 408, "Elvish Mystic": 787, "Kiora, Behemoth Beckoner": 1502, "Lair of the Hydra": 1545, "Leyline of the Guildpact": 1581, "Oath of Nissa": 1867, "Old-Growth Troll": 1887, "Storm the Festival": 2588, "Ulvenwald Oddity": 2920, "Arasta of the Endless Web_SB": 84, "Emrakul, the Promised End_SB": 793, "Setessan Petitioner_SB": 2378, "Ledger Shredder": 1563, "Riverglide Pathway": 2226, "Brazen Borrower_SB": 302, "Prismari Command_SB": 2044, "Ashiok, Nightmare Muse_SB": 119, "Foreboding Ruins": 997, "Invoke Despair": 1418, "Kroxa, Titan of Death's Hunger": 1537, "Kolaghan's Command_SB": 1523, "Claim // Fame": 462, "Infuriate": 1367, "Kumano Faces Kakkazan": 1538, "Claim the Firstborn_SB": 466, "Grafdigger's Cage_SB": 1158, "Hazoret the Fervent_SB": 1243, "Experimental Frenzy_SB": 854, "Krenko's Buzzcrusher": 1533, "Collective Brutality": 484, "Faithful Mending": 885, "Greasefang, Okiba Boss": 1166, "Hallowed Fountain": 1207, "Parhelion II": 1954, "Raffine's Tower": 2086, "Shattered Sanctum": 2386, "Skysovereign, Consul Flagship": 2454, "Stubborn Denial": 2602, "Tainted Indulgence": 2662, "Vanishing Verse": 3018, "Deafening Silence_SB": 607, "Dovin's Veto_SB": 702, "Silence_SB": 2418, "Vanishing Verse_SB": 3019, "Breeding Pool": 311, "Enigmatic Incarnation": 809, "Indatha Triome": 1361, "Linvala, the Preserver": 1602, "Overgrown Tomb": 1921, "Savai Triome": 2297, "Spara's Headquarters": 2502, "Zagoth Triome": 3181, "Archon of Emeria_SB": 102, "Knockout Blow_SB": 1519, "Ruric Thar, the Unbowed_SB": 2266, "Thought Distortion_SB": 2787, "Cauldron Familiar": 404, "Claim the Firstborn": 465, "Deadly Dispute": 605, "Mayhem Devil": 1702, "Witch's Oven": 3153, "Ob Nixilis, the Adversary_SB": 1869, "Darksteel Citadel": 588, "Ensoul Artifact": 811, "Shrapnel Blast": 2411, "Smuggler's Copter": 2470, "Voldaren Epicure": 3075, "Rending Volley_SB": 2171, "Shadowspear_SB": 2380, "Voltage Surge_SB": 3079, "Haunted Ridge": 1236, "Colossus Hammer": 496, "Eldritch Evolution": 769, "Mana Confluence": 1681, "Raffine's Informant": 2085, "Sigarda's Aid": 2416, "Soulflayer": 2494, "Sylvan Caryatid": 2653, "Bloodline Culling_SB": 245, "Collective Brutality_SB": 485, "Portable Hole_SB": 2028, "Burner Rocket": 343, "Cloudspire Skycycle": 476, "Dynamite Diver": 752, "Guidelight Synergist": 1197, "Kolodin, Triumph Caster": 1524, "Count on Luck": 540, "Frenzied Goblin": 1017, "Doubling Season_SB": 700, "Fanatical Firebrand_SB": 893, "Howlsquad Heavy_SB": 1331, "Reckless Lackey_SB": 2142, "Rundvelt Hordemaster_SB": 2262, "District Mascot": 679, "Shivan Devastator": 2400, "Zimone, Paradox Sculptor": 3189, "Tyvar, the Pummeler_SB": 2919, "Zopandrel, Hunger Dominus_SB": 3193, "Aurelia, the Warleader": 142, "Gilded Ghoda": 1093, "Bonecrusher Giant": 263, "Burning-Tree Emissary": 345, "Chandra, Torch of Defiance": 432, "Collision // Colossus": 491, "Gruul Spellbreaker": 1190, "Kami's Flare": 1470, "Pelt Collector": 1967, "Voltaic Brawler": 3080, "Zhur-Taa Goblin": 3187, "Bonecrusher Giant_SB": 264, "Chandra, Torch of Defiance_SB": 433, "Cindervines_SB": 457, "Kami's Flare_SB": 1471, "Roiling Vortex_SB": 2242, "Barrier Breach_SB": 178, "Leyline of Sanctity_SB": 1579, "Dawnwing Marshal": 592, "Fear of Infinity": 910, "Furnace Punisher_SB": 1037, "Laughing Jasper Flint_SB": 1552, "Rocky Roads": 2237, "Lumbering Worldwagon_SB": 1644, "Cosmic Rebirth_SB": 537, "Goblin Oriflamme": 1139, "Drake Hatcher_SB": 716, "Eddymurk Crab_SB": 760, "Spectral Interference": 2507, "Mondrak, Glory Dominus_SB": 1782, "Mimeoplasm, Revered One": 1733, "Map the Frontier": 1685, "No Witnesses_SB": 1850, "Devouring Sugarmaw": 658, "Amalia Benavides Aguirre_SB": 49, "Elas il-Kor, Sadistic Pilgrim_SB": 768, "Fiendish Panda_SB": 952, "Knight of Dawn's Light_SB": 1512, "Become Brutes_SB": 195, "Cindering Cutthroat_SB": 456, "Ravine Raider_SB": 2124, "Risky Shortcut_SB": 2216, "Spin Out_SB": 2524, "Steampath Charger_SB": 2568, "Etched Familiar": 837, "Winter, Cursed Rider": 3145, "Radiant Grove": 2082, "Streetwise Negotiator_SB": 2596, "Divine Resilience": 687, "Greenhouse // Rickety Gazebo": 1176, "Mirror Room // Fractured Realm": 1746, "Silken Strength": 2421, "Herd Migration_SB": 1279, "Armored Armadillo_SB": 112, "Gixian Infiltrator_SB": 1106, "Kykar, Zephyr Awakener": 1543, "Realm-Scorcher Hellkite": 2133, "Sentinel of Lost Lore_SB": 2370, "Spyglass Siren_SB": 2545, "Lathril, Blade of the Elves_SB": 1550, "The Huntsman's Redemption_SB": 2733, "Gloryheath Lynx_SB": 1128, "Threefold Thunderhulk_SB": 2811, "Primeval Bounty": 2040, "Cryptcaller Chariot": 558, "Disenchant": 667, "Captain Howler, Sea Scourge_SB": 375, "Gigantosaurus": 1091, "Llanowar Stalker": 1615, "Ghalta, Primal Hunger_SB": 1075, "Gigantosaurus_SB": 1092, "Thirsting Roots": 2777, "Mindsparker_SB": 1734, "Cursed Recording_SB": 573, "Meeting of Minds": 1711, "Rangers' Refueler": 2111, "Steel Hellkite_SB": 2569, "Karn, Living Legacy_SB": 1474, "The Everflowing Well": 2726, "The Stasis Coffin": 2761, "Kellan Joins Up": 1488, "Ovika, Enigma Goliath_SB": 1940, "Quaketusk Boar": 2071, "Bestow Greatness_SB": 199, "Leaping Ambush": 1562, "Raucous Theater_SB": 2122, "Flowstone Infusion_SB": 991, "Alesha, Who Laughs at Fate_SB": 44, "Lazav, Wearer of Faces_SB": 1559, "Harmless Offering_SB": 1224, "Return Triumphant": 2204, "Souls of the Lost_SB": 2497, "Slickshot Lockpicker_SB": 2464, "Flashfreeze": 973, "Synchronized Charge": 2656, "Heritage Reclamation_SB": 1281, "Magmatic Hellkite_SB": 1666, "Interface Ace": 1385, "Sunpearl Kirin": 2618, "Elspeth, Storm Slayer": 781, "Cori Mountain Monastery": 523, "Dispelling Exhale": 673, "Jeskai Revelation": 1442, "Marang River Regent": 1686, "Shiko, Paragon of the Way": 2397, "Rally the Monastery": 2106, "Surrak, Elusive Hunter": 2636, "Surrak, Elusive Hunter_SB": 2637, "Cori-Steel Cutter": 524, "Jeskai Revelation_SB": 1443, "Voice of Victory_SB": 3070, "Herd Heirloom": 1277, "Sage of the Skies_SB": 2278, "Elspeth, Storm Slayer_SB": 782, "United Battlefront": 2948, "Sandsteppe Citadel": 2285, "Skirmish Rhino": 2436, "Desperate Measures": 652, "Rot-Curse Rakshasa": 2247, "Winternight Stories": 3146, "Tersa Lightshatter": 2707, "Glacial Dragonhunt": 1108, "Auroral Procession": 143, "Opulent Palace": 1899, "Rakshasa's Bargain": 2101, "Mistrise Village": 1758, "Tersa Lightshatter_SB": 2708, "Roiling Dragonstorm": 2241, "Gilded Lotus_SB": 1094, "Static Snare": 2563, "Tempest Hawk": 2685, "Frontline Rush": 1024, "Cori-Steel Cutter_SB": 525, "Rediscover the Way": 2152, "Kishla Village": 1505, "Restless Vents_SB": 2200, "Dalkovan Encampment": 582, "Fresh Start_SB": 1019, "Mystic Monastery": 1813, "Frostcliff Siege": 1025, "Duty Beyond Death_SB": 746, "Frontier Bivouac": 1022, "Two-Headed Hunter_SB": 2908, "Qarsi Revenant_SB": 2068, "Caustic Exhale": 407, "Disruptive Stormbrood": 674, "Dragonologist": 714, "Scavenger Regent": 2315, "Scavenger Regent_SB": 2316, "Qarsi Revenant": 2067, "Spectral Denial": 2506, "Overwhelming Surge_SB": 1939, "Wild Ride": 3132, "Fleeting Effigy": 975, "Corroding Dragonstorm": 528, "Voice of Victory": 3069, "Clarion Conqueror_SB": 468, "Bleachbone Verge_SB": 230, "Sage of the Skies": 2277, "Heritage Reclamation": 1280, "Unscrupulous Agent": 2955, "Craterhoof Behemoth": 547, "Rakshasa's Bargain_SB": 2102, "Helga, Skittish Seer": 1262, "Helga, Skittish Seer_SB": 1263, "Mistrise Village_SB": 1759, "Unending Whisper": 2937, "Harried Spearguard": 1225, "Toxin Analysis_SB": 2865, "Case of the Pilfered Proof": 393, "Coordinated Maneuver_SB": 518, "Winternight Stories_SB": 3147}}