{"vocabulary": {"Abhorrent Oculus": 1, "Adarkar Wastes": 15, "Chart a Course": 442, "Floodfarm Verge": 978, "Haughty Djinn": 1224, "Helping Hand": 1262, "Into the Flood Maw": 1380, "Island": 1418, "Meticulous Archive": 1712, "Moment of Truth": 1765, "Phantom Interference": 1968, "Picklock Prankster": 1991, "Plains": 2004, "Recommission": 2135, "Seachrome Coast": 2321, "Sleight of Hand": 2441, "Soul Partition": 2467, "Three Steps Ahead": 2784, "Doorkeeper Thrull_SB": 690, "Elspeth's Smite_SB": 777, "Kutzil's Flanker_SB": 1531, "Negate_SB": 1813, "Soul Partition_SB": 2468, "Temporary Lockdown_SB": 2678, "Bitter Triumph": 214, "Blackcleave Cliffs": 217, "Cavern of Souls": 411, "Fireglass Mentor": 962, "Flamecache Gecko": 966, "Forsaken Miner": 1002, "Gev, Scaled Scorch": 1065, "Go for the Throat": 1126, "Hired Claw": 1298, "Iridescent Vinelasher": 1414, "Laughing Jasper Flint": 1542, "Mountain": 1787, "Mudflat Village": 1791, "Rockface Village": 2223, "Sulfurous Springs": 2589, "Swamp": 2620, "Thought-Stalker Warlock": 2768, "Cut Down_SB": 575, "Duress_SB": 736, "Glistening Deluge_SB": 1118, "Urabrask's Forge_SB": 2951, "Archfiend of the Dross": 99, "Bloodletter of Aclazotz": 244, "Deep-Cavern Bat": 614, "Demolition Field": 633, "Disfigure": 665, "Duress": 735, "Liliana of the Veil": 1589, "Mirrex": 1735, "Rush of Dread": 2253, "Sheoldred, the Apocalypse": 2375, "Sunken Citadel": 2600, "Unholy Annex && Ritual Chamber": 2917, "Unstoppable Slasher": 2938, "Virtue of Persistence": 3037, "Cruelclaw's Heist_SB": 550, "Ghost Vacuum_SB": 1075, "Gix's Command_SB": 1097, "Harvester of Misery_SB": 1222, "Malicious Eclipse_SB": 1672, "Sheoldred_SB": 2377, "Battlefield Forge": 188, "Case of the Gateway Express": 392, "Gleeful Demolition": 1112, "Imodane's Recruiter": 1341, "Inspiring Vantage": 1374, "Knight-Errant of Eos": 1508, "Novice Inspector": 1848, "Resolute Reinforcements": 2168, "Sanguine Evangelist": 2272, "Spirebluff Canal": 2510, "Spyglass Siren": 2525, "Warden of the Inner Sky": 3084, "Warleader's Call": 3089, "Yotian Frontliner": 3158, "Destroy Evil_SB": 650, "Get Lost_SB": 1060, "Lightning Helix_SB": 1584, "Protect the Negotiators_SB": 2049, "Torch the Tower_SB": 2836, "Witchstalker Frenzy_SB": 3134, "Anoint with Affliction": 76, "Cryptic Coat": 556, "Cut Down": 574, "Darkslick Shores": 582, "Enduring Curiosity": 792, "Ertai Resurrected": 817, "Faerie Mastermind": 877, "Fountainport": 1008, "Get Out": 1061, "Gix's Command": 1096, "Gloomlake Verge": 1120, "Restless Reef": 2182, "Tishana's Tidebinder": 2815, "Underground River": 2910, "Withering Torment": 3135, "Aclazotz, Deepest Betrayal_SB": 12, "Disdainful Stroke_SB": 662, "Liliana of the Veil_SB": 1590, "Sheoldred, the Apocalypse_SB": 2376, "Tishana's Tidebinder_SB": 2816, "Copperline Gorge": 523, "Emberheart Challenger": 785, "Heartfire Hero": 1243, "Innkeeper's Talent": 1360, "Karplusan Forest": 1466, "Manifold Mouse": 1675, "Might of the Meek": 1720, "Monastery Swiftspear": 1770, "Monstrous Rage": 1775, "Questing Druid": 2064, "Restless Ridgeline": 2184, "Shock": 2383, "Slickshot Show-Off": 2446, "Snakeskin Veil": 2455, "Witchstalker Frenzy": 3133, "Obliterating Bolt_SB": 1861, "Pawpatch Formation_SB": 1949, "Scorching Shot_SB": 2305, "Snakeskin Veil_SB": 2456, "Tectonic Hazard_SB": 2662, "Shivan Reef": 2382, "Enduring Innocence": 794, "Entity Tracker": 809, "Ethereal Armor": 833, "Fae Flight": 870, "Gremlin Tamer": 1171, "Inquisitive Glimmer": 1363, "Optimistic Scavenger": 1887, "Ossification": 1896, "Shardmage's Rescue": 2365, "Sheltered by Ghosts": 2370, "Kitnap_SB": 1499, "Ossification_SB": 1897, "Audacity": 140, "Break Out": 309, "Commercial District": 501, "Evolving Adaptive": 838, "Fabled Passage": 867, "Fear of Missing Out": 912, "Forest": 997, "Inti, Seneschal of the Sun": 1375, "Omnivorous Flytrap": 1882, "Patchwork Beastie": 1947, "Stubborn Burrowfiend": 2584, "Thornspire Verge": 2763, "Thran Portal": 2775, "Torch the Tower": 2835, "Wildfire Wickerfolk": 3117, "Balustrade Wurm_SB": 168, "Pyroclasm_SB": 2059, "Screaming Nemesis_SB": 2315, "Tranquil Frillback_SB": 2850, "Cacophony Scamp": 357, "Leyline of Resonance": 1569, "Picnic Ruiner": 1992, "Turn Inside Out": 2875, "Witch's Mark": 3130, "Twisted Fealty_SB": 2884, "Case of the Stashed Skeleton": 397, "Corpses of the Lost": 524, "Gisa, the Hellraiser": 1090, "Gix, Yawgmoth Praetor": 1098, "Tinybones Joins Up": 2809, "Tinybones, the Pickpocket": 2812, "Anoint with Affliction_SB": 77, "Fell_SB": 937, "Phyrexian Arena_SB": 1975, "Soul-Guide Lantern_SB": 2473, "Withering Torment_SB": 3136, "Aclazotz, Deepest Betrayal": 11, "Ancient Cornucopia": 60, "Atraxa, Grand Unifier": 138, "Blooming Marsh": 254, "Bonny Pall, Clearcutter": 269, "Botanical Sanctum": 283, "Deadly Cover-Up": 600, "Glarb, Calamity's Augur": 1103, "Harvester of Misery": 1221, "Heaped Harvest": 1241, "Llanowar Wastes": 1608, "Restless Cottage": 2178, "Smuggler's Surprise": 2453, "Thornvault Forager": 2764, "Urgent Necropsy": 2958, "Vaultborn Tyrant": 2999, "Deadly Cover-Up_SB": 601, "Hostile Investigator_SB": 1319, "Sheoldred's Edict_SB": 2374, "Urgent Necropsy_SB": 2959, "Goddric, Cloaked Reveler": 1137, "Lightning Strike": 1585, "Obliterating Bolt": 1860, "Squee, Dubious Monarch": 2527, "Case of the Crimson Pulse_SB": 390, "Lithomantic Barrage_SB": 1598, "Pawpatch Recruit": 1950, "Screaming Nemesis": 2314, "Abrade_SB": 4, "Hunter's Talent_SB": 1328, "Trial of Agony_SB": 2862, "Wrenn and Realmbreaker_SB": 3146, "Callous Sell-Sword": 366, "Felonious Rage": 939, "Emberheart Challenger_SB": 786, "Floodpits Drowner": 979, "Kaito, Bane of Nightmares": 1451, "Plumecreed Escort": 2010, "Disfigure_SB": 666, "Deduce": 612, "Doomsday Excruciator": 688, "Drag the Canal": 700, "Intrude on the Mind": 1386, "Jace, the Perfected Mind": 1429, "Malicious Eclipse": 1671, "Sheoldred's Edict": 2373, "Undercity Sewers": 2908, "Archangel Elspeth": 91, "Beza, the Bounding Spring": 203, "Caretaker's Talent": 382, "Carrot Cake": 387, "Get Lost": 1059, "Lay Down Arms": 1547, "Loran of the Third Path": 1622, "Shadowy Backstreet": 2363, "Sunfall": 2597, "Boon-Bringer Valkyrie_SB": 275, "Kaya, Intangible Slayer_SB": 1470, "Loran of the Third Path_SB": 1623, "Rest in Peace_SB": 2173, "Glissa Sunslayer": 1116, "Mosswood Dreadknight": 1785, "Sentinel of the Nameless City": 2352, "Vraska, Betrayal's Sting": 3070, "Choking Miasma_SB": 450, "Nissa, Ascended Animist_SB": 1832, "Tear Asunder_SB": 2660, "Long Goodbye": 1612, "Nowhere to Run": 1849, "Overlord of the Balemurk": 1913, "Monastery Mentor_SB": 1769, "Archangel of Wrath": 95, "Hedge Maze": 1252, "Herd Migration": 1269, "Hushwood Verge": 1330, "Leyline Binding": 1565, "Lush Portico": 1645, "Overlord of the Hauntwoods": 1919, "Overlord of the Mistmoors": 1921, "Temporary Lockdown": 2677, "Up the Beanstalk": 2947, "Cease // Desist_SB": 416, "Invasion of Tolvada_SB": 1408, "Jace, the Perfected Mind_SB": 1430, "Restless Vents": 2188, "Freestrider Lookout": 1011, "Ghost Vacuum": 1074, "Meathook Massacre II": 1699, "Underground Mortuary": 2909, "The End_SB": 2700, "Malcolm, Alluring Scoundrel": 1668, "Vren, the Relentless_SB": 3074, "Brushland": 336, "Elspeth's Smite": 776, "Don't Make a Sound": 687, "Essence Scatter": 825, "Preacher of the Schism": 2029, "Ertai Resurrected_SB": 818, "Unholy Annex && Ritual Chamber_SB": 2918, "Silent Hallcreeper": 2400, "Mishra's Foundry": 1746, "Urabrask's Forge": 2950, "Jaya, Fiery Negotiator_SB": 1434, "Koth, Fire of Resistance_SB": 1520, "Scorching Dragonfire_SB": 2303, "Royal Treatment": 2238, "Sazacap's Brew": 2289, "Wear Down_SB": 3101, "Caustic Bronco": 407, "Fortune, Loyal Steed": 1004, "Frontier Seeker": 1017, "Virtue of Loyalty": 3035, "Enduring Innocence_SB": 795, "Sunder the Gateway_SB": 2596, "Beza, the Bounding Spring_SB": 204, "Obstinate Baloth_SB": 1865, "Sunspine Lynx_SB": 2605, "Lightning Helix": 1583, "Restless Bivouac": 2176, "Bonehoard Dracosaur_SB": 268, "Brotherhood's End_SB": 334, "Invasion of Gobakhan_SB": 1394, "Elegant Parlor": 767, "Sorcerous Spyglass_SB": 2466, "Parting Gust": 1944, "Toby, Beastie Befriender": 2824, "Caves of Koilos": 414, "Concealed Courtyard": 505, "Legions to Ashes": 1558, "Restless Fortress": 2180, "Zoraline, Cosmos Caller": 3173, "Calamity, Galloping Inferno": 362, "Outcaster Trailblazer": 1903, "Overlord of the Boilerbilges": 1915, "Pyroclasm": 2058, "Spinewoods Armadillo": 2506, "Terror of the Peaks": 2686, "Imodane's Recruiter_SB": 1342, "Blazemire Verge": 227, "Clockwork Percussionist": 475, "Defiled Crypt // Cadaver Lab": 627, "Disturbing Mirth": 676, "Final Vengeance": 958, "Pitiless Carnage": 2001, "Popular Egotist": 2020, "Raucous Theater": 2110, "Spiteful Hexmage": 2512, "Caustic Bronco_SB": 408, "Go for the Throat_SB": 1127, "Faerie Dreamthief": 874, "Faerie Fencing": 875, "Obyra, Dreaming Duelist": 1866, "Sleep-Cursed Faerie": 2440, "Spell Stutter": 2494, "Ego Drain_SB": 760, "Analyze the Pollen": 56, "Tranquil Frillback": 2849, "Demonic Ruckus": 641, "Charming Scoundrel": 440, "Jaya, Fiery Negotiator": 1433, "Squee, Dubious Monarch_SB": 2528, "Tear Asunder": 2659, "Seed of Hope": 2341, "Haywire Mite_SB": 1233, "Exorcise": 842, "Exorcise_SB": 843, "Serra Paragon_SB": 2356, "Idyllic Beachfront": 1337, "No More Lies": 1835, "Overlord of the Floodpits": 1917, "Restless Anchorage": 2174, "Stoic Sphinx_SB": 2565, "Legions to Ashes_SB": 1559, "Make Your Own Luck": 1664, "Make Your Own Luck_SB": 1665, "Dreams of Steel and Oil_SB": 722, "Negate": 1812, "Pick Your Poison_SB": 1990, "Betrayer's Bargain": 201, "Painter's Studio && Defaced Gallery": 1935, "Braids, Arisen Nightmare": 294, "Greedy Freebooter": 1166, "Hopeless Nightmare": 1312, "Undead Sprinter": 2905, "Nowhere to Run_SB": 1850, "Undead Sprinter_SB": 2906, "Spelunking": 2499, "Zur, Eternal Schemer": 3177, "Blot Out": 257, "Corrupted Conviction": 527, "Diabolic Intent": 658, "Enduring Vitality": 798, "Pillage the Bog": 1998, "Stormsplitter": 2576, "Glissa Sunslayer_SB": 1117, "Sword of Once and Future_SB": 2631, "Drag to the Bottom": 702, "Phyrexian Fleshgorger": 1980, "Soul of Windgrace": 2471, "The Cruelty of Gix": 2694, "Trumpeting Carnosaur": 2868, "Chandra, Hope's Beacon_SB": 430, "Leyline of the Void_SB": 1575, "Season of Gathering_SB": 2329, "Split Up": 2516, "The Eternal Wanderer": 2702, "Kaito, Bane of Nightmares_SB": 1452, "Breach the Multiverse_SB": 307, "Unholy Annex // Ritual Chamber": 2919, "Blot Out_SB": 258, "Cease // Desist": 415, "Impulse": 1348, "Stormchaser's Talent": 2573, "The Huntsman's Redemption": 2710, "Valley Floodcaller": 2979, "Yavimaya Coast": 3153, "Into the Flood Maw_SB": 1381, "Ral, Crackling Wit_SB": 2095, "Armored Scrapgorger": 116, "Axebane Ferox": 151, "Ghalta, Stampede Tyrant": 1069, "Glimpse the Core": 1115, "Green Sun's Twilight": 1167, "Llanowar Loamspeaker": 1606, "Nissa, Ascended Animist": 1831, "Railway Brawler": 2084, "Tyrranax Rex": 2890, "Bite Down_SB": 211, "Hard-Hitting Question_SB": 1214, "Tyvar's Stand_SB": 2894, "Season of the Burrow": 2334, "Unidentified Hovership": 2921, "Sunfall_SB": 2598, "Unstoppable Slasher_SB": 2939, "Kaya, Intangible Slayer": 1469, "Kaya, Spirits' Justice": 1471, "Surge of Salvation": 2610, "Overprotect": 1923, "Valgavoth's Onslaught_SB": 2973, "Doppelgang_SB": 692, "Embereth Veteran": 784, "Mirran Banesplitter": 1734, "Painter's Studio // Defaced Gallery": 1937, "Phoenix Chick": 1972, "Drannith Ruins_SB": 715, "Beseech the Mirror": 198, "Conduit Pylons": 507, "Escape Tunnel": 821, "Live or Die": 1599, "Bandit's Talent_SB": 171, "Hopeless Nightmare_SB": 1313, "Rottenmouth Viper_SB": 2235, "Thought-Stalker Warlock_SB": 2769, "Growing Dread": 1180, "Hauntwoods Shrieker": 1231, "Manifest Dread": 1674, "No One Left Behind": 1837, "Not Dead After All": 1844, "Oblivious Bookworm": 1862, "Satoru, the Infiltrator": 2279, "Splash Portal": 2514, "Valgavoth, Terror Eater": 2974, "Cankerbloom_SB": 374, "The Swarmweaver_SB": 2745, "Brotherhood's End": 333, "Coiling Rebirth": 481, "Enduring Courage": 790, "Rakdos Joins Up": 2088, "The Elder Dragon War": 2697, "Vein Ripper": 3002, "Elusive Otter": 778, "Khenra Spellspear": 1492, "Kitsa, Otterball Elite": 1500, "Pearl of Wisdom": 1952, "Proft's Eidetic Memory": 2040, "Restless Spire": 2186, "Blue Sun's Twilight_SB": 259, "Third Path Iconoclast_SB": 2755, "Cache Grab": 355, "Ral, Crackling Wit": 2094, "Keen-Eyed Curator_SB": 1476, "Helga, Skittish Seer": 1255, "Hostile Investigator": 1318, "Phyrexian Missionary": 1982, "Azure Beastbinder": 156, "Crystal Grotto": 562, "Invasion of Segovia": 1403, "Protect the Negotiators": 2048, "Regal Bunnicorn": 2145, "Caretaker's Talent_SB": 383, "Betrayer's Bargain_SB": 202, "Shock_SB": 2384, "Calix, Guided by Fate": 363, "Razorverge Thicket": 2119, "Valgavoth's Lair": 2971, "Agatha's Soul Cauldron": 29, "Cheeky House-Mouse": 444, "Flowerfoot Swordmaster": 985, "Lost Jitte": 1628, "Mabel, Heir to Cragflame": 1649, "Nettle Guard": 1817, "Rabid Gnaw": 2071, "Raging Battle Mouse": 2083, "Voldaren Thrillseeker": 3054, "Parting Gust_SB": 1945, "Requisition Raid_SB": 2167, "Shardmage's Rescue_SB": 2366, "Sheltered by Ghosts_SB": 2371, "Abandoned Campground": 0, "Ephara's Dispersal": 811, "Getaway Glamer": 1063, "Monastery Mentor": 1768, "Change the Equation_SB": 436, "Ephara's Dispersal_SB": 812, "Surge of Salvation_SB": 2611, "High Noon": 1290, "Elesh Norn, Mother of Machines_SB": 773, "Destroy Evil": 649, "The Eternal Wanderer_SB": 2703, "Doppelgang": 691, "High Noon_SB": 1291, "Rockface Village_SB": 2224, "Elesh Norn_SB": 774, "Season of the Burrow_SB": 2335, "Boon-Bringer Valkyrie": 274, "Blast Zone": 225, "Cityscape Leveler": 461, "Fomori Vault": 990, "Ill-Timed Explosion": 1338, "Simulacrum Synthesizer": 2409, "Skitterbeam Battalion": 2417, "Stern Lesson": 2554, "The Mightstone and Weakstone": 2723, "Thran Spider": 2776, "Thundering Falls": 2799, "Volcanic Spite": 3051, "Razorkin Needlehead": 2114, "Sunspine Lynx": 2604, "Overlord of the Mistmoors_SB": 1922, "Cruelclaw's Heist": 549, "Spellgyre": 2497, "Stoic Sphinx": 2564, "Preacher of the Schism_SB": 2030, "Elas il-Kor, Sadistic Pilgrim": 763, "Hajar, Loyal Bodyguard": 1195, "Honest Rutstein": 1308, "Plaza of Heroes": 2009, "Rakdos, the Muscle": 2091, "Ratadrabik of Urborg": 2105, "The Jolly Balloon Man": 2715, "Brave the Wilds": 302, "Bushwhack": 353, "Eddymurk Crab": 755, "This Town Ain't Big Enough": 2758, "Tolarian Terror": 2829, "Mountain_SB": 1788, "Three Steps Ahead_SB": 2785, "Long River's Pull": 1615, "Mockingbird": 1753, "Builder's Talent": 339, "Steel Seraph": 2550, "Subterranean Schooner": 2586, "Zoetic Glyph": 3169, "Assimilation Aegis_SB": 132, "Not on My Watch_SB": 1847, "Abrade": 3, "Archangel Elspeth_SB": 92, "Koth, Fire of Resistance": 1519, "The Rollercrusher Ride": 2733, "Phyrexian Dragon Engine_SB": 1979, "Lay Down Arms_SB": 1548, "Magda, the Hoardmaster": 1655, "Vadmir, New Blood": 2968, "Vraan, Executioner Thane": 3066, "Archfiend of the Dross_SB": 100, "Giant Growth": 1082, "Furnace Reins_SB": 1031, "Darkstar Augur": 583, "Enduring Tenacity": 796, "Essence Channeler": 823, "Ruin-Lurker Bat": 2243, "Starscape Cleric": 2539, "Valley Rotcaller": 2983, "Dewdrop Cure_SB": 657, "Founding the Third Path": 1005, "Lumra, Bellow of the Woods": 1639, "Squirming Emergence": 2529, "Terror Tide": 2684, "Wail of the Forgotten": 3075, "Goldvein Hydra_SB": 1141, "Steamcore Scholar": 2546, "Invasion of Amonkhet_SB": 1388, "Azure Beastbinder_SB": 157, "Kaervek, the Punisher_SB": 1450, "Gix, Yawgmoth Praetor_SB": 1099, "Virtue of Persistence_SB": 3038, "Geological Appraiser_SB": 1056, "Vengeful Possession_SB": 3008, "Outrageous Robbery_SB": 1908, "Flow of Knowledge": 983, "Shore Up": 2387, "Abhorrent Oculus_SB": 2, "Faerie Mastermind_SB": 878, "Minor Misstep_SB": 1730, "Shore Up_SB": 2388, "Unauthorized Exit_SB": 2902, "Annie Joins Up": 73, "Djeru and Hazoret": 683, "Dragonhawk, Fate's Tempest": 707, "Etali, Primal Conqueror": 828, "Huatli, Poet of Unity": 1322, "Kogla and Yidaro": 1511, "Roxanne, Starfall Savant": 2236, "Bandit's Talent": 170, "Nurturing Pixie": 1852, "Rottenmouth Viper": 2234, "Tithing Blade": 2821, "Calamity's Wake_SB": 361, "Split Up_SB": 2517, "Dollmaker's Shop // Porcelain Gallery_SB": 686, "Commune with Evil": 503, "Rite of the Moth": 2208, "Splitskin Doll": 2518, "Valgavoth's Faithful": 2970, "Unwanted Remake_SB": 2945, "Nemata, Primeval Warden": 1815, "The Filigree Sylex_SB": 2706, "Hammerhand_SB": 1206, "Bring the Ending": 320, "Dismal Backwater": 667, "Distorted Curiosity": 671, "Drown in Ichor": 727, "Experimental Augury": 847, "Infectious Inquiry": 1354, "Murky Sewer": 1799, "Prologue to Phyresis": 2044, "Reject Imperfection": 2151, "Season of Loss": 2330, "Vraska's Fall": 3068, "Infectious Inquiry_SB": 1355, "Pestilent Syphoner_SB": 1965, "Aftermath Analyst": 25, "Akawalli, the Seething Tower": 42, "Altanak, the Thrice-Called": 48, "Blanchwood Prowler": 222, "Breach the Multiverse": 306, "Bringer of the Last Gift": 322, "Maha, Its Feathers Night": 1661, "Rubblebelt Maverick": 2240, "Say Its Name": 2287, "Strangled Cemetery": 2577, "Terramorphic Expanse": 2682, "Uurg, Spawn of Turg": 2967, "Voracious Varmint": 3060, "Wary Watchdog": 3094, "Murder_SB": 1797, "Abraded Bluffs": 5, "Armored Armadillo": 113, "Draconic Destiny": 699, "Etali's Favor": 827, "Grand Entryway // Elegant Rotunda": 1156, "Loran's Escape": 1624, "Raucous Carnival": 2108, "Skrelv, Defector Mite": 2420, "Slumbering Keepguard": 2449, "War Squeak": 3082, "Griffnaut Tracker_SB": 1176, "Loran's Escape_SB": 1625, "Smash to Dust_SB": 2450, "Take Up the Shield_SB": 2645, "Broodspinner": 331, "Deathcap Marionette": 606, "Hollow Marauder": 1303, "Huskburster Swarm": 1331, "Jungle Hollow": 1448, "Overwhelming Remorse": 1927, "Writhing Necromass": 3150, "Desperate Bloodseeker_SB": 648, "Echo of Dusk_SB": 753, "Urborg Repossession_SB": 2954, "Voracious Varmint_SB": 3061, "Creosote Heath": 547, "Crystal Carapace": 561, "Etched Cornfield": 831, "Ghostly Dancers": 1076, "Hopeful Vigil": 1311, "Hunter's Talent": 1327, "Toadstool Admirer": 2823, "Petrify_SB": 1967, "Conceited Witch": 506, "Fear of Infinity": 907, "Glimmerlight": 1114, "Shoreline Looter": 2389, "The Witch's Vanity": 2750, "Extract a Confession_SB": 859, "Unable to Scream_SB": 2900, "Elesh Norn, Mother of Machines": 772, "Forlorn Flats": 1001, "Hero of the Dunes": 1271, "Phyrexian Rager": 1986, "Ruthless Lawbringer": 2256, "Scoured Barrens": 2307, "Skullcap Snail": 2424, "Unscrupulous Agent": 2931, "Candy Grapple_SB": 371, "Deadly Riposte_SB": 603, "Nettle Guard_SB": 1818, "Overwhelming Remorse_SB": 1928, "Tithing Blade_SB": 2822, "Vanish into Eternity_SB": 2995, "Gixian Infiltrator": 1100, "Jagged Barrens": 1431, "Sawblade Skinripper": 2285, "Not Dead After All_SB": 1845, "Unseal the Necropolis_SB": 2932, "Bonecache Overseer": 264, "Ichor Drinker": 1334, "Insidious Roots": 1369, "Izoni, Center of the Web": 1424, "Ozolith, the Shattered Spire": 1931, "Skyfisher Spider": 2430, "Snarling Gorehound": 2458, "Twitching Doll": 2885, "Urborg Repossession": 2953, "Lord Skitter, Sewer King": 1626, "Drag to the Bottom_SB": 703, "Enduring Curiosity_SB": 793, "Requisition Raid": 2166, "Third Path Iconoclast": 2754, "Artist's Talent_SB": 119, "Ill-Timed Explosion_SB": 1339, "Kellan, Inquisitive Prodigy": 1482, "Bonny Pall, Clearcutter_SB": 270, "Pest Control_SB": 1963, "Royal Treatment_SB": 2239, "Valley Floodcaller_SB": 2980, "Invasion of Amonkhet": 1387, "Render Inert": 2157, "Rona's Vortex_SB": 2231, "Pawpatch Formation": 1948, "Skrelv's Hive_SB": 2419, "Shoot the Sheriff": 2385, "The Stone Brain_SB": 2742, "Dreadmaw's Ire": 716, "Karumonix, the Rat King": 1468, "Lilypad Village": 1593, "Nashi, Searcher in the Dark": 1808, "Persistent Marshstalker": 1961, "Vren, the Relentless": 3073, "Anzrag's Rampage_SB": 81, "Terisian Mindbreaker": 2681, "The Mindskinner": 2726, "Eliminate the Impossible_SB": 775, "No More Lies_SB": 1836, "Push // Pull": 2056, "Fade from History_SB": 869, "The Wandering Rescuer": 2748, "Blazing Crescendo": 228, "Dreadmaw's Ire_SB": 717, "Cryptic Coat_SB": 557, "Insatiable Avarice": 1365, "The Infamous Cruelclaw": 2712, "Lord Skitter, Sewer King_SB": 1627, "Untimely Malfunction_SB": 2943, "Flowstone Infusion": 986, "Archdruid's Charm": 97, "Arid Archway": 110, "Tyrranax Rex_SB": 2891, "Assassin's Trophy": 129, "Pawpatch Recruit_SB": 1951, "Break the Spell_SB": 311, "Feather of Flight": 919, "Highway Robbery": 1294, "Wrenn's Resolve": 3148, "Collector's Vault": 489, "Demonic Counsel": 635, "Reenact the Crime": 2142, "Treasure Map": 2858, "Karn's Sylex_SB": 1463, "Jodah, the Unifier": 1439, "Melira, the Living Cure": 1703, "Relic of Legends": 2153, "Rona, Herald of Invasion": 2232, "Sigarda, Font of Blessings": 2398, "Drana and Linvala_SB": 712, "Kellan, the Kid_SB": 1488, "Kutzil, Malamet Exemplar_SB": 1533, "Myrel, Shield of Argive_SB": 1802, "Skrelv, Defector Mite_SB": 2421, "The Wandering Rescuer_SB": 2749, "Tinybones Joins Up_SB": 2810, "Gishath, Sun's Avatar": 1092, "Restless Vinestalk": 2189, "Aspirant's Ascent": 127, "Enter the Enigma": 807, "Ivy, Gleeful Spellthief": 1421, "Molten Duplication": 1760, "Take the Fall": 2647, "Venerated Rotpriest": 3004, "Ivy, Gleeful Spellthief_SB": 1422, "Ojer Axonil, Deepest Might": 1871, "Bandit's Haul": 169, "Conduit of Worlds": 508, "Faunsbane Troll": 897, "The Goose Mother": 2708, "Stormkeld Vanguard_SB": 2575, "Geological Appraiser": 1055, "Roaring Furnace // Steaming Sauna": 2220, "Cavern of Souls_SB": 412, "Kogla and Yidaro_SB": 1512, "Up the Beanstalk_SB": 2948, "Vaultborn Tyrant_SB": 3000, "Dusk Rose Reliquary": 738, "Song of Totentanz_SB": 2464, "Torch the Witness": 2837, "Fae Flight_SB": 871, "Silent Hallcreeper_SB": 2401, "Spellbook Vendor": 2496, "Stenn, Paranoid Partisan": 2552, "Gremlin Tamer_SB": 1172, "Dreams of Steel and Oil": 721, "Scrapshooter_SB": 2309, "Unholy Annex // Ritual Chamber_SB": 2920, "Amalia Benavides Aguirre": 49, "Case of the Uneaten Feast": 399, "Lunar Convocation": 1640, "Assimilation Aegis": 131, "Braided Net": 292, "Ezrim, Agency Chief": 863, "No Witnesses": 1839, "Season of Weaving": 2332, "The Everflowing Well": 2704, "Thousand Moons Smithy": 2772, "Unstable Glyphbridge": 2935, "Worldwalker Helm": 3142, "Spring-Loaded Sawblades_SB": 2523, "Chimil, the Inner Sun": 446, "Clay-Fired Bricks": 470, "Farsight Ritual": 891, "Defabricate_SB": 620, "Ezrim, Agency Chief_SB": 864, "Feed the Cycle": 923, "Quick Study": 2067, "Chrome Host Seedshark_SB": 452, "Horned Loch-Whale": 1314, "Long Goodbye_SB": 1613, "The Cruelty of Gix_SB": 2695, "Season of Loss_SB": 2331, "Unidentified Hovership_SB": 2922, "Awaken the Woods": 150, "Goldvein Hydra": 1140, "Nissa, Resurgent Animist": 1833, "Pick Your Poison": 1989, "Surge Engine": 2608, "Training Grounds": 2845, "Vorinclex": 3062, "Aftermath Analyst_SB": 26, "Training Grounds_SB": 2846, "Fortified Beachhead": 1003, "Harbin, Vanguard Aviator": 1208, "Recruitment Officer": 2137, "Zephyr Sentinel": 3162, "Regal Bunnicorn_SB": 2146, "Valley Flamecaller": 2978, "Scales of Shale_SB": 2294, "Corpses of the Lost_SB": 525, "Change the Equation": 435, "Teferi, Temporal Pilgrim": 2664, "The End": 2699, "Get Out_SB": 1062, "Anointed Peacekeeper": 78, "Archangel of Tithes": 93, "Guardian of New Benalia": 1187, "Veteran Survivor": 3017, "Anointed Peacekeeper_SB": 79, "Tocasia's Welcome_SB": 2827, "Darkstar Augur_SB": 584, "Fugitive Codebreaker": 1020, "Slickshot Show-Off_SB": 2447, "Commercial District_SB": 502, "White Sun's Twilight": 3111, "Innkeeper's Talent_SB": 1361, "Restless Ridgeline_SB": 2185, "Crawling Chorus": 545, "Fleeting Reflection": 974, "Reasonable Doubt": 2126, "Serum Snare": 2357, "The Seedcore": 2735, "Annex Sentry_SB": 71, "Bring the Ending_SB": 321, "Fallaji Archaeologist": 884, "Arabella, Abandoned Doll": 82, "Case of the Gateway Express_SB": 393, "Patchwork Banner": 1946, "Kaito, Dancing Shadow_SB": 1456, "Rona's Vortex": 2230, "Invasion of Tolvada": 1407, "Archangel of Wrath_SB": 96, "Zur, Eternal Schemer_SB": 3178, "Skrelv's Hive": 2418, "Sword of Forge and Frontier_SB": 2629, "Sword of Forge and Frontier": 2628, "Sword of Once and Future": 2630, "Unwanted Remake": 2944, "Jawbone Duelist": 1432, "Choking Miasma": 449, "Thrun, Breaker of Silence_SB": 2797, "Cenote Scout": 419, "Keen-Eyed Curator": 1475, "Scrapshooter": 2308, "Serra Paragon": 2355, "Seal from Existence": 2322, "Fountainport_SB": 1010, "Scorching Shot": 2304, "Not on My Watch": 1846, "Binding Negotiation_SB": 207, "Restless Prairie": 2181, "Scrollshift": 2316, "Valley Questcaller": 2982, "Two-Headed Hunter": 2886, "Tyvar's Stand": 2893, "Render Inert_SB": 2158, "Dollmaker's Shop && Porcelain Gallery": 684, "Overlord of the Floodpits_SB": 1918, "Demolition Field_SB": 634, "Deep-Cavern Bat_SB": 615, "Agatha's Soul Cauldron_SB": 30, "Lavaspur Boots_SB": 1546, "Overlord of the Balemurk_SB": 1914, "Torpor Orb_SB": 2840, "Arabella, Abandoned Doll_SB": 83, "Bitter Reunion": 212, "Restless Anchorage_SB": 2175, "Molten Collapse": 1758, "Overlord of the Boilerbilges_SB": 1916, "Invasion of Innistrad": 1395, "Island_SB": 1419, "Long River's Pull_SB": 1616, "Fugitive Codebreaker_SB": 1021, "Bitter Triumph_SB": 215, "Misery's Shadow_SB": 1743, "Seedglaive Mentor_SB": 2342, "Hugs, Grisly Guardian": 1323, "Lukka, Bound to Ruin": 1633, "Migloz, Maze Crusher": 1722, "Ojer Kaslem, Deepest Growth": 1872, "Seized from Slumber": 2347, "Quintorius Kand_SB": 2069, "Soul Search_SB": 2470, "Walk-In Closet && Forgotten Cellar": 3078, "Assassin's Trophy_SB": 130, "Osseous Sticktwister_SB": 1895, "Unable to Scream": 2899, "Horned Loch-Whale_SB": 1315, "No Witnesses_SB": 1840, "Cursed Recording": 570, "Fires of Victory": 963, "Piggy Bank": 1993, "Rankle's Prank": 2101, "Sunken Citadel_SB": 2601, "Farsight Ritual_SB": 892, "Scorching Dragonfire": 2302, "Bladecoil Serpent_SB": 220, "Phyrexian Arena": 1974, "Urza's Sylex": 2964, "Marchesa, Dealer of Death": 1681, "Curate": 567, "Proft's Eidetic Memory_SB": 2041, "Starscape Cleric_SB": 2540, "Confounding Riddle": 510, "The Enigma Jewel": 2701, "The Swarmweaver": 2744, "Come Back Wrong_SB": 500, "Insatiable Avarice_SB": 1366, "Phyrexian Fleshgorger_SB": 1981, "Sheoldred": 2372, "Baird, Argivian Recruiter": 161, "Dollmaker's Shop // Porcelain Gallery": 685, "Artist's Talent": 118, "Brass's Tunnel-Grinder": 300, "Capricious Hellraiser": 376, "Chandra, Hope's Beacon": 429, "Virtue of Knowledge_SB": 3034, "Ruthless Negotiation_SB": 2259, "Sunfire Torch": 2599, "Legion Extruder": 1555, "Blossoming Tortoise": 256, "Knight of Dusk's Shadow_SB": 1505, "Meeting of Minds": 1702, "Stoke the Flames": 2566, "Stormcatch Mentor": 2572, "Campus Renovation": 368, "One with the Multiverse": 1884, "Portal to Phyrexia": 2023, "Rankle's Prank_SB": 2102, "Mirror Room // Fractured Realm": 1738, "Trapped in the Screen": 2853, "Leyline of Hope": 1567, "Shoot the Sheriff_SB": 2386, "Shrouded Shepherd_SB": 2394, "Arcane Proxy": 88, "Bilious Skulldweller": 205, "Venser, Corpse Puppet": 3011, "Drown in Ichor_SB": 728, "Reject Imperfection_SB": 2152, "Serum Snare_SB": 2358, "Venser, Corpse Puppet_SB": 3012, "Vraska, Betrayal's Sting_SB": 3071, "Whisper of the Dross_SB": 3110, "Astor, Bearer of Blades": 133, "Blacksmith's Talent": 218, "Bladehold War-Whip": 221, "Chainsaw": 425, "Dissection Tools": 669, "Rebel Salvo": 2127, "Chrome Prowler": 453, "Combat Thresher": 498, "Hidden Cataract": 1279, "Hidden Courtyard": 1280, "Liberator, Urza's Battlethopter": 1576, "Out Cold": 1900, "Lost in the Maze_SB": 1631, "Spark Rupture_SB": 2485, "Case of the Crimson Pulse": 389, "Scavenger's Talent": 2298, "Coati Scavenger": 479, "Drag to the Roots": 704, "Ego Drain": 759, "Spell Stutter_SB": 2495, "Talion's Messenger_SB": 2650, "Questing Druid_SB": 2065, "Balustrade Wurm": 167, "The Skullspore Nexus": 2736, "Wrenn and Realmbreaker": 3145, "Glass Casket": 1105, "Repel Calamity": 2161, "Witch's Mark_SB": 3131, "Walk-In Closet && Forgotten Cellar_SB": 3079, "Twinferno": 2878, "Song of Totentanz": 2463, "Tarnation Vista": 2655, "Thundertrap Trainer": 2803, "Dissection Tools_SB": 670, "Volcanic Spite_SB": 3052, "Sandstorm Verge": 2271, "Outrageous Robbery": 1907, "Pillage the Bog_SB": 1999, "Pest Control": 1962, "Manifold Mouse_SB": 1676, "Cankerbloom": 373, "Violent Urge": 3028, "Argentum Masticore_SB": 108, "Archdruid's Charm_SB": 98, "Ghostly Dancers_SB": 1077, "Virtue of Knowledge": 3033, "Micromancer": 1716, "Case of the Filched Falcon": 391, "Invasion of Ixalan": 1396, "Bristlebud Farmer_SB": 324, "Clement, the Worrywort": 472, "Dour Port-Mage": 695, "Dreamdew Entrancer": 719, "Long River Lurker": 1614, "Mistbreath Elder": 1748, "Oakhollow Village": 1856, "Pond Prophet": 2019, "Sunshower Druid": 2602, "Three Tree Scribe": 2788, "Valley Mightcaller": 2981, "Drannith Ruins": 714, "Coppercoat Vanguard": 521, "Valiant Veteran": 2976, "Misery's Shadow": 1742, "Kellan, Daring Traveler": 1481, "Syr Ginger, the Meal Ender": 2637, "Teething Wurmlet": 2663, "Tough Cookie": 2841, "Aven Interrupter_SB": 149, "Tail Swipe_SB": 2641, "Bristly Bill, Spine Sower": 326, "Case of the Locked Hothouse": 394, "Evolving Wilds": 839, "Festering Gulch": 943, "Fake Your Own Death_SB": 883, "Forest_SB": 998, "Heaped Harvest_SB": 1242, "Swamp_SB": 2621, "Sharp-Eyed Rookie": 2367, "Annex Sentry": 70, "Slaughter Singer": 2439, "Ajani, Sleeper Agent_SB": 39, "Disenchant_SB": 664, "Blood Hustler": 237, "Fauna Shaman": 895, "Haywire Mite": 1232, "Kami of Whispered Hopes": 1460, "Likeness Looter": 1588, "Lively Dirge": 1600, "Nashi, Moon's Legacy": 1807, "Tyvar, Jubilant Brawler": 2895, "Burrowguard Mentor": 350, "Finneas, Ace Archer": 960, "Hop to It": 1309, "Seasoned Warrenguard": 2337, "Treeguard Duo_SB": 2860, "Demand Answers": 632, "Metropolis Reformer_SB": 1715, "Magebane Lizard_SB": 1657, "Roaring Furnace && Steaming Sauna": 2218, "Breeches, Eager Pillager": 312, "Captain Storm, Cosmium Raider": 379, "Goblin Tomb Raider": 1136, "Kitesail Larcenist": 1497, "Malcolm, the Eyes": 1670, "Reckless Lackey": 2130, "Roaming Throne": 2216, "Staunch Crewmate": 2544, "Roaming Throne_SB": 2217, "Chupacabra Echo": 454, "Cruel Somnophage": 548, "Gnawing Vermin": 1124, "Hollow Scavenger": 1305, "Urborg Lhurgoyf": 2952, "Take Up the Shield": 2644, "Jirina, Dauntless General_SB": 1438, "Slime Against Humanity": 2448, "Explosive Derailment": 851, "Fell": 936, "Great Train Heist": 1162, "Kaervek, the Punisher": 1449, "Lazav, Familiar Stranger": 1549, "Vial Smasher, Gleeful Grenadier": 3020, "Niv-Mizzet, Supreme": 1834, "Hedge Shredder": 1253, "Grievous Wound_SB": 1175, "Terror Tide_SB": 2685, "Cathartic Parting_SB": 404, "Impulse_SB": 1349, "Lich-Knights' Conquest_SB": 1578, "Overlord of the Hauntwoods_SB": 1920, "Phantom Interference_SB": 1969, "Virtue of Loyalty_SB": 3036, "Return the Favor": 2194, "Chainsaw_SB": 426, "Might of the Meek_SB": 1721, "Rabid Gnaw_SB": 2072, "Turn Inside Out_SB": 2876, "Bovine Intervention_SB": 291, "Scatter Ray": 2296, "Ashiok, Wicked Manipulator_SB": 123, "Ghired, Mirror of the Wilds": 1070, "Cult Conscript": 563, "Fear of Impostors": 905, "Monstrous Emergence_SB": 1774, "Roaring Furnace && Steaming Sauna_SB": 2219, "Aven Interrupter": 148, "Hidetsugu and Kairi": 1287, "Under the Skin": 2907, "Elusive Otter_SB": 779, "Unyielding Gatekeeper": 2946, "Etali, Primal Conqueror_SB": 829, "Lightning Strike_SB": 1586, "Restricted Office && Lecture Hall_SB": 2190, "Season of Weaving_SB": 2333, "Razorkin Needlehead_SB": 2115, "Cunning Coyote": 565, "Osteomancer Adept": 1898, "Tail Swipe": 2640, "Thraxodemon": 2779, "Fear of Lost Teeth": 911, "Invasion of Azgol": 1390, "The Witch's Vanity_SB": 2751, "Tinybones, the Pickpocket_SB": 2813, "Decadent Dragon": 610, "Rakdos, Patron of Chaos": 2090, "Gingerbrute": 1089, "Marvin, Murderous Mimic": 1687, "Monstrous Emergence": 1773, "Kitesail Larcenist_SB": 1498, "Repulsive Mutation_SB": 2164, "The Infamous Cruelclaw_SB": 2713, "Lupinflower Village": 1643, "Pollen-Shield Hare": 2014, "Three Tree City": 2786, "Glass Casket_SB": 1106, "Ingenious Prodigy": 1359, "Kaito, Dancing Shadow": 1455, "Plumecreed Escort_SB": 2011, "Ashiok, Wicked Manipulator": 122, "Final Showdown": 956, "Kutzil's Flanker": 1530, "Captivating Cave": 380, "Teferi, Temporal Pilgrim_SB": 2665, "Aloe Alchemist": 47, "Yavimaya Iconoclast": 3154, "Hearth Elemental": 1248, "Lavaspur Boots": 1545, "Hearth Elemental_SB": 1249, "Zoraline, Cosmos Caller_SB": 3174, "Neutralize the Guards_SB": 1820, "Bloodletter of Aclazotz_SB": 245, "Braids, Arisen Nightmare_SB": 295, "Torch the Witness_SB": 2838, "Pugnacious Hammerskull_SB": 2054, "Wrenn's Resolve_SB": 3149, "Fear of Isolation": 909, "Glarb, Calamity's Augur_SB": 1104, "Market Gnome": 1682, "Kambal, Profiteering Mayor_SB": 1459, "Warden of the Inner Sky_SB": 3085, "Painter's Studio && Defaced Gallery_SB": 1936, "Planar Disruption_SB": 2007, "Portent of Calamity": 2024, "The Irencrag": 2714, "Scrollshift_SB": 2317, "Overprotect_SB": 1924, "Floodpits Drowner_SB": 980, "Black Sun's Twilight": 216, "Corrupt": 526, "Haunted Mire": 1228, "Iridescent Vinelasher_SB": 1415, "Lukka, Bound to Ruin_SB": 1634, "Roxanne, Starfall Savant_SB": 2237, "Errant and Giada": 815, "Werefox Bodyguard_SB": 3107, "Lost in the Maze": 1630, "Bristling Backwoods": 325, "Rugged Highlands": 2242, "Great Train Heist_SB": 1163, "Razortrap Gorge": 2118, "Herbology Instructor_SB": 1268, "Hidden Grotto": 1281, "Maelstrom Pulse": 1653, "Scavenging Ooze": 2299, "Vivien Reid": 3043, "Liliana, Dreadhorde General_SB": 1592, "Maelstrom Pulse_SB": 1654, "Heroic Reinforcements": 1275, "Phyrexian Obliterator": 1984, "Back for Seconds_SB": 159, "Case of the Stashed Skeleton_SB": 398, "Homicide Investigator_SB": 1307, "Boros Charm": 277, "Burst Lightning": 351, "Llanowar Elves": 1603, "Abyssal Harvester": 9, "Day of Judgment": 590, "Authority of the Consuls_SB": 146, "Devout Decree_SB": 655, "Flashfreeze_SB": 971, "Evangel of Synthesis": 836, "Zombify": 3171, "Desecration Demon_SB": 645, "Wail of the Forgotten_SB": 3076, "Soulstone Sanctuary": 2480, "Scavenging Ooze_SB": 2300, "Vivien Reid_SB": 3044, "Basilisk Collar_SB": 185, "Sun-Blessed Healer": 2591, "Temple of Triumph": 2676, "Campus Renovation_SB": 369, "Boltwave": 262, "Virtue of Courage": 3031, "Heartflame Duelist_SB": 1247, "Slagstorm_SB": 2438, "Splitskin Doll_SB": 2519, "Mazemind Tome": 1696, "Crystal Barricade_SB": 560, "Bloodthirsty Conqueror_SB": 249, "Kellan, Planar Trailblazer": 1484, "Opt": 1885, "Faebloom Trick": 872, "Feed the Swarm_SB": 927, "Kaito, Cunning Infiltrator_SB": 1454, "Spinner of Souls": 2508, "Pitiless Carnage_SB": 2002, "Kiora, the Rising Tide": 1495, "Ghitu Lavarunner": 1072, "Thrill of Possibility": 2791, "Blooming Blast_SB": 253, "Elenda, Saint of Dusk": 769, "Garna, Bloodfist of Keld": 1040, "Kellan, the Kid": 1487, "Secluded Courtyard": 2339, "Authority of the Consuls": 145, "Exemplar of Light": 840, "Fiendish Panda": 948, "Hinterland Sanctifier": 1296, "Elenda, Saint of Dusk_SB": 770, "Combat Research": 497, "Spectral Sailor": 2490, "Unsummon": 2940, "Brineborn Cutthroat_SB": 319, "Ertai's Scorn_SB": 820, "Flow of Knowledge_SB": 984, "Haughty Djinn_SB": 1225, "Urza's Rebuff_SB": 2962, "Hero's Downfall": 1272, "Liliana, Dreadhorde General": 1591, "Temple of Malady": 2671, "Temple of Plenty": 2674, "Temple of Silence": 2675, "Mortify_SB": 1782, "White Sun's Twilight_SB": 3112, "Felidar Retreat": 933, "Herald of Eternal Dawn": 1263, "Loot, Exuberant Explorer": 1618, "Mossborn Hydra": 1783, "Giant Cindermaw_SB": 1081, "Bloodthirsty Conqueror": 248, "Heartflame Duelist": 1246, "Viashino Pyromancer": 3021, "Ball Lightning": 164, "Bloodfeather Phoenix": 240, "Grab the Prize": 1149, "Lyra Dawnbringer_SB": 1647, "Virtue of Courage_SB": 3032, "Abyssal Harvester_SB": 10, "Painter's Studio // Defaced Gallery_SB": 1938, "Kaito, Cunning Infiltrator": 1453, "Sphinx of Forgotten Lore": 2500, "Aetherize_SB": 23, "Feldon's Cane_SB": 929, "Demonic Pact": 639, "Harmless Offering": 1217, "Ethereal Armor_SB": 834, "Cathar Commando": 402, "Knight of Grace": 1506, "Ajani, Caller of the Pride_SB": 36, "Dead Weight": 595, "Gixian Puppeteer": 1102, "Revenge of the Rats": 2195, "Terror Ballista": 2683, "The Ancient One": 2692, "Razorlash Transmogrant_SB": 2117, "Reclamation Sage_SB": 2134, "An Offer You Can't Refuse_SB": 55, "Trapped in the Screen_SB": 2854, "Llanowar Greenwidow": 1605, "Final Showdown_SB": 957, "Subterranean Schooner_SB": 2587, "Virtue of Strength": 3039, "Worldsoul's Rage": 3141, "Hero's Downfall_SB": 1273, "Zurgo and Ojutai": 3179, "Refute": 2143, "Curator of Destinies_SB": 568, "Day of Judgment_SB": 591, "Ashroot Animist": 126, "Polukranos Reborn": 2017, "Ruby, Daring Tracker": 2241, "Muerra, Trash Tactician_SB": 1793, "Soulless Jailer_SB": 2477, "Boros Charm_SB": 278, "Anim Pakal, Thousandth Moon": 67, "Jirina, Dauntless General": 1437, "Deathmark_SB": 607, "Joust Through_SB": 1445, "Knight of Grace_SB": 1507, "Raise the Past_SB": 2086, "Arcanis the Omnipotent_SB": 90, "Feed the Cycle_SB": 924, "Insidious Fungus_SB": 1368, "Stab_SB": 2531, "Dazzling Denial": 593, "Empyrean Eagle": 787, "Healer's Hawk": 1240, "Blooming Blast": 252, "Coruscation Mage": 530, "Firebrand Archer": 961, "Bloated Contaminator": 234, "High Stride": 1292, "Infectious Bite": 1353, "Aspirant's Ascent_SB": 128, "Distorted Curiosity_SB": 672, "Enter the Enigma_SB": 808, "Fleeting Reflection_SB": 975, "High Stride_SB": 1293, "Prologue to Phyresis_SB": 2045, "This Town Ain't Big Enough_SB": 2759, "Greed's Gambit": 1164, "Molten Collapse_SB": 1759, "Sire of Seven Deaths_SB": 2412, "Temple of Deceit": 2668, "Sentinel of the Nameless City_SB": 2353, "Doubling Season": 693, "Cathar Commando_SB": 403, "Elegant Parlor_SB": 768, "Thrun, Breaker of Silence": 2796, "Buried in the Garden": 344, "Clifftop Lookout": 473, "Fecund Greenshell": 921, "Genesis Wave": 1054, "Invasion of Zendikar": 1409, "Tender Wildguide": 2679, "Roaring Furnace // Steaming Sauna_SB": 2221, "Chimil, the Inner Sun_SB": 447, "Pilfer_SB": 1997, "Urborg Scavengers_SB": 2956, "Ferocification_SB": 942, "Audacity_SB": 141, "Hard-Hitting Question": 1213, "Starfall Invocation": 2537, "Ajani's Pridemate": 34, "Arahbo, the First Fang": 85, "Banishing Light": 172, "Joust Through": 1444, "Prideful Parent": 2032, "Regal Caracal": 2147, "Savannah Lions": 2281, "Skyknight Squire": 2432, "Banishing Light_SB": 173, "Claws Out_SB": 469, "Brineborn Cutthroat": 318, "Desecration Demon": 644, "Cynical Loner": 577, "Driver of the Dead": 725, "Gatekeeper of Malakir": 1050, "Infestation Sage": 1356, "Kalastria Highborn": 1457, "Nullpriest of Oblivion": 1851, "Pulse Tracker": 2055, "Vampire Nighthawk": 2990, "Vengeful Bloodwitch": 3006, "Undergrowth Recon": 2911, "Walk-In Closet // Forgotten Cellar": 3080, "An Offer You Can't Refuse": 54, "Carnelian Orb of Dragonkind": 384, "Invasion of Tarkir": 1404, "Sarkhan, Soul Aflame": 2278, "Slagstorm": 2437, "Stingerback Terror": 2557, "Twinflame Tyrant": 2880, "Omniscience": 1881, "Drag to the Roots_SB": 705, "Witness Protection_SB": 3138, "Luminous Rebuke": 1637, "Primal Might": 2033, "Arcanis the Omnipotent": 89, "Moment of Craving_SB": 1763, "Invasion of Regatha": 1401, "Tinybones, Bauble Burglar": 2811, "Sphinx of Forgotten Lore_SB": 2501, "Ashnod's Intervention": 125, "Barbed Batterfist": 177, "Bloodfeather Phoenix_SB": 241, "Koma, World-Eater": 1516, "Valgavoth, Terror Eater_SB": 2975, "Fear of Impostors_SB": 906, "Giada, Font of Hope": 1078, "Guardian of Ghirapur": 1186, "Lyra Dawnbringer": 1646, "Resplendent Angel": 2169, "Youthful Valkyrie": 3159, "Witness Protection": 3137, "Fabrication Foundry": 868, "Fumigate": 1023, "Hammerhand": 1205, "Sawblade Scamp": 2284, "Citanul Stalwart": 460, "Dwynen's Elite": 744, "Elvish Archdruid": 780, "Imperious Perfect": 1345, "Leaf-Crowned Visionary": 1551, "Surrak and Goreclaw": 2617, "Tyvar the Bellicose": 2892, "Tyvar, the Pummeler": 2896, "Dwynen, Gilt-Leaf Daen_SB": 746, "Deeproot Wayfinder": 618, "Restless Cottage_SB": 2179, "Unsummon_SB": 2941, "Sire of Seven Deaths": 2411, "Surrak, the Hunt Caller": 2619, "Wildborn Preserver_SB": 3115, "Searslicer Goblin": 2326, "Stromkirk Noble": 2583, "Reclamation Sage": 2133, "Case of the Locked Hothouse_SB": 395, "Bulk Up": 341, "Chandra, Flameshaper": 427, "Leyline Axe": 1564, "Neglected Manor": 1814, "Sporogenic Infection": 2520, "Commune with Evil_SB": 504, "Fear of Missing Out_SB": 913, "Swiftblade Vindicator": 2623, "Archmage of Runes": 101, "Ertai's Scorn": 819, "Metamorphic Blast": 1710, "Unauthorized Exit": 2901, "Harrier Strix_SB": 1220, "Strix Lookout_SB": 2580, "The Tale of Tamiyo_SB": 2747, "Twist Reality_SB": 2882, "Helpful Hunter": 1261, "Knight of Dawn's Light": 1502, "Raise the Past": 2085, "Enduring Tenacity_SB": 797, "Leyline of Hope_SB": 1568, "Coppercoat Vanguard_SB": 522, "Garna, Bloodfist of Keld_SB": 1041, "Massacre Wurm_SB": 1691, "Burst Lightning_SB": 352, "Vampire Nighthawk_SB": 2991, "Runic Shot_SB": 2251, "Razorlash Transmogrant": 2116, "Huskburster Swarm_SB": 1332, "Hearthborn Battler": 1250, "Invasion of Tarkir_SB": 1405, "Guardian of the Great Door": 1188, "Lonely Arroyo": 1611, "Norn's Inquisitor": 1843, "Spring-Loaded Sawblades": 2522, "Electrostatic Infantry": 766, "Impact Tremors": 1343, "Kindlespark Duo": 1493, "Ral's Reinforcements": 2093, "Rodeo Pyromancers": 2226, "The Autonomous Furnace": 2693, "Deadeye Duelist_SB": 597, "Skewer Slinger_SB": 2414, "Thunder Salvo_SB": 2798, "Fear of Being Hunted": 901, "Frenzied Goblin_SB": 1014, "Gloomfang Mauler": 1119, "Possessed Goat": 2025, "Shroudstomper": 2395, "Tocasia's Dig Site": 2825, "Vile Mutilator": 3025, "Deadly Brew": 598, "Osseous Sticktwister": 1894, "Thornwood Falls": 2765, "Azorius Guildgate": 155, "Beanstalk Wurm": 192, "Boros Guildgate": 279, "Circuitous Route": 459, "Dimir Guildgate": 660, "Eaten Alive": 750, "Expedition Map": 844, "Golgari Guildgate": 1143, "Gruul Guildgate": 1183, "Insidious Fungus": 1367, "Izzet Guildgate": 1426, "Maze's End": 1694, "Muldrotha, the Gravetide": 1794, "Orzhov Guildgate": 1893, "Rakdos Guildgate": 2087, "Selesnya Guildgate": 2349, "Simic Guildgate": 2408, "Tatyova, Benthic Druid": 2657, "Atraxa's Fall_SB": 137, "Brightblade Stoat_SB": 315, "Savor_SB": 2283, "Agate-Blade Assassin": 28, "Outlaws' Fury": 1905, "Ravine Raider": 2112, "Scales of Shale": 2293, "Agate Assault_SB": 27, "Bake into a Pie_SB": 162, "Hazardous Blast_SB": 1234, "Dewdrop Cure": 656, "Elesh Norn": 771, "Goblin Surprise": 1135, "Irreverent Gremlin": 1417, "Krenko, Mob Boss": 1526, "Norin, Swift Survivalist": 1841, "Vicious Clown": 3023, "Wind-Scarred Crag": 3122, "Involuntary Employment_SB": 1413, "Contaminated Aquifer": 519, "Marauding Brinefang": 1679, "Soul-Guide Lantern": 2472, "Union of the Third Path": 2923, "Vanish into Eternity": 2994, "Candy Trail": 372, "Desperate Bloodseeker": 647, "Marauding Blight-Priest": 1678, "Moment of Craving": 1762, "Murder": 1796, "Savor": 2282, "Servant of the Stinger": 2359, "Sanguine Indulgence_SB": 2274, "Soul-Shackled Zombie_SB": 2475, "Midnight Mayhem": 1718, "Ratcatcher Trainee": 2106, "Scytheclaw Raptor_SB": 2320, "Dragon Fodder": 706, "Keldon Strike Team_SB": 1478, "Bartolom\u00e9 del Presidio": 181, "Midnight Reaper": 1719, "Nezumi Linkbreaker": 1823, "Vampire Gourmand": 2989, "Prophetic Prism": 2047, "Souls of the Lost": 2478, "Basilisk Collar": 184, "Ambush Wolf_SB": 51, "Dead Weight_SB": 596, "Fog of War_SB": 989, "Aetherize": 22, "Peculiar Lighthouse": 1953, "Swiftwater Cliffs": 2626, "Tranquil Cove": 2847, "Tolarian Terror_SB": 2830, "Union of the Third Path_SB": 2924, "Hidetsugu's Second Rite": 1288, "Ghitu Lavarunner_SB": 1073, "Boulderbranch Golem": 288, "Fierce Empath": 950, "Galewind Moose": 1036, "Gossip's Talent": 1148, "Gruff Triplets": 1182, "Lush Oasis": 1644, "Mirage Mesa": 1732, "Outcaster Greenblade": 1902, "Sunshower Druid_SB": 2603, "Banner of Kinship": 174, "Baylen, the Haymaker": 190, "Blossoming Sands": 255, "Hare Apparent": 1216, "Kayla's Reconstruction": 1474, "Hinterland Sanctifier_SB": 1297, "Drag the Canal_SB": 701, "Scatter Ray_SB": 2297, "Stingerback Terror_SB": 2558, "Flamewake Phoenix_SB": 968, "Grand Entryway && Elegant Rotunda": 1155, "Karplusan Forest_SB": 1467, "Argoth, Sanctum of Nature": 109, "Cosmic Rebirth": 533, "Elvish Regrower": 783, "Springbloom Druid": 2524, "Titania, Voice of Gaea": 2819, "Tolsimir, Midnight's Light": 2831, "Twisted Fealty": 2883, "Aegis Turtle_SB": 18, "Temple of Malice": 2672, "Night of the Sweets' Revenge": 1825, "Welcome to Sweettooth": 3105, "Cosmium Confluence_SB": 536, "See Double_SB": 2340, "Volatile Fault_SB": 3050, "Fiery Annihilation_SB": 952, "Elvish Archivist": 781, "Calix, Guided by Fate_SB": 364, "Divine Resilience_SB": 682, "Unflinching Courage_SB": 2916, "Valorous Stance_SB": 2988, "Immersturm Predator": 1340, "Trygon Predator_SB": 2869, "Dwynen, Gilt-Leaf Daen": 745, "Lathril, Blade of the Elves": 1540, "Wildborn Preserver": 3114, "Ajani, Caller of the Pride": 35, "Angel of Vitality": 64, "Leonin Vanguard": 1560, "Extinguish the Light_SB": 858, "Nine-Lives Familiar": 1830, "Voracious Greatshark": 3059, "Anthem of Champions": 80, "Armasaur Guide": 112, "Biogenic Upgrade": 208, "Charming Prince": 439, "Dazzling Angel": 592, "Felidar Savior": 935, "Felling Blow": 938, "Gnarlid Colony": 1123, "Good-Fortune Unicorn": 1147, "Inspiring Call": 1371, "Inspiring Paladin": 1373, "Mild-Mannered Librarian": 1724, "Pacifism": 1932, "Wary Thespian": 3093, "Wildwood Scourge": 3118, "Rite of Replication": 2205, "Swiftfoot Boots_SB": 2625, "Silver Scrutiny_SB": 2404, "Eaten by Piranhas_SB": 752, "Phyrexian Obliterator_SB": 1985, "Axebane Ferox_SB": 152, "Flourishing Bloom-Kin": 982, "Ghalta, Primal Hunger": 1067, "Alesha, Who Laughs at Fate": 44, "Aurelia, the Law Above": 143, "Perforating Artist": 1957, "Voldaren Thrillseeker_SB": 3055, "Urabrask": 2949, "Crash Through": 543, "Drake Hatcher": 710, "Slick Sequence": 2444, "Feed the Swarm": 926, "Crawling Barrens": 544, "Mazemind Tome_SB": 1697, "Atraxa, Grand Unifier_SB": 139, "Phyrexian Censor": 1976, "Phyrexian Vindicator": 1987, "Volatile Fault": 3049, "Seal from Existence_SB": 2323, "Stasis Snare_SB": 2542, "Urborg Scavengers": 2955, "Zetalpa, Primal Dawn": 3165, "Chrome Host Seedshark": 451, "Ichormoon Gauntlet": 1335, "Jace Reawakened": 1427, "Jin-Gitaxias": 1436, "Temple of Epiphany": 2670, "Galvanize_SB": 1038, "Tocasia's Welcome": 2826, "Bonehoard Dracosaur": 267, "Dragonlord's Servant": 708, "Incinerator of the Guilty": 1350, "Kolaghan Warmonger": 1513, "Rivaz of the Claw": 2209, "Tyrant of Kher Ridges": 2887, "Push // Pull_SB": 2057, "Burglar Rat": 343, "Halo Forager": 1202, "Hidden Necropolis": 1282, "Macabre Waltz": 1651, "Mindsplice Apparatus": 1727, "Painful Quandary": 1933, "Psychic Whorl": 2051, "Rune-Scarred Demon": 2249, "The Key to the Vault": 2718, "Joint Exploration": 1443, "Titania's Command_SB": 2818, "Dawn's Truce": 587, "Colossal Rattlewurm": 494, "Desert's Due": 646, "Duelist of the Mind": 733, "Rattleback Apothecary": 2107, "Tatyova, Steward of Tides": 2658, "Tomb Trawler_SB": 2833, "Urza's Sylex_SB": 2965, "The Rollercrusher Ride_SB": 2734, "Titania, Voice of Gaea_SB": 2820, "Nashi, Searcher in the Dark_SB": 1809, "Inspiration from Beyond": 1370, "Realmbreaker, the Invasion Tree_SB": 2125, "Grand Abolisher_SB": 1154, "Filter Out_SB": 954, "Kutzil, Malamet Exemplar": 1532, "Runic Shot": 2250, "Herald of Eternal Dawn_SB": 1264, "Sun-Blessed Healer_SB": 2592, "Seeker's Folly": 2343, "Mortify": 1781, "Coveted Falcon": 540, "Greed's Gambit_SB": 1165, "Valgavoth's Onslaught": 2972, "Stab": 2530, "Vinereap Mentor": 3026, "Ferocification": 941, "Dreadwing Scavenger": 718, "Broodspinner_SB": 332, "The Gitrog, Ravenous Ride_SB": 2707, "Collector's Cage": 487, "Invasion of Gobakhan": 1393, "Fiery Annihilation": 951, "Invasion of Arcavios": 1389, "Beseech the Mirror_SB": 199, "Heroic Reinforcements_SB": 1276, "Peerless Recycling_SB": 1954, "Wing Commando": 3124, "Bloodfell Caves": 242, "Essence Scatter_SB": 826, "Cerebral Confiscation_SB": 422, "Ruthless Negotiation": 2258, "Haunted Screen": 1230, "Prayer of Binding": 2028, "Furnace Reins": 1030, "River's Rebuke": 2210, "Koma, World-Eater_SB": 1517, "Primeval Bounty_SB": 2035, "River's Rebuke_SB": 2211, "Regal Caracal_SB": 2148, "Kiora, the Rising Tide_SB": 1496, "Rat Out_SB": 2104, "Plains_SB": 2005, "Faebloom Trick_SB": 873, "Throne of the Grim Captain": 2793, "The Kenriths' Royal Funeral_SB": 2717, "Saiba Cryptomancer": 2266, "Zoetic Glyph_SB": 3170, "Seized from Slumber_SB": 2348, "Inspiring Overseer": 1372, "Mischievous Pup": 1741, "Surgical Suite // Hospital Room": 2615, "Angel of Finality_SB": 63, "Belligerent Yearling": 197, "Colossadactyl": 493, "Earthshaker Dreadmaw": 749, "Giant Cindermaw": 1080, "Itzquinth, Firstborn of Gishath": 1420, "Ixalli's Lorekeeper": 1423, "Rogue's Passage": 2227, "Scytheclaw Raptor": 2319, "Thrashing Brontodon": 2778, "Triumphant Chomp": 2866, "Armored Kincaller_SB": 115, "Badlands Revival": 160, "Copper Host Crusher": 520, "Feed the Infection": 925, "Vinereap Mentor_SB": 3027, "Seize the Secrets": 2345, "Soured Springs": 2482, "Ankle Biter": 69, "Fynn, the Fangbearer": 1032, "Nimraiser Paladin": 1829, "The Dross Pits": 2696, "The Hunter Maze": 2709, "Kraul Whipcracker": 1521, "Wardens of the Cycle": 3086, "At Knifepoint": 135, "Fanatical Firebrand": 887, "Hellspur Brute": 1257, "Caught in the Crossfire_SB": 405, "Mourner's Surprise_SB": 1789, "Unflinching Courage": 2915, "Sanguine Evangelist_SB": 2273, "Sandstorm Salvager": 2269, "Hired Claw_SB": 1299, "Autonomous Assembler": 147, "Quintorius Kand": 2068, "Kayla's Command_SB": 1473, "Starfall Invocation_SB": 2538, "Luminous Rebuke_SB": 1638, "Massacre Wurm": 1690, "Stalactite Stalker": 2532, "Felidar Retreat_SB": 934, "Dreamdew Entrancer_SB": 720, "Werefox Bodyguard": 3106, "Spinner of Souls_SB": 2509, "Gisa, the Hellraiser_SB": 1091, "Bitter Reunion_SB": 213, "Jace Reawakened_SB": 1428, "Dust Animus": 740, "Steel Seraph_SB": 2551, "Dust Animus_SB": 741, "Gumdrop Poisoner_SB": 1193, "Archangel of Tithes_SB": 94, "Demonic Counsel_SB": 636, "Warleader's Call_SB": 3090, "Phyrexian Censor_SB": 1977, "Callous Sell-Sword_SB": 367, "Rat Out": 2103, "Lively Dirge_SB": 1601, "Herbology Instructor": 1267, "Restless Bivouac_SB": 2177, "Scorn-Blade Berserker": 2306, "Imperious Perfect_SB": 1346, "Sandstorm Salvager_SB": 2270, "Tough Cookie_SB": 2842, "Raucous Carnival_SB": 2109, "Cavernous Maw": 413, "Forgotten Monument": 1000, "Titania's Command": 2817, "Grievous Wound": 1174, "Funeral Room // Awakening Hall_SB": 1026, "Rise of the Dark Realms_SB": 2203, "Urza, Lord Protector": 2966, "Curious Forager": 569, "The Mycotyrant": 2729, "Sporogenic Infection_SB": 2521, "Seize the Spoils": 2346, "Canonized in Blood": 375, "Cemetery Recruitment": 418, "Diregraf Ghoul": 661, "Hungry Ghoul": 1326, "Mephitic Draught": 1708, "Offer Immortality": 1868, "Sanguine Syphoner": 2275, "Skeleton Archer": 2413, "Vampiric Rites": 2993, "Fumigate_SB": 1024, "Valkyrie's Call_SB": 2977, "Skystrike Officer": 2436, "Temple of Enlightenment": 2669, "Mockingbird_SB": 1754, "Temple of Mystery": 2673, "Timely Interference": 2807, "Vesuvan Duplimancy": 3015, "Dive Down_SB": 678, "Scrawling Crawler_SB": 2312, "Dryad Militant_SB": 731, "Bristlebud Farmer": 323, "Charred Foyer && Warped Space_SB": 441, "Absolving Lammasu_SB": 6, "Think Twice": 2752, "Micromancer_SB": 1717, "Coruscation Mage_SB": 531, "Bruse Tarl, Roving Rancher": 335, "Fblthp, Lost on the Range": 898, "Weakstone's Subjugation": 3098, "Fblthp, Lost on the Range_SB": 899, "Weakstone's Subjugation_SB": 3099, "Bottomless Pool && Locker Room": 284, "Hidetsugu's Second Rite_SB": 1289, "Invasion of Karsus_SB": 1399, "Mirror Room && Fractured Realm_SB": 1737, "Sword of Wealth and Power_SB": 2633, "Wildfire Howl_SB": 3116, "Zurgo and Ojutai_SB": 3180, "Halo Forager_SB": 1203, "Mabel, Heir to Cragflame_SB": 1650, "Ballyrush Banneret": 165, "Siege Veteran_SB": 2396, "Soulstone Sanctuary_SB": 2481, "Karn, Living Legacy": 1464, "Metropolis Reformer": 1714, "Krenko's Buzzcrusher_SB": 1525, "Silverback Elder_SB": 2405, "Blood Spatter Analysis": 239, "Final Vengeance_SB": 959, "Branchblight Stalker": 298, "Gitaxian Anatomist": 1093, "Goliath Hatchery": 1144, "Ichorspit Basilisk": 1336, "Lakeside Shack": 1537, "Maze's Mantle": 1695, "Meat Locker // Drowned Diner": 1698, "Mesmerizing Dose": 1709, "Paladin of Predation": 1939, "Plague Nurse": 2003, "Tainted Observer": 2643, "Tangled Islet": 2654, "Thrummingbird": 2795, "Tyrranax Atrocity": 2889, "Venomous Brutalizer": 3010, "Viral Spawning": 3030, "Vivisurgeon's Insight": 3045, "Angelic Intervention": 65, "Omenpath Journey": 1880, "Poison Dart Frog": 2012, "Rampaging Baloths": 2096, "Rundvelt Hordemaster": 2247, "Migloz, Maze Crusher_SB": 1723, "Seraphic Steed": 2354, "Meticulous Excavation_SB": 1713, "Seeker's Folly_SB": 2344, "Realmbreaker, the Invasion Tree": 2124, "Deeproot Pilgrimage": 617, "Mistway Spy": 1750, "Vodalian Hexcatcher": 3047, "Aegis Turtle": 17, "Venerated Rotpriest_SB": 3005, "Grabby Giant": 1151, "Rite of the Dragoncaller": 2206, "Hulking Raptor": 1325, "Pugnacious Hammerskull": 2053, "Gwenna, Eyes of Gaea": 1194, "Halana and Alena, Partners": 1197, "Inga and Esika": 1358, "Myrel, Shield of Argive": 1801, "Hajar, Loyal Bodyguard_SB": 1196, "Surrak and Goreclaw_SB": 2618, "Invasion of Kaldheim": 1397, "Pia Nalaar, Consul of Revival": 1988, "Doomsday Excruciator_SB": 689, "Getaway Glamer_SB": 1064, "Bottomless Pool // Locker Room": 286, "Necrogen Communion": 1810, "Vraska Joins Up": 3067, "Thirsting Roots_SB": 2757, "Silver Scrutiny": 2403, "Battlefly Swarm": 189, "Solemn Simulacrum": 2460, "Maha, Its Feathers Night_SB": 1662, "Viashino Pyromancer_SB": 3022, "The Stone Brain": 2741, "Decadent Dragon_SB": 611, "Defiled Crypt // Cadaver Lab_SB": 628, "Heraldic Banner": 1265, "Heraldic Banner_SB": 1266, "Thalia and The Gitrog Monster": 2688, "Surgical Suite && Hospital Room_SB": 2614, "Beastie Beatdown": 193, "Entity Tracker_SB": 810, "Rebel Salvo_SB": 2128, "Aether Channeler": 19, "Defiled Crypt && Cadaver Lab": 625, "Exuberant Fuseling": 862, "Thundertrap Trainer_SB": 2804, "Abuelo's Awakening": 7, "Kitsa, Otterball Elite_SB": 1501, "Rona, Herald of Invasion_SB": 2233, "Unnerving Grasp_SB": 2929, "Fear of Surveillance": 914, "Wilt-Leaf Liege_SB": 3121, "Kona, Rescue Beastie": 1518, "Time Stop": 2805, "Fleeting Flight_SB": 973, "Trash the Town_SB": 2856, "Crumb and Get It": 551, "Agrus Kos, Spirit of Justice": 33, "Muerra, Trash Tactician": 1792, "Quick Draw_SB": 2066, "Smuggler's Surprise_SB": 2454, "Whisper of the Dross": 3109, "Vraska's Fall_SB": 3069, "Blasphemous Edict": 223, "Bottomless Pool // Locker Room_SB": 287, "The Princess Takes Flight_SB": 2730, "Anim Pakal, Thousandth Moon_SB": 68, "Adaptive Automaton": 14, "Three Tree Mascot": 2787, "Palani's Hatcher": 1940, "Temple of Abandon": 2667, "Mischievous Mystic": 1740, "Defiler of Flesh": 630, "Garruk's Uprising": 1042, "Zul Ashur, Lich Lord": 3176, "Kraul Whipcracker_SB": 1522, "Mechanized Warfare": 1701, "Restless Reef_SB": 2183, "Lifecreed Duo": 1580, "At Knifepoint_SB": 136, "Monstrous Rage_SB": 1776, "Kellan's Lightblades_SB": 1480, "Blasphemous Edict_SB": 224, "Annie Flash, the Veteran_SB": 72, "Defiled Crypt && Cadaver Lab_SB": 626, "Cultivator's Caravan": 564, "Scene of the Crime": 2301, "Demonic Ruckus_SB": 642, "Impact Tremors_SB": 1344, "Conspiracy Unraveler": 515, "Matzalantli, the Great Door": 1692, "Coveted Falcon_SB": 541, "Wishclaw Talisman_SB": 3128, "Swooping Lookout": 2627, "Recruitment Officer_SB": 2138, "Oko, the Ringleader_SB": 1876, "Kambal, Profiteering Mayor": 1458, "Kaya, Spirits' Justice_SB": 1472, "Invasion of Theros": 1406, "Highway Robbery_SB": 1295, "Intrepid Paleontologist": 1384, "Bolt Bend_SB": 261, "Wishclaw Talisman": 3127, "Feldon's Cane": 928, "Neutralize the Guards": 1819, "Ayli, Eternal Pilgrim": 154, "Disturbing Conversion": 674, "Shipwreck Dowser": 2379, "Abuelo's Awakening_SB": 8, "Builder's Talent_SB": 340, "Eerie Interference_SB": 758, "Untimely Malfunction": 2942, "Imprisoned in the Moon_SB": 1347, "Inquisitive Glimmer_SB": 1364, "Refute_SB": 2144, "Argentum Masticore": 107, "Hall of Tagsin": 1200, "Hedron Archive": 1254, "The Mycosynth Gardens": 2728, "Tomakul Honor Guard": 2832, "Bramble Familiar": 296, "Obstinate Baloth": 1864, "Felonious Rage_SB": 940, "Sphinx of the Final Word_SB": 2502, "Repulsive Mutation": 2163, "Sylvan Scavenging_SB": 2636, "Walk with the Ancestors": 3077, "Meathook Massacre II_SB": 1700, "Thundering Falls_SB": 2800, "Dowsing Device": 697, "Gleaming Geardrake": 1111, "Saheeli, Filigree Master": 2264, "Saheeli, Filigree Master_SB": 2265, "Dawn's Truce_SB": 588, "Scrawling Crawler": 2311, "Case of the Ransacked Lab": 396, "The Surgical Bay": 2743, "The Tale of Tamiyo": 2746, "Enduring Courage_SB": 791, "War Squeak_SB": 3083, "Spirebluff Canal_SB": 2511, "Ajani, Sleeper Agent": 38, "Charge of the Mites": 437, "Chandra, Flameshaper_SB": 428, "Expel the Interlopers": 845, "Bite Down": 210, "Gaea's Gift": 1034, "Trash the Town": 2855, "Corsair Captain": 529, "Lost Jitte_SB": 1629, "Blazing Crescendo_SB": 229, "Rip, Spawn Hunter": 2200, "Funeral Room // Awakening Hall": 1025, "Outlaw Medic": 1904, "Wilt-Leaf Liege": 3120, "Thousand Moons Smithy_SB": 2773, "Blightbelly Rat": 232, "Unnatural Restoration": 2926, "Carnivorous Canopy_SB": 385, "Gaea's Gift_SB": 1035, "Give In to Violence_SB": 1095, "Cityscape Leveler_SB": 462, "Nahiri's Resolve_SB": 1804, "Scrapwork Mutt": 2310, "Brazen Collector": 305, "Generous Plunderer": 1053, "Trial of Agony": 2861, "Zoyowa's Justice": 3175, "Ancestors' Aid_SB": 59, "Leyline of Resonance_SB": 1570, "Churning Reservoir": 455, "Magmatic Sprinter": 1658, "Sardian Cliffstomper": 2276, "Solphim, Mayhem Dominus": 2462, "The Monumental Facade": 2727, "Churning Reservoir_SB": 456, "Magmatic Sprinter_SB": 1659, "Monastery Swiftspear_SB": 1771, "Sardian Cliffstomper_SB": 2277, "Malcolm, Alluring Scoundrel_SB": 1669, "Repel Calamity_SB": 2162, "Samut, Vizier of Naktamun": 2267, "Call a Surprise Witness": 365, "Trostani, Three Whispers": 2867, "Tribute to the World Tree_SB": 2864, "Taii Wakeen, Perfect Shot": 2639, "Unruly Catapult": 2930, "Glassworks // Shattered Yard_SB": 1108, "Hulking Metamorph": 1324, "Rest in Peace": 2172, "Surge Engine_SB": 2609, "Fake Your Own Death": 882, "Massacre Girl, Known Killer": 1688, "Massacre Girl, Known Killer_SB": 1689, "Rakdos Joins Up_SB": 2089, "Rakdos, the Muscle_SB": 2092, "Ghalta and Mavren": 1066, "Hide in Plain Sight": 1285, "Progenitus": 2042, "Threats Around Every Corner": 2781, "Crystal Barricade": 559, "Green Sun's Twilight_SB": 1168, "Break Down the Door": 308, "Bubble Smuggler": 338, "Cryptid Inspector": 558, "Cursed Windbreaker": 573, "Exit Specialist": 841, "Polukranos Reborn_SB": 2018, "Hazardroot Herbalist": 1235, "Head of the Homestead": 1238, "Rabbit Response": 2070, "Treeguard Duo": 2859, "Uncharted Haven": 2903, "Warren Elder": 3091, "Head of the Homestead_SB": 1239, "Grab the Prize_SB": 1150, "Stroke of Midnight_SB": 2582, "Delney, Streetwise Lookout": 631, "Stroke of Midnight": 2581, "Ragged Playmate": 2081, "Fear of Surveillance_SB": 915, "Grand Entryway // Elegant Rotunda_SB": 1157, "Norin, Swift Survivalist_SB": 1842, "Ragged Playmate_SB": 2082, "Wandertale Mentor": 3081, "Vodalian Mindsinger_SB": 3048, "Back for Seconds": 158, "Eriette's Tempting Apple": 813, "Experimental Confectioner": 848, "Feed the Cauldron": 922, "Gingerbread Hunter": 1088, "Greta, Sweettooth Scourge": 1173, "Mintstrosity": 1731, "Return from the Wilds": 2193, "Scream Puff": 2313, "Spider Food": 2503, "Sweettooth Witch": 2622, "Three Bowls of Porridge": 2783, "Sugar Rush_SB": 2588, "Leonin Vanguard_SB": 1561, "Ruin-Lurker Bat_SB": 2244, "The Millennium Calendar_SB": 2725, "Veteran Survivor_SB": 3018, "Lich-Knights' Conquest": 1577, "Corrupted Conviction_SB": 528, "Deadly Brew_SB": 599, "Cheeky House-Mouse_SB": 445, "Dryad Militant": 730, "Contagious Vorrac": 518, "Necrogen Rotpriest": 1811, "Armored Scrapgorger_SB": 117, "Invasion of Fiora_SB": 1392, "Rush of Dread_SB": 2254, "Magebane Lizard": 1656, "Final Flourish_SB": 955, "Time Stop_SB": 2806, "Unnatural Restoration_SB": 2927, "Founding the Third Path_SB": 1006, "Binding Negotiation": 206, "Vraska, the Silencer": 3072, "Barkform Harvester": 178, "Rampaging Spiketail": 2098, "Invasion of Ergamon": 1391, "Beastie Beatdown_SB": 194, "Break Out_SB": 310, "Vengeful Possession": 3007, "Repair and Recharge": 2160, "Step Between Worlds_SB": 2553, "Hearthborn Battler_SB": 1251, "Hellspur Posse Boss": 1259, "Cynical Loner_SB": 578, "Hellspur Brute_SB": 1258, "Kellan, the Fae-Blooded": 1486, "Kemba, Kha Enduring": 1489, "Swiftfoot Boots": 2624, "Astor, Bearer of Blades_SB": 134, "Consuming Aberration": 517, "Knight of Dusk's Shadow": 1504, "No One Left Behind_SB": 1838, "Botanical Brawler": 282, "Dusk Legion Duelist": 737, "Stocking the Pantry": 2561, "Tribute to the World Tree": 2863, "Collector's Cage_SB": 488, "Dragonmaster Outcast": 709, "Evolved Sleeper": 837, "Friendly Teddy": 1015, "Consumed by Greed_SB": 516, "Hop to It_SB": 1310, "Skyfisher Spider_SB": 2431, "Chart a Course_SB": 443, "Johann's Stopgap_SB": 1441, "Let's Play a Game_SB": 1563, "Kroxa and Kunoros": 1527, "Festerleech": 944, "Fallaji Archaeologist_SB": 885, "Shrouded Shepherd": 2393, "Garruk's Uprising_SB": 1043, "Hexgold Halberd": 1278, "Surgical Suite && Hospital Room": 2613, "Soul Search": 2469, "Daggerfang Duo": 579, "Deathbloom Gardener": 605, "Hoarding Recluse": 1302, "Moonstone Harbinger": 1780, "Pestilent Syphoner": 1964, "Ygra, Eater of All": 3155, "Pile On": 1994, "Llanowar Elves_SB": 1604, "Mosswood Dreadknight_SB": 1786, "Take for a Ride_SB": 2646, "Boltwave_SB": 263, "Fleeting Flight": 972, "Stormchaser's Talent_SB": 2574, "Cactarantula": 358, "Ashnod's Harvester": 124, "Warhost's Frenzy": 3088, "Think Twice_SB": 2753, "Rustler Rampage": 2255, "Wojek Investigator": 3139, "Recommission_SB": 2136, "Searslicer Goblin_SB": 2327, "Felidar Cub": 931, "Oracle of Tragedy": 1889, "Tarrian's Journal": 2656, "Dusk Rose Reliquary_SB": 739, "Felidar Cub_SB": 932, "Knight-Errant of Eos_SB": 1509, "Ruthless Lawbringer_SB": 2257, "Detective's Satchel": 652, "Forensic Gadgeteer_SB": 995, "Ice Out_SB": 1333, "Claim Jumper_SB": 465, "Mirrex_SB": 1736, "Tectonic Hazard": 2661, "Geralf, the Fleshwright": 1057, "Geralf, the Fleshwright_SB": 1058, "Eaten Alive_SB": 751, "Ojer Pakpatiq, Deepest Epoch": 1873, "Disturbing Conversion_SB": 675, "Lithomantic Barrage": 1597, "Enduring Vitality_SB": 799, "Audience with Trostani_SB": 142, "Leyline of the Void": 1574, "Sentinel of Lost Lore": 2350, "Wylie Duke, Atiin Hero": 3151, "Defiler of Dreams_SB": 629, "Omen Hawker": 1878, "All Will Be One": 46, "Into the Fire": 1379, "Invasion of Karsus": 1398, "Ob Nixilis, Captive Kingpin": 1858, "Cosmic Hunger": 532, "Paranormal Analyst": 1942, "Vannifar, Evolved Enigma": 2998, "Fog Bank_SB": 988, "Talion, the Kindly Lord_SB": 2652, "Surgical Suite // Hospital Room_SB": 2616, "Extraordinary Journey": 860, "Gold Pan": 1139, "Extraordinary Journey_SB": 861, "Nurturing Pixie_SB": 1853, "Moonshaker Cavalry": 1779, "Balemurk Leech": 163, "Bashful Beastie": 183, "Cackling Slasher": 356, "Defiant Survivor": 624, "Fear of the Dark": 916, "Flesh Burrower": 976, "Give In to Violence": 1094, "Grasping Longneck": 1158, "Horrid Vigor": 1316, "Innocuous Rat": 1362, "Let's Play a Game": 1562, "Wickerfolk Thresher": 3113, "Winter's Intervention": 3125, "Leyline of Transformation": 1572, "Saheeli's Lattice": 2263, "Etali, Primal Storm_SB": 830, "Adamant Will": 13, "Goldvein Pick": 1142, "Moment of Triumph": 1764, "Pilfer": 1996, "Public Thoroughfare": 2052, "Undying Malice": 2913, "Cancel_SB": 370, "Opt_SB": 1886, "Connecting the Dots_SB": 512, "Bushwhack_SB": 354, "Mistbreath Elder_SB": 1749, "Polliwallop_SB": 2015, "Realmbreaker's Grasp_SB": 2123, "Stickytongue Sentinel_SB": 2556, "Tumbleweed Rising_SB": 2870, "Analyze the Pollen_SB": 57, "Makeshift Binding": 1666, "Pelakka Wurm": 1955, "Jump Scare_SB": 1447, "Progenitus_SB": 2043, "Harvestrite Host": 1223, "Cut Short_SB": 576, "Family Reunion_SB": 886, "Annihilating Glare": 74, "Fanatical Offering": 889, "Sword of Wealth and Power": 2632, "Skulduggery": 2422, "Skulduggery_SB": 2423, "Mabel's Mettle": 1648, "Lassoed by the Law": 1538, "Minor Misstep": 1729, "Central Elevator // Promising Stairs": 420, "Creeping Peeper": 546, "Dazzling Theater // Prop Room": 594, "Erratic Apparition": 816, "Fear of Abduction": 900, "Fear of Falling": 904, "Lionheart Glimmer": 1595, "Restricted Office // Lecture Hall": 2191, "Underwater Tunnel // Slimy Aquarium": 2912, "Stalked Researcher_SB": 2534, "Tunnel Surveyor_SB": 2874, "Ajani, Nacatl Pariah": 37, "Arena of Glory": 106, "Arid Mesa": 111, "Blood Crypt": 236, "Bloodstained Mire": 247, "Chained to the Rocks": 423, "Fatal Push": 893, "Goblin Bombardment": 1128, "Godless Shrine": 1138, "Guide of Souls": 1189, "Marsh Flats": 1686, "Ocelot Pride": 1867, "Phelia, Exuberant Shepherd": 1970, "Phlage, Titan of Fire's Fury": 1971, "Sacred Foundry": 2262, "Seasoned Pyromancer": 2336, "Thoughtseize": 2770, "Thraben Charm": 2774, "Chained to the Rocks_SB": 424, "Drannith Magistrate_SB": 713, "Obsidian Charmaw_SB": 1863, "Orim's Chant_SB": 1891, "Ragavan, Nimble Pilferer_SB": 2080, "Stony Silence_SB": 2568, "Surgical Extraction_SB": 2612, "Wear // Tear_SB": 3100, "Wrath of the Skies_SB": 3143, "Blazing Rootwalla": 230, "Burning Inquiry": 346, "Detective's Phoenix": 651, "Faithless Looting": 881, "Flameblade Adept": 965, "Goblin Lore": 1132, "Hollow One": 1304, "Lightning Bolt": 1582, "Stomping Ground": 2567, "Street Wraith": 2578, "Vengevine": 3009, "Wooded Foothills": 3140, "Cursed Totem_SB": 572, "Meltdown_SB": 1705, "Barbarian Ring": 176, "Eidolon of the Great Revel": 761, "Flare of Duplication": 969, "Goblin Guide": 1131, "Lava Spike": 1544, "Rift Bolt": 2198, "Searing Blaze": 2324, "Skewer the Critics": 2415, "Skullcrack": 2426, "Sunbaked Canyon": 2593, "Ensnaring Bridge_SB": 805, "Faerie Macabre_SB": 876, "Smash to Smithereens_SB": 2451, "Amulet of Vigor": 53, "Arboreal Grazer": 87, "Boseiju, Who Endures": 280, "Crumbling Vestige": 553, "Dryad Arbor": 729, "Dryad of the Ilysian Grove": 732, "Echoing Deeps": 754, "Explore": 850, "Green Sun's Zenith": 1169, "Gruul Turf": 1185, "Hanweir Battlements": 1207, "Lotus Field": 1632, "Mirrorpool": 1739, "Misty Rainforest": 1751, "Otawara, Soaring City": 1899, "Primeval Titan": 2036, "Scapeshift": 2295, "Shifting Woodland": 2378, "Simic Growth Chamber": 2407, "Summoner's Pact": 2590, "Tolaria West": 2828, "Urza's Cave": 2960, "Urza's Saga": 2963, "Valakut, the Molten Pinnacle": 2969, "Vesuva": 3013, "Bojuka Bog_SB": 260, "Collector Ouphe_SB": 486, "Defense Grid_SB": 623, "Dismember_SB": 668, "Endurance_SB": 789, "Force of Vigor_SB": 992, "Tireless Tracker_SB": 2814, "Vampires' Vengeance_SB": 2992, "Archon of Cruelty": 103, "Dwarven Mine": 743, "Fable of the Mirror-Breaker": 865, "Flooded Strand": 977, "Indomitable Creativity": 1352, "Jetmir's Garden": 1435, "Persist": 1960, "Prismatic Ending": 2039, "Scalding Tarn": 2290, "Wrenn and Six": 3147, "Xander's Lounge": 3152, "Boseiju, Who Endures_SB": 281, "Damping Sphere_SB": 580, "Hurkyl's Recall_SB": 1329, "Toxic Deluge_SB": 2843, "Cling to Dust": 474, "Counterspell": 539, "Force of Negation": 991, "Harbinger of the Seas": 1209, "Murktide Regent": 1798, "Polluted Delta": 2016, "Preordain": 2031, "Psychic Frog": 2050, "Sink into Stupor": 2410, "Spell Snare": 2493, "Thought Scour": 2767, "Unearth": 2914, "Watery Grave": 3096, "Consign to Memory_SB": 514, "Engineered Explosives_SB": 802, "Mystical Dispute_SB": 1803, "Nihil Spellbomb_SB": 1827, "Spell Pierce_SB": 2492, "The Meathook Massacre_SB": 2722, "Brazen Borrower": 303, "Orcish Bowmasters": 1890, "Steam Vents": 2545, "Harbinger of the Seas_SB": 1210, "Stern Scolding_SB": 2555, "Galvanic Discharge": 1037, "Showdown of the Skalds_SB": 2391, "Thoughtseize_SB": 2771, "Den of the Bugbear": 643, "Devastating Summons": 653, "Foundry Street Denizen": 1007, "Goblin Bushwhacker": 1129, "Goblin Grenade": 1130, "Goblin Piledriver": 1134, "Legion Loyalist": 1557, "Mogg War Marshal": 1755, "Reckless Bushwhacker": 2129, "Skirk Prospector": 2416, "Sokenzan, Crucible of Defiance": 2459, "Blood Moon_SB": 238, "Magus of the Moon_SB": 1660, "Reality Hemorrhage_SB": 2121, "Shattering Spree_SB": 2369, "Tormod's Crypt_SB": 2839, "Ziatora's Proving Ground": 3167, "Terastodon_SB": 2680, "Veil of Summer_SB": 3001, "Consider": 513, "Graveyard Trespasser": 1159, "Exquisite Firecraft_SB": 853, "Searing Blood_SB": 2325, "Tunnel Ignus_SB": 2872, "Ragavan, Nimble Pilferer": 2079, "Showdown of the Skalds": 2390, "Static Prison": 2543, "Windswept Heath": 3123, "Fear, Fire, Foes!_SB": 917, "Vexing Bauble": 3019, "Colossal Skyturtle_SB": 495, "Generous Ent_SB": 1052, "Grist, the Hunger Tide_SB": 1179, "Hexdrinker_SB": 1277, "Tamiyo, Inquisitive Student": 2653, "Fable of the Mirror-Breaker_SB": 866, "Giant Growth_SB": 1083, "Come Back Wrong": 499, "Glassworks // Shattered Yard": 1107, "Slice from the Shadows": 2443, "Talion, the Kindly Lord": 2651, "Over the Edge_SB": 1909, "Poison Dart Frog_SB": 2013, "Beamtown Beatstick": 191, "Celestial Armor": 417, "Diamond Pick-Axe": 659, "Carrot Cake_SB": 388, "Edgewall Inn": 757, "Goliath Hatchery_SB": 1145, "Balmor, Battlemage Captain": 166, "Bria, Riptide Rogue": 314, "Freeze in Place": 1012, "Relic's Roar": 2154, "Run Away Together_SB": 2245, "Scalding Viper_SB": 2292, "Harrier Strix": 1219, "Snaremaster Sprite": 2457, "Hardened Escort": 1215, "Holy Cow": 1306, "Living Phone": 1602, "Unsettling Twins": 2933, "Feather of Flight_SB": 920, "Possessed Goat_SB": 2026, "Raccoon Rallier_SB": 2073, "Rogue's Passage_SB": 2228, "The Jolly Balloon Man_SB": 2716, "Unsettling Twins_SB": 2934, "Heartfire Hero_SB": 1244, "Inti, Seneschal of the Sun_SB": 1376, "Pests of Honor": 1966, "Three Blind Mice": 2782, "Dauntless Dismantler_SB": 586, "Phoenix Chick_SB": 1973, "Gleaming Barrier": 1109, "Gleaming Barrier_SB": 1110, "Solemn Simulacrum_SB": 2461, "Sure Strike_SB": 2607, "Twinferno_SB": 2879, "Ancestors' Aid": 58, "Dwarven Forge-Chanter": 742, "Furious Bellow": 1027, "Ghitu Amplifier": 1071, "Heartfire Immolator": 1245, "Sure Strike": 2606, "Whiskerquill Scribe": 3108, "Brambleguard Captain": 297, "Defabricate": 619, "Fear of Burning Alive": 903, "Iron-Fist Pulverizer": 1416, "Johann, Apprentice Sorcerer": 1442, "Keldon Flamesage": 1477, "Kraum, Violent Cacophony": 1523, "Molten Tributary": 1761, "Nightwhorl Hermit": 1826, "Pyrotechnic Performer": 2060, "Razzle-Dazzler": 2120, "Stop Cold": 2569, "Thopter Mechanic": 2762, "Vesuvan Drifter": 3014, "Involuntary Cooldown_SB": 1412, "Kellan, Planar Trailblazer_SB": 1485, "Mishra's Command_SB": 1745, "Out of Air_SB": 1901, "Plan the Heist_SB": 2006, "Sleight of Hand_SB": 2442, "Trick Shot_SB": 2865, "Violent Urge_SB": 3029, "The Filigree Sylex": 2705, "Halo Hopper": 1204, "Charge of the Mites_SB": 438, "Hellspur Posse Boss_SB": 1260, "Grand Abolisher": 1153, "Unnerving Grasp": 2928, "Make Your Move_SB": 1663, "Harbinger of the Tides": 1211, "Harbinger of the Tides_SB": 1212, "Fynn, the Fangbearer_SB": 1033, "Cat Collector": 401, "Bottomless Pool && Locker Room_SB": 285, "Pile On_SB": 1995, "Growing Rites of Itlimoc": 1181, "Feldon, Ronom Excavator": 930, "Roc Hunter": 2222, "Scalding Viper": 2291, "Adventuring Gear_SB": 16, "Fear of Being Hunted_SB": 902, "Vicious Clown_SB": 3024, "Into the Roil": 1382, "Into the Roil_SB": 1383, "Ayara, Widow of the Realm": 153, "Arachnoid Adaptation": 84, "Throw from the Saddle": 2794, "Longstalk Brawl_SB": 1617, "Thrill of Possibility_SB": 2792, "Season of Gathering": 2328, "Warren Warleader": 3092, "Horrid Vigor_SB": 1317, "Lionheart Glimmer_SB": 1596, "Omnivorous Flytrap_SB": 1883, "Seasoned Warrenguard_SB": 2338, "Jump Scare": 1446, "Niko, Light of Hope": 1828, "Stalked Researcher": 2533, "Tunnel Surveyor": 2873, "Fear of Isolation_SB": 910, "Splash Portal_SB": 2515, "Demonic Pact_SB": 640, "Rite of the Dragoncaller_SB": 2207, "Valorous Stance": 2987, "Lodestone Needle": 1610, "Sawblade Skinripper_SB": 2286, "Zephyr Singer": 3163, "Sunbillow Verge": 2594, "Grim Bauble": 1177, "Spell Pierce": 2491, "Momentum Breaker": 1766, "Debris Beetle": 608, "Wastewood Verge": 3095, "Vein Ripper_SB": 3003, "Bleachbone Verge": 231, "Intimidation Tactics": 1377, "Ketramose, the New Dawn": 1490, "Oildeep Gearhulk": 1869, "Haunt the Network_SB": 1227, "Bartolom\u00e9 del Presidio_SB": 182, "Lunar Convocation_SB": 1641, "Bloodghast": 243, "Valley Rotcaller_SB": 2984, "Oildeep Gearhulk_SB": 1870, "Outpace Oblivion_SB": 1906, "Gleeful Demolition_SB": 1113, "Monument to Endurance": 1777, "Ride's End": 2196, "Defend the Rider": 621, "Hazoret, Godseeker": 1237, "Willowrush Verge": 3119, "Afterburner Expert": 24, "Draconautics Engineer": 698, "Dredger's Insight": 723, "Loot, the Pathfinder": 1620, "Molt Tender": 1757, "Restless Spire_SB": 2187, "Transmutation Font": 2852, "Braided Net_SB": 293, "Cunning Coyote_SB": 566, "Chandra, Spark Hunter_SB": 432, "Explosive Derailment_SB": 852, "Bounce Off": 289, "Greasewrench Goblin": 1161, "Marauding Mako": 1680, "Riverpyre Verge": 2215, "Scrounging Skyray": 2318, "Bounce Off_SB": 290, "Memory Guardian": 1706, "Mendicant Core, Guidelight": 1707, "Diversion Unit_SB": 680, "Lightwheel Enhancements": 1587, "Tomik, Wielder of Law_SB": 2834, "Engine Rat": 800, "Gonti, Night Minister": 1146, "Perilous Snare": 1958, "Teysa, Opulent Oligarch": 2687, "Gumdrop Poisoner": 1192, "Grim Bauble_SB": 1178, "Momentum Breaker_SB": 1767, "Optimistic Scavenger_SB": 1888, "The Aetherspark": 2690, "Brightglass Gearhulk": 317, "Voyager Glidecar": 3064, "Chandra, Spark Hunter": 431, "Intimidation Tactics_SB": 1378, "Captain Howler, Sea Scourge": 377, "Gastal Thrillroller": 1047, "Mishra's Command": 1744, "Phyrexian Dragon Engine": 1978, "Overgrown Zealot": 1912, "Riptide Gearhulk": 2201, "Transit Mage": 2851, "Conduit of Worlds_SB": 509, "Heliod, the Radiant Dawn": 1256, "Twinblade Blessing": 2877, "Gastal Thrillroller_SB": 1048, "Lifecraft Engine": 1579, "Mindspring Merfolk": 1728, "Mu Yanling, Wind Rider": 1790, "Caelorna, Coral Tyrant_SB": 359, "Nesting Bot": 1816, "Lumbering Worldwagon": 1635, "Overrun": 1925, "Diversion Unit": 679, "Muraganda Raceway": 1795, "Repurposing Bay": 2165, "Defend the Rider_SB": 622, "Zephyr Singer_SB": 3164, "Burnout Bashtronaut": 348, "Demonic Junker": 637, "Nexus of Becoming": 1821, "Amonkhet Raceway": 52, "Gastal Thrillseeker": 1049, "The Last Ride": 2719, "The Speed Demon": 2738, "Ancient Vendetta_SB": 62, "Monument to Endurance_SB": 1778, "The Speed Demon_SB": 2739, "Quag Feast": 2061, "Gastal Raider_SB": 1046, "Esoteric Duplicator": 822, "Voyage Home": 3063, "Aether Syphon_SB": 21, "Ketramose, the New Dawn_SB": 1491, "Thunderous Velocipede": 2801, "Regal Imperiosaur": 2149, "Intrepid Paleontologist_SB": 1385, "Invasion of Regatha_SB": 1402, "Voyager Glidecar_SB": 3065, "Fuel the Flames": 1018, "Skycrash": 2428, "Broadside Barrage_SB": 329, "Fuel the Flames_SB": 1019, "Locust Spray": 1609, "Riverchurn Monument": 2212, "Agonasaur Rex": 31, "Tyrox, Saurid Tyrant": 2888, "Coalstoke Gearhulk_SB": 478, "Howlsquad Heavy": 1320, "Boosted Sloop": 276, "Broadside Barrage": 328, "Thopter Fabricator_SB": 2761, "Count on Luck_SB": 538, "Sandstalker Moloch_SB": 2268, "Spectacular Pileup": 2486, "Collision Course_SB": 492, "Ride's End_SB": 2197, "Thalia and The Gitrog Monster_SB": 2689, "Zahur, Glory's Past": 3161, "Leaf-Crowned Visionary_SB": 1552, "Mossborn Hydra_SB": 1784, "Overrun_SB": 1926, "Painful Quandary_SB": 1934, "Wardens of the Cycle_SB": 3087, "Quag Feast_SB": 2062, "Red Sun's Twilight_SB": 2139, "Perilous Snare_SB": 1959, "Playful Shove": 2008, "Debris Beetle_SB": 609, "Pit Automaton": 2000, "Visage of Dread": 3041, "The Last Ride_SB": 2720, "Visage of Dread_SB": 3042, "Mishra, Claimed by Gix": 1747, "Bloated Contaminator_SB": 235, "Melira, the Living Cure_SB": 1704, "The Aetherspark_SB": 2691, "Fearless Swashbuckler": 918, "Unctus, Grand Metatect": 2904, "Invasion of Mercadia": 1400, "Webstrike Elite": 3103, "Webstrike Elite_SB": 3104, "Coiling Rebirth_SB": 482, "Gas Guzzler": 1044, "Say Its Name_SB": 2288, "Spectral Interference_SB": 2489, "Stock Up": 2559, "Spectacular Pileup_SB": 2487, "Far Fortune, End Boss": 890, "Expel the Interlopers_SB": 846, "Flotsam // Jetsam_SB": 981, "Claim Jumper": 464, "Ancient Vendetta": 61, "Full Throttle_SB": 1022, "Loot, the Key to Everything_SB": 1619, "Loot, the Pathfinder_SB": 1621, "Unstable Glyphbridge_SB": 2936, "Urza's Command_SB": 2961, "Lassoed by the Law_SB": 1539, "Blast Zone_SB": 226, "Dive Down": 677, "Basri, Tomorrow's Champion": 186, "Skyseer's Chariot_SB": 2434, "Engine Rat_SB": 801, "Essence Channeler_SB": 824, "Lunar Insight": 1642, "Jodah, the Unifier_SB": 1440, "Dropkick Bomber": 726, "Coalstoke Gearhulk": 477, "Visage Bandit": 3040, "Waxen Shapethief": 3097, "Dune Drifter": 734, "Rampaging Raptor": 2097, "Agonasaur Rex_SB": 32, "Become Brutes": 195, "The Elder Dragon War_SB": 2698, "Kellan, Inquisitive Prodigy_SB": 1483, "Caradora, Heart of Alacria": 381, "Skyseer's Chariot": 2433, "Valor's Flagship": 2985, "Veteran Beastrider": 3016, "Threadbind Clique": 2780, "Twining Twins": 2881, "Boommobile_SB": 273, "Radiant Lotus_SB": 2076, "Boommobile": 272, "Forging the Anchor": 999, "Radiant Lotus": 2075, "The Mightstone and Weakstone_SB": 2724, "Bloodthorn Flail": 250, "Flamewake Phoenix": 967, "Cryptcaller Chariot_SB": 555, "Volley Veteran": 3056, "Riptide Gearhulk_SB": 2202, "Riverchurn Monument_SB": 2213, "Spiteful Hexmage_SB": 2513, "Clamorous Ironclad": 468, "Furnace Host Charger": 1028, "Alania, Divergent Storm": 43, "Frolicking Familiar": 1016, "Wishing Well": 3129, "Resplendent Angel_SB": 2170, "Cephalopod Sentry": 421, "Tinker's Tote": 2808, "Thopter Fabricator": 2760, "Redshift, Rocketeer Chief": 2141, "Haunt the Network": 1226, "Sorcerous Spyglass": 2465, "Demonic Junker_SB": 638, "Halana and Alena, Partners_SB": 1198, "Valor's Flagship_SB": 2986, "Stall Out": 2535, "Stall Out_SB": 2536, "Gloryheath Lynx": 1121, "Sovereign Okinec Ahau": 2483, "The Raven Man": 2731, "The Raven Man_SB": 2732, "Boom Box": 271, "Broadcast Rambler": 327, "Possession Engine": 2027, "Broodheart Engine": 330, "Bat Colony": 187, "Calamitous Cave-In": 360, "Gargantuan Leech": 1039, "Hidden Volcano": 1284, "Promising Vein": 2046, "Marketback Walker": 1684, "Sab-Sunen, Luxa Embodied": 2260, "Simian Simulacrum": 2406, "Sylvan Scavenging": 2635, "Bulwark Ox": 342, "Reluctant Role Model": 2155, "Reluctant Role Model_SB": 2156, "Leyline Binding_SB": 1566, "Mold Adder_SB": 1756, "Marketback Walker_SB": 1685, "Daretti, Rocketeer Engineer": 581, "Threefold Thunderhulk": 2789, "Tune Up": 2871, "Meteor Golem_SB": 1711, "Burnout Bashtronaut_SB": 349, "Gastal Raider": 1045, "Oviya, Automech Artisan": 1930, "The Skullspore Nexus_SB": 2737, "Market Gnome_SB": 1683, "Cosmium Confluence": 535, "Festival of Embers": 945, "Hidden Nursery": 1283, "Skycrash_SB": 2429, "Nexus of Becoming_SB": 1822, "Sab-Sunen, Luxa Embodied_SB": 2261, "Earthrumbler": 748, "Collector's Vault_SB": 490, "Thran Spider_SB": 2777, "Akal Pakal, First Among Equals_SB": 41, "Deepfathom Echo": 616, "Forensic Researcher": 996, "Oko, the Ringleader": 1875, "Chitin Gravestalker": 448, "Starving Revenant_SB": 2541, "Steamcore Scholar_SB": 2547, "Ojer Pakpatiq, Deepest Epoch_SB": 1874, "Thunderous Velocipede_SB": 2802, "Fear of Infinity_SB": 908, "Stock Up_SB": 2560, "Dredger's Insight_SB": 724, "Fauna Shaman_SB": 896, "Barrow Naughty": 180, "Faerie Slumber Party": 879, "Mocking Sprite": 1752, "Spellscorn Coven": 2498, "Talion's Messenger": 2649, "Coerced to Kill": 480, "Etrata, Deadly Fugitive": 835, "Unstoppable Plan_SB": 2937, "Hoarding Broodlord": 1301, "Shadow-Rite Priest": 2361, "Nahiri's Warcrafting_SB": 1805, "Baral and Kari Zev": 175, "Enigma Drake": 803, "Eroded Canyon": 814, "Brightfield Glider": 316, "Congregation Gryff": 511, "Giant Beaver": 1079, "Lagorin, Soul of Alacria": 1535, "Miriam, Herd Whisperer": 1733, "Ornery Tumblewagg": 1892, "Trained Arynx": 2844, "Run Over_SB": 2246, "Vivisurgeon's Insight_SB": 3046, "Night Market": 1824, "Stockpiling Celebrant": 2562, "Carrion Locust_SB": 386, "Skullcap Snail_SB": 2425, "Stockpiling Celebrant_SB": 2563, "Akal Pakal, First Among Equals": 40, "Forensic Gadgeteer": 994, "Deduce_SB": 613, "Wreck Remover_SB": 3144, "Fountainport Bell": 1009, "Guidelight Optimizer": 1190, "Oaken Siren": 1855, "Machine Over Matter_SB": 1652, "Spinewoods Paladin": 2507, "Phyrexian Missionary_SB": 1983, "Sunder the Gateway": 2595, "Malcator, Purity Overseer": 1667, "Tranquil Cove_SB": 2848, "Crumb and Get It_SB": 552, "Flame Lash": 964, "Exsanguinate_SB": 855, "Exsanguinate": 854, "Syr Ginger, the Meal Ender_SB": 2638, "Legion Extruder_SB": 1556, "Blade of the Oni": 219, "Blightstep Pathway": 233, "Bloodtithe Harvester": 251, "Mutavault": 1800, "Urborg, Tomb of Yawgmoth": 2957, "Extinction Event_SB": 857, "Hidetsugu Consumes All_SB": 1286, "Unlicensed Hearse_SB": 2925, "Breeding Pool": 313, "Enigmatic Incarnation": 804, "Indatha Triome": 1351, "Linvala, the Preserver": 1594, "Overgrown Tomb": 1911, "Savai Triome": 2280, "Skyclave Apparition": 2427, "Spara's Headquarters": 2484, "Vanishing Verse": 2996, "Zagoth Triome": 3160, "Archon of Emeria_SB": 104, "Knockout Blow_SB": 1510, "Ruric Thar, the Unbowed_SB": 2252, "Thought Distortion_SB": 2766, "Yorion, Sky Nomad_SB": 3157, "Cauldron Familiar": 406, "Claim the Firstborn": 466, "Deadly Dispute": 602, "Mayhem Devil": 1693, "Witch's Oven": 3132, "Ob Nixilis, the Adversary_SB": 1859, "Darksteel Citadel": 585, "Ensoul Artifact": 806, "Riverglide Pathway": 2214, "Shrapnel Blast": 2392, "Smuggler's Copter": 2452, "Voldaren Epicure": 3053, "Aether Gust_SB": 20, "Annul_SB": 75, "Rending Volley_SB": 2159, "Shadowspear_SB": 2362, "Voltage Surge_SB": 3057, "Cragcrown Pathway": 542, "Ramunap Ruins": 2099, "Reckless Rage": 2132, "Soul-Scar Mage": 2474, "Experimental Frenzy_SB": 849, "Hazoret the Fervent_SB": 1236, "Redcap Melee_SB": 2140, "Anger of the Gods_SB": 66, "Invoke Despair_SB": 1411, "Takenuma, Abandoned Mire": 2648, "Go Blank_SB": 1125, "Claim // Fame": 463, "Infuriate": 1357, "Kumano Faces Kakkazan": 1529, "Claim the Firstborn_SB": 467, "Fatal Push_SB": 894, "Grafdigger's Cage_SB": 1152, "Extinction Event": 856, "Gifted Aetherborn_SB": 1084, "Castle Locthwain": 400, "Clearwater Pathway": 471, "Field of Ruin": 947, "Geier Reach Sanitarium": 1051, "Hall of Storm Giants": 1199, "Hive of the Eye Tyrant": 1300, "Narset, Parter of Veils": 1806, "Omen of the Sea": 1879, "Paradoxical Outcome": 1941, "Shipwreck Marsh": 2380, "The Meathook Massacre": 2721, "Ashiok, Dream Render_SB": 120, "Weathered Runestone_SB": 3102, "Fetid Pools": 946, "Yorion, Sky Nomad": 3156, "Arclight Phoenix": 105, "Fiery Impulse": 953, "Izzet Charm": 1425, "Lightning Axe": 1581, "Prismari Command": 2037, "Spikefield Hazard": 2504, "Stormcarved Coast": 2571, "Treasure Cruise": 2857, "Collective Brutality": 484, "Faithful Mending": 880, "Greasefang, Okiba Boss": 1160, "Hallowed Fountain": 1201, "Parhelion II": 1943, "Raffine's Tower": 2078, "Shattered Sanctum": 2368, "Skysovereign, Consul Flagship": 2435, "Stubborn Denial": 2585, "Tainted Indulgence": 2642, "Deafening Silence_SB": 604, "Dovin's Veto_SB": 696, "Silence_SB": 2399, "Vanishing Verse_SB": 2997, "Krenko's Buzzcrusher": 1524, "Bishop of Wings": 209, "Branchloft Pathway": 299, "Cave of the Frost Dragon": 410, "Collected Company": 483, "Eiganjo, Seat of the Empire": 762, "Nykthos, Shrine to Nyx": 1854, "Overgrown Farmland": 1910, "Portable Hole": 2021, "Resplendent Marshal": 2171, "Righteous Valkyrie": 2199, "Temple Garden": 2666, "Archon of Absolution_SB": 102, "Brave the Elements_SB": 301, "Brutal Cathar_SB": 337, "Heroic Intervention_SB": 1274, "Reidane, God of the Worthy_SB": 2150, "Shapers' Sanctuary_SB": 2364, "Dawnwing Marshal": 589, "Kroxa, Titan of Death's Hunger": 1528, "Ledger Shredder": 1554, "Brazen Borrower_SB": 304, "Prismari Command_SB": 2038, "Burner Rocket": 345, "Cloudspire Skycycle": 476, "Dynamite Diver": 747, "Guidelight Synergist": 1191, "Kolodin, Triumph Caster": 1515, "Count on Luck": 537, "Frenzied Goblin": 1013, "Doubling Season_SB": 694, "Fanatical Firebrand_SB": 888, "Howlsquad Heavy_SB": 1321, "Reckless Lackey_SB": 2131, "Rundvelt Hordemaster_SB": 2248, "District Mascot": 673, "Shivan Devastator": 2381, "Zimone, Paradox Sculptor": 3168, "Tyvar, the Pummeler_SB": 2897, "Zopandrel, Hunger Dominus_SB": 3172, "Aurelia, the Warleader": 144, "Gilded Ghoda": 1087, "Cavalier of Thorns": 409, "Elvish Mystic": 782, "Kiora, Behemoth Beckoner": 1494, "Lair of the Hydra": 1536, "Leyline of the Guildpact": 1573, "Oath of Nissa": 1857, "Old-Growth Troll": 1877, "Storm the Festival": 2570, "Ulvenwald Oddity": 2898, "Arasta of the Endless Web_SB": 86, "Emrakul, the Promised End_SB": 788, "Setessan Petitioner_SB": 2360, "Ashiok, Nightmare Muse_SB": 121, "Foreboding Ruins": 993, "Invoke Despair": 1410, "Kolaghan's Command_SB": 1514, "Haunted Ridge": 1229, "Bonecrusher Giant": 265, "Burning-Tree Emissary": 347, "Chandra, Torch of Defiance": 433, "Collision // Colossus": 491, "Gruul Spellbreaker": 1184, "Kami's Flare": 1461, "Pelt Collector": 1956, "Voltaic Brawler": 3058, "Zhur-Taa Goblin": 3166, "Bonecrusher Giant_SB": 266, "Chandra, Torch of Defiance_SB": 434, "Cindervines_SB": 458, "Kami's Flare_SB": 1462, "Roiling Vortex_SB": 2229, "Mana Confluence": 1673, "Barrier Breach_SB": 179, "Leyline of Sanctity_SB": 1571, "Colossus Hammer": 496, "Eldritch Evolution": 765, "Raffine's Informant": 2077, "Sigarda's Aid": 2397, "Soulflayer": 2476, "Sylvan Caryatid": 2634, "Bloodline Culling_SB": 246, "Collective Brutality_SB": 485, "Portable Hole_SB": 2022, "Furnace Punisher_SB": 1029, "Laughing Jasper Flint_SB": 1543, "Rocky Roads": 2225, "Lumbering Worldwagon_SB": 1636, "Cosmic Rebirth_SB": 534, "Mondrak, Glory Dominus_SB": 1772, "Become Brutes_SB": 196, "Goblin Oriflamme": 1133, "Drake Hatcher_SB": 711, "Eddymurk Crab_SB": 756, "Cindering Cutthroat_SB": 457, "Ravine Raider_SB": 2113, "Risky Shortcut_SB": 2204, "Spin Out_SB": 2505, "Steampath Charger_SB": 2548, "Devouring Sugarmaw": 654, "Amalia Benavides Aguirre_SB": 50, "Elas il-Kor, Sadistic Pilgrim_SB": 764, "Fiendish Panda_SB": 949, "Knight of Dawn's Light_SB": 1503, "Mimeoplasm, Revered One": 1725, "Etched Familiar": 832, "Spectral Interference": 2488, "Winter, Cursed Rider": 3126, "Radiant Grove": 2074, "Streetwise Negotiator_SB": 2579, "Divine Resilience": 681, "Greenhouse // Rickety Gazebo": 1170, "Silken Strength": 2402, "Map the Frontier": 1677, "Realm-Scorcher Hellkite": 2122, "Sentinel of Lost Lore_SB": 2351, "Spyglass Siren_SB": 2526, "Herd Migration_SB": 1270, "Kykar, Zephyr Awakener": 1534, "The Huntsman's Redemption_SB": 2711, "Lathril, Blade of the Elves_SB": 1541, "Armored Armadillo_SB": 114, "Gixian Infiltrator_SB": 1101, "Gloryheath Lynx_SB": 1122, "Threefold Thunderhulk_SB": 2790, "Primeval Bounty": 2034, "Cryptcaller Chariot": 554, "Rangers' Refueler": 2100, "Steel Hellkite_SB": 2549, "Mindsparker_SB": 1726, "Cursed Recording_SB": 571, "Thirsting Roots": 2756, "Gigantosaurus": 1085, "Llanowar Stalker": 1607, "Ghalta, Primal Hunger_SB": 1068, "Gigantosaurus_SB": 1086, "Disenchant": 663, "Captain Howler, Sea Scourge_SB": 378, "Karn, Living Legacy_SB": 1465, "Quaketusk Boar": 2063, "The Stasis Coffin": 2740, "Kellan Joins Up": 1479, "Ovika, Enigma Goliath_SB": 1929, "Bestow Greatness_SB": 200, "Leaping Ambush": 1553, "Raucous Theater_SB": 2111, "Flowstone Infusion_SB": 987, "Alesha, Who Laughs at Fate_SB": 45, "Lazav, Wearer of Faces_SB": 1550, "Harmless Offering_SB": 1218, "Return Triumphant": 2192, "Souls of the Lost_SB": 2479, "Slickshot Lockpicker_SB": 2445, "Flashfreeze": 970}}