{"vocabulary": {"Copperline Gorge": 520, "Emberheart Challenger": 788, "Heartfire Hero": 1248, "Innkeeper's Talent": 1365, "Karplusan Forest": 1471, "Manifold Mouse": 1680, "Might of the Meek": 1726, "Monastery Swiftspear": 1777, "Monstrous Rage": 1782, "Mountain": 1794, "Questing Druid": 2070, "Restless Ridgeline": 2193, "Rockface Village": 2233, "Shock": 2400, "Slickshot Show-Off": 2463, "Snakeskin Veil": 2471, "Thornspire Verge": 2785, "Ghost Vacuum_SB": 1080, "Obliterating Bolt_SB": 1868, "Pawpatch Formation_SB": 1958, "Pick Your Poison_SB": 1995, "Scorching Shot_SB": 2321, "Torch the Tower_SB": 2858, "Urabrask's Forge_SB": 2972, "Abhorrent Oculus": 1, "Adarkar Wastes": 15, "Chart a Course": 441, "Floodfarm Verge": 980, "Haughty Djinn": 1229, "Helping Hand": 1266, "Into the Flood Maw": 1386, "Island": 1422, "Meticulous Archive": 1718, "Moment of Truth": 1772, "Phantom Interference": 1975, "Picklock Prankster": 1996, "Plains": 2009, "Recommission": 2143, "Seachrome Coast": 2337, "Sleight of Hand": 2458, "Soul Partition": 2483, "Three Steps Ahead": 2806, "Elspeth's Smite_SB": 778, "Kutzil's Flanker_SB": 1536, "Monastery Mentor_SB": 1776, "Negate_SB": 1821, "Soul Partition_SB": 2484, "Temporary Lockdown_SB": 2699, "Archfiend of the Dross": 97, "Bloodletter of Aclazotz": 243, "Caves of Koilos": 413, "Concealed Courtyard": 503, "Cut Down": 573, "Demolition Field": 633, "Duress": 737, "Fountainport": 1010, "Go for the Throat": 1131, "Legions to Ashes": 1563, "Liliana of the Veil": 1594, "Restless Fortress": 2189, "Shadowy Backstreet": 2379, "Swamp": 2640, "Unholy Annex && Ritual Chamber": 2939, "Unstoppable Slasher": 2959, "Virtue of Persistence": 3057, "Beza, the Bounding Spring_SB": 203, "Cruelclaw's Heist_SB": 550, "Kaya, Intangible Slayer_SB": 1475, "Legions to Ashes_SB": 1564, "Rest in Peace_SB": 2182, "Battlefield Forge": 187, "Case of the Gateway Express": 390, "Enduring Curiosity": 795, "Enduring Innocence": 797, "Gleeful Demolition": 1117, "Imodane's Recruiter": 1346, "Inspiring Vantage": 1379, "Knight-Errant of Eos": 1513, "Novice Inspector": 1855, "Resolute Reinforcements": 2177, "Sanguine Evangelist": 2286, "Shivan Reef": 2399, "Spirebluff Canal": 2527, "Split Up": 2533, "Spyglass Siren": 2542, "Warden of the Inner Sky": 3104, "Get Lost_SB": 1065, "Lightning Helix_SB": 1589, "Protect the Negotiators_SB": 2053, "Cavern of Souls": 410, "Commercial District": 500, "Doppelgang": 694, "Elegant Parlor": 769, "Forest": 999, "Get Lost": 1064, "Hedge Maze": 1257, "Hushwood Verge": 1335, "Leyline Binding": 1570, "Lush Portico": 1650, "Overlord of the Boilerbilges": 1923, "Overlord of the Hauntwoods": 1927, "Overlord of the Mistmoors": 1929, "Pawpatch Formation": 1957, "Spelunking": 2516, "Sunfall": 2614, "Up the Beanstalk": 2968, "Exorcise_SB": 846, "Tranquil Frillback_SB": 2871, "Draconic Destiny": 702, "Goddric, Cloaked Reveler": 1142, "Hired Claw": 1303, "Lightning Strike": 1590, "Obliterating Bolt": 1867, "Squee, Dubious Monarch": 2544, "Witchstalker Frenzy": 3153, "Lithomantic Barrage_SB": 1603, "Pyroclasm_SB": 2063, "Archangel Elspeth": 89, "Beza, the Bounding Spring": 202, "Caretaker's Talent": 380, "Carrot Cake": 385, "Fabled Passage": 870, "Jace, the Perfected Mind": 1432, "Lay Down Arms": 1552, "Loran of the Third Path": 1627, "Negate": 1820, "Parting Gust": 1953, "Sunken Citadel": 2617, "Temporary Lockdown": 2698, "Boon-Bringer Valkyrie_SB": 273, "Loran of the Third Path_SB": 1628, "Parting Gust_SB": 1954, "Blooming Marsh": 253, "Caustic Bronco": 405, "Glissa Sunslayer": 1121, "Llanowar Wastes": 1613, "Mosswood Dreadknight": 1792, "Restless Cottage": 2187, "Sentinel of the Nameless City": 2368, "Sheoldred, the Apocalypse": 2391, "Tear Asunder": 2679, "Underground Mortuary": 2931, "Anoint with Affliction_SB": 76, "Choking Miasma_SB": 449, "Duress_SB": 738, "Gix's Command_SB": 1102, "Tear Asunder_SB": 2680, "Unholy Annex && Ritual Chamber_SB": 2940, "Imodane's Recruiter_SB": 1347, "Darkslick Shores": 582, "Deep-Cavern Bat": 614, "Essence Scatter": 828, "Faerie Mastermind": 880, "Gix, Yawgmoth Praetor": 1103, "Gloomlake Verge": 1125, "Kaito, Bane of Nightmares": 1456, "Mirrex": 1741, "Preacher of the Schism": 2033, "Restless Reef": 2191, "Underground River": 2932, "Bitter Triumph_SB": 214, "Cut Down_SB": 574, "Disdainful Stroke_SB": 663, "Enduring Curiosity_SB": 796, "Ertai Resurrected_SB": 821, "Three Steps Ahead_SB": 2807, "Unable to Scream_SB": 2922, "Anoint with Affliction": 75, "Blackcleave Cliffs": 216, "Blazemire Verge": 226, "Fear of Missing Out": 914, "Mishra's Foundry": 1752, "Molten Collapse": 1765, "Restless Vents": 2197, "Sheoldred's Edict": 2389, "Sulfurous Springs": 2606, "Abrade_SB": 4, "Liliana of the Veil_SB": 1595, "Malicious Eclipse_SB": 1677, "Misery's Shadow_SB": 1749, "Soul-Guide Lantern_SB": 2489, "Entity Tracker": 812, "Ethereal Armor": 836, "Fae Flight": 873, "Gremlin Tamer": 1176, "Inquisitive Glimmer": 1368, "Optimistic Scavenger": 1894, "Proft's Eidetic Memory": 2044, "Restless Anchorage": 2183, "Shardmage's Rescue": 2381, "Sheltered by Ghosts": 2386, "Silent Hallcreeper": 2417, "No More Lies_SB": 1843, "Restless Anchorage_SB": 2184, "Arabella, Abandoned Doll": 80, "Clockwork Percussionist": 474, "Warleader's Call": 3109, "Destroy Evil_SB": 651, "Sheltered by Ghosts_SB": 2387, "Atraxa, Grand Unifier": 136, "Brushland": 334, "Elspeth's Smite": 777, "Herd Migration": 1274, "Jace, the Perfected Mind_SB": 1433, "Doorkeeper Thrull_SB": 693, "Cacophony Scamp": 355, "Callous Sell-Sword": 364, "Leyline of Resonance": 1574, "Turn Inside Out": 2896, "Witch's Mark": 3150, "Torch the Tower": 2857, "Urabrask's Forge": 2971, "Aclazotz, Deepest Betrayal_SB": 12, "Harvester of Misery_SB": 1227, "Torpor Orb_SB": 2862, "Withering Torment_SB": 3156, "Demonic Ruckus": 641, "Feather of Flight": 921, "Thran Portal": 2797, "Into the Flood Maw_SB": 1387, "Kitnap_SB": 1504, "Tishana's Tidebinder_SB": 2838, "Tranquil Frillback": 2870, "Disfigure_SB": 667, "Nissa, Ascended Animist_SB": 1839, "Cheeky House-Mouse": 443, "Flowerfoot Swordmaster": 987, "Loran's Escape": 1629, "Mabel, Heir to Cragflame": 1654, "Rabid Gnaw": 2077, "Nettle Guard_SB": 1825, "Seedglaive Mentor_SB": 2358, "Tectonic Hazard_SB": 2682, "Case of the Crimson Pulse_SB": 388, "Exorcise": 845, "Serra Paragon_SB": 2372, "Hugs, Grisly Guardian": 1328, "Kogla and Yidaro": 1516, "Lukka, Bound to Ruin": 1638, "Migloz, Maze Crusher": 1728, "Ojer Kaslem, Deepest Growth": 1879, "Seized from Slumber": 2363, "Brotherhood's End_SB": 332, "Quintorius Kand_SB": 2075, "Stormkeld Vanguard_SB": 2592, "Painter's Studio && Defaced Gallery": 1944, "Yotian Frontliner": 3178, "Ephara's Dispersal_SB": 815, "Arabella, Abandoned Doll_SB": 81, "Cruelclaw's Heist": 549, "Nowhere to Run": 1856, "Overlord of the Balemurk": 1921, "Go for the Throat_SB": 1132, "Builder's Talent": 337, "Breach the Multiverse_SB": 305, "Soul Search_SB": 2486, "Assassin's Trophy": 127, "Freestrider Lookout": 1013, "Ghost Vacuum": 1079, "Iridescent Vinelasher": 1418, "Walk-In Closet && Forgotten Cellar": 3098, "Assassin's Trophy_SB": 128, "Gix's Command": 1101, "Long Goodbye": 1617, "Render Inert_SB": 2167, "Deadly Cover-Up": 600, "Deduce": 612, "Doomsday Excruciator": 691, "Feed the Cycle": 925, "Quick Study": 2073, "Tishana's Tidebinder": 2837, "Undercity Sewers": 2930, "Chrome Host Seedshark_SB": 451, "Sheoldred, the Apocalypse_SB": 2392, "Bitter Triumph": 213, "Coiling Rebirth": 480, "Raucous Theater": 2118, "The Infamous Cruelclaw": 2735, "Trumpeting Carnosaur": 2889, "Osseous Sticktwister_SB": 1903, "Untimely Malfunction_SB": 2964, "Horned Loch-Whale": 1319, "No More Lies": 1842, "Spellgyre": 2514, "Unable to Scream": 2921, "Horned Loch-Whale_SB": 1320, "No Witnesses_SB": 1847, "Ancient Cornucopia": 59, "Cursed Recording": 569, "Fires of Victory": 965, "Heaped Harvest": 1246, "Ill-Timed Explosion": 1343, "Make Your Own Luck": 1670, "Piggy Bank": 1998, "Pyroclasm": 2062, "Roxanne, Starfall Savant": 2248, "Scorching Dragonfire_SB": 2319, "Faerie Mastermind_SB": 881, "Screaming Nemesis": 2330, "Witchstalker Frenzy_SB": 3154, "Shore Up": 2404, "Requisition Raid_SB": 2176, "Beseech the Mirror": 197, "Rankle's Prank": 2109, "Rush of Dread": 2265, "Shoot the Sheriff": 2402, "Fountainport_SB": 1012, "Sunken Citadel_SB": 2618, "Dreams of Steel and Oil": 723, "Hunter's Talent": 1332, "Caustic Bronco_SB": 406, "Scrapshooter_SB": 2325, "Disfigure": 666, "Ertai Resurrected": 820, "Charming Scoundrel": 439, "Scorching Shot": 2320, "Fugitive Codebreaker_SB": 1027, "Squee, Dubious Monarch_SB": 2545, "Farsight Ritual_SB": 895, "Archangel of Wrath": 93, "Invasion of Tolvada": 1411, "Long Goodbye_SB": 1618, "Destroy Evil": 650, "Ossification": 1904, "Season of the Burrow": 2350, "Serra Paragon": 2371, "Season of the Burrow_SB": 2351, "Skrelv's Hive_SB": 2437, "Split Up_SB": 2534, "Analyze the Pollen": 55, "Archangel of Wrath_SB": 94, "Lightning Helix": 1588, "Archdruid's Charm": 95, "Enduring Courage": 793, "Zur, Eternal Schemer": 3197, "Elesh Norn, Mother of Machines_SB": 775, "Invasion of Tolvada_SB": 1412, "Calamity, Galloping Inferno": 360, "Glimpse the Core": 1120, "Outcaster Trailblazer": 1911, "Scorching Dragonfire": 2318, "Smuggler's Surprise": 2469, "Harvester of Misery": 1226, "Pillage the Bog": 2003, "Bladecoil Serpent_SB": 219, "The Cruelty of Gix_SB": 2718, "Blazing Crescendo": 227, "Betrayer's Bargain_SB": 201, "Insatiable Avarice": 1370, "Phyrexian Arena": 1981, "Teferi, Temporal Pilgrim": 2684, "Sheoldred's Edict_SB": 2390, "Malicious Eclipse": 1676, "Change the Equation_SB": 435, "Aclazotz, Deepest Betrayal": 11, "Outrageous Robbery_SB": 1916, "Elesh Norn, Mother of Machines": 774, "Toby, Beastie Befriender": 2846, "Virtue of Loyalty": 3055, "Not on My Watch_SB": 1854, "The Stone Brain_SB": 2764, "Chimil, the Inner Sun": 445, "The Eternal Wanderer": 2725, "Urza's Sylex": 2985, "White Sun's Twilight": 3130, "Overlord of the Floodpits": 1925, "Stoic Sphinx_SB": 2582, "Honest Rutstein": 1313, "Inti, Seneschal of the Sun": 1381, "Marchesa, Dealer of Death": 1687, "Plaza of Heroes": 2014, "Relic of Legends": 2162, "Rona, Herald of Invasion": 2243, "Tinybones Joins Up": 2831, "Glistening Deluge_SB": 1123, "Hostile Investigator_SB": 1324, "Kaervek, the Punisher_SB": 1455, "Virtue of Persistence_SB": 3058, "Curate": 566, "Steamcore Scholar": 2564, "Proft's Eidetic Memory_SB": 2045, "Bitter Reunion": 211, "Screaming Nemesis_SB": 2331, "Amalia Benavides Aguirre": 48, "Case of the Uneaten Feast": 397, "Darkstar Augur": 583, "Essence Channeler": 826, "Lunar Convocation": 1645, "Mudflat Village": 1798, "Ruin-Lurker Bat": 2255, "Starscape Cleric": 2556, "Zoraline, Cosmos Caller": 3193, "Nowhere to Run_SB": 1857, "Pest Control_SB": 1972, "Starscape Cleric_SB": 2557, "Confounding Riddle": 507, "Impulse": 1353, "Sunfall_SB": 2615, "Sunspine Lynx_SB": 2623, "Snakeskin Veil_SB": 2472, "Mockingbird": 1760, "Collector's Vault": 488, "The Enigma Jewel": 2724, "The Swarmweaver": 2766, "Picnic Ruiner": 1997, "Idyllic Beachfront": 1342, "Invasion of Gobakhan_SB": 1400, "Plumecreed Escort": 2015, "Come Back Wrong_SB": 499, "The End_SB": 2723, "Unholy Annex // Ritual Chamber": 2941, "Intrude on the Mind": 1392, "Withering Torment": 3155, "Insatiable Avarice_SB": 1371, "Phyrexian Fleshgorger_SB": 1987, "Season of Loss_SB": 2347, "Sheoldred": 2388, "Deadly Cover-Up_SB": 601, "Leyline of the Void_SB": 1580, "Season of Gathering_SB": 2345, "Unholy Annex // Ritual Chamber_SB": 2942, "Abandoned Campground": 0, "Artist's Talent": 116, "Brass's Tunnel-Grinder": 298, "Capricious Hellraiser": 374, "Chandra, Hope's Beacon": 428, "Roaring Furnace // Steaming Sauna": 2230, "Season of Weaving": 2348, "Thundering Falls": 2821, "Ral, Crackling Wit_SB": 2102, "Virtue of Knowledge_SB": 3054, "Regal Bunnicorn": 2154, "Steel Seraph": 2568, "Subterranean Schooner": 2603, "Unidentified Hovership": 2943, "Zoetic Glyph": 3189, "Nissa, Ascended Animist": 1838, "Ruthless Negotiation_SB": 2271, "Flowstone Infusion": 988, "Sunfire Torch": 2616, "Binding Negotiation_SB": 206, "Furnace Reins_SB": 1037, "Song of Totentanz_SB": 2480, "Legion Extruder": 1560, "Nurturing Pixie": 1859, "Painter's Studio // Defaced Gallery": 1946, "Restless Bivouac": 2185, "Ego Drain": 761, "Faerie Dreamthief": 877, "Faerie Fencing": 878, "Invasion of Amonkhet": 1393, "Obyra, Dreaming Duelist": 1873, "Season of Loss": 2346, "Sleep-Cursed Faerie": 2457, "Spell Stutter": 2511, "Invasion of Amonkhet_SB": 1394, "Spell Stutter_SB": 2512, "Talion's Messenger_SB": 2670, "Broodspinner": 329, "Cache Grab": 353, "Coati Scavenger": 478, "Drag to the Roots": 706, "Omnivorous Flytrap": 1889, "Vraska, Betrayal's Sting": 3090, "Baird, Argivian Recruiter": 160, "Dollmaker's Shop // Porcelain Gallery": 688, "Archangel Elspeth_SB": 90, "Lay Down Arms_SB": 1553, "Campus Renovation": 366, "One with the Multiverse": 1891, "Portal to Phyrexia": 2027, "Restless Spire": 2195, "Blast Zone": 224, "Felonious Rage": 941, "Kaya, Intangible Slayer": 1474, "The End": 2722, "Cease // Desist_SB": 415, "Rankle's Prank_SB": 2110, "Mirror Room // Fractured Realm": 1744, "Scrollshift": 2332, "Trapped in the Screen": 2874, "Get Out_SB": 1067, "Gisa, the Hellraiser": 1096, "Leyline of Hope": 1572, "Scoured Barrens": 2323, "Skrelv, Defector Mite": 2438, "Shoot the Sheriff_SB": 2403, "Shrouded Shepherd_SB": 2411, "Blossoming Tortoise": 255, "Goldvein Hydra": 1145, "Yavimaya Coast": 3173, "Blot Out_SB": 257, "Haywire Mite_SB": 1238, "Knight of Dusk's Shadow_SB": 1510, "Lord Skitter, Sewer King_SB": 1632, "Getaway Glamer": 1068, "Twisted Fealty_SB": 2905, "Arcane Proxy": 86, "Bilious Skulldweller": 204, "Bring the Ending": 318, "Drown in Ichor": 729, "Experimental Augury": 850, "Infectious Inquiry": 1359, "Prologue to Phyresis": 2048, "Reject Imperfection": 2160, "Venser, Corpse Puppet": 3031, "Vraska's Fall": 3088, "Drown in Ichor_SB": 730, "Reject Imperfection_SB": 2161, "Serum Snare_SB": 2374, "Venser, Corpse Puppet_SB": 3032, "Vraska, Betrayal's Sting_SB": 3091, "Whisper of the Dross_SB": 3129, "Break the Spell_SB": 309, "Astor, Bearer of Blades": 131, "Blacksmith's Talent": 217, "Bladehold War-Whip": 220, "Chainsaw": 424, "Dissection Tools": 672, "Nettle Guard": 1824, "Rebel Salvo": 2135, "Fallaji Archaeologist": 887, "Founding the Third Path": 1007, "Lumra, Bellow of the Woods": 1644, "Restless Vinestalk": 2199, "Squirming Emergence": 2546, "Terror Tide": 2705, "The Cruelty of Gix": 2717, "Wail of the Forgotten": 3095, "Assimilation Aegis": 129, "Chrome Prowler": 452, "Combat Thresher": 497, "Cryptic Coat": 556, "Hidden Cataract": 1284, "Hidden Courtyard": 1285, "Liberator, Urza's Battlethopter": 1581, "Out Cold": 1908, "Simulacrum Synthesizer": 2426, "High Noon_SB": 1296, "Lost in the Maze_SB": 1636, "Spark Rupture_SB": 2501, "Case of the Crimson Pulse": 387, "Koth, Fire of Resistance": 1524, "Braids, Arisen Nightmare": 292, "Disturbing Mirth": 679, "Final Vengeance": 960, "Greedy Freebooter": 1171, "Hopeless Nightmare": 1317, "Rottenmouth Viper": 2246, "Scavenger's Talent": 2314, "Spiteful Hexmage": 2529, "Elusive Otter": 781, "Kitsa, Otterball Elite": 1505, "Meeting of Minds": 1708, "Pearl of Wisdom": 1961, "Ral, Crackling Wit": 2101, "Stoke the Flames": 2583, "Stormcatch Mentor": 2589, "Stormchaser's Talent": 2590, "Valley Floodcaller": 2999, "Audacity": 138, "Botanical Sanctum": 281, "Calix, Guided by Fate": 361, "Razorverge Thicket": 2127, "Royal Treatment": 2250, "Valgavoth's Lair": 2991, "Ossification_SB": 1905, "Altanak, the Thrice-Called": 47, "Balustrade Wurm": 166, "Patchwork Beastie": 1956, "Say Its Name": 2301, "The Skullspore Nexus": 2758, "Wrenn and Realmbreaker": 3165, "Obstinate Baloth_SB": 1872, "Questing Druid_SB": 2071, "Fireglass Mentor": 964, "Flamecache Gecko": 968, "Forsaken Miner": 1004, "Gev, Scaled Scorch": 1070, "Laughing Jasper Flint": 1547, "Thought-Stalker Warlock": 2790, "Vren, the Relentless_SB": 3094, "Overlord of the Mistmoors_SB": 1930, "Glass Casket": 1110, "Protect the Negotiators": 2052, "Repel Calamity": 2170, "Splitskin Doll": 2535, "Stoic Sphinx": 2581, "Emberheart Challenger_SB": 789, "Witch's Mark_SB": 3151, "Phyrexian Fleshgorger": 1986, "Walk-In Closet && Forgotten Cellar_SB": 3099, "Dreams of Steel and Oil_SB": 724, "Restless Prairie": 2190, "Demonic Counsel": 635, "Floodpits Drowner": 981, "Break Out": 307, "Wildfire Wickerfolk": 3136, "Twinferno": 2899, "Two-Headed Hunter": 2907, "Vengeful Possession_SB": 3028, "Silent Hallcreeper_SB": 2418, "Bushwhack": 351, "Enduring Vitality": 801, "Song of Totentanz": 2479, "Tarnation Vista": 2675, "This Town Ain't Big Enough": 2780, "Thundertrap Trainer": 2825, "Blue Sun's Twilight_SB": 258, "Dissection Tools_SB": 673, "Up the Beanstalk_SB": 2969, "Volcanic Spite_SB": 3073, "Sandstorm Verge": 2285, "The Eternal Wanderer_SB": 2726, "Pest Control": 1971, "Outrageous Robbery": 1915, "Pillage the Bog_SB": 2004, "Urgent Necropsy_SB": 2980, "Caretaker's Talent_SB": 381, "Enduring Innocence_SB": 798, "Long River's Pull": 1620, "Cankerbloom": 371, "Cenote Scout": 418, "Keen-Eyed Curator": 1480, "Seed of Hope": 2357, "Violent Urge": 3048, "The Swarmweaver_SB": 2767, "Overprotect": 1931, "Manifold Mouse_SB": 1681, "Shore Up_SB": 2405, "Doppelgang_SB": 695, "Argentum Masticore_SB": 106, "Abhorrent Oculus_SB": 2, "Fugitive Codebreaker": 1026, "Not on My Watch": 1853, "Archdruid's Charm_SB": 96, "Ghostly Dancers_SB": 1082, "Thrun, Breaker of Silence_SB": 2819, "Virtue of Knowledge": 3053, "The Wandering Rescuer": 2770, "Micromancer": 1722, "Rona's Vortex": 2241, "Valgavoth, Terror Eater": 2994, "Case of the Filched Falcon": 389, "Brotherhood's End": 331, "Volcanic Spite": 3072, "Clement, the Worrywort": 471, "Dour Port-Mage": 698, "Dreamdew Entrancer": 721, "Lilypad Village": 1598, "Long River Lurker": 1619, "Mistbreath Elder": 1754, "Oakhollow Village": 1863, "Pond Prophet": 2024, "Splash Portal": 2531, "Sunshower Druid": 2620, "Three Tree Scribe": 2810, "Valley Mightcaller": 3001, "Invasion of Ixalan": 1401, "Bristlebud Farmer_SB": 322, "Ill-Timed Explosion_SB": 1344, "Giant Growth": 1087, "Rockface Village_SB": 2234, "Azure Beastbinder": 155, "Drannith Ruins": 717, "Kaito, Bane of Nightmares_SB": 1457, "Deep-Cavern Bat_SB": 615, "Escape Tunnel": 824, "Ephara's Dispersal": 814, "Kaito, Dancing Shadow_SB": 1461, "Thought-Stalker Warlock_SB": 2791, "Bandit's Talent": 169, "Coppercoat Vanguard": 518, "Fortified Beachhead": 1005, "Harbin, Vanguard Aviator": 1213, "Recruitment Officer": 2145, "Valiant Veteran": 2996, "Valley Questcaller": 3002, "Dusk Rose Reliquary": 740, "Kellan, Daring Traveler": 1486, "Syr Ginger, the Meal Ender": 2658, "Teething Wurmlet": 2683, "Tough Cookie": 2863, "Anointed Peacekeeper_SB": 78, "Aven Interrupter_SB": 148, "Tail Swipe_SB": 2662, "Misery's Shadow": 1748, "Overlord of the Balemurk_SB": 1922, "Pick Your Poison": 1994, "Sharp-Eyed Rookie": 2383, "Metropolis Reformer_SB": 1721, "Etali's Favor": 830, "Disenchant_SB": 665, "Burrowguard Mentor": 348, "Finneas, Ace Archer": 962, "Hop to It": 1314, "Pawpatch Recruit": 1959, "Seasoned Warrenguard": 2353, "Dewdrop Cure_SB": 658, "Sunder the Gateway_SB": 2613, "Treeguard Duo_SB": 2881, "Agatha's Soul Cauldron": 28, "Blood Hustler": 236, "Fauna Shaman": 898, "Haywire Mite": 1237, "Kami of Whispered Hopes": 1465, "Likeness Looter": 1593, "Lively Dirge": 1605, "Nashi, Moon's Legacy": 1815, "Tyvar, Jubilant Brawler": 2917, "Annex Sentry": 69, "Crawling Chorus": 545, "Jawbone Duelist": 1435, "Skrelv's Hive": 2436, "Slaughter Singer": 2456, "The Seedcore": 2757, "Venerated Rotpriest": 3024, "Ajani, Sleeper Agent_SB": 38, "Surge of Salvation_SB": 2629, "Aftermath Analyst": 25, "Bristly Bill, Spine Sower": 324, "Case of the Locked Hothouse": 392, "Evolving Wilds": 842, "Festering Gulch": 945, "Nissa, Resurgent Animist": 1840, "Not Dead After All": 1851, "Urborg Repossession": 2974, "Fake Your Own Death_SB": 886, "Forest_SB": 1000, "Heaped Harvest_SB": 1247, "Swamp_SB": 2641, "Demand Answers": 632, "Dreadmaw's Ire_SB": 719, "Roaring Furnace && Steaming Sauna": 2228, "High Noon": 1295, "Magebane Lizard_SB": 1662, "Breeches, Eager Pillager": 310, "Captain Storm, Cosmium Raider": 377, "Goblin Tomb Raider": 1141, "Kitesail Larcenist": 1502, "Malcolm, Alluring Scoundrel": 1673, "Malcolm, the Eyes": 1675, "Reckless Lackey": 2138, "Roaming Throne": 2226, "Staunch Crewmate": 2562, "Roaming Throne_SB": 2227, "Rite of the Moth": 2218, "Valgavoth's Faithful": 2990, "Don't Make a Sound": 690, "Return the Favor": 2204, "Chainsaw_SB": 425, "Might of the Meek_SB": 1727, "Rabid Gnaw_SB": 2078, "Turn Inside Out_SB": 2897, "Phantom Interference_SB": 1976, "Shock_SB": 2401, "Hostile Investigator": 1323, "Scrapshooter": 2324, "Tyrranax Rex_SB": 2913, "Take Up the Shield": 2665, "Nashi, Searcher in the Dark": 1816, "Tinybones, the Pickpocket": 2834, "Jirina, Dauntless General_SB": 1443, "Rubblebelt Maverick": 2252, "Slime Against Humanity": 2465, "Balustrade Wurm_SB": 167, "Glissa Sunslayer_SB": 1122, "No Witnesses": 1846, "Virtue of Loyalty_SB": 3056, "Scales of Shale_SB": 2308, "Explosive Derailment": 854, "Fell": 938, "Great Train Heist": 1167, "Kaervek, the Punisher": 1454, "Lazav, Familiar Stranger": 1554, "Magda, the Hoardmaster": 1660, "Vadmir, New Blood": 2988, "Vial Smasher, Gleeful Grenadier": 3040, "Niv-Mizzet, Supreme": 1841, "Blanchwood Prowler": 221, "Chupacabra Echo": 453, "Cruel Somnophage": 548, "Gnawing Vermin": 1129, "Hollow Scavenger": 1310, "Huskburster Swarm": 1336, "Urborg Lhurgoyf": 2973, "Writhing Necromass": 3170, "Hedge Shredder": 1258, "Terramorphic Expanse": 2703, "Grievous Wound_SB": 1180, "Terror Tide_SB": 2706, "Cathartic Parting_SB": 402, "Impulse_SB": 1354, "Lich-Knights' Conquest_SB": 1583, "Overlord of the Hauntwoods_SB": 1928, "Surge of Salvation": 2628, "Bovine Intervention_SB": 289, "Voldaren Thrillseeker": 3075, "Agatha's Soul Cauldron_SB": 29, "Scatter Ray": 2310, "Blot Out": 256, "Ashiok, Wicked Manipulator_SB": 121, "Ghired, Mirror of the Wilds": 1075, "The Jolly Balloon Man": 2738, "Case of the Stashed Skeleton": 395, "Corpses of the Lost": 524, "Cult Conscript": 562, "Patchwork Banner": 1955, "Undead Sprinter": 2927, "Fear of Impostors": 907, "Ghostly Dancers": 1081, "Braided Net": 290, "Clay-Fired Bricks": 469, "Farsight Ritual": 894, "Ezrim, Agency Chief_SB": 867, "Kaya, Spirits' Justice": 1476, "Eddymurk Crab": 757, "Tolarian Terror": 2851, "Keen-Eyed Curator_SB": 1481, "Monstrous Emergence_SB": 1781, "Valley Flamecaller": 2998, "Sunspine Lynx": 2622, "Koth, Fire of Resistance_SB": 1525, "Aven Interrupter": 147, "Roaring Furnace && Steaming Sauna_SB": 2229, "Breach the Multiverse": 304, "Hidetsugu and Kairi": 1292, "Push // Pull": 2060, "Under the Skin": 2929, "Elusive Otter_SB": 782, "Unyielding Gatekeeper": 2967, "Etali, Primal Conqueror_SB": 832, "Innkeeper's Talent_SB": 1366, "Lightning Strike_SB": 1591, "Dollmaker's Shop && Porcelain Gallery": 687, "Restricted Office && Lecture Hall_SB": 2200, "Razorkin Needlehead_SB": 2123, "Season of Weaving_SB": 2349, "Cunning Coyote": 564, "Osteomancer Adept": 1906, "Tail Swipe": 2661, "Preacher of the Schism_SB": 2034, "Thraxodemon": 2801, "Fear of Lost Teeth": 913, "Invasion of Azgol": 1396, "The Witch's Vanity_SB": 2773, "Tinybones, the Pickpocket_SB": 2835, "Vaultborn Tyrant": 3019, "Decadent Dragon": 610, "Rakdos, Patron of Chaos": 2096, "Gingerbrute": 1095, "Marvin, Murderous Mimic": 1693, "Monstrous Emergence": 1780, "Surge Engine": 2626, "Kitesail Larcenist_SB": 1503, "Repulsive Mutation_SB": 2173, "Change the Equation": 434, "Valley Rotcaller": 3003, "Lupinflower Village": 1648, "Pollen-Shield Hare": 2019, "Three Tree City": 2808, "Glass Casket_SB": 1111, "Ashiok, Wicked Manipulator": 120, "Final Showdown": 958, "Kutzil's Flanker": 1535, "Ingenious Prodigy": 1364, "Kaito, Dancing Shadow": 1460, "Darkstar Augur_SB": 584, "Plumecreed Escort_SB": 2016, "Tyvar's Stand_SB": 2916, "Pitiless Carnage": 2006, "Sawblade Skinripper": 2299, "The Witch's Vanity": 2772, "The Infamous Cruelclaw_SB": 2736, "Captivating Cave": 378, "Teferi, Temporal Pilgrim_SB": 2685, "Aloe Alchemist": 46, "Yavimaya Iconoclast": 3174, "Embereth Veteran": 787, "Hearth Elemental": 1253, "Lavaspur Boots": 1550, "Mirran Banesplitter": 1740, "Phoenix Chick": 1979, "Hearth Elemental_SB": 1254, "Zoraline, Cosmos Caller_SB": 3194, "Neutralize the Guards_SB": 1827, "Sword of Once and Future_SB": 2651, "Bloodletter of Aclazotz_SB": 244, "Shardmage's Rescue_SB": 2382, "Gremlin Tamer_SB": 1177, "Spellbook Vendor": 2513, "Stenn, Paranoid Partisan": 2570, "Get Out": 1066, "Monastery Mentor": 1775, "Mountain_SB": 1795, "Betrayer's Bargain": 200, "Corrupted Conviction": 527, "Braids, Arisen Nightmare_SB": 293, "Pugnacious Hammerskull_SB": 2058, "Torch the Witness_SB": 2860, "Wrenn's Resolve_SB": 3169, "Fear of Isolation": 911, "Glarb, Calamity's Augur": 1108, "Cavern of Souls_SB": 411, "Glarb, Calamity's Augur_SB": 1109, "Market Gnome": 1688, "Kambal, Profiteering Mayor_SB": 1464, "Warden of the Inner Sky_SB": 3105, "Painter's Studio && Defaced Gallery_SB": 1945, "Lord Skitter, Sewer King": 1631, "Planar Disruption_SB": 2012, "Wear Down_SB": 3120, "Scrollshift_SB": 2333, "Overprotect_SB": 1932, "Portent of Calamity": 2028, "The Irencrag": 2737, "Twitching Doll": 2906, "Floodpits Drowner_SB": 982, "Geological Appraiser": 1061, "Kogla and Yidaro_SB": 1517, "Lukka, Bound to Ruin_SB": 1639, "Roxanne, Starfall Savant_SB": 2249, "Sorcerous Spyglass_SB": 2482, "Overlord of the Boilerbilges_SB": 1924, "Black Sun's Twilight": 215, "Corrupt": 526, "Haunted Mire": 1233, "Iridescent Vinelasher_SB": 1419, "Archfiend of the Dross_SB": 98, "Errant and Giada": 818, "Werefox Bodyguard_SB": 3126, "Lost in the Maze": 1635, "Fortune, Loyal Steed": 1006, "Frontier Seeker": 1021, "Bristling Backwoods": 323, "Rugged Highlands": 2254, "Great Train Heist_SB": 1168, "Razortrap Gorge": 2126, "Herbology Instructor_SB": 1272, "Valley Floodcaller_SB": 3000, "Phyrexian Arena_SB": 1982, "Jaya, Fiery Negotiator_SB": 1437, "Conduit Pylons": 504, "Hidden Grotto": 1286, "Heroic Reinforcements": 1280, "Maelstrom Pulse": 1658, "Scavenging Ooze": 2315, "Vivien Reid": 3063, "Liliana, Dreadhorde General_SB": 1597, "Maelstrom Pulse_SB": 1659, "No One Left Behind": 1844, "Unstoppable Slasher_SB": 2960, "Restless Ridgeline_SB": 2194, "Phyrexian Obliterator": 1990, "Back for Seconds_SB": 158, "Case of the Stashed Skeleton_SB": 396, "Homicide Investigator_SB": 1312, "Dreadmaw's Ire": 718, "Gix, Yawgmoth Praetor_SB": 1104, "Boros Charm": 275, "Raucous Carnival": 2116, "Llanowar Elves": 1608, "Spinewoods Armadillo": 2523, "Burst Lightning": 349, "Abyssal Harvester": 9, "Day of Judgment": 590, "Authority of the Consuls_SB": 145, "Devout Decree_SB": 656, "Flashfreeze_SB": 973, "Evangel of Synthesis": 839, "Zombify": 3191, "Desecration Demon_SB": 645, "Wail of the Forgotten_SB": 3096, "Soulstone Sanctuary": 2496, "Scavenging Ooze_SB": 2316, "Vivien Reid_SB": 3064, "Basilisk Collar_SB": 184, "Sun-Blessed Healer": 2608, "Temple of Triumph": 2697, "Campus Renovation_SB": 367, "Boltwave": 261, "Splitskin Doll_SB": 2536, "Virtue of Courage": 3051, "Heartflame Duelist_SB": 1252, "Slagstorm_SB": 2455, "Mazemind Tome": 1702, "Crystal Barricade_SB": 560, "Kellan, Planar Trailblazer": 1489, "Bloodthirsty Conqueror_SB": 248, "Spinner of Souls": 2525, "Feed the Swarm_SB": 929, "Kaito, Cunning Infiltrator_SB": 1459, "Opt": 1892, "Enduring Tenacity": 799, "Not Dead After All_SB": 1852, "Pitiless Carnage_SB": 2007, "Kiora, the Rising Tide": 1499, "Ghitu Lavarunner": 1077, "Thrill of Possibility": 2813, "Artist's Talent_SB": 117, "Blooming Blast_SB": 252, "Djeru and Hazoret": 686, "Elenda, Saint of Dusk": 771, "Garna, Bloodfist of Keld": 1046, "Hajar, Loyal Bodyguard": 1200, "Jodah, the Unifier": 1444, "Kellan, the Kid": 1492, "Secluded Courtyard": 2355, "Sigarda, Font of Blessings": 2415, "Faebloom Trick": 875, "Authority of the Consuls": 144, "Exemplar of Light": 843, "Fiendish Panda": 950, "Hinterland Sanctifier": 1301, "Elenda, Saint of Dusk_SB": 772, "Spectral Sailor": 2507, "Unsummon": 2961, "Azure Beastbinder_SB": 156, "Giant Cindermaw_SB": 1086, "Tithing Blade": 2843, "Fade from History_SB": 872, "Bloodthirsty Conqueror": 247, "Heartflame Duelist": 1251, "Viashino Pyromancer": 3041, "Abraded Bluffs": 5, "Ball Lightning": 163, "Bloodfeather Phoenix": 239, "Grab the Prize": 1154, "Lyra Dawnbringer_SB": 1652, "Virtue of Courage_SB": 3052, "Combat Research": 496, "Brineborn Cutthroat_SB": 317, "Ertai's Scorn_SB": 823, "Flow of Knowledge_SB": 986, "Haughty Djinn_SB": 1230, "Urza's Rebuff_SB": 2983, "Arid Archway": 108, "Felidar Retreat": 935, "Herald of Eternal Dawn": 1267, "Loot, Exuberant Explorer": 1623, "Mossborn Hydra": 1790, "Demolition Field_SB": 634, "Abyssal Harvester_SB": 10, "Painter's Studio // Defaced Gallery_SB": 1947, "Hero's Downfall": 1277, "Liliana, Dreadhorde General": 1596, "Temple of Malady": 2692, "Temple of Plenty": 2695, "Temple of Silence": 2696, "Mortify_SB": 1789, "White Sun's Twilight_SB": 3131, "Kaito, Cunning Infiltrator": 1458, "Sphinx of Forgotten Lore": 2517, "Aetherize_SB": 23, "Feldon's Cane_SB": 931, "Demonic Pact": 639, "Harmless Offering": 1222, "Cathar Commando": 400, "Knight of Grace": 1511, "Ajani, Caller of the Pride_SB": 35, "Ethereal Armor_SB": 837, "Reclamation Sage_SB": 2142, "Dead Weight": 595, "Gixian Puppeteer": 1106, "Revenge of the Rats": 2205, "Terror Ballista": 2704, "The Ancient One": 2715, "Razorlash Transmogrant_SB": 2125, "An Offer You Can't Refuse_SB": 54, "Trapped in the Screen_SB": 2875, "Llanowar Greenwidow": 1610, "Dragonhawk, Fate's Tempest": 709, "Zurgo and Ojutai": 3198, "Final Showdown_SB": 959, "Subterranean Schooner_SB": 2604, "Virtue of Strength": 3059, "War Squeak": 3102, "Worldsoul's Rage": 3161, "Hero's Downfall_SB": 1278, "Boros Charm_SB": 276, "Day of Judgment_SB": 591, "Ashroot Animist": 124, "Green Sun's Twilight": 1172, "Polukranos Reborn": 2022, "Ruby, Daring Tracker": 2253, "Terror of the Peaks": 2707, "Hard-Hitting Question_SB": 1219, "Muerra, Trash Tactician_SB": 1800, "Soulless Jailer_SB": 2493, "Refute": 2152, "Unwanted Remake": 2965, "Curator of Destinies_SB": 567, "Aspirant's Ascent": 125, "Bloated Contaminator": 233, "Distorted Curiosity": 674, "Enter the Enigma": 810, "Fleeting Reflection": 976, "High Stride": 1297, "Infectious Bite": 1358, "Ivy, Gleeful Spellthief": 1425, "Aspirant's Ascent_SB": 126, "Bring the Ending_SB": 319, "Distorted Curiosity_SB": 675, "Enter the Enigma_SB": 811, "Fleeting Reflection_SB": 977, "High Stride_SB": 1298, "Prologue to Phyresis_SB": 2049, "This Town Ain't Big Enough_SB": 2781, "Anim Pakal, Thousandth Moon": 66, "Jirina, Dauntless General": 1442, "Deathmark_SB": 607, "Joust Through_SB": 1450, "Knight of Grace_SB": 1512, "Raise the Past_SB": 2092, "Insidious Roots": 1374, "Skyfisher Spider": 2447, "Arcanis the Omnipotent_SB": 88, "Feed the Cycle_SB": 926, "Insidious Fungus_SB": 1373, "Stab_SB": 2548, "Blooming Blast": 251, "Coruscation Mage": 530, "Firebrand Archer": 963, "Dazzling Denial": 593, "Empyrean Eagle": 790, "Healer's Hawk": 1245, "Greed's Gambit": 1169, "Molten Collapse_SB": 1766, "Sire of Seven Deaths_SB": 2429, "Temple of Deceit": 2689, "Requisition Raid": 2175, "Sentinel of the Nameless City_SB": 2369, "Doubling Season": 696, "Cathar Commando_SB": 401, "Elegant Parlor_SB": 770, "Thrun, Breaker of Silence": 2818, "Pawpatch Recruit_SB": 1960, "Abrade": 3, "Buried in the Garden": 342, "Clifftop Lookout": 472, "Fecund Greenshell": 923, "Genesis Wave": 1060, "Invasion of Zendikar": 1413, "Tender Wildguide": 2700, "Roaring Furnace // Steaming Sauna_SB": 2231, "Sheoldred_SB": 2393, "Chimil, the Inner Sun_SB": 446, "Pilfer_SB": 2002, "Urborg Scavengers_SB": 2977, "Annex Sentry_SB": 70, "Ferocification_SB": 944, "Audacity_SB": 139, "Cease // Desist": 414, "Stormsplitter": 2593, "Hard-Hitting Question": 1218, "Starfall Invocation": 2554, "Ajani's Pridemate": 33, "Arahbo, the First Fang": 83, "Banishing Light": 171, "Joust Through": 1449, "Prideful Parent": 2036, "Regal Caracal": 2156, "Savannah Lions": 2295, "Skyknight Squire": 2449, "Banishing Light_SB": 172, "Claws Out_SB": 468, "Brineborn Cutthroat": 316, "Desecration Demon": 644, "Overlord of the Floodpits_SB": 1926, "Cynical Loner": 576, "Etali, Primal Conqueror": 831, "Driver of the Dead": 727, "Gatekeeper of Malakir": 1056, "Ichor Drinker": 1339, "Infestation Sage": 1361, "Kalastria Highborn": 1462, "Nullpriest of Oblivion": 1858, "Pulse Tracker": 2059, "Vampire Nighthawk": 3010, "Vengeful Bloodwitch": 3026, "Undergrowth Recon": 2933, "Walk-In Closet // Forgotten Cellar": 3100, "Lost Jitte": 1633, "An Offer You Can't Refuse": 53, "Carnelian Orb of Dragonkind": 382, "Invasion of Tarkir": 1408, "Sarkhan, Soul Aflame": 2292, "Slagstorm": 2454, "Stingerback Terror": 2574, "Twinflame Tyrant": 2901, "Omniscience": 1888, "Drag to the Roots_SB": 707, "Unwanted Remake_SB": 2966, "Invasion of Regatha": 1406, "Primal Might": 2037, "Luminous Rebuke": 1642, "Arcanis the Omnipotent": 87, "Grand Entryway // Elegant Rotunda": 1161, "Moment of Craving_SB": 1770, "Tinybones, Bauble Burglar": 2833, "Sphinx of Forgotten Lore_SB": 2518, "Ashnod's Intervention": 123, "Barbed Batterfist": 176, "Bloodfeather Phoenix_SB": 240, "Koma, World-Eater": 1521, "The Elder Dragon War": 2720, "Valgavoth, Terror Eater_SB": 2995, "Fear of Impostors_SB": 908, "Smash to Dust_SB": 2466, "Surrak, the Hunt Caller": 2639, "Tyvar, the Pummeler": 2918, "Wildborn Preserver_SB": 3134, "Archangel of Tithes": 91, "Boon-Bringer Valkyrie": 272, "Giada, Font of Hope": 1083, "Guardian of Ghirapur": 1191, "Lyra Dawnbringer": 1651, "Resplendent Angel": 2178, "Youthful Valkyrie": 3179, "Witness Protection": 3157, "Calamity's Wake_SB": 359, "Fabrication Foundry": 871, "Fomori Vault": 992, "Fumigate": 1029, "The Mightstone and Weakstone": 2746, "Thran Spider": 2798, "Unstable Glyphbridge": 2956, "Hammerhand": 1210, "Sawblade Scamp": 2298, "Citanul Stalwart": 459, "Dwynen's Elite": 747, "Elvish Archdruid": 783, "Imperious Perfect": 1350, "Leaf-Crowned Visionary": 1556, "Llanowar Loamspeaker": 1611, "Surrak and Goreclaw": 2635, "Tyvar the Bellicose": 2914, "Dwynen, Gilt-Leaf Daen_SB": 749, "Unsummon_SB": 2962, "Deeproot Wayfinder": 618, "Restless Cottage_SB": 2188, "Witness Protection_SB": 3158, "Cityscape Leveler": 460, "Sire of Seven Deaths": 2428, "Searslicer Goblin": 2342, "Stromkirk Noble": 2600, "Reclamation Sage": 2141, "Case of the Locked Hothouse_SB": 393, "Bulk Up": 339, "Chandra, Flameshaper": 426, "Swiftblade Vindicator": 2643, "Commune with Evil": 501, "Leyline Axe": 1569, "Neglected Manor": 1822, "Sporogenic Infection": 2537, "Commune with Evil_SB": 502, "Fear of Missing Out_SB": 915, "Archmage of Runes": 99, "Ertai's Scorn": 822, "Flow of Knowledge": 985, "Metamorphic Blast": 1716, "Unauthorized Exit": 2923, "Harrier Strix_SB": 1225, "Strix Lookout_SB": 2597, "The Tale of Tamiyo_SB": 2769, "Twist Reality_SB": 2903, "Coppercoat Vanguard_SB": 519, "Garna, Bloodfist of Keld_SB": 1047, "Elas il-Kor, Sadistic Pilgrim": 765, "Helpful Hunter": 1265, "Knight of Dawn's Light": 1507, "Raise the Past": 2091, "Enduring Tenacity_SB": 800, "Leyline of Hope_SB": 1573, "Massacre Wurm_SB": 1697, "Burst Lightning_SB": 350, "Banner of Kinship": 173, "Baylen, the Haymaker": 189, "Blossoming Sands": 254, "Dewdrop Cure": 657, "Etched Cornfield": 834, "Hare Apparent": 1221, "Kayla's Reconstruction": 1479, "Wind-Scarred Crag": 3141, "Hinterland Sanctifier_SB": 1302, "Vampire Nighthawk_SB": 3011, "Runic Shot_SB": 2263, "Razorlash Transmogrant": 2124, "Huskburster Swarm_SB": 1337, "Invasion of Tarkir_SB": 1409, "Hearthborn Battler": 1255, "Contaminated Aquifer": 516, "Marauding Brinefang": 1685, "Soul-Guide Lantern": 2488, "Union of the Third Path": 2945, "Vanish into Eternity": 3014, "Deadly Riposte_SB": 603, "Vanish into Eternity_SB": 3015, "Elesh Norn": 773, "Goblin Surprise": 1140, "Irreverent Gremlin": 1421, "Krenko, Mob Boss": 1531, "Norin, Swift Survivalist": 1848, "Vicious Clown": 3043, "Involuntary Employment_SB": 1417, "Agate-Blade Assassin": 27, "Jagged Barrens": 1434, "Outlaws' Fury": 1913, "Ravine Raider": 2120, "Scales of Shale": 2307, "Agate Assault_SB": 26, "Bake into a Pie_SB": 161, "Hazardous Blast_SB": 1239, "Azorius Guildgate": 154, "Beanstalk Wurm": 191, "Boros Guildgate": 277, "Circuitous Route": 458, "Dimir Guildgate": 661, "Eaten Alive": 753, "Expedition Map": 847, "Golgari Guildgate": 1148, "Gruul Guildgate": 1188, "Insidious Fungus": 1372, "Izzet Guildgate": 1429, "Maze's End": 1700, "Muldrotha, the Gravetide": 1801, "Orzhov Guildgate": 1901, "Rakdos Guildgate": 2093, "Selesnya Guildgate": 2365, "Simic Guildgate": 2425, "Tatyova, Benthic Druid": 2677, "Atraxa's Fall_SB": 135, "Brightblade Stoat_SB": 313, "Desperate Bloodseeker_SB": 648, "Savor_SB": 2297, "Thornwood Falls": 2787, "Deadly Brew": 598, "Defiled Crypt // Cadaver Lab": 627, "Jungle Hollow": 1453, "Osseous Sticktwister": 1902, "Strangled Cemetery": 2594, "Candy Trail": 370, "Desperate Bloodseeker": 647, "Marauding Blight-Priest": 1684, "Moment of Craving": 1769, "Murder": 1803, "Savor": 2296, "Servant of the Stinger": 2375, "Sanguine Indulgence_SB": 2288, "Soul-Shackled Zombie_SB": 2491, "Khenra Spellspear": 1496, "Electrostatic Infantry": 768, "Fear of Being Hunted": 903, "Frenzied Goblin_SB": 1016, "The Autonomous Furnace": 2716, "Wrenn's Resolve": 3168, "Guardian of the Great Door": 1193, "Lonely Arroyo": 1616, "Norn's Inquisitor": 1850, "Spring-Loaded Sawblades": 2539, "Midnight Mayhem": 1724, "Ratcatcher Trainee": 2114, "Scytheclaw Raptor_SB": 2336, "Gloomfang Mauler": 1124, "Live or Die": 1604, "Possessed Goat": 2029, "Shroudstomper": 2412, "Tocasia's Dig Site": 2847, "Vile Mutilator": 3045, "Bartolom\u00e9 del Presidio": 180, "Forlorn Flats": 1003, "Midnight Reaper": 1725, "Nezumi Linkbreaker": 1830, "Snarling Gorehound": 2474, "Vampire Gourmand": 3009, "Impact Tremors": 1348, "Kindlespark Duo": 1497, "Ral's Reinforcements": 2100, "Rodeo Pyromancers": 2236, "Deadeye Duelist_SB": 597, "Skewer Slinger_SB": 2431, "Thunder Salvo_SB": 2820, "Basilisk Collar": 183, "Prophetic Prism": 2051, "Souls of the Lost": 2494, "Rottenmouth Viper_SB": 2247, "Dragon Fodder": 708, "Griffnaut Tracker_SB": 1181, "Keldon Strike Team_SB": 1483, "Ozolith, the Shattered Spire": 1940, "Ambush Wolf_SB": 50, "Dead Weight_SB": 596, "Fog of War_SB": 991, "Voracious Varmint_SB": 3081, "Aetherize": 22, "Peculiar Lighthouse": 1962, "Swiftwater Cliffs": 2646, "Tranquil Cove": 2868, "Tolarian Terror_SB": 2852, "Union of the Third Path_SB": 2946, "Hidetsugu's Second Rite": 1293, "Ghitu Lavarunner_SB": 1078, "Boulderbranch Golem": 286, "Fierce Empath": 952, "Galewind Moose": 1042, "Gossip's Talent": 1153, "Gruff Triplets": 1187, "Lush Oasis": 1649, "Mirage Mesa": 1738, "Outcaster Greenblade": 1910, "Tyrranax Rex": 2912, "Sunshower Druid_SB": 2621, "Render Inert": 2166, "Minor Misstep_SB": 1736, "Royal Treatment_SB": 2251, "Drag the Canal_SB": 704, "Scatter Ray_SB": 2311, "Stingerback Terror_SB": 2575, "Flamewake Phoenix_SB": 970, "Grand Entryway && Elegant Rotunda": 1160, "Karplusan Forest_SB": 1472, "Argoth, Sanctum of Nature": 107, "Cosmic Rebirth": 533, "Elvish Regrower": 786, "Springbloom Druid": 2541, "Titania, Voice of Gaea": 2841, "Tolsimir, Midnight's Light": 2853, "The Huntsman's Redemption": 2733, "Twisted Fealty": 2904, "Aegis Turtle_SB": 18, "Temple of Malice": 2693, "Night of the Sweets' Revenge": 1832, "Welcome to Sweettooth": 3124, "Cosmium Confluence_SB": 536, "See Double_SB": 2356, "Volatile Fault_SB": 3071, "The Filigree Sylex_SB": 2729, "Fiery Annihilation_SB": 954, "Armored Armadillo": 111, "Elvish Archivist": 784, "Toadstool Admirer": 2845, "Calix, Guided by Fate_SB": 362, "Divine Resilience_SB": 685, "Unflinching Courage_SB": 2938, "Valorous Stance_SB": 3008, "Immersturm Predator": 1345, "Bandit's Talent_SB": 170, "Tinybones Joins Up_SB": 2832, "Bonny Pall, Clearcutter_SB": 268, "Trygon Predator_SB": 2890, "Dwynen, Gilt-Leaf Daen": 748, "Lathril, Blade of the Elves": 1545, "Wildborn Preserver": 3133, "Anthem of Champions": 79, "Armasaur Guide": 110, "Biogenic Upgrade": 207, "Charming Prince": 438, "Dazzling Angel": 592, "Felidar Savior": 937, "Felling Blow": 940, "Gnarlid Colony": 1128, "Good-Fortune Unicorn": 1152, "Inspiring Call": 1376, "Inspiring Paladin": 1378, "Leonin Vanguard": 1565, "Mild-Mannered Librarian": 1730, "Pacifism": 1941, "Wary Thespian": 3113, "Wildwood Scourge": 3137, "Ajani, Caller of the Pride": 34, "Angel of Vitality": 63, "Extinguish the Light_SB": 861, "Nine-Lives Familiar": 1837, "Voracious Greatshark": 3080, "Rite of Replication": 2215, "Swiftfoot Boots_SB": 2645, "Urgent Necropsy": 2979, "Eaten by Piranhas_SB": 755, "Phyrexian Obliterator_SB": 1991, "Silver Scrutiny_SB": 2421, "Axebane Ferox_SB": 151, "Wrenn and Realmbreaker_SB": 3166, "Flourishing Bloom-Kin": 984, "Ghalta, Primal Hunger": 1072, "Hunter's Talent_SB": 1333, "Alesha, Who Laughs at Fate": 43, "Aurelia, the Law Above": 141, "Perforating Artist": 1966, "Ruthless Lawbringer": 2268, "Voldaren Thrillseeker_SB": 3076, "Highway Robbery": 1299, "Urabrask": 2970, "Feed the Swarm": 928, "Crash Through": 543, "Drake Hatcher": 713, "Slick Sequence": 2461, "Cryptic Coat_SB": 557, "Crawling Barrens": 544, "Mazemind Tome_SB": 1703, "Atraxa, Grand Unifier_SB": 137, "Phyrexian Censor": 1983, "Phyrexian Vindicator": 1992, "Volatile Fault": 3070, "Seal from Existence_SB": 2339, "Stasis Snare_SB": 2559, "Urborg Scavengers": 2976, "Zetalpa, Primal Dawn": 3185, "Chrome Host Seedshark": 450, "Ichormoon Gauntlet": 1340, "Jace Reawakened": 1430, "Jin-Gitaxias": 1441, "Temple of Epiphany": 2691, "Galvanize_SB": 1044, "Tocasia's Welcome": 2848, "Bonehoard Dracosaur": 265, "Dragonlord's Servant": 710, "Incinerator of the Guilty": 1355, "Kolaghan Warmonger": 1518, "Rivaz of the Claw": 2219, "Tyrant of Kher Ridges": 2909, "Push // Pull_SB": 2061, "Joint Exploration": 1448, "Vren, the Relentless": 3093, "Titania's Command_SB": 2840, "Long River's Pull_SB": 1621, "Burglar Rat": 341, "Halo Forager": 1207, "Hidden Necropolis": 1287, "Macabre Waltz": 1656, "Mindsplice Apparatus": 1733, "Painful Quandary": 1942, "Psychic Whorl": 2055, "Rune-Scarred Demon": 2261, "The Key to the Vault": 2741, "The Rollercrusher Ride_SB": 2756, "Titania, Voice of Gaea_SB": 2842, "Dawn's Truce": 587, "Colossal Rattlewurm": 493, "Creosote Heath": 547, "Desert's Due": 646, "Duelist of the Mind": 735, "Rattleback Apothecary": 2115, "Tatyova, Steward of Tides": 2678, "Tomb Trawler_SB": 2855, "Urza's Sylex_SB": 2986, "Rakdos Joins Up": 2094, "Nashi, Searcher in the Dark_SB": 1817, "Inspiration from Beyond": 1375, "Realmbreaker, the Invasion Tree_SB": 2133, "Filter Out_SB": 956, "Kutzil, Malamet Exemplar": 1537, "Grand Abolisher_SB": 1159, "Runic Shot": 2262, "Herald of Eternal Dawn_SB": 1268, "Sun-Blessed Healer_SB": 2609, "Assimilation Aegis_SB": 130, "Seeker's Folly": 2359, "Mortify": 1788, "Coveted Falcon": 540, "Drag to the Bottom": 705, "Greed's Gambit_SB": 1170, "Valgavoth's Onslaught": 2992, "Stab": 2547, "Vinereap Mentor": 3046, "Axebane Ferox": 150, "Ferocification": 943, "Dreadwing Scavenger": 720, "Broodspinner_SB": 330, "The Gitrog, Ravenous Ride_SB": 2730, "Collector's Cage": 486, "Invasion of Gobakhan": 1399, "Fiery Annihilation": 953, "Invasion of Arcavios": 1395, "Beseech the Mirror_SB": 198, "Heroic Reinforcements_SB": 1281, "Peerless Recycling_SB": 1963, "Reasonable Doubt": 2134, "Third Path Iconoclast": 2776, "Essence Scatter_SB": 829, "Bloodfell Caves": 241, "Deathcap Marionette": 606, "Wing Commando": 3143, "Kiora, the Rising Tide_SB": 1500, "Ruthless Negotiation": 2270, "Haunted Screen": 1235, "Prayer of Binding": 2032, "Cerebral Confiscation_SB": 421, "Furnace Reins": 1036, "Rona's Vortex_SB": 2242, "Bonny Pall, Clearcutter": 267, "River's Rebuke": 2220, "Koma, World-Eater_SB": 1522, "Primeval Bounty_SB": 2039, "River's Rebuke_SB": 2221, "Regal Caracal_SB": 2157, "Rat Out_SB": 2112, "Plains_SB": 2010, "Faebloom Trick_SB": 876, "Throne of the Grim Captain": 2815, "Drana and Linvala_SB": 715, "The Kenriths' Royal Funeral_SB": 2740, "Saiba Cryptomancer": 2279, "Zoetic Glyph_SB": 3190, "Seized from Slumber_SB": 2364, "Tyvar's Stand": 2915, "Ankle Biter": 68, "Feed the Infection": 927, "Fynn, the Fangbearer": 1038, "Nimraiser Paladin": 1836, "The Dross Pits": 2719, "The Hunter Maze": 2732, "Regal Bunnicorn_SB": 2155, "Badlands Revival": 159, "Seize the Secrets": 2361, "Soured Springs": 2498, "At Knifepoint": 133, "Fanatical Firebrand": 890, "Hellspur Brute": 1261, "Caught in the Crossfire_SB": 403, "Mourner's Surprise_SB": 1796, "Kraul Whipcracker": 1526, "Wardens of the Cycle": 3106, "Bandit's Haul": 168, "Copper Host Crusher": 517, "Vinereap Mentor_SB": 3047, "Belligerent Yearling": 196, "Colossadactyl": 492, "Earthshaker Dreadmaw": 752, "Giant Cindermaw": 1085, "Itzquinth, Firstborn of Gishath": 1424, "Ixalli's Lorekeeper": 1427, "Rogue's Passage": 2237, "Scytheclaw Raptor": 2335, "Thrashing Brontodon": 2800, "Triumphant Chomp": 2887, "Armored Kincaller_SB": 113, "Inspiring Overseer": 1377, "Mischievous Pup": 1747, "Surgical Suite // Hospital Room": 2633, "Angel of Finality_SB": 62, "Unflinching Courage": 2937, "Sanguine Evangelist_SB": 2287, "Sandstorm Salvager": 2283, "Hired Claw_SB": 1304, "Autonomous Assembler": 146, "Quintorius Kand": 2074, "Kayla's Command_SB": 1478, "Starfall Invocation_SB": 2555, "Luminous Rebuke_SB": 1643, "Massacre Wurm": 1696, "Stalactite Stalker": 2549, "Felidar Retreat_SB": 936, "Dreamdew Entrancer_SB": 722, "Werefox Bodyguard": 3125, "Spinner of Souls_SB": 2526, "Gisa, the Hellraiser_SB": 1097, "Bitter Reunion_SB": 212, "Jace Reawakened_SB": 1431, "Dust Animus": 742, "Defabricate_SB": 620, "Steel Seraph_SB": 2569, "Dust Animus_SB": 743, "Gumdrop Poisoner_SB": 1198, "Archangel of Tithes_SB": 92, "Demonic Counsel_SB": 636, "Warleader's Call_SB": 3110, "Anointed Peacekeeper": 77, "Phyrexian Censor_SB": 1984, "Callous Sell-Sword_SB": 365, "Rat Out": 2111, "Molten Duplication": 1767, "Herbology Instructor": 1271, "Restless Bivouac_SB": 2186, "Diabolic Intent": 659, "Lively Dirge_SB": 1606, "Scorn-Blade Berserker": 2322, "Imperious Perfect_SB": 1351, "Sandstorm Salvager_SB": 2284, "Tough Cookie_SB": 2864, "Urborg Repossession_SB": 2975, "Raucous Carnival_SB": 2117, "The Rollercrusher Ride": 2755, "Cavernous Maw": 412, "Forgotten Monument": 1002, "Titania's Command": 2839, "Grievous Wound": 1179, "Funeral Room // Awakening Hall_SB": 1032, "Rise of the Dark Realms_SB": 2213, "Urza, Lord Protector": 2987, "Curious Forager": 568, "The Mycotyrant": 2751, "Thornvault Forager": 2786, "Sporogenic Infection_SB": 2538, "Seize the Spoils": 2362, "Canonized in Blood": 373, "Cemetery Recruitment": 417, "Diregraf Ghoul": 662, "Hungry Ghoul": 1331, "Mephitic Draught": 1714, "Offer Immortality": 1875, "Sanguine Syphoner": 2289, "Skeleton Archer": 2430, "Vampiric Rites": 3013, "Temple of Enlightenment": 2690, "Fumigate_SB": 1030, "Valkyrie's Call_SB": 2997, "Skystrike Officer": 2453, "Zephyr Sentinel": 3182, "Unidentified Hovership_SB": 2944, "Take Up the Shield_SB": 2666, "Mockingbird_SB": 1761, "Temple of Mystery": 2694, "Timely Interference": 2829, "Vesuvan Duplimancy": 3035, "Dive Down_SB": 681, "Scrawling Crawler_SB": 2328, "Hollow Marauder": 1308, "Overwhelming Remorse": 1935, "Stubborn Burrowfiend": 2601, "Dryad Militant_SB": 733, "Chandra, Hope's Beacon_SB": 429, "Bristlebud Farmer": 321, "Charred Foyer && Warped Space_SB": 440, "Akawalli, the Seething Tower": 41, "Absolving Lammasu_SB": 6, "Think Twice": 2774, "Micromancer_SB": 1723, "Coruscation Mage_SB": 531, "Dollmaker's Shop // Porcelain Gallery_SB": 689, "Bruse Tarl, Roving Rancher": 333, "Fblthp, Lost on the Range": 900, "Weakstone's Subjugation": 3117, "Fblthp, Lost on the Range_SB": 901, "Weakstone's Subjugation_SB": 3118, "Bottomless Pool && Locker Room": 282, "Tithing Blade_SB": 2844, "Hidetsugu's Second Rite_SB": 1294, "Invasion of Karsus_SB": 1404, "Mirror Room && Fractured Realm_SB": 1743, "Sword of Wealth and Power_SB": 2653, "Wildfire Howl_SB": 3135, "Zurgo and Ojutai_SB": 3199, "Halo Forager_SB": 1208, "Mabel, Heir to Cragflame_SB": 1655, "Ballyrush Banneret": 164, "Myrel, Shield of Argive_SB": 1809, "Siege Veteran_SB": 2413, "Soulstone Sanctuary_SB": 2497, "Ezrim, Agency Chief": 866, "Karn, Living Legacy": 1469, "Metropolis Reformer": 1720, "Krenko's Buzzcrusher_SB": 1530, "Silverback Elder_SB": 2422, "Final Vengeance_SB": 961, "Kellan, Inquisitive Prodigy": 1487, "Blood Spatter Analysis": 238, "Rundvelt Hordemaster": 2259, "Branchblight Stalker": 296, "Gitaxian Anatomist": 1098, "Goliath Hatchery": 1149, "Ichorspit Basilisk": 1341, "Lakeside Shack": 1542, "Maze's Mantle": 1701, "Meat Locker // Drowned Diner": 1704, "Mesmerizing Dose": 1715, "Paladin of Predation": 1948, "Plague Nurse": 2008, "Serum Snare": 2373, "Tainted Observer": 2664, "Tangled Islet": 2674, "Thrummingbird": 2817, "Tyrranax Atrocity": 2911, "Venomous Brutalizer": 3030, "Viral Spawning": 3050, "Vivisurgeon's Insight": 3065, "Angelic Intervention": 64, "Awaken the Woods": 149, "Omenpath Journey": 1887, "Poison Dart Frog": 2017, "Rampaging Baloths": 2104, "Migloz, Maze Crusher_SB": 1729, "Seraphic Steed": 2370, "Meticulous Excavation_SB": 1719, "Raging Battle Mouse": 2089, "Loran's Escape_SB": 1630, "Seeker's Folly_SB": 2360, "Realmbreaker, the Invasion Tree": 2132, "Undead Sprinter_SB": 2928, "Murky Sewer": 1806, "Deeproot Pilgrimage": 617, "Mistway Spy": 1757, "Vodalian Hexcatcher": 3067, "Grabby Giant": 1156, "Rite of the Dragoncaller": 2216, "Aegis Turtle": 17, "Ivy, Gleeful Spellthief_SB": 1426, "Venerated Rotpriest_SB": 3025, "Hulking Raptor": 1330, "Pugnacious Hammerskull": 2057, "Guardian of New Benalia": 1192, "Invasion of Kaldheim": 1402, "Pia Nalaar, Consul of Revival": 1993, "Gwenna, Eyes of Gaea": 1199, "Halana and Alena, Partners": 1202, "Inga and Esika": 1363, "Melira, the Living Cure": 1709, "Myrel, Shield of Argive": 1808, "Elesh Norn_SB": 776, "Hajar, Loyal Bodyguard_SB": 1201, "Surrak and Goreclaw_SB": 2636, "Doomsday Excruciator_SB": 692, "Getaway Glamer_SB": 1069, "Bottomless Pool // Locker Room": 284, "Necrogen Communion": 1818, "Vraska Joins Up": 3087, "Thirsting Roots_SB": 2779, "Crystal Grotto": 561, "Silver Scrutiny": 2420, "Battlefly Swarm": 188, "Seal from Existence": 2338, "Ghalta, Stampede Tyrant": 1074, "Solemn Simulacrum": 2476, "Vein Ripper": 3022, "Maha, Its Feathers Night_SB": 1668, "Viashino Pyromancer_SB": 3042, "Jaya, Fiery Negotiator": 1436, "The Stone Brain": 2763, "Decadent Dragon_SB": 611, "Defiled Crypt // Cadaver Lab_SB": 628, "Sword of Once and Future": 2650, "Karn's Sylex_SB": 1468, "Heraldic Banner": 1269, "Heraldic Banner_SB": 1270, "Thalia and The Gitrog Monster": 2711, "Surgical Suite && Hospital Room_SB": 2632, "Beastie Beatdown": 192, "Annie Joins Up": 72, "Huatli, Poet of Unity": 1327, "Island_SB": 1423, "Rebel Salvo_SB": 2136, "Entity Tracker_SB": 813, "Aether Channeler": 19, "Defiled Crypt && Cadaver Lab": 625, "Exuberant Fuseling": 865, "Thundertrap Trainer_SB": 2826, "Abuelo's Awakening": 7, "Kitsa, Otterball Elite_SB": 1506, "Rona, Herald of Invasion_SB": 2244, "Unnerving Grasp_SB": 2952, "Wilt-Leaf Liege_SB": 3140, "Fear of Surveillance": 916, "Skrelv, Defector Mite_SB": 2439, "Kona, Rescue Beastie": 1523, "Time Stop": 2827, "Fleeting Flight_SB": 975, "Trash the Town_SB": 2877, "Agrus Kos, Spirit of Justice": 32, "Muerra, Trash Tactician": 1799, "Crumb and Get It": 551, "Cankerbloom_SB": 372, "Quick Draw_SB": 2072, "Smuggler's Surprise_SB": 2470, "Whisper of the Dross": 3128, "Vraska's Fall_SB": 3089, "Blasphemous Edict": 222, "Bottomless Pool // Locker Room_SB": 285, "The Princess Takes Flight_SB": 2752, "Anim Pakal, Thousandth Moon_SB": 67, "Adaptive Automaton": 14, "Three Tree Mascot": 2809, "Palani's Hatcher": 1949, "Temple of Abandon": 2688, "Hauntwoods Shrieker": 1236, "Restless Reef_SB": 2192, "Mischievous Mystic": 1746, "Defiler of Flesh": 630, "Garruk's Uprising": 1048, "Zul Ashur, Lich Lord": 3196, "Kraul Whipcracker_SB": 1527, "Mechanized Warfare": 1707, "Lifecreed Duo": 1585, "At Knifepoint_SB": 134, "Monstrous Rage_SB": 1783, "Kellan's Lightblades_SB": 1485, "Blasphemous Edict_SB": 223, "Annie Flash, the Veteran_SB": 71, "Defiled Crypt && Cadaver Lab_SB": 626, "Cultivator's Caravan": 563, "Scene of the Crime": 2317, "Demonic Ruckus_SB": 642, "Impact Tremors_SB": 1349, "Conspiracy Unraveler": 512, "Matzalantli, the Great Door": 1698, "Reenact the Crime": 2151, "Coveted Falcon_SB": 541, "Wishclaw Talisman_SB": 3148, "Swooping Lookout": 2647, "Recruitment Officer_SB": 2146, "Oko, the Ringleader_SB": 1883, "Kambal, Profiteering Mayor": 1463, "Kaya, Spirits' Justice_SB": 1477, "Case of the Gateway Express_SB": 391, "Invasion of Theros": 1410, "Highway Robbery_SB": 1300, "Intrepid Paleontologist": 1390, "Bolt Bend_SB": 260, "Razorkin Needlehead": 2122, "Wishclaw Talisman": 3147, "Vaultborn Tyrant_SB": 3020, "Feldon's Cane": 930, "Neutralize the Guards": 1826, "Treasure Map": 2879, "Ayli, Eternal Pilgrim": 153, "Disturbing Conversion": 677, "Shipwreck Dowser": 2396, "Abuelo's Awakening_SB": 8, "Builder's Talent_SB": 338, "Eerie Interference_SB": 760, "Karumonix, the Rat King": 1473, "Persistent Marshstalker": 1970, "Untimely Malfunction": 2963, "Argentum Masticore": 105, "Hall of Tagsin": 1205, "Hedron Archive": 1259, "The Mycosynth Gardens": 2750, "Tomakul Honor Guard": 2854, "Imprisoned in the Moon_SB": 1352, "Inquisitive Glimmer_SB": 1369, "Refute_SB": 2153, "Bramble Familiar": 294, "Obstinate Baloth": 1871, "Felonious Rage_SB": 942, "Sphinx of the Final Word_SB": 2519, "Repulsive Mutation": 2172, "Sylvan Scavenging_SB": 2656, "Walk with the Ancestors": 3097, "Meathook Massacre II_SB": 1706, "Thundering Falls_SB": 2822, "Dowsing Device": 700, "Gleaming Geardrake": 1116, "Saheeli, Filigree Master": 2277, "Saheeli, Filigree Master_SB": 2278, "Dawn's Truce_SB": 588, "Case of the Ransacked Lab": 394, "The Surgical Bay": 2765, "The Tale of Tamiyo": 2768, "Enduring Courage_SB": 794, "War Squeak_SB": 3103, "Spirebluff Canal_SB": 2528, "Scrawling Crawler": 2327, "Ajani, Sleeper Agent": 37, "Charge of the Mites": 436, "Chandra, Flameshaper_SB": 427, "Choking Miasma": 448, "Expel the Interlopers": 848, "Bite Down": 209, "Bite Down_SB": 210, "Gaea's Gift": 1040, "Trash the Town": 2876, "Corsair Captain": 529, "Lost Jitte_SB": 1634, "Blazing Crescendo_SB": 228, "Rip, Spawn Hunter": 2210, "Funeral Room // Awakening Hall": 1031, "Outlaw Medic": 1912, "Wilt-Leaf Liege": 3139, "Thousand Moons Smithy_SB": 2795, "Blightbelly Rat": 231, "Unnatural Restoration": 2949, "Carnivorous Canopy_SB": 383, "Gaea's Gift_SB": 1041, "Give In to Violence_SB": 1100, "Cityscape Leveler_SB": 461, "Nahiri's Resolve_SB": 1812, "Scrapwork Mutt": 2326, "Brazen Collector": 303, "Generous Plunderer": 1059, "Ojer Axonil, Deepest Might": 1878, "Trial of Agony": 2882, "Zoyowa's Justice": 3195, "Ancestors' Aid_SB": 58, "Leyline of Resonance_SB": 1575, "Slickshot Show-Off_SB": 2464, "Malcolm, Alluring Scoundrel_SB": 1674, "Churning Reservoir": 454, "Magmatic Sprinter": 1664, "Sardian Cliffstomper": 2290, "Solphim, Mayhem Dominus": 2478, "The Monumental Facade": 2749, "Churning Reservoir_SB": 455, "Magmatic Sprinter_SB": 1665, "Monastery Swiftspear_SB": 1778, "Sardian Cliffstomper_SB": 2291, "Repel Calamity_SB": 2171, "Call a Surprise Witness": 363, "Samut, Vizier of Naktamun": 2280, "Trostani, Three Whispers": 2888, "Tribute to the World Tree_SB": 2885, "Fake Your Own Death": 885, "Taii Wakeen, Perfect Shot": 2660, "Unruly Catapult": 2953, "Glassworks // Shattered Yard_SB": 1113, "Hulking Metamorph": 1329, "Rest in Peace": 2181, "Surge Engine_SB": 2627, "Massacre Girl, Known Killer": 1694, "Rakdos, the Muscle": 2097, "Massacre Girl, Known Killer_SB": 1695, "Rakdos Joins Up_SB": 2095, "Rakdos, the Muscle_SB": 2098, "Ghalta and Mavren": 1071, "Hide in Plain Sight": 1290, "Manifest Dread": 1679, "Progenitus": 2046, "Threats Around Every Corner": 2803, "Crystal Barricade": 559, "Green Sun's Twilight_SB": 1173, "Break Down the Door": 306, "Bubble Smuggler": 336, "Cryptid Inspector": 558, "Cursed Windbreaker": 572, "Exit Specialist": 844, "Growing Dread": 1185, "Oblivious Bookworm": 1869, "Polukranos Reborn_SB": 2023, "Hazardroot Herbalist": 1240, "Head of the Homestead": 1243, "Rabbit Response": 2076, "Treeguard Duo": 2880, "Uncharted Haven": 2925, "Warren Elder": 3111, "Head of the Homestead_SB": 1244, "Grab the Prize_SB": 1155, "Stroke of Midnight_SB": 2599, "Delney, Streetwise Lookout": 631, "Stroke of Midnight": 2598, "Back for Seconds": 157, "Eriette's Tempting Apple": 816, "Experimental Confectioner": 851, "Feed the Cauldron": 924, "Gingerbread Hunter": 1094, "Greta, Sweettooth Scourge": 1178, "Mintstrosity": 1737, "Return from the Wilds": 2203, "Scream Puff": 2329, "Spider Food": 2520, "Sweettooth Witch": 2642, "Three Bowls of Porridge": 2805, "Candy Grapple_SB": 369, "Fell_SB": 939, "Murder_SB": 1804, "Sugar Rush_SB": 2605, "Ragged Playmate": 2087, "Fear of Surveillance_SB": 917, "Grand Entryway // Elegant Rotunda_SB": 1162, "Norin, Swift Survivalist_SB": 1849, "Ragged Playmate_SB": 2088, "Wandertale Mentor": 3101, "Vodalian Mindsinger_SB": 3068, "Leonin Vanguard_SB": 1566, "Ruin-Lurker Bat_SB": 2256, "The Millennium Calendar_SB": 2748, "Veteran Survivor_SB": 3038, "Corrupted Conviction_SB": 528, "Deadly Brew_SB": 599, "Lich-Knights' Conquest": 1582, "Cheeky House-Mouse_SB": 444, "Dryad Militant": 732, "Kutzil, Malamet Exemplar_SB": 1538, "Contagious Vorrac": 515, "Necrogen Rotpriest": 1819, "Armored Scrapgorger_SB": 115, "Invasion of Fiora_SB": 1398, "Ego Drain_SB": 762, "Vorinclex": 3082, "Rush of Dread_SB": 2266, "Magebane Lizard": 1661, "Final Flourish_SB": 957, "Time Stop_SB": 2828, "Infectious Inquiry_SB": 1360, "Unnatural Restoration_SB": 2950, "Satoru, the Infiltrator": 2293, "Founding the Third Path_SB": 1008, "Binding Negotiation": 205, "Vraska, the Silencer": 3092, "Fae Flight_SB": 874, "Invasion of Ergamon": 1397, "Beastie Beatdown_SB": 193, "Break Out_SB": 308, "Hearthborn Battler_SB": 1256, "Vengeful Possession": 3027, "Repair and Recharge": 2169, "Step Between Worlds_SB": 2571, "Hellspur Posse Boss": 1263, "Cynical Loner_SB": 577, "Hellspur Brute_SB": 1262, "Kellan, the Fae-Blooded": 1491, "Kemba, Kha Enduring": 1493, "Swiftfoot Boots": 2644, "Sword of Forge and Frontier": 2648, "Astor, Bearer of Blades_SB": 132, "Consuming Aberration": 514, "Knight of Dusk's Shadow": 1509, "No One Left Behind_SB": 1845, "Botanical Brawler": 280, "Dusk Legion Duelist": 739, "Railway Brawler": 2090, "Stocking the Pantry": 2578, "Tribute to the World Tree": 2884, "Collector's Cage_SB": 487, "Barkform Harvester": 177, "Rampaging Spiketail": 2106, "Evolved Sleeper": 840, "Friendly Teddy": 1018, "Consumed by Greed_SB": 513, "Hop to It_SB": 1315, "Dragonmaster Outcast": 711, "Skyfisher Spider_SB": 2448, "Chart a Course_SB": 442, "Johann's Stopgap_SB": 1446, "Let's Play a Game_SB": 1568, "Festerleech": 946, "Fallaji Archaeologist_SB": 888, "Shrouded Shepherd": 2410, "Kroxa and Kunoros": 1532, "Evolving Adaptive": 841, "Garruk's Uprising_SB": 1049, "Hexgold Halberd": 1283, "Surgical Suite && Hospital Room": 2631, "Soul Search": 2485, "Daggerfang Duo": 578, "Deathbloom Gardener": 605, "Hoarding Recluse": 1307, "Maha, Its Feathers Night": 1667, "Moonstone Harbinger": 1787, "Pestilent Syphoner": 1973, "Ygra, Eater of All": 3175, "Pile On": 1999, "Bonehoard Dracosaur_SB": 266, "Llanowar Elves_SB": 1609, "Mosswood Dreadknight_SB": 1793, "Take for a Ride_SB": 2667, "Boltwave_SB": 262, "Fleeting Flight": 974, "Stormchaser's Talent_SB": 2591, "Cactarantula": 356, "Phyrexian Missionary": 1988, "Glimmerlight": 1119, "Ashnod's Harvester": 122, "Warhost's Frenzy": 3108, "Think Twice_SB": 2775, "Rustler Rampage": 2267, "Wojek Investigator": 3159, "Recommission_SB": 2144, "Searslicer Goblin_SB": 2343, "Felidar Cub": 933, "Oracle of Tragedy": 1897, "Tarrian's Journal": 2676, "Dusk Rose Reliquary_SB": 741, "Felidar Cub_SB": 934, "Knight-Errant of Eos_SB": 1514, "Ruthless Lawbringer_SB": 2269, "The Wandering Rescuer_SB": 2771, "Detective's Satchel": 653, "Torch the Witness": 2859, "Worldwalker Helm": 3162, "Forensic Gadgeteer_SB": 997, "Ice Out_SB": 1338, "Claim Jumper_SB": 464, "Mirrex_SB": 1742, "Tectonic Hazard": 2681, "Geralf, the Fleshwright": 1062, "Geralf, the Fleshwright_SB": 1063, "Vraan, Executioner Thane": 3086, "Eaten Alive_SB": 754, "Ojer Pakpatiq, Deepest Epoch": 1880, "Disturbing Conversion_SB": 678, "Lithomantic Barrage": 1602, "Enduring Vitality_SB": 802, "Audience with Trostani_SB": 140, "Leyline of the Void": 1579, "Sentinel of Lost Lore": 2366, "Wylie Duke, Atiin Hero": 3171, "Defiler of Dreams_SB": 629, "Omen Hawker": 1885, "All Will Be One": 45, "Into the Fire": 1385, "Invasion of Karsus": 1403, "Ob Nixilis, Captive Kingpin": 1865, "Cosmic Hunger": 532, "Paranormal Analyst": 1951, "Vannifar, Evolved Enigma": 3018, "Fog Bank_SB": 990, "Talion, the Kindly Lord_SB": 2672, "Surgical Suite // Hospital Room_SB": 2634, "Valgavoth's Onslaught_SB": 2993, "Extraordinary Journey": 863, "Gold Pan": 1144, "Extraordinary Journey_SB": 864, "Nurturing Pixie_SB": 1860, "Moonshaker Cavalry": 1786, "Balemurk Leech": 162, "Bashful Beastie": 182, "Cackling Slasher": 354, "Defiant Survivor": 624, "Fear of the Dark": 918, "Flesh Burrower": 978, "Give In to Violence": 1099, "Grasping Longneck": 1163, "Horrid Vigor": 1321, "Innocuous Rat": 1367, "Let's Play a Game": 1567, "Meathook Massacre II": 1705, "Wickerfolk Thresher": 3132, "Winter's Intervention": 3144, "Leyline of Transformation": 1577, "Saheeli's Lattice": 2276, "Hopeless Nightmare_SB": 1318, "Etali, Primal Storm_SB": 833, "Adamant Will": 13, "Goldvein Pick": 1147, "Moment of Triumph": 1771, "Pilfer": 2001, "Public Thoroughfare": 2056, "Undying Malice": 2935, "Cancel_SB": 368, "Opt_SB": 1893, "Connecting the Dots_SB": 509, "Bushwhack_SB": 352, "Mistbreath Elder_SB": 1755, "Polliwallop_SB": 2020, "Realmbreaker's Grasp_SB": 2131, "Stickytongue Sentinel_SB": 2573, "Tumbleweed Rising_SB": 2891, "Corpses of the Lost_SB": 525, "Analyze the Pollen_SB": 56, "Annihilating Glare": 73, "Fanatical Offering": 892, "Sword of Wealth and Power": 2652, "Makeshift Binding": 1671, "Dismal Backwater": 668, "Pelakka Wurm": 1964, "Extract a Confession_SB": 862, "Unauthorized Exit_SB": 2924, "Jump Scare_SB": 1452, "Progenitus_SB": 2047, "Harvestrite Host": 1228, "Cut Short_SB": 575, "Family Reunion_SB": 889, "Skulduggery": 2440, "Skulduggery_SB": 2441, "Lassoed by the Law": 1543, "Mabel's Mettle": 1653, "Minor Misstep": 1735, "Hopeful Vigil": 1316, "Central Elevator // Promising Stairs": 419, "Creeping Peeper": 546, "Dazzling Theater // Prop Room": 594, "Erratic Apparition": 819, "Fear of Abduction": 902, "Fear of Falling": 906, "Lionheart Glimmer": 1600, "Restricted Office // Lecture Hall": 2201, "Underwater Tunnel // Slimy Aquarium": 2934, "Stalked Researcher_SB": 2551, "Tunnel Surveyor_SB": 2895, "Ajani, Nacatl Pariah": 36, "Arena of Glory": 104, "Arid Mesa": 109, "Fable of the Mirror-Breaker": 868, "Flooded Strand": 979, "Galvanic Discharge": 1043, "Goblin Bombardment": 1133, "Guide of Souls": 1194, "Marsh Flats": 1692, "Ocelot Pride": 1874, "Phlage, Titan of Fire's Fury": 1978, "Ragavan, Nimble Pilferer": 2085, "Sacred Foundry": 2274, "Showdown of the Skalds": 2407, "Static Prison": 2560, "Thraben Charm": 2796, "Windswept Heath": 3142, "Drannith Magistrate_SB": 716, "Fear, Fire, Foes!_SB": 919, "Obsidian Charmaw_SB": 1870, "Orim's Chant_SB": 1899, "Showdown of the Skalds_SB": 2408, "Stony Silence_SB": 2585, "Surgical Extraction_SB": 2630, "Wear // Tear_SB": 3119, "Archon of Cruelty": 101, "Bloodstained Mire": 246, "Brazen Borrower": 301, "Counterspell": 539, "Faithless Looting": 884, "Fatal Push": 896, "Force of Negation": 993, "Misty Rainforest": 1758, "Persist": 1969, "Polluted Delta": 2021, "Psychic Frog": 2054, "Scalding Tarn": 2304, "Sink into Stupor": 2427, "Spell Snare": 2510, "Steam Vents": 2563, "Tamiyo, Inquisitive Student": 2673, "Thoughtseize": 2792, "Unearth": 2936, "Watery Grave": 3115, "Consign to Memory_SB": 511, "Fable of the Mirror-Breaker_SB": 869, "Harbinger of the Seas_SB": 1215, "Nihil Spellbomb_SB": 1834, "Stern Scolding_SB": 2572, "Blazing Rootwalla": 229, "Burning Inquiry": 344, "Detective's Phoenix": 652, "Flameblade Adept": 967, "Goblin Lore": 1137, "Hollow One": 1309, "Lightning Bolt": 1587, "Stomping Ground": 2584, "Street Wraith": 2595, "Vengevine": 3029, "Wooded Foothills": 3160, "Cursed Totem_SB": 571, "Meltdown_SB": 1711, "Barbarian Ring": 175, "Eidolon of the Great Revel": 763, "Flare of Duplication": 971, "Goblin Guide": 1136, "Lava Spike": 1549, "Rift Bolt": 2208, "Searing Blaze": 2340, "Skewer the Critics": 2432, "Skullcrack": 2443, "Sunbaked Canyon": 2610, "Ensnaring Bridge_SB": 808, "Faerie Macabre_SB": 879, "Smash to Smithereens_SB": 2467, "Amulet of Vigor": 52, "Arboreal Grazer": 85, "Boseiju, Who Endures": 278, "Crumbling Vestige": 553, "Dryad Arbor": 731, "Dryad of the Ilysian Grove": 734, "Echoing Deeps": 756, "Explore": 853, "Green Sun's Zenith": 1174, "Gruul Turf": 1190, "Hanweir Battlements": 1212, "Lotus Field": 1637, "Mirrorpool": 1745, "Otawara, Soaring City": 1907, "Primeval Titan": 2040, "Scapeshift": 2309, "Shifting Woodland": 2394, "Simic Growth Chamber": 2424, "Summoner's Pact": 2607, "Tolaria West": 2850, "Urza's Cave": 2981, "Urza's Saga": 2984, "Valakut, the Molten Pinnacle": 2989, "Vesuva": 3033, "Bojuka Bog_SB": 259, "Collector Ouphe_SB": 485, "Defense Grid_SB": 623, "Dismember_SB": 669, "Endurance_SB": 792, "Force of Vigor_SB": 994, "Tireless Tracker_SB": 2836, "Vampires' Vengeance_SB": 3012, "Blood Crypt": 235, "Dwarven Mine": 746, "Indomitable Creativity": 1357, "Jetmir's Garden": 1440, "Prismatic Ending": 2043, "Wrenn and Six": 3167, "Xander's Lounge": 3172, "Boseiju, Who Endures_SB": 279, "Damping Sphere_SB": 580, "Hurkyl's Recall_SB": 1334, "Toxic Deluge_SB": 2865, "Cling to Dust": 473, "Harbinger of the Seas": 1214, "Murktide Regent": 1805, "Preordain": 2035, "Thought Scour": 2789, "Engineered Explosives_SB": 805, "Mystical Dispute_SB": 1811, "Spell Pierce_SB": 2509, "The Meathook Massacre_SB": 2745, "Orcish Bowmasters": 1898, "Godless Shrine": 1143, "Phelia, Exuberant Shepherd": 1977, "Seasoned Pyromancer": 2352, "Thoughtseize_SB": 2793, "Wrath of the Skies_SB": 3163, "Den of the Bugbear": 643, "Devastating Summons": 654, "Foundry Street Denizen": 1009, "Goblin Bushwhacker": 1134, "Goblin Grenade": 1135, "Goblin Piledriver": 1139, "Legion Loyalist": 1562, "Mogg War Marshal": 1762, "Reckless Bushwhacker": 2137, "Skirk Prospector": 2433, "Sokenzan, Crucible of Defiance": 2475, "Blood Moon_SB": 237, "Magus of the Moon_SB": 1666, "Reality Hemorrhage_SB": 2129, "Shattering Spree_SB": 2385, "Tormod's Crypt_SB": 2861, "Ziatora's Proving Ground": 3187, "Terastodon_SB": 2701, "Veil of Summer_SB": 3021, "Consider": 510, "Graveyard Trespasser": 1164, "Exquisite Firecraft_SB": 856, "Searing Blood_SB": 2341, "Tunnel Ignus_SB": 2893, "Chained to the Rocks": 422, "Chained to the Rocks_SB": 423, "Ragavan, Nimble Pilferer_SB": 2086, "Vexing Bauble": 3039, "Colossal Skyturtle_SB": 494, "Generous Ent_SB": 1058, "Grist, the Hunger Tide_SB": 1184, "Hexdrinker_SB": 1282, "Giant Growth_SB": 1088, "Slice from the Shadows": 2460, "Talion, the Kindly Lord": 2671, "Over the Edge_SB": 1917, "Poison Dart Frog_SB": 2018, "Come Back Wrong": 498, "Glassworks // Shattered Yard": 1112, "Beamtown Beatstick": 190, "Celestial Armor": 416, "Diamond Pick-Axe": 660, "Carrot Cake_SB": 386, "Edgewall Inn": 759, "Goliath Hatchery_SB": 1150, "Balmor, Battlemage Captain": 165, "Bria, Riptide Rogue": 312, "Freeze in Place": 1014, "Relic's Roar": 2163, "Run Away Together_SB": 2257, "Scalding Viper_SB": 2306, "Brambleguard Captain": 295, "Defabricate": 619, "Fear of Burning Alive": 905, "Iron-Fist Pulverizer": 1420, "Johann, Apprentice Sorcerer": 1447, "Keldon Flamesage": 1482, "Kraum, Violent Cacophony": 1528, "Molten Tributary": 1768, "Nightwhorl Hermit": 1833, "Pyrotechnic Performer": 2064, "Razzle-Dazzler": 2128, "Snaremaster Sprite": 2473, "Stop Cold": 2586, "Thopter Mechanic": 2784, "Vesuvan Drifter": 3034, "Involuntary Cooldown_SB": 1416, "Kellan, Planar Trailblazer_SB": 1490, "Mishra's Command_SB": 1751, "Out of Air_SB": 1909, "Plan the Heist_SB": 2011, "Sleight of Hand_SB": 2459, "Trick Shot_SB": 2886, "Violent Urge_SB": 3049, "Harrier Strix": 1224, "The Filigree Sylex": 2728, "Hardened Escort": 1220, "Holy Cow": 1311, "Living Phone": 1607, "Unsettling Twins": 2954, "Feather of Flight_SB": 922, "Possessed Goat_SB": 2030, "Raccoon Rallier_SB": 2079, "Rogue's Passage_SB": 2238, "The Jolly Balloon Man_SB": 2739, "Unsettling Twins_SB": 2955, "Hammerhand_SB": 1211, "Heartfire Hero_SB": 1249, "Inti, Seneschal of the Sun_SB": 1382, "Pests of Honor": 1974, "Three Blind Mice": 2804, "Dauntless Dismantler_SB": 586, "Phoenix Chick_SB": 1980, "Gleaming Barrier": 1114, "Gleaming Barrier_SB": 1115, "Solemn Simulacrum_SB": 2477, "Sure Strike_SB": 2625, "Twinferno_SB": 2900, "Ancestors' Aid": 57, "Dwarven Forge-Chanter": 745, "Furious Bellow": 1033, "Ghitu Amplifier": 1076, "Heartfire Immolator": 1250, "Sure Strike": 2624, "Whiskerquill Scribe": 3127, "Charge of the Mites_SB": 437, "Halo Hopper": 1209, "Grand Abolisher": 1158, "Unnerving Grasp": 2951, "Hellspur Posse Boss_SB": 1264, "Make Your Move_SB": 1669, "Harbinger of the Tides": 1216, "Harbinger of the Tides_SB": 1217, "Fynn, the Fangbearer_SB": 1039, "Bottomless Pool && Locker Room_SB": 283, "Pile On_SB": 2000, "Cat Collector": 399, "Growing Rites of Itlimoc": 1186, "Season of Gathering": 2344, "Warren Warleader": 3112, "Horrid Vigor_SB": 1322, "Lionheart Glimmer_SB": 1601, "Omnivorous Flytrap_SB": 1890, "Seasoned Warrenguard_SB": 2354, "Into the Roil": 1388, "Into the Roil_SB": 1389, "Ayara, Widow of the Realm": 152, "Arachnoid Adaptation": 82, "Throw from the Saddle": 2816, "Longstalk Brawl_SB": 1622, "Thrill of Possibility_SB": 2814, "Feldon, Ronom Excavator": 932, "Roc Hunter": 2232, "Scalding Viper": 2305, "Adventuring Gear_SB": 16, "Fear of Being Hunted_SB": 904, "Trial of Agony_SB": 2883, "Vicious Clown_SB": 3044, "Jump Scare": 1451, "Niko, Light of Hope": 1835, "Stalked Researcher": 2550, "Tunnel Surveyor": 2894, "Fear of Isolation_SB": 912, "Splash Portal_SB": 2532, "Demonic Pact_SB": 640, "Rite of the Dragoncaller_SB": 2217, "Valorous Stance": 3007, "Lodestone Needle": 1615, "Sawblade Skinripper_SB": 2300, "Zephyr Singer": 3183, "Momentum Breaker": 1773, "Grim Bauble": 1182, "Afterburner Expert": 24, "Draconautics Engineer": 701, "Dredger's Insight": 725, "Loot, the Pathfinder": 1625, "Molt Tender": 1764, "Restless Spire_SB": 2196, "Sunbillow Verge": 2611, "Spell Pierce": 2508, "Debris Beetle": 608, "Wastewood Verge": 3114, "Vein Ripper_SB": 3023, "Bleachbone Verge": 230, "Intimidation Tactics": 1383, "Ketramose, the New Dawn": 1494, "Oildeep Gearhulk": 1876, "Haunt the Network_SB": 1232, "Bartolom\u00e9 del Presidio_SB": 181, "Lunar Convocation_SB": 1646, "Bloodghast": 242, "Valley Rotcaller_SB": 3004, "Oildeep Gearhulk_SB": 1877, "Outpace Oblivion_SB": 1914, "Gleeful Demolition_SB": 1118, "Monument to Endurance": 1784, "Ride's End": 2206, "Defend the Rider": 621, "Hazoret, Godseeker": 1242, "Willowrush Verge": 3138, "Thousand Moons Smithy": 2794, "Transmutation Font": 2873, "Braided Net_SB": 291, "Cunning Coyote_SB": 565, "Bounce Off": 287, "Greasewrench Goblin": 1166, "Marauding Mako": 1686, "Riverpyre Verge": 2225, "Scrounging Skyray": 2334, "Bounce Off_SB": 288, "Chandra, Spark Hunter_SB": 431, "Explosive Derailment_SB": 855, "Memory Guardian": 1712, "Mendicant Core, Guidelight": 1713, "Diversion Unit_SB": 683, "Tomik, Wielder of Law_SB": 2856, "Lightwheel Enhancements": 1592, "Engine Rat": 803, "Gonti, Night Minister": 1151, "Perilous Snare": 1967, "Teysa, Opulent Oligarch": 2710, "Gumdrop Poisoner": 1197, "Grim Bauble_SB": 1183, "Momentum Breaker_SB": 1774, "Optimistic Scavenger_SB": 1895, "The Aetherspark": 2713, "Brightglass Gearhulk": 315, "Voyager Glidecar": 3084, "Chandra, Spark Hunter": 430, "Intimidation Tactics_SB": 1384, "Captain Howler, Sea Scourge": 375, "Gastal Thrillroller": 1053, "Mishra's Command": 1750, "Phyrexian Dragon Engine": 1985, "Overgrown Zealot": 1920, "Riptide Gearhulk": 2211, "Transit Mage": 2872, "Conduit of Worlds_SB": 506, "Gastal Thrillroller_SB": 1054, "Lifecraft Engine": 1584, "Mindspring Merfolk": 1734, "Mu Yanling, Wind Rider": 1797, "Caelorna, Coral Tyrant_SB": 357, "Nesting Bot": 1823, "Lumbering Worldwagon": 1640, "Heliod, the Radiant Dawn": 1260, "Twinblade Blessing": 2898, "Overrun": 1933, "Diversion Unit": 682, "Muraganda Raceway": 1802, "Repurposing Bay": 2174, "Defend the Rider_SB": 622, "Zephyr Singer_SB": 3184, "Burnout Bashtronaut": 346, "Ratadrabik of Urborg": 2113, "Demonic Junker": 637, "Nexus of Becoming": 1828, "Amonkhet Raceway": 51, "Gastal Thrillseeker": 1055, "The Last Ride": 2742, "The Speed Demon": 2760, "Ancient Vendetta_SB": 61, "Monument to Endurance_SB": 1785, "The Speed Demon_SB": 2761, "Quag Feast": 2067, "Gastal Raider_SB": 1052, "Esoteric Duplicator": 825, "Voyage Home": 3083, "Aether Syphon_SB": 21, "Ketramose, the New Dawn_SB": 1495, "Thunderous Velocipede": 2823, "Regal Imperiosaur": 2158, "Intrepid Paleontologist_SB": 1391, "Invasion of Regatha_SB": 1407, "Voyager Glidecar_SB": 3085, "Fuel the Flames": 1024, "Skycrash": 2445, "Broadside Barrage_SB": 327, "Fuel the Flames_SB": 1025, "Locust Spray": 1614, "Riverchurn Monument": 2222, "Skitterbeam Battalion": 2435, "Terisian Mindbreaker": 2702, "Agonasaur Rex": 30, "Tyrox, Saurid Tyrant": 2910, "Coalstoke Gearhulk_SB": 477, "Howlsquad Heavy": 1325, "Boosted Sloop": 274, "Broadside Barrage": 326, "Thopter Fabricator_SB": 2783, "Count on Luck_SB": 538, "Sandstalker Moloch_SB": 2281, "Spectacular Pileup": 2502, "Collision Course_SB": 491, "Ride's End_SB": 2207, "Thalia and The Gitrog Monster_SB": 2712, "Zahur, Glory's Past": 3181, "Leaf-Crowned Visionary_SB": 1557, "Mossborn Hydra_SB": 1791, "Overrun_SB": 1934, "Painful Quandary_SB": 1943, "Wardens of the Cycle_SB": 3107, "Quag Feast_SB": 2068, "Red Sun's Twilight_SB": 2147, "Perilous Snare_SB": 1968, "Playful Shove": 2013, "Debris Beetle_SB": 609, "Pit Automaton": 2005, "Visage of Dread": 3061, "The Last Ride_SB": 2743, "Visage of Dread_SB": 3062, "Mishra, Claimed by Gix": 1753, "Bloated Contaminator_SB": 234, "Melira, the Living Cure_SB": 1710, "The Aetherspark_SB": 2714, "Fearless Swashbuckler": 920, "Unctus, Grand Metatect": 2926, "Invasion of Mercadia": 1405, "Sazacap's Brew": 2303, "Webstrike Elite": 3122, "Webstrike Elite_SB": 3123, "Coiling Rebirth_SB": 481, "Soul of Windgrace": 2487, "Gas Guzzler": 1050, "Say Its Name_SB": 2302, "Spectral Interference_SB": 2506, "Stock Up": 2576, "Spectacular Pileup_SB": 2503, "Far Fortune, End Boss": 893, "Expel the Interlopers_SB": 849, "Flotsam // Jetsam_SB": 983, "Claim Jumper": 463, "Bringer of the Last Gift": 320, "Ancient Vendetta": 60, "Full Throttle_SB": 1028, "Loot, the Key to Everything_SB": 1624, "Loot, the Pathfinder_SB": 1626, "Spring-Loaded Sawblades_SB": 2540, "Unstable Glyphbridge_SB": 2957, "Urza's Command_SB": 2982, "Lassoed by the Law_SB": 1544, "Blast Zone_SB": 225, "Basri, Tomorrow's Champion": 185, "Skyseer's Chariot_SB": 2451, "Third Path Iconoclast_SB": 2777, "Dive Down": 680, "Shoreline Looter": 2406, "Engine Rat_SB": 804, "Essence Channeler_SB": 827, "Lunar Insight": 1647, "Jodah, the Unifier_SB": 1445, "Dropkick Bomber": 728, "Coalstoke Gearhulk": 476, "Visage Bandit": 3060, "Waxen Shapethief": 3116, "Dune Drifter": 736, "Rampaging Raptor": 2105, "Agonasaur Rex_SB": 31, "Sword of Forge and Frontier_SB": 2649, "Become Brutes": 194, "The Elder Dragon War_SB": 2721, "Veteran Survivor": 3037, "Kellan, Inquisitive Prodigy_SB": 1488, "Caradora, Heart of Alacria": 379, "Skyseer's Chariot": 2450, "Valor's Flagship": 3005, "Veteran Beastrider": 3036, "Threadbind Clique": 2802, "Twining Twins": 2902, "Boommobile_SB": 271, "Radiant Lotus_SB": 2082, "Boommobile": 270, "Forging the Anchor": 1001, "Radiant Lotus": 2081, "The Mightstone and Weakstone_SB": 2747, "Goldvein Hydra_SB": 1146, "Bloodthorn Flail": 249, "Flamewake Phoenix": 969, "Cryptcaller Chariot_SB": 555, "Volley Veteran": 3077, "Riptide Gearhulk_SB": 2212, "Riverchurn Monument_SB": 2223, "Spiteful Hexmage_SB": 2530, "Clamorous Ironclad": 467, "Furnace Host Charger": 1034, "Alania, Divergent Storm": 42, "Frolicking Familiar": 1019, "Wishing Well": 3149, "Resplendent Angel_SB": 2179, "Cephalopod Sentry": 420, "Tinker's Tote": 2830, "Thopter Fabricator": 2782, "Haunt the Network": 1231, "Sorcerous Spyglass": 2481, "Demonic Junker_SB": 638, "Redshift, Rocketeer Chief": 2150, "Halana and Alena, Partners_SB": 1203, "Valor's Flagship_SB": 3006, "Tocasia's Welcome_SB": 2849, "Stall Out": 2552, "Stall Out_SB": 2553, "Gloryheath Lynx": 1126, "Sovereign Okinec Ahau": 2499, "The Raven Man": 2753, "The Raven Man_SB": 2754, "Broodheart Engine": 328, "Marketback Walker": 1690, "Sab-Sunen, Luxa Embodied": 2272, "Simian Simulacrum": 2423, "Sylvan Scavenging": 2655, "Bat Colony": 186, "Calamitous Cave-In": 358, "Gargantuan Leech": 1045, "Hidden Volcano": 1289, "Promising Vein": 2050, "Boom Box": 269, "Broadcast Rambler": 325, "Conduit of Worlds": 505, "Possession Engine": 2031, "Leyline Binding_SB": 1571, "Bulwark Ox": 340, "Reluctant Role Model": 2164, "Reluctant Role Model_SB": 2165, "The Goose Mother": 2731, "Mold Adder_SB": 1763, "Marketback Walker_SB": 1691, "Daretti, Rocketeer Engineer": 581, "Threefold Thunderhulk": 2811, "Tune Up": 2892, "Meteor Golem_SB": 1717, "Burnout Bashtronaut_SB": 347, "Gastal Raider": 1051, "Oviya, Automech Artisan": 1939, "Market Gnome_SB": 1689, "The Skullspore Nexus_SB": 2759, "Cosmium Confluence": 535, "Festival of Embers": 947, "Hidden Nursery": 1288, "Skycrash_SB": 2446, "Nexus of Becoming_SB": 1829, "Sab-Sunen, Luxa Embodied_SB": 2273, "Collector's Vault_SB": 489, "Thran Spider_SB": 2799, "Earthrumbler": 751, "Akal Pakal, First Among Equals_SB": 40, "Deepfathom Echo": 616, "Forensic Researcher": 998, "Oko, the Ringleader": 1882, "Chitin Gravestalker": 447, "Starving Revenant_SB": 2558, "Steamcore Scholar_SB": 2565, "Ojer Pakpatiq, Deepest Epoch_SB": 1881, "Lavaspur Boots_SB": 1551, "Thunderous Velocipede_SB": 2824, "Fear of Infinity_SB": 910, "Stock Up_SB": 2577, "Dredger's Insight_SB": 726, "Fauna Shaman_SB": 899, "Barrow Naughty": 179, "Drag the Canal": 703, "Faerie Slumber Party": 882, "Mocking Sprite": 1759, "Spellscorn Coven": 2515, "Talion's Messenger": 2669, "Coerced to Kill": 479, "Etrata, Deadly Fugitive": 838, "Unstoppable Plan_SB": 2958, "Hoarding Broodlord": 1306, "Shadow-Rite Priest": 2377, "Training Grounds": 2867, "Nahiri's Warcrafting_SB": 1813, "Baral and Kari Zev": 174, "Enigma Drake": 806, "Eroded Canyon": 817, "Brightfield Glider": 314, "Congregation Gryff": 508, "Giant Beaver": 1084, "Lagorin, Soul of Alacria": 1540, "Miriam, Herd Whisperer": 1739, "Ornery Tumblewagg": 1900, "Trained Arynx": 2866, "Run Over_SB": 2258, "Vivisurgeon's Insight_SB": 3066, "Night Market": 1831, "Stockpiling Celebrant": 2579, "Carrion Locust_SB": 384, "Skullcap Snail_SB": 2442, "Stockpiling Celebrant_SB": 2580, "Overwhelming Remorse_SB": 1936, "Akal Pakal, First Among Equals": 39, "Forensic Gadgeteer": 996, "Deduce_SB": 613, "Wreck Remover_SB": 3164, "Brave the Wilds": 300, "Fountainport Bell": 1011, "Guidelight Optimizer": 1195, "Oaken Siren": 1862, "Machine Over Matter_SB": 1657, "Armored Scrapgorger": 114, "Spinewoods Paladin": 2524, "Phyrexian Missionary_SB": 1989, "Sunder the Gateway": 2612, "Malcator, Purity Overseer": 1672, "Tranquil Cove_SB": 2869, "Crumb and Get It_SB": 552, "Flame Lash": 966, "Exsanguinate_SB": 858, "Exsanguinate": 857, "Syr Ginger, the Meal Ender_SB": 2659, "Legion Extruder_SB": 1561, "Cragcrown Pathway": 542, "Mutavault": 1807, "Ramunap Ruins": 2107, "Reckless Rage": 2140, "Soul-Scar Mage": 2490, "Experimental Frenzy_SB": 852, "Hazoret the Fervent_SB": 1241, "Redcap Melee_SB": 2148, "Darksteel Citadel": 585, "Ensoul Artifact": 809, "Riverglide Pathway": 2224, "Shrapnel Blast": 2409, "Smuggler's Copter": 2468, "Voldaren Epicure": 3074, "Aether Gust_SB": 20, "Annul_SB": 74, "Rending Volley_SB": 2168, "Shadowspear_SB": 2378, "Voltage Surge_SB": 3078, "Blade of the Oni": 218, "Blightstep Pathway": 232, "Bloodtithe Harvester": 250, "Urborg, Tomb of Yawgmoth": 2978, "Extinction Event_SB": 860, "Hidetsugu Consumes All_SB": 1291, "Unlicensed Hearse_SB": 2948, "Breeding Pool": 311, "Enigmatic Incarnation": 807, "Indatha Triome": 1356, "Linvala, the Preserver": 1599, "Overgrown Tomb": 1919, "Savai Triome": 2294, "Skyclave Apparition": 2444, "Spara's Headquarters": 2500, "Vanishing Verse": 3016, "Zagoth Triome": 3180, "Archon of Emeria_SB": 102, "Knockout Blow_SB": 1515, "Ruric Thar, the Unbowed_SB": 2264, "Thought Distortion_SB": 2788, "Yorion, Sky Nomad_SB": 3177, "Go Blank_SB": 1130, "Invoke Despair_SB": 1415, "Cauldron Familiar": 404, "Claim the Firstborn": 465, "Deadly Dispute": 602, "Mayhem Devil": 1699, "Witch's Oven": 3152, "Ob Nixilis, the Adversary_SB": 1866, "Anger of the Gods_SB": 65, "Castle Locthwain": 398, "Clearwater Pathway": 470, "Field of Ruin": 949, "Geier Reach Sanitarium": 1057, "Hall of Storm Giants": 1204, "Hive of the Eye Tyrant": 1305, "Narset, Parter of Veils": 1814, "Omen of the Sea": 1886, "Paradoxical Outcome": 1950, "Shipwreck Marsh": 2397, "Takenuma, Abandoned Mire": 2668, "The Meathook Massacre": 2744, "Ashiok, Dream Render_SB": 118, "Weathered Runestone_SB": 3121, "Claim // Fame": 462, "Infuriate": 1362, "Kumano Faces Kakkazan": 1534, "Claim the Firstborn_SB": 466, "Fatal Push_SB": 897, "Grafdigger's Cage_SB": 1157, "Extinction Event": 859, "Gifted Aetherborn_SB": 1089, "Fetid Pools": 948, "Yorion, Sky Nomad": 3176, "Arclight Phoenix": 103, "Fiery Impulse": 955, "Izzet Charm": 1428, "Lightning Axe": 1586, "Prismari Command": 2041, "Spikefield Hazard": 2521, "Stormcarved Coast": 2588, "Treasure Cruise": 2878, "Collective Brutality": 483, "Faithful Mending": 883, "Greasefang, Okiba Boss": 1165, "Hallowed Fountain": 1206, "Parhelion II": 1952, "Raffine's Tower": 2084, "Shattered Sanctum": 2384, "Skysovereign, Consul Flagship": 2452, "Stubborn Denial": 2602, "Tainted Indulgence": 2663, "Deafening Silence_SB": 604, "Dovin's Veto_SB": 699, "Silence_SB": 2416, "Vanishing Verse_SB": 3017, "Fear of Infinity": 909, "Bishop of Wings": 208, "Branchloft Pathway": 297, "Cave of the Frost Dragon": 409, "Collected Company": 482, "Eiganjo, Seat of the Empire": 764, "Nykthos, Shrine to Nyx": 1861, "Overgrown Farmland": 1918, "Portable Hole": 2025, "Resplendent Marshal": 2180, "Righteous Valkyrie": 2209, "Temple Garden": 2687, "Archon of Absolution_SB": 100, "Brave the Elements_SB": 299, "Brutal Cathar_SB": 335, "Heroic Intervention_SB": 1279, "Reidane, God of the Worthy_SB": 2159, "Shapers' Sanctuary_SB": 2380, "Krenko's Buzzcrusher": 1529, "Dawnwing Marshal": 589, "Furnace Punisher_SB": 1035, "Ledger Shredder": 1559, "Brazen Borrower_SB": 302, "Prismari Command_SB": 2042, "Burner Rocket": 343, "Cloudspire Skycycle": 475, "Dynamite Diver": 750, "Guidelight Synergist": 1196, "Kolodin, Triumph Caster": 1520, "Count on Luck": 537, "Frenzied Goblin": 1015, "Doubling Season_SB": 697, "Fanatical Firebrand_SB": 891, "Howlsquad Heavy_SB": 1326, "Reckless Lackey_SB": 2139, "Rundvelt Hordemaster_SB": 2260, "District Mascot": 676, "Shivan Devastator": 2398, "Zimone, Paradox Sculptor": 3188, "Tyvar, the Pummeler_SB": 2919, "Zopandrel, Hunger Dominus_SB": 3192, "Aurelia, the Warleader": 142, "Gilded Ghoda": 1092, "Ashiok, Nightmare Muse_SB": 119, "Foreboding Ruins": 995, "Invoke Despair": 1414, "Kroxa, Titan of Death's Hunger": 1533, "Kolaghan's Command_SB": 1519, "Haunted Ridge": 1234, "Bonecrusher Giant": 263, "Burning-Tree Emissary": 345, "Chandra, Torch of Defiance": 432, "Collision // Colossus": 490, "Gruul Spellbreaker": 1189, "Kami's Flare": 1466, "Pelt Collector": 1965, "Voltaic Brawler": 3079, "Zhur-Taa Goblin": 3186, "Bonecrusher Giant_SB": 264, "Chandra, Torch of Defiance_SB": 433, "Cindervines_SB": 457, "Kami's Flare_SB": 1467, "Roiling Vortex_SB": 2240, "Colossus Hammer": 495, "Eldritch Evolution": 767, "Mana Confluence": 1678, "Raffine's Informant": 2083, "Sigarda's Aid": 2414, "Soulflayer": 2492, "Sylvan Caryatid": 2654, "Bloodline Culling_SB": 245, "Collective Brutality_SB": 484, "Portable Hole_SB": 2026, "Barrier Breach_SB": 178, "Leyline of Sanctity_SB": 1576, "Cavalier of Thorns": 408, "Elvish Mystic": 785, "Kiora, Behemoth Beckoner": 1498, "Lair of the Hydra": 1541, "Leyline of the Guildpact": 1578, "Oath of Nissa": 1864, "Old-Growth Troll": 1884, "Storm the Festival": 2587, "Ulvenwald Oddity": 2920, "Arasta of the Endless Web_SB": 84, "Emrakul, the Promised End_SB": 791, "Setessan Petitioner_SB": 2376, "Laughing Jasper Flint_SB": 1548, "Rocky Roads": 2235, "Lumbering Worldwagon_SB": 1641, "Cosmic Rebirth_SB": 534, "Mondrak, Glory Dominus_SB": 1779, "Become Brutes_SB": 195, "Cindering Cutthroat_SB": 456, "Ravine Raider_SB": 2121, "Risky Shortcut_SB": 2214, "Spin Out_SB": 2522, "Steampath Charger_SB": 2566, "Drake Hatcher_SB": 714, "Eddymurk Crab_SB": 758, "Mimeoplasm, Revered One": 1731, "Devouring Sugarmaw": 655, "Amalia Benavides Aguirre_SB": 49, "Elas il-Kor, Sadistic Pilgrim_SB": 766, "Fiendish Panda_SB": 951, "Knight of Dawn's Light_SB": 1508, "Etched Familiar": 835, "Spectral Interference": 2505, "Goblin Oriflamme": 1138, "Winter, Cursed Rider": 3145, "Radiant Grove": 2080, "Streetwise Negotiator_SB": 2596, "Divine Resilience": 684, "Greenhouse // Rickety Gazebo": 1175, "Silken Strength": 2419, "Map the Frontier": 1682, "Realm-Scorcher Hellkite": 2130, "Sentinel of Lost Lore_SB": 2367, "Spyglass Siren_SB": 2543, "Herd Migration_SB": 1275, "Kykar, Zephyr Awakener": 1539, "The Huntsman's Redemption_SB": 2734, "Lathril, Blade of the Elves_SB": 1546, "Armored Armadillo_SB": 112, "Gixian Infiltrator_SB": 1105, "Gloryheath Lynx_SB": 1127, "Threefold Thunderhulk_SB": 2812, "Primeval Bounty": 2038, "Cryptcaller Chariot": 554, "Rangers' Refueler": 2108, "Steel Hellkite_SB": 2567, "Mindsparker_SB": 1732, "Cursed Recording_SB": 570, "Thirsting Roots": 2778, "Disenchant": 664, "Captain Howler, Sea Scourge_SB": 376, "Gigantosaurus": 1090, "Llanowar Stalker": 1612, "Ghalta, Primal Hunger_SB": 1073, "Gigantosaurus_SB": 1091, "Karn, Living Legacy_SB": 1470, "Quaketusk Boar": 2069, "The Everflowing Well": 2727, "The Stasis Coffin": 2762, "Kellan Joins Up": 1484, "Ovika, Enigma Goliath_SB": 1938, "Leaping Ambush": 1558, "Bestow Greatness_SB": 199, "Raucous Theater_SB": 2119, "Flowstone Infusion_SB": 989, "Alesha, Who Laughs at Fate_SB": 44, "Lazav, Wearer of Faces_SB": 1555, "Harmless Offering_SB": 1223, "Return Triumphant": 2202, "Souls of the Lost_SB": 2495, "Slickshot Lockpicker_SB": 2462, "Flashfreeze": 972, "Interface Ace": 1380, "Sunpearl Kirin": 2619, "Synchronized Charge": 2657, "Heritage Reclamation_SB": 1276, "Magmatic Hellkite_SB": 1663, "Elspeth, Storm Slayer": 779, "Cori Mountain Monastery": 521, "Dispelling Exhale": 670, "Jeskai Revelation": 1438, "Marang River Regent": 1683, "Shiko, Paragon of the Way": 2395, "Rally the Monastery": 2103, "Surrak, Elusive Hunter": 2637, "Surrak, Elusive Hunter_SB": 2638, "Glacial Dragonhunt": 1107, "Tersa Lightshatter": 2708, "Winternight Stories": 3146, "Auroral Procession": 143, "Opulent Palace": 1896, "Rakshasa's Bargain": 2099, "Desperate Measures": 649, "Rot-Curse Rakshasa": 2245, "Sandsteppe Citadel": 2282, "Skirmish Rhino": 2434, "Cori-Steel Cutter": 522, "Tersa Lightshatter_SB": 2709, "Mistrise Village": 1756, "Jeskai Revelation_SB": 1439, "United Battlefront": 2947, "Elspeth, Storm Slayer_SB": 780, "Sage of the Skies_SB": 2275, "Herd Heirloom": 1273, "Voice of Victory_SB": 3069, "Rediscover the Way": 2149, "Roiling Dragonstorm": 2239, "Gilded Lotus_SB": 1093, "Static Snare": 2561, "Tempest Hawk": 2686, "Frontline Rush": 1022, "Cori-Steel Cutter_SB": 523, "Kishla Village": 1501, "Restless Vents_SB": 2198, "Dalkovan Encampment": 579, "Frontier Bivouac": 1020, "Two-Headed Hunter_SB": 2908, "Mystic Monastery": 1810, "Fresh Start_SB": 1017, "Frostcliff Siege": 1023, "Duty Beyond Death_SB": 744, "Qarsi Revenant_SB": 2066, "Scavenger Regent_SB": 2313, "Caustic Exhale": 407, "Disruptive Stormbrood": 671, "Dragonologist": 712, "Scavenger Regent": 2312, "Qarsi Revenant": 2065, "Spectral Denial": 2504, "Overwhelming Surge_SB": 1937}}