{"vocabulary": {"Anoint with Affliction": 83, "Cut Down": 602, "Darkslick Shores": 612, "Deep-Cavern Bat": 644, "Enduring Curiosity": 839, "Faerie Mastermind": 926, "Fountainport": 1057, "Gloomlake Verge": 1177, "Go for the Throat": 1183, "Island": 1477, "Kaito, Bane of Nightmares": 1512, "Phantom Interference": 2038, "Preacher of the Schism": 2097, "Restless Reef": 2264, "Spyglass Siren": 2637, "Swamp": 2738, "Three Steps Ahead": 2907, "Underground River": 3044, "Anoint with Affliction_SB": 84, "Blot Out_SB": 270, "Cut Down_SB": 603, "Disdainful Stroke_SB": 696, "Duress_SB": 779, "Gix's Command_SB": 1152, "Negate_SB": 1883, "Sheoldred, the Apocalypse_SB": 2479, "Tishana's Tidebinder_SB": 2944, "Blooming Marsh": 265, "Deadly Cover-Up": 630, "Demolition Field": 663, "Duress": 778, "Forest": 1046, "Gix's Command": 1151, "Glissa Sunslayer": 1173, "Harvester of Misery": 1279, "Llanowar Wastes": 1668, "Outrageous Robbery": 1976, "Overlord of the Hauntwoods": 1988, "Pawpatch Formation": 2020, "Pillage the Bog": 2066, "Restless Cottage": 2260, "Sheoldred, the Apocalypse": 2478, "Sunken Citadel": 2716, "Tear Asunder": 2776, "Underground Mortuary": 3043, "Up the Beanstalk": 3081, "Virtue of Persistence": 3177, "Aclazotz, Deepest Betrayal_SB": 14, "Breach the Multiverse_SB": 320, "Cruelclaw's Heist_SB": 580, "Ghost Vacuum_SB": 1129, "Nissa, Ascended Animist_SB": 1902, "Outrageous Robbery_SB": 1977, "Tear Asunder_SB": 2777, "The End_SB": 2821, "Tranquil Frillback_SB": 2978, "Analyze the Pollen": 61, "Bitter Reunion": 223, "Botanical Sanctum": 294, "Bushwhack": 368, "Copperline Gorge": 545, "Enduring Vitality": 845, "Fabled Passage": 916, "Hedge Maze": 1309, "Karplusan Forest": 1527, "Mountain": 1855, "Questing Druid": 2139, "Roaring Furnace && Steaming Sauna": 2303, "Song of Totentanz": 2573, "Stormchaser's Talent": 2688, "Tarnation Vista": 2772, "This Town Ain't Big Enough": 2881, "Thundertrap Trainer": 2927, "Torch the Tower": 2963, "Valley Floodcaller": 3119, "Yavimaya Coast": 3300, "Abrade_SB": 4, "Blue Sun's Twilight_SB": 271, "Dissection Tools_SB": 708, "Into the Flood Maw_SB": 1444, "Pawpatch Formation_SB": 2021, "Pyroclasm_SB": 2132, "Screaming Nemesis_SB": 2413, "Up the Beanstalk_SB": 3082, "Volcanic Spite_SB": 3194, "Emberheart Challenger": 832, "Heartfire Hero": 1300, "Hired Claw": 1357, "Lightning Strike": 1645, "Manifold Mouse": 1738, "Monastery Swiftspear": 1837, "Monstrous Rage": 1842, "Rockface Village": 2308, "Screaming Nemesis": 2412, "Shock": 2488, "Witchstalker Frenzy": 3278, "Lithomantic Barrage_SB": 1658, "Obliterating Bolt_SB": 1931, "Torch the Tower_SB": 2964, "Twisted Fealty_SB": 3013, "Urabrask's Forge_SB": 3086, "Witchstalker Frenzy_SB": 3279, "Cavern of Souls": 430, "Floodfarm Verge": 1027, "Get Lost": 1113, "Herd Migration": 1327, "Hushwood Verge": 1390, "Leyline Binding": 1628, "Lush Portico": 1707, "Meticulous Archive": 1777, "Overlord of the Floodpits": 1986, "Overlord of the Mistmoors": 1990, "Plains": 2073, "Scrollshift": 2414, "Shadowy Backstreet": 2462, "Sunfall": 2713, "Temporary Lockdown": 2795, "Zur, Eternal Schemer": 3325, "Beza, the Bounding Spring_SB": 215, "Elspeth's Smite_SB": 821, "Not on My Watch_SB": 1917, "Temporary Lockdown_SB": 2796, "Ertai Resurrected": 866, "Floodpits Drowner": 1028, "Into the Flood Maw": 1443, "Mockingbird": 1820, "Unstoppable Slasher": 3072, "Go for the Throat_SB": 1184, "Harvester of Misery_SB": 1280, "Tishana's Tidebinder": 2943, "Malicious Eclipse_SB": 1735, "Archfiend of the Dross": 105, "Caustic Bronco": 425, "Mosswood Dreadknight": 1853, "Tranquil Frillback": 2977, "Unholy Annex && Ritual Chamber": 3052, "Choking Miasma_SB": 472, "Disfigure_SB": 700, "Dreams of Steel and Oil_SB": 764, "Liliana of the Veil_SB": 1650, "Doomsday Excruciator": 729, "Jace, the Perfected Mind": 1487, "Shoot the Sheriff": 2490, "Spell Stutter": 2606, "Undercity Sewers": 3042, "Deadly Cover-Up_SB": 631, "Faerie Mastermind_SB": 927, "Jace, the Perfected Mind_SB": 1488, "Deep-Cavern Bat_SB": 645, "Dreams of Steel and Oil": 763, "Sentinel of the Nameless City": 2451, "Adarkar Wastes": 17, "Dollmaker's Shop && Porcelain Gallery": 723, "Enduring Innocence": 841, "Entity Tracker": 856, "Gremlin Tamer": 1228, "Inquisitive Glimmer": 1425, "Seachrome Coast": 2419, "Silent Hallcreeper": 2506, "Skrelv's Hive": 2527, "Virtue of Loyalty": 3175, "Destroy Evil_SB": 682, "Restricted Office && Lecture Hall_SB": 2273, "Impulse": 1409, "Drannith Ruins": 755, "Kaito, Bane of Nightmares_SB": 1513, "Nowhere to Run_SB": 1920, "Battlefield Forge": 198, "Demonic Ruckus": 671, "Ethereal Armor": 883, "Feather of Flight": 966, "Inspiring Vantage": 1436, "Optimistic Scavenger": 1957, "Shardmage's Rescue": 2466, "Sheltered by Ghosts": 2471, "Get Lost_SB": 1114, "Lightning Helix_SB": 1644, "Arabella, Abandoned Doll": 88, "Case of the Gateway Express": 409, "Gleeful Demolition": 1169, "Imodane's Recruiter": 1402, "Knight-Errant of Eos": 1570, "Novice Inspector": 1918, "Resolute Reinforcements": 2250, "Shivan Reef": 2487, "Spirebluff Canal": 2622, "Warden of the Inner Sky": 3225, "Warleader's Call": 3231, "Yotian Frontliner": 3305, "Protect the Negotiators_SB": 2121, "Sheltered by Ghosts_SB": 2472, "Withering Torment_SB": 3281, "Innkeeper's Talent": 1422, "Might of the Meek": 1785, "Restless Ridgeline": 2266, "Slickshot Show-Off": 2556, "Snakeskin Veil": 2565, "Thornspire Verge": 2886, "Questing Druid_SB": 2140, "Scorching Shot_SB": 2403, "Snakeskin Veil_SB": 2566, "Clockwork Percussionist": 497, "Mirrex": 1799, "Sanguine Evangelist": 2366, "Rest in Peace_SB": 2255, "Soul Partition_SB": 2579, "Case of the Crimson Pulse_SB": 407, "Scorching Dragonfire_SB": 2401, "Aclazotz, Deepest Betrayal": 13, "Cruelclaw's Heist": 579, "Liliana of the Veil": 1649, "Scorching Shot": 2402, "Restless Bivouac": 2258, "Thran Portal": 2898, "Sheoldred's Edict": 2476, "Painter's Studio && Defaced Gallery": 2007, "Amalia Benavides Aguirre": 54, "Case of the Uneaten Feast": 417, "Caves of Koilos": 433, "Concealed Courtyard": 527, "Darkstar Augur": 613, "Disfigure": 699, "Essence Channeler": 873, "Lunar Convocation": 1702, "Mudflat Village": 1859, "Restless Fortress": 2262, "Ruin-Lurker Bat": 2333, "Zoraline, Cosmos Caller": 3321, "Loran of the Third Path_SB": 1685, "Pest Control_SB": 2035, "Starscape Cleric_SB": 2653, "The Stone Brain_SB": 2862, "Abhorrent Oculus": 1, "Chart a Course": 464, "Elspeth's Smite": 820, "Founding the Third Path": 1054, "Haughty Djinn": 1282, "Helping Hand": 1319, "Moment of Truth": 1832, "Picklock Prankster": 2059, "Recommission": 2216, "Soul Partition": 2578, "Exorcise_SB": 893, "Monastery Mentor_SB": 1836, "Cacophony Scamp": 372, "Callous Sell-Sword": 382, "Leyline of Resonance": 1631, "Overprotect": 1992, "Turn Inside Out": 3003, "Manifold Mouse_SB": 1739, "Bitter Triumph": 225, "Gix, Yawgmoth Praetor": 1153, "Elusive Otter": 824, "Ral, Crackling Wit": 2173, "Scorching Dragonfire": 2400, "Ral, Crackling Wit_SB": 2174, "Archangel Elspeth": 97, "Beza, the Bounding Spring": 214, "Caretaker's Talent": 399, "Carrot Cake": 404, "Exorcise": 892, "Lay Down Arms": 1611, "Loran of the Third Path": 1684, "Parting Gust": 2016, "Season of Weaving_SB": 2431, "Archangel of Wrath": 101, "Atraxa, Grand Unifier": 144, "Brushland": 351, "Sunfall_SB": 2714, "Unholy Annex && Ritual Chamber_SB": 3053, "Razorkin Needlehead_SB": 2195, "Sleight of Hand": 2551, "Bovine Intervention_SB": 302, "Change the Equation_SB": 457, "Bloodletter of Aclazotz": 255, "Caustic Bronco_SB": 426, "Render Inert_SB": 2241, "Azure Beastbinder": 164, "Pick Your Poison_SB": 2058, "Blackcleave Cliffs": 228, "Blazemire Verge": 237, "Cunning Coyote": 594, "Mishra's Foundry": 1811, "Osteomancer Adept": 1968, "Overlord of the Boilerbilges": 1984, "Phyrexian Fleshgorger": 2049, "Restless Vents": 2270, "Sulfurous Springs": 2705, "The Infamous Cruelclaw": 2833, "Sheoldred's Edict_SB": 2477, "Betrayer's Bargain_SB": 213, "Roaring Furnace && Steaming Sauna_SB": 2304, "Volcanic Spite": 3193, "No More Lies": 1905, "Season of the Burrow": 2432, "No More Lies_SB": 1906, "Season of the Burrow_SB": 2433, "Tail Swipe": 2759, "Doppelgang_SB": 733, "Come Back Wrong_SB": 523, "Koth, Fire of Resistance_SB": 1582, "Sunspine Lynx_SB": 2721, "Picnic Ruiner": 2060, "Rockface Village_SB": 2309, "Obliterating Bolt": 1930, "Innkeeper's Talent_SB": 1423, "Shock_SB": 2489, "Vren, the Relentless_SB": 3217, "Lightning Strike_SB": 1646, "Magebane Lizard_SB": 1720, "Case of the Crimson Pulse": 406, "Dusk Rose Reliquary": 781, "Kellan, Daring Traveler": 1543, "Razorverge Thicket": 2199, "Regal Bunnicorn": 2228, "Restless Prairie": 2263, "Steel Seraph": 2664, "Syr Ginger, the Meal Ender": 2756, "Teething Wurmlet": 2780, "Tough Cookie": 2969, "Unidentified Hovership": 3056, "Anointed Peacekeeper_SB": 86, "Archangel Elspeth_SB": 98, "Aven Interrupter_SB": 156, "Split Up_SB": 2629, "Tail Swipe_SB": 2760, "Thraxodemon": 2902, "Fae Flight": 919, "Ossification": 1966, "Ossification_SB": 1967, "Ephara's Dispersal": 860, "Preacher of the Schism_SB": 2098, "Plumecreed Escort": 2079, "Restless Anchorage": 2256, "Teferi, Temporal Pilgrim_SB": 2782, "Kaya, Intangible Slayer_SB": 1531, "Long Goodbye_SB": 1673, "Aloe Alchemist": 52, "Break Out": 322, "Commercial District": 524, "Fear of Missing Out": 959, "Patchwork Beastie": 2019, "Rubblebelt Maverick": 2330, "Wildfire Wickerfolk": 3259, "Yavimaya Iconoclast": 3301, "Haywire Mite_SB": 1291, "Soul-Guide Lantern_SB": 2584, "Captivating Cave": 395, "Kutzil's Flanker_SB": 1595, "Deduce": 642, "Scatter Ray": 2390, "Season of Weaving": 2430, "Boon-Bringer Valkyrie_SB": 286, "Elesh Norn, Mother of Machines_SB": 816, "Agatha's Soul Cauldron": 33, "Gingerbrute": 1143, "Haywire Mite": 1290, "Kitesail Larcenist": 1559, "Marvin, Murderous Mimic": 1752, "Monstrous Emergence": 1840, "Restless Vinestalk": 2272, "Surge Engine": 2724, "Zoetic Glyph": 3317, "Kitesail Larcenist_SB": 1560, "Monstrous Emergence_SB": 1841, "Repulsive Mutation_SB": 2246, "Unable to Scream_SB": 3034, "Change the Equation": 456, "Lightning Helix": 1643, "Painter's Studio // Defaced Gallery": 2009, "Invasion of Gobakhan_SB": 1456, "Tectonic Hazard_SB": 2779, "Fireglass Mentor": 1010, "Flamecache Gecko": 1014, "Gev, Scaled Scorch": 1119, "Iridescent Vinelasher": 1473, "Laughing Jasper Flint": 1606, "Not Dead After All": 1914, "Thought-Stalker Warlock": 2891, "Valley Flamecaller": 3118, "Valley Rotcaller": 3123, "Glistening Deluge_SB": 1175, "Untimely Malfunction_SB": 3077, "Audacity": 146, "Unholy Annex // Ritual Chamber": 3054, "Braids, Arisen Nightmare": 305, "Disturbing Mirth": 714, "Final Vengeance": 1006, "Greedy Freebooter": 1223, "Hopeless Nightmare": 1371, "Nowhere to Run": 1919, "Pitiless Carnage": 2070, "Sawblade Skinripper": 2379, "Spiteful Hexmage": 2624, "The Witch's Vanity": 2871, "The Infamous Cruelclaw_SB": 2834, "Burrowguard Mentor": 365, "Finneas, Ace Archer": 1008, "Glass Casket": 1162, "Hop to It": 1368, "Lupinflower Village": 1705, "Pawpatch Recruit": 2022, "Pollen-Shield Hare": 2083, "Seasoned Warrenguard": 2435, "Surge of Salvation": 2726, "Three Tree City": 2909, "Valley Mightcaller": 3121, "Valley Questcaller": 3122, "Glass Casket_SB": 1163, "Surge of Salvation_SB": 2727, "Faerie Dreamthief": 923, "Faerie Fencing": 924, "Ingenious Prodigy": 1419, "Kaito, Dancing Shadow": 1516, "Darkstar Augur_SB": 614, "Overlord of the Balemurk_SB": 1983, "Plumecreed Escort_SB": 2080, "Giant Growth": 1135, "Two-Headed Hunter": 3016, "Tyvar's Stand_SB": 3026, "Shoot the Sheriff_SB": 2491, "Ashiok, Wicked Manipulator": 128, "Final Showdown": 1004, "Kaya, Intangible Slayer": 1530, "Kaya, Spirits' Justice": 1532, "Kutzil's Flanker": 1594, "Overlord of the Balemurk": 1982, "The End": 2820, "Legions to Ashes_SB": 1622, "The Eternal Wanderer_SB": 2824, "Blot Out": 269, "Freestrider Lookout": 1060, "Ghost Vacuum": 1128, "Gisa, the Hellraiser": 1144, "Spelunking": 2611, "Vaultborn Tyrant": 3141, "Case of the Stashed Skeleton": 415, "Fear of Lost Teeth": 958, "Invasion of Azgol": 1452, "Rottenmouth Viper": 2324, "The Witch's Vanity_SB": 2872, "Tinybones, the Pickpocket_SB": 2939, "Decadent Dragon": 640, "Molten Collapse": 1825, "Piggy Bank": 2061, "Rakdos, Patron of Chaos": 2165, "Raucous Theater": 2190, "Embereth Veteran": 831, "Hearth Elemental": 1305, "Lavaspur Boots": 1609, "Mirran Banesplitter": 1798, "Phoenix Chick": 2042, "Hearth Elemental_SB": 1306, "Three Steps Ahead_SB": 2908, "Rush of Dread": 2343, "Legions to Ashes": 1621, "Proft's Eidetic Memory": 2111, "Gremlin Tamer_SB": 1229, "Spellbook Vendor": 2608, "Stenn, Paranoid Partisan": 2666, "Calix, Guided by Fate": 379, "Royal Treatment": 2328, "Valgavoth's Lair": 3111, "Shardmage's Rescue_SB": 2467, "Sword of Once and Future_SB": 2749, "Zoraline, Cosmos Caller_SB": 3322, "Neutralize the Guards_SB": 1889, "Cankerbloom": 388, "Cenote Scout": 438, "Keen-Eyed Curator": 1537, "Seed of Hope": 2439, "Violent Urge": 3168, "Wrenn and Realmbreaker": 3290, "Bloodletter of Aclazotz_SB": 256, "Quick Study": 2142, "Chrome Host Seedshark_SB": 474, "Cache Grab": 370, "Eddymurk Crab": 798, "Get Out": 1115, "Monastery Mentor": 1835, "Tolarian Terror": 2957, "Ephara's Dispersal_SB": 861, "Ill-Timed Explosion_SB": 1399, "Mountain_SB": 1856, "Split Up": 2628, "Betrayer's Bargain": 212, "Corrupted Conviction": 553, "Urabrask's Forge": 3085, "Braids, Arisen Nightmare_SB": 306, "Furnace Reins_SB": 1084, "Spell Stutter_SB": 2607, "Kitnap_SB": 1561, "Misery's Shadow_SB": 1807, "Not on My Watch": 1916, "Seized from Slumber": 2446, "Pugnacious Hammerskull_SB": 2126, "Torch the Witness_SB": 2966, "Kaervek, the Punisher_SB": 1511, "Artist's Talent": 124, "Brass's Tunnel-Grinder": 313, "Capricious Hellraiser": 391, "Chandra, Hope's Beacon": 450, "Fires of Victory": 1011, "Ill-Timed Explosion": 1398, "Thundering Falls": 2923, "Brotherhood's End_SB": 349, "Virtue of Knowledge_SB": 3174, "The Cruelty of Gix_SB": 2816, "Fear of Isolation": 956, "Wrenn's Resolve_SB": 3295, "Silent Hallcreeper_SB": 2507, "Painter's Studio && Defaced Gallery_SB": 2008, "Virtue of Persistence_SB": 3178, "Warden of the Inner Sky_SB": 3226, "Glarb, Calamity's Augur": 1160, "Cavern of Souls_SB": 431, "Glarb, Calamity's Augur_SB": 1161, "Destroy Evil": 681, "Elegant Parlor": 810, "Kambal, Profiteering Mayor_SB": 1520, "Lord Skitter, Sewer King": 1688, "Market Gnome": 1747, "Unyielding Gatekeeper": 3080, "Etali, Primal Conqueror_SB": 879, "Wear Down_SB": 3242, "Planar Disruption_SB": 2076, "Portent of Calamity": 2092, "The Eternal Wanderer": 2823, "The Irencrag": 2835, "The Swarmweaver": 2864, "Twitching Doll": 3015, "Cease // Desist_SB": 435, "Metropolis Reformer_SB": 1780, "Scrollshift_SB": 2415, "Overprotect_SB": 1993, "Floodpits Drowner_SB": 1029, "Geological Appraiser": 1110, "Nissa, Ascended Animist": 1901, "Archangel of Wrath_SB": 102, "Kogla and Yidaro_SB": 1574, "Lukka, Bound to Ruin_SB": 1696, "Roxanne, Starfall Savant_SB": 2327, "Phyrexian Fleshgorger_SB": 2050, "Fallaji Archaeologist": 932, "Sorcerous Spyglass_SB": 2577, "Sandstorm Verge": 2365, "Pyroclasm": 2131, "Overlord of the Boilerbilges_SB": 1985, "Black Sun's Twilight": 227, "Corrupt": 552, "Haunted Mire": 1286, "Iridescent Vinelasher_SB": 1474, "Cheeky House-Mouse": 466, "Flowerfoot Swordmaster": 1034, "Loran's Escape": 1686, "Mabel, Heir to Cragflame": 1711, "Rabid Gnaw": 2146, "Nettle Guard_SB": 1887, "Seedglaive Mentor_SB": 2441, "Archfiend of the Dross_SB": 106, "Invasion of Ixalan": 1457, "Aven Interrupter": 155, "Errant and Giada": 864, "Malcolm, Alluring Scoundrel": 1731, "Werefox Bodyguard_SB": 3248, "Farsight Ritual": 940, "Malicious Eclipse": 1734, "Bristlebud Farmer_SB": 337, "Long Goodbye": 1672, "Lost in the Maze": 1692, "Subterranean Schooner": 2702, "Shore Up": 2492, "Negate": 1882, "Goddric, Cloaked Reveler": 1193, "Escape Tunnel": 870, "Kaervek, the Punisher": 1510, "Ertai Resurrected_SB": 867, "Fortune, Loyal Steed": 1053, "Frontier Seeker": 1068, "Overlord of the Mistmoors_SB": 1991, "Sunder the Gateway_SB": 2712, "Serra Paragon_SB": 2455, "Bristling Backwoods": 338, "Rugged Highlands": 2332, "Great Train Heist_SB": 1220, "Corpses of the Lost": 549, "Razortrap Gorge": 2198, "Dissection Tools": 707, "Unable to Scream": 3033, "Herbology Instructor_SB": 1325, "Valley Floodcaller_SB": 3120, "Forsaken Miner": 1051, "Tinybones Joins Up": 2934, "Tinybones, the Pickpocket": 2938, "Phyrexian Arena_SB": 2045, "Jaya, Fiery Negotiator_SB": 1492, "Conduit Pylons": 528, "Hidden Grotto": 1340, "Phyrexian Arena": 2044, "Protect the Negotiators": 2120, "Splitskin Doll": 2630, "Day of Judgment": 620, "Maelstrom Pulse": 1715, "Authority of the Consuls_SB": 153, "Devout Decree_SB": 688, "Flashfreeze_SB": 1019, "Evangel of Synthesis": 886, "Steamcore Scholar": 2660, "Valgavoth, Terror Eater": 3114, "Valgavoth's Faithful": 3110, "Zombify": 3319, "Desecration Demon_SB": 676, "Wail of the Forgotten_SB": 3219, "Gix, Yawgmoth Praetor_SB": 1154, "Calamity, Galloping Inferno": 378, "Llanowar Elves": 1663, "Outcaster Trailblazer": 1972, "Roxanne, Starfall Savant": 2326, "Smuggler's Surprise": 2563, "Spinewoods Armadillo": 2618, "Trumpeting Carnosaur": 2996, "Heroic Reinforcements": 1334, "No One Left Behind": 1907, "Unstoppable Slasher_SB": 3073, "Scavenging Ooze": 2397, "Vivien Reid": 3183, "Liliana, Dreadhorde General_SB": 1652, "Maelstrom Pulse_SB": 1716, "Basilisk Collar_SB": 194, "Burst Lightning": 366, "Squee, Dubious Monarch": 2639, "Restless Ridgeline_SB": 2267, "Beseech the Mirror": 209, "Phyrexian Obliterator": 2053, "Back for Seconds_SB": 167, "Case of the Stashed Skeleton_SB": 416, "Homicide Investigator_SB": 1366, "Leyline of the Void_SB": 1637, "Dreadmaw's Ire": 758, "Witch's Mark_SB": 3276, "Soulstone Sanctuary": 2591, "Scavenging Ooze_SB": 2398, "Vivien Reid_SB": 3184, "Abyssal Harvester": 11, "Boros Charm": 288, "Fugitive Codebreaker": 1073, "Raucous Carnival": 2188, "Dewdrop Cure_SB": 690, "Fugitive Codebreaker_SB": 1074, "Requisition Raid_SB": 2249, "Sun-Blessed Healer": 2707, "Temple of Triumph": 2794, "Campus Renovation_SB": 384, "Twinferno": 3006, "Glimpse the Core": 1172, "Boltwave": 274, "Virtue of Courage": 3171, "Heartflame Duelist_SB": 1304, "Slagstorm_SB": 2548, "Splitskin Doll_SB": 2631, "Clement, the Worrywort": 494, "Dour Port-Mage": 736, "Dreamdew Entrancer": 761, "Lilypad Village": 1653, "Long River Lurker": 1674, "Mistbreath Elder": 1813, "Oakhollow Village": 1926, "Pond Prophet": 2088, "Splash Portal": 2626, "Sunshower Druid": 2718, "Three Tree Scribe": 2911, "Mazemind Tome": 1761, "Crystal Barricade_SB": 590, "Bloodthirsty Conqueror_SB": 260, "Kellan, Planar Trailblazer": 1546, "Opt": 1955, "Kaito, Cunning Infiltrator_SB": 1515, "Feed the Swarm_SB": 974, "Spinner of Souls": 2620, "Enduring Tenacity": 843, "Arid Archway": 116, "Felidar Retreat": 981, "Herald of Eternal Dawn": 1320, "Loot, Exuberant Explorer": 1680, "Mossborn Hydra": 1851, "Demolition Field_SB": 664, "Not Dead After All_SB": 1915, "Pitiless Carnage_SB": 2071, "Kiora, the Rising Tide": 1556, "Unholy Annex // Ritual Chamber_SB": 3055, "Ghitu Lavarunner": 1126, "Thrill of Possibility": 2914, "Artist's Talent_SB": 125, "Blooming Blast_SB": 264, "Djeru and Hazoret": 721, "Elenda, Saint of Dusk": 812, "Garna, Bloodfist of Keld": 1094, "Hajar, Loyal Bodyguard": 1252, "Honest Rutstein": 1367, "Inti, Seneschal of the Sun": 1438, "Jodah, the Unifier": 1499, "Kellan, the Kid": 1549, "Plaza of Heroes": 2078, "Relic of Legends": 2236, "Rona, Herald of Invasion": 2320, "Secluded Courtyard": 2437, "Sigarda, Font of Blessings": 2504, "Jirina, Dauntless General_SB": 1498, "Faebloom Trick": 921, "Authority of the Consuls": 152, "Exemplar of Light": 890, "Fiendish Panda": 996, "Hinterland Sanctifier": 1355, "Elenda, Saint of Dusk_SB": 813, "Spectral Sailor": 2602, "Unsummon": 3074, "Azure Beastbinder_SB": 165, "Shore Up_SB": 2493, "Giant Cindermaw_SB": 1134, "Roaring Furnace // Steaming Sauna": 2305, "Bandit's Talent": 178, "Nurturing Pixie": 1922, "Tithing Blade": 2949, "Aftermath Analyst": 27, "Evolving Wilds": 889, "Lumra, Bellow of the Woods": 1701, "Nissa, Resurgent Animist": 1903, "Glissa Sunslayer_SB": 1174, "Fade from History_SB": 918, "Bloodthirsty Conqueror": 259, "Heartflame Duelist": 1303, "Viashino Pyromancer": 3161, "Abraded Bluffs": 5, "Ball Lightning": 171, "Bloodfeather Phoenix": 251, "Grab the Prize": 1205, "Stoke the Flames": 2679, "Lyra Dawnbringer_SB": 1709, "Virtue of Courage_SB": 3172, "Combat Research": 521, "Fear of Impostors": 952, "Brineborn Cutthroat_SB": 332, "Ertai's Scorn_SB": 869, "Flow of Knowledge_SB": 1033, "Haughty Djinn_SB": 1283, "Horned Loch-Whale_SB": 1374, "Urza's Rebuff_SB": 3100, "Hostile Investigator_SB": 1378, "Abyssal Harvester_SB": 12, "Painter's Studio // Defaced Gallery_SB": 2010, "Assassin's Trophy": 135, "Heaped Harvest": 1299, "Hero's Downfall": 1331, "Liliana, Dreadhorde General": 1651, "Temple of Malady": 2789, "Temple of Plenty": 2792, "Temple of Silence": 2793, "White Sun's Twilight": 3252, "Mortify_SB": 1850, "White Sun's Twilight_SB": 3253, "Dead Weight": 625, "Gixian Puppeteer": 1156, "Gnawing Vermin": 1181, "Invasion of Amonkhet": 1449, "Revenge of the Rats": 2277, "Terror Ballista": 2801, "The Ancient One": 2813, "Wail of the Forgotten": 3218, "Razorlash Transmogrant_SB": 2197, "Reclamation Sage_SB": 2215, "Aetherize_SB": 25, "Elesh Norn, Mother of Machines": 815, "Kaito, Cunning Infiltrator": 1514, "Sphinx of Forgotten Lore": 2612, "Feldon's Cane_SB": 977, "Brotherhood's End": 348, "Demonic Pact": 669, "Harmless Offering": 1274, "Torpor Orb_SB": 2968, "Ethereal Armor_SB": 884, "Doorkeeper Thrull_SB": 731, "Cathar Commando": 420, "Knight of Grace": 1568, "Ajani, Caller of the Pride_SB": 41, "Feed the Cycle": 970, "Abrade": 3, "Horned Loch-Whale": 1373, "Temple of Deceit": 2786, "Requisition Raid": 2248, "Builder's Talent": 354, "Doubling Season": 734, "Cathar Commando_SB": 421, "Elegant Parlor_SB": 811, "Thrun, Breaker of Silence": 2919, "Pawpatch Recruit_SB": 2023, "Rite of the Moth": 2293, "Day of Judgment_SB": 621, "Sentinel of the Nameless City_SB": 2452, "An Offer You Can't Refuse_SB": 60, "Trapped in the Screen_SB": 2982, "Scavenger's Talent": 2396, "Llanowar Greenwidow": 1665, "Final Showdown_SB": 1005, "Subterranean Schooner_SB": 2703, "Vraska, Betrayal's Sting": 3213, "Pillage the Bog_SB": 2067, "Disenchant_SB": 698, "Virtue of Strength": 3179, "War Squeak": 3223, "Worldsoul's Rage": 3286, "Hero's Downfall_SB": 1332, "Dragonhawk, Fate's Tempest": 747, "Push // Pull": 2128, "Zurgo and Ojutai": 3326, "Blooming Blast": 263, "Coruscation Mage": 556, "Firebrand Archer": 1009, "Vengeful Possession_SB": 3150, "Aspirant's Ascent": 133, "Bloated Contaminator": 245, "Bring the Ending": 333, "Crawling Chorus": 573, "Distorted Curiosity": 709, "Enter the Enigma": 854, "Fleeting Reflection": 1023, "Green Sun's Twilight": 1224, "High Stride": 1351, "Infectious Bite": 1413, "Ivy, Gleeful Spellthief": 1480, "Jawbone Duelist": 1490, "Prologue to Phyresis": 2116, "Skrelv, Defector Mite": 2529, "Venerated Rotpriest": 3146, "Aspirant's Ascent_SB": 134, "Bring the Ending_SB": 334, "Distorted Curiosity_SB": 710, "Elusive Otter_SB": 826, "Enter the Enigma_SB": 855, "Fleeting Reflection_SB": 1024, "High Stride_SB": 1352, "Prologue to Phyresis_SB": 2117, "Skrelv's Hive_SB": 2528, "This Town Ain't Big Enough_SB": 2882, "Witness Protection_SB": 3283, "Assimilation Aegis": 137, "Braided Net": 303, "Fabrication Foundry": 917, "Fomori Vault": 1039, "Fumigate": 1076, "Simulacrum Synthesizer": 2515, "The Mightstone and Weakstone": 2844, "Thran Spider": 2899, "Unstable Glyphbridge": 3069, "Enduring Innocence_SB": 842, "Hammerhand": 1262, "Unwanted Remake_SB": 3079, "Invasion of Regatha": 1462, "Slagstorm": 2547, "Sawblade Scamp": 2378, "Citanul Stalwart": 481, "Dwynen's Elite": 788, "Elvish Archdruid": 827, "Genesis Wave": 1109, "Imperious Perfect": 1406, "Leaf-Crowned Visionary": 1614, "Llanowar Loamspeaker": 1666, "Surrak and Goreclaw": 2733, "Tyvar the Bellicose": 3023, "Tyvar, the Pummeler": 3028, "Dwynen, Gilt-Leaf Daen_SB": 790, "Obstinate Baloth_SB": 1935, "Roaring Furnace // Steaming Sauna_SB": 2306, "Unsummon_SB": 3075, "Scrapshooter": 2406, "Terror of the Peaks": 2804, "Dazzling Denial": 623, "Empyrean Eagle": 834, "Healer's Hawk": 1298, "Anim Pakal, Thousandth Moon": 72, "Coppercoat Vanguard": 543, "Jirina, Dauntless General": 1497, "Recruitment Officer": 2218, "Deathmark_SB": 637, "Joust Through_SB": 1506, "Knight of Grace_SB": 1569, "Raise the Past_SB": 2161, "Insidious Roots": 1431, "Kami of Whispered Hopes": 1521, "Kitsa, Otterball Elite": 1562, "Lively Dirge": 1660, "Skyfisher Spider": 2539, "Sleep-Cursed Faerie": 2550, "Tyvar, Jubilant Brawler": 3027, "Voldaren Thrillseeker": 3196, "Arcanis the Omnipotent_SB": 96, "Feed the Cycle_SB": 971, "Insidious Fungus_SB": 1430, "Lord Skitter, Sewer King_SB": 1689, "Stab_SB": 2643, "Bitter Triumph_SB": 226, "Toby, Beastie Befriender": 2952, "Boros Charm_SB": 289, "Sheoldred_SB": 2480, "Invasion of Zendikar": 1468, "Chimil, the Inner Sun_SB": 469, "Thrun, Breaker of Silence_SB": 2920, "Pilfer_SB": 2065, "Urborg Scavengers_SB": 3091, "Vraska, Betrayal's Sting_SB": 3214, "Serra Paragon": 2454, "Annex Sentry_SB": 77, "Coiling Rebirth": 503, "Cynical Loner": 605, "Etali, Primal Conqueror": 878, "Driver of the Dead": 768, "Gatekeeper of Malakir": 1105, "Ichor Drinker": 1394, "Infestation Sage": 1416, "Kalastria Highborn": 1518, "Nullpriest of Oblivion": 1921, "Pulse Tracker": 2127, "Vampire Nighthawk": 3132, "Vengeful Bloodwitch": 3148, "Undergrowth Recon": 3045, "Walk-In Closet // Forgotten Cellar": 3221, "Brineborn Cutthroat": 331, "Lost Jitte": 1690, "The Wandering Rescuer": 2868, "An Offer You Can't Refuse": 59, "Carnelian Orb of Dragonkind": 401, "Invasion of Tarkir": 1464, "Sarkhan, Soul Aflame": 2372, "Stingerback Terror": 2671, "Twinflame Tyrant": 3008, "Omniscience": 1951, "Squirming Emergence": 2641, "The Cruelty of Gix": 2815, "Drag to the Roots_SB": 744, "Long River's Pull": 1677, "Hunter's Talent": 1387, "Ferocification_SB": 990, "Audacity_SB": 147, "Altanak, the Thrice-Called": 53, "Cease // Desist": 434, "Demand Answers": 662, "Say Its Name": 2381, "Stormsplitter": 2691, "Hard-Hitting Question": 1270, "Hard-Hitting Question_SB": 1271, "Felonious Rage": 987, "Starfall Invocation": 2650, "Greed's Gambit": 1221, "Rankle's Prank": 2181, "Molten Collapse_SB": 1826, "Sire of Seven Deaths_SB": 2520, "Ashroot Animist": 132, "Lukka, Bound to Ruin": 1695, "Polukranos Reborn": 2086, "Ruby, Daring Tracker": 2331, "Muerra, Trash Tactician_SB": 1861, "Urgent Necropsy_SB": 3096, "Soulless Jailer_SB": 2588, "Buried in the Garden": 359, "Clifftop Lookout": 495, "Fecund Greenshell": 968, "Tender Wildguide": 2797, "Tyrranax Rex_SB": 3022, "Withering Torment": 3280, "Desecration Demon": 675, "Lay Down Arms_SB": 1612, "Overlord of the Floodpits_SB": 1987, "Refute": 2226, "Unwanted Remake": 3078, "Curator of Destinies_SB": 597, "High Noon_SB": 1350, "Primal Might": 2101, "Enduring Curiosity_SB": 840, "Luminous Rebuke": 1699, "Case of the Filched Falcon": 408, "Arcanis the Omnipotent": 95, "Ajani's Pridemate": 39, "Arahbo, the First Fang": 91, "Banishing Light": 180, "Joust Through": 1505, "Prideful Parent": 2100, "Regal Caracal": 2230, "Savannah Lions": 2375, "Skyknight Squire": 2541, "Banishing Light_SB": 181, "Claws Out_SB": 491, "Imodane's Recruiter_SB": 1403, "Starscape Cleric": 2652, "Bladecoil Serpent_SB": 230, "Tinybones, Bauble Burglar": 2936, "Sphinx of Forgotten Lore_SB": 2613, "Ashnod's Intervention": 131, "Barbed Batterfist": 185, "Bloodfeather Phoenix_SB": 252, "Koma, World-Eater": 1578, "The Elder Dragon War": 2818, "Valgavoth, Terror Eater_SB": 3115, "Fear of Impostors_SB": 953, "Smash to Dust_SB": 2558, "Cityscape Leveler": 482, "Sire of Seven Deaths": 2519, "Witch's Mark": 3275, "Searslicer Goblin": 2424, "Stromkirk Noble": 2699, "Reclamation Sage": 2214, "Case of the Locked Hothouse_SB": 412, "Deeproot Wayfinder": 648, "Fountainport_SB": 1059, "Restless Cottage_SB": 2261, "Witness Protection": 3282, "Calamity's Wake_SB": 377, "Archangel of Tithes": 99, "Boon-Bringer Valkyrie": 285, "Giada, Font of Hope": 1131, "Guardian of Ghirapur": 1243, "Lyra Dawnbringer": 1708, "Resplendent Angel": 2251, "Youthful Valkyrie": 3306, "Grand Entryway // Elegant Rotunda": 1212, "Getaway Glamer": 1117, "Sharp-Eyed Rookie": 2468, "Moment of Craving_SB": 1830, "Surrak, the Hunt Caller": 2737, "Wildborn Preserver_SB": 3257, "Thought-Stalker Warlock_SB": 2892, "Archmage of Runes": 107, "Curate": 596, "Don't Make a Sound": 728, "Ertai's Scorn": 868, "Essence Scatter": 875, "Flow of Knowledge": 1032, "Metamorphic Blast": 1775, "Unauthorized Exit": 3035, "Harrier Strix_SB": 1278, "Strix Lookout_SB": 2696, "The Tale of Tamiyo_SB": 2867, "Twist Reality_SB": 3011, "Midnight Mayhem": 1783, "Ratcatcher Trainee": 2186, "Scytheclaw Raptor_SB": 2418, "Abandoned Campground": 0, "Guardian of the Great Door": 1245, "Lonely Arroyo": 1671, "Norn's Inquisitor": 1913, "Spring-Loaded Sawblades": 2634, "Elas il-Kor, Sadistic Pilgrim": 806, "Helpful Hunter": 1318, "Knight of Dawn's Light": 1564, "Raise the Past": 2160, "Enduring Tenacity_SB": 844, "Leyline of Hope_SB": 1630, "Burst Lightning_SB": 367, "Enduring Courage": 837, "Swiftblade Vindicator": 2741, "Commune with Evil": 525, "Dollmaker's Shop // Porcelain Gallery": 724, "Leyline Axe": 1627, "Neglected Manor": 1884, "Sporogenic Infection": 2632, "The Jolly Balloon Man": 2836, "Commune with Evil_SB": 526, "Fear of Missing Out_SB": 960, "Bulk Up": 356, "Chandra, Flameshaper": 446, "Massacre Wurm_SB": 1756, "Electrostatic Infantry": 809, "Impact Tremors": 1404, "Kindlespark Duo": 1554, "Ral's Reinforcements": 2172, "Reckless Lackey": 2211, "Rodeo Pyromancers": 2311, "The Autonomous Furnace": 2814, "Deadeye Duelist_SB": 627, "Skewer Slinger_SB": 2522, "Thunder Salvo_SB": 2921, "Fear of Being Hunted": 948, "Khenra Spellspear": 1553, "Frenzied Goblin_SB": 1063, "Eaten Alive": 794, "Souls of the Lost": 2589, "Rottenmouth Viper_SB": 2325, "Prophetic Prism": 2119, "Basilisk Collar": 193, "Vampire Nighthawk_SB": 3133, "Runic Shot_SB": 2341, "Chupacabra Echo": 475, "Razorlash Transmogrant": 2196, "Huskburster Swarm_SB": 1392, "Season of Loss_SB": 2429, "Terror Tide_SB": 2803, "Wrenn's Resolve": 3294, "Hearthborn Battler": 1307, "Invasion of Tarkir_SB": 1465, "Hidetsugu's Second Rite": 1347, "Ghitu Lavarunner_SB": 1127, "Involuntary Employment_SB": 1472, "Boulderbranch Golem": 299, "Fierce Empath": 998, "Galewind Moose": 1089, "Gossip's Talent": 1204, "Gruff Triplets": 1239, "Insidious Fungus": 1429, "Lush Oasis": 1706, "Mirage Mesa": 1796, "Outcaster Greenblade": 1971, "Tyrranax Rex": 3021, "Sunshower Druid_SB": 2719, "Banner of Kinship": 182, "Baylen, the Haymaker": 200, "Blossoming Sands": 267, "Dewdrop Cure": 689, "Etched Cornfield": 881, "Hare Apparent": 1273, "Kayla's Reconstruction": 1536, "Patchwork Banner": 2018, "Wind-Scarred Crag": 3264, "Hinterland Sanctifier_SB": 1356, "Dragon Fodder": 745, "Griffnaut Tracker_SB": 1233, "Keldon Strike Team_SB": 1540, "Bartolom\u00e9 del Presidio": 190, "Forlorn Flats": 1050, "Midnight Reaper": 1784, "Nezumi Linkbreaker": 1893, "Snarling Gorehound": 2568, "Vampire Gourmand": 3131, "Deadly Riposte_SB": 633, "Soul-Shackled Zombie_SB": 2586, "Candy Trail": 387, "Desperate Bloodseeker": 678, "Marauding Blight-Priest": 1743, "Moment of Craving": 1829, "Murder": 1865, "Savor": 2376, "Servant of the Stinger": 2457, "Sanguine Indulgence_SB": 2368, "Aetherize": 24, "Peculiar Lighthouse": 2025, "Spellgyre": 2609, "Swiftwater Cliffs": 2744, "Tranquil Cove": 2975, "Tolarian Terror_SB": 2958, "Union of the Third Path_SB": 3059, "Contaminated Aquifer": 540, "Idyllic Beachfront": 1397, "Marauding Brinefang": 1744, "Portal to Phyrexia": 2091, "Soul-Guide Lantern": 2583, "Teferi, Temporal Pilgrim": 2781, "Terramorphic Expanse": 2800, "Union of the Third Path": 3058, "Vanish into Eternity": 3136, "Vanish into Eternity_SB": 3137, "Agate-Blade Assassin": 29, "Jagged Barrens": 1489, "Outlaws' Fury": 1974, "Ravine Raider": 2192, "Scales of Shale": 2387, "Agate Assault_SB": 28, "Bake into a Pie_SB": 169, "Hazardous Blast_SB": 1292, "Turn Inside Out_SB": 3004, "Azorius Guildgate": 163, "Beanstalk Wurm": 202, "Boros Guildgate": 290, "Circuitous Route": 480, "Dimir Guildgate": 693, "Expedition Map": 894, "Golgari Guildgate": 1199, "Gruul Guildgate": 1240, "Izzet Guildgate": 1484, "Maze's End": 1759, "Muldrotha, the Gravetide": 1862, "Orzhov Guildgate": 1964, "Rakdos Guildgate": 2162, "Selesnya Guildgate": 2448, "Simic Guildgate": 2514, "Tatyova, Benthic Druid": 2774, "Urborg Repossession": 3088, "Atraxa's Fall_SB": 143, "Brightblade Stoat_SB": 328, "Desperate Bloodseeker_SB": 679, "Savor_SB": 2377, "Blanchwood Prowler": 232, "Coati Scavenger": 501, "Cult Conscript": 592, "Deadly Brew": 628, "Defiled Crypt // Cadaver Lab": 657, "Drag to the Roots": 743, "Jungle Hollow": 1509, "Osseous Sticktwister": 1965, "Strangled Cemetery": 2692, "Gloomfang Mauler": 1176, "Live or Die": 1659, "Possessed Goat": 2093, "Scoured Barrens": 2405, "Shroudstomper": 2500, "Tocasia's Dig Site": 2953, "Vile Mutilator": 3165, "Elesh Norn": 814, "Goblin Surprise": 1192, "Irreverent Gremlin": 1476, "Krenko, Mob Boss": 1588, "Norin, Swift Survivalist": 1911, "Vicious Clown": 3163, "Ozolith, the Shattered Spire": 2001, "Ambush Wolf_SB": 56, "Dead Weight_SB": 626, "Fog of War_SB": 1038, "Voracious Varmint_SB": 3202, "Confounding Riddle": 531, "Thornwood Falls": 2888, "Coppercoat Vanguard_SB": 544, "Garna, Bloodfist of Keld_SB": 1095, "Arcane Proxy": 94, "Demonic Counsel": 665, "Render Inert": 2240, "Kaito, Dancing Shadow_SB": 1517, "Minor Misstep_SB": 1794, "Likeness Looter": 1648, "Royal Treatment_SB": 2329, "Karplusan Forest_SB": 1528, "Grand Entryway && Elegant Rotunda": 1211, "Chainsaw_SB": 445, "Flamewake Phoenix_SB": 1016, "Drag the Canal_SB": 741, "Stingerback Terror_SB": 2672, "Scatter Ray_SB": 2391, "Argoth, Sanctum of Nature": 115, "Cosmic Rebirth": 559, "Elvish Regrower": 830, "Springbloom Druid": 2636, "Titania, Voice of Gaea": 2947, "Tolsimir, Midnight's Light": 2959, "Phantom Interference_SB": 2039, "The Huntsman's Redemption": 2831, "Balustrade Wurm_SB": 175, "Stoic Sphinx_SB": 2678, "Twisted Fealty": 3012, "Aegis Turtle_SB": 20, "Temple of Malice": 2790, "Collector's Vault": 513, "Night of the Sweets' Revenge": 1895, "Welcome to Sweettooth": 3246, "Cosmium Confluence_SB": 562, "See Double_SB": 2438, "Volatile Fault_SB": 3192, "Vraska's Fall": 3209, "The Filigree Sylex_SB": 2827, "Crash Through": 569, "Drake Hatcher": 751, "Restless Spire": 2268, "Slick Sequence": 2554, "Abhorrent Oculus_SB": 2, "Feed the Swarm": 973, "Crawling Barrens": 572, "Mazemind Tome_SB": 1762, "Cryptic Coat": 586, "Cryptic Coat_SB": 587, "Urgent Necropsy": 3095, "Bonny Pall, Clearcutter_SB": 281, "Trygon Predator_SB": 2997, "Dwynen, Gilt-Leaf Daen": 789, "Lathril, Blade of the Elves": 1604, "Wildborn Preserver": 3256, "Assassin's Trophy_SB": 136, "Rite of Replication": 2290, "Knight of Dusk's Shadow_SB": 1567, "Swiftfoot Boots_SB": 2743, "Ajani, Caller of the Pride": 40, "Angel of Vitality": 69, "Leonin Vanguard": 1623, "Extinguish the Light_SB": 907, "Nine-Lives Familiar": 1900, "Voracious Greatshark": 3201, "Anthem of Champions": 87, "Armasaur Guide": 118, "Biogenic Upgrade": 219, "Charming Prince": 461, "Dazzling Angel": 622, "Felidar Savior": 983, "Felling Blow": 986, "Gnarlid Colony": 1180, "Good-Fortune Unicorn": 1203, "Inspiring Call": 1433, "Inspiring Paladin": 1435, "Mild-Mannered Librarian": 1788, "Pacifism": 2002, "Wary Thespian": 3235, "Wildwood Scourge": 3260, "Breach the Multiverse": 319, "Bandit's Talent_SB": 179, "Parting Gust_SB": 2017, "Tinybones Joins Up_SB": 2935, "Eaten by Piranhas_SB": 796, "Phyrexian Obliterator_SB": 2054, "Axebane Ferox_SB": 160, "Scrapshooter_SB": 2407, "Wrenn and Realmbreaker_SB": 3291, "Flourishing Bloom-Kin": 1031, "Ghalta, Primal Hunger": 1121, "Hunter's Talent_SB": 1388, "Immersturm Predator": 1400, "Alesha, Who Laughs at Fate": 49, "Aurelia, the Law Above": 149, "Charming Scoundrel": 462, "Perforating Artist": 2029, "Ruthless Lawbringer": 2346, "Voldaren Thrillseeker_SB": 3197, "Silver Scrutiny_SB": 2510, "Atraxa, Grand Unifier_SB": 145, "Doppelgang": 732, "Highway Robbery": 1353, "Urabrask": 3083, "Armored Armadillo": 119, "Elvish Archivist": 828, "Toadstool Admirer": 2951, "Calix, Guided by Fate_SB": 380, "Divine Resilience_SB": 720, "Unflinching Courage_SB": 3051, "Valorous Stance_SB": 3130, "Fiery Annihilation_SB": 1000, "Annex Sentry": 76, "Phyrexian Censor": 2046, "Phyrexian Vindicator": 2055, "Volatile Fault": 3191, "Seal from Existence_SB": 2421, "Stasis Snare_SB": 2655, "Urborg Scavengers": 3090, "Zetalpa, Primal Dawn": 3313, "Chrome Host Seedshark": 473, "Ichormoon Gauntlet": 1395, "Jace Reawakened": 1485, "Jin-Gitaxias": 1496, "Temple of Epiphany": 2788, "Galvanize_SB": 1092, "Tocasia's Welcome": 2954, "Bonehoard Dracosaur": 278, "Dragonlord's Servant": 748, "Incinerator of the Guilty": 1410, "Kolaghan Warmonger": 1575, "Rivaz of the Claw": 2294, "Tyrant of Kher Ridges": 3018, "Push // Pull_SB": 2129, "Joint Exploration": 1504, "Vren, the Relentless": 3216, "Titania's Command_SB": 2946, "Long River's Pull_SB": 1678, "Burglar Rat": 358, "Halo Forager": 1259, "Hidden Cataract": 1338, "Hidden Necropolis": 1341, "Macabre Waltz": 1713, "Mindsplice Apparatus": 1791, "Painful Quandary": 2003, "Psychic Whorl": 2123, "Rune-Scarred Demon": 2339, "The Key to the Vault": 2839, "The Rollercrusher Ride_SB": 2854, "Titania, Voice of Gaea_SB": 2948, "Dawn's Truce": 617, "Bristly Bill, Spine Sower": 339, "Colossal Rattlewurm": 518, "Creosote Heath": 575, "Desert's Due": 677, "Duelist of the Mind": 776, "Festering Gulch": 991, "Goldvein Hydra": 1196, "Rattleback Apothecary": 2187, "Tatyova, Steward of Tides": 2775, "Tomb Trawler_SB": 2961, "Urza's Sylex_SB": 3103, "Terror Tide": 2802, "Inspiration from Beyond": 1432, "Chainsaw": 444, "Marchesa, Dealer of Death": 1746, "Rakdos Joins Up": 2163, "Nashi, Searcher in the Dark_SB": 1878, "Invasion of Tolvada": 1467, "Grand Abolisher_SB": 1210, "Realmbreaker, the Invasion Tree_SB": 2205, "Filter Out_SB": 1002, "Kutzil, Malamet Exemplar": 1596, "Hostile Investigator": 1377, "Rona's Vortex": 2318, "Swamp_SB": 2739, "Runic Shot": 2340, "Herald of Eternal Dawn_SB": 1321, "Sun-Blessed Healer_SB": 2708, "Emberheart Challenger_SB": 833, "Squee, Dubious Monarch_SB": 2640, "Assimilation Aegis_SB": 138, "Mortify": 1849, "Soul Search_SB": 2581, "Seeker's Folly": 2442, "Valgavoth's Onslaught": 3112, "Coveted Falcon": 566, "Drag to the Bottom": 742, "Greed's Gambit_SB": 1222, "Season of Gathering_SB": 2427, "Stab": 2642, "Vinereap Mentor": 3166, "Invasion of Gobakhan": 1455, "Fiery Annihilation": 999, "Dreadwing Scavenger": 760, "Axebane Ferox": 159, "Ferocification": 989, "Pick Your Poison": 2057, "Sunspine Lynx": 2720, "Broodspinner_SB": 345, "The Gitrog, Ravenous Ride_SB": 2828, "Collector's Cage": 511, "Ajani, Sleeper Agent_SB": 44, "Sheoldred": 2473, "Ancient Cornucopia": 65, "Invasion of Arcavios": 1451, "Make Your Own Luck": 1728, "Beseech the Mirror_SB": 210, "Heroic Reinforcements_SB": 1335, "Peerless Recycling_SB": 2026, "Ego Drain": 802, "Season of Loss": 2428, "Talion's Messenger_SB": 2767, "Misery's Shadow": 1806, "Blood Hustler": 248, "Bloodfell Caves": 253, "Deathcap Marionette": 636, "Fell": 984, "Reasonable Doubt": 2206, "Third Path Iconoclast": 2875, "Essence Scatter_SB": 876, "Stormcatch Mentor": 2685, "Wing Commando": 3266, "Cerebral Confiscation_SB": 441, "Ruthless Negotiation": 2348, "Haunted Screen": 1288, "Prayer of Binding": 2096, "Furnace Reins": 1083, "Insatiable Avarice_SB": 1428, "Rona's Vortex_SB": 2319, "Bonny Pall, Clearcutter": 280, "River's Rebuke": 2295, "Koma, World-Eater_SB": 1579, "Primeval Bounty_SB": 2104, "River's Rebuke_SB": 2296, "Urza's Sylex": 3102, "Regal Caracal_SB": 2231, "Kiora, the Rising Tide_SB": 1557, "Chimil, the Inner Sun": 468, "Rat Out_SB": 2184, "Plains_SB": 2074, "Faebloom Trick_SB": 922, "Throne of the Grim Captain": 2916, "Drana and Linvala_SB": 753, "The Kenriths' Royal Funeral_SB": 2838, "Nashi, Searcher in the Dark": 1877, "Saiba Cryptomancer": 2359, "Zoetic Glyph_SB": 3318, "Seized from Slumber_SB": 2447, "Tyvar's Stand": 3025, "Regal Bunnicorn_SB": 2229, "Inspiring Overseer": 1434, "Mischievous Pup": 1805, "Surgical Suite // Hospital Room": 2731, "Angel of Finality_SB": 68, "Belligerent Yearling": 208, "Colossadactyl": 517, "Earthshaker Dreadmaw": 793, "Giant Cindermaw": 1133, "Itzquinth, Firstborn of Gishath": 1479, "Ixalli's Lorekeeper": 1482, "Rogue's Passage": 2312, "Scytheclaw Raptor": 2417, "Thrashing Brontodon": 2901, "Triumphant Chomp": 2994, "Armored Kincaller_SB": 121, "Kraul Whipcracker": 1583, "Wardens of the Cycle": 3227, "Binding Negotiation_SB": 218, "Badlands Revival": 168, "Bandit's Haul": 177, "Copper Host Crusher": 542, "Feed the Infection": 972, "Vinereap Mentor_SB": 3167, "Ankle Biter": 75, "Bilious Skulldweller": 216, "Fynn, the Fangbearer": 1085, "Infectious Inquiry": 1414, "Nimraiser Paladin": 1899, "The Dross Pits": 2817, "The Hunter Maze": 2830, "At Knifepoint": 141, "Fanatical Firebrand": 935, "Hellspur Brute": 1314, "Vial Smasher, Gleeful Grenadier": 3160, "Caught in the Crossfire_SB": 423, "Mourner's Surprise_SB": 1857, "Scales of Shale_SB": 2388, "Seize the Secrets": 2444, "Soured Springs": 2593, "Keen-Eyed Curator_SB": 1538, "Unflinching Courage": 3050, "Sanguine Evangelist_SB": 2367, "Virtue of Loyalty_SB": 3176, "Clay-Fired Bricks": 492, "Sandstorm Salvager": 2363, "Dreamdew Entrancer_SB": 762, "Werefox Bodyguard": 3247, "Autonomous Assembler": 154, "Etali's Favor": 877, "Quintorius Kand": 2143, "Caretaker's Talent_SB": 400, "Luminous Rebuke_SB": 1700, "Massacre Wurm": 1755, "The Enigma Jewel": 2822, "Felidar Retreat_SB": 982, "Hired Claw_SB": 1358, "Kayla's Command_SB": 1535, "Starfall Invocation_SB": 2651, "Stalactite Stalker": 2645, "Spinner of Souls_SB": 2621, "Gisa, the Hellraiser_SB": 1145, "Dust Animus": 783, "Defabricate_SB": 650, "Steel Seraph_SB": 2665, "Dust Animus_SB": 784, "Get Out_SB": 1116, "Gumdrop Poisoner_SB": 1250, "Jace Reawakened_SB": 1486, "Archangel of Tithes_SB": 100, "Demonic Counsel_SB": 666, "Song of Totentanz_SB": 2574, "Warleader's Call_SB": 3232, "Callous Sell-Sword_SB": 383, "Shrouded Shepherd_SB": 2499, "Anointed Peacekeeper": 85, "Rat Out": 2183, "Phyrexian Censor_SB": 2047, "Bitter Reunion_SB": 224, "Seize the Spoils": 2445, "Canonized in Blood": 390, "Cemetery Recruitment": 437, "Diregraf Ghoul": 695, "Hungry Ghoul": 1385, "Mephitic Draught": 1773, "Offer Immortality": 1938, "Sanguine Syphoner": 2369, "Skeleton Archer": 2521, "Vampiric Rites": 3135, "Curious Forager": 598, "The Mycotyrant": 2849, "Thornvault Forager": 2887, "Agatha's Soul Cauldron_SB": 34, "Sporogenic Infection_SB": 2633, "Grievous Wound": 1231, "Funeral Room // Awakening Hall_SB": 1079, "Rise of the Dark Realms_SB": 2288, "Raucous Carnival_SB": 2189, "Archdruid's Charm": 103, "The Rollercrusher Ride": 2853, "Temple of Enlightenment": 2787, "Ezrim, Agency Chief_SB": 913, "Fumigate_SB": 1077, "Valkyrie's Call_SB": 3117, "Fortified Beachhead": 1052, "Harbin, Vanguard Aviator": 1265, "Skystrike Officer": 2546, "Valiant Veteran": 3116, "Zephyr Sentinel": 3310, "Urza, Lord Protector": 3104, "Blast Zone": 235, "Blossoming Tortoise": 268, "Cavernous Maw": 432, "Forgotten Monument": 1049, "Titania's Command": 2945, "Scorn-Blade Berserker": 2404, "Imperious Perfect_SB": 1407, "Sandstorm Salvager_SB": 2364, "Tough Cookie_SB": 2970, "Urborg Repossession_SB": 3089, "Herbology Instructor": 1324, "Restless Bivouac_SB": 2259, "Diabolic Intent": 691, "Fauna Shaman": 943, "Lively Dirge_SB": 1661, "Cruel Somnophage": 576, "Molten Duplication": 1827, "Unidentified Hovership_SB": 3057, "Take Up the Shield_SB": 2763, "Vadmir, New Blood": 3105, "Arabella, Abandoned Doll_SB": 89, "Temple of Mystery": 2791, "Timely Interference": 2931, "Vesuvan Duplimancy": 3155, "Dive Down_SB": 716, "Scrawling Crawler_SB": 2410, "Hollow Marauder": 1362, "Huskburster Swarm": 1391, "Overwhelming Remorse": 1996, "Stubborn Burrowfiend": 2700, "Writhing Necromass": 3296, "Dryad Militant_SB": 774, "Mockingbird_SB": 1821, "Chandra, Hope's Beacon_SB": 451, "Bristlebud Farmer": 336, "Charred Foyer && Warped Space_SB": 463, "Akawalli, the Seething Tower": 47, "Absolving Lammasu_SB": 6, "Dollmaker's Shop // Porcelain Gallery_SB": 725, "Think Twice": 2873, "Micromancer_SB": 1782, "Bruse Tarl, Roving Rancher": 350, "Coruscation Mage_SB": 557, "Fblthp, Lost on the Range": 945, "Weakstone's Subjugation": 3239, "Fblthp, Lost on the Range_SB": 946, "Proft's Eidetic Memory_SB": 2112, "Weakstone's Subjugation_SB": 3240, "Bottomless Pool && Locker Room": 295, "Tithing Blade_SB": 2950, "Hidetsugu's Second Rite_SB": 1348, "The Swarmweaver_SB": 2865, "Invasion of Karsus_SB": 1460, "Mirror Room && Fractured Realm_SB": 1801, "Sword of Wealth and Power_SB": 2751, "Wildfire Howl_SB": 3258, "Zurgo and Ojutai_SB": 3327, "Halo Forager_SB": 1260, "Mabel, Heir to Cragflame_SB": 1712, "Soulstone Sanctuary_SB": 2592, "Ballyrush Banneret": 172, "Myrel, Shield of Argive_SB": 1871, "Siege Veteran_SB": 2502, "Ezrim, Agency Chief": 912, "Karn, Living Legacy": 1525, "Metropolis Reformer": 1779, "Omnivorous Flytrap": 1952, "Krenko's Buzzcrusher_SB": 1587, "Kellan, Inquisitive Prodigy": 1544, "Final Vengeance_SB": 1007, "Silverback Elder_SB": 2511, "Blood Spatter Analysis": 250, "Breeches, Eager Pillager": 325, "Rundvelt Hordemaster": 2337, "Urborg Lhurgoyf": 3087, "Branchblight Stalker": 310, "Experimental Augury": 897, "Gitaxian Anatomist": 1146, "Goliath Hatchery": 1200, "Ichorspit Basilisk": 1396, "Lakeside Shack": 1601, "Maze's Mantle": 1760, "Meat Locker // Drowned Diner": 1763, "Mesmerizing Dose": 1774, "Paladin of Predation": 2011, "Plague Nurse": 2072, "Reject Imperfection": 2234, "Serum Snare": 2456, "Tainted Observer": 2762, "Tangled Islet": 2771, "Thrummingbird": 2918, "Tyrranax Atrocity": 3020, "Venomous Brutalizer": 3152, "Viral Spawning": 3170, "Vivisurgeon's Insight": 3185, "Angelic Intervention": 70, "Awaken the Woods": 158, "Omenpath Journey": 1950, "Poison Dart Frog": 2081, "Rampaging Baloths": 2176, "Migloz, Maze Crusher_SB": 1787, "Break the Spell_SB": 324, "Under the Skin": 3041, "Seraphic Steed": 2453, "Meticulous Excavation_SB": 1778, "Raging Battle Mouse": 2158, "Loran's Escape_SB": 1687, "Realmbreaker, the Invasion Tree": 2204, "Seeker's Folly_SB": 2443, "Murky Sewer": 1868, "Might of the Meek_SB": 1786, "Deeproot Pilgrimage": 647, "Mistway Spy": 1817, "Vodalian Hexcatcher": 3187, "Undead Sprinter_SB": 3040, "Doomsday Excruciator_SB": 730, "Crystal Grotto": 591, "Guardian of New Benalia": 1244, "Bottomless Pool // Locker Room": 297, "Necrogen Communion": 1880, "Vraska Joins Up": 3208, "Thirsting Roots_SB": 2878, "Gwenna, Eyes of Gaea": 1251, "Halana and Alena, Partners": 1254, "Inga and Esika": 1418, "Melira, the Living Cure": 1768, "Myrel, Shield of Argive": 1870, "Elesh Norn_SB": 817, "Hajar, Loyal Bodyguard_SB": 1253, "Surrak and Goreclaw_SB": 2734, "Invasion of Kaldheim": 1458, "Pia Nalaar, Consul of Revival": 2056, "Getaway Glamer_SB": 1118, "Pest Control": 2034, "Heraldic Banner": 1322, "Defiled Crypt // Cadaver Lab_SB": 658, "Heraldic Banner_SB": 1323, "Karn's Sylex_SB": 1524, "Aegis Turtle": 19, "Ivy, Gleeful Spellthief_SB": 1481, "Venerated Rotpriest_SB": 3147, "The Stone Brain": 2861, "Decadent Dragon_SB": 641, "Vein Ripper": 3144, "Viashino Pyromancer_SB": 3162, "Grabby Giant": 1207, "Rite of the Dragoncaller": 2291, "Hulking Raptor": 1384, "Pugnacious Hammerskull": 2125, "Jaya, Fiery Negotiator": 1491, "Sword of Once and Future": 2748, "Battlefly Swarm": 199, "Seal from Existence": 2420, "Broodspinner": 344, "Ghalta, Stampede Tyrant": 1123, "Solemn Simulacrum": 2570, "Maha, Its Feathers Night_SB": 1726, "Annie Joins Up": 79, "Huatli, Poet of Unity": 1381, "Invasion of Amonkhet_SB": 1450, "Beastie Beatdown": 203, "Thalia and The Gitrog Monster": 2809, "Surgical Suite && Hospital Room_SB": 2730, "Silver Scrutiny": 2509, "Island_SB": 1478, "Rebel Salvo_SB": 2208, "Entity Tracker_SB": 857, "Aether Channeler": 21, "Defiled Crypt && Cadaver Lab": 655, "Exuberant Fuseling": 911, "Thundertrap Trainer_SB": 2928, "Abuelo's Awakening": 9, "Kitsa, Otterball Elite_SB": 1563, "Rona, Herald of Invasion_SB": 2321, "Unnerving Grasp_SB": 3065, "Undead Sprinter": 3039, "Coveted Falcon_SB": 567, "Wishclaw Talisman_SB": 3272, "Conspiracy Unraveler": 536, "Matzalantli, the Great Door": 1757, "Reenact the Crime": 2225, "Demonic Ruckus_SB": 672, "Impact Tremors_SB": 1405, "Cultivator's Caravan": 593, "Kona, Rescue Beastie": 1580, "Scene of the Crime": 2399, "Cankerbloom_SB": 389, "Adaptive Automaton": 16, "Three Tree Mascot": 2910, "Fear of Surveillance": 961, "High Noon": 1349, "Smuggler's Surprise_SB": 2564, "Kambal, Profiteering Mayor": 1519, "Kaya, Spirits' Justice_SB": 1533, "Blasphemous Edict": 233, "Drown in Ichor": 770, "Whisper of the Dross": 3250, "Vraska's Fall_SB": 3210, "Defiler of Flesh": 660, "Garruk's Uprising": 1097, "Zul Ashur, Lich Lord": 3324, "Kraul Whipcracker_SB": 1584, "Muerra, Trash Tactician": 1860, "Invasion of Theros": 1466, "Oko, the Ringleader_SB": 1946, "Case of the Gateway Express_SB": 410, "Swooping Lookout": 2745, "Quick Draw_SB": 2141, "Palani's Hatcher": 2012, "Temple of Abandon": 2785, "Blasphemous Edict_SB": 234, "At Knifepoint_SB": 142, "Monstrous Rage_SB": 1843, "Kellan's Lightblades_SB": 1542, "Insatiable Avarice": 1427, "Wilt-Leaf Liege_SB": 3263, "Recruitment Officer_SB": 2219, "Time Stop": 2929, "Crumb and Get It": 581, "Slaughter Singer": 2549, "The Seedcore": 2855, "Fleeting Flight_SB": 1022, "Trash the Town_SB": 2984, "Lifecreed Duo": 1640, "Skrelv, Defector Mite_SB": 2530, "Agrus Kos, Spirit of Justice": 37, "Hauntwoods Shrieker": 1289, "Annie Flash, the Veteran_SB": 78, "Defiled Crypt && Cadaver Lab_SB": 656, "Mechanized Warfare": 1766, "Bottomless Pool // Locker Room_SB": 298, "The Princess Takes Flight_SB": 2850, "Anim Pakal, Thousandth Moon_SB": 73, "Mischievous Mystic": 1804, "Restless Reef_SB": 2265, "One with the Multiverse": 1954, "Walk with the Ancestors": 3220, "Meathook Massacre II_SB": 1765, "Thundering Falls_SB": 2924, "Repulsive Mutation": 2245, "Sylvan Scavenging_SB": 2754, "Razorkin Needlehead": 2194, "Dreadmaw's Ire_SB": 759, "Highway Robbery_SB": 1354, "Intrepid Paleontologist": 1447, "Bolt Bend_SB": 273, "Wishclaw Talisman": 3271, "Vaultborn Tyrant_SB": 3142, "Feldon's Cane": 976, "Neutralize the Guards": 1888, "Treasure Map": 2986, "Ayli, Eternal Pilgrim": 162, "Disturbing Conversion": 712, "Shipwreck Dowser": 2484, "Abuelo's Awakening_SB": 10, "Builder's Talent_SB": 355, "Eerie Interference_SB": 801, "Founding the Third Path_SB": 1055, "Satoru, the Infiltrator": 2373, "Wilt-Leaf Liege": 3262, "Charge of the Mites": 459, "Expel the Interlopers": 895, "Binding Negotiation": 217, "Vraska, the Silencer": 3215, "Obstinate Baloth": 1934, "Bramble Familiar": 307, "Felonious Rage_SB": 988, "Sphinx of the Final Word_SB": 2614, "Rip, Spawn Hunter": 2285, "Funeral Room // Awakening Hall": 1078, "Outlaw Medic": 1973, "Legion Extruder": 1618, "Thousand Moons Smithy_SB": 2896, "Blightbelly Rat": 243, "Unnatural Restoration": 3062, "Carnivorous Canopy_SB": 402, "Whisper of the Dross_SB": 3251, "Dawn's Truce_SB": 618, "Dowsing Device": 738, "Gleaming Geardrake": 1168, "Saheeli, Filigree Master": 2357, "The Mycosynth Gardens": 2848, "Saheeli, Filigree Master_SB": 2358, "Scrawling Crawler": 2409, "Hollow Scavenger": 1364, "Archdruid's Charm_SB": 104, "Case of the Ransacked Lab": 414, "The Surgical Bay": 2863, "The Tale of Tamiyo": 2866, "Imprisoned in the Moon_SB": 1408, "Inquisitive Glimmer_SB": 1426, "Refute_SB": 2227, "Hugs, Grisly Guardian": 1382, "Kogla and Yidaro": 1573, "Karumonix, the Rat King": 1529, "Persistent Marshstalker": 2033, "Argentum Masticore": 113, "Hall of Tagsin": 1257, "Hedron Archive": 1310, "Tomakul Honor Guard": 2960, "Gaea's Gift": 1087, "Trash the Town": 2983, "Untimely Malfunction": 3076, "Argentum Masticore_SB": 114, "Choking Miasma": 471, "Bite Down": 221, "Bite Down_SB": 222, "Captain Storm, Cosmium Raider": 394, "Corsair Captain": 555, "Malcolm, the Eyes": 1733, "Staunch Crewmate": 2658, "Lost Jitte_SB": 1691, "Niv-Mizzet, Supreme": 1904, "Blazing Crescendo_SB": 239, "Leonin Vanguard_SB": 1624, "Ruin-Lurker Bat_SB": 2334, "The Millennium Calendar_SB": 2846, "Veteran Survivor_SB": 3158, "Corrupted Conviction_SB": 554, "Deadly Brew_SB": 629, "Lich-Knights' Conquest": 1638, "Cheeky House-Mouse_SB": 467, "Dryad Militant": 773, "Trostani, Three Whispers": 2995, "Kutzil, Malamet Exemplar_SB": 1597, "Contagious Vorrac": 539, "Necrogen Rotpriest": 1881, "Armored Scrapgorger_SB": 123, "Forest_SB": 1047, "Invasion of Fiora_SB": 1454, "Malcolm, Alluring Scoundrel_SB": 1732, "Churning Reservoir": 476, "Magmatic Sprinter": 1722, "Sardian Cliffstomper": 2370, "Solphim, Mayhem Dominus": 2572, "The Monumental Facade": 2847, "Churning Reservoir_SB": 477, "Magmatic Sprinter_SB": 1723, "Monastery Swiftspear_SB": 1838, "Sardian Cliffstomper_SB": 2371, "Brazen Collector": 318, "Generous Plunderer": 1108, "Ojer Axonil, Deepest Might": 1941, "Trial of Agony": 2989, "Zoyowa's Justice": 3323, "Ancestors' Aid_SB": 64, "Leyline of Resonance_SB": 1632, "Slickshot Show-Off_SB": 2557, "Gaea's Gift_SB": 1088, "Give In to Violence_SB": 1148, "Scrapwork Mutt": 2408, "Cityscape Leveler_SB": 483, "Nahiri's Resolve_SB": 1874, "Back for Seconds": 166, "Eriette's Tempting Apple": 862, "Experimental Confectioner": 898, "Feed the Cauldron": 969, "Gingerbread Hunter": 1142, "Greta, Sweettooth Scourge": 1230, "Mintstrosity": 1795, "Return from the Wilds": 2276, "Scream Puff": 2411, "Spider Food": 2615, "Sweettooth Witch": 2740, "Three Bowls of Porridge": 2906, "Candy Grapple_SB": 386, "Fell_SB": 985, "Murder_SB": 1866, "Sugar Rush_SB": 2704, "Obyra, Dreaming Duelist": 1936, "Repel Calamity_SB": 2244, "Delney, Streetwise Lookout": 661, "No Witnesses": 1909, "Stroke of Midnight": 2697, "Pile On": 2062, "Call a Surprise Witness": 381, "Micromancer": 1781, "Daggerfang Duo": 607, "Deathbloom Gardener": 635, "Hoarding Recluse": 1361, "Maha, Its Feathers Night": 1725, "Massacre Girl, Known Killer": 1753, "Moonstone Harbinger": 1848, "Pestilent Syphoner": 2036, "Ygra, Eater of All": 3302, "Drown in Ichor_SB": 771, "Ghired, Mirror of the Wilds": 1124, "Rakdos, the Muscle": 2166, "Massacre Girl, Known Killer_SB": 1754, "Rakdos Joins Up_SB": 2164, "Rakdos, the Muscle_SB": 2167, "Ghalta and Mavren": 1120, "Hide in Plain Sight": 1344, "Manifest Dread": 1737, "Progenitus": 2114, "Threats Around Every Corner": 2904, "Crystal Barricade": 589, "Green Sun's Twilight_SB": 1225, "Break Down the Door": 321, "Bubble Smuggler": 353, "Cryptid Inspector": 588, "Cursed Windbreaker": 601, "Exit Specialist": 891, "Growing Dread": 1237, "Oblivious Bookworm": 1932, "Polukranos Reborn_SB": 2087, "Hazardroot Herbalist": 1293, "Head of the Homestead": 1296, "Rabbit Response": 2145, "Treeguard Duo": 2987, "Uncharted Haven": 3037, "Warren Elder": 3233, "Head of the Homestead_SB": 1297, "Grab the Prize_SB": 1206, "Stroke of Midnight_SB": 2698, "Hellspur Posse Boss": 1316, "Magda, the Hoardmaster": 1718, "Cynical Loner_SB": 606, "Hellspur Brute_SB": 1315, "Astor, Bearer of Blades": 139, "Bladehold War-Whip": 231, "Kellan, the Fae-Blooded": 1548, "Kemba, Kha Enduring": 1550, "Rebel Salvo": 2207, "Swiftfoot Boots": 2742, "Sword of Forge and Frontier": 2746, "Astor, Bearer of Blades_SB": 140, "Consuming Aberration": 538, "Hidetsugu and Kairi": 1346, "Knight of Dusk's Shadow": 1566, "No One Left Behind_SB": 1908, "Botanical Brawler": 293, "Dusk Legion Duelist": 780, "Railway Brawler": 2159, "Stocking the Pantry": 2675, "Tribute to the World Tree": 2991, "Collector's Cage_SB": 512, "Dragonmaster Outcast": 749, "Evolved Sleeper": 887, "Friendly Teddy": 1065, "Consumed by Greed_SB": 537, "Rankle's Prank_SB": 2182, "Hop to It_SB": 1369, "Fae Flight_SB": 920, "Vorinclex": 3203, "Barkform Harvester": 186, "Rampaging Spiketail": 2178, "Rush of Dread_SB": 2344, "Magebane Lizard": 1719, "Final Flourish_SB": 1003, "Time Stop_SB": 2930, "Infectious Inquiry_SB": 1415, "Unnatural Restoration_SB": 3063, "Taii Wakeen, Perfect Shot": 2758, "Unruly Catapult": 3066, "Glassworks // Shattered Yard_SB": 1165, "Samut, Vizier of Naktamun": 2360, "Tribute to the World Tree_SB": 2992, "Hulking Metamorph": 1383, "Rest in Peace": 2254, "Surge Engine_SB": 2725, "Fake Your Own Death": 931, "Invasion of Ergamon": 1453, "Beastie Beatdown_SB": 204, "Break Out_SB": 323, "Ego Drain_SB": 803, "Hearthborn Battler_SB": 1308, "Vengeful Possession": 3149, "Rabid Gnaw_SB": 2147, "Repair and Recharge": 2243, "Step Between Worlds_SB": 2667, "Hexgold Halberd": 1337, "Skyfisher Spider_SB": 2540, "Kroxa and Kunoros": 1589, "Festerleech": 992, "Fallaji Archaeologist_SB": 933, "The Wandering Rescuer_SB": 2869, "Felidar Cub": 979, "Oracle of Tragedy": 1960, "Tarrian's Journal": 2773, "Dusk Rose Reliquary_SB": 782, "Felidar Cub_SB": 980, "Knight-Errant of Eos_SB": 1571, "Ruthless Lawbringer_SB": 2347, "Detective's Satchel": 684, "Torch the Witness": 2965, "Worldwalker Helm": 3287, "Forensic Gadgeteer_SB": 1044, "Ice Out_SB": 1393, "Evolving Adaptive": 888, "Garruk's Uprising_SB": 1098, "Chart a Course_SB": 465, "Johann's Stopgap_SB": 1502, "Let's Play a Game_SB": 1626, "Roaming Throne_SB": 2302, "Surgical Suite && Hospital Room": 2729, "Quintorius Kand_SB": 2144, "Shrouded Shepherd": 2498, "Wandertale Mentor": 3222, "Vodalian Mindsinger_SB": 3188, "Soul Search": 2580, "Bonehoard Dracosaur_SB": 279, "Llanowar Elves_SB": 1664, "Ragged Playmate": 2156, "Trapped in the Screen": 2981, "Fear of Surveillance_SB": 962, "Grand Entryway // Elegant Rotunda_SB": 1213, "Norin, Swift Survivalist_SB": 1912, "Ragged Playmate_SB": 2157, "Take for a Ride_SB": 2764, "Mosswood Dreadknight_SB": 1854, "Think Twice_SB": 2874, "Fleeting Flight": 1021, "Boltwave_SB": 275, "Enduring Courage_SB": 838, "War Squeak_SB": 3224, "Spirebluff Canal_SB": 2623, "Chandra, Flameshaper_SB": 447, "Ajani, Sleeper Agent": 43, "Blazing Crescendo": 238, "Glimmerlight": 1171, "Ashnod's Harvester": 130, "Warhost's Frenzy": 3229, "Great Train Heist": 1219, "Geralf, the Fleshwright": 1111, "Geralf, the Fleshwright_SB": 1112, "Claim Jumper_SB": 486, "Mirrex_SB": 1800, "Tectonic Hazard": 2778, "Vraan, Executioner Thane": 3207, "Eaten Alive_SB": 795, "Rustler Rampage": 2345, "Wojek Investigator": 3284, "Recommission_SB": 2217, "Searslicer Goblin_SB": 2425, "Lost in the Maze_SB": 1693, "Stormchaser's Talent_SB": 2689, "Phyrexian Missionary": 2051, "Cactarantula": 373, "Ojer Pakpatiq, Deepest Epoch": 1943, "Disturbing Conversion_SB": 713, "Enduring Vitality_SB": 846, "Koth, Fire of Resistance": 1581, "Lithomantic Barrage": 1657, "All Will Be One": 51, "Into the Fire": 1442, "Invasion of Karsus": 1459, "Ob Nixilis, Captive Kingpin": 1928, "Sentinel of Lost Lore": 2449, "Audience with Trostani_SB": 148, "Leyline of the Void": 1636, "Virtue of Knowledge": 3173, "Surgical Suite // Hospital Room_SB": 2732, "Defiler of Dreams_SB": 659, "Balustrade Wurm": 174, "Cosmic Hunger": 558, "Ojer Kaslem, Deepest Growth": 1942, "Paranormal Analyst": 2014, "Vannifar, Evolved Enigma": 3140, "Fog Bank_SB": 1037, "Talion, the Kindly Lord_SB": 2769, "Wylie Duke, Atiin Hero": 3297, "Omen Hawker": 1948, "Valgavoth's Onslaught_SB": 3113, "Extraordinary Journey": 909, "Gold Pan": 1195, "Extraordinary Journey_SB": 910, "Nurturing Pixie_SB": 1923, "Moonshaker Cavalry": 1846, "Pearl of Wisdom": 2024, "Balemurk Leech": 170, "Bashful Beastie": 192, "Cackling Slasher": 371, "Defiant Survivor": 654, "Fear of the Dark": 963, "Flesh Burrower": 1025, "Give In to Violence": 1147, "Grasping Longneck": 1214, "Horrid Vigor": 1375, "Innocuous Rat": 1424, "Let's Play a Game": 1625, "Meathook Massacre II": 1764, "Wickerfolk Thresher": 3254, "Winter's Intervention": 3267, "Analyze the Pollen_SB": 62, "Bushwhack_SB": 369, "Mistbreath Elder_SB": 1814, "Polliwallop_SB": 2084, "Realmbreaker's Grasp_SB": 2203, "Stickytongue Sentinel_SB": 2670, "Treeguard Duo_SB": 2988, "Tumbleweed Rising_SB": 2998, "Leyline of Transformation": 1634, "Saheeli's Lattice": 2356, "Hopeless Nightmare_SB": 1372, "Etali, Primal Storm_SB": 880, "Corpses of the Lost_SB": 550, "Adamant Will": 15, "Goldvein Pick": 1198, "Moment of Triumph": 1831, "Pilfer": 2064, "Public Thoroughfare": 2124, "Roaming Throne": 2301, "Undying Malice": 3047, "Cancel_SB": 385, "Opt_SB": 1956, "Connecting the Dots_SB": 533, "Annihilating Glare": 81, "Fanatical Offering": 937, "Sword of Wealth and Power": 2750, "Makeshift Binding": 1729, "Dismal Backwater": 701, "Pelakka Wurm": 2027, "Extract a Confession_SB": 908, "Unauthorized Exit_SB": 3036, "Jump Scare_SB": 1508, "Progenitus_SB": 2115, "Harvestrite Host": 1281, "Cut Short_SB": 604, "Family Reunion_SB": 934, "Lassoed by the Law": 1602, "Mabel's Mettle": 1710, "Skulduggery": 2531, "Skulduggery_SB": 2532, "Minor Misstep": 1793, "Hopeful Vigil": 1370, "Central Elevator // Promising Stairs": 439, "Creeping Peeper": 574, "Dazzling Theater // Prop Room": 624, "Erratic Apparition": 865, "Fear of Abduction": 947, "Fear of Falling": 951, "Lionheart Glimmer": 1655, "Restricted Office // Lecture Hall": 2274, "Underwater Tunnel // Slimy Aquarium": 3046, "Stalked Researcher_SB": 2647, "Tunnel Surveyor_SB": 3002, "Archon of Cruelty": 109, "Bloodstained Mire": 258, "Brazen Borrower": 316, "Counterspell": 565, "Faithless Looting": 930, "Fatal Push": 941, "Force of Negation": 1040, "Misty Rainforest": 1818, "Persist": 2032, "Polluted Delta": 2085, "Psychic Frog": 2122, "Scalding Tarn": 2384, "Sink into Stupor": 2517, "Spell Snare": 2605, "Steam Vents": 2659, "Tamiyo, Inquisitive Student": 2770, "Thoughtseize": 2893, "Unearth": 3048, "Watery Grave": 3237, "Consign to Memory_SB": 535, "Fable of the Mirror-Breaker_SB": 915, "Harbinger of the Seas_SB": 1267, "Nihil Spellbomb_SB": 1897, "Stern Scolding_SB": 2669, "Surgical Extraction_SB": 2728, "Ajani, Nacatl Pariah": 42, "Arena of Glory": 112, "Arid Mesa": 117, "Blood Crypt": 247, "Chained to the Rocks": 442, "Goblin Bombardment": 1185, "Godless Shrine": 1194, "Guide of Souls": 1246, "Marsh Flats": 1751, "Ocelot Pride": 1937, "Phelia, Exuberant Shepherd": 2040, "Phlage, Titan of Fire's Fury": 2041, "Sacred Foundry": 2352, "Seasoned Pyromancer": 2434, "Thraben Charm": 2897, "Chained to the Rocks_SB": 443, "Drannith Magistrate_SB": 754, "Obsidian Charmaw_SB": 1933, "Orim's Chant_SB": 1962, "Ragavan, Nimble Pilferer_SB": 2155, "Stony Silence_SB": 2681, "Wear // Tear_SB": 3241, "Wrath of the Skies_SB": 3288, "Blazing Rootwalla": 240, "Burning Inquiry": 361, "Detective's Phoenix": 683, "Flameblade Adept": 1013, "Goblin Lore": 1189, "Hollow One": 1363, "Lightning Bolt": 1642, "Stomping Ground": 2680, "Street Wraith": 2694, "Vengevine": 3151, "Wooded Foothills": 3285, "Cursed Totem_SB": 600, "Meltdown_SB": 1770, "Barbarian Ring": 184, "Eidolon of the Great Revel": 804, "Flare of Duplication": 1017, "Goblin Guide": 1188, "Lava Spike": 1608, "Rift Bolt": 2282, "Searing Blaze": 2422, "Skewer the Critics": 2523, "Skullcrack": 2535, "Sunbaked Canyon": 2709, "Ensnaring Bridge_SB": 852, "Faerie Macabre_SB": 925, "Smash to Smithereens_SB": 2559, "Amulet of Vigor": 58, "Arboreal Grazer": 93, "Boseiju, Who Endures": 291, "Crumbling Vestige": 583, "Dryad Arbor": 772, "Dryad of the Ilysian Grove": 775, "Echoing Deeps": 797, "Explore": 900, "Green Sun's Zenith": 1226, "Gruul Turf": 1242, "Hanweir Battlements": 1264, "Lotus Field": 1694, "Mirrorpool": 1803, "Otawara, Soaring City": 1969, "Primeval Titan": 2105, "Scapeshift": 2389, "Shifting Woodland": 2481, "Simic Growth Chamber": 2513, "Summoner's Pact": 2706, "Tolaria West": 2956, "Urza's Cave": 3098, "Urza's Saga": 3101, "Valakut, the Molten Pinnacle": 3106, "Vesuva": 3153, "Bojuka Bog_SB": 272, "Collector Ouphe_SB": 508, "Defense Grid_SB": 653, "Dismember_SB": 702, "Endurance_SB": 836, "Force of Vigor_SB": 1041, "Tireless Tracker_SB": 2940, "Vampires' Vengeance_SB": 3134, "Dwarven Mine": 787, "Fable of the Mirror-Breaker": 914, "Flooded Strand": 1026, "Indomitable Creativity": 1412, "Jetmir's Garden": 1495, "Prismatic Ending": 2108, "Wrenn and Six": 3292, "Xander's Lounge": 3298, "Boseiju, Who Endures_SB": 292, "Damping Sphere_SB": 610, "Hurkyl's Recall_SB": 1389, "Toxic Deluge_SB": 2971, "Cling to Dust": 496, "Harbinger of the Seas": 1266, "Murktide Regent": 1867, "Preordain": 2099, "Thought Scour": 2890, "Engineered Explosives_SB": 849, "Mystical Dispute_SB": 1873, "Spell Pierce_SB": 2604, "The Meathook Massacre_SB": 2843, "Orcish Bowmasters": 1961, "Galvanic Discharge": 1091, "Showdown of the Skalds_SB": 2496, "Thoughtseize_SB": 2894, "Den of the Bugbear": 673, "Devastating Summons": 686, "Foundry Street Denizen": 1056, "Goblin Bushwhacker": 1186, "Goblin Grenade": 1187, "Goblin Piledriver": 1191, "Legion Loyalist": 1620, "Mogg War Marshal": 1822, "Reckless Bushwhacker": 2209, "Skirk Prospector": 2524, "Sokenzan, Crucible of Defiance": 2569, "Blood Moon_SB": 249, "Magus of the Moon_SB": 1724, "Reality Hemorrhage_SB": 2201, "Shattering Spree_SB": 2470, "Tormod's Crypt_SB": 2967, "Ziatora's Proving Ground": 3315, "Terastodon_SB": 2798, "Veil of Summer_SB": 3143, "Consider": 534, "Graveyard Trespasser": 1215, "Exquisite Firecraft_SB": 902, "Searing Blood_SB": 2423, "Tunnel Ignus_SB": 3000, "Ragavan, Nimble Pilferer": 2154, "Showdown of the Skalds": 2495, "Static Prison": 2656, "Windswept Heath": 3265, "Fear, Fire, Foes!_SB": 964, "Vexing Bauble": 3159, "Colossal Skyturtle_SB": 519, "Generous Ent_SB": 1107, "Grist, the Hunger Tide_SB": 1236, "Hexdrinker_SB": 1336, "Giant Growth_SB": 1136, "Over the Edge_SB": 1978, "Poison Dart Frog_SB": 2082, "Slice from the Shadows": 2553, "Talion, the Kindly Lord": 2768, "Come Back Wrong": 522, "Glassworks // Shattered Yard": 1164, "Beamtown Beatstick": 201, "Celestial Armor": 436, "Diamond Pick-Axe": 692, "Sunfire Torch": 2715, "Carrot Cake_SB": 405, "Edgewall Inn": 800, "Cathartic Parting_SB": 422, "Goliath Hatchery_SB": 1201, "Grievous Wound_SB": 1232, "Balmor, Battlemage Captain": 173, "Bria, Riptide Rogue": 327, "Freeze in Place": 1061, "Relic's Roar": 2237, "Run Away Together_SB": 2335, "Scalding Viper_SB": 2386, "Hammerhand_SB": 1263, "Heartfire Hero_SB": 1301, "Inti, Seneschal of the Sun_SB": 1439, "Nettle Guard": 1886, "Pests of Honor": 2037, "Three Blind Mice": 2905, "Dauntless Dismantler_SB": 616, "Phoenix Chick_SB": 2043, "Sure Strike_SB": 2723, "Twinferno_SB": 3007, "Ancestors' Aid": 63, "Dwarven Forge-Chanter": 786, "Furious Bellow": 1080, "Ghitu Amplifier": 1125, "Heartfire Immolator": 1302, "Sure Strike": 2722, "Whiskerquill Scribe": 3249, "Brambleguard Captain": 309, "Defabricate": 649, "Fear of Burning Alive": 950, "Iron-Fist Pulverizer": 1475, "Johann, Apprentice Sorcerer": 1503, "Keldon Flamesage": 1539, "Kraum, Violent Cacophony": 1585, "Molten Tributary": 1828, "Nightwhorl Hermit": 1896, "Pyrotechnic Performer": 2133, "Razzle-Dazzler": 2200, "Snaremaster Sprite": 2567, "Stop Cold": 2682, "Thopter Mechanic": 2885, "Vesuvan Drifter": 3154, "Involuntary Cooldown_SB": 1471, "Kellan, Planar Trailblazer_SB": 1547, "Mishra's Command_SB": 1810, "Out of Air_SB": 1970, "Plan the Heist_SB": 2075, "Sleight of Hand_SB": 2552, "Trick Shot_SB": 2993, "Violent Urge_SB": 3169, "Harrier Strix": 1277, "The Filigree Sylex": 2826, "Gleaming Barrier": 1166, "Gleaming Barrier_SB": 1167, "Solemn Simulacrum_SB": 2571, "Hardened Escort": 1272, "Holy Cow": 1365, "Living Phone": 1662, "Unsettling Twins": 3067, "Feather of Flight_SB": 967, "Possessed Goat_SB": 2094, "Raccoon Rallier_SB": 2148, "Rogue's Passage_SB": 2313, "The Jolly Balloon Man_SB": 2837, "Unsettling Twins_SB": 3068, "Charge of the Mites_SB": 460, "Grand Abolisher": 1209, "Unnerving Grasp": 3064, "Halo Hopper": 1261, "Hellspur Posse Boss_SB": 1317, "Make Your Move_SB": 1727, "Harbinger of the Tides": 1268, "Harbinger of the Tides_SB": 1269, "Fynn, the Fangbearer_SB": 1086, "Bottomless Pool && Locker Room_SB": 296, "Pile On_SB": 2063, "Cat Collector": 419, "Growing Rites of Itlimoc": 1238, "Flowstone Infusion": 1035, "Season of Gathering": 2426, "Warren Warleader": 3234, "Horrid Vigor_SB": 1376, "Lionheart Glimmer_SB": 1656, "Omnivorous Flytrap_SB": 1953, "Seasoned Warrenguard_SB": 2436, "Into the Roil": 1445, "Into the Roil_SB": 1446, "Ayara, Widow of the Realm": 161, "Arachnoid Adaptation": 90, "Throw from the Saddle": 2917, "Longstalk Brawl_SB": 1679, "Thrill of Possibility_SB": 2915, "Feldon, Ronom Excavator": 978, "Roc Hunter": 2307, "Scalding Viper": 2385, "Adventuring Gear_SB": 18, "Fear of Being Hunted_SB": 949, "Trial of Agony_SB": 2990, "Vicious Clown_SB": 3164, "Jump Scare": 1507, "Niko, Light of Hope": 1898, "Stalked Researcher": 2646, "Tunnel Surveyor": 3001, "Fear of Isolation_SB": 957, "Splash Portal_SB": 2627, "Demonic Pact_SB": 670, "Ghostly Dancers": 1130, "Rite of the Dragoncaller_SB": 2292, "Valorous Stance": 3129, "Lodestone Needle": 1670, "Sawblade Skinripper_SB": 2380, "Zephyr Singer": 3311, "Bleachbone Verge": 241, "Ride's End": 2280, "Wastewood Verge": 3236, "Willowrush Verge": 3261, "Grim Bauble": 1234, "Momentum Breaker": 1833, "Oildeep Gearhulk": 1939, "Spell Pierce": 2603, "Oildeep Gearhulk_SB": 1940, "Outpace Oblivion_SB": 1975, "Intimidation Tactics": 1440, "Ketramose, the New Dawn": 1551, "Haunt the Network_SB": 1285, "Afterburner Expert": 26, "Draconautics Engineer": 739, "Dredger's Insight": 766, "Loot, the Pathfinder": 1682, "Molt Tender": 1824, "Restless Spire_SB": 2269, "Sunbillow Verge": 2710, "Debris Beetle": 638, "Vein Ripper_SB": 3145, "Thousand Moons Smithy": 2895, "Transmutation Font": 2980, "Braided Net_SB": 304, "Bartolom\u00e9 del Presidio_SB": 191, "Lunar Convocation_SB": 1703, "Valley Rotcaller_SB": 3124, "Defend the Rider": 651, "Hazoret, Godseeker": 1295, "Gleeful Demolition_SB": 1170, "Monument to Endurance": 1844, "Bloodghast": 254, "Cunning Coyote_SB": 595, "Broadside Barrage": 341, "Riverpyre Verge": 2300, "Scrounging Skyray": 2416, "Fuel the Flames_SB": 1072, "Bounce Off": 300, "Chandra, Spark Hunter": 452, "Brightglass Gearhulk": 330, "Overgrown Zealot": 1981, "Transit Mage": 2979, "Boosted Sloop": 287, "Captain Howler, Sea Scourge": 392, "Fearless Swashbuckler": 965, "Lifecraft Engine": 1639, "Marauding Mako": 1745, "Unctus, Grand Metatect": 3038, "Playful Shove": 2077, "Lightwheel Enhancements": 1647, "Momentum Breaker_SB": 1834, "Perilous Snare": 2030, "Repurposing Bay": 2247, "Spectacular Pileup": 2596, "Perilous Snare_SB": 2031, "Red Sun's Twilight_SB": 2220, "Nesting Bot": 1885, "Voyager Glidecar": 3205, "Chandra, Spark Hunter_SB": 453, "Coiling Rebirth_SB": 504, "Intimidation Tactics_SB": 1441, "Collision Course_SB": 516, "Mishra, Claimed by Gix": 1812, "Phyrexian Dragon Engine": 2048, "The Aetherspark_SB": 2812, "Invasion of Mercadia": 1461, "Sazacap's Brew": 2383, "Bounce Off_SB": 301, "Broadside Barrage_SB": 342, "Webstrike Elite": 3244, "Webstrike Elite_SB": 3245, "Bloated Contaminator_SB": 246, "Melira, the Living Cure_SB": 1769, "Gastal Thrillroller_SB": 1103, "Claim Jumper": 485, "Caelorna, Coral Tyrant_SB": 374, "Grim Bauble_SB": 1235, "Heliod, the Radiant Dawn": 1313, "Twinblade Blessing": 3005, "Quag Feast": 2136, "Amonkhet Raceway": 57, "Gas Guzzler": 1099, "The Speed Demon": 2858, "Soul of Windgrace": 2582, "Debris Beetle_SB": 639, "Pit Automaton": 2068, "Visage of Dread": 3181, "Aether Syphon_SB": 23, "The Last Ride_SB": 2841, "Visage of Dread_SB": 3182, "Thunderous Velocipede": 2925, "Riverchurn Monument": 2297, "Stock Up": 2673, "Expel the Interlopers_SB": 896, "Flotsam // Jetsam_SB": 1030, "Burnout Bashtronaut": 363, "Count on Luck_SB": 564, "Optimistic Scavenger_SB": 1958, "Overlord of the Hauntwoods_SB": 1989, "Explosive Derailment_SB": 901, "Memory Guardian": 1771, "Mendicant Core, Guidelight": 1772, "Diversion Unit_SB": 718, "Greasewrench Goblin": 1217, "Say Its Name_SB": 2382, "Spectral Interference_SB": 2601, "Agonasaur Rex": 35, "Sandstalker Moloch_SB": 2361, "Howlsquad Heavy": 1379, "Diversion Unit": 717, "Esoteric Duplicator": 872, "Riptide Gearhulk": 2286, "Voyage Home": 3204, "Monument to Endurance_SB": 1845, "Mu Yanling, Wind Rider": 1858, "The Aetherspark": 2811, "Gastal Thrillroller": 1102, "Mishra's Command": 1809, "Conduit of Worlds_SB": 530, "Tomik, Wielder of Law_SB": 2962, "Gastal Thrillseeker": 1104, "The Last Ride": 2840, "Ancient Vendetta_SB": 67, "The Speed Demon_SB": 2859, "Defend the Rider_SB": 652, "Lumbering Worldwagon": 1697, "Overrun": 1994, "Mindspring Merfolk": 1792, "Restless Anchorage_SB": 2257, "Engine Rat": 847, "Gonti, Night Minister": 1202, "Teysa, Opulent Oligarch": 2808, "Gumdrop Poisoner": 1249, "Muraganda Raceway": 1864, "Demonic Junker": 667, "Nexus of Becoming": 1891, "Zephyr Singer_SB": 3312, "Ratadrabik of Urborg": 2185, "Spectacular Pileup_SB": 2597, "Full Throttle_SB": 1075, "Loot, the Key to Everything_SB": 1681, "Loot, the Pathfinder_SB": 1683, "Painful Quandary_SB": 2004, "Lassoed by the Law_SB": 1603, "Ride's End_SB": 2281, "Thalia and The Gitrog Monster_SB": 2810, "Zahur, Glory's Past": 3309, "Spring-Loaded Sawblades_SB": 2635, "Unstable Glyphbridge_SB": 3070, "Urza's Command_SB": 3099, "Dive Down": 715, "Third Path Iconoclast_SB": 2876, "Far Fortune, End Boss": 939, "Coalstoke Gearhulk_SB": 500, "Leaf-Crowned Visionary_SB": 1615, "Mossborn Hydra_SB": 1852, "Overrun_SB": 1995, "Wardens of the Cycle_SB": 3228, "Ashiok, Wicked Manipulator_SB": 129, "Basri, Tomorrow's Champion": 196, "Skyseer's Chariot_SB": 2544, "Ancient Vendetta": 66, "Sword of Forge and Frontier_SB": 2747, "Locust Spray": 1669, "Blast Zone_SB": 236, "Become Brutes": 205, "The Elder Dragon War_SB": 2819, "Caradora, Heart of Alacria": 396, "Skyseer's Chariot": 2543, "Valor's Flagship": 3127, "Veteran Beastrider": 3156, "Veteran Survivor": 3157, "Dropkick Bomber": 769, "Kellan, Inquisitive Prodigy_SB": 1545, "Quag Feast_SB": 2137, "Invasion of Regatha_SB": 1463, "Regal Imperiosaur": 2232, "The Skullspore Nexus": 2856, "Intrepid Paleontologist_SB": 1448, "Ketramose, the New Dawn_SB": 1552, "Bringer of the Last Gift": 335, "Skitterbeam Battalion": 2526, "Terisian Mindbreaker": 2799, "Tyrox, Saurid Tyrant": 3019, "Voyager Glidecar_SB": 3206, "Fuel the Flames": 1071, "Skycrash": 2537, "Thopter Fabricator_SB": 2884, "Gastal Raider_SB": 1101, "Shoreline Looter": 2494, "Engine Rat_SB": 848, "Rampaging Raptor": 2177, "Agonasaur Rex_SB": 36, "Jodah, the Unifier_SB": 1500, "Essence Channeler_SB": 874, "Lunar Insight": 1704, "Coalstoke Gearhulk": 499, "Visage Bandit": 3180, "Waxen Shapethief": 3238, "Dune Drifter": 777, "Threadbind Clique": 2903, "Twining Twins": 3009, "Goldvein Hydra_SB": 1197, "Boommobile": 283, "Forging the Anchor": 1048, "Radiant Lotus": 2150, "The Mightstone and Weakstone_SB": 2845, "Boommobile_SB": 284, "Radiant Lotus_SB": 2151, "Bloodthorn Flail": 261, "Flamewake Phoenix": 1015, "Cryptcaller Chariot_SB": 585, "Spiteful Hexmage_SB": 2625, "Riverchurn Monument_SB": 2298, "Riptide Gearhulk_SB": 2287, "Volley Veteran": 3198, "Clamorous Ironclad": 489, "Furnace Host Charger": 1081, "Alania, Divergent Storm": 48, "Frolicking Familiar": 1066, "Wishing Well": 3273, "Resplendent Angel_SB": 2252, "Cephalopod Sentry": 440, "Tinker's Tote": 2933, "Thopter Fabricator": 2883, "Haunt the Network": 1284, "Sorcerous Spyglass": 2576, "Demonic Junker_SB": 668, "Redshift, Rocketeer Chief": 2224, "Halana and Alena, Partners_SB": 1255, "Valor's Flagship_SB": 3128, "Tocasia's Welcome_SB": 2955, "Stall Out": 2648, "Stall Out_SB": 2649, "Gloryheath Lynx": 1178, "Sovereign Okinec Ahau": 2594, "The Raven Man": 2851, "The Raven Man_SB": 2852, "Boom Box": 282, "Broadcast Rambler": 340, "Conduit of Worlds": 529, "Possession Engine": 2095, "Broodheart Engine": 343, "Bat Colony": 197, "Calamitous Cave-In": 375, "Gargantuan Leech": 1093, "Hidden Courtyard": 1339, "Hidden Volcano": 1343, "Promising Vein": 2118, "Marketback Walker": 1749, "Sab-Sunen, Luxa Embodied": 2350, "Simian Simulacrum": 2512, "Sylvan Scavenging": 2753, "Leyline Binding_SB": 1629, "Bulwark Ox": 357, "Reluctant Role Model": 2238, "Reluctant Role Model_SB": 2239, "The Goose Mother": 2829, "Mold Adder_SB": 1823, "Marketback Walker_SB": 1750, "Burnout Bashtronaut_SB": 364, "Daretti, Rocketeer Engineer": 611, "Threefold Thunderhulk": 2912, "Tune Up": 2999, "Meteor Golem_SB": 1776, "Gastal Raider": 1100, "Oviya, Automech Artisan": 2000, "Market Gnome_SB": 1748, "The Skullspore Nexus_SB": 2857, "Cosmium Confluence": 561, "Festival of Embers": 993, "Hidden Nursery": 1342, "Skycrash_SB": 2538, "Nexus of Becoming_SB": 1892, "Akal Pakal, First Among Equals_SB": 46, "Collector's Vault_SB": 514, "Thran Spider_SB": 2900, "Sab-Sunen, Luxa Embodied_SB": 2351, "Earthrumbler": 792, "Deepfathom Echo": 646, "Forensic Researcher": 1045, "Oko, the Ringleader": 1945, "Chitin Gravestalker": 470, "Starving Revenant_SB": 2654, "Steamcore Scholar_SB": 2661, "Ojer Pakpatiq, Deepest Epoch_SB": 1944, "Lavaspur Boots_SB": 1610, "Thunderous Velocipede_SB": 2926, "Fear of Infinity_SB": 955, "Stock Up_SB": 2674, "Dredger's Insight_SB": 767, "Fauna Shaman_SB": 944, "Sunder the Gateway": 2711, "Overwhelming Remorse_SB": 1997, "Barrow Naughty": 188, "Drag the Canal": 740, "Faerie Slumber Party": 928, "Mocking Sprite": 1819, "Spellscorn Coven": 2610, "Talion's Messenger": 2766, "Coerced to Kill": 502, "Etrata, Deadly Fugitive": 885, "Unstoppable Plan_SB": 3071, "Hoarding Broodlord": 1360, "Shadow-Rite Priest": 2460, "Training Grounds": 2974, "Nahiri's Warcrafting_SB": 1875, "Baral and Kari Zev": 183, "Enigma Drake": 850, "Eroded Canyon": 863, "Brightfield Glider": 329, "Congregation Gryff": 532, "Giant Beaver": 1132, "Lagorin, Soul of Alacria": 1599, "Miriam, Herd Whisperer": 1797, "Ornery Tumblewagg": 1963, "Trained Arynx": 2973, "Run Over_SB": 2336, "Reject Imperfection_SB": 2235, "Vivisurgeon's Insight_SB": 3186, "Night Market": 1894, "Stockpiling Celebrant": 2676, "Carrion Locust_SB": 403, "Skullcap Snail_SB": 2534, "Stockpiling Celebrant_SB": 2677, "Akal Pakal, First Among Equals": 45, "Forensic Gadgeteer": 1043, "Deduce_SB": 643, "Wreck Remover_SB": 3289, "Brave the Wilds": 315, "Fountainport Bell": 1058, "Guidelight Optimizer": 1247, "Oaken Siren": 1925, "Machine Over Matter_SB": 1714, "Armored Scrapgorger": 122, "Spinewoods Paladin": 2619, "Malcator, Purity Overseer": 1730, "Phyrexian Missionary_SB": 2052, "Tranquil Cove_SB": 2976, "Crumb and Get It_SB": 582, "Exsanguinate_SB": 904, "Exsanguinate": 903, "Flame Lash": 1012, "Syr Ginger, the Meal Ender_SB": 2757, "Legion Extruder_SB": 1619, "Blightstep Pathway": 244, "Claim // Fame": 484, "Infuriate": 1417, "Kumano Faces Kakkazan": 1591, "Ramunap Ruins": 2179, "Reckless Rage": 2213, "Claim the Firstborn_SB": 488, "Fatal Push_SB": 942, "Grafdigger's Cage_SB": 1208, "Hazoret the Fervent_SB": 1294, "Bloodtithe Harvester": 262, "Extinction Event": 905, "Mutavault": 1869, "Urborg, Tomb of Yawgmoth": 3092, "Anger of the Gods_SB": 71, "Extinction Event_SB": 906, "Gifted Aetherborn_SB": 1137, "Invoke Despair_SB": 1470, "Unlicensed Hearse_SB": 3061, "Castle Locthwain": 418, "Clearwater Pathway": 493, "Field of Ruin": 995, "Geier Reach Sanitarium": 1106, "Hall of Storm Giants": 1256, "Hive of the Eye Tyrant": 1359, "Narset, Parter of Veils": 1876, "Omen of the Sea": 1949, "Paradoxical Outcome": 2013, "Shipwreck Marsh": 2485, "Takenuma, Abandoned Mire": 2765, "The Meathook Massacre": 2842, "Annul_SB": 82, "Ashiok, Dream Render_SB": 126, "Weathered Runestone_SB": 3243, "Yorion, Sky Nomad_SB": 3304, "Blade of the Oni": 229, "Go Blank_SB": 1182, "Hidetsugu Consumes All_SB": 1345, "Fetid Pools": 994, "Yorion, Sky Nomad": 3303, "Arclight Phoenix": 111, "Fiery Impulse": 1001, "Izzet Charm": 1483, "Lightning Axe": 1641, "Prismari Command": 2106, "Spikefield Hazard": 2616, "Stormcarved Coast": 2684, "Treasure Cruise": 2985, "Aether Gust_SB": 22, "Ledger Shredder": 1617, "Riverglide Pathway": 2299, "Brazen Borrower_SB": 317, "Prismari Command_SB": 2107, "Cragcrown Pathway": 568, "Soul-Scar Mage": 2585, "Redcap Melee_SB": 2221, "Cavalier of Thorns": 428, "Elvish Mystic": 829, "Kiora, Behemoth Beckoner": 1555, "Lair of the Hydra": 1600, "Leyline of the Guildpact": 1635, "Nykthos, Shrine to Nyx": 1924, "Oath of Nissa": 1927, "Old-Growth Troll": 1947, "Storm the Festival": 2683, "Ulvenwald Oddity": 3032, "Arasta of the Endless Web_SB": 92, "Emrakul, the Promised End_SB": 835, "Setessan Petitioner_SB": 2458, "Ashiok, Nightmare Muse_SB": 127, "Bishop of Wings": 220, "Branchloft Pathway": 311, "Cave of the Frost Dragon": 429, "Collected Company": 505, "Eiganjo, Seat of the Empire": 805, "Overgrown Farmland": 1979, "Portable Hole": 2089, "Resplendent Marshal": 2253, "Righteous Valkyrie": 2283, "Skyclave Apparition": 2536, "Temple Garden": 2784, "Archon of Absolution_SB": 108, "Brave the Elements_SB": 314, "Brutal Cathar_SB": 352, "Heroic Intervention_SB": 1333, "Reidane, God of the Worthy_SB": 2233, "Shapers' Sanctuary_SB": 2463, "Darksteel Citadel": 615, "Ensoul Artifact": 853, "Shrapnel Blast": 2497, "Smuggler's Copter": 2562, "Voldaren Epicure": 3195, "Rending Volley_SB": 2242, "Shadowspear_SB": 2461, "Voltage Surge_SB": 3199, "Krenko's Buzzcrusher": 1586, "Foreboding Ruins": 1042, "Invoke Despair": 1469, "Kroxa, Titan of Death's Hunger": 1590, "Kolaghan's Command_SB": 1576, "Collective Brutality": 506, "Faithful Mending": 929, "Greasefang, Okiba Boss": 1216, "Hallowed Fountain": 1258, "Parhelion II": 2015, "Raffine's Tower": 2153, "Shattered Sanctum": 2469, "Skysovereign, Consul Flagship": 2545, "Stubborn Denial": 2701, "Tainted Indulgence": 2761, "Vanishing Verse": 3138, "Deafening Silence_SB": 634, "Dovin's Veto_SB": 737, "Silence_SB": 2505, "Vanishing Verse_SB": 3139, "Breeding Pool": 326, "Enigmatic Incarnation": 851, "Indatha Triome": 1411, "Linvala, the Preserver": 1654, "Overgrown Tomb": 1980, "Savai Triome": 2374, "Spara's Headquarters": 2595, "Zagoth Triome": 3307, "Archon of Emeria_SB": 110, "Knockout Blow_SB": 1572, "Ruric Thar, the Unbowed_SB": 2342, "Thought Distortion_SB": 2889, "Cauldron Familiar": 424, "Claim the Firstborn": 487, "Deadly Dispute": 632, "Mayhem Devil": 1758, "Witch's Oven": 3277, "Ob Nixilis, the Adversary_SB": 1929, "Experimental Frenzy_SB": 899, "Bonecrusher Giant": 276, "Burning-Tree Emissary": 362, "Chandra, Torch of Defiance": 454, "Collision // Colossus": 515, "Gruul Spellbreaker": 1241, "Kami's Flare": 1522, "Pelt Collector": 2028, "Voltaic Brawler": 3200, "Zhur-Taa Goblin": 3314, "Bonecrusher Giant_SB": 277, "Chandra, Torch of Defiance_SB": 455, "Cindervines_SB": 479, "Kami's Flare_SB": 1523, "Roiling Vortex_SB": 2316, "Burner Rocket": 360, "Cloudspire Skycycle": 498, "Dynamite Diver": 791, "Guidelight Synergist": 1248, "Kolodin, Triumph Caster": 1577, "Count on Luck": 563, "Frenzied Goblin": 1062, "Doubling Season_SB": 735, "Fanatical Firebrand_SB": 936, "Howlsquad Heavy_SB": 1380, "Reckless Lackey_SB": 2212, "Rundvelt Hordemaster_SB": 2338, "District Mascot": 711, "Shivan Devastator": 2486, "Zimone, Paradox Sculptor": 3316, "Tyvar, the Pummeler_SB": 3029, "Zopandrel, Hunger Dominus_SB": 3320, "Aurelia, the Warleader": 150, "Gilded Ghoda": 1140, "Haunted Ridge": 1287, "Colossus Hammer": 520, "Eldritch Evolution": 808, "Mana Confluence": 1736, "Raffine's Informant": 2152, "Sigarda's Aid": 2503, "Soulflayer": 2587, "Sylvan Caryatid": 2752, "Bloodline Culling_SB": 257, "Collective Brutality_SB": 507, "Portable Hole_SB": 2090, "Barrier Breach_SB": 187, "Leyline of Sanctity_SB": 1633, "Dawnwing Marshal": 619, "Fear of Infinity": 954, "Furnace Punisher_SB": 1082, "Laughing Jasper Flint_SB": 1607, "Rocky Roads": 2310, "Lumbering Worldwagon_SB": 1698, "Cosmic Rebirth_SB": 560, "Goblin Oriflamme": 1190, "Drake Hatcher_SB": 752, "Eddymurk Crab_SB": 799, "Mondrak, Glory Dominus_SB": 1839, "Spectral Interference": 2600, "Ruthless Negotiation_SB": 2349, "Mimeoplasm, Revered One": 1789, "Map the Frontier": 1740, "No Witnesses_SB": 1910, "Devouring Sugarmaw": 687, "Amalia Benavides Aguirre_SB": 55, "Elas il-Kor, Sadistic Pilgrim_SB": 807, "Fiendish Panda_SB": 997, "Knight of Dawn's Light_SB": 1565, "Become Brutes_SB": 206, "Cindering Cutthroat_SB": 478, "Ravine Raider_SB": 2193, "Risky Shortcut_SB": 2289, "Spin Out_SB": 2617, "Steampath Charger_SB": 2662, "Etched Familiar": 882, "Winter, Cursed Rider": 3268, "Radiant Grove": 2149, "Streetwise Negotiator_SB": 2695, "Divine Resilience": 719, "Greenhouse // Rickety Gazebo": 1227, "Mirror Room // Fractured Realm": 1802, "Silken Strength": 2508, "Herd Migration_SB": 1328, "Gixian Infiltrator_SB": 1155, "Armored Armadillo_SB": 120, "Kykar, Zephyr Awakener": 1598, "Realm-Scorcher Hellkite": 2202, "Sentinel of Lost Lore_SB": 2450, "Spyglass Siren_SB": 2638, "Lathril, Blade of the Elves_SB": 1605, "The Huntsman's Redemption_SB": 2832, "Gloryheath Lynx_SB": 1179, "Threefold Thunderhulk_SB": 2913, "Case of the Locked Hothouse": 411, "Primeval Bounty": 2103, "Cryptcaller Chariot": 584, "Gigantosaurus": 1138, "Llanowar Stalker": 1667, "Ghalta, Primal Hunger_SB": 1122, "Gigantosaurus_SB": 1139, "Disenchant": 697, "Captain Howler, Sea Scourge_SB": 393, "Thirsting Roots": 2877, "Mindsparker_SB": 1790, "Cursed Recording_SB": 599, "Meeting of Minds": 1767, "Rangers' Refueler": 2180, "Steel Hellkite_SB": 2663, "Karn, Living Legacy_SB": 1526, "The Everflowing Well": 2825, "The Stasis Coffin": 2860, "Kellan Joins Up": 1541, "Ovika, Enigma Goliath_SB": 1999, "Ride&#39;s End": 2278, "Imodane&#39;s Recruiter // Train Troops": 1401, "Warleader&#39;s Call": 3230, "Urabrask&#39;s Forge_SB": 3084, "Gix&#39;s Command": 1149, "Gix&#39;s Command_SB": 1150, "Quaketusk Boar": 2138, "Leaping Ambush": 1616, "Bestow Greatness_SB": 211, "Raucous Theater_SB": 2191, "Flowstone Infusion_SB": 1036, "Alesha, Who Laughs at Fate_SB": 50, "Sheoldred&#39;s Edict": 2474, "This Town Ain&#39;t Big Enough": 2879, "Sheoldred&#39;s Edict_SB": 2475, "Abuelo&#39;s Awakening": 7, "Ephara&#39;s Dispersal": 858, "Ephara&#39;s Dispersal_SB": 859, "Johann&#39;s Stopgap_SB": 1501, "This Town Ain&#39;t Big Enough_SB": 2880, "Kutzil&#39;s Flanker": 1592, "Kutzil&#39;s Flanker_SB": 1593, "Tishana&#39;s Tidebinder_SB": 2942, "Shardmage&#39;s Rescue": 2464, "Stormchaser&#39;s Talent": 2686, "Elspeth&#39;s Smite": 818, "Ride&#39;s End_SB": 2279, "Don&#39;t Make a Sound": 726, "Stern Lesson": 2668, "Long River&#39;s Pull_SB": 1676, "Stormkeld Vanguard_SB": 2690, "Proft&#39;s Eidetic Memory": 2109, "Elspeth&#39;s Smite_SB": 819, "Proft&#39;s Eidetic Memory_SB": 2110, "Caretaker&#39;s Talent": 397, "Chandra, Hope&#39;s Beacon": 448, "Calamity&#39;s Wake_SB": 376, "Skyseer&#39;s Chariot_SB": 2542, "Innkeeper&#39;s Talent": 1420, "Brotherhood&#39;s End_SB": 347, "Basri, Tomorrow&#39;s Champion": 195, "Progenitor Exarch": 2113, "Tishana&#39;s Tidebinder": 2941, "Painter&#39;s Studio // Defaced Gallery": 2005, "Vraska, Betrayal&#39;s Sting": 3211, "Vraska, Betrayal&#39;s Sting_SB": 3212, "Agatha of the Vile Cauldron": 30, "Agatha&#39;s Soul Cauldron": 31, "Dredger&#39;s Insight": 765, "Painter&#39;s Studio // Defaced Gallery_SB": 2006, "Moonshaker Cavalry_SB": 1847, "Agatha&#39;s Soul Cauldron_SB": 32, "Collector&#39;s Vault": 510, "Bramble Familiar_SB": 308, "Annie Joins Up_SB": 80, "Primal Might_SB": 2102, "Reckless Handling": 2210, "Cruelclaw&#39;s Heist_SB": 578, "Brass&#39;s Tunnel-Grinder // Tecutlan, the Searing Rift": 312, "Detention Chariot": 685, "Gallant Strike": 1090, "Push the Limit": 2130, "Thundering Broodwagon": 2922, "Valor&#39;s Flagship": 3125, "The Witch&#39;s Vanity_SB": 2870, "Lazav, Wearer of Faces_SB": 1613, "Harmless Offering_SB": 1275, "Return Triumphant": 2275, "Souls of the Lost_SB": 2590, "Slickshot Lockpicker_SB": 2555, "Flashfreeze": 1018, "Sunpearl Kirin": 2717, "Heritage Reclamation_SB": 1330, "Magmatic Hellkite_SB": 1721, "Interface Ace": 1437, "Synchronized Charge": 2755, "Elspeth, Storm Slayer": 822, "Rally the Monastery": 2175, "Cori Mountain Monastery": 546, "Dispelling Exhale": 703, "Jeskai Revelation": 1493, "Marang River Regent": 1741, "Shiko, Paragon of the Way": 2482, "Tersa Lightshatter": 2805, "Cori-Steel Cutter": 547, "Surrak, Elusive Hunter_SB": 2736, "Jeskai Revelation_SB": 1494, "Voice of Victory_SB": 3190, "Herd Heirloom": 1326, "Desperate Measures": 680, "Rot-Curse Rakshasa": 2322, "United Battlefront": 3060, "Elspeth, Storm Slayer_SB": 823, "Sandsteppe Citadel": 2362, "Skirmish Rhino": 2525, "Sage of the Skies_SB": 2354, "Auroral Procession": 151, "Opulent Palace": 1959, "Rakshasa's Bargain": 2170, "Glacial Dragonhunt": 1157, "Winternight Stories": 3269, "Mistrise Village": 1815, "Tersa Lightshatter_SB": 2806, "Gilded Lotus_SB": 1141, "Rediscover the Way": 2222, "Static Snare": 2657, "Tempest Hawk": 2783, "Frontline Rush": 1069, "Roiling Dragonstorm": 2314, "Surrak, Elusive Hunter": 2735, "Kishla Village": 1558, "Restless Vents_SB": 2271, "Cori-Steel Cutter_SB": 548, "Mystic Monastery": 1872, "Fresh Start_SB": 1064, "Two-Headed Hunter_SB": 3017, "Frontier Bivouac": 1067, "Frostcliff Siege": 1070, "Duty Beyond Death_SB": 785, "Dalkovan Encampment": 608, "Qarsi Revenant_SB": 2135, "Scavenger Regent_SB": 2395, "Caustic Exhale": 427, "Disruptive Stormbrood": 705, "Dragonologist": 750, "Scavenger Regent": 2392, "Qarsi Revenant": 2134, "Spectral Denial": 2598, "Corroding Dragonstorm": 551, "Clarion Conqueror_SB": 490, "Voice of Victory": 3189, "Bleachbone Verge_SB": 242, "Wild Ride": 3255, "Sage of the Skies": 2353, "Heritage Reclamation": 1329, "Rakshasa's Bargain_SB": 2171, "Helga, Skittish Seer": 1311, "Helga, Skittish Seer_SB": 1312, "Unending Whisper": 3049, "Mistrise Village_SB": 1816, "Case of the Pilfered Proof": 413, "Coordinated Maneuver_SB": 541, "Descendant of Storms": 674, "Craterhoof Behemoth_SB": 571, "Craterhoof Behemoth": 570, "Ugin, Eye of the Storms": 3030, "Severance Priest": 2459, "Yathan Roadwatcher": 3299, "Animist's Might": 74, "Behind the Mask": 207, "Collector&#39;s Cage": 509, "Valgavoth&#39;s Lair": 3108, "Seedglaive Mentor": 2440, "Scavenger Regent // Exude Toxin // Scavenger Regent_SB": 2394, "Stadium Headliner": 2644, "Wrenn&#39;s Resolve": 3293, "Rakshasa&#39;s Bargain_SB": 2169, "Valor&#39;s Flagship_SB": 3126, "Rakshasa&#39;s Bargain": 2168, "Bloomvine Regent": 266, "Scavenger Regent // Exude Toxin // Scavenger Regent": 2393, "Valgavoth&#39;s Onslaught": 3109, "Dreadmaw&#39;s Ire": 756, "Channeled Dragonfire": 458, "Urza&#39;s Sylex_SB": 3097, "Pit of Offerings": 2069, "Abuelo&#39;s Awakening_SB": 8, "Don&#39;t Make a Sound_SB": 727, "Dreadmaw&#39;s Ire_SB": 757, "Marang River Regent_SB": 1742, "Caretaker&#39;s Talent_SB": 398, "Great Arashin City": 1218, "Innkeeper&#39;s Talent_SB": 1421, "Mishra&#39;s Foundry": 1808, "Glarb, Calamity&#39;s Augur": 1159, "Bandit&#39;s Talent": 176, "Elusive Otter // Grove&#39;s Bounty": 825, "Tyvar&#39;s Stand": 3024, "Strategic Betrayal_SB": 2693, "Nature&#39;s Rhythm": 1879, "Sidisi, Regent of the Mire": 2501, "New Way Forward_SB": 1890, "Rotisserie Elemental_SB": 2323, "Twists and Turns_SB": 3014, "Songcrafter Mage": 2575, "Valgavoth&#39;s Faithful": 3107, "Winternight Stories_SB": 3270, "Fangkeeper&#39;s Familiar": 938, "Sinkhole Surveyor": 2518, "Witch&#39;s Mark": 3274, "Maelstrom of the Spirit Dragon": 1717, "Sagu Wildling": 2355, "Brotherhood&#39;s End": 346, "Long River&#39;s Pull": 1675, "Overwhelming Surge_SB": 1998, "Simulacrum Synthesizer_SB": 2516, "Ugin, Eye of the Storms_SB": 3031, "Dollmaker&#39;s Shop // Porcelain Gallery": 722, "Muldrotha, the Gravetide_SB": 1863, "Awaken the Honored Dead": 157, "Dragonback Assault": 746, "Teval, Arbiter of Virtue": 2807, "Smuggler&#39;s Surprise": 2560, "Smuggler&#39;s Surprise_SB": 2561, "Tinker&#39;s Tote": 2932, "Kayla&#39;s Reconstruction": 1534, "Rediscover the Way_SB": 2223, "Ringing Strike Mastery_SB": 2284, "Bartolom&#233; del Presidio": 189, "Zahur, Glory&#39;s Past": 3308, "Disruptive Stormbrood_SB": 706, "Cruelclaw&#39;s Heist": 577, "Shardmage&#39;s Rescue_SB": 2465, "Eshki Dragonclaw": 871, "Twinmaw Stormbrood": 3010, "Dispelling Exhale_SB": 704, "Spectral Denial_SB": 2599, "Ureni, the Song Unending": 3093, "Shiko, Paragon of the Way_SB": 2483, "Ureni, the Song Unending_SB": 3094, "Fleeting Effigy": 1020, "Dalkovan Packbeasts": 609, "Tinybones, Bauble Burglar_SB": 2937, "Garruk&#39;s Uprising_SB": 1096, "Stormchaser&#39;s Talent_SB": 2687, "Feldon&#39;s Cane_SB": 975, "Hunter&#39;s Talent": 1386, "Harried Spearguard": 1276, "Toxin Analysis_SB": 2972, "Roiling Dragonstorm_SB": 2315, "Glacierwood Siege": 1158, "Chandra, Hope&#39;s Beacon_SB": 449, "Skullcap Snail": 2533, "Dire Flail": 694, "Rona&#39;s Vortex": 2317, "Ainok Wayfarer": 38}}