{"vocabulary": {"Battlefield Forge": 190, "Callous Sell-Sword": 369, "Demonic Ruckus": 648, "Emberheart Challenger": 792, "Ethereal Armor": 841, "Heartfire Hero": 1255, "Inspiring Vantage": 1387, "Manifold Mouse": 1691, "Monastery Swiftspear": 1787, "Monstrous Rage": 1792, "Mountain": 1804, "Plains": 2027, "Rockface Village": 2249, "Shardmage's Rescue": 2393, "Sheltered by Ghosts": 2398, "Slickshot Show-Off": 2473, "Get Lost_SB": 1071, "Lightning Helix_SB": 1600, "Torch the Tower_SB": 2867, "Urabrask's Forge_SB": 2983, "Archangel Elspeth": 93, "Beza, the Bounding Spring": 205, "Caretaker's Talent": 385, "Carrot Cake": 390, "Elegant Parlor": 774, "Enduring Innocence": 802, "Fountainport": 1018, "Get Lost": 1070, "Imodane's Recruiter": 1354, "Lay Down Arms": 1563, "Loran of the Third Path": 1638, "Mirrex": 1752, "Overlord of the Mistmoors": 1943, "Parting Gust": 1966, "Sanguine Evangelist": 2300, "Sunfall": 2626, "The Eternal Wanderer": 2732, "Toby, Beastie Befriender": 2855, "Virtue of Loyalty": 3067, "Aven Interrupter_SB": 151, "Beza, the Bounding Spring_SB": 206, "Boon-Bringer Valkyrie_SB": 277, "Elspeth's Smite_SB": 784, "Exorcise_SB": 851, "Imodane's Recruiter_SB": 1355, "Kutzil's Flanker_SB": 1547, "Overlord of the Mistmoors_SB": 1944, "Rest in Peace_SB": 2197, "Season of the Burrow_SB": 2363, "Temporary Lockdown_SB": 2708, "Abhorrent Oculus": 1, "Adarkar Wastes": 15, "Chart a Course": 446, "Floodfarm Verge": 987, "Haughty Djinn": 1236, "Helping Hand": 1274, "Into the Flood Maw": 1394, "Island": 1432, "Meticulous Archive": 1729, "Moment of Truth": 1782, "Phantom Interference": 1990, "Picklock Prankster": 2014, "Recommission": 2159, "Seachrome Coast": 2349, "Shore Up": 2415, "Sleight of Hand": 2469, "Soul Partition": 2494, "Three Steps Ahead": 2815, "Doorkeeper Thrull_SB": 697, "Into the Flood Maw_SB": 1395, "Negate_SB": 1831, "Soul Partition_SB": 2495, "Archangel of Wrath": 97, "Atraxa, Grand Unifier": 140, "Cavern of Souls": 414, "Commercial District": 505, "Fabled Passage": 875, "Forest": 1006, "Herd Migration": 1281, "Leyline Binding": 1581, "Lush Portico": 1661, "Overlord of the Boilerbilges": 1937, "Overlord of the Hauntwoods": 1941, "Swamp": 2650, "Up the Beanstalk": 2979, "High Noon_SB": 1304, "Jace, the Perfected Mind_SB": 1444, "Roaring Furnace // Steaming Sauna_SB": 2246, "Tranquil Frillback_SB": 2881, "Monastery Mentor": 1785, "Disdainful Stroke_SB": 669, "Ghost Vacuum_SB": 1086, "Monastery Mentor_SB": 1786, "Sunfall_SB": 2627, "Botanical Sanctum": 285, "Cenote Scout": 422, "Floodpits Drowner": 988, "Hard-Hitting Question": 1224, "Jadelight Spelunker": 1445, "Merfolk Cave-Diver": 1725, "Mistbreath Elder": 1765, "Mockingbird": 1770, "Nicanzil, Current Conductor": 1842, "Sentinel of the Nameless City": 2380, "Subterranean Schooner": 2614, "Vodalian Hexcatcher": 3080, "Yavimaya Coast": 3189, "Cryptic Coat_SB": 562, "Deeproot Pilgrimage_SB": 624, "Pick Your Poison_SB": 2013, "Sword of Once and Future_SB": 2661, "Unable to Scream_SB": 2931, "Anoint with Affliction": 78, "Concealed Courtyard": 509, "Darkslick Shores": 588, "Deep-Cavern Bat": 620, "Duress": 742, "Enduring Curiosity": 800, "Errant and Giada": 823, "Faerie Mastermind": 885, "Gix, Yawgmoth Praetor": 1109, "Gloomlake Verge": 1131, "No More Lies": 1854, "Plumecreed Escort": 2033, "Spyglass Siren": 2552, "Thought-Stalker Warlock": 2799, "Underground River": 2941, "Anoint with Affliction_SB": 79, "Ertai Resurrected_SB": 826, "Liliana of the Veil_SB": 1606, "Loran of the Third Path_SB": 1639, "No More Lies_SB": 1855, "Sheltered by Ghosts_SB": 2399, "Tishana's Tidebinder_SB": 2847, "Aven Interrupter": 150, "Malcolm, Alluring Scoundrel": 1684, "Restless Anchorage": 2198, "Sleep-Cursed Faerie": 2468, "Invasion of Gobakhan_SB": 1408, "Shardmage's Rescue_SB": 2394, "Hushwood Verge": 1343, "Temporary Lockdown": 2707, "Zimone, All-Questioning": 3204, "Elesh Norn, Mother of Machines_SB": 780, "Tear Asunder_SB": 2690, "Analyze the Pollen": 58, "Cache Grab": 358, "Copperline Gorge": 528, "Enduring Vitality": 806, "Hearth Elemental": 1260, "Hedge Maze": 1264, "Karplusan Forest": 1482, "Questing Druid": 2087, "Scalding Viper": 2319, "Scorching Dragonfire": 2330, "Slick Sequence": 2472, "Stormsplitter": 2603, "Thornspire Verge": 2794, "Torch the Tower": 2866, "Hide in Plain Sight_SB": 1298, "Pyroclasm_SB": 2082, "Scorching Dragonfire_SB": 2331, "Virtue of Strength_SB": 3072, "Cacophony Scamp": 360, "Giant Growth": 1093, "Leyline of Resonance": 1585, "Might of the Meek": 1737, "Snakeskin Veil": 2482, "Thran Portal": 2806, "Turn Inside Out": 2906, "Pawpatch Formation_SB": 1971, "Questing Druid_SB": 2088, "Scorching Shot_SB": 2333, "Snakeskin Veil_SB": 2483, "Tectonic Hazard_SB": 2692, "Innkeeper's Talent": 1373, "Restless Ridgeline": 2208, "Shock": 2411, "Bitter Triumph": 216, "Cut Down": 579, "Don't Make a Sound": 694, "Ertai Resurrected": 825, "Go for the Throat": 1137, "Kaito, Bane of Nightmares": 1467, "Restless Reef": 2206, "Sheoldred, the Apocalypse": 2403, "Tishana's Tidebinder": 2846, "Aclazotz, Deepest Betrayal_SB": 12, "Cut Down_SB": 580, "Duress_SB": 743, "Gix's Command_SB": 1108, "Go for the Throat_SB": 1138, "Malicious Eclipse_SB": 1688, "Caves of Koilos": 417, "Demolition Field": 640, "Fear of Impostors": 915, "Ghostly Dancers": 1087, "Hopeless Nightmare": 1325, "Jace, the Perfected Mind": 1443, "Mirror Room // Fractured Realm": 1755, "Nowhere to Run": 1868, "Overlord of the Balemurk": 1935, "Overlord of the Floodpits": 1939, "Rottenmouth Viper": 2260, "Silent Hallcreeper": 2428, "Undercity Sewers": 2939, "Virtue of Knowledge": 3065, "Zur, Eternal Schemer": 3214, "Beastie Beatdown": 195, "Betrayer's Bargain": 203, "Fear of Missing Out": 922, "Growing Dread": 1191, "Patchwork Beastie": 1969, "Proft's Eidetic Memory": 2063, "Scrapshooter": 2336, "Scrapwork Mutt": 2338, "Shivan Reef": 2410, "Spirebluff Canal": 2537, "Steamcore Scholar": 2573, "Wildfire Wickerfolk": 3152, "Atraxa's Fall_SB": 139, "Blooming Marsh": 256, "Caustic Bronco": 410, "Choking Miasma": 453, "Glissa Sunslayer": 1127, "Liliana of the Veil": 1605, "Llanowar Wastes": 1624, "Mosswood Dreadknight": 1802, "Restless Cottage": 2202, "Tear Asunder": 2689, "Tranquil Frillback": 2880, "Vraska, Betrayal's Sting": 3104, "Choking Miasma_SB": 454, "Long Goodbye_SB": 1629, "Nissa, Ascended Animist_SB": 1851, "Thrun, Breaker of Silence_SB": 2828, "Brushland": 339, "Calix, Guided by Fate": 366, "Combat Research": 501, "Elvish Archivist": 788, "Fae Flight": 878, "Gremlin Tamer": 1182, "Optimistic Scavenger": 1907, "Razorverge Thicket": 2143, "Restless Vinestalk": 2213, "Fallaji Archaeologist": 892, "Founding the Third Path": 1015, "Shadowy Backstreet": 2391, "Wail of the Forgotten": 3109, "Zoraline, Cosmos Caller": 3210, "Dreams of Steel and Oil_SB": 729, "Deduce": 618, "Fires of Victory": 973, "Ill-Timed Explosion": 1351, "Ral, Crackling Wit": 2117, "Roaring Furnace // Steaming Sauna": 2245, "Season of Weaving": 2360, "Stormchaser's Talent": 2600, "Thundering Falls": 2830, "Urabrask's Forge": 2982, "Brotherhood's End_SB": 337, "Surge of Salvation": 2640, "Phantom Interference_SB": 1991, "Surge of Salvation_SB": 2641, "Blackcleave Cliffs": 219, "Blazemire Verge": 229, "Felonious Rage": 949, "Sugar Rush": 2616, "Sulfurous Springs": 2618, "Witch's Mark": 3166, "Disfigure_SB": 673, "Leyline of the Void_SB": 1591, "Skullcap Snail_SB": 2453, "Unscrupulous Agent_SB": 2963, "Case of the Stashed Skeleton": 400, "Conduit Pylons": 511, "Corpses of the Lost": 529, "Darkstar Augur": 589, "Forsaken Miner": 1011, "Lightning Strike": 1601, "Restless Vents": 2212, "Scorn-Blade Berserker": 2334, "Undead Sprinter": 2936, "Glistening Deluge_SB": 1129, "Soul-Guide Lantern_SB": 2500, "Withering Torment_SB": 3172, "Inquisitive Glimmer": 1376, "Serra Paragon": 2383, "Dawn's Truce_SB": 594, "Phyrexian Vindicator_SB": 2010, "Altanak, the Thrice-Called": 50, "Say Its Name": 2315, "Screaming Nemesis": 2342, "Seed of Hope": 2369, "The Rollercrusher Ride": 2764, "Balustrade Wurm_SB": 170, "Haywire Mite_SB": 1245, "Witchstalker Frenzy_SB": 3170, "Ephara's Dispersal": 819, "Requisition Raid_SB": 2191, "Unwanted Remake_SB": 2977, "Change the Equation": 438, "Elspeth's Smite": 783, "Horned Loch-Whale": 1327, "Invasion of Arcavios": 1403, "Silver Scrutiny": 2431, "Change the Equation_SB": 439, "Doppelgang_SB": 699, "Lay Down Arms_SB": 1564, "Cheeky House-Mouse": 448, "Collector's Cage": 491, "Flowerfoot Swordmaster": 994, "Lavaspur Boots": 1561, "Lost Jitte": 1644, "Mabel, Heir to Cragflame": 1665, "Valley Questcaller": 3014, "Destroy Evil_SB": 657, "Lithomantic Barrage_SB": 1614, "Vengeful Possession_SB": 3040, "Sheoldred's Edict": 2401, "Outrageous Robbery_SB": 1930, "Elesh Norn, Mother of Machines": 779, "Heaped Harvest": 1253, "Outrageous Robbery": 1929, "Underground Mortuary": 2940, "Kaya, Intangible Slayer_SB": 1486, "Doppelgang": 698, "Exorcise": 850, "Mishra's Foundry": 1763, "Witchstalker Frenzy": 3169, "Jaya, Fiery Negotiator_SB": 1449, "Dissection Tools_SB": 677, "Nissa, Ascended Animist": 1850, "Season of the Burrow": 2362, "Obstinate Baloth_SB": 1885, "Aclazotz, Deepest Betrayal": 11, "Lord Skitter, Sewer King": 1642, "Preacher of the Schism": 2052, "Restless Fortress": 2204, "Split Up": 2543, "Virtue of Persistence": 3069, "Karn's Sylex_SB": 1479, "Nettle Guard_SB": 1836, "Split Up_SB": 2544, "The End_SB": 2730, "The Stone Brain_SB": 2773, "Zoraline, Cosmos Caller_SB": 3211, "Cavern of Souls_SB": 415, "Up the Beanstalk_SB": 2980, "Destroy Evil": 656, "Restless Prairie": 2205, "Scrollshift": 2344, "Atraxa, Grand Unifier_SB": 141, "Harried Spearguard": 1230, "Mirran Banesplitter": 1751, "Painter's Studio // Defaced Gallery": 1959, "Phoenix Chick": 1994, "Hearth Elemental_SB": 1261, "Obliterating Bolt_SB": 1881, "Invasion of Tolvada": 1421, "No Witnesses": 1858, "Phyrexian Fleshgorger": 2002, "Render Inert": 2181, "Starfall Invocation": 2564, "Archangel Elspeth_SB": 94, "Deep-Cavern Bat_SB": 621, "Nowhere to Run_SB": 1869, "Urza's Sylex_SB": 2997, "Essence Channeler": 831, "Lunar Convocation": 1656, "Ruin-Lurker Bat": 2269, "Enduring Innocence_SB": 803, "Lord Skitter, Sewer King_SB": 1643, "Sheoldred, the Apocalypse_SB": 2404, "Three Steps Ahead_SB": 2816, "Song of Totentanz": 2490, "Valley Floodcaller": 3011, "Stormkeld Vanguard_SB": 2602, "Barbed Batterfist": 179, "Blacksmith's Talent": 220, "Bladehold War-Whip": 223, "Chainsaw": 428, "Jor Kadeen, First Goldwarden": 1459, "Kellan, the Fae-Blooded": 1502, "Lightning Helix": 1599, "Rebel Salvo": 2151, "Emberheart Challenger_SB": 793, "Screaming Nemesis_SB": 2343, "Untimely Malfunction_SB": 2975, "Kaya, Intangible Slayer": 1485, "Lich-Knights' Conquest": 1593, "Bandit's Talent": 172, "Plaza of Heroes": 2032, "Ruthless Negotiation": 2285, "Tinybones Joins Up": 2840, "Tinybones, the Pickpocket": 2843, "Phyrexian Obliterator_SB": 2007, "Thought-Stalker Warlock_SB": 2800, "Novice Inspector": 1867, "Unidentified Hovership": 2952, "Warden of the Inner Sky": 3118, "Dreadmaw's Ire": 723, "Case of the Crimson Pulse_SB": 393, "Lightning Strike_SB": 1602, "Shock_SB": 2412, "Sunspine Lynx_SB": 2635, "Urgent Necropsy_SB": 2991, "Regal Bunnicorn": 2169, "Steel Seraph": 2577, "Zoetic Glyph": 3206, "Glass Casket_SB": 1117, "Protect the Negotiators_SB": 2072, "Unidentified Hovership_SB": 2953, "Brotherhood's End": 336, "Rest in Peace": 2196, "Restless Bivouac": 2200, "Warleader's Call": 3123, "Ezrim, Agency Chief": 871, "Unwanted Remake": 2976, "Balustrade Wurm": 169, "Fear of Being Hunted": 911, "Inti, Seneschal of the Sun": 1388, "Squee, Dubious Monarch": 2554, "Tyvar's Stand": 2924, "Charred Foyer // Warped Space_SB": 445, "Scrapshooter_SB": 2337, "Deadly Cover-Up": 606, "Harvester of Misery": 1233, "Hostile Investigator": 1331, "Spinewoods Armadillo": 2533, "Urgent Necropsy": 2990, "Breach the Multiverse_SB": 310, "Conduit of Worlds_SB": 513, "Beseech the Mirror": 200, "Collector's Vault": 493, "Rite of the Moth": 2233, "Splitskin Doll": 2545, "Valgavoth, Terror Eater": 3006, "Hostile Investigator_SB": 1332, "No Witnesses_SB": 1859, "Phyrexian Fleshgorger_SB": 2003, "Restless Ridgeline_SB": 2209, "Assassin's Trophy": 131, "Seized from Slumber": 2375, "Sunken Citadel": 2629, "White Sun's Twilight": 3146, "Cruelclaw's Heist_SB": 555, "Cease // Desist": 418, "Ill-Timed Explosion_SB": 1352, "Calamity, Galloping Inferno": 365, "Outcaster Trailblazer": 1924, "Pyroclasm": 2081, "Smuggler's Surprise": 2480, "Vaultborn Tyrant": 3031, "The End": 2729, "Archangel of Wrath_SB": 98, "Cease // Desist_SB": 419, "Rankle's Prank_SB": 2125, "Virtue of Persistence_SB": 3070, "Azure Beastbinder": 158, "Crystal Grotto": 567, "Invasion of Segovia": 1417, "Protect the Negotiators": 2071, "Caretaker's Talent_SB": 386, "Spellgyre": 2524, "Teferi, Temporal Pilgrim": 2694, "Gix's Command": 1107, "Torch the Witness": 2868, "Entity Tracker": 817, "Rona's Vortex": 2256, "Surgical Suite // Hospital Room": 2645, "Valgavoth's Faithful": 3002, "Rona's Vortex_SB": 2257, "Sheoldred's Edict_SB": 2402, "Breach the Multiverse": 309, "Conspiracy Unraveler": 519, "Kitsa, Otterball Elite": 1516, "Long Goodbye": 1628, "Matzalantli, the Great Door": 1708, "Push // Pull": 2079, "Reenact the Crime": 2166, "Rona, Herald of Invasion": 2258, "Terror Tide": 2714, "The Cruelty of Gix": 2724, "Vohar, Vodalian Desecrator": 3082, "Osseous Sticktwister": 1914, "Razorlash Transmogrant_SB": 2141, "Agrus Kos, Spirit of Justice": 33, "Anim Pakal, Thousandth Moon": 69, "Annie Joins Up": 75, "Baylen, the Haymaker": 192, "Hugs, Grisly Guardian": 1336, "Kellan, Daring Traveler": 1497, "Pia Nalaar, Consul of Revival": 2011, "Rocco, Street Chef": 2248, "Roxanne, Starfall Savant": 2262, "Abrade_SB": 4, "Legions to Ashes": 1574, "Nurturing Pixie": 1872, "Defabricate_SB": 627, "Grand Abolisher_SB": 1165, "Spiteful Hexmage": 2539, "Anointed Peacekeeper_SB": 81, "Break the Spell_SB": 314, "Braided Net": 295, "Chimil, the Inner Sun": 450, "Clay-Fired Bricks": 474, "Farsight Ritual": 901, "Simulacrum Synthesizer": 2437, "Ezrim, Agency Chief_SB": 872, "Audacity": 142, "Feather of Flight": 929, "Invasion of Theros": 1420, "Spellbook Vendor": 2523, "Toadstool Admirer": 2854, "Expel the Interlopers_SB": 854, "Virtue of Loyalty_SB": 3068, "Flowstone Infusion_SB": 996, "Giant Growth_SB": 1094, "Enduring Tenacity": 804, "Gumdrop Poisoner": 1203, "Vadmir, New Blood": 3000, "Vinereap Mentor": 3058, "Glissa Sunslayer_SB": 1128, "Come Back Wrong_SB": 504, "Legions to Ashes_SB": 1575, "Flowstone Infusion": 995, "Callous Sell-Sword_SB": 370, "Dreadmaw's Ire_SB": 724, "The Eternal Wanderer_SB": 2733, "Negate": 1830, "Skrelv, Defector Mite": 2448, "Minor Misstep_SB": 1747, "Deadly Riposte_SB": 609, "Not on My Watch_SB": 1866, "Raucous Theater": 2133, "Contested Game Ball_SB": 524, "Picnic Ruiner": 2015, "Twisted Fealty_SB": 2915, "Razorkin Needlehead_SB": 2139, "Witch's Mark_SB": 3167, "Season of Loss_SB": 2359, "Chrome Host Seedshark_SB": 456, "Danitha, Benalia's Hope_SB": 586, "Soulless Jailer_SB": 2504, "Furnace Reins_SB": 1041, "Wear Down_SB": 3135, "Painter's Studio && Defaced Gallery": 1957, "Dewdrop Cure_SB": 664, "Case of the Gateway Express": 395, "Gleeful Demolition": 1123, "Knight-Errant of Eos": 1524, "Resolute Reinforcements": 2192, "Yotian Frontliner": 3194, "Brave the Wilds": 305, "Bushwhack": 356, "Eddymurk Crab": 762, "Get Out": 1072, "This Town Ain't Big Enough": 2789, "Tolarian Terror": 2860, "Mountain_SB": 1805, "Case of the Uneaten Feast": 402, "Leyline of Hope": 1583, "Lupinflower Village": 1659, "Phyrexian Arena": 1996, "Starscape Cleric": 2566, "Harvester of Misery_SB": 1234, "Lumra, Bellow of the Woods": 1655, "Squirming Emergence": 2556, "Glimpse the Core": 1126, "Obliterating Bolt": 1880, "Terror of the Peaks": 2716, "Tyrranax Rex_SB": 2922, "Ossification": 1916, "Kitnap_SB": 1515, "Ossification_SB": 1917, "Blazing Crescendo": 230, "Fireglass Mentor": 972, "Flamecache Gecko": 976, "Gev, Scaled Scorch": 1076, "Hired Claw": 1311, "Iridescent Vinelasher": 1428, "Laughing Jasper Flint": 1558, "Mudflat Village": 1808, "Sunder the Gateway_SB": 2625, "Charming Scoundrel": 443, "Goddric, Cloaked Reveler": 1148, "Unstoppable Slasher": 2970, "Blot Out_SB": 260, "Vren, the Relentless_SB": 3108, "Tectonic Hazard": 2691, "Wrenn's Resolve": 3184, "Koth, Fire of Resistance_SB": 1536, "Disfigure": 672, "Withering Torment": 3171, "Deadly Cover-Up_SB": 607, "Phyrexian Arena_SB": 1997, "The Cruelty of Gix_SB": 2725, "Back for Seconds": 160, "Corrupt": 531, "Corrupted Conviction": 532, "Final Vengeance": 968, "Hidden Necropolis": 1294, "Lively Dirge": 1616, "Skullcap Snail": 2452, "The Dross Pits": 2726, "Unscrupulous Agent": 2962, "Candy Grapple_SB": 374, "Tithing Blade_SB": 2853, "Abraded Bluffs": 5, "Alania's Pathmaker": 44, "Banishing Light": 174, "Builder's Talent": 342, "Nahiri's Resolve": 1821, "Tinker's Tote": 2839, "Wind-Scarred Crag": 3157, "Disenchant_SB": 671, "Recommission_SB": 2160, "Volcanic Spite_SB": 3086, "Bitter Reunion": 214, "Campus Renovation": 371, "Cityscape Leveler": 465, "Combat Thresher": 502, "Emerge from the Cocoon": 794, "Fear of Abduction": 910, "Galvanize": 1048, "Portal to Phyrexia": 2046, "Raucous Carnival": 2131, "Su-Chi Cave Guard": 2613, "Boulderbranch Golem_SB": 291, "Outlaw Medic_SB": 1926, "Scrollshift_SB": 2345, "Smash to Dust_SB": 2477, "Beanstalk Wurm": 194, "Blossoming Sands": 257, "Etched Cornfield": 839, "Getaway Glamer": 1074, "Hauntwoods Shrieker": 1243, "Manifest Dread": 1690, "Riftburst Hellion": 2223, "Rust Goliath": 2281, "Salvation Swan": 2294, "Threats Around Every Corner": 2812, "Valgavoth's Onslaught": 3004, "Monstrous Emergence_SB": 1791, "Neglected Manor": 1832, "Phyrexian Missionary": 2004, "Ruthless Lawbringer": 2283, "Scoured Barrens": 2335, "Stockpiling Celebrant": 2589, "Tithing Blade": 2852, "Found Footage_SB": 1014, "Griffnaut Tracker_SB": 1187, "Pawpatch Recruit": 1972, "Manifold Mouse_SB": 1692, "Assimilation Aegis": 133, "Thundertrap Trainer": 2834, "Realmbreaker, the Invasion Tree_SB": 2149, "Unstable Glyphbridge_SB": 2968, "Faerie Mastermind_SB": 886, "Kaito, Bane of Nightmares_SB": 1468, "The Filigree Sylex_SB": 2736, "Calamity's Wake_SB": 364, "Braids, Arisen Nightmare": 297, "Clockwork Percussionist": 479, "Disturbing Mirth": 683, "Greedy Freebooter": 1177, "Scavenger's Talent": 2326, "Bandit's Talent_SB": 173, "Shoot the Sheriff": 2413, "Dusk Rose Reliquary": 745, "High Noon": 1303, "Serra Paragon_SB": 2384, "Monstrous Emergence": 1790, "Bonny Pall, Clearcutter_SB": 272, "Ephara's Dispersal_SB": 820, "Get Out_SB": 1073, "Teferi, Temporal Pilgrim_SB": 2695, "The Wandering Rescuer_SB": 2780, "Overgrown Zealot": 1934, "Ancient Cornucopia": 62, "Kellan, Inquisitive Prodigy_SB": 1499, "Bring the Ending": 323, "Dismal Backwater": 674, "Distorted Curiosity": 678, "Drown in Ichor": 734, "Experimental Augury": 855, "Infectious Inquiry": 1367, "Murky Sewer": 1816, "Prologue to Phyresis": 2067, "Reject Imperfection": 2175, "The Tale of Tamiyo": 2777, "Vraska's Fall": 3102, "Infectious Inquiry_SB": 1368, "Pestilent Syphoner_SB": 1987, "Vivisurgeon's Insight_SB": 3079, "Alabaster Host Intercessor": 43, "Blanchwood Prowler": 224, "Fanatic of the Harrowing": 895, "Haunted Mire": 1240, "Jungle Hollow": 1464, "Nurturing Bristleback": 1871, "Radiant Grove": 2097, "Shroudstomper": 2423, "Spectral Snatcher": 2517, "Sunlit Marsh": 2631, "Fanatic of the Harrowing_SB": 896, "Urborg Repossession_SB": 2986, "Winter's Intervention_SB": 3161, "Dwarven Forge-Chanter": 749, "Urabrask": 2981, "Whirling Strike_SB": 3142, "Deathcap Marionette": 612, "Desperate Bloodseeker": 654, "Gloomfang Mauler": 1130, "Possessed Goat": 2048, "Vile Mutilator": 3057, "Extract a Confession_SB": 867, "Make Your Move_SB": 1679, "Ego Drain": 766, "Faerie Dreamthief": 882, "Faerie Fencing": 883, "Invasion of Amonkhet": 1401, "Obyra, Dreaming Duelist": 1886, "Season of Loss": 2358, "Spell Stutter": 2521, "Invasion of Amonkhet_SB": 1402, "Spell Stutter_SB": 2522, "Talion's Messenger_SB": 2680, "Break Out": 312, "Keen-Eyed Curator_SB": 1492, "Blood Hustler": 239, "Desert's Due": 653, "Eroded Canyon": 822, "Gisa, the Hellraiser": 1101, "Intimidation Campaign": 1390, "Jagged Barrens": 1446, "Kaervek, the Punisher": 1465, "Lazav, Familiar Stranger": 1565, "Magda, the Hoardmaster": 1671, "Marchesa, Dealer of Death": 1697, "Raven of Fell Omens": 2135, "Seize the Secrets": 2373, "Soured Springs": 2508, "Make Your Own Luck": 1680, "Niv-Mizzet, Supreme": 1853, "Make Your Own Luck_SB": 1681, "Pest Control_SB": 1985, "Soul Search_SB": 2497, "Coiling Rebirth": 485, "The Infamous Cruelclaw": 2742, "Vein Ripper": 3034, "Geological Appraiser": 1066, "Virtue of Courage": 3063, "Push // Pull_SB": 2080, "Bloodletter of Aclazotz": 246, "Ghalta, Stampede Tyrant": 1080, "Abrade": 3, "Trumpeting Carnosaur": 2899, "Bilious Skulldweller": 207, "Venser, Corpse Puppet": 3043, "Drag to the Bottom_SB": 710, "Drown in Ichor_SB": 735, "Reject Imperfection_SB": 2176, "Serum Snare_SB": 2386, "Venser, Corpse Puppet_SB": 3044, "Vraska, Betrayal's Sting_SB": 3105, "Whisper of the Dross_SB": 3145, "Abandoned Campground": 0, "Fear of Isolation": 919, "Grand Entryway // Elegant Rotunda": 1167, "Hopeful Vigil": 1324, "Meat Locker // Drowned Diner": 1714, "The Princess Takes Flight": 2760, "Tranquil Cove": 2878, "Underwater Tunnel // Slimy Aquarium": 2943, "Archfiend of the Dross": 101, "Feed the Cycle": 933, "Fade from History_SB": 877, "Binding Negotiation_SB": 209, "Annex Sentry_SB": 73, "Freestrider Lookout": 1021, "Ghost Vacuum": 1085, "Meathook Massacre II": 1715, "Zur, Eternal Schemer_SB": 3215, "Grievous Wound": 1185, "Ob Nixilis, Captive Kingpin": 1878, "Razorkin Needlehead": 2138, "Vial Smasher, Gleeful Grenadier": 3052, "Scales of Shale": 2321, "Bitter Triumph_SB": 217, "Scales of Shale_SB": 2322, "Cruelclaw's Heist": 554, "Pillage the Bog": 2021, "Invasion of Tolvada_SB": 1422, "Unholy Annex && Ritual Chamber": 2948, "Rush of Dread": 2279, "Unholy Annex && Ritual Chamber_SB": 2949, "Spelunking": 2526, "Market Gnome": 1698, "The Wandering Rescuer": 2779, "Zephyr Singer": 3199, "Honest Rutstein": 1321, "Nashi, Searcher in the Dark": 1826, "Relic of Legends": 2177, "Preacher of the Schism_SB": 2053, "Royal Treatment": 2264, "Betrayer's Bargain_SB": 204, "Loran's Escape": 1640, "Rabid Gnaw": 2094, "Seedglaive Mentor_SB": 2370, "Valgavoth's Lair": 3003, "Idyllic Beachfront": 1350, "Ojer Kaslem, Deepest Growth": 1892, "Restless Cottage_SB": 2203, "Wrenn and Realmbreaker": 3181, "Undead Sprinter_SB": 2937, "Valley Flamecaller": 3010, "Overlord of the Balemurk_SB": 1936, "Torpor Orb_SB": 2871, "Elusive Otter": 785, "Otterball Antics": 1920, "Pearl of Wisdom": 1974, "Stormcatch Mentor": 2599, "Ral, Crackling Wit_SB": 2118, "Bonehoard Dracosaur_SB": 270, "Fortified Beachhead": 1012, "Harbin, Vanguard Aviator": 1219, "Recruitment Officer": 2161, "Werefox Bodyguard": 3140, "Zephyr Sentinel": 3198, "Sheoldred_SB": 2405, "Cryptic Coat": 561, "Evolving Adaptive": 846, "Omnivorous Flytrap": 1902, "Stubborn Burrowfiend": 2611, "Fell_SB": 947, "Bonny Pall, Clearcutter": 271, "Glarb, Calamity's Augur": 1114, "Thornvault Forager": 2795, "Hunter's Talent_SB": 1341, "Trial of Agony_SB": 2893, "Wrenn and Realmbreaker_SB": 3182, "Doomsday Excruciator": 695, "Drag the Canal": 707, "Intrude on the Mind": 1400, "Malicious Eclipse": 1687, "Essence Scatter": 833, "Sazacap's Brew": 2317, "Fortune, Loyal Steed": 1013, "Frontier Seeker": 1027, "Sorcerous Spyglass_SB": 2493, "Defiled Crypt // Cadaver Lab": 634, "Pitiless Carnage": 2024, "Popular Egotist": 2043, "Caustic Bronco_SB": 411, "Jaya, Fiery Negotiator": 1448, "Squee, Dubious Monarch_SB": 2555, "Ego Drain_SB": 767, "Stoic Sphinx_SB": 2592, "Drag to the Bottom": 709, "Soul of Windgrace": 2498, "Chandra, Hope's Beacon_SB": 433, "Season of Gathering_SB": 2357, "Blot Out": 259, "Diabolic Intent": 665, "Unholy Annex // Ritual Chamber": 2950, "Unstoppable Slasher_SB": 2971, "Armored Scrapgorger": 118, "Axebane Ferox": 153, "Green Sun's Twilight": 1178, "Llanowar Loamspeaker": 1622, "Railway Brawler": 2107, "Tyrranax Rex": 2921, "Bite Down_SB": 213, "Hard-Hitting Question_SB": 1225, "Tyvar's Stand_SB": 2925, "Impulse": 1361, "The Huntsman's Redemption": 2740, "Kaya, Spirits' Justice": 1487, "Overprotect": 1945, "Valgavoth's Onslaught_SB": 3005, "Embereth Veteran": 791, "Drannith Ruins_SB": 722, "Escape Tunnel": 829, "Live or Die": 1615, "Hopeless Nightmare_SB": 1326, "Rottenmouth Viper_SB": 2261, "No One Left Behind": 1856, "Not Dead After All": 1863, "Oblivious Bookworm": 1882, "Satoru, the Infiltrator": 2307, "Splash Portal": 2541, "Cankerbloom_SB": 377, "The Swarmweaver_SB": 2776, "Enduring Courage": 798, "Rakdos Joins Up": 2111, "The Elder Dragon War": 2727, "Khenra Spellspear": 1508, "Restless Spire": 2210, "Blue Sun's Twilight_SB": 261, "Third Path Iconoclast_SB": 2786, "Helga, Skittish Seer": 1267, "Agatha's Soul Cauldron": 29, "Nettle Guard": 1835, "Raging Battle Mouse": 2106, "Voldaren Thrillseeker": 3088, "Parting Gust_SB": 1967, "Boon-Bringer Valkyrie": 276, "Rockface Village_SB": 2250, "Elesh Norn_SB": 781, "Long River's Pull": 1631, "Sunspine Lynx": 2634, "Stoic Sphinx": 2591, "Blast Zone": 227, "Fomori Vault": 999, "Skitterbeam Battalion": 2445, "Stern Lesson": 2581, "The Mightstone and Weakstone": 2753, "Thran Spider": 2807, "Volcanic Spite": 3085, "Assimilation Aegis_SB": 134, "Koth, Fire of Resistance": 1535, "Phyrexian Dragon Engine_SB": 2001, "Vraan, Executioner Thane": 3100, "Archfiend of the Dross_SB": 102, "Elas il-Kor, Sadistic Pilgrim": 770, "Hajar, Loyal Bodyguard": 1206, "Rakdos, the Muscle": 2114, "Ratadrabik of Urborg": 2128, "The Jolly Balloon Man": 2745, "Valley Rotcaller": 3015, "Goldvein Hydra_SB": 1152, "Azure Beastbinder_SB": 159, "Kaervek, the Punisher_SB": 1466, "Flow of Knowledge": 992, "Abhorrent Oculus_SB": 2, "Shore Up_SB": 2416, "Unauthorized Exit_SB": 2933, "Gix, Yawgmoth Praetor_SB": 1110, "Geological Appraiser_SB": 1067, "Nemata, Primeval Warden": 1833, "Djeru and Hazoret": 690, "Dragonhawk, Fate's Tempest": 714, "Etali, Primal Conqueror": 836, "Huatli, Poet of Unity": 1335, "Kogla and Yidaro": 1527, "Dollmaker's Shop // Porcelain Gallery_SB": 693, "Commune with Evil": 507, "Hammerhand_SB": 1217, "Aftermath Analyst": 25, "Akawalli, the Seething Tower": 42, "Bringer of the Last Gift": 325, "Maha, Its Feathers Night": 1677, "Rubblebelt Maverick": 2266, "Strangled Cemetery": 2604, "Terramorphic Expanse": 2712, "Uurg, Spawn of Turg": 2999, "Voracious Varmint": 3094, "Wary Watchdog": 3128, "Murder_SB": 1814, "Armored Armadillo": 115, "Draconic Destiny": 706, "Etali's Favor": 835, "Slumbering Keepguard": 2476, "War Squeak": 3116, "Loran's Escape_SB": 1641, "Take Up the Shield_SB": 2675, "Broodspinner": 334, "Hollow Marauder": 1316, "Huskburster Swarm": 1344, "Overwhelming Remorse": 1949, "Writhing Necromass": 3186, "Desperate Bloodseeker_SB": 655, "Echo of Dusk_SB": 760, "Voracious Varmint_SB": 3095, "Creosote Heath": 552, "Crystal Carapace": 566, "Hunter's Talent": 1340, "Petrify_SB": 1989, "Conceited Witch": 510, "Fear of Infinity": 917, "Glimmerlight": 1125, "Shoreline Looter": 2417, "The Witch's Vanity": 2781, "Forlorn Flats": 1010, "Hero of the Dunes": 1283, "Phyrexian Rager": 2008, "Overwhelming Remorse_SB": 1950, "Vanish into Eternity_SB": 3027, "Gixian Infiltrator": 1111, "Sawblade Skinripper": 2313, "Not Dead After All_SB": 1864, "Unseal the Necropolis_SB": 2964, "Bonecache Overseer": 266, "Ichor Drinker": 1347, "Insidious Roots": 1382, "Izoni, Center of the Web": 1438, "Ozolith, the Shattered Spire": 1953, "Skyfisher Spider": 2458, "Snarling Gorehound": 2485, "Twitching Doll": 2916, "Urborg Repossession": 2985, "Enduring Curiosity_SB": 801, "Requisition Raid": 2190, "Third Path Iconoclast": 2785, "Artist's Talent_SB": 121, "Kellan, Inquisitive Prodigy": 1498, "Royal Treatment_SB": 2265, "Valley Floodcaller_SB": 3012, "Pawpatch Formation": 1970, "Skrelv's Hive_SB": 2447, "Karumonix, the Rat King": 1484, "Lilypad Village": 1609, "Persistent Marshstalker": 1983, "Vren, the Relentless": 3107, "Anzrag's Rampage_SB": 83, "Terisian Mindbreaker": 2711, "The Mindskinner": 2756, "Eliminate the Impossible_SB": 782, "Insatiable Avarice": 1378, "Archdruid's Charm": 99, "Arid Archway": 112, "Pawpatch Recruit_SB": 1973, "Highway Robbery": 1307, "Demonic Counsel": 642, "Treasure Map": 2889, "Jodah, the Unifier": 1454, "Melira, the Living Cure": 1719, "Sigarda, Font of Blessings": 2426, "Drana and Linvala_SB": 719, "Kellan, the Kid_SB": 1504, "Kutzil, Malamet Exemplar_SB": 1549, "Myrel, Shield of Argive_SB": 1819, "Skrelv, Defector Mite_SB": 2449, "Tinybones Joins Up_SB": 2841, "Gishath, Sun's Avatar": 1103, "Aspirant's Ascent": 129, "Enter the Enigma": 815, "Ivy, Gleeful Spellthief": 1435, "Molten Duplication": 1777, "Take the Fall": 2677, "Venerated Rotpriest": 3036, "Ivy, Gleeful Spellthief_SB": 1436, "Ojer Axonil, Deepest Might": 1891, "Kogla and Yidaro_SB": 1528, "Vaultborn Tyrant_SB": 3032, "Song of Totentanz_SB": 2491, "Fae Flight_SB": 879, "Silent Hallcreeper_SB": 2429, "Stenn, Paranoid Partisan": 2579, "Gremlin Tamer_SB": 1183, "Amalia Benavides Aguirre": 51, "The Everflowing Well": 2734, "Thousand Moons Smithy": 2803, "Unstable Glyphbridge": 2967, "Worldwalker Helm": 3178, "Spring-Loaded Sawblades_SB": 2550, "Quick Study": 2090, "Awaken the Woods": 152, "Goldvein Hydra": 1151, "Nissa, Resurgent Animist": 1852, "Pick Your Poison": 2012, "Surge Engine": 2638, "Training Grounds": 2876, "Vorinclex": 3096, "Aftermath Analyst_SB": 26, "Training Grounds_SB": 2877, "Regal Bunnicorn_SB": 2170, "Corpses of the Lost_SB": 530, "Dreams of Steel and Oil": 728, "Unholy Annex // Ritual Chamber_SB": 2951, "Bandit's Haul": 171, "Conduit of Worlds": 512, "Faunsbane Troll": 907, "The Goose Mother": 2738, "Anointed Peacekeeper": 80, "Archangel of Tithes": 95, "Guardian of New Benalia": 1198, "Veteran Survivor": 3049, "Tocasia's Welcome_SB": 2858, "Fugitive Codebreaker": 1030, "Slickshot Show-Off_SB": 2474, "Darkstar Augur_SB": 590, "Commercial District_SB": 506, "Innkeeper's Talent_SB": 1374, "Arabella, Abandoned Doll": 84, "Case of the Gateway Express_SB": 396, "Patchwork Banner": 1968, "Kaito, Dancing Shadow_SB": 1472, "Crawling Chorus": 550, "Skrelv's Hive": 2446, "Sword of Forge and Frontier_SB": 2659, "Sword of Forge and Frontier": 2658, "Sword of Once and Future": 2660, "Fleeting Reflection": 983, "Reasonable Doubt": 2150, "Serum Snare": 2385, "The Seedcore": 2766, "Bring the Ending_SB": 324, "Keen-Eyed Curator": 1491, "Jawbone Duelist": 1447, "Fountainport_SB": 1020, "Seal from Existence": 2350, "Scorching Shot": 2332, "Not on My Watch": 1865, "Two-Headed Hunter": 2917, "Render Inert_SB": 2182, "Demolition Field_SB": 641, "Dollmaker's Shop && Porcelain Gallery": 691, "Overlord of the Floodpits_SB": 1940, "Agatha's Soul Cauldron_SB": 30, "Lavaspur Boots_SB": 1562, "Arabella, Abandoned Doll_SB": 85, "Restless Anchorage_SB": 2199, "Molten Collapse": 1775, "Overlord of the Boilerbilges_SB": 1938, "Island_SB": 1433, "Invasion of Innistrad": 1409, "Long River's Pull_SB": 1632, "Fugitive Codebreaker_SB": 1031, "Misery's Shadow_SB": 1760, "Lukka, Bound to Ruin": 1649, "Migloz, Maze Crusher": 1739, "Quintorius Kand_SB": 2092, "Osseous Sticktwister_SB": 1915, "Walk-In Closet && Forgotten Cellar": 3112, "Assassin's Trophy_SB": 132, "Cursed Recording": 575, "Piggy Bank": 2016, "Unable to Scream": 2930, "Horned Loch-Whale_SB": 1328, "Rankle's Prank": 2124, "Sunken Citadel_SB": 2630, "Farsight Ritual_SB": 902, "Bladecoil Serpent_SB": 222, "Urza's Sylex": 2996, "Starscape Cleric_SB": 2567, "Curate": 572, "Proft's Eidetic Memory_SB": 2064, "Confounding Riddle": 514, "The Enigma Jewel": 2731, "The Swarmweaver": 2775, "Insatiable Avarice_SB": 1379, "Sheoldred": 2400, "Artist's Talent": 120, "Brass's Tunnel-Grinder": 303, "Capricious Hellraiser": 379, "Chandra, Hope's Beacon": 432, "Virtue of Knowledge_SB": 3066, "Ruthless Negotiation_SB": 2286, "Sunfire Torch": 2628, "Legion Extruder": 1571, "Meeting of Minds": 1718, "Stoke the Flames": 2593, "Baird, Argivian Recruiter": 163, "Dollmaker's Shop // Porcelain Gallery": 692, "One with the Multiverse": 1904, "Shoot the Sheriff_SB": 2414, "Shrouded Shepherd_SB": 2422, "Blossoming Tortoise": 258, "Knight of Dusk's Shadow_SB": 1521, "Arcane Proxy": 90, "Astor, Bearer of Blades": 135, "Dissection Tools": 676, "Chrome Prowler": 457, "Hidden Cataract": 1291, "Hidden Courtyard": 1292, "Liberator, Urza's Battlethopter": 1592, "Out Cold": 1921, "Lost in the Maze_SB": 1647, "Spark Rupture_SB": 2511, "Case of the Crimson Pulse": 392, "Coati Scavenger": 483, "Drag to the Roots": 711, "Trapped in the Screen": 2884, "The Skullspore Nexus": 2767, "Glass Casket": 1116, "Repel Calamity": 2185, "Walk-In Closet && Forgotten Cellar_SB": 3113, "Twinferno": 2909, "Tarnation Vista": 2685, "Sandstorm Verge": 2299, "Pillage the Bog_SB": 2022, "Pest Control": 1984, "Cankerbloom": 376, "Violent Urge": 3060, "Argentum Masticore_SB": 110, "Archdruid's Charm_SB": 100, "Ghostly Dancers_SB": 1088, "Micromancer": 1733, "Case of the Filched Falcon": 394, "Invasion of Ixalan": 1410, "Bristlebud Farmer_SB": 327, "Clement, the Worrywort": 476, "Dour Port-Mage": 702, "Dreamdew Entrancer": 726, "Long River Lurker": 1630, "Oakhollow Village": 1876, "Pond Prophet": 2042, "Sunshower Druid": 2632, "Three Tree Scribe": 2819, "Valley Mightcaller": 3013, "Drannith Ruins": 721, "Coppercoat Vanguard": 526, "Valiant Veteran": 3008, "Syr Ginger, the Meal Ender": 2667, "Teething Wurmlet": 2693, "Tough Cookie": 2872, "Tail Swipe_SB": 2671, "Misery's Shadow": 1759, "Sharp-Eyed Rookie": 2395, "Metropolis Reformer_SB": 1732, "Annex Sentry": 72, "Slaughter Singer": 2467, "Ajani, Sleeper Agent_SB": 39, "Fauna Shaman": 905, "Haywire Mite": 1244, "Kami of Whispered Hopes": 1476, "Likeness Looter": 1604, "Nashi, Moon's Legacy": 1825, "Tyvar, Jubilant Brawler": 2926, "Burrowguard Mentor": 353, "Finneas, Ace Archer": 970, "Hop to It": 1322, "Seasoned Warrenguard": 2365, "Treeguard Duo_SB": 2891, "Bristly Bill, Spine Sower": 329, "Case of the Locked Hothouse": 397, "Evolving Wilds": 847, "Festering Gulch": 953, "Fake Your Own Death_SB": 891, "Forest_SB": 1007, "Heaped Harvest_SB": 1254, "Swamp_SB": 2651, "Demand Answers": 639, "Magebane Lizard_SB": 1673, "Roaring Furnace && Steaming Sauna": 2243, "Breeches, Eager Pillager": 315, "Captain Storm, Cosmium Raider": 382, "Goblin Tomb Raider": 1147, "Kitesail Larcenist": 1513, "Malcolm, the Eyes": 1686, "Reckless Lackey": 2154, "Roaming Throne": 2241, "Staunch Crewmate": 2571, "Roaming Throne_SB": 2242, "Chupacabra Echo": 458, "Cruel Somnophage": 553, "Gnawing Vermin": 1135, "Hollow Scavenger": 1318, "Urborg Lhurgoyf": 2984, "Take Up the Shield": 2674, "Jirina, Dauntless General_SB": 1453, "Slime Against Humanity": 2475, "Explosive Derailment": 859, "Fell": 946, "Great Train Heist": 1173, "Return the Favor": 2218, "Chainsaw_SB": 429, "Might of the Meek_SB": 1738, "Rabid Gnaw_SB": 2095, "Turn Inside Out_SB": 2907, "Hedge Shredder": 1265, "Grievous Wound_SB": 1186, "Terror Tide_SB": 2715, "Cathartic Parting_SB": 407, "Impulse_SB": 1362, "Lich-Knights' Conquest_SB": 1594, "Overlord of the Hauntwoods_SB": 1942, "Bovine Intervention_SB": 294, "Scatter Ray": 2324, "Ashiok, Wicked Manipulator_SB": 125, "Ghired, Mirror of the Wilds": 1081, "Cult Conscript": 568, "Roaring Furnace && Steaming Sauna_SB": 2244, "Hidetsugu and Kairi": 1300, "Under the Skin": 2938, "Elusive Otter_SB": 786, "Unyielding Gatekeeper": 2978, "Etali, Primal Conqueror_SB": 837, "Restricted Office && Lecture Hall_SB": 2214, "Season of Weaving_SB": 2361, "Cunning Coyote": 570, "Osteomancer Adept": 1918, "Tail Swipe": 2670, "Thraxodemon": 2810, "Fear of Lost Teeth": 921, "Invasion of Azgol": 1404, "The Witch's Vanity_SB": 2782, "Tinybones, the Pickpocket_SB": 2844, "Decadent Dragon": 616, "Rakdos, Patron of Chaos": 2113, "Gingerbrute": 1100, "Marvin, Murderous Mimic": 1703, "Kitesail Larcenist_SB": 1514, "Repulsive Mutation_SB": 2188, "The Infamous Cruelclaw_SB": 2743, "Pollen-Shield Hare": 2037, "Three Tree City": 2817, "Ingenious Prodigy": 1372, "Kaito, Dancing Shadow": 1471, "Plumecreed Escort_SB": 2034, "Ashiok, Wicked Manipulator": 124, "Final Showdown": 966, "Kutzil's Flanker": 1546, "Captivating Cave": 383, "Aloe Alchemist": 49, "Yavimaya Iconoclast": 3190, "Neutralize the Guards_SB": 1838, "Bloodletter of Aclazotz_SB": 247, "Braids, Arisen Nightmare_SB": 298, "Torch the Witness_SB": 2869, "Pugnacious Hammerskull_SB": 2077, "Wrenn's Resolve_SB": 3185, "Glarb, Calamity's Augur_SB": 1115, "Warden of the Inner Sky_SB": 3119, "Kambal, Profiteering Mayor_SB": 1475, "Painter's Studio && Defaced Gallery_SB": 1958, "Planar Disruption_SB": 2030, "Overprotect_SB": 1946, "Portent of Calamity": 2047, "The Irencrag": 2744, "Floodpits Drowner_SB": 989, "Lukka, Bound to Ruin_SB": 1650, "Roxanne, Starfall Savant_SB": 2263, "Black Sun's Twilight": 218, "Iridescent Vinelasher_SB": 1429, "Werefox Bodyguard_SB": 3141, "Lost in the Maze": 1646, "Bristling Backwoods": 328, "Rugged Highlands": 2268, "Great Train Heist_SB": 1174, "Razortrap Gorge": 2142, "Herbology Instructor_SB": 1280, "Hidden Grotto": 1293, "Maelstrom Pulse": 1669, "Scavenging Ooze": 2327, "Vivien Reid": 3076, "Liliana, Dreadhorde General_SB": 1608, "Maelstrom Pulse_SB": 1670, "Heroic Reinforcements": 1287, "Phyrexian Obliterator": 2006, "Back for Seconds_SB": 161, "Case of the Stashed Skeleton_SB": 401, "Homicide Investigator_SB": 1320, "Boros Charm": 279, "Llanowar Elves": 1619, "Burst Lightning": 354, "Abyssal Harvester": 9, "Soulstone Sanctuary": 2506, "Scavenging Ooze_SB": 2328, "Vivien Reid_SB": 3077, "Day of Judgment": 596, "Authority of the Consuls_SB": 148, "Devout Decree_SB": 662, "Flashfreeze_SB": 980, "Evangel of Synthesis": 844, "Zombify": 3208, "Desecration Demon_SB": 652, "Wail of the Forgotten_SB": 3110, "Basilisk Collar_SB": 187, "Sun-Blessed Healer": 2620, "Temple of Triumph": 2706, "Campus Renovation_SB": 372, "Boltwave": 264, "Splitskin Doll_SB": 2546, "Heartflame Duelist_SB": 1259, "Slagstorm_SB": 2466, "Mazemind Tome": 1712, "Kellan, Planar Trailblazer": 1500, "Crystal Barricade_SB": 565, "Bloodthirsty Conqueror_SB": 251, "Faebloom Trick": 880, "Feed the Swarm_SB": 937, "Kaito, Cunning Infiltrator_SB": 1470, "Opt": 1905, "Spinner of Souls": 2535, "Pitiless Carnage_SB": 2025, "Kiora, the Rising Tide": 1511, "Ghitu Lavarunner": 1083, "Thrill of Possibility": 2822, "Blooming Blast_SB": 255, "Elenda, Saint of Dusk": 776, "Garna, Bloodfist of Keld": 1051, "Kellan, the Kid": 1503, "Secluded Courtyard": 2367, "Authority of the Consuls": 147, "Exemplar of Light": 848, "Fiendish Panda": 958, "Hinterland Sanctifier": 1309, "Elenda, Saint of Dusk_SB": 777, "Spectral Sailor": 2516, "Unsummon": 2972, "Brineborn Cutthroat_SB": 322, "Ertai's Scorn_SB": 828, "Flow of Knowledge_SB": 993, "Haughty Djinn_SB": 1237, "Urza's Rebuff_SB": 2994, "Hero's Downfall": 1284, "Liliana, Dreadhorde General": 1607, "Temple of Malady": 2701, "Temple of Plenty": 2704, "Temple of Silence": 2705, "Mortify_SB": 1799, "White Sun's Twilight_SB": 3147, "Felidar Retreat": 943, "Herald of Eternal Dawn": 1275, "Loot, Exuberant Explorer": 1634, "Mossborn Hydra": 1800, "Giant Cindermaw_SB": 1092, "Bloodthirsty Conqueror": 250, "Heartflame Duelist": 1258, "Viashino Pyromancer": 3053, "Ball Lightning": 166, "Bloodfeather Phoenix": 242, "Grab the Prize": 1160, "Lyra Dawnbringer_SB": 1663, "Virtue of Courage_SB": 3064, "Abyssal Harvester_SB": 10, "Painter's Studio // Defaced Gallery_SB": 1960, "Kaito, Cunning Infiltrator": 1469, "Sphinx of Forgotten Lore": 2527, "Aetherize_SB": 23, "Feldon's Cane_SB": 939, "Demonic Pact": 646, "Harmless Offering": 1228, "Cathar Commando": 405, "Knight of Grace": 1522, "Ajani, Caller of the Pride_SB": 36, "Ethereal Armor_SB": 842, "Reclamation Sage_SB": 2158, "Dead Weight": 601, "Gixian Puppeteer": 1113, "Revenge of the Rats": 2219, "Terror Ballista": 2713, "The Ancient One": 2722, "An Offer You Can't Refuse_SB": 57, "Trapped in the Screen_SB": 2885, "Llanowar Greenwidow": 1621, "Zurgo and Ojutai": 3216, "Final Showdown_SB": 967, "Subterranean Schooner_SB": 2615, "Virtue of Strength": 3071, "Worldsoul's Rage": 3177, "Hero's Downfall_SB": 1285, "Ashroot Animist": 128, "Polukranos Reborn": 2040, "Ruby, Daring Tracker": 2267, "Muerra, Trash Tactician_SB": 1810, "Refute": 2167, "Curator of Destinies_SB": 573, "Day of Judgment_SB": 597, "Boros Charm_SB": 280, "Jirina, Dauntless General": 1452, "Deathmark_SB": 613, "Joust Through_SB": 1461, "Knight of Grace_SB": 1523, "Raise the Past_SB": 2109, "Arcanis the Omnipotent_SB": 92, "Feed the Cycle_SB": 934, "Insidious Fungus_SB": 1381, "Stab_SB": 2558, "Blooming Blast": 254, "Coruscation Mage": 535, "Firebrand Archer": 971, "Dazzling Denial": 599, "Empyrean Eagle": 795, "Healer's Hawk": 1252, "Bloated Contaminator": 236, "High Stride": 1305, "Infectious Bite": 1366, "Aspirant's Ascent_SB": 130, "Distorted Curiosity_SB": 679, "Enter the Enigma_SB": 816, "Fleeting Reflection_SB": 984, "High Stride_SB": 1306, "Prologue to Phyresis_SB": 2068, "This Town Ain't Big Enough_SB": 2790, "Temple of Deceit": 2698, "Sentinel of the Nameless City_SB": 2381, "Doubling Season": 700, "Cathar Commando_SB": 406, "Elegant Parlor_SB": 775, "Thrun, Breaker of Silence": 2827, "Greed's Gambit": 1175, "Molten Collapse_SB": 1776, "Sire of Seven Deaths_SB": 2440, "Invasion of Zendikar": 1423, "Chimil, the Inner Sun_SB": 451, "Pilfer_SB": 2020, "Urborg Scavengers_SB": 2988, "Ajani's Pridemate": 34, "Arahbo, the First Fang": 87, "Joust Through": 1460, "Prideful Parent": 2055, "Regal Caracal": 2171, "Savannah Lions": 2309, "Skyknight Squire": 2460, "Banishing Light_SB": 175, "Claws Out_SB": 473, "Ferocification_SB": 952, "Audacity_SB": 143, "Brineborn Cutthroat": 321, "Desecration Demon": 651, "Cynical Loner": 582, "Driver of the Dead": 732, "Gatekeeper of Malakir": 1061, "Infestation Sage": 1369, "Kalastria Highborn": 1473, "Nullpriest of Oblivion": 1870, "Pulse Tracker": 2078, "Vampire Nighthawk": 3022, "Vengeful Bloodwitch": 3038, "Undergrowth Recon": 2942, "Walk-In Closet // Forgotten Cellar": 3114, "An Offer You Can't Refuse": 56, "Carnelian Orb of Dragonkind": 387, "Invasion of Tarkir": 1418, "Sarkhan, Soul Aflame": 2306, "Slagstorm": 2465, "Stingerback Terror": 2584, "Twinflame Tyrant": 2911, "Omniscience": 1901, "Drag to the Roots_SB": 712, "Buried in the Garden": 347, "Clifftop Lookout": 477, "Fecund Greenshell": 931, "Genesis Wave": 1065, "Tender Wildguide": 2709, "Invasion of Regatha": 1415, "Luminous Rebuke": 1653, "Primal Might": 2056, "Arcanis the Omnipotent": 91, "Moment of Craving_SB": 1780, "Tinybones, Bauble Burglar": 2842, "Sphinx of Forgotten Lore_SB": 2528, "Ashnod's Intervention": 127, "Witness Protection_SB": 3174, "Bloodfeather Phoenix_SB": 243, "Koma, World-Eater": 1532, "Valgavoth, Terror Eater_SB": 3007, "Fear of Impostors_SB": 916, "Giada, Font of Hope": 1089, "Guardian of Ghirapur": 1197, "Lyra Dawnbringer": 1662, "Resplendent Angel": 2193, "Youthful Valkyrie": 3195, "Witness Protection": 3173, "Fabrication Foundry": 876, "Fumigate": 1033, "Hammerhand": 1216, "Sawblade Scamp": 2312, "Citanul Stalwart": 464, "Dwynen's Elite": 751, "Elvish Archdruid": 787, "Imperious Perfect": 1358, "Leaf-Crowned Visionary": 1567, "Surrak and Goreclaw": 2647, "Tyvar the Bellicose": 2923, "Tyvar, the Pummeler": 2927, "Dwynen, Gilt-Leaf Daen_SB": 753, "Unsummon_SB": 2973, "Deeproot Wayfinder": 625, "Surrak, the Hunt Caller": 2649, "Wildborn Preserver_SB": 3150, "Sire of Seven Deaths": 2439, "Searslicer Goblin": 2354, "Stromkirk Noble": 2610, "Reclamation Sage": 2157, "Case of the Locked Hothouse_SB": 398, "Bulk Up": 344, "Chandra, Flameshaper": 430, "Swiftblade Vindicator": 2653, "Leyline Axe": 1580, "Sporogenic Infection": 2547, "Commune with Evil_SB": 508, "Fear of Missing Out_SB": 923, "Coppercoat Vanguard_SB": 527, "Garna, Bloodfist of Keld_SB": 1052, "Helpful Hunter": 1273, "Knight of Dawn's Light": 1518, "Raise the Past": 2108, "Enduring Tenacity_SB": 805, "Leyline of Hope_SB": 1584, "Massacre Wurm_SB": 1707, "Burst Lightning_SB": 355, "Archmage of Runes": 103, "Ertai's Scorn": 827, "Metamorphic Blast": 1727, "Unauthorized Exit": 2932, "Harrier Strix_SB": 1232, "Strix Lookout_SB": 2607, "The Tale of Tamiyo_SB": 2778, "Twist Reality_SB": 2913, "Vampire Nighthawk_SB": 3023, "Runic Shot_SB": 2277, "Razorlash Transmogrant": 2140, "Huskburster Swarm_SB": 1345, "Invasion of Tarkir_SB": 1419, "Hearthborn Battler": 1262, "Contaminated Aquifer": 523, "Marauding Brinefang": 1695, "Soul-Guide Lantern": 2499, "Union of the Third Path": 2954, "Vanish into Eternity": 3026, "Dewdrop Cure": 663, "Elesh Norn": 778, "Goblin Surprise": 1146, "Irreverent Gremlin": 1431, "Krenko, Mob Boss": 1542, "Norin, Swift Survivalist": 1860, "Vicious Clown": 3055, "Involuntary Employment_SB": 1427, "Agate-Blade Assassin": 28, "Outlaws' Fury": 1927, "Ravine Raider": 2136, "Agate Assault_SB": 27, "Bake into a Pie_SB": 164, "Hazardous Blast_SB": 1246, "Azorius Guildgate": 157, "Boros Guildgate": 281, "Circuitous Route": 463, "Dimir Guildgate": 667, "Eaten Alive": 757, "Expedition Map": 852, "Golgari Guildgate": 1154, "Gruul Guildgate": 1194, "Insidious Fungus": 1380, "Izzet Guildgate": 1440, "Maze's End": 1710, "Muldrotha, the Gravetide": 1811, "Orzhov Guildgate": 1913, "Rakdos Guildgate": 2110, "Selesnya Guildgate": 2377, "Simic Guildgate": 2436, "Tatyova, Benthic Druid": 2687, "Brightblade Stoat_SB": 318, "Savor_SB": 2311, "Thornwood Falls": 2796, "Candy Trail": 375, "Marauding Blight-Priest": 1694, "Moment of Craving": 1779, "Murder": 1813, "Savor": 2310, "Servant of the Stinger": 2387, "Sanguine Indulgence_SB": 2302, "Soul-Shackled Zombie_SB": 2502, "Deadly Brew": 604, "Tocasia's Dig Site": 2856, "Electrostatic Infantry": 773, "Frenzied Goblin_SB": 1024, "The Autonomous Furnace": 2723, "Impact Tremors": 1356, "Kindlespark Duo": 1509, "Ral's Reinforcements": 2116, "Rodeo Pyromancers": 2252, "Deadeye Duelist_SB": 603, "Skewer Slinger_SB": 2442, "Thunder Salvo_SB": 2829, "Midnight Mayhem": 1735, "Ratcatcher Trainee": 2129, "Scytheclaw Raptor_SB": 2348, "Bartolom\u00e9 del Presidio": 183, "Midnight Reaper": 1736, "Nezumi Linkbreaker": 1841, "Vampire Gourmand": 3021, "Guardian of the Great Door": 1199, "Lonely Arroyo": 1627, "Norn's Inquisitor": 1862, "Spring-Loaded Sawblades": 2549, "Banner of Kinship": 176, "Hare Apparent": 1227, "Kayla's Reconstruction": 1490, "Hinterland Sanctifier_SB": 1310, "Dragon Fodder": 713, "Keldon Strike Team_SB": 1494, "Prophetic Prism": 2070, "Souls of the Lost": 2505, "Basilisk Collar": 186, "Ambush Wolf_SB": 53, "Dead Weight_SB": 602, "Fog of War_SB": 998, "Aetherize": 22, "Peculiar Lighthouse": 1975, "Swiftwater Cliffs": 2656, "Tolarian Terror_SB": 2861, "Union of the Third Path_SB": 2955, "Hidetsugu's Second Rite": 1301, "Ghitu Lavarunner_SB": 1084, "Boulderbranch Golem": 290, "Fierce Empath": 960, "Galewind Moose": 1046, "Gossip's Talent": 1159, "Gruff Triplets": 1193, "Lush Oasis": 1660, "Mirage Mesa": 1749, "Outcaster Greenblade": 1923, "Sunshower Druid_SB": 2633, "Drag the Canal_SB": 708, "Scatter Ray_SB": 2325, "Stingerback Terror_SB": 2585, "Flamewake Phoenix_SB": 978, "Grand Entryway && Elegant Rotunda": 1166, "Karplusan Forest_SB": 1483, "Argoth, Sanctum of Nature": 111, "Cosmic Rebirth": 538, "Elvish Regrower": 790, "Springbloom Druid": 2551, "Titania, Voice of Gaea": 2850, "Tolsimir, Midnight's Light": 2862, "Twisted Fealty": 2914, "Aegis Turtle_SB": 18, "Temple of Malice": 2702, "Night of the Sweets' Revenge": 1844, "Welcome to Sweettooth": 3139, "Cosmium Confluence_SB": 541, "See Double_SB": 2368, "Volatile Fault_SB": 3084, "Fiery Annihilation_SB": 962, "Calix, Guided by Fate_SB": 367, "Divine Resilience_SB": 689, "Unflinching Courage_SB": 2947, "Valorous Stance_SB": 3020, "Trygon Predator_SB": 2900, "Dwynen, Gilt-Leaf Daen": 752, "Lathril, Blade of the Elves": 1556, "Wildborn Preserver": 3149, "Ajani, Caller of the Pride": 35, "Angel of Vitality": 66, "Leonin Vanguard": 1576, "Extinguish the Light_SB": 866, "Nine-Lives Familiar": 1849, "Voracious Greatshark": 3093, "Anthem of Champions": 82, "Armasaur Guide": 114, "Biogenic Upgrade": 210, "Charming Prince": 442, "Dazzling Angel": 598, "Felidar Savior": 945, "Felling Blow": 948, "Gnarlid Colony": 1134, "Good-Fortune Unicorn": 1158, "Inspiring Call": 1384, "Inspiring Paladin": 1386, "Mild-Mannered Librarian": 1741, "Pacifism": 1954, "Wary Thespian": 3127, "Wildwood Scourge": 3153, "Rite of Replication": 2230, "Swiftfoot Boots_SB": 2655, "Eaten by Piranhas_SB": 759, "Axebane Ferox_SB": 154, "Silver Scrutiny_SB": 2432, "Flourishing Bloom-Kin": 991, "Ghalta, Primal Hunger": 1078, "Immersturm Predator": 1353, "Alesha, Who Laughs at Fate": 46, "Aurelia, the Law Above": 145, "Perforating Artist": 1979, "Voldaren Thrillseeker_SB": 3089, "Crash Through": 548, "Drake Hatcher": 717, "Feed the Swarm": 936, "Crawling Barrens": 549, "Mazemind Tome_SB": 1713, "Phyrexian Censor": 1998, "Phyrexian Vindicator": 2009, "Volatile Fault": 3083, "Seal from Existence_SB": 2351, "Stasis Snare_SB": 2569, "Urborg Scavengers": 2987, "Zetalpa, Primal Dawn": 3201, "Chrome Host Seedshark": 455, "Ichormoon Gauntlet": 1348, "Jace Reawakened": 1441, "Jin-Gitaxias": 1451, "Temple of Epiphany": 2700, "Galvanize_SB": 1049, "Tocasia's Welcome": 2857, "Bonehoard Dracosaur": 269, "Dragonlord's Servant": 715, "Incinerator of the Guilty": 1363, "Kolaghan Warmonger": 1529, "Rivaz of the Claw": 2234, "Tyrant of Kher Ridges": 2918, "Burglar Rat": 346, "Halo Forager": 1213, "Macabre Waltz": 1667, "Mindsplice Apparatus": 1744, "Painful Quandary": 1955, "Psychic Whorl": 2074, "Rune-Scarred Demon": 2275, "The Key to the Vault": 2748, "The Rollercrusher Ride_SB": 2765, "Titania, Voice of Gaea_SB": 2851, "Dawn's Truce": 593, "Joint Exploration": 1458, "Titania's Command_SB": 2849, "Colossal Rattlewurm": 498, "Duelist of the Mind": 740, "Rattleback Apothecary": 2130, "Tatyova, Steward of Tides": 2688, "Tomb Trawler_SB": 2864, "Nashi, Searcher in the Dark_SB": 1827, "Inspiration from Beyond": 1383, "Filter Out_SB": 964, "Kutzil, Malamet Exemplar": 1548, "Runic Shot": 2276, "Herald of Eternal Dawn_SB": 1276, "Sun-Blessed Healer_SB": 2621, "Mortify": 1798, "Seeker's Folly": 2371, "Coveted Falcon": 545, "Greed's Gambit_SB": 1176, "Stab": 2557, "Ferocification": 951, "Dreadwing Scavenger": 725, "Broodspinner_SB": 335, "The Gitrog, Ravenous Ride_SB": 2737, "Invasion of Gobakhan": 1407, "Fiery Annihilation": 961, "Beseech the Mirror_SB": 201, "Heroic Reinforcements_SB": 1288, "Peerless Recycling_SB": 1976, "Wing Commando": 3159, "Bloodfell Caves": 244, "Essence Scatter_SB": 834, "Cerebral Confiscation_SB": 425, "Haunted Screen": 1242, "Prayer of Binding": 2051, "Furnace Reins": 1040, "River's Rebuke": 2235, "Koma, World-Eater_SB": 1533, "Primeval Bounty_SB": 2058, "River's Rebuke_SB": 2236, "Regal Caracal_SB": 2172, "Kiora, the Rising Tide_SB": 1512, "Rat Out_SB": 2127, "Plains_SB": 2028, "Faebloom Trick_SB": 881, "Throne of the Grim Captain": 2824, "The Kenriths' Royal Funeral_SB": 2747, "Saiba Cryptomancer": 2293, "Zoetic Glyph_SB": 3207, "Seized from Slumber_SB": 2376, "Inspiring Overseer": 1385, "Mischievous Pup": 1758, "Angel of Finality_SB": 65, "Kraul Whipcracker": 1537, "Wardens of the Cycle": 3120, "Badlands Revival": 162, "Copper Host Crusher": 525, "Feed the Infection": 935, "Vinereap Mentor_SB": 3059, "Belligerent Yearling": 199, "Colossadactyl": 497, "Earthshaker Dreadmaw": 756, "Giant Cindermaw": 1091, "Itzquinth, Firstborn of Gishath": 1434, "Ixalli's Lorekeeper": 1437, "Rogue's Passage": 2253, "Scytheclaw Raptor": 2347, "Thrashing Brontodon": 2809, "Triumphant Chomp": 2897, "Armored Kincaller_SB": 117, "Ankle Biter": 71, "Fynn, the Fangbearer": 1042, "Nimraiser Paladin": 1848, "The Hunter Maze": 2739, "At Knifepoint": 137, "Fanatical Firebrand": 897, "Hellspur Brute": 1269, "Caught in the Crossfire_SB": 408, "Mourner's Surprise_SB": 1806, "Unflinching Courage": 2946, "Sanguine Evangelist_SB": 2301, "Sandstorm Salvager": 2297, "Hired Claw_SB": 1312, "Autonomous Assembler": 149, "Quintorius Kand": 2091, "Kayla's Command_SB": 1489, "Starfall Invocation_SB": 2565, "Luminous Rebuke_SB": 1654, "Massacre Wurm": 1706, "Stalactite Stalker": 2559, "Felidar Retreat_SB": 944, "Dreamdew Entrancer_SB": 727, "Spinner of Souls_SB": 2536, "Gisa, the Hellraiser_SB": 1102, "Bitter Reunion_SB": 215, "Jace Reawakened_SB": 1442, "Dust Animus": 747, "Steel Seraph_SB": 2578, "Dust Animus_SB": 748, "Gumdrop Poisoner_SB": 1204, "Archangel of Tithes_SB": 96, "Demonic Counsel_SB": 643, "Warleader's Call_SB": 3124, "Phyrexian Censor_SB": 1999, "Rat Out": 2126, "Herbology Instructor": 1279, "Restless Bivouac_SB": 2201, "Lively Dirge_SB": 1617, "Imperious Perfect_SB": 1359, "Sandstorm Salvager_SB": 2298, "Tough Cookie_SB": 2873, "Raucous Carnival_SB": 2132, "Cavernous Maw": 416, "Forgotten Monument": 1009, "Titania's Command": 2848, "Funeral Room // Awakening Hall_SB": 1036, "Rise of the Dark Realms_SB": 2228, "Urza, Lord Protector": 2998, "Curious Forager": 574, "The Mycotyrant": 2759, "Sporogenic Infection_SB": 2548, "Seize the Spoils": 2374, "Canonized in Blood": 378, "Cemetery Recruitment": 421, "Diregraf Ghoul": 668, "Hungry Ghoul": 1339, "Mephitic Draught": 1724, "Offer Immortality": 1888, "Sanguine Syphoner": 2303, "Skeleton Archer": 2441, "Vampiric Rites": 3025, "Temple of Enlightenment": 2699, "Fumigate_SB": 1034, "Valkyrie's Call_SB": 3009, "Skystrike Officer": 2464, "Mockingbird_SB": 1771, "Temple of Mystery": 2703, "Timely Interference": 2838, "Vesuvan Duplimancy": 3047, "Dive Down_SB": 685, "Scrawling Crawler_SB": 2340, "Dryad Militant_SB": 738, "Bristlebud Farmer": 326, "Charred Foyer && Warped Space_SB": 444, "Absolving Lammasu_SB": 6, "Coruscation Mage_SB": 536, "Think Twice": 2783, "Micromancer_SB": 1734, "Bruse Tarl, Roving Rancher": 338, "Fblthp, Lost on the Range": 908, "Weakstone's Subjugation": 3132, "Fblthp, Lost on the Range_SB": 909, "Weakstone's Subjugation_SB": 3133, "Bottomless Pool && Locker Room": 286, "Hidetsugu's Second Rite_SB": 1302, "Invasion of Karsus_SB": 1413, "Mirror Room && Fractured Realm_SB": 1754, "Sword of Wealth and Power_SB": 2663, "Wildfire Howl_SB": 3151, "Zurgo and Ojutai_SB": 3217, "Halo Forager_SB": 1214, "Mabel, Heir to Cragflame_SB": 1666, "Ballyrush Banneret": 167, "Siege Veteran_SB": 2424, "Soulstone Sanctuary_SB": 2507, "Karn, Living Legacy": 1480, "Metropolis Reformer": 1731, "Krenko's Buzzcrusher_SB": 1541, "Blood Spatter Analysis": 241, "Final Vengeance_SB": 969, "Silverback Elder_SB": 2433, "Rundvelt Hordemaster": 2273, "Branchblight Stalker": 301, "Gitaxian Anatomist": 1104, "Goliath Hatchery": 1155, "Ichorspit Basilisk": 1349, "Lakeside Shack": 1553, "Maze's Mantle": 1711, "Mesmerizing Dose": 1726, "Paladin of Predation": 1961, "Plague Nurse": 2026, "Tainted Observer": 2673, "Tangled Islet": 2684, "Thrummingbird": 2826, "Tyrranax Atrocity": 2920, "Venomous Brutalizer": 3042, "Viral Spawning": 3062, "Vivisurgeon's Insight": 3078, "Angelic Intervention": 67, "Omenpath Journey": 1900, "Poison Dart Frog": 2035, "Rampaging Baloths": 2119, "Migloz, Maze Crusher_SB": 1740, "Seraphic Steed": 2382, "Meticulous Excavation_SB": 1730, "Seeker's Folly_SB": 2372, "Realmbreaker, the Invasion Tree": 2148, "Deeproot Pilgrimage": 623, "Mistway Spy": 1767, "Grabby Giant": 1162, "Rite of the Dragoncaller": 2231, "Hulking Raptor": 1338, "Pugnacious Hammerskull": 2076, "Aegis Turtle": 17, "Venerated Rotpriest_SB": 3037, "Gwenna, Eyes of Gaea": 1205, "Halana and Alena, Partners": 1208, "Inga and Esika": 1371, "Myrel, Shield of Argive": 1818, "Hajar, Loyal Bodyguard_SB": 1207, "Surrak and Goreclaw_SB": 2648, "Invasion of Kaldheim": 1411, "Doomsday Excruciator_SB": 696, "Getaway Glamer_SB": 1075, "Bottomless Pool // Locker Room": 288, "Necrogen Communion": 1828, "Vraska Joins Up": 3101, "Thirsting Roots_SB": 2788, "Battlefly Swarm": 191, "Solemn Simulacrum": 2487, "Maha, Its Feathers Night_SB": 1678, "The Stone Brain": 2772, "Decadent Dragon_SB": 617, "Viashino Pyromancer_SB": 3054, "Defiled Crypt // Cadaver Lab_SB": 635, "Heraldic Banner": 1277, "Heraldic Banner_SB": 1278, "Thalia and The Gitrog Monster": 2718, "Surgical Suite && Hospital Room_SB": 2644, "Rebel Salvo_SB": 2152, "Entity Tracker_SB": 818, "Aether Channeler": 19, "Defiled Crypt && Cadaver Lab": 632, "Exuberant Fuseling": 870, "Thundertrap Trainer_SB": 2835, "Abuelo's Awakening": 7, "Kitsa, Otterball Elite_SB": 1517, "Rona, Herald of Invasion_SB": 2259, "Unnerving Grasp_SB": 2960, "Fear of Surveillance": 924, "Wilt-Leaf Liege_SB": 3156, "Mechanized Warfare": 1717, "Muerra, Trash Tactician": 1809, "Kona, Rescue Beastie": 1534, "Time Stop": 2836, "Fleeting Flight_SB": 982, "Trash the Town_SB": 2887, "Crumb and Get It": 556, "Quick Draw_SB": 2089, "Smuggler's Surprise_SB": 2481, "Whisper of the Dross": 3144, "Vraska's Fall_SB": 3103, "Blasphemous Edict": 225, "Bottomless Pool // Locker Room_SB": 289, "The Princess Takes Flight_SB": 2761, "Anim Pakal, Thousandth Moon_SB": 70, "Adaptive Automaton": 14, "Three Tree Mascot": 2818, "Palani's Hatcher": 1962, "Temple of Abandon": 2697, "Mischievous Mystic": 1757, "Defiler of Flesh": 637, "Garruk's Uprising": 1053, "Zul Ashur, Lich Lord": 3213, "Kraul Whipcracker_SB": 1538, "Restless Reef_SB": 2207, "Lifecreed Duo": 1596, "At Knifepoint_SB": 138, "Monstrous Rage_SB": 1793, "Kellan's Lightblades_SB": 1496, "Blasphemous Edict_SB": 226, "Annie Flash, the Veteran_SB": 74, "Defiled Crypt && Cadaver Lab_SB": 633, "Cultivator's Caravan": 569, "Scene of the Crime": 2329, "Demonic Ruckus_SB": 649, "Impact Tremors_SB": 1357, "Coveted Falcon_SB": 546, "Wishclaw Talisman_SB": 3164, "Swooping Lookout": 2657, "Recruitment Officer_SB": 2162, "Oko, the Ringleader_SB": 1896, "Kambal, Profiteering Mayor": 1474, "Kaya, Spirits' Justice_SB": 1488, "Highway Robbery_SB": 1308, "Intrepid Paleontologist": 1398, "Bolt Bend_SB": 263, "Wishclaw Talisman": 3163, "Feldon's Cane": 938, "Neutralize the Guards": 1837, "Ayli, Eternal Pilgrim": 156, "Disturbing Conversion": 681, "Shipwreck Dowser": 2407, "Abuelo's Awakening_SB": 8, "Builder's Talent_SB": 343, "Eerie Interference_SB": 765, "Imprisoned in the Moon_SB": 1360, "Inquisitive Glimmer_SB": 1377, "Refute_SB": 2168, "Untimely Malfunction": 2974, "Argentum Masticore": 109, "Hall of Tagsin": 1211, "Hedron Archive": 1266, "The Mycosynth Gardens": 2758, "Tomakul Honor Guard": 2863, "Obstinate Baloth": 1884, "Bramble Familiar": 299, "Felonious Rage_SB": 950, "Sphinx of the Final Word_SB": 2529, "Walk with the Ancestors": 3111, "Meathook Massacre II_SB": 1716, "Repulsive Mutation": 2187, "Sylvan Scavenging_SB": 2666, "Thundering Falls_SB": 2831, "Dowsing Device": 704, "Gleaming Geardrake": 1122, "Saheeli, Filigree Master": 2291, "Saheeli, Filigree Master_SB": 2292, "Scrawling Crawler": 2339, "Case of the Ransacked Lab": 399, "The Surgical Bay": 2774, "Enduring Courage_SB": 799, "War Squeak_SB": 3117, "Spirebluff Canal_SB": 2538, "Ajani, Sleeper Agent": 38, "Charge of the Mites": 440, "Chandra, Flameshaper_SB": 431, "Expel the Interlopers": 853, "Bite Down": 212, "Gaea's Gift": 1044, "Trash the Town": 2886, "Corsair Captain": 534, "Lost Jitte_SB": 1645, "Blazing Crescendo_SB": 231, "Rip, Spawn Hunter": 2225, "Funeral Room // Awakening Hall": 1035, "Outlaw Medic": 1925, "Wilt-Leaf Liege": 3155, "Thousand Moons Smithy_SB": 2804, "Blightbelly Rat": 234, "Unnatural Restoration": 2957, "Carnivorous Canopy_SB": 388, "Gaea's Gift_SB": 1045, "Give In to Violence_SB": 1106, "Cityscape Leveler_SB": 466, "Nahiri's Resolve_SB": 1822, "Brazen Collector": 308, "Generous Plunderer": 1064, "Trial of Agony": 2892, "Zoyowa's Justice": 3212, "Ancestors' Aid_SB": 61, "Leyline of Resonance_SB": 1586, "Churning Reservoir": 459, "Magmatic Sprinter": 1674, "Sardian Cliffstomper": 2304, "Solphim, Mayhem Dominus": 2489, "The Monumental Facade": 2757, "Churning Reservoir_SB": 460, "Magmatic Sprinter_SB": 1675, "Monastery Swiftspear_SB": 1788, "Sardian Cliffstomper_SB": 2305, "Malcolm, Alluring Scoundrel_SB": 1685, "Repel Calamity_SB": 2186, "Samut, Vizier of Naktamun": 2295, "Call a Surprise Witness": 368, "Trostani, Three Whispers": 2898, "Tribute to the World Tree_SB": 2895, "Taii Wakeen, Perfect Shot": 2669, "Unruly Catapult": 2961, "Glassworks // Shattered Yard_SB": 1119, "Hulking Metamorph": 1337, "Surge Engine_SB": 2639, "Fake Your Own Death": 890, "Massacre Girl, Known Killer": 1704, "Massacre Girl, Known Killer_SB": 1705, "Rakdos Joins Up_SB": 2112, "Rakdos, the Muscle_SB": 2115, "Ghalta and Mavren": 1077, "Hide in Plain Sight": 1297, "Progenitus": 2065, "Crystal Barricade": 564, "Green Sun's Twilight_SB": 1179, "Break Down the Door": 311, "Bubble Smuggler": 341, "Cryptid Inspector": 563, "Cursed Windbreaker": 578, "Exit Specialist": 849, "Polukranos Reborn_SB": 2041, "Hazardroot Herbalist": 1247, "Head of the Homestead": 1250, "Rabbit Response": 2093, "Treeguard Duo": 2890, "Uncharted Haven": 2934, "Warren Elder": 3125, "Head of the Homestead_SB": 1251, "Grab the Prize_SB": 1161, "Stroke of Midnight_SB": 2609, "Delney, Streetwise Lookout": 638, "Stroke of Midnight": 2608, "Ragged Playmate": 2104, "Fear of Surveillance_SB": 925, "Grand Entryway // Elegant Rotunda_SB": 1168, "Norin, Swift Survivalist_SB": 1861, "Ragged Playmate_SB": 2105, "Wandertale Mentor": 3115, "Vodalian Mindsinger_SB": 3081, "Eriette's Tempting Apple": 821, "Experimental Confectioner": 856, "Feed the Cauldron": 932, "Gingerbread Hunter": 1099, "Greta, Sweettooth Scourge": 1184, "Mintstrosity": 1748, "Return from the Wilds": 2217, "Scream Puff": 2341, "Spider Food": 2530, "Sweettooth Witch": 2652, "Three Bowls of Porridge": 2814, "Sugar Rush_SB": 2617, "Leonin Vanguard_SB": 1577, "Ruin-Lurker Bat_SB": 2270, "The Millennium Calendar_SB": 2755, "Veteran Survivor_SB": 3050, "Corrupted Conviction_SB": 533, "Deadly Brew_SB": 605, "Cheeky House-Mouse_SB": 449, "Dryad Militant": 737, "Contagious Vorrac": 522, "Necrogen Rotpriest": 1829, "Armored Scrapgorger_SB": 119, "Invasion of Fiora_SB": 1406, "Rush of Dread_SB": 2280, "Magebane Lizard": 1672, "Final Flourish_SB": 965, "Time Stop_SB": 2837, "Unnatural Restoration_SB": 2958, "Founding the Third Path_SB": 1016, "Binding Negotiation": 208, "Vraska, the Silencer": 3106, "Barkform Harvester": 180, "Rampaging Spiketail": 2121, "Invasion of Ergamon": 1405, "Beastie Beatdown_SB": 196, "Break Out_SB": 313, "Vengeful Possession": 3039, "Repair and Recharge": 2184, "Step Between Worlds_SB": 2580, "Hearthborn Battler_SB": 1263, "Hellspur Posse Boss": 1271, "Cynical Loner_SB": 583, "Hellspur Brute_SB": 1270, "Kemba, Kha Enduring": 1505, "Swiftfoot Boots": 2654, "Astor, Bearer of Blades_SB": 136, "Consuming Aberration": 521, "Knight of Dusk's Shadow": 1520, "No One Left Behind_SB": 1857, "Botanical Brawler": 284, "Dusk Legion Duelist": 744, "Stocking the Pantry": 2588, "Tribute to the World Tree": 2894, "Collector's Cage_SB": 492, "Dragonmaster Outcast": 716, "Evolved Sleeper": 845, "Friendly Teddy": 1025, "Consumed by Greed_SB": 520, "Hop to It_SB": 1323, "Skyfisher Spider_SB": 2459, "Chart a Course_SB": 447, "Johann's Stopgap_SB": 1456, "Let's Play a Game_SB": 1579, "Kroxa and Kunoros": 1543, "Festerleech": 954, "Fallaji Archaeologist_SB": 893, "Shrouded Shepherd": 2421, "Garruk's Uprising_SB": 1054, "Hexgold Halberd": 1290, "Surgical Suite && Hospital Room": 2643, "Soul Search": 2496, "Daggerfang Duo": 584, "Deathbloom Gardener": 611, "Hoarding Recluse": 1315, "Moonstone Harbinger": 1797, "Pestilent Syphoner": 1986, "Ygra, Eater of All": 3191, "Pile On": 2017, "Llanowar Elves_SB": 1620, "Mosswood Dreadknight_SB": 1803, "Take for a Ride_SB": 2676, "Fleeting Flight": 981, "Boltwave_SB": 265, "Cactarantula": 361, "Stormchaser's Talent_SB": 2601, "Think Twice_SB": 2784, "Ashnod's Harvester": 126, "Warhost's Frenzy": 3122, "Rustler Rampage": 2282, "Wojek Investigator": 3175, "Searslicer Goblin_SB": 2355, "Felidar Cub": 941, "Oracle of Tragedy": 1909, "Tarrian's Journal": 2686, "Dusk Rose Reliquary_SB": 746, "Felidar Cub_SB": 942, "Knight-Errant of Eos_SB": 1525, "Ruthless Lawbringer_SB": 2284, "Detective's Satchel": 659, "Forensic Gadgeteer_SB": 1004, "Ice Out_SB": 1346, "Geralf, the Fleshwright": 1068, "Geralf, the Fleshwright_SB": 1069, "Claim Jumper_SB": 469, "Mirrex_SB": 1753, "Eaten Alive_SB": 758, "Ojer Pakpatiq, Deepest Epoch": 1893, "Disturbing Conversion_SB": 682, "Lithomantic Barrage": 1613, "Enduring Vitality_SB": 807, "Audience with Trostani_SB": 144, "Leyline of the Void": 1590, "Sentinel of Lost Lore": 2378, "Wylie Duke, Atiin Hero": 3187, "Defiler of Dreams_SB": 636, "Omen Hawker": 1898, "All Will Be One": 48, "Into the Fire": 1393, "Invasion of Karsus": 1412, "Surgical Suite // Hospital Room_SB": 2646, "Cosmic Hunger": 537, "Paranormal Analyst": 1964, "Vannifar, Evolved Enigma": 3030, "Fog Bank_SB": 997, "Talion, the Kindly Lord_SB": 2682, "Extraordinary Journey": 868, "Gold Pan": 1150, "Extraordinary Journey_SB": 869, "Nurturing Pixie_SB": 1873, "Balemurk Leech": 165, "Bashful Beastie": 185, "Cackling Slasher": 359, "Defiant Survivor": 631, "Fear of the Dark": 926, "Flesh Burrower": 985, "Give In to Violence": 1105, "Grasping Longneck": 1169, "Horrid Vigor": 1329, "Innocuous Rat": 1375, "Let's Play a Game": 1578, "Wickerfolk Thresher": 3148, "Winter's Intervention": 3160, "Moonshaker Cavalry": 1796, "Leyline of Transformation": 1588, "Saheeli's Lattice": 2290, "Etali, Primal Storm_SB": 838, "Connecting the Dots_SB": 516, "Adamant Will": 13, "Goldvein Pick": 1153, "Moment of Triumph": 1781, "Pilfer": 2019, "Public Thoroughfare": 2075, "Undying Malice": 2944, "Cancel_SB": 373, "Opt_SB": 1906, "Bushwhack_SB": 357, "Mistbreath Elder_SB": 1766, "Polliwallop_SB": 2038, "Realmbreaker's Grasp_SB": 2147, "Stickytongue Sentinel_SB": 2583, "Tumbleweed Rising_SB": 2901, "Analyze the Pollen_SB": 59, "Annihilating Glare": 76, "Fanatical Offering": 899, "Sword of Wealth and Power": 2662, "Makeshift Binding": 1682, "Pelakka Wurm": 1977, "Jump Scare_SB": 1463, "Progenitus_SB": 2066, "Harvestrite Host": 1235, "Cut Short_SB": 581, "Family Reunion_SB": 894, "Skulduggery": 2450, "Skulduggery_SB": 2451, "Lassoed by the Law": 1554, "Mabel's Mettle": 1664, "Minor Misstep": 1746, "Central Elevator // Promising Stairs": 423, "Creeping Peeper": 551, "Dazzling Theater // Prop Room": 600, "Erratic Apparition": 824, "Fear of Falling": 914, "Lionheart Glimmer": 1611, "Restricted Office // Lecture Hall": 2215, "Stalked Researcher_SB": 2561, "Tunnel Surveyor_SB": 2905, "Ajani, Nacatl Pariah": 37, "Arena of Glory": 108, "Arid Mesa": 113, "Fable of the Mirror-Breaker": 873, "Flooded Strand": 986, "Galvanic Discharge": 1047, "Goblin Bombardment": 1139, "Guide of Souls": 1200, "Marsh Flats": 1702, "Ocelot Pride": 1887, "Phlage, Titan of Fire's Fury": 1993, "Ragavan, Nimble Pilferer": 2102, "Sacred Foundry": 2289, "Showdown of the Skalds": 2418, "Static Prison": 2570, "Thraben Charm": 2805, "Windswept Heath": 3158, "Drannith Magistrate_SB": 720, "Fear, Fire, Foes!_SB": 927, "Obsidian Charmaw_SB": 1883, "Orim's Chant_SB": 1911, "Showdown of the Skalds_SB": 2419, "Stony Silence_SB": 2595, "Surgical Extraction_SB": 2642, "Wear // Tear_SB": 3134, "Blazing Rootwalla": 232, "Bloodstained Mire": 249, "Burning Inquiry": 349, "Detective's Phoenix": 658, "Faithless Looting": 889, "Flameblade Adept": 975, "Goblin Lore": 1143, "Hollow One": 1317, "Lightning Bolt": 1598, "Stomping Ground": 2594, "Street Wraith": 2605, "Vengevine": 3041, "Wooded Foothills": 3176, "Cursed Totem_SB": 577, "Meltdown_SB": 1721, "Barbarian Ring": 178, "Eidolon of the Great Revel": 768, "Flare of Duplication": 979, "Goblin Guide": 1142, "Lava Spike": 1560, "Rift Bolt": 2222, "Searing Blaze": 2352, "Skewer the Critics": 2443, "Skullcrack": 2454, "Sunbaked Canyon": 2622, "Ensnaring Bridge_SB": 813, "Faerie Macabre_SB": 884, "Smash to Smithereens_SB": 2478, "Amulet of Vigor": 55, "Arboreal Grazer": 89, "Boseiju, Who Endures": 282, "Crumbling Vestige": 558, "Dryad Arbor": 736, "Dryad of the Ilysian Grove": 739, "Echoing Deeps": 761, "Explore": 858, "Green Sun's Zenith": 1180, "Gruul Turf": 1196, "Hanweir Battlements": 1218, "Lotus Field": 1648, "Mirrorpool": 1756, "Misty Rainforest": 1768, "Otawara, Soaring City": 1919, "Primeval Titan": 2059, "Scapeshift": 2323, "Shifting Woodland": 2406, "Simic Growth Chamber": 2435, "Summoner's Pact": 2619, "Tolaria West": 2859, "Urza's Cave": 2992, "Urza's Saga": 2995, "Valakut, the Molten Pinnacle": 3001, "Vesuva": 3045, "Bojuka Bog_SB": 262, "Collector Ouphe_SB": 490, "Defense Grid_SB": 630, "Dismember_SB": 675, "Endurance_SB": 797, "Force of Vigor_SB": 1001, "Tireless Tracker_SB": 2845, "Vampires' Vengeance_SB": 3024, "Archon of Cruelty": 105, "Blood Crypt": 238, "Dwarven Mine": 750, "Indomitable Creativity": 1365, "Jetmir's Garden": 1450, "Persist": 1982, "Prismatic Ending": 2062, "Scalding Tarn": 2318, "Wrenn and Six": 3183, "Xander's Lounge": 3188, "Boseiju, Who Endures_SB": 283, "Damping Sphere_SB": 585, "Hurkyl's Recall_SB": 1342, "Toxic Deluge_SB": 2874, "Cling to Dust": 478, "Counterspell": 544, "Fatal Push": 903, "Force of Negation": 1000, "Harbinger of the Seas": 1220, "Murktide Regent": 1815, "Polluted Delta": 2039, "Preordain": 2054, "Psychic Frog": 2073, "Sink into Stupor": 2438, "Spell Snare": 2520, "Thought Scour": 2798, "Unearth": 2945, "Watery Grave": 3130, "Consign to Memory_SB": 518, "Engineered Explosives_SB": 810, "Mystical Dispute_SB": 1820, "Nihil Spellbomb_SB": 1846, "Spell Pierce_SB": 2519, "The Meathook Massacre_SB": 2752, "Brazen Borrower": 306, "Orcish Bowmasters": 1910, "Steam Vents": 2572, "Thoughtseize": 2801, "Harbinger of the Seas_SB": 1221, "Stern Scolding_SB": 2582, "Godless Shrine": 1149, "Phelia, Exuberant Shepherd": 1992, "Seasoned Pyromancer": 2364, "Thoughtseize_SB": 2802, "Wrath of the Skies_SB": 3179, "Den of the Bugbear": 650, "Devastating Summons": 660, "Foundry Street Denizen": 1017, "Goblin Bushwhacker": 1140, "Goblin Grenade": 1141, "Goblin Piledriver": 1145, "Legion Loyalist": 1573, "Mogg War Marshal": 1772, "Reckless Bushwhacker": 2153, "Skirk Prospector": 2444, "Sokenzan, Crucible of Defiance": 2486, "Blood Moon_SB": 240, "Magus of the Moon_SB": 1676, "Reality Hemorrhage_SB": 2145, "Shattering Spree_SB": 2397, "Tormod's Crypt_SB": 2870, "Ziatora's Proving Ground": 3203, "Terastodon_SB": 2710, "Veil of Summer_SB": 3033, "Tamiyo, Inquisitive Student": 2683, "Fable of the Mirror-Breaker_SB": 874, "Consider": 517, "Graveyard Trespasser": 1170, "Exquisite Firecraft_SB": 861, "Searing Blood_SB": 2353, "Tunnel Ignus_SB": 2903, "Chained to the Rocks": 426, "Chained to the Rocks_SB": 427, "Ragavan, Nimble Pilferer_SB": 2103, "Vexing Bauble": 3051, "Colossal Skyturtle_SB": 499, "Generous Ent_SB": 1063, "Grist, the Hunger Tide_SB": 1190, "Hexdrinker_SB": 1289, "Over the Edge_SB": 1931, "Poison Dart Frog_SB": 2036, "Slice from the Shadows": 2471, "Talion, the Kindly Lord": 2681, "Come Back Wrong": 503, "Glassworks // Shattered Yard": 1118, "Beamtown Beatstick": 193, "Celestial Armor": 420, "Diamond Pick-Axe": 666, "Carrot Cake_SB": 391, "Edgewall Inn": 764, "Goliath Hatchery_SB": 1156, "Balmor, Battlemage Captain": 168, "Bria, Riptide Rogue": 317, "Freeze in Place": 1022, "Relic's Roar": 2178, "Run Away Together_SB": 2271, "Scalding Viper_SB": 2320, "Harrier Strix": 1231, "Snaremaster Sprite": 2484, "Hardened Escort": 1226, "Holy Cow": 1319, "Living Phone": 1618, "Unsettling Twins": 2965, "Feather of Flight_SB": 930, "Possessed Goat_SB": 2049, "Raccoon Rallier_SB": 2096, "Rogue's Passage_SB": 2254, "The Jolly Balloon Man_SB": 2746, "Unsettling Twins_SB": 2966, "Heartfire Hero_SB": 1256, "Inti, Seneschal of the Sun_SB": 1389, "Pests of Honor": 1988, "Three Blind Mice": 2813, "Dauntless Dismantler_SB": 592, "Phoenix Chick_SB": 1995, "Gleaming Barrier": 1120, "Gleaming Barrier_SB": 1121, "Solemn Simulacrum_SB": 2488, "Sure Strike_SB": 2637, "Twinferno_SB": 2910, "Ancestors' Aid": 60, "Furious Bellow": 1037, "Ghitu Amplifier": 1082, "Heartfire Immolator": 1257, "Sure Strike": 2636, "Whiskerquill Scribe": 3143, "Brambleguard Captain": 300, "Defabricate": 626, "Fear of Burning Alive": 913, "Iron-Fist Pulverizer": 1430, "Johann, Apprentice Sorcerer": 1457, "Keldon Flamesage": 1493, "Kraum, Violent Cacophony": 1539, "Molten Tributary": 1778, "Nightwhorl Hermit": 1845, "Pyrotechnic Performer": 2083, "Razzle-Dazzler": 2144, "Stop Cold": 2596, "Thopter Mechanic": 2793, "Vesuvan Drifter": 3046, "Involuntary Cooldown_SB": 1426, "Kellan, Planar Trailblazer_SB": 1501, "Mishra's Command_SB": 1762, "Out of Air_SB": 1922, "Plan the Heist_SB": 2029, "Sleight of Hand_SB": 2470, "Trick Shot_SB": 2896, "Violent Urge_SB": 3061, "The Filigree Sylex": 2735, "Halo Hopper": 1215, "Charge of the Mites_SB": 441, "Hellspur Posse Boss_SB": 1272, "Grand Abolisher": 1164, "Unnerving Grasp": 2959, "Fynn, the Fangbearer_SB": 1043, "Harbinger of the Tides": 1222, "Harbinger of the Tides_SB": 1223, "Bottomless Pool && Locker Room_SB": 287, "Cat Collector": 404, "Pile On_SB": 2018, "Growing Rites of Itlimoc": 1192, "Feldon, Ronom Excavator": 940, "Roc Hunter": 2247, "Adventuring Gear_SB": 16, "Fear of Being Hunted_SB": 912, "Vicious Clown_SB": 3056, "Into the Roil": 1396, "Into the Roil_SB": 1397, "Ayara, Widow of the Realm": 155, "Arachnoid Adaptation": 86, "Throw from the Saddle": 2825, "Longstalk Brawl_SB": 1633, "Thrill of Possibility_SB": 2823, "Season of Gathering": 2356, "Warren Warleader": 3126, "Horrid Vigor_SB": 1330, "Lionheart Glimmer_SB": 1612, "Omnivorous Flytrap_SB": 1903, "Seasoned Warrenguard_SB": 2366, "Jump Scare": 1462, "Niko, Light of Hope": 1847, "Stalked Researcher": 2560, "Tunnel Surveyor": 2904, "Fear of Isolation_SB": 920, "Splash Portal_SB": 2542, "Demonic Pact_SB": 647, "Rite of the Dragoncaller_SB": 2232, "Valorous Stance": 3019, "Lodestone Needle": 1626, "Sawblade Skinripper_SB": 2314, "Afterburner Expert": 24, "Draconautics Engineer": 705, "Dredger's Insight": 730, "Loot, the Pathfinder": 1636, "Molt Tender": 1774, "Restless Spire_SB": 2211, "Grim Bauble": 1188, "Sunbillow Verge": 2623, "Momentum Breaker": 1783, "Spell Pierce": 2518, "Debris Beetle": 614, "Wastewood Verge": 3129, "Vein Ripper_SB": 3035, "Bleachbone Verge": 233, "Intimidation Tactics": 1391, "Ketramose, the New Dawn": 1506, "Oildeep Gearhulk": 1889, "Haunt the Network_SB": 1239, "Bartolom\u00e9 del Presidio_SB": 184, "Lunar Convocation_SB": 1657, "Bloodghast": 245, "Valley Rotcaller_SB": 3016, "Oildeep Gearhulk_SB": 1890, "Gleeful Demolition_SB": 1124, "Monument to Endurance": 1794, "Ride's End": 2220, "Defend the Rider": 628, "Hazoret, Godseeker": 1249, "Willowrush Verge": 3154, "Outpace Oblivion_SB": 1928, "Transmutation Font": 2883, "Braided Net_SB": 296, "Cunning Coyote_SB": 571, "Chandra, Spark Hunter_SB": 435, "Explosive Derailment_SB": 860, "Bounce Off": 292, "Greasewrench Goblin": 1172, "Marauding Mako": 1696, "Riverpyre Verge": 2240, "Scrounging Skyray": 2346, "Bounce Off_SB": 293, "Lightwheel Enhancements": 1603, "Grim Bauble_SB": 1189, "Momentum Breaker_SB": 1784, "Tomik, Wielder of Law_SB": 2865, "Engine Rat": 808, "Gonti, Night Minister": 1157, "Perilous Snare": 1980, "Teysa, Opulent Oligarch": 2717, "Memory Guardian": 1722, "Mendicant Core, Guidelight": 1723, "Diversion Unit_SB": 687, "The Aetherspark": 2720, "Brightglass Gearhulk": 320, "Voyager Glidecar": 3098, "Chandra, Spark Hunter": 434, "Intimidation Tactics_SB": 1392, "Optimistic Scavenger_SB": 1908, "Captain Howler, Sea Scourge": 380, "Gastal Thrillroller": 1058, "Mishra's Command": 1761, "Phyrexian Dragon Engine": 2000, "Riptide Gearhulk": 2226, "Transit Mage": 2882, "Diversion Unit": 686, "Muraganda Raceway": 1812, "Nesting Bot": 1834, "Repurposing Bay": 2189, "Lumbering Worldwagon": 1651, "Gastal Thrillroller_SB": 1059, "Lifecraft Engine": 1595, "Mindspring Merfolk": 1745, "Mu Yanling, Wind Rider": 1807, "Caelorna, Coral Tyrant_SB": 362, "Overrun": 1947, "Heliod, the Radiant Dawn": 1268, "Twinblade Blessing": 2908, "The Speed Demon_SB": 2770, "Zephyr Singer_SB": 3200, "Burnout Bashtronaut": 351, "Defend the Rider_SB": 629, "Demonic Junker": 644, "Nexus of Becoming": 1839, "Amonkhet Raceway": 54, "Gastal Thrillseeker": 1060, "The Last Ride": 2749, "The Speed Demon": 2769, "Ancient Vendetta_SB": 64, "Monument to Endurance_SB": 1795, "Quag Feast": 2084, "Gastal Raider_SB": 1057, "Howlsquad Heavy": 1333, "Count on Luck_SB": 543, "Ketramose, the New Dawn_SB": 1507, "Thunderous Velocipede": 2832, "Regal Imperiosaur": 2173, "Intrepid Paleontologist_SB": 1399, "Voyager Glidecar_SB": 3099, "Fuel the Flames": 1028, "Skycrash": 2456, "Broadside Barrage_SB": 332, "Fuel the Flames_SB": 1029, "Locust Spray": 1625, "Invasion of Regatha_SB": 1416, "Riverchurn Monument": 2237, "Agonasaur Rex": 31, "Tyrox, Saurid Tyrant": 2919, "Coalstoke Gearhulk_SB": 482, "Boosted Sloop": 278, "Broadside Barrage": 331, "Thopter Fabricator_SB": 2792, "Sandstalker Moloch_SB": 2296, "Esoteric Duplicator": 830, "Voyage Home": 3097, "Aether Syphon_SB": 21, "Spectacular Pileup": 2512, "Ride's End_SB": 2221, "Thalia and The Gitrog Monster_SB": 2719, "Leaf-Crowned Visionary_SB": 1568, "Mossborn Hydra_SB": 1801, "Overrun_SB": 1948, "Painful Quandary_SB": 1956, "Wardens of the Cycle_SB": 3121, "Zahur, Glory's Past": 3197, "Quag Feast_SB": 2085, "Collision Course_SB": 496, "Playful Shove": 2031, "Red Sun's Twilight_SB": 2163, "Perilous Snare_SB": 1981, "Debris Beetle_SB": 615, "Pit Automaton": 2023, "Visage of Dread": 3074, "The Last Ride_SB": 2750, "Visage of Dread_SB": 3075, "Fearless Swashbuckler": 928, "Unctus, Grand Metatect": 2935, "Mishra, Claimed by Gix": 1764, "Bloated Contaminator_SB": 237, "Melira, the Living Cure_SB": 1720, "The Aetherspark_SB": 2721, "Webstrike Elite": 3137, "Webstrike Elite_SB": 3138, "Coiling Rebirth_SB": 486, "Invasion of Mercadia": 1414, "Gas Guzzler": 1055, "Say Its Name_SB": 2316, "Spectral Interference_SB": 2515, "Stock Up": 2586, "Spectacular Pileup_SB": 2513, "Far Fortune, End Boss": 900, "Flotsam // Jetsam_SB": 990, "Claim Jumper": 468, "Ancient Vendetta": 63, "Full Throttle_SB": 1032, "Loot, the Key to Everything_SB": 1635, "Loot, the Pathfinder_SB": 1637, "Urza's Command_SB": 2993, "Lassoed by the Law_SB": 1555, "Blast Zone_SB": 228, "Basri, Tomorrow's Champion": 188, "Skyseer's Chariot_SB": 2462, "Dive Down": 684, "Engine Rat_SB": 809, "Essence Channeler_SB": 832, "Lunar Insight": 1658, "Jodah, the Unifier_SB": 1455, "Dropkick Bomber": 733, "Rampaging Raptor": 2120, "Agonasaur Rex_SB": 32, "Coalstoke Gearhulk": 481, "Visage Bandit": 3073, "Waxen Shapethief": 3131, "Dune Drifter": 741, "Become Brutes": 197, "The Elder Dragon War_SB": 2728, "Caradora, Heart of Alacria": 384, "Skyseer's Chariot": 2461, "Valor's Flagship": 3017, "Veteran Beastrider": 3048, "Threadbind Clique": 2811, "Twining Twins": 2912, "Boommobile_SB": 275, "Radiant Lotus_SB": 2099, "Boommobile": 274, "Forging the Anchor": 1008, "Radiant Lotus": 2098, "The Mightstone and Weakstone_SB": 2754, "Bloodthorn Flail": 252, "Flamewake Phoenix": 977, "Cryptcaller Chariot_SB": 560, "Volley Veteran": 3090, "Riptide Gearhulk_SB": 2227, "Riverchurn Monument_SB": 2238, "Spiteful Hexmage_SB": 2540, "Clamorous Ironclad": 472, "Furnace Host Charger": 1038, "Alania, Divergent Storm": 45, "Frolicking Familiar": 1026, "Wishing Well": 3165, "Resplendent Angel_SB": 2194, "Cephalopod Sentry": 424, "Thopter Fabricator": 2791, "Haunt the Network": 1238, "Sorcerous Spyglass": 2492, "Demonic Junker_SB": 645, "Redshift, Rocketeer Chief": 2165, "Halana and Alena, Partners_SB": 1209, "Valor's Flagship_SB": 3018, "Stall Out": 2562, "Stall Out_SB": 2563, "Gloryheath Lynx": 1132, "Sovereign Okinec Ahau": 2509, "The Raven Man": 2762, "The Raven Man_SB": 2763, "Broodheart Engine": 333, "Marketback Walker": 1700, "Sab-Sunen, Luxa Embodied": 2287, "Simian Simulacrum": 2434, "Sylvan Scavenging": 2665, "Bat Colony": 189, "Calamitous Cave-In": 363, "Gargantuan Leech": 1050, "Hidden Volcano": 1296, "Promising Vein": 2069, "Boom Box": 273, "Broadcast Rambler": 330, "Possession Engine": 2050, "Leyline Binding_SB": 1582, "Bulwark Ox": 345, "Reluctant Role Model": 2179, "Reluctant Role Model_SB": 2180, "Mold Adder_SB": 1773, "Marketback Walker_SB": 1701, "Daretti, Rocketeer Engineer": 587, "Threefold Thunderhulk": 2820, "Tune Up": 2902, "Meteor Golem_SB": 1728, "Burnout Bashtronaut_SB": 352, "Gastal Raider": 1056, "Oviya, Automech Artisan": 1952, "Market Gnome_SB": 1699, "The Skullspore Nexus_SB": 2768, "Cosmium Confluence": 540, "Festival of Embers": 955, "Hidden Nursery": 1295, "Skycrash_SB": 2457, "Nexus of Becoming_SB": 1840, "Sab-Sunen, Luxa Embodied_SB": 2288, "Collector's Vault_SB": 494, "Thran Spider_SB": 2808, "Earthrumbler": 755, "Akal Pakal, First Among Equals_SB": 41, "Deepfathom Echo": 622, "Forensic Researcher": 1005, "Oko, the Ringleader": 1895, "Chitin Gravestalker": 452, "Starving Revenant_SB": 2568, "Steamcore Scholar_SB": 2574, "Ojer Pakpatiq, Deepest Epoch_SB": 1894, "Thunderous Velocipede_SB": 2833, "Fear of Infinity_SB": 918, "Stock Up_SB": 2587, "Dredger's Insight_SB": 731, "Fauna Shaman_SB": 906, "Barrow Naughty": 182, "Faerie Slumber Party": 887, "Mocking Sprite": 1769, "Spellscorn Coven": 2525, "Talion's Messenger": 2679, "Coerced to Kill": 484, "Etrata, Deadly Fugitive": 843, "Unstoppable Plan_SB": 2969, "Hoarding Broodlord": 1314, "Shadow-Rite Priest": 2389, "Nahiri's Warcrafting_SB": 1823, "Baral and Kari Zev": 177, "Enigma Drake": 811, "Brightfield Glider": 319, "Congregation Gryff": 515, "Giant Beaver": 1090, "Lagorin, Soul of Alacria": 1551, "Miriam, Herd Whisperer": 1750, "Ornery Tumblewagg": 1912, "Trained Arynx": 2875, "Run Over_SB": 2272, "Night Market": 1843, "Carrion Locust_SB": 389, "Stockpiling Celebrant_SB": 2590, "Akal Pakal, First Among Equals": 40, "Forensic Gadgeteer": 1003, "Deduce_SB": 619, "Wreck Remover_SB": 3180, "Fountainport Bell": 1019, "Guidelight Optimizer": 1201, "Oaken Siren": 1875, "Machine Over Matter_SB": 1668, "Spinewoods Paladin": 2534, "Phyrexian Missionary_SB": 2005, "Sunder the Gateway": 2624, "Malcator, Purity Overseer": 1683, "Tranquil Cove_SB": 2879, "Crumb and Get It_SB": 557, "Flame Lash": 974, "Exsanguinate_SB": 863, "Exsanguinate": 862, "Syr Ginger, the Meal Ender_SB": 2668, "Legion Extruder_SB": 1572, "Blade of the Oni": 221, "Blightstep Pathway": 235, "Bloodtithe Harvester": 253, "Mutavault": 1817, "Urborg, Tomb of Yawgmoth": 2989, "Extinction Event_SB": 865, "Hidetsugu Consumes All_SB": 1299, "Unlicensed Hearse_SB": 2956, "Breeding Pool": 316, "Enigmatic Incarnation": 812, "Indatha Triome": 1364, "Linvala, the Preserver": 1610, "Overgrown Tomb": 1933, "Savai Triome": 2308, "Skyclave Apparition": 2455, "Spara's Headquarters": 2510, "Vanishing Verse": 3028, "Zagoth Triome": 3196, "Archon of Emeria_SB": 106, "Knockout Blow_SB": 1526, "Ruric Thar, the Unbowed_SB": 2278, "Thought Distortion_SB": 2797, "Yorion, Sky Nomad_SB": 3193, "Cauldron Familiar": 409, "Claim the Firstborn": 470, "Deadly Dispute": 608, "Mayhem Devil": 1709, "Witch's Oven": 3168, "Ob Nixilis, the Adversary_SB": 1879, "Darksteel Citadel": 591, "Ensoul Artifact": 814, "Riverglide Pathway": 2239, "Shrapnel Blast": 2420, "Smuggler's Copter": 2479, "Voldaren Epicure": 3087, "Aether Gust_SB": 20, "Annul_SB": 77, "Rending Volley_SB": 2183, "Shadowspear_SB": 2390, "Voltage Surge_SB": 3091, "Cragcrown Pathway": 547, "Ramunap Ruins": 2122, "Reckless Rage": 2156, "Soul-Scar Mage": 2501, "Experimental Frenzy_SB": 857, "Hazoret the Fervent_SB": 1248, "Redcap Melee_SB": 2164, "Anger of the Gods_SB": 68, "Invoke Despair_SB": 1425, "Takenuma, Abandoned Mire": 2678, "Go Blank_SB": 1136, "Claim // Fame": 467, "Infuriate": 1370, "Kumano Faces Kakkazan": 1545, "Claim the Firstborn_SB": 471, "Fatal Push_SB": 904, "Grafdigger's Cage_SB": 1163, "Extinction Event": 864, "Gifted Aetherborn_SB": 1095, "Castle Locthwain": 403, "Clearwater Pathway": 475, "Field of Ruin": 957, "Geier Reach Sanitarium": 1062, "Hall of Storm Giants": 1210, "Hive of the Eye Tyrant": 1313, "Narset, Parter of Veils": 1824, "Omen of the Sea": 1899, "Paradoxical Outcome": 1963, "Shipwreck Marsh": 2408, "The Meathook Massacre": 2751, "Ashiok, Dream Render_SB": 122, "Weathered Runestone_SB": 3136, "Fetid Pools": 956, "Yorion, Sky Nomad": 3192, "Arclight Phoenix": 107, "Fiery Impulse": 963, "Izzet Charm": 1439, "Lightning Axe": 1597, "Prismari Command": 2060, "Spikefield Hazard": 2531, "Stormcarved Coast": 2598, "Treasure Cruise": 2888, "Collective Brutality": 488, "Faithful Mending": 888, "Greasefang, Okiba Boss": 1171, "Hallowed Fountain": 1212, "Parhelion II": 1965, "Raffine's Tower": 2101, "Shattered Sanctum": 2396, "Skysovereign, Consul Flagship": 2463, "Stubborn Denial": 2612, "Tainted Indulgence": 2672, "Deafening Silence_SB": 610, "Dovin's Veto_SB": 703, "Silence_SB": 2427, "Vanishing Verse_SB": 3029, "Krenko's Buzzcrusher": 1540, "Bishop of Wings": 211, "Branchloft Pathway": 302, "Cave of the Frost Dragon": 413, "Collected Company": 487, "Eiganjo, Seat of the Empire": 769, "Nykthos, Shrine to Nyx": 1874, "Overgrown Farmland": 1932, "Portable Hole": 2044, "Resplendent Marshal": 2195, "Righteous Valkyrie": 2224, "Temple Garden": 2696, "Archon of Absolution_SB": 104, "Brave the Elements_SB": 304, "Brutal Cathar_SB": 340, "Heroic Intervention_SB": 1286, "Reidane, God of the Worthy_SB": 2174, "Shapers' Sanctuary_SB": 2392, "Dawnwing Marshal": 595, "Kroxa, Titan of Death's Hunger": 1544, "Ledger Shredder": 1570, "Brazen Borrower_SB": 307, "Prismari Command_SB": 2061, "Burner Rocket": 348, "Cloudspire Skycycle": 480, "Dynamite Diver": 754, "Guidelight Synergist": 1202, "Kolodin, Triumph Caster": 1531, "Count on Luck": 542, "Frenzied Goblin": 1023, "Doubling Season_SB": 701, "Fanatical Firebrand_SB": 898, "Howlsquad Heavy_SB": 1334, "Reckless Lackey_SB": 2155, "Rundvelt Hordemaster_SB": 2274, "District Mascot": 680, "Shivan Devastator": 2409, "Zimone, Paradox Sculptor": 3205, "Tyvar, the Pummeler_SB": 2928, "Zopandrel, Hunger Dominus_SB": 3209, "Aurelia, the Warleader": 146, "Gilded Ghoda": 1098, "Cavalier of Thorns": 412, "Elvish Mystic": 789, "Kiora, Behemoth Beckoner": 1510, "Lair of the Hydra": 1552, "Leyline of the Guildpact": 1589, "Oath of Nissa": 1877, "Old-Growth Troll": 1897, "Storm the Festival": 2597, "Ulvenwald Oddity": 2929, "Arasta of the Endless Web_SB": 88, "Emrakul, the Promised End_SB": 796, "Setessan Petitioner_SB": 2388, "Ashiok, Nightmare Muse_SB": 123, "Foreboding Ruins": 1002, "Invoke Despair": 1424, "Kolaghan's Command_SB": 1530, "Haunted Ridge": 1241, "Bonecrusher Giant": 267, "Burning-Tree Emissary": 350, "Chandra, Torch of Defiance": 436, "Collision // Colossus": 495, "Gruul Spellbreaker": 1195, "Kami's Flare": 1477, "Pelt Collector": 1978, "Voltaic Brawler": 3092, "Zhur-Taa Goblin": 3202, "Bonecrusher Giant_SB": 268, "Chandra, Torch of Defiance_SB": 437, "Cindervines_SB": 462, "Kami's Flare_SB": 1478, "Roiling Vortex_SB": 2255, "Mana Confluence": 1689, "Barrier Breach_SB": 181, "Leyline of Sanctity_SB": 1587, "Colossus Hammer": 500, "Eldritch Evolution": 772, "Raffine's Informant": 2100, "Sigarda's Aid": 2425, "Soulflayer": 2503, "Sylvan Caryatid": 2664, "Bloodline Culling_SB": 248, "Collective Brutality_SB": 489, "Portable Hole_SB": 2045, "Furnace Punisher_SB": 1039, "Laughing Jasper Flint_SB": 1559, "Rocky Roads": 2251, "Lumbering Worldwagon_SB": 1652, "Cosmic Rebirth_SB": 539, "Mondrak, Glory Dominus_SB": 1789, "Become Brutes_SB": 198, "Cindering Cutthroat_SB": 461, "Ravine Raider_SB": 2137, "Risky Shortcut_SB": 2229, "Spin Out_SB": 2532, "Steampath Charger_SB": 2575, "Goblin Oriflamme": 1144, "Drake Hatcher_SB": 718, "Eddymurk Crab_SB": 763, "Devouring Sugarmaw": 661, "Amalia Benavides Aguirre_SB": 52, "Elas il-Kor, Sadistic Pilgrim_SB": 771, "Fiendish Panda_SB": 959, "Knight of Dawn's Light_SB": 1519, "Mimeoplasm, Revered One": 1742, "Etched Familiar": 840, "Spectral Interference": 2514, "Winter, Cursed Rider": 3162, "Streetwise Negotiator_SB": 2606, "Divine Resilience": 688, "Greenhouse // Rickety Gazebo": 1181, "Silken Strength": 2430, "Map the Frontier": 1693, "Realm-Scorcher Hellkite": 2146, "Spyglass Siren_SB": 2553, "Sentinel of Lost Lore_SB": 2379, "Herd Migration_SB": 1282, "Kykar, Zephyr Awakener": 1550, "The Huntsman's Redemption_SB": 2741, "Lathril, Blade of the Elves_SB": 1557, "Armored Armadillo_SB": 116, "Gixian Infiltrator_SB": 1112, "Gloryheath Lynx_SB": 1133, "Threefold Thunderhulk_SB": 2821, "Primeval Bounty": 2057, "Cryptcaller Chariot": 559, "Steel Hellkite_SB": 2576, "Rangers' Refueler": 2123, "Cursed Recording_SB": 576, "Mindsparker_SB": 1743, "Thirsting Roots": 2787, "Disenchant": 670, "Captain Howler, Sea Scourge_SB": 381, "Gigantosaurus": 1096, "Llanowar Stalker": 1623, "Ghalta, Primal Hunger_SB": 1079, "Gigantosaurus_SB": 1097, "Karn, Living Legacy_SB": 1481, "Quaketusk Boar": 2086, "The Stasis Coffin": 2771, "Kellan Joins Up": 1495, "Ovika, Enigma Goliath_SB": 1951, "Leaping Ambush": 1569, "Bestow Greatness_SB": 202, "Raucous Theater_SB": 2134, "Alesha, Who Laughs at Fate_SB": 47, "Lazav, Wearer of Faces_SB": 1566, "Harmless Offering_SB": 1229, "Return Triumphant": 2216}}