{"vocabulary": {"Anoint with Affliction": 75, "Archfiend of the Dross": 97, "Blooming Marsh": 253, "Caustic Bronco": 405, "Cut Down": 576, "Demolition Field": 636, "Dreams of Steel and Oil": 725, "Duress": 739, "Forest": 1001, "Fountainport": 1012, "Glissa Sunslayer": 1123, "Go for the Throat": 1133, "Llanowar Wastes": 1617, "Mosswood Dreadknight": 1797, "Restless Cottage": 2191, "Swamp": 2642, "Tranquil Frillback": 2873, "Underground Mortuary": 2934, "Unholy Annex && Ritual Chamber": 2943, "Cruelclaw's Heist_SB": 554, "Dreams of Steel and Oil_SB": 726, "Duress_SB": 740, "Ghost Vacuum_SB": 1082, "Gix's Command_SB": 1104, "Harvester of Misery_SB": 1230, "Liliana of the Veil_SB": 1599, "Nissa, Ascended Animist_SB": 1844, "Tear Asunder_SB": 2682, "Tranquil Frillback_SB": 2874, "Unholy Annex && Ritual Chamber_SB": 2944, "Analyze the Pollen": 55, "Bitter Reunion": 211, "Botanical Sanctum": 281, "Bushwhack": 351, "Copperline Gorge": 522, "Enduring Vitality": 803, "Fabled Passage": 872, "Hedge Maze": 1260, "Island": 1427, "Karplusan Forest": 1476, "Mountain": 1799, "Pawpatch Formation": 1961, "Questing Druid": 2074, "Roaring Furnace // Steaming Sauna": 2234, "Song of Totentanz": 2483, "Stormchaser's Talent": 2593, "Tarnation Vista": 2677, "This Town Ain't Big Enough": 2782, "Thundertrap Trainer": 2827, "Torch the Tower": 2859, "Up the Beanstalk": 2973, "Valley Floodcaller": 3004, "Yavimaya Coast": 3177, "Abrade_SB": 4, "Blue Sun's Twilight_SB": 258, "Dissection Tools_SB": 676, "Into the Flood Maw_SB": 1393, "Negate_SB": 1826, "Pawpatch Formation_SB": 1962, "Pyroclasm_SB": 2067, "Screaming Nemesis_SB": 2336, "Up the Beanstalk_SB": 2974, "Volcanic Spite_SB": 3077, "Adarkar Wastes": 15, "Battlefield Forge": 187, "Case of the Gateway Express": 389, "Clockwork Percussionist": 475, "Gleeful Demolition": 1119, "Imodane's Recruiter": 1352, "Inspiring Vantage": 1385, "Knight-Errant of Eos": 1518, "Mirrex": 1745, "Mockingbird": 1765, "Novice Inspector": 1860, "Painter's Studio // Defaced Gallery": 1950, "Plains": 2013, "Resolute Reinforcements": 2181, "Seachrome Coast": 2342, "Sheltered by Ghosts": 2390, "Shivan Reef": 2403, "Spirebluff Canal": 2531, "Spyglass Siren": 2546, "Warden of the Inner Sky": 3106, "Destroy Evil_SB": 654, "Disdainful Stroke_SB": 666, "Get Lost_SB": 1067, "Lithomantic Barrage_SB": 1607, "Protect the Negotiators_SB": 2057, "Soul Partition_SB": 2488, "Torch the Tower_SB": 2860, "Blazemire Verge": 225, "Bloodletter of Aclazotz": 243, "Caves of Koilos": 413, "Concealed Courtyard": 504, "Cruelclaw's Heist": 553, "Get Lost": 1066, "Legions to Ashes": 1568, "Liliana of the Veil": 1598, "Nowhere to Run": 1861, "Restless Fortress": 2193, "Sandstorm Verge": 2290, "Shadowy Backstreet": 2383, "Sheoldred, the Apocalypse": 2395, "Unholy Annex // Ritual Chamber": 2945, "Unstoppable Slasher": 2964, "Anoint with Affliction_SB": 76, "Beza, the Bounding Spring_SB": 203, "Deadly Cover-Up_SB": 604, "Kaya, Intangible Slayer_SB": 1480, "Legions to Ashes_SB": 1569, "Rest in Peace_SB": 2186, "Temporary Lockdown_SB": 2701, "The Eternal Wanderer_SB": 2728, "Abhorrent Oculus": 1, "Chart a Course": 441, "Floodfarm Verge": 982, "Haughty Djinn": 1232, "Helping Hand": 1271, "Into the Flood Maw": 1392, "Meticulous Archive": 1722, "Moment of Truth": 1777, "No More Lies": 1847, "Phantom Interference": 1979, "Picklock Prankster": 2000, "Recommission": 2148, "Sleight of Hand": 2462, "Soul Partition": 2487, "Three Steps Ahead": 2808, "Elspeth's Smite_SB": 780, "Faerie Mastermind_SB": 883, "Silent Hallcreeper_SB": 2422, "Darkslick Shores": 585, "Deep-Cavern Bat": 617, "Enduring Curiosity": 797, "Ertai Resurrected": 822, "Faerie Mastermind": 882, "Gloomlake Verge": 1127, "Kaito, Bane of Nightmares": 1461, "Restless Reef": 2195, "Underground River": 2935, "Blot Out_SB": 257, "Cut Down_SB": 577, "Sheoldred, the Apocalypse_SB": 2396, "Tishana's Tidebinder_SB": 2840, "Deadly Cover-Up": 603, "Ghost Vacuum": 1081, "Hunter's Talent": 1338, "Tear Asunder": 2681, "Aclazotz, Deepest Betrayal_SB": 12, "Unholy Annex // Ritual Chamber_SB": 2946, "Monastery Mentor_SB": 1781, "Disfigure_SB": 670, "Hostile Investigator_SB": 1330, "Stormkeld Vanguard_SB": 2595, "Urgent Necropsy_SB": 2985, "Emberheart Challenger": 790, "Heartfire Hero": 1251, "Innkeeper's Talent": 1371, "Manifold Mouse": 1684, "Might of the Meek": 1730, "Monastery Swiftspear": 1782, "Monstrous Rage": 1787, "Restless Ridgeline": 2197, "Rockface Village": 2237, "Screaming Nemesis": 2335, "Shock": 2404, "Slickshot Show-Off": 2467, "Snakeskin Veil": 2475, "Thornspire Verge": 2787, "Obliterating Bolt_SB": 1873, "Pick Your Poison_SB": 1999, "Questing Druid_SB": 2075, "Scorching Shot_SB": 2326, "Snakeskin Veil_SB": 2476, "Urabrask's Forge_SB": 2977, "Aclazotz, Deepest Betrayal": 11, "Harvester of Misery": 1229, "Outrageous Robbery": 1919, "Overlord of the Hauntwoods": 1931, "Sunken Citadel": 2620, "Virtue of Persistence": 3060, "Malicious Eclipse_SB": 1681, "Outrageous Robbery_SB": 1920, "Pillage the Bog_SB": 2008, "Cacophony Scamp": 355, "Callous Sell-Sword": 364, "Leyline of Resonance": 1578, "Overprotect": 1935, "Turn Inside Out": 2899, "Manifold Mouse_SB": 1685, "Gix's Command": 1103, "Preacher of the Schism": 2037, "Tishana's Tidebinder": 2839, "Doomsday Excruciator": 694, "Jace, the Perfected Mind": 1437, "Shoot the Sheriff": 2406, "Spell Stutter": 2515, "Undercity Sewers": 2933, "Jace, the Perfected Mind_SB": 1438, "Withering Torment_SB": 3160, "Atraxa, Grand Unifier": 136, "Beza, the Bounding Spring": 202, "Cavern of Souls": 410, "Herd Migration": 1279, "Hushwood Verge": 1341, "Leyline Binding": 1575, "Lush Portico": 1654, "Overlord of the Mistmoors": 1933, "Pest Control": 1975, "Pillage the Bog": 2007, "Sunfall": 2617, "Temporary Lockdown": 2700, "Zur, Eternal Schemer": 3201, "Sunfall_SB": 2618, "Brushland": 334, "Elspeth's Smite": 779, "Overlord of the Floodpits": 1929, "Boon-Bringer Valkyrie_SB": 273, "Split Up_SB": 2538, "Sentinel of the Nameless City": 2373, "Choking Miasma_SB": 449, "Caretaker's Talent_SB": 380, "Exorcise_SB": 848, "Doppelgang": 697, "Spelunking": 2520, "Break Out": 307, "Cankerbloom": 370, "Cenote Scout": 418, "Fear of Missing Out": 915, "Keen-Eyed Curator": 1485, "Obliterating Bolt": 1872, "Patchwork Beastie": 1960, "Seed of Hope": 2362, "Violent Urge": 3051, "Wildfire Wickerfolk": 3139, "Wrenn and Realmbreaker": 3169, "Haywire Mite_SB": 1241, "The Swarmweaver_SB": 2769, "Scorching Shot": 2325, "Arabella, Abandoned Doll": 80, "Warleader's Call": 3111, "Yotian Frontliner": 3182, "Invasion of Gobakhan_SB": 1405, "Sheltered by Ghosts_SB": 2391, "Commercial District": 501, "Elegant Parlor": 771, "Overlord of the Boilerbilges": 1927, "Archangel of Wrath": 93, "Lay Down Arms": 1557, "Nissa, Ascended Animist": 1843, "Doppelgang_SB": 698, "Archangel Elspeth": 89, "Caretaker's Talent": 379, "Carrot Cake": 384, "Enduring Innocence": 799, "Loran of the Third Path": 1631, "Parting Gust": 1957, "Argentum Masticore_SB": 106, "Overlord of the Mistmoors_SB": 1934, "Season of the Burrow_SB": 2356, "Bitter Triumph": 213, "Cache Grab": 353, "Founding the Third Path": 1009, "Lumra, Bellow of the Woods": 1648, "Squirming Emergence": 2550, "Wail of the Forgotten": 3099, "Abhorrent Oculus_SB": 2, "Binding Negotiation_SB": 206, "Fugitive Codebreaker": 1028, "Hired Claw": 1309, "Lightning Strike": 1594, "Mishra's Foundry": 1756, "Urabrask's Forge": 2976, "Witchstalker Frenzy": 3157, "Fugitive Codebreaker_SB": 1029, "Witchstalker Frenzy_SB": 3158, "Ancient Cornucopia": 59, "Not on My Watch": 1858, "Archdruid's Charm_SB": 96, "Ghostly Dancers_SB": 1084, "The Stone Brain_SB": 2766, "Thrun, Breaker of Silence_SB": 2821, "Split Up": 2537, "Virtue of Knowledge": 3056, "Horned Loch-Whale_SB": 1326, "Bitter Triumph_SB": 214, "Leyline of the Void_SB": 1584, "Sheoldred's Edict_SB": 2394, "Clement, the Worrywort": 472, "Dour Port-Mage": 701, "Dreamdew Entrancer": 723, "Lilypad Village": 1602, "Long River Lurker": 1623, "Mistbreath Elder": 1758, "Oakhollow Village": 1868, "Pond Prophet": 2028, "Splash Portal": 2535, "Sunshower Druid": 2622, "Three Tree Scribe": 2812, "Valley Mightcaller": 3006, "Archangel of Wrath_SB": 94, "Long Goodbye_SB": 1622, "Scorching Dragonfire_SB": 2324, "Scrollshift": 2337, "Not on My Watch_SB": 1859, "Builder's Talent": 337, "Collector's Vault": 489, "Restless Anchorage": 2187, "The Enigma Jewel": 2726, "The Eternal Wanderer": 2727, "Shore Up": 2408, "Silent Hallcreeper": 2421, "Shore Up_SB": 2409, "The End_SB": 2725, "Phyrexian Fleshgorger": 1990, "Plumecreed Escort": 2019, "Phyrexian Fleshgorger_SB": 1991, "Gix, Yawgmoth Praetor": 1105, "Long River's Pull": 1624, "Doorkeeper Thrull_SB": 696, "The Wandering Rescuer": 2772, "Enduring Innocence_SB": 800, "Enduring Curiosity_SB": 798, "Go for the Throat_SB": 1134, "Audacity": 138, "Sunspine Lynx_SB": 2625, "Season of the Burrow": 2355, "Loran of the Third Path_SB": 1632, "Serra Paragon_SB": 2377, "Deduce": 615, "Horned Loch-Whale": 1325, "Insatiable Avarice": 1376, "Micromancer": 1726, "Rona's Vortex": 2245, "Withering Torment": 3159, "The Cruelty of Gix_SB": 2720, "Brotherhood's End": 331, "Hugs, Grisly Guardian": 1334, "Kogla and Yidaro": 1521, "Migloz, Maze Crusher": 1732, "Ojer Kaslem, Deepest Growth": 1884, "Volcanic Spite": 3076, "Brotherhood's End_SB": 332, "Demonic Counsel": 638, "Caustic Bronco_SB": 406, "Altanak, the Thrice-Called": 47, "Say Its Name": 2306, "Terror Tide": 2707, "The Cruelty of Gix": 2719, "Valgavoth, Terror Eater": 2999, "Nowhere to Run_SB": 1862, "Sheoldred's Edict": 2393, "Picnic Ruiner": 2001, "Witch's Mark": 3154, "Tectonic Hazard_SB": 2684, "Cheeky House-Mouse": 443, "Lightning Helix": 1592, "Mabel, Heir to Cragflame": 1658, "Case of the Crimson Pulse_SB": 387, "Requisition Raid_SB": 2180, "Demonic Ruckus": 644, "Ethereal Armor": 838, "Optimistic Scavenger": 1899, "Restless Bivouac": 2189, "Shardmage's Rescue": 2385, "Skrelv, Defector Mite": 2442, "Thran Portal": 2799, "Case of the Filched Falcon": 388, "Regal Bunnicorn": 2159, "Steel Seraph": 2572, "Subterranean Schooner": 2606, "Unidentified Hovership": 2947, "Zoetic Glyph": 3193, "Archangel Elspeth_SB": 90, "Parting Gust_SB": 1958, "Squee, Dubious Monarch": 2548, "Scrapshooter_SB": 2330, "Goddric, Cloaked Reveler": 1144, "Painter's Studio && Defaced Gallery": 1948, "Lightning Helix_SB": 1593, "Breach the Multiverse_SB": 305, "Deep-Cavern Bat_SB": 618, "Disfigure": 669, "Giant Growth": 1089, "Rockface Village_SB": 2238, "Twisted Fealty_SB": 2908, "Vraska, Betrayal's Sting_SB": 3095, "Soul-Guide Lantern_SB": 2493, "Invasion of Ixalan": 1406, "Scorching Dragonfire": 2323, "Bristlebud Farmer_SB": 322, "Ill-Timed Explosion_SB": 1350, "Ral, Crackling Wit_SB": 2107, "Change the Equation_SB": 435, "Getaway Glamer": 1070, "Negate": 1825, "Exorcise": 847, "Sanguine Evangelist": 2291, "Azure Beastbinder": 155, "Drannith Ruins": 719, "Kaito, Bane of Nightmares_SB": 1462, "Floodpits Drowner": 983, "Vren, the Relentless_SB": 3098, "Escape Tunnel": 826, "Rush of Dread": 2269, "Ephara's Dispersal": 816, "Kaito, Dancing Shadow_SB": 1466, "Faerie Dreamthief": 879, "Spell Stutter_SB": 2516, "Thought-Stalker Warlock_SB": 2793, "Vraska, Betrayal's Sting": 3094, "Virtue of Persistence_SB": 3061, "Baird, Argivian Recruiter": 160, "Coppercoat Vanguard": 520, "Fortified Beachhead": 1007, "Harbin, Vanguard Aviator": 1215, "Protect the Negotiators": 2056, "Recruitment Officer": 2150, "Valiant Veteran": 3001, "Kutzil's Flanker_SB": 1541, "Bandit's Talent": 169, "Kaya, Intangible Slayer": 1479, "Restless Prairie": 2194, "Render Inert_SB": 2172, "Blackcleave Cliffs": 216, "Sulfurous Springs": 2609, "Feather of Flight": 922, "Flowerfoot Swordmaster": 989, "Loran's Escape": 1633, "Rabid Gnaw": 2081, "Valley Questcaller": 3007, "Nettle Guard_SB": 1830, "Seedglaive Mentor_SB": 2363, "Dusk Rose Reliquary": 742, "Kellan, Daring Traveler": 1491, "Razorverge Thicket": 2132, "Syr Ginger, the Meal Ender": 2660, "Teething Wurmlet": 2685, "Tough Cookie": 2865, "Anointed Peacekeeper_SB": 78, "Aven Interrupter_SB": 148, "Tail Swipe_SB": 2664, "Misery's Shadow": 1752, "Overlord of the Balemurk_SB": 1926, "Pick Your Poison": 1998, "Sharp-Eyed Rookie": 2387, "Glistening Deluge_SB": 1125, "Archdruid's Charm": 95, "Enduring Courage": 795, "Pyroclasm": 2066, "Elesh Norn, Mother of Machines_SB": 777, "Invasion of Tolvada_SB": 1417, "Metropolis Reformer_SB": 1725, "Etali's Favor": 832, "Disenchant_SB": 668, "Burrowguard Mentor": 348, "Finneas, Ace Archer": 963, "Hop to It": 1320, "Pawpatch Recruit": 1963, "Seasoned Warrenguard": 2358, "Dewdrop Cure_SB": 661, "Sunder the Gateway_SB": 2616, "Treeguard Duo_SB": 2884, "Agatha's Soul Cauldron": 28, "Blood Hustler": 236, "Fallaji Archaeologist": 889, "Fauna Shaman": 899, "Haywire Mite": 1240, "Kami of Whispered Hopes": 1470, "Likeness Looter": 1597, "Lively Dirge": 1609, "Nashi, Moon's Legacy": 1820, "Rona, Herald of Invasion": 2247, "Sleep-Cursed Faerie": 2461, "Tyvar, Jubilant Brawler": 2920, "Annex Sentry": 69, "Crawling Chorus": 549, "Jawbone Duelist": 1440, "Skrelv's Hive": 2440, "Slaughter Singer": 2460, "The Seedcore": 2759, "Venerated Rotpriest": 3029, "Ajani, Sleeper Agent_SB": 38, "Surge of Salvation_SB": 2631, "Aftermath Analyst": 25, "Bristly Bill, Spine Sower": 324, "Case of the Locked Hothouse": 391, "Evolving Wilds": 844, "Festering Gulch": 946, "Freestrider Lookout": 1015, "Iridescent Vinelasher": 1423, "Mudflat Village": 1803, "Nissa, Resurgent Animist": 1845, "Not Dead After All": 1856, "Urborg Repossession": 2979, "Fake Your Own Death_SB": 888, "Forest_SB": 1002, "Heaped Harvest_SB": 1250, "Swamp_SB": 2643, "Demand Answers": 635, "Dreadmaw's Ire_SB": 721, "Untimely Malfunction_SB": 2969, "High Noon": 1301, "Virtue of Loyalty": 3058, "High Noon_SB": 1302, "Magebane Lizard_SB": 1666, "Betrayer's Bargain_SB": 201, "Breeches, Eager Pillager": 310, "Captain Storm, Cosmium Raider": 376, "Goblin Tomb Raider": 1143, "Kitesail Larcenist": 1507, "Malcolm, Alluring Scoundrel": 1677, "Malcolm, the Eyes": 1679, "Reckless Lackey": 2143, "Roaming Throne": 2230, "Staunch Crewmate": 2566, "Roaming Throne_SB": 2231, "Felonious Rage": 942, "Don't Make a Sound": 693, "Return the Favor": 2208, "Chainsaw_SB": 425, "Might of the Meek_SB": 1731, "Rabid Gnaw_SB": 2082, "Turn Inside Out_SB": 2900, "Phantom Interference_SB": 1980, "Shock_SB": 2405, "Zoraline, Cosmos Caller": 3197, "Feed the Cycle": 926, "Hostile Investigator": 1329, "Scrapshooter": 2329, "Tyrranax Rex_SB": 2916, "Take Up the Shield": 2667, "Dollmaker's Shop // Porcelain Gallery": 691, "Honest Rutstein": 1319, "Inti, Seneschal of the Sun": 1387, "Marchesa, Dealer of Death": 1691, "Nashi, Searcher in the Dark": 1821, "Plaza of Heroes": 2018, "Relic of Legends": 2167, "Tinybones Joins Up": 2833, "Tinybones, the Pickpocket": 2836, "Jirina, Dauntless General_SB": 1448, "Break the Spell_SB": 309, "Assassin's Trophy": 127, "Overlord of the Balemurk": 1925, "Rubblebelt Maverick": 2256, "Slime Against Humanity": 2469, "Balustrade Wurm_SB": 167, "Glissa Sunslayer_SB": 1124, "Ruthless Negotiation_SB": 2275, "No Witnesses": 1851, "Spellgyre": 2518, "Teferi, Temporal Pilgrim": 2686, "White Sun's Twilight": 3132, "Virtue of Loyalty_SB": 3059, "Fireglass Mentor": 965, "Flamecache Gecko": 969, "Forsaken Miner": 1006, "Gev, Scaled Scorch": 1072, "Laughing Jasper Flint": 1552, "Thought-Stalker Warlock": 2792, "Scales of Shale_SB": 2313, "Quick Study": 2077, "Explosive Derailment": 856, "Fell": 939, "Gisa, the Hellraiser": 1098, "Great Train Heist": 1169, "Kaervek, the Punisher": 1459, "Lazav, Familiar Stranger": 1559, "Long Goodbye": 1621, "Magda, the Hoardmaster": 1664, "Restless Vents": 2201, "Vadmir, New Blood": 2993, "Vial Smasher, Gleeful Grenadier": 3043, "Ill-Timed Explosion": 1349, "Niv-Mizzet, Supreme": 1846, "Roxanne, Starfall Savant": 2252, "Soul Search_SB": 2490, "Blanchwood Prowler": 220, "Chupacabra Echo": 453, "Cruel Somnophage": 552, "Gnawing Vermin": 1131, "Hollow Scavenger": 1316, "Huskburster Swarm": 1342, "Urborg Lhurgoyf": 2978, "Writhing Necromass": 3174, "Broodspinner": 329, "Drag to the Roots": 708, "Hedge Shredder": 1261, "Terramorphic Expanse": 2705, "Grievous Wound_SB": 1182, "Terror Tide_SB": 2708, "Cathartic Parting_SB": 402, "Impulse_SB": 1360, "Lich-Knights' Conquest_SB": 1587, "Imodane's Recruiter_SB": 1353, "Destroy Evil": 653, "Phyrexian Arena": 1985, "Goldvein Hydra": 1147, "The End": 2724, "Season of Gathering_SB": 2350, "Overlord of the Hauntwoods_SB": 1932, "Entity Tracker": 814, "Fae Flight": 875, "Gremlin Tamer": 1178, "Inquisitive Glimmer": 1374, "Ossification": 1908, "Ossification_SB": 1909, "Lord Skitter, Sewer King_SB": 1636, "Surge of Salvation": 2630, "Roaring Furnace && Steaming Sauna": 2232, "Beseech the Mirror": 197, "Rite of the Moth": 2222, "Splitskin Doll": 2539, "Valgavoth's Faithful": 2995, "Bovine Intervention_SB": 289, "Assimilation Aegis": 129, "Chimil, the Inner Sun": 445, "Chrome Prowler": 452, "Combat Thresher": 498, "Cryptic Coat": 560, "Hidden Cataract": 1290, "Hidden Courtyard": 1291, "Liberator, Urza's Battlethopter": 1585, "Out Cold": 1912, "Simulacrum Synthesizer": 2430, "Kitnap_SB": 1509, "Lost in the Maze_SB": 1640, "Spark Rupture_SB": 2505, "Valley Flamecaller": 3003, "Kaya, Spirits' Justice": 1481, "Blot Out": 256, "Ashiok, Wicked Manipulator_SB": 121, "Charming Scoundrel": 439, "Ghired, Mirror of the Wilds": 1077, "The Jolly Balloon Man": 2740, "Agatha's Soul Cauldron_SB": 29, "Case of the Stashed Skeleton": 395, "Corpses of the Lost": 526, "Cult Conscript": 566, "Patchwork Banner": 1959, "Undead Sprinter": 2930, "Fear of Impostors": 908, "Ghostly Dancers": 1083, "Braided Net": 290, "Clay-Fired Bricks": 470, "Farsight Ritual": 896, "Ezrim, Agency Chief_SB": 869, "Serra Paragon": 2376, "Eddymurk Crab": 759, "Restless Vinestalk": 2203, "Tolarian Terror": 2853, "Keen-Eyed Curator_SB": 1486, "Monstrous Emergence_SB": 1786, "Unable to Scream_SB": 2925, "Molten Collapse": 1770, "Piggy Bank": 2002, "Raucous Theater": 2123, "Voldaren Thrillseeker": 3079, "Ertai Resurrected_SB": 823, "Scatter Ray": 2315, "Season of Weaving": 2353, "Omnivorous Flytrap": 1894, "Roaring Furnace && Steaming Sauna_SB": 2233, "Sunspine Lynx": 2624, "Koth, Fire of Resistance_SB": 1530, "Aven Interrupter": 147, "Skrelv's Hive_SB": 2441, "Breach the Multiverse": 304, "Capricious Hellraiser": 373, "Fires of Victory": 966, "Hidetsugu and Kairi": 1298, "Push // Pull": 2064, "Thundering Falls": 2823, "Under the Skin": 2932, "Elusive Otter_SB": 784, "Ephara's Dispersal_SB": 817, "Confounding Riddle": 508, "Malicious Eclipse": 1680, "Unyielding Gatekeeper": 2972, "Etali, Primal Conqueror_SB": 834, "Calix, Guided by Fate": 361, "Royal Treatment": 2254, "Valgavoth's Lair": 2996, "Innkeeper's Talent_SB": 1372, "Lightning Strike_SB": 1595, "Impulse": 1359, "Dollmaker's Shop && Porcelain Gallery": 690, "Restricted Office && Lecture Hall_SB": 2204, "Amalia Benavides Aguirre": 48, "Case of the Uneaten Feast": 397, "Darkstar Augur": 586, "Essence Channeler": 828, "Lunar Convocation": 1649, "Ruin-Lurker Bat": 2259, "Pest Control_SB": 1976, "Starscape Cleric_SB": 2561, "Elusive Otter": 783, "Ral, Crackling Wit": 2106, "Razorkin Needlehead_SB": 2128, "Season of Weaving_SB": 2354, "No More Lies_SB": 1848, "Cunning Coyote": 568, "Osteomancer Adept": 1910, "The Infamous Cruelclaw": 2737, "Tail Swipe": 2663, "Come Back Wrong_SB": 500, "Thraxodemon": 2803, "Case of the Crimson Pulse": 386, "Preacher of the Schism_SB": 2038, "Teferi, Temporal Pilgrim_SB": 2687, "Aloe Alchemist": 46, "Yavimaya Iconoclast": 3178, "Captivating Cave": 377, "Gingerbrute": 1097, "Marvin, Murderous Mimic": 1697, "Monstrous Emergence": 1785, "Surge Engine": 2628, "Kitesail Larcenist_SB": 1508, "Repulsive Mutation_SB": 2177, "Change the Equation": 434, "Valley Rotcaller": 3008, "Braids, Arisen Nightmare": 292, "Disturbing Mirth": 682, "Final Vengeance": 961, "Greedy Freebooter": 1173, "Hopeless Nightmare": 1323, "Pitiless Carnage": 2010, "Sawblade Skinripper": 2304, "Spiteful Hexmage": 2533, "The Witch's Vanity": 2774, "The Infamous Cruelclaw_SB": 2738, "Glass Casket": 1112, "Lupinflower Village": 1652, "Pollen-Shield Hare": 2023, "Three Tree City": 2810, "Glass Casket_SB": 1113, "Faerie Fencing": 880, "Ingenious Prodigy": 1370, "Kaito, Dancing Shadow": 1465, "Darkstar Augur_SB": 587, "Plumecreed Escort_SB": 2020, "Two-Headed Hunter": 2910, "Tyvar's Stand_SB": 2919, "Shoot the Sheriff_SB": 2407, "Ashiok, Wicked Manipulator": 120, "Final Showdown": 959, "Kutzil's Flanker": 1540, "Vaultborn Tyrant": 3024, "Fear of Lost Teeth": 914, "Invasion of Azgol": 1401, "Rottenmouth Viper": 2250, "The Witch's Vanity_SB": 2775, "Tinybones, the Pickpocket_SB": 2837, "Decadent Dragon": 613, "Rakdos, Patron of Chaos": 2100, "Embereth Veteran": 789, "Hearth Elemental": 1256, "Lavaspur Boots": 1555, "Mirran Banesplitter": 1744, "Phoenix Chick": 1983, "Hearth Elemental_SB": 1257, "Three Steps Ahead_SB": 2809, "Sword of Once and Future_SB": 2653, "Proft's Eidetic Memory": 2048, "Gremlin Tamer_SB": 1179, "Spellbook Vendor": 2517, "Stenn, Paranoid Partisan": 2574, "Shardmage's Rescue_SB": 2386, "Zoraline, Cosmos Caller_SB": 3198, "Neutralize the Guards_SB": 1832, "Bloodletter of Aclazotz_SB": 244, "Chrome Host Seedshark_SB": 451, "Get Out": 1068, "Monastery Mentor": 1780, "Mountain_SB": 1800, "Betrayer's Bargain": 200, "Corrupted Conviction": 530, "Braids, Arisen Nightmare_SB": 293, "Furnace Reins_SB": 1039, "Misery's Shadow_SB": 1753, "Seized from Slumber": 2368, "Pugnacious Hammerskull_SB": 2062, "Torch the Witness_SB": 2862, "Kaervek, the Punisher_SB": 1460, "Artist's Talent": 116, "Brass's Tunnel-Grinder": 298, "Chandra, Hope's Beacon": 428, "Virtue of Knowledge_SB": 3057, "Fear of Isolation": 912, "Wrenn's Resolve_SB": 3173, "Painter's Studio && Defaced Gallery_SB": 1949, "Warden of the Inner Sky_SB": 3107, "Glarb, Calamity's Augur": 1110, "Cavern of Souls_SB": 411, "Glarb, Calamity's Augur_SB": 1111, "Kambal, Profiteering Mayor_SB": 1469, "Lord Skitter, Sewer King": 1635, "Market Gnome": 1692, "Wear Down_SB": 3122, "Planar Disruption_SB": 2016, "Portent of Calamity": 2032, "The Irencrag": 2739, "The Swarmweaver": 2768, "Twitching Doll": 2909, "Cease // Desist_SB": 415, "Scrollshift_SB": 2338, "Overprotect_SB": 1936, "Floodpits Drowner_SB": 984, "Geological Appraiser": 1063, "Kogla and Yidaro_SB": 1522, "Lukka, Bound to Ruin_SB": 1643, "Roxanne, Starfall Savant_SB": 2253, "Sorcerous Spyglass_SB": 2486, "Overlord of the Boilerbilges_SB": 1928, "Black Sun's Twilight": 215, "Corrupt": 529, "Haunted Mire": 1236, "Iridescent Vinelasher_SB": 1424, "Errant and Giada": 820, "Werefox Bodyguard_SB": 3128, "Archfiend of the Dross_SB": 98, "Lost in the Maze": 1639, "Fortune, Loyal Steed": 1008, "Frontier Seeker": 1023, "Bristling Backwoods": 323, "Rugged Highlands": 2258, "Great Train Heist_SB": 1170, "Razortrap Gorge": 2131, "Dissection Tools": 675, "Unable to Scream": 2924, "Herbology Instructor_SB": 1277, "Valley Floodcaller_SB": 3005, "Phyrexian Arena_SB": 1986, "Jaya, Fiery Negotiator_SB": 1442, "Conduit Pylons": 505, "Hidden Grotto": 1292, "Day of Judgment": 593, "Maelstrom Pulse": 1662, "Authority of the Consuls_SB": 145, "Devout Decree_SB": 659, "Flashfreeze_SB": 974, "Evangel of Synthesis": 841, "Steamcore Scholar": 2568, "Zombify": 3195, "Desecration Demon_SB": 648, "Wail of the Forgotten_SB": 3100, "Gix, Yawgmoth Praetor_SB": 1106, "Calamity, Galloping Inferno": 360, "Llanowar Elves": 1612, "Outcaster Trailblazer": 1915, "Smuggler's Surprise": 2473, "Spinewoods Armadillo": 2527, "Trumpeting Carnosaur": 2892, "Heroic Reinforcements": 1286, "No One Left Behind": 1849, "Unstoppable Slasher_SB": 2965, "Scavenging Ooze": 2320, "Vivien Reid": 3066, "Liliana, Dreadhorde General_SB": 1601, "Maelstrom Pulse_SB": 1663, "Basilisk Collar_SB": 184, "Burst Lightning": 349, "Restless Ridgeline_SB": 2198, "Phyrexian Obliterator": 1994, "Back for Seconds_SB": 158, "Case of the Stashed Skeleton_SB": 396, "Homicide Investigator_SB": 1318, "Dreadmaw's Ire": 720, "Witch's Mark_SB": 3155, "Soulstone Sanctuary": 2500, "Scavenging Ooze_SB": 2321, "Vivien Reid_SB": 3067, "Abyssal Harvester": 9, "Boros Charm": 275, "Raucous Carnival": 2121, "Sun-Blessed Healer": 2611, "Temple of Triumph": 2699, "Campus Renovation_SB": 366, "Twinferno": 2902, "Glimpse the Core": 1122, "Boltwave": 261, "Virtue of Courage": 3054, "Heartflame Duelist_SB": 1255, "Slagstorm_SB": 2459, "Splitskin Doll_SB": 2540, "Mazemind Tome": 1706, "Crystal Barricade_SB": 564, "Bloodthirsty Conqueror_SB": 248, "Kellan, Planar Trailblazer": 1494, "Opt": 1897, "Faebloom Trick": 877, "Feed the Swarm_SB": 930, "Kaito, Cunning Infiltrator_SB": 1464, "Spinner of Souls": 2529, "Enduring Tenacity": 801, "Not Dead After All_SB": 1857, "Pitiless Carnage_SB": 2011, "Kiora, the Rising Tide": 1504, "Ghitu Lavarunner": 1079, "Thrill of Possibility": 2815, "Artist's Talent_SB": 117, "Blooming Blast_SB": 252, "Djeru and Hazoret": 689, "Elenda, Saint of Dusk": 773, "Garna, Bloodfist of Keld": 1048, "Hajar, Loyal Bodyguard": 1202, "Jodah, the Unifier": 1449, "Kellan, the Kid": 1497, "Secluded Courtyard": 2360, "Sigarda, Font of Blessings": 2419, "Authority of the Consuls": 144, "Exemplar of Light": 845, "Fiendish Panda": 951, "Hinterland Sanctifier": 1307, "Elenda, Saint of Dusk_SB": 774, "Combat Research": 497, "Spectral Sailor": 2511, "Unsummon": 2966, "Brineborn Cutthroat_SB": 317, "Ertai's Scorn_SB": 825, "Flow of Knowledge_SB": 988, "Haughty Djinn_SB": 1233, "Urza's Rebuff_SB": 2988, "Heaped Harvest": 1249, "Hero's Downfall": 1283, "Liliana, Dreadhorde General": 1600, "Temple of Malady": 2694, "Temple of Plenty": 2697, "Temple of Silence": 2698, "Mortify_SB": 1794, "White Sun's Twilight_SB": 3133, "Azure Beastbinder_SB": 156, "Arid Archway": 108, "Felidar Retreat": 936, "Herald of Eternal Dawn": 1272, "Loot, Exuberant Explorer": 1627, "Mossborn Hydra": 1795, "Demolition Field_SB": 637, "Giant Cindermaw_SB": 1088, "Nurturing Pixie": 1864, "Tithing Blade": 2845, "Fade from History_SB": 874, "Bloodthirsty Conqueror": 247, "Heartflame Duelist": 1254, "Viashino Pyromancer": 3044, "Abraded Bluffs": 5, "Ball Lightning": 163, "Bloodfeather Phoenix": 239, "Grab the Prize": 1156, "Stoke the Flames": 2586, "Lyra Dawnbringer_SB": 1656, "Virtue of Courage_SB": 3055, "Abyssal Harvester_SB": 10, "Painter's Studio // Defaced Gallery_SB": 1951, "Dead Weight": 598, "Gixian Puppeteer": 1108, "Invasion of Amonkhet": 1398, "Revenge of the Rats": 2209, "Terror Ballista": 2706, "The Ancient One": 2717, "Razorlash Transmogrant_SB": 2130, "Reclamation Sage_SB": 2147, "Aetherize_SB": 23, "Elesh Norn, Mother of Machines": 776, "Kaito, Cunning Infiltrator": 1463, "Sphinx of Forgotten Lore": 2521, "Feldon's Cane_SB": 932, "Demonic Pact": 642, "Harmless Offering": 1224, "Torpor Orb_SB": 2864, "Ethereal Armor_SB": 839, "Cathar Commando": 400, "Knight of Grace": 1516, "Ajani, Caller of the Pride_SB": 35, "Requisition Raid": 2179, "Temple of Deceit": 2691, "Abrade": 3, "Sentinel of the Nameless City_SB": 2374, "Cathar Commando_SB": 401, "Elegant Parlor_SB": 772, "Thrun, Breaker of Silence": 2820, "Pawpatch Recruit_SB": 1964, "Obstinate Baloth_SB": 1877, "Day of Judgment_SB": 594, "Doubling Season": 699, "Subterranean Schooner_SB": 2607, "An Offer You Can't Refuse_SB": 54, "Trapped in the Screen_SB": 2878, "Scavenger's Talent": 2319, "Llanowar Greenwidow": 1614, "Dragonhawk, Fate's Tempest": 711, "Zurgo and Ojutai": 3202, "Final Showdown_SB": 960, "Virtue of Strength": 3062, "War Squeak": 3104, "Worldsoul's Rage": 3165, "Hero's Downfall_SB": 1284, "Blooming Blast": 251, "Coruscation Mage": 533, "Firebrand Archer": 964, "Vengeful Possession_SB": 3033, "Aspirant's Ascent": 125, "Bloated Contaminator": 233, "Bring the Ending": 318, "Distorted Curiosity": 677, "Enter the Enigma": 812, "Fleeting Reflection": 978, "Green Sun's Twilight": 1174, "High Stride": 1303, "Infectious Bite": 1364, "Ivy, Gleeful Spellthief": 1430, "Prologue to Phyresis": 2052, "Aspirant's Ascent_SB": 126, "Bring the Ending_SB": 319, "Distorted Curiosity_SB": 678, "Enter the Enigma_SB": 813, "Fleeting Reflection_SB": 979, "High Stride_SB": 1304, "Prologue to Phyresis_SB": 2053, "This Town Ain't Big Enough_SB": 2783, "Witness Protection_SB": 3162, "Fabrication Foundry": 873, "Fomori Vault": 994, "Fumigate": 1031, "The Mightstone and Weakstone": 2748, "Thran Spider": 2800, "Unstable Glyphbridge": 2961, "Hammerhand": 1212, "Unwanted Remake_SB": 2971, "Invasion of Regatha": 1411, "Slagstorm": 2458, "Sawblade Scamp": 2303, "Citanul Stalwart": 459, "Dwynen's Elite": 749, "Elvish Archdruid": 785, "Genesis Wave": 1062, "Imperious Perfect": 1356, "Leaf-Crowned Visionary": 1561, "Llanowar Loamspeaker": 1615, "Surrak and Goreclaw": 2637, "Tyvar the Bellicose": 2917, "Tyvar, the Pummeler": 2921, "Dwynen, Gilt-Leaf Daen_SB": 751, "Roaring Furnace // Steaming Sauna_SB": 2235, "Unsummon_SB": 2967, "Terror of the Peaks": 2709, "Dazzling Denial": 596, "Empyrean Eagle": 792, "Healer's Hawk": 1248, "Anim Pakal, Thousandth Moon": 66, "Jirina, Dauntless General": 1447, "Deathmark_SB": 610, "Joust Through_SB": 1455, "Knight of Grace_SB": 1517, "Raise the Past_SB": 2096, "Insidious Roots": 1380, "Kitsa, Otterball Elite": 1510, "Skyfisher Spider": 2451, "Arcanis the Omnipotent_SB": 88, "Feed the Cycle_SB": 927, "Insidious Fungus_SB": 1379, "Stab_SB": 2552, "Toby, Beastie Befriender": 2848, "Buried in the Garden": 342, "Clifftop Lookout": 473, "Fecund Greenshell": 924, "Invasion of Zendikar": 1418, "Tender Wildguide": 2702, "Refute": 2157, "Unwanted Remake": 2970, "Curator of Destinies_SB": 571, "Sheoldred_SB": 2397, "Chimil, the Inner Sun_SB": 446, "Pilfer_SB": 2006, "Urborg Scavengers_SB": 2982, "Annex Sentry_SB": 70, "Coiling Rebirth": 481, "Cynical Loner": 579, "Etali, Primal Conqueror": 833, "Driver of the Dead": 729, "Gatekeeper of Malakir": 1058, "Ichor Drinker": 1345, "Infestation Sage": 1367, "Kalastria Highborn": 1467, "Nullpriest of Oblivion": 1863, "Pulse Tracker": 2063, "Vampire Nighthawk": 3015, "Vengeful Bloodwitch": 3031, "Undergrowth Recon": 2936, "Walk-In Closet // Forgotten Cellar": 3102, "Brineborn Cutthroat": 316, "Lost Jitte": 1637, "An Offer You Can't Refuse": 53, "Carnelian Orb of Dragonkind": 381, "Invasion of Tarkir": 1413, "Sarkhan, Soul Aflame": 2297, "Stingerback Terror": 2578, "Twinflame Tyrant": 2904, "Omniscience": 1893, "Drag to the Roots_SB": 709, "Ferocification_SB": 945, "Audacity_SB": 139, "Cease // Desist": 414, "Stormsplitter": 2596, "Starfall Invocation": 2558, "Hard-Hitting Question": 1220, "Hard-Hitting Question_SB": 1221, "Ashroot Animist": 124, "Lukka, Bound to Ruin": 1642, "Polukranos Reborn": 2026, "Ruby, Daring Tracker": 2257, "Muerra, Trash Tactician_SB": 1805, "Soulless Jailer_SB": 2497, "Greed's Gambit": 1171, "Rankle's Prank": 2114, "Molten Collapse_SB": 1771, "Sire of Seven Deaths_SB": 2433, "Desecration Demon": 647, "Lay Down Arms_SB": 1558, "Overlord of the Floodpits_SB": 1930, "Boros Charm_SB": 276, "Luminous Rebuke": 1646, "Primal Might": 2041, "Arcanis the Omnipotent": 87, "Ajani's Pridemate": 33, "Arahbo, the First Fang": 83, "Banishing Light": 171, "Joust Through": 1454, "Prideful Parent": 2040, "Regal Caracal": 2161, "Savannah Lions": 2300, "Skyknight Squire": 2453, "Banishing Light_SB": 172, "Claws Out_SB": 469, "Starscape Cleric": 2560, "Bladecoil Serpent_SB": 218, "Tinybones, Bauble Burglar": 2835, "Sphinx of Forgotten Lore_SB": 2522, "Ashnod's Intervention": 123, "Barbed Batterfist": 176, "Bloodfeather Phoenix_SB": 240, "Koma, World-Eater": 1526, "The Elder Dragon War": 2722, "Valgavoth, Terror Eater_SB": 3000, "Fear of Impostors_SB": 909, "Smash to Dust_SB": 2470, "Cityscape Leveler": 460, "Sire of Seven Deaths": 2432, "Searslicer Goblin": 2347, "Stromkirk Noble": 2603, "Reclamation Sage": 2146, "Case of the Locked Hothouse_SB": 392, "Deeproot Wayfinder": 621, "Fountainport_SB": 1014, "Restless Cottage_SB": 2192, "Witness Protection": 3161, "Calamity's Wake_SB": 359, "Archangel of Tithes": 91, "Boon-Bringer Valkyrie": 272, "Giada, Font of Hope": 1085, "Guardian of Ghirapur": 1193, "Lyra Dawnbringer": 1655, "Resplendent Angel": 2182, "Youthful Valkyrie": 3183, "Grand Entryway // Elegant Rotunda": 1163, "Moment of Craving_SB": 1775, "Surrak, the Hunt Caller": 2641, "Wildborn Preserver_SB": 3137, "Archmage of Runes": 99, "Curate": 570, "Ertai's Scorn": 824, "Essence Scatter": 830, "Flow of Knowledge": 987, "Metamorphic Blast": 1720, "Unauthorized Exit": 2926, "Harrier Strix_SB": 1228, "Strix Lookout_SB": 2600, "The Tale of Tamiyo_SB": 2771, "Twist Reality_SB": 2906, "Midnight Mayhem": 1728, "Ratcatcher Trainee": 2119, "Scytheclaw Raptor_SB": 2341, "Abandoned Campground": 0, "Guardian of the Great Door": 1195, "Lonely Arroyo": 1620, "Norn's Inquisitor": 1855, "Spring-Loaded Sawblades": 2543, "Elas il-Kor, Sadistic Pilgrim": 767, "Helpful Hunter": 1270, "Knight of Dawn's Light": 1512, "Raise the Past": 2095, "Enduring Tenacity_SB": 802, "Leyline of Hope_SB": 1577, "Burst Lightning_SB": 350, "Swiftblade Vindicator": 2645, "Commune with Evil": 502, "Leyline Axe": 1574, "Neglected Manor": 1827, "Sporogenic Infection": 2541, "Commune with Evil_SB": 503, "Fear of Missing Out_SB": 916, "Bulk Up": 339, "Chandra, Flameshaper": 426, "Massacre Wurm_SB": 1701, "Electrostatic Infantry": 770, "Impact Tremors": 1354, "Kindlespark Duo": 1502, "Ral's Reinforcements": 2105, "Rodeo Pyromancers": 2240, "The Autonomous Furnace": 2718, "Deadeye Duelist_SB": 600, "Skewer Slinger_SB": 2435, "Thunder Salvo_SB": 2822, "Fear of Being Hunted": 904, "Khenra Spellspear": 1501, "Frenzied Goblin_SB": 1018, "Hearthborn Battler": 1258, "Eaten Alive": 755, "Souls of the Lost": 2498, "Rottenmouth Viper_SB": 2251, "Prophetic Prism": 2055, "Basilisk Collar": 183, "Vampire Nighthawk_SB": 3016, "Runic Shot_SB": 2267, "Wrenn's Resolve": 3172, "Invasion of Tarkir_SB": 1414, "Razorlash Transmogrant": 2129, "Huskburster Swarm_SB": 1343, "Season of Loss_SB": 2352, "Hidetsugu's Second Rite": 1299, "Ghitu Lavarunner_SB": 1080, "Involuntary Employment_SB": 1422, "Boulderbranch Golem": 286, "Fierce Empath": 953, "Galewind Moose": 1044, "Gossip's Talent": 1155, "Gruff Triplets": 1189, "Insidious Fungus": 1378, "Lush Oasis": 1653, "Mirage Mesa": 1742, "Outcaster Greenblade": 1914, "Tyrranax Rex": 2915, "Sunshower Druid_SB": 2623, "Banner of Kinship": 173, "Baylen, the Haymaker": 189, "Blossoming Sands": 254, "Dewdrop Cure": 660, "Etched Cornfield": 836, "Hare Apparent": 1223, "Kayla's Reconstruction": 1484, "Wind-Scarred Crag": 3144, "Hinterland Sanctifier_SB": 1308, "Dragon Fodder": 710, "Griffnaut Tracker_SB": 1183, "Keldon Strike Team_SB": 1488, "Bartolom\u00e9 del Presidio": 180, "Forlorn Flats": 1005, "Midnight Reaper": 1729, "Nezumi Linkbreaker": 1835, "Snarling Gorehound": 2478, "Vampire Gourmand": 3014, "Deadly Riposte_SB": 606, "Soul-Shackled Zombie_SB": 2495, "Candy Trail": 369, "Desperate Bloodseeker": 650, "Marauding Blight-Priest": 1688, "Moment of Craving": 1774, "Murder": 1808, "Savor": 2301, "Servant of the Stinger": 2379, "Sanguine Indulgence_SB": 2293, "Aetherize": 22, "Peculiar Lighthouse": 1966, "Swiftwater Cliffs": 2648, "Tranquil Cove": 2871, "Tolarian Terror_SB": 2854, "Union of the Third Path_SB": 2950, "Contaminated Aquifer": 517, "Idyllic Beachfront": 1348, "Marauding Brinefang": 1689, "Portal to Phyrexia": 2031, "Soul-Guide Lantern": 2492, "Union of the Third Path": 2949, "Vanish into Eternity": 3019, "Vanish into Eternity_SB": 3020, "Agate-Blade Assassin": 27, "Jagged Barrens": 1439, "Outlaws' Fury": 1917, "Ravine Raider": 2125, "Scales of Shale": 2312, "Agate Assault_SB": 26, "Bake into a Pie_SB": 161, "Hazardous Blast_SB": 1242, "Azorius Guildgate": 154, "Beanstalk Wurm": 191, "Boros Guildgate": 277, "Circuitous Route": 458, "Dimir Guildgate": 664, "Expedition Map": 849, "Golgari Guildgate": 1150, "Gruul Guildgate": 1190, "Izzet Guildgate": 1434, "Maze's End": 1704, "Muldrotha, the Gravetide": 1806, "Orzhov Guildgate": 1906, "Rakdos Guildgate": 2097, "Selesnya Guildgate": 2370, "Simic Guildgate": 2429, "Tatyova, Benthic Druid": 2679, "Atraxa's Fall_SB": 135, "Brightblade Stoat_SB": 313, "Desperate Bloodseeker_SB": 651, "Savor_SB": 2302, "Thornwood Falls": 2789, "Coati Scavenger": 479, "Deadly Brew": 601, "Defiled Crypt // Cadaver Lab": 630, "Jungle Hollow": 1458, "Osseous Sticktwister": 1907, "Strangled Cemetery": 2597, "Gloomfang Mauler": 1126, "Live or Die": 1608, "Possessed Goat": 2033, "Scoured Barrens": 2328, "Shroudstomper": 2416, "Tocasia's Dig Site": 2849, "Vile Mutilator": 3048, "Elesh Norn": 775, "Goblin Surprise": 1142, "Irreverent Gremlin": 1426, "Krenko, Mob Boss": 1536, "Norin, Swift Survivalist": 1853, "Vicious Clown": 3046, "Ozolith, the Shattered Spire": 1944, "Ambush Wolf_SB": 50, "Dead Weight_SB": 599, "Fog of War_SB": 993, "Voracious Varmint_SB": 3085, "Coppercoat Vanguard_SB": 521, "Garna, Bloodfist of Keld_SB": 1049, "Arcane Proxy": 86, "Render Inert": 2171, "Minor Misstep_SB": 1740, "Royal Treatment_SB": 2255, "Karplusan Forest_SB": 1477, "Flamewake Phoenix_SB": 971, "Grand Entryway && Elegant Rotunda": 1162, "Drag the Canal_SB": 706, "Stingerback Terror_SB": 2579, "Scatter Ray_SB": 2316, "Argoth, Sanctum of Nature": 107, "Cosmic Rebirth": 536, "Elvish Regrower": 788, "Springbloom Druid": 2545, "Titania, Voice of Gaea": 2843, "Tolsimir, Midnight's Light": 2855, "The Huntsman's Redemption": 2735, "Stoic Sphinx_SB": 2585, "Twisted Fealty": 2907, "Aegis Turtle_SB": 18, "Temple of Malice": 2695, "Night of the Sweets' Revenge": 1837, "Welcome to Sweettooth": 3126, "Cosmium Confluence_SB": 539, "See Double_SB": 2361, "Volatile Fault_SB": 3075, "Vraska's Fall": 3092, "The Filigree Sylex_SB": 2731, "Crash Through": 546, "Drake Hatcher": 715, "Restless Spire": 2199, "Slick Sequence": 2465, "Feed the Swarm": 929, "Cryptic Coat_SB": 561, "Urgent Necropsy": 2984, "Alesha, Who Laughs at Fate": 43, "Aurelia, the Law Above": 141, "Immersturm Predator": 1351, "Perforating Artist": 1970, "Ruthless Lawbringer": 2272, "Voldaren Thrillseeker_SB": 3080, "Eaten by Piranhas_SB": 757, "Dwynen, Gilt-Leaf Daen": 750, "Lathril, Blade of the Elves": 1550, "Wildborn Preserver": 3136, "Assassin's Trophy_SB": 128, "Rite of Replication": 2219, "Knight of Dusk's Shadow_SB": 1515, "Swiftfoot Boots_SB": 2647, "Ajani, Caller of the Pride": 34, "Angel of Vitality": 63, "Leonin Vanguard": 1570, "Extinguish the Light_SB": 863, "Bonny Pall, Clearcutter_SB": 268, "Trygon Predator_SB": 2893, "Anthem of Champions": 79, "Armasaur Guide": 110, "Biogenic Upgrade": 207, "Charming Prince": 438, "Dazzling Angel": 595, "Felidar Savior": 938, "Felling Blow": 941, "Gnarlid Colony": 1130, "Good-Fortune Unicorn": 1154, "Inspiring Call": 1382, "Inspiring Paladin": 1384, "Mild-Mannered Librarian": 1734, "Pacifism": 1945, "Wary Thespian": 3115, "Wildwood Scourge": 3140, "Crawling Barrens": 548, "Mazemind Tome_SB": 1707, "Nine-Lives Familiar": 1842, "Voracious Greatshark": 3084, "Phyrexian Obliterator_SB": 1995, "Axebane Ferox_SB": 151, "Wrenn and Realmbreaker_SB": 3170, "Flourishing Bloom-Kin": 986, "Ghalta, Primal Hunger": 1074, "Hunter's Talent_SB": 1339, "Bandit's Talent_SB": 170, "Tinybones Joins Up_SB": 2834, "Silver Scrutiny_SB": 2425, "Atraxa, Grand Unifier_SB": 137, "Highway Robbery": 1305, "Urabrask": 2975, "Armored Armadillo": 111, "Elvish Archivist": 786, "Toadstool Admirer": 2847, "Calix, Guided by Fate_SB": 362, "Divine Resilience_SB": 688, "Unflinching Courage_SB": 2942, "Valorous Stance_SB": 3013, "Fiery Annihilation_SB": 955, "Urborg Scavengers": 2981, "Zetalpa, Primal Dawn": 3189, "Phyrexian Censor": 1987, "Phyrexian Vindicator": 1996, "Volatile Fault": 3074, "Seal from Existence_SB": 2344, "Stasis Snare_SB": 2563, "Bonehoard Dracosaur": 265, "Dragonlord's Servant": 712, "Incinerator of the Guilty": 1361, "Kolaghan Warmonger": 1523, "Rivaz of the Claw": 2223, "Tyrant of Kher Ridges": 2912, "Push // Pull_SB": 2065, "Chrome Host Seedshark": 450, "Ichormoon Gauntlet": 1346, "Jace Reawakened": 1435, "Jin-Gitaxias": 1446, "Temple of Epiphany": 2693, "Galvanize_SB": 1046, "Tocasia's Welcome": 2850, "Joint Exploration": 1453, "Vren, the Relentless": 3097, "Titania's Command_SB": 2842, "Long River's Pull_SB": 1625, "Burglar Rat": 341, "Halo Forager": 1209, "Hidden Necropolis": 1293, "Macabre Waltz": 1660, "Mindsplice Apparatus": 1737, "Painful Quandary": 1946, "Psychic Whorl": 2059, "Rune-Scarred Demon": 2265, "The Key to the Vault": 2743, "The Rollercrusher Ride_SB": 2758, "Titania, Voice of Gaea_SB": 2844, "Dawn's Truce": 590, "Colossal Rattlewurm": 494, "Creosote Heath": 551, "Desert's Due": 649, "Duelist of the Mind": 737, "Rattleback Apothecary": 2120, "Tatyova, Steward of Tides": 2680, "Tomb Trawler_SB": 2857, "Urza's Sylex_SB": 2991, "Inspiration from Beyond": 1381, "Chainsaw": 424, "Rakdos Joins Up": 2098, "Nashi, Searcher in the Dark_SB": 1822, "Realmbreaker, the Invasion Tree_SB": 2138, "Invasion of Tolvada": 1416, "Grand Abolisher_SB": 1161, "Filter Out_SB": 957, "Kutzil, Malamet Exemplar": 1542, "Runic Shot": 2266, "Herald of Eternal Dawn_SB": 1273, "Sun-Blessed Healer_SB": 2612, "Emberheart Challenger_SB": 791, "Squee, Dubious Monarch_SB": 2549, "Mortify": 1793, "Seeker's Folly": 2364, "Assimilation Aegis_SB": 130, "Coveted Falcon": 543, "Drag to the Bottom": 707, "Greed's Gambit_SB": 1172, "Valgavoth's Onslaught": 2997, "Stab": 2551, "Vinereap Mentor": 3049, "Invasion of Gobakhan": 1404, "Fiery Annihilation": 954, "Axebane Ferox": 150, "Ferocification": 944, "Dreadwing Scavenger": 722, "Broodspinner_SB": 330, "The Gitrog, Ravenous Ride_SB": 2732, "Collector's Cage": 487, "Sheoldred": 2392, "Invasion of Arcavios": 1400, "Make Your Own Luck": 1674, "Beseech the Mirror_SB": 198, "Heroic Reinforcements_SB": 1287, "Peerless Recycling_SB": 1967, "Ego Drain": 763, "Season of Loss": 2351, "Talion's Messenger_SB": 2672, "Stormcatch Mentor": 2592, "Wing Commando": 3146, "Bloodfell Caves": 241, "Deathcap Marionette": 609, "Reasonable Doubt": 2139, "Third Path Iconoclast": 2778, "Essence Scatter_SB": 831, "Kiora, the Rising Tide_SB": 1505, "Ruthless Negotiation": 2274, "Haunted Screen": 1238, "Prayer of Binding": 2036, "Cerebral Confiscation_SB": 421, "Furnace Reins": 1038, "Insatiable Avarice_SB": 1377, "Rona's Vortex_SB": 2246, "Bonny Pall, Clearcutter": 267, "River's Rebuke": 2224, "Koma, World-Eater_SB": 1527, "Primeval Bounty_SB": 2043, "River's Rebuke_SB": 2225, "Urza's Sylex": 2990, "Regal Caracal_SB": 2162, "Rat Out_SB": 2117, "Plains_SB": 2014, "Faebloom Trick_SB": 878, "Throne of the Grim Captain": 2817, "Drana and Linvala_SB": 717, "The Kenriths' Royal Funeral_SB": 2742, "Saiba Cryptomancer": 2284, "Zoetic Glyph_SB": 3194, "Seized from Slumber_SB": 2369, "Tyvar's Stand": 2918, "Inspiring Overseer": 1383, "Mischievous Pup": 1751, "Surgical Suite // Hospital Room": 2635, "Angel of Finality_SB": 62, "At Knifepoint": 133, "Fanatical Firebrand": 892, "Hellspur Brute": 1266, "Caught in the Crossfire_SB": 403, "Mourner's Surprise_SB": 1801, "Belligerent Yearling": 196, "Colossadactyl": 493, "Earthshaker Dreadmaw": 754, "Giant Cindermaw": 1087, "Itzquinth, Firstborn of Gishath": 1429, "Ixalli's Lorekeeper": 1432, "Rogue's Passage": 2241, "Scytheclaw Raptor": 2340, "Thrashing Brontodon": 2802, "Triumphant Chomp": 2890, "Armored Kincaller_SB": 113, "Badlands Revival": 159, "Bandit's Haul": 168, "Copper Host Crusher": 519, "Feed the Infection": 928, "Vinereap Mentor_SB": 3050, "Seize the Secrets": 2366, "Soured Springs": 2502, "Ankle Biter": 68, "Bilious Skulldweller": 204, "Fynn, the Fangbearer": 1040, "Infectious Inquiry": 1365, "Nimraiser Paladin": 1841, "The Dross Pits": 2721, "The Hunter Maze": 2734, "Kraul Whipcracker": 1531, "Wardens of the Cycle": 3108, "Regal Bunnicorn_SB": 2160, "Unflinching Courage": 2941, "Sanguine Evangelist_SB": 2292, "Sandstorm Salvager": 2288, "Autonomous Assembler": 146, "Quintorius Kand": 2078, "Luminous Rebuke_SB": 1647, "Dreamdew Entrancer_SB": 724, "Werefox Bodyguard": 3127, "Massacre Wurm": 1700, "Felidar Retreat_SB": 937, "Hired Claw_SB": 1310, "Stalactite Stalker": 2553, "Kayla's Command_SB": 1483, "Starfall Invocation_SB": 2559, "Spinner of Souls_SB": 2530, "Gisa, the Hellraiser_SB": 1099, "Dust Animus": 744, "Defabricate_SB": 623, "Steel Seraph_SB": 2573, "Dust Animus_SB": 745, "Get Out_SB": 1069, "Gumdrop Poisoner_SB": 1200, "Archangel of Tithes_SB": 92, "Demonic Counsel_SB": 639, "Jace Reawakened_SB": 1436, "Song of Totentanz_SB": 2484, "Warleader's Call_SB": 3112, "Callous Sell-Sword_SB": 365, "Shrouded Shepherd_SB": 2415, "Anointed Peacekeeper": 77, "Phyrexian Censor_SB": 1988, "Rat Out": 2116, "Bitter Reunion_SB": 212, "Canonized in Blood": 372, "Cemetery Recruitment": 417, "Diregraf Ghoul": 665, "Hungry Ghoul": 1337, "Mephitic Draught": 1718, "Offer Immortality": 1880, "Sanguine Syphoner": 2294, "Skeleton Archer": 2434, "Vampiric Rites": 3018, "The Rollercrusher Ride": 2757, "Grievous Wound": 1181, "Funeral Room // Awakening Hall_SB": 1034, "Rise of the Dark Realms_SB": 2217, "Seize the Spoils": 2367, "Raucous Carnival_SB": 2122, "Curious Forager": 572, "The Mycotyrant": 2753, "Thornvault Forager": 2788, "Sporogenic Infection_SB": 2542, "Scorn-Blade Berserker": 2327, "Imperious Perfect_SB": 1357, "Sandstorm Salvager_SB": 2289, "Tough Cookie_SB": 2866, "Urborg Repossession_SB": 2980, "Temple of Enlightenment": 2692, "Fumigate_SB": 1032, "Valkyrie's Call_SB": 3002, "Skystrike Officer": 2457, "Zephyr Sentinel": 3186, "Urza, Lord Protector": 2992, "Molten Duplication": 1772, "Restless Bivouac_SB": 2190, "Diabolic Intent": 662, "Lively Dirge_SB": 1610, "Blast Zone": 223, "Blossoming Tortoise": 255, "Cavernous Maw": 412, "Forgotten Monument": 1004, "Titania's Command": 2841, "Herbology Instructor": 1276, "Unidentified Hovership_SB": 2948, "Take Up the Shield_SB": 2668, "Arabella, Abandoned Doll_SB": 81, "Temple of Mystery": 2696, "Timely Interference": 2831, "Vesuvan Duplimancy": 3038, "Dive Down_SB": 684, "Scrawling Crawler_SB": 2333, "Hollow Marauder": 1314, "Overwhelming Remorse": 1939, "Stubborn Burrowfiend": 2604, "Dryad Militant_SB": 735, "Mockingbird_SB": 1766, "Chandra, Hope's Beacon_SB": 429, "Bristlebud Farmer": 321, "Charred Foyer && Warped Space_SB": 440, "Akawalli, the Seething Tower": 41, "Absolving Lammasu_SB": 6, "Dollmaker's Shop // Porcelain Gallery_SB": 692, "Coruscation Mage_SB": 534, "Fblthp, Lost on the Range": 901, "Weakstone's Subjugation": 3119, "Fblthp, Lost on the Range_SB": 902, "Proft's Eidetic Memory_SB": 2049, "Weakstone's Subjugation_SB": 3120, "Think Twice": 2776, "Micromancer_SB": 1727, "Bruse Tarl, Roving Rancher": 333, "Bottomless Pool && Locker Room": 282, "Tithing Blade_SB": 2846, "Hidetsugu's Second Rite_SB": 1300, "Invasion of Karsus_SB": 1409, "Mirror Room && Fractured Realm_SB": 1747, "Sword of Wealth and Power_SB": 2655, "Wildfire Howl_SB": 3138, "Zurgo and Ojutai_SB": 3203, "Halo Forager_SB": 1210, "Mabel, Heir to Cragflame_SB": 1659, "Soulstone Sanctuary_SB": 2501, "Ballyrush Banneret": 164, "Myrel, Shield of Argive_SB": 1814, "Siege Veteran_SB": 2417, "Ezrim, Agency Chief": 868, "Karn, Living Legacy": 1474, "Metropolis Reformer": 1724, "Krenko's Buzzcrusher_SB": 1535, "Silverback Elder_SB": 2426, "Final Vengeance_SB": 962, "Kellan, Inquisitive Prodigy": 1492, "Blood Spatter Analysis": 238, "Rundvelt Hordemaster": 2263, "Branchblight Stalker": 296, "Experimental Augury": 852, "Gitaxian Anatomist": 1100, "Goliath Hatchery": 1151, "Ichorspit Basilisk": 1347, "Lakeside Shack": 1547, "Maze's Mantle": 1705, "Meat Locker // Drowned Diner": 1708, "Mesmerizing Dose": 1719, "Paladin of Predation": 1952, "Plague Nurse": 2012, "Reject Imperfection": 2165, "Serum Snare": 2378, "Tainted Observer": 2666, "Tangled Islet": 2676, "Thrummingbird": 2819, "Tyrranax Atrocity": 2914, "Venomous Brutalizer": 3035, "Viral Spawning": 3053, "Vivisurgeon's Insight": 3068, "Angelic Intervention": 64, "Awaken the Woods": 149, "Omenpath Journey": 1892, "Poison Dart Frog": 2021, "Rampaging Baloths": 2109, "Migloz, Maze Crusher_SB": 1733, "Seraphic Steed": 2375, "Meticulous Excavation_SB": 1723, "Raging Battle Mouse": 2093, "Loran's Escape_SB": 1634, "Seeker's Folly_SB": 2365, "Realmbreaker, the Invasion Tree": 2137, "Murky Sewer": 1811, "Undead Sprinter_SB": 2931, "Deeproot Pilgrimage": 620, "Mistway Spy": 1762, "Vodalian Hexcatcher": 3070, "Crystal Grotto": 565, "Invasion of Kaldheim": 1407, "Pia Nalaar, Consul of Revival": 1997, "Doomsday Excruciator_SB": 695, "Gwenna, Eyes of Gaea": 1201, "Halana and Alena, Partners": 1204, "Inga and Esika": 1369, "Melira, the Living Cure": 1713, "Myrel, Shield of Argive": 1813, "Elesh Norn_SB": 778, "Hajar, Loyal Bodyguard_SB": 1203, "Surrak and Goreclaw_SB": 2638, "Getaway Glamer_SB": 1071, "Bottomless Pool // Locker Room": 284, "Necrogen Communion": 1823, "Vraska Joins Up": 3091, "Thirsting Roots_SB": 2781, "Guardian of New Benalia": 1194, "Heraldic Banner": 1274, "Defiled Crypt // Cadaver Lab_SB": 631, "Heraldic Banner_SB": 1275, "Karn's Sylex_SB": 1473, "The Stone Brain": 2765, "Decadent Dragon_SB": 614, "Vein Ripper": 3027, "Viashino Pyromancer_SB": 3045, "Aegis Turtle": 17, "Ivy, Gleeful Spellthief_SB": 1431, "Venerated Rotpriest_SB": 3030, "Jaya, Fiery Negotiator": 1441, "Grabby Giant": 1158, "Rite of the Dragoncaller": 2220, "Hulking Raptor": 1336, "Pugnacious Hammerskull": 2061, "Sword of Once and Future": 2652, "Battlefly Swarm": 188, "Seal from Existence": 2343, "Ghalta, Stampede Tyrant": 1076, "Solemn Simulacrum": 2480, "Invasion of Amonkhet_SB": 1399, "Beastie Beatdown": 192, "Annie Joins Up": 72, "Huatli, Poet of Unity": 1333, "Maha, Its Feathers Night_SB": 1672, "Thalia and The Gitrog Monster": 2713, "Surgical Suite && Hospital Room_SB": 2634, "Silver Scrutiny": 2424, "Island_SB": 1428, "Entity Tracker_SB": 815, "Rebel Salvo_SB": 2141, "Aether Channeler": 19, "Defiled Crypt && Cadaver Lab": 628, "Exuberant Fuseling": 867, "Thundertrap Trainer_SB": 2828, "Abuelo's Awakening": 7, "Kitsa, Otterball Elite_SB": 1511, "Rona, Herald of Invasion_SB": 2248, "Unnerving Grasp_SB": 2956, "Conspiracy Unraveler": 513, "Matzalantli, the Great Door": 1702, "Reenact the Crime": 2156, "Demonic Ruckus_SB": 645, "Impact Tremors_SB": 1355, "Cultivator's Caravan": 567, "Kona, Rescue Beastie": 1528, "Scene of the Crime": 2322, "Cankerbloom_SB": 371, "Adaptive Automaton": 14, "Three Tree Mascot": 2811, "Fear of Surveillance": 917, "Coveted Falcon_SB": 544, "Wishclaw Talisman_SB": 3152, "Smuggler's Surprise_SB": 2474, "Kambal, Profiteering Mayor": 1468, "Kaya, Spirits' Justice_SB": 1482, "Blasphemous Edict": 221, "Drown in Ichor": 731, "Whisper of the Dross": 3130, "Vraska's Fall_SB": 3093, "Defiler of Flesh": 633, "Garruk's Uprising": 1050, "Zul Ashur, Lich Lord": 3200, "Kraul Whipcracker_SB": 1532, "Muerra, Trash Tactician": 1804, "Invasion of Theros": 1415, "Oko, the Ringleader_SB": 1888, "Case of the Gateway Express_SB": 390, "Swooping Lookout": 2649, "Quick Draw_SB": 2076, "Palani's Hatcher": 1953, "Temple of Abandon": 2690, "Blasphemous Edict_SB": 222, "At Knifepoint_SB": 134, "Monstrous Rage_SB": 1788, "Kellan's Lightblades_SB": 1490, "Wilt-Leaf Liege_SB": 3143, "Lifecreed Duo": 1589, "Recruitment Officer_SB": 2151, "Time Stop": 2829, "Crumb and Get It": 555, "Fleeting Flight_SB": 977, "Trash the Town_SB": 2880, "Skrelv, Defector Mite_SB": 2443, "Agrus Kos, Spirit of Justice": 32, "Hauntwoods Shrieker": 1239, "Annie Flash, the Veteran_SB": 71, "Defiled Crypt && Cadaver Lab_SB": 629, "Mechanized Warfare": 1711, "Bottomless Pool // Locker Room_SB": 285, "The Princess Takes Flight_SB": 2754, "Anim Pakal, Thousandth Moon_SB": 67, "Mischievous Mystic": 1750, "Restless Reef_SB": 2196, "One with the Multiverse": 1896, "Walk with the Ancestors": 3101, "Meathook Massacre II_SB": 1710, "Thundering Falls_SB": 2824, "Repulsive Mutation": 2176, "Sylvan Scavenging_SB": 2658, "Razorkin Needlehead": 2127, "Highway Robbery_SB": 1306, "Intrepid Paleontologist": 1396, "Bolt Bend_SB": 260, "Wishclaw Talisman": 3151, "Vaultborn Tyrant_SB": 3025, "Feldon's Cane": 931, "Neutralize the Guards": 1831, "Treasure Map": 2882, "Ayli, Eternal Pilgrim": 153, "Disturbing Conversion": 680, "Shipwreck Dowser": 2400, "Abuelo's Awakening_SB": 8, "Builder's Talent_SB": 338, "Eerie Interference_SB": 762, "Founding the Third Path_SB": 1010, "Satoru, the Infiltrator": 2298, "Wilt-Leaf Liege": 3142, "Charge of the Mites": 436, "Expel the Interlopers": 850, "Binding Negotiation": 205, "Vraska, the Silencer": 3096, "Obstinate Baloth": 1876, "Bramble Familiar": 294, "Felonious Rage_SB": 943, "Sphinx of the Final Word_SB": 2523, "Rip, Spawn Hunter": 2214, "Funeral Room // Awakening Hall": 1033, "Outlaw Medic": 1916, "Legion Extruder": 1565, "Thousand Moons Smithy_SB": 2797, "Blightbelly Rat": 231, "Unnatural Restoration": 2953, "Carnivorous Canopy_SB": 382, "Whisper of the Dross_SB": 3131, "Dawn's Truce_SB": 591, "Dowsing Device": 703, "Gleaming Geardrake": 1118, "Saheeli, Filigree Master": 2282, "The Mycosynth Gardens": 2752, "Saheeli, Filigree Master_SB": 2283, "Scrawling Crawler": 2332, "Case of the Ransacked Lab": 394, "The Surgical Bay": 2767, "The Tale of Tamiyo": 2770, "Imprisoned in the Moon_SB": 1358, "Inquisitive Glimmer_SB": 1375, "Refute_SB": 2158, "Karumonix, the Rat King": 1478, "Persistent Marshstalker": 1974, "Argentum Masticore": 105, "Hall of Tagsin": 1207, "Hedron Archive": 1262, "Tomakul Honor Guard": 2856, "Gaea's Gift": 1042, "Trash the Town": 2879, "Untimely Malfunction": 2968, "Choking Miasma": 448, "Bite Down": 209, "Bite Down_SB": 210, "Corsair Captain": 532, "Lost Jitte_SB": 1638, "Blazing Crescendo_SB": 227, "Leonin Vanguard_SB": 1571, "Ruin-Lurker Bat_SB": 2260, "The Millennium Calendar_SB": 2750, "Veteran Survivor_SB": 3041, "Corrupted Conviction_SB": 531, "Deadly Brew_SB": 602, "Lich-Knights' Conquest": 1586, "Cheeky House-Mouse_SB": 444, "Dryad Militant": 734, "Trostani, Three Whispers": 2891, "Kutzil, Malamet Exemplar_SB": 1543, "Contagious Vorrac": 516, "Necrogen Rotpriest": 1824, "Armored Scrapgorger_SB": 115, "Invasion of Fiora_SB": 1403, "Malcolm, Alluring Scoundrel_SB": 1678, "Churning Reservoir": 454, "Magmatic Sprinter": 1668, "Sardian Cliffstomper": 2295, "Solphim, Mayhem Dominus": 2482, "The Monumental Facade": 2751, "Churning Reservoir_SB": 455, "Magmatic Sprinter_SB": 1669, "Monastery Swiftspear_SB": 1783, "Sardian Cliffstomper_SB": 2296, "Brazen Collector": 303, "Generous Plunderer": 1061, "Ojer Axonil, Deepest Might": 1883, "Trial of Agony": 2885, "Zoyowa's Justice": 3199, "Ancestors' Aid_SB": 58, "Leyline of Resonance_SB": 1579, "Slickshot Show-Off_SB": 2468, "Gaea's Gift_SB": 1043, "Give In to Violence_SB": 1102, "Scrapwork Mutt": 2331, "Cityscape Leveler_SB": 461, "Nahiri's Resolve_SB": 1817, "Back for Seconds": 157, "Eriette's Tempting Apple": 818, "Experimental Confectioner": 853, "Feed the Cauldron": 925, "Gingerbread Hunter": 1096, "Greta, Sweettooth Scourge": 1180, "Mintstrosity": 1741, "Return from the Wilds": 2207, "Scream Puff": 2334, "Spider Food": 2524, "Sweettooth Witch": 2644, "Three Bowls of Porridge": 2807, "Candy Grapple_SB": 368, "Fell_SB": 940, "Murder_SB": 1809, "Sugar Rush_SB": 2608, "Obyra, Dreaming Duelist": 1878, "Repel Calamity_SB": 2175, "Delney, Streetwise Lookout": 634, "Stroke of Midnight": 2601, "Pile On": 2003, "Call a Surprise Witness": 363, "Daggerfang Duo": 581, "Deathbloom Gardener": 608, "Hoarding Recluse": 1313, "Maha, Its Feathers Night": 1671, "Massacre Girl, Known Killer": 1698, "Moonstone Harbinger": 1792, "Pestilent Syphoner": 1977, "Ygra, Eater of All": 3179, "Drown in Ichor_SB": 732, "Rakdos, the Muscle": 2101, "Massacre Girl, Known Killer_SB": 1699, "Rakdos Joins Up_SB": 2099, "Rakdos, the Muscle_SB": 2102, "Ghalta and Mavren": 1073, "Hide in Plain Sight": 1296, "Manifest Dread": 1683, "Progenitus": 2050, "Threats Around Every Corner": 2805, "Crystal Barricade": 563, "Green Sun's Twilight_SB": 1175, "Break Down the Door": 306, "Bubble Smuggler": 336, "Cryptid Inspector": 562, "Cursed Windbreaker": 575, "Exit Specialist": 846, "Growing Dread": 1187, "Oblivious Bookworm": 1874, "Polukranos Reborn_SB": 2027, "Hazardroot Herbalist": 1243, "Head of the Homestead": 1246, "Rabbit Response": 2080, "Treeguard Duo": 2883, "Uncharted Haven": 2928, "Warren Elder": 3113, "Head of the Homestead_SB": 1247, "Grab the Prize_SB": 1157, "Stroke of Midnight_SB": 2602, "Dragonmaster Outcast": 713, "Hellspur Posse Boss": 1268, "Cynical Loner_SB": 580, "Hellspur Brute_SB": 1267, "Astor, Bearer of Blades": 131, "Bladehold War-Whip": 219, "Kellan, the Fae-Blooded": 1496, "Kemba, Kha Enduring": 1498, "Rebel Salvo": 2140, "Swiftfoot Boots": 2646, "Sword of Forge and Frontier": 2650, "Astor, Bearer of Blades_SB": 132, "Consuming Aberration": 515, "Knight of Dusk's Shadow": 1514, "No One Left Behind_SB": 1850, "Botanical Brawler": 280, "Dusk Legion Duelist": 741, "Railway Brawler": 2094, "Stocking the Pantry": 2582, "Tribute to the World Tree": 2887, "Collector's Cage_SB": 488, "Hop to It_SB": 1321, "Evolved Sleeper": 842, "Friendly Teddy": 1020, "Consumed by Greed_SB": 514, "Rankle's Prank_SB": 2115, "Barkform Harvester": 177, "Rampaging Spiketail": 2111, "Vorinclex": 3086, "Fae Flight_SB": 876, "Rush of Dread_SB": 2270, "Magebane Lizard": 1665, "Final Flourish_SB": 958, "Time Stop_SB": 2830, "Infectious Inquiry_SB": 1366, "Unnatural Restoration_SB": 2954, "Taii Wakeen, Perfect Shot": 2662, "Unruly Catapult": 2957, "Glassworks // Shattered Yard_SB": 1115, "Samut, Vizier of Naktamun": 2285, "Tribute to the World Tree_SB": 2888, "Hulking Metamorph": 1335, "Rest in Peace": 2185, "Surge Engine_SB": 2629, "Fake Your Own Death": 887, "Invasion of Ergamon": 1402, "Beastie Beatdown_SB": 193, "Break Out_SB": 308, "Ego Drain_SB": 764, "Hearthborn Battler_SB": 1259, "Vengeful Possession": 3032, "Repair and Recharge": 2174, "Step Between Worlds_SB": 2575, "Hexgold Halberd": 1289, "Skyfisher Spider_SB": 2452, "Kroxa and Kunoros": 1537, "Festerleech": 947, "Fallaji Archaeologist_SB": 890, "The Wandering Rescuer_SB": 2773, "Felidar Cub": 934, "Oracle of Tragedy": 1902, "Tarrian's Journal": 2678, "Dusk Rose Reliquary_SB": 743, "Felidar Cub_SB": 935, "Knight-Errant of Eos_SB": 1519, "Ruthless Lawbringer_SB": 2273, "Detective's Satchel": 656, "Torch the Witness": 2861, "Worldwalker Helm": 3166, "Forensic Gadgeteer_SB": 999, "Ice Out_SB": 1344, "Evolving Adaptive": 843, "Garruk's Uprising_SB": 1051, "Chart a Course_SB": 442, "Johann's Stopgap_SB": 1451, "Let's Play a Game_SB": 1573, "Surgical Suite && Hospital Room": 2633, "Quintorius Kand_SB": 2079, "Shrouded Shepherd": 2414, "Wandertale Mentor": 3103, "Vodalian Mindsinger_SB": 3071, "Soul Search": 2489, "Bonehoard Dracosaur_SB": 266, "Llanowar Elves_SB": 1613, "Ragged Playmate": 2091, "Trapped in the Screen": 2877, "Fear of Surveillance_SB": 918, "Grand Entryway // Elegant Rotunda_SB": 1164, "Norin, Swift Survivalist_SB": 1854, "Ragged Playmate_SB": 2092, "Think Twice_SB": 2777, "Take for a Ride_SB": 2669, "Fleeting Flight": 976, "Mosswood Dreadknight_SB": 1798, "Boltwave_SB": 262, "Enduring Courage_SB": 796, "War Squeak_SB": 3105, "Spirebluff Canal_SB": 2532, "Chandra, Flameshaper_SB": 427, "Blazing Crescendo": 226, "Ajani, Sleeper Agent": 37, "Glimmerlight": 1121, "Ashnod's Harvester": 122, "Warhost's Frenzy": 3110, "Geralf, the Fleshwright": 1064, "Geralf, the Fleshwright_SB": 1065, "Claim Jumper_SB": 464, "Mirrex_SB": 1746, "Tectonic Hazard": 2683, "Vraan, Executioner Thane": 3090, "Eaten Alive_SB": 756, "Rustler Rampage": 2271, "Wojek Investigator": 3163, "Recommission_SB": 2149, "Searslicer Goblin_SB": 2348, "Stormchaser's Talent_SB": 2594, "Phyrexian Missionary": 1992, "Cactarantula": 356, "Ojer Pakpatiq, Deepest Epoch": 1885, "Disturbing Conversion_SB": 681, "Enduring Vitality_SB": 804, "Koth, Fire of Resistance": 1529, "Lithomantic Barrage": 1606, "All Will Be One": 45, "Into the Fire": 1391, "Invasion of Karsus": 1408, "Ob Nixilis, Captive Kingpin": 1870, "Sentinel of Lost Lore": 2371, "Audience with Trostani_SB": 140, "Leyline of the Void": 1583, "Surgical Suite // Hospital Room_SB": 2636, "Defiler of Dreams_SB": 632, "Balustrade Wurm": 166, "Cosmic Hunger": 535, "Paranormal Analyst": 1955, "Vannifar, Evolved Enigma": 3023, "Fog Bank_SB": 992, "Talion, the Kindly Lord_SB": 2674, "Wylie Duke, Atiin Hero": 3175, "Omen Hawker": 1890, "Valgavoth's Onslaught_SB": 2998, "Extraordinary Journey": 865, "Gold Pan": 1146, "Extraordinary Journey_SB": 866, "Nurturing Pixie_SB": 1865, "Moonshaker Cavalry": 1791, "Pearl of Wisdom": 1965, "Balemurk Leech": 162, "Bashful Beastie": 182, "Cackling Slasher": 354, "Defiant Survivor": 627, "Fear of the Dark": 919, "Flesh Burrower": 980, "Give In to Violence": 1101, "Grasping Longneck": 1165, "Horrid Vigor": 1327, "Innocuous Rat": 1373, "Let's Play a Game": 1572, "Meathook Massacre II": 1709, "Wickerfolk Thresher": 3134, "Winter's Intervention": 3147, "Analyze the Pollen_SB": 56, "Bushwhack_SB": 352, "Mistbreath Elder_SB": 1759, "Polliwallop_SB": 2024, "Realmbreaker's Grasp_SB": 2136, "Stickytongue Sentinel_SB": 2577, "Tumbleweed Rising_SB": 2894, "Leyline of Transformation": 1581, "Saheeli's Lattice": 2281, "Hopeless Nightmare_SB": 1324, "Etali, Primal Storm_SB": 835, "Corpses of the Lost_SB": 527, "Adamant Will": 13, "Goldvein Pick": 1149, "Moment of Triumph": 1776, "Pilfer": 2005, "Public Thoroughfare": 2060, "Undying Malice": 2938, "Cancel_SB": 367, "Opt_SB": 1898, "Connecting the Dots_SB": 510, "Annihilating Glare": 73, "Fanatical Offering": 894, "Sword of Wealth and Power": 2654, "Makeshift Binding": 1675, "Jump Scare_SB": 1457, "Progenitus_SB": 2051, "Harvestrite Host": 1231, "Cut Short_SB": 578, "Family Reunion_SB": 891, "Dismal Backwater": 671, "Pelakka Wurm": 1968, "Extract a Confession_SB": 864, "Unauthorized Exit_SB": 2927, "Lassoed by the Law": 1548, "Mabel's Mettle": 1657, "Skulduggery": 2444, "Skulduggery_SB": 2445, "Minor Misstep": 1739, "Hopeful Vigil": 1322, "Central Elevator // Promising Stairs": 419, "Creeping Peeper": 550, "Dazzling Theater // Prop Room": 597, "Erratic Apparition": 821, "Fear of Abduction": 903, "Fear of Falling": 907, "Lionheart Glimmer": 1604, "Restricted Office // Lecture Hall": 2205, "Underwater Tunnel // Slimy Aquarium": 2937, "Stalked Researcher_SB": 2555, "Tunnel Surveyor_SB": 2898, "Ajani, Nacatl Pariah": 36, "Arena of Glory": 104, "Arid Mesa": 109, "Fable of the Mirror-Breaker": 870, "Flooded Strand": 981, "Galvanic Discharge": 1045, "Goblin Bombardment": 1135, "Guide of Souls": 1196, "Marsh Flats": 1696, "Ocelot Pride": 1879, "Phlage, Titan of Fire's Fury": 1982, "Ragavan, Nimble Pilferer": 2089, "Sacred Foundry": 2278, "Showdown of the Skalds": 2411, "Static Prison": 2564, "Thraben Charm": 2798, "Windswept Heath": 3145, "Drannith Magistrate_SB": 718, "Fear, Fire, Foes!_SB": 920, "Obsidian Charmaw_SB": 1875, "Orim's Chant_SB": 1904, "Showdown of the Skalds_SB": 2412, "Stony Silence_SB": 2588, "Surgical Extraction_SB": 2632, "Wear // Tear_SB": 3121, "Archon of Cruelty": 101, "Bloodstained Mire": 246, "Brazen Borrower": 301, "Counterspell": 542, "Faithless Looting": 886, "Fatal Push": 897, "Force of Negation": 995, "Misty Rainforest": 1763, "Persist": 1973, "Polluted Delta": 2025, "Psychic Frog": 2058, "Scalding Tarn": 2309, "Sink into Stupor": 2431, "Spell Snare": 2514, "Steam Vents": 2567, "Tamiyo, Inquisitive Student": 2675, "Thoughtseize": 2794, "Unearth": 2939, "Watery Grave": 3117, "Consign to Memory_SB": 512, "Fable of the Mirror-Breaker_SB": 871, "Harbinger of the Seas_SB": 1217, "Nihil Spellbomb_SB": 1839, "Stern Scolding_SB": 2576, "Blazing Rootwalla": 228, "Burning Inquiry": 344, "Detective's Phoenix": 655, "Flameblade Adept": 968, "Goblin Lore": 1139, "Hollow One": 1315, "Lightning Bolt": 1591, "Stomping Ground": 2587, "Street Wraith": 2598, "Vengevine": 3034, "Wooded Foothills": 3164, "Cursed Totem_SB": 574, "Meltdown_SB": 1715, "Barbarian Ring": 175, "Eidolon of the Great Revel": 765, "Flare of Duplication": 972, "Goblin Guide": 1138, "Lava Spike": 1554, "Rift Bolt": 2212, "Searing Blaze": 2345, "Skewer the Critics": 2436, "Skullcrack": 2447, "Sunbaked Canyon": 2613, "Ensnaring Bridge_SB": 810, "Faerie Macabre_SB": 881, "Smash to Smithereens_SB": 2471, "Amulet of Vigor": 52, "Arboreal Grazer": 85, "Boseiju, Who Endures": 278, "Crumbling Vestige": 557, "Dryad Arbor": 733, "Dryad of the Ilysian Grove": 736, "Echoing Deeps": 758, "Explore": 855, "Green Sun's Zenith": 1176, "Gruul Turf": 1192, "Hanweir Battlements": 1214, "Lotus Field": 1641, "Mirrorpool": 1749, "Otawara, Soaring City": 1911, "Primeval Titan": 2044, "Scapeshift": 2314, "Shifting Woodland": 2398, "Simic Growth Chamber": 2428, "Summoner's Pact": 2610, "Tolaria West": 2852, "Urza's Cave": 2986, "Urza's Saga": 2989, "Valakut, the Molten Pinnacle": 2994, "Vesuva": 3036, "Bojuka Bog_SB": 259, "Collector Ouphe_SB": 486, "Defense Grid_SB": 626, "Dismember_SB": 672, "Endurance_SB": 794, "Force of Vigor_SB": 996, "Tireless Tracker_SB": 2838, "Vampires' Vengeance_SB": 3017, "Blood Crypt": 235, "Dwarven Mine": 748, "Indomitable Creativity": 1363, "Jetmir's Garden": 1445, "Prismatic Ending": 2047, "Wrenn and Six": 3171, "Xander's Lounge": 3176, "Boseiju, Who Endures_SB": 279, "Damping Sphere_SB": 583, "Hurkyl's Recall_SB": 1340, "Toxic Deluge_SB": 2867, "Cling to Dust": 474, "Harbinger of the Seas": 1216, "Murktide Regent": 1810, "Preordain": 2039, "Thought Scour": 2791, "Engineered Explosives_SB": 807, "Mystical Dispute_SB": 1816, "Spell Pierce_SB": 2513, "The Meathook Massacre_SB": 2747, "Orcish Bowmasters": 1903, "Godless Shrine": 1145, "Phelia, Exuberant Shepherd": 1981, "Seasoned Pyromancer": 2357, "Thoughtseize_SB": 2795, "Wrath of the Skies_SB": 3167, "Den of the Bugbear": 646, "Devastating Summons": 657, "Foundry Street Denizen": 1011, "Goblin Bushwhacker": 1136, "Goblin Grenade": 1137, "Goblin Piledriver": 1141, "Legion Loyalist": 1567, "Mogg War Marshal": 1767, "Reckless Bushwhacker": 2142, "Skirk Prospector": 2437, "Sokenzan, Crucible of Defiance": 2479, "Blood Moon_SB": 237, "Magus of the Moon_SB": 1670, "Reality Hemorrhage_SB": 2134, "Shattering Spree_SB": 2389, "Tormod's Crypt_SB": 2863, "Ziatora's Proving Ground": 3191, "Terastodon_SB": 2703, "Veil of Summer_SB": 3026, "Consider": 511, "Graveyard Trespasser": 1166, "Exquisite Firecraft_SB": 858, "Searing Blood_SB": 2346, "Tunnel Ignus_SB": 2896, "Chained to the Rocks": 422, "Chained to the Rocks_SB": 423, "Ragavan, Nimble Pilferer_SB": 2090, "Vexing Bauble": 3042, "Colossal Skyturtle_SB": 495, "Generous Ent_SB": 1060, "Grist, the Hunger Tide_SB": 1186, "Hexdrinker_SB": 1288, "Giant Growth_SB": 1090, "Balmor, Battlemage Captain": 165, "Bria, Riptide Rogue": 312, "Freeze in Place": 1016, "Relic's Roar": 2168, "Run Away Together_SB": 2261, "Scalding Viper_SB": 2311, "Over the Edge_SB": 1921, "Poison Dart Frog_SB": 2022, "Slice from the Shadows": 2464, "Talion, the Kindly Lord": 2673, "Come Back Wrong": 499, "Glassworks // Shattered Yard": 1114, "Beamtown Beatstick": 190, "Celestial Armor": 416, "Diamond Pick-Axe": 663, "Sunfire Torch": 2619, "Carrot Cake_SB": 385, "Edgewall Inn": 761, "Goliath Hatchery_SB": 1152, "Hammerhand_SB": 1213, "Heartfire Hero_SB": 1252, "Inti, Seneschal of the Sun_SB": 1388, "Nettle Guard": 1829, "Pests of Honor": 1978, "Three Blind Mice": 2806, "Dauntless Dismantler_SB": 589, "Phoenix Chick_SB": 1984, "Sure Strike_SB": 2627, "Twinferno_SB": 2903, "Ancestors' Aid": 57, "Dwarven Forge-Chanter": 747, "Furious Bellow": 1035, "Ghitu Amplifier": 1078, "Heartfire Immolator": 1253, "Sure Strike": 2626, "Whiskerquill Scribe": 3129, "Brambleguard Captain": 295, "Defabricate": 622, "Fear of Burning Alive": 906, "Iron-Fist Pulverizer": 1425, "Johann, Apprentice Sorcerer": 1452, "Keldon Flamesage": 1487, "Kraum, Violent Cacophony": 1533, "Molten Tributary": 1773, "Nightwhorl Hermit": 1838, "Pyrotechnic Performer": 2068, "Razzle-Dazzler": 2133, "Snaremaster Sprite": 2477, "Stop Cold": 2589, "Thopter Mechanic": 2786, "Vesuvan Drifter": 3037, "Involuntary Cooldown_SB": 1421, "Kellan, Planar Trailblazer_SB": 1495, "Mishra's Command_SB": 1755, "Out of Air_SB": 1913, "Plan the Heist_SB": 2015, "Sleight of Hand_SB": 2463, "Trick Shot_SB": 2889, "Violent Urge_SB": 3052, "Harrier Strix": 1227, "The Filigree Sylex": 2730, "Gleaming Barrier": 1116, "Gleaming Barrier_SB": 1117, "Solemn Simulacrum_SB": 2481, "Hardened Escort": 1222, "Holy Cow": 1317, "Living Phone": 1611, "Unsettling Twins": 2959, "Feather of Flight_SB": 923, "Possessed Goat_SB": 2034, "Raccoon Rallier_SB": 2083, "Rogue's Passage_SB": 2242, "The Jolly Balloon Man_SB": 2741, "Unsettling Twins_SB": 2960, "Halo Hopper": 1211, "Charge of the Mites_SB": 437, "Hellspur Posse Boss_SB": 1269, "Grand Abolisher": 1160, "Unnerving Grasp": 2955, "Make Your Move_SB": 1673, "Fynn, the Fangbearer_SB": 1041, "Harbinger of the Tides": 1218, "Harbinger of the Tides_SB": 1219, "Pile On_SB": 2004, "Cat Collector": 399, "Bottomless Pool && Locker Room_SB": 283, "Growing Rites of Itlimoc": 1188, "Flowstone Infusion": 990, "Into the Roil": 1394, "Into the Roil_SB": 1395, "Ayara, Widow of the Realm": 152, "Arachnoid Adaptation": 82, "Throw from the Saddle": 2818, "Longstalk Brawl_SB": 1626, "Thrill of Possibility_SB": 2816, "Season of Gathering": 2349, "Warren Warleader": 3114, "Horrid Vigor_SB": 1328, "Lionheart Glimmer_SB": 1605, "Omnivorous Flytrap_SB": 1895, "Seasoned Warrenguard_SB": 2359, "Feldon, Ronom Excavator": 933, "Roc Hunter": 2236, "Scalding Viper": 2310, "Adventuring Gear_SB": 16, "Fear of Being Hunted_SB": 905, "Trial of Agony_SB": 2886, "Vicious Clown_SB": 3047, "Jump Scare": 1456, "Niko, Light of Hope": 1840, "Stalked Researcher": 2554, "Tunnel Surveyor": 2897, "Fear of Isolation_SB": 913, "Splash Portal_SB": 2536, "Demonic Pact_SB": 643, "Rite of the Dragoncaller_SB": 2221, "Valorous Stance": 3012, "Lodestone Needle": 1619, "Sawblade Skinripper_SB": 2305, "Zephyr Singer": 3187, "Grim Bauble": 1184, "Momentum Breaker": 1778, "Bleachbone Verge": 229, "Ride's End": 2210, "Wastewood Verge": 3116, "Willowrush Verge": 3141, "Oildeep Gearhulk": 1881, "Spell Pierce": 2512, "Oildeep Gearhulk_SB": 1882, "Outpace Oblivion_SB": 1918, "Afterburner Expert": 24, "Draconautics Engineer": 704, "Dredger's Insight": 727, "Loot, the Pathfinder": 1629, "Molt Tender": 1769, "Restless Spire_SB": 2200, "Sunbillow Verge": 2614, "Haunt the Network_SB": 1235, "Debris Beetle": 611, "Vein Ripper_SB": 3028, "Intimidation Tactics": 1389, "Ketramose, the New Dawn": 1499, "Thousand Moons Smithy": 2796, "Transmutation Font": 2876, "Braided Net_SB": 291, "Bartolom\u00e9 del Presidio_SB": 181, "Lunar Convocation_SB": 1650, "Bloodghast": 242, "Valley Rotcaller_SB": 3009, "Defend the Rider": 624, "Hazoret, Godseeker": 1245, "Gleeful Demolition_SB": 1120, "Monument to Endurance": 1789, "Cunning Coyote_SB": 569, "Playful Shove": 2017, "Boosted Sloop": 274, "Broadside Barrage": 326, "Captain Howler, Sea Scourge": 374, "Fearless Swashbuckler": 921, "Lifecraft Engine": 1588, "Marauding Mako": 1690, "Scrounging Skyray": 2339, "Unctus, Grand Metatect": 2929, "Bounce Off": 287, "Chandra, Spark Hunter": 430, "Riverpyre Verge": 2229, "Fuel the Flames_SB": 1027, "Brightglass Gearhulk": 315, "Overgrown Zealot": 1924, "Transit Mage": 2875, "Lightwheel Enhancements": 1596, "Momentum Breaker_SB": 1779, "Perilous Snare": 1971, "Repurposing Bay": 2178, "Spectacular Pileup": 2506, "Perilous Snare_SB": 1972, "Red Sun's Twilight_SB": 2152, "Nesting Bot": 1828, "Voyager Glidecar": 3088, "Chandra, Spark Hunter_SB": 431, "Coiling Rebirth_SB": 482, "Intimidation Tactics_SB": 1390, "Collision Course_SB": 492, "Mishra, Claimed by Gix": 1757, "Phyrexian Dragon Engine": 1989, "The Aetherspark_SB": 2716, "Invasion of Mercadia": 1410, "Sazacap's Brew": 2308, "Bounce Off_SB": 288, "Broadside Barrage_SB": 327, "Webstrike Elite": 3124, "Webstrike Elite_SB": 3125, "Bloated Contaminator_SB": 234, "Melira, the Living Cure_SB": 1714, "Gastal Thrillroller_SB": 1056, "Claim Jumper": 463, "Caelorna, Coral Tyrant_SB": 357, "Grim Bauble_SB": 1185, "Heliod, the Radiant Dawn": 1265, "Twinblade Blessing": 2901, "Quag Feast": 2071, "Amonkhet Raceway": 51, "Gas Guzzler": 1052, "The Speed Demon": 2762, "Soul of Windgrace": 2491, "Debris Beetle_SB": 612, "Pit Automaton": 2009, "Visage of Dread": 3064, "Aether Syphon_SB": 21, "The Last Ride_SB": 2745, "Visage of Dread_SB": 3065, "Thunderous Velocipede": 2825, "Riverchurn Monument": 2226, "Stock Up": 2580, "Expel the Interlopers_SB": 851, "Flotsam // Jetsam_SB": 985, "Burnout Bashtronaut": 346, "Count on Luck_SB": 541, "Optimistic Scavenger_SB": 1900, "Explosive Derailment_SB": 857, "Memory Guardian": 1716, "Mendicant Core, Guidelight": 1717, "Diversion Unit_SB": 686, "Greasewrench Goblin": 1168, "Agonasaur Rex": 30, "Sandstalker Moloch_SB": 2286, "Howlsquad Heavy": 1331, "Diversion Unit": 685, "Esoteric Duplicator": 827, "Riptide Gearhulk": 2215, "Voyage Home": 3087, "Monument to Endurance_SB": 1790, "Mu Yanling, Wind Rider": 1802, "The Aetherspark": 2715, "Gastal Thrillroller": 1055, "Mishra's Command": 1754, "Conduit of Worlds_SB": 507, "Tomik, Wielder of Law_SB": 2858, "Gastal Thrillseeker": 1057, "The Last Ride": 2744, "Ancient Vendetta_SB": 61, "The Speed Demon_SB": 2763, "Defend the Rider_SB": 625, "Lumbering Worldwagon": 1644, "Restless Anchorage_SB": 2188, "Mindspring Merfolk": 1738, "Overrun": 1937, "Demonic Junker": 640, "Nexus of Becoming": 1833, "Engine Rat": 805, "Gonti, Night Minister": 1153, "Teysa, Opulent Oligarch": 2712, "Gumdrop Poisoner": 1199, "Say Its Name_SB": 2307, "Spectral Interference_SB": 2510, "Muraganda Raceway": 1807, "Ratadrabik of Urborg": 2118, "Zephyr Singer_SB": 3188, "Spectacular Pileup_SB": 2507, "Full Throttle_SB": 1030, "Loot, the Key to Everything_SB": 1628, "Loot, the Pathfinder_SB": 1630, "Painful Quandary_SB": 1947, "Lassoed by the Law_SB": 1549, "Ride's End_SB": 2211, "Thalia and The Gitrog Monster_SB": 2714, "Zahur, Glory's Past": 3185, "Spring-Loaded Sawblades_SB": 2544, "Unstable Glyphbridge_SB": 2962, "Urza's Command_SB": 2987, "Dive Down": 683, "Basri, Tomorrow's Champion": 185, "Skyseer's Chariot_SB": 2455, "Third Path Iconoclast_SB": 2779, "Far Fortune, End Boss": 895, "Coalstoke Gearhulk_SB": 478, "Leaf-Crowned Visionary_SB": 1562, "Mossborn Hydra_SB": 1796, "Overrun_SB": 1938, "Wardens of the Cycle_SB": 3109, "Ancient Vendetta": 60, "Sword of Forge and Frontier_SB": 2651, "Locust Spray": 1618, "Blast Zone_SB": 224, "Become Brutes": 194, "The Elder Dragon War_SB": 2723, "Dropkick Bomber": 730, "Kellan, Inquisitive Prodigy_SB": 1493, "Veteran Survivor": 3040, "Quag Feast_SB": 2072, "Caradora, Heart of Alacria": 378, "Skyseer's Chariot": 2454, "Valor's Flagship": 3010, "Veteran Beastrider": 3039, "Invasion of Regatha_SB": 1412, "Regal Imperiosaur": 2163, "The Skullspore Nexus": 2760, "Intrepid Paleontologist_SB": 1397, "Ketramose, the New Dawn_SB": 1500, "Bringer of the Last Gift": 320, "Skitterbeam Battalion": 2439, "Terisian Mindbreaker": 2704, "Tyrox, Saurid Tyrant": 2913, "Voyager Glidecar_SB": 3089, "Fuel the Flames": 1026, "Skycrash": 2449, "Thopter Fabricator_SB": 2785, "Gastal Raider_SB": 1054, "Shoreline Looter": 2410, "Engine Rat_SB": 806, "Rampaging Raptor": 2110, "Agonasaur Rex_SB": 31, "Jodah, the Unifier_SB": 1450, "Essence Channeler_SB": 829, "Lunar Insight": 1651, "Dune Drifter": 738, "Coalstoke Gearhulk": 477, "Visage Bandit": 3063, "Waxen Shapethief": 3118, "Threadbind Clique": 2804, "Twining Twins": 2905, "Boommobile": 270, "Forging the Anchor": 1003, "Radiant Lotus": 2085, "The Mightstone and Weakstone_SB": 2749, "Goldvein Hydra_SB": 1148, "Boommobile_SB": 271, "Radiant Lotus_SB": 2086, "Bloodthorn Flail": 249, "Flamewake Phoenix": 970, "Cryptcaller Chariot_SB": 559, "Spiteful Hexmage_SB": 2534, "Riverchurn Monument_SB": 2227, "Riptide Gearhulk_SB": 2216, "Volley Veteran": 3081, "Thopter Fabricator": 2784, "Clamorous Ironclad": 467, "Furnace Host Charger": 1036, "Alania, Divergent Storm": 42, "Frolicking Familiar": 1021, "Wishing Well": 3153, "Resplendent Angel_SB": 2183, "Cephalopod Sentry": 420, "Tinker's Tote": 2832, "Haunt the Network": 1234, "Sorcerous Spyglass": 2485, "Demonic Junker_SB": 641, "Redshift, Rocketeer Chief": 2155, "Halana and Alena, Partners_SB": 1205, "Valor's Flagship_SB": 3011, "Tocasia's Welcome_SB": 2851, "Stall Out": 2556, "Stall Out_SB": 2557, "Gloryheath Lynx": 1128, "Sovereign Okinec Ahau": 2503, "The Raven Man": 2755, "The Raven Man_SB": 2756, "Broodheart Engine": 328, "Marketback Walker": 1694, "Sab-Sunen, Luxa Embodied": 2276, "Simian Simulacrum": 2427, "Sylvan Scavenging": 2657, "Bat Colony": 186, "Calamitous Cave-In": 358, "Gargantuan Leech": 1047, "Hidden Volcano": 1295, "Promising Vein": 2054, "Boom Box": 269, "Broadcast Rambler": 325, "Conduit of Worlds": 506, "Possession Engine": 2035, "Leyline Binding_SB": 1576, "Bulwark Ox": 340, "Reluctant Role Model": 2169, "Reluctant Role Model_SB": 2170, "The Goose Mother": 2733, "Mold Adder_SB": 1768, "Marketback Walker_SB": 1695, "Daretti, Rocketeer Engineer": 584, "Threefold Thunderhulk": 2813, "Tune Up": 2895, "Meteor Golem_SB": 1721, "Burnout Bashtronaut_SB": 347, "Gastal Raider": 1053, "Oviya, Automech Artisan": 1943, "Market Gnome_SB": 1693, "The Skullspore Nexus_SB": 2761, "Cosmium Confluence": 538, "Festival of Embers": 948, "Hidden Nursery": 1294, "Skycrash_SB": 2450, "Nexus of Becoming_SB": 1834, "Akal Pakal, First Among Equals_SB": 40, "Collector's Vault_SB": 490, "Thran Spider_SB": 2801, "Sab-Sunen, Luxa Embodied_SB": 2277, "Earthrumbler": 753, "Deepfathom Echo": 619, "Forensic Researcher": 1000, "Oko, the Ringleader": 1887, "Chitin Gravestalker": 447, "Starving Revenant_SB": 2562, "Steamcore Scholar_SB": 2569, "Ojer Pakpatiq, Deepest Epoch_SB": 1886, "Lavaspur Boots_SB": 1556, "Thunderous Velocipede_SB": 2826, "Fear of Infinity_SB": 911, "Stock Up_SB": 2581, "Dredger's Insight_SB": 728, "Fauna Shaman_SB": 900, "Sunder the Gateway": 2615, "Overwhelming Remorse_SB": 1940, "Barrow Naughty": 179, "Drag the Canal": 705, "Faerie Slumber Party": 884, "Mocking Sprite": 1764, "Spellscorn Coven": 2519, "Talion's Messenger": 2671, "Coerced to Kill": 480, "Etrata, Deadly Fugitive": 840, "Unstoppable Plan_SB": 2963, "Hoarding Broodlord": 1312, "Shadow-Rite Priest": 2381, "Training Grounds": 2870, "Nahiri's Warcrafting_SB": 1818, "Baral and Kari Zev": 174, "Enigma Drake": 808, "Eroded Canyon": 819, "Brightfield Glider": 314, "Congregation Gryff": 509, "Giant Beaver": 1086, "Lagorin, Soul of Alacria": 1545, "Miriam, Herd Whisperer": 1743, "Ornery Tumblewagg": 1905, "Trained Arynx": 2869, "Run Over_SB": 2262, "Reject Imperfection_SB": 2166, "Vivisurgeon's Insight_SB": 3069, "Night Market": 1836, "Stockpiling Celebrant": 2583, "Carrion Locust_SB": 383, "Skullcap Snail_SB": 2446, "Stockpiling Celebrant_SB": 2584, "Akal Pakal, First Among Equals": 39, "Forensic Gadgeteer": 998, "Deduce_SB": 616, "Wreck Remover_SB": 3168, "Brave the Wilds": 300, "Fountainport Bell": 1013, "Guidelight Optimizer": 1197, "Oaken Siren": 1867, "Machine Over Matter_SB": 1661, "Armored Scrapgorger": 114, "Spinewoods Paladin": 2528, "Malcator, Purity Overseer": 1676, "Phyrexian Missionary_SB": 1993, "Tranquil Cove_SB": 2872, "Crumb and Get It_SB": 556, "Exsanguinate_SB": 860, "Exsanguinate": 859, "Flame Lash": 967, "Syr Ginger, the Meal Ender_SB": 2661, "Legion Extruder_SB": 1566, "Blightstep Pathway": 232, "Bloodtithe Harvester": 250, "Extinction Event": 861, "Mutavault": 1812, "Urborg, Tomb of Yawgmoth": 2983, "Anger of the Gods_SB": 65, "Extinction Event_SB": 862, "Fatal Push_SB": 898, "Gifted Aetherborn_SB": 1091, "Invoke Despair_SB": 1420, "Unlicensed Hearse_SB": 2952, "Castle Locthwain": 398, "Clearwater Pathway": 471, "Field of Ruin": 950, "Geier Reach Sanitarium": 1059, "Hall of Storm Giants": 1206, "Hive of the Eye Tyrant": 1311, "Narset, Parter of Veils": 1819, "Omen of the Sea": 1891, "Paradoxical Outcome": 1954, "Shipwreck Marsh": 2401, "Takenuma, Abandoned Mire": 2670, "The Meathook Massacre": 2746, "Annul_SB": 74, "Ashiok, Dream Render_SB": 118, "Weathered Runestone_SB": 3123, "Yorion, Sky Nomad_SB": 3181, "Blade of the Oni": 217, "Go Blank_SB": 1132, "Hidetsugu Consumes All_SB": 1297, "Fetid Pools": 949, "Yorion, Sky Nomad": 3180, "Arclight Phoenix": 103, "Fiery Impulse": 956, "Izzet Charm": 1433, "Lightning Axe": 1590, "Prismari Command": 2045, "Spikefield Hazard": 2525, "Stormcarved Coast": 2591, "Treasure Cruise": 2881, "Aether Gust_SB": 20, "Bishop of Wings": 208, "Branchloft Pathway": 297, "Cave of the Frost Dragon": 409, "Collected Company": 483, "Eiganjo, Seat of the Empire": 766, "Nykthos, Shrine to Nyx": 1866, "Overgrown Farmland": 1922, "Portable Hole": 2029, "Resplendent Marshal": 2184, "Righteous Valkyrie": 2213, "Skyclave Apparition": 2448, "Temple Garden": 2689, "Archon of Absolution_SB": 100, "Brave the Elements_SB": 299, "Brutal Cathar_SB": 335, "Heroic Intervention_SB": 1285, "Reidane, God of the Worthy_SB": 2164, "Shapers' Sanctuary_SB": 2384, "Cragcrown Pathway": 545, "Ramunap Ruins": 2112, "Reckless Rage": 2145, "Soul-Scar Mage": 2494, "Redcap Melee_SB": 2153, "Cavalier of Thorns": 408, "Elvish Mystic": 787, "Kiora, Behemoth Beckoner": 1503, "Lair of the Hydra": 1546, "Leyline of the Guildpact": 1582, "Oath of Nissa": 1869, "Old-Growth Troll": 1889, "Storm the Festival": 2590, "Ulvenwald Oddity": 2923, "Arasta of the Endless Web_SB": 84, "Emrakul, the Promised End_SB": 793, "Setessan Petitioner_SB": 2380, "Ledger Shredder": 1564, "Riverglide Pathway": 2228, "Brazen Borrower_SB": 302, "Prismari Command_SB": 2046, "Ashiok, Nightmare Muse_SB": 119, "Foreboding Ruins": 997, "Invoke Despair": 1419, "Kroxa, Titan of Death's Hunger": 1538, "Kolaghan's Command_SB": 1524, "Claim // Fame": 462, "Infuriate": 1368, "Kumano Faces Kakkazan": 1539, "Claim the Firstborn_SB": 466, "Grafdigger's Cage_SB": 1159, "Hazoret the Fervent_SB": 1244, "Experimental Frenzy_SB": 854, "Krenko's Buzzcrusher": 1534, "Collective Brutality": 484, "Faithful Mending": 885, "Greasefang, Okiba Boss": 1167, "Hallowed Fountain": 1208, "Parhelion II": 1956, "Raffine's Tower": 2088, "Shattered Sanctum": 2388, "Skysovereign, Consul Flagship": 2456, "Stubborn Denial": 2605, "Tainted Indulgence": 2665, "Vanishing Verse": 3021, "Deafening Silence_SB": 607, "Dovin's Veto_SB": 702, "Silence_SB": 2420, "Vanishing Verse_SB": 3022, "Breeding Pool": 311, "Enigmatic Incarnation": 809, "Indatha Triome": 1362, "Linvala, the Preserver": 1603, "Overgrown Tomb": 1923, "Savai Triome": 2299, "Spara's Headquarters": 2504, "Zagoth Triome": 3184, "Archon of Emeria_SB": 102, "Knockout Blow_SB": 1520, "Ruric Thar, the Unbowed_SB": 2268, "Thought Distortion_SB": 2790, "Cauldron Familiar": 404, "Claim the Firstborn": 465, "Deadly Dispute": 605, "Mayhem Devil": 1703, "Witch's Oven": 3156, "Ob Nixilis, the Adversary_SB": 1871, "Darksteel Citadel": 588, "Ensoul Artifact": 811, "Shrapnel Blast": 2413, "Smuggler's Copter": 2472, "Voldaren Epicure": 3078, "Rending Volley_SB": 2173, "Shadowspear_SB": 2382, "Voltage Surge_SB": 3082, "Haunted Ridge": 1237, "Colossus Hammer": 496, "Eldritch Evolution": 769, "Mana Confluence": 1682, "Raffine's Informant": 2087, "Sigarda's Aid": 2418, "Soulflayer": 2496, "Sylvan Caryatid": 2656, "Bloodline Culling_SB": 245, "Collective Brutality_SB": 485, "Portable Hole_SB": 2030, "Burner Rocket": 343, "Cloudspire Skycycle": 476, "Dynamite Diver": 752, "Guidelight Synergist": 1198, "Kolodin, Triumph Caster": 1525, "Count on Luck": 540, "Frenzied Goblin": 1017, "Doubling Season_SB": 700, "Fanatical Firebrand_SB": 893, "Howlsquad Heavy_SB": 1332, "Reckless Lackey_SB": 2144, "Rundvelt Hordemaster_SB": 2264, "District Mascot": 679, "Shivan Devastator": 2402, "Zimone, Paradox Sculptor": 3192, "Tyvar, the Pummeler_SB": 2922, "Zopandrel, Hunger Dominus_SB": 3196, "Aurelia, the Warleader": 142, "Gilded Ghoda": 1094, "Bonecrusher Giant": 263, "Burning-Tree Emissary": 345, "Chandra, Torch of Defiance": 432, "Collision // Colossus": 491, "Gruul Spellbreaker": 1191, "Kami's Flare": 1471, "Pelt Collector": 1969, "Voltaic Brawler": 3083, "Zhur-Taa Goblin": 3190, "Bonecrusher Giant_SB": 264, "Chandra, Torch of Defiance_SB": 433, "Cindervines_SB": 457, "Kami's Flare_SB": 1472, "Roiling Vortex_SB": 2244, "Barrier Breach_SB": 178, "Leyline of Sanctity_SB": 1580, "Dawnwing Marshal": 592, "Fear of Infinity": 910, "Furnace Punisher_SB": 1037, "Laughing Jasper Flint_SB": 1553, "Rocky Roads": 2239, "Lumbering Worldwagon_SB": 1645, "Cosmic Rebirth_SB": 537, "Goblin Oriflamme": 1140, "Drake Hatcher_SB": 716, "Eddymurk Crab_SB": 760, "Spectral Interference": 2509, "Mondrak, Glory Dominus_SB": 1784, "Mimeoplasm, Revered One": 1735, "Map the Frontier": 1686, "No Witnesses_SB": 1852, "Devouring Sugarmaw": 658, "Amalia Benavides Aguirre_SB": 49, "Elas il-Kor, Sadistic Pilgrim_SB": 768, "Fiendish Panda_SB": 952, "Knight of Dawn's Light_SB": 1513, "Become Brutes_SB": 195, "Cindering Cutthroat_SB": 456, "Ravine Raider_SB": 2126, "Risky Shortcut_SB": 2218, "Spin Out_SB": 2526, "Steampath Charger_SB": 2570, "Etched Familiar": 837, "Winter, Cursed Rider": 3148, "Radiant Grove": 2084, "Streetwise Negotiator_SB": 2599, "Divine Resilience": 687, "Greenhouse // Rickety Gazebo": 1177, "Mirror Room // Fractured Realm": 1748, "Silken Strength": 2423, "Herd Migration_SB": 1280, "Armored Armadillo_SB": 112, "Gixian Infiltrator_SB": 1107, "Kykar, Zephyr Awakener": 1544, "Realm-Scorcher Hellkite": 2135, "Sentinel of Lost Lore_SB": 2372, "Spyglass Siren_SB": 2547, "Lathril, Blade of the Elves_SB": 1551, "The Huntsman's Redemption_SB": 2736, "Gloryheath Lynx_SB": 1129, "Threefold Thunderhulk_SB": 2814, "Primeval Bounty": 2042, "Cryptcaller Chariot": 558, "Disenchant": 667, "Captain Howler, Sea Scourge_SB": 375, "Gigantosaurus": 1092, "Llanowar Stalker": 1616, "Ghalta, Primal Hunger_SB": 1075, "Gigantosaurus_SB": 1093, "Thirsting Roots": 2780, "Mindsparker_SB": 1736, "Cursed Recording_SB": 573, "Meeting of Minds": 1712, "Rangers' Refueler": 2113, "Steel Hellkite_SB": 2571, "Karn, Living Legacy_SB": 1475, "The Everflowing Well": 2729, "The Stasis Coffin": 2764, "Kellan Joins Up": 1489, "Ovika, Enigma Goliath_SB": 1942, "Quaketusk Boar": 2073, "Bestow Greatness_SB": 199, "Leaping Ambush": 1563, "Raucous Theater_SB": 2124, "Flowstone Infusion_SB": 991, "Alesha, Who Laughs at Fate_SB": 44, "Lazav, Wearer of Faces_SB": 1560, "Harmless Offering_SB": 1225, "Return Triumphant": 2206, "Souls of the Lost_SB": 2499, "Slickshot Lockpicker_SB": 2466, "Flashfreeze": 973, "Synchronized Charge": 2659, "Heritage Reclamation_SB": 1282, "Magmatic Hellkite_SB": 1667, "Interface Ace": 1386, "Sunpearl Kirin": 2621, "Elspeth, Storm Slayer": 781, "Cori Mountain Monastery": 523, "Dispelling Exhale": 673, "Jeskai Revelation": 1443, "Marang River Regent": 1687, "Shiko, Paragon of the Way": 2399, "Rally the Monastery": 2108, "Surrak, Elusive Hunter": 2639, "Surrak, Elusive Hunter_SB": 2640, "Cori-Steel Cutter": 524, "Jeskai Revelation_SB": 1444, "Voice of Victory_SB": 3073, "Herd Heirloom": 1278, "Sage of the Skies_SB": 2280, "Elspeth, Storm Slayer_SB": 782, "United Battlefront": 2951, "Sandsteppe Citadel": 2287, "Skirmish Rhino": 2438, "Desperate Measures": 652, "Rot-Curse Rakshasa": 2249, "Winternight Stories": 3149, "Tersa Lightshatter": 2710, "Glacial Dragonhunt": 1109, "Auroral Procession": 143, "Opulent Palace": 1901, "Rakshasa's Bargain": 2103, "Mistrise Village": 1760, "Tersa Lightshatter_SB": 2711, "Roiling Dragonstorm": 2243, "Gilded Lotus_SB": 1095, "Static Snare": 2565, "Tempest Hawk": 2688, "Frontline Rush": 1024, "Cori-Steel Cutter_SB": 525, "Rediscover the Way": 2154, "Kishla Village": 1506, "Restless Vents_SB": 2202, "Dalkovan Encampment": 582, "Fresh Start_SB": 1019, "Mystic Monastery": 1815, "Frostcliff Siege": 1025, "Duty Beyond Death_SB": 746, "Frontier Bivouac": 1022, "Two-Headed Hunter_SB": 2911, "Qarsi Revenant_SB": 2070, "Caustic Exhale": 407, "Disruptive Stormbrood": 674, "Dragonologist": 714, "Scavenger Regent": 2317, "Scavenger Regent_SB": 2318, "Qarsi Revenant": 2069, "Spectral Denial": 2508, "Overwhelming Surge_SB": 1941, "Wild Ride": 3135, "Fleeting Effigy": 975, "Corroding Dragonstorm": 528, "Voice of Victory": 3072, "Clarion Conqueror_SB": 468, "Bleachbone Verge_SB": 230, "Sage of the Skies": 2279, "Heritage Reclamation": 1281, "Unscrupulous Agent": 2958, "Craterhoof Behemoth": 547, "Rakshasa's Bargain_SB": 2104, "Helga, Skittish Seer": 1263, "Helga, Skittish Seer_SB": 1264, "Mistrise Village_SB": 1761, "Unending Whisper": 2940, "Harried Spearguard": 1226, "Toxin Analysis_SB": 2868, "Case of the Pilfered Proof": 393, "Coordinated Maneuver_SB": 518, "Winternight Stories_SB": 3150}}